# Blender 4.5.3 LTS
# www.blender.org
mtllib plechovka150Front.mtl
o mesh
v -0.475000 0.375000 0.057223
v -0.465000 0.375000 0.057223
v -0.455000 0.375000 0.057223
v -0.625000 0.385000 0.150086
v -0.615000 0.385000 0.150086
v -0.605000 0.385000 0.150086
v -0.595000 0.385000 0.150086
v -0.585000 0.385000 0.150086
v -0.575000 0.385000 0.150086
v -0.565000 0.385000 0.150086
v -0.555000 0.385000 0.150086
v -0.545000 0.385000 0.150086
v -0.535000 0.385000 0.150086
v -0.525000 0.385000 0.154776
v -0.515000 0.385000 0.154776
v -0.505000 0.385000 0.154776
v -0.495000 0.385000 0.057223
v -0.485000 0.385000 0.057223
v -0.475000 0.385000 0.286102
v -0.465000 0.385000 0.286102
v -0.455000 0.385000 0.286102
v -0.635000 0.395000 0.057223
v -0.625000 0.395000 0.286102
v -0.615000 0.395000 0.286102
v -0.605000 0.395000 0.295482
v -0.595000 0.395000 0.299000
v -0.585000 0.395000 0.290792
v -0.575000 0.395000 0.295482
v -0.565000 0.395000 0.290792
v -0.555000 0.395000 0.295482
v -0.545000 0.395000 0.295482
v -0.535000 0.395000 0.295482
v -0.525000 0.395000 0.295482
v -0.515000 0.395000 0.295482
v -0.505000 0.395000 0.295482
v -0.495000 0.395000 0.295482
v -0.485000 0.395000 0.295482
v -0.475000 0.395000 0.295482
v -0.465000 0.395000 0.290792
v -0.455000 0.395000 0.290792
v -0.795000 0.405000 0.057223
v -0.785000 0.405000 0.150086
v -0.775000 0.405000 0.150086
v -0.765000 0.405000 0.150086
v -0.755000 0.405000 0.150086
v -0.745000 0.405000 0.150086
v -0.735000 0.405000 0.057223
v -0.725000 0.405000 0.057223
v -0.675000 0.405000 0.057223
v -0.665000 0.405000 0.057223
v -0.655000 0.405000 0.057223
v -0.645000 0.405000 0.057223
v -0.635000 0.405000 0.299000
v -0.625000 0.405000 0.308208
v -0.615000 0.405000 0.299000
v -0.605000 0.405000 0.308208
v -0.595000 0.405000 0.317416
v -0.585000 0.405000 0.308208
v -0.575000 0.405000 0.299000
v -0.565000 0.405000 0.317416
v -0.555000 0.405000 0.299000
v -0.545000 0.405000 0.299000
v -0.535000 0.405000 0.308208
v -0.525000 0.405000 0.308208
v -0.515000 0.405000 0.308208
v -0.505000 0.405000 0.299000
v -0.495000 0.405000 0.308208
v -0.485000 0.405000 0.299000
v -0.475000 0.405000 0.299000
v -0.465000 0.405000 0.308208
v -0.455000 0.405000 0.299000
v -0.985000 0.415000 0.150086
v -0.975000 0.415000 0.150086
v -0.965000 0.415000 0.150086
v -0.955000 0.415000 0.150086
v -0.945000 0.415000 0.150086
v -0.935000 0.415000 0.150086
v -0.925000 0.415000 0.150086
v -0.915000 0.415000 0.150086
v -0.905000 0.415000 0.150086
v -0.895000 0.415000 0.150086
v -0.885000 0.415000 0.057223
v -0.875000 0.415000 0.057223
v -0.865000 0.415000 0.057223
v -0.855000 0.415000 0.150086
v -0.845000 0.415000 0.150086
v -0.835000 0.415000 0.150086
v -0.825000 0.415000 0.150086
v -0.815000 0.415000 0.057223
v -0.805000 0.415000 0.057223
v -0.795000 0.415000 0.281412
v -0.785000 0.415000 0.286102
v -0.775000 0.415000 0.290792
v -0.765000 0.415000 0.290792
v -0.755000 0.415000 0.290792
v -0.745000 0.415000 0.290792
v -0.735000 0.415000 0.295482
v -0.725000 0.415000 0.308208
v -0.715000 0.415000 0.057223
v -0.705000 0.415000 0.057223
v -0.695000 0.415000 0.057223
v -0.685000 0.415000 0.057223
v -0.675000 0.415000 0.317416
v -0.665000 0.415000 0.317416
v -0.655000 0.415000 0.308208
v -0.645000 0.415000 0.317416
v -0.635000 0.415000 0.317416
v -0.625000 0.415000 0.317416
v -0.615000 0.415000 0.317416
v -0.605000 0.415000 0.317416
v -0.595000 0.415000 0.326623
v -0.585000 0.415000 0.326623
v -0.575000 0.415000 0.317416
v -0.565000 0.415000 0.326623
v -0.555000 0.415000 0.317416
v -0.545000 0.415000 0.317416
v -0.535000 0.415000 0.326623
v -0.525000 0.415000 0.326623
v -0.515000 0.415000 0.317416
v -0.505000 0.415000 0.317416
v -0.495000 0.415000 0.317416
v -0.485000 0.415000 0.326623
v -0.475000 0.415000 0.326623
v -0.465000 0.415000 0.317416
v -0.455000 0.415000 0.317416
v -1.015000 0.425000 0.150086
v -1.005000 0.425000 0.057223
v -0.995000 0.425000 0.057223
v -0.985000 0.425000 0.262651
v -0.975000 0.425000 0.267341
v -0.965000 0.425000 0.272031
v -0.955000 0.425000 0.272031
v -0.945000 0.425000 0.272031
v -0.935000 0.425000 0.272031
v -0.925000 0.425000 0.272031
v -0.915000 0.425000 0.276722
v -0.905000 0.425000 0.276722
v -0.895000 0.425000 0.276722
v -0.885000 0.425000 0.281412
v -0.875000 0.425000 0.276722
v -0.865000 0.425000 0.281412
v -0.855000 0.425000 0.290792
v -0.845000 0.425000 0.290792
v -0.835000 0.425000 0.290792
v -0.825000 0.425000 0.290792
v -0.815000 0.425000 0.290792
v -0.805000 0.425000 0.295482
v -0.795000 0.425000 0.295482
v -0.785000 0.425000 0.295482
v -0.775000 0.425000 0.299000
v -0.765000 0.425000 0.308208
v -0.755000 0.425000 0.299000
v -0.745000 0.425000 0.308208
v -0.735000 0.425000 0.317416
v -0.725000 0.425000 0.317416
v -0.715000 0.425000 0.326623
v -0.705000 0.425000 0.326623
v -0.695000 0.425000 0.326623
v -0.685000 0.425000 0.326623
v -0.675000 0.425000 0.326623
v -0.665000 0.425000 0.326623
v -0.655000 0.425000 0.326623
v -0.645000 0.425000 0.335831
v -0.635000 0.425000 0.335831
v -0.625000 0.425000 0.326623
v -0.615000 0.425000 0.326623
v -0.605000 0.425000 0.335831
v -0.595000 0.425000 0.335831
v -0.585000 0.425000 0.335831
v -0.575000 0.425000 0.335831
v -0.565000 0.425000 0.335831
v -0.555000 0.425000 0.335831
v -0.545000 0.425000 0.326623
v -0.535000 0.425000 0.335831
v -0.525000 0.425000 0.335831
v -0.515000 0.425000 0.335831
v -0.505000 0.425000 0.335831
v -0.495000 0.425000 0.335831
v -0.485000 0.425000 0.335831
v -0.475000 0.425000 0.335831
v -0.465000 0.425000 0.335831
v -0.455000 0.425000 0.335831
v -1.025000 0.435000 0.057223
v -1.015000 0.435000 0.262651
v -1.005000 0.435000 0.262651
v -0.995000 0.435000 0.262651
v -0.985000 0.435000 0.267341
v -0.975000 0.435000 0.272031
v -0.965000 0.435000 0.272031
v -0.955000 0.435000 0.272031
v -0.945000 0.435000 0.276722
v -0.935000 0.435000 0.276722
v -0.925000 0.435000 0.276722
v -0.915000 0.435000 0.281412
v -0.905000 0.435000 0.281412
v -0.895000 0.435000 0.281412
v -0.885000 0.435000 0.286102
v -0.875000 0.435000 0.286102
v -0.865000 0.435000 0.286102
v -0.855000 0.435000 0.295482
v -0.845000 0.435000 0.295482
v -0.835000 0.435000 0.295482
v -0.825000 0.435000 0.295482
v -0.815000 0.435000 0.295482
v -0.805000 0.435000 0.299000
v -0.795000 0.435000 0.308208
v -0.785000 0.435000 0.308208
v -0.775000 0.435000 0.317416
v -0.765000 0.435000 0.317416
v -0.755000 0.435000 0.317416
v -0.745000 0.435000 0.326623
v -0.735000 0.435000 0.326623
v -0.725000 0.435000 0.335831
v -0.715000 0.435000 0.345039
v -0.705000 0.435000 0.345039
v -0.695000 0.435000 0.345039
v -0.685000 0.435000 0.335831
v -0.675000 0.435000 0.345039
v -0.665000 0.435000 0.335831
v -0.655000 0.435000 0.335831
v -0.645000 0.435000 0.345039
v -0.635000 0.435000 0.335831
v -0.625000 0.435000 0.335831
v -0.615000 0.435000 0.335831
v -0.605000 0.435000 0.335831
v -0.595000 0.435000 0.345039
v -0.585000 0.435000 0.345039
v -0.575000 0.435000 0.345039
v -0.565000 0.435000 0.345039
v -0.555000 0.435000 0.345039
v -0.545000 0.435000 0.345039
v -0.535000 0.435000 0.345039
v -0.525000 0.435000 0.345039
v -0.515000 0.435000 0.345039
v -0.505000 0.435000 0.345039
v -0.495000 0.435000 0.345039
v -0.485000 0.435000 0.345039
v -0.475000 0.435000 0.354247
v -0.465000 0.435000 0.345039
v -0.455000 0.435000 0.345039
v -1.035000 0.445000 0.057223
v -1.025000 0.445000 0.262651
v -1.015000 0.445000 0.262651
v -1.005000 0.445000 0.267341
v -0.995000 0.445000 0.267341
v -0.985000 0.445000 0.267341
v -0.975000 0.445000 0.272031
v -0.965000 0.445000 0.276722
v -0.955000 0.445000 0.276722
v -0.945000 0.445000 0.276722
v -0.935000 0.445000 0.281412
v -0.925000 0.445000 0.286102
v -0.915000 0.445000 0.286102
v -0.905000 0.445000 0.286102
v -0.895000 0.445000 0.286102
v -0.885000 0.445000 0.290792
v -0.875000 0.445000 0.290792
v -0.865000 0.445000 0.295482
v -0.855000 0.445000 0.295482
v -0.845000 0.445000 0.295482
v -0.835000 0.445000 0.299000
v -0.825000 0.445000 0.299000
v -0.815000 0.445000 0.308208
v -0.805000 0.445000 0.317416
v -0.795000 0.445000 0.317416
v -0.785000 0.445000 0.317416
v -0.775000 0.445000 0.326623
v -0.765000 0.445000 0.326623
v -0.755000 0.445000 0.335831
v -0.745000 0.445000 0.345039
v -0.735000 0.445000 0.345039
v -0.725000 0.445000 0.345039
v -0.715000 0.445000 0.345039
v -0.705000 0.445000 0.354247
v -0.695000 0.445000 0.354247
v -0.685000 0.445000 0.354247
v -0.675000 0.445000 0.354247
v -0.665000 0.445000 0.345039
v -0.655000 0.445000 0.345039
v -0.645000 0.445000 0.354247
v -0.635000 0.445000 0.345039
v -0.625000 0.445000 0.345039
v -0.615000 0.445000 0.345039
v -0.605000 0.445000 0.345039
v -0.595000 0.445000 0.354247
v -0.585000 0.445000 0.354247
v -0.575000 0.445000 0.354247
v -0.565000 0.445000 0.354247
v -0.555000 0.445000 0.345039
v -0.545000 0.445000 0.354247
v -0.535000 0.445000 0.354247
v -0.525000 0.445000 0.354247
v -0.515000 0.445000 0.354247
v -0.505000 0.445000 0.354247
v -0.495000 0.445000 0.354247
v -0.485000 0.445000 0.363455
v -0.475000 0.445000 0.363455
v -0.465000 0.445000 0.354247
v -0.455000 0.445000 0.354247
v -1.045000 0.455000 0.057223
v -1.035000 0.455000 0.267341
v -1.025000 0.455000 0.267341
v -1.015000 0.455000 0.267341
v -1.005000 0.455000 0.267341
v -0.995000 0.455000 0.272031
v -0.985000 0.455000 0.272031
v -0.975000 0.455000 0.276722
v -0.965000 0.455000 0.281412
v -0.955000 0.455000 0.281412
v -0.945000 0.455000 0.281412
v -0.935000 0.455000 0.286102
v -0.925000 0.455000 0.286102
v -0.915000 0.455000 0.290792
v -0.905000 0.455000 0.290792
v -0.895000 0.455000 0.295482
v -0.885000 0.455000 0.295482
v -0.875000 0.455000 0.295482
v -0.865000 0.455000 0.299000
v -0.855000 0.455000 0.299000
v -0.845000 0.455000 0.299000
v -0.835000 0.455000 0.308208
v -0.825000 0.455000 0.308208
v -0.815000 0.455000 0.317416
v -0.805000 0.455000 0.326623
v -0.795000 0.455000 0.326623
v -0.785000 0.455000 0.335831
v -0.775000 0.455000 0.335831
v -0.765000 0.455000 0.345039
v -0.755000 0.455000 0.345039
v -0.745000 0.455000 0.345039
v -0.735000 0.455000 0.345039
v -0.725000 0.455000 0.354247
v -0.715000 0.455000 0.354247
v -0.705000 0.455000 0.363455
v -0.695000 0.455000 0.363455
v -0.685000 0.455000 0.363455
v -0.675000 0.455000 0.363455
v -0.665000 0.455000 0.363455
v -0.655000 0.455000 0.354247
v -0.645000 0.455000 0.354247
v -0.635000 0.455000 0.345039
v -0.625000 0.455000 0.354247
v -0.615000 0.455000 0.354247
v -0.605000 0.455000 0.354247
v -0.595000 0.455000 0.354247
v -0.585000 0.455000 0.354247
v -0.575000 0.455000 0.363455
v -0.565000 0.455000 0.363455
v -0.555000 0.455000 0.363455
v -0.545000 0.455000 0.363455
v -0.535000 0.455000 0.363455
v -0.525000 0.455000 0.363455
v -0.515000 0.455000 0.363455
v -0.505000 0.455000 0.363455
v -0.495000 0.455000 0.363455
v -0.485000 0.455000 0.363455
v -0.475000 0.455000 0.372663
v -0.465000 0.455000 0.372663
v -0.455000 0.455000 0.363455
v -1.045000 0.465000 0.057223
v -1.035000 0.465000 0.272031
v -1.025000 0.465000 0.276722
v -1.015000 0.465000 0.272031
v -1.005000 0.465000 0.272031
v -0.995000 0.465000 0.276722
v -0.985000 0.465000 0.276722
v -0.975000 0.465000 0.281412
v -0.965000 0.465000 0.286102
v -0.955000 0.465000 0.286102
v -0.945000 0.465000 0.286102
v -0.935000 0.465000 0.290792
v -0.925000 0.465000 0.290792
v -0.915000 0.465000 0.295482
v -0.905000 0.465000 0.299000
v -0.895000 0.465000 0.299000
v -0.885000 0.465000 0.299000
v -0.875000 0.465000 0.299000
v -0.865000 0.465000 0.308208
v -0.855000 0.465000 0.317416
v -0.845000 0.465000 0.317416
v -0.835000 0.465000 0.317416
v -0.825000 0.465000 0.326623
v -0.815000 0.465000 0.326623
v -0.805000 0.465000 0.335831
v -0.795000 0.465000 0.335831
v -0.785000 0.465000 0.345039
v -0.775000 0.465000 0.345039
v -0.765000 0.465000 0.345039
v -0.755000 0.465000 0.345039
v -0.745000 0.465000 0.354247
v -0.735000 0.465000 0.354247
v -0.725000 0.465000 0.363455
v -0.715000 0.465000 0.363455
v -0.705000 0.465000 0.363455
v -0.695000 0.465000 0.372663
v -0.685000 0.465000 0.372663
v -0.675000 0.465000 0.372663
v -0.665000 0.465000 0.372663
v -0.655000 0.465000 0.363455
v -0.645000 0.465000 0.363455
v -0.635000 0.465000 0.363455
v -0.625000 0.465000 0.354247
v -0.615000 0.465000 0.363455
v -0.605000 0.465000 0.363455
v -0.595000 0.465000 0.363455
v -0.585000 0.465000 0.363455
v -0.575000 0.465000 0.363455
v -0.565000 0.465000 0.363455
v -0.555000 0.465000 0.363455
v -0.545000 0.465000 0.372663
v -0.535000 0.465000 0.372663
v -0.525000 0.465000 0.372663
v -0.515000 0.465000 0.372663
v -0.505000 0.465000 0.372663
v -0.495000 0.465000 0.372663
v -0.485000 0.465000 0.372663
v -0.475000 0.465000 0.381871
v -0.465000 0.465000 0.381871
v -0.455000 0.465000 0.381871
v -1.045000 0.475000 0.057223
v -1.035000 0.475000 0.276722
v -1.025000 0.475000 0.281412
v -1.015000 0.475000 0.281412
v -1.005000 0.475000 0.286102
v -0.995000 0.475000 0.286102
v -0.985000 0.475000 0.286102
v -0.975000 0.475000 0.290792
v -0.965000 0.475000 0.290792
v -0.955000 0.475000 0.295482
v -0.945000 0.475000 0.295482
v -0.935000 0.475000 0.299000
v -0.925000 0.475000 0.299000
v -0.915000 0.475000 0.299000
v -0.905000 0.475000 0.308208
v -0.895000 0.475000 0.308208
v -0.885000 0.475000 0.308208
v -0.875000 0.475000 0.317416
v -0.865000 0.475000 0.317416
v -0.855000 0.475000 0.326623
v -0.845000 0.475000 0.326623
v -0.835000 0.475000 0.326623
v -0.825000 0.475000 0.335831
v -0.815000 0.475000 0.345039
v -0.805000 0.475000 0.345039
v -0.795000 0.475000 0.345039
v -0.785000 0.475000 0.354247
v -0.775000 0.475000 0.354247
v -0.765000 0.475000 0.354247
v -0.755000 0.475000 0.354247
v -0.745000 0.475000 0.354247
v -0.735000 0.475000 0.363455
v -0.725000 0.475000 0.363455
v -0.715000 0.475000 0.363455
v -0.705000 0.475000 0.372663
v -0.695000 0.475000 0.372663
v -0.685000 0.475000 0.372663
v -0.675000 0.475000 0.372663
v -0.665000 0.475000 0.372663
v -0.655000 0.475000 0.372663
v -0.645000 0.475000 0.372663
v -0.635000 0.475000 0.372663
v -0.625000 0.475000 0.363455
v -0.615000 0.475000 0.372663
v -0.605000 0.475000 0.372663
v -0.595000 0.475000 0.372663
v -0.585000 0.475000 0.372663
v -0.575000 0.475000 0.372663
v -0.565000 0.475000 0.372663
v -0.555000 0.475000 0.372663
v -0.545000 0.475000 0.381871
v -0.535000 0.475000 0.381871
v -0.525000 0.475000 0.381871
v -0.515000 0.475000 0.381871
v -0.505000 0.475000 0.381871
v -0.495000 0.475000 0.381871
v -0.485000 0.475000 0.381871
v -0.475000 0.475000 0.381871
v -0.465000 0.475000 0.381871
v -0.455000 0.475000 0.391078
v -1.045000 0.485000 0.057223
v -1.035000 0.485000 0.286102
v -1.025000 0.485000 0.290792
v -1.015000 0.485000 0.290792
v -1.005000 0.485000 0.290792
v -0.995000 0.485000 0.290792
v -0.985000 0.485000 0.295482
v -0.975000 0.485000 0.295482
v -0.965000 0.485000 0.299000
v -0.955000 0.485000 0.299000
v -0.945000 0.485000 0.299000
v -0.935000 0.485000 0.308208
v -0.925000 0.485000 0.308208
v -0.915000 0.485000 0.317416
v -0.905000 0.485000 0.317416
v -0.895000 0.485000 0.317416
v -0.885000 0.485000 0.326623
v -0.875000 0.485000 0.326623
v -0.865000 0.485000 0.335831
v -0.855000 0.485000 0.335831
v -0.845000 0.485000 0.335831
v -0.835000 0.485000 0.335831
v -0.825000 0.485000 0.345039
v -0.815000 0.485000 0.345039
v -0.805000 0.485000 0.345039
v -0.795000 0.485000 0.354247
v -0.785000 0.485000 0.354247
v -0.775000 0.485000 0.354247
v -0.765000 0.485000 0.363455
v -0.755000 0.485000 0.363455
v -0.745000 0.485000 0.363455
v -0.735000 0.485000 0.363455
v -0.725000 0.485000 0.372663
v -0.715000 0.485000 0.372663
v -0.705000 0.485000 0.372663
v -0.695000 0.485000 0.372663
v -0.685000 0.485000 0.372663
v -0.675000 0.485000 0.381871
v -0.665000 0.485000 0.381871
v -0.655000 0.485000 0.381871
v -0.645000 0.485000 0.381871
v -0.635000 0.485000 0.381871
v -0.625000 0.485000 0.372663
v -0.615000 0.485000 0.372663
v -0.605000 0.485000 0.372663
v -0.595000 0.485000 0.381871
v -0.585000 0.485000 0.381871
v -0.575000 0.485000 0.381871
v -0.565000 0.485000 0.381871
v -0.555000 0.485000 0.381871
v -0.545000 0.485000 0.381871
v -0.535000 0.485000 0.381871
v -0.525000 0.485000 0.391078
v -0.515000 0.485000 0.391078
v -0.505000 0.485000 0.391078
v -0.495000 0.485000 0.391078
v -0.485000 0.485000 0.391078
v -0.475000 0.485000 0.391078
v -0.465000 0.485000 0.391078
v -0.455000 0.485000 0.391078
v -1.045000 0.495000 0.057223
v -1.035000 0.495000 0.295482
v -1.025000 0.495000 0.295482
v -1.015000 0.495000 0.295482
v -1.005000 0.495000 0.295482
v -0.995000 0.495000 0.295482
v -0.985000 0.495000 0.299000
v -0.975000 0.495000 0.299000
v -0.965000 0.495000 0.308208
v -0.955000 0.495000 0.308208
v -0.945000 0.495000 0.308208
v -0.935000 0.495000 0.317416
v -0.925000 0.495000 0.317416
v -0.915000 0.495000 0.326623
v -0.905000 0.495000 0.326623
v -0.895000 0.495000 0.326623
v -0.885000 0.495000 0.326623
v -0.875000 0.495000 0.335831
v -0.865000 0.495000 0.335831
v -0.855000 0.495000 0.335831
v -0.845000 0.495000 0.345039
v -0.835000 0.495000 0.345039
v -0.825000 0.495000 0.345039
v -0.815000 0.495000 0.354247
v -0.805000 0.495000 0.354247
v -0.795000 0.495000 0.354247
v -0.785000 0.495000 0.363455
v -0.775000 0.495000 0.363455
v -0.765000 0.495000 0.363455
v -0.755000 0.495000 0.363455
v -0.745000 0.495000 0.363455
v -0.735000 0.495000 0.372663
v -0.725000 0.495000 0.372663
v -0.715000 0.495000 0.372663
v -0.705000 0.495000 0.372663
v -0.695000 0.495000 0.372663
v -0.685000 0.495000 0.381871
v -0.675000 0.495000 0.381871
v -0.665000 0.495000 0.381871
v -0.655000 0.495000 0.381871
v -0.645000 0.495000 0.381871
v -0.635000 0.495000 0.381871
v -0.625000 0.495000 0.381871
v -0.615000 0.495000 0.381871
v -0.605000 0.495000 0.381871
v -0.595000 0.495000 0.381871
v -0.585000 0.495000 0.381871
v -0.575000 0.495000 0.381871
v -0.565000 0.495000 0.391078
v -0.555000 0.495000 0.381871
v -0.545000 0.495000 0.391078
v -0.535000 0.495000 0.391078
v -0.525000 0.495000 0.391078
v -0.515000 0.495000 0.391078
v -0.505000 0.495000 0.391078
v -0.495000 0.495000 0.391078
v -0.485000 0.495000 0.391078
v -0.475000 0.495000 0.391078
v -0.465000 0.495000 0.391078
v -0.455000 0.495000 0.391078
v -1.045000 0.505000 0.057223
v -1.035000 0.505000 0.295482
v -1.025000 0.505000 0.299000
v -1.015000 0.505000 0.299000
v -1.005000 0.505000 0.299000
v -0.995000 0.505000 0.299000
v -0.985000 0.505000 0.299000
v -0.975000 0.505000 0.308208
v -0.965000 0.505000 0.308208
v -0.955000 0.505000 0.317416
v -0.945000 0.505000 0.317416
v -0.935000 0.505000 0.317416
v -0.925000 0.505000 0.326623
v -0.915000 0.505000 0.326623
v -0.905000 0.505000 0.335831
v -0.895000 0.505000 0.335831
v -0.885000 0.505000 0.335831
v -0.875000 0.505000 0.335831
v -0.865000 0.505000 0.345039
v -0.855000 0.505000 0.345039
v -0.845000 0.505000 0.345039
v -0.835000 0.505000 0.354247
v -0.825000 0.505000 0.354247
v -0.815000 0.505000 0.354247
v -0.805000 0.505000 0.363455
v -0.795000 0.505000 0.363455
v -0.785000 0.505000 0.363455
v -0.775000 0.505000 0.363455
v -0.765000 0.505000 0.372663
v -0.755000 0.505000 0.372663
v -0.745000 0.505000 0.372663
v -0.735000 0.505000 0.372663
v -0.725000 0.505000 0.372663
v -0.715000 0.505000 0.372663
v -0.705000 0.505000 0.372663
v -0.695000 0.505000 0.381871
v -0.685000 0.505000 0.381871
v -0.675000 0.505000 0.381871
v -0.665000 0.505000 0.381871
v -0.655000 0.505000 0.381871
v -0.645000 0.505000 0.381871
v -0.635000 0.505000 0.381871
v -0.625000 0.505000 0.381871
v -0.615000 0.505000 0.381871
v -0.605000 0.505000 0.381871
v -0.595000 0.505000 0.381871
v -0.585000 0.505000 0.381871
v -0.575000 0.505000 0.391078
v -0.565000 0.505000 0.391078
v -0.555000 0.505000 0.391078
v -0.545000 0.505000 0.391078
v -0.535000 0.505000 0.391078
v -0.525000 0.505000 0.391078
v -0.515000 0.505000 0.391078
v -0.505000 0.505000 0.391078
v -0.495000 0.505000 0.400286
v -0.485000 0.505000 0.400286
v -0.475000 0.505000 0.400286
v -0.465000 0.505000 0.400286
v -0.455000 0.505000 0.400286
v -1.045000 0.515000 0.057223
v -1.035000 0.515000 0.299000
v -1.025000 0.515000 0.299000
v -1.015000 0.515000 0.299000
v -1.005000 0.515000 0.308208
v -0.995000 0.515000 0.308208
v -0.985000 0.515000 0.308208
v -0.975000 0.515000 0.317416
v -0.965000 0.515000 0.317416
v -0.955000 0.515000 0.326623
v -0.945000 0.515000 0.326623
v -0.935000 0.515000 0.326623
v -0.925000 0.515000 0.335831
v -0.915000 0.515000 0.335831
v -0.905000 0.515000 0.335831
v -0.895000 0.515000 0.335831
v -0.885000 0.515000 0.345039
v -0.875000 0.515000 0.345039
v -0.865000 0.515000 0.345039
v -0.855000 0.515000 0.354247
v -0.845000 0.515000 0.354247
v -0.835000 0.515000 0.354247
v -0.825000 0.515000 0.354247
v -0.815000 0.515000 0.363455
v -0.805000 0.515000 0.363455
v -0.795000 0.515000 0.363455
v -0.785000 0.515000 0.372663
v -0.775000 0.515000 0.372663
v -0.765000 0.515000 0.372663
v -0.755000 0.515000 0.372663
v -0.745000 0.515000 0.372663
v -0.735000 0.515000 0.372663
v -0.725000 0.515000 0.381871
v -0.715000 0.515000 0.381871
v -0.705000 0.515000 0.381871
v -0.695000 0.515000 0.381871
v -0.685000 0.515000 0.381871
v -0.675000 0.515000 0.381871
v -0.665000 0.515000 0.381871
v -0.655000 0.515000 0.381871
v -0.645000 0.515000 0.381871
v -0.635000 0.515000 0.381871
v -0.625000 0.515000 0.381871
v -0.615000 0.515000 0.381871
v -0.605000 0.515000 0.381871
v -0.595000 0.515000 0.381871
v -0.585000 0.515000 0.391078
v -0.575000 0.515000 0.391078
v -0.565000 0.515000 0.391078
v -0.555000 0.515000 0.391078
v -0.545000 0.515000 0.391078
v -0.535000 0.515000 0.391078
v -0.525000 0.515000 0.391078
v -0.515000 0.515000 0.391078
v -0.505000 0.515000 0.400286
v -0.495000 0.515000 0.400286
v -0.485000 0.515000 0.400286
v -0.475000 0.515000 0.400286
v -0.465000 0.515000 0.400286
v -0.455000 0.515000 0.400286
v -1.045000 0.525000 0.057223
v -1.035000 0.525000 0.299000
v -1.025000 0.525000 0.299000
v -1.015000 0.525000 0.308208
v -1.005000 0.525000 0.317416
v -0.995000 0.525000 0.317416
v -0.985000 0.525000 0.317416
v -0.975000 0.525000 0.317416
v -0.965000 0.525000 0.326623
v -0.955000 0.525000 0.326623
v -0.945000 0.525000 0.335831
v -0.935000 0.525000 0.335831
v -0.925000 0.525000 0.335831
v -0.915000 0.525000 0.335831
v -0.905000 0.525000 0.345039
v -0.895000 0.525000 0.345039
v -0.885000 0.525000 0.354247
v -0.875000 0.525000 0.354247
v -0.865000 0.525000 0.354247
v -0.855000 0.525000 0.354247
v -0.845000 0.525000 0.354247
v -0.835000 0.525000 0.363455
v -0.825000 0.525000 0.363455
v -0.815000 0.525000 0.363455
v -0.805000 0.525000 0.363455
v -0.795000 0.525000 0.372663
v -0.785000 0.525000 0.372663
v -0.775000 0.525000 0.372663
v -0.765000 0.525000 0.372663
v -0.755000 0.525000 0.372663
v -0.745000 0.525000 0.372663
v -0.735000 0.525000 0.381871
v -0.725000 0.525000 0.381871
v -0.715000 0.525000 0.381871
v -0.705000 0.525000 0.381871
v -0.695000 0.525000 0.381871
v -0.685000 0.525000 0.381871
v -0.675000 0.525000 0.381871
v -0.665000 0.525000 0.381871
v -0.655000 0.525000 0.381871
v -0.645000 0.525000 0.381871
v -0.635000 0.525000 0.381871
v -0.625000 0.525000 0.381871
v -0.615000 0.525000 0.381871
v -0.605000 0.525000 0.381871
v -0.595000 0.525000 0.391078
v -0.585000 0.525000 0.391078
v -0.575000 0.525000 0.391078
v -0.565000 0.525000 0.391078
v -0.555000 0.525000 0.391078
v -0.545000 0.525000 0.391078
v -0.535000 0.525000 0.391078
v -0.525000 0.525000 0.391078
v -0.515000 0.525000 0.400286
v -0.505000 0.525000 0.400286
v -0.495000 0.525000 0.400286
v -0.485000 0.525000 0.400286
v -0.475000 0.525000 0.400286
v -0.465000 0.525000 0.400286
v -0.455000 0.525000 0.400286
v -1.035000 0.535000 0.057223
v -1.025000 0.535000 0.308208
v -1.015000 0.535000 0.317416
v -1.005000 0.535000 0.317416
v -0.995000 0.535000 0.326623
v -0.985000 0.535000 0.326623
v -0.975000 0.535000 0.326623
v -0.965000 0.535000 0.335831
v -0.955000 0.535000 0.335831
v -0.945000 0.535000 0.335831
v -0.935000 0.535000 0.335831
v -0.925000 0.535000 0.345039
v -0.915000 0.535000 0.345039
v -0.905000 0.535000 0.345039
v -0.895000 0.535000 0.354247
v -0.885000 0.535000 0.354247
v -0.875000 0.535000 0.354247
v -0.865000 0.535000 0.354247
v -0.855000 0.535000 0.363455
v -0.845000 0.535000 0.363455
v -0.835000 0.535000 0.363455
v -0.825000 0.535000 0.363455
v -0.815000 0.535000 0.372663
v -0.805000 0.535000 0.372663
v -0.795000 0.535000 0.372663
v -0.785000 0.535000 0.372663
v -0.775000 0.535000 0.372663
v -0.765000 0.535000 0.372663
v -0.755000 0.535000 0.381871
v -0.745000 0.535000 0.381871
v -0.735000 0.535000 0.381871
v -0.725000 0.535000 0.381871
v -0.715000 0.535000 0.381871
v -0.705000 0.535000 0.381871
v -0.695000 0.535000 0.381871
v -0.685000 0.535000 0.381871
v -0.675000 0.535000 0.381871
v -0.665000 0.535000 0.372663
v -0.655000 0.535000 0.372663
v -0.645000 0.535000 0.372663
v -0.635000 0.535000 0.381871
v -0.625000 0.535000 0.381871
v -0.615000 0.535000 0.381871
v -0.605000 0.535000 0.381871
v -0.595000 0.535000 0.381871
v -0.585000 0.535000 0.391078
v -0.575000 0.535000 0.391078
v -0.565000 0.535000 0.391078
v -0.555000 0.535000 0.391078
v -0.545000 0.535000 0.391078
v -0.535000 0.535000 0.391078
v -0.525000 0.535000 0.400286
v -0.515000 0.535000 0.400286
v -0.505000 0.535000 0.400286
v -0.495000 0.535000 0.400286
v -0.485000 0.535000 0.400286
v -0.475000 0.535000 0.400286
v -0.465000 0.535000 0.400286
v -0.455000 0.535000 0.400286
v -1.035000 0.545000 0.057223
v -1.025000 0.545000 0.308208
v -1.015000 0.545000 0.317416
v -1.005000 0.545000 0.326623
v -0.995000 0.545000 0.326623
v -0.985000 0.545000 0.326623
v -0.975000 0.545000 0.335831
v -0.965000 0.545000 0.335831
v -0.955000 0.545000 0.335831
v -0.945000 0.545000 0.335831
v -0.935000 0.545000 0.345039
v -0.925000 0.545000 0.345039
v -0.915000 0.545000 0.354247
v -0.905000 0.545000 0.354247
v -0.895000 0.545000 0.354247
v -0.885000 0.545000 0.363455
v -0.875000 0.545000 0.363455
v -0.865000 0.545000 0.363455
v -0.855000 0.545000 0.363455
v -0.845000 0.545000 0.363455
v -0.835000 0.545000 0.372663
v -0.825000 0.545000 0.372663
v -0.815000 0.545000 0.372663
v -0.805000 0.545000 0.372663
v -0.795000 0.545000 0.372663
v -0.785000 0.545000 0.372663
v -0.775000 0.545000 0.381871
v -0.765000 0.545000 0.381871
v -0.755000 0.545000 0.381871
v -0.745000 0.545000 0.381871
v -0.735000 0.545000 0.381871
v -0.725000 0.545000 0.381871
v -0.715000 0.545000 0.381871
v -0.705000 0.545000 0.381871
v -0.695000 0.545000 0.381871
v -0.685000 0.545000 0.381871
v -0.675000 0.545000 0.381871
v -0.665000 0.545000 0.372663
v -0.655000 0.545000 0.363455
v -0.645000 0.545000 0.372663
v -0.635000 0.545000 0.372663
v -0.625000 0.545000 0.381871
v -0.615000 0.545000 0.381871
v -0.605000 0.545000 0.381871
v -0.595000 0.545000 0.381871
v -0.585000 0.545000 0.391078
v -0.575000 0.545000 0.391078
v -0.565000 0.545000 0.391078
v -0.555000 0.545000 0.391078
v -0.545000 0.545000 0.391078
v -0.535000 0.545000 0.391078
v -0.525000 0.545000 0.400286
v -0.515000 0.545000 0.400286
v -0.505000 0.545000 0.400286
v -0.495000 0.545000 0.400286
v -0.485000 0.545000 0.400286
v -0.475000 0.545000 0.400286
v -0.465000 0.545000 0.400286
v -0.455000 0.545000 0.409494
v -1.035000 0.555000 0.057223
v -1.025000 0.555000 0.317416
v -1.015000 0.555000 0.326623
v -1.005000 0.555000 0.326623
v -0.995000 0.555000 0.326623
v -0.985000 0.555000 0.335831
v -0.975000 0.555000 0.335831
v -0.965000 0.555000 0.345039
v -0.955000 0.555000 0.345039
v -0.945000 0.555000 0.345039
v -0.935000 0.555000 0.345039
v -0.925000 0.555000 0.354247
v -0.915000 0.555000 0.354247
v -0.905000 0.555000 0.363455
v -0.895000 0.555000 0.363455
v -0.885000 0.555000 0.363455
v -0.875000 0.555000 0.363455
v -0.865000 0.555000 0.363455
v -0.855000 0.555000 0.372663
v -0.845000 0.555000 0.372663
v -0.835000 0.555000 0.372663
v -0.825000 0.555000 0.372663
v -0.815000 0.555000 0.372663
v -0.805000 0.555000 0.381871
v -0.795000 0.555000 0.381871
v -0.785000 0.555000 0.381871
v -0.775000 0.555000 0.381871
v -0.765000 0.555000 0.381871
v -0.755000 0.555000 0.381871
v -0.745000 0.555000 0.381871
v -0.735000 0.555000 0.381871
v -0.725000 0.555000 0.381871
v -0.715000 0.555000 0.381871
v -0.705000 0.555000 0.381871
v -0.695000 0.555000 0.381871
v -0.685000 0.555000 0.381871
v -0.675000 0.555000 0.372663
v -0.665000 0.555000 0.372663
v -0.655000 0.555000 0.363455
v -0.645000 0.555000 0.363455
v -0.635000 0.555000 0.363455
v -0.625000 0.555000 0.372663
v -0.615000 0.555000 0.372663
v -0.605000 0.555000 0.381871
v -0.595000 0.555000 0.381871
v -0.585000 0.555000 0.381871
v -0.575000 0.555000 0.391078
v -0.565000 0.555000 0.391078
v -0.555000 0.555000 0.391078
v -0.545000 0.555000 0.391078
v -0.535000 0.555000 0.391078
v -0.525000 0.555000 0.391078
v -0.515000 0.555000 0.400286
v -0.505000 0.555000 0.400286
v -0.495000 0.555000 0.400286
v -0.485000 0.555000 0.400286
v -0.475000 0.555000 0.400286
v -0.465000 0.555000 0.409494
v -0.455000 0.555000 0.409494
v -1.035000 0.565000 0.057223
v -1.025000 0.565000 0.326623
v -1.015000 0.565000 0.326623
v -1.005000 0.565000 0.335831
v -0.995000 0.565000 0.335831
v -0.985000 0.565000 0.345039
v -0.975000 0.565000 0.345039
v -0.965000 0.565000 0.345039
v -0.955000 0.565000 0.345039
v -0.945000 0.565000 0.354247
v -0.935000 0.565000 0.354247
v -0.925000 0.565000 0.354247
v -0.915000 0.565000 0.363455
v -0.905000 0.565000 0.363455
v -0.895000 0.565000 0.363455
v -0.885000 0.565000 0.363455
v -0.875000 0.565000 0.372663
v -0.865000 0.565000 0.372663
v -0.855000 0.565000 0.372663
v -0.845000 0.565000 0.372663
v -0.835000 0.565000 0.372663
v -0.825000 0.565000 0.372663
v -0.815000 0.565000 0.381871
v -0.805000 0.565000 0.381871
v -0.795000 0.565000 0.381871
v -0.785000 0.565000 0.381871
v -0.775000 0.565000 0.381871
v -0.765000 0.565000 0.381871
v -0.755000 0.565000 0.381871
v -0.745000 0.565000 0.381871
v -0.735000 0.565000 0.381871
v -0.725000 0.565000 0.381871
v -0.715000 0.565000 0.381871
v -0.705000 0.565000 0.381871
v -0.695000 0.565000 0.381871
v -0.685000 0.565000 0.372663
v -0.675000 0.565000 0.372663
v -0.665000 0.565000 0.372663
v -0.655000 0.565000 0.354247
v -0.645000 0.565000 0.354247
v -0.635000 0.565000 0.363455
v -0.625000 0.565000 0.363455
v -0.615000 0.565000 0.363455
v -0.605000 0.565000 0.372663
v -0.595000 0.565000 0.372663
v -0.585000 0.565000 0.372663
v -0.575000 0.565000 0.381871
v -0.565000 0.565000 0.381871
v -0.555000 0.565000 0.391078
v -0.545000 0.565000 0.391078
v -0.535000 0.565000 0.391078
v -0.525000 0.565000 0.391078
v -0.515000 0.565000 0.400286
v -0.505000 0.565000 0.400286
v -0.495000 0.565000 0.400286
v -0.485000 0.565000 0.400286
v -0.475000 0.565000 0.400286
v -0.465000 0.565000 0.409494
v -0.455000 0.565000 0.409494
v -1.035000 0.575000 0.057223
v -1.025000 0.575000 0.326623
v -1.015000 0.575000 0.335831
v -1.005000 0.575000 0.335831
v -0.995000 0.575000 0.345039
v -0.985000 0.575000 0.345039
v -0.975000 0.575000 0.345039
v -0.965000 0.575000 0.354247
v -0.955000 0.575000 0.354247
v -0.945000 0.575000 0.354247
v -0.935000 0.575000 0.354247
v -0.925000 0.575000 0.363455
v -0.915000 0.575000 0.363455
v -0.905000 0.575000 0.363455
v -0.895000 0.575000 0.372663
v -0.885000 0.575000 0.372663
v -0.875000 0.575000 0.372663
v -0.865000 0.575000 0.372663
v -0.855000 0.575000 0.372663
v -0.845000 0.575000 0.381871
v -0.835000 0.575000 0.381871
v -0.825000 0.575000 0.381871
v -0.815000 0.575000 0.381871
v -0.805000 0.575000 0.381871
v -0.795000 0.575000 0.381871
v -0.785000 0.575000 0.381871
v -0.775000 0.575000 0.381871
v -0.765000 0.575000 0.381871
v -0.755000 0.575000 0.381871
v -0.745000 0.575000 0.381871
v -0.735000 0.575000 0.381871
v -0.725000 0.575000 0.381871
v -0.715000 0.575000 0.381871
v -0.705000 0.575000 0.381871
v -0.695000 0.575000 0.372663
v -0.685000 0.575000 0.372663
v -0.675000 0.575000 0.372663
v -0.665000 0.575000 0.363455
v -0.655000 0.575000 0.354247
v -0.645000 0.575000 0.354247
v -0.635000 0.575000 0.354247
v -0.625000 0.575000 0.354247
v -0.615000 0.575000 0.354247
v -0.605000 0.575000 0.363455
v -0.595000 0.575000 0.363455
v -0.585000 0.575000 0.363455
v -0.575000 0.575000 0.372663
v -0.565000 0.575000 0.381871
v -0.555000 0.575000 0.381871
v -0.545000 0.575000 0.381871
v -0.535000 0.575000 0.391078
v -0.525000 0.575000 0.391078
v -0.515000 0.575000 0.391078
v -0.505000 0.575000 0.400286
v -0.495000 0.575000 0.400286
v -0.485000 0.575000 0.400286
v -0.475000 0.575000 0.400286
v -0.465000 0.575000 0.409494
v -0.455000 0.575000 0.409494
v -1.035000 0.585000 0.057223
v -1.025000 0.585000 0.326623
v -1.015000 0.585000 0.335831
v -1.005000 0.585000 0.345039
v -0.995000 0.585000 0.345039
v -0.985000 0.585000 0.354247
v -0.975000 0.585000 0.354247
v -0.965000 0.585000 0.354247
v -0.955000 0.585000 0.354247
v -0.945000 0.585000 0.363455
v -0.935000 0.585000 0.363455
v -0.925000 0.585000 0.363455
v -0.915000 0.585000 0.363455
v -0.905000 0.585000 0.372663
v -0.895000 0.585000 0.372663
v -0.885000 0.585000 0.372663
v -0.875000 0.585000 0.372663
v -0.865000 0.585000 0.372663
v -0.855000 0.585000 0.381871
v -0.845000 0.585000 0.381871
v -0.835000 0.585000 0.381871
v -0.825000 0.585000 0.381871
v -0.815000 0.585000 0.381871
v -0.805000 0.585000 0.381871
v -0.795000 0.585000 0.381871
v -0.785000 0.585000 0.381871
v -0.775000 0.585000 0.381871
v -0.765000 0.585000 0.381871
v -0.755000 0.585000 0.381871
v -0.745000 0.585000 0.381871
v -0.735000 0.585000 0.381871
v -0.725000 0.585000 0.381871
v -0.715000 0.585000 0.381871
v -0.705000 0.585000 0.381871
v -0.695000 0.585000 0.372663
v -0.685000 0.585000 0.372663
v -0.675000 0.585000 0.363455
v -0.665000 0.585000 0.354247
v -0.655000 0.585000 0.354247
v -0.645000 0.585000 0.345039
v -0.635000 0.585000 0.345039
v -0.625000 0.585000 0.354247
v -0.615000 0.585000 0.354247
v -0.605000 0.585000 0.363455
v -0.595000 0.585000 0.363455
v -0.585000 0.585000 0.363455
v -0.575000 0.585000 0.372663
v -0.565000 0.585000 0.372663
v -0.555000 0.585000 0.372663
v -0.545000 0.585000 0.381871
v -0.535000 0.585000 0.381871
v -0.525000 0.585000 0.391078
v -0.515000 0.585000 0.391078
v -0.505000 0.585000 0.391078
v -0.495000 0.585000 0.400286
v -0.485000 0.585000 0.400286
v -0.475000 0.585000 0.400286
v -0.465000 0.585000 0.400286
v -0.455000 0.585000 0.400286
v -1.025000 0.595000 0.057223
v -1.015000 0.595000 0.345039
v -1.005000 0.595000 0.345039
v -0.995000 0.595000 0.354247
v -0.985000 0.595000 0.354247
v -0.975000 0.595000 0.363455
v -0.965000 0.595000 0.354247
v -0.955000 0.595000 0.363455
v -0.945000 0.595000 0.363455
v -0.935000 0.595000 0.363455
v -0.925000 0.595000 0.372663
v -0.915000 0.595000 0.372663
v -0.905000 0.595000 0.372663
v -0.895000 0.595000 0.372663
v -0.885000 0.595000 0.372663
v -0.875000 0.595000 0.381871
v -0.865000 0.595000 0.381871
v -0.855000 0.595000 0.381871
v -0.845000 0.595000 0.381871
v -0.835000 0.595000 0.381871
v -0.825000 0.595000 0.381871
v -0.815000 0.595000 0.381871
v -0.805000 0.595000 0.381871
v -0.795000 0.595000 0.381871
v -0.785000 0.595000 0.381871
v -0.775000 0.595000 0.381871
v -0.765000 0.595000 0.381871
v -0.755000 0.595000 0.381871
v -0.745000 0.595000 0.381871
v -0.735000 0.595000 0.381871
v -0.725000 0.595000 0.381871
v -0.715000 0.595000 0.381871
v -0.705000 0.595000 0.372663
v -0.695000 0.595000 0.372663
v -0.685000 0.595000 0.372663
v -0.675000 0.595000 0.363455
v -0.665000 0.595000 0.354247
v -0.655000 0.595000 0.345039
v -0.645000 0.595000 0.345039
v -0.635000 0.595000 0.345039
v -0.625000 0.595000 0.345039
v -0.615000 0.595000 0.345039
v -0.605000 0.595000 0.354247
v -0.595000 0.595000 0.354247
v -0.585000 0.595000 0.354247
v -0.575000 0.595000 0.363455
v -0.565000 0.595000 0.363455
v -0.555000 0.595000 0.363455
v -0.545000 0.595000 0.372663
v -0.535000 0.595000 0.372663
v -0.525000 0.595000 0.381871
v -0.515000 0.595000 0.381871
v -0.505000 0.595000 0.391078
v -0.495000 0.595000 0.391078
v -0.485000 0.595000 0.400286
v -0.475000 0.595000 0.400286
v -0.465000 0.595000 0.400286
v -0.455000 0.595000 0.400286
v -1.035000 0.605000 0.057223
v -1.025000 0.605000 0.345039
v -1.015000 0.605000 0.345039
v -1.005000 0.605000 0.345039
v -0.995000 0.605000 0.354247
v -0.985000 0.605000 0.363455
v -0.975000 0.605000 0.363455
v -0.965000 0.605000 0.363455
v -0.955000 0.605000 0.363455
v -0.945000 0.605000 0.363455
v -0.935000 0.605000 0.372663
v -0.925000 0.605000 0.372663
v -0.915000 0.605000 0.372663
v -0.905000 0.605000 0.372663
v -0.895000 0.605000 0.381871
v -0.885000 0.605000 0.381871
v -0.875000 0.605000 0.381871
v -0.865000 0.605000 0.381871
v -0.855000 0.605000 0.381871
v -0.845000 0.605000 0.381871
v -0.835000 0.605000 0.381871
v -0.825000 0.605000 0.381871
v -0.815000 0.605000 0.381871
v -0.805000 0.605000 0.381871
v -0.795000 0.605000 0.381871
v -0.785000 0.605000 0.381871
v -0.775000 0.605000 0.381871
v -0.765000 0.605000 0.381871
v -0.755000 0.605000 0.381871
v -0.745000 0.605000 0.381871
v -0.735000 0.605000 0.381871
v -0.725000 0.605000 0.372663
v -0.715000 0.605000 0.372663
v -0.705000 0.605000 0.372663
v -0.695000 0.605000 0.372663
v -0.685000 0.605000 0.363455
v -0.675000 0.605000 0.354247
v -0.665000 0.605000 0.354247
v -0.655000 0.605000 0.345039
v -0.645000 0.605000 0.345039
v -0.635000 0.605000 0.345039
v -0.625000 0.605000 0.345039
v -0.615000 0.605000 0.345039
v -0.605000 0.605000 0.345039
v -0.595000 0.605000 0.345039
v -0.585000 0.605000 0.354247
v -0.575000 0.605000 0.354247
v -0.565000 0.605000 0.354247
v -0.555000 0.605000 0.354247
v -0.545000 0.605000 0.363455
v -0.535000 0.605000 0.372663
v -0.525000 0.605000 0.372663
v -0.515000 0.605000 0.381871
v -0.505000 0.605000 0.381871
v -0.495000 0.605000 0.381871
v -0.485000 0.605000 0.391078
v -0.475000 0.605000 0.391078
v -0.465000 0.605000 0.400286
v -0.455000 0.605000 0.400286
v -1.035000 0.615000 0.057223
v -1.025000 0.615000 0.345039
v -1.015000 0.615000 0.354247
v -1.005000 0.615000 0.354247
v -0.995000 0.615000 0.354247
v -0.985000 0.615000 0.363455
v -0.975000 0.615000 0.363455
v -0.965000 0.615000 0.363455
v -0.955000 0.615000 0.363455
v -0.945000 0.615000 0.372663
v -0.935000 0.615000 0.372663
v -0.925000 0.615000 0.372663
v -0.915000 0.615000 0.381871
v -0.905000 0.615000 0.381871
v -0.895000 0.615000 0.381871
v -0.885000 0.615000 0.381871
v -0.875000 0.615000 0.381871
v -0.865000 0.615000 0.381871
v -0.855000 0.615000 0.381871
v -0.845000 0.615000 0.381871
v -0.835000 0.615000 0.391078
v -0.825000 0.615000 0.391078
v -0.815000 0.615000 0.391078
v -0.805000 0.615000 0.391078
v -0.795000 0.615000 0.381871
v -0.785000 0.615000 0.381871
v -0.775000 0.615000 0.381871
v -0.765000 0.615000 0.381871
v -0.755000 0.615000 0.381871
v -0.745000 0.615000 0.381871
v -0.735000 0.615000 0.381871
v -0.725000 0.615000 0.372663
v -0.715000 0.615000 0.372663
v -0.705000 0.615000 0.372663
v -0.695000 0.615000 0.363455
v -0.685000 0.615000 0.363455
v -0.675000 0.615000 0.354247
v -0.665000 0.615000 0.354247
v -0.655000 0.615000 0.345039
v -0.645000 0.615000 0.345039
v -0.635000 0.615000 0.335831
v -0.625000 0.615000 0.335831
v -0.615000 0.615000 0.335831
v -0.605000 0.615000 0.335831
v -0.595000 0.615000 0.345039
v -0.585000 0.615000 0.345039
v -0.575000 0.615000 0.345039
v -0.565000 0.615000 0.345039
v -0.555000 0.615000 0.354247
v -0.545000 0.615000 0.354247
v -0.535000 0.615000 0.363455
v -0.525000 0.615000 0.363455
v -0.515000 0.615000 0.372663
v -0.505000 0.615000 0.372663
v -0.495000 0.615000 0.381871
v -0.485000 0.615000 0.381871
v -0.475000 0.615000 0.391078
v -0.465000 0.615000 0.391078
v -0.455000 0.615000 0.391078
v -1.035000 0.625000 0.057223
v -1.025000 0.625000 0.345039
v -1.015000 0.625000 0.354247
v -1.005000 0.625000 0.354247
v -0.995000 0.625000 0.363455
v -0.985000 0.625000 0.363455
v -0.975000 0.625000 0.363455
v -0.965000 0.625000 0.363455
v -0.955000 0.625000 0.372663
v -0.945000 0.625000 0.372663
v -0.935000 0.625000 0.372663
v -0.925000 0.625000 0.372663
v -0.915000 0.625000 0.381871
v -0.905000 0.625000 0.381871
v -0.895000 0.625000 0.381871
v -0.885000 0.625000 0.381871
v -0.875000 0.625000 0.381871
v -0.865000 0.625000 0.391078
v -0.855000 0.625000 0.391078
v -0.845000 0.625000 0.391078
v -0.835000 0.625000 0.391078
v -0.825000 0.625000 0.391078
v -0.815000 0.625000 0.391078
v -0.805000 0.625000 0.381871
v -0.795000 0.625000 0.381871
v -0.785000 0.625000 0.381871
v -0.775000 0.625000 0.381871
v -0.765000 0.625000 0.381871
v -0.755000 0.625000 0.381871
v -0.745000 0.625000 0.372663
v -0.735000 0.625000 0.372663
v -0.725000 0.625000 0.372663
v -0.715000 0.625000 0.372663
v -0.705000 0.625000 0.363455
v -0.695000 0.625000 0.363455
v -0.685000 0.625000 0.354247
v -0.675000 0.625000 0.354247
v -0.665000 0.625000 0.345039
v -0.655000 0.625000 0.345039
v -0.645000 0.625000 0.335831
v -0.635000 0.625000 0.335831
v -0.625000 0.625000 0.335831
v -0.615000 0.625000 0.326623
v -0.605000 0.625000 0.326623
v -0.595000 0.625000 0.335831
v -0.585000 0.625000 0.335831
v -0.575000 0.625000 0.335831
v -0.565000 0.625000 0.335831
v -0.555000 0.625000 0.345039
v -0.545000 0.625000 0.345039
v -0.535000 0.625000 0.354247
v -0.525000 0.625000 0.363455
v -0.515000 0.625000 0.363455
v -0.505000 0.625000 0.363455
v -0.495000 0.625000 0.372663
v -0.485000 0.625000 0.372663
v -0.475000 0.625000 0.381871
v -0.465000 0.625000 0.381871
v -0.455000 0.625000 0.381871
v -1.035000 0.635000 0.057223
v -1.025000 0.635000 0.345039
v -1.015000 0.635000 0.354247
v -1.005000 0.635000 0.363455
v -0.995000 0.635000 0.363455
v -0.985000 0.635000 0.363455
v -0.975000 0.635000 0.363455
v -0.965000 0.635000 0.372663
v -0.955000 0.635000 0.372663
v -0.945000 0.635000 0.372663
v -0.935000 0.635000 0.372663
v -0.925000 0.635000 0.381871
v -0.915000 0.635000 0.381871
v -0.905000 0.635000 0.381871
v -0.895000 0.635000 0.381871
v -0.885000 0.635000 0.381871
v -0.875000 0.635000 0.391078
v -0.865000 0.635000 0.391078
v -0.855000 0.635000 0.391078
v -0.845000 0.635000 0.391078
v -0.835000 0.635000 0.391078
v -0.825000 0.635000 0.391078
v -0.815000 0.635000 0.391078
v -0.805000 0.635000 0.381871
v -0.795000 0.635000 0.381871
v -0.785000 0.635000 0.381871
v -0.775000 0.635000 0.381871
v -0.765000 0.635000 0.381871
v -0.755000 0.635000 0.381871
v -0.745000 0.635000 0.372663
v -0.735000 0.635000 0.372663
v -0.725000 0.635000 0.372663
v -0.715000 0.635000 0.363455
v -0.705000 0.635000 0.363455
v -0.695000 0.635000 0.354247
v -0.685000 0.635000 0.354247
v -0.675000 0.635000 0.345039
v -0.665000 0.635000 0.345039
v -0.655000 0.635000 0.345039
v -0.645000 0.635000 0.335831
v -0.635000 0.635000 0.335831
v -0.625000 0.635000 0.326623
v -0.615000 0.635000 0.326623
v -0.605000 0.635000 0.326623
v -0.595000 0.635000 0.326623
v -0.585000 0.635000 0.335831
v -0.575000 0.635000 0.326623
v -0.565000 0.635000 0.335831
v -0.555000 0.635000 0.335831
v -0.545000 0.635000 0.345039
v -0.535000 0.635000 0.345039
v -0.525000 0.635000 0.354247
v -0.515000 0.635000 0.354247
v -0.505000 0.635000 0.363455
v -0.495000 0.635000 0.363455
v -0.485000 0.635000 0.372663
v -0.475000 0.635000 0.372663
v -0.465000 0.635000 0.372663
v -0.455000 0.635000 0.381871
v -1.025000 0.645000 0.057223
v -1.015000 0.645000 0.354247
v -1.005000 0.645000 0.363455
v -0.995000 0.645000 0.363455
v -0.985000 0.645000 0.372663
v -0.975000 0.645000 0.372663
v -0.965000 0.645000 0.372663
v -0.955000 0.645000 0.372663
v -0.945000 0.645000 0.372663
v -0.935000 0.645000 0.381871
v -0.925000 0.645000 0.381871
v -0.915000 0.645000 0.381871
v -0.905000 0.645000 0.381871
v -0.895000 0.645000 0.381871
v -0.885000 0.645000 0.391078
v -0.875000 0.645000 0.391078
v -0.865000 0.645000 0.391078
v -0.855000 0.645000 0.391078
v -0.845000 0.645000 0.391078
v -0.835000 0.645000 0.391078
v -0.825000 0.645000 0.391078
v -0.815000 0.645000 0.391078
v -0.805000 0.645000 0.381871
v -0.795000 0.645000 0.381871
v -0.785000 0.645000 0.381871
v -0.775000 0.645000 0.381871
v -0.765000 0.645000 0.372663
v -0.755000 0.645000 0.372663
v -0.745000 0.645000 0.372663
v -0.735000 0.645000 0.372663
v -0.725000 0.645000 0.363455
v -0.715000 0.645000 0.363455
v -0.705000 0.645000 0.354247
v -0.695000 0.645000 0.354247
v -0.685000 0.645000 0.354247
v -0.675000 0.645000 0.345039
v -0.665000 0.645000 0.345039
v -0.655000 0.645000 0.335831
v -0.645000 0.645000 0.335831
v -0.635000 0.645000 0.326623
v -0.625000 0.645000 0.326623
v -0.615000 0.645000 0.317416
v -0.605000 0.645000 0.317416
v -0.595000 0.645000 0.326623
v -0.585000 0.645000 0.326623
v -0.575000 0.645000 0.326623
v -0.565000 0.645000 0.326623
v -0.555000 0.645000 0.326623
v -0.545000 0.645000 0.335831
v -0.535000 0.645000 0.335831
v -0.525000 0.645000 0.345039
v -0.515000 0.645000 0.354247
v -0.505000 0.645000 0.354247
v -0.495000 0.645000 0.363455
v -0.485000 0.645000 0.363455
v -0.475000 0.645000 0.372663
v -0.465000 0.645000 0.372663
v -0.455000 0.645000 0.372663
v -1.025000 0.655000 0.057223
v -1.015000 0.655000 0.354247
v -1.005000 0.655000 0.363455
v -0.995000 0.655000 0.372663
v -0.985000 0.655000 0.372663
v -0.975000 0.655000 0.372663
v -0.965000 0.655000 0.372663
v -0.955000 0.655000 0.381871
v -0.945000 0.655000 0.381871
v -0.935000 0.655000 0.381871
v -0.925000 0.655000 0.381871
v -0.915000 0.655000 0.381871
v -0.905000 0.655000 0.381871
v -0.895000 0.655000 0.391078
v -0.885000 0.655000 0.391078
v -0.875000 0.655000 0.391078
v -0.865000 0.655000 0.391078
v -0.855000 0.655000 0.391078
v -0.845000 0.655000 0.391078
v -0.835000 0.655000 0.391078
v -0.825000 0.655000 0.391078
v -0.815000 0.655000 0.381871
v -0.805000 0.655000 0.381871
v -0.795000 0.655000 0.381871
v -0.785000 0.655000 0.381871
v -0.775000 0.655000 0.381871
v -0.765000 0.655000 0.372663
v -0.755000 0.655000 0.372663
v -0.745000 0.655000 0.363455
v -0.735000 0.655000 0.372663
v -0.725000 0.655000 0.363455
v -0.715000 0.655000 0.363455
v -0.705000 0.655000 0.354247
v -0.695000 0.655000 0.354247
v -0.685000 0.655000 0.354247
v -0.675000 0.655000 0.345039
v -0.665000 0.655000 0.335831
v -0.655000 0.655000 0.335831
v -0.645000 0.655000 0.335831
v -0.635000 0.655000 0.326623
v -0.625000 0.655000 0.317416
v -0.615000 0.655000 0.317416
v -0.605000 0.655000 0.317416
v -0.595000 0.655000 0.317416
v -0.585000 0.655000 0.317416
v -0.575000 0.655000 0.317416
v -0.565000 0.655000 0.317416
v -0.555000 0.655000 0.326623
v -0.545000 0.655000 0.326623
v -0.535000 0.655000 0.335831
v -0.525000 0.655000 0.335831
v -0.515000 0.655000 0.345039
v -0.505000 0.655000 0.354247
v -0.495000 0.655000 0.354247
v -0.485000 0.655000 0.354247
v -0.475000 0.655000 0.363455
v -0.465000 0.655000 0.363455
v -0.455000 0.655000 0.372663
v -1.025000 0.665000 0.057223
v -1.015000 0.665000 0.354247
v -1.005000 0.665000 0.363455
v -0.995000 0.665000 0.372663
v -0.985000 0.665000 0.372663
v -0.975000 0.665000 0.372663
v -0.965000 0.665000 0.372663
v -0.955000 0.665000 0.381871
v -0.945000 0.665000 0.381871
v -0.935000 0.665000 0.381871
v -0.925000 0.665000 0.381871
v -0.915000 0.665000 0.381871
v -0.905000 0.665000 0.391078
v -0.895000 0.665000 0.391078
v -0.885000 0.665000 0.391078
v -0.875000 0.665000 0.391078
v -0.865000 0.665000 0.391078
v -0.855000 0.665000 0.391078
v -0.845000 0.665000 0.391078
v -0.835000 0.665000 0.391078
v -0.825000 0.665000 0.381871
v -0.815000 0.665000 0.381871
v -0.805000 0.665000 0.381871
v -0.795000 0.665000 0.381871
v -0.785000 0.665000 0.372663
v -0.775000 0.665000 0.372663
v -0.765000 0.665000 0.372663
v -0.755000 0.665000 0.372663
v -0.745000 0.665000 0.363455
v -0.735000 0.665000 0.363455
v -0.725000 0.665000 0.363455
v -0.715000 0.665000 0.354247
v -0.705000 0.665000 0.354247
v -0.695000 0.665000 0.354247
v -0.685000 0.665000 0.345039
v -0.675000 0.665000 0.345039
v -0.665000 0.665000 0.335831
v -0.655000 0.665000 0.335831
v -0.645000 0.665000 0.326623
v -0.635000 0.665000 0.326623
v -0.625000 0.665000 0.317416
v -0.615000 0.665000 0.317416
v -0.605000 0.665000 0.317416
v -0.595000 0.665000 0.317416
v -0.585000 0.665000 0.317416
v -0.575000 0.665000 0.317416
v -0.565000 0.665000 0.317416
v -0.555000 0.665000 0.317416
v -0.545000 0.665000 0.317416
v -0.535000 0.665000 0.326623
v -0.525000 0.665000 0.326623
v -0.515000 0.665000 0.335831
v -0.505000 0.665000 0.345039
v -0.495000 0.665000 0.345039
v -0.485000 0.665000 0.354247
v -0.475000 0.665000 0.354247
v -0.465000 0.665000 0.363455
v -0.455000 0.665000 0.363455
v -1.025000 0.675000 0.057223
v -1.015000 0.675000 0.354247
v -1.005000 0.675000 0.372663
v -0.995000 0.675000 0.372663
v -0.985000 0.675000 0.372663
v -0.975000 0.675000 0.381871
v -0.965000 0.675000 0.381871
v -0.955000 0.675000 0.381871
v -0.945000 0.675000 0.381871
v -0.935000 0.675000 0.381871
v -0.925000 0.675000 0.381871
v -0.915000 0.675000 0.391078
v -0.905000 0.675000 0.391078
v -0.895000 0.675000 0.391078
v -0.885000 0.675000 0.391078
v -0.875000 0.675000 0.391078
v -0.865000 0.675000 0.391078
v -0.855000 0.675000 0.391078
v -0.845000 0.675000 0.391078
v -0.835000 0.675000 0.381871
v -0.825000 0.675000 0.381871
v -0.815000 0.675000 0.381871
v -0.805000 0.675000 0.381871
v -0.795000 0.675000 0.381871
v -0.785000 0.675000 0.372663
v -0.775000 0.675000 0.372663
v -0.765000 0.675000 0.372663
v -0.755000 0.675000 0.363455
v -0.745000 0.675000 0.363455
v -0.735000 0.675000 0.363455
v -0.725000 0.675000 0.354247
v -0.715000 0.675000 0.354247
v -0.705000 0.675000 0.354247
v -0.695000 0.675000 0.345039
v -0.685000 0.675000 0.345039
v -0.675000 0.675000 0.345039
v -0.665000 0.675000 0.335831
v -0.655000 0.675000 0.326623
v -0.645000 0.675000 0.326623
v -0.635000 0.675000 0.326623
v -0.625000 0.675000 0.317416
v -0.615000 0.675000 0.308208
v -0.605000 0.675000 0.317416
v -0.595000 0.675000 0.308208
v -0.585000 0.675000 0.308208
v -0.575000 0.675000 0.308208
v -0.565000 0.675000 0.308208
v -0.555000 0.675000 0.308208
v -0.545000 0.675000 0.317416
v -0.535000 0.675000 0.317416
v -0.525000 0.675000 0.326623
v -0.515000 0.675000 0.326623
v -0.505000 0.675000 0.335831
v -0.495000 0.675000 0.335831
v -0.485000 0.675000 0.345039
v -0.475000 0.675000 0.354247
v -0.465000 0.675000 0.354247
v -0.455000 0.675000 0.354247
v -1.025000 0.685000 0.057223
v -1.015000 0.685000 0.363455
v -1.005000 0.685000 0.372663
v -0.995000 0.685000 0.372663
v -0.985000 0.685000 0.381871
v -0.975000 0.685000 0.381871
v -0.965000 0.685000 0.381871
v -0.955000 0.685000 0.381871
v -0.945000 0.685000 0.381871
v -0.935000 0.685000 0.381871
v -0.925000 0.685000 0.391078
v -0.915000 0.685000 0.391078
v -0.905000 0.685000 0.391078
v -0.895000 0.685000 0.391078
v -0.885000 0.685000 0.391078
v -0.875000 0.685000 0.391078
v -0.865000 0.685000 0.391078
v -0.855000 0.685000 0.391078
v -0.845000 0.685000 0.391078
v -0.835000 0.685000 0.381871
v -0.825000 0.685000 0.381871
v -0.815000 0.685000 0.381871
v -0.805000 0.685000 0.381871
v -0.795000 0.685000 0.381871
v -0.785000 0.685000 0.372663
v -0.775000 0.685000 0.372663
v -0.765000 0.685000 0.372663
v -0.755000 0.685000 0.363455
v -0.745000 0.685000 0.363455
v -0.735000 0.685000 0.363455
v -0.725000 0.685000 0.354247
v -0.715000 0.685000 0.354247
v -0.705000 0.685000 0.345039
v -0.695000 0.685000 0.345039
v -0.685000 0.685000 0.345039
v -0.675000 0.685000 0.335831
v -0.665000 0.685000 0.326623
v -0.655000 0.685000 0.326623
v -0.645000 0.685000 0.326623
v -0.635000 0.685000 0.317416
v -0.625000 0.685000 0.317416
v -0.615000 0.685000 0.308208
v -0.605000 0.685000 0.308208
v -0.595000 0.685000 0.308208
v -0.585000 0.685000 0.308208
v -0.575000 0.685000 0.308208
v -0.565000 0.685000 0.308208
v -0.555000 0.685000 0.308208
v -0.545000 0.685000 0.308208
v -0.535000 0.685000 0.317416
v -0.525000 0.685000 0.317416
v -0.515000 0.685000 0.317416
v -0.505000 0.685000 0.326623
v -0.495000 0.685000 0.335831
v -0.485000 0.685000 0.335831
v -0.475000 0.685000 0.345039
v -0.465000 0.685000 0.345039
v -0.455000 0.685000 0.345039
v -1.015000 0.695000 0.057223
v -1.005000 0.695000 0.372663
v -0.995000 0.695000 0.381871
v -0.985000 0.695000 0.381871
v -0.975000 0.695000 0.381871
v -0.965000 0.695000 0.381871
v -0.955000 0.695000 0.381871
v -0.945000 0.695000 0.381871
v -0.935000 0.695000 0.391078
v -0.925000 0.695000 0.391078
v -0.915000 0.695000 0.391078
v -0.905000 0.695000 0.391078
v -0.895000 0.695000 0.391078
v -0.885000 0.695000 0.391078
v -0.875000 0.695000 0.391078
v -0.865000 0.695000 0.391078
v -0.855000 0.695000 0.391078
v -0.845000 0.695000 0.391078
v -0.835000 0.695000 0.381871
v -0.825000 0.695000 0.381871
v -0.815000 0.695000 0.381871
v -0.805000 0.695000 0.381871
v -0.795000 0.695000 0.372663
v -0.785000 0.695000 0.372663
v -0.775000 0.695000 0.363455
v -0.765000 0.695000 0.363455
v -0.755000 0.695000 0.363455
v -0.745000 0.695000 0.354247
v -0.735000 0.695000 0.354247
v -0.725000 0.695000 0.354247
v -0.715000 0.695000 0.354247
v -0.705000 0.695000 0.345039
v -0.695000 0.695000 0.345039
v -0.685000 0.695000 0.335831
v -0.675000 0.695000 0.335831
v -0.665000 0.695000 0.326623
v -0.655000 0.695000 0.326623
v -0.645000 0.695000 0.317416
v -0.635000 0.695000 0.317416
v -0.625000 0.695000 0.308208
v -0.615000 0.695000 0.308208
v -0.605000 0.695000 0.308208
v -0.595000 0.695000 0.308208
v -0.585000 0.695000 0.299000
v -0.575000 0.695000 0.299000
v -0.565000 0.695000 0.299000
v -0.555000 0.695000 0.299000
v -0.545000 0.695000 0.308208
v -0.535000 0.695000 0.308208
v -0.525000 0.695000 0.308208
v -0.515000 0.695000 0.317416
v -0.505000 0.695000 0.317416
v -0.495000 0.695000 0.326623
v -0.485000 0.695000 0.335831
v -0.475000 0.695000 0.335831
v -0.465000 0.695000 0.335831
v -0.455000 0.695000 0.345039
v -1.015000 0.705000 0.057223
v -1.005000 0.705000 0.372663
v -0.995000 0.705000 0.381871
v -0.985000 0.705000 0.381871
v -0.975000 0.705000 0.381871
v -0.965000 0.705000 0.381871
v -0.955000 0.705000 0.381871
v -0.945000 0.705000 0.391078
v -0.935000 0.705000 0.391078
v -0.925000 0.705000 0.391078
v -0.915000 0.705000 0.391078
v -0.905000 0.705000 0.391078
v -0.895000 0.705000 0.391078
v -0.885000 0.705000 0.391078
v -0.875000 0.705000 0.391078
v -0.865000 0.705000 0.391078
v -0.855000 0.705000 0.391078
v -0.845000 0.705000 0.381871
v -0.835000 0.705000 0.381871
v -0.825000 0.705000 0.381871
v -0.815000 0.705000 0.381871
v -0.805000 0.705000 0.381871
v -0.795000 0.705000 0.372663
v -0.785000 0.705000 0.372663
v -0.775000 0.705000 0.363455
v -0.765000 0.705000 0.363455
v -0.755000 0.705000 0.363455
v -0.745000 0.705000 0.354247
v -0.735000 0.705000 0.354247
v -0.725000 0.705000 0.345039
v -0.715000 0.705000 0.345039
v -0.705000 0.705000 0.345039
v -0.695000 0.705000 0.335831
v -0.685000 0.705000 0.335831
v -0.675000 0.705000 0.335831
v -0.665000 0.705000 0.326623
v -0.655000 0.705000 0.317416
v -0.645000 0.705000 0.317416
v -0.635000 0.705000 0.317416
v -0.625000 0.705000 0.308208
v -0.615000 0.705000 0.308208
v -0.605000 0.705000 0.308208
v -0.595000 0.705000 0.299000
v -0.585000 0.705000 0.299000
v -0.575000 0.705000 0.299000
v -0.565000 0.705000 0.299000
v -0.555000 0.705000 0.299000
v -0.545000 0.705000 0.299000
v -0.535000 0.705000 0.299000
v -0.525000 0.705000 0.299000
v -0.515000 0.705000 0.308208
v -0.505000 0.705000 0.308208
v -0.495000 0.705000 0.317416
v -0.485000 0.705000 0.326623
v -0.475000 0.705000 0.326623
v -0.465000 0.705000 0.326623
v -0.455000 0.705000 0.335831
v -1.005000 0.715000 0.057223
v -0.995000 0.715000 0.381871
v -0.985000 0.715000 0.381871
v -0.975000 0.715000 0.381871
v -0.965000 0.715000 0.381871
v -0.955000 0.715000 0.381871
v -0.945000 0.715000 0.391078
v -0.935000 0.715000 0.391078
v -0.925000 0.715000 0.391078
v -0.915000 0.715000 0.391078
v -0.905000 0.715000 0.391078
v -0.895000 0.715000 0.391078
v -0.885000 0.715000 0.391078
v -0.875000 0.715000 0.391078
v -0.865000 0.715000 0.391078
v -0.855000 0.715000 0.391078
v -0.845000 0.715000 0.381871
v -0.835000 0.715000 0.381871
v -0.825000 0.715000 0.381871
v -0.815000 0.715000 0.381871
v -0.805000 0.715000 0.381871
v -0.795000 0.715000 0.372663
v -0.785000 0.715000 0.372663
v -0.775000 0.715000 0.363455
v -0.765000 0.715000 0.363455
v -0.755000 0.715000 0.354247
v -0.745000 0.715000 0.354247
v -0.735000 0.715000 0.354247
v -0.725000 0.715000 0.345039
v -0.715000 0.715000 0.345039
v -0.705000 0.715000 0.335831
v -0.695000 0.715000 0.335831
v -0.685000 0.715000 0.326623
v -0.675000 0.715000 0.326623
v -0.665000 0.715000 0.317416
v -0.655000 0.715000 0.317416
v -0.645000 0.715000 0.308208
v -0.635000 0.715000 0.308208
v -0.625000 0.715000 0.308208
v -0.615000 0.715000 0.299000
v -0.605000 0.715000 0.299000
v -0.595000 0.715000 0.299000
v -0.585000 0.715000 0.299000
v -0.575000 0.715000 0.299000
v -0.565000 0.715000 0.299000
v -0.555000 0.715000 0.299000
v -0.545000 0.715000 0.299000
v -0.535000 0.715000 0.299000
v -0.525000 0.715000 0.299000
v -0.515000 0.715000 0.299000
v -0.505000 0.715000 0.308208
v -0.495000 0.715000 0.317416
v -0.485000 0.715000 0.317416
v -0.475000 0.715000 0.317416
v -0.465000 0.715000 0.326623
v -0.455000 0.715000 0.335831
v -1.005000 0.725000 0.057223
v -0.995000 0.725000 0.381871
v -0.985000 0.725000 0.381871
v -0.975000 0.725000 0.381871
v -0.965000 0.725000 0.391078
v -0.955000 0.725000 0.391078
v -0.945000 0.725000 0.391078
v -0.935000 0.725000 0.391078
v -0.925000 0.725000 0.391078
v -0.915000 0.725000 0.391078
v -0.905000 0.725000 0.391078
v -0.895000 0.725000 0.391078
v -0.885000 0.725000 0.391078
v -0.875000 0.725000 0.391078
v -0.865000 0.725000 0.391078
v -0.855000 0.725000 0.391078
v -0.845000 0.725000 0.381871
v -0.835000 0.725000 0.381871
v -0.825000 0.725000 0.381871
v -0.815000 0.725000 0.381871
v -0.805000 0.725000 0.381871
v -0.795000 0.725000 0.372663
v -0.785000 0.725000 0.372663
v -0.775000 0.725000 0.363455
v -0.765000 0.725000 0.363455
v -0.755000 0.725000 0.354247
v -0.745000 0.725000 0.354247
v -0.735000 0.725000 0.345039
v -0.725000 0.725000 0.345039
v -0.715000 0.725000 0.345039
v -0.705000 0.725000 0.335831
v -0.695000 0.725000 0.335831
v -0.685000 0.725000 0.326623
v -0.675000 0.725000 0.326623
v -0.665000 0.725000 0.317416
v -0.655000 0.725000 0.317416
v -0.645000 0.725000 0.308208
v -0.635000 0.725000 0.308208
v -0.625000 0.725000 0.308208
v -0.615000 0.725000 0.299000
v -0.605000 0.725000 0.299000
v -0.595000 0.725000 0.299000
v -0.585000 0.725000 0.299000
v -0.575000 0.725000 0.295482
v -0.565000 0.725000 0.295482
v -0.555000 0.725000 0.295482
v -0.545000 0.725000 0.295482
v -0.535000 0.725000 0.295482
v -0.525000 0.725000 0.299000
v -0.515000 0.725000 0.299000
v -0.505000 0.725000 0.299000
v -0.495000 0.725000 0.308208
v -0.485000 0.725000 0.308208
v -0.475000 0.725000 0.317416
v -0.465000 0.725000 0.317416
v -0.455000 0.725000 0.326623
v -1.005000 0.735000 0.057223
v -0.995000 0.735000 0.381871
v -0.985000 0.735000 0.381871
v -0.975000 0.735000 0.391078
v -0.965000 0.735000 0.391078
v -0.955000 0.735000 0.391078
v -0.945000 0.735000 0.391078
v -0.935000 0.735000 0.391078
v -0.925000 0.735000 0.391078
v -0.915000 0.735000 0.391078
v -0.905000 0.735000 0.391078
v -0.895000 0.735000 0.391078
v -0.885000 0.735000 0.391078
v -0.875000 0.735000 0.391078
v -0.865000 0.735000 0.391078
v -0.855000 0.735000 0.391078
v -0.845000 0.735000 0.381871
v -0.835000 0.735000 0.381871
v -0.825000 0.735000 0.381871
v -0.815000 0.735000 0.381871
v -0.805000 0.735000 0.372663
v -0.795000 0.735000 0.372663
v -0.785000 0.735000 0.372663
v -0.775000 0.735000 0.363455
v -0.765000 0.735000 0.354247
v -0.755000 0.735000 0.354247
v -0.745000 0.735000 0.354247
v -0.735000 0.735000 0.345039
v -0.725000 0.735000 0.345039
v -0.715000 0.735000 0.345039
v -0.705000 0.735000 0.335831
v -0.695000 0.735000 0.335831
v -0.685000 0.735000 0.326623
v -0.675000 0.735000 0.326623
v -0.665000 0.735000 0.317416
v -0.655000 0.735000 0.308208
v -0.645000 0.735000 0.308208
v -0.635000 0.735000 0.308208
v -0.625000 0.735000 0.299000
v -0.615000 0.735000 0.299000
v -0.605000 0.735000 0.299000
v -0.595000 0.735000 0.299000
v -0.585000 0.735000 0.295482
v -0.575000 0.735000 0.295482
v -0.565000 0.735000 0.295482
v -0.555000 0.735000 0.295482
v -0.545000 0.735000 0.295482
v -0.535000 0.735000 0.295482
v -0.525000 0.735000 0.295482
v -0.515000 0.735000 0.295482
v -0.505000 0.735000 0.299000
v -0.495000 0.735000 0.299000
v -0.485000 0.735000 0.308208
v -0.475000 0.735000 0.308208
v -0.465000 0.735000 0.308208
v -0.455000 0.735000 0.317416
v -1.005000 0.745000 0.057223
v -0.995000 0.745000 0.381871
v -0.985000 0.745000 0.391078
v -0.975000 0.745000 0.391078
v -0.965000 0.745000 0.391078
v -0.955000 0.745000 0.391078
v -0.945000 0.745000 0.391078
v -0.935000 0.745000 0.391078
v -0.925000 0.745000 0.391078
v -0.915000 0.745000 0.391078
v -0.905000 0.745000 0.391078
v -0.895000 0.745000 0.391078
v -0.885000 0.745000 0.391078
v -0.875000 0.745000 0.391078
v -0.865000 0.745000 0.391078
v -0.855000 0.745000 0.381871
v -0.845000 0.745000 0.381871
v -0.835000 0.745000 0.381871
v -0.825000 0.745000 0.381871
v -0.815000 0.745000 0.372663
v -0.805000 0.745000 0.372663
v -0.795000 0.745000 0.372663
v -0.785000 0.745000 0.363455
v -0.775000 0.745000 0.363455
v -0.765000 0.745000 0.354247
v -0.755000 0.745000 0.354247
v -0.745000 0.745000 0.345039
v -0.735000 0.745000 0.345039
v -0.725000 0.745000 0.345039
v -0.715000 0.745000 0.335831
v -0.705000 0.745000 0.335831
v -0.695000 0.745000 0.335831
v -0.685000 0.745000 0.326623
v -0.675000 0.745000 0.317416
v -0.665000 0.745000 0.317416
v -0.655000 0.745000 0.308208
v -0.645000 0.745000 0.308208
v -0.635000 0.745000 0.308208
v -0.625000 0.745000 0.299000
v -0.615000 0.745000 0.299000
v -0.605000 0.745000 0.299000
v -0.595000 0.745000 0.295482
v -0.585000 0.745000 0.295482
v -0.575000 0.745000 0.295482
v -0.565000 0.745000 0.295482
v -0.555000 0.745000 0.295482
v -0.545000 0.745000 0.295482
v -0.535000 0.745000 0.290792
v -0.525000 0.745000 0.290792
v -0.515000 0.745000 0.295482
v -0.505000 0.745000 0.295482
v -0.495000 0.745000 0.295482
v -0.485000 0.745000 0.299000
v -0.475000 0.745000 0.299000
v -0.465000 0.745000 0.299000
v -0.455000 0.745000 0.308208
v -1.005000 0.755000 0.057223
v -0.995000 0.755000 0.381871
v -0.985000 0.755000 0.391078
v -0.975000 0.755000 0.391078
v -0.965000 0.755000 0.391078
v -0.955000 0.755000 0.391078
v -0.945000 0.755000 0.391078
v -0.935000 0.755000 0.391078
v -0.925000 0.755000 0.391078
v -0.915000 0.755000 0.391078
v -0.905000 0.755000 0.391078
v -0.895000 0.755000 0.391078
v -0.885000 0.755000 0.391078
v -0.875000 0.755000 0.391078
v -0.865000 0.755000 0.391078
v -0.855000 0.755000 0.381871
v -0.845000 0.755000 0.381871
v -0.835000 0.755000 0.381871
v -0.825000 0.755000 0.381871
v -0.815000 0.755000 0.372663
v -0.805000 0.755000 0.372663
v -0.795000 0.755000 0.372663
v -0.785000 0.755000 0.363455
v -0.775000 0.755000 0.363455
v -0.765000 0.755000 0.354247
v -0.755000 0.755000 0.354247
v -0.745000 0.755000 0.345039
v -0.735000 0.755000 0.345039
v -0.725000 0.755000 0.345039
v -0.715000 0.755000 0.335831
v -0.705000 0.755000 0.335831
v -0.695000 0.755000 0.326623
v -0.685000 0.755000 0.326623
v -0.675000 0.755000 0.317416
v -0.665000 0.755000 0.308208
v -0.655000 0.755000 0.308208
v -0.645000 0.755000 0.299000
v -0.635000 0.755000 0.299000
v -0.625000 0.755000 0.299000
v -0.615000 0.755000 0.299000
v -0.605000 0.755000 0.295482
v -0.595000 0.755000 0.295482
v -0.585000 0.755000 0.295482
v -0.575000 0.755000 0.295482
v -0.565000 0.755000 0.290792
v -0.555000 0.755000 0.290792
v -0.545000 0.755000 0.290792
v -0.535000 0.755000 0.290792
v -0.525000 0.755000 0.290792
v -0.515000 0.755000 0.290792
v -0.505000 0.755000 0.290792
v -0.495000 0.755000 0.290792
v -0.485000 0.755000 0.295482
v -0.475000 0.755000 0.295482
v -0.465000 0.755000 0.295482
v -0.455000 0.755000 0.299000
v -1.005000 0.765000 0.057223
v -0.995000 0.765000 0.381871
v -0.985000 0.765000 0.391078
v -0.975000 0.765000 0.391078
v -0.965000 0.765000 0.391078
v -0.955000 0.765000 0.391078
v -0.945000 0.765000 0.391078
v -0.935000 0.765000 0.391078
v -0.925000 0.765000 0.391078
v -0.915000 0.765000 0.391078
v -0.905000 0.765000 0.391078
v -0.895000 0.765000 0.391078
v -0.885000 0.765000 0.391078
v -0.875000 0.765000 0.391078
v -0.865000 0.765000 0.391078
v -0.855000 0.765000 0.381871
v -0.845000 0.765000 0.381871
v -0.835000 0.765000 0.381871
v -0.825000 0.765000 0.381871
v -0.815000 0.765000 0.372663
v -0.805000 0.765000 0.372663
v -0.795000 0.765000 0.372663
v -0.785000 0.765000 0.363455
v -0.775000 0.765000 0.363455
v -0.765000 0.765000 0.354247
v -0.755000 0.765000 0.345039
v -0.745000 0.765000 0.345039
v -0.735000 0.765000 0.345039
v -0.725000 0.765000 0.335831
v -0.715000 0.765000 0.335831
v -0.705000 0.765000 0.335831
v -0.695000 0.765000 0.326623
v -0.685000 0.765000 0.317416
v -0.675000 0.765000 0.317416
v -0.665000 0.765000 0.308208
v -0.655000 0.765000 0.299000
v -0.645000 0.765000 0.299000
v -0.635000 0.765000 0.299000
v -0.625000 0.765000 0.295482
v -0.615000 0.765000 0.295482
v -0.605000 0.765000 0.295482
v -0.595000 0.765000 0.295482
v -0.585000 0.765000 0.290792
v -0.575000 0.765000 0.290792
v -0.565000 0.765000 0.290792
v -0.555000 0.765000 0.290792
v -0.545000 0.765000 0.290792
v -0.535000 0.765000 0.286102
v -0.525000 0.765000 0.286102
v -0.515000 0.765000 0.286102
v -0.505000 0.765000 0.286102
v -0.495000 0.765000 0.290792
v -0.485000 0.765000 0.290792
v -0.475000 0.765000 0.295482
v -0.465000 0.765000 0.295482
v -0.455000 0.765000 0.295482
v -0.995000 0.775000 0.057223
v -0.985000 0.775000 0.391078
v -0.975000 0.775000 0.391078
v -0.965000 0.775000 0.391078
v -0.955000 0.775000 0.391078
v -0.945000 0.775000 0.391078
v -0.935000 0.775000 0.391078
v -0.925000 0.775000 0.391078
v -0.915000 0.775000 0.391078
v -0.905000 0.775000 0.391078
v -0.895000 0.775000 0.391078
v -0.885000 0.775000 0.391078
v -0.875000 0.775000 0.391078
v -0.865000 0.775000 0.391078
v -0.855000 0.775000 0.381871
v -0.845000 0.775000 0.381871
v -0.835000 0.775000 0.381871
v -0.825000 0.775000 0.372663
v -0.815000 0.775000 0.372663
v -0.805000 0.775000 0.372663
v -0.795000 0.775000 0.363455
v -0.785000 0.775000 0.363455
v -0.775000 0.775000 0.354247
v -0.765000 0.775000 0.354247
v -0.755000 0.775000 0.345039
v -0.745000 0.775000 0.345039
v -0.735000 0.775000 0.335831
v -0.725000 0.775000 0.335831
v -0.715000 0.775000 0.335831
v -0.705000 0.775000 0.326623
v -0.695000 0.775000 0.326623
v -0.685000 0.775000 0.317416
v -0.675000 0.775000 0.308208
v -0.665000 0.775000 0.299000
v -0.655000 0.775000 0.299000
v -0.645000 0.775000 0.299000
v -0.635000 0.775000 0.295482
v -0.625000 0.775000 0.295482
v -0.615000 0.775000 0.295482
v -0.605000 0.775000 0.295482
v -0.595000 0.775000 0.290792
v -0.585000 0.775000 0.290792
v -0.575000 0.775000 0.290792
v -0.565000 0.775000 0.290792
v -0.555000 0.775000 0.286102
v -0.545000 0.775000 0.286102
v -0.535000 0.775000 0.286102
v -0.525000 0.775000 0.286102
v -0.515000 0.775000 0.286102
v -0.505000 0.775000 0.286102
v -0.495000 0.775000 0.286102
v -0.485000 0.775000 0.286102
v -0.475000 0.775000 0.290792
v -0.465000 0.775000 0.290792
v -0.455000 0.775000 0.295482
v -0.995000 0.785000 0.057223
v -0.985000 0.785000 0.381871
v -0.975000 0.785000 0.391078
v -0.965000 0.785000 0.391078
v -0.955000 0.785000 0.391078
v -0.945000 0.785000 0.391078
v -0.935000 0.785000 0.391078
v -0.925000 0.785000 0.391078
v -0.915000 0.785000 0.391078
v -0.905000 0.785000 0.391078
v -0.895000 0.785000 0.391078
v -0.885000 0.785000 0.391078
v -0.875000 0.785000 0.391078
v -0.865000 0.785000 0.381871
v -0.855000 0.785000 0.381871
v -0.845000 0.785000 0.381871
v -0.835000 0.785000 0.381871
v -0.825000 0.785000 0.372663
v -0.815000 0.785000 0.372663
v -0.805000 0.785000 0.372663
v -0.795000 0.785000 0.363455
v -0.785000 0.785000 0.363455
v -0.775000 0.785000 0.354247
v -0.765000 0.785000 0.354247
v -0.755000 0.785000 0.345039
v -0.745000 0.785000 0.345039
v -0.735000 0.785000 0.335831
v -0.725000 0.785000 0.335831
v -0.715000 0.785000 0.326623
v -0.705000 0.785000 0.326623
v -0.695000 0.785000 0.326623
v -0.685000 0.785000 0.308208
v -0.675000 0.785000 0.308208
v -0.665000 0.785000 0.299000
v -0.655000 0.785000 0.299000
v -0.645000 0.785000 0.295482
v -0.635000 0.785000 0.295482
v -0.625000 0.785000 0.295482
v -0.615000 0.785000 0.295482
v -0.605000 0.785000 0.290792
v -0.595000 0.785000 0.290792
v -0.585000 0.785000 0.290792
v -0.575000 0.785000 0.286102
v -0.565000 0.785000 0.286102
v -0.555000 0.785000 0.286102
v -0.545000 0.785000 0.286102
v -0.535000 0.785000 0.286102
v -0.525000 0.785000 0.286102
v -0.515000 0.785000 0.286102
v -0.505000 0.785000 0.281412
v -0.495000 0.785000 0.281412
v -0.485000 0.785000 0.286102
v -0.475000 0.785000 0.286102
v -0.465000 0.785000 0.286102
v -0.455000 0.785000 0.290792
v -0.995000 0.795000 0.057223
v -0.985000 0.795000 0.381871
v -0.975000 0.795000 0.391078
v -0.965000 0.795000 0.391078
v -0.955000 0.795000 0.391078
v -0.945000 0.795000 0.391078
v -0.935000 0.795000 0.391078
v -0.925000 0.795000 0.391078
v -0.915000 0.795000 0.391078
v -0.905000 0.795000 0.391078
v -0.895000 0.795000 0.391078
v -0.885000 0.795000 0.391078
v -0.875000 0.795000 0.391078
v -0.865000 0.795000 0.381871
v -0.855000 0.795000 0.381871
v -0.845000 0.795000 0.381871
v -0.835000 0.795000 0.372663
v -0.825000 0.795000 0.372663
v -0.815000 0.795000 0.372663
v -0.805000 0.795000 0.363455
v -0.795000 0.795000 0.363455
v -0.785000 0.795000 0.363455
v -0.775000 0.795000 0.354247
v -0.765000 0.795000 0.345039
v -0.755000 0.795000 0.345039
v -0.745000 0.795000 0.335831
v -0.735000 0.795000 0.335831
v -0.725000 0.795000 0.326623
v -0.715000 0.795000 0.326623
v -0.705000 0.795000 0.326623
v -0.695000 0.795000 0.326623
v -0.685000 0.795000 0.308208
v -0.675000 0.795000 0.299000
v -0.665000 0.795000 0.299000
v -0.655000 0.795000 0.295482
v -0.645000 0.795000 0.295482
v -0.635000 0.795000 0.295482
v -0.625000 0.795000 0.290792
v -0.615000 0.795000 0.290792
v -0.605000 0.795000 0.290792
v -0.595000 0.795000 0.290792
v -0.585000 0.795000 0.286102
v -0.575000 0.795000 0.286102
v -0.565000 0.795000 0.286102
v -0.555000 0.795000 0.286102
v -0.545000 0.795000 0.286102
v -0.535000 0.795000 0.281412
v -0.525000 0.795000 0.281412
v -0.515000 0.795000 0.281412
v -0.505000 0.795000 0.281412
v -0.495000 0.795000 0.281412
v -0.485000 0.795000 0.281412
v -0.475000 0.795000 0.286102
v -0.465000 0.795000 0.286102
v -0.455000 0.795000 0.286102
v -0.995000 0.805000 0.057223
v -0.985000 0.805000 0.372663
v -0.975000 0.805000 0.391078
v -0.965000 0.805000 0.391078
v -0.955000 0.805000 0.391078
v -0.945000 0.805000 0.391078
v -0.935000 0.805000 0.391078
v -0.925000 0.805000 0.391078
v -0.915000 0.805000 0.391078
v -0.905000 0.805000 0.391078
v -0.895000 0.805000 0.391078
v -0.885000 0.805000 0.391078
v -0.875000 0.805000 0.381871
v -0.865000 0.805000 0.381871
v -0.855000 0.805000 0.381871
v -0.845000 0.805000 0.372663
v -0.835000 0.805000 0.372663
v -0.825000 0.805000 0.372663
v -0.815000 0.805000 0.372663
v -0.805000 0.805000 0.363455
v -0.795000 0.805000 0.363455
v -0.785000 0.805000 0.363455
v -0.775000 0.805000 0.354247
v -0.765000 0.805000 0.345039
v -0.755000 0.805000 0.335831
v -0.745000 0.805000 0.335831
v -0.735000 0.805000 0.335831
v -0.725000 0.805000 0.326623
v -0.715000 0.805000 0.326623
v -0.705000 0.805000 0.326623
v -0.695000 0.805000 0.317416
v -0.685000 0.805000 0.308208
v -0.675000 0.805000 0.299000
v -0.665000 0.805000 0.295482
v -0.655000 0.805000 0.295482
v -0.645000 0.805000 0.295482
v -0.635000 0.805000 0.290792
v -0.625000 0.805000 0.290792
v -0.615000 0.805000 0.290792
v -0.605000 0.805000 0.290792
v -0.595000 0.805000 0.286102
v -0.585000 0.805000 0.286102
v -0.575000 0.805000 0.286102
v -0.565000 0.805000 0.286102
v -0.555000 0.805000 0.286102
v -0.545000 0.805000 0.281412
v -0.535000 0.805000 0.281412
v -0.525000 0.805000 0.281412
v -0.515000 0.805000 0.281412
v -0.505000 0.805000 0.281412
v -0.495000 0.805000 0.281412
v -0.485000 0.805000 0.281412
v -0.475000 0.805000 0.281412
v -0.465000 0.805000 0.281412
v -0.455000 0.805000 0.286102
v -0.995000 0.815000 0.057223
v -0.985000 0.815000 0.372663
v -0.975000 0.815000 0.391078
v -0.965000 0.815000 0.391078
v -0.955000 0.815000 0.391078
v -0.945000 0.815000 0.391078
v -0.935000 0.815000 0.391078
v -0.925000 0.815000 0.391078
v -0.915000 0.815000 0.391078
v -0.905000 0.815000 0.391078
v -0.895000 0.815000 0.391078
v -0.885000 0.815000 0.381871
v -0.875000 0.815000 0.381871
v -0.865000 0.815000 0.381871
v -0.855000 0.815000 0.381871
v -0.845000 0.815000 0.372663
v -0.835000 0.815000 0.372663
v -0.825000 0.815000 0.372663
v -0.815000 0.815000 0.363455
v -0.805000 0.815000 0.363455
v -0.795000 0.815000 0.363455
v -0.785000 0.815000 0.354247
v -0.775000 0.815000 0.354247
v -0.765000 0.815000 0.345039
v -0.755000 0.815000 0.335831
v -0.745000 0.815000 0.335831
v -0.735000 0.815000 0.335831
v -0.725000 0.815000 0.326623
v -0.715000 0.815000 0.326623
v -0.705000 0.815000 0.317416
v -0.695000 0.815000 0.317416
v -0.685000 0.815000 0.308208
v -0.675000 0.815000 0.299000
v -0.665000 0.815000 0.295482
v -0.655000 0.815000 0.295482
v -0.645000 0.815000 0.290792
v -0.635000 0.815000 0.290792
v -0.625000 0.815000 0.290792
v -0.615000 0.815000 0.290792
v -0.605000 0.815000 0.286102
v -0.595000 0.815000 0.286102
v -0.585000 0.815000 0.286102
v -0.575000 0.815000 0.286102
v -0.565000 0.815000 0.286102
v -0.555000 0.815000 0.281412
v -0.545000 0.815000 0.281412
v -0.535000 0.815000 0.281412
v -0.525000 0.815000 0.281412
v -0.515000 0.815000 0.281412
v -0.505000 0.815000 0.276722
v -0.495000 0.815000 0.276722
v -0.485000 0.815000 0.276722
v -0.475000 0.815000 0.276722
v -0.465000 0.815000 0.281412
v -0.455000 0.815000 0.281412
v -0.995000 0.825000 0.057223
v -0.985000 0.825000 0.381871
v -0.975000 0.825000 0.391078
v -0.965000 0.825000 0.391078
v -0.955000 0.825000 0.391078
v -0.945000 0.825000 0.391078
v -0.935000 0.825000 0.391078
v -0.925000 0.825000 0.391078
v -0.915000 0.825000 0.391078
v -0.905000 0.825000 0.391078
v -0.895000 0.825000 0.391078
v -0.885000 0.825000 0.381871
v -0.875000 0.825000 0.381871
v -0.865000 0.825000 0.381871
v -0.855000 0.825000 0.381871
v -0.845000 0.825000 0.372663
v -0.835000 0.825000 0.372663
v -0.825000 0.825000 0.363455
v -0.815000 0.825000 0.363455
v -0.805000 0.825000 0.363455
v -0.795000 0.825000 0.354247
v -0.785000 0.825000 0.354247
v -0.775000 0.825000 0.354247
v -0.765000 0.825000 0.345039
v -0.755000 0.825000 0.335831
v -0.745000 0.825000 0.335831
v -0.735000 0.825000 0.326623
v -0.725000 0.825000 0.326623
v -0.715000 0.825000 0.317416
v -0.705000 0.825000 0.317416
v -0.695000 0.825000 0.317416
v -0.685000 0.825000 0.308208
v -0.675000 0.825000 0.295482
v -0.665000 0.825000 0.295482
v -0.655000 0.825000 0.290792
v -0.645000 0.825000 0.290792
v -0.635000 0.825000 0.290792
v -0.625000 0.825000 0.290792
v -0.615000 0.825000 0.286102
v -0.605000 0.825000 0.286102
v -0.595000 0.825000 0.286102
v -0.585000 0.825000 0.286102
v -0.575000 0.825000 0.281412
v -0.565000 0.825000 0.281412
v -0.555000 0.825000 0.281412
v -0.545000 0.825000 0.281412
v -0.535000 0.825000 0.281412
v -0.525000 0.825000 0.281412
v -0.515000 0.825000 0.276722
v -0.505000 0.825000 0.276722
v -0.495000 0.825000 0.276722
v -0.485000 0.825000 0.276722
v -0.475000 0.825000 0.276722
v -0.465000 0.825000 0.276722
v -0.455000 0.825000 0.276722
v -0.985000 0.835000 0.057223
v -0.975000 0.835000 0.057223
v -0.965000 0.835000 0.391078
v -0.955000 0.835000 0.391078
v -0.945000 0.835000 0.391078
v -0.935000 0.835000 0.391078
v -0.925000 0.835000 0.391078
v -0.915000 0.835000 0.391078
v -0.905000 0.835000 0.391078
v -0.895000 0.835000 0.391078
v -0.885000 0.835000 0.381871
v -0.875000 0.835000 0.381871
v -0.865000 0.835000 0.381871
v -0.855000 0.835000 0.372663
v -0.845000 0.835000 0.372663
v -0.835000 0.835000 0.372663
v -0.825000 0.835000 0.363455
v -0.815000 0.835000 0.363455
v -0.805000 0.835000 0.363455
v -0.795000 0.835000 0.354247
v -0.785000 0.835000 0.354247
v -0.775000 0.835000 0.345039
v -0.765000 0.835000 0.345039
v -0.755000 0.835000 0.335831
v -0.745000 0.835000 0.335831
v -0.735000 0.835000 0.326623
v -0.725000 0.835000 0.326623
v -0.715000 0.835000 0.317416
v -0.705000 0.835000 0.317416
v -0.695000 0.835000 0.308208
v -0.685000 0.835000 0.299000
v -0.675000 0.835000 0.295482
v -0.665000 0.835000 0.295482
v -0.655000 0.835000 0.290792
v -0.645000 0.835000 0.290792
v -0.635000 0.835000 0.290792
v -0.625000 0.835000 0.286102
v -0.615000 0.835000 0.286102
v -0.605000 0.835000 0.286102
v -0.595000 0.835000 0.286102
v -0.585000 0.835000 0.281412
v -0.575000 0.835000 0.281412
v -0.565000 0.835000 0.281412
v -0.555000 0.835000 0.281412
v -0.545000 0.835000 0.281412
v -0.535000 0.835000 0.276722
v -0.525000 0.835000 0.276722
v -0.515000 0.835000 0.276722
v -0.505000 0.835000 0.276722
v -0.495000 0.835000 0.276722
v -0.485000 0.835000 0.276722
v -0.475000 0.835000 0.276722
v -0.465000 0.835000 0.276722
v -0.455000 0.835000 0.276722
v -0.975000 0.845000 0.057223
v -0.965000 0.845000 0.391078
v -0.955000 0.845000 0.391078
v -0.945000 0.845000 0.391078
v -0.935000 0.845000 0.391078
v -0.925000 0.845000 0.391078
v -0.915000 0.845000 0.391078
v -0.905000 0.845000 0.391078
v -0.895000 0.845000 0.391078
v -0.885000 0.845000 0.381871
v -0.875000 0.845000 0.381871
v -0.865000 0.845000 0.381871
v -0.855000 0.845000 0.372663
v -0.845000 0.845000 0.372663
v -0.835000 0.845000 0.372663
v -0.825000 0.845000 0.363455
v -0.815000 0.845000 0.363455
v -0.805000 0.845000 0.363455
v -0.795000 0.845000 0.354247
v -0.785000 0.845000 0.354247
v -0.775000 0.845000 0.345039
v -0.765000 0.845000 0.345039
v -0.755000 0.845000 0.335831
v -0.745000 0.845000 0.335831
v -0.735000 0.845000 0.326623
v -0.725000 0.845000 0.317416
v -0.715000 0.845000 0.317416
v -0.705000 0.845000 0.308208
v -0.695000 0.845000 0.308208
v -0.685000 0.845000 0.299000
v -0.675000 0.845000 0.295482
v -0.665000 0.845000 0.290792
v -0.655000 0.845000 0.290792
v -0.645000 0.845000 0.290792
v -0.635000 0.845000 0.286102
v -0.625000 0.845000 0.286102
v -0.615000 0.845000 0.286102
v -0.605000 0.845000 0.286102
v -0.595000 0.845000 0.286102
v -0.585000 0.845000 0.281412
v -0.575000 0.845000 0.281412
v -0.565000 0.845000 0.281412
v -0.555000 0.845000 0.281412
v -0.545000 0.845000 0.276722
v -0.535000 0.845000 0.276722
v -0.525000 0.845000 0.276722
v -0.515000 0.845000 0.276722
v -0.505000 0.845000 0.276722
v -0.495000 0.845000 0.276722
v -0.485000 0.845000 0.272031
v -0.475000 0.845000 0.272031
v -0.465000 0.845000 0.276722
v -0.455000 0.845000 0.276722
v -0.965000 0.855000 0.057223
v -0.955000 0.855000 0.391078
v -0.945000 0.855000 0.391078
v -0.935000 0.855000 0.391078
v -0.925000 0.855000 0.391078
v -0.915000 0.855000 0.391078
v -0.905000 0.855000 0.391078
v -0.895000 0.855000 0.381871
v -0.885000 0.855000 0.381871
v -0.875000 0.855000 0.381871
v -0.865000 0.855000 0.381871
v -0.855000 0.855000 0.372663
v -0.845000 0.855000 0.372663
v -0.835000 0.855000 0.372663
v -0.825000 0.855000 0.363455
v -0.815000 0.855000 0.363455
v -0.805000 0.855000 0.354247
v -0.795000 0.855000 0.354247
v -0.785000 0.855000 0.345039
v -0.775000 0.855000 0.345039
v -0.765000 0.855000 0.335831
v -0.755000 0.855000 0.335831
v -0.745000 0.855000 0.335831
v -0.735000 0.855000 0.326623
v -0.725000 0.855000 0.317416
v -0.715000 0.855000 0.308208
v -0.705000 0.855000 0.308208
v -0.695000 0.855000 0.299000
v -0.685000 0.855000 0.295482
v -0.675000 0.855000 0.295482
v -0.665000 0.855000 0.290792
v -0.655000 0.855000 0.290792
v -0.645000 0.855000 0.290792
v -0.635000 0.855000 0.286102
v -0.625000 0.855000 0.286102
v -0.615000 0.855000 0.286102
v -0.605000 0.855000 0.286102
v -0.595000 0.855000 0.281412
v -0.585000 0.855000 0.281412
v -0.575000 0.855000 0.281412
v -0.565000 0.855000 0.281412
v -0.555000 0.855000 0.281412
v -0.545000 0.855000 0.276722
v -0.535000 0.855000 0.276722
v -0.525000 0.855000 0.276722
v -0.515000 0.855000 0.276722
v -0.505000 0.855000 0.276722
v -0.495000 0.855000 0.272031
v -0.485000 0.855000 0.272031
v -0.475000 0.855000 0.272031
v -0.465000 0.855000 0.272031
v -0.455000 0.855000 0.272031
v -0.965000 0.865000 0.057223
v -0.955000 0.865000 0.391078
v -0.945000 0.865000 0.391078
v -0.935000 0.865000 0.391078
v -0.925000 0.865000 0.391078
v -0.915000 0.865000 0.391078
v -0.905000 0.865000 0.391078
v -0.895000 0.865000 0.381871
v -0.885000 0.865000 0.381871
v -0.875000 0.865000 0.381871
v -0.865000 0.865000 0.372663
v -0.855000 0.865000 0.372663
v -0.845000 0.865000 0.372663
v -0.835000 0.865000 0.363455
v -0.825000 0.865000 0.363455
v -0.815000 0.865000 0.354247
v -0.805000 0.865000 0.354247
v -0.795000 0.865000 0.354247
v -0.785000 0.865000 0.345039
v -0.775000 0.865000 0.345039
v -0.765000 0.865000 0.335831
v -0.755000 0.865000 0.335831
v -0.745000 0.865000 0.326623
v -0.735000 0.865000 0.326623
v -0.725000 0.865000 0.317416
v -0.715000 0.865000 0.308208
v -0.705000 0.865000 0.308208
v -0.695000 0.865000 0.299000
v -0.685000 0.865000 0.295482
v -0.675000 0.865000 0.290792
v -0.665000 0.865000 0.290792
v -0.655000 0.865000 0.290792
v -0.645000 0.865000 0.286102
v -0.635000 0.865000 0.286102
v -0.625000 0.865000 0.286102
v -0.615000 0.865000 0.286102
v -0.605000 0.865000 0.281412
v -0.595000 0.865000 0.281412
v -0.585000 0.865000 0.281412
v -0.575000 0.865000 0.281412
v -0.565000 0.865000 0.276722
v -0.555000 0.865000 0.276722
v -0.545000 0.865000 0.276722
v -0.535000 0.865000 0.276722
v -0.525000 0.865000 0.276722
v -0.515000 0.865000 0.276722
v -0.505000 0.865000 0.272031
v -0.495000 0.865000 0.272031
v -0.485000 0.865000 0.272031
v -0.475000 0.865000 0.272031
v -0.465000 0.865000 0.272031
v -0.455000 0.865000 0.272031
v -0.965000 0.875000 0.057223
v -0.955000 0.875000 0.391078
v -0.945000 0.875000 0.391078
v -0.935000 0.875000 0.391078
v -0.925000 0.875000 0.391078
v -0.915000 0.875000 0.391078
v -0.905000 0.875000 0.391078
v -0.895000 0.875000 0.381871
v -0.885000 0.875000 0.381871
v -0.875000 0.875000 0.381871
v -0.865000 0.875000 0.372663
v -0.855000 0.875000 0.372663
v -0.845000 0.875000 0.372663
v -0.835000 0.875000 0.363455
v -0.825000 0.875000 0.363455
v -0.815000 0.875000 0.354247
v -0.805000 0.875000 0.354247
v -0.795000 0.875000 0.354247
v -0.785000 0.875000 0.345039
v -0.775000 0.875000 0.345039
v -0.765000 0.875000 0.335831
v -0.755000 0.875000 0.326623
v -0.745000 0.875000 0.326623
v -0.735000 0.875000 0.317416
v -0.725000 0.875000 0.317416
v -0.715000 0.875000 0.308208
v -0.705000 0.875000 0.299000
v -0.695000 0.875000 0.299000
v -0.685000 0.875000 0.295482
v -0.675000 0.875000 0.290792
v -0.665000 0.875000 0.290792
v -0.655000 0.875000 0.286102
v -0.645000 0.875000 0.286102
v -0.635000 0.875000 0.286102
v -0.625000 0.875000 0.286102
v -0.615000 0.875000 0.281412
v -0.605000 0.875000 0.281412
v -0.595000 0.875000 0.281412
v -0.585000 0.875000 0.281412
v -0.575000 0.875000 0.276722
v -0.565000 0.875000 0.276722
v -0.555000 0.875000 0.276722
v -0.545000 0.875000 0.276722
v -0.535000 0.875000 0.276722
v -0.525000 0.875000 0.272031
v -0.515000 0.875000 0.272031
v -0.505000 0.875000 0.272031
v -0.495000 0.875000 0.272031
v -0.485000 0.875000 0.272031
v -0.475000 0.875000 0.272031
v -0.465000 0.875000 0.267341
v -0.455000 0.875000 0.267341
v -0.965000 0.885000 0.057223
v -0.955000 0.885000 0.391078
v -0.945000 0.885000 0.391078
v -0.935000 0.885000 0.391078
v -0.925000 0.885000 0.391078
v -0.915000 0.885000 0.391078
v -0.905000 0.885000 0.381871
v -0.895000 0.885000 0.381871
v -0.885000 0.885000 0.381871
v -0.875000 0.885000 0.381871
v -0.865000 0.885000 0.372663
v -0.855000 0.885000 0.372663
v -0.845000 0.885000 0.363455
v -0.835000 0.885000 0.363455
v -0.825000 0.885000 0.354247
v -0.815000 0.885000 0.354247
v -0.805000 0.885000 0.354247
v -0.795000 0.885000 0.345039
v -0.785000 0.885000 0.345039
v -0.775000 0.885000 0.335831
v -0.765000 0.885000 0.335831
v -0.755000 0.885000 0.326623
v -0.745000 0.885000 0.326623
v -0.735000 0.885000 0.317416
v -0.725000 0.885000 0.308208
v -0.715000 0.885000 0.308208
v -0.705000 0.885000 0.299000
v -0.695000 0.885000 0.295482
v -0.685000 0.885000 0.295482
v -0.675000 0.885000 0.290792
v -0.665000 0.885000 0.286102
v -0.655000 0.885000 0.286102
v -0.645000 0.885000 0.286102
v -0.635000 0.885000 0.286102
v -0.625000 0.885000 0.281412
v -0.615000 0.885000 0.281412
v -0.605000 0.885000 0.281412
v -0.595000 0.885000 0.281412
v -0.585000 0.885000 0.281412
v -0.575000 0.885000 0.276722
v -0.565000 0.885000 0.276722
v -0.555000 0.885000 0.276722
v -0.545000 0.885000 0.276722
v -0.535000 0.885000 0.272031
v -0.525000 0.885000 0.272031
v -0.515000 0.885000 0.272031
v -0.505000 0.885000 0.272031
v -0.495000 0.885000 0.267341
v -0.485000 0.885000 0.267341
v -0.475000 0.885000 0.267341
v -0.465000 0.885000 0.267341
v -0.455000 0.885000 0.267341
v -0.965000 0.895000 0.057223
v -0.955000 0.895000 0.391078
v -0.945000 0.895000 0.391078
v -0.935000 0.895000 0.391078
v -0.925000 0.895000 0.391078
v -0.915000 0.895000 0.381871
v -0.905000 0.895000 0.381871
v -0.895000 0.895000 0.381871
v -0.885000 0.895000 0.381871
v -0.875000 0.895000 0.372663
v -0.865000 0.895000 0.372663
v -0.855000 0.895000 0.372663
v -0.845000 0.895000 0.363455
v -0.835000 0.895000 0.363455
v -0.825000 0.895000 0.354247
v -0.815000 0.895000 0.354247
v -0.805000 0.895000 0.345039
v -0.795000 0.895000 0.345039
v -0.785000 0.895000 0.345039
v -0.775000 0.895000 0.335831
v -0.765000 0.895000 0.326623
v -0.755000 0.895000 0.326623
v -0.745000 0.895000 0.317416
v -0.735000 0.895000 0.317416
v -0.725000 0.895000 0.308208
v -0.715000 0.895000 0.299000
v -0.705000 0.895000 0.295482
v -0.695000 0.895000 0.295482
v -0.685000 0.895000 0.290792
v -0.675000 0.895000 0.290792
v -0.665000 0.895000 0.286102
v -0.655000 0.895000 0.286102
v -0.645000 0.895000 0.286102
v -0.635000 0.895000 0.286102
v -0.625000 0.895000 0.281412
v -0.615000 0.895000 0.281412
v -0.605000 0.895000 0.281412
v -0.595000 0.895000 0.281412
v -0.585000 0.895000 0.276722
v -0.575000 0.895000 0.276722
v -0.565000 0.895000 0.276722
v -0.555000 0.895000 0.276722
v -0.545000 0.895000 0.276722
v -0.535000 0.895000 0.272031
v -0.525000 0.895000 0.272031
v -0.515000 0.895000 0.272031
v -0.505000 0.895000 0.267341
v -0.495000 0.895000 0.267341
v -0.485000 0.895000 0.267341
v -0.475000 0.895000 0.267341
v -0.465000 0.895000 0.267341
v -0.455000 0.895000 0.262651
v -0.965000 0.905000 0.057223
v -0.955000 0.905000 0.391078
v -0.945000 0.905000 0.391078
v -0.935000 0.905000 0.391078
v -0.925000 0.905000 0.391078
v -0.915000 0.905000 0.381871
v -0.905000 0.905000 0.381871
v -0.895000 0.905000 0.381871
v -0.885000 0.905000 0.381871
v -0.875000 0.905000 0.372663
v -0.865000 0.905000 0.372663
v -0.855000 0.905000 0.372663
v -0.845000 0.905000 0.363455
v -0.835000 0.905000 0.363455
v -0.825000 0.905000 0.354247
v -0.815000 0.905000 0.354247
v -0.805000 0.905000 0.345039
v -0.795000 0.905000 0.345039
v -0.785000 0.905000 0.345039
v -0.775000 0.905000 0.335831
v -0.765000 0.905000 0.326623
v -0.755000 0.905000 0.326623
v -0.745000 0.905000 0.317416
v -0.735000 0.905000 0.308208
v -0.725000 0.905000 0.299000
v -0.715000 0.905000 0.299000
v -0.705000 0.905000 0.295482
v -0.695000 0.905000 0.290792
v -0.685000 0.905000 0.290792
v -0.675000 0.905000 0.286102
v -0.665000 0.905000 0.286102
v -0.655000 0.905000 0.286102
v -0.645000 0.905000 0.286102
v -0.635000 0.905000 0.281412
v -0.625000 0.905000 0.281412
v -0.615000 0.905000 0.281412
v -0.605000 0.905000 0.281412
v -0.595000 0.905000 0.276722
v -0.585000 0.905000 0.276722
v -0.575000 0.905000 0.276722
v -0.565000 0.905000 0.276722
v -0.555000 0.905000 0.276722
v -0.545000 0.905000 0.272031
v -0.535000 0.905000 0.272031
v -0.525000 0.905000 0.272031
v -0.515000 0.905000 0.267341
v -0.505000 0.905000 0.267341
v -0.495000 0.905000 0.267341
v -0.485000 0.905000 0.267341
v -0.475000 0.905000 0.262651
v -0.465000 0.905000 0.262651
v -0.455000 0.905000 0.262651
v -0.955000 0.915000 0.057223
v -0.945000 0.915000 0.381871
v -0.935000 0.915000 0.381871
v -0.925000 0.915000 0.381871
v -0.915000 0.915000 0.381871
v -0.905000 0.915000 0.381871
v -0.895000 0.915000 0.372663
v -0.885000 0.915000 0.372663
v -0.875000 0.915000 0.372663
v -0.865000 0.915000 0.372663
v -0.855000 0.915000 0.363455
v -0.845000 0.915000 0.363455
v -0.835000 0.915000 0.354247
v -0.825000 0.915000 0.354247
v -0.815000 0.915000 0.354247
v -0.805000 0.915000 0.345039
v -0.795000 0.915000 0.345039
v -0.785000 0.915000 0.335831
v -0.775000 0.915000 0.326623
v -0.765000 0.915000 0.326623
v -0.755000 0.915000 0.317416
v -0.745000 0.915000 0.308208
v -0.735000 0.915000 0.308208
v -0.725000 0.915000 0.299000
v -0.715000 0.915000 0.295482
v -0.705000 0.915000 0.290792
v -0.695000 0.915000 0.290792
v -0.685000 0.915000 0.286102
v -0.675000 0.915000 0.286102
v -0.665000 0.915000 0.286102
v -0.655000 0.915000 0.286102
v -0.645000 0.915000 0.281412
v -0.635000 0.915000 0.281412
v -0.625000 0.915000 0.281412
v -0.615000 0.915000 0.281412
v -0.605000 0.915000 0.276722
v -0.595000 0.915000 0.276722
v -0.585000 0.915000 0.276722
v -0.575000 0.915000 0.276722
v -0.565000 0.915000 0.272031
v -0.555000 0.915000 0.272031
v -0.545000 0.915000 0.272031
v -0.535000 0.915000 0.272031
v -0.525000 0.915000 0.267341
v -0.515000 0.915000 0.267341
v -0.505000 0.915000 0.267341
v -0.495000 0.915000 0.262651
v -0.485000 0.915000 0.262651
v -0.475000 0.915000 0.262651
v -0.465000 0.915000 0.262651
v -0.455000 0.915000 0.262651
v -0.945000 0.925000 0.057223
v -0.935000 0.925000 0.381871
v -0.925000 0.925000 0.381871
v -0.915000 0.925000 0.381871
v -0.905000 0.925000 0.381871
v -0.895000 0.925000 0.372663
v -0.885000 0.925000 0.372663
v -0.875000 0.925000 0.372663
v -0.865000 0.925000 0.363455
v -0.855000 0.925000 0.363455
v -0.845000 0.925000 0.354247
v -0.835000 0.925000 0.354247
v -0.825000 0.925000 0.354247
v -0.815000 0.925000 0.345039
v -0.805000 0.925000 0.345039
v -0.795000 0.925000 0.335831
v -0.785000 0.925000 0.335831
v -0.775000 0.925000 0.326623
v -0.765000 0.925000 0.317416
v -0.755000 0.925000 0.317416
v -0.745000 0.925000 0.308208
v -0.735000 0.925000 0.299000
v -0.725000 0.925000 0.299000
v -0.715000 0.925000 0.295482
v -0.705000 0.925000 0.290792
v -0.695000 0.925000 0.290792
v -0.685000 0.925000 0.286102
v -0.675000 0.925000 0.286102
v -0.665000 0.925000 0.286102
v -0.655000 0.925000 0.286102
v -0.645000 0.925000 0.281412
v -0.635000 0.925000 0.281412
v -0.625000 0.925000 0.281412
v -0.615000 0.925000 0.281412
v -0.605000 0.925000 0.276722
v -0.595000 0.925000 0.276722
v -0.585000 0.925000 0.276722
v -0.575000 0.925000 0.276722
v -0.565000 0.925000 0.272031
v -0.555000 0.925000 0.272031
v -0.545000 0.925000 0.272031
v -0.535000 0.925000 0.272031
v -0.525000 0.925000 0.267341
v -0.515000 0.925000 0.267341
v -0.505000 0.925000 0.262651
v -0.495000 0.925000 0.262651
v -0.485000 0.925000 0.262651
v -0.475000 0.925000 0.262651
v -0.465000 0.925000 0.262651
v -0.455000 0.925000 0.262651
v -0.945000 0.935000 0.057223
v -0.935000 0.935000 0.381871
v -0.925000 0.935000 0.381871
v -0.915000 0.935000 0.381871
v -0.905000 0.935000 0.372663
v -0.895000 0.935000 0.372663
v -0.885000 0.935000 0.372663
v -0.875000 0.935000 0.372663
v -0.865000 0.935000 0.363455
v -0.855000 0.935000 0.363455
v -0.845000 0.935000 0.354247
v -0.835000 0.935000 0.354247
v -0.825000 0.935000 0.354247
v -0.815000 0.935000 0.345039
v -0.805000 0.935000 0.345039
v -0.795000 0.935000 0.335831
v -0.785000 0.935000 0.335831
v -0.775000 0.935000 0.326623
v -0.765000 0.935000 0.317416
v -0.755000 0.935000 0.308208
v -0.745000 0.935000 0.308208
v -0.735000 0.935000 0.299000
v -0.725000 0.935000 0.295482
v -0.715000 0.935000 0.295482
v -0.705000 0.935000 0.290792
v -0.695000 0.935000 0.286102
v -0.685000 0.935000 0.286102
v -0.675000 0.935000 0.286102
v -0.665000 0.935000 0.286102
v -0.655000 0.935000 0.281412
v -0.645000 0.935000 0.281412
v -0.635000 0.935000 0.281412
v -0.625000 0.935000 0.281412
v -0.615000 0.935000 0.276722
v -0.605000 0.935000 0.276722
v -0.595000 0.935000 0.276722
v -0.585000 0.935000 0.276722
v -0.575000 0.935000 0.272031
v -0.565000 0.935000 0.272031
v -0.555000 0.935000 0.272031
v -0.545000 0.935000 0.272031
v -0.535000 0.935000 0.267341
v -0.525000 0.935000 0.267341
v -0.515000 0.935000 0.267341
v -0.505000 0.935000 0.262651
v -0.495000 0.935000 0.262651
v -0.485000 0.935000 0.262651
v -0.475000 0.935000 0.262651
v -0.465000 0.935000 0.257961
v -0.455000 0.935000 0.257961
v -0.935000 0.945000 0.057223
v -0.925000 0.945000 0.381871
v -0.915000 0.945000 0.381871
v -0.905000 0.945000 0.372663
v -0.895000 0.945000 0.372663
v -0.885000 0.945000 0.372663
v -0.875000 0.945000 0.363455
v -0.865000 0.945000 0.363455
v -0.855000 0.945000 0.363455
v -0.845000 0.945000 0.354247
v -0.835000 0.945000 0.354247
v -0.825000 0.945000 0.345039
v -0.815000 0.945000 0.345039
v -0.805000 0.945000 0.335831
v -0.795000 0.945000 0.335831
v -0.785000 0.945000 0.326623
v -0.775000 0.945000 0.317416
v -0.765000 0.945000 0.308208
v -0.755000 0.945000 0.308208
v -0.745000 0.945000 0.299000
v -0.735000 0.945000 0.299000
v -0.725000 0.945000 0.295482
v -0.715000 0.945000 0.290792
v -0.705000 0.945000 0.290792
v -0.695000 0.945000 0.286102
v -0.685000 0.945000 0.286102
v -0.675000 0.945000 0.286102
v -0.665000 0.945000 0.281412
v -0.655000 0.945000 0.281412
v -0.645000 0.945000 0.281412
v -0.635000 0.945000 0.281412
v -0.625000 0.945000 0.281412
v -0.615000 0.945000 0.276722
v -0.605000 0.945000 0.276722
v -0.595000 0.945000 0.276722
v -0.585000 0.945000 0.272031
v -0.575000 0.945000 0.272031
v -0.565000 0.945000 0.272031
v -0.555000 0.945000 0.272031
v -0.545000 0.945000 0.267341
v -0.535000 0.945000 0.267341
v -0.525000 0.945000 0.267341
v -0.515000 0.945000 0.262651
v -0.505000 0.945000 0.262651
v -0.495000 0.945000 0.262651
v -0.485000 0.945000 0.262651
v -0.475000 0.945000 0.257961
v -0.465000 0.945000 0.257961
v -0.455000 0.945000 0.257961
v -0.935000 0.955000 0.057223
v -0.925000 0.955000 0.372663
v -0.915000 0.955000 0.372663
v -0.905000 0.955000 0.372663
v -0.895000 0.955000 0.372663
v -0.885000 0.955000 0.363455
v -0.875000 0.955000 0.363455
v -0.865000 0.955000 0.363455
v -0.855000 0.955000 0.354247
v -0.845000 0.955000 0.354247
v -0.835000 0.955000 0.354247
v -0.825000 0.955000 0.345039
v -0.815000 0.955000 0.345039
v -0.805000 0.955000 0.335831
v -0.795000 0.955000 0.335831
v -0.785000 0.955000 0.326623
v -0.775000 0.955000 0.317416
v -0.765000 0.955000 0.308208
v -0.755000 0.955000 0.308208
v -0.745000 0.955000 0.299000
v -0.735000 0.955000 0.295482
v -0.725000 0.955000 0.295482
v -0.715000 0.955000 0.290792
v -0.705000 0.955000 0.290792
v -0.695000 0.955000 0.286102
v -0.685000 0.955000 0.286102
v -0.675000 0.955000 0.286102
v -0.665000 0.955000 0.281412
v -0.655000 0.955000 0.281412
v -0.645000 0.955000 0.281412
v -0.635000 0.955000 0.281412
v -0.625000 0.955000 0.276722
v -0.615000 0.955000 0.276722
v -0.605000 0.955000 0.276722
v -0.595000 0.955000 0.272031
v -0.585000 0.955000 0.272031
v -0.575000 0.955000 0.272031
v -0.565000 0.955000 0.272031
v -0.555000 0.955000 0.267341
v -0.545000 0.955000 0.267341
v -0.535000 0.955000 0.267341
v -0.525000 0.955000 0.262651
v -0.515000 0.955000 0.262651
v -0.505000 0.955000 0.262651
v -0.495000 0.955000 0.262651
v -0.485000 0.955000 0.257961
v -0.475000 0.955000 0.257961
v -0.465000 0.955000 0.257961
v -0.455000 0.955000 0.257961
v -0.935000 0.965000 0.057223
v -0.925000 0.965000 0.372663
v -0.915000 0.965000 0.372663
v -0.905000 0.965000 0.372663
v -0.895000 0.965000 0.363455
v -0.885000 0.965000 0.363455
v -0.875000 0.965000 0.363455
v -0.865000 0.965000 0.363455
v -0.855000 0.965000 0.354247
v -0.845000 0.965000 0.354247
v -0.835000 0.965000 0.345039
v -0.825000 0.965000 0.345039
v -0.815000 0.965000 0.345039
v -0.805000 0.965000 0.335831
v -0.795000 0.965000 0.335831
v -0.785000 0.965000 0.326623
v -0.775000 0.965000 0.317416
v -0.765000 0.965000 0.308208
v -0.755000 0.965000 0.299000
v -0.745000 0.965000 0.299000
v -0.735000 0.965000 0.295482
v -0.725000 0.965000 0.290792
v -0.715000 0.965000 0.290792
v -0.705000 0.965000 0.286102
v -0.695000 0.965000 0.286102
v -0.685000 0.965000 0.281412
v -0.675000 0.965000 0.281412
v -0.665000 0.965000 0.281412
v -0.655000 0.965000 0.281412
v -0.645000 0.965000 0.281412
v -0.635000 0.965000 0.276722
v -0.625000 0.965000 0.276722
v -0.615000 0.965000 0.276722
v -0.605000 0.965000 0.276722
v -0.595000 0.965000 0.272031
v -0.585000 0.965000 0.272031
v -0.575000 0.965000 0.272031
v -0.565000 0.965000 0.272031
v -0.555000 0.965000 0.267341
v -0.545000 0.965000 0.267341
v -0.535000 0.965000 0.267341
v -0.525000 0.965000 0.262651
v -0.515000 0.965000 0.262651
v -0.505000 0.965000 0.262651
v -0.495000 0.965000 0.257961
v -0.485000 0.965000 0.257961
v -0.475000 0.965000 0.257961
v -0.465000 0.965000 0.257961
v -0.455000 0.965000 0.257961
v -0.935000 0.975000 0.057223
v -0.925000 0.975000 0.372663
v -0.915000 0.975000 0.372663
v -0.905000 0.975000 0.372663
v -0.895000 0.975000 0.363455
v -0.885000 0.975000 0.363455
v -0.875000 0.975000 0.363455
v -0.865000 0.975000 0.354247
v -0.855000 0.975000 0.354247
v -0.845000 0.975000 0.345039
v -0.835000 0.975000 0.345039
v -0.825000 0.975000 0.345039
v -0.815000 0.975000 0.335831
v -0.805000 0.975000 0.326623
v -0.795000 0.975000 0.326623
v -0.785000 0.975000 0.317416
v -0.775000 0.975000 0.308208
v -0.765000 0.975000 0.299000
v -0.755000 0.975000 0.299000
v -0.745000 0.975000 0.295482
v -0.735000 0.975000 0.295482
v -0.725000 0.975000 0.290792
v -0.715000 0.975000 0.290792
v -0.705000 0.975000 0.286102
v -0.695000 0.975000 0.286102
v -0.685000 0.975000 0.281412
v -0.675000 0.975000 0.281412
v -0.665000 0.975000 0.281412
v -0.655000 0.975000 0.281412
v -0.645000 0.975000 0.276722
v -0.635000 0.975000 0.276722
v -0.625000 0.975000 0.276722
v -0.615000 0.975000 0.276722
v -0.605000 0.975000 0.272031
v -0.595000 0.975000 0.272031
v -0.585000 0.975000 0.272031
v -0.575000 0.975000 0.272031
v -0.565000 0.975000 0.267341
v -0.555000 0.975000 0.267341
v -0.545000 0.975000 0.267341
v -0.535000 0.975000 0.262651
v -0.525000 0.975000 0.262651
v -0.515000 0.975000 0.262651
v -0.505000 0.975000 0.262651
v -0.495000 0.975000 0.257961
v -0.485000 0.975000 0.257961
v -0.475000 0.975000 0.257961
v -0.465000 0.975000 0.253271
v -0.455000 0.975000 0.253271
v -0.925000 0.985000 0.057223
v -0.915000 0.985000 0.372663
v -0.905000 0.985000 0.363455
v -0.895000 0.985000 0.363455
v -0.885000 0.985000 0.363455
v -0.875000 0.985000 0.354247
v -0.865000 0.985000 0.354247
v -0.855000 0.985000 0.354247
v -0.845000 0.985000 0.345039
v -0.835000 0.985000 0.345039
v -0.825000 0.985000 0.335831
v -0.815000 0.985000 0.335831
v -0.805000 0.985000 0.326623
v -0.795000 0.985000 0.326623
v -0.785000 0.985000 0.317416
v -0.775000 0.985000 0.308208
v -0.765000 0.985000 0.299000
v -0.755000 0.985000 0.299000
v -0.745000 0.985000 0.295482
v -0.735000 0.985000 0.295482
v -0.725000 0.985000 0.290792
v -0.715000 0.985000 0.286102
v -0.705000 0.985000 0.286102
v -0.695000 0.985000 0.281412
v -0.685000 0.985000 0.281412
v -0.675000 0.985000 0.281412
v -0.665000 0.985000 0.276722
v -0.655000 0.985000 0.276722
v -0.645000 0.985000 0.276722
v -0.635000 0.985000 0.276722
v -0.625000 0.985000 0.276722
v -0.615000 0.985000 0.276722
v -0.605000 0.985000 0.272031
v -0.595000 0.985000 0.272031
v -0.585000 0.985000 0.272031
v -0.575000 0.985000 0.267341
v -0.565000 0.985000 0.267341
v -0.555000 0.985000 0.267341
v -0.545000 0.985000 0.262651
v -0.535000 0.985000 0.262651
v -0.525000 0.985000 0.262651
v -0.515000 0.985000 0.262651
v -0.505000 0.985000 0.257961
v -0.495000 0.985000 0.257961
v -0.485000 0.985000 0.257961
v -0.475000 0.985000 0.257961
v -0.465000 0.985000 0.253271
v -0.455000 0.985000 0.253271
v -0.925000 0.995000 0.057223
v -0.915000 0.995000 0.363455
v -0.905000 0.995000 0.363455
v -0.895000 0.995000 0.363455
v -0.885000 0.995000 0.354247
v -0.875000 0.995000 0.354247
v -0.865000 0.995000 0.354247
v -0.855000 0.995000 0.345039
v -0.845000 0.995000 0.345039
v -0.835000 0.995000 0.335831
v -0.825000 0.995000 0.335831
v -0.815000 0.995000 0.326623
v -0.805000 0.995000 0.326623
v -0.795000 0.995000 0.326623
v -0.785000 0.995000 0.317416
v -0.775000 0.995000 0.308208
v -0.765000 0.995000 0.299000
v -0.755000 0.995000 0.299000
v -0.745000 0.995000 0.295482
v -0.735000 0.995000 0.295482
v -0.725000 0.995000 0.290792
v -0.715000 0.995000 0.286102
v -0.705000 0.995000 0.286102
v -0.695000 0.995000 0.281412
v -0.685000 0.995000 0.281412
v -0.675000 0.995000 0.281412
v -0.665000 0.995000 0.276722
v -0.655000 0.995000 0.276722
v -0.645000 0.995000 0.276722
v -0.635000 0.995000 0.276722
v -0.625000 0.995000 0.276722
v -0.615000 0.995000 0.272031
v -0.605000 0.995000 0.272031
v -0.595000 0.995000 0.272031
v -0.585000 0.995000 0.272031
v -0.575000 0.995000 0.267341
v -0.565000 0.995000 0.267341
v -0.555000 0.995000 0.267341
v -0.545000 0.995000 0.262651
v -0.535000 0.995000 0.262651
v -0.525000 0.995000 0.262651
v -0.515000 0.995000 0.262651
v -0.505000 0.995000 0.257961
v -0.495000 0.995000 0.257961
v -0.485000 0.995000 0.257961
v -0.475000 0.995000 0.253271
v -0.465000 0.995000 0.253271
v -0.455000 0.995000 0.253271
v -0.925000 1.005000 0.057223
v -0.915000 1.005000 0.363455
v -0.905000 1.005000 0.363455
v -0.895000 1.005000 0.363455
v -0.885000 1.005000 0.354247
v -0.875000 1.005000 0.354247
v -0.865000 1.005000 0.354247
v -0.855000 1.005000 0.345039
v -0.845000 1.005000 0.345039
v -0.835000 1.005000 0.335831
v -0.825000 1.005000 0.335831
v -0.815000 1.005000 0.326623
v -0.805000 1.005000 0.326623
v -0.795000 1.005000 0.317416
v -0.785000 1.005000 0.317416
v -0.775000 1.005000 0.308208
v -0.765000 1.005000 0.299000
v -0.755000 1.005000 0.299000
v -0.745000 1.005000 0.295482
v -0.735000 1.005000 0.290792
v -0.725000 1.005000 0.290792
v -0.715000 1.005000 0.286102
v -0.705000 1.005000 0.281412
v -0.695000 1.005000 0.281412
v -0.685000 1.005000 0.281412
v -0.675000 1.005000 0.276722
v -0.665000 1.005000 0.276722
v -0.655000 1.005000 0.276722
v -0.645000 1.005000 0.276722
v -0.635000 1.005000 0.276722
v -0.625000 1.005000 0.272031
v -0.615000 1.005000 0.272031
v -0.605000 1.005000 0.272031
v -0.595000 1.005000 0.272031
v -0.585000 1.005000 0.267341
v -0.575000 1.005000 0.267341
v -0.565000 1.005000 0.267341
v -0.555000 1.005000 0.262651
v -0.545000 1.005000 0.262651
v -0.535000 1.005000 0.262651
v -0.525000 1.005000 0.262651
v -0.515000 1.005000 0.262651
v -0.505000 1.005000 0.257961
v -0.495000 1.005000 0.257961
v -0.485000 1.005000 0.253271
v -0.475000 1.005000 0.253271
v -0.465000 1.005000 0.253271
v -0.455000 1.005000 0.253271
v -0.915000 1.015000 0.057223
v -0.905000 1.015000 0.354247
v -0.895000 1.015000 0.354247
v -0.885000 1.015000 0.354247
v -0.875000 1.015000 0.354247
v -0.865000 1.015000 0.345039
v -0.855000 1.015000 0.345039
v -0.845000 1.015000 0.345039
v -0.835000 1.015000 0.335831
v -0.825000 1.015000 0.335831
v -0.815000 1.015000 0.326623
v -0.805000 1.015000 0.317416
v -0.795000 1.015000 0.317416
v -0.785000 1.015000 0.308208
v -0.775000 1.015000 0.308208
v -0.765000 1.015000 0.299000
v -0.755000 1.015000 0.295482
v -0.745000 1.015000 0.295482
v -0.735000 1.015000 0.290792
v -0.725000 1.015000 0.286102
v -0.715000 1.015000 0.286102
v -0.705000 1.015000 0.281412
v -0.695000 1.015000 0.281412
v -0.685000 1.015000 0.276722
v -0.675000 1.015000 0.276722
v -0.665000 1.015000 0.276722
v -0.655000 1.015000 0.276722
v -0.645000 1.015000 0.272031
v -0.635000 1.015000 0.272031
v -0.625000 1.015000 0.272031
v -0.615000 1.015000 0.272031
v -0.605000 1.015000 0.272031
v -0.595000 1.015000 0.267341
v -0.585000 1.015000 0.267341
v -0.575000 1.015000 0.267341
v -0.565000 1.015000 0.267341
v -0.555000 1.015000 0.262651
v -0.545000 1.015000 0.262651
v -0.535000 1.015000 0.262651
v -0.525000 1.015000 0.262651
v -0.515000 1.015000 0.257961
v -0.505000 1.015000 0.257961
v -0.495000 1.015000 0.257961
v -0.485000 1.015000 0.253271
v -0.475000 1.015000 0.253271
v -0.465000 1.015000 0.253271
v -0.455000 1.015000 0.253271
v -0.915000 1.025000 0.057223
v -0.905000 1.025000 0.354247
v -0.895000 1.025000 0.354247
v -0.885000 1.025000 0.354247
v -0.875000 1.025000 0.345039
v -0.865000 1.025000 0.345039
v -0.855000 1.025000 0.345039
v -0.845000 1.025000 0.335831
v -0.835000 1.025000 0.335831
v -0.825000 1.025000 0.326623
v -0.815000 1.025000 0.326623
v -0.805000 1.025000 0.317416
v -0.795000 1.025000 0.317416
v -0.785000 1.025000 0.308208
v -0.775000 1.025000 0.308208
v -0.765000 1.025000 0.299000
v -0.755000 1.025000 0.295482
v -0.745000 1.025000 0.290792
v -0.735000 1.025000 0.290792
v -0.725000 1.025000 0.286102
v -0.715000 1.025000 0.286102
v -0.705000 1.025000 0.281412
v -0.695000 1.025000 0.276722
v -0.685000 1.025000 0.276722
v -0.675000 1.025000 0.276722
v -0.665000 1.025000 0.276722
v -0.655000 1.025000 0.276722
v -0.645000 1.025000 0.272031
v -0.635000 1.025000 0.272031
v -0.625000 1.025000 0.272031
v -0.615000 1.025000 0.272031
v -0.605000 1.025000 0.267341
v -0.595000 1.025000 0.267341
v -0.585000 1.025000 0.267341
v -0.575000 1.025000 0.267341
v -0.565000 1.025000 0.262651
v -0.555000 1.025000 0.262651
v -0.545000 1.025000 0.262651
v -0.535000 1.025000 0.262651
v -0.525000 1.025000 0.257961
v -0.515000 1.025000 0.257961
v -0.505000 1.025000 0.257961
v -0.495000 1.025000 0.253271
v -0.485000 1.025000 0.253271
v -0.475000 1.025000 0.253271
v -0.465000 1.025000 0.248580
v -0.455000 1.025000 0.248580
v -0.915000 1.035000 0.057223
v -0.905000 1.035000 0.354247
v -0.895000 1.035000 0.354247
v -0.885000 1.035000 0.345039
v -0.875000 1.035000 0.345039
v -0.865000 1.035000 0.345039
v -0.855000 1.035000 0.335831
v -0.845000 1.035000 0.335831
v -0.835000 1.035000 0.326623
v -0.825000 1.035000 0.326623
v -0.815000 1.035000 0.317416
v -0.805000 1.035000 0.317416
v -0.795000 1.035000 0.317416
v -0.785000 1.035000 0.308208
v -0.775000 1.035000 0.299000
v -0.765000 1.035000 0.299000
v -0.755000 1.035000 0.295482
v -0.745000 1.035000 0.290792
v -0.735000 1.035000 0.290792
v -0.725000 1.035000 0.286102
v -0.715000 1.035000 0.281412
v -0.705000 1.035000 0.281412
v -0.695000 1.035000 0.276722
v -0.685000 1.035000 0.276722
v -0.675000 1.035000 0.276722
v -0.665000 1.035000 0.272031
v -0.655000 1.035000 0.272031
v -0.645000 1.035000 0.272031
v -0.635000 1.035000 0.272031
v -0.625000 1.035000 0.272031
v -0.615000 1.035000 0.267341
v -0.605000 1.035000 0.267341
v -0.595000 1.035000 0.267341
v -0.585000 1.035000 0.267341
v -0.575000 1.035000 0.262651
v -0.565000 1.035000 0.262651
v -0.555000 1.035000 0.262651
v -0.545000 1.035000 0.262651
v -0.535000 1.035000 0.257961
v -0.525000 1.035000 0.257961
v -0.515000 1.035000 0.257961
v -0.505000 1.035000 0.257961
v -0.495000 1.035000 0.253271
v -0.485000 1.035000 0.253271
v -0.475000 1.035000 0.253271
v -0.465000 1.035000 0.248580
v -0.455000 1.035000 0.248580
v -0.915000 1.045000 0.057223
v -0.905000 1.045000 0.354247
v -0.895000 1.045000 0.354247
v -0.885000 1.045000 0.345039
v -0.875000 1.045000 0.335831
v -0.865000 1.045000 0.335831
v -0.855000 1.045000 0.335831
v -0.845000 1.045000 0.335831
v -0.835000 1.045000 0.326623
v -0.825000 1.045000 0.326623
v -0.815000 1.045000 0.317416
v -0.805000 1.045000 0.317416
v -0.795000 1.045000 0.308208
v -0.785000 1.045000 0.299000
v -0.775000 1.045000 0.299000
v -0.765000 1.045000 0.295482
v -0.755000 1.045000 0.290792
v -0.745000 1.045000 0.290792
v -0.735000 1.045000 0.286102
v -0.725000 1.045000 0.286102
v -0.715000 1.045000 0.281412
v -0.705000 1.045000 0.276722
v -0.695000 1.045000 0.276722
v -0.685000 1.045000 0.276722
v -0.675000 1.045000 0.276722
v -0.665000 1.045000 0.272031
v -0.655000 1.045000 0.272031
v -0.645000 1.045000 0.272031
v -0.635000 1.045000 0.272031
v -0.625000 1.045000 0.267341
v -0.615000 1.045000 0.267341
v -0.605000 1.045000 0.267341
v -0.595000 1.045000 0.267341
v -0.585000 1.045000 0.262651
v -0.575000 1.045000 0.262651
v -0.565000 1.045000 0.262651
v -0.555000 1.045000 0.262651
v -0.545000 1.045000 0.257961
v -0.535000 1.045000 0.257961
v -0.525000 1.045000 0.257961
v -0.515000 1.045000 0.257961
v -0.505000 1.045000 0.253271
v -0.495000 1.045000 0.253271
v -0.485000 1.045000 0.253271
v -0.475000 1.045000 0.248580
v -0.465000 1.045000 0.248580
v -0.455000 1.045000 0.248580
v -0.925000 1.055000 0.057223
v -0.915000 1.055000 0.317416
v -0.905000 1.055000 0.335831
v -0.895000 1.055000 0.345039
v -0.885000 1.055000 0.345039
v -0.875000 1.055000 0.335831
v -0.865000 1.055000 0.335831
v -0.855000 1.055000 0.326623
v -0.845000 1.055000 0.326623
v -0.835000 1.055000 0.317416
v -0.825000 1.055000 0.317416
v -0.815000 1.055000 0.317416
v -0.805000 1.055000 0.308208
v -0.795000 1.055000 0.308208
v -0.785000 1.055000 0.299000
v -0.775000 1.055000 0.295482
v -0.765000 1.055000 0.295482
v -0.755000 1.055000 0.290792
v -0.745000 1.055000 0.290792
v -0.735000 1.055000 0.286102
v -0.725000 1.055000 0.286102
v -0.715000 1.055000 0.281412
v -0.705000 1.055000 0.276722
v -0.695000 1.055000 0.276722
v -0.685000 1.055000 0.272031
v -0.675000 1.055000 0.272031
v -0.665000 1.055000 0.272031
v -0.655000 1.055000 0.272031
v -0.645000 1.055000 0.267341
v -0.635000 1.055000 0.267341
v -0.625000 1.055000 0.267341
v -0.615000 1.055000 0.267341
v -0.605000 1.055000 0.267341
v -0.595000 1.055000 0.262651
v -0.585000 1.055000 0.262651
v -0.575000 1.055000 0.262651
v -0.565000 1.055000 0.262651
v -0.555000 1.055000 0.257961
v -0.545000 1.055000 0.257961
v -0.535000 1.055000 0.257961
v -0.525000 1.055000 0.257961
v -0.515000 1.055000 0.253271
v -0.505000 1.055000 0.253271
v -0.495000 1.055000 0.253271
v -0.485000 1.055000 0.248580
v -0.475000 1.055000 0.248580
v -0.465000 1.055000 0.248580
v -0.455000 1.055000 0.243890
v -0.915000 1.065000 0.057223
v -0.905000 1.065000 0.326623
v -0.895000 1.065000 0.335831
v -0.885000 1.065000 0.335831
v -0.875000 1.065000 0.326623
v -0.865000 1.065000 0.326623
v -0.855000 1.065000 0.326623
v -0.845000 1.065000 0.326623
v -0.835000 1.065000 0.317416
v -0.825000 1.065000 0.317416
v -0.815000 1.065000 0.308208
v -0.805000 1.065000 0.308208
v -0.795000 1.065000 0.299000
v -0.785000 1.065000 0.299000
v -0.775000 1.065000 0.295482
v -0.765000 1.065000 0.295482
v -0.755000 1.065000 0.290792
v -0.745000 1.065000 0.286102
v -0.735000 1.065000 0.286102
v -0.725000 1.065000 0.281412
v -0.715000 1.065000 0.281412
v -0.705000 1.065000 0.276722
v -0.695000 1.065000 0.276722
v -0.685000 1.065000 0.272031
v -0.675000 1.065000 0.272031
v -0.665000 1.065000 0.272031
v -0.655000 1.065000 0.272031
v -0.645000 1.065000 0.267341
v -0.635000 1.065000 0.267341
v -0.625000 1.065000 0.267341
v -0.615000 1.065000 0.267341
v -0.605000 1.065000 0.262651
v -0.595000 1.065000 0.262651
v -0.585000 1.065000 0.262651
v -0.575000 1.065000 0.262651
v -0.565000 1.065000 0.257961
v -0.555000 1.065000 0.257961
v -0.545000 1.065000 0.257961
v -0.535000 1.065000 0.257961
v -0.525000 1.065000 0.253271
v -0.515000 1.065000 0.253271
v -0.505000 1.065000 0.253271
v -0.495000 1.065000 0.248580
v -0.485000 1.065000 0.248580
v -0.475000 1.065000 0.243890
v -0.465000 1.065000 0.243890
v -0.455000 1.065000 0.243890
v -0.905000 1.075000 0.057223
v -0.895000 1.075000 0.326623
v -0.885000 1.075000 0.335831
v -0.875000 1.075000 0.326623
v -0.865000 1.075000 0.326623
v -0.855000 1.075000 0.326623
v -0.845000 1.075000 0.317416
v -0.835000 1.075000 0.317416
v -0.825000 1.075000 0.308208
v -0.815000 1.075000 0.308208
v -0.805000 1.075000 0.308208
v -0.795000 1.075000 0.299000
v -0.785000 1.075000 0.295482
v -0.775000 1.075000 0.295482
v -0.765000 1.075000 0.290792
v -0.755000 1.075000 0.290792
v -0.745000 1.075000 0.286102
v -0.735000 1.075000 0.286102
v -0.725000 1.075000 0.281412
v -0.715000 1.075000 0.281412
v -0.705000 1.075000 0.276722
v -0.695000 1.075000 0.272031
v -0.685000 1.075000 0.272031
v -0.675000 1.075000 0.272031
v -0.665000 1.075000 0.272031
v -0.655000 1.075000 0.267341
v -0.645000 1.075000 0.267341
v -0.635000 1.075000 0.267341
v -0.625000 1.075000 0.267341
v -0.615000 1.075000 0.262651
v -0.605000 1.075000 0.262651
v -0.595000 1.075000 0.262651
v -0.585000 1.075000 0.262651
v -0.575000 1.075000 0.257961
v -0.565000 1.075000 0.257961
v -0.555000 1.075000 0.257961
v -0.545000 1.075000 0.257961
v -0.535000 1.075000 0.253271
v -0.525000 1.075000 0.253271
v -0.515000 1.075000 0.253271
v -0.505000 1.075000 0.248580
v -0.495000 1.075000 0.248580
v -0.485000 1.075000 0.243890
v -0.475000 1.075000 0.243890
v -0.465000 1.075000 0.243890
v -0.455000 1.075000 0.243890
v -0.895000 1.085000 0.057223
v -0.885000 1.085000 0.326623
v -0.875000 1.085000 0.317416
v -0.865000 1.085000 0.317416
v -0.855000 1.085000 0.317416
v -0.845000 1.085000 0.317416
v -0.835000 1.085000 0.308208
v -0.825000 1.085000 0.308208
v -0.815000 1.085000 0.308208
v -0.805000 1.085000 0.299000
v -0.795000 1.085000 0.295482
v -0.785000 1.085000 0.295482
v -0.775000 1.085000 0.290792
v -0.765000 1.085000 0.290792
v -0.755000 1.085000 0.286102
v -0.745000 1.085000 0.286102
v -0.735000 1.085000 0.281412
v -0.725000 1.085000 0.281412
v -0.715000 1.085000 0.276722
v -0.705000 1.085000 0.276722
v -0.695000 1.085000 0.272031
v -0.685000 1.085000 0.272031
v -0.675000 1.085000 0.272031
v -0.665000 1.085000 0.267341
v -0.655000 1.085000 0.267341
v -0.645000 1.085000 0.267341
v -0.635000 1.085000 0.267341
v -0.625000 1.085000 0.262651
v -0.615000 1.085000 0.262651
v -0.605000 1.085000 0.262651
v -0.595000 1.085000 0.262651
v -0.585000 1.085000 0.257961
v -0.575000 1.085000 0.257961
v -0.565000 1.085000 0.257961
v -0.555000 1.085000 0.257961
v -0.545000 1.085000 0.253271
v -0.535000 1.085000 0.253271
v -0.525000 1.085000 0.253271
v -0.515000 1.085000 0.248580
v -0.505000 1.085000 0.248580
v -0.495000 1.085000 0.248580
v -0.485000 1.085000 0.243890
v -0.475000 1.085000 0.243890
v -0.465000 1.085000 0.243890
v -0.455000 1.085000 0.243890
v -0.905000 1.095000 0.057223
v -0.895000 1.095000 0.308208
v -0.885000 1.095000 0.326623
v -0.875000 1.095000 0.317416
v -0.865000 1.095000 0.308208
v -0.855000 1.095000 0.317416
v -0.845000 1.095000 0.308208
v -0.835000 1.095000 0.308208
v -0.825000 1.095000 0.299000
v -0.815000 1.095000 0.299000
v -0.805000 1.095000 0.299000
v -0.795000 1.095000 0.295482
v -0.785000 1.095000 0.295482
v -0.775000 1.095000 0.290792
v -0.765000 1.095000 0.290792
v -0.755000 1.095000 0.286102
v -0.745000 1.095000 0.286102
v -0.735000 1.095000 0.281412
v -0.725000 1.095000 0.281412
v -0.715000 1.095000 0.276722
v -0.705000 1.095000 0.276722
v -0.695000 1.095000 0.272031
v -0.685000 1.095000 0.272031
v -0.675000 1.095000 0.267341
v -0.665000 1.095000 0.267341
v -0.655000 1.095000 0.267341
v -0.645000 1.095000 0.267341
v -0.635000 1.095000 0.267341
v -0.625000 1.095000 0.262651
v -0.615000 1.095000 0.262651
v -0.605000 1.095000 0.262651
v -0.595000 1.095000 0.257961
v -0.585000 1.095000 0.257961
v -0.575000 1.095000 0.257961
v -0.565000 1.095000 0.257961
v -0.555000 1.095000 0.253271
v -0.545000 1.095000 0.253271
v -0.535000 1.095000 0.253271
v -0.525000 1.095000 0.248580
v -0.515000 1.095000 0.248580
v -0.505000 1.095000 0.248580
v -0.495000 1.095000 0.243890
v -0.485000 1.095000 0.243890
v -0.475000 1.095000 0.243890
v -0.465000 1.095000 0.239200
v -0.455000 1.095000 0.239200
v -0.895000 1.105000 0.057223
v -0.885000 1.105000 0.317416
v -0.875000 1.105000 0.317416
v -0.865000 1.105000 0.308208
v -0.855000 1.105000 0.308208
v -0.845000 1.105000 0.308208
v -0.835000 1.105000 0.299000
v -0.825000 1.105000 0.299000
v -0.815000 1.105000 0.299000
v -0.805000 1.105000 0.299000
v -0.795000 1.105000 0.295482
v -0.785000 1.105000 0.290792
v -0.775000 1.105000 0.290792
v -0.765000 1.105000 0.286102
v -0.755000 1.105000 0.286102
v -0.745000 1.105000 0.286102
v -0.735000 1.105000 0.281412
v -0.725000 1.105000 0.276722
v -0.715000 1.105000 0.276722
v -0.705000 1.105000 0.272031
v -0.695000 1.105000 0.272031
v -0.685000 1.105000 0.267341
v -0.675000 1.105000 0.267341
v -0.665000 1.105000 0.267341
v -0.655000 1.105000 0.267341
v -0.645000 1.105000 0.262651
v -0.635000 1.105000 0.262651
v -0.625000 1.105000 0.262651
v -0.615000 1.105000 0.262651
v -0.605000 1.105000 0.257961
v -0.595000 1.105000 0.257961
v -0.585000 1.105000 0.257961
v -0.575000 1.105000 0.257961
v -0.565000 1.105000 0.253271
v -0.555000 1.105000 0.253271
v -0.545000 1.105000 0.253271
v -0.535000 1.105000 0.253271
v -0.525000 1.105000 0.248580
v -0.515000 1.105000 0.248580
v -0.505000 1.105000 0.243890
v -0.495000 1.105000 0.243890
v -0.485000 1.105000 0.243890
v -0.475000 1.105000 0.239200
v -0.465000 1.105000 0.239200
v -0.455000 1.105000 0.239200
v -0.905000 1.115000 0.057223
v -0.895000 1.115000 0.308208
v -0.885000 1.115000 0.317416
v -0.875000 1.115000 0.308208
v -0.865000 1.115000 0.299000
v -0.855000 1.115000 0.308208
v -0.845000 1.115000 0.299000
v -0.835000 1.115000 0.299000
v -0.825000 1.115000 0.295482
v -0.815000 1.115000 0.295482
v -0.805000 1.115000 0.295482
v -0.795000 1.115000 0.290792
v -0.785000 1.115000 0.290792
v -0.775000 1.115000 0.286102
v -0.765000 1.115000 0.286102
v -0.755000 1.115000 0.281412
v -0.745000 1.115000 0.281412
v -0.735000 1.115000 0.281412
v -0.725000 1.115000 0.276722
v -0.715000 1.115000 0.276722
v -0.705000 1.115000 0.272031
v -0.695000 1.115000 0.272031
v -0.685000 1.115000 0.267341
v -0.675000 1.115000 0.267341
v -0.665000 1.115000 0.267341
v -0.655000 1.115000 0.262651
v -0.645000 1.115000 0.262651
v -0.635000 1.115000 0.262651
v -0.625000 1.115000 0.262651
v -0.615000 1.115000 0.262651
v -0.605000 1.115000 0.257961
v -0.595000 1.115000 0.257961
v -0.585000 1.115000 0.257961
v -0.575000 1.115000 0.253271
v -0.565000 1.115000 0.253271
v -0.555000 1.115000 0.253271
v -0.545000 1.115000 0.253271
v -0.535000 1.115000 0.248580
v -0.525000 1.115000 0.248580
v -0.515000 1.115000 0.243890
v -0.505000 1.115000 0.243890
v -0.495000 1.115000 0.243890
v -0.485000 1.115000 0.239200
v -0.475000 1.115000 0.239200
v -0.465000 1.115000 0.239200
v -0.455000 1.115000 0.239200
v -0.905000 1.125000 0.057223
v -0.895000 1.125000 0.308208
v -0.885000 1.125000 0.308208
v -0.875000 1.125000 0.299000
v -0.865000 1.125000 0.299000
v -0.855000 1.125000 0.299000
v -0.845000 1.125000 0.295482
v -0.835000 1.125000 0.299000
v -0.825000 1.125000 0.295482
v -0.815000 1.125000 0.295482
v -0.805000 1.125000 0.290792
v -0.795000 1.125000 0.290792
v -0.785000 1.125000 0.290792
v -0.775000 1.125000 0.286102
v -0.765000 1.125000 0.286102
v -0.755000 1.125000 0.281412
v -0.745000 1.125000 0.281412
v -0.735000 1.125000 0.276722
v -0.725000 1.125000 0.276722
v -0.715000 1.125000 0.272031
v -0.705000 1.125000 0.272031
v -0.695000 1.125000 0.267341
v -0.685000 1.125000 0.267341
v -0.675000 1.125000 0.267341
v -0.665000 1.125000 0.267341
v -0.655000 1.125000 0.262651
v -0.645000 1.125000 0.262651
v -0.635000 1.125000 0.262651
v -0.625000 1.125000 0.262651
v -0.615000 1.125000 0.262651
v -0.605000 1.125000 0.257961
v -0.595000 1.125000 0.257961
v -0.585000 1.125000 0.253271
v -0.575000 1.125000 0.253271
v -0.565000 1.125000 0.253271
v -0.555000 1.125000 0.248580
v -0.545000 1.125000 0.248580
v -0.535000 1.125000 0.248580
v -0.525000 1.125000 0.243890
v -0.515000 1.125000 0.243890
v -0.505000 1.125000 0.243890
v -0.495000 1.125000 0.239200
v -0.485000 1.125000 0.239200
v -0.475000 1.125000 0.239200
v -0.465000 1.125000 0.239200
v -0.455000 1.125000 0.239200
v -0.905000 1.135000 0.057223
v -0.895000 1.135000 0.308208
v -0.885000 1.135000 0.308208
v -0.875000 1.135000 0.295482
v -0.865000 1.135000 0.295482
v -0.855000 1.135000 0.295482
v -0.845000 1.135000 0.295482
v -0.835000 1.135000 0.295482
v -0.825000 1.135000 0.290792
v -0.815000 1.135000 0.290792
v -0.805000 1.135000 0.290792
v -0.795000 1.135000 0.290792
v -0.785000 1.135000 0.286102
v -0.775000 1.135000 0.286102
v -0.765000 1.135000 0.281412
v -0.755000 1.135000 0.281412
v -0.745000 1.135000 0.276722
v -0.735000 1.135000 0.276722
v -0.725000 1.135000 0.276722
v -0.715000 1.135000 0.272031
v -0.705000 1.135000 0.272031
v -0.695000 1.135000 0.267341
v -0.685000 1.135000 0.267341
v -0.675000 1.135000 0.267341
v -0.665000 1.135000 0.262651
v -0.655000 1.135000 0.262651
v -0.645000 1.135000 0.262651
v -0.635000 1.135000 0.262651
v -0.625000 1.135000 0.262651
v -0.615000 1.135000 0.257961
v -0.605000 1.135000 0.253271
v -0.595000 1.135000 0.253271
v -0.585000 1.135000 0.253271
v -0.575000 1.135000 0.248580
v -0.565000 1.135000 0.248580
v -0.555000 1.135000 0.248580
v -0.545000 1.135000 0.248580
v -0.535000 1.135000 0.243890
v -0.525000 1.135000 0.243890
v -0.515000 1.135000 0.243890
v -0.505000 1.135000 0.239200
v -0.495000 1.135000 0.239200
v -0.485000 1.135000 0.239200
v -0.475000 1.135000 0.239200
v -0.465000 1.135000 0.234510
v -0.455000 1.135000 0.234510
v -0.895000 1.145000 0.057223
v -0.885000 1.145000 0.295482
v -0.875000 1.145000 0.290792
v -0.865000 1.145000 0.290792
v -0.855000 1.145000 0.295482
v -0.845000 1.145000 0.295482
v -0.835000 1.145000 0.295482
v -0.825000 1.145000 0.290792
v -0.815000 1.145000 0.290792
v -0.805000 1.145000 0.286102
v -0.795000 1.145000 0.286102
v -0.785000 1.145000 0.281412
v -0.775000 1.145000 0.281412
v -0.765000 1.145000 0.281412
v -0.755000 1.145000 0.276722
v -0.745000 1.145000 0.276722
v -0.735000 1.145000 0.276722
v -0.725000 1.145000 0.272031
v -0.715000 1.145000 0.272031
v -0.705000 1.145000 0.267341
v -0.695000 1.145000 0.267341
v -0.685000 1.145000 0.262651
v -0.675000 1.145000 0.262651
v -0.665000 1.145000 0.262651
v -0.655000 1.145000 0.262651
v -0.645000 1.145000 0.262651
v -0.635000 1.145000 0.257961
v -0.625000 1.145000 0.257961
v -0.615000 1.145000 0.257961
v -0.605000 1.145000 0.253271
v -0.595000 1.145000 0.248580
v -0.585000 1.145000 0.248580
v -0.575000 1.145000 0.248580
v -0.565000 1.145000 0.248580
v -0.555000 1.145000 0.248580
v -0.545000 1.145000 0.243890
v -0.535000 1.145000 0.243890
v -0.525000 1.145000 0.243890
v -0.515000 1.145000 0.239200
v -0.505000 1.145000 0.239200
v -0.495000 1.145000 0.239200
v -0.485000 1.145000 0.239200
v -0.475000 1.145000 0.234510
v -0.465000 1.145000 0.234510
v -0.455000 1.145000 0.234510
v -0.895000 1.155000 0.057223
v -0.885000 1.155000 0.290792
v -0.875000 1.155000 0.290792
v -0.865000 1.155000 0.286102
v -0.855000 1.155000 0.290792
v -0.845000 1.155000 0.290792
v -0.835000 1.155000 0.290792
v -0.825000 1.155000 0.286102
v -0.815000 1.155000 0.286102
v -0.805000 1.155000 0.286102
v -0.795000 1.155000 0.286102
v -0.785000 1.155000 0.281412
v -0.775000 1.155000 0.281412
v -0.765000 1.155000 0.276722
v -0.755000 1.155000 0.276722
v -0.745000 1.155000 0.276722
v -0.735000 1.155000 0.272031
v -0.725000 1.155000 0.272031
v -0.715000 1.155000 0.267341
v -0.705000 1.155000 0.267341
v -0.695000 1.155000 0.262651
v -0.685000 1.155000 0.262651
v -0.675000 1.155000 0.262651
v -0.665000 1.155000 0.262651
v -0.655000 1.155000 0.257961
v -0.645000 1.155000 0.257961
v -0.635000 1.155000 0.257961
v -0.625000 1.155000 0.253271
v -0.615000 1.155000 0.253271
v -0.605000 1.155000 0.248580
v -0.595000 1.155000 0.248580
v -0.585000 1.155000 0.248580
v -0.575000 1.155000 0.248580
v -0.565000 1.155000 0.243890
v -0.555000 1.155000 0.243890
v -0.545000 1.155000 0.243890
v -0.535000 1.155000 0.243890
v -0.525000 1.155000 0.239200
v -0.515000 1.155000 0.239200
v -0.505000 1.155000 0.239200
v -0.495000 1.155000 0.239200
v -0.485000 1.155000 0.234510
v -0.475000 1.155000 0.234510
v -0.465000 1.155000 0.234510
v -0.455000 1.155000 0.234510
v -0.895000 1.165000 0.057223
v -0.885000 1.165000 0.286102
v -0.875000 1.165000 0.286102
v -0.865000 1.165000 0.281412
v -0.855000 1.165000 0.286102
v -0.845000 1.165000 0.286102
v -0.835000 1.165000 0.286102
v -0.825000 1.165000 0.286102
v -0.815000 1.165000 0.281412
v -0.805000 1.165000 0.281412
v -0.795000 1.165000 0.281412
v -0.785000 1.165000 0.276722
v -0.775000 1.165000 0.276722
v -0.765000 1.165000 0.272031
v -0.755000 1.165000 0.272031
v -0.745000 1.165000 0.272031
v -0.735000 1.165000 0.267341
v -0.725000 1.165000 0.267341
v -0.715000 1.165000 0.267341
v -0.705000 1.165000 0.262651
v -0.695000 1.165000 0.262651
v -0.685000 1.165000 0.262651
v -0.675000 1.165000 0.257961
v -0.665000 1.165000 0.257961
v -0.655000 1.165000 0.257961
v -0.645000 1.165000 0.257961
v -0.635000 1.165000 0.253271
v -0.625000 1.165000 0.253271
v -0.615000 1.165000 0.248580
v -0.605000 1.165000 0.248580
v -0.595000 1.165000 0.248580
v -0.585000 1.165000 0.243890
v -0.575000 1.165000 0.243890
v -0.565000 1.165000 0.243890
v -0.555000 1.165000 0.243890
v -0.545000 1.165000 0.243890
v -0.535000 1.165000 0.243890
v -0.525000 1.165000 0.239200
v -0.515000 1.165000 0.239200
v -0.505000 1.165000 0.239200
v -0.495000 1.165000 0.239200
v -0.485000 1.165000 0.234510
v -0.475000 1.165000 0.234510
v -0.465000 1.165000 0.234510
v -0.455000 1.165000 0.239200
v -0.885000 1.175000 0.057223
v -0.875000 1.175000 0.286102
v -0.865000 1.175000 0.276722
v -0.855000 1.175000 0.281412
v -0.845000 1.175000 0.281412
v -0.835000 1.175000 0.281412
v -0.825000 1.175000 0.281412
v -0.815000 1.175000 0.276722
v -0.805000 1.175000 0.276722
v -0.795000 1.175000 0.276722
v -0.785000 1.175000 0.272031
v -0.775000 1.175000 0.272031
v -0.765000 1.175000 0.267341
v -0.755000 1.175000 0.267341
v -0.745000 1.175000 0.267341
v -0.735000 1.175000 0.267341
v -0.725000 1.175000 0.262651
v -0.715000 1.175000 0.262651
v -0.705000 1.175000 0.262651
v -0.695000 1.175000 0.262651
v -0.685000 1.175000 0.257961
v -0.675000 1.175000 0.257961
v -0.665000 1.175000 0.257961
v -0.655000 1.175000 0.253271
v -0.645000 1.175000 0.253271
v -0.635000 1.175000 0.253271
v -0.625000 1.175000 0.253271
v -0.615000 1.175000 0.248580
v -0.605000 1.175000 0.248580
v -0.595000 1.175000 0.248580
v -0.585000 1.175000 0.243890
v -0.575000 1.175000 0.243890
v -0.565000 1.175000 0.243890
v -0.555000 1.175000 0.243890
v -0.545000 1.175000 0.243890
v -0.535000 1.175000 0.243890
v -0.525000 1.175000 0.243890
v -0.515000 1.175000 0.057223
v -0.505000 1.175000 0.057223
v -0.495000 1.175000 0.057223
v -0.485000 1.175000 0.057223
v -0.475000 1.175000 0.239200
v -0.465000 1.175000 0.057223
v -0.455000 1.175000 0.057223
v -0.895000 1.185000 0.057223
v -0.885000 1.185000 0.281412
v -0.875000 1.185000 0.281412
v -0.865000 1.185000 0.272031
v -0.855000 1.185000 0.276722
v -0.845000 1.185000 0.276722
v -0.835000 1.185000 0.276722
v -0.825000 1.185000 0.272031
v -0.815000 1.185000 0.272031
v -0.805000 1.185000 0.272031
v -0.795000 1.185000 0.272031
v -0.785000 1.185000 0.272031
v -0.775000 1.185000 0.267341
v -0.765000 1.185000 0.267341
v -0.755000 1.185000 0.267341
v -0.745000 1.185000 0.267341
v -0.735000 1.185000 0.262651
v -0.725000 1.185000 0.262651
v -0.715000 1.185000 0.262651
v -0.705000 1.185000 0.262651
v -0.695000 1.185000 0.257961
v -0.685000 1.185000 0.257961
v -0.675000 1.185000 0.257961
v -0.665000 1.185000 0.257961
v -0.655000 1.185000 0.253271
v -0.645000 1.185000 0.253271
v -0.635000 1.185000 0.253271
v -0.625000 1.185000 0.253271
v -0.615000 1.185000 0.248580
v -0.605000 1.185000 0.248580
v -0.595000 1.185000 0.248580
v -0.585000 1.185000 0.243890
v -0.575000 1.185000 0.243890
v -0.565000 1.185000 0.057223
v -0.555000 1.185000 0.057223
v -0.545000 1.185000 0.150086
v -0.535000 1.185000 0.150086
v -0.525000 1.185000 0.150086
v -0.485000 1.185000 0.150086
v -0.475000 1.185000 0.150086
v -0.465000 1.185000 0.150086
v -0.885000 1.195000 0.057223
v -0.875000 1.195000 0.057223
v -0.865000 1.195000 0.267341
v -0.855000 1.195000 0.272031
v -0.845000 1.195000 0.272031
v -0.835000 1.195000 0.272031
v -0.825000 1.195000 0.272031
v -0.815000 1.195000 0.272031
v -0.805000 1.195000 0.267341
v -0.795000 1.195000 0.267341
v -0.785000 1.195000 0.267341
v -0.775000 1.195000 0.267341
v -0.765000 1.195000 0.267341
v -0.755000 1.195000 0.262651
v -0.745000 1.195000 0.262651
v -0.735000 1.195000 0.057223
v -0.725000 1.195000 0.057223
v -0.715000 1.195000 0.057223
v -0.705000 1.195000 0.057223
v -0.695000 1.195000 0.057223
v -0.685000 1.195000 0.150086
v -0.675000 1.195000 0.057223
v -0.665000 1.195000 0.057223
v -0.655000 1.195000 0.253271
v -0.645000 1.195000 0.253271
v -0.635000 1.195000 0.057223
v -0.625000 1.195000 0.057223
v -0.615000 1.195000 0.057223
v -0.605000 1.195000 0.248580
v -0.595000 1.195000 0.057223
v -0.585000 1.195000 0.057223
v -0.575000 1.195000 0.150086
v -0.865000 1.205000 0.057223
v -0.855000 1.205000 0.267341
v -0.845000 1.205000 0.267341
v -0.835000 1.205000 0.267341
v -0.825000 1.205000 0.267341
v -0.815000 1.205000 0.057223
v -0.805000 1.205000 0.057223
v -0.795000 1.205000 0.057223
v -0.785000 1.205000 0.057223
v -0.775000 1.205000 0.057223
v -0.765000 1.205000 0.057223
v -0.755000 1.205000 0.262651
v -0.745000 1.205000 0.057223
v -0.675000 1.205000 0.057223
v -0.665000 1.205000 0.057223
v -0.655000 1.205000 0.253271
v -0.645000 1.205000 0.057223
v -0.605000 1.205000 0.150086
v -0.855000 1.215000 0.057223
v -0.845000 1.215000 0.267341
v -0.835000 1.215000 0.057223
v -0.825000 1.215000 0.057223
v -0.755000 1.215000 0.057223
v -0.655000 1.215000 0.150086
v -0.845000 1.225000 0.150086
vn -0.3359 -0.3100 0.8894
vn -0.2351 0.3801 0.8946
vn -0.4301 -0.9003 0.0665
vn -0.5379 0.6320 0.5579
vn -0.0000 -0.9974 0.0716
vn -0.7406 -0.1948 0.6431
vn 0.3414 -0.9397 0.0209
vn -0.2182 -0.2129 0.9524
vn -0.8108 -0.3763 0.4483
vn -0.5416 -0.8366 0.0828
vn -0.8320 -0.5503 -0.0706
vn -0.0420 -0.9928 0.1121
vn -0.8380 -0.5420 -0.0630
vn -0.0725 -0.9896 0.1243
vn -0.8827 -0.4581 -0.1044
vn 0.0254 -0.9864 0.1624
vn -0.7845 -0.6186 -0.0438
vn 0.0263 -0.9932 0.1134
vn -0.8815 -0.4623 -0.0960
vn -0.0001 -0.9911 0.1331
vn -0.7835 -0.6199 -0.0439
vn -0.0000 -0.9921 0.1255
vn -0.8461 -0.5264 -0.0843
vn -0.0210 -0.9935 0.1120
vn -0.8455 -0.5251 -0.0965
vn -0.0000 -0.9911 0.1331
vn -0.8697 -0.4778 -0.1238
vn -0.0299 -0.9912 0.1292
vn -0.4868 -0.8693 0.0852
vn -0.0000 -0.9916 0.1293
vn -0.5600 -0.8284 -0.0104
vn 0.0196 -0.9886 0.1492
vn -0.2411 -0.9699 0.0347
vn -0.0000 -0.9905 0.1374
vn -0.5042 0.8400 0.2005
vn 0.1088 -0.9901 0.0892
vn -0.4194 -0.9032 0.0915
vn 0.1598 -0.4993 0.8516
vn 0.0879 -0.6560 0.7496
vn 0.7361 -0.3716 0.5658
vn -0.3125 -0.8688 0.3840
vn -0.6722 -0.7383 0.0553
vn -0.0000 -0.8563 0.5165
vn -0.0817 -0.8487 0.5225
vn -0.3724 -0.7448 0.5537
vn -0.0897 -0.8067 0.5841
vn 0.4008 -0.8017 0.4434
vn -0.1705 -0.8138 0.5555
vn -0.0000 -0.8751 0.4840
vn 0.3196 -0.7360 0.5968
vn -0.1883 -0.7669 0.6135
vn -0.2414 -0.8165 0.5244
vn 0.0739 -0.8239 0.5619
vn 0.2247 -0.7599 0.6100
vn -0.0000 -0.7561 0.6545
vn -0.0000 -0.7798 0.6260
vn 0.0818 -0.7790 0.6216
vn -0.1109 -0.8674 0.4850
vn 0.0791 -0.8532 0.5156
vn 0.8817 -0.3973 0.2544
vn -0.2580 -0.8485 0.4620
vn -0.2746 -0.2005 0.9404
vn -0.5423 -0.8381 0.0592
vn -0.5143 -0.7527 0.4109
vn -0.0417 -0.9902 0.1335
vn -0.8351 -0.5472 -0.0569
vn -0.0286 -0.9907 0.1328
vn -0.8362 -0.5439 -0.0694
vn -0.0000 -0.9892 0.1464
vn -0.8396 -0.5397 -0.0609
vn -0.0000 -0.9936 0.1134
vn -0.5050 -0.8569 0.1033
vn -0.0565 -0.9867 0.1521
vn 0.7191 0.6704 0.1831
vn 0.0523 -0.9958 0.0750
vn -0.8370 0.5122 0.1926
vn 0.4979 -0.8649 0.0639
vn -0.9202 -0.2976 -0.2541
vn -0.3280 -0.8883 0.3215
vn -0.6079 0.2788 0.7435
vn -0.4373 -0.8979 0.0505
vn -0.4130 0.6753 0.6110
vn 0.0323 -0.9939 0.1054
vn -0.9908 -0.0851 0.1048
vn -0.0000 -0.9984 0.0566
vn -0.4113 -0.9069 0.0916
vn -0.0000 -0.8447 0.5352
vn -0.0000 -0.6774 0.7357
vn -0.0000 -0.7639 0.6453
vn -0.3614 -0.7229 0.5889
vn -0.2399 -0.7198 0.6514
vn 0.2323 -0.7743 0.5886
vn -0.0780 -0.8577 0.5081
vn -0.0000 -0.7754 0.6315
vn 0.3320 -0.7968 0.5048
vn -0.2963 -0.7902 0.5364
vn -0.2607 -0.7820 0.5662
vn 0.1772 -0.7972 0.5772
vn 0.2025 -0.8102 0.5500
vn -0.0780 -0.8578 0.5081
vn -0.1363 -0.8856 0.4440
vn 0.0702 -0.8427 0.5338
vn 0.2607 -0.7820 0.5662
vn 0.7564 -0.5515 0.3516
vn -0.6441 0.0226 0.7646
vn -0.7596 -0.4204 0.4962
vn -0.6041 -0.7923 0.0853
vn -0.8168 -0.5737 -0.0614
vn -0.0623 -0.9852 0.1597
vn -0.8209 -0.5678 -0.0605
vn -0.0250 -0.9869 0.1597
vn -0.8084 -0.5474 -0.2165
vn -0.0000 -0.9868 0.1618
vn -0.8886 -0.3794 -0.2576
vn -0.0123 -0.9874 0.1579
vn -0.8879 -0.3808 -0.2581
vn -0.0000 -0.9878 0.1560
vn -0.8872 -0.3820 -0.2586
vn -0.0241 -0.9878 0.1541
vn -0.9103 -0.3945 -0.1251
vn -0.0353 -0.9880 0.1505
vn -0.8141 -0.5793 -0.0414
vn -0.0000 -0.9886 0.1506
vn -0.4819 -0.8726 0.0793
vn -0.0345 -0.9823 0.1838
vn -0.3173 0.8666 0.3850
vn 0.1448 -0.9828 0.1149
vn -0.7109 0.5085 0.4858
vn -0.0000 -0.9978 0.0662
vn -0.5286 0.5316 0.6618
vn -0.1944 -0.9762 0.0964
vn -0.5245 -0.7299 0.4383
vn -0.0638 -0.9887 0.1360
vn -0.8251 -0.5637 -0.0386
vn -0.0000 -0.9907 0.1363
vn -0.8243 -0.5648 -0.0385
vn -0.1535 -0.9821 0.1091
vn -0.0000 -0.9860 0.1669
vn -0.6849 0.4775 -0.5505
vn 0.0963 -0.9921 0.0807
vn -0.4244 -0.8991 0.1073
vn -0.1533 -0.7336 0.6620
vn -0.1312 -0.7292 0.6716
vn -0.3197 -0.7691 0.5534
vn -0.0000 -0.8323 0.5544
vn -0.0000 -0.8266 0.5627
vn -0.3708 -0.8187 0.4385
vn -0.2768 -0.7993 0.5334
vn -0.3207 -0.7484 0.5806
vn 0.2472 -0.9659 0.0775
vn -0.9792 -0.1047 -0.1737
vn -0.0000 -0.9976 0.0694
vn -0.9723 -0.1281 -0.1957
vn 0.0105 -0.9967 0.0801
vn -0.4161 -0.9058 0.0800
vn -0.1572 -0.7862 0.5977
vn -0.1674 -0.7531 0.6362
vn 0.2615 -0.6537 0.7101
vn 0.2047 -0.7164 0.6669
vn -0.2047 -0.7164 0.6669
vn -0.3207 -0.6415 0.6969
vn -0.1209 -0.6043 0.7875
vn -0.0000 -0.6774 0.7356
vn -0.0896 -0.8067 0.5841
vn -0.2047 -0.7165 0.6669
vn 0.0793 -0.7936 0.6033
vn -0.0000 -0.8100 0.5865
vn -0.0965 -0.7717 0.6286
vn -0.0000 -0.7753 0.6316
vn 0.0896 -0.8067 0.5841
vn 0.6715 -0.6088 0.4224
vn -0.3776 0.0718 0.9232
vn -0.9242 -0.3808 0.0285
vn -0.6879 -0.7209 0.0837
vn -0.3375 0.9404 -0.0407
vn 0.1179 -0.9886 0.0937
vn -0.4438 -0.8875 0.1240
vn -0.3495 -0.2796 0.8942
vn -0.2951 -0.1476 0.9440
vn -0.0770 -0.1540 0.9851
vn -0.1476 -0.2952 0.9440
vn -0.1476 -0.2951 0.9440
vn -0.0726 -0.3631 0.9289
vn -0.2563 -0.5125 0.8196
vn -0.1359 -0.4756 0.8691
vn -0.0000 -0.4246 0.9054
vn -0.2077 -0.4154 0.8856
vn -0.2469 -0.4115 0.8773
vn -0.0000 -0.5164 0.8564
vn -0.4208 -0.4810 0.7691
vn -0.2796 -0.3495 0.8942
vn -0.0000 -0.2283 0.9736
vn -0.0552 -0.3313 0.9419
vn -0.0000 -0.3795 0.9252
vn -0.2751 -0.5502 0.7884
vn -0.3536 -0.7072 0.6122
vn -0.2288 -0.7457 0.6258
vn -0.2066 -0.8265 0.5236
vn -0.2986 -0.8211 0.4864
vn -0.1653 -0.8263 0.5384
vn -0.3864 -0.7728 0.5035
vn -0.2047 -0.7164 0.6670
vn 0.1771 -0.7972 0.5772
vn -0.0000 -0.8378 0.5459
vn 0.2047 -0.7165 0.6669
vn -0.3208 -0.6416 0.6968
vn 0.3068 -0.4602 0.8331
vn 0.1027 -0.6163 0.7808
vn -0.2531 -0.5061 0.8245
vn 0.1027 -0.6162 0.7809
vn -0.0000 -0.4182 0.9084
vn -0.0902 -0.7219 0.6860
vn -0.2606 -0.7820 0.5662
vn 0.0897 -0.8067 0.5841
vn 0.7071 -0.4790 0.5202
vn -0.1621 -0.9339 0.3186
vn -0.6975 -0.7134 0.0679
vn -0.2226 -0.2226 0.9492
vn -0.3243 -0.4541 0.8298
vn -0.2562 -0.5125 0.8196
vn -0.3142 -0.4300 0.8464
vn -0.0000 -0.1732 0.9849
vn -0.1134 -0.2268 0.9673
vn -0.2316 -0.4632 0.8555
vn -0.2342 -0.6025 0.7630
vn -0.4690 -0.6765 0.5678
vn -0.3615 -0.7229 0.5888
vn -0.1209 -0.6042 0.7876
vn -0.2530 -0.5061 0.8245
vn 0.3215 -0.7234 0.6110
vn -0.3765 -0.6275 0.6815
vn -0.0000 -0.4836 0.8753
vn 0.4221 -0.4221 0.8023
vn -0.0000 -0.6773 0.7357
vn -0.3207 -0.6415 0.6968
vn 0.1122 -0.6731 0.7310
vn -0.0481 -0.9979 0.0441
vn -0.8866 -0.4582 0.0633
vn -0.0000 -0.5164 0.8563
vn -0.0875 -0.3500 0.9327
vn -0.3909 -0.3909 0.8333
vn -0.1762 -0.5448 0.8199
vn -0.1933 -0.5317 0.8246
vn -0.0000 -0.3794 0.9252
vn -0.1791 -0.3581 0.9163
vn -0.1109 -0.6819 0.7230
vn -0.2288 -0.7456 0.6258
vn -0.4633 -0.6486 0.6038
vn -0.3207 -0.6416 0.6968
vn -0.1452 -0.2903 0.9459
vn -0.1451 -0.2903 0.9459
vn 0.3215 -0.7233 0.6111
vn 0.3131 -0.5219 0.7935
vn -0.1208 -0.6042 0.7876
vn -0.0000 -0.3456 0.9384
vn -0.0000 -0.6195 0.7850
vn 0.8602 -0.4403 0.2573
vn -0.2149 -0.9549 -0.2051
vn -0.9950 -0.0425 0.0906
vn -0.0638 -0.5742 0.8162
vn 0.1268 -0.5707 0.8113
vn -0.2307 -0.6344 0.7378
vn -0.1223 -0.6112 0.7819
vn -0.1884 -0.5651 0.8032
vn -0.3582 -0.5372 0.7636
vn -0.0661 -0.5291 0.8460
vn -0.1762 -0.5447 0.8199
vn -0.1934 -0.5317 0.8246
vn -0.2334 -0.4668 0.8530
vn -0.2750 -0.5502 0.7885
vn -0.0000 -0.5368 0.8437
vn -0.3388 -0.6776 0.6528
vn -0.4378 -0.5473 0.7133
vn -0.3858 -0.3858 0.8380
vn 0.2685 -0.4028 0.8750
vn 0.3208 -0.6416 0.6968
vn 0.2332 -0.6996 0.6754
vn 0.6874 -0.4847 0.5409
vn -0.2092 -0.9572 -0.1998
vn -0.9950 -0.0479 0.0876
vn -0.2196 -0.5856 0.7803
vn -0.0488 -0.6833 0.7285
vn -0.1686 -0.6743 0.7189
vn -0.0000 -0.5754 0.8179
vn -0.1883 -0.5651 0.8032
vn -0.1257 -0.5813 0.8039
vn -0.1635 -0.5231 0.8365
vn -0.2091 -0.5995 0.7726
vn -0.0611 -0.6200 0.7822
vn -0.0000 -0.0000 1.0000
vn -0.0000 -0.4835 0.8753
vn 0.4593 -0.4684 0.7547
vn -0.2095 -0.9625 -0.1725
vn -0.9943 -0.0657 0.0840
vn -0.1222 -0.6112 0.7820
vn -0.2452 -0.4903 0.8364
vn -0.1056 -0.4223 0.9003
vn -0.2830 -0.5660 0.7743
vn -0.3858 -0.3858 0.8381
vn 0.2366 -0.5915 0.7708
vn -0.0000 -0.5495 0.8355
vn -0.1703 -0.3406 0.9247
vn 0.7071 -0.0000 0.7071
vn -0.2270 -0.9549 -0.1911
vn -0.9960 -0.0324 0.0831
vn -0.0000 -0.3796 0.9252
vn -0.0000 -0.3796 0.9251
vn -0.4099 -0.4562 0.7898
vn -0.2530 -0.5061 0.8246
vn 0.1214 -0.3643 0.9233
vn -0.0000 -0.5231 0.8523
vn 0.7966 -0.2874 0.5319
vn -0.2139 -0.9551 -0.2051
vn -0.9965 -0.0145 0.0824
vn -0.1369 -0.4307 0.8921
vn -0.0507 -0.4995 0.8648
vn -0.0000 -0.2544 0.9671
vn 0.6322 -0.3443 0.6941
vn -0.2040 -0.9592 -0.1957
vn -0.9966 -0.0096 0.0820
vn -0.0139 -0.8693 -0.4940
vn -0.8381 0.5412 0.0685
vn -0.3068 -0.4603 0.8331
vn -0.5608 -0.5608 0.6091
vn 0.1452 0.2903 0.9459
vn -0.0000 0.4182 0.9084
vn -0.1215 0.3643 0.9233
vn -0.2544 -0.0000 0.9671
vn -0.5232 -0.0000 0.8522
vn 0.5148 -0.5258 -0.6771
vn -0.9608 0.2636 0.0861
vn -0.5061 -0.2531 0.8245
vn 0.2903 0.1452 0.9459
vn 0.3858 0.3858 0.8381
vn -0.0000 0.5495 0.8355
vn -0.3068 0.4602 0.8331
vn -0.3446 0.3446 0.8732
vn -0.4028 0.2685 0.8750
vn -0.3643 0.1214 0.9233
vn -0.2903 -0.1452 0.9459
vn 0.6604 -0.2512 0.7076
vn -0.2004 -0.9606 -0.1926
vn -0.9969 -0.0232 0.0758
vn -0.5473 -0.4378 0.7133
vn 0.5061 0.2530 0.8245
vn 0.5061 0.2531 0.8245
vn 0.1380 0.4142 0.8997
vn -0.3817 0.5726 0.7255
vn -0.2685 0.4028 0.8750
vn -0.1214 0.3643 0.9233
vn -0.4028 0.2686 0.8750
vn 0.4137 -0.5662 0.7129
vn -0.2239 -0.9556 -0.1917
vn -0.9957 -0.0561 0.0731
vn 0.3858 0.3858 0.8380
vn 0.4182 -0.0000 0.9084
vn 0.5686 0.2843 0.7719
vn -0.1861 0.5583 0.8085
vn -0.3208 0.6416 0.6968
vn -0.0000 0.4836 0.8753
vn -0.2903 -0.1451 0.9459
vn -0.2159 -0.9587 -0.1849
vn -0.9971 -0.0225 0.0732
vn 0.6415 0.3208 0.6968
vn 0.5473 0.4378 0.7133
vn -0.2686 0.4028 0.8750
vn -0.1027 0.6162 0.7809
vn -0.0000 0.6774 0.7356
vn -0.4182 -0.0000 0.9084
vn -0.1949 -0.9627 -0.1878
vn -0.9973 -0.0111 0.0724
vn 0.2903 0.1451 0.9459
vn 0.6486 0.4633 0.6038
vn 0.1703 0.3406 0.9247
vn -0.0000 0.4835 0.8753
vn -0.3267 0.3267 0.8868
vn -0.4221 0.4221 0.8023
vn -0.5726 0.3817 0.7255
vn -0.3267 0.3267 0.8869
vn 0.6059 0.3907 0.6930
vn -0.0022 -0.8737 -0.4865
vn -0.8484 0.5260 0.0596
vn -0.5419 -0.4064 0.7356
vn -0.1156 -0.4625 0.8790
vn 0.6416 0.3208 0.6968
vn 0.2530 0.5061 0.8245
vn -0.3857 0.3858 0.8381
vn -0.1380 0.4142 0.8997
vn -0.3858 0.3858 0.8380
vn 0.7539 0.2301 0.6154
vn 0.0130 -0.8786 -0.4773
vn -0.9913 -0.0612 0.1168
vn -0.0000 -0.5232 0.8522
vn 0.2531 0.5061 0.8245
vn -0.1027 0.6163 0.7808
vn -0.3068 0.4603 0.8331
vn -0.0138 -0.9975 0.0690
vn -0.8935 -0.4467 0.0465
vn 0.1451 0.2903 0.9459
vn -0.0000 0.4835 0.8754
vn -0.1027 0.6162 0.7808
vn -0.5608 0.5608 0.6091
vn -0.1900 -0.9645 -0.1835
vn -0.9976 -0.0104 0.0679
vn 0.4836 -0.0000 0.8753
vn 0.2544 -0.0000 0.9671
vn 0.1209 0.6043 0.7875
vn 0.6795 0.4969 0.5397
vn -0.2021 -0.9597 -0.1952
vn -0.9977 -0.0000 0.0673
vn -0.5061 -0.2530 0.8245
vn 0.7130 0.3340 0.6165
vn 0.0042 -0.8761 -0.4821
vn -0.8412 0.5378 0.0562
vn -0.5867 -0.1467 0.7964
vn -0.3857 -0.3857 0.8381
vn -0.1381 0.4141 0.8997
vn -0.0000 0.5231 0.8523
vn 0.3462 0.5393 0.7676
vn 0.3620 -0.4249 -0.8297
vn -0.9526 0.2955 0.0718
vn -0.0000 0.2544 0.9671
vn 0.3406 0.1703 0.9247
vn -0.3858 0.3858 0.8381
vn -0.1381 0.4140 0.8997
vn 0.6346 0.2197 0.7410
vn -0.2018 -0.9598 -0.1951
vn -0.9979 -0.0000 0.0653
vn -0.6043 -0.1209 0.7875
vn 0.1381 0.4142 0.8997
vn 0.3419 0.5083 0.7904
vn -0.1968 -0.9618 -0.1903
vn -0.7164 -0.2047 0.6669
vn 0.3857 0.3858 0.8381
vn 0.6325 0.4217 0.6497
vn -0.1878 -0.9653 -0.1815
vn -0.9976 -0.0291 0.0633
vn -0.6415 -0.3208 0.6968
vn 0.5061 0.2530 0.8246
vn 0.6984 0.4940 0.5178
vn 0.0041 -0.8807 -0.4736
vn -0.8503 0.5236 0.0529
vn -0.3456 -0.0000 0.9384
vn -0.1380 0.4141 0.8997
vn 0.7351 0.3278 0.5935
vn 0.3482 -0.4171 -0.8395
vn -0.9543 0.2910 0.0685
vn 0.0126 -0.8790 -0.4766
vn -0.8405 0.5393 0.0513
vn 0.5140 0.3675 0.7751
vn 0.4041 -0.4477 -0.7977
vn -0.9500 0.3048 0.0676
vn 0.0581 0.1163 0.9915
vn -0.0000 0.1732 0.9849
vn -0.0496 0.1489 0.9876
vn 0.2967 0.3905 0.8715
vn -0.1991 -0.9608 -0.1930
vn -0.9981 -0.0000 0.0614
vn 0.1707 0.1707 0.9704
vn 0.1134 0.2268 0.9673
vn -0.1147 0.1721 0.9784
vn -0.0576 0.1729 0.9833
vn 0.4650 0.6143 0.6375
vn -0.1959 -0.9620 -0.1900
vn 0.0918 0.1836 0.9787
vn -0.0976 0.2927 0.9512
vn -0.1364 0.2048 0.9693
vn -0.1364 0.2046 0.9693
vn -0.3638 0.4460 0.8178
vn 0.4686 0.5984 0.6499
vn -0.1909 -0.9640 -0.1851
vn -0.9981 -0.0094 0.0604
vn 0.0770 0.1540 0.9851
vn -0.0000 0.2283 0.9736
vn 0.1476 0.2952 0.9440
vn -0.1505 0.2257 0.9625
vn -0.1777 0.2666 0.9473
vn -0.0474 0.3314 0.9423
vn -0.1779 0.3736 0.9104
vn -0.2227 0.5233 0.8225
vn -0.0000 0.5368 0.8437
vn -0.2947 0.5130 0.8062
vn -0.1818 -0.9674 -0.1763
vn -0.9982 -0.0000 0.0598
vn 0.1476 0.2951 0.9440
vn -0.0000 0.2709 0.9626
vn -0.0620 0.3723 0.9260
vn -0.0621 0.3723 0.9260
vn -0.2306 0.3229 0.9179
vn -0.0000 0.2065 0.9785
vn 0.6985 0.4660 0.5431
vn 0.0151 -0.8799 -0.4749
vn -0.8403 0.5398 0.0499
vn 0.2226 0.2226 0.9492
vn -0.2413 0.3620 0.9004
vn -0.0759 0.2276 0.9708
vn 0.8552 -0.0589 0.5150
vn 0.2847 -0.5764 -0.7660
vn -0.8908 0.4453 0.0908
vn -0.1099 0.3298 0.9376
vn -0.2077 0.4154 0.8856
vn 0.5126 0.2709 0.8148
vn -0.9989 0.0139 0.0452
vn -0.2949 -0.9117 -0.2859
vn 0.6043 0.1208 0.7875
vn 0.7164 0.2047 0.6670
vn -0.2226 0.2226 0.9492
vn -0.0759 0.2277 0.9708
vn 0.5639 0.3537 0.7463
vn -0.1004 -0.9902 -0.0974
vn -0.9959 0.0264 0.0861
vn 0.6043 0.1209 0.7875
vn -0.1934 0.1934 0.9619
vn 0.8531 -0.0216 0.5213
vn -0.9988 0.0141 0.0459
vn -0.2827 -0.9193 -0.2738
vn -0.6741 0.0963 0.7323
vn 0.6774 -0.0000 0.7356
vn 0.4995 0.0507 0.8648
vn 0.2268 0.1134 0.9673
vn -0.1723 -0.9708 -0.1669
vn -0.9981 -0.0182 0.0593
vn -0.6043 -0.1208 0.7875
vn 0.5680 0.0959 0.8174
vn 0.1163 0.0581 0.9915
vn 0.6670 0.2499 0.7019
vn 0.0095 -0.8824 -0.4704
vn -0.5788 0.8139 0.0506
vn -0.4651 0.8817 0.0791
vn 0.6776 0.3388 0.6528
vn 0.4632 0.2316 0.8555
vn 0.1540 0.0770 0.9851
vn 0.2952 0.1476 0.9440
vn -0.0655 0.1966 0.9783
vn 0.9135 0.0423 0.4047
vn 0.5757 -0.1972 -0.7935
vn 0.7177 -0.2236 -0.6595
vn -0.9466 0.3155 0.0661
vn 0.6025 0.2342 0.7630
vn 0.1732 -0.0000 0.9849
vn 0.0174 -0.8807 -0.4734
vn -0.8310 0.5540 0.0497
vn 0.2616 0.1308 0.9563
vn 0.2951 0.1476 0.9440
vn 0.6612 0.1758 0.7293
vn 0.4098 -0.4366 -0.8009
vn -0.9466 0.3155 0.0662
vn 0.5661 0.2830 0.7742
vn 0.7594 0.1543 0.6320
vn -0.1892 -0.9646 -0.1836
vn 0.4307 0.1369 0.8921
vn 0.3144 0.0740 0.9464
vn 0.6612 0.1757 0.7293
vn -0.1854 -0.9661 -0.1799
vn 0.3313 0.0552 0.9419
vn 0.2283 -0.0000 0.9736
vn 0.9085 0.1043 0.4046
vn -0.1922 -0.9635 -0.1865
vn 0.4168 0.2844 0.8634
vn 0.6999 0.1059 0.7063
vn -0.1800 -0.9680 -0.1747
vn 0.4562 0.4099 0.7898
vn 0.9522 0.0901 0.2918
vn -0.8251 0.5627 0.0498
vn -0.0000 0.3456 0.9384
vn 0.3198 0.2665 0.9092
vn 0.3576 -0.3483 -0.8665
vn -0.6930 0.7192 0.0498
vn 0.3833 0.1916 0.9035
vn 0.3581 0.1791 0.9163
vn 0.3539 -0.4057 -0.8427
vn -0.9465 0.3154 0.0680
vn -0.8309 0.5540 0.0512
vn 0.8580 0.1507 0.4910
vn 0.3048 -0.5743 -0.7598
vn -0.8812 0.4656 0.0814
vn -0.9983 0.0218 0.0548
vn -0.3011 -0.9079 -0.2917
vn 0.6774 -0.0000 0.7357
vn -0.1837 -0.9667 -0.1780
vn -0.9980 -0.0000 0.0631
vn 0.2617 0.1308 0.9562
vn 0.6596 0.2018 0.7240
vn -0.8309 0.5539 0.0525
vn 0.8703 0.1147 0.4789
vn 0.2977 -0.5561 -0.7760
vn -0.8693 0.4869 0.0851
vn 0.3631 0.0726 0.9289
vn 0.7724 -0.0099 0.6350
vn -0.9983 0.0151 0.0570
vn -0.2934 -0.9129 -0.2839
vn 0.0100 -0.8781 -0.4783
vn -0.8243 0.5635 0.0543
vn 0.5708 -0.5405 -0.6181
vn -0.9339 0.3498 0.0733
vn 0.6596 0.2019 0.7240
vn -0.9977 -0.0000 0.0671
vn 0.8236 0.1044 0.5575
vn -0.1930 -0.9633 -0.1867
vn 0.3875 0.1938 0.9013
vn -0.5045 -0.8226 0.2624
vn -0.9402 -0.3239 0.1059
vn 0.4602 0.3068 0.8331
vn 0.3065 0.2344 0.9226
vn 0.7153 0.0995 0.6917
vn 0.2946 -0.8711 -0.3929
vn -0.9983 0.0245 0.0533
vn -0.6200 0.6200 0.4809
vn -0.1122 0.6731 0.7310
vn 0.8569 0.1865 0.4806
vn 0.3620 -0.3736 -0.8540
vn -0.7139 0.6984 0.0507
vn 0.4353 0.4353 0.7880
vn 0.3521 -0.3521 -0.8672
vn -0.7062 0.7062 0.0507
vn 0.4168 0.2843 0.8634
vn 0.1250 -0.8585 -0.4974
vn -0.9881 0.0845 0.1284
vn 0.2886 -0.8714 -0.3966
vn -0.9984 0.0086 0.0561
vn -0.1703 0.3406 0.9247
vn -0.0000 0.5232 0.8522
vn 0.7761 0.1261 0.6179
vn 0.0926 -0.8898 -0.4468
vn -0.9911 0.0339 0.1287
vn 0.2686 0.4028 0.8750
vn -0.0000 0.2934 0.9560
vn -0.0274 -0.9979 0.0591
vn -0.9007 -0.4302 0.0611
vn 0.5608 0.5608 0.6091
vn 0.3334 0.4183 0.8449
vn 0.1390 0.0695 0.9878
vn 0.2665 0.3198 0.9092
vn -0.2050 -0.9587 -0.1970
vn -0.9978 -0.0000 0.0661
vn 0.2377 0.3565 0.9035
vn 0.5263 0.3320 0.7828
vn -0.0000 0.2065 0.9784
vn 0.0908 0.4192 0.9033
vn 0.0576 0.1729 0.9833
vn 0.1876 0.2064 0.9603
vn -0.0098 -0.8710 -0.4912
vn -0.8192 0.5696 0.0663
vn 0.5142 0.4299 0.7421
vn 0.4037 0.4374 0.8036
vn -0.0631 0.3312 0.9415
vn 0.0695 0.1390 0.9879
vn 0.1311 0.1638 0.9777
vn 0.2796 0.3495 0.8942
vn 0.3495 0.2796 0.8942
vn 0.7594 0.1550 0.6319
vn 0.2983 -0.5477 -0.7817
vn -0.8374 0.5353 0.1105
vn -0.1441 0.3602 0.9217
vn 0.2328 -0.2866 0.9293
vn 0.2837 -0.6827 0.6734
vn -0.9960 0.0267 0.0852
vn -0.2074 -0.9579 -0.1986
vn -0.0000 0.4246 0.9054
vn 0.2077 0.4154 0.8856
vn 0.7020 -0.0664 0.7091
vn -0.7410 -0.4116 0.5305
vn -0.3916 -0.0724 0.9173
vn 0.3014 -0.2530 0.9193
vn -0.8878 0.4552 0.0675
vn -0.0267 -0.7106 -0.7031
vn 0.2614 0.2614 0.9292
vn 0.0726 0.3631 0.9289
vn -0.2076 0.4154 0.8856
vn -0.0000 0.4247 0.9054
vn 0.1966 -0.0655 0.9783
vn 0.1813 -0.1813 0.9666
vn 0.4561 0.8778 0.1466
vn -0.0000 0.9940 0.1092
vn 0.0256 0.9937 0.1092
vn -0.3063 0.9438 0.1242
vn -0.0000 -0.1844 0.9829
vn 0.3087 0.9429 0.1252
vn 0.1703 0.9796 0.1064
vn 0.0964 -0.8779 -0.4690
vn -0.9864 0.0426 0.1590
vn 0.2562 0.5125 0.8196
vn 0.1359 0.4756 0.8691
vn 0.4427 0.8853 0.1422
vn -0.1399 0.9846 0.1052
vn -0.0000 0.9663 0.2575
vn -0.0000 0.9846 0.1749
vn 0.6355 0.7631 0.1175
vn -0.0000 0.9731 0.2304
vn 0.9026 0.4188 0.0992
vn 0.2684 -0.8722 -0.4089
vn -0.9973 0.0068 0.0736
vn -0.2534 0.9624 0.0974
vn 0.0847 0.4231 0.9021
vn 0.2077 0.4153 0.8856
vn 0.4554 0.8816 0.1245
vn -0.0000 0.9953 0.0969
vn 0.0151 0.9953 0.0961
vn -0.1077 0.9896 0.0956
vn -0.0000 0.9742 0.2257
vn 0.1782 0.9772 0.1151
vn -0.2876 0.9513 0.1106
vn 0.1844 -0.0000 0.9829
vn 0.4432 0.8861 0.1355
vn 0.0238 0.9946 0.1013
vn -0.2980 0.9477 0.1145
vn 0.4685 0.8728 0.1368
vn -0.1251 0.9866 0.1048
vn 0.7030 0.7050 0.0940
vn -0.8067 -0.5554 0.2017
vn -0.8691 0.4650 0.1686
vn 0.0209 0.8476 -0.5302
vn -0.0000 0.6100 -0.7924
vn 0.8518 0.4040 -0.3335
vn -0.8668 0.0591 -0.4951
vn -0.0000 0.7079 -0.7063
vn 0.8784 0.1028 -0.4668
vn 0.6905 -0.7031 0.1701
vn -0.5559 -0.5225 -0.6465
vn -0.6900 0.7208 0.0657
vn 0.4439 0.8878 0.1213
vn 0.0144 0.9956 0.0921
vn -0.0000 0.9957 0.0927
vn 0.0073 0.9956 0.0934
vn -0.0000 0.9955 0.0947
vn -0.2935 0.9502 0.1047
vn 0.1777 0.2666 0.9473
vn 0.7028 0.7082 0.0679
vn -0.0949 -0.5363 -0.8387
vn -0.0000 -0.4473 -0.8944
vn 0.1743 -0.7500 -0.6380
vn 0.1192 0.5845 0.8026
vn -0.8090 0.5651 0.1616
vn -0.1847 0.9377 -0.2943
vn 0.8268 0.3360 0.4511
vn -0.6960 0.7126 0.0887
vn -0.9396 0.3233 0.1127
vn 0.7053 0.7053 0.0719
vn 0.0219 -0.5752 -0.8178
vn 0.1698 -0.8409 -0.5139
vn -0.6267 -0.7640 0.1535
vn -0.0000 0.9947 0.1030
vn -0.5505 -0.7956 0.2528
vn -0.7460 -0.6650 -0.0362
vn 0.0196 0.7554 -0.6550
vn 0.3212 -0.3211 -0.8909
vn -0.6998 0.7102 0.0771
vn 0.4322 0.8933 0.1234
vn 0.4404 0.8956 0.0629
vn -0.1072 -0.5697 -0.8149
vn 0.1687 -0.8963 -0.4101
vn -0.0000 -0.9776 0.2104
vn -0.1725 -0.8499 -0.4979
vn -0.0000 -0.4397 -0.8981
vn -0.5744 -0.5433 -0.6123
vn 0.0056 0.9974 0.0724
vn -0.9822 0.1808 0.0513
vn 0.0688 0.7450 0.6635
vn -0.8476 -0.1726 0.5017
vn -0.0000 0.9924 0.1233
vn -0.9503 -0.3069 0.0513
vn 0.1339 0.9575 0.2557
vn 0.6679 -0.6808 -0.3006
vn -0.0000 0.9958 0.0912
vn -0.5598 -0.7845 0.2666
vn 0.5569 -0.8105 -0.1815
vn 0.5460 -0.4164 -0.7269
vn 0.2076 0.9226 0.3250
vn 0.4132 0.7941 0.4457
s 1
f 18//1 1//2 19//3
f 1//2 2//4 19//3
f 19//3 2//4 20//5
f 2//4 3//6 20//5
f 20//5 3//6 21//7
f 22//8 4//9 23//10
f 4//9 5//11 23//10
f 23//10 5//11 24//12
f 5//11 6//13 24//12
f 24//12 6//13 25//14
f 6//13 7//15 25//14
f 25//14 7//15 26//16
f 7//15 8//17 27//18
f 7//15 27//18 26//16
f 8//17 9//19 27//18
f 27//18 9//19 28//20
f 9//19 10//21 29//22
f 9//19 29//22 28//20
f 10//21 11//23 29//22
f 29//22 11//23 30//24
f 11//23 12//25 30//24
f 30//24 12//25 31//26
f 12//25 13//27 31//26
f 31//26 13//27 32//28
f 13//27 14//29 32//28
f 32//28 14//29 33//30
f 14//29 15//31 33//30
f 33//30 15//31 34//32
f 15//31 16//33 34//32
f 34//32 16//33 35//34
f 16//33 17//35 36//36
f 16//33 36//36 35//34
f 17//35 18//1 36//36
f 36//36 18//1 37//37
f 18//1 19//3 37//37
f 37//37 19//3 38//38
f 19//3 20//5 39//39
f 19//3 39//39 38//38
f 20//5 21//7 39//39
f 39//39 21//7 40//40
f 52//41 22//8 53//42
f 22//8 23//10 53//42
f 53//42 23//10 54//43
f 23//10 24//12 55//44
f 23//10 55//44 54//43
f 24//12 25//14 55//44
f 55//44 25//14 56//45
f 25//14 26//16 56//45
f 56//45 26//16 57//46
f 26//16 27//18 58//47
f 26//16 58//47 57//46
f 27//18 28//20 59//48
f 27//18 59//48 58//47
f 28//20 29//22 59//48
f 59//48 29//22 60//49
f 29//22 30//24 61//50
f 29//22 61//50 60//49
f 30//24 31//26 61//50
f 61//50 31//26 62//51
f 31//26 32//28 62//51
f 62//51 32//28 63//52
f 32//28 33//30 63//52
f 63//52 33//30 64//53
f 33//30 34//32 64//53
f 64//53 34//32 65//54
f 34//32 35//34 66//55
f 34//32 66//55 65//54
f 35//34 36//36 66//55
f 66//55 36//36 67//56
f 36//36 37//37 68//57
f 36//36 68//57 67//56
f 37//37 38//38 68//57
f 68//57 38//38 69//58
f 38//38 39//39 69//58
f 69//58 39//39 70//59
f 39//39 40//40 71//60
f 39//39 71//60 70//59
f 90//61 41//62 91//63
f 41//62 42//64 91//63
f 91//63 42//64 92//65
f 42//64 43//66 92//65
f 92//65 43//66 93//67
f 43//66 44//68 93//67
f 93//67 44//68 94//69
f 44//68 45//70 94//69
f 94//69 45//70 95//71
f 45//70 46//72 95//71
f 95//71 46//72 96//73
f 46//72 47//74 97//75
f 46//72 97//75 96//73
f 47//74 48//76 97//75
f 97//75 48//76 98//77
f 48//76 99//78 98//77
f 102//79 49//80 103//81
f 49//80 50//82 103//81
f 103//81 50//82 104//83
f 50//82 51//84 105//85
f 50//82 105//85 104//83
f 51//84 52//41 105//85
f 105//85 52//41 106//86
f 52//41 53//42 106//86
f 106//86 53//42 107//87
f 53//42 54//43 107//87
f 107//87 54//43 108//88
f 54//43 55//44 109//89
f 54//43 109//89 108//88
f 55//44 56//45 109//89
f 109//89 56//45 110//90
f 56//45 57//46 110//90
f 110//90 57//46 111//91
f 57//46 58//47 112//92
f 57//46 112//92 111//91
f 58//47 59//48 113//93
f 58//47 113//93 112//92
f 59//48 60//49 113//93
f 113//93 60//49 114//94
f 60//49 61//50 115//95
f 60//49 115//95 114//94
f 61//50 62//51 115//95
f 115//95 62//51 116//96
f 62//51 63//52 116//96
f 116//96 63//52 117//97
f 63//52 64//53 117//97
f 117//97 64//53 118//98
f 64//53 65//54 119//99
f 64//53 119//99 118//98
f 65//54 66//55 120//87
f 65//54 120//87 119//99
f 66//55 67//56 120//87
f 120//87 67//56 121//100
f 67//56 68//57 121//100
f 121//100 68//57 122//101
f 68//57 69//58 122//101
f 122//101 69//58 123//102
f 69//58 70//59 123//102
f 123//102 70//59 124//103
f 70//59 71//60 125//104
f 70//59 125//104 124//103
f 128//105 72//106 129//107
f 72//106 73//108 129//107
f 129//107 73//108 130//109
f 73//108 74//110 130//109
f 130//109 74//110 131//111
f 74//110 75//112 131//111
f 131//111 75//112 132//113
f 75//112 76//114 132//113
f 132//113 76//114 133//115
f 76//114 77//116 133//115
f 133//115 77//116 134//117
f 77//116 78//118 134//117
f 134//117 78//118 135//119
f 78//118 79//120 135//119
f 135//119 79//120 136//121
f 79//120 80//122 136//121
f 136//121 80//122 137//123
f 80//122 81//124 137//123
f 137//123 81//124 138//125
f 81//124 82//126 139//127
f 81//124 139//127 138//125
f 82//126 83//128 140//129
f 82//126 140//129 139//127
f 83//128 84//130 140//129
f 140//129 84//130 141//131
f 84//130 85//132 141//131
f 141//131 85//132 142//133
f 85//132 86//134 142//133
f 142//133 86//134 143//135
f 86//134 87//136 143//135
f 143//135 87//136 144//135
f 87//136 88//137 144//135
f 144//135 88//137 145//138
f 88//137 89//139 146//140
f 88//137 146//140 145//138
f 89//139 90//61 146//140
f 146//140 90//61 147//141
f 90//61 91//63 147//141
f 147//141 91//63 148//142
f 91//63 92//65 148//142
f 148//142 92//65 149//143
f 92//65 93//67 149//143
f 149//143 93//67 150//144
f 93//67 94//69 150//144
f 150//144 94//69 151//145
f 94//69 95//71 152//146
f 94//69 152//146 151//145
f 95//71 96//73 152//146
f 152//146 96//73 153//147
f 96//73 97//75 153//147
f 153//147 97//75 154//148
f 97//75 98//77 154//148
f 154//148 98//77 155//149
f 98//77 99//78 156//150
f 98//77 156//150 155//149
f 99//78 100//151 156//150
f 156//150 100//151 157//152
f 100//151 101//153 157//152
f 157//152 101//153 158//154
f 101//153 102//79 158//154
f 158//154 102//79 159//155
f 102//79 103//81 159//155
f 159//155 103//81 160//89
f 103//81 104//83 160//89
f 160//89 104//83 161//88
f 104//83 105//85 162//156
f 104//83 162//156 161//88
f 105//85 106//86 162//156
f 162//156 106//86 163//157
f 106//86 107//87 163//157
f 163//157 107//87 164//158
f 107//87 108//88 165//159
f 107//87 165//159 164//158
f 108//88 109//89 165//159
f 165//159 109//89 166//160
f 109//89 110//90 166//160
f 166//160 110//90 167//161
f 110//90 111//91 167//161
f 167//161 111//91 168//162
f 111//91 112//92 168//162
f 168//162 112//92 169//163
f 112//92 113//93 170//89
f 112//92 170//89 169//163
f 113//93 114//94 170//89
f 170//89 114//94 171//163
f 114//94 115//95 172//92
f 114//94 172//92 171//163
f 115//95 116//96 173//164
f 115//95 173//164 172//92
f 116//96 117//97 173//164
f 173//164 117//97 174//165
f 117//97 118//98 174//165
f 174//165 118//98 175//163
f 118//98 119//99 176//166
f 118//98 176//166 175//163
f 119//99 120//87 176//166
f 176//166 120//87 177//167
f 120//87 121//100 177//167
f 177//167 121//100 178//168
f 121//100 122//101 178//168
f 178//168 122//101 179//163
f 122//101 123//102 179//163
f 179//163 123//102 180//169
f 123//102 124//103 181//170
f 123//102 181//170 180//169
f 124//103 125//104 181//170
f 181//170 125//104 182//171
f 183//172 126//173 184//174
f 126//173 127//175 185//176
f 126//173 185//176 184//174
f 127//175 128//105 185//176
f 185//176 128//105 186//177
f 128//105 129//107 186//177
f 186//177 129//107 187//178
f 129//107 130//109 187//178
f 187//178 130//109 188//179
f 130//109 131//111 188//179
f 188//179 131//111 189//180
f 131//111 132//113 189//180
f 189//180 132//113 190//181
f 132//113 133//115 190//181
f 190//181 133//115 191//182
f 133//115 134//117 191//182
f 191//182 134//117 192//183
f 134//117 135//119 192//183
f 192//183 135//119 193//184
f 135//119 136//121 193//184
f 193//184 136//121 194//185
f 136//121 137//123 194//185
f 194//185 137//123 195//186
f 137//123 138//125 195//186
f 195//186 138//125 196//187
f 138//125 139//127 196//187
f 196//187 139//127 197//188
f 139//127 140//129 198//189
f 139//127 198//189 197//188
f 140//129 141//131 198//189
f 198//189 141//131 199//190
f 141//131 142//133 199//190
f 199//190 142//133 200//191
f 142//133 143//135 200//191
f 200//191 143//135 201//192
f 143//135 144//135 201//192
f 201//192 144//135 202//193
f 144//135 145//138 202//193
f 202//193 145//138 203//194
f 145//138 146//140 203//194
f 203//194 146//140 204//195
f 146//140 147//141 204//195
f 204//195 147//141 205//196
f 147//141 148//142 205//196
f 205//196 148//142 206//51
f 148//142 149//143 206//51
f 206//51 149//143 207//197
f 149//143 150//144 207//197
f 207//197 150//144 208//90
f 150//144 151//145 208//90
f 208//90 151//145 209//88
f 151//145 152//146 210//198
f 151//145 210//198 209//88
f 152//146 153//147 210//198
f 210//198 153//147 211//199
f 153//147 154//148 211//199
f 211//199 154//148 212//200
f 154//148 155//149 212//200
f 212//200 155//149 213//201
f 155//149 156//150 213//201
f 213//201 156//150 214//202
f 156//150 157//152 214//202
f 214//202 157//152 215//168
f 157//152 158//154 215//168
f 215//168 158//154 216//203
f 158//154 159//155 217//204
f 158//154 217//204 216//203
f 159//155 160//89 217//204
f 217//204 160//89 218//170
f 160//89 161//88 219//205
f 160//89 219//205 218//170
f 161//88 162//156 219//205
f 219//205 162//156 220//206
f 162//156 163//157 220//206
f 220//206 163//157 221//163
f 163//157 164//158 222//207
f 163//157 222//207 221//163
f 164//158 165//159 223//208
f 164//158 223//208 222//207
f 165//159 166//160 223//208
f 223//208 166//160 224//162
f 166//160 167//161 224//162
f 224//162 167//161 225//209
f 167//161 168//162 225//209
f 225//209 168//162 226//206
f 168//162 169//163 226//206
f 226//206 169//163 227//163
f 169//163 170//89 227//163
f 227//163 170//89 228//163
f 170//89 171//163 228//163
f 228//163 171//163 229//210
f 171//163 172//92 229//210
f 229//210 172//92 230//211
f 172//92 173//164 231//212
f 172//92 231//212 230//211
f 173//164 174//165 231//212
f 231//212 174//165 232//163
f 174//165 175//163 232//163
f 232//163 175//163 233//163
f 175//163 176//166 233//163
f 233//163 176//166 234//163
f 176//166 177//167 234//163
f 234//163 177//167 235//163
f 177//167 178//168 235//163
f 235//163 178//168 236//163
f 178//168 179//163 236//163
f 236//163 179//163 237//213
f 179//163 180//169 237//213
f 237//213 180//169 238//214
f 180//169 181//170 239//205
f 180//169 239//205 238//214
f 181//170 182//171 239//205
f 239//205 182//171 240//215
f 241//216 183//172 242//217
f 183//172 184//174 242//217
f 242//217 184//174 243//181
f 184//174 185//176 243//181
f 243//181 185//176 244//181
f 185//176 186//177 244//181
f 244//181 186//177 245//181
f 186//177 187//178 245//181
f 245//181 187//178 246//218
f 187//178 188//179 246//218
f 246//218 188//179 247//178
f 188//179 189//180 247//178
f 247//178 189//180 248//187
f 189//180 190//181 248//187
f 248//187 190//181 249//183
f 190//181 191//182 249//183
f 249//183 191//182 250//181
f 191//182 192//183 250//181
f 250//181 192//183 251//219
f 192//183 193//184 251//219
f 251//219 193//184 252//187
f 193//184 194//185 252//187
f 252//187 194//185 253//183
f 194//185 195//186 253//183
f 253//183 195//186 254//186
f 195//186 196//187 254//186
f 254//186 196//187 255//220
f 196//187 197//188 255//220
f 255//220 197//188 256//185
f 197//188 198//189 256//185
f 256//185 198//189 257//185
f 198//189 199//190 257//185
f 257//185 199//190 258//221
f 199//190 200//191 258//221
f 258//221 200//191 259//222
f 200//191 201//192 259//222
f 259//222 201//192 260//223
f 201//192 202//193 260//223
f 260//223 202//193 261//224
f 202//193 203//194 261//224
f 261//224 203//194 262//225
f 203//194 204//195 262//225
f 262//225 204//195 263//226
f 204//195 205//196 263//226
f 263//226 205//196 264//227
f 205//196 206//51 264//227
f 264//227 206//51 265//88
f 206//51 207//197 265//88
f 265//88 207//197 266//227
f 207//197 208//90 266//227
f 266//227 208//90 267//160
f 208//90 209//88 267//160
f 267//160 209//88 268//213
f 209//88 210//198 268//213
f 268//213 210//198 269//201
f 210//198 211//199 269//201
f 269//201 211//199 270//202
f 211//199 212//200 270//202
f 270//202 212//200 271//228
f 212//200 213//201 271//228
f 271//228 213//201 272//209
f 213//201 214//202 272//209
f 272//209 214//202 273//229
f 214//202 215//168 273//229
f 273//229 215//168 274//206
f 215//168 216//203 274//206
f 274//206 216//203 275//163
f 216//203 217//204 276//89
f 216//203 276//89 275//163
f 217//204 218//170 276//89
f 276//89 218//170 277//205
f 218//170 219//205 278//230
f 218//170 278//230 277//205
f 219//205 220//206 278//230
f 278//230 220//206 279//231
f 220//206 221//163 279//231
f 279//231 221//163 280//232
f 221//163 222//207 281//233
f 221//163 281//233 280//232
f 222//207 223//208 281//233
f 281//233 223//208 282//162
f 223//208 224//162 282//162
f 282//162 224//162 283//163
f 224//162 225//209 283//163
f 283//163 225//209 284//206
f 225//209 226//206 284//206
f 284//206 226//206 285//209
f 226//206 227//163 285//209
f 285//209 227//163 286//211
f 227//163 228//163 286//211
f 286//211 228//163 287//162
f 228//163 229//210 287//162
f 287//162 229//210 288//205
f 229//210 230//211 289//234
f 229//210 289//234 288//205
f 230//211 231//212 289//234
f 289//234 231//212 290//202
f 231//212 232//163 290//202
f 290//202 232//163 291//163
f 232//163 233//163 291//163
f 291//163 233//163 292//163
f 233//163 234//163 292//163
f 292//163 234//163 293//163
f 234//163 235//163 293//163
f 293//163 235//163 294//163
f 235//163 236//163 294//163
f 294//163 236//163 295//202
f 236//163 237//213 295//202
f 295//202 237//213 296//235
f 237//213 238//214 296//235
f 296//235 238//214 297//236
f 238//214 239//205 298//230
f 238//214 298//230 297//236
f 239//205 240//215 298//230
f 298//230 240//215 299//215
f 300//237 241//216 301//238
f 241//216 242//217 301//238
f 301//238 242//217 302//239
f 242//217 243//181 302//239
f 302//239 243//181 303//240
f 243//181 244//181 303//240
f 303//240 244//181 304//181
f 244//181 245//181 304//181
f 304//181 245//181 305//187
f 245//181 246//218 305//187
f 305//187 246//218 306//187
f 246//218 247//178 306//187
f 306//187 247//178 307//241
f 247//178 248//187 307//241
f 307//241 248//187 308//187
f 248//187 249//183 308//187
f 308//187 249//183 309//186
f 249//183 250//181 309//186
f 309//186 250//181 310//187
f 250//181 251//219 310//187
f 310//187 251//219 311//191
f 251//219 252//187 311//191
f 311//191 252//187 312//181
f 252//187 253//183 312//181
f 312//181 253//183 313//187
f 253//183 254//186 313//187
f 313//187 254//186 314//242
f 254//186 255//220 314//242
f 314//242 255//220 315//243
f 255//220 256//185 315//243
f 315//243 256//185 316//244
f 256//185 257//185 316//244
f 316//244 257//185 317//245
f 257//185 258//221 317//245
f 317//245 258//221 318//224
f 258//221 259//222 318//224
f 318//224 259//222 319//246
f 259//222 260//223 319//246
f 319//246 260//223 320//247
f 260//223 261//224 320//247
f 320//247 261//224 321//202
f 261//224 262//225 321//202
f 321//202 262//225 322//227
f 262//225 263//226 322//227
f 322//227 263//226 323//248
f 263//226 264//227 323//248
f 323//248 264//227 324//206
f 264//227 265//88 324//206
f 324//206 265//88 325//160
f 265//88 266//227 325//160
f 325//160 266//227 326//227
f 266//227 267//160 326//227
f 326//227 267//160 327//160
f 267//160 268//213 327//160
f 327//160 268//213 328//249
f 268//213 269//201 328//249
f 328//249 269//201 329//250
f 269//201 270//202 329//250
f 329//250 270//202 330//251
f 270//202 271//228 330//251
f 330//251 271//228 331//209
f 271//228 272//209 331//209
f 331//209 272//209 332//206
f 272//209 273//229 332//206
f 332//206 273//229 333//206
f 273//229 274//206 333//206
f 333//206 274//206 334//229
f 274//206 275//163 334//229
f 334//229 275//163 335//162
f 275//163 276//89 335//162
f 335//162 276//89 336//163
f 276//89 277//205 336//163
f 336//163 277//205 337//163
f 277//205 278//230 338//252
f 277//205 338//252 337//163
f 278//230 279//231 339//236
f 278//230 339//236 338//252
f 279//231 280//232 339//236
f 339//236 280//232 340//253
f 280//232 281//233 340//253
f 340//253 281//233 341//234
f 281//233 282//162 341//234
f 341//234 282//162 342//254
f 282//162 283//163 342//254
f 342//254 283//163 343//162
f 283//163 284//206 343//162
f 343//162 284//206 344//162
f 284//206 285//209 344//162
f 344//162 285//209 345//211
f 285//209 286//211 345//211
f 345//211 286//211 346//209
f 286//211 287//162 346//209
f 346//209 287//162 347//209
f 287//162 288//205 347//209
f 347//209 288//205 348//255
f 288//205 289//234 349//256
f 288//205 349//256 348//255
f 289//234 290//202 349//256
f 349//256 290//202 350//162
f 290//202 291//163 350//162
f 350//162 291//163 351//163
f 291//163 292//163 351//163
f 351//163 292//163 352//163
f 292//163 293//163 352//163
f 352//163 293//163 353//163
f 293//163 294//163 353//163
f 353//163 294//163 354//163
f 294//163 295//202 354//163
f 354//163 295//202 355//162
f 295//202 296//235 355//162
f 355//162 296//235 356//209
f 296//235 297//236 356//209
f 356//209 297//236 357//231
f 297//236 298//230 358//92
f 297//236 358//92 357//231
f 298//230 299//215 359//257
f 298//230 359//257 358//92
f 300//237 301//238 360//258
f 360//258 301//238 361//259
f 301//238 302//239 361//259
f 361//259 302//239 362//260
f 302//239 303//240 363//261
f 302//239 363//261 362//260
f 303//240 304//181 363//261
f 363//261 304//181 364//262
f 304//181 305//187 364//262
f 364//262 305//187 365//263
f 305//187 306//187 365//263
f 365//263 306//187 366//264
f 306//187 307//241 366//264
f 366//264 307//241 367//265
f 307//241 308//187 367//265
f 367//265 308//187 368//185
f 308//187 309//186 368//185
f 368//185 309//186 369//266
f 309//186 310//187 369//266
f 369//266 310//187 370//264
f 310//187 311//191 370//264
f 370//264 311//191 371//267
f 311//191 312//181 371//267
f 371//267 312//181 372//268
f 312//181 313//187 372//268
f 372//268 313//187 373//269
f 313//187 314//242 373//269
f 373//269 314//242 374//270
f 314//242 315//243 374//270
f 374//270 315//243 375//271
f 315//243 316//244 375//271
f 375//271 316//244 376//271
f 316//244 317//245 376//271
f 376//271 317//245 377//272
f 317//245 318//224 377//272
f 377//272 318//224 378//227
f 318//224 319//246 378//227
f 378//227 319//246 379//97
f 319//246 320//247 379//97
f 379//97 320//247 380//168
f 320//247 321//202 380//168
f 380//168 321//202 381//202
f 321//202 322//227 381//202
f 381//202 322//227 382//227
f 322//227 323//248 382//227
f 382//227 323//248 383//90
f 323//248 324//206 383//90
f 383//90 324//206 384//165
f 324//206 325//160 384//165
f 384//165 325//160 385//206
f 325//160 326//227 385//206
f 385//206 326//227 386//206
f 326//227 327//160 386//206
f 386//206 327//160 387//162
f 327//160 328//249 387//162
f 387//162 328//249 388//211
f 328//249 329//250 388//211
f 388//211 329//250 389//209
f 329//250 330//251 389//209
f 389//209 330//251 390//209
f 330//251 331//209 390//209
f 390//209 331//209 391//273
f 331//209 332//206 391//273
f 391//273 332//206 392//209
f 332//206 333//206 392//209
f 392//209 333//206 393//250
f 333//206 334//229 393//250
f 393//250 334//229 394//274
f 334//229 335//162 394//274
f 394//274 335//162 395//209
f 335//162 336//163 395//209
f 395//209 336//163 396//211
f 336//163 337//163 396//211
f 396//211 337//163 397//211
f 337//163 338//252 397//211
f 397//211 338//252 398//275
f 338//252 339//236 399//276
f 338//252 399//276 398//275
f 339//236 340//253 399//276
f 399//276 340//253 400//163
f 340//253 341//234 401//277
f 340//253 401//277 400//163
f 341//234 342//254 401//277
f 401//277 342//254 402//232
f 342//254 343//162 402//232
f 402//232 343//162 403//206
f 343//162 344//162 403//206
f 403//206 344//162 404//163
f 344//162 345//211 404//163
f 404//163 345//211 405//163
f 345//211 346//209 405//163
f 405//163 346//209 406//162
f 346//209 347//209 406//162
f 406//162 347//209 407//211
f 347//209 348//255 407//211
f 407//211 348//255 408//211
f 348//255 349//256 408//211
f 408//211 349//256 409//229
f 349//256 350//162 409//229
f 409//229 350//162 410//206
f 350//162 351//163 410//206
f 410//206 351//163 411//163
f 351//163 352//163 411//163
f 411//163 352//163 412//163
f 352//163 353//163 412//163
f 412//163 353//163 413//163
f 353//163 354//163 413//163
f 413//163 354//163 414//163
f 354//163 355//162 414//163
f 414//163 355//162 415//163
f 355//162 356//209 415//163
f 415//163 356//209 416//206
f 356//209 357//231 416//206
f 416//206 357//231 417//209
f 357//231 358//92 417//209
f 417//209 358//92 418//255
f 358//92 359//257 419//278
f 358//92 419//278 418//255
f 360//258 361//259 420//279
f 420//279 361//259 421//280
f 361//259 362//260 421//280
f 421//280 362//260 422//281
f 362//260 363//261 423//282
f 362//260 423//282 422//281
f 363//261 364//262 423//282
f 423//282 364//262 424//283
f 364//262 365//263 424//283
f 424//283 365//263 425//284
f 365//263 366//264 425//284
f 425//284 366//264 426//262
f 366//264 367//265 426//262
f 426//262 367//265 427//285
f 367//265 368//185 427//285
f 427//285 368//185 428//242
f 368//185 369//266 428//242
f 428//242 369//266 429//286
f 369//266 370//264 429//286
f 429//286 370//264 430//287
f 370//264 371//267 430//287
f 430//287 371//267 431//288
f 371//267 372//268 431//288
f 431//288 372//268 432//289
f 372//268 373//269 432//289
f 432//289 373//269 433//272
f 373//269 374//270 433//272
f 433//272 374//270 434//202
f 374//270 375//271 434//202
f 434//202 375//271 435//163
f 375//271 376//271 435//163
f 435//163 376//271 436//97
f 376//271 377//272 436//97
f 436//97 377//272 437//213
f 377//272 378//227 437//213
f 437//213 378//227 438//227
f 378//227 379//97 438//227
f 438//227 379//97 439//160
f 379//97 380//168 439//160
f 439//160 380//168 440//88
f 380//168 381//202 440//88
f 440//88 381//202 441//206
f 381//202 382//227 441//206
f 441//206 382//227 442//248
f 382//227 383//90 442//248
f 442//248 383//90 443//249
f 383//90 384//165 443//249
f 443//249 384//165 444//211
f 384//165 385//206 444//211
f 444//211 385//206 445//273
f 385//206 386//206 445//273
f 445//273 386//206 446//209
f 386//206 387//162 446//209
f 446//209 387//162 447//211
f 387//162 388//211 447//211
f 447//211 388//211 448//162
f 388//211 389//209 448//162
f 448//162 389//209 449//162
f 389//209 390//209 449//162
f 449//162 390//209 450//209
f 390//209 391//273 450//209
f 450//209 391//273 451//274
f 391//273 392//209 451//274
f 451//274 392//209 452//251
f 392//209 393//250 452//251
f 452//251 393//250 453//229
f 393//250 394//274 453//229
f 453//229 394//274 454//274
f 394//274 395//209 454//274
f 454//274 395//209 455//290
f 395//209 396//211 455//290
f 455//290 396//211 456//290
f 396//211 397//211 456//290
f 456//290 397//211 457//251
f 397//211 398//275 457//251
f 457//251 398//275 458//291
f 398//275 399//276 459//208
f 398//275 459//208 458//291
f 399//276 400//163 459//208
f 459//208 400//163 460//163
f 400//163 401//277 460//163
f 460//163 401//277 461//276
f 401//277 402//232 462//163
f 401//277 462//163 461//276
f 402//232 403//206 462//163
f 462//163 403//206 463//229
f 403//206 404//163 463//229
f 463//229 404//163 464//211
f 404//163 405//163 464//211
f 464//211 405//163 465//162
f 405//163 406//162 465//162
f 465//162 406//162 466//163
f 406//162 407//211 466//163
f 466//163 407//211 467//163
f 407//211 408//211 467//163
f 467//163 408//211 468//163
f 408//211 409//229 468//163
f 468//163 409//229 469//206
f 409//229 410//206 469//206
f 469//206 410//206 470//229
f 410//206 411//163 470//229
f 470//229 411//163 471//211
f 411//163 412//163 471//211
f 471//211 412//163 472//162
f 412//163 413//163 472//162
f 472//162 413//163 473//88
f 413//163 414//163 473//88
f 473//88 414//163 474//88
f 414//163 415//163 474//88
f 474//88 415//163 475//88
f 415//163 416//206 475//88
f 475//88 416//206 476//162
f 416//206 417//209 476//162
f 476//162 417//209 477//211
f 417//209 418//255 477//211
f 477//211 418//255 478//209
f 418//255 419//278 478//209
f 478//209 419//278 479//292
f 420//279 421//280 480//293
f 480//293 421//280 481//294
f 421//280 422//281 481//294
f 481//294 422//281 482//295
f 422//281 423//282 482//295
f 482//295 423//282 483//266
f 423//282 424//283 483//266
f 483//266 424//283 484//186
f 424//283 425//284 484//186
f 484//186 425//284 485//185
f 425//284 426//262 485//185
f 485//185 426//262 486//296
f 426//262 427//285 486//296
f 486//296 427//285 487//297
f 427//285 428//242 487//297
f 487//297 428//242 488//270
f 428//242 429//286 488//270
f 488//270 429//286 489//271
f 429//286 430//287 489//271
f 489//271 430//287 490//298
f 430//287 431//288 490//298
f 490//298 431//288 491//206
f 431//288 432//289 491//206
f 491//206 432//289 492//160
f 432//289 433//272 492//160
f 492//160 433//272 493//90
f 433//272 434//202 493//90
f 493//90 434//202 494//88
f 434//202 435//163 494//88
f 494//88 435//163 495//202
f 435//163 436//97 495//202
f 495//202 436//97 496//161
f 436//97 437//213 496//161
f 496//161 437//213 497//206
f 437//213 438//227 497//206
f 497//206 438//227 498//161
f 438//227 439//160 498//161
f 498//161 439//160 499//211
f 439//160 440//88 499//211
f 499//211 440//88 500//162
f 440//88 441//206 500//162
f 500//162 441//206 501//206
f 441//206 442//248 501//206
f 501//206 442//248 502//299
f 442//248 443//249 502//299
f 502//299 443//249 503//250
f 443//249 444//211 503//250
f 503//250 444//211 504//229
f 444//211 445//273 504//229
f 504//229 445//273 505//274
f 445//273 446//209 505//274
f 505//274 446//209 506//250
f 446//209 447//211 506//250
f 506//250 447//211 507//209
f 447//211 448//162 507//209
f 507//209 448//162 508//209
f 448//162 449//162 508//209
f 508//209 449//162 509//211
f 449//162 450//209 509//211
f 509//211 450//209 510//250
f 450//209 451//274 510//250
f 510//250 451//274 511//274
f 451//274 452//251 511//274
f 511//274 452//251 512//209
f 452//251 453//229 512//209
f 512//209 453//229 513//250
f 453//229 454//274 513//250
f 513//250 454//274 514//290
f 454//274 455//290 514//290
f 514//290 455//290 515//290
f 455//290 456//290 515//290
f 515//290 456//290 516//274
f 456//290 457//251 516//274
f 516//274 457//251 517//209
f 457//251 458//291 517//209
f 517//209 458//291 518//211
f 458//291 459//208 518//211
f 518//211 459//208 519//211
f 459//208 460//163 519//211
f 519//211 460//163 520//211
f 460//163 461//276 520//211
f 520//211 461//276 521//275
f 461//276 462//163 522//300
f 461//276 522//300 521//275
f 462//163 463//229 522//300
f 522//300 463//229 523//211
f 463//229 464//211 523//211
f 523//211 464//211 524//209
f 464//211 465//162 524//209
f 524//209 465//162 525//229
f 465//162 466//163 525//229
f 525//229 466//163 526//211
f 466//163 467//163 526//211
f 526//211 467//163 527//211
f 467//163 468//163 527//211
f 527//211 468//163 528//301
f 468//163 469//206 528//301
f 528//301 469//206 529//302
f 469//206 470//229 529//302
f 529//302 470//229 530//250
f 470//229 471//211 530//250
f 530//250 471//211 531//229
f 471//211 472//162 531//229
f 531//229 472//162 532//209
f 472//162 473//88 532//209
f 532//209 473//88 533//211
f 473//88 474//88 533//211
f 533//211 474//88 534//211
f 474//88 475//88 534//211
f 534//211 475//88 535//211
f 475//88 476//162 535//211
f 535//211 476//162 536//211
f 476//162 477//211 536//211
f 536//211 477//211 537//211
f 477//211 478//209 537//211
f 537//211 478//209 538//250
f 478//209 479//292 538//250
f 538//250 479//292 539//303
f 480//293 481//294 540//304
f 540//304 481//294 541//305
f 481//294 482//295 541//305
f 541//305 482//295 542//193
f 482//295 483//266 542//193
f 542//193 483//266 543//306
f 483//266 484//186 543//306
f 543//306 484//186 544//307
f 484//186 485//185 544//307
f 544//307 485//185 545//245
f 485//185 486//296 545//245
f 545//245 486//296 546//223
f 486//296 487//297 546//223
f 546//223 487//297 547//308
f 487//297 488//270 547//308
f 547//308 488//270 548//209
f 488//270 489//271 548//209
f 548//209 489//271 549//162
f 489//271 490//298 549//162
f 549//162 490//298 550//206
f 490//298 491//206 550//206
f 550//206 491//206 551//229
f 491//206 492//160 551//229
f 551//229 492//160 552//273
f 492//160 493//90 552//273
f 552//273 493//90 553//309
f 493//90 494//88 553//309
f 553//309 494//88 554//162
f 494//88 495//202 554//162
f 554//162 495//202 555//162
f 495//202 496//161 555//162
f 555//162 496//161 556//229
f 496//161 497//206 556//229
f 556//229 497//206 557//274
f 497//206 498//161 557//274
f 557//274 498//161 558//251
f 498//161 499//211 558//251
f 558//251 499//211 559//209
f 499//211 500//162 559//209
f 559//209 500//162 560//209
f 500//162 501//206 560//209
f 560//209 501//206 561//209
f 501//206 502//299 561//209
f 561//209 502//299 562//229
f 502//299 503//250 562//229
f 562//229 503//250 563//229
f 503//250 504//229 563//229
f 563//229 504//229 564//209
f 504//229 505//274 564//209
f 564//209 505//274 565//209
f 505//274 506//250 565//209
f 565//209 506//250 566//209
f 506//250 507//209 566//209
f 566//209 507//209 567//250
f 507//209 508//209 567//250
f 567//250 508//209 568//251
f 508//209 509//211 568//251
f 568//251 509//211 569//211
f 509//211 510//250 569//211
f 569//211 510//250 570//229
f 510//250 511//274 570//229
f 570//229 511//274 571//274
f 511//274 512//209 571//274
f 571//274 512//209 572//290
f 512//209 513//250 572//290
f 572//290 513//250 573//290
f 513//250 514//290 573//290
f 573//290 514//290 574//290
f 514//290 515//290 574//290
f 574//290 515//290 575//299
f 515//290 516//274 575//299
f 575//299 516//274 576//274
f 516//274 517//209 576//274
f 576//274 517//209 577//290
f 517//209 518//211 577//290
f 577//290 518//211 578//290
f 518//211 519//211 578//290
f 578//290 519//211 579//290
f 519//211 520//211 579//290
f 579//290 520//211 580//290
f 520//211 521//275 580//290
f 580//290 521//275 581//290
f 521//275 522//300 582//310
f 521//275 582//310 581//290
f 522//300 523//211 582//310
f 582//310 523//211 583//211
f 523//211 524//209 583//211
f 583//211 524//209 584//250
f 524//209 525//229 584//250
f 584//250 525//229 585//290
f 525//229 526//211 585//290
f 585//290 526//211 586//290
f 526//211 527//211 586//290
f 586//290 527//211 587//274
f 527//211 528//301 587//274
f 587//274 528//301 588//311
f 528//301 529//302 589//311
f 528//301 589//311 588//311
f 529//302 530//250 589//311
f 589//311 530//250 590//309
f 530//250 531//229 590//309
f 590//309 531//229 591//250
f 531//229 532//209 591//250
f 591//250 532//209 592//290
f 532//209 533//211 592//290
f 592//290 533//211 593//290
f 533//211 534//211 593//290
f 593//290 534//211 594//290
f 534//211 535//211 594//290
f 594//290 535//211 595//251
f 535//211 536//211 595//251
f 595//251 536//211 596//211
f 536//211 537//211 596//211
f 596//211 537//211 597//211
f 537//211 538//250 597//211
f 597//211 538//250 598//211
f 538//250 539//303 598//211
f 598//211 539//303 599//312
f 540//304 541//305 600//313
f 600//313 541//305 601//314
f 541//305 542//193 601//314
f 601//314 542//193 602//223
f 542//193 543//306 602//223
f 602//223 543//306 603//222
f 543//306 544//307 603//222
f 603//222 544//307 604//315
f 544//307 545//245 604//315
f 604//315 545//245 605//316
f 545//245 546//223 605//316
f 605//316 546//223 606//229
f 546//223 547//308 606//229
f 606//229 547//308 607//273
f 547//308 548//209 607//273
f 607//273 548//209 608//229
f 548//209 549//162 608//229
f 608//229 549//162 609//206
f 549//162 550//206 609//206
f 609//206 550//206 610//162
f 550//206 551//229 610//162
f 610//162 551//229 611//209
f 551//229 552//273 611//209
f 611//209 552//273 612//273
f 552//273 553//309 612//273
f 612//273 553//309 613//209
f 553//309 554//162 613//209
f 613//209 554//162 614//229
f 554//162 555//162 614//229
f 614//229 555//162 615//211
f 555//162 556//229 615//211
f 615//211 556//229 616//209
f 556//229 557//274 616//209
f 616//209 557//274 617//209
f 557//274 558//251 617//209
f 617//209 558//251 618//209
f 558//251 559//209 618//209
f 618//209 559//209 619//209
f 559//209 560//209 619//209
f 619//209 560//209 620//229
f 560//209 561//209 620//229
f 620//229 561//209 621//209
f 561//209 562//229 621//209
f 621//209 562//229 622//250
f 562//229 563//229 622//250
f 622//250 563//229 623//274
f 563//229 564//209 623//274
f 623//274 564//209 624//229
f 564//209 565//209 624//229
f 624//229 565//209 625//250
f 565//209 566//209 625//250
f 625//250 566//209 626//251
f 566//209 567//250 626//251
f 626//251 567//250 627//209
f 567//250 568//251 627//209
f 627//209 568//251 628//209
f 568//251 569//211 628//209
f 628//209 569//211 629//211
f 569//211 570//229 629//211
f 629//211 570//229 630//250
f 570//229 571//274 630//250
f 630//250 571//274 631//290
f 571//274 572//290 631//290
f 631//290 572//290 632//251
f 572//290 573//290 632//251
f 632//251 573//290 633//211
f 573//290 574//290 633//211
f 633//211 574//290 634//209
f 574//290 575//299 634//209
f 634//209 575//299 635//274
f 575//299 576//274 635//274
f 635//274 576//274 636//290
f 576//274 577//290 636//290
f 636//290 577//290 637//290
f 577//290 578//290 637//290
f 637//290 578//290 638//290
f 578//290 579//290 638//290
f 638//290 579//290 639//290
f 579//290 580//290 639//290
f 639//290 580//290 640//290
f 580//290 581//290 640//290
f 640//290 581//290 641//290
f 581//290 582//310 641//290
f 641//290 582//310 642//290
f 582//310 583//211 642//290
f 642//290 583//211 643//290
f 583//211 584//250 643//290
f 643//290 584//250 644//290
f 584//250 585//290 644//290
f 644//290 585//290 645//290
f 585//290 586//290 645//290
f 645//290 586//290 646//274
f 586//290 587//274 646//274
f 646//274 587//274 647//299
f 587//274 588//311 647//299
f 647//299 588//311 648//290
f 588//311 589//311 649//317
f 588//311 649//317 648//290
f 589//311 590//309 649//317
f 649//317 590//309 650//290
f 590//309 591//250 650//290
f 650//290 591//250 651//290
f 591//250 592//290 651//290
f 651//290 592//290 652//290
f 592//290 593//290 652//290
f 652//290 593//290 653//290
f 593//290 594//290 653//290
f 653//290 594//290 654//274
f 594//290 595//251 654//274
f 654//274 595//251 655//209
f 595//251 596//211 655//209
f 655//209 596//211 656//211
f 596//211 597//211 656//211
f 656//211 597//211 657//211
f 597//211 598//211 657//211
f 657//211 598//211 658//211
f 598//211 599//312 658//211
f 658//211 599//312 659//318
f 600//313 601//314 660//319
f 660//319 601//314 661//320
f 601//314 602//223 661//320
f 661//320 602//223 662//290
f 602//223 603//222 662//290
f 662//290 603//222 663//274
f 603//222 604//315 663//274
f 663//274 604//315 664//206
f 604//315 605//316 664//206
f 664//206 605//316 665//163
f 605//316 606//229 665//163
f 665//163 606//229 666//206
f 606//229 607//273 666//206
f 666//206 607//273 667//229
f 607//273 608//229 667//229
f 667//229 608//229 668//273
f 608//229 609//206 668//273
f 668//273 609//206 669//209
f 609//206 610//162 669//209
f 669//209 610//162 670//162
f 610//162 611//209 670//162
f 670//162 611//209 671//206
f 611//209 612//273 671//206
f 671//206 612//273 672//209
f 612//273 613//209 672//209
f 672//209 613//209 673//250
f 613//209 614//229 673//250
f 673//250 614//229 674//251
f 614//229 615//211 674//251
f 674//251 615//211 675//209
f 615//211 616//209 675//209
f 675//209 616//209 676//206
f 616//209 617//209 676//206
f 676//206 617//209 677//162
f 617//209 618//209 677//162
f 677//162 618//209 678//229
f 618//209 619//209 678//229
f 678//229 619//209 679//229
f 619//209 620//229 679//229
f 679//229 620//229 680//250
f 620//229 621//209 680//250
f 680//250 621//209 681//251
f 621//209 622//250 681//251
f 681//251 622//250 682//209
f 622//250 623//274 682//209
f 682//209 623//274 683//274
f 623//274 624//229 683//274
f 683//274 624//229 684//290
f 624//229 625//250 684//290
f 684//290 625//250 685//274
f 625//250 626//251 685//274
f 685//274 626//251 686//229
f 626//251 627//209 686//229
f 686//229 627//209 687//250
f 627//209 628//209 687//250
f 687//250 628//209 688//290
f 628//209 629//211 688//290
f 688//290 629//211 689//290
f 629//211 630//250 689//290
f 689//290 630//250 690//290
f 630//250 631//290 690//290
f 690//290 631//290 691//274
f 631//290 632//251 691//274
f 691//274 632//251 692//209
f 632//251 633//211 692//209
f 692//209 633//211 693//211
f 633//211 634//209 693//211
f 693//211 634//209 694//250
f 634//209 635//274 694//250
f 694//250 635//274 695//290
f 635//274 636//290 695//290
f 695//290 636//290 696//290
f 636//290 637//290 696//290
f 696//290 637//290 697//290
f 637//290 638//290 697//290
f 697//290 638//290 698//290
f 638//290 639//290 698//290
f 698//290 639//290 699//290
f 639//290 640//290 699//290
f 699//290 640//290 700//290
f 640//290 641//290 700//290
f 700//290 641//290 701//290
f 641//290 642//290 701//290
f 701//290 642//290 702//290
f 642//290 643//290 702//290
f 702//290 643//290 703//290
f 643//290 644//290 703//290
f 703//290 644//290 704//290
f 644//290 645//290 704//290
f 704//290 645//290 705//274
f 645//290 646//274 705//274
f 705//274 646//274 706//274
f 646//274 647//299 706//274
f 706//274 647//299 707//290
f 647//299 648//290 707//290
f 707//290 648//290 708//290
f 648//290 649//317 708//290
f 708//290 649//317 709//290
f 649//317 650//290 709//290
f 709//290 650//290 710//290
f 650//290 651//290 710//290
f 710//290 651//290 711//290
f 651//290 652//290 711//290
f 711//290 652//290 712//290
f 652//290 653//290 712//290
f 712//290 653//290 713//274
f 653//290 654//274 713//274
f 713//274 654//274 714//274
f 654//274 655//209 714//274
f 714//274 655//209 715//290
f 655//209 656//211 715//290
f 715//290 656//211 716//290
f 656//211 657//211 716//290
f 716//290 657//211 717//290
f 657//211 658//211 717//290
f 717//290 658//211 718//290
f 658//211 659//318 718//290
f 718//290 659//318 719//303
f 660//319 661//320 720//321
f 720//321 661//320 721//322
f 661//320 662//290 721//322
f 721//322 662//290 722//323
f 662//290 663//274 722//323
f 722//323 663//274 723//324
f 663//274 664//206 723//324
f 723//324 664//206 724//209
f 664//206 665//163 724//209
f 724//209 665//163 725//162
f 665//163 666//206 725//162
f 725//162 666//206 726//162
f 666//206 667//229 726//162
f 726//162 667//229 727//209
f 667//229 668//273 727//209
f 727//209 668//273 728//273
f 668//273 669//209 728//273
f 728//273 669//209 729//209
f 669//209 670//162 729//209
f 729//209 670//162 730//229
f 670//162 671//206 730//229
f 730//229 671//206 731//250
f 671//206 672//209 731//250
f 731//250 672//209 732//251
f 672//209 673//250 732//251
f 732//251 673//250 733//209
f 673//250 674//251 733//209
f 733//209 674//251 734//209
f 674//251 675//209 734//209
f 734//209 675//209 735//273
f 675//209 676//206 735//273
f 735//273 676//206 736//209
f 676//206 677//162 736//209
f 736//209 677//162 737//211
f 677//162 678//229 737//211
f 737//211 678//229 738//250
f 678//229 679//229 738//250
f 738//250 679//229 739//250
f 679//229 680//250 739//250
f 739//250 680//250 740//209
f 680//250 681//251 740//209
f 740//209 681//251 741//209
f 681//251 682//209 741//209
f 741//209 682//209 742//250
f 682//209 683//274 742//250
f 742//250 683//274 743//250
f 683//274 684//290 743//250
f 743//250 684//290 744//229
f 684//290 685//274 744//229
f 744//229 685//274 745//274
f 685//274 686//229 745//274
f 745//274 686//229 746//290
f 686//229 687//250 746//290
f 746//290 687//250 747//290
f 687//250 688//290 747//290
f 747//290 688//290 748//290
f 688//290 689//290 748//290
f 748//290 689//290 749//250
f 689//290 690//290 749//250
f 749//250 690//290 750//209
f 690//290 691//274 750//209
f 750//209 691//274 751//299
f 691//274 692//209 751//299
f 751//299 692//209 752//290
f 692//209 693//211 752//290
f 752//290 693//211 753//290
f 693//211 694//250 753//290
f 753//290 694//250 754//290
f 694//250 695//290 754//290
f 754//290 695//290 755//290
f 695//290 696//290 755//290
f 755//290 696//290 756//290
f 696//290 697//290 756//290
f 756//290 697//290 757//290
f 697//290 698//290 757//290
f 757//290 698//290 758//325
f 698//290 699//290 758//325
f 758//325 699//290 759//326
f 699//290 700//290 759//326
f 759//326 700//290 760//327
f 700//290 701//290 760//327
f 760//327 701//290 761//290
f 701//290 702//290 761//290
f 761//290 702//290 762//290
f 702//290 703//290 762//290
f 762//290 703//290 763//290
f 703//290 704//290 763//290
f 763//290 704//290 764//328
f 704//290 705//274 764//328
f 764//328 705//274 765//329
f 705//274 706//274 765//329
f 765//329 706//274 766//290
f 706//274 707//290 766//290
f 766//290 707//290 767//290
f 707//290 708//290 767//290
f 767//290 708//290 768//290
f 708//290 709//290 768//290
f 768//290 709//290 769//290
f 709//290 710//290 769//290
f 769//290 710//290 770//290
f 710//290 711//290 770//290
f 770//290 711//290 771//290
f 711//290 712//290 771//290
f 771//290 712//290 772//274
f 712//290 713//274 772//274
f 772//274 713//274 773//299
f 713//274 714//274 773//299
f 773//299 714//274 774//290
f 714//274 715//290 774//290
f 774//290 715//290 775//290
f 715//290 716//290 775//290
f 775//290 716//290 776//290
f 716//290 717//290 776//290
f 776//290 717//290 777//290
f 717//290 718//290 777//290
f 777//290 718//290 778//290
f 718//290 719//303 778//290
f 778//290 719//303 779//303
f 720//321 721//322 780//330
f 721//322 722//323 781//331
f 721//322 781//331 780//330
f 722//323 723//324 781//331
f 781//331 723//324 782//332
f 723//324 724//209 782//332
f 782//332 724//209 783//274
f 724//209 725//162 783//274
f 783//274 725//162 784//309
f 725//162 726//162 784//309
f 784//309 726//162 785//211
f 726//162 727//209 785//211
f 785//211 727//209 786//273
f 727//209 728//273 786//273
f 786//273 728//273 787//229
f 728//273 729//209 787//229
f 787//229 729//209 788//250
f 729//209 730//229 788//250
f 788//250 730//229 789//290
f 730//229 731//250 789//290
f 789//290 731//250 790//274
f 731//250 732//251 790//274
f 790//274 732//251 791//209
f 732//251 733//209 791//209
f 791//209 733//209 792//209
f 733//209 734//209 792//209
f 792//209 734//209 793//229
f 734//209 735//273 793//229
f 793//229 735//273 794//274
f 735//273 736//209 794//274
f 794//274 736//209 795//251
f 736//209 737//211 795//251
f 795//251 737//211 796//211
f 737//211 738//250 796//211
f 796//211 738//250 797//209
f 738//250 739//250 797//209
f 797//209 739//250 798//229
f 739//250 740//209 798//229
f 798//229 740//209 799//250
f 740//209 741//209 799//250
f 799//250 741//209 800//251
f 741//209 742//250 800//251
f 800//251 742//250 801//229
f 742//250 743//250 801//229
f 801//229 743//250 802//229
f 743//250 744//229 802//229
f 802//229 744//229 803//250
f 744//229 745//274 803//250
f 803//250 745//274 804//290
f 745//274 746//290 804//290
f 804//290 746//290 805//290
f 746//290 747//290 805//290
f 805//290 747//290 806//251
f 747//290 748//290 806//251
f 806//251 748//290 807//209
f 748//290 749//250 807//209
f 807//209 749//250 808//229
f 749//250 750//209 808//229
f 808//229 750//209 809//250
f 750//209 751//299 809//250
f 809//250 751//299 810//290
f 751//299 752//290 810//290
f 810//290 752//290 811//290
f 752//290 753//290 811//290
f 811//290 753//290 812//290
f 753//290 754//290 812//290
f 812//290 754//290 813//290
f 754//290 755//290 813//290
f 813//290 755//290 814//290
f 755//290 756//290 814//290
f 814//290 756//290 815//290
f 756//290 757//290 815//290
f 815//290 757//290 816//333
f 757//290 758//325 816//333
f 816//333 758//325 817//334
f 758//325 759//326 817//334
f 817//334 759//326 818//335
f 759//326 760//327 818//335
f 818//335 760//327 819//336
f 760//327 761//290 820//337
f 760//327 820//337 819//336
f 761//290 762//290 820//337
f 820//337 762//290 821//290
f 762//290 763//290 821//290
f 821//290 763//290 822//290
f 763//290 764//328 822//290
f 822//290 764//328 823//290
f 764//328 765//329 824//338
f 764//328 824//338 823//290
f 765//329 766//290 825//339
f 765//329 825//339 824//338
f 766//290 767//290 825//339
f 825//339 767//290 826//290
f 767//290 768//290 826//290
f 826//290 768//290 827//290
f 768//290 769//290 827//290
f 827//290 769//290 828//290
f 769//290 770//290 828//290
f 828//290 770//290 829//290
f 770//290 771//290 829//290
f 829//290 771//290 830//340
f 771//290 772//274 830//340
f 830//340 772//274 831//332
f 772//274 773//299 831//332
f 831//332 773//299 832//290
f 773//299 774//290 832//290
f 832//290 774//290 833//290
f 774//290 775//290 833//290
f 833//290 775//290 834//290
f 775//290 776//290 834//290
f 834//290 776//290 835//290
f 776//290 777//290 835//290
f 835//290 777//290 836//290
f 777//290 778//290 836//290
f 836//290 778//290 837//290
f 778//290 779//303 837//290
f 837//290 779//303 838//341
f 780//330 781//331 839//342
f 839//342 781//331 840//343
f 781//331 782//332 840//343
f 840//343 782//332 841//344
f 782//332 783//274 841//344
f 841//344 783//274 842//299
f 783//274 784//309 842//299
f 842//299 784//309 843//290
f 784//309 785//211 843//290
f 843//290 785//211 844//274
f 785//211 786//273 844//274
f 844//274 786//273 845//274
f 786//273 787//229 845//274
f 845//274 787//229 846//251
f 787//229 788//250 846//251
f 846//251 788//250 847//211
f 788//250 789//290 847//211
f 847//211 789//290 848//229
f 789//290 790//274 848//229
f 848//229 790//274 849//299
f 790//274 791//209 849//299
f 849//299 791//209 850//274
f 791//209 792//209 850//274
f 850//274 792//209 851//209
f 792//209 793//229 851//209
f 851//209 793//229 852//209
f 793//229 794//274 852//209
f 852//209 794//274 853//209
f 794//274 795//251 853//209
f 853//209 795//251 854//209
f 795//251 796//211 854//209
f 854//209 796//211 855//211
f 796//211 797//209 855//211
f 855//211 797//209 856//250
f 797//209 798//229 856//250
f 856//250 798//229 857//250
f 798//229 799//250 857//250
f 857//250 799//250 858//229
f 799//250 800//251 858//229
f 858//229 800//251 859//209
f 800//251 801//229 859//209
f 859//209 801//229 860//250
f 801//229 802//229 860//250
f 860//250 802//229 861//290
f 802//229 803//250 861//290
f 861//290 803//250 862//251
f 803//250 804//290 862//251
f 862//251 804//290 863//211
f 804//290 805//290 863//211
f 863//211 805//290 864//229
f 805//290 806//251 864//229
f 864//229 806//251 865//209
f 806//251 807//209 865//209
f 865//209 807//209 866//250
f 807//209 808//229 866//250
f 866//250 808//229 867//290
f 808//229 809//250 867//290
f 867//290 809//250 868//290
f 809//250 810//290 868//290
f 868//290 810//290 869//290
f 810//290 811//290 869//290
f 869//290 811//290 870//290
f 811//290 812//290 870//290
f 870//290 812//290 871//290
f 812//290 813//290 871//290
f 871//290 813//290 872//290
f 813//290 814//290 872//290
f 872//290 814//290 873//290
f 814//290 815//290 873//290
f 873//290 815//290 874//290
f 815//290 816//333 874//290
f 874//290 816//333 875//345
f 816//333 817//334 875//345
f 875//345 817//334 876//346
f 817//334 818//335 876//346
f 876//346 818//335 877//347
f 818//335 819//336 878//336
f 818//335 878//336 877//347
f 819//336 820//337 879//348
f 819//336 879//348 878//336
f 820//337 821//290 880//349
f 820//337 880//349 879//348
f 821//290 822//290 880//349
f 880//349 822//290 881//350
f 822//290 823//290 881//350
f 881//350 823//290 882//290
f 823//290 824//338 882//290
f 882//290 824//338 883//339
f 824//338 825//339 883//339
f 883//339 825//339 884//338
f 825//339 826//290 884//338
f 884//338 826//290 885//290
f 826//290 827//290 885//290
f 885//290 827//290 886//290
f 827//290 828//290 886//290
f 886//290 828//290 887//290
f 828//290 829//290 887//290
f 887//290 829//290 888//290
f 829//290 830//340 888//290
f 888//290 830//340 889//339
f 830//340 831//332 889//339
f 889//339 831//332 890//351
f 831//332 832//290 890//351
f 890//351 832//290 891//290
f 832//290 833//290 891//290
f 891//290 833//290 892//290
f 833//290 834//290 892//290
f 892//290 834//290 893//290
f 834//290 835//290 893//290
f 893//290 835//290 894//290
f 835//290 836//290 894//290
f 894//290 836//290 895//290
f 836//290 837//290 895//290
f 895//290 837//290 896//274
f 837//290 838//341 896//274
f 896//274 838//341 897//352
f 839//342 840//343 898//353
f 898//353 840//343 899//354
f 840//343 841//344 899//354
f 899//354 841//344 900//274
f 841//344 842//299 900//274
f 900//274 842//299 901//251
f 842//299 843//290 901//251
f 901//251 843//290 902//229
f 843//290 844//274 902//229
f 902//229 844//274 903//273
f 844//274 845//274 903//273
f 903//273 845//274 904//209
f 845//274 846//251 904//209
f 904//209 846//251 905//209
f 846//251 847//211 905//209
f 905//209 847//211 906//211
f 847//211 848//229 906//211
f 906//211 848//229 907//209
f 848//229 849//299 907//209
f 907//209 849//299 908//209
f 849//299 850//274 908//209
f 908//209 850//274 909//274
f 850//274 851//209 909//274
f 909//274 851//209 910//274
f 851//209 852//209 910//274
f 910//274 852//209 911//209
f 852//209 853//209 911//209
f 911//209 853//209 912//250
f 853//209 854//209 912//250
f 912//250 854//209 913//290
f 854//209 855//211 913//290
f 913//290 855//211 914//251
f 855//211 856//250 914//251
f 914//251 856//250 915//209
f 856//250 857//250 915//209
f 915//209 857//250 916//229
f 857//250 858//229 916//229
f 916//229 858//229 917//250
f 858//229 859//209 917//250
f 917//250 859//209 918//290
f 859//209 860//250 918//290
f 918//290 860//250 919//290
f 860//250 861//290 919//290
f 919//290 861//290 920//274
f 861//290 862//251 920//274
f 920//274 862//251 921//209
f 862//251 863//211 921//209
f 921//209 863//211 922//211
f 863//211 864//229 922//211
f 922//211 864//229 923//250
f 864//229 865//209 923//250
f 923//250 865//209 924//290
f 865//209 866//250 924//290
f 924//290 866//250 925//290
f 866//250 867//290 925//290
f 925//290 867//290 926//290
f 867//290 868//290 926//290
f 926//290 868//290 927//290
f 868//290 869//290 927//290
f 927//290 869//290 928//290
f 869//290 870//290 928//290
f 928//290 870//290 929//290
f 870//290 871//290 929//290
f 929//290 871//290 930//290
f 871//290 872//290 930//290
f 930//290 872//290 931//290
f 872//290 873//290 931//290
f 931//290 873//290 932//290
f 873//290 874//290 932//290
f 932//290 874//290 933//355
f 874//290 875//345 933//355
f 933//355 875//345 934//355
f 875//345 876//346 934//355
f 934//355 876//346 935//356
f 876//346 877//347 935//356
f 935//356 877//347 936//357
f 877//347 878//336 937//358
f 877//347 937//358 936//357
f 878//336 879//348 937//358
f 937//358 879//348 938//336
f 879//348 880//349 939//359
f 879//348 939//359 938//336
f 880//349 881//350 939//359
f 939//359 881//350 940//359
f 881//350 882//290 941//349
f 881//350 941//349 940//359
f 882//290 883//339 941//349
f 941//349 883//339 942//360
f 883//339 884//338 943//348
f 883//339 943//348 942//360
f 884//338 885//290 944//349
f 884//338 944//349 943//348
f 885//290 886//290 944//349
f 944//349 886//290 945//327
f 886//290 887//290 945//327
f 945//327 887//290 946//290
f 887//290 888//290 946//290
f 946//290 888//290 947//290
f 888//290 889//339 947//290
f 947//290 889//339 948//290
f 889//339 890//351 949//351
f 889//339 949//351 948//290
f 890//351 891//290 950//339
f 890//351 950//339 949//351
f 891//290 892//290 950//339
f 950//339 892//290 951//290
f 892//290 893//290 951//290
f 951//290 893//290 952//290
f 893//290 894//290 952//290
f 952//290 894//290 953//290
f 894//290 895//290 953//290
f 953//290 895//290 954//361
f 895//290 896//274 954//361
f 954//361 896//274 955//332
f 896//274 897//352 955//332
f 955//332 897//352 956//303
f 898//353 899//354 957//362
f 957//362 899//354 958//363
f 899//354 900//274 958//363
f 958//363 900//274 959//274
f 900//274 901//251 959//274
f 959//274 901//251 960//209
f 901//251 902//229 960//209
f 960//209 902//229 961//273
f 902//229 903//273 961//273
f 961//273 903//273 962//209
f 903//273 904//209 962//209
f 962//209 904//209 963//251
f 904//209 905//209 963//251
f 963//251 905//209 964//250
f 905//209 906//211 964//250
f 964//250 906//211 965//209
f 906//211 907//209 965//209
f 965//209 907//209 966//209
f 907//209 908//209 966//209
f 966//209 908//209 967//250
f 908//209 909//274 967//250
f 967//250 909//274 968//274
f 909//274 910//274 968//274
f 968//274 910//274 969//274
f 910//274 911//209 969//274
f 969//274 911//209 970//290
f 911//209 912//250 970//290
f 970//290 912//250 971//250
f 912//250 913//290 971//250
f 971//250 913//290 972//229
f 913//290 914//251 972//229
f 972//229 914//251 973//209
f 914//251 915//209 973//209
f 973//209 915//209 974//250
f 915//209 916//229 974//250
f 974//250 916//229 975//290
f 916//229 917//250 975//290
f 975//290 917//250 976//250
f 917//250 918//290 976//250
f 976//250 918//290 977//211
f 918//290 919//290 977//211
f 977//211 919//290 978//229
f 919//290 920//274 978//229
f 978//229 920//274 979//274
f 920//274 921//209 979//274
f 979//274 921//209 980//290
f 921//209 922//211 980//290
f 980//290 922//211 981//290
f 922//211 923//250 981//290
f 981//290 923//250 982//290
f 923//250 924//290 982//290
f 982//290 924//290 983//290
f 924//290 925//290 983//290
f 983//290 925//290 984//290
f 925//290 926//290 984//290
f 984//290 926//290 985//290
f 926//290 927//290 985//290
f 985//290 927//290 986//290
f 927//290 928//290 986//290
f 986//290 928//290 987//290
f 928//290 929//290 987//290
f 987//290 929//290 988//290
f 929//290 930//290 988//290
f 988//290 930//290 989//290
f 930//290 931//290 989//290
f 989//290 931//290 990//290
f 931//290 932//290 990//290
f 990//290 932//290 991//355
f 932//290 933//355 991//355
f 991//355 933//355 992//334
f 933//355 934//355 992//334
f 992//334 934//355 993//290
f 934//355 935//356 993//290
f 993//290 935//356 994//364
f 935//356 936//357 994//364
f 994//364 936//357 995//365
f 936//357 937//358 995//365
f 995//365 937//358 996//366
f 937//358 938//336 997//336
f 937//358 997//336 996//366
f 938//336 939//359 998//367
f 938//336 998//367 997//336
f 939//359 940//359 998//367
f 998//367 940//359 999//359
f 940//359 941//349 1000//359
f 940//359 1000//359 999//359
f 941//349 942//360 1000//359
f 1000//359 942//360 1001//368
f 942//360 943//348 1001//368
f 1001//368 943//348 1002//359
f 943//348 944//349 1003//348
f 943//348 1003//348 1002//359
f 944//349 945//327 1003//348
f 1003//348 945//327 1004//336
f 945//327 946//290 1005//349
f 945//327 1005//349 1004//336
f 946//290 947//290 1005//349
f 1005//349 947//290 1006//350
f 947//290 948//290 1006//350
f 1006//350 948//290 1007//290
f 948//290 949//351 1007//290
f 1007//290 949//351 1008//339
f 949//351 950//339 1008//339
f 1008//339 950//339 1009//351
f 950//339 951//290 1009//351
f 1009//351 951//290 1010//290
f 951//290 952//290 1010//290
f 1010//290 952//290 1011//290
f 952//290 953//290 1011//290
f 1011//290 953//290 1012//290
f 953//290 954//361 1012//290
f 1012//290 954//361 1013//369
f 954//361 955//332 1013//369
f 1013//369 955//332 1014//369
f 955//332 956//303 1014//369
f 1014//369 956//303 1015//303
f 957//362 958//363 1016//370
f 1016//370 958//363 1017//371
f 958//363 959//274 1017//371
f 1017//371 959//274 1018//332
f 959//274 960//209 1018//332
f 1018//332 960//209 1019//274
f 960//209 961//273 1019//274
f 1019//274 961//273 1020//274
f 961//273 962//209 1020//274
f 1020//274 962//209 1021//251
f 962//209 963//251 1021//251
f 1021//251 963//251 1022//209
f 963//251 964//250 1022//209
f 1022//209 964//250 1023//209
f 964//250 965//209 1023//209
f 1023//209 965//209 1024//250
f 965//209 966//209 1024//250
f 1024//250 966//209 1025//251
f 966//209 967//250 1025//251
f 1025//251 967//250 1026//209
f 967//250 968//274 1026//209
f 1026//209 968//274 1027//274
f 968//274 969//274 1027//274
f 1027//274 969//274 1028//290
f 969//274 970//290 1028//290
f 1028//290 970//290 1029//274
f 970//290 971//250 1029//274
f 1029//274 971//250 1030//229
f 971//250 972//229 1030//229
f 1030//229 972//229 1031//250
f 972//229 973//209 1031//250
f 1031//250 973//209 1032//290
f 973//209 974//250 1032//290
f 1032//290 974//250 1033//290
f 974//250 975//290 1033//290
f 1033//290 975//290 1034//274
f 975//290 976//250 1034//274
f 1034//274 976//250 1035//209
f 976//250 977//211 1035//209
f 1035//209 977//211 1036//211
f 977//211 978//229 1036//211
f 1036//211 978//229 1037//250
f 978//229 979//274 1037//250
f 1037//250 979//274 1038//290
f 979//274 980//290 1038//290
f 1038//290 980//290 1039//290
f 980//290 981//290 1039//290
f 1039//290 981//290 1040//290
f 981//290 982//290 1040//290
f 1040//290 982//290 1041//290
f 982//290 983//290 1041//290
f 1041//290 983//290 1042//290
f 983//290 984//290 1042//290
f 1042//290 984//290 1043//290
f 984//290 985//290 1043//290
f 1043//290 985//290 1044//290
f 985//290 986//290 1044//290
f 1044//290 986//290 1045//290
f 986//290 987//290 1045//290
f 1045//290 987//290 1046//290
f 987//290 988//290 1046//290
f 1046//290 988//290 1047//290
f 988//290 989//290 1047//290
f 1047//290 989//290 1048//290
f 989//290 990//290 1048//290
f 1048//290 990//290 1049//372
f 990//290 991//355 1049//372
f 1049//372 991//355 1050//346
f 991//355 992//334 1050//346
f 1050//346 992//334 1051//290
f 992//334 993//290 1051//290
f 1051//290 993//290 1052//355
f 993//290 994//364 1052//355
f 1052//355 994//364 1053//373
f 994//364 995//365 1053//373
f 1053//373 995//365 1054//372
f 995//365 996//366 1054//372
f 1054//372 996//366 1055//374
f 996//366 997//336 1056//358
f 996//366 1056//358 1055//374
f 997//336 998//367 1056//358
f 1056//358 998//367 1057//375
f 998//367 999//359 1057//375
f 1057//375 999//359 1058//376
f 999//359 1000//359 1059//377
f 999//359 1059//377 1058//376
f 1000//359 1001//368 1059//377
f 1059//377 1001//368 1060//326
f 1001//368 1002//359 1060//326
f 1060//326 1002//359 1061//376
f 1002//359 1003//348 1062//378
f 1002//359 1062//378 1061//376
f 1003//348 1004//336 1063//336
f 1003//348 1063//336 1062//378
f 1004//336 1005//349 1064//358
f 1004//336 1064//358 1063//336
f 1005//349 1006//350 1064//358
f 1064//358 1006//350 1065//336
f 1006//350 1007//290 1066//337
f 1006//350 1066//337 1065//336
f 1007//290 1008//339 1066//337
f 1066//337 1008//339 1067//290
f 1008//339 1009//351 1068//337
f 1008//339 1068//337 1067//290
f 1009//351 1010//290 1069//337
f 1009//351 1069//337 1068//337
f 1010//290 1011//290 1069//337
f 1069//337 1011//290 1070//290
f 1011//290 1012//290 1070//290
f 1070//290 1012//290 1071//290
f 1012//290 1013//369 1071//290
f 1071//290 1013//369 1072//339
f 1013//369 1014//369 1072//339
f 1072//339 1014//369 1073//379
f 1014//369 1015//303 1073//379
f 1073//379 1015//303 1074//380
f 1016//370 1017//371 1075//381
f 1075//381 1017//371 1076//382
f 1017//371 1018//332 1076//382
f 1076//382 1018//332 1077//383
f 1018//332 1019//274 1077//383
f 1077//383 1019//274 1078//274
f 1019//274 1020//274 1078//274
f 1078//274 1020//274 1079//274
f 1020//274 1021//251 1079//274
f 1079//274 1021//251 1080//209
f 1021//251 1022//209 1080//209
f 1080//209 1022//209 1081//384
f 1022//209 1023//209 1081//384
f 1081//384 1023//209 1082//290
f 1023//209 1024//250 1082//290
f 1082//290 1024//250 1083//274
f 1024//250 1025//251 1083//274
f 1083//274 1025//251 1084//229
f 1025//251 1026//209 1084//229
f 1084//229 1026//209 1085//250
f 1026//209 1027//274 1085//250
f 1085//250 1027//274 1086//250
f 1027//274 1028//290 1086//250
f 1086//250 1028//290 1087//209
f 1028//290 1029//274 1087//209
f 1087//209 1029//274 1088//299
f 1029//274 1030//229 1088//299
f 1088//299 1030//229 1089//290
f 1030//229 1031//250 1089//290
f 1089//290 1031//250 1090//290
f 1031//250 1032//290 1090//290
f 1090//290 1032//290 1091//250
f 1032//290 1033//290 1091//250
f 1091//250 1033//290 1092//229
f 1033//290 1034//274 1092//229
f 1092//229 1034//274 1093//274
f 1034//274 1035//209 1093//274
f 1093//274 1035//209 1094//290
f 1035//209 1036//211 1094//290
f 1094//290 1036//211 1095//290
f 1036//211 1037//250 1095//290
f 1095//290 1037//250 1096//290
f 1037//250 1038//290 1096//290
f 1096//290 1038//290 1097//290
f 1038//290 1039//290 1097//290
f 1097//290 1039//290 1098//290
f 1039//290 1040//290 1098//290
f 1098//290 1040//290 1099//290
f 1040//290 1041//290 1099//290
f 1099//290 1041//290 1100//290
f 1041//290 1042//290 1100//290
f 1100//290 1042//290 1101//290
f 1042//290 1043//290 1101//290
f 1101//290 1043//290 1102//290
f 1043//290 1044//290 1102//290
f 1102//290 1044//290 1103//290
f 1044//290 1045//290 1103//290
f 1103//290 1045//290 1104//290
f 1045//290 1046//290 1104//290
f 1104//290 1046//290 1105//290
f 1046//290 1047//290 1105//290
f 1105//290 1047//290 1106//290
f 1047//290 1048//290 1106//290
f 1106//290 1048//290 1107//290
f 1048//290 1049//372 1107//290
f 1107//290 1049//372 1108//346
f 1049//372 1050//346 1108//346
f 1108//346 1050//346 1109//372
f 1050//346 1051//290 1109//372
f 1109//372 1051//290 1110//333
f 1051//290 1052//355 1110//333
f 1110//333 1052//355 1111//385
f 1052//355 1053//373 1111//385
f 1111//385 1053//373 1112//346
f 1053//373 1054//372 1112//346
f 1112//346 1054//372 1113//355
f 1054//372 1055//374 1113//355
f 1113//355 1055//374 1114//386
f 1055//374 1056//358 1114//386
f 1114//386 1056//358 1115//366
f 1056//358 1057//375 1116//349
f 1056//358 1116//349 1115//366
f 1057//375 1058//376 1116//349
f 1116//349 1058//376 1117//377
f 1058//376 1059//377 1117//377
f 1117//377 1059//377 1118//376
f 1059//377 1060//326 1118//376
f 1118//376 1060//326 1119//326
f 1060//326 1061//376 1119//326
f 1119//326 1061//376 1120//377
f 1061//376 1062//378 1120//377
f 1120//377 1062//378 1121//387
f 1062//378 1063//336 1122//367
f 1062//378 1122//367 1121//387
f 1063//336 1064//358 1122//367
f 1122//367 1064//358 1123//359
f 1064//358 1065//336 1124//336
f 1064//358 1124//336 1123//359
f 1065//336 1066//337 1125//348
f 1065//336 1125//348 1124//336
f 1066//337 1067//290 1126//349
f 1066//337 1126//349 1125//348
f 1067//290 1068//337 1126//349
f 1126//349 1068//337 1127//388
f 1068//337 1069//337 1128//389
f 1068//337 1128//389 1127//388
f 1069//337 1070//290 1129//337
f 1069//337 1129//337 1128//389
f 1070//290 1071//290 1129//337
f 1129//337 1071//290 1130//290
f 1071//290 1072//339 1130//290
f 1130//290 1072//339 1131//290
f 1072//339 1073//379 1132//350
f 1072//339 1132//350 1131//290
f 1073//379 1074//380 1132//350
f 1132//350 1074//380 1133//390
f 1075//381 1076//382 1134//391
f 1076//382 1077//383 1135//392
f 1076//382 1135//392 1134//391
f 1077//383 1078//274 1135//392
f 1135//392 1078//274 1136//361
f 1078//274 1079//274 1136//361
f 1136//361 1079//274 1137//332
f 1079//274 1080//209 1137//332
f 1137//332 1080//209 1138//274
f 1080//209 1081//384 1138//274
f 1138//274 1081//384 1139//393
f 1081//384 1082//290 1140//311
f 1081//384 1140//311 1139//393
f 1082//290 1083//274 1140//311
f 1140//311 1083//274 1141//274
f 1083//274 1084//229 1141//274
f 1141//274 1084//229 1142//290
f 1084//229 1085//250 1142//290
f 1142//290 1085//250 1143//274
f 1085//250 1086//250 1143//274
f 1143//274 1086//250 1144//209
f 1086//250 1087//209 1144//209
f 1144//209 1087//209 1145//250
f 1087//209 1088//299 1145//250
f 1145//250 1088//299 1146//290
f 1088//299 1089//290 1146//290
f 1146//290 1089//290 1147//251
f 1089//290 1090//290 1147//251
f 1147//251 1090//290 1148//209
f 1090//290 1091//250 1148//209
f 1148//209 1091//250 1149//209
f 1091//250 1092//229 1149//209
f 1149//209 1092//229 1150//250
f 1092//229 1093//274 1150//250
f 1150//250 1093//274 1151//290
f 1093//274 1094//290 1151//290
f 1151//290 1094//290 1152//290
f 1094//290 1095//290 1152//290
f 1152//290 1095//290 1153//290
f 1095//290 1096//290 1153//290
f 1153//290 1096//290 1154//290
f 1096//290 1097//290 1154//290
f 1154//290 1097//290 1155//290
f 1097//290 1098//290 1155//290
f 1155//290 1098//290 1156//290
f 1098//290 1099//290 1156//290
f 1156//290 1099//290 1157//290
f 1099//290 1100//290 1157//290
f 1157//290 1100//290 1158//290
f 1100//290 1101//290 1158//290
f 1158//290 1101//290 1159//290
f 1101//290 1102//290 1159//290
f 1159//290 1102//290 1160//290
f 1102//290 1103//290 1160//290
f 1160//290 1103//290 1161//290
f 1103//290 1104//290 1161//290
f 1161//290 1104//290 1162//290
f 1104//290 1105//290 1162//290
f 1162//290 1105//290 1163//290
f 1105//290 1106//290 1163//290
f 1163//290 1106//290 1164//325
f 1106//290 1107//290 1164//325
f 1164//325 1107//290 1165//394
f 1107//290 1108//346 1165//394
f 1165//394 1108//346 1166//355
f 1108//346 1109//372 1166//355
f 1166//355 1109//372 1167//290
f 1109//372 1110//333 1167//290
f 1167//290 1110//333 1168//346
f 1110//333 1111//385 1168//346
f 1168//346 1111//385 1169//385
f 1111//385 1112//346 1169//385
f 1169//385 1112//346 1170//346
f 1112//346 1113//355 1170//346
f 1170//346 1113//355 1171//346
f 1113//355 1114//386 1171//346
f 1171//346 1114//386 1172//290
f 1114//386 1115//366 1172//290
f 1172//290 1115//366 1173//290
f 1115//366 1116//349 1174//350
f 1115//366 1174//350 1173//290
f 1116//349 1117//377 1174//350
f 1174//350 1117//377 1175//349
f 1117//377 1118//376 1176//359
f 1117//377 1176//359 1175//349
f 1118//376 1119//326 1176//359
f 1176//359 1119//326 1177//395
f 1119//326 1120//377 1177//395
f 1177//395 1120//377 1178//396
f 1120//377 1121//387 1179//359
f 1120//377 1179//359 1178//396
f 1121//387 1122//367 1179//359
f 1179//359 1122//367 1180//368
f 1122//367 1123//359 1180//368
f 1180//368 1123//359 1181//359
f 1123//359 1124//336 1182//348
f 1123//359 1182//348 1181//359
f 1124//336 1125//348 1182//348
f 1182//348 1125//348 1183//396
f 1125//348 1126//349 1184//348
f 1125//348 1184//348 1183//396
f 1126//349 1127//388 1184//348
f 1184//348 1127//388 1185//396
f 1127//388 1128//389 1186//336
f 1127//388 1186//336 1185//396
f 1128//389 1129//337 1187//348
f 1128//389 1187//348 1186//336
f 1129//337 1130//290 1188//349
f 1129//337 1188//349 1187//348
f 1130//290 1131//290 1188//349
f 1188//349 1131//290 1189//327
f 1131//290 1132//350 1189//327
f 1189//327 1132//350 1190//290
f 1132//350 1133//390 1190//290
f 1190//290 1133//390 1191//303
f 1192//397 1134//391 1193//398
f 1134//391 1135//392 1193//398
f 1193//398 1135//392 1194//251
f 1135//392 1136//361 1194//251
f 1194//251 1136//361 1195//299
f 1136//361 1137//332 1195//299
f 1195//299 1137//332 1196//332
f 1137//332 1138//274 1196//332
f 1196//332 1138//274 1197//332
f 1138//274 1139//393 1197//332
f 1197//332 1139//393 1198//290
f 1139//393 1140//311 1199//317
f 1139//393 1199//317 1198//290
f 1140//311 1141//274 1199//317
f 1199//317 1141//274 1200//290
f 1141//274 1142//290 1200//290
f 1200//290 1142//290 1201//274
f 1142//290 1143//274 1201//274
f 1201//274 1143//274 1202//274
f 1143//274 1144//209 1202//274
f 1202//274 1144//209 1203//290
f 1144//209 1145//250 1203//290
f 1203//290 1145//250 1204//250
f 1145//250 1146//290 1204//250
f 1204//250 1146//290 1205//229
f 1146//290 1147//251 1205//229
f 1205//229 1147//251 1206//229
f 1147//251 1148//209 1206//229
f 1206//229 1148//209 1207//250
f 1148//209 1149//209 1207//250
f 1207//250 1149//209 1208//290
f 1149//209 1150//250 1208//290
f 1208//290 1150//250 1209//290
f 1150//250 1151//290 1209//290
f 1209//290 1151//290 1210//290
f 1151//290 1152//290 1210//290
f 1210//290 1152//290 1211//290
f 1152//290 1153//290 1211//290
f 1211//290 1153//290 1212//251
f 1153//290 1154//290 1212//251
f 1212//251 1154//290 1213//211
f 1154//290 1155//290 1213//211
f 1213//211 1155//290 1214//211
f 1155//290 1156//290 1214//211
f 1214//211 1156//290 1215//310
f 1156//290 1157//290 1215//310
f 1215//310 1157//290 1216//290
f 1157//290 1158//290 1216//290
f 1216//290 1158//290 1217//290
f 1158//290 1159//290 1217//290
f 1217//290 1159//290 1218//290
f 1159//290 1160//290 1218//290
f 1218//290 1160//290 1219//290
f 1160//290 1161//290 1219//290
f 1219//290 1161//290 1220//290
f 1161//290 1162//290 1220//290
f 1220//290 1162//290 1221//290
f 1162//290 1163//290 1221//290
f 1221//290 1163//290 1222//372
f 1163//290 1164//325 1222//372
f 1222//372 1164//325 1223//355
f 1164//325 1165//394 1223//355
f 1223//355 1165//394 1224//399
f 1165//394 1166//355 1224//399
f 1224//399 1166//355 1225//290
f 1166//355 1167//290 1225//290
f 1225//290 1167//290 1226//355
f 1167//290 1168//346 1226//355
f 1226//355 1168//346 1227//365
f 1168//346 1169//385 1227//365
f 1227//365 1169//385 1228//345
f 1169//385 1170//346 1228//345
f 1228//345 1170//346 1229//356
f 1170//346 1171//346 1229//356
f 1229//356 1171//346 1230//356
f 1171//346 1172//290 1230//356
f 1230//356 1172//290 1231//290
f 1172//290 1173//290 1231//290
f 1231//290 1173//290 1232//325
f 1173//290 1174//350 1232//325
f 1232//325 1174//350 1233//326
f 1174//350 1175//349 1233//326
f 1233//326 1175//349 1234//400
f 1175//349 1176//359 1235//358
f 1175//349 1235//358 1234//400
f 1176//359 1177//395 1235//358
f 1235//358 1177//395 1236//336
f 1177//395 1178//396 1237//336
f 1177//395 1237//336 1236//336
f 1178//396 1179//359 1238//401
f 1178//396 1238//401 1237//336
f 1179//359 1180//368 1238//401
f 1238//401 1180//368 1239//395
f 1180//368 1181//359 1239//395
f 1239//395 1181//359 1240//336
f 1181//359 1182//348 1241//402
f 1181//359 1241//402 1240//336
f 1182//348 1183//396 1242//336
f 1182//348 1242//336 1241//402
f 1183//396 1184//348 1243//348
f 1183//396 1243//348 1242//336
f 1184//348 1185//396 1244//336
f 1184//348 1244//336 1243//348
f 1185//396 1186//336 1245//358
f 1185//396 1245//358 1244//336
f 1186//336 1187//348 1245//358
f 1245//358 1187//348 1246//336
f 1187//348 1188//349 1247//348
f 1187//348 1247//348 1246//336
f 1188//349 1189//327 1247//348
f 1247//348 1189//327 1248//336
f 1189//327 1190//290 1249//349
f 1189//327 1249//349 1248//336
f 1190//290 1191//303 1249//349
f 1249//349 1191//303 1250//380
f 1192//397 1193//398 1251//403
f 1251//403 1193//398 1252//404
f 1193//398 1194//251 1252//404
f 1252//404 1194//251 1253//299
f 1194//251 1195//299 1253//299
f 1253//299 1195//299 1254//250
f 1195//299 1196//332 1254//250
f 1254//250 1196//332 1255//332
f 1196//332 1197//332 1255//332
f 1255//332 1197//332 1256//361
f 1197//332 1198//290 1256//361
f 1256//361 1198//290 1257//290
f 1198//290 1199//317 1257//290
f 1257//290 1199//317 1258//290
f 1199//317 1200//290 1258//290
f 1258//290 1200//290 1259//274
f 1200//290 1201//274 1259//274
f 1259//274 1201//274 1260//299
f 1201//274 1202//274 1260//299
f 1260//299 1202//274 1261//290
f 1202//274 1203//290 1261//290
f 1261//290 1203//290 1262//361
f 1203//290 1204//250 1262//361
f 1262//361 1204//250 1263//299
f 1204//250 1205//229 1263//299
f 1263//299 1205//229 1264//250
f 1205//229 1206//229 1264//250
f 1264//250 1206//229 1265//290
f 1206//229 1207//250 1265//290
f 1265//290 1207//250 1266//290
f 1207//250 1208//290 1266//290
f 1266//290 1208//290 1267//290
f 1208//290 1209//290 1267//290
f 1267//290 1209//290 1268//251
f 1209//290 1210//290 1268//251
f 1268//251 1210//290 1269//211
f 1210//290 1211//290 1269//211
f 1269//211 1211//290 1270//229
f 1211//290 1212//251 1270//229
f 1270//229 1212//251 1271//209
f 1212//251 1213//211 1271//209
f 1271//209 1213//211 1272//211
f 1213//211 1214//211 1272//211
f 1272//211 1214//211 1273//211
f 1214//211 1215//310 1273//211
f 1273//211 1215//310 1274//405
f 1215//310 1216//290 1275//406
f 1215//310 1275//406 1274//405
f 1216//290 1217//290 1275//406
f 1275//406 1217//290 1276//290
f 1217//290 1218//290 1276//290
f 1276//290 1218//290 1277//290
f 1218//290 1219//290 1277//290
f 1277//290 1219//290 1278//290
f 1219//290 1220//290 1278//290
f 1278//290 1220//290 1279//290
f 1220//290 1221//290 1279//290
f 1279//290 1221//290 1280//325
f 1221//290 1222//372 1280//325
f 1280//325 1222//372 1281//334
f 1222//372 1223//355 1281//334
f 1281//334 1223//355 1282//372
f 1223//355 1224//399 1282//372
f 1282//372 1224//399 1283//290
f 1224//399 1225//290 1283//290
f 1283//290 1225//290 1284//355
f 1225//290 1226//355 1284//355
f 1284//355 1226//355 1285//355
f 1226//355 1227//365 1285//355
f 1285//355 1227//365 1286//346
f 1227//365 1228//345 1286//346
f 1286//346 1228//345 1287//372
f 1228//345 1229//356 1287//372
f 1287//372 1229//356 1288//346
f 1229//356 1230//356 1288//346
f 1288//346 1230//356 1289//372
f 1230//356 1231//290 1289//372
f 1289//372 1231//290 1290//355
f 1231//290 1232//325 1290//355
f 1290//355 1232//325 1291//394
f 1232//325 1233//326 1291//394
f 1291//394 1233//326 1292//326
f 1233//326 1234//400 1292//326
f 1292//326 1234//400 1293//407
f 1234//400 1235//358 1293//407
f 1293//407 1235//358 1294//359
f 1235//358 1236//336 1295//336
f 1235//358 1295//336 1294//359
f 1236//336 1237//336 1296//367
f 1236//336 1296//367 1295//336
f 1237//336 1238//401 1296//367
f 1296//367 1238//401 1297//368
f 1238//401 1239//395 1297//368
f 1297//368 1239//395 1298//359
f 1239//395 1240//336 1299//336
f 1239//395 1299//336 1298//359
f 1240//336 1241//402 1300//348
f 1240//336 1300//348 1299//336
f 1241//402 1242//336 1301//348
f 1241//402 1301//348 1300//348
f 1242//336 1243//348 1301//348
f 1301//348 1243//348 1302//396
f 1243//348 1244//336 1303//359
f 1243//348 1303//359 1302//396
f 1244//336 1245//358 1303//359
f 1303//359 1245//358 1304//359
f 1245//358 1246//336 1305//336
f 1245//358 1305//336 1304//359
f 1246//336 1247//348 1306//348
f 1246//336 1306//348 1305//336
f 1247//348 1248//336 1307//336
f 1247//348 1307//336 1306//348
f 1248//336 1249//349 1308//401
f 1248//336 1308//401 1307//336
f 1249//349 1250//380 1308//401
f 1308//401 1250//380 1309//408
f 1251//403 1252//404 1310//409
f 1310//409 1252//404 1311//410
f 1252//404 1253//299 1311//410
f 1311//410 1253//299 1312//369
f 1253//299 1254//250 1312//369
f 1312//369 1254//250 1313//274
f 1254//250 1255//332 1313//274
f 1313//274 1255//332 1314//274
f 1255//332 1256//361 1314//274
f 1314//274 1256//361 1315//290
f 1256//361 1257//290 1315//290
f 1315//290 1257//290 1316//290
f 1257//290 1258//290 1316//290
f 1316//290 1258//290 1317//274
f 1258//290 1259//274 1317//274
f 1317//274 1259//274 1318//274
f 1259//274 1260//299 1318//274
f 1318//274 1260//299 1319//290
f 1260//299 1261//290 1319//290
f 1319//290 1261//290 1320//290
f 1261//290 1262//361 1320//290
f 1320//290 1262//361 1321//411
f 1262//361 1263//299 1321//411
f 1321//411 1263//299 1322//340
f 1263//299 1264//250 1322//340
f 1322//340 1264//250 1323//290
f 1264//250 1265//290 1323//290
f 1323//290 1265//290 1324//290
f 1265//290 1266//290 1324//290
f 1324//290 1266//290 1325//290
f 1266//290 1267//290 1325//290
f 1325//290 1267//290 1326//274
f 1267//290 1268//251 1326//274
f 1326//274 1268//251 1327//209
f 1268//251 1269//211 1327//209
f 1327//209 1269//211 1328//211
f 1269//211 1270//229 1328//211
f 1328//211 1270//229 1329//250
f 1270//229 1271//209 1329//250
f 1329//250 1271//209 1330//290
f 1271//209 1272//211 1330//290
f 1330//290 1272//211 1331//290
f 1272//211 1273//211 1331//290
f 1331//290 1273//211 1332//372
f 1273//211 1274//405 1332//372
f 1332//372 1274//405 1333//346
f 1274//405 1275//406 1333//346
f 1333//346 1275//406 1334//290
f 1275//406 1276//290 1334//290
f 1334//290 1276//290 1335//290
f 1276//290 1277//290 1335//290
f 1335//290 1277//290 1336//290
f 1277//290 1278//290 1336//290
f 1336//290 1278//290 1337//290
f 1278//290 1279//290 1337//290
f 1337//290 1279//290 1338//372
f 1279//290 1280//325 1338//372
f 1338//372 1280//325 1339//355
f 1280//325 1281//334 1339//355
f 1339//355 1281//334 1340//325
f 1281//334 1282//372 1340//325
f 1340//325 1282//372 1341//290
f 1282//372 1283//290 1341//290
f 1341//290 1283//290 1342//355
f 1283//290 1284//355 1342//355
f 1342//355 1284//355 1343//355
f 1284//355 1285//355 1343//355
f 1343//355 1285//355 1344//355
f 1285//355 1286//346 1344//355
f 1344//355 1286//346 1345//355
f 1286//346 1287//372 1345//355
f 1345//355 1287//372 1346//355
f 1287//372 1288//346 1346//355
f 1346//355 1288//346 1347//355
f 1288//346 1289//372 1347//355
f 1347//355 1289//372 1348//333
f 1289//372 1290//355 1348//333
f 1348//333 1290//355 1349//345
f 1290//355 1291//394 1349//345
f 1349//345 1291//394 1350//290
f 1291//394 1292//326 1350//290
f 1350//290 1292//326 1351//334
f 1292//326 1293//407 1351//334
f 1351//334 1293//407 1352//386
f 1293//407 1294//359 1352//386
f 1352//386 1294//359 1353//366
f 1294//359 1295//336 1354//348
f 1294//359 1354//348 1353//366
f 1295//336 1296//367 1354//348
f 1354//348 1296//367 1355//400
f 1296//367 1297//368 1355//400
f 1355//400 1297//368 1356//335
f 1297//368 1298//359 1356//335
f 1356//335 1298//359 1357//396
f 1298//359 1299//336 1358//348
f 1298//359 1358//348 1357//396
f 1299//336 1300//348 1358//348
f 1358//348 1300//348 1359//336
f 1300//348 1301//348 1360//402
f 1300//348 1360//402 1359//336
f 1301//348 1302//396 1361//336
f 1301//348 1361//336 1360//402
f 1302//396 1303//359 1362//358
f 1302//396 1362//358 1361//336
f 1303//359 1304//359 1362//358
f 1362//358 1304//359 1363//336
f 1304//359 1305//336 1364//348
f 1304//359 1364//348 1363//336
f 1305//336 1306//348 1364//348
f 1364//348 1306//348 1365//396
f 1306//348 1307//336 1366//359
f 1306//348 1366//359 1365//396
f 1307//336 1308//401 1366//359
f 1366//359 1308//401 1367//395
f 1308//401 1309//408 1367//395
f 1367//395 1309//408 1368//412
f 1310//409 1311//410 1369//413
f 1369//413 1311//410 1370//414
f 1311//410 1312//369 1370//414
f 1370//414 1312//369 1371//415
f 1312//369 1313//274 1371//415
f 1371//415 1313//274 1372//332
f 1313//274 1314//274 1372//332
f 1372//332 1314//274 1373//290
f 1314//274 1315//290 1373//290
f 1373//290 1315//290 1374//250
f 1315//290 1316//290 1374//250
f 1374//250 1316//290 1375//209
f 1316//290 1317//274 1375//209
f 1375//209 1317//274 1376//299
f 1317//274 1318//274 1376//299
f 1376//299 1318//274 1377//290
f 1318//274 1319//290 1377//290
f 1377//290 1319//290 1378//290
f 1319//290 1320//290 1378//290
f 1378//290 1320//290 1379//274
f 1320//290 1321//411 1379//274
f 1379//274 1321//411 1380//274
f 1321//411 1322//340 1380//274
f 1380//274 1322//340 1381//290
f 1322//340 1323//290 1381//290
f 1381//290 1323//290 1382//290
f 1323//290 1324//290 1382//290
f 1382//290 1324//290 1383//290
f 1324//290 1325//290 1383//290
f 1383//290 1325//290 1384//274
f 1325//290 1326//274 1384//274
f 1384//274 1326//274 1385//416
f 1326//274 1327//209 1385//416
f 1385//416 1327//209 1386//290
f 1327//209 1328//211 1386//290
f 1386//290 1328//211 1387//290
f 1328//211 1329//250 1387//290
f 1387//290 1329//250 1388//290
f 1329//250 1330//290 1388//290
f 1388//290 1330//290 1389//290
f 1330//290 1331//290 1389//290
f 1389//290 1331//290 1390//290
f 1331//290 1332//372 1390//290
f 1390//290 1332//372 1391//356
f 1332//372 1333//346 1391//356
f 1391//356 1333//346 1392//356
f 1333//346 1334//290 1392//356
f 1392//356 1334//290 1393//290
f 1334//290 1335//290 1393//290
f 1393//290 1335//290 1394//290
f 1335//290 1336//290 1394//290
f 1394//290 1336//290 1395//290
f 1336//290 1337//290 1395//290
f 1395//290 1337//290 1396//325
f 1337//290 1338//372 1396//325
f 1396//325 1338//372 1397//334
f 1338//372 1339//355 1397//334
f 1397//334 1339//355 1398//372
f 1339//355 1340//325 1398//372
f 1398//372 1340//325 1399//290
f 1340//325 1341//290 1399//290
f 1399//290 1341//290 1400//355
f 1341//290 1342//355 1400//355
f 1400//355 1342//355 1401//355
f 1342//355 1343//355 1401//355
f 1401//355 1343//355 1402//355
f 1343//355 1344//355 1402//355
f 1402//355 1344//355 1403//355
f 1344//355 1345//355 1403//355
f 1403//355 1345//355 1404//333
f 1345//355 1346//355 1404//333
f 1404//333 1346//355 1405//346
f 1346//355 1347//355 1405//346
f 1405//346 1347//355 1406//290
f 1347//355 1348//333 1406//290
f 1406//290 1348//333 1407//345
f 1348//333 1349//345 1407//345
f 1407//345 1349//345 1408//333
f 1349//345 1350//290 1408//333
f 1408//333 1350//290 1409//355
f 1350//290 1351//334 1409//355
f 1409//355 1351//334 1410//355
f 1351//334 1352//386 1410//355
f 1410//355 1352//386 1411//325
f 1352//386 1353//366 1411//325
f 1411//325 1353//366 1412//417
f 1353//366 1354//348 1413//389
f 1353//366 1413//389 1412//417
f 1354//348 1355//400 1414//418
f 1354//348 1414//418 1413//389
f 1355//400 1356//335 1414//418
f 1414//418 1356//335 1415//418
f 1356//335 1357//396 1416//336
f 1356//335 1416//336 1415//418
f 1357//396 1358//348 1417//348
f 1357//396 1417//348 1416//336
f 1358//348 1359//336 1418//336
f 1358//348 1418//336 1417//348
f 1359//336 1360//402 1419//348
f 1359//336 1419//348 1418//336
f 1360//402 1361//336 1420//348
f 1360//402 1420//348 1419//348
f 1361//336 1362//358 1420//348
f 1420//348 1362//358 1421//336
f 1362//358 1363//336 1422//389
f 1362//358 1422//389 1421//336
f 1363//336 1364//348 1423//389
f 1363//336 1423//389 1422//389
f 1364//348 1365//396 1424//389
f 1364//348 1424//389 1423//389
f 1365//396 1366//359 1425//417
f 1365//396 1425//417 1424//389
f 1366//359 1367//395 1425//417
f 1425//417 1367//395 1426//366
f 1367//395 1368//412 1427//419
f 1367//395 1427//419 1426//366
f 1369//413 1370//414 1428//420
f 1370//414 1371//415 1429//421
f 1370//414 1429//421 1428//420
f 1371//415 1372//332 1429//421
f 1429//421 1372//332 1430//369
f 1372//332 1373//290 1430//369
f 1430//369 1373//290 1431//299
f 1373//290 1374//250 1431//299
f 1431//299 1374//250 1432//229
f 1374//250 1375//209 1432//229
f 1432//229 1375//209 1433//250
f 1375//209 1376//299 1433//250
f 1433//250 1376//299 1434//290
f 1376//299 1377//290 1434//290
f 1434//290 1377//290 1435//251
f 1377//290 1378//290 1435//251
f 1435//251 1378//290 1436//209
f 1378//290 1379//274 1436//209
f 1436//209 1379//274 1437//274
f 1379//274 1380//274 1437//274
f 1437//274 1380//274 1438//290
f 1380//274 1381//290 1438//290
f 1438//290 1381//290 1439//290
f 1381//290 1382//290 1439//290
f 1439//290 1382//290 1440//290
f 1382//290 1383//290 1440//290
f 1440//290 1383//290 1441//274
f 1383//290 1384//274 1441//274
f 1441//274 1384//274 1442//274
f 1384//274 1385//416 1442//274
f 1442//274 1385//416 1443//290
f 1385//416 1386//290 1443//290
f 1443//290 1386//290 1444//290
f 1386//290 1387//290 1444//290
f 1444//290 1387//290 1445//290
f 1387//290 1388//290 1445//290
f 1445//290 1388//290 1446//290
f 1388//290 1389//290 1446//290
f 1446//290 1389//290 1447//290
f 1389//290 1390//290 1447//290
f 1447//290 1390//290 1448//290
f 1390//290 1391//356 1448//290
f 1448//290 1391//356 1449//346
f 1391//356 1392//356 1449//346
f 1449//346 1392//356 1450//372
f 1392//356 1393//290 1450//372
f 1450//372 1393//290 1451//290
f 1393//290 1394//290 1451//290
f 1451//290 1394//290 1452//290
f 1394//290 1395//290 1452//290
f 1452//290 1395//290 1453//372
f 1395//290 1396//325 1453//372
f 1453//372 1396//325 1454//355
f 1396//325 1397//334 1454//355
f 1454//355 1397//334 1455//325
f 1397//334 1398//372 1455//325
f 1455//325 1398//372 1456//422
f 1398//372 1399//290 1456//422
f 1456//422 1399//290 1457//423
f 1399//290 1400//355 1457//423
f 1457//423 1400//355 1458//345
f 1400//355 1401//355 1458//345
f 1458//345 1401//355 1459//333
f 1401//355 1402//355 1459//333
f 1459//333 1402//355 1460//345
f 1402//355 1403//355 1460//345
f 1460//345 1403//355 1461//290
f 1403//355 1404//333 1461//290
f 1461//290 1404//333 1462//356
f 1404//333 1405//346 1462//356
f 1462//356 1405//346 1463//356
f 1405//346 1406//290 1463//356
f 1463//356 1406//290 1464//355
f 1406//290 1407//345 1464//355
f 1464//355 1407//345 1465//334
f 1407//345 1408//333 1465//334
f 1465//334 1408//333 1466//333
f 1408//333 1409//355 1466//333
f 1466//333 1409//355 1467//345
f 1409//355 1410//355 1467//345
f 1467//345 1410//355 1468//355
f 1410//355 1411//325 1468//355
f 1468//355 1411//325 1469//386
f 1411//325 1412//417 1469//386
f 1469//386 1412//417 1470//366
f 1412//417 1413//389 1471//336
f 1412//417 1471//336 1470//366
f 1413//389 1414//418 1472//335
f 1413//389 1472//335 1471//336
f 1414//418 1415//418 1472//335
f 1472//335 1415//418 1473//360
f 1415//418 1416//336 1474//358
f 1415//418 1474//358 1473//360
f 1416//336 1417//348 1474//358
f 1474//358 1417//348 1475//396
f 1417//348 1418//336 1476//348
f 1417//348 1476//348 1475//396
f 1418//336 1419//348 1476//348
f 1476//348 1419//348 1477//396
f 1419//348 1420//348 1478//402
f 1419//348 1478//402 1477//396
f 1420//348 1421//336 1479//424
f 1420//348 1479//424 1478//402
f 1421//336 1422//389 1480//389
f 1421//336 1480//389 1479//424
f 1422//389 1423//389 1481//336
f 1422//389 1481//336 1480//389
f 1423//389 1424//389 1482//348
f 1423//389 1482//348 1481//336
f 1424//389 1425//417 1483//349
f 1424//389 1483//349 1482//348
f 1425//417 1426//366 1483//349
f 1483//349 1426//366 1484//425
f 1426//366 1427//419 1485//426
f 1426//366 1485//426 1484//425
f 1428//420 1429//421 1486//427
f 1486//427 1429//421 1487//428
f 1429//421 1430//369 1487//428
f 1487//428 1430//369 1488//429
f 1430//369 1431//299 1488//429
f 1488//429 1431//299 1489//411
f 1431//299 1432//229 1489//411
f 1489//411 1432//229 1490//290
f 1432//229 1433//250 1490//290
f 1490//290 1433//250 1491//290
f 1433//250 1434//290 1491//290
f 1491//290 1434//290 1492//340
f 1434//290 1435//251 1492//340
f 1492//340 1435//251 1493//299
f 1435//251 1436//209 1493//299
f 1493//299 1436//209 1494//250
f 1436//209 1437//274 1494//250
f 1494//250 1437//274 1495//290
f 1437//274 1438//290 1495//290
f 1495//290 1438//290 1496//290
f 1438//290 1439//290 1496//290
f 1496//290 1439//290 1497//290
f 1439//290 1440//290 1497//290
f 1497//290 1440//290 1498//274
f 1440//290 1441//274 1498//274
f 1498//274 1441//274 1499//274
f 1441//274 1442//274 1499//274
f 1499//274 1442//274 1500//290
f 1442//274 1443//290 1500//290
f 1500//290 1443//290 1501//290
f 1443//290 1444//290 1501//290
f 1501//290 1444//290 1502//290
f 1444//290 1445//290 1502//290
f 1502//290 1445//290 1503//290
f 1445//290 1446//290 1503//290
f 1503//290 1446//290 1504//290
f 1446//290 1447//290 1504//290
f 1504//290 1447//290 1505//290
f 1447//290 1448//290 1505//290
f 1505//290 1448//290 1506//355
f 1448//290 1449//346 1506//355
f 1506//355 1449//346 1507//355
f 1449//346 1450//372 1507//355
f 1507//355 1450//372 1508//290
f 1450//372 1451//290 1508//290
f 1508//290 1451//290 1509//290
f 1451//290 1452//290 1509//290
f 1509//290 1452//290 1510//325
f 1452//290 1453//372 1510//325
f 1510//325 1453//372 1511//334
f 1453//372 1454//355 1511//334
f 1511//334 1454//355 1512//372
f 1454//355 1455//325 1512//372
f 1512//372 1455//325 1513//333
f 1455//325 1456//422 1513//333
f 1513//333 1456//422 1514//347
f 1456//422 1457//423 1515//430
f 1456//422 1515//430 1514//347
f 1457//423 1458//345 1515//430
f 1515//430 1458//345 1516//333
f 1458//345 1459//333 1516//333
f 1516//333 1459//333 1517//345
f 1459//333 1460//345 1517//345
f 1517//345 1460//345 1518//333
f 1460//345 1461//290 1518//333
f 1518//333 1461//290 1519//290
f 1461//290 1462//356 1519//290
f 1519//290 1462//356 1520//346
f 1462//356 1463//356 1520//346
f 1520//346 1463//356 1521//346
f 1463//356 1464//355 1521//346
f 1521//346 1464//355 1522//346
f 1464//355 1465//334 1522//346
f 1522//346 1465//334 1523//290
f 1465//334 1466//333 1523//290
f 1523//290 1466//333 1524//346
f 1466//333 1467//345 1524//346
f 1524//346 1467//345 1525//346
f 1467//345 1468//355 1525//346
f 1525//346 1468//355 1526//346
f 1468//355 1469//386 1526//346
f 1526//346 1469//386 1527//290
f 1469//386 1470//366 1527//290
f 1527//290 1470//366 1528//290
f 1470//366 1471//336 1529//350
f 1470//366 1529//350 1528//290
f 1471//336 1472//335 1529//350
f 1529//350 1472//335 1530//326
f 1472//335 1473//360 1530//326
f 1530//326 1473//360 1531//326
f 1473//360 1474//358 1531//326
f 1531//326 1474//358 1532//366
f 1474//358 1475//396 1533//336
f 1474//358 1533//336 1532//366
f 1475//396 1476//348 1534//348
f 1475//396 1534//348 1533//336
f 1476//348 1477//396 1535//336
f 1476//348 1535//336 1534//348
f 1477//396 1478//402 1536//348
f 1477//396 1536//348 1535//336
f 1478//402 1479//424 1537//402
f 1478//402 1537//402 1536//348
f 1479//424 1480//389 1538//336
f 1479//424 1538//336 1537//402
f 1480//389 1481//336 1539//358
f 1480//389 1539//358 1538//336
f 1481//336 1482//348 1539//358
f 1539//358 1482//348 1540//336
f 1482//348 1483//349 1541//348
f 1482//348 1541//348 1540//336
f 1483//349 1484//425 1541//348
f 1541//348 1484//425 1542//336
f 1484//425 1485//426 1543//431
f 1484//425 1543//431 1542//336
f 1486//427 1487//428 1544//432
f 1544//432 1487//428 1545//428
f 1487//428 1488//429 1545//428
f 1545//428 1488//429 1546//433
f 1488//429 1489//411 1546//433
f 1546//433 1489//411 1547//340
f 1489//411 1490//290 1547//340
f 1547//340 1490//290 1548//290
f 1490//290 1491//290 1548//290
f 1548//290 1491//290 1549//251
f 1491//290 1492//340 1549//251
f 1549//251 1492//340 1550//274
f 1492//340 1493//299 1550//274
f 1550//274 1493//299 1551//340
f 1493//299 1494//250 1551//340
f 1551//340 1494//250 1552//290
f 1494//250 1495//290 1552//290
f 1552//290 1495//290 1553//290
f 1495//290 1496//290 1553//290
f 1553//290 1496//290 1554//290
f 1496//290 1497//290 1554//290
f 1554//290 1497//290 1555//274
f 1497//290 1498//274 1555//274
f 1555//274 1498//274 1556//299
f 1498//274 1499//274 1556//299
f 1556//299 1499//274 1557//290
f 1499//274 1500//290 1557//290
f 1557//290 1500//290 1558//290
f 1500//290 1501//290 1558//290
f 1558//290 1501//290 1559//290
f 1501//290 1502//290 1559//290
f 1559//290 1502//290 1560//290
f 1502//290 1503//290 1560//290
f 1560//290 1503//290 1561//290
f 1503//290 1504//290 1561//290
f 1561//290 1504//290 1562//290
f 1504//290 1505//290 1562//290
f 1562//290 1505//290 1563//434
f 1505//290 1506//355 1563//434
f 1563//434 1506//355 1564//355
f 1506//355 1507//355 1564//355
f 1564//355 1507//355 1565//290
f 1507//355 1508//290 1565//290
f 1565//290 1508//290 1566//290
f 1508//290 1509//290 1566//290
f 1566//290 1509//290 1567//372
f 1509//290 1510//325 1567//372
f 1567//372 1510//325 1568//355
f 1510//325 1511//334 1568//355
f 1568//355 1511//334 1569//325
f 1511//334 1512//372 1569//325
f 1569//325 1512//372 1570//290
f 1512//372 1513//333 1570//290
f 1570//290 1513//333 1571//346
f 1513//333 1514//347 1571//346
f 1571//346 1514//347 1572//423
f 1514//347 1515//430 1573//422
f 1514//347 1573//422 1572//423
f 1515//430 1516//333 1573//422
f 1573//422 1516//333 1574//334
f 1516//333 1517//345 1574//334
f 1574//334 1517//345 1575//355
f 1517//345 1518//333 1575//355
f 1575//355 1518//333 1576//290
f 1518//333 1519//290 1576//290
f 1576//290 1519//290 1577//355
f 1519//290 1520//346 1577//355
f 1577//355 1520//346 1578//355
f 1520//346 1521//346 1578//355
f 1578//355 1521//346 1579//356
f 1521//346 1522//346 1579//356
f 1579//356 1522//346 1580//356
f 1522//346 1523//290 1580//356
f 1580//356 1523//290 1581//355
f 1523//290 1524//346 1581//355
f 1581//355 1524//346 1582//355
f 1524//346 1525//346 1582//355
f 1582//355 1525//346 1583//356
f 1525//346 1526//346 1583//356
f 1583//356 1526//346 1584//356
f 1526//346 1527//290 1584//356
f 1584//356 1527//290 1585//422
f 1527//290 1528//290 1585//422
f 1585//422 1528//290 1586//290
f 1528//290 1529//350 1586//290
f 1586//290 1529//350 1587//325
f 1529//350 1530//326 1587//325
f 1587//325 1530//326 1588//326
f 1530//326 1531//326 1588//326
f 1588//326 1531//326 1589//326
f 1531//326 1532//366 1589//326
f 1589//326 1532//366 1590//400
f 1532//366 1533//336 1591//358
f 1532//366 1591//358 1590//400
f 1533//336 1534//348 1591//358
f 1591//358 1534//348 1592//396
f 1534//348 1535//336 1593//348
f 1534//348 1593//348 1592//396
f 1535//336 1536//348 1593//348
f 1593//348 1536//348 1594//396
f 1536//348 1537//402 1595//402
f 1536//348 1595//402 1594//396
f 1537//402 1538//336 1596//359
f 1537//402 1596//359 1595//402
f 1538//336 1539//358 1596//359
f 1596//359 1539//358 1597//359
f 1539//358 1540//336 1598//389
f 1539//358 1598//389 1597//359
f 1540//336 1541//348 1599//389
f 1540//336 1599//389 1598//389
f 1541//348 1542//336 1600//336
f 1541//348 1600//336 1599//389
f 1542//336 1543//431 1601//435
f 1542//336 1601//435 1600//336
f 1544//432 1545//428 1602//436
f 1602//436 1545//428 1603//437
f 1545//428 1546//433 1603//437
f 1603//437 1546//433 1604//438
f 1546//433 1547//340 1604//438
f 1604//438 1547//340 1605//290
f 1547//340 1548//290 1605//290
f 1605//290 1548//290 1606//274
f 1548//290 1549//251 1606//274
f 1606//274 1549//251 1607//209
f 1549//251 1550//274 1607//209
f 1607//209 1550//274 1608//250
f 1550//274 1551//340 1608//250
f 1608//250 1551//340 1609//290
f 1551//340 1552//290 1609//290
f 1609//290 1552//290 1610//290
f 1552//290 1553//290 1610//290
f 1610//290 1553//290 1611//290
f 1553//290 1554//290 1611//290
f 1611//290 1554//290 1612//274
f 1554//290 1555//274 1612//274
f 1612//274 1555//274 1613//274
f 1555//274 1556//299 1613//274
f 1613//274 1556//299 1614//290
f 1556//299 1557//290 1614//290
f 1614//290 1557//290 1615//290
f 1557//290 1558//290 1615//290
f 1615//290 1558//290 1616//290
f 1558//290 1559//290 1616//290
f 1616//290 1559//290 1617//290
f 1559//290 1560//290 1617//290
f 1617//290 1560//290 1618//290
f 1560//290 1561//290 1618//290
f 1618//290 1561//290 1619//290
f 1561//290 1562//290 1619//290
f 1619//290 1562//290 1620//333
f 1562//290 1563//434 1620//333
f 1620//333 1563//434 1621//346
f 1563//434 1564//355 1621//346
f 1621//346 1564//355 1622//290
f 1564//355 1565//290 1622//290
f 1622//290 1565//290 1623//290
f 1565//290 1566//290 1623//290
f 1623//290 1566//290 1624//290
f 1566//290 1567//372 1624//290
f 1624//290 1567//372 1625//356
f 1567//372 1568//355 1625//356
f 1625//356 1568//355 1626//356
f 1568//355 1569//325 1626//356
f 1626//356 1569//325 1627//290
f 1569//325 1570//290 1627//290
f 1627//290 1570//290 1628//333
f 1570//290 1571//346 1628//333
f 1628//333 1571//346 1629//345
f 1571//346 1572//423 1629//345
f 1629//345 1572//423 1630//290
f 1572//423 1573//422 1630//290
f 1630//290 1573//422 1631//372
f 1573//422 1574//334 1631//372
f 1631//372 1574//334 1632//345
f 1574//334 1575//355 1632//345
f 1632//345 1575//355 1633//290
f 1575//355 1576//290 1633//290
f 1633//290 1576//290 1634//355
f 1576//290 1577//355 1634//355
f 1634//355 1577//355 1635//355
f 1577//355 1578//355 1635//355
f 1635//355 1578//355 1636//290
f 1578//355 1579//356 1636//290
f 1636//290 1579//356 1637//345
f 1579//356 1580//356 1637//345
f 1637//345 1580//356 1638//365
f 1580//356 1581//355 1638//365
f 1638//365 1581//355 1639//355
f 1581//355 1582//355 1639//355
f 1639//355 1582//355 1640//290
f 1582//355 1583//356 1640//290
f 1640//290 1583//356 1641//439
f 1583//356 1584//356 1641//439
f 1641//439 1584//356 1642//346
f 1584//356 1585//422 1642//346
f 1642//346 1585//422 1643//347
f 1585//422 1586//290 1644//418
f 1585//422 1644//418 1643//347
f 1586//290 1587//325 1644//418
f 1644//418 1587//325 1645//394
f 1587//325 1588//326 1645//394
f 1645//394 1588//326 1646//326
f 1588//326 1589//326 1646//326
f 1646//326 1589//326 1647//326
f 1589//326 1590//400 1647//326
f 1647//326 1590//400 1648//326
f 1590//400 1591//358 1648//326
f 1648//326 1591//358 1649//366
f 1591//358 1592//396 1650//389
f 1591//358 1650//389 1649//366
f 1592//396 1593//348 1651//389
f 1592//396 1651//389 1650//389
f 1593//348 1594//396 1652//336
f 1593//348 1652//336 1651//389
f 1594//396 1595//402 1653//348
f 1594//396 1653//348 1652//336
f 1595//402 1596//359 1654//348
f 1595//402 1654//348 1653//348
f 1596//359 1597//359 1654//348
f 1654//348 1597//359 1655//336
f 1597//359 1598//389 1656//402
f 1597//359 1656//402 1655//336
f 1598//389 1599//389 1657//336
f 1598//389 1657//336 1656//402
f 1599//389 1600//336 1658//401
f 1599//389 1658//401 1657//336
f 1600//336 1601//435 1658//401
f 1658//401 1601//435 1659//440
f 1602//436 1603//437 1660//441
f 1660//441 1603//437 1661//442
f 1603//437 1604//438 1661//442
f 1661//442 1604//438 1662//443
f 1604//438 1605//290 1662//443
f 1662//443 1605//290 1663//299
f 1605//290 1606//274 1663//299
f 1663//299 1606//274 1664//274
f 1606//274 1607//209 1664//274
f 1664//274 1607//209 1665//290
f 1607//209 1608//250 1665//290
f 1665//290 1608//250 1666//290
f 1608//250 1609//290 1666//290
f 1666//290 1609//290 1667//290
f 1609//290 1610//290 1667//290
f 1667//290 1610//290 1668//290
f 1610//290 1611//290 1668//290
f 1668//290 1611//290 1669//274
f 1611//290 1612//274 1669//274
f 1669//274 1612//274 1670//274
f 1612//274 1613//274 1670//274
f 1670//274 1613//274 1671//290
f 1613//274 1614//290 1671//290
f 1671//290 1614//290 1672//290
f 1614//290 1615//290 1672//290
f 1672//290 1615//290 1673//290
f 1615//290 1616//290 1673//290
f 1673//290 1616//290 1674//290
f 1616//290 1617//290 1674//290
f 1674//290 1617//290 1675//290
f 1617//290 1618//290 1675//290
f 1675//290 1618//290 1676//290
f 1618//290 1619//290 1676//290
f 1676//290 1619//290 1677//290
f 1619//290 1620//333 1677//290
f 1677//290 1620//333 1678//356
f 1620//333 1621//346 1678//356
f 1678//356 1621//346 1679//356
f 1621//346 1622//290 1679//356
f 1679//356 1622//290 1680//290
f 1622//290 1623//290 1680//290
f 1680//290 1623//290 1681//290
f 1623//290 1624//290 1681//290
f 1681//290 1624//290 1682//290
f 1624//290 1625//356 1682//290
f 1682//290 1625//356 1683//345
f 1625//356 1626//356 1683//345
f 1683//345 1626//356 1684//372
f 1626//356 1627//290 1684//372
f 1684//372 1627//290 1685//325
f 1627//290 1628//333 1685//325
f 1685//325 1628//333 1686//334
f 1628//333 1629//345 1686//334
f 1686//334 1629//345 1687//333
f 1629//345 1630//290 1687//333
f 1687//333 1630//290 1688//325
f 1630//290 1631//372 1688//325
f 1688//325 1631//372 1689//334
f 1631//372 1632//345 1689//334
f 1689//334 1632//345 1690//372
f 1632//345 1633//290 1690//372
f 1690//372 1633//290 1691//333
f 1633//290 1634//355 1691//333
f 1691//333 1634//355 1692//345
f 1634//355 1635//355 1692//345
f 1692//345 1635//355 1693//290
f 1635//355 1636//290 1693//290
f 1693//290 1636//290 1694//355
f 1636//290 1637//345 1694//355
f 1694//355 1637//345 1695//365
f 1637//345 1638//365 1695//365
f 1695//365 1638//365 1696//345
f 1638//365 1639//355 1696//345
f 1696//345 1639//355 1697//290
f 1639//355 1640//290 1697//290
f 1697//290 1640//290 1698//355
f 1640//290 1641//439 1698//355
f 1698//355 1641//439 1699//355
f 1641//439 1642//346 1699//355
f 1699//355 1642//346 1700//346
f 1642//346 1643//347 1700//346
f 1700//346 1643//347 1701//423
f 1643//347 1644//418 1702//422
f 1643//347 1702//422 1701//423
f 1644//418 1645//394 1702//422
f 1702//422 1645//394 1703//290
f 1645//394 1646//326 1703//290
f 1703//290 1646//326 1704//325
f 1646//326 1647//326 1704//325
f 1704//325 1647//326 1705//326
f 1647//326 1648//326 1705//326
f 1705//326 1648//326 1706//326
f 1648//326 1649//366 1706//326
f 1706//326 1649//366 1707//444
f 1649//366 1650//389 1708//389
f 1649//366 1708//389 1707//444
f 1650//389 1651//389 1709//336
f 1650//389 1709//336 1708//389
f 1651//389 1652//336 1710//358
f 1651//389 1710//358 1709//336
f 1652//336 1653//348 1710//358
f 1710//358 1653//348 1711//396
f 1653//348 1654//348 1712//402
f 1653//348 1712//402 1711//396
f 1654//348 1655//336 1713//424
f 1654//348 1713//424 1712//402
f 1655//336 1656//402 1714//389
f 1655//336 1714//389 1713//424
f 1656//402 1657//336 1715//359
f 1656//402 1715//359 1714//389
f 1657//336 1658//401 1715//359
f 1715//359 1658//401 1716//395
f 1658//401 1659//440 1716//395
f 1716//395 1659//440 1717//445
f 1660//441 1661//442 1718//446
f 1661//442 1662//443 1719//447
f 1661//442 1719//447 1718//446
f 1662//443 1663//299 1719//447
f 1719//447 1663//299 1720//332
f 1663//299 1664//274 1720//332
f 1720//332 1664//274 1721//290
f 1664//274 1665//290 1721//290
f 1721//290 1665//290 1722//290
f 1665//290 1666//290 1722//290
f 1722//290 1666//290 1723//290
f 1666//290 1667//290 1723//290
f 1723//290 1667//290 1724//290
f 1667//290 1668//290 1724//290
f 1724//290 1668//290 1725//274
f 1668//290 1669//274 1725//274
f 1725//274 1669//274 1726//299
f 1669//274 1670//274 1726//299
f 1726//299 1670//274 1727//290
f 1670//274 1671//290 1727//290
f 1727//290 1671//290 1728//290
f 1671//290 1672//290 1728//290
f 1728//290 1672//290 1729//290
f 1672//290 1673//290 1729//290
f 1729//290 1673//290 1730//290
f 1673//290 1674//290 1730//290
f 1730//290 1674//290 1731//290
f 1674//290 1675//290 1731//290
f 1731//290 1675//290 1732//290
f 1675//290 1676//290 1732//290
f 1732//290 1676//290 1733//290
f 1676//290 1677//290 1733//290
f 1733//290 1677//290 1734//290
f 1677//290 1678//356 1734//290
f 1734//290 1678//356 1735//439
f 1678//356 1679//356 1735//439
f 1735//439 1679//356 1736//372
f 1679//356 1680//290 1736//372
f 1736//372 1680//290 1737//290
f 1680//290 1681//290 1737//290
f 1737//290 1681//290 1738//290
f 1681//290 1682//290 1738//290
f 1738//290 1682//290 1739//333
f 1682//290 1683//345 1739//333
f 1739//333 1683//345 1740//346
f 1683//345 1684//372 1740//346
f 1740//346 1684//372 1741//333
f 1684//372 1685//325 1741//333
f 1741//333 1685//325 1742//334
f 1685//325 1686//334 1742//334
f 1742//334 1686//334 1743//399
f 1686//334 1687//333 1743//399
f 1743//399 1687//333 1744//333
f 1687//333 1688//325 1744//333
f 1744//333 1688//325 1745//355
f 1688//325 1689//334 1745//355
f 1745//355 1689//334 1746//399
f 1689//334 1690//372 1746//399
f 1746//399 1690//372 1747//325
f 1690//372 1691//333 1747//325
f 1747//325 1691//333 1748//334
f 1691//333 1692//345 1748//334
f 1748//334 1692//345 1749//333
f 1692//345 1693//290 1749//333
f 1749//333 1693//290 1750//355
f 1693//290 1694//355 1750//355
f 1750//355 1694//355 1751//334
f 1694//355 1695//365 1751//334
f 1751//334 1695//365 1752//356
f 1695//365 1696//345 1752//356
f 1752//356 1696//345 1753//356
f 1696//345 1697//290 1753//356
f 1753//356 1697//290 1754//355
f 1697//290 1698//355 1754//355
f 1754//355 1698//355 1755//355
f 1698//355 1699//355 1755//355
f 1755//355 1699//355 1756//333
f 1699//355 1700//346 1756//333
f 1756//333 1700//346 1757//346
f 1700//346 1701//423 1757//346
f 1757//346 1701//423 1758//290
f 1701//423 1702//422 1758//290
f 1758//290 1702//422 1759//290
f 1702//422 1703//290 1759//290
f 1759//290 1703//290 1760//355
f 1703//290 1704//325 1760//355
f 1760//355 1704//325 1761//394
f 1704//325 1705//326 1761//394
f 1761//394 1705//326 1762//326
f 1705//326 1706//326 1762//326
f 1762//326 1706//326 1763//326
f 1706//326 1707//444 1763//326
f 1763//326 1707//444 1764//366
f 1707//444 1708//389 1765//336
f 1707//444 1765//336 1764//366
f 1708//389 1709//336 1766//367
f 1708//389 1766//367 1765//336
f 1709//336 1710//358 1766//367
f 1766//367 1710//358 1767//359
f 1710//358 1711//396 1768//336
f 1710//358 1768//336 1767//359
f 1711//396 1712//402 1769//348
f 1711//396 1769//348 1768//336
f 1712//402 1713//424 1770//402
f 1712//402 1770//402 1769//348
f 1713//424 1714//389 1771//336
f 1713//424 1771//336 1770//402
f 1714//389 1715//359 1772//367
f 1714//389 1772//367 1771//336
f 1715//359 1716//395 1772//367
f 1772//367 1716//395 1773//359
f 1716//395 1717//445 1774//419
f 1716//395 1774//419 1773//359
f 1718//446 1719//447 1775//448
f 1775//448 1719//447 1776//449
f 1719//447 1720//332 1776//449
f 1776//449 1720//332 1777//443
f 1720//332 1721//290 1777//443
f 1777//443 1721//290 1778//290
f 1721//290 1722//290 1778//290
f 1778//290 1722//290 1779//290
f 1722//290 1723//290 1779//290
f 1779//290 1723//290 1780//290
f 1723//290 1724//290 1780//290
f 1780//290 1724//290 1781//361
f 1724//290 1725//274 1781//361
f 1781//361 1725//274 1782//332
f 1725//274 1726//299 1782//332
f 1782//332 1726//299 1783//290
f 1726//299 1727//290 1783//290
f 1783//290 1727//290 1784//290
f 1727//290 1728//290 1784//290
f 1784//290 1728//290 1785//290
f 1728//290 1729//290 1785//290
f 1785//290 1729//290 1786//290
f 1729//290 1730//290 1786//290
f 1786//290 1730//290 1787//290
f 1730//290 1731//290 1787//290
f 1787//290 1731//290 1788//290
f 1731//290 1732//290 1788//290
f 1788//290 1732//290 1789//290
f 1732//290 1733//290 1789//290
f 1789//290 1733//290 1790//290
f 1733//290 1734//290 1790//290
f 1790//290 1734//290 1791//333
f 1734//290 1735//439 1791//333
f 1791//333 1735//439 1792//346
f 1735//439 1736//372 1792//346
f 1792//346 1736//372 1793//290
f 1736//372 1737//290 1793//290
f 1793//290 1737//290 1794//290
f 1737//290 1738//290 1794//290
f 1794//290 1738//290 1795//290
f 1738//290 1739//333 1795//290
f 1795//290 1739//333 1796//356
f 1739//333 1740//346 1796//356
f 1796//356 1740//346 1797//356
f 1740//346 1741//333 1797//356
f 1797//356 1741//333 1798//356
f 1741//333 1742//334 1798//356
f 1798//356 1742//334 1799//356
f 1742//334 1743//399 1799//356
f 1799//356 1743//399 1800//290
f 1743//399 1744//333 1800//290
f 1800//290 1744//333 1801//346
f 1744//333 1745//355 1801//346
f 1801//346 1745//355 1802//372
f 1745//355 1746//399 1802//372
f 1802//372 1746//399 1803//333
f 1746//399 1747//325 1803//333
f 1803//333 1747//325 1804//355
f 1747//325 1748//334 1804//355
f 1804//355 1748//334 1805//325
f 1748//334 1749//333 1805//325
f 1805//325 1749//333 1806//355
f 1749//333 1750//355 1806//355
f 1806//355 1750//355 1807//355
f 1750//355 1751//334 1807//355
f 1807//355 1751//334 1808//325
f 1751//334 1752//356 1808//325
f 1808//325 1752//356 1809//334
f 1752//356 1753//356 1809//334
f 1809//334 1753//356 1810//365
f 1753//356 1754//355 1810//365
f 1810//365 1754//355 1811//355
f 1754//355 1755//355 1811//355
f 1811//355 1755//355 1812//325
f 1755//355 1756//333 1812//325
f 1812//325 1756//333 1813//334
f 1756//333 1757//346 1813//334
f 1813//334 1757//346 1814//333
f 1757//346 1758//290 1814//333
f 1814//333 1758//290 1815//325
f 1758//290 1759//290 1815//325
f 1815//325 1759//290 1816//394
f 1759//290 1760//355 1816//394
f 1816//394 1760//355 1817//355
f 1760//355 1761//394 1817//355
f 1817//355 1761//394 1818//290
f 1761//394 1762//326 1818//290
f 1818//290 1762//326 1819//290
f 1762//326 1763//326 1819//290
f 1819//290 1763//326 1820//290
f 1763//326 1764//366 1820//290
f 1820//290 1764//366 1821//290
f 1764//366 1765//336 1822//350
f 1764//366 1822//350 1821//290
f 1765//336 1766//367 1822//350
f 1822//350 1766//367 1823//326
f 1766//367 1767//359 1823//326
f 1823//326 1767//359 1824//366
f 1767//359 1768//336 1825//348
f 1767//359 1825//348 1824//366
f 1768//336 1769//348 1825//348
f 1825//348 1769//348 1826//389
f 1769//348 1770//402 1827//378
f 1769//348 1827//378 1826//389
f 1770//402 1771//336 1828//359
f 1770//402 1828//359 1827//378
f 1771//336 1772//367 1828//359
f 1828//359 1772//367 1829//395
f 1772//367 1773//359 1829//395
f 1829//395 1773//359 1830//389
f 1773//359 1774//419 1831//450
f 1773//359 1831//450 1830//389
f 1775//448 1776//449 1832//451
f 1776//449 1777//443 1833//452
f 1776//449 1833//452 1832//451
f 1777//443 1778//290 1833//452
f 1833//452 1778//290 1834//290
f 1778//290 1779//290 1834//290
f 1834//290 1779//290 1835//290
f 1779//290 1780//290 1835//290
f 1835//290 1780//290 1836//250
f 1780//290 1781//361 1836//250
f 1836//250 1781//361 1837//274
f 1781//361 1782//332 1837//274
f 1837//274 1782//332 1838//340
f 1782//332 1783//290 1838//340
f 1838//340 1783//290 1839//290
f 1783//290 1784//290 1839//290
f 1839//290 1784//290 1840//290
f 1784//290 1785//290 1840//290
f 1840//290 1785//290 1841//290
f 1785//290 1786//290 1841//290
f 1841//290 1786//290 1842//290
f 1786//290 1787//290 1842//290
f 1842//290 1787//290 1843//290
f 1787//290 1788//290 1843//290
f 1843//290 1788//290 1844//290
f 1788//290 1789//290 1844//290
f 1844//290 1789//290 1845//290
f 1789//290 1790//290 1845//290
f 1845//290 1790//290 1846//290
f 1790//290 1791//333 1846//290
f 1846//290 1791//333 1847//356
f 1791//333 1792//346 1847//356
f 1847//356 1792//346 1848//356
f 1792//346 1793//290 1848//356
f 1848//356 1793//290 1849//290
f 1793//290 1794//290 1849//290
f 1849//290 1794//290 1850//290
f 1794//290 1795//290 1850//290
f 1850//290 1795//290 1851//290
f 1795//290 1796//356 1851//290
f 1851//290 1796//356 1852//356
f 1796//356 1797//356 1852//356
f 1852//356 1797//356 1853//356
f 1797//356 1798//356 1853//356
f 1853//356 1798//356 1854//356
f 1798//356 1799//356 1854//356
f 1854//356 1799//356 1855//356
f 1799//356 1800//290 1855//356
f 1855//356 1800//290 1856//333
f 1800//290 1801//346 1856//333
f 1856//333 1801//346 1857//346
f 1801//346 1802//372 1857//346
f 1857//346 1802//372 1858//290
f 1802//372 1803//333 1858//290
f 1858//290 1803//333 1859//346
f 1803//333 1804//355 1859//346
f 1859//346 1804//355 1860//372
f 1804//355 1805//325 1860//372
f 1860//372 1805//325 1861//333
f 1805//325 1806//355 1861//333
f 1861//333 1806//355 1862//346
f 1806//355 1807//355 1862//346
f 1862//346 1807//355 1863//333
f 1807//355 1808//325 1863//333
f 1863//333 1808//325 1864//355
f 1808//325 1809//334 1864//355
f 1864//355 1809//334 1865//355
f 1809//334 1810//365 1865//355
f 1865//355 1810//365 1866//346
f 1810//365 1811//355 1866//346
f 1866//346 1811//355 1867//333
f 1811//355 1812//325 1867//333
f 1867//333 1812//325 1868//355
f 1812//325 1813//334 1868//355
f 1868//355 1813//334 1869//399
f 1813//334 1814//333 1869//399
f 1869//399 1814//333 1870//333
f 1814//333 1815//325 1870//333
f 1870//333 1815//325 1871//355
f 1815//325 1816//394 1871//355
f 1871//355 1816//394 1872//399
f 1816//394 1817//355 1872//399
f 1872//399 1817//355 1873//290
f 1817//355 1818//290 1873//290
f 1873//290 1818//290 1874//290
f 1818//290 1819//290 1874//290
f 1874//290 1819//290 1875//453
f 1819//290 1820//290 1875//453
f 1875//453 1820//290 1876//454
f 1820//290 1821//290 1876//454
f 1876//454 1821//290 1877//454
f 1821//290 1822//350 1877//454
f 1877//454 1822//350 1878//454
f 1822//350 1823//326 1878//454
f 1878//454 1823//326 1879//455
f 1823//326 1824//366 1879//455
f 1879//455 1824//366 1880//290
f 1824//366 1825//348 1881//337
f 1824//366 1881//337 1880//290
f 1825//348 1826//389 1882//378
f 1825//348 1882//378 1881//337
f 1826//389 1827//378 1882//378
f 1882//378 1827//378 1883//387
f 1827//378 1828//359 1884//358
f 1827//378 1884//358 1883//387
f 1828//359 1829//395 1884//358
f 1884//358 1829//395 1885//336
f 1829//395 1830//389 1886//378
f 1829//395 1886//378 1885//336
f 1830//389 1831//450 1886//378
f 1886//378 1831//450 1887//456
f 1832//451 1833//452 1888//457
f 1888//457 1833//452 1889//458
f 1833//452 1834//290 1889//458
f 1889//458 1834//290 1890//290
f 1834//290 1835//290 1890//290
f 1890//290 1835//290 1891//274
f 1835//290 1836//250 1891//274
f 1891//274 1836//250 1892//209
f 1836//250 1837//274 1892//209
f 1892//209 1837//274 1893//250
f 1837//274 1838//340 1893//250
f 1893//250 1838//340 1894//290
f 1838//340 1839//290 1894//290
f 1894//290 1839//290 1895//290
f 1839//290 1840//290 1895//290
f 1895//290 1840//290 1896//290
f 1840//290 1841//290 1896//290
f 1896//290 1841//290 1897//290
f 1841//290 1842//290 1897//290
f 1897//290 1842//290 1898//290
f 1842//290 1843//290 1898//290
f 1898//290 1843//290 1899//290
f 1843//290 1844//290 1899//290
f 1899//290 1844//290 1900//290
f 1844//290 1845//290 1900//290
f 1900//290 1845//290 1901//290
f 1845//290 1846//290 1901//290
f 1901//290 1846//290 1902//290
f 1846//290 1847//356 1902//290
f 1902//290 1847//356 1903//356
f 1847//356 1848//356 1903//356
f 1903//356 1848//356 1904//356
f 1848//356 1849//290 1904//356
f 1904//356 1849//290 1905//290
f 1849//290 1850//290 1905//290
f 1905//290 1850//290 1906//290
f 1850//290 1851//290 1906//290
f 1906//290 1851//290 1907//290
f 1851//290 1852//356 1907//290
f 1907//290 1852//356 1908//346
f 1852//356 1853//356 1908//346
f 1908//346 1853//356 1909//333
f 1853//356 1854//356 1909//333
f 1909//333 1854//356 1910//356
f 1854//356 1855//356 1910//356
f 1910//356 1855//356 1911//356
f 1855//356 1856//333 1911//356
f 1911//356 1856//333 1912//346
f 1856//333 1857//346 1912//346
f 1912//346 1857//346 1913//333
f 1857//346 1858//290 1913//333
f 1913//333 1858//290 1914//333
f 1858//290 1859//346 1914//333
f 1914//333 1859//346 1915//345
f 1859//346 1860//372 1915//345
f 1915//345 1860//372 1916//290
f 1860//372 1861//333 1916//290
f 1916//290 1861//333 1917//356
f 1861//333 1862//346 1917//356
f 1917//356 1862//346 1918//356
f 1862//346 1863//333 1918//356
f 1918//356 1863//333 1919//356
f 1863//333 1864//355 1919//356
f 1919//356 1864//355 1920//356
f 1864//355 1865//355 1920//356
f 1920//356 1865//355 1921//356
f 1865//355 1866//346 1921//356
f 1921//356 1866//346 1922//356
f 1866//346 1867//333 1922//356
f 1922//356 1867//333 1923//345
f 1867//333 1868//355 1923//345
f 1923//345 1868//355 1924//333
f 1868//355 1869//399 1924//333
f 1924//333 1869//399 1925//290
f 1869//399 1870//333 1925//290
f 1925//290 1870//333 1926//346
f 1870//333 1871//355 1926//346
f 1926//346 1871//355 1927//372
f 1871//355 1872//399 1927//372
f 1927//372 1872//399 1928//290
f 1872//399 1873//290 1928//290
f 1928//290 1873//290 1929//290
f 1873//290 1874//290 1929//290
f 1929//290 1874//290 1930//459
f 1874//290 1875//453 1930//459
f 1930//459 1875//453 1931//460
f 1875//453 1876//454 1931//460
f 1931//460 1876//454 1932//454
f 1876//454 1877//454 1932//454
f 1932//454 1877//454 1933//454
f 1877//454 1878//454 1933//454
f 1933//454 1878//454 1934//454
f 1878//454 1879//455 1934//454
f 1934//454 1879//455 1935//461
f 1879//455 1880//290 1936//461
f 1879//455 1936//461 1935//461
f 1880//290 1881//337 1936//461
f 1936//461 1881//337 1937//462
f 1881//337 1882//378 1938//389
f 1881//337 1938//389 1937//462
f 1882//378 1883//387 1939//348
f 1882//378 1939//348 1938//389
f 1883//387 1884//358 1939//348
f 1939//348 1884//358 1940//336
f 1884//358 1885//336 1941//336
f 1884//358 1941//336 1940//336
f 1885//336 1886//378 1942//348
f 1885//336 1942//348 1941//336
f 1886//378 1887//456 1943//463
f 1886//378 1943//463 1942//348
f 1888//457 1889//458 1944//464
f 1944//464 1889//458 1945//458
f 1889//458 1890//290 1945//458
f 1945//458 1890//290 1946//274
f 1890//290 1891//274 1946//274
f 1946//274 1891//274 1947//274
f 1891//274 1892//209 1947//274
f 1947//274 1892//209 1948//290
f 1892//209 1893//250 1948//290
f 1948//290 1893//250 1949//290
f 1893//250 1894//290 1949//290
f 1949//290 1894//290 1950//290
f 1894//290 1895//290 1950//290
f 1950//290 1895//290 1951//290
f 1895//290 1896//290 1951//290
f 1951//290 1896//290 1952//290
f 1896//290 1897//290 1952//290
f 1952//290 1897//290 1953//290
f 1897//290 1898//290 1953//290
f 1953//290 1898//290 1954//290
f 1898//290 1899//290 1954//290
f 1954//290 1899//290 1955//290
f 1899//290 1900//290 1955//290
f 1955//290 1900//290 1956//290
f 1900//290 1901//290 1956//290
f 1956//290 1901//290 1957//290
f 1901//290 1902//290 1957//290
f 1957//290 1902//290 1958//290
f 1902//290 1903//356 1958//290
f 1958//290 1903//356 1959//346
f 1903//356 1904//356 1959//346
f 1959//346 1904//356 1960//372
f 1904//356 1905//290 1960//372
f 1960//372 1905//290 1961//290
f 1905//290 1906//290 1961//290
f 1961//290 1906//290 1962//290
f 1906//290 1907//290 1962//290
f 1962//290 1907//290 1963//334
f 1907//290 1908//346 1963//334
f 1963//334 1908//346 1964//355
f 1908//346 1909//333 1964//355
f 1964//355 1909//333 1965//290
f 1909//333 1910//356 1965//290
f 1965//290 1910//356 1966//345
f 1910//356 1911//356 1966//345
f 1966//345 1911//356 1967//346
f 1911//356 1912//346 1967//346
f 1967//346 1912//346 1968//345
f 1912//346 1913//333 1968//345
f 1968//345 1913//333 1969//290
f 1913//333 1914//333 1969//290
f 1969//290 1914//333 1970//345
f 1914//333 1915//345 1970//345
f 1970//345 1915//345 1971//333
f 1915//345 1916//290 1971//333
f 1971//333 1916//290 1972//290
f 1916//290 1917//356 1972//290
f 1972//290 1917//356 1973//346
f 1917//356 1918//356 1973//346
f 1973//346 1918//356 1974//333
f 1918//356 1919//356 1974//333
f 1974//333 1919//356 1975//356
f 1919//356 1920//356 1975//356
f 1975//356 1920//356 1976//356
f 1920//356 1921//356 1976//356
f 1976//356 1921//356 1977//439
f 1921//356 1922//356 1977//439
f 1977//439 1922//356 1978//346
f 1922//356 1923//345 1978//346
f 1978//346 1923//345 1979//345
f 1923//345 1924//333 1979//345
f 1979//345 1924//333 1980//290
f 1924//333 1925//290 1980//290
f 1980//290 1925//290 1981//333
f 1925//290 1926//346 1981//333
f 1981//333 1926//346 1982//346
f 1926//346 1927//372 1982//346
f 1982//346 1927//372 1983//290
f 1927//372 1928//290 1983//290
f 1983//290 1928//290 1984//290
f 1928//290 1929//290 1984//290
f 1984//290 1929//290 1985//459
f 1929//290 1930//459 1985//459
f 1985//459 1930//459 1986//459
f 1930//459 1931//460 1986//459
f 1986//459 1931//460 1987//290
f 1931//460 1932//454 1987//290
f 1987//290 1932//454 1988//290
f 1932//454 1933//454 1988//290
f 1988//290 1933//454 1989//290
f 1933//454 1934//454 1989//290
f 1989//290 1934//454 1990//290
f 1934//454 1935//461 1990//290
f 1990//290 1935//461 1991//465
f 1935//461 1936//461 1992//466
f 1935//461 1992//466 1991//465
f 1936//461 1937//462 1992//466
f 1992//466 1937//462 1993//467
f 1937//462 1938//389 1994//468
f 1937//462 1994//468 1993//467
f 1938//389 1939//348 1995//469
f 1938//389 1995//469 1994//468
f 1939//348 1940//336 1996//336
f 1939//348 1996//336 1995//469
f 1940//336 1941//336 1997//367
f 1940//336 1997//367 1996//336
f 1941//336 1942//348 1997//367
f 1997//367 1942//348 1998//359
f 1942//348 1943//463 1999//470
f 1942//348 1999//470 1998//359
f 1944//464 1945//458 2000//471
f 2000//471 1945//458 2001//472
f 1945//458 1946//274 2001//472
f 2001//472 1946//274 2002//332
f 1946//274 1947//274 2002//332
f 2002//332 1947//274 2003//290
f 1947//274 1948//290 2003//290
f 2003//290 1948//290 2004//290
f 1948//290 1949//290 2004//290
f 2004//290 1949//290 2005//290
f 1949//290 1950//290 2005//290
f 2005//290 1950//290 2006//290
f 1950//290 1951//290 2006//290
f 2006//290 1951//290 2007//290
f 1951//290 1952//290 2007//290
f 2007//290 1952//290 2008//290
f 1952//290 1953//290 2008//290
f 2008//290 1953//290 2009//290
f 1953//290 1954//290 2009//290
f 2009//290 1954//290 2010//290
f 1954//290 1955//290 2010//290
f 2010//290 1955//290 2011//290
f 1955//290 1956//290 2011//290
f 2011//290 1956//290 2012//290
f 1956//290 1957//290 2012//290
f 2012//290 1957//290 2013//290
f 1957//290 1958//290 2013//290
f 2013//290 1958//290 2014//333
f 1958//290 1959//346 2014//333
f 2014//333 1959//346 2015//345
f 1959//346 1960//372 2015//345
f 2015//345 1960//372 2016//290
f 1960//372 1961//290 2016//290
f 2016//290 1961//290 2017//290
f 1961//290 1962//290 2017//290
f 2017//290 1962//290 2018//333
f 1962//290 1963//334 2018//333
f 2018//333 1963//334 2019//345
f 1963//334 1964//355 2019//345
f 2019//345 1964//355 2020//290
f 1964//355 1965//290 2020//290
f 2020//290 1965//290 2021//333
f 1965//290 1966//345 2021//333
f 2021//333 1966//345 2022//346
f 1966//345 1967//346 2022//346
f 2022//346 1967//346 2023//356
f 1967//346 1968//345 2023//356
f 2023//356 1968//345 2024//356
f 1968//345 1969//290 2024//356
f 2024//356 1969//290 2025//333
f 1969//290 1970//345 2025//333
f 2025//333 1970//345 2026//346
f 1970//345 1971//333 2026//346
f 2026//346 1971//333 2027//290
f 1971//333 1972//290 2027//290
f 2027//290 1972//290 2028//333
f 1972//290 1973//346 2028//333
f 2028//333 1973//346 2029//346
f 1973//346 1974//333 2029//346
f 2029//346 1974//333 2030//290
f 1974//333 1975//356 2030//290
f 2030//290 1975//356 2031//346
f 1975//356 1976//356 2031//346
f 2031//346 1976//356 2032//346
f 1976//356 1977//439 2032//346
f 2032//346 1977//439 2033//346
f 1977//439 1978//346 2033//346
f 2033//346 1978//346 2034//346
f 1978//346 1979//345 2034//346
f 2034//346 1979//345 2035//372
f 1979//345 1980//290 2035//372
f 2035//372 1980//290 2036//325
f 1980//290 1981//333 2036//325
f 2036//325 1981//333 2037//334
f 1981//333 1982//346 2037//334
f 2037//334 1982//346 2038//333
f 1982//346 1983//290 2038//333
f 2038//333 1983//290 2039//290
f 1983//290 1984//290 2039//290
f 2039//290 1984//290 2040//459
f 1984//290 1985//459 2040//459
f 2040//459 1985//459 2041//459
f 1985//459 1986//459 2041//459
f 2041//459 1986//459 2042//290
f 1986//459 1987//290 2042//290
f 2042//290 1987//290 2043//290
f 1987//290 1988//290 2043//290
f 2043//290 1988//290 2044//473
f 1988//290 1989//290 2044//473
f 2044//473 1989//290 2045//474
f 1989//290 1990//290 2045//474
f 2045//474 1990//290 2046//475
f 1990//290 1991//465 2046//475
f 2046//475 1991//465 2047//475
f 1991//465 1992//466 2047//475
f 2047//475 1992//466 2048//476
f 1992//466 1993//467 2049//477
f 1992//466 2049//477 2048//476
f 1993//467 1994//468 2050//478
f 1993//467 2050//478 2049//477
f 1994//468 1995//469 2050//478
f 2050//478 1995//469 2051//479
f 1995//469 1996//336 2052//480
f 1995//469 2052//480 2051//479
f 1996//336 1997//367 2052//480
f 2052//480 1997//367 2053//481
f 1997//367 1998//359 2053//481
f 2053//481 1998//359 2054//482
f 1998//359 1999//470 2055//470
f 1998//359 2055//470 2054//482
f 2000//471 2001//472 2056//483
f 2056//483 2001//472 2057//484
f 2001//472 2002//332 2057//484
f 2057//484 2002//332 2058//369
f 2002//332 2003//290 2058//369
f 2058//369 2003//290 2059//290
f 2003//290 2004//290 2059//290
f 2059//290 2004//290 2060//290
f 2004//290 2005//290 2060//290
f 2060//290 2005//290 2061//290
f 2005//290 2006//290 2061//290
f 2061//290 2006//290 2062//290
f 2006//290 2007//290 2062//290
f 2062//290 2007//290 2063//290
f 2007//290 2008//290 2063//290
f 2063//290 2008//290 2064//290
f 2008//290 2009//290 2064//290
f 2064//290 2009//290 2065//290
f 2009//290 2010//290 2065//290
f 2065//290 2010//290 2066//290
f 2010//290 2011//290 2066//290
f 2066//290 2011//290 2067//290
f 2011//290 2012//290 2067//290
f 2067//290 2012//290 2068//290
f 2012//290 2013//290 2068//290
f 2068//290 2013//290 2069//290
f 2013//290 2014//333 2069//290
f 2069//290 2014//333 2070//356
f 2014//333 2015//345 2070//356
f 2070//356 2015//345 2071//356
f 2015//345 2016//290 2071//356
f 2071//356 2016//290 2072//290
f 2016//290 2017//290 2072//290
f 2072//290 2017//290 2073//290
f 2017//290 2018//333 2073//290
f 2073//290 2018//333 2074//356
f 2018//333 2019//345 2074//356
f 2074//356 2019//345 2075//356
f 2019//345 2020//290 2075//356
f 2075//356 2020//290 2076//290
f 2020//290 2021//333 2076//290
f 2076//290 2021//333 2077//356
f 2021//333 2022//346 2077//356
f 2077//356 2022//346 2078//356
f 2022//346 2023//356 2078//356
f 2078//356 2023//356 2079//356
f 2023//356 2024//356 2079//356
f 2079//356 2024//356 2080//356
f 2024//356 2025//333 2080//356
f 2080//356 2025//333 2081//346
f 2025//333 2026//346 2081//346
f 2081//346 2026//346 2082//372
f 2026//346 2027//290 2082//372
f 2082//372 2027//290 2083//290
f 2027//290 2028//333 2083//290
f 2083//290 2028//333 2084//345
f 2028//333 2029//346 2084//345
f 2084//345 2029//346 2085//372
f 2029//346 2030//290 2085//372
f 2085//372 2030//290 2086//333
f 2030//290 2031//346 2086//333
f 2086//333 2031//346 2087//346
f 2031//346 2032//346 2087//346
f 2087//346 2032//346 2088//346
f 2032//346 2033//346 2088//346
f 2088//346 2033//346 2089//346
f 2033//346 2034//346 2089//346
f 2089//346 2034//346 2090//346
f 2034//346 2035//372 2090//346
f 2090//346 2035//372 2091//355
f 2035//372 2036//325 2091//355
f 2091//355 2036//325 2092//386
f 2036//325 2037//334 2092//386
f 2092//386 2037//334 2093//399
f 2037//334 2038//333 2093//399
f 2093//399 2038//333 2094//453
f 2038//333 2039//290 2094//453
f 2094//453 2039//290 2095//460
f 2039//290 2040//459 2095//460
f 2095//460 2040//459 2096//459
f 2040//459 2041//459 2096//459
f 2096//459 2041//459 2097//290
f 2041//459 2042//290 2097//290
f 2097//290 2042//290 2098//473
f 2042//290 2043//290 2098//473
f 2098//473 2043//290 2099//485
f 2043//290 2044//473 2099//485
f 2099//485 2044//473 2100//475
f 2044//473 2045//474 2100//475
f 2100//475 2045//474 2101//474
f 2045//474 2046//475 2101//474
f 2101//474 2046//475 2102//473
f 2046//475 2047//475 2102//473
f 2102//473 2047//475 2103//473
f 2047//475 2048//476 2103//473
f 2103//473 2048//476 2104//486
f 2048//476 2049//477 2105//487
f 2048//476 2105//487 2104//486
f 2049//477 2050//478 2105//487
f 2105//487 2050//478 2106//488
f 2050//478 2051//479 2106//488
f 2106//488 2051//479 2107//477
f 2051//479 2052//480 2108//489
f 2051//479 2108//489 2107//477
f 2052//480 2053//481 2108//489
f 2108//489 2053//481 2109//490
f 2053//481 2054//482 2109//490
f 2109//490 2054//482 2110//461
f 2054//482 2055//470 2111//491
f 2054//482 2111//491 2110//461
f 2056//483 2057//484 2112//492
f 2112//492 2057//484 2113//493
f 2057//484 2058//369 2113//493
f 2113//493 2058//369 2114//443
f 2058//369 2059//290 2114//443
f 2114//443 2059//290 2115//290
f 2059//290 2060//290 2115//290
f 2115//290 2060//290 2116//290
f 2060//290 2061//290 2116//290
f 2116//290 2061//290 2117//290
f 2061//290 2062//290 2117//290
f 2117//290 2062//290 2118//290
f 2062//290 2063//290 2118//290
f 2118//290 2063//290 2119//290
f 2063//290 2064//290 2119//290
f 2119//290 2064//290 2120//290
f 2064//290 2065//290 2120//290
f 2120//290 2065//290 2121//290
f 2065//290 2066//290 2121//290
f 2121//290 2066//290 2122//290
f 2066//290 2067//290 2122//290
f 2122//290 2067//290 2123//290
f 2067//290 2068//290 2123//290
f 2123//290 2068//290 2124//290
f 2068//290 2069//290 2124//290
f 2124//290 2069//290 2125//290
f 2069//290 2070//356 2125//290
f 2125//290 2070//356 2126//356
f 2070//356 2071//356 2126//356
f 2126//356 2071//356 2127//356
f 2071//356 2072//290 2127//356
f 2127//356 2072//290 2128//290
f 2072//290 2073//290 2128//290
f 2128//290 2073//290 2129//290
f 2073//290 2074//356 2129//290
f 2129//290 2074//356 2130//346
f 2074//356 2075//356 2130//346
f 2130//346 2075//356 2131//333
f 2075//356 2076//290 2131//333
f 2131//333 2076//290 2132//290
f 2076//290 2077//356 2132//290
f 2132//290 2077//356 2133//346
f 2077//356 2078//356 2133//346
f 2133//346 2078//356 2134//372
f 2078//356 2079//356 2134//372
f 2134//372 2079//356 2135//346
f 2079//356 2080//356 2135//346
f 2135//346 2080//356 2136//346
f 2080//356 2081//346 2136//346
f 2136//346 2081//346 2137//345
f 2081//346 2082//372 2137//345
f 2137//345 2082//372 2138//290
f 2082//372 2083//290 2138//290
f 2138//290 2083//290 2139//334
f 2083//290 2084//345 2139//334
f 2139//334 2084//345 2140//355
f 2084//345 2085//372 2140//355
f 2140//355 2085//372 2141//290
f 2085//372 2086//333 2141//290
f 2141//290 2086//333 2142//346
f 2086//333 2087//346 2142//346
f 2142//346 2087//346 2143//346
f 2087//346 2088//346 2143//346
f 2143//346 2088//346 2144//345
f 2088//346 2089//346 2144//345
f 2144//345 2089//346 2145//345
f 2089//346 2090//346 2145//345
f 2145//345 2090//346 2146//365
f 2090//346 2091//355 2146//365
f 2146//365 2091//355 2147//334
f 2091//355 2092//386 2147//334
f 2147//334 2092//386 2148//290
f 2092//386 2093//399 2148//290
f 2148//290 2093//399 2149//459
f 2093//399 2094//453 2149//459
f 2149//459 2094//453 2150//460
f 2094//453 2095//460 2150//460
f 2150//460 2095//460 2151//453
f 2095//460 2096//459 2151//453
f 2151//453 2096//459 2152//290
f 2096//459 2097//290 2152//290
f 2152//290 2097//290 2153//494
f 2097//290 2098//473 2153//494
f 2153//494 2098//473 2154//475
f 2098//473 2099//485 2154//475
f 2154//475 2099//485 2155//473
f 2099//485 2100//475 2155//473
f 2155//473 2100//475 2156//290
f 2100//475 2101//474 2156//290
f 2156//290 2101//474 2157//473
f 2101//474 2102//473 2157//473
f 2157//473 2102//473 2158//475
f 2102//473 2103//473 2158//475
f 2158//475 2103//473 2159//475
f 2103//473 2104//486 2159//475
f 2159//475 2104//486 2160//474
f 2104//486 2105//487 2160//474
f 2160//474 2105//487 2161//474
f 2105//487 2106//488 2161//474
f 2161//474 2106//488 2162//476
f 2106//488 2107//477 2163//477
f 2106//488 2163//477 2162//476
f 2107//477 2108//489 2164//495
f 2107//477 2164//495 2163//477
f 2108//489 2109//490 2165//476
f 2108//489 2165//476 2164//495
f 2109//490 2110//461 2165//476
f 2165//476 2110//461 2166//496
f 2110//461 2111//491 2167//497
f 2110//461 2167//497 2166//496
f 2112//492 2113//493 2168//498
f 2113//493 2114//443 2169//499
f 2113//493 2169//499 2168//498
f 2114//443 2115//290 2169//499
f 2169//499 2115//290 2170//290
f 2115//290 2116//290 2170//290
f 2170//290 2116//290 2171//290
f 2116//290 2117//290 2171//290
f 2171//290 2117//290 2172//290
f 2117//290 2118//290 2172//290
f 2172//290 2118//290 2173//290
f 2118//290 2119//290 2173//290
f 2173//290 2119//290 2174//290
f 2119//290 2120//290 2174//290
f 2174//290 2120//290 2175//290
f 2120//290 2121//290 2175//290
f 2175//290 2121//290 2176//290
f 2121//290 2122//290 2176//290
f 2176//290 2122//290 2177//290
f 2122//290 2123//290 2177//290
f 2177//290 2123//290 2178//290
f 2123//290 2124//290 2178//290
f 2178//290 2124//290 2179//290
f 2124//290 2125//290 2179//290
f 2179//290 2125//290 2180//290
f 2125//290 2126//356 2180//290
f 2180//290 2126//356 2181//439
f 2126//356 2127//356 2181//439
f 2181//439 2127//356 2182//372
f 2127//356 2128//290 2182//372
f 2182//372 2128//290 2183//290
f 2128//290 2129//290 2183//290
f 2183//290 2129//290 2184//333
f 2129//290 2130//346 2184//333
f 2184//333 2130//346 2185//345
f 2130//346 2131//333 2185//345
f 2185//345 2131//333 2186//290
f 2131//333 2132//290 2186//290
f 2186//290 2132//290 2187//333
f 2132//290 2133//346 2187//333
f 2187//333 2133//346 2188//346
f 2133//346 2134//372 2188//346
f 2188//346 2134//372 2189//333
f 2134//372 2135//346 2189//333
f 2189//333 2135//346 2190//346
f 2135//346 2136//346 2190//346
f 2190//346 2136//346 2191//356
f 2136//346 2137//345 2191//356
f 2191//356 2137//345 2192//356
f 2137//345 2138//290 2192//356
f 2192//356 2138//290 2193//333
f 2138//290 2139//334 2193//333
f 2193//333 2139//334 2194//346
f 2139//334 2140//355 2194//346
f 2194//346 2140//355 2195//290
f 2140//355 2141//290 2195//290
f 2195//290 2141//290 2196//355
f 2141//290 2142//346 2196//355
f 2196//355 2142//346 2197//355
f 2142//346 2143//346 2197//355
f 2197//355 2143//346 2198//356
f 2143//346 2144//345 2198//356
f 2198//356 2144//345 2199//385
f 2144//345 2145//345 2199//385
f 2199//385 2145//345 2200//365
f 2145//345 2146//365 2200//365
f 2200//365 2146//365 2201//346
f 2146//365 2147//334 2201//346
f 2201//346 2147//334 2202//290
f 2147//334 2148//290 2202//290
f 2202//290 2148//290 2203//459
f 2148//290 2149//459 2203//459
f 2203//459 2149//459 2204//459
f 2149//459 2150//460 2204//459
f 2204//459 2150//460 2205//290
f 2150//460 2151//453 2205//290
f 2205//290 2151//453 2206//290
f 2151//453 2152//290 2206//290
f 2206//290 2152//290 2207//494
f 2152//290 2153//494 2207//494
f 2207//494 2153//494 2208//494
f 2153//494 2154//475 2208//494
f 2208//494 2154//475 2209//290
f 2154//475 2155//473 2209//290
f 2209//290 2155//473 2210//473
f 2155//473 2156//290 2210//473
f 2210//473 2156//290 2211//485
f 2156//290 2157//473 2211//485
f 2211//485 2157//473 2212//475
f 2157//473 2158//475 2212//475
f 2212//475 2158//475 2213//473
f 2158//475 2159//475 2213//473
f 2213//473 2159//475 2214//290
f 2159//475 2160//474 2214//290
f 2214//290 2160//474 2215//290
f 2160//474 2161//474 2215//290
f 2215//290 2161//474 2216//290
f 2161//474 2162//476 2216//290
f 2216//290 2162//476 2217//465
f 2162//476 2163//477 2218//500
f 2162//476 2218//500 2217//465
f 2163//477 2164//495 2218//500
f 2218//500 2164//495 2219//477
f 2164//495 2165//476 2220//501
f 2164//495 2220//501 2219//477
f 2165//476 2166//496 2220//501
f 2220//501 2166//496 2221//501
f 2166//496 2167//497 2222//502
f 2166//496 2222//502 2221//501
f 2168//498 2169//499 2224//503
f 2168//498 2224//503 2223//504
f 2169//499 2170//290 2225//339
f 2169//499 2225//339 2224//503
f 2170//290 2171//290 2225//339
f 2225//339 2171//290 2226//290
f 2171//290 2172//290 2226//290
f 2226//290 2172//290 2227//290
f 2172//290 2173//290 2227//290
f 2227//290 2173//290 2228//290
f 2173//290 2174//290 2228//290
f 2228//290 2174//290 2229//290
f 2174//290 2175//290 2229//290
f 2229//290 2175//290 2230//290
f 2175//290 2176//290 2230//290
f 2230//290 2176//290 2231//290
f 2176//290 2177//290 2231//290
f 2231//290 2177//290 2232//290
f 2177//290 2178//290 2232//290
f 2232//290 2178//290 2233//290
f 2178//290 2179//290 2233//290
f 2233//290 2179//290 2234//290
f 2179//290 2180//290 2234//290
f 2234//290 2180//290 2235//372
f 2180//290 2181//439 2235//372
f 2235//372 2181//439 2236//346
f 2181//439 2182//372 2236//346
f 2236//346 2182//372 2237//290
f 2182//372 2183//290 2237//290
f 2237//290 2183//290 2238//290
f 2183//290 2184//333 2238//290
f 2238//290 2184//333 2239//345
f 2184//333 2185//345 2239//345
f 2239//345 2185//345 2240//372
f 2185//345 2186//290 2240//372
f 2240//372 2186//290 2241//290
f 2186//290 2187//333 2241//290
f 2241//290 2187//333 2242//346
f 2187//333 2188//346 2242//346
f 2242//346 2188//346 2243//333
f 2188//346 2189//333 2243//333
f 2243//333 2189//333 2244//356
f 2189//333 2190//346 2244//356
f 2244//356 2190//346 2245//356
f 2190//346 2191//356 2245//356
f 2245//356 2191//356 2246//346
f 2191//356 2192//356 2246//346
f 2246//346 2192//356 2247//333
f 2192//356 2193//333 2247//333
f 2247//333 2193//333 2248//346
f 2193//333 2194//346 2248//346
f 2248//346 2194//346 2249//372
f 2194//346 2195//290 2249//372
f 2249//372 2195//290 2250//334
f 2195//290 2196//355 2250//334
f 2250//334 2196//355 2251//355
f 2196//355 2197//355 2251//355
f 2251//355 2197//355 2252//290
f 2197//355 2198//356 2252//290
f 2252//290 2198//356 2253//505
f 2198//356 2199//385 2253//505
f 2253//505 2199//385 2254//506
f 2199//385 2200//365 2254//506
f 2254//506 2200//365 2255//346
f 2200//365 2201//346 2255//346
f 2255//346 2201//346 2256//333
f 2201//346 2202//290 2256//333
f 2256//333 2202//290 2257//459
f 2202//290 2203//459 2257//459
f 2257//459 2203//459 2258//459
f 2203//459 2204//459 2258//459
f 2258//459 2204//459 2259//290
f 2204//459 2205//290 2259//290
f 2259//290 2205//290 2260//473
f 2205//290 2206//290 2260//473
f 2260//473 2206//290 2261//475
f 2206//290 2207//494 2261//475
f 2261//475 2207//494 2262//494
f 2207//494 2208//494 2262//494
f 2262//494 2208//494 2263//290
f 2208//494 2209//290 2263//290
f 2263//290 2209//290 2264//494
f 2209//290 2210//473 2264//494
f 2264//494 2210//473 2265//475
f 2210//473 2211//485 2265//475
f 2265//475 2211//485 2266//473
f 2211//485 2212//475 2266//473
f 2266//473 2212//475 2267//290
f 2212//475 2213//473 2267//290
f 2267//290 2213//473 2268//290
f 2213//473 2214//290 2268//290
f 2268//290 2214//290 2269//473
f 2214//290 2215//290 2269//473
f 2269//473 2215//290 2270//474
f 2215//290 2216//290 2270//474
f 2270//474 2216//290 2271//475
f 2216//290 2217//465 2271//475
f 2271//475 2217//465 2272//475
f 2217//465 2218//500 2272//475
f 2272//475 2218//500 2273//476
f 2218//500 2219//477 2274//507
f 2218//500 2274//507 2273//476
f 2219//477 2220//501 2275//508
f 2219//477 2275//508 2274//507
f 2220//501 2221//501 2275//508
f 2275//508 2221//501 2276//476
f 2221//501 2222//502 2277//509
f 2221//501 2277//509 2276//476
f 2223//504 2224//503 2278//510
f 2278//510 2224//503 2279//511
f 2224//503 2225//339 2279//511
f 2279//511 2225//339 2280//443
f 2225//339 2226//290 2280//443
f 2280//443 2226//290 2281//290
f 2226//290 2227//290 2281//290
f 2281//290 2227//290 2282//290
f 2227//290 2228//290 2282//290
f 2282//290 2228//290 2283//290
f 2228//290 2229//290 2283//290
f 2283//290 2229//290 2284//290
f 2229//290 2230//290 2284//290
f 2284//290 2230//290 2285//290
f 2230//290 2231//290 2285//290
f 2285//290 2231//290 2286//290
f 2231//290 2232//290 2286//290
f 2286//290 2232//290 2287//290
f 2232//290 2233//290 2287//290
f 2287//290 2233//290 2288//290
f 2233//290 2234//290 2288//290
f 2288//290 2234//290 2289//290
f 2234//290 2235//372 2289//290
f 2289//290 2235//372 2290//346
f 2235//372 2236//346 2290//346
f 2290//346 2236//346 2291//372
f 2236//346 2237//290 2291//372
f 2291//372 2237//290 2292//290
f 2237//290 2238//290 2292//290
f 2292//290 2238//290 2293//355
f 2238//290 2239//345 2293//355
f 2293//355 2239//345 2294//334
f 2239//345 2240//372 2294//334
f 2294//334 2240//372 2295//290
f 2240//372 2241//290 2295//290
f 2295//290 2241//290 2296//333
f 2241//290 2242//346 2296//333
f 2296//333 2242//346 2297//346
f 2242//346 2243//333 2297//346
f 2297//346 2243//333 2298//290
f 2243//333 2244//356 2298//290
f 2298//290 2244//356 2299//356
f 2244//356 2245//356 2299//356
f 2299//356 2245//356 2300//512
f 2245//356 2246//346 2300//512
f 2300//512 2246//346 2301//346
f 2246//346 2247//333 2301//346
f 2301//346 2247//333 2302//334
f 2247//333 2248//346 2302//334
f 2302//334 2248//346 2303//355
f 2248//346 2249//372 2303//355
f 2303//355 2249//372 2304//333
f 2249//372 2250//334 2304//333
f 2304//333 2250//334 2305//346
f 2250//334 2251//355 2305//346
f 2305//346 2251//355 2306//290
f 2251//355 2252//290 2306//290
f 2306//290 2252//290 2307//290
f 2252//290 2253//505 2307//290
f 2307//290 2253//505 2308//506
f 2253//505 2254//506 2308//506
f 2308//506 2254//506 2309//506
f 2254//506 2255//346 2309//506
f 2309//506 2255//346 2310//346
f 2255//346 2256//333 2310//346
f 2310//346 2256//333 2311//459
f 2256//333 2257//459 2311//459
f 2311//459 2257//459 2312//459
f 2257//459 2258//459 2312//459
f 2312//459 2258//459 2313//290
f 2258//459 2259//290 2313//290
f 2313//290 2259//290 2314//494
f 2259//290 2260//473 2314//494
f 2314//494 2260//473 2315//475
f 2260//473 2261//475 2315//475
f 2315//475 2261//475 2316//473
f 2261//475 2262//494 2316//473
f 2316//473 2262//494 2317//290
f 2262//494 2263//290 2317//290
f 2317//290 2263//290 2318//494
f 2263//290 2264//494 2318//494
f 2318//494 2264//494 2319//494
f 2264//494 2265//475 2319//494
f 2319//494 2265//475 2320//290
f 2265//475 2266//473 2320//290
f 2320//290 2266//473 2321//290
f 2266//473 2267//290 2321//290
f 2321//290 2267//290 2322//290
f 2267//290 2268//290 2322//290
f 2322//290 2268//290 2323//494
f 2268//290 2269//473 2323//494
f 2323//494 2269//473 2324//475
f 2269//473 2270//474 2324//475
f 2324//475 2270//474 2325//474
f 2270//474 2271//475 2325//474
f 2325//474 2271//475 2326//473
f 2271//475 2272//475 2326//473
f 2326//473 2272//475 2327//290
f 2272//475 2273//476 2327//290
f 2327//290 2273//476 2328//290
f 2273//476 2274//507 2329//513
f 2273//476 2329//513 2328//290
f 2274//507 2275//508 2330//476
f 2274//507 2330//476 2329//513
f 2275//508 2276//476 2330//476
f 2330//476 2276//476 2331//496
f 2276//476 2277//509 2332//514
f 2276//476 2332//514 2331//496
f 2278//510 2279//511 2334//515
f 2278//510 2334//515 2333//516
f 2279//511 2280//443 2335//517
f 2279//511 2335//517 2334//515
f 2280//443 2281//290 2335//517
f 2335//517 2281//290 2336//290
f 2281//290 2282//290 2336//290
f 2336//290 2282//290 2337//290
f 2282//290 2283//290 2337//290
f 2337//290 2283//290 2338//290
f 2283//290 2284//290 2338//290
f 2338//290 2284//290 2339//290
f 2284//290 2285//290 2339//290
f 2339//290 2285//290 2340//290
f 2285//290 2286//290 2340//290
f 2340//290 2286//290 2341//290
f 2286//290 2287//290 2341//290
f 2341//290 2287//290 2342//290
f 2287//290 2288//290 2342//290
f 2342//290 2288//290 2343//290
f 2288//290 2289//290 2343//290
f 2343//290 2289//290 2344//434
f 2289//290 2290//346 2344//434
f 2344//434 2290//346 2345//355
f 2290//346 2291//372 2345//355
f 2345//355 2291//372 2346//290
f 2291//372 2292//290 2346//290
f 2346//290 2292//290 2347//372
f 2292//290 2293//355 2347//372
f 2347//372 2293//355 2348//346
f 2293//355 2294//334 2348//346
f 2348//346 2294//334 2349//290
f 2294//334 2295//290 2349//290
f 2349//290 2295//290 2350//290
f 2295//290 2296//333 2350//290
f 2350//290 2296//333 2351//346
f 2296//333 2297//346 2351//346
f 2351//346 2297//346 2352//372
f 2297//346 2298//290 2352//372
f 2352//372 2298//290 2353//290
f 2298//290 2299//356 2353//290
f 2353//290 2299//356 2354//346
f 2299//356 2300//512 2354//346
f 2354//346 2300//512 2355//512
f 2300//512 2301//346 2355//512
f 2355//512 2301//346 2356//512
f 2301//346 2302//334 2356//512
f 2356//512 2302//334 2357//345
f 2302//334 2303//355 2357//345
f 2357//345 2303//355 2358//290
f 2303//355 2304//333 2358//290
f 2358//290 2304//333 2359//356
f 2304//333 2305//346 2359//356
f 2359//356 2305//346 2360//356
f 2305//346 2306//290 2360//356
f 2360//356 2306//290 2361//290
f 2306//290 2307//290 2361//290
f 2361//290 2307//290 2362//334
f 2307//290 2308//506 2362//334
f 2362//334 2308//506 2363//385
f 2308//506 2309//506 2363//385
f 2363//385 2309//506 2364//518
f 2309//506 2310//346 2364//518
f 2364//518 2310//346 2365//519
f 2310//346 2311//459 2365//519
f 2365//519 2311//459 2366//520
f 2311//459 2312//459 2366//520
f 2366//520 2312//459 2367//290
f 2312//459 2313//290 2367//290
f 2367//290 2313//290 2368//494
f 2313//290 2314//494 2368//494
f 2368//494 2314//494 2369//494
f 2314//494 2315//475 2369//494
f 2369//494 2315//475 2370//290
f 2315//475 2316//473 2370//290
f 2370//290 2316//473 2371//290
f 2316//473 2317//290 2371//290
f 2371//290 2317//290 2372//494
f 2317//290 2318//494 2372//494
f 2372//494 2318//494 2373//494
f 2318//494 2319//494 2373//494
f 2373//494 2319//494 2374//290
f 2319//494 2320//290 2374//290
f 2374//290 2320//290 2375//290
f 2320//290 2321//290 2375//290
f 2375//290 2321//290 2376//290
f 2321//290 2322//290 2376//290
f 2376//290 2322//290 2377//494
f 2322//290 2323//494 2377//494
f 2377//494 2323//494 2378//494
f 2323//494 2324//475 2378//494
f 2378//494 2324//475 2379//290
f 2324//475 2325//474 2379//290
f 2379//290 2325//474 2380//290
f 2325//474 2326//473 2380//290
f 2380//290 2326//473 2381//290
f 2326//473 2327//290 2381//290
f 2381//290 2327//290 2382//473
f 2327//290 2328//290 2382//473
f 2382//473 2328//290 2383//474
f 2328//290 2329//513 2383//474
f 2383//474 2329//513 2384//486
f 2329//513 2330//476 2385//500
f 2329//513 2385//500 2384//486
f 2330//476 2331//496 2385//500
f 2385//500 2331//496 2386//477
f 2331//496 2332//514 2387//502
f 2331//496 2387//502 2386//477
f 2333//516 2334//515 2388//521
f 2388//521 2334//515 2389//522
f 2334//515 2335//517 2389//522
f 2389//522 2335//517 2390//523
f 2335//517 2336//290 2390//523
f 2390//523 2336//290 2391//290
f 2336//290 2337//290 2391//290
f 2391//290 2337//290 2392//290
f 2337//290 2338//290 2392//290
f 2392//290 2338//290 2393//290
f 2338//290 2339//290 2393//290
f 2393//290 2339//290 2394//290
f 2339//290 2340//290 2394//290
f 2394//290 2340//290 2395//290
f 2340//290 2341//290 2395//290
f 2395//290 2341//290 2396//290
f 2341//290 2342//290 2396//290
f 2396//290 2342//290 2397//290
f 2342//290 2343//290 2397//290
f 2397//290 2343//290 2398//333
f 2343//290 2344//434 2398//333
f 2398//333 2344//434 2399//346
f 2344//434 2345//355 2399//346
f 2399//346 2345//355 2400//290
f 2345//355 2346//290 2400//290
f 2400//290 2346//290 2401//290
f 2346//290 2347//372 2401//290
f 2401//290 2347//372 2402//356
f 2347//372 2348//346 2402//356
f 2402//356 2348//346 2403//356
f 2348//346 2349//290 2403//356
f 2403//356 2349//290 2404//290
f 2349//290 2350//290 2404//290
f 2404//290 2350//290 2405//355
f 2350//290 2351//346 2405//355
f 2405//355 2351//346 2406//355
f 2351//346 2352//372 2406//355
f 2406//355 2352//372 2407//290
f 2352//372 2353//290 2407//290
f 2407//290 2353//290 2408//355
f 2353//290 2354//346 2408//355
f 2408//355 2354//346 2409//355
f 2354//346 2355//512 2409//355
f 2409//355 2355//512 2410//356
f 2355//512 2356//512 2410//356
f 2410//356 2356//512 2411//518
f 2356//512 2357//345 2411//518
f 2411//518 2357//345 2412//356
f 2357//345 2358//290 2412//356
f 2412//356 2358//290 2413//290
f 2358//290 2359//356 2413//290
f 2413//290 2359//356 2414//346
f 2359//356 2360//356 2414//346
f 2414//346 2360//356 2415//372
f 2360//356 2361//290 2415//372
f 2415//372 2361//290 2416//334
f 2361//290 2362//334 2416//334
f 2416//334 2362//334 2417//355
f 2362//334 2363//385 2417//355
f 2417//355 2363//385 2418//356
f 2363//385 2364//518 2418//356
f 2418//356 2364//518 2419//518
f 2364//518 2365//519 2419//518
f 2419//518 2365//519 2420//524
f 2365//519 2366//520 2420//524
f 2420//524 2366//520 2421//525
f 2366//520 2367//290 2421//525
f 2421//525 2367//290 2422//494
f 2367//290 2368//494 2422//494
f 2422//494 2368//494 2423//494
f 2368//494 2369//494 2423//494
f 2423//494 2369//494 2424//290
f 2369//494 2370//290 2424//290
f 2424//290 2370//290 2425//290
f 2370//290 2371//290 2425//290
f 2425//290 2371//290 2426//494
f 2371//290 2372//494 2426//494
f 2426//494 2372//494 2427//494
f 2372//494 2373//494 2427//494
f 2427//494 2373//494 2428//290
f 2373//494 2374//290 2428//290
f 2428//290 2374//290 2429//290
f 2374//290 2375//290 2429//290
f 2429//290 2375//290 2430//473
f 2375//290 2376//290 2430//473
f 2430//473 2376//290 2431//485
f 2376//290 2377//494 2431//485
f 2431//485 2377//494 2432//494
f 2377//494 2378//494 2432//494
f 2432//494 2378//494 2433//290
f 2378//494 2379//290 2433//290
f 2433//290 2379//290 2434//290
f 2379//290 2380//290 2434//290
f 2434//290 2380//290 2435//290
f 2380//290 2381//290 2435//290
f 2435//290 2381//290 2436//494
f 2381//290 2382//473 2436//494
f 2436//494 2382//473 2437//475
f 2382//473 2383//474 2437//475
f 2437//475 2383//474 2438//474
f 2383//474 2384//486 2438//474
f 2438//474 2384//486 2439//474
f 2384//486 2385//500 2439//474
f 2439//474 2385//500 2440//476
f 2385//500 2386//477 2441//477
f 2385//500 2441//477 2440//476
f 2386//477 2387//502 2442//526
f 2386//477 2442//526 2441//477
f 2388//521 2389//522 2443//527
f 2443//527 2389//522 2444//528
f 2389//522 2390//523 2444//528
f 2444//528 2390//523 2445//529
f 2390//523 2391//290 2445//529
f 2445//529 2391//290 2446//290
f 2391//290 2392//290 2446//290
f 2446//290 2392//290 2447//290
f 2392//290 2393//290 2447//290
f 2447//290 2393//290 2448//290
f 2393//290 2394//290 2448//290
f 2448//290 2394//290 2449//290
f 2394//290 2395//290 2449//290
f 2449//290 2395//290 2450//290
f 2395//290 2396//290 2450//290
f 2450//290 2396//290 2451//290
f 2396//290 2397//290 2451//290
f 2451//290 2397//290 2452//290
f 2397//290 2398//333 2452//290
f 2452//290 2398//333 2453//356
f 2398//333 2399//346 2453//356
f 2453//356 2399//346 2454//356
f 2399//346 2400//290 2454//356
f 2454//356 2400//290 2455//290
f 2400//290 2401//290 2455//290
f 2455//290 2401//290 2456//290
f 2401//290 2402//356 2456//290
f 2456//290 2402//356 2457//346
f 2402//356 2403//356 2457//346
f 2457//346 2403//356 2458//372
f 2403//356 2404//290 2458//372
f 2458//372 2404//290 2459//333
f 2404//290 2405//355 2459//333
f 2459//333 2405//355 2460//345
f 2405//355 2406//355 2460//345
f 2460//345 2406//355 2461//290
f 2406//355 2407//290 2461//290
f 2461//290 2407//290 2462//333
f 2407//290 2408//355 2462//333
f 2462//333 2408//355 2463//345
f 2408//355 2409//355 2463//345
f 2463//345 2409//355 2464//290
f 2409//355 2410//356 2464//290
f 2464//290 2410//356 2465//346
f 2410//356 2411//518 2465//346
f 2465//346 2411//518 2466//512
f 2411//518 2412//356 2466//512
f 2466//512 2412//356 2467//356
f 2412//356 2413//290 2467//356
f 2467//356 2413//290 2468//333
f 2413//290 2414//346 2468//333
f 2468//333 2414//346 2469//345
f 2414//346 2415//372 2469//345
f 2469//345 2415//372 2470//333
f 2415//372 2416//334 2470//333
f 2470//333 2416//334 2471//346
f 2416//334 2417//355 2471//346
f 2471//346 2417//355 2472//290
f 2417//355 2418//356 2472//290
f 2472//290 2418//356 2473//345
f 2418//356 2419//518 2473//345
f 2473//345 2419//518 2474//530
f 2419//518 2420//524 2474//530
f 2474//530 2420//524 2475//531
f 2420//524 2421//525 2475//531
f 2475//531 2421//525 2476//532
f 2421//525 2422//494 2476//532
f 2476//532 2422//494 2477//533
f 2422//494 2423//494 2477//533
f 2477//533 2423//494 2478//290
f 2423//494 2424//290 2478//290
f 2478//290 2424//290 2479//290
f 2424//290 2425//290 2479//290
f 2479//290 2425//290 2480//494
f 2425//290 2426//494 2480//494
f 2480//494 2426//494 2481//494
f 2426//494 2427//494 2481//494
f 2481//494 2427//494 2482//290
f 2427//494 2428//290 2482//290
f 2482//290 2428//290 2483//290
f 2428//290 2429//290 2483//290
f 2483//290 2429//290 2484//494
f 2429//290 2430//473 2484//494
f 2484//494 2430//473 2485//475
f 2430//473 2431//485 2485//475
f 2485//475 2431//485 2486//473
f 2431//485 2432//494 2486//473
f 2486//473 2432//494 2487//290
f 2432//494 2433//290 2487//290
f 2487//290 2433//290 2488//290
f 2433//290 2434//290 2488//290
f 2488//290 2434//290 2489//473
f 2434//290 2435//290 2489//473
f 2489//473 2435//290 2490//475
f 2435//290 2436//494 2490//475
f 2490//475 2436//494 2491//494
f 2436//494 2437//475 2491//494
f 2491//494 2437//475 2492//290
f 2437//475 2438//474 2492//290
f 2492//290 2438//474 2493//290
f 2438//474 2439//474 2493//290
f 2493//290 2439//474 2494//290
f 2439//474 2440//476 2494//290
f 2494//290 2440//476 2495//290
f 2440//476 2441//477 2496//534
f 2440//476 2496//534 2495//290
f 2441//477 2442//526 2496//534
f 2496//534 2442//526 2497//535
f 2443//527 2444//528 2498//536
f 2444//528 2445//529 2499//537
f 2444//528 2499//537 2498//536
f 2445//529 2446//290 2500//538
f 2445//529 2500//538 2499//537
f 2446//290 2447//290 2500//538
f 2500//538 2447//290 2501//290
f 2447//290 2448//290 2501//290
f 2501//290 2448//290 2502//290
f 2448//290 2449//290 2502//290
f 2502//290 2449//290 2503//290
f 2449//290 2450//290 2503//290
f 2503//290 2450//290 2504//290
f 2450//290 2451//290 2504//290
f 2504//290 2451//290 2505//290
f 2451//290 2452//290 2505//290
f 2505//290 2452//290 2506//290
f 2452//290 2453//356 2506//290
f 2506//290 2453//356 2507//356
f 2453//356 2454//356 2507//356
f 2507//356 2454//356 2508//356
f 2454//356 2455//290 2508//356
f 2508//356 2455//290 2509//290
f 2455//290 2456//290 2509//290
f 2509//290 2456//290 2510//333
f 2456//290 2457//346 2510//333
f 2510//333 2457//346 2511//346
f 2457//346 2458//372 2511//346
f 2511//346 2458//372 2512//290
f 2458//372 2459//333 2512//290
f 2512//290 2459//333 2513//356
f 2459//333 2460//345 2513//356
f 2513//356 2460//345 2514//356
f 2460//345 2461//290 2514//356
f 2514//356 2461//290 2515//290
f 2461//290 2462//333 2515//290
f 2515//290 2462//333 2516//356
f 2462//333 2463//345 2516//356
f 2516//356 2463//345 2517//356
f 2463//345 2464//290 2517//356
f 2517//356 2464//290 2518//333
f 2464//290 2465//346 2518//333
f 2518//333 2465//346 2519//345
f 2465//346 2466//512 2519//345
f 2519//345 2466//512 2520//356
f 2466//512 2467//356 2520//356
f 2520//356 2467//356 2521//356
f 2467//356 2468//333 2521//356
f 2521//356 2468//333 2522//356
f 2468//333 2469//345 2522//356
f 2522//356 2469//345 2523//356
f 2469//345 2470//333 2523//356
f 2523//356 2470//333 2524//439
f 2470//333 2471//346 2524//439
f 2524//439 2471//346 2525//372
f 2471//346 2472//290 2525//372
f 2525//372 2472//290 2526//355
f 2472//290 2473//345 2526//355
f 2526//355 2473//345 2527//365
f 2473//345 2474//530 2527//365
f 2527//365 2474//530 2528//539
f 2474//530 2475//531 2528//539
f 2528//539 2475//531 2529//540
f 2475//531 2476//532 2529//540
f 2529//540 2476//532 2530//533
f 2476//532 2477//533 2530//533
f 2530//533 2477//533 2531//532
f 2477//533 2478//290 2531//532
f 2531//532 2478//290 2532//290
f 2478//290 2479//290 2532//290
f 2532//290 2479//290 2533//494
f 2479//290 2480//494 2533//494
f 2533//494 2480//494 2534//494
f 2480//494 2481//494 2534//494
f 2534//494 2481//494 2535//290
f 2481//494 2482//290 2535//290
f 2535//290 2482//290 2536//290
f 2482//290 2483//290 2536//290
f 2536//290 2483//290 2537//532
f 2483//290 2484//494 2537//532
f 2537//532 2484//494 2538//533
f 2484//494 2485//475 2538//533
f 2538//533 2485//475 2539//290
f 2485//475 2486//473 2539//290
f 2539//290 2486//473 2540//290
f 2486//473 2487//290 2540//290
f 2540//290 2487//290 2541//290
f 2487//290 2488//290 2541//290
f 2541//290 2488//290 2542//494
f 2488//290 2489//473 2542//494
f 2542//494 2489//473 2543//475
f 2489//473 2490//475 2543//475
f 2543//475 2490//475 2544//473
f 2490//475 2491//494 2544//473
f 2544//473 2491//494 2545//290
f 2491//494 2492//290 2545//290
f 2545//290 2492//290 2546//290
f 2492//290 2493//290 2546//290
f 2546//290 2493//290 2547//290
f 2493//290 2494//290 2547//290
f 2547//290 2494//290 2548//473
f 2494//290 2495//290 2548//473
f 2548//473 2495//290 2549//534
f 2495//290 2496//534 2549//534
f 2549//534 2496//534 2550//290
f 2496//534 2497//535 2550//290
f 2550//290 2497//535 2551//303
f 2499//537 2500//538 2552//541
f 2552//541 2500//538 2553//542
f 2500//538 2501//290 2553//542
f 2553//542 2501//290 2554//290
f 2501//290 2502//290 2554//290
f 2554//290 2502//290 2555//290
f 2502//290 2503//290 2555//290
f 2555//290 2503//290 2556//290
f 2503//290 2504//290 2556//290
f 2556//290 2504//290 2557//290
f 2504//290 2505//290 2557//290
f 2557//290 2505//290 2558//290
f 2505//290 2506//290 2558//290
f 2558//290 2506//290 2559//290
f 2506//290 2507//356 2559//290
f 2559//290 2507//356 2560//346
f 2507//356 2508//356 2560//346
f 2560//346 2508//356 2561//372
f 2508//356 2509//290 2561//372
f 2561//372 2509//290 2562//290
f 2509//290 2510//333 2562//290
f 2562//290 2510//333 2563//356
f 2510//333 2511//346 2563//356
f 2563//356 2511//346 2564//356
f 2511//346 2512//290 2564//356
f 2564//356 2512//290 2565//290
f 2512//290 2513//356 2565//290
f 2565//290 2513//356 2566//356
f 2513//356 2514//356 2566//356
f 2566//356 2514//356 2567//356
f 2514//356 2515//290 2567//356
f 2567//356 2515//290 2568//290
f 2515//290 2516//356 2568//290
f 2568//290 2516//356 2569//346
f 2516//356 2517//356 2569//346
f 2569//346 2517//356 2570//372
f 2517//356 2518//333 2570//372
f 2570//372 2518//333 2571//346
f 2518//333 2519//345 2571//346
f 2571//346 2519//345 2572//333
f 2519//345 2520//356 2572//333
f 2572//333 2520//356 2573//346
f 2520//356 2521//356 2573//346
f 2573//346 2521//356 2574//372
f 2521//356 2522//356 2574//372
f 2574//372 2522//356 2575//356
f 2522//356 2523//356 2575//356
f 2575//356 2523//356 2576//512
f 2523//356 2524//439 2576//512
f 2576//512 2524//439 2577//345
f 2524//439 2525//372 2577//345
f 2577//345 2525//372 2578//355
f 2525//372 2526//355 2578//355
f 2578//355 2526//355 2579//355
f 2526//355 2527//365 2579//355
f 2579//355 2527//365 2580//346
f 2527//365 2528//539 2580//346
f 2580//346 2528//539 2581//531
f 2528//539 2529//540 2581//531
f 2581//531 2529//540 2582//543
f 2529//540 2530//533 2582//543
f 2582//543 2530//533 2583//533
f 2530//533 2531//532 2583//533
f 2583//533 2531//532 2584//290
f 2531//532 2532//290 2584//290
f 2584//290 2532//290 2585//532
f 2532//290 2533//494 2585//532
f 2585//532 2533//494 2586//533
f 2533//494 2534//494 2586//533
f 2586//533 2534//494 2587//290
f 2534//494 2535//290 2587//290
f 2587//290 2535//290 2588//290
f 2535//290 2536//290 2588//290
f 2588//290 2536//290 2589//290
f 2536//290 2537//532 2589//290
f 2589//290 2537//532 2590//544
f 2537//532 2538//533 2590//544
f 2590//544 2538//533 2591//532
f 2538//533 2539//290 2591//532
f 2591//532 2539//290 2592//290
f 2539//290 2540//290 2592//290
f 2592//290 2540//290 2593//290
f 2540//290 2541//290 2593//290
f 2593//290 2541//290 2594//532
f 2541//290 2542//494 2594//532
f 2594//532 2542//494 2595//533
f 2542//494 2543//475 2595//533
f 2595//533 2543//475 2596//290
f 2543//475 2544//473 2596//290
f 2596//290 2544//473 2597//290
f 2544//473 2545//290 2597//290
f 2597//290 2545//290 2598//290
f 2545//290 2546//290 2598//290
f 2598//290 2546//290 2599//290
f 2546//290 2547//290 2599//290
f 2599//290 2547//290 2600//494
f 2547//290 2548//473 2600//494
f 2600//494 2548//473 2601//475
f 2548//473 2549//534 2601//475
f 2601//475 2549//534 2602//476
f 2549//534 2550//290 2603//476
f 2549//534 2603//476 2602//476
f 2550//290 2551//303 2603//476
f 2603//476 2551//303 2604//545
f 2552//541 2553//542 2605//546
f 2553//542 2554//290 2606//547
f 2553//542 2606//547 2605//546
f 2554//290 2555//290 2606//547
f 2606//547 2555//290 2607//290
f 2555//290 2556//290 2607//290
f 2607//290 2556//290 2608//290
f 2556//290 2557//290 2608//290
f 2608//290 2557//290 2609//290
f 2557//290 2558//290 2609//290
f 2609//290 2558//290 2610//290
f 2558//290 2559//290 2610//290
f 2610//290 2559//290 2611//333
f 2559//290 2560//346 2611//333
f 2611//333 2560//346 2612//346
f 2560//346 2561//372 2612//346
f 2612//346 2561//372 2613//290
f 2561//372 2562//290 2613//290
f 2613//290 2562//290 2614//290
f 2562//290 2563//356 2614//290
f 2614//290 2563//356 2615//345
f 2563//356 2564//356 2615//345
f 2615//345 2564//356 2616//372
f 2564//356 2565//290 2616//372
f 2616//372 2565//290 2617//290
f 2565//290 2566//356 2617//290
f 2617//290 2566//356 2618//346
f 2566//356 2567//356 2618//346
f 2618//346 2567//356 2619//372
f 2567//356 2568//290 2619//372
f 2619//372 2568//290 2620//355
f 2568//290 2569//346 2620//355
f 2620//355 2569//346 2621//355
f 2569//346 2570//372 2621//355
f 2621//355 2570//372 2622//333
f 2570//372 2571//346 2622//333
f 2622//333 2571//346 2623//346
f 2571//346 2572//333 2623//346
f 2623//346 2572//333 2624//333
f 2572//333 2573//346 2624//333
f 2624//333 2573//346 2625//346
f 2573//346 2574//372 2625//346
f 2625//346 2574//372 2626//290
f 2574//372 2575//356 2626//290
f 2626//290 2575//356 2627//345
f 2575//356 2576//512 2627//345
f 2627//345 2576//512 2628//512
f 2576//512 2577//345 2628//512
f 2628//512 2577//345 2629//512
f 2577//345 2578//355 2629//512
f 2629//512 2578//355 2630//346
f 2578//355 2579//355 2630//346
f 2630//346 2579//355 2631//333
f 2579//355 2580//346 2631//333
f 2631//333 2580//346 2632//548
f 2580//346 2581//531 2632//548
f 2632//548 2581//531 2633//520
f 2581//531 2582//543 2633//520
f 2633//520 2582//543 2634//544
f 2582//543 2583//533 2634//544
f 2634//544 2583//533 2635//532
f 2583//533 2584//290 2635//532
f 2635//532 2584//290 2636//290
f 2584//290 2585//532 2636//290
f 2636//290 2585//532 2637//533
f 2585//532 2586//533 2637//533
f 2637//533 2586//533 2638//532
f 2586//533 2587//290 2638//532
f 2638//532 2587//290 2639//290
f 2587//290 2588//290 2639//290
f 2639//290 2588//290 2640//290
f 2588//290 2589//290 2640//290
f 2640//290 2589//290 2641//494
f 2589//290 2590//544 2641//494
f 2641//494 2590//544 2642//494
f 2590//544 2591//532 2642//494
f 2642//494 2591//532 2643//290
f 2591//532 2592//290 2643//290
f 2643//290 2592//290 2644//290
f 2592//290 2593//290 2644//290
f 2644//290 2593//290 2645//473
f 2593//290 2594//532 2645//473
f 2645//473 2594//532 2646//494
f 2594//532 2595//533 2646//494
f 2646//494 2595//533 2647//532
f 2595//533 2596//290 2647//532
f 2647//532 2596//290 2648//290
f 2596//290 2597//290 2648//290
f 2648//290 2597//290 2649//290
f 2597//290 2598//290 2649//290
f 2649//290 2598//290 2650//290
f 2598//290 2599//290 2650//290
f 2650//290 2599//290 2651//494
f 2599//290 2600//494 2651//494
f 2651//494 2600//494 2652//494
f 2600//494 2601//475 2652//494
f 2652//494 2601//475 2653//290
f 2601//475 2602//476 2653//290
f 2653//290 2602//476 2654//290
f 2602//476 2603//476 2655//534
f 2602//476 2655//534 2654//290
f 2603//476 2604//545 2655//534
f 2655//534 2604//545 2656//549
f 2605//546 2606//547 2657//550
f 2657//550 2606//547 2658//484
f 2606//547 2607//290 2658//484
f 2658//484 2607//290 2659//290
f 2607//290 2608//290 2659//290
f 2659//290 2608//290 2660//290
f 2608//290 2609//290 2660//290
f 2660//290 2609//290 2661//290
f 2609//290 2610//290 2661//290
f 2661//290 2610//290 2662//290
f 2610//290 2611//333 2662//290
f 2662//290 2611//333 2663//356
f 2611//333 2612//346 2663//356
f 2663//356 2612//346 2664//356
f 2612//346 2613//290 2664//356
f 2664//356 2613//290 2665//290
f 2613//290 2614//290 2665//290
f 2665//290 2614//290 2666//372
f 2614//290 2615//345 2666//372
f 2666//372 2615//345 2667//346
f 2615//345 2616//372 2667//346
f 2667//346 2616//372 2668//290
f 2616//372 2617//290 2668//290
f 2668//290 2617//290 2669//333
f 2617//290 2618//346 2669//333
f 2669//333 2618//346 2670//345
f 2618//346 2619//372 2670//345
f 2670//345 2619//372 2671//333
f 2619//372 2620//355 2671//333
f 2671//333 2620//355 2672//345
f 2620//355 2621//355 2672//345
f 2672//345 2621//355 2673//290
f 2621//355 2622//333 2673//290
f 2673//290 2622//333 2674//356
f 2622//333 2623//346 2674//356
f 2674//356 2623//346 2675//356
f 2623//346 2624//333 2675//356
f 2675//356 2624//333 2676//356
f 2624//333 2625//346 2676//356
f 2676//356 2625//346 2677//356
f 2625//346 2626//290 2677//356
f 2677//356 2626//290 2678//334
f 2626//290 2627//345 2678//334
f 2678//334 2627//345 2679//355
f 2627//345 2628//512 2679//355
f 2679//355 2628//512 2680//346
f 2628//512 2629//512 2680//346
f 2680//346 2629//512 2681//512
f 2629//512 2630//346 2681//512
f 2681//512 2630//346 2682//356
f 2630//346 2631//333 2682//356
f 2682//356 2631//333 2683//346
f 2631//333 2632//548 2683//346
f 2683//346 2632//548 2684//551
f 2632//548 2633//520 2684//551
f 2684//551 2633//520 2685//552
f 2633//520 2634//544 2685//552
f 2685//552 2634//544 2686//533
f 2634//544 2635//532 2686//533
f 2686//533 2635//532 2687//290
f 2635//532 2636//290 2687//290
f 2687//290 2636//290 2688//494
f 2636//290 2637//533 2688//494
f 2688//494 2637//533 2689//494
f 2637//533 2638//532 2689//494
f 2689//494 2638//532 2690//290
f 2638//532 2639//290 2690//290
f 2690//290 2639//290 2691//290
f 2639//290 2640//290 2691//290
f 2691//290 2640//290 2692//494
f 2640//290 2641//494 2692//494
f 2692//494 2641//494 2693//494
f 2641//494 2642//494 2693//494
f 2693//494 2642//494 2694//290
f 2642//494 2643//290 2694//290
f 2694//290 2643//290 2695//290
f 2643//290 2644//290 2695//290
f 2695//290 2644//290 2696//494
f 2644//290 2645//473 2696//494
f 2696//494 2645//473 2697//475
f 2645//473 2646//494 2697//475
f 2697//475 2646//494 2698//473
f 2646//494 2647//532 2698//473
f 2698//473 2647//532 2699//290
f 2647//532 2648//290 2699//290
f 2699//290 2648//290 2700//290
f 2648//290 2649//290 2700//290
f 2700//290 2649//290 2701//473
f 2649//290 2650//290 2701//473
f 2701//473 2650//290 2702//475
f 2650//290 2651//494 2702//475
f 2702//475 2651//494 2703//494
f 2651//494 2652//494 2703//494
f 2703//494 2652//494 2704//290
f 2652//494 2653//290 2704//290
f 2704//290 2653//290 2705//290
f 2653//290 2654//290 2705//290
f 2705//290 2654//290 2706//290
f 2654//290 2655//534 2706//290
f 2706//290 2655//534 2707//473
f 2655//534 2656//549 2707//473
f 2707//473 2656//549 2708//553
f 2657//550 2658//484 2709//554
f 2709//554 2658//484 2710//484
f 2658//484 2659//290 2710//484
f 2710//484 2659//290 2711//290
f 2659//290 2660//290 2711//290
f 2711//290 2660//290 2712//290
f 2660//290 2661//290 2712//290
f 2712//290 2661//290 2713//290
f 2661//290 2662//290 2713//290
f 2713//290 2662//290 2714//290
f 2662//290 2663//356 2714//290
f 2714//290 2663//356 2715//439
f 2663//356 2664//356 2715//439
f 2715//439 2664//356 2716//372
f 2664//356 2665//290 2716//372
f 2716//372 2665//290 2717//290
f 2665//290 2666//372 2717//290
f 2717//290 2666//372 2718//356
f 2666//372 2667//346 2718//356
f 2718//356 2667//346 2719//356
f 2667//346 2668//290 2719//356
f 2719//356 2668//290 2720//290
f 2668//290 2669//333 2720//290
f 2720//290 2669//333 2721//345
f 2669//333 2670//345 2721//345
f 2721//345 2670//345 2722//333
f 2670//345 2671//333 2722//333
f 2722//333 2671//333 2723//345
f 2671//333 2672//345 2723//345
f 2723//345 2672//345 2724//333
f 2672//345 2673//290 2724//333
f 2724//333 2673//290 2725//290
f 2673//290 2674//356 2725//290
f 2725//290 2674//356 2726//346
f 2674//356 2675//356 2726//346
f 2726//346 2675//356 2727//372
f 2675//356 2676//356 2727//372
f 2727//372 2676//356 2728//346
f 2676//356 2677//356 2728//346
f 2728//346 2677//356 2729//346
f 2677//356 2678//334 2729//346
f 2729//346 2678//334 2730//345
f 2678//334 2679//355 2730//345
f 2730//345 2679//355 2731//333
f 2679//355 2680//346 2731//333
f 2731//333 2680//346 2732//345
f 2680//346 2681//512 2732//345
f 2732//345 2681//512 2733//345
f 2681//512 2682//356 2733//345
f 2733//345 2682//356 2734//346
f 2682//356 2683//346 2734//346
f 2734//346 2683//346 2735//345
f 2683//346 2684//551 2735//345
f 2735//345 2684//551 2736//520
f 2684//551 2685//552 2736//520
f 2736//520 2685//552 2737//555
f 2685//552 2686//533 2737//555
f 2737//555 2686//533 2738//556
f 2686//533 2687//290 2738//556
f 2738//556 2687//290 2739//494
f 2687//290 2688//494 2739//494
f 2739//494 2688//494 2740//494
f 2688//494 2689//494 2740//494
f 2740//494 2689//494 2741//290
f 2689//494 2690//290 2741//290
f 2741//290 2690//290 2742//290
f 2690//290 2691//290 2742//290
f 2742//290 2691//290 2743//494
f 2691//290 2692//494 2743//494
f 2743//494 2692//494 2744//494
f 2692//494 2693//494 2744//494
f 2744//494 2693//494 2745//290
f 2693//494 2694//290 2745//290
f 2745//290 2694//290 2746//290
f 2694//290 2695//290 2746//290
f 2746//290 2695//290 2747//532
f 2695//290 2696//494 2747//532
f 2747//532 2696//494 2748//533
f 2696//494 2697//475 2748//533
f 2748//533 2697//475 2749//290
f 2697//475 2698//473 2749//290
f 2749//290 2698//473 2750//290
f 2698//473 2699//290 2750//290
f 2750//290 2699//290 2751//290
f 2699//290 2700//290 2751//290
f 2751//290 2700//290 2752//494
f 2700//290 2701//473 2752//494
f 2752//494 2701//473 2753//475
f 2701//473 2702//475 2753//475
f 2753//475 2702//475 2754//473
f 2702//475 2703//494 2754//473
f 2754//473 2703//494 2755//290
f 2703//494 2704//290 2755//290
f 2755//290 2704//290 2756//473
f 2704//290 2705//290 2756//473
f 2756//473 2705//290 2757//474
f 2705//290 2706//290 2757//474
f 2757//474 2706//290 2758//485
f 2706//290 2707//473 2758//485
f 2758//485 2707//473 2759//475
f 2707//473 2708//553 2759//475
f 2759//475 2708//553 2760//557
f 2709//554 2710//484 2761//558
f 2761//558 2710//484 2762//484
f 2710//484 2711//290 2762//484
f 2762//484 2711//290 2763//290
f 2711//290 2712//290 2763//290
f 2763//290 2712//290 2764//290
f 2712//290 2713//290 2764//290
f 2764//290 2713//290 2765//290
f 2713//290 2714//290 2765//290
f 2765//290 2714//290 2766//334
f 2714//290 2715//439 2766//334
f 2766//334 2715//439 2767//355
f 2715//439 2716//372 2767//355
f 2767//355 2716//372 2768//290
f 2716//372 2717//290 2768//290
f 2768//290 2717//290 2769//290
f 2717//290 2718//356 2769//290
f 2769//290 2718//356 2770//346
f 2718//356 2719//356 2770//346
f 2770//346 2719//356 2771//372
f 2719//356 2720//290 2771//372
f 2771//372 2720//290 2772//333
f 2720//290 2721//345 2772//333
f 2772//333 2721//345 2773//345
f 2721//345 2722//333 2773//345
f 2773//345 2722//333 2774//333
f 2722//333 2723//345 2774//333
f 2774//333 2723//345 2775//346
f 2723//345 2724//333 2775//346
f 2775//346 2724//333 2776//290
f 2724//333 2725//290 2776//290
f 2776//290 2725//290 2777//355
f 2725//290 2726//346 2777//355
f 2777//355 2726//346 2778//355
f 2726//346 2727//372 2778//355
f 2778//355 2727//372 2779//333
f 2727//372 2728//346 2779//333
f 2779//333 2728//346 2780//346
f 2728//346 2729//346 2780//346
f 2780//346 2729//346 2781//345
f 2729//346 2730//345 2781//345
f 2781//345 2730//345 2782//372
f 2730//345 2731//333 2782//372
f 2782//372 2731//333 2783//439
f 2731//333 2732//345 2783//439
f 2783//439 2732//345 2784//346
f 2732//345 2733//345 2784//346
f 2784//346 2733//345 2785//346
f 2733//345 2734//346 2785//346
f 2785//346 2734//346 2786//345
f 2734//346 2735//345 2786//345
f 2786//345 2735//345 2787//559
f 2735//345 2736//520 2787//559
f 2787//559 2736//520 2788//459
f 2736//520 2737//555 2788//459
f 2788//459 2737//555 2789//533
f 2737//555 2738//556 2789//533
f 2789//533 2738//556 2790//533
f 2738//556 2739//494 2790//533
f 2790//533 2739//494 2791//533
f 2739//494 2740//494 2791//533
f 2791//533 2740//494 2792//290
f 2740//494 2741//290 2792//290
f 2792//290 2741//290 2793//290
f 2741//290 2742//290 2793//290
f 2793//290 2742//290 2794//532
f 2742//290 2743//494 2794//532
f 2794//532 2743//494 2795//533
f 2743//494 2744//494 2795//533
f 2795//533 2744//494 2796//290
f 2744//494 2745//290 2796//290
f 2796//290 2745//290 2797//290
f 2745//290 2746//290 2797//290
f 2797//290 2746//290 2798//290
f 2746//290 2747//532 2798//290
f 2798//290 2747//532 2799//533
f 2747//532 2748//533 2799//533
f 2799//533 2748//533 2800//532
f 2748//533 2749//290 2800//532
f 2800//532 2749//290 2801//290
f 2749//290 2750//290 2801//290
f 2801//290 2750//290 2802//290
f 2750//290 2751//290 2802//290
f 2802//290 2751//290 2803//532
f 2751//290 2752//494 2803//532
f 2803//532 2752//494 2804//533
f 2752//494 2753//475 2804//533
f 2804//533 2753//475 2805//290
f 2753//475 2754//473 2805//290
f 2805//290 2754//473 2806//290
f 2754//473 2755//290 2806//290
f 2806//290 2755//290 2807//494
f 2755//290 2756//473 2807//494
f 2807//494 2756//473 2808//475
f 2756//473 2757//474 2808//475
f 2808//475 2757//474 2809//474
f 2757//474 2758//485 2809//474
f 2809//474 2758//485 2810//473
f 2758//485 2759//475 2810//473
f 2810//473 2759//475 2811//290
f 2759//475 2760//557 2811//290
f 2811//290 2760//557 2812//560
f 2761//558 2762//484 2813//561
f 2813//561 2762//484 2814//484
f 2762//484 2763//290 2814//484
f 2814//484 2763//290 2815//290
f 2763//290 2764//290 2815//290
f 2815//290 2764//290 2816//290
f 2764//290 2765//290 2816//290
f 2816//290 2765//290 2817//333
f 2765//290 2766//334 2817//333
f 2817//333 2766//334 2818//345
f 2766//334 2767//355 2818//345
f 2818//345 2767//355 2819//290
f 2767//355 2768//290 2819//290
f 2819//290 2768//290 2820//290
f 2768//290 2769//290 2820//290
f 2820//290 2769//290 2821//333
f 2769//290 2770//346 2821//333
f 2821//333 2770//346 2822//345
f 2770//346 2771//372 2822//345
f 2822//345 2771//372 2823//290
f 2771//372 2772//333 2823//290
f 2823//290 2772//333 2824//356
f 2772//333 2773//345 2824//356
f 2824//356 2773//345 2825//356
f 2773//345 2774//333 2825//356
f 2825//356 2774//333 2826//356
f 2774//333 2775//346 2826//356
f 2826//356 2775//346 2827//356
f 2775//346 2776//290 2827//356
f 2827//356 2776//290 2828//372
f 2776//290 2777//355 2828//372
f 2828//372 2777//355 2829//346
f 2777//355 2778//355 2829//346
f 2829//346 2778//355 2830//290
f 2778//355 2779//333 2830//290
f 2830//290 2779//333 2831//356
f 2779//333 2780//346 2831//356
f 2831//356 2780//346 2832//512
f 2780//346 2781//345 2832//512
f 2832//512 2781//345 2833//345
f 2781//345 2782//372 2833//345
f 2833//345 2782//372 2834//372
f 2782//372 2783//439 2834//372
f 2834//372 2783//439 2835//346
f 2783//439 2784//346 2835//346
f 2835//346 2784//346 2836//346
f 2784//346 2785//346 2836//346
f 2836//346 2785//346 2837//365
f 2785//346 2786//345 2837//365
f 2837//365 2786//345 2838//562
f 2786//345 2787//559 2838//562
f 2838//562 2787//559 2839//520
f 2787//559 2788//459 2839//520
f 2839//520 2788//459 2840//494
f 2788//459 2789//533 2840//494
f 2840//494 2789//533 2841//494
f 2789//533 2790//533 2841//494
f 2841//494 2790//533 2842//544
f 2790//533 2791//533 2842//544
f 2842//544 2791//533 2843//532
f 2791//533 2792//290 2843//532
f 2843//532 2792//290 2844//290
f 2792//290 2793//290 2844//290
f 2844//290 2793//290 2845//290
f 2793//290 2794//532 2845//290
f 2845//290 2794//532 2846//544
f 2794//532 2795//533 2846//544
f 2846//544 2795//533 2847//532
f 2795//533 2796//290 2847//532
f 2847//532 2796//290 2848//290
f 2796//290 2797//290 2848//290
f 2848//290 2797//290 2849//290
f 2797//290 2798//290 2849//290
f 2849//290 2798//290 2850//494
f 2798//290 2799//533 2850//494
f 2850//494 2799//533 2851//494
f 2799//533 2800//532 2851//494
f 2851//494 2800//532 2852//290
f 2800//532 2801//290 2852//290
f 2852//290 2801//290 2853//290
f 2801//290 2802//290 2853//290
f 2853//290 2802//290 2854//290
f 2802//290 2803//532 2854//290
f 2854//290 2803//532 2855//533
f 2803//532 2804//533 2855//533
f 2855//533 2804//533 2856//532
f 2804//533 2805//290 2856//532
f 2856//532 2805//290 2857//290
f 2805//290 2806//290 2857//290
f 2857//290 2806//290 2858//494
f 2806//290 2807//494 2858//494
f 2858//494 2807//494 2859//494
f 2807//494 2808//475 2859//494
f 2859//494 2808//475 2860//290
f 2808//475 2809//474 2860//290
f 2860//290 2809//474 2861//290
f 2809//474 2810//473 2861//290
f 2861//290 2810//473 2862//473
f 2810//473 2811//290 2862//473
f 2862//473 2811//290 2863//475
f 2811//290 2812//560 2863//475
f 2863//475 2812//560 2864//563
f 2813//561 2814//484 2865//541
f 2865//541 2814//484 2866//564
f 2814//484 2815//290 2866//564
f 2866//564 2815//290 2867//565
f 2815//290 2816//290 2867//565
f 2867//565 2816//290 2868//326
f 2816//290 2817//333 2868//326
f 2868//326 2817//333 2869//355
f 2817//333 2818//345 2869//355
f 2869//355 2818//345 2870//333
f 2818//345 2819//290 2870//333
f 2870//333 2819//290 2871//290
f 2819//290 2820//290 2871//290
f 2871//290 2820//290 2872//325
f 2820//290 2821//333 2872//325
f 2872//325 2821//333 2873//334
f 2821//333 2822//345 2873//334
f 2873//334 2822//345 2874//372
f 2822//345 2823//290 2874//372
f 2874//372 2823//290 2875//290
f 2823//290 2824//356 2875//290
f 2875//290 2824//356 2876//346
f 2824//356 2825//356 2876//346
f 2876//346 2825//356 2877//372
f 2825//356 2826//356 2877//372
f 2877//372 2826//356 2878//346
f 2826//356 2827//356 2878//346
f 2878//346 2827//356 2879//372
f 2827//356 2828//372 2879//372
f 2879//372 2828//372 2880//356
f 2828//372 2829//346 2880//356
f 2880//356 2829//346 2881//356
f 2829//346 2830//290 2881//356
f 2881//356 2830//290 2882//290
f 2830//290 2831//356 2882//290
f 2882//290 2831//356 2883//345
f 2831//356 2832//512 2883//345
f 2883//345 2832//512 2884//385
f 2832//512 2833//345 2884//385
f 2884//385 2833//345 2885//372
f 2833//345 2834//372 2885//372
f 2885//372 2834//372 2886//346
f 2834//372 2835//346 2886//346
f 2886//346 2835//346 2887//365
f 2835//346 2836//346 2887//365
f 2887//365 2836//346 2888//365
f 2836//346 2837//365 2888//365
f 2888//365 2837//365 2889//346
f 2837//365 2838//562 2889//346
f 2889//346 2838//562 2890//520
f 2838//562 2839//520 2890//520
f 2890//520 2839//520 2891//566
f 2839//520 2840//494 2891//566
f 2891//566 2840//494 2892//494
f 2840//494 2841//494 2892//494
f 2892//494 2841//494 2893//494
f 2841//494 2842//544 2893//494
f 2893//494 2842//544 2894//494
f 2842//544 2843//532 2894//494
f 2894//494 2843//532 2895//290
f 2843//532 2844//290 2895//290
f 2895//290 2844//290 2896//290
f 2844//290 2845//290 2896//290
f 2896//290 2845//290 2897//494
f 2845//290 2846//544 2897//494
f 2897//494 2846//544 2898//494
f 2846//544 2847//532 2898//494
f 2898//494 2847//532 2899//290
f 2847//532 2848//290 2899//290
f 2899//290 2848//290 2900//290
f 2848//290 2849//290 2900//290
f 2900//290 2849//290 2901//494
f 2849//290 2850//494 2901//494
f 2901//494 2850//494 2902//494
f 2850//494 2851//494 2902//494
f 2902//494 2851//494 2903//290
f 2851//494 2852//290 2903//290
f 2903//290 2852//290 2904//290
f 2852//290 2853//290 2904//290
f 2904//290 2853//290 2905//473
f 2853//290 2854//290 2905//473
f 2905//473 2854//290 2906//485
f 2854//290 2855//533 2906//485
f 2906//485 2855//533 2907//494
f 2855//533 2856//532 2907//494
f 2907//494 2856//532 2908//290
f 2856//532 2857//290 2908//290
f 2908//290 2857//290 2909//494
f 2857//290 2858//494 2909//494
f 2909//494 2858//494 2910//494
f 2858//494 2859//494 2910//494
f 2910//494 2859//494 2911//290
f 2859//494 2860//290 2911//290
f 2911//290 2860//290 2912//473
f 2860//290 2861//290 2912//473
f 2912//473 2861//290 2913//485
f 2861//290 2862//473 2913//485
f 2913//485 2862//473 2914//475
f 2862//473 2863//475 2914//475
f 2914//475 2863//475 2915//473
f 2863//475 2864//563 2915//473
f 2915//473 2864//563 2916//303
f 2865//541 2866//564 2917//567
f 2866//564 2867//565 2918//568
f 2866//564 2918//568 2917//567
f 2867//565 2868//326 2918//568
f 2918//568 2868//326 2919//400
f 2868//326 2869//355 2919//400
f 2919//400 2869//355 2920//325
f 2869//355 2870//333 2920//325
f 2920//325 2870//333 2921//290
f 2870//333 2871//290 2921//290
f 2921//290 2871//290 2922//333
f 2871//290 2872//325 2922//333
f 2922//333 2872//325 2923//334
f 2872//325 2873//334 2923//334
f 2923//334 2873//334 2924//399
f 2873//334 2874//372 2924//399
f 2924//399 2874//372 2925//290
f 2874//372 2875//290 2925//290
f 2925//290 2875//290 2926//355
f 2875//290 2876//346 2926//355
f 2926//355 2876//346 2927//355
f 2876//346 2877//372 2927//355
f 2927//355 2877//372 2928//355
f 2877//372 2878//346 2928//355
f 2928//355 2878//346 2929//355
f 2878//346 2879//372 2929//355
f 2929//355 2879//372 2930//290
f 2879//372 2880//356 2930//290
f 2930//290 2880//356 2931//346
f 2880//356 2881//356 2931//346
f 2931//346 2881//356 2932//372
f 2881//356 2882//290 2932//372
f 2932//372 2882//290 2933//355
f 2882//290 2883//345 2933//355
f 2933//355 2883//345 2934//365
f 2883//345 2884//385 2934//365
f 2934//365 2884//385 2935//345
f 2884//385 2885//372 2935//345
f 2935//345 2885//372 2936//334
f 2885//372 2886//346 2936//334
f 2936//334 2886//346 2937//365
f 2886//346 2887//365 2937//365
f 2937//365 2887//365 2938//345
f 2887//365 2888//365 2938//345
f 2938//345 2888//365 2939//346
f 2888//365 2889//346 2939//346
f 2939//346 2889//346 2940//569
f 2889//346 2890//520 2940//569
f 2940//569 2890//520 2941//570
f 2890//520 2891//566 2941//570
f 2941//570 2891//566 2942//533
f 2891//566 2892//494 2942//533
f 2942//533 2892//494 2943//532
f 2892//494 2893//494 2943//532
f 2943//532 2893//494 2944//533
f 2893//494 2894//494 2944//533
f 2944//533 2894//494 2945//290
f 2894//494 2895//290 2945//290
f 2945//290 2895//290 2946//290
f 2895//290 2896//290 2946//290
f 2946//290 2896//290 2947//532
f 2896//290 2897//494 2947//532
f 2947//532 2897//494 2948//533
f 2897//494 2898//494 2948//533
f 2948//533 2898//494 2949//290
f 2898//494 2899//290 2949//290
f 2949//290 2899//290 2950//290
f 2899//290 2900//290 2950//290
f 2950//290 2900//290 2951//532
f 2900//290 2901//494 2951//532
f 2951//532 2901//494 2952//533
f 2901//494 2902//494 2952//533
f 2952//533 2902//494 2953//290
f 2902//494 2903//290 2953//290
f 2953//290 2903//290 2954//290
f 2903//290 2904//290 2954//290
f 2954//290 2904//290 2955//532
f 2904//290 2905//473 2955//532
f 2955//532 2905//473 2956//494
f 2905//473 2906//485 2956//494
f 2956//494 2906//485 2957//473
f 2906//485 2907//494 2957//473
f 2957//473 2907//494 2958//290
f 2907//494 2908//290 2958//290
f 2958//290 2908//290 2959//532
f 2908//290 2909//494 2959//532
f 2959//532 2909//494 2960//533
f 2909//494 2910//494 2960//533
f 2960//533 2910//494 2961//290
f 2910//494 2911//290 2961//290
f 2961//290 2911//290 2962//494
f 2911//290 2912//473 2962//494
f 2962//494 2912//473 2963//475
f 2912//473 2913//485 2963//475
f 2963//475 2913//485 2964//473
f 2913//485 2914//475 2964//473
f 2964//473 2914//475 2965//290
f 2914//475 2915//473 2965//290
f 2965//290 2915//473 2966//290
f 2915//473 2916//303 2966//290
f 2966//290 2916//303 2967//303
f 2917//567 2918//568 2968//571
f 2918//568 2919//400 2969//572
f 2918//568 2969//572 2968//571
f 2919//400 2920//325 2969//572
f 2969//572 2920//325 2970//290
f 2920//325 2921//290 2970//290
f 2970//290 2921//290 2971//290
f 2921//290 2922//333 2971//290
f 2971//290 2922//333 2972//345
f 2922//333 2923//334 2972//345
f 2972//345 2923//334 2973//333
f 2923//334 2924//399 2973//333
f 2973//333 2924//399 2974//290
f 2924//399 2925//290 2974//290
f 2974//290 2925//290 2975//333
f 2925//290 2926//355 2975//333
f 2975//333 2926//355 2976//345
f 2926//355 2927//355 2976//345
f 2976//345 2927//355 2977//372
f 2927//355 2928//355 2977//372
f 2977//372 2928//355 2978//345
f 2928//355 2929//355 2978//345
f 2978//345 2929//355 2979//290
f 2929//355 2930//290 2979//290
f 2979//290 2930//290 2980//333
f 2930//290 2931//346 2980//333
f 2980//333 2931//346 2981//346
f 2931//346 2932//372 2981//346
f 2981//346 2932//372 2982//333
f 2932//372 2933//355 2982//333
f 2982//333 2933//355 2983//346
f 2933//355 2934//365 2983//346
f 2983//346 2934//365 2984//356
f 2934//365 2935//345 2984//356
f 2984//356 2935//345 2985//512
f 2935//345 2936//334 2985//512
f 2985//512 2936//334 2986//345
f 2936//334 2937//365 2986//345
f 2986//345 2937//365 2987//346
f 2937//365 2938//345 2987//346
f 2987//346 2938//345 2988//346
f 2938//345 2939//346 2988//346
f 2988//346 2939//346 2989//346
f 2939//346 2940//569 2989//346
f 2989//346 2940//569 2990//520
f 2940//569 2941//570 2990//520
f 2990//520 2941//570 2991//555
f 2941//570 2942//533 2991//555
f 2991//555 2942//533 2992//556
f 2942//533 2943//532 2992//556
f 2992//556 2943//532 2993//544
f 2943//532 2944//533 2993//544
f 2993//544 2944//533 2994//532
f 2944//533 2945//290 2994//532
f 2994//532 2945//290 2995//290
f 2945//290 2946//290 2995//290
f 2995//290 2946//290 2996//290
f 2946//290 2947//532 2996//290
f 2996//290 2947//532 2997//544
f 2947//532 2948//533 2997//544
f 2997//544 2948//533 2998//532
f 2948//533 2949//290 2998//532
f 2998//532 2949//290 2999//290
f 2949//290 2950//290 2999//290
f 2999//290 2950//290 3000//290
f 2950//290 2951//532 3000//290
f 3000//290 2951//532 3001//544
f 2951//532 2952//533 3001//544
f 3001//544 2952//533 3002//532
f 2952//533 2953//290 3002//532
f 3002//532 2953//290 3003//290
f 2953//290 2954//290 3003//290
f 3003//290 2954//290 3004//290
f 2954//290 2955//532 3004//290
f 3004//290 2955//532 3005//544
f 2955//532 2956//494 3005//544
f 3005//544 2956//494 3006//532
f 2956//494 2957//473 3006//532
f 3006//532 2957//473 3007//290
f 2957//473 2958//290 3007//290
f 3007//290 2958//290 3008//290
f 2958//290 2959//532 3008//290
f 3008//290 2959//532 3009//544
f 2959//532 2960//533 3009//544
f 3009//544 2960//533 3010//532
f 2960//533 2961//290 3010//532
f 3010//532 2961//290 3011//532
f 2961//290 2962//494 3011//532
f 3011//532 2962//494 3012//533
f 2962//494 2963//475 3012//533
f 3012//533 2963//475 3013//290
f 2963//475 2964//473 3013//290
f 3013//290 2964//473 3014//290
f 2964//473 2965//290 3014//290
f 3014//290 2965//290 3015//290
f 2965//290 2966//290 3015//290
f 3015//290 2966//290 3016//473
f 2966//290 2967//303 3016//473
f 3016//473 2967//303 3017//545
f 2968//571 2969//572 3018//492
f 3018//492 2969//572 3019//573
f 2969//572 2970//290 3019//573
f 3019//573 2970//290 3020//290
f 2970//290 2971//290 3020//290
f 3020//290 2971//290 3021//333
f 2971//290 2972//345 3021//333
f 3021//333 2972//345 3022//346
f 2972//345 2973//333 3022//346
f 3022//346 2973//333 3023//290
f 2973//333 2974//290 3023//290
f 3023//290 2974//290 3024//290
f 2974//290 2975//333 3024//290
f 3024//290 2975//333 3025//346
f 2975//333 2976//345 3025//346
f 3025//346 2976//345 3026//372
f 2976//345 2977//372 3026//372
f 3026//372 2977//372 3027//356
f 2977//372 2978//345 3027//356
f 3027//356 2978//345 3028//356
f 2978//345 2979//290 3028//356
f 3028//356 2979//290 3029//290
f 2979//290 2980//333 3029//290
f 3029//290 2980//333 3030//345
f 2980//333 2981//346 3030//345
f 3030//345 2981//346 3031//333
f 2981//346 2982//333 3031//333
f 3031//333 2982//333 3032//346
f 2982//333 2983//346 3032//346
f 3032//346 2983//346 3033//333
f 2983//346 2984//356 3033//333
f 3033//333 2984//356 3034//345
f 2984//356 2985//512 3034//345
f 3034//345 2985//512 3035//385
f 2985//512 2986//345 3035//385
f 3035//385 2986//345 3036//365
f 2986//345 2987//346 3036//365
f 3036//365 2987//346 3037//355
f 2987//346 2988//346 3037//355
f 3037//355 2988//346 3038//346
f 2988//346 2989//346 3038//346
f 3038//346 2989//346 3039//569
f 2989//346 2990//520 3039//569
f 3039//569 2990//520 3040//520
f 2990//520 2991//555 3040//520
f 3040//520 2991//555 3041//544
f 2991//555 2992//556 3041//544
f 3041//544 2992//556 3042//533
f 2992//556 2993//544 3042//533
f 3042//533 2993//544 3043//533
f 2993//544 2994//532 3043//533
f 3043//533 2994//532 3044//290
f 2994//532 2995//290 3044//290
f 3044//290 2995//290 3045//290
f 2995//290 2996//290 3045//290
f 3045//290 2996//290 3046//494
f 2996//290 2997//544 3046//494
f 3046//494 2997//544 3047//494
f 2997//544 2998//532 3047//494
f 3047//494 2998//532 3048//290
f 2998//532 2999//290 3048//290
f 3048//290 2999//290 3049//290
f 2999//290 3000//290 3049//290
f 3049//290 3000//290 3050//532
f 3000//290 3001//544 3050//532
f 3050//532 3001//544 3051//533
f 3001//544 3002//532 3051//533
f 3051//533 3002//532 3052//290
f 3002//532 3003//290 3052//290
f 3052//290 3003//290 3053//290
f 3003//290 3004//290 3053//290
f 3053//290 3004//290 3054//494
f 3004//290 3005//544 3054//494
f 3054//494 3005//544 3055//494
f 3005//544 3006//532 3055//494
f 3055//494 3006//532 3056//290
f 3006//532 3007//290 3056//290
f 3056//290 3007//290 3057//290
f 3007//290 3008//290 3057//290
f 3057//290 3008//290 3058//494
f 3008//290 3009//544 3058//494
f 3058//494 3009//544 3059//494
f 3009//544 3010//532 3059//494
f 3059//494 3010//532 3060//290
f 3010//532 3011//532 3060//290
f 3060//290 3011//532 3061//544
f 3011//532 3012//533 3061//544
f 3061//544 3012//533 3062//532
f 3012//533 3013//290 3062//532
f 3062//532 3013//290 3063//290
f 3013//290 3014//290 3063//290
f 3063//290 3014//290 3064//290
f 3014//290 3015//290 3064//290
f 3064//290 3015//290 3065//494
f 3015//290 3016//473 3065//494
f 3065//494 3016//473 3066//475
f 3016//473 3017//545 3066//475
f 3066//475 3017//545 3067//574
f 3018//492 3019//573 3068//575
f 3019//573 3020//290 3069//576
f 3019//573 3069//576 3068//575
f 3020//290 3021//333 3069//576
f 3069//576 3021//333 3070//334
f 3021//333 3022//346 3070//334
f 3070//334 3022//346 3071//372
f 3022//346 3023//290 3071//372
f 3071//372 3023//290 3072//290
f 3023//290 3024//290 3072//290
f 3072//290 3024//290 3073//355
f 3024//290 3025//346 3073//355
f 3073//355 3025//346 3074//355
f 3025//346 3026//372 3074//355
f 3074//355 3026//372 3075//290
f 3026//372 3027//356 3075//290
f 3075//290 3027//356 3076//346
f 3027//356 3028//356 3076//346
f 3076//346 3028//356 3077//372
f 3028//356 3029//290 3077//372
f 3077//372 3029//290 3078//333
f 3029//290 3030//345 3078//333
f 3078//333 3030//345 3079//346
f 3030//345 3031//333 3079//346
f 3079//346 3031//333 3080//333
f 3031//333 3032//346 3080//333
f 3080//333 3032//346 3081//346
f 3032//346 3033//333 3081//346
f 3081//346 3033//333 3082//333
f 3033//333 3034//345 3082//333
f 3082//333 3034//345 3083//385
f 3034//345 3035//385 3083//385
f 3083//385 3035//385 3084//385
f 3035//385 3036//365 3084//385
f 3084//385 3036//365 3085//346
f 3036//365 3037//355 3085//346
f 3085//346 3037//355 3086//333
f 3037//355 3038//346 3086//333
f 3086//333 3038//346 3087//346
f 3038//346 3039//569 3087//346
f 3087//346 3039//569 3088//520
f 3039//569 3040//520 3088//520
f 3088//520 3040//520 3089//543
f 3040//520 3041//544 3089//543
f 3089//543 3041//544 3090//533
f 3041//544 3042//533 3090//533
f 3090//533 3042//533 3091//556
f 3042//533 3043//533 3091//556
f 3091//556 3043//533 3092//556
f 3043//533 3044//290 3092//556
f 3092//556 3044//290 3093//290
f 3044//290 3045//290 3093//290
f 3093//290 3045//290 3094//532
f 3045//290 3046//494 3094//532
f 3094//532 3046//494 3095//533
f 3046//494 3047//494 3095//533
f 3095//533 3047//494 3096//290
f 3047//494 3048//290 3096//290
f 3096//290 3048//290 3097//290
f 3048//290 3049//290 3097//290
f 3097//290 3049//290 3098//290
f 3049//290 3050//532 3098//290
f 3098//290 3050//532 3099//533
f 3050//532 3051//533 3099//533
f 3099//533 3051//533 3100//532
f 3051//533 3052//290 3100//532
f 3100//532 3052//290 3101//290
f 3052//290 3053//290 3101//290
f 3101//290 3053//290 3102//494
f 3053//290 3054//494 3102//494
f 3102//494 3054//494 3103//494
f 3054//494 3055//494 3103//494
f 3103//494 3055//494 3104//290
f 3055//494 3056//290 3104//290
f 3104//290 3056//290 3105//290
f 3056//290 3057//290 3105//290
f 3105//290 3057//290 3106//494
f 3057//290 3058//494 3106//494
f 3106//494 3058//494 3107//494
f 3058//494 3059//494 3107//494
f 3107//494 3059//494 3108//290
f 3059//494 3060//290 3108//290
f 3108//290 3060//290 3109//494
f 3060//290 3061//544 3109//494
f 3109//494 3061//544 3110//494
f 3061//544 3062//532 3110//494
f 3110//494 3062//532 3111//290
f 3062//532 3063//290 3111//290
f 3111//290 3063//290 3112//290
f 3063//290 3064//290 3112//290
f 3112//290 3064//290 3113//494
f 3064//290 3065//494 3113//494
f 3113//494 3065//494 3114//494
f 3065//494 3066//475 3114//494
f 3114//494 3066//475 3115//290
f 3066//475 3067//574 3115//290
f 3115//290 3067//574 3116//303
f 3068//575 3069//576 3118//577
f 3068//575 3118//577 3117//578
f 3069//576 3070//334 3118//577
f 3118//577 3070//334 3119//325
f 3070//334 3071//372 3119//325
f 3119//325 3071//372 3120//290
f 3071//372 3072//290 3120//290
f 3120//290 3072//290 3121//334
f 3072//290 3073//355 3121//334
f 3121//334 3073//355 3122//355
f 3073//355 3074//355 3122//355
f 3122//355 3074//355 3123//290
f 3074//355 3075//290 3123//290
f 3123//290 3075//290 3124//333
f 3075//290 3076//346 3124//333
f 3124//333 3076//346 3125//345
f 3076//346 3077//372 3125//345
f 3125//345 3077//372 3126//290
f 3077//372 3078//333 3126//290
f 3126//290 3078//333 3127//346
f 3078//333 3079//346 3127//346
f 3127//346 3079//346 3128//372
f 3079//346 3080//333 3128//372
f 3128//372 3080//333 3129//356
f 3080//333 3081//346 3129//356
f 3129//356 3081//346 3130//356
f 3081//346 3082//333 3130//356
f 3130//356 3082//333 3131//356
f 3082//333 3083//385 3131//356
f 3131//356 3083//385 3132//579
f 3083//385 3084//385 3132//579
f 3132//579 3084//385 3133//579
f 3084//385 3085//346 3133//579
f 3133//579 3085//346 3134//356
f 3085//346 3086//333 3134//356
f 3134//356 3086//333 3135//345
f 3086//333 3087//346 3135//345
f 3135//345 3087//346 3136//569
f 3087//346 3088//520 3136//569
f 3136//569 3088//520 3137//520
f 3088//520 3089//543 3137//520
f 3137//520 3089//543 3138//544
f 3089//543 3090//533 3138//544
f 3138//544 3090//533 3139//532
f 3090//533 3091//556 3139//532
f 3139//532 3091//556 3140//533
f 3091//556 3092//556 3140//533
f 3140//533 3092//556 3141//532
f 3092//556 3093//290 3141//532
f 3141//532 3093//290 3142//473
f 3093//290 3094//532 3142//473
f 3142//473 3094//532 3143//494
f 3094//532 3095//533 3143//494
f 3143//494 3095//533 3144//532
f 3095//533 3096//290 3144//532
f 3144//532 3096//290 3145//290
f 3096//290 3097//290 3145//290
f 3145//290 3097//290 3146//290
f 3097//290 3098//290 3146//290
f 3146//290 3098//290 3147//494
f 3098//290 3099//533 3147//494
f 3147//494 3099//533 3148//494
f 3099//533 3100//532 3148//494
f 3148//494 3100//532 3149//290
f 3100//532 3101//290 3149//290
f 3149//290 3101//290 3150//532
f 3101//290 3102//494 3150//532
f 3150//532 3102//494 3151//533
f 3102//494 3103//494 3151//533
f 3151//533 3103//494 3152//290
f 3103//494 3104//290 3152//290
f 3152//290 3104//290 3153//290
f 3104//290 3105//290 3153//290
f 3153//290 3105//290 3154//532
f 3105//290 3106//494 3154//532
f 3154//532 3106//494 3155//533
f 3106//494 3107//494 3155//533
f 3155//533 3107//494 3156//290
f 3107//494 3108//290 3156//290
f 3156//290 3108//290 3157//532
f 3108//290 3109//494 3157//532
f 3157//532 3109//494 3158//533
f 3109//494 3110//494 3158//533
f 3158//533 3110//494 3159//290
f 3110//494 3111//290 3159//290
f 3159//290 3111//290 3160//290
f 3111//290 3112//290 3160//290
f 3160//290 3112//290 3161//494
f 3112//290 3113//494 3161//494
f 3161//494 3113//494 3162//494
f 3113//494 3114//494 3162//494
f 3162//494 3114//494 3163//290
f 3114//494 3115//290 3163//290
f 3163//290 3115//290 3164//290
f 3115//290 3116//303 3164//290
f 3164//290 3116//303 3165//303
f 3117//578 3118//577 3166//580
f 3166//580 3118//577 3167//581
f 3118//577 3119//325 3167//581
f 3167//581 3119//325 3168//290
f 3119//325 3120//290 3168//290
f 3168//290 3120//290 3169//333
f 3120//290 3121//334 3169//333
f 3169//333 3121//334 3170//346
f 3121//334 3122//355 3170//346
f 3170//346 3122//355 3171//290
f 3122//355 3123//290 3171//290
f 3171//290 3123//290 3172//290
f 3123//290 3124//333 3172//290
f 3172//290 3124//333 3173//345
f 3124//333 3125//345 3173//345
f 3173//345 3125//345 3174//372
f 3125//345 3126//290 3174//372
f 3174//372 3126//290 3175//355
f 3126//290 3127//346 3175//355
f 3175//355 3127//346 3176//355
f 3127//346 3128//372 3176//355
f 3176//355 3128//372 3177//290
f 3128//372 3129//356 3177//290
f 3177//290 3129//356 3178//346
f 3129//356 3130//356 3178//346
f 3178//346 3130//356 3179//355
f 3130//356 3131//356 3179//355
f 3179//355 3131//356 3180//334
f 3131//356 3132//579 3180//334
f 3180//334 3132//579 3181//385
f 3132//579 3133//579 3181//385
f 3181//385 3133//579 3182//385
f 3133//579 3134//356 3182//385
f 3182//385 3134//356 3183//365
f 3134//356 3135//345 3183//365
f 3183//365 3135//345 3184//334
f 3135//345 3136//569 3184//334
f 3184//334 3136//569 3185//520
f 3136//569 3137//520 3185//520
f 3185//520 3137//520 3186//582
f 3137//520 3138//544 3186//582
f 3186//582 3138//544 3187//533
f 3138//544 3139//532 3187//533
f 3187//533 3139//532 3188//532
f 3139//532 3140//533 3188//532
f 3188//532 3140//533 3189//533
f 3140//533 3141//532 3189//533
f 3189//533 3141//532 3190//532
f 3141//532 3142//473 3190//532
f 3190//532 3142//473 3191//494
f 3142//473 3143//494 3191//494
f 3191//494 3143//494 3192//473
f 3143//494 3144//532 3192//473
f 3192//473 3144//532 3193//290
f 3144//532 3145//290 3193//290
f 3193//290 3145//290 3194//290
f 3145//290 3146//290 3194//290
f 3194//290 3146//290 3195//494
f 3146//290 3147//494 3195//494
f 3195//494 3147//494 3196//494
f 3147//494 3148//494 3196//494
f 3196//494 3148//494 3197//290
f 3148//494 3149//290 3197//290
f 3197//290 3149//290 3198//290
f 3149//290 3150//532 3198//290
f 3198//290 3150//532 3199//533
f 3150//532 3151//533 3199//533
f 3199//533 3151//533 3200//532
f 3151//533 3152//290 3200//532
f 3200//532 3152//290 3201//290
f 3152//290 3153//290 3201//290
f 3201//290 3153//290 3202//290
f 3153//290 3154//532 3202//290
f 3202//290 3154//532 3203//533
f 3154//532 3155//533 3203//533
f 3203//533 3155//533 3204//532
f 3155//533 3156//290 3204//532
f 3204//532 3156//290 3205//290
f 3156//290 3157//532 3205//290
f 3205//290 3157//532 3206//544
f 3157//532 3158//533 3206//544
f 3206//544 3158//533 3207//532
f 3158//533 3159//290 3207//532
f 3207//532 3159//290 3208//290
f 3159//290 3160//290 3208//290
f 3208//290 3160//290 3209//532
f 3160//290 3161//494 3209//532
f 3209//532 3161//494 3210//533
f 3161//494 3162//494 3210//533
f 3210//533 3162//494 3211//290
f 3162//494 3163//290 3211//290
f 3211//290 3163//290 3212//290
f 3163//290 3164//290 3212//290
f 3212//290 3164//290 3213//473
f 3164//290 3165//303 3213//473
f 3213//473 3165//303 3214//583
f 3166//580 3167//581 3215//448
f 3215//448 3167//581 3216//584
f 3167//581 3168//290 3216//584
f 3216//584 3168//290 3217//290
f 3168//290 3169//333 3217//290
f 3217//290 3169//333 3218//345
f 3169//333 3170//346 3218//345
f 3218//345 3170//346 3219//333
f 3170//346 3171//290 3219//333
f 3219//333 3171//290 3220//290
f 3171//290 3172//290 3220//290
f 3220//290 3172//290 3221//355
f 3172//290 3173//345 3221//355
f 3221//355 3173//345 3222//355
f 3173//345 3174//372 3222//355
f 3222//355 3174//372 3223//333
f 3174//372 3175//355 3223//333
f 3223//333 3175//355 3224//345
f 3175//355 3176//355 3224//345
f 3224//345 3176//355 3225//290
f 3176//355 3177//290 3225//290
f 3225//290 3177//290 3226//355
f 3177//290 3178//346 3226//355
f 3226//355 3178//346 3227//365
f 3178//346 3179//355 3227//365
f 3227//365 3179//355 3228//334
f 3179//355 3180//334 3228//334
f 3228//334 3180//334 3229//355
f 3180//334 3181//385 3229//355
f 3229//355 3181//385 3230//385
f 3181//385 3182//385 3230//385
f 3230//385 3182//385 3231//385
f 3182//385 3183//365 3231//385
f 3231//385 3183//365 3232//346
f 3183//365 3184//334 3232//346
f 3232//346 3184//334 3233//525
f 3184//334 3185//520 3233//525
f 3233//525 3185//520 3234//520
f 3185//520 3186//582 3234//520
f 3234//520 3186//582 3235//556
f 3186//582 3187//533 3235//556
f 3235//556 3187//533 3236//556
f 3187//533 3188//532 3236//556
f 3236//556 3188//532 3237//544
f 3188//532 3189//533 3237//544
f 3237//544 3189//533 3238//532
f 3189//533 3190//532 3238//532
f 3238//532 3190//532 3239//544
f 3190//532 3191//494 3239//544
f 3239//544 3191//494 3240//532
f 3191//494 3192//473 3240//532
f 3240//532 3192//473 3241//290
f 3192//473 3193//290 3241//290
f 3241//290 3193//290 3242//473
f 3193//290 3194//290 3242//473
f 3242//473 3194//290 3243//475
f 3194//290 3195//494 3243//475
f 3243//475 3195//494 3244//494
f 3195//494 3196//494 3244//494
f 3244//494 3196//494 3245//290
f 3196//494 3197//290 3245//290
f 3245//290 3197//290 3246//290
f 3197//290 3198//290 3246//290
f 3246//290 3198//290 3247//532
f 3198//290 3199//533 3247//532
f 3247//532 3199//533 3248//533
f 3199//533 3200//532 3248//533
f 3248//533 3200//532 3249//290
f 3200//532 3201//290 3249//290
f 3249//290 3201//290 3250//290
f 3201//290 3202//290 3250//290
f 3250//290 3202//290 3251//494
f 3202//290 3203//533 3251//494
f 3251//494 3203//533 3252//494
f 3203//533 3204//532 3252//494
f 3252//494 3204//532 3253//290
f 3204//532 3205//290 3253//290
f 3253//290 3205//290 3254//494
f 3205//290 3206//544 3254//494
f 3254//494 3206//544 3255//494
f 3206//544 3207//532 3255//494
f 3255//494 3207//532 3256//290
f 3207//532 3208//290 3256//290
f 3256//290 3208//290 3257//290
f 3208//290 3209//532 3257//290
f 3257//290 3209//532 3258//544
f 3209//532 3210//533 3258//544
f 3258//544 3210//533 3259//532
f 3210//533 3211//290 3259//532
f 3259//532 3211//290 3260//290
f 3211//290 3212//290 3260//290
f 3260//290 3212//290 3261//532
f 3212//290 3213//473 3261//532
f 3261//532 3213//473 3262//494
f 3213//473 3214//583 3262//494
f 3262//494 3214//583 3263//585
f 3215//448 3216//584 3264//586
f 3216//584 3217//290 3265//587
f 3216//584 3265//587 3264//586
f 3217//290 3218//345 3265//587
f 3265//587 3218//345 3266//355
f 3218//345 3219//333 3266//355
f 3266//355 3219//333 3267//290
f 3219//333 3220//290 3267//290
f 3267//290 3220//290 3268//355
f 3220//290 3221//355 3268//355
f 3268//355 3221//355 3269//355
f 3221//355 3222//355 3269//355
f 3269//355 3222//355 3270//290
f 3222//355 3223//333 3270//290
f 3270//290 3223//333 3271//346
f 3223//333 3224//345 3271//346
f 3271//346 3224//345 3272//372
f 3224//345 3225//290 3272//372
f 3272//372 3225//290 3273//355
f 3225//290 3226//355 3273//355
f 3273//355 3226//355 3274//355
f 3226//355 3227//365 3274//355
f 3274//355 3227//365 3275//346
f 3227//365 3228//334 3275//346
f 3275//346 3228//334 3276//372
f 3228//334 3229//355 3276//372
f 3276//372 3229//355 3277//356
f 3229//355 3230//385 3277//356
f 3277//356 3230//385 3278//579
f 3230//385 3231//385 3278//579
f 3278//579 3231//385 3279//518
f 3231//385 3232//346 3279//518
f 3279//518 3232//346 3280//356
f 3232//346 3233//525 3280//356
f 3280//356 3233//525 3281//540
f 3233//525 3234//520 3281//540
f 3281//540 3234//520 3282//540
f 3234//520 3235//556 3282//540
f 3282//540 3235//556 3283//556
f 3235//556 3236//556 3283//556
f 3283//556 3236//556 3284//588
f 3236//556 3237//544 3284//588
f 3284//588 3237//544 3285//533
f 3237//544 3238//532 3285//533
f 3285//533 3238//532 3286//532
f 3238//532 3239//544 3286//532
f 3286//532 3239//544 3287//533
f 3239//544 3240//532 3287//533
f 3287//533 3240//532 3288//290
f 3240//532 3241//290 3288//290
f 3288//290 3241//290 3289//532
f 3241//290 3242//473 3289//532
f 3289//532 3242//473 3290//494
f 3242//473 3243//475 3290//494
f 3290//494 3243//475 3291//473
f 3243//475 3244//494 3291//473
f 3291//473 3244//494 3292//290
f 3244//494 3245//290 3292//290
f 3292//290 3245//290 3293//290
f 3245//290 3246//290 3293//290
f 3293//290 3246//290 3294//290
f 3246//290 3247//532 3294//290
f 3294//290 3247//532 3295//544
f 3247//532 3248//533 3295//544
f 3295//544 3248//533 3296//532
f 3248//533 3249//290 3296//532
f 3296//532 3249//290 3297//290
f 3249//290 3250//290 3297//290
f 3297//290 3250//290 3298//532
f 3250//290 3251//494 3298//532
f 3298//532 3251//494 3299//533
f 3251//494 3252//494 3299//533
f 3299//533 3252//494 3300//290
f 3252//494 3253//290 3300//290
f 3300//290 3253//290 3301//532
f 3253//290 3254//494 3301//532
f 3301//532 3254//494 3302//533
f 3254//494 3255//494 3302//533
f 3302//533 3255//494 3303//290
f 3255//494 3256//290 3303//290
f 3303//290 3256//290 3304//290
f 3256//290 3257//290 3304//290
f 3304//290 3257//290 3305//532
f 3257//290 3258//544 3305//532
f 3305//532 3258//544 3306//533
f 3258//544 3259//532 3306//533
f 3306//533 3259//532 3307//290
f 3259//532 3260//290 3307//290
f 3307//290 3260//290 3308//290
f 3260//290 3261//532 3308//290
f 3308//290 3261//532 3309//544
f 3261//532 3262//494 3309//544
f 3309//544 3262//494 3310//532
f 3262//494 3263//585 3310//532
f 3310//532 3263//585 3311//589
f 3264//586 3265//587 3313//590
f 3264//586 3313//590 3312//591
f 3265//587 3266//355 3313//590
f 3313//590 3266//355 3314//290
f 3266//355 3267//290 3314//290
f 3314//290 3267//290 3315//333
f 3267//290 3268//355 3315//333
f 3315//333 3268//355 3316//346
f 3268//355 3269//355 3316//346
f 3316//346 3269//355 3317//290
f 3269//355 3270//290 3317//290
f 3317//290 3270//290 3318//333
f 3270//290 3271//346 3318//333
f 3318//333 3271//346 3319//345
f 3271//346 3272//372 3319//345
f 3319//345 3272//372 3320//333
f 3272//372 3273//355 3320//333
f 3320//333 3273//355 3321//345
f 3273//355 3274//355 3321//345
f 3321//345 3274//355 3322//333
f 3274//355 3275//346 3322//333
f 3322//333 3275//346 3323//345
f 3275//346 3276//372 3323//345
f 3323//345 3276//372 3324//290
f 3276//372 3277//356 3324//290
f 3324//290 3277//356 3325//346
f 3277//356 3278//579 3325//346
f 3325//346 3278//579 3326//512
f 3278//579 3279//518 3326//512
f 3326//512 3279//518 3327//518
f 3279//518 3280//356 3327//518
f 3327//518 3280//356 3328//356
f 3280//356 3281//540 3328//356
f 3328//356 3281//540 3329//540
f 3281//540 3282//540 3329//540
f 3329//540 3282//540 3330//540
f 3282//540 3283//556 3330//540
f 3330//540 3283//556 3331//533
f 3283//556 3284//588 3331//533
f 3331//533 3284//588 3332//588
f 3284//588 3285//533 3332//588
f 3332//588 3285//533 3333//556
f 3285//533 3286//532 3333//556
f 3333//556 3286//532 3334//533
f 3286//532 3287//533 3334//533
f 3334//533 3287//533 3335//532
f 3287//533 3288//290 3335//532
f 3335//532 3288//290 3336//290
f 3288//290 3289//532 3336//290
f 3336//290 3289//532 3337//544
f 3289//532 3290//494 3337//544
f 3337//544 3290//494 3338//532
f 3290//494 3291//473 3338//532
f 3338//532 3291//473 3339//290
f 3291//473 3292//290 3339//290
f 3339//290 3292//290 3340//290
f 3292//290 3293//290 3340//290
f 3340//290 3293//290 3341//290
f 3293//290 3294//290 3341//290
f 3341//290 3294//290 3342//494
f 3294//290 3295//544 3342//494
f 3342//494 3295//544 3343//494
f 3295//544 3296//532 3343//494
f 3343//494 3296//532 3344//290
f 3296//532 3297//290 3344//290
f 3344//290 3297//290 3345//290
f 3297//290 3298//532 3345//290
f 3345//290 3298//532 3346//533
f 3298//532 3299//533 3346//533
f 3346//533 3299//533 3347//532
f 3299//533 3300//290 3347//532
f 3347//532 3300//290 3348//290
f 3300//290 3301//532 3348//290
f 3348//290 3301//532 3349//544
f 3301//532 3302//533 3349//544
f 3349//544 3302//533 3350//532
f 3302//533 3303//290 3350//532
f 3350//532 3303//290 3351//290
f 3303//290 3304//290 3351//290
f 3351//290 3304//290 3352//290
f 3304//290 3305//532 3352//290
f 3352//290 3305//532 3353//556
f 3305//532 3306//533 3353//556
f 3353//556 3306//533 3354//556
f 3306//533 3307//290 3354//556
f 3354//556 3307//290 3355//290
f 3307//290 3308//290 3355//290
f 3355//290 3308//290 3356//494
f 3308//290 3309//544 3356//494
f 3356//494 3309//544 3357//494
f 3309//544 3310//532 3357//494
f 3357//494 3310//532 3358//290
f 3310//532 3311//589 3358//290
f 3358//290 3311//589 3359//303
f 3312//591 3313//590 3360//592
f 3360//592 3313//590 3361//593
f 3313//590 3314//290 3361//593
f 3361//593 3314//290 3362//565
f 3314//290 3315//333 3362//565
f 3362//565 3315//333 3363//334
f 3315//333 3316//346 3363//334
f 3363//334 3316//346 3364//372
f 3316//346 3317//290 3364//372
f 3364//372 3317//290 3365//290
f 3317//290 3318//333 3365//290
f 3365//290 3318//333 3366//345
f 3318//333 3319//345 3366//345
f 3366//345 3319//345 3367//333
f 3319//345 3320//333 3367//333
f 3367//333 3320//333 3368//356
f 3320//333 3321//345 3368//356
f 3368//356 3321//345 3369//356
f 3321//345 3322//333 3369//356
f 3369//356 3322//333 3370//356
f 3322//333 3323//345 3370//356
f 3370//356 3323//345 3371//356
f 3323//345 3324//290 3371//356
f 3371//356 3324//290 3372//355
f 3324//290 3325//346 3372//355
f 3372//355 3325//346 3373//355
f 3325//346 3326//512 3373//355
f 3373//355 3326//512 3374//345
f 3326//512 3327//518 3374//345
f 3374//345 3327//518 3375//512
f 3327//518 3328//356 3375//512
f 3375//512 3328//356 3376//356
f 3328//356 3329//540 3376//356
f 3376//356 3329//540 3377//520
f 3329//540 3330//540 3377//520
f 3377//520 3330//540 3378//582
f 3330//540 3331//533 3378//582
f 3378//582 3331//533 3379//533
f 3331//533 3332//588 3379//533
f 3379//533 3332//588 3380//544
f 3332//588 3333//556 3380//544
f 3380//544 3333//556 3381//533
f 3333//556 3334//533 3381//533
f 3381//533 3334//533 3382//533
f 3334//533 3335//532 3382//533
f 3382//533 3335//532 3383//290
f 3335//532 3336//290 3383//290
f 3383//290 3336//290 3384//494
f 3336//290 3337//544 3384//494
f 3384//494 3337//544 3385//494
f 3337//544 3338//532 3385//494
f 3385//494 3338//532 3386//290
f 3338//532 3339//290 3386//290
f 3386//290 3339//290 3387//290
f 3339//290 3340//290 3387//290
f 3387//290 3340//290 3388//473
f 3340//290 3341//290 3388//473
f 3388//473 3341//290 3389//485
f 3341//290 3342//494 3389//485
f 3389//485 3342//494 3390//494
f 3342//494 3343//494 3390//494
f 3390//494 3343//494 3391//290
f 3343//494 3344//290 3391//290
f 3391//290 3344//290 3392//290
f 3344//290 3345//290 3392//290
f 3392//290 3345//290 3393//494
f 3345//290 3346//533 3393//494
f 3393//494 3346//533 3394//494
f 3346//533 3347//532 3394//494
f 3394//494 3347//532 3395//290
f 3347//532 3348//290 3395//290
f 3395//290 3348//290 3396//532
f 3348//290 3349//544 3396//532
f 3396//532 3349//544 3397//533
f 3349//544 3350//532 3397//533
f 3397//533 3350//532 3398//290
f 3350//532 3351//290 3398//290
f 3398//290 3351//290 3399//290
f 3351//290 3352//290 3399//290
f 3399//290 3352//290 3400//290
f 3352//290 3353//556 3400//290
f 3400//290 3353//556 3401//544
f 3353//556 3354//556 3401//544
f 3401//544 3354//556 3402//532
f 3354//556 3355//290 3402//532
f 3402//532 3355//290 3403//532
f 3355//290 3356//494 3403//532
f 3403//532 3356//494 3404//533
f 3356//494 3357//494 3404//533
f 3404//533 3357//494 3405//290
f 3357//494 3358//290 3405//290
f 3405//290 3358//290 3406//290
f 3358//290 3359//303 3406//290
f 3406//290 3359//303 3407//303
f 3360//592 3361//593 3408//594
f 3361//593 3362//565 3409//595
f 3361//593 3409//595 3408//594
f 3362//565 3363//334 3409//595
f 3409//595 3363//334 3410//325
f 3363//334 3364//372 3410//325
f 3410//325 3364//372 3411//290
f 3364//372 3365//290 3411//290
f 3411//290 3365//290 3412//334
f 3365//290 3366//345 3412//334
f 3412//334 3366//345 3413//355
f 3366//345 3367//333 3413//355
f 3413//355 3367//333 3414//290
f 3367//333 3368//356 3414//290
f 3414//290 3368//356 3415//346
f 3368//356 3369//356 3415//346
f 3415//346 3369//356 3416//372
f 3369//356 3370//356 3416//372
f 3416//372 3370//356 3417//345
f 3370//356 3371//356 3417//345
f 3417//345 3371//356 3418//346
f 3371//356 3372//355 3418//346
f 3418//346 3372//355 3419//346
f 3372//355 3373//355 3419//346
f 3419//346 3373//355 3420//333
f 3373//355 3374//345 3420//333
f 3420//333 3374//345 3421//346
f 3374//345 3375//512 3421//346
f 3421//346 3375//512 3422//356
f 3375//512 3376//356 3422//356
f 3422//356 3376//356 3423//519
f 3376//356 3377//520 3423//519
f 3423//519 3377//520 3424//520
f 3377//520 3378//582 3424//520
f 3424//520 3378//582 3425//544
f 3378//582 3379//533 3425//544
f 3425//544 3379//533 3426//533
f 3379//533 3380//544 3426//533
f 3426//533 3380//544 3427//533
f 3380//544 3381//533 3427//533
f 3427//533 3381//533 3428//556
f 3381//533 3382//533 3428//556
f 3428//556 3382//533 3429//556
f 3382//533 3383//290 3429//556
f 3429//556 3383//290 3430//494
f 3383//290 3384//494 3430//494
f 3430//494 3384//494 3431//494
f 3384//494 3385//494 3431//494
f 3431//494 3385//494 3432//290
f 3385//494 3386//290 3432//290
f 3432//290 3386//290 3433//290
f 3386//290 3387//290 3433//290
f 3433//290 3387//290 3434//532
f 3387//290 3388//473 3434//532
f 3434//532 3388//473 3435//494
f 3388//473 3389//485 3435//494
f 3435//494 3389//485 3436//473
f 3389//485 3390//494 3436//473
f 3436//473 3390//494 3437//290
f 3390//494 3391//290 3437//290
f 3437//290 3391//290 3438//290
f 3391//290 3392//290 3438//290
f 3438//290 3392//290 3439//494
f 3392//290 3393//494 3439//494
f 3439//494 3393//494 3440//494
f 3393//494 3394//494 3440//494
f 3440//494 3394//494 3441//290
f 3394//494 3395//290 3441//290
f 3441//290 3395//290 3442//290
f 3395//290 3396//532 3442//290
f 3442//290 3396//532 3443//533
f 3396//532 3397//533 3443//533
f 3443//533 3397//533 3444//532
f 3397//533 3398//290 3444//532
f 3444//532 3398//290 3445//290
f 3398//290 3399//290 3445//290
f 3445//290 3399//290 3446//290
f 3399//290 3400//290 3446//290
f 3446//290 3400//290 3447//494
f 3400//290 3401//544 3447//494
f 3447//494 3401//544 3448//494
f 3401//544 3402//532 3448//494
f 3448//494 3402//532 3449//290
f 3402//532 3403//532 3449//290
f 3449//290 3403//532 3450//544
f 3403//532 3404//533 3450//544
f 3450//544 3404//533 3451//532
f 3404//533 3405//290 3451//532
f 3451//532 3405//290 3452//290
f 3405//290 3406//290 3452//290
f 3452//290 3406//290 3453//473
f 3406//290 3407//303 3453//473
f 3453//473 3407//303 3454//596
f 3408//594 3409//595 3455//432
f 3455//432 3409//595 3456//597
f 3409//595 3410//325 3456//597
f 3456//597 3410//325 3457//290
f 3410//325 3411//290 3457//290
f 3457//290 3411//290 3458//355
f 3411//290 3412//334 3458//355
f 3458//355 3412//334 3459//355
f 3412//334 3413//355 3459//355
f 3459//355 3413//355 3460//290
f 3413//355 3414//290 3460//290
f 3460//290 3414//290 3461//334
f 3414//290 3415//346 3461//334
f 3461//334 3415//346 3462//355
f 3415//346 3416//372 3462//355
f 3462//355 3416//372 3463//355
f 3416//372 3417//345 3463//355
f 3463//355 3417//345 3464//355
f 3417//345 3418//346 3464//355
f 3464//355 3418//346 3465//346
f 3418//346 3419//346 3465//346
f 3465//346 3419//346 3466//372
f 3419//346 3420//333 3466//372
f 3466//372 3420//333 3467//356
f 3420//333 3421//346 3467//356
f 3467//356 3421//346 3468//356
f 3421//346 3422//356 3468//356
f 3468//356 3422//356 3469//346
f 3422//356 3423//519 3469//346
f 3469//346 3423//519 3470//551
f 3423//519 3424//520 3470//551
f 3470//551 3424//520 3471//552
f 3424//520 3425//544 3471//552
f 3471//552 3425//544 3472//533
f 3425//544 3426//533 3472//533
f 3472//533 3426//533 3473//556
f 3426//533 3427//533 3473//556
f 3473//556 3427//533 3474//556
f 3427//533 3428//556 3474//556
f 3474//556 3428//556 3475//544
f 3428//556 3429//556 3475//544
f 3475//544 3429//556 3476//533
f 3429//556 3430//494 3476//533
f 3476//533 3430//494 3477//533
f 3430//494 3431//494 3477//533
f 3477//533 3431//494 3478//290
f 3431//494 3432//290 3478//290
f 3478//290 3432//290 3479//290
f 3432//290 3433//290 3479//290
f 3479//290 3433//290 3480//473
f 3433//290 3434//532 3480//473
f 3480//473 3434//532 3481//494
f 3434//532 3435//494 3481//494
f 3481//494 3435//494 3482//532
f 3435//494 3436//473 3482//532
f 3482//532 3436//473 3483//290
f 3436//473 3437//290 3483//290
f 3483//290 3437//290 3484//290
f 3437//290 3438//290 3484//290
f 3484//290 3438//290 3485//494
f 3438//290 3439//494 3485//494
f 3485//494 3439//494 3486//494
f 3439//494 3440//494 3486//494
f 3486//494 3440//494 3487//290
f 3440//494 3441//290 3487//290
f 3487//290 3441//290 3488//290
f 3441//290 3442//290 3488//290
f 3488//290 3442//290 3489//494
f 3442//290 3443//533 3489//494
f 3489//494 3443//533 3490//494
f 3443//533 3444//532 3490//494
f 3490//494 3444//532 3491//290
f 3444//532 3445//290 3491//290
f 3491//290 3445//290 3492//290
f 3445//290 3446//290 3492//290
f 3492//290 3446//290 3493//494
f 3446//290 3447//494 3493//494
f 3493//494 3447//494 3494//494
f 3447//494 3448//494 3494//494
f 3494//494 3448//494 3495//290
f 3448//494 3449//290 3495//290
f 3495//290 3449//290 3496//532
f 3449//290 3450//544 3496//532
f 3496//532 3450//544 3497//533
f 3450//544 3451//532 3497//533
f 3497//533 3451//532 3498//290
f 3451//532 3452//290 3498//290
f 3498//290 3452//290 3499//532
f 3452//290 3453//473 3499//532
f 3499//532 3453//473 3500//494
f 3453//473 3454//596 3500//494
f 3500//494 3454//596 3501//598
f 3455//432 3456//597 3502//599
f 3502//599 3456//597 3503//597
f 3456//597 3457//290 3503//597
f 3503//597 3457//290 3504//333
f 3457//290 3458//355 3504//333
f 3504//333 3458//355 3505//345
f 3458//355 3459//355 3505//345
f 3505//345 3459//355 3506//325
f 3459//355 3460//290 3506//325
f 3506//325 3460//290 3507//394
f 3460//290 3461//334 3507//394
f 3507//394 3461//334 3508//355
f 3461//334 3462//355 3508//355
f 3508//355 3462//355 3509//333
f 3462//355 3463//355 3509//333
f 3509//333 3463//355 3510//345
f 3463//355 3464//355 3510//345
f 3510//345 3464//355 3511//333
f 3464//355 3465//346 3511//333
f 3511//333 3465//346 3512//345
f 3465//346 3466//372 3512//345
f 3512//345 3466//372 3513//290
f 3466//372 3467//356 3513//290
f 3513//290 3467//356 3514//346
f 3467//356 3468//356 3514//346
f 3514//346 3468//356 3515//365
f 3468//356 3469//346 3515//365
f 3515//365 3469//346 3516//355
f 3469//346 3470//551 3516//355
f 3516//355 3470//551 3517//520
f 3470//551 3471//552 3517//520
f 3517//520 3471//552 3518//600
f 3471//552 3472//533 3518//600
f 3518//600 3472//533 3519//532
f 3472//533 3473//556 3519//532
f 3519//532 3473//556 3520//533
f 3473//556 3474//556 3520//533
f 3520//533 3474//556 3521//533
f 3474//556 3475//544 3521//533
f 3521//533 3475//544 3522//533
f 3475//544 3476//533 3522//533
f 3522//533 3476//533 3523//533
f 3476//533 3477//533 3523//533
f 3523//533 3477//533 3524//532
f 3477//533 3478//290 3524//532
f 3524//532 3478//290 3525//290
f 3478//290 3479//290 3525//290
f 3525//290 3479//290 3526//532
f 3479//290 3480//473 3526//532
f 3526//532 3480//473 3527//494
f 3480//473 3481//494 3527//494
f 3527//494 3481//494 3528//473
f 3481//494 3482//532 3528//473
f 3528//473 3482//532 3529//290
f 3482//532 3483//290 3529//290
f 3529//290 3483//290 3530//290
f 3483//290 3484//290 3530//290
f 3530//290 3484//290 3531//494
f 3484//290 3485//494 3531//494
f 3531//494 3485//494 3532//494
f 3485//494 3486//494 3532//494
f 3532//494 3486//494 3533//290
f 3486//494 3487//290 3533//290
f 3533//290 3487//290 3534//290
f 3487//290 3488//290 3534//290
f 3534//290 3488//290 3535//494
f 3488//290 3489//494 3535//494
f 3535//494 3489//494 3536//494
f 3489//494 3490//494 3536//494
f 3536//494 3490//494 3537//290
f 3490//494 3491//290 3537//290
f 3537//290 3491//290 3538//290
f 3491//290 3492//290 3538//290
f 3538//290 3492//290 3539//494
f 3492//290 3493//494 3539//494
f 3539//494 3493//494 3540//494
f 3493//494 3494//494 3540//494
f 3540//494 3494//494 3541//290
f 3494//494 3495//290 3541//290
f 3541//290 3495//290 3542//290
f 3495//290 3496//532 3542//290
f 3542//290 3496//532 3543//533
f 3496//532 3497//533 3543//533
f 3543//533 3497//533 3544//532
f 3497//533 3498//290 3544//532
f 3544//532 3498//290 3545//290
f 3498//290 3499//532 3545//290
f 3545//290 3499//532 3546//544
f 3499//532 3500//494 3546//544
f 3546//544 3500//494 3547//532
f 3500//494 3501//598 3547//532
f 3547//532 3501//598 3548//303
f 3502//599 3503//597 3549//601
f 3549//601 3503//597 3550//602
f 3503//597 3504//333 3550//602
f 3550//602 3504//333 3551//603
f 3504//333 3505//345 3551//603
f 3551//603 3505//345 3552//346
f 3505//345 3506//325 3552//346
f 3552//346 3506//325 3553//355
f 3506//325 3507//394 3553//355
f 3553//355 3507//394 3554//399
f 3507//394 3508//355 3554//399
f 3554//399 3508//355 3555//325
f 3508//355 3509//333 3555//325
f 3555//325 3509//333 3556//334
f 3509//333 3510//345 3556//334
f 3556//334 3510//345 3557//355
f 3510//345 3511//333 3557//355
f 3557//355 3511//333 3558//355
f 3511//333 3512//345 3558//355
f 3558//355 3512//345 3559//333
f 3512//345 3513//290 3559//333
f 3559//333 3513//290 3560//355
f 3513//290 3514//346 3560//355
f 3560//355 3514//346 3561//365
f 3514//346 3515//365 3561//365
f 3561//365 3515//365 3562//345
f 3515//365 3516//355 3562//345
f 3562//345 3516//355 3563//459
f 3516//355 3517//520 3563//459
f 3563//459 3517//520 3564//604
f 3517//520 3518//600 3564//604
f 3564//604 3518//600 3565//533
f 3518//600 3519//532 3565//533
f 3565//533 3519//532 3566//532
f 3519//532 3520//533 3566//532
f 3566//532 3520//533 3567//533
f 3520//533 3521//533 3567//533
f 3567//533 3521//533 3568//556
f 3521//533 3522//533 3568//556
f 3568//556 3522//533 3569//588
f 3522//533 3523//533 3569//588
f 3569//588 3523//533 3570//533
f 3523//533 3524//532 3570//533
f 3570//533 3524//532 3571//290
f 3524//532 3525//290 3571//290
f 3571//290 3525//290 3572//473
f 3525//290 3526//532 3572//473
f 3572//473 3526//532 3573//494
f 3526//532 3527//494 3573//494
f 3573//494 3527//494 3574//532
f 3527//494 3528//473 3574//532
f 3574//532 3528//473 3575//290
f 3528//473 3529//290 3575//290
f 3575//290 3529//290 3576//473
f 3529//290 3530//290 3576//473
f 3576//473 3530//290 3577//485
f 3530//290 3531//494 3577//485
f 3577//485 3531//494 3578//494
f 3531//494 3532//494 3578//494
f 3578//494 3532//494 3579//290
f 3532//494 3533//290 3579//290
f 3579//290 3533//290 3580//290
f 3533//290 3534//290 3580//290
f 3580//290 3534//290 3581//494
f 3534//290 3535//494 3581//494
f 3581//494 3535//494 3582//494
f 3535//494 3536//494 3582//494
f 3582//494 3536//494 3583//290
f 3536//494 3537//290 3583//290
f 3583//290 3537//290 3584//290
f 3537//290 3538//290 3584//290
f 3584//290 3538//290 3585//494
f 3538//290 3539//494 3585//494
f 3585//494 3539//494 3586//494
f 3539//494 3540//494 3586//494
f 3586//494 3540//494 3587//290
f 3540//494 3541//290 3587//290
f 3587//290 3541//290 3588//290
f 3541//290 3542//290 3588//290
f 3588//290 3542//290 3589//494
f 3542//290 3543//533 3589//494
f 3589//494 3543//533 3590//494
f 3543//533 3544//532 3590//494
f 3590//494 3544//532 3591//290
f 3544//532 3545//290 3591//290
f 3591//290 3545//290 3592//494
f 3545//290 3546//544 3592//494
f 3592//494 3546//544 3593//494
f 3546//544 3547//532 3593//494
f 3593//494 3547//532 3594//290
f 3547//532 3548//303 3594//290
f 3594//290 3548//303 3595//605
f 3596//606 3549//601 3597//607
f 3549//601 3550//602 3597//607
f 3597//607 3550//602 3598//608
f 3550//602 3551//603 3599//609
f 3550//602 3599//609 3598//608
f 3551//603 3552//346 3599//609
f 3599//609 3552//346 3600//334
f 3552//346 3553//355 3600//334
f 3600//334 3553//355 3601//355
f 3553//355 3554//399 3601//355
f 3601//355 3554//399 3602//394
f 3554//399 3555//325 3602//394
f 3602//394 3555//325 3603//394
f 3555//325 3556//334 3603//394
f 3603//394 3556//334 3604//355
f 3556//334 3557//355 3604//355
f 3604//355 3557//355 3605//355
f 3557//355 3558//355 3605//355
f 3605//355 3558//355 3606//325
f 3558//355 3559//333 3606//325
f 3606//325 3559//333 3607//334
f 3559//333 3560//355 3607//334
f 3607//334 3560//355 3608//355
f 3560//355 3561//365 3608//355
f 3608//355 3561//365 3609//346
f 3561//365 3562//345 3609//346
f 3609//346 3562//345 3610//569
f 3562//345 3563//459 3610//569
f 3610//569 3563//459 3611//520
f 3563//459 3564//604 3611//520
f 3611//520 3564//604 3612//556
f 3564//604 3565//533 3612//556
f 3612//556 3565//533 3613//556
f 3565//533 3566//532 3613//556
f 3613//556 3566//532 3614//544
f 3566//532 3567//533 3614//544
f 3614//544 3567//533 3615//532
f 3567//533 3568//556 3615//532
f 3615//532 3568//556 3616//544
f 3568//556 3569//588 3616//544
f 3616//544 3569//588 3617//588
f 3569//588 3570//533 3617//588
f 3617//588 3570//533 3618//556
f 3570//533 3571//290 3618//556
f 3618//556 3571//290 3619//532
f 3571//290 3572//473 3619//532
f 3619//532 3572//473 3620//494
f 3572//473 3573//494 3620//494
f 3620//494 3573//494 3621//473
f 3573//494 3574//532 3621//473
f 3621//473 3574//532 3622//290
f 3574//532 3575//290 3622//290
f 3622//290 3575//290 3623//532
f 3575//290 3576//473 3623//532
f 3623//532 3576//473 3624//494
f 3576//473 3577//485 3624//494
f 3624//494 3577//485 3625//473
f 3577//485 3578//494 3625//473
f 3625//473 3578//494 3626//290
f 3578//494 3579//290 3626//290
f 3626//290 3579//290 3627//290
f 3579//290 3580//290 3627//290
f 3627//290 3580//290 3628//494
f 3580//290 3581//494 3628//494
f 3628//494 3581//494 3629//494
f 3581//494 3582//494 3629//494
f 3629//494 3582//494 3630//290
f 3582//494 3583//290 3630//290
f 3630//290 3583//290 3631//290
f 3583//290 3584//290 3631//290
f 3631//290 3584//290 3632//494
f 3584//290 3585//494 3632//494
f 3632//494 3585//494 3633//494
f 3585//494 3586//494 3633//494
f 3633//494 3586//494 3634//290
f 3586//494 3587//290 3634//290
f 3634//290 3587//290 3635//290
f 3587//290 3588//290 3635//290
f 3635//290 3588//290 3636//494
f 3588//290 3589//494 3636//494
f 3636//494 3589//494 3637//494
f 3589//494 3590//494 3637//494
f 3637//494 3590//494 3638//290
f 3590//494 3591//290 3638//290
f 3638//290 3591//290 3639//494
f 3591//290 3592//494 3639//494
f 3639//494 3592//494 3640//494
f 3592//494 3593//494 3640//494
f 3640//494 3593//494 3641//473
f 3593//494 3594//290 3641//473
f 3641//473 3594//290 3642//475
f 3594//290 3595//605 3642//475
f 3642//475 3595//605 3643//610
f 3596//606 3597//607 3644//611
f 3597//607 3598//608 3645//612
f 3597//607 3645//612 3644//611
f 3598//608 3599//609 3646//348
f 3598//608 3646//348 3645//612
f 3599//609 3600//334 3646//348
f 3646//348 3600//334 3647//613
f 3600//334 3601//355 3647//613
f 3647//613 3601//355 3648//334
f 3601//355 3602//394 3648//334
f 3648//334 3602//394 3649//399
f 3602//394 3603//394 3649//399
f 3649//399 3603//394 3650//290
f 3603//394 3604//355 3650//290
f 3650//290 3604//355 3651//439
f 3604//355 3605//355 3651//439
f 3651//439 3605//355 3652//372
f 3605//355 3606//325 3652//372
f 3652//372 3606//325 3653//355
f 3606//325 3607//334 3653//355
f 3653//355 3607//334 3654//355
f 3607//334 3608//355 3654//355
f 3654//355 3608//355 3655//333
f 3608//355 3609//346 3655//333
f 3655//333 3609//346 3656//346
f 3609//346 3610//569 3656//346
f 3656//346 3610//569 3657//520
f 3610//569 3611//520 3657//520
f 3657//520 3611//520 3658//525
f 3611//520 3612//556 3658//525
f 3658//525 3612//556 3659//544
f 3612//556 3613//556 3659//544
f 3659//544 3613//556 3660//533
f 3613//556 3614//544 3660//533
f 3660//533 3614//544 3661//533
f 3614//544 3615//532 3661//533
f 3661//533 3615//532 3662//532
f 3615//532 3616//544 3662//532
f 3662//532 3616//544 3663//533
f 3616//544 3617//588 3663//533
f 3663//533 3617//588 3664//556
f 3617//588 3618//556 3664//556
f 3664//556 3618//556 3665//556
f 3618//556 3619//532 3665//556
f 3665//556 3619//532 3666//544
f 3619//532 3620//494 3666//544
f 3666//544 3620//494 3667//532
f 3620//494 3621//473 3667//532
f 3667//532 3621//473 3668//290
f 3621//473 3622//290 3668//290
f 3668//290 3622//290 3669//290
f 3622//290 3623//532 3669//290
f 3669//290 3623//532 3670//544
f 3623//532 3624//494 3670//544
f 3670//544 3624//494 3671//532
f 3624//494 3625//473 3671//532
f 3671//532 3625//473 3672//290
f 3625//473 3626//290 3672//290
f 3672//290 3626//290 3673//290
f 3626//290 3627//290 3673//290
f 3673//290 3627//290 3674//494
f 3627//290 3628//494 3674//494
f 3674//494 3628//494 3675//494
f 3628//494 3629//494 3675//494
f 3675//494 3629//494 3676//290
f 3629//494 3630//290 3676//290
f 3676//290 3630//290 3677//290
f 3630//290 3631//290 3677//290
f 3677//290 3631//290 3678//494
f 3631//290 3632//494 3678//494
f 3678//494 3632//494 3679//494
f 3632//494 3633//494 3679//494
f 3679//494 3633//494 3680//290
f 3633//494 3634//290 3680//290
f 3680//290 3634//290 3681//290
f 3634//290 3635//290 3681//290
f 3681//290 3635//290 3682//494
f 3635//290 3636//494 3682//494
f 3682//494 3636//494 3683//494
f 3636//494 3637//494 3683//494
f 3683//494 3637//494 3684//290
f 3637//494 3638//290 3684//290
f 3684//290 3638//290 3685//494
f 3638//290 3639//494 3685//494
f 3685//494 3639//494 3686//494
f 3639//494 3640//494 3686//494
f 3686//494 3640//494 3687//494
f 3640//494 3641//473 3687//494
f 3687//494 3641//473 3688//475
f 3641//473 3642//475 3688//475
f 3688//475 3642//475 3689//473
f 3642//475 3643//610 3689//473
f 3689//473 3643//610 3690//303
f 3644//611 3645//612 3691//614
f 3645//612 3646//348 3692//615
f 3645//612 3692//615 3691//614
f 3646//348 3647//613 3693//347
f 3646//348 3693//347 3692//615
f 3647//613 3648//334 3693//347
f 3693//347 3648//334 3694//355
f 3648//334 3649//399 3694//355
f 3694//355 3649//399 3695//326
f 3649//399 3650//290 3695//326
f 3695//326 3650//290 3696//394
f 3650//290 3651//439 3696//394
f 3696//394 3651//439 3697//355
f 3651//439 3652//372 3697//355
f 3697//355 3652//372 3698//334
f 3652//372 3653//355 3698//334
f 3698//334 3653//355 3699//355
f 3653//355 3654//355 3699//355
f 3699//355 3654//355 3700//290
f 3654//355 3655//333 3700//290
f 3700//290 3655//333 3701//346
f 3655//333 3656//346 3701//346
f 3701//346 3656//346 3702//616
f 3656//346 3657//520 3702//616
f 3702//616 3657//520 3703//459
f 3657//520 3658//525 3703//459
f 3703//459 3658//525 3704//494
f 3658//525 3659//544 3704//494
f 3704//494 3659//544 3705//494
f 3659//544 3660//533 3705//494
f 3705//494 3660//533 3706//533
f 3660//533 3661//533 3706//533
f 3706//533 3661//533 3707//532
f 3661//533 3662//532 3707//532
f 3707//532 3662//532 3708//533
f 3662//532 3663//533 3708//533
f 3708//533 3663//533 3709//532
f 3663//533 3664//556 3709//532
f 3709//532 3664//556 3710//544
f 3664//556 3665//556 3710//544
f 3710//544 3665//556 3711//533
f 3665//556 3666//544 3711//533
f 3711//533 3666//544 3712//533
f 3666//544 3667//532 3712//533
f 3712//533 3667//532 3713//290
f 3667//532 3668//290 3713//290
f 3713//290 3668//290 3714//290
f 3668//290 3669//290 3714//290
f 3714//290 3669//290 3715//494
f 3669//290 3670//544 3715//494
f 3715//494 3670//544 3716//494
f 3670//544 3671//532 3716//494
f 3716//494 3671//532 3717//290
f 3671//532 3672//290 3717//290
f 3717//290 3672//290 3718//290
f 3672//290 3673//290 3718//290
f 3718//290 3673//290 3719//494
f 3673//290 3674//494 3719//494
f 3719//494 3674//494 3720//494
f 3674//494 3675//494 3720//494
f 3720//494 3675//494 3721//290
f 3675//494 3676//290 3721//290
f 3721//290 3676//290 3722//290
f 3676//290 3677//290 3722//290
f 3722//290 3677//290 3723//494
f 3677//290 3678//494 3723//494
f 3723//494 3678//494 3724//494
f 3678//494 3679//494 3724//494
f 3724//494 3679//494 3725//290
f 3679//494 3680//290 3725//290
f 3725//290 3680//290 3726//290
f 3680//290 3681//290 3726//290
f 3726//290 3681//290 3727//494
f 3681//290 3682//494 3727//494
f 3727//494 3682//494 3728//494
f 3682//494 3683//494 3728//494
f 3728//494 3683//494 3729//290
f 3683//494 3684//290 3729//290
f 3729//290 3684//290 3730//494
f 3684//290 3685//494 3730//494
f 3730//494 3685//494 3731//494
f 3685//494 3686//494 3731//494
f 3731//494 3686//494 3732//532
f 3686//494 3687//494 3732//532
f 3732//532 3687//494 3733//533
f 3687//494 3688//475 3733//533
f 3733//533 3688//475 3734//290
f 3688//475 3689//473 3734//290
f 3734//290 3689//473 3735//290
f 3689//473 3690//303 3735//290
f 3735//290 3690//303 3736//303
f 3691//614 3692//615 3737//617
f 3692//615 3693//347 3738//618
f 3692//615 3738//618 3737//617
f 3693//347 3694//355 3738//618
f 3738//618 3694//355 3739//355
f 3694//355 3695//326 3739//355
f 3739//355 3695//326 3740//335
f 3695//326 3696//394 3740//335
f 3740//335 3696//394 3741//374
f 3696//394 3697//355 3741//374
f 3741//374 3697//355 3742//355
f 3697//355 3698//334 3742//355
f 3742//355 3698//334 3743//355
f 3698//334 3699//355 3743//355
f 3743//355 3699//355 3744//325
f 3699//355 3700//290 3744//325
f 3744//325 3700//290 3745//394
f 3700//290 3701//346 3745//394
f 3745//394 3701//346 3746//562
f 3701//346 3702//616 3746//562
f 3746//562 3702//616 3747//520
f 3702//616 3703//459 3747//520
f 3747//520 3703//459 3748//532
f 3703//459 3704//494 3748//532
f 3748//532 3704//494 3749//533
f 3704//494 3705//494 3749//533
f 3749//533 3705//494 3750//532
f 3705//494 3706//533 3750//532
f 3750//532 3706//533 3751//533
f 3706//533 3707//532 3751//533
f 3751//533 3707//532 3752//532
f 3707//532 3708//533 3752//532
f 3752//532 3708//533 3753//533
f 3708//533 3709//532 3753//533
f 3753//533 3709//532 3754//532
f 3709//532 3710//544 3754//532
f 3754//532 3710//544 3755//533
f 3710//544 3711//533 3755//533
f 3755//533 3711//533 3756//556
f 3711//533 3712//533 3756//556
f 3756//556 3712//533 3757//556
f 3712//533 3713//290 3757//556
f 3757//556 3713//290 3758//290
f 3713//290 3714//290 3758//290
f 3758//290 3714//290 3759//494
f 3714//290 3715//494 3759//494
f 3759//494 3715//494 3760//494
f 3715//494 3716//494 3760//494
f 3760//494 3716//494 3761//290
f 3716//494 3717//290 3761//290
f 3761//290 3717//290 3762//290
f 3717//290 3718//290 3762//290
f 3762//290 3718//290 3763//532
f 3718//290 3719//494 3763//532
f 3763//532 3719//494 3764//533
f 3719//494 3720//494 3764//533
f 3764//533 3720//494 3765//290
f 3720//494 3721//290 3765//290
f 3765//290 3721//290 3766//290
f 3721//290 3722//290 3766//290
f 3766//290 3722//290 3767//494
f 3722//290 3723//494 3767//494
f 3767//494 3723//494 3768//494
f 3723//494 3724//494 3768//494
f 3768//494 3724//494 3769//290
f 3724//494 3725//290 3769//290
f 3769//290 3725//290 3770//290
f 3725//290 3726//290 3770//290
f 3770//290 3726//290 3771//494
f 3726//290 3727//494 3771//494
f 3771//494 3727//494 3772//494
f 3727//494 3728//494 3772//494
f 3772//494 3728//494 3773//290
f 3728//494 3729//290 3773//290
f 3773//290 3729//290 3774//494
f 3729//290 3730//494 3774//494
f 3774//494 3730//494 3775//494
f 3730//494 3731//494 3775//494
f 3775//494 3731//494 3776//290
f 3731//494 3732//532 3776//290
f 3776//290 3732//532 3777//544
f 3732//532 3733//533 3777//544
f 3777//544 3733//533 3778//532
f 3733//533 3734//290 3778//532
f 3778//532 3734//290 3779//290
f 3734//290 3735//290 3779//290
f 3779//290 3735//290 3780//473
f 3735//290 3736//303 3780//473
f 3780//473 3736//303 3781//583
f 3782//619 3737//617 3783//620
f 3737//617 3738//618 3783//620
f 3783//620 3738//618 3784//621
f 3738//618 3739//355 3784//621
f 3784//621 3739//355 3785//346
f 3739//355 3740//335 3785//346
f 3785//346 3740//335 3786//430
f 3740//335 3741//374 3787//622
f 3740//335 3787//622 3786//430
f 3741//374 3742//355 3787//622
f 3787//622 3742//355 3788//355
f 3742//355 3743//355 3788//355
f 3788//355 3743//355 3789//334
f 3743//355 3744//325 3789//334
f 3789//334 3744//325 3790//386
f 3744//325 3745//394 3790//386
f 3790//386 3745//394 3791//399
f 3745//394 3746//562 3791//399
f 3791//399 3746//562 3792//540
f 3746//562 3747//520 3792//540
f 3792//540 3747//520 3793//540
f 3747//520 3748//532 3793//540
f 3793//540 3748//532 3794//544
f 3748//532 3749//533 3794//544
f 3794//544 3749//533 3795//532
f 3749//533 3750//532 3795//532
f 3795//532 3750//532 3796//544
f 3750//532 3751//533 3796//544
f 3796//544 3751//533 3797//532
f 3751//533 3752//532 3797//532
f 3797//532 3752//532 3798//556
f 3752//532 3753//533 3798//556
f 3798//556 3753//533 3799//556
f 3753//533 3754//532 3799//556
f 3799//556 3754//532 3800//544
f 3754//532 3755//533 3800//544
f 3800//544 3755//533 3801//532
f 3755//533 3756//556 3801//532
f 3801//532 3756//556 3802//533
f 3756//556 3757//556 3802//533
f 3802//533 3757//556 3803//532
f 3757//556 3758//290 3803//532
f 3803//532 3758//290 3804//494
f 3758//290 3759//494 3804//494
f 3804//494 3759//494 3805//494
f 3759//494 3760//494 3805//494
f 3805//494 3760//494 3806//290
f 3760//494 3761//290 3806//290
f 3806//290 3761//290 3807//290
f 3761//290 3762//290 3807//290
f 3807//290 3762//290 3808//473
f 3762//290 3763//532 3808//473
f 3808//473 3763//532 3809//494
f 3763//532 3764//533 3809//494
f 3809//494 3764//533 3810//532
f 3764//533 3765//290 3810//532
f 3810//532 3765//290 3811//290
f 3765//290 3766//290 3811//290
f 3811//290 3766//290 3812//494
f 3766//290 3767//494 3812//494
f 3812//494 3767//494 3813//494
f 3767//494 3768//494 3813//494
f 3813//494 3768//494 3814//290
f 3768//494 3769//290 3814//290
f 3814//290 3769//290 3815//290
f 3769//290 3770//290 3815//290
f 3815//290 3770//290 3816//494
f 3770//290 3771//494 3816//494
f 3816//494 3771//494 3817//494
f 3771//494 3772//494 3817//494
f 3817//494 3772//494 3818//290
f 3772//494 3773//290 3818//290
f 3818//290 3773//290 3819//532
f 3773//290 3774//494 3819//532
f 3819//532 3774//494 3820//533
f 3774//494 3775//494 3820//533
f 3820//533 3775//494 3821//290
f 3775//494 3776//290 3821//290
f 3821//290 3776//290 3822//494
f 3776//290 3777//544 3822//494
f 3822//494 3777//544 3823//494
f 3777//544 3778//532 3823//494
f 3823//494 3778//532 3824//290
f 3778//532 3779//290 3824//290
f 3824//290 3779//290 3825//494
f 3779//290 3780//473 3825//494
f 3825//494 3780//473 3826//475
f 3780//473 3781//583 3826//475
f 3826//475 3781//583 3827//623
f 3782//619 3783//620 3828//624
f 3783//620 3784//621 3829//625
f 3783//620 3829//625 3828//624
f 3784//621 3785//346 3829//625
f 3829//625 3785//346 3830//346
f 3785//346 3786//430 3830//346
f 3830//346 3786//430 3831//626
f 3786//430 3787//622 3832//627
f 3786//430 3832//627 3831//626
f 3787//622 3788//355 3832//627
f 3832//627 3788//355 3833//355
f 3788//355 3789//334 3833//355
f 3833//355 3789//334 3834//355
f 3789//334 3790//386 3834//355
f 3834//355 3790//386 3835//453
f 3790//386 3791//399 3835//453
f 3835//453 3791//399 3836//454
f 3791//399 3792//540 3836//454
f 3836//454 3792//540 3837//459
f 3792//540 3793//540 3837//459
f 3837//459 3793//540 3838//566
f 3793//540 3794//544 3838//566
f 3838//566 3794//544 3839//494
f 3794//544 3795//532 3839//494
f 3839//494 3795//532 3840//494
f 3795//532 3796//544 3840//494
f 3840//494 3796//544 3841//494
f 3796//544 3797//532 3841//494
f 3841//494 3797//532 3842//473
f 3797//532 3798//556 3842//473
f 3842//473 3798//556 3843//494
f 3798//556 3799//556 3843//494
f 3843//494 3799//556 3844//533
f 3799//556 3800//544 3844//533
f 3844//533 3800//544 3845//533
f 3800//544 3801//532 3845//533
f 3845//533 3801//532 3846//532
f 3801//532 3802//533 3846//532
f 3846//532 3802//533 3847//533
f 3802//533 3803//532 3847//533
f 3847//533 3803//532 3848//532
f 3803//532 3804//494 3848//532
f 3848//532 3804//494 3849//533
f 3804//494 3805//494 3849//533
f 3849//533 3805//494 3850//290
f 3805//494 3806//290 3850//290
f 3850//290 3806//290 3851//290
f 3806//290 3807//290 3851//290
f 3851//290 3807//290 3852//494
f 3807//290 3808//473 3852//494
f 3852//494 3808//473 3853//475
f 3808//473 3809//494 3853//475
f 3853//475 3809//494 3854//473
f 3809//494 3810//532 3854//473
f 3854//473 3810//532 3855//290
f 3810//532 3811//290 3855//290
f 3855//290 3811//290 3856//532
f 3811//290 3812//494 3856//532
f 3856//532 3812//494 3857//544
f 3812//494 3813//494 3857//544
f 3857//544 3813//494 3858//290
f 3813//494 3814//290 3858//290
f 3858//290 3814//290 3859//290
f 3814//290 3815//290 3859//290
f 3859//290 3815//290 3860//494
f 3815//290 3816//494 3860//494
f 3860//494 3816//494 3861//494
f 3816//494 3817//494 3861//494
f 3861//494 3817//494 3862//290
f 3817//494 3818//290 3862//290
f 3862//290 3818//290 3863//290
f 3818//290 3819//532 3863//290
f 3863//290 3819//532 3864//544
f 3819//532 3820//533 3864//544
f 3864//544 3820//533 3865//532
f 3820//533 3821//290 3865//532
f 3865//532 3821//290 3866//494
f 3821//290 3822//494 3866//494
f 3866//494 3822//494 3867//494
f 3822//494 3823//494 3867//494
f 3867//494 3823//494 3868//290
f 3823//494 3824//290 3868//290
f 3868//290 3824//290 3869//494
f 3824//290 3825//494 3869//494
f 3869//494 3825//494 3870//494
f 3825//494 3826//475 3870//494
f 3870//494 3826//475 3871//290
f 3826//475 3827//623 3871//290
f 3871//290 3827//623 3872//303
f 3873//628 3828//624 3874//629
f 3828//624 3829//625 3874//629
f 3874//629 3829//625 3875//360
f 3829//625 3830//346 3875//360
f 3875//360 3830//346 3876//630
f 3830//346 3831//626 3876//630
f 3876//630 3831//626 3877//418
f 3831//626 3832//627 3878//622
f 3831//626 3878//622 3877//418
f 3832//627 3833//355 3878//622
f 3878//622 3833//355 3879//631
f 3833//355 3834//355 3879//631
f 3879//631 3834//355 3880//632
f 3834//355 3835//453 3880//632
f 3880//632 3835//453 3881//459
f 3835//453 3836//454 3881//459
f 3881//459 3836//454 3882//454
f 3836//454 3837//459 3882//454
f 3882//454 3837//459 3883//633
f 3837//459 3838//566 3883//633
f 3883//633 3838//566 3884//494
f 3838//566 3839//494 3884//494
f 3884//494 3839//494 3885//532
f 3839//494 3840//494 3885//532
f 3885//532 3840//494 3886//533
f 3840//494 3841//494 3886//533
f 3886//533 3841//494 3887//532
f 3841//494 3842//473 3887//532
f 3887//532 3842//473 3888//494
f 3842//473 3843//494 3888//494
f 3888//494 3843//494 3889//473
f 3843//494 3844//533 3889//473
f 3889//473 3844//533 3890//533
f 3844//533 3845//533 3890//533
f 3890//533 3845//533 3891//532
f 3845//533 3846//532 3891//532
f 3891//532 3846//532 3892//544
f 3846//532 3847//533 3892//544
f 3892//544 3847//533 3893//532
f 3847//533 3848//532 3893//532
f 3893//532 3848//532 3894//544
f 3848//532 3849//533 3894//544
f 3894//544 3849//533 3895//532
f 3849//533 3850//290 3895//532
f 3895//532 3850//290 3896//290
f 3850//290 3851//290 3896//290
f 3896//290 3851//290 3897//532
f 3851//290 3852//494 3897//532
f 3897//532 3852//494 3898//533
f 3852//494 3853//475 3898//533
f 3898//533 3853//475 3899//290
f 3853//475 3854//473 3899//290
f 3899//290 3854//473 3900//290
f 3854//473 3855//290 3900//290
f 3900//290 3855//290 3901//290
f 3855//290 3856//532 3901//290
f 3901//290 3856//532 3902//556
f 3856//532 3857//544 3902//556
f 3902//556 3857//544 3903//556
f 3857//544 3858//290 3903//556
f 3903//556 3858//290 3904//290
f 3858//290 3859//290 3904//290
f 3904//290 3859//290 3905//494
f 3859//290 3860//494 3905//494
f 3905//494 3860//494 3906//494
f 3860//494 3861//494 3906//494
f 3906//494 3861//494 3907//290
f 3861//494 3862//290 3907//290
f 3907//290 3862//290 3908//473
f 3862//290 3863//290 3908//473
f 3908//473 3863//290 3909//475
f 3863//290 3864//544 3909//475
f 3909//475 3864//544 3910//494
f 3864//544 3865//532 3910//494
f 3910//494 3865//532 3911//494
f 3865//532 3866//494 3911//494
f 3911//494 3866//494 3912//494
f 3866//494 3867//494 3912//494
f 3912//494 3867//494 3913//290
f 3867//494 3868//290 3913//290
f 3913//290 3868//290 3914//494
f 3868//290 3869//494 3914//494
f 3914//494 3869//494 3915//494
f 3869//494 3870//494 3915//494
f 3915//494 3870//494 3916//290
f 3870//494 3871//290 3916//290
f 3916//290 3871//290 3917//290
f 3871//290 3872//303 3917//290
f 3917//290 3872//303 3918//303
f 3873//628 3874//629 3919//634
f 3919//634 3874//629 3920//635
f 3874//629 3875//360 3921//636
f 3874//629 3921//636 3920//635
f 3875//360 3876//630 3921//636
f 3921//636 3876//630 3922//637
f 3876//630 3877//418 3922//637
f 3922//637 3877//418 3923//638
f 3877//418 3878//622 3924//639
f 3877//418 3924//639 3923//638
f 3878//622 3879//631 3924//639
f 3924//639 3879//631 3925//474
f 3879//631 3880//632 3926//640
f 3879//631 3926//640 3925//474
f 3880//632 3881//459 3926//640
f 3926//640 3881//459 3927//641
f 3881//459 3882//454 3927//641
f 3927//641 3882//454 3928//485
f 3882//454 3883//633 3928//485
f 3928//485 3883//633 3929//494
f 3883//633 3884//494 3929//494
f 3929//494 3884//494 3930//290
f 3884//494 3885//532 3930//290
f 3930//290 3885//532 3931//544
f 3885//532 3886//533 3931//544
f 3931//544 3886//533 3932//532
f 3886//533 3887//532 3932//532
f 3932//532 3887//532 3933//544
f 3887//532 3888//494 3933//544
f 3933//544 3888//494 3934//532
f 3888//494 3889//473 3934//532
f 3934//532 3889//473 3935//494
f 3889//473 3890//533 3935//494
f 3935//494 3890//533 3936//494
f 3890//533 3891//532 3936//494
f 3936//494 3891//532 3937//532
f 3891//532 3892//544 3937//532
f 3937//532 3892//544 3938//533
f 3892//544 3893//532 3938//533
f 3938//533 3893//532 3939//532
f 3893//532 3894//544 3939//532
f 3939//532 3894//544 3940//533
f 3894//544 3895//532 3940//533
f 3940//533 3895//532 3941//290
f 3895//532 3896//290 3941//290
f 3941//290 3896//290 3942//290
f 3896//290 3897//532 3942//290
f 3942//290 3897//532 3943//533
f 3897//532 3898//533 3943//533
f 3943//533 3898//533 3944//532
f 3898//533 3899//290 3944//532
f 3944//532 3899//290 3945//290
f 3899//290 3900//290 3945//290
f 3945//290 3900//290 3946//290
f 3900//290 3901//290 3946//290
f 3946//290 3901//290 3947//290
f 3901//290 3902//556 3947//290
f 3947//290 3902//556 3948//544
f 3902//556 3903//556 3948//544
f 3948//544 3903//556 3949//494
f 3903//556 3904//290 3949//494
f 3949//494 3904//290 3950//485
f 3904//290 3905//494 3950//485
f 3950//485 3905//494 3951//494
f 3905//494 3906//494 3951//494
f 3951//494 3906//494 3952//473
f 3906//494 3907//290 3952//473
f 3952//473 3907//290 3953//485
f 3907//290 3908//473 3953//485
f 3953//485 3908//473 3954//475
f 3908//473 3909//475 3954//475
f 3954//475 3909//475 3955//473
f 3909//475 3910//494 3955//473
f 3955//473 3910//494 3956//494
f 3910//494 3911//494 3956//494
f 3956//494 3911//494 3957//494
f 3911//494 3912//494 3957//494
f 3957//494 3912//494 3958//290
f 3912//494 3913//290 3958//290
f 3958//290 3913//290 3959//494
f 3913//290 3914//494 3959//494
f 3959//494 3914//494 3960//494
f 3914//494 3915//494 3960//494
f 3960//494 3915//494 3961//290
f 3915//494 3916//290 3961//290
f 3961//290 3916//290 3962//290
f 3916//290 3917//290 3962//290
f 3962//290 3917//290 3963//473
f 3917//290 3918//303 3963//473
f 3963//473 3918//303 3964//545
f 3919//634 3920//635 3965//642
f 3965//642 3920//635 3966//643
f 3920//635 3921//636 3966//643
f 3966//643 3921//636 3967//644
f 3921//636 3922//637 3967//644
f 3967//644 3922//637 3968//645
f 3922//637 3923//638 3968//645
f 3968//645 3923//638 3969//646
f 3923//638 3924//639 3969//646
f 3969//646 3924//639 3970//647
f 3924//639 3925//474 3970//647
f 3970//647 3925//474 3971//290
f 3925//474 3926//640 3972//648
f 3925//474 3972//648 3971//290
f 3926//640 3927//641 3972//648
f 3972//648 3927//641 3973//494
f 3927//641 3928//485 3973//494
f 3973//494 3928//485 3974//473
f 3928//485 3929//494 3974//473
f 3974//473 3929//494 3975//473
f 3929//494 3930//290 3975//473
f 3975//473 3930//290 3976//485
f 3930//290 3931//544 3976//485
f 3976//485 3931//544 3977//649
f 3931//544 3932//532 3977//649
f 3977//649 3932//532 3978//485
f 3932//532 3933//544 3978//485
f 3978//485 3933//544 3979//494
f 3933//544 3934//532 3979//494
f 3979//494 3934//532 3980//494
f 3934//532 3935//494 3980//494
f 3980//494 3935//494 3981//494
f 3935//494 3936//494 3981//494
f 3981//494 3936//494 3982//290
f 3936//494 3937//532 3982//290
f 3982//290 3937//532 3983//544
f 3937//532 3938//533 3983//544
f 3983//544 3938//533 3984//532
f 3938//533 3939//532 3984//532
f 3984//532 3939//532 3985//533
f 3939//532 3940//533 3985//533
f 3985//533 3940//533 3986//532
f 3940//533 3941//290 3986//532
f 3986//532 3941//290 3987//473
f 3941//290 3942//290 3987//473
f 3987//473 3942//290 3988//485
f 3942//290 3943//533 3988//485
f 3988//485 3943//533 3989//494
f 3943//533 3944//532 3989//494
f 3989//494 3944//532 3990//290
f 3944//532 3945//290 3990//290
f 3990//290 3945//290 3991//290
f 3945//290 3946//290 3991//290
f 3991//290 3946//290 3992//473
f 3946//290 3947//290 3992//473
f 3992//473 3947//290 3993//485
f 3947//290 3948//544 3993//485
f 3993//485 3948//544 3994//650
f 3948//544 3949//494 3994//650
f 3994//650 3949//494 3995//494
f 3949//494 3950//485 3995//494
f 3995//494 3950//485 3996//475
f 3950//485 3951//494 3996//475
f 3996//475 3951//494 3997//485
f 3951//494 3952//473 3997//485
f 3997//485 3952//473 3998//475
f 3952//473 3953//485 3998//475
f 3998//475 3953//485 3999//473
f 3953//485 3954//475 3999//473
f 3999//473 3954//475 4000//290
f 3954//475 3955//473 4000//290
f 4000//290 3955//473 4001//494
f 3955//473 3956//494 4001//494
f 4001//494 3956//494 4002//494
f 3956//494 3957//494 4002//494
f 4002//494 3957//494 4003//290
f 3957//494 3958//290 4003//290
f 4003//290 3958//290 4004//494
f 3958//290 3959//494 4004//494
f 4004//494 3959//494 4005//494
f 3959//494 3960//494 4005//494
f 4005//494 3960//494 4006//290
f 3960//494 3961//290 4006//290
f 4006//290 3961//290 4007//290
f 3961//290 3962//290 4007//290
f 4007//290 3962//290 4008//494
f 3962//290 3963//473 4008//494
f 4008//494 3963//473 4009//475
f 3963//473 3964//545 4009//475
f 4009//475 3964//545 4010//651
f 3965//642 3966//643 4011//652
f 3966//643 3967//644 4012//653
f 3966//643 4012//653 4011//652
f 3967//644 3968//645 4012//653
f 4012//653 3968//645 4013//475
f 3968//645 3969//646 4013//475
f 4013//475 3969//646 4014//654
f 3969//646 3970//647 4015//476
f 3969//646 4015//476 4014//654
f 3970//647 3971//290 4015//476
f 4015//476 3971//290 4016//474
f 3971//290 3972//648 4016//474
f 4016//474 3972//648 4017//494
f 3972//648 3973//494 4017//494
f 4017//494 3973//494 4018//494
f 3973//494 3974//473 4018//494
f 4018//494 3974//473 4019//475
f 3974//473 3975//473 4019//475
f 4019//475 3975//473 4020//475
f 3975//473 3976//485 4020//475
f 4020//475 3976//485 4021//494
f 3976//485 3977//649 4021//494
f 4021//494 3977//649 4022//494
f 3977//649 3978//485 4022//494
f 4022//494 3978//485 4023//473
f 3978//485 3979//494 4023//473
f 4023//473 3979//494 4024//494
f 3979//494 3980//494 4024//494
f 4024//494 3980//494 4025//494
f 3980//494 3981//494 4025//494
f 4025//494 3981//494 4026//290
f 3981//494 3982//290 4026//290
f 4026//290 3982//290 4027//494
f 3982//290 3983//544 4027//494
f 4027//494 3983//544 4028//494
f 3983//544 3984//532 4028//494
f 4028//494 3984//532 4029//494
f 3984//532 3985//533 4029//494
f 4029//494 3985//533 4030//494
f 3985//533 3986//532 4030//494
f 4030//494 3986//532 4031//494
f 3986//532 3987//473 4031//494
f 4031//494 3987//473 4032//475
f 3987//473 3988//485 4032//475
f 4032//475 3988//485 4033//473
f 3988//485 3989//494 4033//473
f 4033//473 3989//494 4034//290
f 3989//494 3990//290 4034//290
f 4034//290 3990//290 4035//473
f 3990//290 3991//290 4035//473
f 4035//473 3991//290 4036//485
f 3991//290 3992//473 4036//485
f 4036//485 3992//473 4037//475
f 3992//473 3993//485 4037//475
f 4037//475 3993//485 4038//475
f 3993//485 3994//650 4038//475
f 4038//475 3994//650 4039//494
f 3994//650 3995//494 4039//494
f 4039//494 3995//494 4040//650
f 3995//494 3996//475 4040//650
f 4040//650 3996//475 4041//475
f 3996//475 3997//485 4041//475
f 4041//475 3997//485 4042//473
f 3997//485 3998//475 4042//473
f 4042//473 3998//475 4043//290
f 3998//475 3999//473 4043//290
f 4043//290 3999//473 4044//473
f 3999//473 4000//290 4044//473
f 4044//473 4000//290 4045//475
f 4000//290 4001//494 4045//475
f 4045//475 4001//494 4046//494
f 4001//494 4002//494 4046//494
f 4046//494 4002//494 4047//290
f 4002//494 4003//290 4047//290
f 4047//290 4003//290 4048//494
f 4003//290 4004//494 4048//494
f 4048//494 4004//494 4049//494
f 4004//494 4005//494 4049//494
f 4049//494 4005//494 4050//290
f 4005//494 4006//290 4050//290
f 4050//290 4006//290 4051//290
f 4006//290 4007//290 4051//290
f 4051//290 4007//290 4052//494
f 4007//290 4008//494 4052//494
f 4052//494 4008//494 4053//494
f 4008//494 4009//475 4053//494
f 4053//494 4009//475 4054//290
f 4009//475 4010//651 4054//290
f 4054//290 4010//651 4055//303
f 3263//585 3214//583 3165//303
f 3263//585 4185//655 3311//589
f 3116//303 3067//574 3263//585
f 3501//598 3407//303 3359//303
f 3501//598 3359//303 3311//589
f 2967//303 2916//303 3067//574
f 4186//656 3501//598 3311//589
f 2916//303 2864//563 3067//574
f 3067//574 3017//545 2967//303
f 4011//652 4012//653 4057//657
f 4011//652 4057//657 4056//658
f 4012//653 4013//475 4057//657
f 4057//657 4013//475 4058//485
f 4013//475 4014//654 4058//485
f 4058//485 4014//654 4059//659
f 4014//654 4015//476 4060//501
f 4014//654 4060//501 4059//659
f 4015//476 4016//474 4060//501
f 4060//501 4016//474 4061//659
f 4016//474 4017//494 4061//659
f 4061//659 4017//494 4062//660
f 4017//494 4018//494 4062//660
f 4062//660 4018//494 4063//475
f 4018//494 4019//475 4063//475
f 4063//475 4019//475 4064//475
f 4019//475 4020//475 4064//475
f 4064//475 4020//475 4065//474
f 4020//475 4021//494 4065//474
f 4065//474 4021//494 4066//494
f 4021//494 4022//494 4066//494
f 4066//494 4022//494 4067//494
f 4022//494 4023//473 4067//494
f 4067//494 4023//473 4068//485
f 4023//473 4024//494 4068//485
f 4068//485 4024//494 4069//649
f 4024//494 4025//494 4069//649
f 4069//649 4025//494 4070//474
f 4025//494 4026//290 4070//474
f 4070//474 4026//290 4071//485
f 4026//290 4027//494 4071//485
f 4071//485 4027//494 4072//649
f 4027//494 4028//494 4072//649
f 4072//649 4028//494 4073//485
f 4028//494 4029//494 4073//485
f 4073//485 4029//494 4074//494
f 4029//494 4030//494 4074//494
f 4074//494 4030//494 4075//494
f 4030//494 4031//494 4075//494
f 4075//494 4031//494 4076//494
f 4031//494 4032//475 4076//494
f 4076//494 4032//475 4077//290
f 4032//475 4033//473 4077//290
f 4077//290 4033//473 4078//473
f 4033//473 4034//290 4078//473
f 4078//473 4034//290 4079//485
f 4034//290 4035//473 4079//485
f 4079//485 4035//473 4080//475
f 4035//473 4036//485 4080//475
f 4080//475 4036//485 4081//473
f 4036//485 4037//475 4081//473
f 4081//473 4037//475 4082//494
f 4037//475 4038//475 4082//494
f 4082//494 4038//475 4083//475
f 4038//475 4039//494 4083//475
f 4083//475 4039//494 4084//649
f 4039//494 4040//650 4084//649
f 4084//649 4040//650 4085//494
f 4040//650 4041//475 4085//494
f 4085//494 4041//475 4086//290
f 4041//475 4042//473 4086//290
f 4086//290 4042//473 4087//473
f 4042//473 4043//290 4087//473
f 4087//473 4043//290 4088//485
f 4043//290 4044//473 4088//485
f 4088//485 4044//473 4089//475
f 4044//473 4045//475 4089//475
f 4089//475 4045//475 4090//473
f 4045//475 4046//494 4090//473
f 4090//473 4046//494 4091//290
f 4046//494 4047//290 4091//290
f 4091//290 4047//290 4092//532
f 4047//290 4048//494 4092//532
f 4092//532 4048//494 4093//533
f 4048//494 4049//494 4093//533
f 4093//533 4049//494 4094//290
f 4049//494 4050//290 4094//290
f 4094//290 4050//290 4095//290
f 4050//290 4051//290 4095//290
f 4095//290 4051//290 4096//532
f 4051//290 4052//494 4096//532
f 4096//532 4052//494 4097//533
f 4052//494 4053//494 4097//533
f 4097//533 4053//494 4098//290
f 4053//494 4054//290 4098//290
f 4098//290 4054//290 4099//290
f 4054//290 4055//303 4099//290
f 4099//290 4055//303 4100//661
f 2760//557 2708//553 2656//549
f 2864//563 2812//560 2760//557
f 4189//662 3690//303 3643//610
f 2656//549 2497//535 2760//557
f 2656//549 2604//545 2551//303
f 3827//623 3736//303 3690//303
f 2551//303 2497//535 2656//549
f 4189//662 3827//623 3690//303
f 3827//623 3781//583 3736//303
f 4189//662 3872//303 3827//623
f 3067//574 4183//663 3263//585
f 2442//526 2387//502 2332//514
f 2332//514 2497//535 2442//526
f 3872//303 4010//651 3918//303
f 2332//514 52//41 2497//535
f 4010//651 3964//545 3918//303
f 4189//662 4010//651 3872//303
f 4189//662 4055//303 4010//651
f 2167//497 2332//514 2277//509
f 2277//509 2222//502 2167//497
f 2167//497 52//41 2332//514
f 2864//563 4183//663 3067//574
f 52//41 2760//557 2497//535
f 2760//557 52//41 2864//563
f 4183//663 4184//664 3263//585
f 52//41 4183//663 2864//563
f 1717//445 18//1 2111//491
f 18//1 52//41 2111//491
f 2111//491 2055//470 1717//445
f 2055//470 1999//470 1831//450
f 4056//658 4057//657 4102//665
f 4056//658 4102//665 4101//666
f 4057//657 4058//485 4102//665
f 4102//665 4058//485 4103//667
f 4058//485 4059//659 4103//667
f 4103//667 4059//659 4104//668
f 4059//659 4060//501 4105//669
f 4059//659 4105//669 4104//668
f 4060//501 4061//659 4105//669
f 4105//669 4061//659 4106//659
f 4061//659 4062//660 4106//659
f 4106//659 4062//660 4107//668
f 4062//660 4063//475 4107//668
f 4107//668 4063//475 4108//475
f 4063//475 4064//475 4108//475
f 4108//475 4064//475 4109//660
f 4064//475 4065//474 4109//660
f 4109//660 4065//474 4110//659
f 4065//474 4066//494 4110//659
f 4110//659 4066//494 4111//660
f 4066//494 4067//494 4111//660
f 4111//660 4067//494 4112//660
f 4067//494 4068//485 4112//660
f 4112//660 4068//485 4113//660
f 4068//485 4069//649 4113//660
f 4113//660 4069//649 4114//660
f 4069//649 4070//474 4114//660
f 4114//660 4070//474 4115//670
f 4070//474 4071//485 4115//670
f 4115//670 4071//485 4116//660
f 4071//485 4072//649 4116//660
f 4116//660 4072//649 4117//475
f 4072//649 4073//485 4117//475
f 4117//475 4073//485 4118//475
f 4073//485 4074//494 4118//475
f 4118//475 4074//494 4119//475
f 4074//494 4075//494 4119//475
f 4119//475 4075//494 4120//494
f 4075//494 4076//494 4120//494
f 4120//494 4076//494 4121//290
f 4076//494 4077//290 4121//290
f 4121//290 4077//290 4122//494
f 4077//290 4078//473 4122//494
f 4122//494 4078//473 4123//475
f 4078//473 4079//485 4123//475
f 4123//475 4079//485 4124//473
f 4079//485 4080//475 4124//473
f 4124//473 4080//475 4125//473
f 4080//475 4081//473 4125//473
f 4125//473 4081//473 4126//475
f 4081//473 4082//494 4126//475
f 4126//475 4082//494 4127//494
f 4082//494 4083//475 4127//494
f 4127//494 4083//475 4128//532
f 4083//475 4084//649 4128//532
f 4128//532 4084//649 4129//533
f 4084//649 4085//494 4129//533
f 4129//533 4085//494 4130//290
f 4085//494 4086//290 4130//290
f 4130//290 4086//290 4131//532
f 4086//290 4087//473 4131//532
f 4131//532 4087//473 4132//494
f 4087//473 4088//485 4132//494
f 4132//494 4088//485 4133//473
f 4088//485 4089//475 4133//473
f 4133//473 4089//475 4134//290
f 4089//475 4090//473 4134//290
f 4134//290 4090//473 4135//290
f 4090//473 4091//290 4135//290
f 4135//290 4091//290 4136//290
f 4091//290 4092//532 4136//290
f 4136//290 4092//532 4137//671
f 4092//532 4093//533 4137//671
f 4137//671 4093//533 4138//672
f 4093//533 4094//290 4138//672
f 4138//672 4094//290 4139//673
f 4094//290 4095//290 4139//673
f 4139//673 4095//290 4140//674
f 4095//290 4096//532 4140//674
f 4140//674 4096//532 4141//675
f 4096//532 4097//533 4141//675
f 4141//675 4097//533 4142//676
f 4097//533 4098//290 4142//676
f 4142//676 4098//290 4143//677
f 4098//290 4099//290 4143//677
f 4143//677 4099//290 4144//678
f 4099//290 4100//661 4144//678
f 4144//678 4100//661 4145//679
f 71//60 3//6 18//1
f 71//60 40//40 3//6
f 18//1 17//35 52//41
f 125//104 71//60 299//215
f 40//40 21//7 3//6
f 299//215 240//215 125//104
f 240//215 182//171 125//104
f 1943//463 1887//456 1831//450
f 1831//450 1717//445 2055//470
f 539//303 419//278 359//257
f 1717//445 1485//426 71//60
f 4101//666 4102//665 4146//680
f 4102//665 4103//667 4147//681
f 4102//665 4147//681 4146//680
f 4103//667 4104//668 4147//681
f 4147//681 4104//668 4148//660
f 4104//668 4105//669 4149//501
f 4104//668 4149//501 4148//660
f 4105//669 4106//659 4149//501
f 4149//501 4106//659 4150//659
f 4106//659 4107//668 4150//659
f 4150//659 4107//668 4151//659
f 4107//668 4108//475 4151//659
f 4151//659 4108//475 4152//682
f 4108//475 4109//660 4152//682
f 4152//682 4109//660 4153//683
f 4109//660 4110//659 4153//683
f 4153//683 4110//659 4154//670
f 4110//659 4111//660 4154//670
f 4154//670 4111//660 4155//660
f 4111//660 4112//660 4155//660
f 4155//660 4112//660 4156//475
f 4112//660 4113//660 4156//475
f 4156//475 4113//660 4157//649
f 4113//660 4114//660 4157//649
f 4157//649 4114//660 4158//475
f 4114//660 4115//670 4158//475
f 4158//475 4115//670 4159//474
f 4115//670 4116//660 4159//474
f 4159//474 4116//660 4160//473
f 4116//660 4117//475 4160//473
f 4160//473 4117//475 4161//494
f 4117//475 4118//475 4161//494
f 4161//494 4118//475 4162//475
f 4118//475 4119//475 4162//475
f 4162//475 4119//475 4163//473
f 4119//475 4120//494 4163//473
f 4163//473 4120//494 4164//290
f 4120//494 4121//290 4164//290
f 4164//290 4121//290 4165//494
f 4121//290 4122//494 4165//494
f 4165//494 4122//494 4166//494
f 4122//494 4123//475 4166//494
f 4166//494 4123//475 4167//290
f 4123//475 4124//473 4167//290
f 4167//290 4124//473 4168//532
f 4124//473 4125//473 4168//532
f 4168//532 4125//473 4169//494
f 4125//473 4126//475 4169//494
f 4169//494 4126//475 4170//473
f 4126//475 4127//494 4170//473
f 4170//473 4127//494 4171//290
f 4127//494 4128//532 4171//290
f 4171//290 4128//532 4172//556
f 4128//532 4129//533 4172//556
f 4172//556 4129//533 4173//556
f 4129//533 4130//290 4173//556
f 4173//556 4130//290 4174//290
f 4130//290 4131//532 4174//290
f 4174//290 4131//532 4175//556
f 4131//532 4132//494 4175//556
f 4175//556 4132//494 4176//556
f 4132//494 4133//473 4176//556
f 4176//556 4133//473 4177//290
f 4133//473 4134//290 4177//290
f 4177//290 4134//290 4178//684
f 4134//290 4135//290 4178//684
f 4178//684 4135//290 4179//685
f 4135//290 4136//290 4179//685
f 4179//685 4136//290 4180//686
f 4136//290 4137//671 4180//686
f 4180//686 4137//671 4181//687
f 4137//671 4138//672 4182//688
f 4137//671 4182//688 4181//687
f 4138//672 4139//673 4182//688
f 4182//688 4139//673 4183//663
f 4139//673 4140//674 4183//663
f 4183//663 4140//674 4184//664
f 4140//674 4141//675 4184//664
f 4184//664 4141//675 4185//655
f 4141//675 4142//676 4185//655
f 4185//655 4142//676 4186//656
f 4142//676 4143//677 4187//689
f 4142//676 4187//689 4186//656
f 4143//677 4144//678 4187//689
f 4187//689 4144//678 4188//690
f 4144//678 4145//679 4189//662
f 4144//678 4189//662 4188//690
f 299//215 1368//412 359//257
f 956//303 897//352 838//341
f 1368//412 838//341 359//257
f 1601//435 1543//431 1485//426
f 1485//426 1368//412 71//60
f 1368//412 1309//408 1133//390
f 1368//412 1133//390 838//341
f 1309//408 1191//303 1133//390
f 1485//426 1427//419 1368//412
f 1133//390 1015//303 838//341
f 4190//691 4146//680 4191//692
f 4146//680 4147//681 4191//692
f 4191//692 4147//681 4192//693
f 4147//681 4148//660 4192//693
f 4192//693 4148//660 4193//694
f 4148//660 4149//501 4194//501
f 4148//660 4194//501 4193//694
f 4149//501 4150//659 4194//501
f 4194//501 4150//659 4195//670
f 4150//659 4151//659 4195//670
f 4195//670 4151//659 4196//683
f 4151//659 4152//682 4196//683
f 4196//683 4152//682 4197//695
f 4152//682 4153//683 4197//695
f 4197//695 4153//683 4198//474
f 4153//683 4154//670 4198//474
f 4198//474 4154//670 4199//668
f 4154//670 4155//660 4199//668
f 4199//668 4155//660 4200//668
f 4155//660 4156//475 4200//668
f 4200//668 4156//475 4201//475
f 4156//475 4157//649 4201//475
f 4201//475 4157//649 4202//494
f 4157//649 4158//475 4202//494
f 4202//494 4158//475 4203//290
f 4158//475 4159//474 4203//290
f 4203//290 4159//474 4204//473
f 4159//474 4160//473 4204//473
f 4204//473 4160//473 4205//475
f 4160//473 4161//494 4205//475
f 4205//475 4161//494 4206//696
f 4161//494 4162//475 4206//696
f 4206//696 4162//475 4207//697
f 4162//475 4163//473 4207//697
f 4207//697 4163//473 4208//697
f 4163//473 4164//290 4208//697
f 4208//697 4164//290 4209//698
f 4164//290 4165//494 4209//698
f 4209//698 4165//494 4210//699
f 4165//494 4166//494 4210//699
f 4210//699 4166//494 4211//700
f 4166//494 4167//290 4211//700
f 4211//700 4167//290 4212//701
f 4167//290 4168//532 4212//701
f 4212//701 4168//532 4213//702
f 4168//532 4169//494 4213//702
f 4213//702 4169//494 4214//703
f 4169//494 4170//473 4214//703
f 4214//703 4170//473 4215//290
f 4170//473 4171//290 4215//290
f 4215//290 4171//290 4216//704
f 4171//290 4172//556 4216//704
f 4216//704 4172//556 4217//705
f 4172//556 4173//556 4217//705
f 4217//705 4173//556 4218//706
f 4173//556 4174//290 4218//706
f 4218//706 4174//290 4219//290
f 4174//290 4175//556 4219//290
f 4219//290 4175//556 4220//707
f 4175//556 4176//556 4220//707
f 4220//707 4176//556 4221//708
f 4176//556 4177//290 4221//708
f 4221//708 4177//290 4222//709
f 4177//290 4178//684 4222//709
f 4222//709 4178//684 4223//710
f 4178//684 4179//685 4223//710
f 4223//710 4179//685 4224//711
f 4179//685 4180//686 4225//712
f 4179//685 4225//712 4224//711
f 4180//686 4181//687 4225//712
f 4225//712 4181//687 4226//713
f 4181//687 4182//688 4226//713
f 4226//713 4182//688 4227//714
f 4182//688 4183//663 4227//714
f 4186//656 4187//689 4228//715
f 4228//715 4187//689 4229//716
f 4187//689 4188//690 4230//717
f 4187//689 4230//717 4229//716
f 4188//690 4189//662 4230//717
f 4190//691 4191//692 4231//718
f 4191//692 4192//693 4231//718
f 4231//718 4192//693 4232//719
f 4192//693 4193//694 4233//720
f 4192//693 4233//720 4232//719
f 4193//694 4194//501 4234//501
f 4193//694 4234//501 4233//720
f 4194//501 4195//670 4234//501
f 4234//501 4195//670 4235//670
f 4195//670 4196//683 4235//670
f 4235//670 4196//683 4236//668
f 4196//683 4197//695 4236//668
f 4236//668 4197//695 4237//474
f 4197//695 4198//474 4237//474
f 4237//474 4198//474 4238//721
f 4198//474 4199//668 4238//721
f 4238//721 4199//668 4239//722
f 4199//668 4200//668 4239//722
f 4239//722 4200//668 4240//723
f 4200//668 4201//475 4240//723
f 4240//723 4201//475 4241//724
f 4201//475 4202//494 4241//724
f 4241//724 4202//494 4242//725
f 4202//494 4203//290 4242//725
f 4242//725 4203//290 4243//726
f 4203//290 4204//473 4243//726
f 4243//726 4204//473 4244//727
f 4204//473 4205//475 4244//727
f 4244//727 4205//475 4245//728
f 4205//475 4206//696 4245//728
f 4245//728 4206//696 4246//729
f 4206//696 4207//697 4246//729
f 4246//729 4207//697 4247//730
f 4207//697 4208//697 4247//730
f 4247//730 4208//697 4248//731
f 4208//697 4209//698 4248//731
f 4248//731 4209//698 4249//732
f 4209//698 4210//699 4249//732
f 4249//732 4210//699 4250//733
f 4210//699 4211//700 4251//734
f 4210//699 4251//734 4250//733
f 4211//700 4212//701 4251//734
f 4251//734 4212//701 4252//735
f 4212//701 4213//702 4252//735
f 4252//735 4213//702 4253//736
f 4213//702 4214//703 4254//737
f 4213//702 4254//737 4253//736
f 4214//703 4215//290 4254//737
f 4254//737 4215//290 4255//738
f 4215//290 4216//704 4255//738
f 4255//738 4216//704 4256//739
f 4216//704 4217//705 4256//739
f 4256//739 4217//705 4257//740
f 4217//705 4218//706 4257//740
f 4257//740 4218//706 4258//741
f 4218//706 4219//290 4259//742
f 4218//706 4259//742 4258//741
f 4219//290 4220//707 4259//742
f 4259//742 4220//707 4260//743
f 4220//707 4221//708 4260//743
f 4260//743 4221//708 4261//744
f 4221//708 4222//709 4262//745
f 4221//708 4262//745 4261//744
f 4222//709 4223//710 4262//745
f 4232//719 4233//720 4263//746
f 4233//720 4234//501 4264//747
f 4233//720 4264//747 4263//746
f 4234//501 4235//670 4264//747
f 4264//747 4235//670 4265//486
f 4235//670 4236//668 4265//486
f 4265//486 4236//668 4266//748
f 4236//668 4237//474 4266//748
f 4266//748 4237//474 4267//749
f 4237//474 4238//721 4267//749
f 4267//749 4238//721 4268//750
f 4238//721 4239//722 4268//750
f 4268//750 4239//722 4269//751
f 4239//722 4240//723 4269//751
f 4269//751 4240//723 4270//752
f 4240//723 4241//724 4270//752
f 4270//752 4241//724 4271//753
f 4241//724 4242//725 4271//753
f 4271//753 4242//725 4272//754
f 4242//725 4243//726 4272//754
f 4272//754 4243//726 4273//755
f 4243//726 4244//727 4274//756
f 4243//726 4274//756 4273//755
f 4244//727 4245//728 4274//756
f 4274//756 4245//728 4275//757
f 4245//728 4246//729 4275//757
f 4252//735 4253//736 4276//758
f 4276//758 4253//736 4277//759
f 4253//736 4254//737 4277//759
f 4277//759 4254//737 4278//760
f 4254//737 4255//738 4278//760
f 4278//760 4255//738 4279//761
f 4255//738 4256//739 4279//761
f 4258//741 4259//742 4280//762
f 4259//742 4260//743 4280//762
f 4263//746 4264//747 4281//763
f 4264//747 4265//486 4282//764
f 4264//747 4282//764 4281//763
f 4265//486 4266//748 4282//764
f 4282//764 4266//748 4283//765
f 4266//748 4267//749 4283//765
f 4283//765 4267//749 4284//766
f 4267//749 4268//750 4284//766
f 4273//755 4274//756 4285//767
f 4274//756 4275//757 4285//767
f 4277//759 4278//760 4286//768
f 4278//760 4279//761 4286//768
f 4281//763 4282//764 4287//769
f 4282//764 4283//765 4287//769
f 4011//652 4146//680 4268//750
f 4232//719 4263//746 4268//750
f 4146//680 4231//718 4232//719
f 3828//624 4011//652 4268//750
f 4146//680 4190//691 4231//718
f 4011//652 4056//658 4146//680
f 4056//658 4101//666 4146//680
f 3828//624 3919//634 4011//652
f 3919//634 3965//642 4011//652
f 3737//617 3782//619 3828//624
f 3828//624 3873//628 3919//634
f 3549//601 3644//611 3691//614
f 3549//601 3691//614 3737//617
f 3549//601 3596//606 3644//611
f 3502//599 3549//601 3737//617
f 3408//594 3455//432 3737//617
f 3455//432 3502//599 3737//617
f 3312//591 3360//592 3408//594
f 3264//586 3312//591 3408//594
f 3117//578 3166//580 3264//586
f 3166//580 3215//448 3264//586
f 2968//571 3018//492 3068//575
f 3068//575 3117//578 3264//586
f 2813//561 2865//541 2917//567
f 2917//567 2968//571 2761//558
f 4283//765 4268//750 4263//746
f 2761//558 2813//561 2917//567
f 3408//594 4251//734 3264//586
f 4281//763 4283//765 4263//746
f 4271//753 4246//729 3737//617
f 4281//763 4287//769 4283//765
f 2605//546 2657//550 2968//571
f 3068//575 2605//546 2968//571
f 2657//550 2709//554 2968//571
f 2709//554 2761//558 2968//571
f 4283//765 4284//766 4268//750
f 4268//750 4269//751 3828//624
f 4270//752 4271//753 3828//624
f 3828//624 4271//753 3737//617
f 4272//754 4273//755 4246//729
f 4269//751 4270//752 3828//624
f 4273//755 4275//757 4246//729
f 4271//753 4272//754 4246//729
f 4273//755 4285//767 4275//757
f 4248//731 4251//734 3408//594
f 4247//730 4248//731 3737//617
f 3737//617 4248//731 3408//594
f 4248//731 4249//732 4251//734
f 4246//729 4247//730 3737//617
f 4249//732 4250//733 4251//734
f 4223//710 3068//575 3264//586
f 4252//735 4256//739 4251//734
f 4251//734 4256//739 3264//586
f 2499//537 2552//541 2605//546
f 4277//759 4256//739 4252//735
f 4252//735 4276//758 4277//759
f 2388//521 2498//536 2499//537
f 4286//768 4279//761 4277//759
f 4279//761 4256//739 4277//759
f 2333//516 2388//521 2499//537
f 2388//521 2443//527 2498//536
f 4256//739 4223//710 3264//586
f 2168//498 2223//504 2499//537
f 128//105 540//304 780//330
f 4223//710 4256//739 4257//740
f 2278//510 2333//516 2499//537
f 1428//420 1718//446 1832//451
f 2056//483 2112//492 2168//498
f 2223//504 2278//510 2499//537
f 1944//464 2000//471 2168//498
f 2000//471 2056//483 2168//498
f 1832//451 1888//457 2168//498
f 1888//457 1944//464 2168//498
f 1544//432 1602//436 1718//446
f 1718//446 1775//448 1832//451
f 1486//427 1544//432 1718//446
f 1602//436 1660//441 1718//446
f 1134//391 1310//409 1428//420
f 1428//420 1486//427 1718//446
f 898//353 957//362 1134//391
f 839//342 1134//391 82//126
f 1310//409 1369//413 1428//420
f 1134//391 1251//403 1310//409
f 1016//370 1075//381 1134//391
f 1134//391 1192//397 1251//403
f 839//342 898//353 1134//391
f 957//362 1016//370 1134//391
f 660//319 720//321 780//330
f 780//330 839//342 82//126
f 540//304 600//313 780//330
f 600//313 660//319 780//330
f 4258//741 4280//762 4260//743
f 4258//741 4223//710 4257//740
f 4261//744 4223//710 4260//743
f 4260//743 4223//710 4258//741
f 420//279 480//293 128//105
f 480//293 540//304 128//105
f 128//105 241//216 420//279
f 241//216 360//258 420//279
f 89//139 1134//391 1428//420
f 4261//744 4262//745 4223//710
f 241//216 300//237 360//258
f 128//105 183//172 241//216
f 127//175 126//173 183//172
f 128//105 127//175 183//172
f 4223//710 4183//663 3068//575
f 75//112 128//105 780//330
f 4225//712 4183//663 4223//710
f 4223//710 4224//711 4225//712
f 4226//713 4183//663 4225//712
f 1832//451 89//139 1428//420
f 75//112 74//110 128//105
f 82//126 79//120 780//330
f 74//110 73//108 128//105
f 73//108 72//106 128//105
f 77//116 76//114 780//330
f 76//114 75//112 780//330
f 79//120 78//118 780//330
f 78//118 77//116 780//330
f 100//151 2499//537 2605//546
f 82//126 80//122 79//120
f 82//126 81//124 80//122
f 4226//713 4227//714 4183//663
f 2499//537 100//151 2168//498
f 2168//498 99//78 1832//451
f 3165//303 3116//303 3263//585
f 89//139 84//130 1134//391
f 4228//715 4229//716 4186//656
f 4229//716 4189//662 4186//656
f 1717//445 1659//440 1485//426
f 4229//716 4230//717 4189//662
f 83//128 82//126 1134//391
f 86//134 84//130 89//139
f 86//134 85//132 84//130
f 84//130 83//128 1134//391
f 89//139 88//137 87//136
f 87//136 86//134 89//139
f 90//61 89//139 1832//451
f 3068//575 102//79 2605//546
f 1015//303 956//303 838//341
f 1133//390 1074//380 1015//303
f 838//341 599//312 359//257
f 99//78 90//61 1832//451
f 779//303 719//303 599//312
f 4183//663 102//79 3068//575
f 42//64 41//62 90//61
f 1309//408 1250//380 1191//303
f 44//68 90//61 99//78
f 43//66 42//64 90//61
f 44//68 43//66 90//61
f 4189//662 4145//679 4100//661
f 47//74 46//72 45//70
f 45//70 44//68 99//78
f 838//341 779//303 599//312
f 99//78 47//74 45//70
f 1659//440 1601//435 1485//426
f 100//151 99//78 2168//498
f 1831//450 1774//419 1717//445
f 99//78 48//76 47//74
f 719//303 659//318 599//312
f 101//153 100//151 2605//546
f 1368//412 299//215 71//60
f 4189//662 4100//661 4055//303
f 4185//655 4186//656 3311//589
f 2111//491 52//41 2167//497
f 102//79 101//153 2605//546
f 3643//610 3595//605 3548//303
f 4189//662 3643//610 3501//598
f 52//41 102//79 4183//663
f 52//41 51//84 102//79
f 4184//664 4185//655 3263//585
f 51//84 50//82 102//79
f 50//82 49//80 102//79
f 3643//610 3548//303 3501//598
f 1943//463 1831//450 1999//470
f 3501//598 3454//596 3407//303
f 1717//445 71//60 18//1
f 6//13 5//11 22//8
f 52//41 6//13 22//8
f 539//303 479//292 419//278
f 5//11 4//9 22//8
f 7//15 6//13 52//41
f 4186//656 4189//662 3501//598
f 8//17 7//15 52//41
f 11//23 10//21 52//41
f 10//21 9//19 52//41
f 9//19 8//17 52//41
f 13//27 12//25 52//41
f 12//25 11//23 52//41
f 17//35 13//27 52//41
f 17//35 14//29 13//27
f 599//312 539//303 359//257
f 17//35 16//33 15//31
f 17//35 15//31 14//29
f 3//6 2//4 18//1
f 2//4 1//2 18//1
f 4146//680 4232//719 4268//750
