# Blender 4.5.3 LTS
# www.blender.org
mtllib plechovka4.mtl
o plech4
v -0.095000 -1.315000 0.057224
v -0.085000 -1.315000 0.057224
v -0.075000 -1.315000 0.057224
v -0.065000 -1.315000 0.154777
v -0.055000 -1.315000 0.150086
v -0.105000 -1.305000 0.057224
v -0.095000 -1.305000 0.272031
v -0.085000 -1.305000 0.276722
v -0.075000 -1.305000 0.286102
v -0.065000 -1.305000 0.290792
v -0.055000 -1.305000 0.286102
v -0.045000 -1.305000 0.057224
v -0.035000 -1.305000 0.057224
v -0.105000 -1.295000 0.057224
v -0.095000 -1.295000 0.272031
v -0.085000 -1.295000 0.281412
v -0.075000 -1.295000 0.286102
v -0.065000 -1.295000 0.290792
v -0.055000 -1.295000 0.295482
v -0.045000 -1.295000 0.299000
v -0.035000 -1.295000 0.317416
v -0.025000 -1.295000 0.057224
v -0.015000 -1.295000 0.057224
v -0.005000 -1.295000 0.057224
v -0.125000 -1.285000 0.057224
v -0.115000 -1.285000 0.057224
v -0.105000 -1.285000 0.272031
v -0.095000 -1.285000 0.276722
v -0.085000 -1.285000 0.281412
v -0.075000 -1.285000 0.290792
v -0.065000 -1.285000 0.295482
v -0.055000 -1.285000 0.295482
v -0.045000 -1.285000 0.299000
v -0.035000 -1.285000 0.308208
v -0.025000 -1.285000 0.317416
v -0.015000 -1.285000 0.326624
v -0.005000 -1.285000 0.317416
v 0.005000 -1.285000 0.057224
v -0.135000 -1.275000 0.057224
v -0.125000 -1.275000 0.267341
v -0.115000 -1.275000 0.272031
v -0.105000 -1.275000 0.276722
v -0.095000 -1.275000 0.281412
v -0.085000 -1.275000 0.286102
v -0.075000 -1.275000 0.290792
v -0.065000 -1.275000 0.295482
v -0.055000 -1.275000 0.295482
v -0.045000 -1.275000 0.299000
v -0.035000 -1.275000 0.308208
v -0.025000 -1.275000 0.317416
v -0.015000 -1.275000 0.317416
v -0.005000 -1.275000 0.326624
v 0.005000 -1.275000 0.057224
v 0.015000 -1.275000 0.057224
v -0.135000 -1.265000 0.057224
v -0.125000 -1.265000 0.272031
v -0.115000 -1.265000 0.272031
v -0.105000 -1.265000 0.281412
v -0.095000 -1.265000 0.286102
v -0.085000 -1.265000 0.290792
v -0.075000 -1.265000 0.295482
v -0.065000 -1.265000 0.295482
v -0.055000 -1.265000 0.299000
v -0.045000 -1.265000 0.299000
v -0.035000 -1.265000 0.317416
v -0.025000 -1.265000 0.317416
v -0.015000 -1.265000 0.317416
v -0.005000 -1.265000 0.326624
v 0.005000 -1.265000 0.326624
v 0.015000 -1.265000 0.335831
v 0.025000 -1.265000 0.057224
v 0.035000 -1.265000 0.057224
v 0.045000 -1.265000 0.057224
v -0.145000 -1.255000 0.057224
v -0.135000 -1.255000 0.267341
v -0.125000 -1.255000 0.272031
v -0.115000 -1.255000 0.276722
v -0.105000 -1.255000 0.286102
v -0.095000 -1.255000 0.290792
v -0.085000 -1.255000 0.295482
v -0.075000 -1.255000 0.299000
v -0.065000 -1.255000 0.299000
v -0.055000 -1.255000 0.299000
v -0.045000 -1.255000 0.308208
v -0.035000 -1.255000 0.317416
v -0.025000 -1.255000 0.317416
v -0.015000 -1.255000 0.326624
v -0.005000 -1.255000 0.326624
v 0.005000 -1.255000 0.335831
v 0.015000 -1.255000 0.335831
v 0.025000 -1.255000 0.335831
v 0.035000 -1.255000 0.345039
v 0.045000 -1.255000 0.345039
v 0.055000 -1.255000 0.057224
v 0.065000 -1.255000 0.057224
v -0.155000 -1.245000 0.057224
v -0.145000 -1.245000 0.267341
v -0.135000 -1.245000 0.272031
v -0.125000 -1.245000 0.276722
v -0.115000 -1.245000 0.281412
v -0.105000 -1.245000 0.286102
v -0.095000 -1.245000 0.295482
v -0.085000 -1.245000 0.295482
v -0.075000 -1.245000 0.299000
v -0.065000 -1.245000 0.308208
v -0.055000 -1.245000 0.308208
v -0.045000 -1.245000 0.308208
v -0.035000 -1.245000 0.317416
v -0.025000 -1.245000 0.326624
v -0.015000 -1.245000 0.326624
v -0.005000 -1.245000 0.326624
v 0.005000 -1.245000 0.335831
v 0.015000 -1.245000 0.335831
v 0.025000 -1.245000 0.335831
v 0.035000 -1.245000 0.345039
v 0.045000 -1.245000 0.345039
v 0.055000 -1.245000 0.345039
v 0.065000 -1.245000 0.354247
v 0.075000 -1.245000 0.057224
v -0.155000 -1.235000 0.057224
v -0.145000 -1.235000 0.267341
v -0.135000 -1.235000 0.272031
v -0.125000 -1.235000 0.281412
v -0.115000 -1.235000 0.286102
v -0.105000 -1.235000 0.290792
v -0.095000 -1.235000 0.295482
v -0.085000 -1.235000 0.299000
v -0.075000 -1.235000 0.299000
v -0.065000 -1.235000 0.308208
v -0.055000 -1.235000 0.308208
v -0.045000 -1.235000 0.317416
v -0.035000 -1.235000 0.326624
v -0.025000 -1.235000 0.326624
v -0.015000 -1.235000 0.326624
v -0.005000 -1.235000 0.335831
v 0.005000 -1.235000 0.335831
v 0.015000 -1.235000 0.335831
v 0.025000 -1.235000 0.335831
v 0.035000 -1.235000 0.345039
v 0.045000 -1.235000 0.345039
v 0.055000 -1.235000 0.345039
v 0.065000 -1.235000 0.345039
v 0.075000 -1.235000 0.057224
v 0.085000 -1.235000 0.057224
v 0.095000 -1.235000 0.057224
v -0.155000 -1.225000 0.057224
v -0.145000 -1.225000 0.272031
v -0.135000 -1.225000 0.276722
v -0.125000 -1.225000 0.286102
v -0.115000 -1.225000 0.290792
v -0.105000 -1.225000 0.295482
v -0.095000 -1.225000 0.295482
v -0.085000 -1.225000 0.299000
v -0.075000 -1.225000 0.299000
v -0.065000 -1.225000 0.308208
v -0.055000 -1.225000 0.317416
v -0.045000 -1.225000 0.317416
v -0.035000 -1.225000 0.326624
v -0.025000 -1.225000 0.326624
v -0.015000 -1.225000 0.335831
v -0.005000 -1.225000 0.335831
v 0.005000 -1.225000 0.335831
v 0.015000 -1.225000 0.335831
v 0.025000 -1.225000 0.345039
v 0.035000 -1.225000 0.345039
v 0.045000 -1.225000 0.345039
v 0.055000 -1.225000 0.345039
v 0.065000 -1.225000 0.345039
v 0.075000 -1.225000 0.354247
v 0.085000 -1.225000 0.354247
v 0.095000 -1.225000 0.354247
v 0.105000 -1.225000 0.057224
v -0.175000 -1.215000 0.057224
v -0.165000 -1.215000 0.057224
v -0.155000 -1.215000 0.272031
v -0.145000 -1.215000 0.276722
v -0.135000 -1.215000 0.281412
v -0.125000 -1.215000 0.286102
v -0.115000 -1.215000 0.295482
v -0.105000 -1.215000 0.295482
v -0.095000 -1.215000 0.299000
v -0.085000 -1.215000 0.299000
v -0.075000 -1.215000 0.299000
v -0.065000 -1.215000 0.308208
v -0.055000 -1.215000 0.317416
v -0.045000 -1.215000 0.326624
v -0.035000 -1.215000 0.326624
v -0.025000 -1.215000 0.335831
v -0.015000 -1.215000 0.335831
v -0.005000 -1.215000 0.335831
v 0.005000 -1.215000 0.335831
v 0.015000 -1.215000 0.345039
v 0.025000 -1.215000 0.345039
v 0.035000 -1.215000 0.345039
v 0.045000 -1.215000 0.345039
v 0.055000 -1.215000 0.345039
v 0.065000 -1.215000 0.354247
v 0.075000 -1.215000 0.354247
v 0.085000 -1.215000 0.354247
v 0.095000 -1.215000 0.354247
v 0.105000 -1.215000 0.354247
v 0.115000 -1.215000 0.057224
v 0.125000 -1.215000 0.057224
v -0.185000 -1.205000 0.057224
v -0.175000 -1.205000 0.257961
v -0.165000 -1.205000 0.267341
v -0.155000 -1.205000 0.272031
v -0.145000 -1.205000 0.281412
v -0.135000 -1.205000 0.286102
v -0.125000 -1.205000 0.290792
v -0.115000 -1.205000 0.295482
v -0.105000 -1.205000 0.299000
v -0.095000 -1.205000 0.299000
v -0.085000 -1.205000 0.299000
v -0.075000 -1.205000 0.308208
v -0.065000 -1.205000 0.317416
v -0.055000 -1.205000 0.326624
v -0.045000 -1.205000 0.326624
v -0.035000 -1.205000 0.326624
v -0.025000 -1.205000 0.335831
v -0.015000 -1.205000 0.335831
v -0.005000 -1.205000 0.335831
v 0.005000 -1.205000 0.345039
v 0.015000 -1.205000 0.345039
v 0.025000 -1.205000 0.345039
v 0.035000 -1.205000 0.345039
v 0.045000 -1.205000 0.345039
v 0.055000 -1.205000 0.345039
v 0.065000 -1.205000 0.354247
v 0.075000 -1.205000 0.354247
v 0.085000 -1.205000 0.354247
v 0.095000 -1.205000 0.354247
v 0.105000 -1.205000 0.354247
v 0.115000 -1.205000 0.354247
v 0.125000 -1.205000 0.354247
v 0.135000 -1.205000 0.057224
v 0.145000 -1.205000 0.057224
v -0.185000 -1.195000 0.057224
v -0.175000 -1.195000 0.267341
v -0.165000 -1.195000 0.272031
v -0.155000 -1.195000 0.276722
v -0.145000 -1.195000 0.286102
v -0.135000 -1.195000 0.286102
v -0.125000 -1.195000 0.290792
v -0.115000 -1.195000 0.299000
v -0.105000 -1.195000 0.299000
v -0.095000 -1.195000 0.308208
v -0.085000 -1.195000 0.308208
v -0.075000 -1.195000 0.308208
v -0.065000 -1.195000 0.317416
v -0.055000 -1.195000 0.326624
v -0.045000 -1.195000 0.326624
v -0.035000 -1.195000 0.335831
v -0.025000 -1.195000 0.335831
v -0.015000 -1.195000 0.335831
v -0.005000 -1.195000 0.335831
v 0.005000 -1.195000 0.345039
v 0.015000 -1.195000 0.345039
v 0.025000 -1.195000 0.345039
v 0.035000 -1.195000 0.345039
v 0.045000 -1.195000 0.345039
v 0.055000 -1.195000 0.354247
v 0.065000 -1.195000 0.354247
v 0.075000 -1.195000 0.354247
v 0.085000 -1.195000 0.354247
v 0.095000 -1.195000 0.354247
v 0.105000 -1.195000 0.354247
v 0.115000 -1.195000 0.354247
v 0.125000 -1.195000 0.354247
v 0.135000 -1.195000 0.354247
v 0.145000 -1.195000 0.354247
v 0.155000 -1.195000 0.057224
v 0.165000 -1.195000 0.057224
v -0.195000 -1.185000 0.057224
v -0.185000 -1.185000 0.272031
v -0.175000 -1.185000 0.272031
v -0.165000 -1.185000 0.272031
v -0.155000 -1.185000 0.281412
v -0.145000 -1.185000 0.286102
v -0.135000 -1.185000 0.290792
v -0.125000 -1.185000 0.295482
v -0.115000 -1.185000 0.299000
v -0.105000 -1.185000 0.308208
v -0.095000 -1.185000 0.299000
v -0.085000 -1.185000 0.308208
v -0.075000 -1.185000 0.317416
v -0.065000 -1.185000 0.326624
v -0.055000 -1.185000 0.326624
v -0.045000 -1.185000 0.335831
v -0.035000 -1.185000 0.335831
v -0.025000 -1.185000 0.335831
v -0.015000 -1.185000 0.335831
v -0.005000 -1.185000 0.345039
v 0.005000 -1.185000 0.345039
v 0.015000 -1.185000 0.345039
v 0.025000 -1.185000 0.345039
v 0.035000 -1.185000 0.345039
v 0.045000 -1.185000 0.345039
v 0.055000 -1.185000 0.354247
v 0.065000 -1.185000 0.354247
v 0.075000 -1.185000 0.354247
v 0.085000 -1.185000 0.354247
v 0.095000 -1.185000 0.354247
v 0.105000 -1.185000 0.354247
v 0.115000 -1.185000 0.354247
v 0.125000 -1.185000 0.354247
v 0.135000 -1.185000 0.354247
v 0.145000 -1.185000 0.354247
v 0.155000 -1.185000 0.354247
v 0.165000 -1.185000 0.354247
v 0.175000 -1.185000 0.057224
v -0.195000 -1.175000 0.057224
v -0.185000 -1.175000 0.272031
v -0.175000 -1.175000 0.272031
v -0.165000 -1.175000 0.276722
v -0.155000 -1.175000 0.286102
v -0.145000 -1.175000 0.290792
v -0.135000 -1.175000 0.295482
v -0.125000 -1.175000 0.295482
v -0.115000 -1.175000 0.299000
v -0.105000 -1.175000 0.308208
v -0.095000 -1.175000 0.299000
v -0.085000 -1.175000 0.308208
v -0.075000 -1.175000 0.317416
v -0.065000 -1.175000 0.326624
v -0.055000 -1.175000 0.326624
v -0.045000 -1.175000 0.335831
v -0.035000 -1.175000 0.335831
v -0.025000 -1.175000 0.335831
v -0.015000 -1.175000 0.345039
v -0.005000 -1.175000 0.345039
v 0.005000 -1.175000 0.345039
v 0.015000 -1.175000 0.345039
v 0.025000 -1.175000 0.345039
v 0.035000 -1.175000 0.345039
v 0.045000 -1.175000 0.354247
v 0.055000 -1.175000 0.354247
v 0.065000 -1.175000 0.354247
v 0.075000 -1.175000 0.354247
v 0.085000 -1.175000 0.354247
v 0.095000 -1.175000 0.354247
v 0.105000 -1.175000 0.354247
v 0.115000 -1.175000 0.354247
v 0.125000 -1.175000 0.354247
v 0.135000 -1.175000 0.354247
v 0.145000 -1.175000 0.354247
v 0.155000 -1.175000 0.354247
v 0.165000 -1.175000 0.354247
v 0.175000 -1.175000 0.057224
v 0.185000 -1.175000 0.057224
v -0.195000 -1.165000 0.057224
v -0.185000 -1.165000 0.272031
v -0.175000 -1.165000 0.276722
v -0.165000 -1.165000 0.281412
v -0.155000 -1.165000 0.286102
v -0.145000 -1.165000 0.295482
v -0.135000 -1.165000 0.299000
v -0.125000 -1.165000 0.299000
v -0.115000 -1.165000 0.299000
v -0.105000 -1.165000 0.308208
v -0.095000 -1.165000 0.308208
v -0.085000 -1.165000 0.317416
v -0.075000 -1.165000 0.326624
v -0.065000 -1.165000 0.326624
v -0.055000 -1.165000 0.326624
v -0.045000 -1.165000 0.335831
v -0.035000 -1.165000 0.335831
v -0.025000 -1.165000 0.345039
v -0.015000 -1.165000 0.345039
v -0.005000 -1.165000 0.345039
v 0.005000 -1.165000 0.345039
v 0.015000 -1.165000 0.345039
v 0.025000 -1.165000 0.345039
v 0.035000 -1.165000 0.354247
v 0.045000 -1.165000 0.354247
v 0.055000 -1.165000 0.354247
v 0.065000 -1.165000 0.354247
v 0.075000 -1.165000 0.354247
v 0.085000 -1.165000 0.354247
v 0.095000 -1.165000 0.354247
v 0.105000 -1.165000 0.354247
v 0.115000 -1.165000 0.354247
v 0.125000 -1.165000 0.354247
v 0.135000 -1.165000 0.354247
v 0.145000 -1.165000 0.354247
v 0.155000 -1.165000 0.354247
v 0.165000 -1.165000 0.354247
v 0.175000 -1.165000 0.345039
v 0.185000 -1.165000 0.354247
v 0.195000 -1.165000 0.057224
v 0.205000 -1.165000 0.057224
v -0.205000 -1.155000 0.057224
v -0.195000 -1.155000 0.272031
v -0.185000 -1.155000 0.276722
v -0.175000 -1.155000 0.281412
v -0.165000 -1.155000 0.286102
v -0.155000 -1.155000 0.290792
v -0.145000 -1.155000 0.295482
v -0.135000 -1.155000 0.299000
v -0.125000 -1.155000 0.299000
v -0.115000 -1.155000 0.299000
v -0.105000 -1.155000 0.308208
v -0.095000 -1.155000 0.308208
v -0.085000 -1.155000 0.317416
v -0.075000 -1.155000 0.326624
v -0.065000 -1.155000 0.326624
v -0.055000 -1.155000 0.335831
v -0.045000 -1.155000 0.335831
v -0.035000 -1.155000 0.335831
v -0.025000 -1.155000 0.345039
v -0.015000 -1.155000 0.345039
v -0.005000 -1.155000 0.345039
v 0.005000 -1.155000 0.345039
v 0.015000 -1.155000 0.345039
v 0.025000 -1.155000 0.354247
v 0.035000 -1.155000 0.354247
v 0.045000 -1.155000 0.354247
v 0.055000 -1.155000 0.354247
v 0.065000 -1.155000 0.354247
v 0.075000 -1.155000 0.354247
v 0.085000 -1.155000 0.354247
v 0.095000 -1.155000 0.354247
v 0.105000 -1.155000 0.354247
v 0.115000 -1.155000 0.354247
v 0.125000 -1.155000 0.354247
v 0.135000 -1.155000 0.354247
v 0.145000 -1.155000 0.354247
v 0.155000 -1.155000 0.354247
v 0.165000 -1.155000 0.345039
v 0.175000 -1.155000 0.345039
v 0.185000 -1.155000 0.345039
v 0.195000 -1.155000 0.345039
v 0.205000 -1.155000 0.345039
v 0.215000 -1.155000 0.057224
v -0.215000 -1.145000 0.057224
v -0.205000 -1.145000 0.267341
v -0.195000 -1.145000 0.272031
v -0.185000 -1.145000 0.276722
v -0.175000 -1.145000 0.286102
v -0.165000 -1.145000 0.290792
v -0.155000 -1.145000 0.290792
v -0.145000 -1.145000 0.295482
v -0.135000 -1.145000 0.299000
v -0.125000 -1.145000 0.299000
v -0.115000 -1.145000 0.299000
v -0.105000 -1.145000 0.308208
v -0.095000 -1.145000 0.317416
v -0.085000 -1.145000 0.326624
v -0.075000 -1.145000 0.326624
v -0.065000 -1.145000 0.335831
v -0.055000 -1.145000 0.335831
v -0.045000 -1.145000 0.335831
v -0.035000 -1.145000 0.345039
v -0.025000 -1.145000 0.345039
v -0.015000 -1.145000 0.345039
v -0.005000 -1.145000 0.345039
v 0.005000 -1.145000 0.345039
v 0.015000 -1.145000 0.345039
v 0.025000 -1.145000 0.354247
v 0.035000 -1.145000 0.354247
v 0.045000 -1.145000 0.354247
v 0.055000 -1.145000 0.354247
v 0.065000 -1.145000 0.354247
v 0.075000 -1.145000 0.354247
v 0.085000 -1.145000 0.354247
v 0.095000 -1.145000 0.354247
v 0.105000 -1.145000 0.354247
v 0.115000 -1.145000 0.354247
v 0.125000 -1.145000 0.354247
v 0.135000 -1.145000 0.354247
v 0.145000 -1.145000 0.354247
v 0.155000 -1.145000 0.345039
v 0.165000 -1.145000 0.345039
v 0.175000 -1.145000 0.345039
v 0.185000 -1.145000 0.345039
v 0.195000 -1.145000 0.345039
v 0.205000 -1.145000 0.345039
v 0.215000 -1.145000 0.345039
v 0.225000 -1.145000 0.057224
v -0.225000 -1.135000 0.057224
v -0.215000 -1.135000 0.267341
v -0.205000 -1.135000 0.272031
v -0.195000 -1.135000 0.276722
v -0.185000 -1.135000 0.276722
v -0.175000 -1.135000 0.286102
v -0.165000 -1.135000 0.290792
v -0.155000 -1.135000 0.295482
v -0.145000 -1.135000 0.295482
v -0.135000 -1.135000 0.299000
v -0.125000 -1.135000 0.299000
v -0.115000 -1.135000 0.308208
v -0.105000 -1.135000 0.317416
v -0.095000 -1.135000 0.317416
v -0.085000 -1.135000 0.326624
v -0.075000 -1.135000 0.326624
v -0.065000 -1.135000 0.335831
v -0.055000 -1.135000 0.335831
v -0.045000 -1.135000 0.335831
v -0.035000 -1.135000 0.345039
v -0.025000 -1.135000 0.345039
v -0.015000 -1.135000 0.345039
v -0.005000 -1.135000 0.345039
v 0.005000 -1.135000 0.345039
v 0.015000 -1.135000 0.354247
v 0.025000 -1.135000 0.354247
v 0.035000 -1.135000 0.354247
v 0.045000 -1.135000 0.354247
v 0.055000 -1.135000 0.354247
v 0.065000 -1.135000 0.354247
v 0.075000 -1.135000 0.354247
v 0.085000 -1.135000 0.354247
v 0.095000 -1.135000 0.354247
v 0.105000 -1.135000 0.354247
v 0.115000 -1.135000 0.354247
v 0.125000 -1.135000 0.354247
v 0.135000 -1.135000 0.354247
v 0.145000 -1.135000 0.345039
v 0.155000 -1.135000 0.345039
v 0.165000 -1.135000 0.345039
v 0.175000 -1.135000 0.345039
v 0.185000 -1.135000 0.345039
v 0.195000 -1.135000 0.345039
v 0.205000 -1.135000 0.335831
v 0.215000 -1.135000 0.335831
v 0.225000 -1.135000 0.335831
v 0.235000 -1.135000 0.057224
v 0.245000 -1.135000 0.057224
v -0.235000 -1.125000 0.057224
v -0.225000 -1.125000 0.262651
v -0.215000 -1.125000 0.272031
v -0.205000 -1.125000 0.276722
v -0.195000 -1.125000 0.276722
v -0.185000 -1.125000 0.281412
v -0.175000 -1.125000 0.286102
v -0.165000 -1.125000 0.295482
v -0.155000 -1.125000 0.295482
v -0.145000 -1.125000 0.299000
v -0.135000 -1.125000 0.299000
v -0.125000 -1.125000 0.308208
v -0.115000 -1.125000 0.308208
v -0.105000 -1.125000 0.317416
v -0.095000 -1.125000 0.326624
v -0.085000 -1.125000 0.326624
v -0.075000 -1.125000 0.335831
v -0.065000 -1.125000 0.335831
v -0.055000 -1.125000 0.335831
v -0.045000 -1.125000 0.345039
v -0.035000 -1.125000 0.345039
v -0.025000 -1.125000 0.345039
v -0.015000 -1.125000 0.345039
v -0.005000 -1.125000 0.345039
v 0.005000 -1.125000 0.354247
v 0.015000 -1.125000 0.354247
v 0.025000 -1.125000 0.354247
v 0.035000 -1.125000 0.354247
v 0.045000 -1.125000 0.354247
v 0.055000 -1.125000 0.354247
v 0.065000 -1.125000 0.354247
v 0.075000 -1.125000 0.354247
v 0.085000 -1.125000 0.354247
v 0.095000 -1.125000 0.354247
v 0.105000 -1.125000 0.354247
v 0.115000 -1.125000 0.354247
v 0.125000 -1.125000 0.354247
v 0.135000 -1.125000 0.354247
v 0.145000 -1.125000 0.345039
v 0.155000 -1.125000 0.345039
v 0.165000 -1.125000 0.345039
v 0.175000 -1.125000 0.345039
v 0.185000 -1.125000 0.345039
v 0.195000 -1.125000 0.335831
v 0.205000 -1.125000 0.335831
v 0.215000 -1.125000 0.335831
v 0.225000 -1.125000 0.335831
v 0.235000 -1.125000 0.335831
v 0.245000 -1.125000 0.326624
v 0.255000 -1.125000 0.057224
v -0.225000 -1.115000 0.057224
v -0.215000 -1.115000 0.272031
v -0.205000 -1.115000 0.276722
v -0.195000 -1.115000 0.281412
v -0.185000 -1.115000 0.286102
v -0.175000 -1.115000 0.290792
v -0.165000 -1.115000 0.295482
v -0.155000 -1.115000 0.299000
v -0.145000 -1.115000 0.299000
v -0.135000 -1.115000 0.308208
v -0.125000 -1.115000 0.308208
v -0.115000 -1.115000 0.317416
v -0.105000 -1.115000 0.317416
v -0.095000 -1.115000 0.326624
v -0.085000 -1.115000 0.326624
v -0.075000 -1.115000 0.335831
v -0.065000 -1.115000 0.335831
v -0.055000 -1.115000 0.335831
v -0.045000 -1.115000 0.345039
v -0.035000 -1.115000 0.345039
v -0.025000 -1.115000 0.345039
v -0.015000 -1.115000 0.345039
v -0.005000 -1.115000 0.345039
v 0.005000 -1.115000 0.354247
v 0.015000 -1.115000 0.354247
v 0.025000 -1.115000 0.354247
v 0.035000 -1.115000 0.354247
v 0.045000 -1.115000 0.354247
v 0.055000 -1.115000 0.354247
v 0.065000 -1.115000 0.354247
v 0.075000 -1.115000 0.354247
v 0.085000 -1.115000 0.354247
v 0.095000 -1.115000 0.354247
v 0.105000 -1.115000 0.354247
v 0.115000 -1.115000 0.354247
v 0.125000 -1.115000 0.354247
v 0.135000 -1.115000 0.345039
v 0.145000 -1.115000 0.345039
v 0.155000 -1.115000 0.345039
v 0.165000 -1.115000 0.345039
v 0.175000 -1.115000 0.345039
v 0.185000 -1.115000 0.345039
v 0.195000 -1.115000 0.335831
v 0.205000 -1.115000 0.335831
v 0.215000 -1.115000 0.335831
v 0.225000 -1.115000 0.335831
v 0.235000 -1.115000 0.326624
v 0.245000 -1.115000 0.326624
v 0.255000 -1.115000 0.317416
v 0.265000 -1.115000 0.057224
v 0.275000 -1.115000 0.057224
v -0.235000 -1.105000 0.057224
v -0.225000 -1.105000 0.267341
v -0.215000 -1.105000 0.272031
v -0.205000 -1.105000 0.281412
v -0.195000 -1.105000 0.286102
v -0.185000 -1.105000 0.290792
v -0.175000 -1.105000 0.290792
v -0.165000 -1.105000 0.295482
v -0.155000 -1.105000 0.299000
v -0.145000 -1.105000 0.308208
v -0.135000 -1.105000 0.308208
v -0.125000 -1.105000 0.317416
v -0.115000 -1.105000 0.317416
v -0.105000 -1.105000 0.326624
v -0.095000 -1.105000 0.326624
v -0.085000 -1.105000 0.335831
v -0.075000 -1.105000 0.335831
v -0.065000 -1.105000 0.335831
v -0.055000 -1.105000 0.345039
v -0.045000 -1.105000 0.345039
v -0.035000 -1.105000 0.345039
v -0.025000 -1.105000 0.345039
v -0.015000 -1.105000 0.345039
v -0.005000 -1.105000 0.354247
v 0.005000 -1.105000 0.354247
v 0.015000 -1.105000 0.354247
v 0.025000 -1.105000 0.354247
v 0.035000 -1.105000 0.354247
v 0.045000 -1.105000 0.354247
v 0.055000 -1.105000 0.354247
v 0.065000 -1.105000 0.354247
v 0.075000 -1.105000 0.354247
v 0.085000 -1.105000 0.354247
v 0.095000 -1.105000 0.354247
v 0.105000 -1.105000 0.354247
v 0.115000 -1.105000 0.354247
v 0.125000 -1.105000 0.354247
v 0.135000 -1.105000 0.345039
v 0.145000 -1.105000 0.345039
v 0.155000 -1.105000 0.345039
v 0.165000 -1.105000 0.345039
v 0.175000 -1.105000 0.345039
v 0.185000 -1.105000 0.345039
v 0.195000 -1.105000 0.335831
v 0.205000 -1.105000 0.335831
v 0.215000 -1.105000 0.335831
v 0.225000 -1.105000 0.326624
v 0.235000 -1.105000 0.326624
v 0.245000 -1.105000 0.326624
v 0.255000 -1.105000 0.317416
v 0.265000 -1.105000 0.317416
v 0.275000 -1.105000 0.308208
v 0.285000 -1.105000 0.057224
v -0.245000 -1.095000 0.057224
v -0.235000 -1.095000 0.267341
v -0.225000 -1.095000 0.272031
v -0.215000 -1.095000 0.276722
v -0.205000 -1.095000 0.281412
v -0.195000 -1.095000 0.286102
v -0.185000 -1.095000 0.295482
v -0.175000 -1.095000 0.295482
v -0.165000 -1.095000 0.299000
v -0.155000 -1.095000 0.299000
v -0.145000 -1.095000 0.308208
v -0.135000 -1.095000 0.308208
v -0.125000 -1.095000 0.317416
v -0.115000 -1.095000 0.326624
v -0.105000 -1.095000 0.326624
v -0.095000 -1.095000 0.335831
v -0.085000 -1.095000 0.335831
v -0.075000 -1.095000 0.335831
v -0.065000 -1.095000 0.335831
v -0.055000 -1.095000 0.345039
v -0.045000 -1.095000 0.345039
v -0.035000 -1.095000 0.345039
v -0.025000 -1.095000 0.345039
v -0.015000 -1.095000 0.354247
v -0.005000 -1.095000 0.354247
v 0.005000 -1.095000 0.354247
v 0.015000 -1.095000 0.354247
v 0.025000 -1.095000 0.354247
v 0.035000 -1.095000 0.354247
v 0.045000 -1.095000 0.354247
v 0.055000 -1.095000 0.354247
v 0.065000 -1.095000 0.354247
v 0.075000 -1.095000 0.354247
v 0.085000 -1.095000 0.354247
v 0.095000 -1.095000 0.354247
v 0.105000 -1.095000 0.354247
v 0.115000 -1.095000 0.354247
v 0.125000 -1.095000 0.354247
v 0.135000 -1.095000 0.345039
v 0.145000 -1.095000 0.345039
v 0.155000 -1.095000 0.345039
v 0.165000 -1.095000 0.345039
v 0.175000 -1.095000 0.345039
v 0.185000 -1.095000 0.345039
v 0.195000 -1.095000 0.335831
v 0.205000 -1.095000 0.335831
v 0.215000 -1.095000 0.326624
v 0.225000 -1.095000 0.326624
v 0.235000 -1.095000 0.326624
v 0.245000 -1.095000 0.317416
v 0.255000 -1.095000 0.317416
v 0.265000 -1.095000 0.317416
v 0.275000 -1.095000 0.308208
v 0.285000 -1.095000 0.308208
v 0.295000 -1.095000 0.057224
v 0.305000 -1.095000 0.057224
v -0.255000 -1.085000 0.057224
v -0.245000 -1.085000 0.262651
v -0.235000 -1.085000 0.267341
v -0.225000 -1.085000 0.276722
v -0.215000 -1.085000 0.281412
v -0.205000 -1.085000 0.281412
v -0.195000 -1.085000 0.290792
v -0.185000 -1.085000 0.295482
v -0.175000 -1.085000 0.299000
v -0.165000 -1.085000 0.299000
v -0.155000 -1.085000 0.299000
v -0.145000 -1.085000 0.308208
v -0.135000 -1.085000 0.317416
v -0.125000 -1.085000 0.326624
v -0.115000 -1.085000 0.326624
v -0.105000 -1.085000 0.326624
v -0.095000 -1.085000 0.335831
v -0.085000 -1.085000 0.335831
v -0.075000 -1.085000 0.335831
v -0.065000 -1.085000 0.345039
v -0.055000 -1.085000 0.345039
v -0.045000 -1.085000 0.345039
v -0.035000 -1.085000 0.345039
v -0.025000 -1.085000 0.345039
v -0.015000 -1.085000 0.354247
v -0.005000 -1.085000 0.354247
v 0.005000 -1.085000 0.354247
v 0.015000 -1.085000 0.354247
v 0.025000 -1.085000 0.354247
v 0.035000 -1.085000 0.354247
v 0.045000 -1.085000 0.354247
v 0.055000 -1.085000 0.354247
v 0.065000 -1.085000 0.354247
v 0.075000 -1.085000 0.354247
v 0.085000 -1.085000 0.354247
v 0.095000 -1.085000 0.354247
v 0.105000 -1.085000 0.354247
v 0.115000 -1.085000 0.354247
v 0.125000 -1.085000 0.354247
v 0.135000 -1.085000 0.345039
v 0.145000 -1.085000 0.345039
v 0.155000 -1.085000 0.345039
v 0.165000 -1.085000 0.345039
v 0.175000 -1.085000 0.345039
v 0.185000 -1.085000 0.335831
v 0.195000 -1.085000 0.335831
v 0.205000 -1.085000 0.335831
v 0.215000 -1.085000 0.326624
v 0.225000 -1.085000 0.326624
v 0.235000 -1.085000 0.317416
v 0.245000 -1.085000 0.317416
v 0.255000 -1.085000 0.317416
v 0.265000 -1.085000 0.308208
v 0.275000 -1.085000 0.299000
v 0.285000 -1.085000 0.299000
v 0.295000 -1.085000 0.295482
v 0.305000 -1.085000 0.281412
v 0.315000 -1.085000 0.057224
v -0.255000 -1.075000 0.057224
v -0.245000 -1.075000 0.262651
v -0.235000 -1.075000 0.272031
v -0.225000 -1.075000 0.281412
v -0.215000 -1.075000 0.286102
v -0.205000 -1.075000 0.286102
v -0.195000 -1.075000 0.290792
v -0.185000 -1.075000 0.295482
v -0.175000 -1.075000 0.299000
v -0.165000 -1.075000 0.299000
v -0.155000 -1.075000 0.299000
v -0.145000 -1.075000 0.308208
v -0.135000 -1.075000 0.317416
v -0.125000 -1.075000 0.326624
v -0.115000 -1.075000 0.326624
v -0.105000 -1.075000 0.335831
v -0.095000 -1.075000 0.335831
v -0.085000 -1.075000 0.335831
v -0.075000 -1.075000 0.345039
v -0.065000 -1.075000 0.345039
v -0.055000 -1.075000 0.345039
v -0.045000 -1.075000 0.345039
v -0.035000 -1.075000 0.345039
v -0.025000 -1.075000 0.354247
v -0.015000 -1.075000 0.354247
v -0.005000 -1.075000 0.354247
v 0.005000 -1.075000 0.354247
v 0.015000 -1.075000 0.354247
v 0.025000 -1.075000 0.354247
v 0.035000 -1.075000 0.354247
v 0.045000 -1.075000 0.354247
v 0.055000 -1.075000 0.354247
v 0.065000 -1.075000 0.354247
v 0.075000 -1.075000 0.354247
v 0.085000 -1.075000 0.354247
v 0.095000 -1.075000 0.354247
v 0.105000 -1.075000 0.354247
v 0.115000 -1.075000 0.354247
v 0.125000 -1.075000 0.345039
v 0.135000 -1.075000 0.345039
v 0.145000 -1.075000 0.345039
v 0.155000 -1.075000 0.345039
v 0.165000 -1.075000 0.345039
v 0.175000 -1.075000 0.335831
v 0.185000 -1.075000 0.335831
v 0.195000 -1.075000 0.335831
v 0.205000 -1.075000 0.335831
v 0.215000 -1.075000 0.326624
v 0.225000 -1.075000 0.326624
v 0.235000 -1.075000 0.317416
v 0.245000 -1.075000 0.317416
v 0.255000 -1.075000 0.308208
v 0.265000 -1.075000 0.308208
v 0.275000 -1.075000 0.299000
v 0.285000 -1.075000 0.299000
v 0.295000 -1.075000 0.290792
v 0.305000 -1.075000 0.286102
v 0.315000 -1.075000 0.057224
v -0.265000 -1.065000 0.057224
v -0.255000 -1.065000 0.262651
v -0.245000 -1.065000 0.267341
v -0.235000 -1.065000 0.272031
v -0.225000 -1.065000 0.286102
v -0.215000 -1.065000 0.290792
v -0.205000 -1.065000 0.290792
v -0.195000 -1.065000 0.290792
v -0.185000 -1.065000 0.299000
v -0.175000 -1.065000 0.299000
v -0.165000 -1.065000 0.299000
v -0.155000 -1.065000 0.308208
v -0.145000 -1.065000 0.317416
v -0.135000 -1.065000 0.326624
v -0.125000 -1.065000 0.326624
v -0.115000 -1.065000 0.335831
v -0.105000 -1.065000 0.335831
v -0.095000 -1.065000 0.335831
v -0.085000 -1.065000 0.335831
v -0.075000 -1.065000 0.345039
v -0.065000 -1.065000 0.345039
v -0.055000 -1.065000 0.345039
v -0.045000 -1.065000 0.345039
v -0.035000 -1.065000 0.354247
v -0.025000 -1.065000 0.354247
v -0.015000 -1.065000 0.354247
v -0.005000 -1.065000 0.354247
v 0.005000 -1.065000 0.354247
v 0.015000 -1.065000 0.354247
v 0.025000 -1.065000 0.354247
v 0.035000 -1.065000 0.354247
v 0.045000 -1.065000 0.354247
v 0.055000 -1.065000 0.354247
v 0.065000 -1.065000 0.354247
v 0.075000 -1.065000 0.354247
v 0.085000 -1.065000 0.354247
v 0.095000 -1.065000 0.354247
v 0.105000 -1.065000 0.354247
v 0.115000 -1.065000 0.354247
v 0.125000 -1.065000 0.345039
v 0.135000 -1.065000 0.345039
v 0.145000 -1.065000 0.345039
v 0.155000 -1.065000 0.345039
v 0.165000 -1.065000 0.345039
v 0.175000 -1.065000 0.335831
v 0.185000 -1.065000 0.335831
v 0.195000 -1.065000 0.335831
v 0.205000 -1.065000 0.326624
v 0.215000 -1.065000 0.326624
v 0.225000 -1.065000 0.326624
v 0.235000 -1.065000 0.317416
v 0.245000 -1.065000 0.317416
v 0.255000 -1.065000 0.308208
v 0.265000 -1.065000 0.308208
v 0.275000 -1.065000 0.295482
v 0.285000 -1.065000 0.295482
v 0.295000 -1.065000 0.290792
v 0.305000 -1.065000 0.286102
v 0.315000 -1.065000 0.286102
v 0.325000 -1.065000 0.057224
v -0.275000 -1.055000 0.057224
v -0.265000 -1.055000 0.262651
v -0.255000 -1.055000 0.267341
v -0.245000 -1.055000 0.272031
v -0.235000 -1.055000 0.276722
v -0.225000 -1.055000 0.286102
v -0.215000 -1.055000 0.290792
v -0.205000 -1.055000 0.295482
v -0.195000 -1.055000 0.295482
v -0.185000 -1.055000 0.299000
v -0.175000 -1.055000 0.299000
v -0.165000 -1.055000 0.299000
v -0.155000 -1.055000 0.308208
v -0.145000 -1.055000 0.326624
v -0.135000 -1.055000 0.326624
v -0.125000 -1.055000 0.326624
v -0.115000 -1.055000 0.335831
v -0.105000 -1.055000 0.335831
v -0.095000 -1.055000 0.335831
v -0.085000 -1.055000 0.345039
v -0.075000 -1.055000 0.345039
v -0.065000 -1.055000 0.345039
v -0.055000 -1.055000 0.345039
v -0.045000 -1.055000 0.345039
v -0.035000 -1.055000 0.354247
v -0.025000 -1.055000 0.354247
v -0.015000 -1.055000 0.354247
v -0.005000 -1.055000 0.354247
v 0.005000 -1.055000 0.354247
v 0.015000 -1.055000 0.354247
v 0.025000 -1.055000 0.354247
v 0.035000 -1.055000 0.354247
v 0.045000 -1.055000 0.354247
v 0.055000 -1.055000 0.354247
v 0.065000 -1.055000 0.354247
v 0.075000 -1.055000 0.354247
v 0.085000 -1.055000 0.354247
v 0.095000 -1.055000 0.354247
v 0.105000 -1.055000 0.354247
v 0.115000 -1.055000 0.345039
v 0.125000 -1.055000 0.345039
v 0.135000 -1.055000 0.345039
v 0.145000 -1.055000 0.345039
v 0.155000 -1.055000 0.345039
v 0.165000 -1.055000 0.345039
v 0.175000 -1.055000 0.335831
v 0.185000 -1.055000 0.335831
v 0.195000 -1.055000 0.326624
v 0.205000 -1.055000 0.326624
v 0.215000 -1.055000 0.326624
v 0.225000 -1.055000 0.317416
v 0.235000 -1.055000 0.317416
v 0.245000 -1.055000 0.317416
v 0.255000 -1.055000 0.308208
v 0.265000 -1.055000 0.308208
v 0.275000 -1.055000 0.295482
v 0.285000 -1.055000 0.290792
v 0.295000 -1.055000 0.290792
v 0.305000 -1.055000 0.286102
v 0.315000 -1.055000 0.286102
v 0.325000 -1.055000 0.276722
v 0.335000 -1.055000 0.057224
v -0.275000 -1.045000 0.057224
v -0.265000 -1.045000 0.262651
v -0.255000 -1.045000 0.272031
v -0.245000 -1.045000 0.281412
v -0.235000 -1.045000 0.281412
v -0.225000 -1.045000 0.286102
v -0.215000 -1.045000 0.295482
v -0.205000 -1.045000 0.299000
v -0.195000 -1.045000 0.299000
v -0.185000 -1.045000 0.299000
v -0.175000 -1.045000 0.299000
v -0.165000 -1.045000 0.308208
v -0.155000 -1.045000 0.317416
v -0.145000 -1.045000 0.326624
v -0.135000 -1.045000 0.326624
v -0.125000 -1.045000 0.335831
v -0.115000 -1.045000 0.335831
v -0.105000 -1.045000 0.335831
v -0.095000 -1.045000 0.335831
v -0.085000 -1.045000 0.345039
v -0.075000 -1.045000 0.345039
v -0.065000 -1.045000 0.345039
v -0.055000 -1.045000 0.345039
v -0.045000 -1.045000 0.354247
v -0.035000 -1.045000 0.354247
v -0.025000 -1.045000 0.354247
v -0.015000 -1.045000 0.354247
v -0.005000 -1.045000 0.354247
v 0.005000 -1.045000 0.354247
v 0.015000 -1.045000 0.354247
v 0.025000 -1.045000 0.354247
v 0.035000 -1.045000 0.354247
v 0.045000 -1.045000 0.354247
v 0.055000 -1.045000 0.354247
v 0.065000 -1.045000 0.354247
v 0.075000 -1.045000 0.354247
v 0.085000 -1.045000 0.354247
v 0.095000 -1.045000 0.354247
v 0.105000 -1.045000 0.345039
v 0.115000 -1.045000 0.345039
v 0.125000 -1.045000 0.345039
v 0.135000 -1.045000 0.345039
v 0.145000 -1.045000 0.345039
v 0.155000 -1.045000 0.335831
v 0.165000 -1.045000 0.335831
v 0.175000 -1.045000 0.335831
v 0.185000 -1.045000 0.335831
v 0.195000 -1.045000 0.326624
v 0.205000 -1.045000 0.326624
v 0.215000 -1.045000 0.317416
v 0.225000 -1.045000 0.317416
v 0.235000 -1.045000 0.317416
v 0.245000 -1.045000 0.317416
v 0.255000 -1.045000 0.308208
v 0.265000 -1.045000 0.299000
v 0.275000 -1.045000 0.290792
v 0.285000 -1.045000 0.290792
v 0.295000 -1.045000 0.286102
v 0.305000 -1.045000 0.286102
v 0.315000 -1.045000 0.281412
v 0.325000 -1.045000 0.276722
v 0.335000 -1.045000 0.267341
v 0.345000 -1.045000 0.057224
v -0.285000 -1.035000 0.057224
v -0.275000 -1.035000 0.262651
v -0.265000 -1.035000 0.267341
v -0.255000 -1.035000 0.272031
v -0.245000 -1.035000 0.281412
v -0.235000 -1.035000 0.286102
v -0.225000 -1.035000 0.286102
v -0.215000 -1.035000 0.295482
v -0.205000 -1.035000 0.299000
v -0.195000 -1.035000 0.299000
v -0.185000 -1.035000 0.299000
v -0.175000 -1.035000 0.308208
v -0.165000 -1.035000 0.308208
v -0.155000 -1.035000 0.317416
v -0.145000 -1.035000 0.326624
v -0.135000 -1.035000 0.326624
v -0.125000 -1.035000 0.335831
v -0.115000 -1.035000 0.335831
v -0.105000 -1.035000 0.335831
v -0.095000 -1.035000 0.345039
v -0.085000 -1.035000 0.345039
v -0.075000 -1.035000 0.345039
v -0.065000 -1.035000 0.345039
v -0.055000 -1.035000 0.354247
v -0.045000 -1.035000 0.354247
v -0.035000 -1.035000 0.354247
v -0.025000 -1.035000 0.354247
v -0.015000 -1.035000 0.354247
v -0.005000 -1.035000 0.354247
v 0.005000 -1.035000 0.354247
v 0.015000 -1.035000 0.354247
v 0.025000 -1.035000 0.354247
v 0.035000 -1.035000 0.354247
v 0.045000 -1.035000 0.354247
v 0.055000 -1.035000 0.354247
v 0.065000 -1.035000 0.354247
v 0.075000 -1.035000 0.354247
v 0.085000 -1.035000 0.354247
v 0.095000 -1.035000 0.354247
v 0.105000 -1.035000 0.345039
v 0.115000 -1.035000 0.345039
v 0.125000 -1.035000 0.345039
v 0.135000 -1.035000 0.345039
v 0.145000 -1.035000 0.335831
v 0.155000 -1.035000 0.335831
v 0.165000 -1.035000 0.335831
v 0.175000 -1.035000 0.335831
v 0.185000 -1.035000 0.326624
v 0.195000 -1.035000 0.326624
v 0.205000 -1.035000 0.326624
v 0.215000 -1.035000 0.317416
v 0.225000 -1.035000 0.317416
v 0.235000 -1.035000 0.308208
v 0.245000 -1.035000 0.308208
v 0.255000 -1.035000 0.299000
v 0.265000 -1.035000 0.299000
v 0.275000 -1.035000 0.290792
v 0.285000 -1.035000 0.290792
v 0.295000 -1.035000 0.286102
v 0.305000 -1.035000 0.286102
v 0.315000 -1.035000 0.276722
v 0.325000 -1.035000 0.272031
v 0.335000 -1.035000 0.262651
v 0.345000 -1.035000 0.057224
v -0.295000 -1.025000 0.057224
v -0.285000 -1.025000 0.257961
v -0.275000 -1.025000 0.267341
v -0.265000 -1.025000 0.267341
v -0.255000 -1.025000 0.276722
v -0.245000 -1.025000 0.286102
v -0.235000 -1.025000 0.290792
v -0.225000 -1.025000 0.290792
v -0.215000 -1.025000 0.295482
v -0.205000 -1.025000 0.299000
v -0.195000 -1.025000 0.299000
v -0.185000 -1.025000 0.299000
v -0.175000 -1.025000 0.308208
v -0.165000 -1.025000 0.317416
v -0.155000 -1.025000 0.317416
v -0.145000 -1.025000 0.326624
v -0.135000 -1.025000 0.335831
v -0.125000 -1.025000 0.335831
v -0.115000 -1.025000 0.335831
v -0.105000 -1.025000 0.345039
v -0.095000 -1.025000 0.345039
v -0.085000 -1.025000 0.345039
v -0.075000 -1.025000 0.345039
v -0.065000 -1.025000 0.345039
v -0.055000 -1.025000 0.354247
v -0.045000 -1.025000 0.354247
v -0.035000 -1.025000 0.354247
v -0.025000 -1.025000 0.354247
v -0.015000 -1.025000 0.354247
v -0.005000 -1.025000 0.354247
v 0.005000 -1.025000 0.354247
v 0.015000 -1.025000 0.354247
v 0.025000 -1.025000 0.354247
v 0.035000 -1.025000 0.354247
v 0.045000 -1.025000 0.354247
v 0.055000 -1.025000 0.354247
v 0.065000 -1.025000 0.354247
v 0.075000 -1.025000 0.354247
v 0.085000 -1.025000 0.354247
v 0.095000 -1.025000 0.354247
v 0.105000 -1.025000 0.345039
v 0.115000 -1.025000 0.345039
v 0.125000 -1.025000 0.345039
v 0.135000 -1.025000 0.345039
v 0.145000 -1.025000 0.335831
v 0.155000 -1.025000 0.335831
v 0.165000 -1.025000 0.335831
v 0.175000 -1.025000 0.326624
v 0.185000 -1.025000 0.326624
v 0.195000 -1.025000 0.326624
v 0.205000 -1.025000 0.317416
v 0.215000 -1.025000 0.317416
v 0.225000 -1.025000 0.317416
v 0.235000 -1.025000 0.308208
v 0.245000 -1.025000 0.299000
v 0.255000 -1.025000 0.295482
v 0.265000 -1.025000 0.295482
v 0.275000 -1.025000 0.290792
v 0.285000 -1.025000 0.286102
v 0.295000 -1.025000 0.286102
v 0.305000 -1.025000 0.281412
v 0.315000 -1.025000 0.276722
v 0.325000 -1.025000 0.267341
v 0.335000 -1.025000 0.257961
v 0.345000 -1.025000 0.057224
v -0.295000 -1.015000 0.057224
v -0.285000 -1.015000 0.257961
v -0.275000 -1.015000 0.267341
v -0.265000 -1.015000 0.272031
v -0.255000 -1.015000 0.276722
v -0.245000 -1.015000 0.286102
v -0.235000 -1.015000 0.290792
v -0.225000 -1.015000 0.295482
v -0.215000 -1.015000 0.299000
v -0.205000 -1.015000 0.299000
v -0.195000 -1.015000 0.299000
v -0.185000 -1.015000 0.299000
v -0.175000 -1.015000 0.317416
v -0.165000 -1.015000 0.326624
v -0.155000 -1.015000 0.326624
v -0.145000 -1.015000 0.326624
v -0.135000 -1.015000 0.335831
v -0.125000 -1.015000 0.335831
v -0.115000 -1.015000 0.335831
v -0.105000 -1.015000 0.345039
v -0.095000 -1.015000 0.345039
v -0.085000 -1.015000 0.345039
v -0.075000 -1.015000 0.345039
v -0.065000 -1.015000 0.354247
v -0.055000 -1.015000 0.354247
v -0.045000 -1.015000 0.354247
v -0.035000 -1.015000 0.354247
v -0.025000 -1.015000 0.354247
v -0.015000 -1.015000 0.354247
v -0.005000 -1.015000 0.354247
v 0.005000 -1.015000 0.354247
v 0.015000 -1.015000 0.354247
v 0.025000 -1.015000 0.354247
v 0.035000 -1.015000 0.354247
v 0.045000 -1.015000 0.354247
v 0.055000 -1.015000 0.354247
v 0.065000 -1.015000 0.354247
v 0.075000 -1.015000 0.354247
v 0.085000 -1.015000 0.354247
v 0.095000 -1.015000 0.345039
v 0.105000 -1.015000 0.345039
v 0.115000 -1.015000 0.345039
v 0.125000 -1.015000 0.345039
v 0.135000 -1.015000 0.345039
v 0.145000 -1.015000 0.335831
v 0.155000 -1.015000 0.335831
v 0.165000 -1.015000 0.335831
v 0.175000 -1.015000 0.326624
v 0.185000 -1.015000 0.326624
v 0.195000 -1.015000 0.317416
v 0.205000 -1.015000 0.317416
v 0.215000 -1.015000 0.317416
v 0.225000 -1.015000 0.308208
v 0.235000 -1.015000 0.299000
v 0.245000 -1.015000 0.299000
v 0.255000 -1.015000 0.295482
v 0.265000 -1.015000 0.290792
v 0.275000 -1.015000 0.286102
v 0.285000 -1.015000 0.286102
v 0.295000 -1.015000 0.281412
v 0.305000 -1.015000 0.276722
v 0.315000 -1.015000 0.272031
v 0.325000 -1.015000 0.267341
v 0.335000 -1.015000 0.257961
v 0.345000 -1.015000 0.150086
v -0.295000 -1.005000 0.057224
v -0.285000 -1.005000 0.262651
v -0.275000 -1.005000 0.272031
v -0.265000 -1.005000 0.276722
v -0.255000 -1.005000 0.281412
v -0.245000 -1.005000 0.286102
v -0.235000 -1.005000 0.295482
v -0.225000 -1.005000 0.295482
v -0.215000 -1.005000 0.299000
v -0.205000 -1.005000 0.299000
v -0.195000 -1.005000 0.308208
v -0.185000 -1.005000 0.308208
v -0.175000 -1.005000 0.317416
v -0.165000 -1.005000 0.326624
v -0.155000 -1.005000 0.326624
v -0.145000 -1.005000 0.335831
v -0.135000 -1.005000 0.335831
v -0.125000 -1.005000 0.335831
v -0.115000 -1.005000 0.345039
v -0.105000 -1.005000 0.345039
v -0.095000 -1.005000 0.345039
v -0.085000 -1.005000 0.345039
v -0.075000 -1.005000 0.345039
v -0.065000 -1.005000 0.354247
v -0.055000 -1.005000 0.354247
v -0.045000 -1.005000 0.354247
v -0.035000 -1.005000 0.354247
v -0.025000 -1.005000 0.354247
v -0.015000 -1.005000 0.354247
v -0.005000 -1.005000 0.354247
v 0.005000 -1.005000 0.354247
v 0.015000 -1.005000 0.354247
v 0.025000 -1.005000 0.354247
v 0.035000 -1.005000 0.354247
v 0.045000 -1.005000 0.354247
v 0.055000 -1.005000 0.354247
v 0.065000 -1.005000 0.354247
v 0.075000 -1.005000 0.354247
v 0.085000 -1.005000 0.345039
v 0.095000 -1.005000 0.345039
v 0.105000 -1.005000 0.345039
v 0.115000 -1.005000 0.345039
v 0.125000 -1.005000 0.345039
v 0.135000 -1.005000 0.335831
v 0.145000 -1.005000 0.335831
v 0.155000 -1.005000 0.335831
v 0.165000 -1.005000 0.326624
v 0.175000 -1.005000 0.326624
v 0.185000 -1.005000 0.317416
v 0.195000 -1.005000 0.317416
v 0.205000 -1.005000 0.317416
v 0.215000 -1.005000 0.308208
v 0.225000 -1.005000 0.308208
v 0.235000 -1.005000 0.299000
v 0.245000 -1.005000 0.295482
v 0.255000 -1.005000 0.290792
v 0.265000 -1.005000 0.286102
v 0.275000 -1.005000 0.286102
v 0.285000 -1.005000 0.281412
v 0.295000 -1.005000 0.276722
v 0.305000 -1.005000 0.272031
v 0.315000 -1.005000 0.267341
v 0.325000 -1.005000 0.262651
v 0.335000 -1.005000 0.057224
v -0.305000 -0.995000 0.057224
v -0.295000 -0.995000 0.267341
v -0.285000 -0.995000 0.267341
v -0.275000 -0.995000 0.276722
v -0.265000 -0.995000 0.281412
v -0.255000 -0.995000 0.286102
v -0.245000 -0.995000 0.290792
v -0.235000 -0.995000 0.295482
v -0.225000 -0.995000 0.299000
v -0.215000 -0.995000 0.299000
v -0.205000 -0.995000 0.299000
v -0.195000 -0.995000 0.308208
v -0.185000 -0.995000 0.317416
v -0.175000 -0.995000 0.317416
v -0.165000 -0.995000 0.326624
v -0.155000 -0.995000 0.326624
v -0.145000 -0.995000 0.335831
v -0.135000 -0.995000 0.335831
v -0.125000 -0.995000 0.335831
v -0.115000 -0.995000 0.345039
v -0.105000 -0.995000 0.345039
v -0.095000 -0.995000 0.345039
v -0.085000 -0.995000 0.345039
v -0.075000 -0.995000 0.354247
v -0.065000 -0.995000 0.354247
v -0.055000 -0.995000 0.354247
v -0.045000 -0.995000 0.354247
v -0.035000 -0.995000 0.354247
v -0.025000 -0.995000 0.354247
v -0.015000 -0.995000 0.354247
v -0.005000 -0.995000 0.354247
v 0.005000 -0.995000 0.354247
v 0.015000 -0.995000 0.354247
v 0.025000 -0.995000 0.354247
v 0.035000 -0.995000 0.354247
v 0.045000 -0.995000 0.354247
v 0.055000 -0.995000 0.354247
v 0.065000 -0.995000 0.354247
v 0.075000 -0.995000 0.354247
v 0.085000 -0.995000 0.345039
v 0.095000 -0.995000 0.345039
v 0.105000 -0.995000 0.345039
v 0.115000 -0.995000 0.345039
v 0.125000 -0.995000 0.335831
v 0.135000 -0.995000 0.335831
v 0.145000 -0.995000 0.335831
v 0.155000 -0.995000 0.335831
v 0.165000 -0.995000 0.326624
v 0.175000 -0.995000 0.326624
v 0.185000 -0.995000 0.317416
v 0.195000 -0.995000 0.317416
v 0.205000 -0.995000 0.308208
v 0.215000 -0.995000 0.308208
v 0.225000 -0.995000 0.299000
v 0.235000 -0.995000 0.295482
v 0.245000 -0.995000 0.290792
v 0.255000 -0.995000 0.290792
v 0.265000 -0.995000 0.286102
v 0.275000 -0.995000 0.281412
v 0.285000 -0.995000 0.276722
v 0.295000 -0.995000 0.272031
v 0.305000 -0.995000 0.272031
v 0.315000 -0.995000 0.262651
v 0.325000 -0.995000 0.057224
v -0.315000 -0.985000 0.057224
v -0.305000 -0.985000 0.057224
v -0.295000 -0.985000 0.272031
v -0.285000 -0.985000 0.272031
v -0.275000 -0.985000 0.281412
v -0.265000 -0.985000 0.286102
v -0.255000 -0.985000 0.290792
v -0.245000 -0.985000 0.290792
v -0.235000 -0.985000 0.299000
v -0.225000 -0.985000 0.308208
v -0.215000 -0.985000 0.299000
v -0.205000 -0.985000 0.308208
v -0.195000 -0.985000 0.317416
v -0.185000 -0.985000 0.317416
v -0.175000 -0.985000 0.326624
v -0.165000 -0.985000 0.326624
v -0.155000 -0.985000 0.326624
v -0.145000 -0.985000 0.335831
v -0.135000 -0.985000 0.335831
v -0.125000 -0.985000 0.345039
v -0.115000 -0.985000 0.345039
v -0.105000 -0.985000 0.345039
v -0.095000 -0.985000 0.345039
v -0.085000 -0.985000 0.354247
v -0.075000 -0.985000 0.354247
v -0.065000 -0.985000 0.354247
v -0.055000 -0.985000 0.354247
v -0.045000 -0.985000 0.354247
v -0.035000 -0.985000 0.354247
v -0.025000 -0.985000 0.354247
v -0.015000 -0.985000 0.354247
v -0.005000 -0.985000 0.354247
v 0.005000 -0.985000 0.354247
v 0.015000 -0.985000 0.354247
v 0.025000 -0.985000 0.354247
v 0.035000 -0.985000 0.354247
v 0.045000 -0.985000 0.354247
v 0.055000 -0.985000 0.354247
v 0.065000 -0.985000 0.354247
v 0.075000 -0.985000 0.345039
v 0.085000 -0.985000 0.345039
v 0.095000 -0.985000 0.345039
v 0.105000 -0.985000 0.345039
v 0.115000 -0.985000 0.345039
v 0.125000 -0.985000 0.335831
v 0.135000 -0.985000 0.335831
v 0.145000 -0.985000 0.335831
v 0.155000 -0.985000 0.326624
v 0.165000 -0.985000 0.326624
v 0.175000 -0.985000 0.317416
v 0.185000 -0.985000 0.317416
v 0.195000 -0.985000 0.308208
v 0.205000 -0.985000 0.308208
v 0.215000 -0.985000 0.299000
v 0.225000 -0.985000 0.299000
v 0.235000 -0.985000 0.295482
v 0.245000 -0.985000 0.290792
v 0.255000 -0.985000 0.286102
v 0.265000 -0.985000 0.281412
v 0.275000 -0.985000 0.281412
v 0.285000 -0.985000 0.272031
v 0.295000 -0.985000 0.267341
v 0.305000 -0.985000 0.267341
v 0.315000 -0.985000 0.057224
v -0.325000 -0.975000 0.057224
v -0.315000 -0.975000 0.253271
v -0.305000 -0.975000 0.267341
v -0.295000 -0.975000 0.272031
v -0.285000 -0.975000 0.276722
v -0.275000 -0.975000 0.281412
v -0.265000 -0.975000 0.290792
v -0.255000 -0.975000 0.290792
v -0.245000 -0.975000 0.295482
v -0.235000 -0.975000 0.299000
v -0.225000 -0.975000 0.308208
v -0.215000 -0.975000 0.299000
v -0.205000 -0.975000 0.308208
v -0.195000 -0.975000 0.317416
v -0.185000 -0.975000 0.326624
v -0.175000 -0.975000 0.326624
v -0.165000 -0.975000 0.326624
v -0.155000 -0.975000 0.335831
v -0.145000 -0.975000 0.335831
v -0.135000 -0.975000 0.335831
v -0.125000 -0.975000 0.345039
v -0.115000 -0.975000 0.345039
v -0.105000 -0.975000 0.345039
v -0.095000 -0.975000 0.345039
v -0.085000 -0.975000 0.354247
v -0.075000 -0.975000 0.354247
v -0.065000 -0.975000 0.354247
v -0.055000 -0.975000 0.354247
v -0.045000 -0.975000 0.354247
v -0.035000 -0.975000 0.354247
v -0.025000 -0.975000 0.354247
v -0.015000 -0.975000 0.354247
v -0.005000 -0.975000 0.354247
v 0.005000 -0.975000 0.354247
v 0.015000 -0.975000 0.354247
v 0.025000 -0.975000 0.354247
v 0.035000 -0.975000 0.354247
v 0.045000 -0.975000 0.354247
v 0.055000 -0.975000 0.354247
v 0.065000 -0.975000 0.345039
v 0.075000 -0.975000 0.345039
v 0.085000 -0.975000 0.345039
v 0.095000 -0.975000 0.345039
v 0.105000 -0.975000 0.345039
v 0.115000 -0.975000 0.335831
v 0.125000 -0.975000 0.335831
v 0.135000 -0.975000 0.335831
v 0.145000 -0.975000 0.326624
v 0.155000 -0.975000 0.326624
v 0.165000 -0.975000 0.326624
v 0.175000 -0.975000 0.317416
v 0.185000 -0.975000 0.317416
v 0.195000 -0.975000 0.308208
v 0.205000 -0.975000 0.308208
v 0.215000 -0.975000 0.299000
v 0.225000 -0.975000 0.295482
v 0.235000 -0.975000 0.295482
v 0.245000 -0.975000 0.290792
v 0.255000 -0.975000 0.286102
v 0.265000 -0.975000 0.281412
v 0.275000 -0.975000 0.276722
v 0.285000 -0.975000 0.272031
v 0.295000 -0.975000 0.267341
v 0.305000 -0.975000 0.262651
v 0.315000 -0.975000 0.057224
v -0.325000 -0.965000 0.057224
v -0.315000 -0.965000 0.257961
v -0.305000 -0.965000 0.267341
v -0.295000 -0.965000 0.276722
v -0.285000 -0.965000 0.281412
v -0.275000 -0.965000 0.281412
v -0.265000 -0.965000 0.290792
v -0.255000 -0.965000 0.295482
v -0.245000 -0.965000 0.295482
v -0.235000 -0.965000 0.299000
v -0.225000 -0.965000 0.308208
v -0.215000 -0.965000 0.308208
v -0.205000 -0.965000 0.317416
v -0.195000 -0.965000 0.317416
v -0.185000 -0.965000 0.326624
v -0.175000 -0.965000 0.326624
v -0.165000 -0.965000 0.335831
v -0.155000 -0.965000 0.335831
v -0.145000 -0.965000 0.335831
v -0.135000 -0.965000 0.345039
v -0.125000 -0.965000 0.345039
v -0.115000 -0.965000 0.345039
v -0.105000 -0.965000 0.345039
v -0.095000 -0.965000 0.345039
v -0.085000 -0.965000 0.354247
v -0.075000 -0.965000 0.354247
v -0.065000 -0.965000 0.354247
v -0.055000 -0.965000 0.354247
v -0.045000 -0.965000 0.354247
v -0.035000 -0.965000 0.354247
v -0.025000 -0.965000 0.354247
v -0.015000 -0.965000 0.354247
v -0.005000 -0.965000 0.354247
v 0.005000 -0.965000 0.354247
v 0.015000 -0.965000 0.354247
v 0.025000 -0.965000 0.354247
v 0.035000 -0.965000 0.354247
v 0.045000 -0.965000 0.354247
v 0.055000 -0.965000 0.345039
v 0.065000 -0.965000 0.345039
v 0.075000 -0.965000 0.345039
v 0.085000 -0.965000 0.345039
v 0.095000 -0.965000 0.345039
v 0.105000 -0.965000 0.335831
v 0.115000 -0.965000 0.335831
v 0.125000 -0.965000 0.335831
v 0.135000 -0.965000 0.326624
v 0.145000 -0.965000 0.326624
v 0.155000 -0.965000 0.326624
v 0.165000 -0.965000 0.317416
v 0.175000 -0.965000 0.317416
v 0.185000 -0.965000 0.308208
v 0.195000 -0.965000 0.308208
v 0.205000 -0.965000 0.299000
v 0.215000 -0.965000 0.295482
v 0.225000 -0.965000 0.295482
v 0.235000 -0.965000 0.290792
v 0.245000 -0.965000 0.286102
v 0.255000 -0.965000 0.281412
v 0.265000 -0.965000 0.276722
v 0.275000 -0.965000 0.267341
v 0.285000 -0.965000 0.267341
v 0.295000 -0.965000 0.262651
v 0.305000 -0.965000 0.057224
v -0.325000 -0.955000 0.057224
v -0.315000 -0.955000 0.262651
v -0.305000 -0.955000 0.267341
v -0.295000 -0.955000 0.276722
v -0.285000 -0.955000 0.281412
v -0.275000 -0.955000 0.286102
v -0.265000 -0.955000 0.290792
v -0.255000 -0.955000 0.299000
v -0.245000 -0.955000 0.299000
v -0.235000 -0.955000 0.308208
v -0.225000 -0.955000 0.317416
v -0.215000 -0.955000 0.308208
v -0.205000 -0.955000 0.317416
v -0.195000 -0.955000 0.326624
v -0.185000 -0.955000 0.326624
v -0.175000 -0.955000 0.326624
v -0.165000 -0.955000 0.335831
v -0.155000 -0.955000 0.335831
v -0.145000 -0.955000 0.335831
v -0.135000 -0.955000 0.345039
v -0.125000 -0.955000 0.345039
v -0.115000 -0.955000 0.345039
v -0.105000 -0.955000 0.345039
v -0.095000 -0.955000 0.354247
v -0.085000 -0.955000 0.354247
v -0.075000 -0.955000 0.354247
v -0.065000 -0.955000 0.354247
v -0.055000 -0.955000 0.354247
v -0.045000 -0.955000 0.354247
v -0.035000 -0.955000 0.354247
v -0.025000 -0.955000 0.354247
v -0.015000 -0.955000 0.354247
v -0.005000 -0.955000 0.354247
v 0.005000 -0.955000 0.354247
v 0.015000 -0.955000 0.354247
v 0.025000 -0.955000 0.354247
v 0.035000 -0.955000 0.354247
v 0.045000 -0.955000 0.354247
v 0.055000 -0.955000 0.345039
v 0.065000 -0.955000 0.345039
v 0.075000 -0.955000 0.345039
v 0.085000 -0.955000 0.345039
v 0.095000 -0.955000 0.335831
v 0.105000 -0.955000 0.335831
v 0.115000 -0.955000 0.335831
v 0.125000 -0.955000 0.326624
v 0.135000 -0.955000 0.326624
v 0.145000 -0.955000 0.326624
v 0.155000 -0.955000 0.317416
v 0.165000 -0.955000 0.317416
v 0.175000 -0.955000 0.317416
v 0.185000 -0.955000 0.308208
v 0.195000 -0.955000 0.299000
v 0.205000 -0.955000 0.299000
v 0.215000 -0.955000 0.295482
v 0.225000 -0.955000 0.290792
v 0.235000 -0.955000 0.286102
v 0.245000 -0.955000 0.281412
v 0.255000 -0.955000 0.276722
v 0.265000 -0.955000 0.272031
v 0.275000 -0.955000 0.267341
v 0.285000 -0.955000 0.262651
v 0.295000 -0.955000 0.257961
v 0.305000 -0.955000 0.057224
v -0.335000 -0.945000 0.057224
v -0.325000 -0.945000 0.262651
v -0.315000 -0.945000 0.267341
v -0.305000 -0.945000 0.272031
v -0.295000 -0.945000 0.281412
v -0.285000 -0.945000 0.286102
v -0.275000 -0.945000 0.290792
v -0.265000 -0.945000 0.295482
v -0.255000 -0.945000 0.299000
v -0.245000 -0.945000 0.299000
v -0.235000 -0.945000 0.308208
v -0.225000 -0.945000 0.317416
v -0.215000 -0.945000 0.317416
v -0.205000 -0.945000 0.317416
v -0.195000 -0.945000 0.326624
v -0.185000 -0.945000 0.326624
v -0.175000 -0.945000 0.335831
v -0.165000 -0.945000 0.335831
v -0.155000 -0.945000 0.335831
v -0.145000 -0.945000 0.335831
v -0.135000 -0.945000 0.345039
v -0.125000 -0.945000 0.345039
v -0.115000 -0.945000 0.345039
v -0.105000 -0.945000 0.345039
v -0.095000 -0.945000 0.354247
v -0.085000 -0.945000 0.354247
v -0.075000 -0.945000 0.354247
v -0.065000 -0.945000 0.354247
v -0.055000 -0.945000 0.354247
v -0.045000 -0.945000 0.354247
v -0.035000 -0.945000 0.354247
v -0.025000 -0.945000 0.354247
v -0.015000 -0.945000 0.354247
v -0.005000 -0.945000 0.354247
v 0.005000 -0.945000 0.354247
v 0.015000 -0.945000 0.354247
v 0.025000 -0.945000 0.354247
v 0.035000 -0.945000 0.354247
v 0.045000 -0.945000 0.345039
v 0.055000 -0.945000 0.345039
v 0.065000 -0.945000 0.345039
v 0.075000 -0.945000 0.345039
v 0.085000 -0.945000 0.345039
v 0.095000 -0.945000 0.335831
v 0.105000 -0.945000 0.335831
v 0.115000 -0.945000 0.335831
v 0.125000 -0.945000 0.326624
v 0.135000 -0.945000 0.326624
v 0.145000 -0.945000 0.326624
v 0.155000 -0.945000 0.317416
v 0.165000 -0.945000 0.317416
v 0.175000 -0.945000 0.308208
v 0.185000 -0.945000 0.299000
v 0.195000 -0.945000 0.299000
v 0.205000 -0.945000 0.295482
v 0.215000 -0.945000 0.290792
v 0.225000 -0.945000 0.290792
v 0.235000 -0.945000 0.286102
v 0.245000 -0.945000 0.281412
v 0.255000 -0.945000 0.272031
v 0.265000 -0.945000 0.272031
v 0.275000 -0.945000 0.262651
v 0.285000 -0.945000 0.257961
v 0.295000 -0.945000 0.057224
v -0.345000 -0.935000 0.057224
v -0.335000 -0.935000 0.257961
v -0.325000 -0.935000 0.267341
v -0.315000 -0.935000 0.272031
v -0.305000 -0.935000 0.276722
v -0.295000 -0.935000 0.281412
v -0.285000 -0.935000 0.290792
v -0.275000 -0.935000 0.295482
v -0.265000 -0.935000 0.295482
v -0.255000 -0.935000 0.299000
v -0.245000 -0.935000 0.299000
v -0.235000 -0.935000 0.317416
v -0.225000 -0.935000 0.317416
v -0.215000 -0.935000 0.317416
v -0.205000 -0.935000 0.326624
v -0.195000 -0.935000 0.326624
v -0.185000 -0.935000 0.326624
v -0.175000 -0.935000 0.335831
v -0.165000 -0.935000 0.335831
v -0.155000 -0.935000 0.335831
v -0.145000 -0.935000 0.345039
v -0.135000 -0.935000 0.345039
v -0.125000 -0.935000 0.345039
v -0.115000 -0.935000 0.345039
v -0.105000 -0.935000 0.354247
v -0.095000 -0.935000 0.354247
v -0.085000 -0.935000 0.354247
v -0.075000 -0.935000 0.354247
v -0.065000 -0.935000 0.354247
v -0.055000 -0.935000 0.354247
v -0.045000 -0.935000 0.354247
v -0.035000 -0.935000 0.354247
v -0.025000 -0.935000 0.354247
v -0.015000 -0.935000 0.354247
v -0.005000 -0.935000 0.354247
v 0.005000 -0.935000 0.354247
v 0.015000 -0.935000 0.354247
v 0.025000 -0.935000 0.354247
v 0.035000 -0.935000 0.354247
v 0.045000 -0.935000 0.345039
v 0.055000 -0.935000 0.345039
v 0.065000 -0.935000 0.345039
v 0.075000 -0.935000 0.345039
v 0.085000 -0.935000 0.335831
v 0.095000 -0.935000 0.335831
v 0.105000 -0.935000 0.335831
v 0.115000 -0.935000 0.326624
v 0.125000 -0.935000 0.326624
v 0.135000 -0.935000 0.326624
v 0.145000 -0.935000 0.317416
v 0.155000 -0.935000 0.317416
v 0.165000 -0.935000 0.308208
v 0.175000 -0.935000 0.308208
v 0.185000 -0.935000 0.299000
v 0.195000 -0.935000 0.295482
v 0.205000 -0.935000 0.295482
v 0.215000 -0.935000 0.290792
v 0.225000 -0.935000 0.286102
v 0.235000 -0.935000 0.281412
v 0.245000 -0.935000 0.276722
v 0.255000 -0.935000 0.267341
v 0.265000 -0.935000 0.262651
v 0.275000 -0.935000 0.257961
v 0.285000 -0.935000 0.257961
v 0.295000 -0.935000 0.057224
v -0.345000 -0.925000 0.057224
v -0.335000 -0.925000 0.262651
v -0.325000 -0.925000 0.272031
v -0.315000 -0.925000 0.276722
v -0.305000 -0.925000 0.281412
v -0.295000 -0.925000 0.286102
v -0.285000 -0.925000 0.290792
v -0.275000 -0.925000 0.295482
v -0.265000 -0.925000 0.299000
v -0.255000 -0.925000 0.299000
v -0.245000 -0.925000 0.308208
v -0.235000 -0.925000 0.317416
v -0.225000 -0.925000 0.317416
v -0.215000 -0.925000 0.326624
v -0.205000 -0.925000 0.326624
v -0.195000 -0.925000 0.326624
v -0.185000 -0.925000 0.335831
v -0.175000 -0.925000 0.335831
v -0.165000 -0.925000 0.335831
v -0.155000 -0.925000 0.345039
v -0.145000 -0.925000 0.345039
v -0.135000 -0.925000 0.345039
v -0.125000 -0.925000 0.345039
v -0.115000 -0.925000 0.345039
v -0.105000 -0.925000 0.354247
v -0.095000 -0.925000 0.354247
v -0.085000 -0.925000 0.354247
v -0.075000 -0.925000 0.354247
v -0.065000 -0.925000 0.354247
v -0.055000 -0.925000 0.354247
v -0.045000 -0.925000 0.354247
v -0.035000 -0.925000 0.354247
v -0.025000 -0.925000 0.354247
v -0.015000 -0.925000 0.354247
v -0.005000 -0.925000 0.354247
v 0.005000 -0.925000 0.354247
v 0.015000 -0.925000 0.354247
v 0.025000 -0.925000 0.354247
v 0.035000 -0.925000 0.345039
v 0.045000 -0.925000 0.345039
v 0.055000 -0.925000 0.345039
v 0.065000 -0.925000 0.345039
v 0.075000 -0.925000 0.335831
v 0.085000 -0.925000 0.335831
v 0.095000 -0.925000 0.335831
v 0.105000 -0.925000 0.335831
v 0.115000 -0.925000 0.326624
v 0.125000 -0.925000 0.326624
v 0.135000 -0.925000 0.317416
v 0.145000 -0.925000 0.317416
v 0.155000 -0.925000 0.308208
v 0.165000 -0.925000 0.308208
v 0.175000 -0.925000 0.299000
v 0.185000 -0.925000 0.295482
v 0.195000 -0.925000 0.295482
v 0.205000 -0.925000 0.290792
v 0.215000 -0.925000 0.286102
v 0.225000 -0.925000 0.281412
v 0.235000 -0.925000 0.276722
v 0.245000 -0.925000 0.272031
v 0.255000 -0.925000 0.262651
v 0.265000 -0.925000 0.257961
v 0.275000 -0.925000 0.257961
v 0.285000 -0.925000 0.057224
v -0.355000 -0.915000 0.057224
v -0.345000 -0.915000 0.262651
v -0.335000 -0.915000 0.267341
v -0.325000 -0.915000 0.276722
v -0.315000 -0.915000 0.281412
v -0.305000 -0.915000 0.286102
v -0.295000 -0.915000 0.286102
v -0.285000 -0.915000 0.295482
v -0.275000 -0.915000 0.299000
v -0.265000 -0.915000 0.299000
v -0.255000 -0.915000 0.299000
v -0.245000 -0.915000 0.308208
v -0.235000 -0.915000 0.317416
v -0.225000 -0.915000 0.317416
v -0.215000 -0.915000 0.326624
v -0.205000 -0.915000 0.326624
v -0.195000 -0.915000 0.326624
v -0.185000 -0.915000 0.335831
v -0.175000 -0.915000 0.335831
v -0.165000 -0.915000 0.345039
v -0.155000 -0.915000 0.345039
v -0.145000 -0.915000 0.345039
v -0.135000 -0.915000 0.345039
v -0.125000 -0.915000 0.345039
v -0.115000 -0.915000 0.354247
v -0.105000 -0.915000 0.354247
v -0.095000 -0.915000 0.354247
v -0.085000 -0.915000 0.354247
v -0.075000 -0.915000 0.354247
v -0.065000 -0.915000 0.354247
v -0.055000 -0.915000 0.354247
v -0.045000 -0.915000 0.354247
v -0.035000 -0.915000 0.354247
v -0.025000 -0.915000 0.354247
v -0.015000 -0.915000 0.354247
v -0.005000 -0.915000 0.354247
v 0.005000 -0.915000 0.354247
v 0.015000 -0.915000 0.354247
v 0.025000 -0.915000 0.354247
v 0.035000 -0.915000 0.345039
v 0.045000 -0.915000 0.345039
v 0.055000 -0.915000 0.345039
v 0.065000 -0.915000 0.345039
v 0.075000 -0.915000 0.335831
v 0.085000 -0.915000 0.335831
v 0.095000 -0.915000 0.335831
v 0.105000 -0.915000 0.326624
v 0.115000 -0.915000 0.326624
v 0.125000 -0.915000 0.317416
v 0.135000 -0.915000 0.317416
v 0.145000 -0.915000 0.317416
v 0.155000 -0.915000 0.308208
v 0.165000 -0.915000 0.308208
v 0.175000 -0.915000 0.299000
v 0.185000 -0.915000 0.295482
v 0.195000 -0.915000 0.290792
v 0.205000 -0.915000 0.290792
v 0.215000 -0.915000 0.286102
v 0.225000 -0.915000 0.281412
v 0.235000 -0.915000 0.272031
v 0.245000 -0.915000 0.267341
v 0.255000 -0.915000 0.262651
v 0.265000 -0.915000 0.253271
v 0.275000 -0.915000 0.253271
v 0.285000 -0.915000 0.057224
v -0.355000 -0.905000 0.057224
v -0.345000 -0.905000 0.267341
v -0.335000 -0.905000 0.272031
v -0.325000 -0.905000 0.276722
v -0.315000 -0.905000 0.286102
v -0.305000 -0.905000 0.286102
v -0.295000 -0.905000 0.290792
v -0.285000 -0.905000 0.295482
v -0.275000 -0.905000 0.299000
v -0.265000 -0.905000 0.308208
v -0.255000 -0.905000 0.308208
v -0.245000 -0.905000 0.308208
v -0.235000 -0.905000 0.317416
v -0.225000 -0.905000 0.326624
v -0.215000 -0.905000 0.326624
v -0.205000 -0.905000 0.326624
v -0.195000 -0.905000 0.335831
v -0.185000 -0.905000 0.335831
v -0.175000 -0.905000 0.335831
v -0.165000 -0.905000 0.345039
v -0.155000 -0.905000 0.345039
v -0.145000 -0.905000 0.345039
v -0.135000 -0.905000 0.345039
v -0.125000 -0.905000 0.345039
v -0.115000 -0.905000 0.354247
v -0.105000 -0.905000 0.354247
v -0.095000 -0.905000 0.354247
v -0.085000 -0.905000 0.354247
v -0.075000 -0.905000 0.354247
v -0.065000 -0.905000 0.354247
v -0.055000 -0.905000 0.354247
v -0.045000 -0.905000 0.354247
v -0.035000 -0.905000 0.354247
v -0.025000 -0.905000 0.354247
v -0.015000 -0.905000 0.354247
v -0.005000 -0.905000 0.354247
v 0.005000 -0.905000 0.354247
v 0.015000 -0.905000 0.354247
v 0.025000 -0.905000 0.345039
v 0.035000 -0.905000 0.345039
v 0.045000 -0.905000 0.345039
v 0.055000 -0.905000 0.345039
v 0.065000 -0.905000 0.335831
v 0.075000 -0.905000 0.335831
v 0.085000 -0.905000 0.335831
v 0.095000 -0.905000 0.326624
v 0.105000 -0.905000 0.326624
v 0.115000 -0.905000 0.326624
v 0.125000 -0.905000 0.317416
v 0.135000 -0.905000 0.317416
v 0.145000 -0.905000 0.308208
v 0.155000 -0.905000 0.308208
v 0.165000 -0.905000 0.299000
v 0.175000 -0.905000 0.295482
v 0.185000 -0.905000 0.290792
v 0.195000 -0.905000 0.290792
v 0.205000 -0.905000 0.286102
v 0.215000 -0.905000 0.281412
v 0.225000 -0.905000 0.276722
v 0.235000 -0.905000 0.267341
v 0.245000 -0.905000 0.262651
v 0.255000 -0.905000 0.257961
v 0.265000 -0.905000 0.253271
v 0.275000 -0.905000 0.057224
v -0.365000 -0.895000 0.057224
v -0.355000 -0.895000 0.267341
v -0.345000 -0.895000 0.272031
v -0.335000 -0.895000 0.276722
v -0.325000 -0.895000 0.276722
v -0.315000 -0.895000 0.286102
v -0.305000 -0.895000 0.290792
v -0.295000 -0.895000 0.295482
v -0.285000 -0.895000 0.295482
v -0.275000 -0.895000 0.299000
v -0.265000 -0.895000 0.308208
v -0.255000 -0.895000 0.308208
v -0.245000 -0.895000 0.317416
v -0.235000 -0.895000 0.317416
v -0.225000 -0.895000 0.326624
v -0.215000 -0.895000 0.326624
v -0.205000 -0.895000 0.326624
v -0.195000 -0.895000 0.335831
v -0.185000 -0.895000 0.335831
v -0.175000 -0.895000 0.335831
v -0.165000 -0.895000 0.345039
v -0.155000 -0.895000 0.345039
v -0.145000 -0.895000 0.345039
v -0.135000 -0.895000 0.345039
v -0.125000 -0.895000 0.354247
v -0.115000 -0.895000 0.354247
v -0.105000 -0.895000 0.354247
v -0.095000 -0.895000 0.354247
v -0.085000 -0.895000 0.354247
v -0.075000 -0.895000 0.354247
v -0.065000 -0.895000 0.354247
v -0.055000 -0.895000 0.354247
v -0.045000 -0.895000 0.354247
v -0.035000 -0.895000 0.354247
v -0.025000 -0.895000 0.354247
v -0.015000 -0.895000 0.354247
v -0.005000 -0.895000 0.354247
v 0.005000 -0.895000 0.354247
v 0.015000 -0.895000 0.345039
v 0.025000 -0.895000 0.345039
v 0.035000 -0.895000 0.345039
v 0.045000 -0.895000 0.345039
v 0.055000 -0.895000 0.335831
v 0.065000 -0.895000 0.335831
v 0.075000 -0.895000 0.335831
v 0.085000 -0.895000 0.335831
v 0.095000 -0.895000 0.326624
v 0.105000 -0.895000 0.326624
v 0.115000 -0.895000 0.317416
v 0.125000 -0.895000 0.317416
v 0.135000 -0.895000 0.308208
v 0.145000 -0.895000 0.308208
v 0.155000 -0.895000 0.299000
v 0.165000 -0.895000 0.299000
v 0.175000 -0.895000 0.295482
v 0.185000 -0.895000 0.290792
v 0.195000 -0.895000 0.286102
v 0.205000 -0.895000 0.281412
v 0.215000 -0.895000 0.276722
v 0.225000 -0.895000 0.272031
v 0.235000 -0.895000 0.262651
v 0.245000 -0.895000 0.257961
v 0.255000 -0.895000 0.253271
v 0.265000 -0.895000 0.248580
v 0.275000 -0.895000 0.057224
v -0.375000 -0.885000 0.057224
v -0.365000 -0.885000 0.267341
v -0.355000 -0.885000 0.272031
v -0.345000 -0.885000 0.276722
v -0.335000 -0.885000 0.281412
v -0.325000 -0.885000 0.281412
v -0.315000 -0.885000 0.290792
v -0.305000 -0.885000 0.295482
v -0.295000 -0.885000 0.295482
v -0.285000 -0.885000 0.299000
v -0.275000 -0.885000 0.299000
v -0.265000 -0.885000 0.308208
v -0.255000 -0.885000 0.308208
v -0.245000 -0.885000 0.317416
v -0.235000 -0.885000 0.317416
v -0.225000 -0.885000 0.326624
v -0.215000 -0.885000 0.326624
v -0.205000 -0.885000 0.335831
v -0.195000 -0.885000 0.335831
v -0.185000 -0.885000 0.335831
v -0.175000 -0.885000 0.345039
v -0.165000 -0.885000 0.345039
v -0.155000 -0.885000 0.345039
v -0.145000 -0.885000 0.345039
v -0.135000 -0.885000 0.354247
v -0.125000 -0.885000 0.354247
v -0.115000 -0.885000 0.354247
v -0.105000 -0.885000 0.354247
v -0.095000 -0.885000 0.354247
v -0.085000 -0.885000 0.354247
v -0.075000 -0.885000 0.354247
v -0.065000 -0.885000 0.354247
v -0.055000 -0.885000 0.354247
v -0.045000 -0.885000 0.354247
v -0.035000 -0.885000 0.354247
v -0.025000 -0.885000 0.354247
v -0.015000 -0.885000 0.354247
v -0.005000 -0.885000 0.354247
v 0.005000 -0.885000 0.345039
v 0.015000 -0.885000 0.345039
v 0.025000 -0.885000 0.345039
v 0.035000 -0.885000 0.345039
v 0.045000 -0.885000 0.345039
v 0.055000 -0.885000 0.335831
v 0.065000 -0.885000 0.335831
v 0.075000 -0.885000 0.335831
v 0.085000 -0.885000 0.326624
v 0.095000 -0.885000 0.326624
v 0.105000 -0.885000 0.317416
v 0.115000 -0.885000 0.317416
v 0.125000 -0.885000 0.308208
v 0.135000 -0.885000 0.308208
v 0.145000 -0.885000 0.308208
v 0.155000 -0.885000 0.299000
v 0.165000 -0.885000 0.295482
v 0.175000 -0.885000 0.290792
v 0.185000 -0.885000 0.290792
v 0.195000 -0.885000 0.281412
v 0.205000 -0.885000 0.276722
v 0.215000 -0.885000 0.272031
v 0.225000 -0.885000 0.267341
v 0.235000 -0.885000 0.262651
v 0.245000 -0.885000 0.253271
v 0.255000 -0.885000 0.253271
v 0.265000 -0.885000 0.057224
v -0.375000 -0.875000 0.057224
v -0.365000 -0.875000 0.267341
v -0.355000 -0.875000 0.272031
v -0.345000 -0.875000 0.276722
v -0.335000 -0.875000 0.281412
v -0.325000 -0.875000 0.286102
v -0.315000 -0.875000 0.290792
v -0.305000 -0.875000 0.295482
v -0.295000 -0.875000 0.299000
v -0.285000 -0.875000 0.299000
v -0.275000 -0.875000 0.299000
v -0.265000 -0.875000 0.308208
v -0.255000 -0.875000 0.317416
v -0.245000 -0.875000 0.317416
v -0.235000 -0.875000 0.326624
v -0.225000 -0.875000 0.326624
v -0.215000 -0.875000 0.335831
v -0.205000 -0.875000 0.335831
v -0.195000 -0.875000 0.335831
v -0.185000 -0.875000 0.345039
v -0.175000 -0.875000 0.345039
v -0.165000 -0.875000 0.345039
v -0.155000 -0.875000 0.345039
v -0.145000 -0.875000 0.345039
v -0.135000 -0.875000 0.354247
v -0.125000 -0.875000 0.354247
v -0.115000 -0.875000 0.354247
v -0.105000 -0.875000 0.354247
v -0.095000 -0.875000 0.354247
v -0.085000 -0.875000 0.354247
v -0.075000 -0.875000 0.354247
v -0.065000 -0.875000 0.354247
v -0.055000 -0.875000 0.354247
v -0.045000 -0.875000 0.354247
v -0.035000 -0.875000 0.354247
v -0.025000 -0.875000 0.354247
v -0.015000 -0.875000 0.354247
v -0.005000 -0.875000 0.354247
v 0.005000 -0.875000 0.345039
v 0.015000 -0.875000 0.345039
v 0.025000 -0.875000 0.345039
v 0.035000 -0.875000 0.345039
v 0.045000 -0.875000 0.335831
v 0.055000 -0.875000 0.335831
v 0.065000 -0.875000 0.335831
v 0.075000 -0.875000 0.326624
v 0.085000 -0.875000 0.326624
v 0.095000 -0.875000 0.326624
v 0.105000 -0.875000 0.317416
v 0.115000 -0.875000 0.317416
v 0.125000 -0.875000 0.308208
v 0.135000 -0.875000 0.299000
v 0.145000 -0.875000 0.299000
v 0.155000 -0.875000 0.295482
v 0.165000 -0.875000 0.295482
v 0.175000 -0.875000 0.286102
v 0.185000 -0.875000 0.286102
v 0.195000 -0.875000 0.281412
v 0.205000 -0.875000 0.272031
v 0.215000 -0.875000 0.267341
v 0.225000 -0.875000 0.262651
v 0.235000 -0.875000 0.257961
v 0.245000 -0.875000 0.253271
v 0.255000 -0.875000 0.248580
v 0.265000 -0.875000 0.057224
v -0.385000 -0.865000 0.057224
v -0.375000 -0.865000 0.262651
v -0.365000 -0.865000 0.267341
v -0.355000 -0.865000 0.272031
v -0.345000 -0.865000 0.281412
v -0.335000 -0.865000 0.286102
v -0.325000 -0.865000 0.286102
v -0.315000 -0.865000 0.290792
v -0.305000 -0.865000 0.299000
v -0.295000 -0.865000 0.299000
v -0.285000 -0.865000 0.299000
v -0.275000 -0.865000 0.308208
v -0.265000 -0.865000 0.317416
v -0.255000 -0.865000 0.317416
v -0.245000 -0.865000 0.326624
v -0.235000 -0.865000 0.326624
v -0.225000 -0.865000 0.326624
v -0.215000 -0.865000 0.335831
v -0.205000 -0.865000 0.335831
v -0.195000 -0.865000 0.335831
v -0.185000 -0.865000 0.345039
v -0.175000 -0.865000 0.345039
v -0.165000 -0.865000 0.345039
v -0.155000 -0.865000 0.345039
v -0.145000 -0.865000 0.354247
v -0.135000 -0.865000 0.354247
v -0.125000 -0.865000 0.354247
v -0.115000 -0.865000 0.354247
v -0.105000 -0.865000 0.354247
v -0.095000 -0.865000 0.354247
v -0.085000 -0.865000 0.354247
v -0.075000 -0.865000 0.354247
v -0.065000 -0.865000 0.354247
v -0.055000 -0.865000 0.354247
v -0.045000 -0.865000 0.354247
v -0.035000 -0.865000 0.354247
v -0.025000 -0.865000 0.354247
v -0.015000 -0.865000 0.354247
v -0.005000 -0.865000 0.354247
v 0.005000 -0.865000 0.345039
v 0.015000 -0.865000 0.345039
v 0.025000 -0.865000 0.345039
v 0.035000 -0.865000 0.345039
v 0.045000 -0.865000 0.335831
v 0.055000 -0.865000 0.335831
v 0.065000 -0.865000 0.335831
v 0.075000 -0.865000 0.326624
v 0.085000 -0.865000 0.326624
v 0.095000 -0.865000 0.317416
v 0.105000 -0.865000 0.317416
v 0.115000 -0.865000 0.308208
v 0.125000 -0.865000 0.308208
v 0.135000 -0.865000 0.299000
v 0.145000 -0.865000 0.299000
v 0.155000 -0.865000 0.295482
v 0.165000 -0.865000 0.290792
v 0.175000 -0.865000 0.286102
v 0.185000 -0.865000 0.281412
v 0.195000 -0.865000 0.276722
v 0.205000 -0.865000 0.272031
v 0.215000 -0.865000 0.267341
v 0.225000 -0.865000 0.257961
v 0.235000 -0.865000 0.253271
v 0.245000 -0.865000 0.248580
v 0.255000 -0.865000 0.057224
v -0.395000 -0.855000 0.057224
v -0.385000 -0.855000 0.262651
v -0.375000 -0.855000 0.267341
v -0.365000 -0.855000 0.272031
v -0.355000 -0.855000 0.276722
v -0.345000 -0.855000 0.281412
v -0.335000 -0.855000 0.286102
v -0.325000 -0.855000 0.290792
v -0.315000 -0.855000 0.295482
v -0.305000 -0.855000 0.299000
v -0.295000 -0.855000 0.299000
v -0.285000 -0.855000 0.299000
v -0.275000 -0.855000 0.308208
v -0.265000 -0.855000 0.317416
v -0.255000 -0.855000 0.317416
v -0.245000 -0.855000 0.326624
v -0.235000 -0.855000 0.326624
v -0.225000 -0.855000 0.335831
v -0.215000 -0.855000 0.335831
v -0.205000 -0.855000 0.335831
v -0.195000 -0.855000 0.345039
v -0.185000 -0.855000 0.345039
v -0.175000 -0.855000 0.345039
v -0.165000 -0.855000 0.345039
v -0.155000 -0.855000 0.354247
v -0.145000 -0.855000 0.354247
v -0.135000 -0.855000 0.354247
v -0.125000 -0.855000 0.354247
v -0.115000 -0.855000 0.354247
v -0.105000 -0.855000 0.354247
v -0.095000 -0.855000 0.354247
v -0.085000 -0.855000 0.354247
v -0.075000 -0.855000 0.354247
v -0.065000 -0.855000 0.354247
v -0.055000 -0.855000 0.354247
v -0.045000 -0.855000 0.354247
v -0.035000 -0.855000 0.354247
v -0.025000 -0.855000 0.354247
v -0.015000 -0.855000 0.354247
v -0.005000 -0.855000 0.345039
v 0.005000 -0.855000 0.345039
v 0.015000 -0.855000 0.345039
v 0.025000 -0.855000 0.345039
v 0.035000 -0.855000 0.335831
v 0.045000 -0.855000 0.335831
v 0.055000 -0.855000 0.335831
v 0.065000 -0.855000 0.326624
v 0.075000 -0.855000 0.326624
v 0.085000 -0.855000 0.326624
v 0.095000 -0.855000 0.317416
v 0.105000 -0.855000 0.317416
v 0.115000 -0.855000 0.308208
v 0.125000 -0.855000 0.308208
v 0.135000 -0.855000 0.299000
v 0.145000 -0.855000 0.295482
v 0.155000 -0.855000 0.290792
v 0.165000 -0.855000 0.286102
v 0.175000 -0.855000 0.281412
v 0.185000 -0.855000 0.276722
v 0.195000 -0.855000 0.272031
v 0.205000 -0.855000 0.267341
v 0.215000 -0.855000 0.262651
v 0.225000 -0.855000 0.257961
v 0.235000 -0.855000 0.248580
v 0.245000 -0.855000 0.248580
v 0.255000 -0.855000 0.057224
v -0.395000 -0.845000 0.057224
v -0.385000 -0.845000 0.262651
v -0.375000 -0.845000 0.272031
v -0.365000 -0.845000 0.276722
v -0.355000 -0.845000 0.281412
v -0.345000 -0.845000 0.286102
v -0.335000 -0.845000 0.290792
v -0.325000 -0.845000 0.295482
v -0.315000 -0.845000 0.299000
v -0.305000 -0.845000 0.308208
v -0.295000 -0.845000 0.299000
v -0.285000 -0.845000 0.308208
v -0.275000 -0.845000 0.317416
v -0.265000 -0.845000 0.317416
v -0.255000 -0.845000 0.326624
v -0.245000 -0.845000 0.326624
v -0.235000 -0.845000 0.335831
v -0.225000 -0.845000 0.335831
v -0.215000 -0.845000 0.335831
v -0.205000 -0.845000 0.345039
v -0.195000 -0.845000 0.345039
v -0.185000 -0.845000 0.345039
v -0.175000 -0.845000 0.345039
v -0.165000 -0.845000 0.345039
v -0.155000 -0.845000 0.354247
v -0.145000 -0.845000 0.354247
v -0.135000 -0.845000 0.354247
v -0.125000 -0.845000 0.354247
v -0.115000 -0.845000 0.354247
v -0.105000 -0.845000 0.354247
v -0.095000 -0.845000 0.354247
v -0.085000 -0.845000 0.354247
v -0.075000 -0.845000 0.354247
v -0.065000 -0.845000 0.354247
v -0.055000 -0.845000 0.354247
v -0.045000 -0.845000 0.354247
v -0.035000 -0.845000 0.354247
v -0.025000 -0.845000 0.354247
v -0.015000 -0.845000 0.354247
v -0.005000 -0.845000 0.345039
v 0.005000 -0.845000 0.345039
v 0.015000 -0.845000 0.345039
v 0.025000 -0.845000 0.345039
v 0.035000 -0.845000 0.335831
v 0.045000 -0.845000 0.335831
v 0.055000 -0.845000 0.326624
v 0.065000 -0.845000 0.326624
v 0.075000 -0.845000 0.326624
v 0.085000 -0.845000 0.317416
v 0.095000 -0.845000 0.317416
v 0.105000 -0.845000 0.308208
v 0.115000 -0.845000 0.308208
v 0.125000 -0.845000 0.299000
v 0.135000 -0.845000 0.295482
v 0.145000 -0.845000 0.295482
v 0.155000 -0.845000 0.290792
v 0.165000 -0.845000 0.281412
v 0.175000 -0.845000 0.276722
v 0.185000 -0.845000 0.272031
v 0.195000 -0.845000 0.267341
v 0.205000 -0.845000 0.262651
v 0.215000 -0.845000 0.257961
v 0.225000 -0.845000 0.253271
v 0.235000 -0.845000 0.248580
v 0.245000 -0.845000 0.057224
v -0.405000 -0.835000 0.057224
v -0.395000 -0.835000 0.262651
v -0.385000 -0.835000 0.267341
v -0.375000 -0.835000 0.276722
v -0.365000 -0.835000 0.281412
v -0.355000 -0.835000 0.286102
v -0.345000 -0.835000 0.286102
v -0.335000 -0.835000 0.295482
v -0.325000 -0.835000 0.299000
v -0.315000 -0.835000 0.299000
v -0.305000 -0.835000 0.308208
v -0.295000 -0.835000 0.308208
v -0.285000 -0.835000 0.308208
v -0.275000 -0.835000 0.317416
v -0.265000 -0.835000 0.326624
v -0.255000 -0.835000 0.326624
v -0.245000 -0.835000 0.326624
v -0.235000 -0.835000 0.335831
v -0.225000 -0.835000 0.335831
v -0.215000 -0.835000 0.335831
v -0.205000 -0.835000 0.345039
v -0.195000 -0.835000 0.345039
v -0.185000 -0.835000 0.345039
v -0.175000 -0.835000 0.345039
v -0.165000 -0.835000 0.354247
v -0.155000 -0.835000 0.354247
v -0.145000 -0.835000 0.354247
v -0.135000 -0.835000 0.354247
v -0.125000 -0.835000 0.354247
v -0.115000 -0.835000 0.354247
v -0.105000 -0.835000 0.354247
v -0.095000 -0.835000 0.354247
v -0.085000 -0.835000 0.354247
v -0.075000 -0.835000 0.354247
v -0.065000 -0.835000 0.354247
v -0.055000 -0.835000 0.354247
v -0.045000 -0.835000 0.354247
v -0.035000 -0.835000 0.354247
v -0.025000 -0.835000 0.354247
v -0.015000 -0.835000 0.345039
v -0.005000 -0.835000 0.345039
v 0.005000 -0.835000 0.345039
v 0.015000 -0.835000 0.345039
v 0.025000 -0.835000 0.335831
v 0.035000 -0.835000 0.335831
v 0.045000 -0.835000 0.335831
v 0.055000 -0.835000 0.326624
v 0.065000 -0.835000 0.326624
v 0.075000 -0.835000 0.317416
v 0.085000 -0.835000 0.317416
v 0.095000 -0.835000 0.317416
v 0.105000 -0.835000 0.308208
v 0.115000 -0.835000 0.299000
v 0.125000 -0.835000 0.299000
v 0.135000 -0.835000 0.295482
v 0.145000 -0.835000 0.295482
v 0.155000 -0.835000 0.286102
v 0.165000 -0.835000 0.281412
v 0.175000 -0.835000 0.276722
v 0.185000 -0.835000 0.272031
v 0.195000 -0.835000 0.267341
v 0.205000 -0.835000 0.262651
v 0.215000 -0.835000 0.253271
v 0.225000 -0.835000 0.253271
v 0.235000 -0.835000 0.248580
v 0.245000 -0.835000 0.057224
v -0.405000 -0.825000 0.057224
v -0.395000 -0.825000 0.262651
v -0.385000 -0.825000 0.267341
v -0.375000 -0.825000 0.276722
v -0.365000 -0.825000 0.281412
v -0.355000 -0.825000 0.286102
v -0.345000 -0.825000 0.290792
v -0.335000 -0.825000 0.295482
v -0.325000 -0.825000 0.299000
v -0.315000 -0.825000 0.308208
v -0.305000 -0.825000 0.308208
v -0.295000 -0.825000 0.308208
v -0.285000 -0.825000 0.317416
v -0.275000 -0.825000 0.317416
v -0.265000 -0.825000 0.326624
v -0.255000 -0.825000 0.326624
v -0.245000 -0.825000 0.335831
v -0.235000 -0.825000 0.335831
v -0.225000 -0.825000 0.335831
v -0.215000 -0.825000 0.345039
v -0.205000 -0.825000 0.345039
v -0.195000 -0.825000 0.345039
v -0.185000 -0.825000 0.345039
v -0.175000 -0.825000 0.345039
v -0.165000 -0.825000 0.354247
v -0.155000 -0.825000 0.354247
v -0.145000 -0.825000 0.354247
v -0.135000 -0.825000 0.354247
v -0.125000 -0.825000 0.354247
v -0.115000 -0.825000 0.354247
v -0.105000 -0.825000 0.354247
v -0.095000 -0.825000 0.354247
v -0.085000 -0.825000 0.354247
v -0.075000 -0.825000 0.354247
v -0.065000 -0.825000 0.354247
v -0.055000 -0.825000 0.354247
v -0.045000 -0.825000 0.354247
v -0.035000 -0.825000 0.354247
v -0.025000 -0.825000 0.345039
v -0.015000 -0.825000 0.345039
v -0.005000 -0.825000 0.345039
v 0.005000 -0.825000 0.345039
v 0.015000 -0.825000 0.335831
v 0.025000 -0.825000 0.335831
v 0.035000 -0.825000 0.335831
v 0.045000 -0.825000 0.326624
v 0.055000 -0.825000 0.326624
v 0.065000 -0.825000 0.326624
v 0.075000 -0.825000 0.317416
v 0.085000 -0.825000 0.317416
v 0.095000 -0.825000 0.308208
v 0.105000 -0.825000 0.299000
v 0.115000 -0.825000 0.299000
v 0.125000 -0.825000 0.295482
v 0.135000 -0.825000 0.290792
v 0.145000 -0.825000 0.290792
v 0.155000 -0.825000 0.281412
v 0.165000 -0.825000 0.276722
v 0.175000 -0.825000 0.272031
v 0.185000 -0.825000 0.267341
v 0.195000 -0.825000 0.262651
v 0.205000 -0.825000 0.257961
v 0.215000 -0.825000 0.253271
v 0.225000 -0.825000 0.248580
v 0.235000 -0.825000 0.057224
v -0.415000 -0.815000 0.057224
v -0.405000 -0.815000 0.262651
v -0.395000 -0.815000 0.267341
v -0.385000 -0.815000 0.272031
v -0.375000 -0.815000 0.276722
v -0.365000 -0.815000 0.286102
v -0.355000 -0.815000 0.290792
v -0.345000 -0.815000 0.290792
v -0.335000 -0.815000 0.295482
v -0.325000 -0.815000 0.308208
v -0.315000 -0.815000 0.308208
v -0.305000 -0.815000 0.308208
v -0.295000 -0.815000 0.308208
v -0.285000 -0.815000 0.317416
v -0.275000 -0.815000 0.317416
v -0.265000 -0.815000 0.326624
v -0.255000 -0.815000 0.326624
v -0.245000 -0.815000 0.335831
v -0.235000 -0.815000 0.335831
v -0.225000 -0.815000 0.335831
v -0.215000 -0.815000 0.345039
v -0.205000 -0.815000 0.345039
v -0.195000 -0.815000 0.345039
v -0.185000 -0.815000 0.345039
v -0.175000 -0.815000 0.345039
v -0.165000 -0.815000 0.354247
v -0.155000 -0.815000 0.354247
v -0.145000 -0.815000 0.354247
v -0.135000 -0.815000 0.354247
v -0.125000 -0.815000 0.354247
v -0.115000 -0.815000 0.354247
v -0.105000 -0.815000 0.354247
v -0.095000 -0.815000 0.354247
v -0.085000 -0.815000 0.354247
v -0.075000 -0.815000 0.354247
v -0.065000 -0.815000 0.354247
v -0.055000 -0.815000 0.354247
v -0.045000 -0.815000 0.354247
v -0.035000 -0.815000 0.345039
v -0.025000 -0.815000 0.345039
v -0.015000 -0.815000 0.345039
v -0.005000 -0.815000 0.345039
v 0.005000 -0.815000 0.345039
v 0.015000 -0.815000 0.335831
v 0.025000 -0.815000 0.335831
v 0.035000 -0.815000 0.326624
v 0.045000 -0.815000 0.326624
v 0.055000 -0.815000 0.326624
v 0.065000 -0.815000 0.326624
v 0.075000 -0.815000 0.317416
v 0.085000 -0.815000 0.308208
v 0.095000 -0.815000 0.308208
v 0.105000 -0.815000 0.295482
v 0.115000 -0.815000 0.295482
v 0.125000 -0.815000 0.290792
v 0.135000 -0.815000 0.290792
v 0.145000 -0.815000 0.286102
v 0.155000 -0.815000 0.281412
v 0.165000 -0.815000 0.272031
v 0.175000 -0.815000 0.272031
v 0.185000 -0.815000 0.262651
v 0.195000 -0.815000 0.253271
v 0.205000 -0.815000 0.253271
v 0.215000 -0.815000 0.248580
v 0.225000 -0.815000 0.248580
v 0.235000 -0.815000 0.057224
v -0.425000 -0.805000 0.057224
v -0.415000 -0.805000 0.253271
v -0.405000 -0.805000 0.262651
v -0.395000 -0.805000 0.272031
v -0.385000 -0.805000 0.276722
v -0.375000 -0.805000 0.281412
v -0.365000 -0.805000 0.286102
v -0.355000 -0.805000 0.290792
v -0.345000 -0.805000 0.295482
v -0.335000 -0.805000 0.299000
v -0.325000 -0.805000 0.308208
v -0.315000 -0.805000 0.308208
v -0.305000 -0.805000 0.308208
v -0.295000 -0.805000 0.317416
v -0.285000 -0.805000 0.317416
v -0.275000 -0.805000 0.317416
v -0.265000 -0.805000 0.326624
v -0.255000 -0.805000 0.326624
v -0.245000 -0.805000 0.335831
v -0.235000 -0.805000 0.335831
v -0.225000 -0.805000 0.335831
v -0.215000 -0.805000 0.345039
v -0.205000 -0.805000 0.345039
v -0.195000 -0.805000 0.345039
v -0.185000 -0.805000 0.345039
v -0.175000 -0.805000 0.354247
v -0.165000 -0.805000 0.354247
v -0.155000 -0.805000 0.354247
v -0.145000 -0.805000 0.354247
v -0.135000 -0.805000 0.354247
v -0.125000 -0.805000 0.354247
v -0.115000 -0.805000 0.354247
v -0.105000 -0.805000 0.354247
v -0.095000 -0.805000 0.354247
v -0.085000 -0.805000 0.354247
v -0.075000 -0.805000 0.354247
v -0.065000 -0.805000 0.354247
v -0.055000 -0.805000 0.354247
v -0.045000 -0.805000 0.345039
v -0.035000 -0.805000 0.345039
v -0.025000 -0.805000 0.345039
v -0.015000 -0.805000 0.345039
v -0.005000 -0.805000 0.345039
v 0.005000 -0.805000 0.335831
v 0.015000 -0.805000 0.335831
v 0.025000 -0.805000 0.326624
v 0.035000 -0.805000 0.326624
v 0.045000 -0.805000 0.326624
v 0.055000 -0.805000 0.317416
v 0.065000 -0.805000 0.317416
v 0.075000 -0.805000 0.317416
v 0.085000 -0.805000 0.308208
v 0.095000 -0.805000 0.299000
v 0.105000 -0.805000 0.295482
v 0.115000 -0.805000 0.290792
v 0.125000 -0.805000 0.286102
v 0.135000 -0.805000 0.286102
v 0.145000 -0.805000 0.281412
v 0.155000 -0.805000 0.276722
v 0.165000 -0.805000 0.272031
v 0.175000 -0.805000 0.262651
v 0.185000 -0.805000 0.257961
v 0.195000 -0.805000 0.253271
v 0.205000 -0.805000 0.253271
v 0.215000 -0.805000 0.248580
v 0.225000 -0.805000 0.057224
v -0.435000 -0.795000 0.057224
v -0.425000 -0.795000 0.257961
v -0.415000 -0.795000 0.257961
v -0.405000 -0.795000 0.262651
v -0.395000 -0.795000 0.276722
v -0.385000 -0.795000 0.281412
v -0.375000 -0.795000 0.286102
v -0.365000 -0.795000 0.290792
v -0.355000 -0.795000 0.295482
v -0.345000 -0.795000 0.299000
v -0.335000 -0.795000 0.299000
v -0.325000 -0.795000 0.308208
v -0.315000 -0.795000 0.308208
v -0.305000 -0.795000 0.317416
v -0.295000 -0.795000 0.317416
v -0.285000 -0.795000 0.317416
v -0.275000 -0.795000 0.326624
v -0.265000 -0.795000 0.326624
v -0.255000 -0.795000 0.335831
v -0.245000 -0.795000 0.335831
v -0.235000 -0.795000 0.335831
v -0.225000 -0.795000 0.345039
v -0.215000 -0.795000 0.345039
v -0.205000 -0.795000 0.345039
v -0.195000 -0.795000 0.345039
v -0.185000 -0.795000 0.345039
v -0.175000 -0.795000 0.354247
v -0.165000 -0.795000 0.354247
v -0.155000 -0.795000 0.354247
v -0.145000 -0.795000 0.354247
v -0.135000 -0.795000 0.354247
v -0.125000 -0.795000 0.354247
v -0.115000 -0.795000 0.354247
v -0.105000 -0.795000 0.354247
v -0.095000 -0.795000 0.354247
v -0.085000 -0.795000 0.354247
v -0.075000 -0.795000 0.354247
v -0.065000 -0.795000 0.354247
v -0.055000 -0.795000 0.345039
v -0.045000 -0.795000 0.345039
v -0.035000 -0.795000 0.345039
v -0.025000 -0.795000 0.345039
v -0.015000 -0.795000 0.345039
v -0.005000 -0.795000 0.335831
v 0.005000 -0.795000 0.335831
v 0.015000 -0.795000 0.335831
v 0.025000 -0.795000 0.326624
v 0.035000 -0.795000 0.326624
v 0.045000 -0.795000 0.317416
v 0.055000 -0.795000 0.317416
v 0.065000 -0.795000 0.317416
v 0.075000 -0.795000 0.308208
v 0.085000 -0.795000 0.299000
v 0.095000 -0.795000 0.295482
v 0.105000 -0.795000 0.290792
v 0.115000 -0.795000 0.290792
v 0.125000 -0.795000 0.286102
v 0.135000 -0.795000 0.281412
v 0.145000 -0.795000 0.276722
v 0.155000 -0.795000 0.272031
v 0.165000 -0.795000 0.267341
v 0.175000 -0.795000 0.257961
v 0.185000 -0.795000 0.257961
v 0.195000 -0.795000 0.248580
v 0.205000 -0.795000 0.248580
v 0.215000 -0.795000 0.057224
v -0.435000 -0.785000 0.057224
v -0.425000 -0.785000 0.262651
v -0.415000 -0.785000 0.262651
v -0.405000 -0.785000 0.267341
v -0.395000 -0.785000 0.276722
v -0.385000 -0.785000 0.286102
v -0.375000 -0.785000 0.290792
v -0.365000 -0.785000 0.290792
v -0.355000 -0.785000 0.295482
v -0.345000 -0.785000 0.299000
v -0.335000 -0.785000 0.308208
v -0.325000 -0.785000 0.308208
v -0.315000 -0.785000 0.308208
v -0.305000 -0.785000 0.317416
v -0.295000 -0.785000 0.317416
v -0.285000 -0.785000 0.326624
v -0.275000 -0.785000 0.326624
v -0.265000 -0.785000 0.326624
v -0.255000 -0.785000 0.335831
v -0.245000 -0.785000 0.335831
v -0.235000 -0.785000 0.335831
v -0.225000 -0.785000 0.345039
v -0.215000 -0.785000 0.345039
v -0.205000 -0.785000 0.345039
v -0.195000 -0.785000 0.345039
v -0.185000 -0.785000 0.345039
v -0.175000 -0.785000 0.354247
v -0.165000 -0.785000 0.354247
v -0.155000 -0.785000 0.354247
v -0.145000 -0.785000 0.354247
v -0.135000 -0.785000 0.354247
v -0.125000 -0.785000 0.354247
v -0.115000 -0.785000 0.354247
v -0.105000 -0.785000 0.354247
v -0.095000 -0.785000 0.354247
v -0.085000 -0.785000 0.354247
v -0.075000 -0.785000 0.354247
v -0.065000 -0.785000 0.345039
v -0.055000 -0.785000 0.345039
v -0.045000 -0.785000 0.345039
v -0.035000 -0.785000 0.345039
v -0.025000 -0.785000 0.345039
v -0.015000 -0.785000 0.335831
v -0.005000 -0.785000 0.335831
v 0.005000 -0.785000 0.335831
v 0.015000 -0.785000 0.326624
v 0.025000 -0.785000 0.326624
v 0.035000 -0.785000 0.326624
v 0.045000 -0.785000 0.317416
v 0.055000 -0.785000 0.317416
v 0.065000 -0.785000 0.308208
v 0.075000 -0.785000 0.308208
v 0.085000 -0.785000 0.295482
v 0.095000 -0.785000 0.295482
v 0.105000 -0.785000 0.290792
v 0.115000 -0.785000 0.286102
v 0.125000 -0.785000 0.281412
v 0.135000 -0.785000 0.276722
v 0.145000 -0.785000 0.272031
v 0.155000 -0.785000 0.267341
v 0.165000 -0.785000 0.262651
v 0.175000 -0.785000 0.257961
v 0.185000 -0.785000 0.253271
v 0.195000 -0.785000 0.248580
v 0.205000 -0.785000 0.243890
v 0.215000 -0.785000 0.057224
v -0.435000 -0.775000 0.057224
v -0.425000 -0.775000 0.262651
v -0.415000 -0.775000 0.267341
v -0.405000 -0.775000 0.272031
v -0.395000 -0.775000 0.276722
v -0.385000 -0.775000 0.286102
v -0.375000 -0.775000 0.290792
v -0.365000 -0.775000 0.295482
v -0.355000 -0.775000 0.295482
v -0.345000 -0.775000 0.299000
v -0.335000 -0.775000 0.308208
v -0.325000 -0.775000 0.308208
v -0.315000 -0.775000 0.317416
v -0.305000 -0.775000 0.317416
v -0.295000 -0.775000 0.326624
v -0.285000 -0.775000 0.326624
v -0.275000 -0.775000 0.326624
v -0.265000 -0.775000 0.335831
v -0.255000 -0.775000 0.335831
v -0.245000 -0.775000 0.335831
v -0.235000 -0.775000 0.345039
v -0.225000 -0.775000 0.345039
v -0.215000 -0.775000 0.345039
v -0.205000 -0.775000 0.345039
v -0.195000 -0.775000 0.345039
v -0.185000 -0.775000 0.354247
v -0.175000 -0.775000 0.354247
v -0.165000 -0.775000 0.354247
v -0.155000 -0.775000 0.354247
v -0.145000 -0.775000 0.354247
v -0.135000 -0.775000 0.354247
v -0.125000 -0.775000 0.354247
v -0.115000 -0.775000 0.354247
v -0.105000 -0.775000 0.354247
v -0.095000 -0.775000 0.354247
v -0.085000 -0.775000 0.354247
v -0.075000 -0.775000 0.345039
v -0.065000 -0.775000 0.345039
v -0.055000 -0.775000 0.345039
v -0.045000 -0.775000 0.345039
v -0.035000 -0.775000 0.345039
v -0.025000 -0.775000 0.345039
v -0.015000 -0.775000 0.335831
v -0.005000 -0.775000 0.335831
v 0.005000 -0.775000 0.326624
v 0.015000 -0.775000 0.326624
v 0.025000 -0.775000 0.326624
v 0.035000 -0.775000 0.317416
v 0.045000 -0.775000 0.317416
v 0.055000 -0.775000 0.308208
v 0.065000 -0.775000 0.308208
v 0.075000 -0.775000 0.299000
v 0.085000 -0.775000 0.295482
v 0.095000 -0.775000 0.290792
v 0.105000 -0.775000 0.286102
v 0.115000 -0.775000 0.286102
v 0.125000 -0.775000 0.281412
v 0.135000 -0.775000 0.272031
v 0.145000 -0.775000 0.272031
v 0.155000 -0.775000 0.262651
v 0.165000 -0.775000 0.257961
v 0.175000 -0.775000 0.253271
v 0.185000 -0.775000 0.248580
v 0.195000 -0.775000 0.248580
v 0.205000 -0.775000 0.057224
v -0.445000 -0.765000 0.057224
v -0.435000 -0.765000 0.257961
v -0.425000 -0.765000 0.267341
v -0.415000 -0.765000 0.272031
v -0.405000 -0.765000 0.276722
v -0.395000 -0.765000 0.281412
v -0.385000 -0.765000 0.290792
v -0.375000 -0.765000 0.295482
v -0.365000 -0.765000 0.295482
v -0.355000 -0.765000 0.299000
v -0.345000 -0.765000 0.299000
v -0.335000 -0.765000 0.308208
v -0.325000 -0.765000 0.308208
v -0.315000 -0.765000 0.317416
v -0.305000 -0.765000 0.317416
v -0.295000 -0.765000 0.326624
v -0.285000 -0.765000 0.326624
v -0.275000 -0.765000 0.326624
v -0.265000 -0.765000 0.335831
v -0.255000 -0.765000 0.335831
v -0.245000 -0.765000 0.335831
v -0.235000 -0.765000 0.345039
v -0.225000 -0.765000 0.345039
v -0.215000 -0.765000 0.345039
v -0.205000 -0.765000 0.345039
v -0.195000 -0.765000 0.345039
v -0.185000 -0.765000 0.354247
v -0.175000 -0.765000 0.354247
v -0.165000 -0.765000 0.354247
v -0.155000 -0.765000 0.354247
v -0.145000 -0.765000 0.354247
v -0.135000 -0.765000 0.354247
v -0.125000 -0.765000 0.354247
v -0.115000 -0.765000 0.354247
v -0.105000 -0.765000 0.354247
v -0.095000 -0.765000 0.354247
v -0.085000 -0.765000 0.354247
v -0.075000 -0.765000 0.345039
v -0.065000 -0.765000 0.345039
v -0.055000 -0.765000 0.345039
v -0.045000 -0.765000 0.345039
v -0.035000 -0.765000 0.345039
v -0.025000 -0.765000 0.335831
v -0.015000 -0.765000 0.335831
v -0.005000 -0.765000 0.335831
v 0.005000 -0.765000 0.326624
v 0.015000 -0.765000 0.326624
v 0.025000 -0.765000 0.317416
v 0.035000 -0.765000 0.317416
v 0.045000 -0.765000 0.308208
v 0.055000 -0.765000 0.308208
v 0.065000 -0.765000 0.299000
v 0.075000 -0.765000 0.295482
v 0.085000 -0.765000 0.290792
v 0.095000 -0.765000 0.286102
v 0.105000 -0.765000 0.286102
v 0.115000 -0.765000 0.281412
v 0.125000 -0.765000 0.276722
v 0.135000 -0.765000 0.272031
v 0.145000 -0.765000 0.267341
v 0.155000 -0.765000 0.257961
v 0.165000 -0.765000 0.257961
v 0.175000 -0.765000 0.248580
v 0.185000 -0.765000 0.243890
v 0.195000 -0.765000 0.243890
v 0.205000 -0.765000 0.057224
v -0.455000 -0.755000 0.057224
v -0.445000 -0.755000 0.257961
v -0.435000 -0.755000 0.262651
v -0.425000 -0.755000 0.272031
v -0.415000 -0.755000 0.276722
v -0.405000 -0.755000 0.281412
v -0.395000 -0.755000 0.286102
v -0.385000 -0.755000 0.295482
v -0.375000 -0.755000 0.295482
v -0.365000 -0.755000 0.299000
v -0.355000 -0.755000 0.295482
v -0.345000 -0.755000 0.299000
v -0.335000 -0.755000 0.308208
v -0.325000 -0.755000 0.317416
v -0.315000 -0.755000 0.317416
v -0.305000 -0.755000 0.326624
v -0.295000 -0.755000 0.326624
v -0.285000 -0.755000 0.326624
v -0.275000 -0.755000 0.335831
v -0.265000 -0.755000 0.335831
v -0.255000 -0.755000 0.335831
v -0.245000 -0.755000 0.345039
v -0.235000 -0.755000 0.345039
v -0.225000 -0.755000 0.345039
v -0.215000 -0.755000 0.345039
v -0.205000 -0.755000 0.345039
v -0.195000 -0.755000 0.354247
v -0.185000 -0.755000 0.354247
v -0.175000 -0.755000 0.354247
v -0.165000 -0.755000 0.354247
v -0.155000 -0.755000 0.354247
v -0.145000 -0.755000 0.354247
v -0.135000 -0.755000 0.354247
v -0.125000 -0.755000 0.354247
v -0.115000 -0.755000 0.354247
v -0.105000 -0.755000 0.354247
v -0.095000 -0.755000 0.354247
v -0.085000 -0.755000 0.354247
v -0.075000 -0.755000 0.345039
v -0.065000 -0.755000 0.345039
v -0.055000 -0.755000 0.345039
v -0.045000 -0.755000 0.345039
v -0.035000 -0.755000 0.345039
v -0.025000 -0.755000 0.335831
v -0.015000 -0.755000 0.335831
v -0.005000 -0.755000 0.335831
v 0.005000 -0.755000 0.326624
v 0.015000 -0.755000 0.326624
v 0.025000 -0.755000 0.317416
v 0.035000 -0.755000 0.317416
v 0.045000 -0.755000 0.308208
v 0.055000 -0.755000 0.308208
v 0.065000 -0.755000 0.299000
v 0.075000 -0.755000 0.290792
v 0.085000 -0.755000 0.286102
v 0.095000 -0.755000 0.281412
v 0.105000 -0.755000 0.281412
v 0.115000 -0.755000 0.276722
v 0.125000 -0.755000 0.272031
v 0.135000 -0.755000 0.267341
v 0.145000 -0.755000 0.262651
v 0.155000 -0.755000 0.257961
v 0.165000 -0.755000 0.248580
v 0.175000 -0.755000 0.248580
v 0.185000 -0.755000 0.243890
v 0.195000 -0.755000 0.057224
v -0.465000 -0.745000 0.057224
v -0.455000 -0.745000 0.262651
v -0.445000 -0.745000 0.262651
v -0.435000 -0.745000 0.267341
v -0.425000 -0.745000 0.272031
v -0.415000 -0.745000 0.281412
v -0.405000 -0.745000 0.286102
v -0.395000 -0.745000 0.290792
v -0.385000 -0.745000 0.295482
v -0.375000 -0.745000 0.299000
v -0.365000 -0.745000 0.299000
v -0.355000 -0.745000 0.295482
v -0.345000 -0.745000 0.299000
v -0.335000 -0.745000 0.308208
v -0.325000 -0.745000 0.317416
v -0.315000 -0.745000 0.326624
v -0.305000 -0.745000 0.326624
v -0.295000 -0.745000 0.326624
v -0.285000 -0.745000 0.326624
v -0.275000 -0.745000 0.335831
v -0.265000 -0.745000 0.335831
v -0.255000 -0.745000 0.335831
v -0.245000 -0.745000 0.345039
v -0.235000 -0.745000 0.345039
v -0.225000 -0.745000 0.345039
v -0.215000 -0.745000 0.345039
v -0.205000 -0.745000 0.354247
v -0.195000 -0.745000 0.354247
v -0.185000 -0.745000 0.354247
v -0.175000 -0.745000 0.354247
v -0.165000 -0.745000 0.354247
v -0.155000 -0.745000 0.354247
v -0.145000 -0.745000 0.354247
v -0.135000 -0.745000 0.354247
v -0.125000 -0.745000 0.354247
v -0.115000 -0.745000 0.354247
v -0.105000 -0.745000 0.354247
v -0.095000 -0.745000 0.354247
v -0.085000 -0.745000 0.345039
v -0.075000 -0.745000 0.345039
v -0.065000 -0.745000 0.345039
v -0.055000 -0.745000 0.345039
v -0.045000 -0.745000 0.345039
v -0.035000 -0.745000 0.335831
v -0.025000 -0.745000 0.335831
v -0.015000 -0.745000 0.335831
v -0.005000 -0.745000 0.326624
v 0.005000 -0.745000 0.326624
v 0.015000 -0.745000 0.317416
v 0.025000 -0.745000 0.317416
v 0.035000 -0.745000 0.308208
v 0.045000 -0.745000 0.308208
v 0.055000 -0.745000 0.299000
v 0.065000 -0.745000 0.295482
v 0.075000 -0.745000 0.286102
v 0.085000 -0.745000 0.286102
v 0.095000 -0.745000 0.281412
v 0.105000 -0.745000 0.276722
v 0.115000 -0.745000 0.272031
v 0.125000 -0.745000 0.267341
v 0.135000 -0.745000 0.262651
v 0.145000 -0.745000 0.257961
v 0.155000 -0.745000 0.253271
v 0.165000 -0.745000 0.248580
v 0.175000 -0.745000 0.243890
v 0.185000 -0.745000 0.243890
v 0.195000 -0.745000 0.057224
v -0.465000 -0.735000 0.057224
v -0.455000 -0.735000 0.267341
v -0.445000 -0.735000 0.267341
v -0.435000 -0.735000 0.272031
v -0.425000 -0.735000 0.276722
v -0.415000 -0.735000 0.281412
v -0.405000 -0.735000 0.290792
v -0.395000 -0.735000 0.290792
v -0.385000 -0.735000 0.295482
v -0.375000 -0.735000 0.299000
v -0.365000 -0.735000 0.299000
v -0.355000 -0.735000 0.299000
v -0.345000 -0.735000 0.308208
v -0.335000 -0.735000 0.317416
v -0.325000 -0.735000 0.317416
v -0.315000 -0.735000 0.326624
v -0.305000 -0.735000 0.326624
v -0.295000 -0.735000 0.326624
v -0.285000 -0.735000 0.335831
v -0.275000 -0.735000 0.335831
v -0.265000 -0.735000 0.335831
v -0.255000 -0.735000 0.335831
v -0.245000 -0.735000 0.345039
v -0.235000 -0.735000 0.345039
v -0.225000 -0.735000 0.345039
v -0.215000 -0.735000 0.345039
v -0.205000 -0.735000 0.354247
v -0.195000 -0.735000 0.354247
v -0.185000 -0.735000 0.354247
v -0.175000 -0.735000 0.354247
v -0.165000 -0.735000 0.354247
v -0.155000 -0.735000 0.354247
v -0.145000 -0.735000 0.354247
v -0.135000 -0.735000 0.354247
v -0.125000 -0.735000 0.354247
v -0.115000 -0.735000 0.354247
v -0.105000 -0.735000 0.354247
v -0.095000 -0.735000 0.354247
v -0.085000 -0.735000 0.345039
v -0.075000 -0.735000 0.345039
v -0.065000 -0.735000 0.345039
v -0.055000 -0.735000 0.345039
v -0.045000 -0.735000 0.335831
v -0.035000 -0.735000 0.335831
v -0.025000 -0.735000 0.335831
v -0.015000 -0.735000 0.335831
v -0.005000 -0.735000 0.326624
v 0.005000 -0.735000 0.326624
v 0.015000 -0.735000 0.317416
v 0.025000 -0.735000 0.308208
v 0.035000 -0.735000 0.308208
v 0.045000 -0.735000 0.299000
v 0.055000 -0.735000 0.295482
v 0.065000 -0.735000 0.290792
v 0.075000 -0.735000 0.281412
v 0.085000 -0.735000 0.281412
v 0.095000 -0.735000 0.276722
v 0.105000 -0.735000 0.272031
v 0.115000 -0.735000 0.267341
v 0.125000 -0.735000 0.262651
v 0.135000 -0.735000 0.257961
v 0.145000 -0.735000 0.253271
v 0.155000 -0.735000 0.248580
v 0.165000 -0.735000 0.243890
v 0.175000 -0.735000 0.243890
v 0.185000 -0.735000 0.057224
v -0.465000 -0.725000 0.057224
v -0.455000 -0.725000 0.267341
v -0.445000 -0.725000 0.272031
v -0.435000 -0.725000 0.276722
v -0.425000 -0.725000 0.281412
v -0.415000 -0.725000 0.286102
v -0.405000 -0.725000 0.290792
v -0.395000 -0.725000 0.295482
v -0.385000 -0.725000 0.295482
v -0.375000 -0.725000 0.295482
v -0.365000 -0.725000 0.299000
v -0.355000 -0.725000 0.299000
v -0.345000 -0.725000 0.308208
v -0.335000 -0.725000 0.317416
v -0.325000 -0.725000 0.317416
v -0.315000 -0.725000 0.326624
v -0.305000 -0.725000 0.326624
v -0.295000 -0.725000 0.335831
v -0.285000 -0.725000 0.335831
v -0.275000 -0.725000 0.335831
v -0.265000 -0.725000 0.335831
v -0.255000 -0.725000 0.345039
v -0.245000 -0.725000 0.345039
v -0.235000 -0.725000 0.345039
v -0.225000 -0.725000 0.345039
v -0.215000 -0.725000 0.354247
v -0.205000 -0.725000 0.354247
v -0.195000 -0.725000 0.354247
v -0.185000 -0.725000 0.354247
v -0.175000 -0.725000 0.354247
v -0.165000 -0.725000 0.354247
v -0.155000 -0.725000 0.354247
v -0.145000 -0.725000 0.354247
v -0.135000 -0.725000 0.354247
v -0.125000 -0.725000 0.354247
v -0.115000 -0.725000 0.354247
v -0.105000 -0.725000 0.354247
v -0.095000 -0.725000 0.354247
v -0.085000 -0.725000 0.345039
v -0.075000 -0.725000 0.345039
v -0.065000 -0.725000 0.345039
v -0.055000 -0.725000 0.345039
v -0.045000 -0.725000 0.335831
v -0.035000 -0.725000 0.335831
v -0.025000 -0.725000 0.335831
v -0.015000 -0.725000 0.326624
v -0.005000 -0.725000 0.326624
v 0.005000 -0.725000 0.317416
v 0.015000 -0.725000 0.308208
v 0.025000 -0.725000 0.308208
v 0.035000 -0.725000 0.299000
v 0.045000 -0.725000 0.295482
v 0.055000 -0.725000 0.290792
v 0.065000 -0.725000 0.286102
v 0.075000 -0.725000 0.276722
v 0.085000 -0.725000 0.276722
v 0.095000 -0.725000 0.272031
v 0.105000 -0.725000 0.267341
v 0.115000 -0.725000 0.262651
v 0.125000 -0.725000 0.257961
v 0.135000 -0.725000 0.257961
v 0.145000 -0.725000 0.248580
v 0.155000 -0.725000 0.243890
v 0.165000 -0.725000 0.243890
v 0.175000 -0.725000 0.243890
v 0.185000 -0.725000 0.057224
v -0.475000 -0.715000 0.057224
v -0.465000 -0.715000 0.267341
v -0.455000 -0.715000 0.272031
v -0.445000 -0.715000 0.276722
v -0.435000 -0.715000 0.281412
v -0.425000 -0.715000 0.281412
v -0.415000 -0.715000 0.286102
v -0.405000 -0.715000 0.295482
v -0.395000 -0.715000 0.299000
v -0.385000 -0.715000 0.299000
v -0.375000 -0.715000 0.295482
v -0.365000 -0.715000 0.299000
v -0.355000 -0.715000 0.308208
v -0.345000 -0.715000 0.317416
v -0.335000 -0.715000 0.326624
v -0.325000 -0.715000 0.326624
v -0.315000 -0.715000 0.326624
v -0.305000 -0.715000 0.335831
v -0.295000 -0.715000 0.335831
v -0.285000 -0.715000 0.335831
v -0.275000 -0.715000 0.335831
v -0.265000 -0.715000 0.345039
v -0.255000 -0.715000 0.345039
v -0.245000 -0.715000 0.345039
v -0.235000 -0.715000 0.345039
v -0.225000 -0.715000 0.354247
v -0.215000 -0.715000 0.354247
v -0.205000 -0.715000 0.354247
v -0.195000 -0.715000 0.354247
v -0.185000 -0.715000 0.354247
v -0.175000 -0.715000 0.354247
v -0.165000 -0.715000 0.354247
v -0.155000 -0.715000 0.354247
v -0.145000 -0.715000 0.354247
v -0.135000 -0.715000 0.354247
v -0.125000 -0.715000 0.354247
v -0.115000 -0.715000 0.354247
v -0.105000 -0.715000 0.354247
v -0.095000 -0.715000 0.354247
v -0.085000 -0.715000 0.345039
v -0.075000 -0.715000 0.345039
v -0.065000 -0.715000 0.345039
v -0.055000 -0.715000 0.345039
v -0.045000 -0.715000 0.335831
v -0.035000 -0.715000 0.335831
v -0.025000 -0.715000 0.335831
v -0.015000 -0.715000 0.326624
v -0.005000 -0.715000 0.326624
v 0.005000 -0.715000 0.317416
v 0.015000 -0.715000 0.299000
v 0.025000 -0.715000 0.299000
v 0.035000 -0.715000 0.295482
v 0.045000 -0.715000 0.290792
v 0.055000 -0.715000 0.286102
v 0.065000 -0.715000 0.281412
v 0.075000 -0.715000 0.272031
v 0.085000 -0.715000 0.272031
v 0.095000 -0.715000 0.267341
v 0.105000 -0.715000 0.262651
v 0.115000 -0.715000 0.262651
v 0.125000 -0.715000 0.253271
v 0.135000 -0.715000 0.253271
v 0.145000 -0.715000 0.243890
v 0.155000 -0.715000 0.243890
v 0.165000 -0.715000 0.243890
v 0.175000 -0.715000 0.057224
v -0.485000 -0.705000 0.057224
v -0.475000 -0.705000 0.262651
v -0.465000 -0.705000 0.267341
v -0.455000 -0.705000 0.272031
v -0.445000 -0.705000 0.276722
v -0.435000 -0.705000 0.286102
v -0.425000 -0.705000 0.286102
v -0.415000 -0.705000 0.290792
v -0.405000 -0.705000 0.295482
v -0.395000 -0.705000 0.299000
v -0.385000 -0.705000 0.299000
v -0.375000 -0.705000 0.299000
v -0.365000 -0.705000 0.308208
v -0.355000 -0.705000 0.308208
v -0.345000 -0.705000 0.317416
v -0.335000 -0.705000 0.326624
v -0.325000 -0.705000 0.326624
v -0.315000 -0.705000 0.326624
v -0.305000 -0.705000 0.335831
v -0.295000 -0.705000 0.335831
v -0.285000 -0.705000 0.335831
v -0.275000 -0.705000 0.345039
v -0.265000 -0.705000 0.345039
v -0.255000 -0.705000 0.345039
v -0.245000 -0.705000 0.345039
v -0.235000 -0.705000 0.345039
v -0.225000 -0.705000 0.354247
v -0.215000 -0.705000 0.354247
v -0.205000 -0.705000 0.354247
v -0.195000 -0.705000 0.354247
v -0.185000 -0.705000 0.354247
v -0.175000 -0.705000 0.354247
v -0.165000 -0.705000 0.354247
v -0.155000 -0.705000 0.354247
v -0.145000 -0.705000 0.354247
v -0.135000 -0.705000 0.354247
v -0.125000 -0.705000 0.354247
v -0.115000 -0.705000 0.354247
v -0.105000 -0.705000 0.354247
v -0.095000 -0.705000 0.354247
v -0.085000 -0.705000 0.345039
v -0.075000 -0.705000 0.345039
v -0.065000 -0.705000 0.345039
v -0.055000 -0.705000 0.345039
v -0.045000 -0.705000 0.335831
v -0.035000 -0.705000 0.335831
v -0.025000 -0.705000 0.335831
v -0.015000 -0.705000 0.326624
v -0.005000 -0.705000 0.317416
v 0.005000 -0.705000 0.308208
v 0.015000 -0.705000 0.299000
v 0.025000 -0.705000 0.295482
v 0.035000 -0.705000 0.290792
v 0.045000 -0.705000 0.286102
v 0.055000 -0.705000 0.281412
v 0.065000 -0.705000 0.276722
v 0.075000 -0.705000 0.272031
v 0.085000 -0.705000 0.267341
v 0.095000 -0.705000 0.262651
v 0.105000 -0.705000 0.262651
v 0.115000 -0.705000 0.257961
v 0.125000 -0.705000 0.253271
v 0.135000 -0.705000 0.248580
v 0.145000 -0.705000 0.243890
v 0.155000 -0.705000 0.239200
v 0.165000 -0.705000 0.239200
v 0.175000 -0.705000 0.057224
v -0.485000 -0.695000 0.057224
v -0.475000 -0.695000 0.267341
v -0.465000 -0.695000 0.272031
v -0.455000 -0.695000 0.276722
v -0.445000 -0.695000 0.281412
v -0.435000 -0.695000 0.286102
v -0.425000 -0.695000 0.290792
v -0.415000 -0.695000 0.295482
v -0.405000 -0.695000 0.299000
v -0.395000 -0.695000 0.299000
v -0.385000 -0.695000 0.299000
v -0.375000 -0.695000 0.299000
v -0.365000 -0.695000 0.308208
v -0.355000 -0.695000 0.317416
v -0.345000 -0.695000 0.317416
v -0.335000 -0.695000 0.326624
v -0.325000 -0.695000 0.326624
v -0.315000 -0.695000 0.335831
v -0.305000 -0.695000 0.335831
v -0.295000 -0.695000 0.335831
v -0.285000 -0.695000 0.345039
v -0.275000 -0.695000 0.345039
v -0.265000 -0.695000 0.345039
v -0.255000 -0.695000 0.345039
v -0.245000 -0.695000 0.345039
v -0.235000 -0.695000 0.354247
v -0.225000 -0.695000 0.354247
v -0.215000 -0.695000 0.354247
v -0.205000 -0.695000 0.354247
v -0.195000 -0.695000 0.354247
v -0.185000 -0.695000 0.354247
v -0.175000 -0.695000 0.354247
v -0.165000 -0.695000 0.354247
v -0.155000 -0.695000 0.354247
v -0.145000 -0.695000 0.354247
v -0.135000 -0.695000 0.354247
v -0.125000 -0.695000 0.354247
v -0.115000 -0.695000 0.354247
v -0.105000 -0.695000 0.354247
v -0.095000 -0.695000 0.354247
v -0.085000 -0.695000 0.345039
v -0.075000 -0.695000 0.345039
v -0.065000 -0.695000 0.345039
v -0.055000 -0.695000 0.335831
v -0.045000 -0.695000 0.335831
v -0.035000 -0.695000 0.335831
v -0.025000 -0.695000 0.326624
v -0.015000 -0.695000 0.317416
v -0.005000 -0.695000 0.308208
v 0.005000 -0.695000 0.299000
v 0.015000 -0.695000 0.295482
v 0.025000 -0.695000 0.290792
v 0.035000 -0.695000 0.286102
v 0.045000 -0.695000 0.281412
v 0.055000 -0.695000 0.276722
v 0.065000 -0.695000 0.272031
v 0.075000 -0.695000 0.267341
v 0.085000 -0.695000 0.262651
v 0.095000 -0.695000 0.262651
v 0.105000 -0.695000 0.257961
v 0.115000 -0.695000 0.253271
v 0.125000 -0.695000 0.248580
v 0.135000 -0.695000 0.243890
v 0.145000 -0.695000 0.243890
v 0.155000 -0.695000 0.239200
v 0.165000 -0.695000 0.057224
v -0.485000 -0.685000 0.057224
v -0.475000 -0.685000 0.267341
v -0.465000 -0.685000 0.276722
v -0.455000 -0.685000 0.281412
v -0.445000 -0.685000 0.281412
v -0.435000 -0.685000 0.286102
v -0.425000 -0.685000 0.295482
v -0.415000 -0.685000 0.295482
v -0.405000 -0.685000 0.299000
v -0.395000 -0.685000 0.299000
v -0.385000 -0.685000 0.299000
v -0.375000 -0.685000 0.308208
v -0.365000 -0.685000 0.317416
v -0.355000 -0.685000 0.317416
v -0.345000 -0.685000 0.326624
v -0.335000 -0.685000 0.326624
v -0.325000 -0.685000 0.335831
v -0.315000 -0.685000 0.335831
v -0.305000 -0.685000 0.335831
v -0.295000 -0.685000 0.335831
v -0.285000 -0.685000 0.345039
v -0.275000 -0.685000 0.345039
v -0.265000 -0.685000 0.345039
v -0.255000 -0.685000 0.345039
v -0.245000 -0.685000 0.345039
v -0.235000 -0.685000 0.354247
v -0.225000 -0.685000 0.354247
v -0.215000 -0.685000 0.354247
v -0.205000 -0.685000 0.354247
v -0.195000 -0.685000 0.354247
v -0.185000 -0.685000 0.354247
v -0.175000 -0.685000 0.354247
v -0.165000 -0.685000 0.354247
v -0.155000 -0.685000 0.354247
v -0.145000 -0.685000 0.354247
v -0.135000 -0.685000 0.354247
v -0.125000 -0.685000 0.354247
v -0.115000 -0.685000 0.354247
v -0.105000 -0.685000 0.354247
v -0.095000 -0.685000 0.354247
v -0.085000 -0.685000 0.345039
v -0.075000 -0.685000 0.345039
v -0.065000 -0.685000 0.345039
v -0.055000 -0.685000 0.335831
v -0.045000 -0.685000 0.326624
v -0.035000 -0.685000 0.326624
v -0.025000 -0.685000 0.317416
v -0.015000 -0.685000 0.308208
v -0.005000 -0.685000 0.299000
v 0.005000 -0.685000 0.295482
v 0.015000 -0.685000 0.290792
v 0.025000 -0.685000 0.286102
v 0.035000 -0.685000 0.281412
v 0.045000 -0.685000 0.276722
v 0.055000 -0.685000 0.272031
v 0.065000 -0.685000 0.267341
v 0.075000 -0.685000 0.267341
v 0.085000 -0.685000 0.262651
v 0.095000 -0.685000 0.257961
v 0.105000 -0.685000 0.253271
v 0.115000 -0.685000 0.248580
v 0.125000 -0.685000 0.243890
v 0.135000 -0.685000 0.239200
v 0.145000 -0.685000 0.239200
v 0.155000 -0.685000 0.239200
v 0.165000 -0.685000 0.057224
v -0.495000 -0.675000 0.057224
v -0.485000 -0.675000 0.267341
v -0.475000 -0.675000 0.272031
v -0.465000 -0.675000 0.281412
v -0.455000 -0.675000 0.281412
v -0.445000 -0.675000 0.286102
v -0.435000 -0.675000 0.290792
v -0.425000 -0.675000 0.295482
v -0.415000 -0.675000 0.299000
v -0.405000 -0.675000 0.299000
v -0.395000 -0.675000 0.299000
v -0.385000 -0.675000 0.308208
v -0.375000 -0.675000 0.317416
v -0.365000 -0.675000 0.317416
v -0.355000 -0.675000 0.326624
v -0.345000 -0.675000 0.326624
v -0.335000 -0.675000 0.326624
v -0.325000 -0.675000 0.335831
v -0.315000 -0.675000 0.335831
v -0.305000 -0.675000 0.345039
v -0.295000 -0.675000 0.345039
v -0.285000 -0.675000 0.345039
v -0.275000 -0.675000 0.345039
v -0.265000 -0.675000 0.345039
v -0.255000 -0.675000 0.345039
v -0.245000 -0.675000 0.354247
v -0.235000 -0.675000 0.354247
v -0.225000 -0.675000 0.354247
v -0.215000 -0.675000 0.354247
v -0.205000 -0.675000 0.354247
v -0.195000 -0.675000 0.354247
v -0.185000 -0.675000 0.354247
v -0.175000 -0.675000 0.354247
v -0.165000 -0.675000 0.354247
v -0.155000 -0.675000 0.354247
v -0.145000 -0.675000 0.354247
v -0.135000 -0.675000 0.354247
v -0.125000 -0.675000 0.354247
v -0.115000 -0.675000 0.354247
v -0.105000 -0.675000 0.354247
v -0.095000 -0.675000 0.345039
v -0.085000 -0.675000 0.345039
v -0.075000 -0.675000 0.345039
v -0.065000 -0.675000 0.335831
v -0.055000 -0.675000 0.335831
v -0.045000 -0.675000 0.326624
v -0.035000 -0.675000 0.317416
v -0.025000 -0.675000 0.308208
v -0.015000 -0.675000 0.299000
v -0.005000 -0.675000 0.295482
v 0.005000 -0.675000 0.290792
v 0.015000 -0.675000 0.286102
v 0.025000 -0.675000 0.281412
v 0.035000 -0.675000 0.281412
v 0.045000 -0.675000 0.276722
v 0.055000 -0.675000 0.272031
v 0.065000 -0.675000 0.262651
v 0.075000 -0.675000 0.262651
v 0.085000 -0.675000 0.257961
v 0.095000 -0.675000 0.253271
v 0.105000 -0.675000 0.248580
v 0.115000 -0.675000 0.243890
v 0.125000 -0.675000 0.243890
v 0.135000 -0.675000 0.239200
v 0.145000 -0.675000 0.239200
v 0.155000 -0.675000 0.057224
v -0.505000 -0.665000 0.057224
v -0.495000 -0.665000 0.262651
v -0.485000 -0.665000 0.272031
v -0.475000 -0.665000 0.272031
v -0.465000 -0.665000 0.281412
v -0.455000 -0.665000 0.286102
v -0.445000 -0.665000 0.286102
v -0.435000 -0.665000 0.290792
v -0.425000 -0.665000 0.299000
v -0.415000 -0.665000 0.299000
v -0.405000 -0.665000 0.299000
v -0.395000 -0.665000 0.308208
v -0.385000 -0.665000 0.308208
v -0.375000 -0.665000 0.317416
v -0.365000 -0.665000 0.326624
v -0.355000 -0.665000 0.326624
v -0.345000 -0.665000 0.326624
v -0.335000 -0.665000 0.335831
v -0.325000 -0.665000 0.335831
v -0.315000 -0.665000 0.335831
v -0.305000 -0.665000 0.345039
v -0.295000 -0.665000 0.345039
v -0.285000 -0.665000 0.345039
v -0.275000 -0.665000 0.345039
v -0.265000 -0.665000 0.345039
v -0.255000 -0.665000 0.345039
v -0.245000 -0.665000 0.354247
v -0.235000 -0.665000 0.354247
v -0.225000 -0.665000 0.354247
v -0.215000 -0.665000 0.354247
v -0.205000 -0.665000 0.354247
v -0.195000 -0.665000 0.354247
v -0.185000 -0.665000 0.354247
v -0.175000 -0.665000 0.354247
v -0.165000 -0.665000 0.354247
v -0.155000 -0.665000 0.354247
v -0.145000 -0.665000 0.354247
v -0.135000 -0.665000 0.354247
v -0.125000 -0.665000 0.354247
v -0.115000 -0.665000 0.354247
v -0.105000 -0.665000 0.354247
v -0.095000 -0.665000 0.345039
v -0.085000 -0.665000 0.345039
v -0.075000 -0.665000 0.335831
v -0.065000 -0.665000 0.335831
v -0.055000 -0.665000 0.326624
v -0.045000 -0.665000 0.317416
v -0.035000 -0.665000 0.308208
v -0.025000 -0.665000 0.299000
v -0.015000 -0.665000 0.295482
v -0.005000 -0.665000 0.290792
v 0.005000 -0.665000 0.286102
v 0.015000 -0.665000 0.281412
v 0.025000 -0.665000 0.281412
v 0.035000 -0.665000 0.276722
v 0.045000 -0.665000 0.272031
v 0.055000 -0.665000 0.267341
v 0.065000 -0.665000 0.262651
v 0.075000 -0.665000 0.257961
v 0.085000 -0.665000 0.253271
v 0.095000 -0.665000 0.248580
v 0.105000 -0.665000 0.248580
v 0.115000 -0.665000 0.243890
v 0.125000 -0.665000 0.239200
v 0.135000 -0.665000 0.239200
v 0.145000 -0.665000 0.239200
v 0.155000 -0.665000 0.057224
v -0.505000 -0.655000 0.057224
v -0.495000 -0.655000 0.267341
v -0.485000 -0.655000 0.272031
v -0.475000 -0.655000 0.276722
v -0.465000 -0.655000 0.281412
v -0.455000 -0.655000 0.286102
v -0.445000 -0.655000 0.290792
v -0.435000 -0.655000 0.295482
v -0.425000 -0.655000 0.299000
v -0.415000 -0.655000 0.299000
v -0.405000 -0.655000 0.299000
v -0.395000 -0.655000 0.308208
v -0.385000 -0.655000 0.317416
v -0.375000 -0.655000 0.317416
v -0.365000 -0.655000 0.326624
v -0.355000 -0.655000 0.326624
v -0.345000 -0.655000 0.326624
v -0.335000 -0.655000 0.335831
v -0.325000 -0.655000 0.335831
v -0.315000 -0.655000 0.345039
v -0.305000 -0.655000 0.345039
v -0.295000 -0.655000 0.345039
v -0.285000 -0.655000 0.345039
v -0.275000 -0.655000 0.345039
v -0.265000 -0.655000 0.345039
v -0.255000 -0.655000 0.354247
v -0.245000 -0.655000 0.354247
v -0.235000 -0.655000 0.354247
v -0.225000 -0.655000 0.354247
v -0.215000 -0.655000 0.354247
v -0.205000 -0.655000 0.354247
v -0.195000 -0.655000 0.354247
v -0.185000 -0.655000 0.354247
v -0.175000 -0.655000 0.354247
v -0.165000 -0.655000 0.354247
v -0.155000 -0.655000 0.354247
v -0.145000 -0.655000 0.354247
v -0.135000 -0.655000 0.354247
v -0.125000 -0.655000 0.354247
v -0.115000 -0.655000 0.354247
v -0.105000 -0.655000 0.345039
v -0.095000 -0.655000 0.345039
v -0.085000 -0.655000 0.345039
v -0.075000 -0.655000 0.335831
v -0.065000 -0.655000 0.326624
v -0.055000 -0.655000 0.317416
v -0.045000 -0.655000 0.308208
v -0.035000 -0.655000 0.299000
v -0.025000 -0.655000 0.295482
v -0.015000 -0.655000 0.290792
v -0.005000 -0.655000 0.290792
v 0.005000 -0.655000 0.281412
v 0.015000 -0.655000 0.281412
v 0.025000 -0.655000 0.276722
v 0.035000 -0.655000 0.272031
v 0.045000 -0.655000 0.267341
v 0.055000 -0.655000 0.262651
v 0.065000 -0.655000 0.257961
v 0.075000 -0.655000 0.253271
v 0.085000 -0.655000 0.253271
v 0.095000 -0.655000 0.243890
v 0.105000 -0.655000 0.243890
v 0.115000 -0.655000 0.239200
v 0.125000 -0.655000 0.239200
v 0.135000 -0.655000 0.234510
v 0.145000 -0.655000 0.057224
v -0.505000 -0.645000 0.057224
v -0.495000 -0.645000 0.272031
v -0.485000 -0.645000 0.276722
v -0.475000 -0.645000 0.281412
v -0.465000 -0.645000 0.286102
v -0.455000 -0.645000 0.290792
v -0.445000 -0.645000 0.295482
v -0.435000 -0.645000 0.295482
v -0.425000 -0.645000 0.308208
v -0.415000 -0.645000 0.308208
v -0.405000 -0.645000 0.308208
v -0.395000 -0.645000 0.308208
v -0.385000 -0.645000 0.317416
v -0.375000 -0.645000 0.317416
v -0.365000 -0.645000 0.326624
v -0.355000 -0.645000 0.326624
v -0.345000 -0.645000 0.326624
v -0.335000 -0.645000 0.335831
v -0.325000 -0.645000 0.335831
v -0.315000 -0.645000 0.345039
v -0.305000 -0.645000 0.345039
v -0.295000 -0.645000 0.345039
v -0.285000 -0.645000 0.345039
v -0.275000 -0.645000 0.345039
v -0.265000 -0.645000 0.345039
v -0.255000 -0.645000 0.354247
v -0.245000 -0.645000 0.354247
v -0.235000 -0.645000 0.354247
v -0.225000 -0.645000 0.354247
v -0.215000 -0.645000 0.354247
v -0.205000 -0.645000 0.354247
v -0.195000 -0.645000 0.354247
v -0.185000 -0.645000 0.354247
v -0.175000 -0.645000 0.354247
v -0.165000 -0.645000 0.354247
v -0.155000 -0.645000 0.354247
v -0.145000 -0.645000 0.354247
v -0.135000 -0.645000 0.354247
v -0.125000 -0.645000 0.354247
v -0.115000 -0.645000 0.354247
v -0.105000 -0.645000 0.345039
v -0.095000 -0.645000 0.345039
v -0.085000 -0.645000 0.335831
v -0.075000 -0.645000 0.326624
v -0.065000 -0.645000 0.317416
v -0.055000 -0.645000 0.308208
v -0.045000 -0.645000 0.308208
v -0.035000 -0.645000 0.299000
v -0.025000 -0.645000 0.295482
v -0.015000 -0.645000 0.290792
v -0.005000 -0.645000 0.286102
v 0.005000 -0.645000 0.281412
v 0.015000 -0.645000 0.276722
v 0.025000 -0.645000 0.272031
v 0.035000 -0.645000 0.272031
v 0.045000 -0.645000 0.267341
v 0.055000 -0.645000 0.257961
v 0.065000 -0.645000 0.257961
v 0.075000 -0.645000 0.248580
v 0.085000 -0.645000 0.248580
v 0.095000 -0.645000 0.243890
v 0.105000 -0.645000 0.239200
v 0.115000 -0.645000 0.239200
v 0.125000 -0.645000 0.234510
v 0.135000 -0.645000 0.234510
v 0.145000 -0.645000 0.057224
v -0.525000 -0.635000 0.057224
v -0.515000 -0.635000 0.057224
v -0.505000 -0.635000 0.267341
v -0.495000 -0.635000 0.272031
v -0.485000 -0.635000 0.281412
v -0.475000 -0.635000 0.286102
v -0.465000 -0.635000 0.286102
v -0.455000 -0.635000 0.290792
v -0.445000 -0.635000 0.295482
v -0.435000 -0.635000 0.299000
v -0.425000 -0.635000 0.308208
v -0.415000 -0.635000 0.308208
v -0.405000 -0.635000 0.308208
v -0.395000 -0.635000 0.317416
v -0.385000 -0.635000 0.317416
v -0.375000 -0.635000 0.326624
v -0.365000 -0.635000 0.326624
v -0.355000 -0.635000 0.335831
v -0.345000 -0.635000 0.335831
v -0.335000 -0.635000 0.335831
v -0.325000 -0.635000 0.335831
v -0.315000 -0.635000 0.345039
v -0.305000 -0.635000 0.345039
v -0.295000 -0.635000 0.345039
v -0.285000 -0.635000 0.345039
v -0.275000 -0.635000 0.345039
v -0.265000 -0.635000 0.354247
v -0.255000 -0.635000 0.354247
v -0.245000 -0.635000 0.354247
v -0.235000 -0.635000 0.354247
v -0.225000 -0.635000 0.354247
v -0.215000 -0.635000 0.354247
v -0.205000 -0.635000 0.354247
v -0.195000 -0.635000 0.354247
v -0.185000 -0.635000 0.354247
v -0.175000 -0.635000 0.354247
v -0.165000 -0.635000 0.354247
v -0.155000 -0.635000 0.354247
v -0.145000 -0.635000 0.354247
v -0.135000 -0.635000 0.354247
v -0.125000 -0.635000 0.354247
v -0.115000 -0.635000 0.345039
v -0.105000 -0.635000 0.345039
v -0.095000 -0.635000 0.345039
v -0.085000 -0.635000 0.335831
v -0.075000 -0.635000 0.326624
v -0.065000 -0.635000 0.317416
v -0.055000 -0.635000 0.308208
v -0.045000 -0.635000 0.299000
v -0.035000 -0.635000 0.295482
v -0.025000 -0.635000 0.290792
v -0.015000 -0.635000 0.286102
v -0.005000 -0.635000 0.281412
v 0.005000 -0.635000 0.276722
v 0.015000 -0.635000 0.276722
v 0.025000 -0.635000 0.272031
v 0.035000 -0.635000 0.267341
v 0.045000 -0.635000 0.262651
v 0.055000 -0.635000 0.257961
v 0.065000 -0.635000 0.253271
v 0.075000 -0.635000 0.248580
v 0.085000 -0.635000 0.243890
v 0.095000 -0.635000 0.239200
v 0.105000 -0.635000 0.239200
v 0.115000 -0.635000 0.234510
v 0.125000 -0.635000 0.234510
v 0.135000 -0.635000 0.057224
v -0.535000 -0.625000 0.057224
v -0.525000 -0.625000 0.253271
v -0.515000 -0.625000 0.262651
v -0.505000 -0.625000 0.267341
v -0.495000 -0.625000 0.276722
v -0.485000 -0.625000 0.281412
v -0.475000 -0.625000 0.286102
v -0.465000 -0.625000 0.290792
v -0.455000 -0.625000 0.295482
v -0.445000 -0.625000 0.299000
v -0.435000 -0.625000 0.299000
v -0.425000 -0.625000 0.308208
v -0.415000 -0.625000 0.308208
v -0.405000 -0.625000 0.308208
v -0.395000 -0.625000 0.317416
v -0.385000 -0.625000 0.326624
v -0.375000 -0.625000 0.326624
v -0.365000 -0.625000 0.326624
v -0.355000 -0.625000 0.335831
v -0.345000 -0.625000 0.335831
v -0.335000 -0.625000 0.335831
v -0.325000 -0.625000 0.345039
v -0.315000 -0.625000 0.345039
v -0.305000 -0.625000 0.345039
v -0.295000 -0.625000 0.345039
v -0.285000 -0.625000 0.345039
v -0.275000 -0.625000 0.345039
v -0.265000 -0.625000 0.354247
v -0.255000 -0.625000 0.354247
v -0.245000 -0.625000 0.354247
v -0.235000 -0.625000 0.354247
v -0.225000 -0.625000 0.354247
v -0.215000 -0.625000 0.354247
v -0.205000 -0.625000 0.354247
v -0.195000 -0.625000 0.354247
v -0.185000 -0.625000 0.354247
v -0.175000 -0.625000 0.354247
v -0.165000 -0.625000 0.354247
v -0.155000 -0.625000 0.354247
v -0.145000 -0.625000 0.354247
v -0.135000 -0.625000 0.354247
v -0.125000 -0.625000 0.345039
v -0.115000 -0.625000 0.345039
v -0.105000 -0.625000 0.345039
v -0.095000 -0.625000 0.335831
v -0.085000 -0.625000 0.326624
v -0.075000 -0.625000 0.317416
v -0.065000 -0.625000 0.308208
v -0.055000 -0.625000 0.299000
v -0.045000 -0.625000 0.299000
v -0.035000 -0.625000 0.295482
v -0.025000 -0.625000 0.290792
v -0.015000 -0.625000 0.281412
v -0.005000 -0.625000 0.276722
v 0.005000 -0.625000 0.276722
v 0.015000 -0.625000 0.272031
v 0.025000 -0.625000 0.272031
v 0.035000 -0.625000 0.267341
v 0.045000 -0.625000 0.262651
v 0.055000 -0.625000 0.253271
v 0.065000 -0.625000 0.253271
v 0.075000 -0.625000 0.243890
v 0.085000 -0.625000 0.239200
v 0.095000 -0.625000 0.239200
v 0.105000 -0.625000 0.234510
v 0.115000 -0.625000 0.234510
v 0.125000 -0.625000 0.234510
v 0.135000 -0.625000 0.057224
v -0.535000 -0.615000 0.057224
v -0.525000 -0.615000 0.262651
v -0.515000 -0.615000 0.267341
v -0.505000 -0.615000 0.272031
v -0.495000 -0.615000 0.276722
v -0.485000 -0.615000 0.286102
v -0.475000 -0.615000 0.290792
v -0.465000 -0.615000 0.290792
v -0.455000 -0.615000 0.295482
v -0.445000 -0.615000 0.299000
v -0.435000 -0.615000 0.299000
v -0.425000 -0.615000 0.308208
v -0.415000 -0.615000 0.308208
v -0.405000 -0.615000 0.317416
v -0.395000 -0.615000 0.317416
v -0.385000 -0.615000 0.326624
v -0.375000 -0.615000 0.326624
v -0.365000 -0.615000 0.335831
v -0.355000 -0.615000 0.335831
v -0.345000 -0.615000 0.335831
v -0.335000 -0.615000 0.335831
v -0.325000 -0.615000 0.345039
v -0.315000 -0.615000 0.345039
v -0.305000 -0.615000 0.345039
v -0.295000 -0.615000 0.345039
v -0.285000 -0.615000 0.345039
v -0.275000 -0.615000 0.354247
v -0.265000 -0.615000 0.354247
v -0.255000 -0.615000 0.354247
v -0.245000 -0.615000 0.354247
v -0.235000 -0.615000 0.354247
v -0.225000 -0.615000 0.354247
v -0.215000 -0.615000 0.354247
v -0.205000 -0.615000 0.354247
v -0.195000 -0.615000 0.354247
v -0.185000 -0.615000 0.354247
v -0.175000 -0.615000 0.354247
v -0.165000 -0.615000 0.354247
v -0.155000 -0.615000 0.354247
v -0.145000 -0.615000 0.354247
v -0.135000 -0.615000 0.345039
v -0.125000 -0.615000 0.345039
v -0.115000 -0.615000 0.345039
v -0.105000 -0.615000 0.335831
v -0.095000 -0.615000 0.335831
v -0.085000 -0.615000 0.326624
v -0.075000 -0.615000 0.317416
v -0.065000 -0.615000 0.308208
v -0.055000 -0.615000 0.299000
v -0.045000 -0.615000 0.295482
v -0.035000 -0.615000 0.290792
v -0.025000 -0.615000 0.286102
v -0.015000 -0.615000 0.281412
v -0.005000 -0.615000 0.276722
v 0.005000 -0.615000 0.272031
v 0.015000 -0.615000 0.272031
v 0.025000 -0.615000 0.267341
v 0.035000 -0.615000 0.262651
v 0.045000 -0.615000 0.257961
v 0.055000 -0.615000 0.253271
v 0.065000 -0.615000 0.248580
v 0.075000 -0.615000 0.243890
v 0.085000 -0.615000 0.239200
v 0.095000 -0.615000 0.234510
v 0.105000 -0.615000 0.234510
v 0.115000 -0.615000 0.234510
v 0.125000 -0.615000 0.057224
v -0.535000 -0.605000 0.057224
v -0.525000 -0.605000 0.267341
v -0.515000 -0.605000 0.272031
v -0.505000 -0.605000 0.276722
v -0.495000 -0.605000 0.281412
v -0.485000 -0.605000 0.286102
v -0.475000 -0.605000 0.290792
v -0.465000 -0.605000 0.295482
v -0.455000 -0.605000 0.299000
v -0.445000 -0.605000 0.299000
v -0.435000 -0.605000 0.299000
v -0.425000 -0.605000 0.308208
v -0.415000 -0.605000 0.317416
v -0.405000 -0.605000 0.317416
v -0.395000 -0.605000 0.326624
v -0.385000 -0.605000 0.326624
v -0.375000 -0.605000 0.326624
v -0.365000 -0.605000 0.335831
v -0.355000 -0.605000 0.335831
v -0.345000 -0.605000 0.335831
v -0.335000 -0.605000 0.335831
v -0.325000 -0.605000 0.345039
v -0.315000 -0.605000 0.345039
v -0.305000 -0.605000 0.345039
v -0.295000 -0.605000 0.345039
v -0.285000 -0.605000 0.345039
v -0.275000 -0.605000 0.354247
v -0.265000 -0.605000 0.354247
v -0.255000 -0.605000 0.354247
v -0.245000 -0.605000 0.354247
v -0.235000 -0.605000 0.354247
v -0.225000 -0.605000 0.354247
v -0.215000 -0.605000 0.354247
v -0.205000 -0.605000 0.354247
v -0.195000 -0.605000 0.354247
v -0.185000 -0.605000 0.354247
v -0.175000 -0.605000 0.354247
v -0.165000 -0.605000 0.354247
v -0.155000 -0.605000 0.354247
v -0.145000 -0.605000 0.345039
v -0.135000 -0.605000 0.345039
v -0.125000 -0.605000 0.345039
v -0.115000 -0.605000 0.345039
v -0.105000 -0.605000 0.335831
v -0.095000 -0.605000 0.326624
v -0.085000 -0.605000 0.326624
v -0.075000 -0.605000 0.317416
v -0.065000 -0.605000 0.308208
v -0.055000 -0.605000 0.295482
v -0.045000 -0.605000 0.295482
v -0.035000 -0.605000 0.286102
v -0.025000 -0.605000 0.281412
v -0.015000 -0.605000 0.276722
v -0.005000 -0.605000 0.272031
v 0.005000 -0.605000 0.272031
v 0.015000 -0.605000 0.267341
v 0.025000 -0.605000 0.267341
v 0.035000 -0.605000 0.257961
v 0.045000 -0.605000 0.253271
v 0.055000 -0.605000 0.248580
v 0.065000 -0.605000 0.243890
v 0.075000 -0.605000 0.239200
v 0.085000 -0.605000 0.234510
v 0.095000 -0.605000 0.234510
v 0.105000 -0.605000 0.234510
v 0.115000 -0.605000 0.234510
v 0.125000 -0.605000 0.057224
v -0.545000 -0.595000 0.057224
v -0.535000 -0.595000 0.262651
v -0.525000 -0.595000 0.267341
v -0.515000 -0.595000 0.276722
v -0.505000 -0.595000 0.281412
v -0.495000 -0.595000 0.281412
v -0.485000 -0.595000 0.290792
v -0.475000 -0.595000 0.295482
v -0.465000 -0.595000 0.295482
v -0.455000 -0.595000 0.299000
v -0.445000 -0.595000 0.299000
v -0.435000 -0.595000 0.308208
v -0.425000 -0.595000 0.308208
v -0.415000 -0.595000 0.317416
v -0.405000 -0.595000 0.326624
v -0.395000 -0.595000 0.326624
v -0.385000 -0.595000 0.326624
v -0.375000 -0.595000 0.335831
v -0.365000 -0.595000 0.335831
v -0.355000 -0.595000 0.335831
v -0.345000 -0.595000 0.335831
v -0.335000 -0.595000 0.345039
v -0.325000 -0.595000 0.345039
v -0.315000 -0.595000 0.345039
v -0.305000 -0.595000 0.345039
v -0.295000 -0.595000 0.345039
v -0.285000 -0.595000 0.345039
v -0.275000 -0.595000 0.354247
v -0.265000 -0.595000 0.354247
v -0.255000 -0.595000 0.354247
v -0.245000 -0.595000 0.354247
v -0.235000 -0.595000 0.354247
v -0.225000 -0.595000 0.354247
v -0.215000 -0.595000 0.354247
v -0.205000 -0.595000 0.354247
v -0.195000 -0.595000 0.354247
v -0.185000 -0.595000 0.354247
v -0.175000 -0.595000 0.354247
v -0.165000 -0.595000 0.354247
v -0.155000 -0.595000 0.345039
v -0.145000 -0.595000 0.345039
v -0.135000 -0.595000 0.345039
v -0.125000 -0.595000 0.345039
v -0.115000 -0.595000 0.335831
v -0.105000 -0.595000 0.335831
v -0.095000 -0.595000 0.326624
v -0.085000 -0.595000 0.317416
v -0.075000 -0.595000 0.308208
v -0.065000 -0.595000 0.299000
v -0.055000 -0.595000 0.295482
v -0.045000 -0.595000 0.290792
v -0.035000 -0.595000 0.286102
v -0.025000 -0.595000 0.276722
v -0.015000 -0.595000 0.276722
v -0.005000 -0.595000 0.272031
v 0.005000 -0.595000 0.267341
v 0.015000 -0.595000 0.262651
v 0.025000 -0.595000 0.262651
v 0.035000 -0.595000 0.257961
v 0.045000 -0.595000 0.253271
v 0.055000 -0.595000 0.243890
v 0.065000 -0.595000 0.239200
v 0.075000 -0.595000 0.239200
v 0.085000 -0.595000 0.234510
v 0.095000 -0.595000 0.234510
v 0.105000 -0.595000 0.234510
v 0.115000 -0.595000 0.057224
v -0.555000 -0.585000 0.057224
v -0.545000 -0.585000 0.057224
v -0.535000 -0.585000 0.262651
v -0.525000 -0.585000 0.267341
v -0.515000 -0.585000 0.276722
v -0.505000 -0.585000 0.281412
v -0.495000 -0.585000 0.286102
v -0.485000 -0.585000 0.290792
v -0.475000 -0.585000 0.295482
v -0.465000 -0.585000 0.299000
v -0.455000 -0.585000 0.299000
v -0.445000 -0.585000 0.299000
v -0.435000 -0.585000 0.308208
v -0.425000 -0.585000 0.317416
v -0.415000 -0.585000 0.317416
v -0.405000 -0.585000 0.326624
v -0.395000 -0.585000 0.326624
v -0.385000 -0.585000 0.326624
v -0.375000 -0.585000 0.335831
v -0.365000 -0.585000 0.335831
v -0.355000 -0.585000 0.335831
v -0.345000 -0.585000 0.335831
v -0.335000 -0.585000 0.345039
v -0.325000 -0.585000 0.345039
v -0.315000 -0.585000 0.345039
v -0.305000 -0.585000 0.345039
v -0.295000 -0.585000 0.345039
v -0.285000 -0.585000 0.345039
v -0.275000 -0.585000 0.354247
v -0.265000 -0.585000 0.354247
v -0.255000 -0.585000 0.354247
v -0.245000 -0.585000 0.354247
v -0.235000 -0.585000 0.354247
v -0.225000 -0.585000 0.354247
v -0.215000 -0.585000 0.354247
v -0.205000 -0.585000 0.354247
v -0.195000 -0.585000 0.354247
v -0.185000 -0.585000 0.354247
v -0.175000 -0.585000 0.354247
v -0.165000 -0.585000 0.345039
v -0.155000 -0.585000 0.345039
v -0.145000 -0.585000 0.345039
v -0.135000 -0.585000 0.345039
v -0.125000 -0.585000 0.335831
v -0.115000 -0.585000 0.335831
v -0.105000 -0.585000 0.326624
v -0.095000 -0.585000 0.326624
v -0.085000 -0.585000 0.317416
v -0.075000 -0.585000 0.308208
v -0.065000 -0.585000 0.299000
v -0.055000 -0.585000 0.295482
v -0.045000 -0.585000 0.290792
v -0.035000 -0.585000 0.286102
v -0.025000 -0.585000 0.276722
v -0.015000 -0.585000 0.276722
v -0.005000 -0.585000 0.267341
v 0.005000 -0.585000 0.267341
v 0.015000 -0.585000 0.262651
v 0.025000 -0.585000 0.262651
v 0.035000 -0.585000 0.253271
v 0.045000 -0.585000 0.248580
v 0.055000 -0.585000 0.243890
v 0.065000 -0.585000 0.239200
v 0.075000 -0.585000 0.234510
v 0.085000 -0.585000 0.234510
v 0.095000 -0.585000 0.234510
v 0.105000 -0.585000 0.057224
v -0.565000 -0.575000 0.057224
v -0.555000 -0.575000 0.262651
v -0.545000 -0.575000 0.272031
v -0.535000 -0.575000 0.267341
v -0.525000 -0.575000 0.272031
v -0.515000 -0.575000 0.276722
v -0.505000 -0.575000 0.286102
v -0.495000 -0.575000 0.290792
v -0.485000 -0.575000 0.290792
v -0.475000 -0.575000 0.295482
v -0.465000 -0.575000 0.299000
v -0.455000 -0.575000 0.299000
v -0.445000 -0.575000 0.299000
v -0.435000 -0.575000 0.317416
v -0.425000 -0.575000 0.317416
v -0.415000 -0.575000 0.326624
v -0.405000 -0.575000 0.326624
v -0.395000 -0.575000 0.326624
v -0.385000 -0.575000 0.326624
v -0.375000 -0.575000 0.335831
v -0.365000 -0.575000 0.335831
v -0.355000 -0.575000 0.335831
v -0.345000 -0.575000 0.345039
v -0.335000 -0.575000 0.345039
v -0.325000 -0.575000 0.345039
v -0.315000 -0.575000 0.345039
v -0.305000 -0.575000 0.345039
v -0.295000 -0.575000 0.345039
v -0.285000 -0.575000 0.345039
v -0.275000 -0.575000 0.354247
v -0.265000 -0.575000 0.354247
v -0.255000 -0.575000 0.354247
v -0.245000 -0.575000 0.354247
v -0.235000 -0.575000 0.354247
v -0.225000 -0.575000 0.354247
v -0.215000 -0.575000 0.354247
v -0.205000 -0.575000 0.354247
v -0.195000 -0.575000 0.354247
v -0.185000 -0.575000 0.354247
v -0.175000 -0.575000 0.345039
v -0.165000 -0.575000 0.345039
v -0.155000 -0.575000 0.345039
v -0.145000 -0.575000 0.345039
v -0.135000 -0.575000 0.345039
v -0.125000 -0.575000 0.335831
v -0.115000 -0.575000 0.335831
v -0.105000 -0.575000 0.326624
v -0.095000 -0.575000 0.317416
v -0.085000 -0.575000 0.317416
v -0.075000 -0.575000 0.299000
v -0.065000 -0.575000 0.295482
v -0.055000 -0.575000 0.290792
v -0.045000 -0.575000 0.286102
v -0.035000 -0.575000 0.281412
v -0.025000 -0.575000 0.276722
v -0.015000 -0.575000 0.272031
v -0.005000 -0.575000 0.267341
v 0.005000 -0.575000 0.267341
v 0.015000 -0.575000 0.262651
v 0.025000 -0.575000 0.257961
v 0.035000 -0.575000 0.253271
v 0.045000 -0.575000 0.248580
v 0.055000 -0.575000 0.243890
v 0.065000 -0.575000 0.234510
v 0.075000 -0.575000 0.234510
v 0.085000 -0.575000 0.234510
v 0.095000 -0.575000 0.234510
v 0.105000 -0.575000 0.057224
v -0.575000 -0.565000 0.057224
v -0.565000 -0.565000 0.257961
v -0.555000 -0.565000 0.262651
v -0.545000 -0.565000 0.272031
v -0.535000 -0.565000 0.272031
v -0.525000 -0.565000 0.276722
v -0.515000 -0.565000 0.281412
v -0.505000 -0.565000 0.290792
v -0.495000 -0.565000 0.290792
v -0.485000 -0.565000 0.295482
v -0.475000 -0.565000 0.295482
v -0.465000 -0.565000 0.299000
v -0.455000 -0.565000 0.299000
v -0.445000 -0.565000 0.308208
v -0.435000 -0.565000 0.317416
v -0.425000 -0.565000 0.317416
v -0.415000 -0.565000 0.326624
v -0.405000 -0.565000 0.326624
v -0.395000 -0.565000 0.326624
v -0.385000 -0.565000 0.335831
v -0.375000 -0.565000 0.335831
v -0.365000 -0.565000 0.335831
v -0.355000 -0.565000 0.335831
v -0.345000 -0.565000 0.345039
v -0.335000 -0.565000 0.345039
v -0.325000 -0.565000 0.345039
v -0.315000 -0.565000 0.345039
v -0.305000 -0.565000 0.345039
v -0.295000 -0.565000 0.345039
v -0.285000 -0.565000 0.354247
v -0.275000 -0.565000 0.354247
v -0.265000 -0.565000 0.354247
v -0.255000 -0.565000 0.354247
v -0.245000 -0.565000 0.354247
v -0.235000 -0.565000 0.354247
v -0.225000 -0.565000 0.354247
v -0.215000 -0.565000 0.354247
v -0.205000 -0.565000 0.354247
v -0.195000 -0.565000 0.354247
v -0.185000 -0.565000 0.345039
v -0.175000 -0.565000 0.345039
v -0.165000 -0.565000 0.345039
v -0.155000 -0.565000 0.345039
v -0.145000 -0.565000 0.345039
v -0.135000 -0.565000 0.335831
v -0.125000 -0.565000 0.335831
v -0.115000 -0.565000 0.326624
v -0.105000 -0.565000 0.326624
v -0.095000 -0.565000 0.317416
v -0.085000 -0.565000 0.308208
v -0.075000 -0.565000 0.299000
v -0.065000 -0.565000 0.295482
v -0.055000 -0.565000 0.290792
v -0.045000 -0.565000 0.286102
v -0.035000 -0.565000 0.281412
v -0.025000 -0.565000 0.276722
v -0.015000 -0.565000 0.272031
v -0.005000 -0.565000 0.267341
v 0.005000 -0.565000 0.262651
v 0.015000 -0.565000 0.257961
v 0.025000 -0.565000 0.253271
v 0.035000 -0.565000 0.248580
v 0.045000 -0.565000 0.243890
v 0.055000 -0.565000 0.239200
v 0.065000 -0.565000 0.234510
v 0.075000 -0.565000 0.234510
v 0.085000 -0.565000 0.234510
v 0.095000 -0.565000 0.057224
v -0.575000 -0.555000 0.057224
v -0.565000 -0.555000 0.262651
v -0.555000 -0.555000 0.267341
v -0.545000 -0.555000 0.272031
v -0.535000 -0.555000 0.276722
v -0.525000 -0.555000 0.281412
v -0.515000 -0.555000 0.286102
v -0.505000 -0.555000 0.290792
v -0.495000 -0.555000 0.295482
v -0.485000 -0.555000 0.295482
v -0.475000 -0.555000 0.295482
v -0.465000 -0.555000 0.299000
v -0.455000 -0.555000 0.308208
v -0.445000 -0.555000 0.308208
v -0.435000 -0.555000 0.317416
v -0.425000 -0.555000 0.317416
v -0.415000 -0.555000 0.326624
v -0.405000 -0.555000 0.326624
v -0.395000 -0.555000 0.335831
v -0.385000 -0.555000 0.335831
v -0.375000 -0.555000 0.335831
v -0.365000 -0.555000 0.335831
v -0.355000 -0.555000 0.345039
v -0.345000 -0.555000 0.345039
v -0.335000 -0.555000 0.345039
v -0.325000 -0.555000 0.345039
v -0.315000 -0.555000 0.345039
v -0.305000 -0.555000 0.345039
v -0.295000 -0.555000 0.345039
v -0.285000 -0.555000 0.354247
v -0.275000 -0.555000 0.354247
v -0.265000 -0.555000 0.354247
v -0.255000 -0.555000 0.354247
v -0.245000 -0.555000 0.354247
v -0.235000 -0.555000 0.354247
v -0.225000 -0.555000 0.354247
v -0.215000 -0.555000 0.354247
v -0.205000 -0.555000 0.354247
v -0.195000 -0.555000 0.345039
v -0.185000 -0.555000 0.345039
v -0.175000 -0.555000 0.345039
v -0.165000 -0.555000 0.345039
v -0.155000 -0.555000 0.345039
v -0.145000 -0.555000 0.345039
v -0.135000 -0.555000 0.335831
v -0.125000 -0.555000 0.335831
v -0.115000 -0.555000 0.326624
v -0.105000 -0.555000 0.326624
v -0.095000 -0.555000 0.317416
v -0.085000 -0.555000 0.308208
v -0.075000 -0.555000 0.299000
v -0.065000 -0.555000 0.290792
v -0.055000 -0.555000 0.290792
v -0.045000 -0.555000 0.286102
v -0.035000 -0.555000 0.281412
v -0.025000 -0.555000 0.272031
v -0.015000 -0.555000 0.272031
v -0.005000 -0.555000 0.262651
v 0.005000 -0.555000 0.262651
v 0.015000 -0.555000 0.257961
v 0.025000 -0.555000 0.253271
v 0.035000 -0.555000 0.248580
v 0.045000 -0.555000 0.239200
v 0.055000 -0.555000 0.239200
v 0.065000 -0.555000 0.234510
v 0.075000 -0.555000 0.234510
v 0.085000 -0.555000 0.234510
v 0.095000 -0.555000 0.057224
v -0.585000 -0.545000 0.057224
v -0.575000 -0.545000 0.257961
v -0.565000 -0.545000 0.262651
v -0.555000 -0.545000 0.267341
v -0.545000 -0.545000 0.272031
v -0.535000 -0.545000 0.281412
v -0.525000 -0.545000 0.286102
v -0.515000 -0.545000 0.286102
v -0.505000 -0.545000 0.290792
v -0.495000 -0.545000 0.299000
v -0.485000 -0.545000 0.299000
v -0.475000 -0.545000 0.299000
v -0.465000 -0.545000 0.299000
v -0.455000 -0.545000 0.308208
v -0.445000 -0.545000 0.317416
v -0.435000 -0.545000 0.317416
v -0.425000 -0.545000 0.326624
v -0.415000 -0.545000 0.326624
v -0.405000 -0.545000 0.335831
v -0.395000 -0.545000 0.335831
v -0.385000 -0.545000 0.335831
v -0.375000 -0.545000 0.335831
v -0.365000 -0.545000 0.345039
v -0.355000 -0.545000 0.345039
v -0.345000 -0.545000 0.345039
v -0.335000 -0.545000 0.345039
v -0.325000 -0.545000 0.345039
v -0.315000 -0.545000 0.345039
v -0.305000 -0.545000 0.345039
v -0.295000 -0.545000 0.345039
v -0.285000 -0.545000 0.345039
v -0.275000 -0.545000 0.354247
v -0.265000 -0.545000 0.354247
v -0.255000 -0.545000 0.354247
v -0.245000 -0.545000 0.354247
v -0.235000 -0.545000 0.354247
v -0.225000 -0.545000 0.354247
v -0.215000 -0.545000 0.345039
v -0.205000 -0.545000 0.345039
v -0.195000 -0.545000 0.345039
v -0.185000 -0.545000 0.345039
v -0.175000 -0.545000 0.345039
v -0.165000 -0.545000 0.345039
v -0.155000 -0.545000 0.345039
v -0.145000 -0.545000 0.335831
v -0.135000 -0.545000 0.335831
v -0.125000 -0.545000 0.326624
v -0.115000 -0.545000 0.326624
v -0.105000 -0.545000 0.317416
v -0.095000 -0.545000 0.308208
v -0.085000 -0.545000 0.308208
v -0.075000 -0.545000 0.299000
v -0.065000 -0.545000 0.290792
v -0.055000 -0.545000 0.286102
v -0.045000 -0.545000 0.281412
v -0.035000 -0.545000 0.281412
v -0.025000 -0.545000 0.272031
v -0.015000 -0.545000 0.267341
v -0.005000 -0.545000 0.262651
v 0.005000 -0.545000 0.257961
v 0.015000 -0.545000 0.253271
v 0.025000 -0.545000 0.248580
v 0.035000 -0.545000 0.243890
v 0.045000 -0.545000 0.239200
v 0.055000 -0.545000 0.234510
v 0.065000 -0.545000 0.234510
v 0.075000 -0.545000 0.234510
v 0.085000 -0.545000 0.057224
v -0.585000 -0.535000 0.057224
v -0.575000 -0.535000 0.262651
v -0.565000 -0.535000 0.267341
v -0.555000 -0.535000 0.272031
v -0.545000 -0.535000 0.276722
v -0.535000 -0.535000 0.281412
v -0.525000 -0.535000 0.290792
v -0.515000 -0.535000 0.290792
v -0.505000 -0.535000 0.295482
v -0.495000 -0.535000 0.299000
v -0.485000 -0.535000 0.299000
v -0.475000 -0.535000 0.299000
v -0.465000 -0.535000 0.308208
v -0.455000 -0.535000 0.317416
v -0.445000 -0.535000 0.317416
v -0.435000 -0.535000 0.326624
v -0.425000 -0.535000 0.326624
v -0.415000 -0.535000 0.326624
v -0.405000 -0.535000 0.335831
v -0.395000 -0.535000 0.335831
v -0.385000 -0.535000 0.335831
v -0.375000 -0.535000 0.335831
v -0.365000 -0.535000 0.345039
v -0.355000 -0.535000 0.345039
v -0.345000 -0.535000 0.345039
v -0.335000 -0.535000 0.345039
v -0.325000 -0.535000 0.345039
v -0.315000 -0.535000 0.345039
v -0.305000 -0.535000 0.345039
v -0.295000 -0.535000 0.345039
v -0.285000 -0.535000 0.345039
v -0.275000 -0.535000 0.354247
v -0.265000 -0.535000 0.354247
v -0.255000 -0.535000 0.354247
v -0.245000 -0.535000 0.354247
v -0.235000 -0.535000 0.345039
v -0.225000 -0.535000 0.345039
v -0.215000 -0.535000 0.345039
v -0.205000 -0.535000 0.345039
v -0.195000 -0.535000 0.345039
v -0.185000 -0.535000 0.345039
v -0.175000 -0.535000 0.345039
v -0.165000 -0.535000 0.345039
v -0.155000 -0.535000 0.335831
v -0.145000 -0.535000 0.335831
v -0.135000 -0.535000 0.335831
v -0.125000 -0.535000 0.326624
v -0.115000 -0.535000 0.317416
v -0.105000 -0.535000 0.317416
v -0.095000 -0.535000 0.308208
v -0.085000 -0.535000 0.308208
v -0.075000 -0.535000 0.299000
v -0.065000 -0.535000 0.290792
v -0.055000 -0.535000 0.286102
v -0.045000 -0.535000 0.281412
v -0.035000 -0.535000 0.276722
v -0.025000 -0.535000 0.272031
v -0.015000 -0.535000 0.267341
v -0.005000 -0.535000 0.262651
v 0.005000 -0.535000 0.257961
v 0.015000 -0.535000 0.253271
v 0.025000 -0.535000 0.248580
v 0.035000 -0.535000 0.243890
v 0.045000 -0.535000 0.239200
v 0.055000 -0.535000 0.239200
v 0.065000 -0.535000 0.234510
v 0.075000 -0.535000 0.057224
v -0.585000 -0.525000 0.057224
v -0.575000 -0.525000 0.262651
v -0.565000 -0.525000 0.267341
v -0.555000 -0.525000 0.276722
v -0.545000 -0.525000 0.276722
v -0.535000 -0.525000 0.286102
v -0.525000 -0.525000 0.290792
v -0.515000 -0.525000 0.295482
v -0.505000 -0.525000 0.295482
v -0.495000 -0.525000 0.299000
v -0.485000 -0.525000 0.299000
v -0.475000 -0.525000 0.299000
v -0.465000 -0.525000 0.317416
v -0.455000 -0.525000 0.317416
v -0.445000 -0.525000 0.326624
v -0.435000 -0.525000 0.326624
v -0.425000 -0.525000 0.326624
v -0.415000 -0.525000 0.335831
v -0.405000 -0.525000 0.335831
v -0.395000 -0.525000 0.335831
v -0.385000 -0.525000 0.335831
v -0.375000 -0.525000 0.345039
v -0.365000 -0.525000 0.345039
v -0.355000 -0.525000 0.345039
v -0.345000 -0.525000 0.345039
v -0.335000 -0.525000 0.345039
v -0.325000 -0.525000 0.345039
v -0.315000 -0.525000 0.345039
v -0.305000 -0.525000 0.345039
v -0.295000 -0.525000 0.345039
v -0.285000 -0.525000 0.354247
v -0.275000 -0.525000 0.354247
v -0.265000 -0.525000 0.354247
v -0.255000 -0.525000 0.345039
v -0.245000 -0.525000 0.345039
v -0.235000 -0.525000 0.345039
v -0.225000 -0.525000 0.345039
v -0.215000 -0.525000 0.345039
v -0.205000 -0.525000 0.345039
v -0.195000 -0.525000 0.345039
v -0.185000 -0.525000 0.345039
v -0.175000 -0.525000 0.345039
v -0.165000 -0.525000 0.335831
v -0.155000 -0.525000 0.335831
v -0.145000 -0.525000 0.335831
v -0.135000 -0.525000 0.326624
v -0.125000 -0.525000 0.326624
v -0.115000 -0.525000 0.317416
v -0.105000 -0.525000 0.317416
v -0.095000 -0.525000 0.308208
v -0.085000 -0.525000 0.299000
v -0.075000 -0.525000 0.299000
v -0.065000 -0.525000 0.290792
v -0.055000 -0.525000 0.286102
v -0.045000 -0.525000 0.276722
v -0.035000 -0.525000 0.272031
v -0.025000 -0.525000 0.267341
v -0.015000 -0.525000 0.267341
v -0.005000 -0.525000 0.262651
v 0.005000 -0.525000 0.253271
v 0.015000 -0.525000 0.253271
v 0.025000 -0.525000 0.243890
v 0.035000 -0.525000 0.243890
v 0.045000 -0.525000 0.239200
v 0.055000 -0.525000 0.239200
v 0.065000 -0.525000 0.057224
v -0.585000 -0.515000 0.057224
v -0.575000 -0.515000 0.262651
v -0.565000 -0.515000 0.272031
v -0.555000 -0.515000 0.276722
v -0.545000 -0.515000 0.281412
v -0.535000 -0.515000 0.286102
v -0.525000 -0.515000 0.295482
v -0.515000 -0.515000 0.299000
v -0.505000 -0.515000 0.299000
v -0.495000 -0.515000 0.295482
v -0.485000 -0.515000 0.299000
v -0.475000 -0.515000 0.308208
v -0.465000 -0.515000 0.317416
v -0.455000 -0.515000 0.326624
v -0.445000 -0.515000 0.326624
v -0.435000 -0.515000 0.326624
v -0.425000 -0.515000 0.326624
v -0.415000 -0.515000 0.335831
v -0.405000 -0.515000 0.335831
v -0.395000 -0.515000 0.335831
v -0.385000 -0.515000 0.335831
v -0.375000 -0.515000 0.345039
v -0.365000 -0.515000 0.345039
v -0.355000 -0.515000 0.345039
v -0.345000 -0.515000 0.345039
v -0.335000 -0.515000 0.345039
v -0.325000 -0.515000 0.345039
v -0.315000 -0.515000 0.345039
v -0.305000 -0.515000 0.345039
v -0.295000 -0.515000 0.345039
v -0.285000 -0.515000 0.345039
v -0.275000 -0.515000 0.345039
v -0.265000 -0.515000 0.345039
v -0.255000 -0.515000 0.345039
v -0.245000 -0.515000 0.345039
v -0.235000 -0.515000 0.345039
v -0.225000 -0.515000 0.345039
v -0.215000 -0.515000 0.345039
v -0.205000 -0.515000 0.345039
v -0.195000 -0.515000 0.345039
v -0.185000 -0.515000 0.345039
v -0.175000 -0.515000 0.345039
v -0.165000 -0.515000 0.335831
v -0.155000 -0.515000 0.335831
v -0.145000 -0.515000 0.326624
v -0.135000 -0.515000 0.326624
v -0.125000 -0.515000 0.326624
v -0.115000 -0.515000 0.317416
v -0.105000 -0.515000 0.308208
v -0.095000 -0.515000 0.299000
v -0.085000 -0.515000 0.299000
v -0.075000 -0.515000 0.295482
v -0.065000 -0.515000 0.290792
v -0.055000 -0.515000 0.286102
v -0.045000 -0.515000 0.276722
v -0.035000 -0.515000 0.272031
v -0.025000 -0.515000 0.267341
v -0.015000 -0.515000 0.262651
v -0.005000 -0.515000 0.257961
v 0.005000 -0.515000 0.253271
v 0.015000 -0.515000 0.248580
v 0.025000 -0.515000 0.243890
v 0.035000 -0.515000 0.243890
v 0.045000 -0.515000 0.239200
v 0.055000 -0.515000 0.239200
v 0.065000 -0.515000 0.057224
v -0.605000 -0.505000 0.057224
v -0.595000 -0.505000 0.057224
v -0.585000 -0.505000 0.257961
v -0.575000 -0.505000 0.267341
v -0.565000 -0.505000 0.272031
v -0.555000 -0.505000 0.281412
v -0.545000 -0.505000 0.286102
v -0.535000 -0.505000 0.290792
v -0.525000 -0.505000 0.295482
v -0.515000 -0.505000 0.299000
v -0.505000 -0.505000 0.299000
v -0.495000 -0.505000 0.299000
v -0.485000 -0.505000 0.308208
v -0.475000 -0.505000 0.308208
v -0.465000 -0.505000 0.317416
v -0.455000 -0.505000 0.326624
v -0.445000 -0.505000 0.326624
v -0.435000 -0.505000 0.335831
v -0.425000 -0.505000 0.335831
v -0.415000 -0.505000 0.335831
v -0.405000 -0.505000 0.335831
v -0.395000 -0.505000 0.335831
v -0.385000 -0.505000 0.345039
v -0.375000 -0.505000 0.345039
v -0.365000 -0.505000 0.345039
v -0.355000 -0.505000 0.345039
v -0.345000 -0.505000 0.345039
v -0.335000 -0.505000 0.345039
v -0.325000 -0.505000 0.345039
v -0.315000 -0.505000 0.345039
v -0.305000 -0.505000 0.345039
v -0.295000 -0.505000 0.345039
v -0.285000 -0.505000 0.345039
v -0.275000 -0.505000 0.345039
v -0.265000 -0.505000 0.345039
v -0.255000 -0.505000 0.345039
v -0.245000 -0.505000 0.345039
v -0.235000 -0.505000 0.345039
v -0.225000 -0.505000 0.345039
v -0.215000 -0.505000 0.345039
v -0.205000 -0.505000 0.345039
v -0.195000 -0.505000 0.345039
v -0.185000 -0.505000 0.345039
v -0.175000 -0.505000 0.335831
v -0.165000 -0.505000 0.335831
v -0.155000 -0.505000 0.335831
v -0.145000 -0.505000 0.326624
v -0.135000 -0.505000 0.326624
v -0.125000 -0.505000 0.317416
v -0.115000 -0.505000 0.317416
v -0.105000 -0.505000 0.308208
v -0.095000 -0.505000 0.299000
v -0.085000 -0.505000 0.295482
v -0.075000 -0.505000 0.295482
v -0.065000 -0.505000 0.286102
v -0.055000 -0.505000 0.281412
v -0.045000 -0.505000 0.272031
v -0.035000 -0.505000 0.267341
v -0.025000 -0.505000 0.267341
v -0.015000 -0.505000 0.262651
v -0.005000 -0.505000 0.257961
v 0.005000 -0.505000 0.253271
v 0.015000 -0.505000 0.248580
v 0.025000 -0.505000 0.243890
v 0.035000 -0.505000 0.239200
v 0.045000 -0.505000 0.239200
v 0.055000 -0.505000 0.243890
v 0.065000 -0.505000 0.150086
v -0.615000 -0.495000 0.057224
v -0.605000 -0.495000 0.253271
v -0.595000 -0.495000 0.257961
v -0.585000 -0.495000 0.262651
v -0.575000 -0.495000 0.267341
v -0.565000 -0.495000 0.276722
v -0.555000 -0.495000 0.281412
v -0.545000 -0.495000 0.290792
v -0.535000 -0.495000 0.290792
v -0.525000 -0.495000 0.299000
v -0.515000 -0.495000 0.308208
v -0.505000 -0.495000 0.308208
v -0.495000 -0.495000 0.308208
v -0.485000 -0.495000 0.308208
v -0.475000 -0.495000 0.317416
v -0.465000 -0.495000 0.326624
v -0.455000 -0.495000 0.326624
v -0.445000 -0.495000 0.335831
v -0.435000 -0.495000 0.335831
v -0.425000 -0.495000 0.335831
v -0.415000 -0.495000 0.335831
v -0.405000 -0.495000 0.345039
v -0.395000 -0.495000 0.345039
v -0.385000 -0.495000 0.345039
v -0.375000 -0.495000 0.345039
v -0.365000 -0.495000 0.345039
v -0.355000 -0.495000 0.345039
v -0.345000 -0.495000 0.345039
v -0.335000 -0.495000 0.345039
v -0.325000 -0.495000 0.345039
v -0.315000 -0.495000 0.345039
v -0.305000 -0.495000 0.345039
v -0.295000 -0.495000 0.345039
v -0.285000 -0.495000 0.345039
v -0.275000 -0.495000 0.345039
v -0.265000 -0.495000 0.345039
v -0.255000 -0.495000 0.345039
v -0.245000 -0.495000 0.345039
v -0.235000 -0.495000 0.345039
v -0.225000 -0.495000 0.345039
v -0.215000 -0.495000 0.345039
v -0.205000 -0.495000 0.345039
v -0.195000 -0.495000 0.345039
v -0.185000 -0.495000 0.335831
v -0.175000 -0.495000 0.335831
v -0.165000 -0.495000 0.335831
v -0.155000 -0.495000 0.326624
v -0.145000 -0.495000 0.326624
v -0.135000 -0.495000 0.326624
v -0.125000 -0.495000 0.317416
v -0.115000 -0.495000 0.308208
v -0.105000 -0.495000 0.299000
v -0.095000 -0.495000 0.299000
v -0.085000 -0.495000 0.295482
v -0.075000 -0.495000 0.290792
v -0.065000 -0.495000 0.281412
v -0.055000 -0.495000 0.281412
v -0.045000 -0.495000 0.272031
v -0.035000 -0.495000 0.267341
v -0.025000 -0.495000 0.262651
v -0.015000 -0.495000 0.257961
v -0.005000 -0.495000 0.257961
v 0.005000 -0.495000 0.248580
v 0.015000 -0.495000 0.248580
v 0.025000 -0.495000 0.243890
v 0.035000 -0.495000 0.239200
v 0.045000 -0.495000 0.239200
v 0.055000 -0.495000 0.057224
v -0.625000 -0.485000 0.057224
v -0.615000 -0.485000 0.253271
v -0.605000 -0.485000 0.257961
v -0.595000 -0.485000 0.257961
v -0.585000 -0.485000 0.267341
v -0.575000 -0.485000 0.272031
v -0.565000 -0.485000 0.276722
v -0.555000 -0.485000 0.286102
v -0.545000 -0.485000 0.290792
v -0.535000 -0.485000 0.295482
v -0.525000 -0.485000 0.299000
v -0.515000 -0.485000 0.299000
v -0.505000 -0.485000 0.308208
v -0.495000 -0.485000 0.308208
v -0.485000 -0.485000 0.317416
v -0.475000 -0.485000 0.317416
v -0.465000 -0.485000 0.326624
v -0.455000 -0.485000 0.326624
v -0.445000 -0.485000 0.335831
v -0.435000 -0.485000 0.335831
v -0.425000 -0.485000 0.335831
v -0.415000 -0.485000 0.335831
v -0.405000 -0.485000 0.345039
v -0.395000 -0.485000 0.345039
v -0.385000 -0.485000 0.345039
v -0.375000 -0.485000 0.345039
v -0.365000 -0.485000 0.345039
v -0.355000 -0.485000 0.345039
v -0.345000 -0.485000 0.345039
v -0.335000 -0.485000 0.345039
v -0.325000 -0.485000 0.345039
v -0.315000 -0.485000 0.345039
v -0.305000 -0.485000 0.345039
v -0.295000 -0.485000 0.345039
v -0.285000 -0.485000 0.345039
v -0.275000 -0.485000 0.345039
v -0.265000 -0.485000 0.345039
v -0.255000 -0.485000 0.345039
v -0.245000 -0.485000 0.345039
v -0.235000 -0.485000 0.345039
v -0.225000 -0.485000 0.345039
v -0.215000 -0.485000 0.345039
v -0.205000 -0.485000 0.345039
v -0.195000 -0.485000 0.345039
v -0.185000 -0.485000 0.335831
v -0.175000 -0.485000 0.335831
v -0.165000 -0.485000 0.335831
v -0.155000 -0.485000 0.326624
v -0.145000 -0.485000 0.326624
v -0.135000 -0.485000 0.317416
v -0.125000 -0.485000 0.317416
v -0.115000 -0.485000 0.308208
v -0.105000 -0.485000 0.299000
v -0.095000 -0.485000 0.295482
v -0.085000 -0.485000 0.290792
v -0.075000 -0.485000 0.286102
v -0.065000 -0.485000 0.281412
v -0.055000 -0.485000 0.276722
v -0.045000 -0.485000 0.272031
v -0.035000 -0.485000 0.267341
v -0.025000 -0.485000 0.262651
v -0.015000 -0.485000 0.257961
v -0.005000 -0.485000 0.253271
v 0.005000 -0.485000 0.248580
v 0.015000 -0.485000 0.243890
v 0.025000 -0.485000 0.243890
v 0.035000 -0.485000 0.243890
v 0.045000 -0.485000 0.057224
v -0.635000 -0.475000 0.057224
v -0.625000 -0.475000 0.253271
v -0.615000 -0.475000 0.257961
v -0.605000 -0.475000 0.257961
v -0.595000 -0.475000 0.262651
v -0.585000 -0.475000 0.272031
v -0.575000 -0.475000 0.276722
v -0.565000 -0.475000 0.281412
v -0.555000 -0.475000 0.290792
v -0.545000 -0.475000 0.295482
v -0.535000 -0.475000 0.295482
v -0.525000 -0.475000 0.308208
v -0.515000 -0.475000 0.299000
v -0.505000 -0.475000 0.308208
v -0.495000 -0.475000 0.308208
v -0.485000 -0.475000 0.317416
v -0.475000 -0.475000 0.326624
v -0.465000 -0.475000 0.326624
v -0.455000 -0.475000 0.326624
v -0.445000 -0.475000 0.335831
v -0.435000 -0.475000 0.335831
v -0.425000 -0.475000 0.335831
v -0.415000 -0.475000 0.345039
v -0.405000 -0.475000 0.345039
v -0.395000 -0.475000 0.345039
v -0.385000 -0.475000 0.345039
v -0.375000 -0.475000 0.345039
v -0.365000 -0.475000 0.345039
v -0.355000 -0.475000 0.345039
v -0.345000 -0.475000 0.345039
v -0.335000 -0.475000 0.345039
v -0.325000 -0.475000 0.345039
v -0.315000 -0.475000 0.345039
v -0.305000 -0.475000 0.345039
v -0.295000 -0.475000 0.345039
v -0.285000 -0.475000 0.345039
v -0.275000 -0.475000 0.345039
v -0.265000 -0.475000 0.345039
v -0.255000 -0.475000 0.345039
v -0.245000 -0.475000 0.345039
v -0.235000 -0.475000 0.345039
v -0.225000 -0.475000 0.345039
v -0.215000 -0.475000 0.345039
v -0.205000 -0.475000 0.345039
v -0.195000 -0.475000 0.335831
v -0.185000 -0.475000 0.335831
v -0.175000 -0.475000 0.335831
v -0.165000 -0.475000 0.326624
v -0.155000 -0.475000 0.326624
v -0.145000 -0.475000 0.317416
v -0.135000 -0.475000 0.317416
v -0.125000 -0.475000 0.308208
v -0.115000 -0.475000 0.308208
v -0.105000 -0.475000 0.299000
v -0.095000 -0.475000 0.295482
v -0.085000 -0.475000 0.286102
v -0.075000 -0.475000 0.286102
v -0.065000 -0.475000 0.276722
v -0.055000 -0.475000 0.276722
v -0.045000 -0.475000 0.267341
v -0.035000 -0.475000 0.262651
v -0.025000 -0.475000 0.262651
v -0.015000 -0.475000 0.253271
v -0.005000 -0.475000 0.248580
v 0.005000 -0.475000 0.243890
v 0.015000 -0.475000 0.243890
v 0.025000 -0.475000 0.243890
v 0.035000 -0.475000 0.057224
v -0.645000 -0.465000 0.057224
v -0.635000 -0.465000 0.248580
v -0.625000 -0.465000 0.253271
v -0.615000 -0.465000 0.257961
v -0.605000 -0.465000 0.262651
v -0.595000 -0.465000 0.267341
v -0.585000 -0.465000 0.272031
v -0.575000 -0.465000 0.281412
v -0.565000 -0.465000 0.286102
v -0.555000 -0.465000 0.290792
v -0.545000 -0.465000 0.295482
v -0.535000 -0.465000 0.299000
v -0.525000 -0.465000 0.299000
v -0.515000 -0.465000 0.308208
v -0.505000 -0.465000 0.308208
v -0.495000 -0.465000 0.317416
v -0.485000 -0.465000 0.317416
v -0.475000 -0.465000 0.326624
v -0.465000 -0.465000 0.326624
v -0.455000 -0.465000 0.326624
v -0.445000 -0.465000 0.335831
v -0.435000 -0.465000 0.335831
v -0.425000 -0.465000 0.335831
v -0.415000 -0.465000 0.345039
v -0.405000 -0.465000 0.345039
v -0.395000 -0.465000 0.345039
v -0.385000 -0.465000 0.345039
v -0.375000 -0.465000 0.345039
v -0.365000 -0.465000 0.345039
v -0.355000 -0.465000 0.345039
v -0.345000 -0.465000 0.345039
v -0.335000 -0.465000 0.345039
v -0.325000 -0.465000 0.345039
v -0.315000 -0.465000 0.345039
v -0.305000 -0.465000 0.345039
v -0.295000 -0.465000 0.345039
v -0.285000 -0.465000 0.345039
v -0.275000 -0.465000 0.345039
v -0.265000 -0.465000 0.345039
v -0.255000 -0.465000 0.345039
v -0.245000 -0.465000 0.345039
v -0.235000 -0.465000 0.345039
v -0.225000 -0.465000 0.345039
v -0.215000 -0.465000 0.345039
v -0.205000 -0.465000 0.345039
v -0.195000 -0.465000 0.335831
v -0.185000 -0.465000 0.335831
v -0.175000 -0.465000 0.326624
v -0.165000 -0.465000 0.326624
v -0.155000 -0.465000 0.326624
v -0.145000 -0.465000 0.317416
v -0.135000 -0.465000 0.317416
v -0.125000 -0.465000 0.308208
v -0.115000 -0.465000 0.299000
v -0.105000 -0.465000 0.295482
v -0.095000 -0.465000 0.290792
v -0.085000 -0.465000 0.286102
v -0.075000 -0.465000 0.281412
v -0.065000 -0.465000 0.276722
v -0.055000 -0.465000 0.272031
v -0.045000 -0.465000 0.267341
v -0.035000 -0.465000 0.262651
v -0.025000 -0.465000 0.257961
v -0.015000 -0.465000 0.253271
v -0.005000 -0.465000 0.248580
v 0.005000 -0.465000 0.243890
v 0.015000 -0.465000 0.243890
v 0.025000 -0.465000 0.243890
v 0.035000 -0.465000 0.057224
v -0.645000 -0.455000 0.057224
v -0.635000 -0.455000 0.248580
v -0.625000 -0.455000 0.257961
v -0.615000 -0.455000 0.257961
v -0.605000 -0.455000 0.262651
v -0.595000 -0.455000 0.267341
v -0.585000 -0.455000 0.276722
v -0.575000 -0.455000 0.286102
v -0.565000 -0.455000 0.286102
v -0.555000 -0.455000 0.295482
v -0.545000 -0.455000 0.295482
v -0.535000 -0.455000 0.299000
v -0.525000 -0.455000 0.299000
v -0.515000 -0.455000 0.308208
v -0.505000 -0.455000 0.317416
v -0.495000 -0.455000 0.317416
v -0.485000 -0.455000 0.326624
v -0.475000 -0.455000 0.326624
v -0.465000 -0.455000 0.326624
v -0.455000 -0.455000 0.335831
v -0.445000 -0.455000 0.335831
v -0.435000 -0.455000 0.335831
v -0.425000 -0.455000 0.335831
v -0.415000 -0.455000 0.345039
v -0.405000 -0.455000 0.345039
v -0.395000 -0.455000 0.345039
v -0.385000 -0.455000 0.345039
v -0.375000 -0.455000 0.345039
v -0.365000 -0.455000 0.345039
v -0.355000 -0.455000 0.345039
v -0.345000 -0.455000 0.345039
v -0.335000 -0.455000 0.345039
v -0.325000 -0.455000 0.345039
v -0.315000 -0.455000 0.345039
v -0.305000 -0.455000 0.345039
v -0.295000 -0.455000 0.345039
v -0.285000 -0.455000 0.345039
v -0.275000 -0.455000 0.345039
v -0.265000 -0.455000 0.345039
v -0.255000 -0.455000 0.345039
v -0.245000 -0.455000 0.345039
v -0.235000 -0.455000 0.345039
v -0.225000 -0.455000 0.345039
v -0.215000 -0.455000 0.345039
v -0.205000 -0.455000 0.335831
v -0.195000 -0.455000 0.335831
v -0.185000 -0.455000 0.335831
v -0.175000 -0.455000 0.326624
v -0.165000 -0.455000 0.326624
v -0.155000 -0.455000 0.317416
v -0.145000 -0.455000 0.317416
v -0.135000 -0.455000 0.308208
v -0.125000 -0.455000 0.299000
v -0.115000 -0.455000 0.299000
v -0.105000 -0.455000 0.295482
v -0.095000 -0.455000 0.290792
v -0.085000 -0.455000 0.286102
v -0.075000 -0.455000 0.281412
v -0.065000 -0.455000 0.272031
v -0.055000 -0.455000 0.272031
v -0.045000 -0.455000 0.267341
v -0.035000 -0.455000 0.262651
v -0.025000 -0.455000 0.257961
v -0.015000 -0.455000 0.248580
v -0.005000 -0.455000 0.248580
v 0.005000 -0.455000 0.243890
v 0.015000 -0.455000 0.243890
v 0.025000 -0.455000 0.057224
v -0.645000 -0.445000 0.057224
v -0.635000 -0.445000 0.257961
v -0.625000 -0.445000 0.257961
v -0.615000 -0.445000 0.262651
v -0.605000 -0.445000 0.267341
v -0.595000 -0.445000 0.272031
v -0.585000 -0.445000 0.276722
v -0.575000 -0.445000 0.286102
v -0.565000 -0.445000 0.290792
v -0.555000 -0.445000 0.295482
v -0.545000 -0.445000 0.299000
v -0.535000 -0.445000 0.299000
v -0.525000 -0.445000 0.299000
v -0.515000 -0.445000 0.308208
v -0.505000 -0.445000 0.317416
v -0.495000 -0.445000 0.317416
v -0.485000 -0.445000 0.326624
v -0.475000 -0.445000 0.326624
v -0.465000 -0.445000 0.326624
v -0.455000 -0.445000 0.335831
v -0.445000 -0.445000 0.335831
v -0.435000 -0.445000 0.335831
v -0.425000 -0.445000 0.335831
v -0.415000 -0.445000 0.345039
v -0.405000 -0.445000 0.345039
v -0.395000 -0.445000 0.345039
v -0.385000 -0.445000 0.345039
v -0.375000 -0.445000 0.345039
v -0.365000 -0.445000 0.345039
v -0.355000 -0.445000 0.345039
v -0.345000 -0.445000 0.345039
v -0.335000 -0.445000 0.345039
v -0.325000 -0.445000 0.345039
v -0.315000 -0.445000 0.345039
v -0.305000 -0.445000 0.345039
v -0.295000 -0.445000 0.345039
v -0.285000 -0.445000 0.345039
v -0.275000 -0.445000 0.345039
v -0.265000 -0.445000 0.345039
v -0.255000 -0.445000 0.345039
v -0.245000 -0.445000 0.345039
v -0.235000 -0.445000 0.345039
v -0.225000 -0.445000 0.345039
v -0.215000 -0.445000 0.335831
v -0.205000 -0.445000 0.335831
v -0.195000 -0.445000 0.335831
v -0.185000 -0.445000 0.326624
v -0.175000 -0.445000 0.326624
v -0.165000 -0.445000 0.317416
v -0.155000 -0.445000 0.317416
v -0.145000 -0.445000 0.308208
v -0.135000 -0.445000 0.308208
v -0.125000 -0.445000 0.299000
v -0.115000 -0.445000 0.295482
v -0.105000 -0.445000 0.290792
v -0.095000 -0.445000 0.290792
v -0.085000 -0.445000 0.281412
v -0.075000 -0.445000 0.276722
v -0.065000 -0.445000 0.272031
v -0.055000 -0.445000 0.267341
v -0.045000 -0.445000 0.262651
v -0.035000 -0.445000 0.257961
v -0.025000 -0.445000 0.253271
v -0.015000 -0.445000 0.248580
v -0.005000 -0.445000 0.243890
v 0.005000 -0.445000 0.248580
v 0.015000 -0.445000 0.057224
v -0.645000 -0.435000 0.057224
v -0.635000 -0.435000 0.253271
v -0.625000 -0.435000 0.257961
v -0.615000 -0.435000 0.267341
v -0.605000 -0.435000 0.272031
v -0.595000 -0.435000 0.276722
v -0.585000 -0.435000 0.281412
v -0.575000 -0.435000 0.290792
v -0.565000 -0.435000 0.295482
v -0.555000 -0.435000 0.295482
v -0.545000 -0.435000 0.299000
v -0.535000 -0.435000 0.299000
v -0.525000 -0.435000 0.299000
v -0.515000 -0.435000 0.308208
v -0.505000 -0.435000 0.317416
v -0.495000 -0.435000 0.326624
v -0.485000 -0.435000 0.326624
v -0.475000 -0.435000 0.326624
v -0.465000 -0.435000 0.326624
v -0.455000 -0.435000 0.335831
v -0.445000 -0.435000 0.335831
v -0.435000 -0.435000 0.335831
v -0.425000 -0.435000 0.335831
v -0.415000 -0.435000 0.345039
v -0.405000 -0.435000 0.345039
v -0.395000 -0.435000 0.345039
v -0.385000 -0.435000 0.345039
v -0.375000 -0.435000 0.345039
v -0.365000 -0.435000 0.345039
v -0.355000 -0.435000 0.345039
v -0.345000 -0.435000 0.345039
v -0.335000 -0.435000 0.345039
v -0.325000 -0.435000 0.345039
v -0.315000 -0.435000 0.345039
v -0.305000 -0.435000 0.345039
v -0.295000 -0.435000 0.345039
v -0.285000 -0.435000 0.345039
v -0.275000 -0.435000 0.345039
v -0.265000 -0.435000 0.345039
v -0.255000 -0.435000 0.345039
v -0.245000 -0.435000 0.345039
v -0.235000 -0.435000 0.345039
v -0.225000 -0.435000 0.335831
v -0.215000 -0.435000 0.335831
v -0.205000 -0.435000 0.335831
v -0.195000 -0.435000 0.335831
v -0.185000 -0.435000 0.326624
v -0.175000 -0.435000 0.326624
v -0.165000 -0.435000 0.317416
v -0.155000 -0.435000 0.317416
v -0.145000 -0.435000 0.308208
v -0.135000 -0.435000 0.308208
v -0.125000 -0.435000 0.299000
v -0.115000 -0.435000 0.295482
v -0.105000 -0.435000 0.290792
v -0.095000 -0.435000 0.286102
v -0.085000 -0.435000 0.281412
v -0.075000 -0.435000 0.272031
v -0.065000 -0.435000 0.272031
v -0.055000 -0.435000 0.267341
v -0.045000 -0.435000 0.262651
v -0.035000 -0.435000 0.257961
v -0.025000 -0.435000 0.253271
v -0.015000 -0.435000 0.248580
v -0.005000 -0.435000 0.243890
v 0.005000 -0.435000 0.057224
v -0.645000 -0.425000 0.057224
v -0.635000 -0.425000 0.257961
v -0.625000 -0.425000 0.262651
v -0.615000 -0.425000 0.272031
v -0.605000 -0.425000 0.276722
v -0.595000 -0.425000 0.276722
v -0.585000 -0.425000 0.281412
v -0.575000 -0.425000 0.290792
v -0.565000 -0.425000 0.295482
v -0.555000 -0.425000 0.299000
v -0.545000 -0.425000 0.299000
v -0.535000 -0.425000 0.299000
v -0.525000 -0.425000 0.308208
v -0.515000 -0.425000 0.317416
v -0.505000 -0.425000 0.317416
v -0.495000 -0.425000 0.326624
v -0.485000 -0.425000 0.326624
v -0.475000 -0.425000 0.326624
v -0.465000 -0.425000 0.335831
v -0.455000 -0.425000 0.335831
v -0.445000 -0.425000 0.335831
v -0.435000 -0.425000 0.335831
v -0.425000 -0.425000 0.335831
v -0.415000 -0.425000 0.345039
v -0.405000 -0.425000 0.345039
v -0.395000 -0.425000 0.345039
v -0.385000 -0.425000 0.345039
v -0.375000 -0.425000 0.345039
v -0.365000 -0.425000 0.345039
v -0.355000 -0.425000 0.345039
v -0.345000 -0.425000 0.345039
v -0.335000 -0.425000 0.345039
v -0.325000 -0.425000 0.345039
v -0.315000 -0.425000 0.345039
v -0.305000 -0.425000 0.345039
v -0.295000 -0.425000 0.345039
v -0.285000 -0.425000 0.345039
v -0.275000 -0.425000 0.345039
v -0.265000 -0.425000 0.345039
v -0.255000 -0.425000 0.345039
v -0.245000 -0.425000 0.345039
v -0.235000 -0.425000 0.335831
v -0.225000 -0.425000 0.335831
v -0.215000 -0.425000 0.335831
v -0.205000 -0.425000 0.335831
v -0.195000 -0.425000 0.326624
v -0.185000 -0.425000 0.326624
v -0.175000 -0.425000 0.317416
v -0.165000 -0.425000 0.317416
v -0.155000 -0.425000 0.317416
v -0.145000 -0.425000 0.308208
v -0.135000 -0.425000 0.299000
v -0.125000 -0.425000 0.295482
v -0.115000 -0.425000 0.295482
v -0.105000 -0.425000 0.286102
v -0.095000 -0.425000 0.286102
v -0.085000 -0.425000 0.276722
v -0.075000 -0.425000 0.272031
v -0.065000 -0.425000 0.267341
v -0.055000 -0.425000 0.262651
v -0.045000 -0.425000 0.257961
v -0.035000 -0.425000 0.253271
v -0.025000 -0.425000 0.253271
v -0.015000 -0.425000 0.248580
v -0.005000 -0.425000 0.057224
v -0.645000 -0.415000 0.057224
v -0.635000 -0.415000 0.262651
v -0.625000 -0.415000 0.267341
v -0.615000 -0.415000 0.276722
v -0.605000 -0.415000 0.281412
v -0.595000 -0.415000 0.286102
v -0.585000 -0.415000 0.290792
v -0.575000 -0.415000 0.295482
v -0.565000 -0.415000 0.295482
v -0.555000 -0.415000 0.299000
v -0.545000 -0.415000 0.299000
v -0.535000 -0.415000 0.308208
v -0.525000 -0.415000 0.308208
v -0.515000 -0.415000 0.317416
v -0.505000 -0.415000 0.326624
v -0.495000 -0.415000 0.326624
v -0.485000 -0.415000 0.326624
v -0.475000 -0.415000 0.326624
v -0.465000 -0.415000 0.335831
v -0.455000 -0.415000 0.335831
v -0.445000 -0.415000 0.335831
v -0.435000 -0.415000 0.335831
v -0.425000 -0.415000 0.335831
v -0.415000 -0.415000 0.345039
v -0.405000 -0.415000 0.345039
v -0.395000 -0.415000 0.345039
v -0.385000 -0.415000 0.345039
v -0.375000 -0.415000 0.345039
v -0.365000 -0.415000 0.345039
v -0.355000 -0.415000 0.345039
v -0.345000 -0.415000 0.345039
v -0.335000 -0.415000 0.345039
v -0.325000 -0.415000 0.345039
v -0.315000 -0.415000 0.345039
v -0.305000 -0.415000 0.345039
v -0.295000 -0.415000 0.345039
v -0.285000 -0.415000 0.345039
v -0.275000 -0.415000 0.345039
v -0.265000 -0.415000 0.345039
v -0.255000 -0.415000 0.345039
v -0.245000 -0.415000 0.335831
v -0.235000 -0.415000 0.335831
v -0.225000 -0.415000 0.335831
v -0.215000 -0.415000 0.326624
v -0.205000 -0.415000 0.326624
v -0.195000 -0.415000 0.326624
v -0.185000 -0.415000 0.317416
v -0.175000 -0.415000 0.317416
v -0.165000 -0.415000 0.317416
v -0.155000 -0.415000 0.308208
v -0.145000 -0.415000 0.299000
v -0.135000 -0.415000 0.299000
v -0.125000 -0.415000 0.295482
v -0.115000 -0.415000 0.290792
v -0.105000 -0.415000 0.286102
v -0.095000 -0.415000 0.281412
v -0.085000 -0.415000 0.276722
v -0.075000 -0.415000 0.272031
v -0.065000 -0.415000 0.267341
v -0.055000 -0.415000 0.262651
v -0.045000 -0.415000 0.257961
v -0.035000 -0.415000 0.253271
v -0.025000 -0.415000 0.248580
v -0.015000 -0.415000 0.248580
v -0.005000 -0.415000 0.057224
v -0.655000 -0.405000 0.057224
v -0.645000 -0.405000 0.262651
v -0.635000 -0.405000 0.267341
v -0.625000 -0.405000 0.276722
v -0.615000 -0.405000 0.281412
v -0.605000 -0.405000 0.286102
v -0.595000 -0.405000 0.290792
v -0.585000 -0.405000 0.290792
v -0.575000 -0.405000 0.295482
v -0.565000 -0.405000 0.295482
v -0.555000 -0.405000 0.295482
v -0.545000 -0.405000 0.299000
v -0.535000 -0.405000 0.308208
v -0.525000 -0.405000 0.308208
v -0.515000 -0.405000 0.317416
v -0.505000 -0.405000 0.326624
v -0.495000 -0.405000 0.326624
v -0.485000 -0.405000 0.326624
v -0.475000 -0.405000 0.335831
v -0.465000 -0.405000 0.335831
v -0.455000 -0.405000 0.335831
v -0.445000 -0.405000 0.335831
v -0.435000 -0.405000 0.335831
v -0.425000 -0.405000 0.335831
v -0.415000 -0.405000 0.345039
v -0.405000 -0.405000 0.345039
v -0.395000 -0.405000 0.345039
v -0.385000 -0.405000 0.345039
v -0.375000 -0.405000 0.345039
v -0.365000 -0.405000 0.345039
v -0.355000 -0.405000 0.345039
v -0.345000 -0.405000 0.345039
v -0.335000 -0.405000 0.345039
v -0.325000 -0.405000 0.345039
v -0.315000 -0.405000 0.345039
v -0.305000 -0.405000 0.345039
v -0.295000 -0.405000 0.345039
v -0.285000 -0.405000 0.345039
v -0.275000 -0.405000 0.345039
v -0.265000 -0.405000 0.345039
v -0.255000 -0.405000 0.335831
v -0.245000 -0.405000 0.335831
v -0.235000 -0.405000 0.335831
v -0.225000 -0.405000 0.335831
v -0.215000 -0.405000 0.326624
v -0.205000 -0.405000 0.326624
v -0.195000 -0.405000 0.326624
v -0.185000 -0.405000 0.317416
v -0.175000 -0.405000 0.317416
v -0.165000 -0.405000 0.308208
v -0.155000 -0.405000 0.308208
v -0.145000 -0.405000 0.299000
v -0.135000 -0.405000 0.299000
v -0.125000 -0.405000 0.290792
v -0.115000 -0.405000 0.290792
v -0.105000 -0.405000 0.286102
v -0.095000 -0.405000 0.276722
v -0.085000 -0.405000 0.272031
v -0.075000 -0.405000 0.267341
v -0.065000 -0.405000 0.267341
v -0.055000 -0.405000 0.262651
v -0.045000 -0.405000 0.253271
v -0.035000 -0.405000 0.253271
v -0.025000 -0.405000 0.248580
v -0.015000 -0.405000 0.057224
v -0.665000 -0.395000 0.057224
v -0.655000 -0.395000 0.248580
v -0.645000 -0.395000 0.262651
v -0.635000 -0.395000 0.272031
v -0.625000 -0.395000 0.281412
v -0.615000 -0.395000 0.281412
v -0.605000 -0.395000 0.286102
v -0.595000 -0.395000 0.290792
v -0.585000 -0.395000 0.295482
v -0.575000 -0.395000 0.295482
v -0.565000 -0.395000 0.295482
v -0.555000 -0.395000 0.295482
v -0.545000 -0.395000 0.299000
v -0.535000 -0.395000 0.308208
v -0.525000 -0.395000 0.308208
v -0.515000 -0.395000 0.317416
v -0.505000 -0.395000 0.326624
v -0.495000 -0.395000 0.326624
v -0.485000 -0.395000 0.326624
v -0.475000 -0.395000 0.335831
v -0.465000 -0.395000 0.335831
v -0.455000 -0.395000 0.335831
v -0.445000 -0.395000 0.335831
v -0.435000 -0.395000 0.335831
v -0.425000 -0.395000 0.335831
v -0.415000 -0.395000 0.345039
v -0.405000 -0.395000 0.345039
v -0.395000 -0.395000 0.345039
v -0.385000 -0.395000 0.345039
v -0.375000 -0.395000 0.345039
v -0.365000 -0.395000 0.345039
v -0.355000 -0.395000 0.345039
v -0.345000 -0.395000 0.345039
v -0.335000 -0.395000 0.345039
v -0.325000 -0.395000 0.345039
v -0.315000 -0.395000 0.345039
v -0.305000 -0.395000 0.345039
v -0.295000 -0.395000 0.345039
v -0.285000 -0.395000 0.345039
v -0.275000 -0.395000 0.345039
v -0.265000 -0.395000 0.335831
v -0.255000 -0.395000 0.335831
v -0.245000 -0.395000 0.335831
v -0.235000 -0.395000 0.335831
v -0.225000 -0.395000 0.326624
v -0.215000 -0.395000 0.326624
v -0.205000 -0.395000 0.326624
v -0.195000 -0.395000 0.317416
v -0.185000 -0.395000 0.317416
v -0.175000 -0.395000 0.308208
v -0.165000 -0.395000 0.308208
v -0.155000 -0.395000 0.299000
v -0.145000 -0.395000 0.299000
v -0.135000 -0.395000 0.295482
v -0.125000 -0.395000 0.290792
v -0.115000 -0.395000 0.286102
v -0.105000 -0.395000 0.281412
v -0.095000 -0.395000 0.272031
v -0.085000 -0.395000 0.272031
v -0.075000 -0.395000 0.267341
v -0.065000 -0.395000 0.262651
v -0.055000 -0.395000 0.257961
v -0.045000 -0.395000 0.253271
v -0.035000 -0.395000 0.248580
v -0.025000 -0.395000 0.248580
v -0.015000 -0.395000 0.057224
v -0.665000 -0.385000 0.057224
v -0.655000 -0.385000 0.253271
v -0.645000 -0.385000 0.267341
v -0.635000 -0.385000 0.276722
v -0.625000 -0.385000 0.281412
v -0.615000 -0.385000 0.286102
v -0.605000 -0.385000 0.290792
v -0.595000 -0.385000 0.295482
v -0.585000 -0.385000 0.295482
v -0.575000 -0.385000 0.295482
v -0.565000 -0.385000 0.295482
v -0.555000 -0.385000 0.295482
v -0.545000 -0.385000 0.299000
v -0.535000 -0.385000 0.308208
v -0.525000 -0.385000 0.308208
v -0.515000 -0.385000 0.317416
v -0.505000 -0.385000 0.326624
v -0.495000 -0.385000 0.326624
v -0.485000 -0.385000 0.326624
v -0.475000 -0.385000 0.335831
v -0.465000 -0.385000 0.335831
v -0.455000 -0.385000 0.335831
v -0.445000 -0.385000 0.335831
v -0.435000 -0.385000 0.335831
v -0.425000 -0.385000 0.345039
v -0.415000 -0.385000 0.345039
v -0.405000 -0.385000 0.345039
v -0.395000 -0.385000 0.345039
v -0.385000 -0.385000 0.345039
v -0.375000 -0.385000 0.345039
v -0.365000 -0.385000 0.345039
v -0.355000 -0.385000 0.345039
v -0.345000 -0.385000 0.345039
v -0.335000 -0.385000 0.345039
v -0.325000 -0.385000 0.345039
v -0.315000 -0.385000 0.345039
v -0.305000 -0.385000 0.345039
v -0.295000 -0.385000 0.345039
v -0.285000 -0.385000 0.345039
v -0.275000 -0.385000 0.335831
v -0.265000 -0.385000 0.335831
v -0.255000 -0.385000 0.335831
v -0.245000 -0.385000 0.335831
v -0.235000 -0.385000 0.335831
v -0.225000 -0.385000 0.326624
v -0.215000 -0.385000 0.326624
v -0.205000 -0.385000 0.317416
v -0.195000 -0.385000 0.317416
v -0.185000 -0.385000 0.317416
v -0.175000 -0.385000 0.308208
v -0.165000 -0.385000 0.299000
v -0.155000 -0.385000 0.299000
v -0.145000 -0.385000 0.295482
v -0.135000 -0.385000 0.290792
v -0.125000 -0.385000 0.290792
v -0.115000 -0.385000 0.286102
v -0.105000 -0.385000 0.281412
v -0.095000 -0.385000 0.272031
v -0.085000 -0.385000 0.267341
v -0.075000 -0.385000 0.262651
v -0.065000 -0.385000 0.262651
v -0.055000 -0.385000 0.257961
v -0.045000 -0.385000 0.248580
v -0.035000 -0.385000 0.248580
v -0.025000 -0.385000 0.057224
v -0.685000 -0.375000 0.057224
v -0.675000 -0.375000 0.057224
v -0.665000 -0.375000 0.253271
v -0.655000 -0.375000 0.262651
v -0.645000 -0.375000 0.272031
v -0.635000 -0.375000 0.281412
v -0.625000 -0.375000 0.286102
v -0.615000 -0.375000 0.286102
v -0.605000 -0.375000 0.290792
v -0.595000 -0.375000 0.295482
v -0.585000 -0.375000 0.295482
v -0.575000 -0.375000 0.295482
v -0.565000 -0.375000 0.295482
v -0.555000 -0.375000 0.295482
v -0.545000 -0.375000 0.299000
v -0.535000 -0.375000 0.308208
v -0.525000 -0.375000 0.317416
v -0.515000 -0.375000 0.326624
v -0.505000 -0.375000 0.326624
v -0.495000 -0.375000 0.326624
v -0.485000 -0.375000 0.335831
v -0.475000 -0.375000 0.335831
v -0.465000 -0.375000 0.335831
v -0.455000 -0.375000 0.335831
v -0.445000 -0.375000 0.335831
v -0.435000 -0.375000 0.335831
v -0.425000 -0.375000 0.345039
v -0.415000 -0.375000 0.345039
v -0.405000 -0.375000 0.345039
v -0.395000 -0.375000 0.345039
v -0.385000 -0.375000 0.345039
v -0.375000 -0.375000 0.345039
v -0.365000 -0.375000 0.345039
v -0.355000 -0.375000 0.345039
v -0.345000 -0.375000 0.345039
v -0.335000 -0.375000 0.345039
v -0.325000 -0.375000 0.345039
v -0.315000 -0.375000 0.345039
v -0.305000 -0.375000 0.345039
v -0.295000 -0.375000 0.345039
v -0.285000 -0.375000 0.335831
v -0.275000 -0.375000 0.335831
v -0.265000 -0.375000 0.335831
v -0.255000 -0.375000 0.335831
v -0.245000 -0.375000 0.335831
v -0.235000 -0.375000 0.326624
v -0.225000 -0.375000 0.326624
v -0.215000 -0.375000 0.326624
v -0.205000 -0.375000 0.317416
v -0.195000 -0.375000 0.317416
v -0.185000 -0.375000 0.308208
v -0.175000 -0.375000 0.308208
v -0.165000 -0.375000 0.299000
v -0.155000 -0.375000 0.295482
v -0.145000 -0.375000 0.295482
v -0.135000 -0.375000 0.290792
v -0.125000 -0.375000 0.286102
v -0.115000 -0.375000 0.281412
v -0.105000 -0.375000 0.276722
v -0.095000 -0.375000 0.267341
v -0.085000 -0.375000 0.262651
v -0.075000 -0.375000 0.262651
v -0.065000 -0.375000 0.257961
v -0.055000 -0.375000 0.253271
v -0.045000 -0.375000 0.248580
v -0.035000 -0.375000 0.057224
v -0.695000 -0.365000 0.057224
v -0.685000 -0.365000 0.239200
v -0.675000 -0.365000 0.253271
v -0.665000 -0.365000 0.257961
v -0.655000 -0.365000 0.267341
v -0.645000 -0.365000 0.272031
v -0.635000 -0.365000 0.281412
v -0.625000 -0.365000 0.290792
v -0.615000 -0.365000 0.290792
v -0.605000 -0.365000 0.290792
v -0.595000 -0.365000 0.295482
v -0.585000 -0.365000 0.295482
v -0.575000 -0.365000 0.295482
v -0.565000 -0.365000 0.295482
v -0.555000 -0.365000 0.299000
v -0.545000 -0.365000 0.299000
v -0.535000 -0.365000 0.308208
v -0.525000 -0.365000 0.317416
v -0.515000 -0.365000 0.326624
v -0.505000 -0.365000 0.326624
v -0.495000 -0.365000 0.335831
v -0.485000 -0.365000 0.335831
v -0.475000 -0.365000 0.335831
v -0.465000 -0.365000 0.335831
v -0.455000 -0.365000 0.335831
v -0.445000 -0.365000 0.335831
v -0.435000 -0.365000 0.345039
v -0.425000 -0.365000 0.345039
v -0.415000 -0.365000 0.345039
v -0.405000 -0.365000 0.345039
v -0.395000 -0.365000 0.345039
v -0.385000 -0.365000 0.345039
v -0.375000 -0.365000 0.345039
v -0.365000 -0.365000 0.345039
v -0.355000 -0.365000 0.345039
v -0.345000 -0.365000 0.345039
v -0.335000 -0.365000 0.345039
v -0.325000 -0.365000 0.345039
v -0.315000 -0.365000 0.345039
v -0.305000 -0.365000 0.345039
v -0.295000 -0.365000 0.335831
v -0.285000 -0.365000 0.335831
v -0.275000 -0.365000 0.335831
v -0.265000 -0.365000 0.335831
v -0.255000 -0.365000 0.335831
v -0.245000 -0.365000 0.335831
v -0.235000 -0.365000 0.326624
v -0.225000 -0.365000 0.326624
v -0.215000 -0.365000 0.317416
v -0.205000 -0.365000 0.317416
v -0.195000 -0.365000 0.308208
v -0.185000 -0.365000 0.308208
v -0.175000 -0.365000 0.308208
v -0.165000 -0.365000 0.299000
v -0.155000 -0.365000 0.295482
v -0.145000 -0.365000 0.290792
v -0.135000 -0.365000 0.290792
v -0.125000 -0.365000 0.286102
v -0.115000 -0.365000 0.276722
v -0.105000 -0.365000 0.272031
v -0.095000 -0.365000 0.267341
v -0.085000 -0.365000 0.262651
v -0.075000 -0.365000 0.262651
v -0.065000 -0.365000 0.257961
v -0.055000 -0.365000 0.253271
v -0.045000 -0.365000 0.057224
v -0.695000 -0.355000 0.057224
v -0.685000 -0.355000 0.243890
v -0.675000 -0.355000 0.257961
v -0.665000 -0.355000 0.262651
v -0.655000 -0.355000 0.267341
v -0.645000 -0.355000 0.276722
v -0.635000 -0.355000 0.286102
v -0.625000 -0.355000 0.290792
v -0.615000 -0.355000 0.295482
v -0.605000 -0.355000 0.295482
v -0.595000 -0.355000 0.295482
v -0.585000 -0.355000 0.295482
v -0.575000 -0.355000 0.295482
v -0.565000 -0.355000 0.299000
v -0.555000 -0.355000 0.308208
v -0.545000 -0.355000 0.308208
v -0.535000 -0.355000 0.317416
v -0.525000 -0.355000 0.317416
v -0.515000 -0.355000 0.326624
v -0.505000 -0.355000 0.335831
v -0.495000 -0.355000 0.335831
v -0.485000 -0.355000 0.335831
v -0.475000 -0.355000 0.335831
v -0.465000 -0.355000 0.335831
v -0.455000 -0.355000 0.335831
v -0.445000 -0.355000 0.335831
v -0.435000 -0.355000 0.345039
v -0.425000 -0.355000 0.345039
v -0.415000 -0.355000 0.345039
v -0.405000 -0.355000 0.345039
v -0.395000 -0.355000 0.345039
v -0.385000 -0.355000 0.345039
v -0.375000 -0.355000 0.345039
v -0.365000 -0.355000 0.345039
v -0.355000 -0.355000 0.345039
v -0.345000 -0.355000 0.345039
v -0.335000 -0.355000 0.345039
v -0.325000 -0.355000 0.345039
v -0.315000 -0.355000 0.345039
v -0.305000 -0.355000 0.335831
v -0.295000 -0.355000 0.335831
v -0.285000 -0.355000 0.335831
v -0.275000 -0.355000 0.335831
v -0.265000 -0.355000 0.335831
v -0.255000 -0.355000 0.335831
v -0.245000 -0.355000 0.326624
v -0.235000 -0.355000 0.326624
v -0.225000 -0.355000 0.326624
v -0.215000 -0.355000 0.317416
v -0.205000 -0.355000 0.317416
v -0.195000 -0.355000 0.308208
v -0.185000 -0.355000 0.308208
v -0.175000 -0.355000 0.299000
v -0.165000 -0.355000 0.299000
v -0.155000 -0.355000 0.295482
v -0.145000 -0.355000 0.290792
v -0.135000 -0.355000 0.286102
v -0.125000 -0.355000 0.286102
v -0.115000 -0.355000 0.276722
v -0.105000 -0.355000 0.267341
v -0.095000 -0.355000 0.267341
v -0.085000 -0.355000 0.262651
v -0.075000 -0.355000 0.257961
v -0.065000 -0.355000 0.253271
v -0.055000 -0.355000 0.253271
v -0.045000 -0.355000 0.057224
v -0.685000 -0.345000 0.057224
v -0.675000 -0.345000 0.057224
v -0.665000 -0.345000 0.272031
v -0.655000 -0.345000 0.276722
v -0.645000 -0.345000 0.281412
v -0.635000 -0.345000 0.286102
v -0.625000 -0.345000 0.295482
v -0.615000 -0.345000 0.295482
v -0.605000 -0.345000 0.295482
v -0.595000 -0.345000 0.295482
v -0.585000 -0.345000 0.299000
v -0.575000 -0.345000 0.299000
v -0.565000 -0.345000 0.308208
v -0.555000 -0.345000 0.308208
v -0.545000 -0.345000 0.317416
v -0.535000 -0.345000 0.317416
v -0.525000 -0.345000 0.326624
v -0.515000 -0.345000 0.326624
v -0.505000 -0.345000 0.335831
v -0.495000 -0.345000 0.335831
v -0.485000 -0.345000 0.335831
v -0.475000 -0.345000 0.335831
v -0.465000 -0.345000 0.335831
v -0.455000 -0.345000 0.335831
v -0.445000 -0.345000 0.335831
v -0.435000 -0.345000 0.345039
v -0.425000 -0.345000 0.345039
v -0.415000 -0.345000 0.345039
v -0.405000 -0.345000 0.345039
v -0.395000 -0.345000 0.345039
v -0.385000 -0.345000 0.345039
v -0.375000 -0.345000 0.345039
v -0.365000 -0.345000 0.345039
v -0.355000 -0.345000 0.345039
v -0.345000 -0.345000 0.345039
v -0.335000 -0.345000 0.345039
v -0.325000 -0.345000 0.345039
v -0.315000 -0.345000 0.335831
v -0.305000 -0.345000 0.335831
v -0.295000 -0.345000 0.335831
v -0.285000 -0.345000 0.335831
v -0.275000 -0.345000 0.335831
v -0.265000 -0.345000 0.335831
v -0.255000 -0.345000 0.326624
v -0.245000 -0.345000 0.326624
v -0.235000 -0.345000 0.326624
v -0.225000 -0.345000 0.326624
v -0.215000 -0.345000 0.317416
v -0.205000 -0.345000 0.317416
v -0.195000 -0.345000 0.308208
v -0.185000 -0.345000 0.308208
v -0.175000 -0.345000 0.299000
v -0.165000 -0.345000 0.295482
v -0.155000 -0.345000 0.290792
v -0.145000 -0.345000 0.290792
v -0.135000 -0.345000 0.286102
v -0.125000 -0.345000 0.281412
v -0.115000 -0.345000 0.272031
v -0.105000 -0.345000 0.267341
v -0.095000 -0.345000 0.262651
v -0.085000 -0.345000 0.257961
v -0.075000 -0.345000 0.257961
v -0.065000 -0.345000 0.253271
v -0.055000 -0.345000 0.057224
v -0.685000 -0.335000 0.057224
v -0.675000 -0.335000 0.272031
v -0.665000 -0.335000 0.286102
v -0.655000 -0.335000 0.281412
v -0.645000 -0.335000 0.290792
v -0.635000 -0.335000 0.290792
v -0.625000 -0.335000 0.295482
v -0.615000 -0.335000 0.299000
v -0.605000 -0.335000 0.295482
v -0.595000 -0.335000 0.295482
v -0.585000 -0.335000 0.299000
v -0.575000 -0.335000 0.308208
v -0.565000 -0.335000 0.308208
v -0.555000 -0.335000 0.317416
v -0.545000 -0.335000 0.326624
v -0.535000 -0.335000 0.326624
v -0.525000 -0.335000 0.326624
v -0.515000 -0.335000 0.335831
v -0.505000 -0.335000 0.335831
v -0.495000 -0.335000 0.335831
v -0.485000 -0.335000 0.335831
v -0.475000 -0.335000 0.335831
v -0.465000 -0.335000 0.335831
v -0.455000 -0.335000 0.335831
v -0.445000 -0.335000 0.345039
v -0.435000 -0.335000 0.345039
v -0.425000 -0.335000 0.345039
v -0.415000 -0.335000 0.345039
v -0.405000 -0.335000 0.345039
v -0.395000 -0.335000 0.345039
v -0.385000 -0.335000 0.345039
v -0.375000 -0.335000 0.345039
v -0.365000 -0.335000 0.345039
v -0.355000 -0.335000 0.345039
v -0.345000 -0.335000 0.345039
v -0.335000 -0.335000 0.345039
v -0.325000 -0.335000 0.335831
v -0.315000 -0.335000 0.335831
v -0.305000 -0.335000 0.335831
v -0.295000 -0.335000 0.335831
v -0.285000 -0.335000 0.335831
v -0.275000 -0.335000 0.335831
v -0.265000 -0.335000 0.335831
v -0.255000 -0.335000 0.326624
v -0.245000 -0.335000 0.326624
v -0.235000 -0.335000 0.326624
v -0.225000 -0.335000 0.317416
v -0.215000 -0.335000 0.317416
v -0.205000 -0.335000 0.317416
v -0.195000 -0.335000 0.308208
v -0.185000 -0.335000 0.299000
v -0.175000 -0.335000 0.299000
v -0.165000 -0.335000 0.295482
v -0.155000 -0.335000 0.290792
v -0.145000 -0.335000 0.286102
v -0.135000 -0.335000 0.286102
v -0.125000 -0.335000 0.281412
v -0.115000 -0.335000 0.272031
v -0.105000 -0.335000 0.267341
v -0.095000 -0.335000 0.262651
v -0.085000 -0.335000 0.257961
v -0.075000 -0.335000 0.253271
v -0.065000 -0.335000 0.253271
v -0.055000 -0.335000 0.057224
v -0.685000 -0.325000 0.057224
v -0.675000 -0.325000 0.276722
v -0.665000 -0.325000 0.281412
v -0.655000 -0.325000 0.286102
v -0.645000 -0.325000 0.290792
v -0.635000 -0.325000 0.295482
v -0.625000 -0.325000 0.295482
v -0.615000 -0.325000 0.295482
v -0.605000 -0.325000 0.299000
v -0.595000 -0.325000 0.299000
v -0.585000 -0.325000 0.308208
v -0.575000 -0.325000 0.317416
v -0.565000 -0.325000 0.317416
v -0.555000 -0.325000 0.326624
v -0.545000 -0.325000 0.326624
v -0.535000 -0.325000 0.326624
v -0.525000 -0.325000 0.335831
v -0.515000 -0.325000 0.335831
v -0.505000 -0.325000 0.335831
v -0.495000 -0.325000 0.335831
v -0.485000 -0.325000 0.335831
v -0.475000 -0.325000 0.335831
v -0.465000 -0.325000 0.335831
v -0.455000 -0.325000 0.345039
v -0.445000 -0.325000 0.345039
v -0.435000 -0.325000 0.345039
v -0.425000 -0.325000 0.345039
v -0.415000 -0.325000 0.345039
v -0.405000 -0.325000 0.345039
v -0.395000 -0.325000 0.345039
v -0.385000 -0.325000 0.345039
v -0.375000 -0.325000 0.345039
v -0.365000 -0.325000 0.345039
v -0.355000 -0.325000 0.345039
v -0.345000 -0.325000 0.335831
v -0.335000 -0.325000 0.335831
v -0.325000 -0.325000 0.335831
v -0.315000 -0.325000 0.335831
v -0.305000 -0.325000 0.335831
v -0.295000 -0.325000 0.335831
v -0.285000 -0.325000 0.335831
v -0.275000 -0.325000 0.335831
v -0.265000 -0.325000 0.326624
v -0.255000 -0.325000 0.326624
v -0.245000 -0.325000 0.326624
v -0.235000 -0.325000 0.317416
v -0.225000 -0.325000 0.317416
v -0.215000 -0.325000 0.317416
v -0.205000 -0.325000 0.308208
v -0.195000 -0.325000 0.308208
v -0.185000 -0.325000 0.299000
v -0.175000 -0.325000 0.299000
v -0.165000 -0.325000 0.295482
v -0.155000 -0.325000 0.286102
v -0.145000 -0.325000 0.286102
v -0.135000 -0.325000 0.281412
v -0.125000 -0.325000 0.276722
v -0.115000 -0.325000 0.267341
v -0.105000 -0.325000 0.262651
v -0.095000 -0.325000 0.262651
v -0.085000 -0.325000 0.253271
v -0.075000 -0.325000 0.253271
v -0.065000 -0.325000 0.057224
v -0.705000 -0.315000 0.057224
v -0.695000 -0.315000 0.057224
v -0.685000 -0.315000 0.057224
v -0.675000 -0.315000 0.281412
v -0.665000 -0.315000 0.281412
v -0.655000 -0.315000 0.290792
v -0.645000 -0.315000 0.295482
v -0.635000 -0.315000 0.295482
v -0.625000 -0.315000 0.299000
v -0.615000 -0.315000 0.299000
v -0.605000 -0.315000 0.299000
v -0.595000 -0.315000 0.308208
v -0.585000 -0.315000 0.317416
v -0.575000 -0.315000 0.317416
v -0.565000 -0.315000 0.317416
v -0.555000 -0.315000 0.326624
v -0.545000 -0.315000 0.326624
v -0.535000 -0.315000 0.326624
v -0.525000 -0.315000 0.335831
v -0.515000 -0.315000 0.335831
v -0.505000 -0.315000 0.335831
v -0.495000 -0.315000 0.335831
v -0.485000 -0.315000 0.335831
v -0.475000 -0.315000 0.335831
v -0.465000 -0.315000 0.345039
v -0.455000 -0.315000 0.345039
v -0.445000 -0.315000 0.345039
v -0.435000 -0.315000 0.345039
v -0.425000 -0.315000 0.345039
v -0.415000 -0.315000 0.345039
v -0.405000 -0.315000 0.345039
v -0.395000 -0.315000 0.345039
v -0.385000 -0.315000 0.345039
v -0.375000 -0.315000 0.345039
v -0.365000 -0.315000 0.345039
v -0.355000 -0.315000 0.335831
v -0.345000 -0.315000 0.335831
v -0.335000 -0.315000 0.335831
v -0.325000 -0.315000 0.335831
v -0.315000 -0.315000 0.335831
v -0.305000 -0.315000 0.335831
v -0.295000 -0.315000 0.335831
v -0.285000 -0.315000 0.335831
v -0.275000 -0.315000 0.335831
v -0.265000 -0.315000 0.326624
v -0.255000 -0.315000 0.326624
v -0.245000 -0.315000 0.326624
v -0.235000 -0.315000 0.317416
v -0.225000 -0.315000 0.317416
v -0.215000 -0.315000 0.308208
v -0.205000 -0.315000 0.308208
v -0.195000 -0.315000 0.299000
v -0.185000 -0.315000 0.299000
v -0.175000 -0.315000 0.295482
v -0.165000 -0.315000 0.295482
v -0.155000 -0.315000 0.286102
v -0.145000 -0.315000 0.286102
v -0.135000 -0.315000 0.281412
v -0.125000 -0.315000 0.272031
v -0.115000 -0.315000 0.267341
v -0.105000 -0.315000 0.262651
v -0.095000 -0.315000 0.257961
v -0.085000 -0.315000 0.253271
v -0.075000 -0.315000 0.057224
v -0.715000 -0.305000 0.057224
v -0.705000 -0.305000 0.262651
v -0.695000 -0.305000 0.267341
v -0.685000 -0.305000 0.276722
v -0.675000 -0.305000 0.281412
v -0.665000 -0.305000 0.286102
v -0.655000 -0.305000 0.290792
v -0.645000 -0.305000 0.295482
v -0.635000 -0.305000 0.299000
v -0.625000 -0.305000 0.295482
v -0.615000 -0.305000 0.299000
v -0.605000 -0.305000 0.308208
v -0.595000 -0.305000 0.308208
v -0.585000 -0.305000 0.317416
v -0.575000 -0.305000 0.326624
v -0.565000 -0.305000 0.326624
v -0.555000 -0.305000 0.326624
v -0.545000 -0.305000 0.326624
v -0.535000 -0.305000 0.335831
v -0.525000 -0.305000 0.335831
v -0.515000 -0.305000 0.335831
v -0.505000 -0.305000 0.335831
v -0.495000 -0.305000 0.335831
v -0.485000 -0.305000 0.345039
v -0.475000 -0.305000 0.345039
v -0.465000 -0.305000 0.345039
v -0.455000 -0.305000 0.345039
v -0.445000 -0.305000 0.345039
v -0.435000 -0.305000 0.345039
v -0.425000 -0.305000 0.345039
v -0.415000 -0.305000 0.345039
v -0.405000 -0.305000 0.345039
v -0.395000 -0.305000 0.345039
v -0.385000 -0.305000 0.345039
v -0.375000 -0.305000 0.345039
v -0.365000 -0.305000 0.345039
v -0.355000 -0.305000 0.335831
v -0.345000 -0.305000 0.335831
v -0.335000 -0.305000 0.335831
v -0.325000 -0.305000 0.335831
v -0.315000 -0.305000 0.335831
v -0.305000 -0.305000 0.335831
v -0.295000 -0.305000 0.335831
v -0.285000 -0.305000 0.335831
v -0.275000 -0.305000 0.326624
v -0.265000 -0.305000 0.326624
v -0.255000 -0.305000 0.326624
v -0.245000 -0.305000 0.317416
v -0.235000 -0.305000 0.317416
v -0.225000 -0.305000 0.317416
v -0.215000 -0.305000 0.308208
v -0.205000 -0.305000 0.308208
v -0.195000 -0.305000 0.299000
v -0.185000 -0.305000 0.299000
v -0.175000 -0.305000 0.295482
v -0.165000 -0.305000 0.290792
v -0.155000 -0.305000 0.286102
v -0.145000 -0.305000 0.286102
v -0.135000 -0.305000 0.276722
v -0.125000 -0.305000 0.267341
v -0.115000 -0.305000 0.267341
v -0.105000 -0.305000 0.257961
v -0.095000 -0.305000 0.257961
v -0.085000 -0.305000 0.253271
v -0.075000 -0.305000 0.253271
v -0.065000 -0.305000 0.057224
v -0.725000 -0.295000 0.057224
v -0.715000 -0.295000 0.262651
v -0.705000 -0.295000 0.267341
v -0.695000 -0.295000 0.267341
v -0.685000 -0.295000 0.281412
v -0.675000 -0.295000 0.286102
v -0.665000 -0.295000 0.290792
v -0.655000 -0.295000 0.290792
v -0.645000 -0.295000 0.295482
v -0.635000 -0.295000 0.295482
v -0.625000 -0.295000 0.295482
v -0.615000 -0.295000 0.299000
v -0.605000 -0.295000 0.308208
v -0.595000 -0.295000 0.317416
v -0.585000 -0.295000 0.317416
v -0.575000 -0.295000 0.326624
v -0.565000 -0.295000 0.326624
v -0.555000 -0.295000 0.326624
v -0.545000 -0.295000 0.335831
v -0.535000 -0.295000 0.335831
v -0.525000 -0.295000 0.335831
v -0.515000 -0.295000 0.335831
v -0.505000 -0.295000 0.335831
v -0.495000 -0.295000 0.345039
v -0.485000 -0.295000 0.345039
v -0.475000 -0.295000 0.345039
v -0.465000 -0.295000 0.345039
v -0.455000 -0.295000 0.345039
v -0.445000 -0.295000 0.345039
v -0.435000 -0.295000 0.345039
v -0.425000 -0.295000 0.345039
v -0.415000 -0.295000 0.345039
v -0.405000 -0.295000 0.345039
v -0.395000 -0.295000 0.345039
v -0.385000 -0.295000 0.345039
v -0.375000 -0.295000 0.345039
v -0.365000 -0.295000 0.335831
v -0.355000 -0.295000 0.335831
v -0.345000 -0.295000 0.335831
v -0.335000 -0.295000 0.335831
v -0.325000 -0.295000 0.335831
v -0.315000 -0.295000 0.335831
v -0.305000 -0.295000 0.335831
v -0.295000 -0.295000 0.335831
v -0.285000 -0.295000 0.326624
v -0.275000 -0.295000 0.326624
v -0.265000 -0.295000 0.326624
v -0.255000 -0.295000 0.317416
v -0.245000 -0.295000 0.317416
v -0.235000 -0.295000 0.317416
v -0.225000 -0.295000 0.317416
v -0.215000 -0.295000 0.308208
v -0.205000 -0.295000 0.299000
v -0.195000 -0.295000 0.299000
v -0.185000 -0.295000 0.295482
v -0.175000 -0.295000 0.290792
v -0.165000 -0.295000 0.286102
v -0.155000 -0.295000 0.286102
v -0.145000 -0.295000 0.281412
v -0.135000 -0.295000 0.276722
v -0.125000 -0.295000 0.267341
v -0.115000 -0.295000 0.262651
v -0.105000 -0.295000 0.257961
v -0.095000 -0.295000 0.253271
v -0.085000 -0.295000 0.253271
v -0.075000 -0.295000 0.057224
v -0.725000 -0.285000 0.057224
v -0.715000 -0.285000 0.262651
v -0.705000 -0.285000 0.272031
v -0.695000 -0.285000 0.272031
v -0.685000 -0.285000 0.281412
v -0.675000 -0.285000 0.286102
v -0.665000 -0.285000 0.295482
v -0.655000 -0.285000 0.295482
v -0.645000 -0.285000 0.299000
v -0.635000 -0.285000 0.295482
v -0.625000 -0.285000 0.299000
v -0.615000 -0.285000 0.308208
v -0.605000 -0.285000 0.317416
v -0.595000 -0.285000 0.317416
v -0.585000 -0.285000 0.326624
v -0.575000 -0.285000 0.326624
v -0.565000 -0.285000 0.326624
v -0.555000 -0.285000 0.335831
v -0.545000 -0.285000 0.335831
v -0.535000 -0.285000 0.335831
v -0.525000 -0.285000 0.335831
v -0.515000 -0.285000 0.335831
v -0.505000 -0.285000 0.345039
v -0.495000 -0.285000 0.345039
v -0.485000 -0.285000 0.345039
v -0.475000 -0.285000 0.345039
v -0.465000 -0.285000 0.345039
v -0.455000 -0.285000 0.345039
v -0.445000 -0.285000 0.345039
v -0.435000 -0.285000 0.345039
v -0.425000 -0.285000 0.345039
v -0.415000 -0.285000 0.345039
v -0.405000 -0.285000 0.345039
v -0.395000 -0.285000 0.345039
v -0.385000 -0.285000 0.345039
v -0.375000 -0.285000 0.345039
v -0.365000 -0.285000 0.335831
v -0.355000 -0.285000 0.335831
v -0.345000 -0.285000 0.335831
v -0.335000 -0.285000 0.335831
v -0.325000 -0.285000 0.335831
v -0.315000 -0.285000 0.335831
v -0.305000 -0.285000 0.335831
v -0.295000 -0.285000 0.326624
v -0.285000 -0.285000 0.326624
v -0.275000 -0.285000 0.326624
v -0.265000 -0.285000 0.326624
v -0.255000 -0.285000 0.317416
v -0.245000 -0.285000 0.317416
v -0.235000 -0.285000 0.308208
v -0.225000 -0.285000 0.308208
v -0.215000 -0.285000 0.308208
v -0.205000 -0.285000 0.299000
v -0.195000 -0.285000 0.295482
v -0.185000 -0.285000 0.295482
v -0.175000 -0.285000 0.290792
v -0.165000 -0.285000 0.286102
v -0.155000 -0.285000 0.281412
v -0.145000 -0.285000 0.276722
v -0.135000 -0.285000 0.272031
v -0.125000 -0.285000 0.262651
v -0.115000 -0.285000 0.262651
v -0.105000 -0.285000 0.253271
v -0.095000 -0.285000 0.253271
v -0.085000 -0.285000 0.253271
v -0.075000 -0.285000 0.057224
v -0.725000 -0.275000 0.057224
v -0.715000 -0.275000 0.267341
v -0.705000 -0.275000 0.276722
v -0.695000 -0.275000 0.276722
v -0.685000 -0.275000 0.281412
v -0.675000 -0.275000 0.290792
v -0.665000 -0.275000 0.295482
v -0.655000 -0.275000 0.299000
v -0.645000 -0.275000 0.295482
v -0.635000 -0.275000 0.299000
v -0.625000 -0.275000 0.308208
v -0.615000 -0.275000 0.317416
v -0.605000 -0.275000 0.317416
v -0.595000 -0.275000 0.326624
v -0.585000 -0.275000 0.326624
v -0.575000 -0.275000 0.326624
v -0.565000 -0.275000 0.326624
v -0.555000 -0.275000 0.335831
v -0.545000 -0.275000 0.335831
v -0.535000 -0.275000 0.335831
v -0.525000 -0.275000 0.335831
v -0.515000 -0.275000 0.345039
v -0.505000 -0.275000 0.345039
v -0.495000 -0.275000 0.345039
v -0.485000 -0.275000 0.345039
v -0.475000 -0.275000 0.345039
v -0.465000 -0.275000 0.345039
v -0.455000 -0.275000 0.345039
v -0.445000 -0.275000 0.345039
v -0.435000 -0.275000 0.345039
v -0.425000 -0.275000 0.345039
v -0.415000 -0.275000 0.345039
v -0.405000 -0.275000 0.345039
v -0.395000 -0.275000 0.345039
v -0.385000 -0.275000 0.345039
v -0.375000 -0.275000 0.345039
v -0.365000 -0.275000 0.335831
v -0.355000 -0.275000 0.335831
v -0.345000 -0.275000 0.335831
v -0.335000 -0.275000 0.335831
v -0.325000 -0.275000 0.335831
v -0.315000 -0.275000 0.335831
v -0.305000 -0.275000 0.326624
v -0.295000 -0.275000 0.326624
v -0.285000 -0.275000 0.326624
v -0.275000 -0.275000 0.326624
v -0.265000 -0.275000 0.317416
v -0.255000 -0.275000 0.317416
v -0.245000 -0.275000 0.317416
v -0.235000 -0.275000 0.308208
v -0.225000 -0.275000 0.308208
v -0.215000 -0.275000 0.308208
v -0.205000 -0.275000 0.299000
v -0.195000 -0.275000 0.295482
v -0.185000 -0.275000 0.290792
v -0.175000 -0.275000 0.290792
v -0.165000 -0.275000 0.286102
v -0.155000 -0.275000 0.281412
v -0.145000 -0.275000 0.272031
v -0.135000 -0.275000 0.272031
v -0.125000 -0.275000 0.262651
v -0.115000 -0.275000 0.257961
v -0.105000 -0.275000 0.253271
v -0.095000 -0.275000 0.253271
v -0.085000 -0.275000 0.057224
v -0.735000 -0.265000 0.057224
v -0.725000 -0.265000 0.267341
v -0.715000 -0.265000 0.272031
v -0.705000 -0.265000 0.281412
v -0.695000 -0.265000 0.281412
v -0.685000 -0.265000 0.286102
v -0.675000 -0.265000 0.290792
v -0.665000 -0.265000 0.299000
v -0.655000 -0.265000 0.299000
v -0.645000 -0.265000 0.299000
v -0.635000 -0.265000 0.299000
v -0.625000 -0.265000 0.308208
v -0.615000 -0.265000 0.317416
v -0.605000 -0.265000 0.326624
v -0.595000 -0.265000 0.326624
v -0.585000 -0.265000 0.326624
v -0.575000 -0.265000 0.326624
v -0.565000 -0.265000 0.335831
v -0.555000 -0.265000 0.335831
v -0.545000 -0.265000 0.335831
v -0.535000 -0.265000 0.335831
v -0.525000 -0.265000 0.335831
v -0.515000 -0.265000 0.345039
v -0.505000 -0.265000 0.345039
v -0.495000 -0.265000 0.345039
v -0.485000 -0.265000 0.345039
v -0.475000 -0.265000 0.345039
v -0.465000 -0.265000 0.345039
v -0.455000 -0.265000 0.345039
v -0.445000 -0.265000 0.345039
v -0.435000 -0.265000 0.345039
v -0.425000 -0.265000 0.345039
v -0.415000 -0.265000 0.345039
v -0.405000 -0.265000 0.345039
v -0.395000 -0.265000 0.345039
v -0.385000 -0.265000 0.345039
v -0.375000 -0.265000 0.345039
v -0.365000 -0.265000 0.335831
v -0.355000 -0.265000 0.335831
v -0.345000 -0.265000 0.335831
v -0.335000 -0.265000 0.335831
v -0.325000 -0.265000 0.335831
v -0.315000 -0.265000 0.326624
v -0.305000 -0.265000 0.326624
v -0.295000 -0.265000 0.326624
v -0.285000 -0.265000 0.326624
v -0.275000 -0.265000 0.317416
v -0.265000 -0.265000 0.317416
v -0.255000 -0.265000 0.317416
v -0.245000 -0.265000 0.308208
v -0.235000 -0.265000 0.308208
v -0.225000 -0.265000 0.308208
v -0.215000 -0.265000 0.299000
v -0.205000 -0.265000 0.299000
v -0.195000 -0.265000 0.295482
v -0.185000 -0.265000 0.290792
v -0.175000 -0.265000 0.286102
v -0.165000 -0.265000 0.281412
v -0.155000 -0.265000 0.276722
v -0.145000 -0.265000 0.272031
v -0.135000 -0.265000 0.267341
v -0.125000 -0.265000 0.257961
v -0.115000 -0.265000 0.253271
v -0.105000 -0.265000 0.253271
v -0.095000 -0.265000 0.057224
v -0.745000 -0.255000 0.057224
v -0.735000 -0.255000 0.262651
v -0.725000 -0.255000 0.267341
v -0.715000 -0.255000 0.276722
v -0.705000 -0.255000 0.286102
v -0.695000 -0.255000 0.286102
v -0.685000 -0.255000 0.290792
v -0.675000 -0.255000 0.295482
v -0.665000 -0.255000 0.299000
v -0.655000 -0.255000 0.299000
v -0.645000 -0.255000 0.299000
v -0.635000 -0.255000 0.308208
v -0.625000 -0.255000 0.317416
v -0.615000 -0.255000 0.317416
v -0.605000 -0.255000 0.326624
v -0.595000 -0.255000 0.326624
v -0.585000 -0.255000 0.326624
v -0.575000 -0.255000 0.326624
v -0.565000 -0.255000 0.335831
v -0.555000 -0.255000 0.335831
v -0.545000 -0.255000 0.335831
v -0.535000 -0.255000 0.335831
v -0.525000 -0.255000 0.345039
v -0.515000 -0.255000 0.345039
v -0.505000 -0.255000 0.345039
v -0.495000 -0.255000 0.345039
v -0.485000 -0.255000 0.345039
v -0.475000 -0.255000 0.345039
v -0.465000 -0.255000 0.345039
v -0.455000 -0.255000 0.345039
v -0.445000 -0.255000 0.345039
v -0.435000 -0.255000 0.345039
v -0.425000 -0.255000 0.345039
v -0.415000 -0.255000 0.345039
v -0.405000 -0.255000 0.345039
v -0.395000 -0.255000 0.345039
v -0.385000 -0.255000 0.345039
v -0.375000 -0.255000 0.335831
v -0.365000 -0.255000 0.335831
v -0.355000 -0.255000 0.335831
v -0.345000 -0.255000 0.335831
v -0.335000 -0.255000 0.335831
v -0.325000 -0.255000 0.326624
v -0.315000 -0.255000 0.326624
v -0.305000 -0.255000 0.326624
v -0.295000 -0.255000 0.326624
v -0.285000 -0.255000 0.317416
v -0.275000 -0.255000 0.317416
v -0.265000 -0.255000 0.317416
v -0.255000 -0.255000 0.308208
v -0.245000 -0.255000 0.308208
v -0.235000 -0.255000 0.308208
v -0.225000 -0.255000 0.299000
v -0.215000 -0.255000 0.299000
v -0.205000 -0.255000 0.295482
v -0.195000 -0.255000 0.295482
v -0.185000 -0.255000 0.290792
v -0.175000 -0.255000 0.286102
v -0.165000 -0.255000 0.276722
v -0.155000 -0.255000 0.276722
v -0.145000 -0.255000 0.267341
v -0.135000 -0.255000 0.262651
v -0.125000 -0.255000 0.257961
v -0.115000 -0.255000 0.253271
v -0.105000 -0.255000 0.057224
v -0.745000 -0.245000 0.057224
v -0.735000 -0.245000 0.267341
v -0.725000 -0.245000 0.272031
v -0.715000 -0.245000 0.276722
v -0.705000 -0.245000 0.286102
v -0.695000 -0.245000 0.290792
v -0.685000 -0.245000 0.295482
v -0.675000 -0.245000 0.295482
v -0.665000 -0.245000 0.299000
v -0.655000 -0.245000 0.299000
v -0.645000 -0.245000 0.299000
v -0.635000 -0.245000 0.308208
v -0.625000 -0.245000 0.317416
v -0.615000 -0.245000 0.317416
v -0.605000 -0.245000 0.326624
v -0.595000 -0.245000 0.326624
v -0.585000 -0.245000 0.326624
v -0.575000 -0.245000 0.335831
v -0.565000 -0.245000 0.335831
v -0.555000 -0.245000 0.335831
v -0.545000 -0.245000 0.335831
v -0.535000 -0.245000 0.335831
v -0.525000 -0.245000 0.345039
v -0.515000 -0.245000 0.345039
v -0.505000 -0.245000 0.345039
v -0.495000 -0.245000 0.345039
v -0.485000 -0.245000 0.345039
v -0.475000 -0.245000 0.345039
v -0.465000 -0.245000 0.345039
v -0.455000 -0.245000 0.345039
v -0.445000 -0.245000 0.345039
v -0.435000 -0.245000 0.345039
v -0.425000 -0.245000 0.345039
v -0.415000 -0.245000 0.345039
v -0.405000 -0.245000 0.345039
v -0.395000 -0.245000 0.345039
v -0.385000 -0.245000 0.345039
v -0.375000 -0.245000 0.335831
v -0.365000 -0.245000 0.335831
v -0.355000 -0.245000 0.335831
v -0.345000 -0.245000 0.335831
v -0.335000 -0.245000 0.326624
v -0.325000 -0.245000 0.326624
v -0.315000 -0.245000 0.326624
v -0.305000 -0.245000 0.326624
v -0.295000 -0.245000 0.317416
v -0.285000 -0.245000 0.317416
v -0.275000 -0.245000 0.317416
v -0.265000 -0.245000 0.308208
v -0.255000 -0.245000 0.308208
v -0.245000 -0.245000 0.308208
v -0.235000 -0.245000 0.299000
v -0.225000 -0.245000 0.299000
v -0.215000 -0.245000 0.295482
v -0.205000 -0.245000 0.295482
v -0.195000 -0.245000 0.290792
v -0.185000 -0.245000 0.286102
v -0.175000 -0.245000 0.281412
v -0.165000 -0.245000 0.276722
v -0.155000 -0.245000 0.276722
v -0.145000 -0.245000 0.262651
v -0.135000 -0.245000 0.257961
v -0.125000 -0.245000 0.253271
v -0.115000 -0.245000 0.057224
v -0.755000 -0.235000 0.057224
v -0.745000 -0.235000 0.267341
v -0.735000 -0.235000 0.276722
v -0.725000 -0.235000 0.276722
v -0.715000 -0.235000 0.281412
v -0.705000 -0.235000 0.286102
v -0.695000 -0.235000 0.295482
v -0.685000 -0.235000 0.295482
v -0.675000 -0.235000 0.299000
v -0.665000 -0.235000 0.299000
v -0.655000 -0.235000 0.299000
v -0.645000 -0.235000 0.308208
v -0.635000 -0.235000 0.317416
v -0.625000 -0.235000 0.317416
v -0.615000 -0.235000 0.326624
v -0.605000 -0.235000 0.326624
v -0.595000 -0.235000 0.326624
v -0.585000 -0.235000 0.326624
v -0.575000 -0.235000 0.335831
v -0.565000 -0.235000 0.335831
v -0.555000 -0.235000 0.335831
v -0.545000 -0.235000 0.335831
v -0.535000 -0.235000 0.345039
v -0.525000 -0.235000 0.345039
v -0.515000 -0.235000 0.345039
v -0.505000 -0.235000 0.345039
v -0.495000 -0.235000 0.345039
v -0.485000 -0.235000 0.345039
v -0.475000 -0.235000 0.345039
v -0.465000 -0.235000 0.345039
v -0.455000 -0.235000 0.345039
v -0.445000 -0.235000 0.345039
v -0.435000 -0.235000 0.345039
v -0.425000 -0.235000 0.345039
v -0.415000 -0.235000 0.345039
v -0.405000 -0.235000 0.345039
v -0.395000 -0.235000 0.345039
v -0.385000 -0.235000 0.345039
v -0.375000 -0.235000 0.335831
v -0.365000 -0.235000 0.335831
v -0.355000 -0.235000 0.335831
v -0.345000 -0.235000 0.326624
v -0.335000 -0.235000 0.326624
v -0.325000 -0.235000 0.326624
v -0.315000 -0.235000 0.326624
v -0.305000 -0.235000 0.317416
v -0.295000 -0.235000 0.317416
v -0.285000 -0.235000 0.317416
v -0.275000 -0.235000 0.308208
v -0.265000 -0.235000 0.308208
v -0.255000 -0.235000 0.308208
v -0.245000 -0.235000 0.299000
v -0.235000 -0.235000 0.299000
v -0.225000 -0.235000 0.299000
v -0.215000 -0.235000 0.295482
v -0.205000 -0.235000 0.295482
v -0.195000 -0.235000 0.290792
v -0.185000 -0.235000 0.281412
v -0.175000 -0.235000 0.281412
v -0.165000 -0.235000 0.272031
v -0.155000 -0.235000 0.272031
v -0.145000 -0.235000 0.262651
v -0.135000 -0.235000 0.253271
v -0.125000 -0.235000 0.253271
v -0.115000 -0.235000 0.057224
v -0.765000 -0.225000 0.057224
v -0.755000 -0.225000 0.262651
v -0.745000 -0.225000 0.272031
v -0.735000 -0.225000 0.276722
v -0.725000 -0.225000 0.281412
v -0.715000 -0.225000 0.286102
v -0.705000 -0.225000 0.286102
v -0.695000 -0.225000 0.295482
v -0.685000 -0.225000 0.299000
v -0.675000 -0.225000 0.299000
v -0.665000 -0.225000 0.299000
v -0.655000 -0.225000 0.308208
v -0.645000 -0.225000 0.308208
v -0.635000 -0.225000 0.317416
v -0.625000 -0.225000 0.326624
v -0.615000 -0.225000 0.326624
v -0.605000 -0.225000 0.326624
v -0.595000 -0.225000 0.335831
v -0.585000 -0.225000 0.335831
v -0.575000 -0.225000 0.335831
v -0.565000 -0.225000 0.335831
v -0.555000 -0.225000 0.335831
v -0.545000 -0.225000 0.335831
v -0.535000 -0.225000 0.345039
v -0.525000 -0.225000 0.345039
v -0.515000 -0.225000 0.345039
v -0.505000 -0.225000 0.345039
v -0.495000 -0.225000 0.345039
v -0.485000 -0.225000 0.345039
v -0.475000 -0.225000 0.345039
v -0.465000 -0.225000 0.345039
v -0.455000 -0.225000 0.345039
v -0.445000 -0.225000 0.345039
v -0.435000 -0.225000 0.345039
v -0.425000 -0.225000 0.345039
v -0.415000 -0.225000 0.345039
v -0.405000 -0.225000 0.345039
v -0.395000 -0.225000 0.345039
v -0.385000 -0.225000 0.335831
v -0.375000 -0.225000 0.335831
v -0.365000 -0.225000 0.335831
v -0.355000 -0.225000 0.335831
v -0.345000 -0.225000 0.326624
v -0.335000 -0.225000 0.326624
v -0.325000 -0.225000 0.326624
v -0.315000 -0.225000 0.326624
v -0.305000 -0.225000 0.317416
v -0.295000 -0.225000 0.317416
v -0.285000 -0.225000 0.308208
v -0.275000 -0.225000 0.308208
v -0.265000 -0.225000 0.308208
v -0.255000 -0.225000 0.308208
v -0.245000 -0.225000 0.299000
v -0.235000 -0.225000 0.299000
v -0.225000 -0.225000 0.299000
v -0.215000 -0.225000 0.295482
v -0.205000 -0.225000 0.290792
v -0.195000 -0.225000 0.286102
v -0.185000 -0.225000 0.281412
v -0.175000 -0.225000 0.276722
v -0.165000 -0.225000 0.272031
v -0.155000 -0.225000 0.262651
v -0.145000 -0.225000 0.257961
v -0.135000 -0.225000 0.253271
v -0.125000 -0.225000 0.057224
v -0.775000 -0.215000 0.057224
v -0.765000 -0.215000 0.262651
v -0.755000 -0.215000 0.262651
v -0.745000 -0.215000 0.272031
v -0.735000 -0.215000 0.276722
v -0.725000 -0.215000 0.286102
v -0.715000 -0.215000 0.290792
v -0.705000 -0.215000 0.290792
v -0.695000 -0.215000 0.295482
v -0.685000 -0.215000 0.299000
v -0.675000 -0.215000 0.299000
v -0.665000 -0.215000 0.299000
v -0.655000 -0.215000 0.308208
v -0.645000 -0.215000 0.317416
v -0.635000 -0.215000 0.317416
v -0.625000 -0.215000 0.326624
v -0.615000 -0.215000 0.326624
v -0.605000 -0.215000 0.326624
v -0.595000 -0.215000 0.335831
v -0.585000 -0.215000 0.335831
v -0.575000 -0.215000 0.335831
v -0.565000 -0.215000 0.335831
v -0.555000 -0.215000 0.335831
v -0.545000 -0.215000 0.345039
v -0.535000 -0.215000 0.345039
v -0.525000 -0.215000 0.345039
v -0.515000 -0.215000 0.345039
v -0.505000 -0.215000 0.345039
v -0.495000 -0.215000 0.345039
v -0.485000 -0.215000 0.345039
v -0.475000 -0.215000 0.345039
v -0.465000 -0.215000 0.345039
v -0.455000 -0.215000 0.345039
v -0.445000 -0.215000 0.345039
v -0.435000 -0.215000 0.345039
v -0.425000 -0.215000 0.345039
v -0.415000 -0.215000 0.345039
v -0.405000 -0.215000 0.345039
v -0.395000 -0.215000 0.335831
v -0.385000 -0.215000 0.335831
v -0.375000 -0.215000 0.335831
v -0.365000 -0.215000 0.335831
v -0.355000 -0.215000 0.326624
v -0.345000 -0.215000 0.326624
v -0.335000 -0.215000 0.326624
v -0.325000 -0.215000 0.326624
v -0.315000 -0.215000 0.317416
v -0.305000 -0.215000 0.317416
v -0.295000 -0.215000 0.317416
v -0.285000 -0.215000 0.308208
v -0.275000 -0.215000 0.308208
v -0.265000 -0.215000 0.308208
v -0.255000 -0.215000 0.299000
v -0.245000 -0.215000 0.299000
v -0.235000 -0.215000 0.299000
v -0.225000 -0.215000 0.295482
v -0.215000 -0.215000 0.295482
v -0.205000 -0.215000 0.286102
v -0.195000 -0.215000 0.281412
v -0.185000 -0.215000 0.276722
v -0.175000 -0.215000 0.272031
v -0.165000 -0.215000 0.267341
v -0.155000 -0.215000 0.257961
v -0.145000 -0.215000 0.257961
v -0.135000 -0.215000 0.057224
v -0.785000 -0.205000 0.057224
v -0.775000 -0.205000 0.262651
v -0.765000 -0.205000 0.267341
v -0.755000 -0.205000 0.267341
v -0.745000 -0.205000 0.272031
v -0.735000 -0.205000 0.281412
v -0.725000 -0.205000 0.286102
v -0.715000 -0.205000 0.290792
v -0.705000 -0.205000 0.295482
v -0.695000 -0.205000 0.299000
v -0.685000 -0.205000 0.299000
v -0.675000 -0.205000 0.299000
v -0.665000 -0.205000 0.299000
v -0.655000 -0.205000 0.317416
v -0.645000 -0.205000 0.317416
v -0.635000 -0.205000 0.326624
v -0.625000 -0.205000 0.326624
v -0.615000 -0.205000 0.326624
v -0.605000 -0.205000 0.335831
v -0.595000 -0.205000 0.335831
v -0.585000 -0.205000 0.335831
v -0.575000 -0.205000 0.335831
v -0.565000 -0.205000 0.335831
v -0.555000 -0.205000 0.335831
v -0.545000 -0.205000 0.345039
v -0.535000 -0.205000 0.345039
v -0.525000 -0.205000 0.345039
v -0.515000 -0.205000 0.345039
v -0.505000 -0.205000 0.345039
v -0.495000 -0.205000 0.345039
v -0.485000 -0.205000 0.345039
v -0.475000 -0.205000 0.345039
v -0.465000 -0.205000 0.345039
v -0.455000 -0.205000 0.345039
v -0.445000 -0.205000 0.345039
v -0.435000 -0.205000 0.345039
v -0.425000 -0.205000 0.345039
v -0.415000 -0.205000 0.345039
v -0.405000 -0.205000 0.335831
v -0.395000 -0.205000 0.335831
v -0.385000 -0.205000 0.335831
v -0.375000 -0.205000 0.335831
v -0.365000 -0.205000 0.335831
v -0.355000 -0.205000 0.326624
v -0.345000 -0.205000 0.326624
v -0.335000 -0.205000 0.326624
v -0.325000 -0.205000 0.317416
v -0.315000 -0.205000 0.317416
v -0.305000 -0.205000 0.317416
v -0.295000 -0.205000 0.317416
v -0.285000 -0.205000 0.308208
v -0.275000 -0.205000 0.308208
v -0.265000 -0.205000 0.299000
v -0.255000 -0.205000 0.299000
v -0.245000 -0.205000 0.299000
v -0.235000 -0.205000 0.295482
v -0.225000 -0.205000 0.295482
v -0.215000 -0.205000 0.290792
v -0.205000 -0.205000 0.286102
v -0.195000 -0.205000 0.281412
v -0.185000 -0.205000 0.272031
v -0.175000 -0.205000 0.267341
v -0.165000 -0.205000 0.262651
v -0.155000 -0.205000 0.257961
v -0.145000 -0.205000 0.057224
v -0.795000 -0.195000 0.057224
v -0.785000 -0.195000 0.248580
v -0.775000 -0.195000 0.262651
v -0.765000 -0.195000 0.267341
v -0.755000 -0.195000 0.272031
v -0.745000 -0.195000 0.276722
v -0.735000 -0.195000 0.281412
v -0.725000 -0.195000 0.290792
v -0.715000 -0.195000 0.295482
v -0.705000 -0.195000 0.295482
v -0.695000 -0.195000 0.295482
v -0.685000 -0.195000 0.295482
v -0.675000 -0.195000 0.299000
v -0.665000 -0.195000 0.308208
v -0.655000 -0.195000 0.317416
v -0.645000 -0.195000 0.317416
v -0.635000 -0.195000 0.326623
v -0.625000 -0.195000 0.326623
v -0.615000 -0.195000 0.326623
v -0.605000 -0.195000 0.335831
v -0.595000 -0.195000 0.335831
v -0.585000 -0.195000 0.335831
v -0.575000 -0.195000 0.335831
v -0.565000 -0.195000 0.335831
v -0.555000 -0.195000 0.345039
v -0.545000 -0.195000 0.345039
v -0.535000 -0.195000 0.345039
v -0.525000 -0.195000 0.345039
v -0.515000 -0.195000 0.345039
v -0.505000 -0.195000 0.345039
v -0.495000 -0.195000 0.345039
v -0.485000 -0.195000 0.345039
v -0.475000 -0.195000 0.345039
v -0.465000 -0.195000 0.345039
v -0.455000 -0.195000 0.345039
v -0.445000 -0.195000 0.345039
v -0.435000 -0.195000 0.345039
v -0.425000 -0.195000 0.345039
v -0.415000 -0.195000 0.335831
v -0.405000 -0.195000 0.335831
v -0.395000 -0.195000 0.335831
v -0.385000 -0.195000 0.335831
v -0.375000 -0.195000 0.335831
v -0.365000 -0.195000 0.326623
v -0.355000 -0.195000 0.326623
v -0.345000 -0.195000 0.326623
v -0.335000 -0.195000 0.326623
v -0.325000 -0.195000 0.317416
v -0.315000 -0.195000 0.317416
v -0.305000 -0.195000 0.317416
v -0.295000 -0.195000 0.308208
v -0.285000 -0.195000 0.308208
v -0.275000 -0.195000 0.308208
v -0.265000 -0.195000 0.299000
v -0.255000 -0.195000 0.299000
v -0.245000 -0.195000 0.295482
v -0.235000 -0.195000 0.295482
v -0.225000 -0.195000 0.290792
v -0.215000 -0.195000 0.290792
v -0.205000 -0.195000 0.281412
v -0.195000 -0.195000 0.276722
v -0.185000 -0.195000 0.272031
v -0.175000 -0.195000 0.262651
v -0.165000 -0.195000 0.257961
v -0.155000 -0.195000 0.253271
v -0.145000 -0.195000 0.057224
v -0.795000 -0.185000 0.057224
v -0.785000 -0.185000 0.257961
v -0.775000 -0.185000 0.262651
v -0.765000 -0.185000 0.267341
v -0.755000 -0.185000 0.276722
v -0.745000 -0.185000 0.281412
v -0.735000 -0.185000 0.281412
v -0.725000 -0.185000 0.290792
v -0.715000 -0.185000 0.295482
v -0.705000 -0.185000 0.295482
v -0.695000 -0.185000 0.299000
v -0.685000 -0.185000 0.299000
v -0.675000 -0.185000 0.308208
v -0.665000 -0.185000 0.308208
v -0.655000 -0.185000 0.317416
v -0.645000 -0.185000 0.317416
v -0.635000 -0.185000 0.326623
v -0.625000 -0.185000 0.326623
v -0.615000 -0.185000 0.335831
v -0.605000 -0.185000 0.335831
v -0.595000 -0.185000 0.335831
v -0.585000 -0.185000 0.335831
v -0.575000 -0.185000 0.335831
v -0.565000 -0.185000 0.335831
v -0.555000 -0.185000 0.345039
v -0.545000 -0.185000 0.345039
v -0.535000 -0.185000 0.345039
v -0.525000 -0.185000 0.345039
v -0.515000 -0.185000 0.345039
v -0.505000 -0.185000 0.345039
v -0.495000 -0.185000 0.345039
v -0.485000 -0.185000 0.345039
v -0.475000 -0.185000 0.345039
v -0.465000 -0.185000 0.345039
v -0.455000 -0.185000 0.345039
v -0.445000 -0.185000 0.345039
v -0.435000 -0.185000 0.345039
v -0.425000 -0.185000 0.345039
v -0.415000 -0.185000 0.335831
v -0.405000 -0.185000 0.335831
v -0.395000 -0.185000 0.335831
v -0.385000 -0.185000 0.335831
v -0.375000 -0.185000 0.326623
v -0.365000 -0.185000 0.326623
v -0.355000 -0.185000 0.326623
v -0.345000 -0.185000 0.326623
v -0.335000 -0.185000 0.317416
v -0.325000 -0.185000 0.317416
v -0.315000 -0.185000 0.317416
v -0.305000 -0.185000 0.317416
v -0.295000 -0.185000 0.308208
v -0.285000 -0.185000 0.308208
v -0.275000 -0.185000 0.299000
v -0.265000 -0.185000 0.299000
v -0.255000 -0.185000 0.299000
v -0.245000 -0.185000 0.295482
v -0.235000 -0.185000 0.295482
v -0.225000 -0.185000 0.290792
v -0.215000 -0.185000 0.286102
v -0.205000 -0.185000 0.281412
v -0.195000 -0.185000 0.272031
v -0.185000 -0.185000 0.267341
v -0.175000 -0.185000 0.262651
v -0.165000 -0.185000 0.257961
v -0.155000 -0.185000 0.057224
v -0.795000 -0.175000 0.057224
v -0.785000 -0.175000 0.262651
v -0.775000 -0.175000 0.267341
v -0.765000 -0.175000 0.272031
v -0.755000 -0.175000 0.281412
v -0.745000 -0.175000 0.286102
v -0.735000 -0.175000 0.290792
v -0.725000 -0.175000 0.290792
v -0.715000 -0.175000 0.295482
v -0.705000 -0.175000 0.295482
v -0.695000 -0.175000 0.295482
v -0.685000 -0.175000 0.299000
v -0.675000 -0.175000 0.308208
v -0.665000 -0.175000 0.317416
v -0.655000 -0.175000 0.317416
v -0.645000 -0.175000 0.326623
v -0.635000 -0.175000 0.326623
v -0.625000 -0.175000 0.326623
v -0.615000 -0.175000 0.335831
v -0.605000 -0.175000 0.335831
v -0.595000 -0.175000 0.335831
v -0.585000 -0.175000 0.335831
v -0.575000 -0.175000 0.335831
v -0.565000 -0.175000 0.345039
v -0.555000 -0.175000 0.345039
v -0.545000 -0.175000 0.345039
v -0.535000 -0.175000 0.345039
v -0.525000 -0.175000 0.345039
v -0.515000 -0.175000 0.345039
v -0.505000 -0.175000 0.345039
v -0.495000 -0.175000 0.345039
v -0.485000 -0.175000 0.345039
v -0.475000 -0.175000 0.345039
v -0.465000 -0.175000 0.345039
v -0.455000 -0.175000 0.345039
v -0.445000 -0.175000 0.345039
v -0.435000 -0.175000 0.345039
v -0.425000 -0.175000 0.335831
v -0.415000 -0.175000 0.335831
v -0.405000 -0.175000 0.335831
v -0.395000 -0.175000 0.335831
v -0.385000 -0.175000 0.335831
v -0.375000 -0.175000 0.326623
v -0.365000 -0.175000 0.326623
v -0.355000 -0.175000 0.326623
v -0.345000 -0.175000 0.326623
v -0.335000 -0.175000 0.317416
v -0.325000 -0.175000 0.317416
v -0.315000 -0.175000 0.317416
v -0.305000 -0.175000 0.308208
v -0.295000 -0.175000 0.308208
v -0.285000 -0.175000 0.308208
v -0.275000 -0.175000 0.299000
v -0.265000 -0.175000 0.299000
v -0.255000 -0.175000 0.295482
v -0.245000 -0.175000 0.295482
v -0.235000 -0.175000 0.290792
v -0.225000 -0.175000 0.286102
v -0.215000 -0.175000 0.286102
v -0.205000 -0.175000 0.276722
v -0.195000 -0.175000 0.267341
v -0.185000 -0.175000 0.262651
v -0.175000 -0.175000 0.257961
v -0.165000 -0.175000 0.257961
v -0.155000 -0.175000 0.057224
v -0.795000 -0.165000 0.057224
v -0.785000 -0.165000 0.267341
v -0.775000 -0.165000 0.272031
v -0.765000 -0.165000 0.272031
v -0.755000 -0.165000 0.281412
v -0.745000 -0.165000 0.290792
v -0.735000 -0.165000 0.295482
v -0.725000 -0.165000 0.295482
v -0.715000 -0.165000 0.295482
v -0.705000 -0.165000 0.299000
v -0.695000 -0.165000 0.299000
v -0.685000 -0.165000 0.308208
v -0.675000 -0.165000 0.317416
v -0.665000 -0.165000 0.317416
v -0.655000 -0.165000 0.317416
v -0.645000 -0.165000 0.326623
v -0.635000 -0.165000 0.326623
v -0.625000 -0.165000 0.326623
v -0.615000 -0.165000 0.335831
v -0.605000 -0.165000 0.335831
v -0.595000 -0.165000 0.335831
v -0.585000 -0.165000 0.335831
v -0.575000 -0.165000 0.345039
v -0.565000 -0.165000 0.345039
v -0.555000 -0.165000 0.345039
v -0.545000 -0.165000 0.345039
v -0.535000 -0.165000 0.345039
v -0.525000 -0.165000 0.345039
v -0.515000 -0.165000 0.345039
v -0.505000 -0.165000 0.345039
v -0.495000 -0.165000 0.345039
v -0.485000 -0.165000 0.345039
v -0.475000 -0.165000 0.345039
v -0.465000 -0.165000 0.345039
v -0.455000 -0.165000 0.345039
v -0.445000 -0.165000 0.345039
v -0.435000 -0.165000 0.345039
v -0.425000 -0.165000 0.335831
v -0.415000 -0.165000 0.335831
v -0.405000 -0.165000 0.335831
v -0.395000 -0.165000 0.335831
v -0.385000 -0.165000 0.335831
v -0.375000 -0.165000 0.326623
v -0.365000 -0.165000 0.326623
v -0.355000 -0.165000 0.326623
v -0.345000 -0.165000 0.317416
v -0.335000 -0.165000 0.317416
v -0.325000 -0.165000 0.317416
v -0.315000 -0.165000 0.308208
v -0.305000 -0.165000 0.308208
v -0.295000 -0.165000 0.308208
v -0.285000 -0.165000 0.299000
v -0.275000 -0.165000 0.299000
v -0.265000 -0.165000 0.295482
v -0.255000 -0.165000 0.295482
v -0.245000 -0.165000 0.290792
v -0.235000 -0.165000 0.290792
v -0.225000 -0.165000 0.286102
v -0.215000 -0.165000 0.281412
v -0.205000 -0.165000 0.276722
v -0.195000 -0.165000 0.267341
v -0.185000 -0.165000 0.257961
v -0.175000 -0.165000 0.257961
v -0.165000 -0.165000 0.057224
v -0.795000 -0.155000 0.057224
v -0.785000 -0.155000 0.272031
v -0.775000 -0.155000 0.272031
v -0.765000 -0.155000 0.276722
v -0.755000 -0.155000 0.281412
v -0.745000 -0.155000 0.290792
v -0.735000 -0.155000 0.295482
v -0.725000 -0.155000 0.299000
v -0.715000 -0.155000 0.299000
v -0.705000 -0.155000 0.299000
v -0.695000 -0.155000 0.299000
v -0.685000 -0.155000 0.308208
v -0.675000 -0.155000 0.317416
v -0.665000 -0.155000 0.317416
v -0.655000 -0.155000 0.326623
v -0.645000 -0.155000 0.326623
v -0.635000 -0.155000 0.326623
v -0.625000 -0.155000 0.335831
v -0.615000 -0.155000 0.335831
v -0.605000 -0.155000 0.335831
v -0.595000 -0.155000 0.335831
v -0.585000 -0.155000 0.335831
v -0.575000 -0.155000 0.345039
v -0.565000 -0.155000 0.345039
v -0.555000 -0.155000 0.345039
v -0.545000 -0.155000 0.345039
v -0.535000 -0.155000 0.345039
v -0.525000 -0.155000 0.345039
v -0.515000 -0.155000 0.345039
v -0.505000 -0.155000 0.345039
v -0.495000 -0.155000 0.345039
v -0.485000 -0.155000 0.345039
v -0.475000 -0.155000 0.345039
v -0.465000 -0.155000 0.345039
v -0.455000 -0.155000 0.345039
v -0.445000 -0.155000 0.345039
v -0.435000 -0.155000 0.335831
v -0.425000 -0.155000 0.335831
v -0.415000 -0.155000 0.335831
v -0.405000 -0.155000 0.335831
v -0.395000 -0.155000 0.335831
v -0.385000 -0.155000 0.326623
v -0.375000 -0.155000 0.326623
v -0.365000 -0.155000 0.326623
v -0.355000 -0.155000 0.326623
v -0.345000 -0.155000 0.317416
v -0.335000 -0.155000 0.317416
v -0.325000 -0.155000 0.317416
v -0.315000 -0.155000 0.308208
v -0.305000 -0.155000 0.308208
v -0.295000 -0.155000 0.308208
v -0.285000 -0.155000 0.299000
v -0.275000 -0.155000 0.299000
v -0.265000 -0.155000 0.295482
v -0.255000 -0.155000 0.290792
v -0.245000 -0.155000 0.290792
v -0.235000 -0.155000 0.286102
v -0.225000 -0.155000 0.286102
v -0.215000 -0.155000 0.276722
v -0.205000 -0.155000 0.272031
v -0.195000 -0.155000 0.262651
v -0.185000 -0.155000 0.257961
v -0.175000 -0.155000 0.257961
v -0.165000 -0.155000 0.057224
v -0.805000 -0.145000 0.057224
v -0.795000 -0.145000 0.267341
v -0.785000 -0.145000 0.272031
v -0.775000 -0.145000 0.276722
v -0.765000 -0.145000 0.281412
v -0.755000 -0.145000 0.286102
v -0.745000 -0.145000 0.290792
v -0.735000 -0.145000 0.299000
v -0.725000 -0.145000 0.299000
v -0.715000 -0.145000 0.308208
v -0.705000 -0.145000 0.308208
v -0.695000 -0.145000 0.308208
v -0.685000 -0.145000 0.317416
v -0.675000 -0.145000 0.317416
v -0.665000 -0.145000 0.326623
v -0.655000 -0.145000 0.326623
v -0.645000 -0.145000 0.326623
v -0.635000 -0.145000 0.335831
v -0.625000 -0.145000 0.335831
v -0.615000 -0.145000 0.335831
v -0.605000 -0.145000 0.335831
v -0.595000 -0.145000 0.335831
v -0.585000 -0.145000 0.345039
v -0.575000 -0.145000 0.345039
v -0.565000 -0.145000 0.345039
v -0.555000 -0.145000 0.345039
v -0.545000 -0.145000 0.345039
v -0.535000 -0.145000 0.345039
v -0.525000 -0.145000 0.345039
v -0.515000 -0.145000 0.345039
v -0.505000 -0.145000 0.345039
v -0.495000 -0.145000 0.345039
v -0.485000 -0.145000 0.345039
v -0.475000 -0.145000 0.345039
v -0.465000 -0.145000 0.345039
v -0.455000 -0.145000 0.345039
v -0.445000 -0.145000 0.345039
v -0.435000 -0.145000 0.335831
v -0.425000 -0.145000 0.335831
v -0.415000 -0.145000 0.335831
v -0.405000 -0.145000 0.335831
v -0.395000 -0.145000 0.326623
v -0.385000 -0.145000 0.326623
v -0.375000 -0.145000 0.326623
v -0.365000 -0.145000 0.326623
v -0.355000 -0.145000 0.317416
v -0.345000 -0.145000 0.317416
v -0.335000 -0.145000 0.317416
v -0.325000 -0.145000 0.308208
v -0.315000 -0.145000 0.308208
v -0.305000 -0.145000 0.308208
v -0.295000 -0.145000 0.299000
v -0.285000 -0.145000 0.299000
v -0.275000 -0.145000 0.295482
v -0.265000 -0.145000 0.295482
v -0.255000 -0.145000 0.290792
v -0.245000 -0.145000 0.290792
v -0.235000 -0.145000 0.286102
v -0.225000 -0.145000 0.281412
v -0.215000 -0.145000 0.272031
v -0.205000 -0.145000 0.267341
v -0.195000 -0.145000 0.257961
v -0.185000 -0.145000 0.253271
v -0.175000 -0.145000 0.057224
v -0.815000 -0.135000 0.057224
v -0.805000 -0.135000 0.262651
v -0.795000 -0.135000 0.267341
v -0.785000 -0.135000 0.276722
v -0.775000 -0.135000 0.281412
v -0.765000 -0.135000 0.286102
v -0.755000 -0.135000 0.286102
v -0.745000 -0.135000 0.295482
v -0.735000 -0.135000 0.299000
v -0.725000 -0.135000 0.299000
v -0.715000 -0.135000 0.308208
v -0.705000 -0.135000 0.308208
v -0.695000 -0.135000 0.317416
v -0.685000 -0.135000 0.317416
v -0.675000 -0.135000 0.317416
v -0.665000 -0.135000 0.326623
v -0.655000 -0.135000 0.326623
v -0.645000 -0.135000 0.326623
v -0.635000 -0.135000 0.335831
v -0.625000 -0.135000 0.335831
v -0.615000 -0.135000 0.335831
v -0.605000 -0.135000 0.335831
v -0.595000 -0.135000 0.345039
v -0.585000 -0.135000 0.345039
v -0.575000 -0.135000 0.345039
v -0.565000 -0.135000 0.345039
v -0.555000 -0.135000 0.345039
v -0.545000 -0.135000 0.345039
v -0.535000 -0.135000 0.345039
v -0.525000 -0.135000 0.345039
v -0.515000 -0.135000 0.345039
v -0.505000 -0.135000 0.345039
v -0.495000 -0.135000 0.345039
v -0.485000 -0.135000 0.345039
v -0.475000 -0.135000 0.345039
v -0.465000 -0.135000 0.345039
v -0.455000 -0.135000 0.345039
v -0.445000 -0.135000 0.345039
v -0.435000 -0.135000 0.335831
v -0.425000 -0.135000 0.335831
v -0.415000 -0.135000 0.335831
v -0.405000 -0.135000 0.335831
v -0.395000 -0.135000 0.326623
v -0.385000 -0.135000 0.326623
v -0.375000 -0.135000 0.326623
v -0.365000 -0.135000 0.326623
v -0.355000 -0.135000 0.317416
v -0.345000 -0.135000 0.317416
v -0.335000 -0.135000 0.317416
v -0.325000 -0.135000 0.308208
v -0.315000 -0.135000 0.308208
v -0.305000 -0.135000 0.308208
v -0.295000 -0.135000 0.299000
v -0.285000 -0.135000 0.295482
v -0.275000 -0.135000 0.295482
v -0.265000 -0.135000 0.290792
v -0.255000 -0.135000 0.290792
v -0.245000 -0.135000 0.286102
v -0.235000 -0.135000 0.281412
v -0.225000 -0.135000 0.276722
v -0.215000 -0.135000 0.267341
v -0.205000 -0.135000 0.262651
v -0.195000 -0.135000 0.257961
v -0.185000 -0.135000 0.057224
v -0.825000 -0.125000 0.057224
v -0.815000 -0.125000 0.057224
v -0.805000 -0.125000 0.267341
v -0.795000 -0.125000 0.272031
v -0.785000 -0.125000 0.276722
v -0.775000 -0.125000 0.286102
v -0.765000 -0.125000 0.290792
v -0.755000 -0.125000 0.290792
v -0.745000 -0.125000 0.295482
v -0.735000 -0.125000 0.308208
v -0.725000 -0.125000 0.308208
v -0.715000 -0.125000 0.308208
v -0.705000 -0.125000 0.317416
v -0.695000 -0.125000 0.317416
v -0.685000 -0.125000 0.317416
v -0.675000 -0.125000 0.326623
v -0.665000 -0.125000 0.326623
v -0.655000 -0.125000 0.326623
v -0.645000 -0.125000 0.335831
v -0.635000 -0.125000 0.335831
v -0.625000 -0.125000 0.335831
v -0.615000 -0.125000 0.335831
v -0.605000 -0.125000 0.335831
v -0.595000 -0.125000 0.345039
v -0.585000 -0.125000 0.345039
v -0.575000 -0.125000 0.345039
v -0.565000 -0.125000 0.345039
v -0.555000 -0.125000 0.345039
v -0.545000 -0.125000 0.345039
v -0.535000 -0.125000 0.345039
v -0.525000 -0.125000 0.345039
v -0.515000 -0.125000 0.345039
v -0.505000 -0.125000 0.345039
v -0.495000 -0.125000 0.345039
v -0.485000 -0.125000 0.345039
v -0.475000 -0.125000 0.345039
v -0.465000 -0.125000 0.345039
v -0.455000 -0.125000 0.345039
v -0.445000 -0.125000 0.335831
v -0.435000 -0.125000 0.335831
v -0.425000 -0.125000 0.335831
v -0.415000 -0.125000 0.335831
v -0.405000 -0.125000 0.335831
v -0.395000 -0.125000 0.326623
v -0.385000 -0.125000 0.326623
v -0.375000 -0.125000 0.326623
v -0.365000 -0.125000 0.317416
v -0.355000 -0.125000 0.317416
v -0.345000 -0.125000 0.317416
v -0.335000 -0.125000 0.308208
v -0.325000 -0.125000 0.308208
v -0.315000 -0.125000 0.308208
v -0.305000 -0.125000 0.299000
v -0.295000 -0.125000 0.295482
v -0.285000 -0.125000 0.295482
v -0.275000 -0.125000 0.295482
v -0.265000 -0.125000 0.290792
v -0.255000 -0.125000 0.286102
v -0.245000 -0.125000 0.286102
v -0.235000 -0.125000 0.276722
v -0.225000 -0.125000 0.272031
v -0.215000 -0.125000 0.267341
v -0.205000 -0.125000 0.257961
v -0.195000 -0.125000 0.257961
v -0.185000 -0.125000 0.057224
v -0.835000 -0.115000 0.057224
v -0.825000 -0.115000 0.248580
v -0.815000 -0.115000 0.262651
v -0.805000 -0.115000 0.272031
v -0.795000 -0.115000 0.272031
v -0.785000 -0.115000 0.281412
v -0.775000 -0.115000 0.286102
v -0.765000 -0.115000 0.295482
v -0.755000 -0.115000 0.295482
v -0.745000 -0.115000 0.295482
v -0.735000 -0.115000 0.299000
v -0.725000 -0.115000 0.308208
v -0.715000 -0.115000 0.308208
v -0.705000 -0.115000 0.317416
v -0.695000 -0.115000 0.317416
v -0.685000 -0.115000 0.317416
v -0.675000 -0.115000 0.326623
v -0.665000 -0.115000 0.326623
v -0.655000 -0.115000 0.326623
v -0.645000 -0.115000 0.335831
v -0.635000 -0.115000 0.335831
v -0.625000 -0.115000 0.335831
v -0.615000 -0.115000 0.335831
v -0.605000 -0.115000 0.345039
v -0.595000 -0.115000 0.345039
v -0.585000 -0.115000 0.345039
v -0.575000 -0.115000 0.345039
v -0.565000 -0.115000 0.345039
v -0.555000 -0.115000 0.345039
v -0.545000 -0.115000 0.345039
v -0.535000 -0.115000 0.345039
v -0.525000 -0.115000 0.345039
v -0.515000 -0.115000 0.345039
v -0.505000 -0.115000 0.345039
v -0.495000 -0.115000 0.345039
v -0.485000 -0.115000 0.345039
v -0.475000 -0.115000 0.345039
v -0.465000 -0.115000 0.345039
v -0.455000 -0.115000 0.345039
v -0.445000 -0.115000 0.335831
v -0.435000 -0.115000 0.335831
v -0.425000 -0.115000 0.335831
v -0.415000 -0.115000 0.335831
v -0.405000 -0.115000 0.326623
v -0.395000 -0.115000 0.326623
v -0.385000 -0.115000 0.326623
v -0.375000 -0.115000 0.317416
v -0.365000 -0.115000 0.317416
v -0.355000 -0.115000 0.317416
v -0.345000 -0.115000 0.317416
v -0.335000 -0.115000 0.308208
v -0.325000 -0.115000 0.308208
v -0.315000 -0.115000 0.299000
v -0.305000 -0.115000 0.299000
v -0.295000 -0.115000 0.295482
v -0.285000 -0.115000 0.295482
v -0.275000 -0.115000 0.290792
v -0.265000 -0.115000 0.286102
v -0.255000 -0.115000 0.286102
v -0.245000 -0.115000 0.281412
v -0.235000 -0.115000 0.272031
v -0.225000 -0.115000 0.267341
v -0.215000 -0.115000 0.262651
v -0.205000 -0.115000 0.253271
v -0.195000 -0.115000 0.057224
v -0.835000 -0.105000 0.057224
v -0.825000 -0.105000 0.253271
v -0.815000 -0.105000 0.267341
v -0.805000 -0.105000 0.276722
v -0.795000 -0.105000 0.276722
v -0.785000 -0.105000 0.281412
v -0.775000 -0.105000 0.290792
v -0.765000 -0.105000 0.295482
v -0.755000 -0.105000 0.299000
v -0.745000 -0.105000 0.299000
v -0.735000 -0.105000 0.299000
v -0.725000 -0.105000 0.308208
v -0.715000 -0.105000 0.308208
v -0.705000 -0.105000 0.317416
v -0.695000 -0.105000 0.326623
v -0.685000 -0.105000 0.326623
v -0.675000 -0.105000 0.326623
v -0.665000 -0.105000 0.326623
v -0.655000 -0.105000 0.326623
v -0.645000 -0.105000 0.335831
v -0.635000 -0.105000 0.335831
v -0.625000 -0.105000 0.335831
v -0.615000 -0.105000 0.335831
v -0.605000 -0.105000 0.345039
v -0.595000 -0.105000 0.345039
v -0.585000 -0.105000 0.345039
v -0.575000 -0.105000 0.345039
v -0.565000 -0.105000 0.345039
v -0.555000 -0.105000 0.345039
v -0.545000 -0.105000 0.345039
v -0.535000 -0.105000 0.345039
v -0.525000 -0.105000 0.345039
v -0.515000 -0.105000 0.345039
v -0.505000 -0.105000 0.345039
v -0.495000 -0.105000 0.345039
v -0.485000 -0.105000 0.345039
v -0.475000 -0.105000 0.345039
v -0.465000 -0.105000 0.345039
v -0.455000 -0.105000 0.335831
v -0.445000 -0.105000 0.335831
v -0.435000 -0.105000 0.335831
v -0.425000 -0.105000 0.335831
v -0.415000 -0.105000 0.335831
v -0.405000 -0.105000 0.326623
v -0.395000 -0.105000 0.326623
v -0.385000 -0.105000 0.326623
v -0.375000 -0.105000 0.317416
v -0.365000 -0.105000 0.317416
v -0.355000 -0.105000 0.317416
v -0.345000 -0.105000 0.308208
v -0.335000 -0.105000 0.308208
v -0.325000 -0.105000 0.308208
v -0.315000 -0.105000 0.299000
v -0.305000 -0.105000 0.299000
v -0.295000 -0.105000 0.295482
v -0.285000 -0.105000 0.295482
v -0.275000 -0.105000 0.290792
v -0.265000 -0.105000 0.286102
v -0.255000 -0.105000 0.281412
v -0.245000 -0.105000 0.276722
v -0.235000 -0.105000 0.272031
v -0.225000 -0.105000 0.262651
v -0.215000 -0.105000 0.257961
v -0.205000 -0.105000 0.253271
v -0.195000 -0.105000 0.057224
v -0.835000 -0.095000 0.057224
v -0.825000 -0.095000 0.262651
v -0.815000 -0.095000 0.272031
v -0.805000 -0.095000 0.276722
v -0.795000 -0.095000 0.281412
v -0.785000 -0.095000 0.286102
v -0.775000 -0.095000 0.290792
v -0.765000 -0.095000 0.299000
v -0.755000 -0.095000 0.299000
v -0.745000 -0.095000 0.299000
v -0.735000 -0.095000 0.299000
v -0.725000 -0.095000 0.308208
v -0.715000 -0.095000 0.317416
v -0.705000 -0.095000 0.317416
v -0.695000 -0.095000 0.326623
v -0.685000 -0.095000 0.326623
v -0.675000 -0.095000 0.326623
v -0.665000 -0.095000 0.326623
v -0.655000 -0.095000 0.335831
v -0.645000 -0.095000 0.335831
v -0.635000 -0.095000 0.335831
v -0.625000 -0.095000 0.335831
v -0.615000 -0.095000 0.345039
v -0.605000 -0.095000 0.345039
v -0.595000 -0.095000 0.345039
v -0.585000 -0.095000 0.345039
v -0.575000 -0.095000 0.345039
v -0.565000 -0.095000 0.345039
v -0.555000 -0.095000 0.345039
v -0.545000 -0.095000 0.345039
v -0.535000 -0.095000 0.345039
v -0.525000 -0.095000 0.345039
v -0.515000 -0.095000 0.345039
v -0.505000 -0.095000 0.345039
v -0.495000 -0.095000 0.345039
v -0.485000 -0.095000 0.345039
v -0.475000 -0.095000 0.345039
v -0.465000 -0.095000 0.345039
v -0.455000 -0.095000 0.335831
v -0.445000 -0.095000 0.335831
v -0.435000 -0.095000 0.335831
v -0.425000 -0.095000 0.335831
v -0.415000 -0.095000 0.326623
v -0.405000 -0.095000 0.326623
v -0.395000 -0.095000 0.326623
v -0.385000 -0.095000 0.326623
v -0.375000 -0.095000 0.317416
v -0.365000 -0.095000 0.317416
v -0.355000 -0.095000 0.308208
v -0.345000 -0.095000 0.308208
v -0.335000 -0.095000 0.308208
v -0.325000 -0.095000 0.299000
v -0.315000 -0.095000 0.299000
v -0.305000 -0.095000 0.295482
v -0.295000 -0.095000 0.295482
v -0.285000 -0.095000 0.290792
v -0.275000 -0.095000 0.290792
v -0.265000 -0.095000 0.286102
v -0.255000 -0.095000 0.281412
v -0.245000 -0.095000 0.276722
v -0.235000 -0.095000 0.267341
v -0.225000 -0.095000 0.257961
v -0.215000 -0.095000 0.257961
v -0.205000 -0.095000 0.057224
v -0.845000 -0.085000 0.057224
v -0.835000 -0.085000 0.257961
v -0.825000 -0.085000 0.267341
v -0.815000 -0.085000 0.272031
v -0.805000 -0.085000 0.281412
v -0.795000 -0.085000 0.286102
v -0.785000 -0.085000 0.290792
v -0.775000 -0.085000 0.295482
v -0.765000 -0.085000 0.299000
v -0.755000 -0.085000 0.299000
v -0.745000 -0.085000 0.299000
v -0.735000 -0.085000 0.308208
v -0.725000 -0.085000 0.317416
v -0.715000 -0.085000 0.317416
v -0.705000 -0.085000 0.326623
v -0.695000 -0.085000 0.326623
v -0.685000 -0.085000 0.326623
v -0.675000 -0.085000 0.326623
v -0.665000 -0.085000 0.335831
v -0.655000 -0.085000 0.335831
v -0.645000 -0.085000 0.335831
v -0.635000 -0.085000 0.335831
v -0.625000 -0.085000 0.335831
v -0.615000 -0.085000 0.345039
v -0.605000 -0.085000 0.345039
v -0.595000 -0.085000 0.345039
v -0.585000 -0.085000 0.345039
v -0.575000 -0.085000 0.345039
v -0.565000 -0.085000 0.345039
v -0.555000 -0.085000 0.345039
v -0.545000 -0.085000 0.345039
v -0.535000 -0.085000 0.345039
v -0.525000 -0.085000 0.345039
v -0.515000 -0.085000 0.345039
v -0.505000 -0.085000 0.345039
v -0.495000 -0.085000 0.345039
v -0.485000 -0.085000 0.345039
v -0.475000 -0.085000 0.345039
v -0.465000 -0.085000 0.335831
v -0.455000 -0.085000 0.335831
v -0.445000 -0.085000 0.335831
v -0.435000 -0.085000 0.335831
v -0.425000 -0.085000 0.335831
v -0.415000 -0.085000 0.326623
v -0.405000 -0.085000 0.326623
v -0.395000 -0.085000 0.326623
v -0.385000 -0.085000 0.317416
v -0.375000 -0.085000 0.317416
v -0.365000 -0.085000 0.317416
v -0.355000 -0.085000 0.308208
v -0.345000 -0.085000 0.308208
v -0.335000 -0.085000 0.308208
v -0.325000 -0.085000 0.299000
v -0.315000 -0.085000 0.299000
v -0.305000 -0.085000 0.295482
v -0.295000 -0.085000 0.290792
v -0.285000 -0.085000 0.290792
v -0.275000 -0.085000 0.286102
v -0.265000 -0.085000 0.286102
v -0.255000 -0.085000 0.276722
v -0.245000 -0.085000 0.267341
v -0.235000 -0.085000 0.262651
v -0.225000 -0.085000 0.257961
v -0.215000 -0.085000 0.057224
v -0.855000 -0.075000 0.057224
v -0.845000 -0.075000 0.262651
v -0.835000 -0.075000 0.267341
v -0.825000 -0.075000 0.272031
v -0.815000 -0.075000 0.276722
v -0.805000 -0.075000 0.281412
v -0.795000 -0.075000 0.290792
v -0.785000 -0.075000 0.290792
v -0.775000 -0.075000 0.295482
v -0.765000 -0.075000 0.299000
v -0.755000 -0.075000 0.299000
v -0.745000 -0.075000 0.299000
v -0.735000 -0.075000 0.308208
v -0.725000 -0.075000 0.317416
v -0.715000 -0.075000 0.326623
v -0.705000 -0.075000 0.326623
v -0.695000 -0.075000 0.326623
v -0.685000 -0.075000 0.326623
v -0.675000 -0.075000 0.335831
v -0.665000 -0.075000 0.335831
v -0.655000 -0.075000 0.335831
v -0.645000 -0.075000 0.335831
v -0.635000 -0.075000 0.335831
v -0.625000 -0.075000 0.345039
v -0.615000 -0.075000 0.345039
v -0.605000 -0.075000 0.345039
v -0.595000 -0.075000 0.345039
v -0.585000 -0.075000 0.345039
v -0.575000 -0.075000 0.345039
v -0.565000 -0.075000 0.345039
v -0.555000 -0.075000 0.345039
v -0.545000 -0.075000 0.345039
v -0.535000 -0.075000 0.345039
v -0.525000 -0.075000 0.345039
v -0.515000 -0.075000 0.345039
v -0.505000 -0.075000 0.345039
v -0.495000 -0.075000 0.345039
v -0.485000 -0.075000 0.345039
v -0.475000 -0.075000 0.345039
v -0.465000 -0.075000 0.335831
v -0.455000 -0.075000 0.335831
v -0.445000 -0.075000 0.335831
v -0.435000 -0.075000 0.335831
v -0.425000 -0.075000 0.326623
v -0.415000 -0.075000 0.326623
v -0.405000 -0.075000 0.326623
v -0.395000 -0.075000 0.326623
v -0.385000 -0.075000 0.317416
v -0.375000 -0.075000 0.317416
v -0.365000 -0.075000 0.317416
v -0.355000 -0.075000 0.308208
v -0.345000 -0.075000 0.308208
v -0.335000 -0.075000 0.299000
v -0.325000 -0.075000 0.299000
v -0.315000 -0.075000 0.295482
v -0.305000 -0.075000 0.295482
v -0.295000 -0.075000 0.290792
v -0.285000 -0.075000 0.286102
v -0.275000 -0.075000 0.286102
v -0.265000 -0.075000 0.281412
v -0.255000 -0.075000 0.276722
v -0.245000 -0.075000 0.262651
v -0.235000 -0.075000 0.262651
v -0.225000 -0.075000 0.257961
v -0.215000 -0.075000 0.057224
v -0.855000 -0.065000 0.057224
v -0.845000 -0.065000 0.262651
v -0.835000 -0.065000 0.272031
v -0.825000 -0.065000 0.276722
v -0.815000 -0.065000 0.281412
v -0.805000 -0.065000 0.286102
v -0.795000 -0.065000 0.290792
v -0.785000 -0.065000 0.295482
v -0.775000 -0.065000 0.299000
v -0.765000 -0.065000 0.299000
v -0.755000 -0.065000 0.299000
v -0.745000 -0.065000 0.308208
v -0.735000 -0.065000 0.317416
v -0.725000 -0.065000 0.317416
v -0.715000 -0.065000 0.326623
v -0.705000 -0.065000 0.326623
v -0.695000 -0.065000 0.326623
v -0.685000 -0.065000 0.335831
v -0.675000 -0.065000 0.335831
v -0.665000 -0.065000 0.335831
v -0.655000 -0.065000 0.335831
v -0.645000 -0.065000 0.335831
v -0.635000 -0.065000 0.335831
v -0.625000 -0.065000 0.345039
v -0.615000 -0.065000 0.345039
v -0.605000 -0.065000 0.345039
v -0.595000 -0.065000 0.345039
v -0.585000 -0.065000 0.345039
v -0.575000 -0.065000 0.345039
v -0.565000 -0.065000 0.345039
v -0.555000 -0.065000 0.345039
v -0.545000 -0.065000 0.345039
v -0.535000 -0.065000 0.345039
v -0.525000 -0.065000 0.345039
v -0.515000 -0.065000 0.345039
v -0.505000 -0.065000 0.345039
v -0.495000 -0.065000 0.345039
v -0.485000 -0.065000 0.345039
v -0.475000 -0.065000 0.345039
v -0.465000 -0.065000 0.335831
v -0.455000 -0.065000 0.335831
v -0.445000 -0.065000 0.335831
v -0.435000 -0.065000 0.335831
v -0.425000 -0.065000 0.326623
v -0.415000 -0.065000 0.326623
v -0.405000 -0.065000 0.326623
v -0.395000 -0.065000 0.326623
v -0.385000 -0.065000 0.317416
v -0.375000 -0.065000 0.317416
v -0.365000 -0.065000 0.308208
v -0.355000 -0.065000 0.308208
v -0.345000 -0.065000 0.299000
v -0.335000 -0.065000 0.299000
v -0.325000 -0.065000 0.299000
v -0.315000 -0.065000 0.295482
v -0.305000 -0.065000 0.290792
v -0.295000 -0.065000 0.290792
v -0.285000 -0.065000 0.286102
v -0.275000 -0.065000 0.281412
v -0.265000 -0.065000 0.276722
v -0.255000 -0.065000 0.272031
v -0.245000 -0.065000 0.262651
v -0.235000 -0.065000 0.257961
v -0.225000 -0.065000 0.057224
v -0.855000 -0.055000 0.057224
v -0.845000 -0.055000 0.262651
v -0.835000 -0.055000 0.272031
v -0.825000 -0.055000 0.281412
v -0.815000 -0.055000 0.281412
v -0.805000 -0.055000 0.286102
v -0.795000 -0.055000 0.295482
v -0.785000 -0.055000 0.299000
v -0.775000 -0.055000 0.299000
v -0.765000 -0.055000 0.299000
v -0.755000 -0.055000 0.308208
v -0.745000 -0.055000 0.308208
v -0.735000 -0.055000 0.317416
v -0.725000 -0.055000 0.326623
v -0.715000 -0.055000 0.326623
v -0.705000 -0.055000 0.326623
v -0.695000 -0.055000 0.335831
v -0.685000 -0.055000 0.335831
v -0.675000 -0.055000 0.335831
v -0.665000 -0.055000 0.335831
v -0.655000 -0.055000 0.335831
v -0.645000 -0.055000 0.335831
v -0.635000 -0.055000 0.345039
v -0.625000 -0.055000 0.345039
v -0.615000 -0.055000 0.345039
v -0.605000 -0.055000 0.345039
v -0.595000 -0.055000 0.345039
v -0.585000 -0.055000 0.345039
v -0.575000 -0.055000 0.345039
v -0.565000 -0.055000 0.345039
v -0.555000 -0.055000 0.345039
v -0.545000 -0.055000 0.345039
v -0.535000 -0.055000 0.345039
v -0.525000 -0.055000 0.345039
v -0.515000 -0.055000 0.345039
v -0.505000 -0.055000 0.345039
v -0.495000 -0.055000 0.345039
v -0.485000 -0.055000 0.345039
v -0.475000 -0.055000 0.335831
v -0.465000 -0.055000 0.335831
v -0.455000 -0.055000 0.335831
v -0.445000 -0.055000 0.335831
v -0.435000 -0.055000 0.326623
v -0.425000 -0.055000 0.326623
v -0.415000 -0.055000 0.326623
v -0.405000 -0.055000 0.326623
v -0.395000 -0.055000 0.317416
v -0.385000 -0.055000 0.317416
v -0.375000 -0.055000 0.308208
v -0.365000 -0.055000 0.308208
v -0.355000 -0.055000 0.308208
v -0.345000 -0.055000 0.299000
v -0.335000 -0.055000 0.299000
v -0.325000 -0.055000 0.299000
v -0.315000 -0.055000 0.295482
v -0.305000 -0.055000 0.290792
v -0.295000 -0.055000 0.286102
v -0.285000 -0.055000 0.281412
v -0.275000 -0.055000 0.276722
v -0.265000 -0.055000 0.272031
v -0.255000 -0.055000 0.267341
v -0.245000 -0.055000 0.257961
v -0.235000 -0.055000 0.257961
v -0.225000 -0.055000 0.057224
v -0.855000 -0.045000 0.057224
v -0.845000 -0.045000 0.262651
v -0.835000 -0.045000 0.276722
v -0.825000 -0.045000 0.281412
v -0.815000 -0.045000 0.286102
v -0.805000 -0.045000 0.290792
v -0.795000 -0.045000 0.295482
v -0.785000 -0.045000 0.299000
v -0.775000 -0.045000 0.295482
v -0.765000 -0.045000 0.299000
v -0.755000 -0.045000 0.308208
v -0.745000 -0.045000 0.317416
v -0.735000 -0.045000 0.317416
v -0.725000 -0.045000 0.326623
v -0.715000 -0.045000 0.326623
v -0.705000 -0.045000 0.326623
v -0.695000 -0.045000 0.335831
v -0.685000 -0.045000 0.335831
v -0.675000 -0.045000 0.335831
v -0.665000 -0.045000 0.335831
v -0.655000 -0.045000 0.335831
v -0.645000 -0.045000 0.335831
v -0.635000 -0.045000 0.345039
v -0.625000 -0.045000 0.345039
v -0.615000 -0.045000 0.345039
v -0.605000 -0.045000 0.345039
v -0.595000 -0.045000 0.345039
v -0.585000 -0.045000 0.345039
v -0.575000 -0.045000 0.345039
v -0.565000 -0.045000 0.345039
v -0.555000 -0.045000 0.345039
v -0.545000 -0.045000 0.345039
v -0.535000 -0.045000 0.345039
v -0.525000 -0.045000 0.345039
v -0.515000 -0.045000 0.345039
v -0.505000 -0.045000 0.345039
v -0.495000 -0.045000 0.345039
v -0.485000 -0.045000 0.335831
v -0.475000 -0.045000 0.335831
v -0.465000 -0.045000 0.335831
v -0.455000 -0.045000 0.335831
v -0.445000 -0.045000 0.326623
v -0.435000 -0.045000 0.326623
v -0.425000 -0.045000 0.326623
v -0.415000 -0.045000 0.326623
v -0.405000 -0.045000 0.326623
v -0.395000 -0.045000 0.317416
v -0.385000 -0.045000 0.308208
v -0.375000 -0.045000 0.308208
v -0.365000 -0.045000 0.308208
v -0.355000 -0.045000 0.299000
v -0.345000 -0.045000 0.299000
v -0.335000 -0.045000 0.299000
v -0.325000 -0.045000 0.295482
v -0.315000 -0.045000 0.290792
v -0.305000 -0.045000 0.286102
v -0.295000 -0.045000 0.286102
v -0.285000 -0.045000 0.276722
v -0.275000 -0.045000 0.272031
v -0.265000 -0.045000 0.267341
v -0.255000 -0.045000 0.262651
v -0.245000 -0.045000 0.257961
v -0.235000 -0.045000 0.057224
v -0.855000 -0.035000 0.057224
v -0.845000 -0.035000 0.267341
v -0.835000 -0.035000 0.276722
v -0.825000 -0.035000 0.286102
v -0.815000 -0.035000 0.290792
v -0.805000 -0.035000 0.290792
v -0.795000 -0.035000 0.295482
v -0.785000 -0.035000 0.299000
v -0.775000 -0.035000 0.295482
v -0.765000 -0.035000 0.299000
v -0.755000 -0.035000 0.308208
v -0.745000 -0.035000 0.317416
v -0.735000 -0.035000 0.317416
v -0.725000 -0.035000 0.326623
v -0.715000 -0.035000 0.326623
v -0.705000 -0.035000 0.335831
v -0.695000 -0.035000 0.335831
v -0.685000 -0.035000 0.335831
v -0.675000 -0.035000 0.335831
v -0.665000 -0.035000 0.335831
v -0.655000 -0.035000 0.335831
v -0.645000 -0.035000 0.345039
v -0.635000 -0.035000 0.345039
v -0.625000 -0.035000 0.345039
v -0.615000 -0.035000 0.345039
v -0.605000 -0.035000 0.345039
v -0.595000 -0.035000 0.345039
v -0.585000 -0.035000 0.345039
v -0.575000 -0.035000 0.345039
v -0.565000 -0.035000 0.345039
v -0.555000 -0.035000 0.345039
v -0.545000 -0.035000 0.345039
v -0.535000 -0.035000 0.345039
v -0.525000 -0.035000 0.345039
v -0.515000 -0.035000 0.345039
v -0.505000 -0.035000 0.345039
v -0.495000 -0.035000 0.345039
v -0.485000 -0.035000 0.335831
v -0.475000 -0.035000 0.335831
v -0.465000 -0.035000 0.335831
v -0.455000 -0.035000 0.335831
v -0.445000 -0.035000 0.326623
v -0.435000 -0.035000 0.326623
v -0.425000 -0.035000 0.326623
v -0.415000 -0.035000 0.326623
v -0.405000 -0.035000 0.317416
v -0.395000 -0.035000 0.317416
v -0.385000 -0.035000 0.308208
v -0.375000 -0.035000 0.308208
v -0.365000 -0.035000 0.299000
v -0.355000 -0.035000 0.299000
v -0.345000 -0.035000 0.299000
v -0.335000 -0.035000 0.295482
v -0.325000 -0.035000 0.290792
v -0.315000 -0.035000 0.290792
v -0.305000 -0.035000 0.286102
v -0.295000 -0.035000 0.281412
v -0.285000 -0.035000 0.272031
v -0.275000 -0.035000 0.267341
v -0.265000 -0.035000 0.262651
v -0.255000 -0.035000 0.257961
v -0.245000 -0.035000 0.057224
v -0.865000 -0.025000 0.057224
v -0.855000 -0.025000 0.262651
v -0.845000 -0.025000 0.267341
v -0.835000 -0.025000 0.276722
v -0.825000 -0.025000 0.286102
v -0.815000 -0.025000 0.290792
v -0.805000 -0.025000 0.290792
v -0.795000 -0.025000 0.295482
v -0.785000 -0.025000 0.299000
v -0.775000 -0.025000 0.299000
v -0.765000 -0.025000 0.299000
v -0.755000 -0.025000 0.308208
v -0.745000 -0.025000 0.317416
v -0.735000 -0.025000 0.326623
v -0.725000 -0.025000 0.326623
v -0.715000 -0.025000 0.326623
v -0.705000 -0.025000 0.335831
v -0.695000 -0.025000 0.335831
v -0.685000 -0.025000 0.335831
v -0.675000 -0.025000 0.335831
v -0.665000 -0.025000 0.335831
v -0.655000 -0.025000 0.345039
v -0.645000 -0.025000 0.345039
v -0.635000 -0.025000 0.345039
v -0.625000 -0.025000 0.345039
v -0.615000 -0.025000 0.345039
v -0.605000 -0.025000 0.345039
v -0.595000 -0.025000 0.345039
v -0.585000 -0.025000 0.345039
v -0.575000 -0.025000 0.345039
v -0.565000 -0.025000 0.345039
v -0.555000 -0.025000 0.345039
v -0.545000 -0.025000 0.345039
v -0.535000 -0.025000 0.345039
v -0.525000 -0.025000 0.345039
v -0.515000 -0.025000 0.345039
v -0.505000 -0.025000 0.345039
v -0.495000 -0.025000 0.335831
v -0.485000 -0.025000 0.335831
v -0.475000 -0.025000 0.335831
v -0.465000 -0.025000 0.335831
v -0.455000 -0.025000 0.326623
v -0.445000 -0.025000 0.326623
v -0.435000 -0.025000 0.326623
v -0.425000 -0.025000 0.326623
v -0.415000 -0.025000 0.317416
v -0.405000 -0.025000 0.317416
v -0.395000 -0.025000 0.317416
v -0.385000 -0.025000 0.308208
v -0.375000 -0.025000 0.308208
v -0.365000 -0.025000 0.299000
v -0.355000 -0.025000 0.299000
v -0.345000 -0.025000 0.295482
v -0.335000 -0.025000 0.295482
v -0.325000 -0.025000 0.290792
v -0.315000 -0.025000 0.290792
v -0.305000 -0.025000 0.281412
v -0.295000 -0.025000 0.276722
v -0.285000 -0.025000 0.272031
v -0.275000 -0.025000 0.262651
v -0.265000 -0.025000 0.257961
v -0.255000 -0.025000 0.257961
v -0.245000 -0.025000 0.057224
v -0.875000 -0.015000 0.057223
v -0.865000 -0.015000 0.262651
v -0.855000 -0.015000 0.267341
v -0.845000 -0.015000 0.272031
v -0.835000 -0.015000 0.281412
v -0.825000 -0.015000 0.286102
v -0.815000 -0.015000 0.290792
v -0.805000 -0.015000 0.295482
v -0.795000 -0.015000 0.299000
v -0.785000 -0.015000 0.299000
v -0.775000 -0.015000 0.299000
v -0.765000 -0.015000 0.308208
v -0.755000 -0.015000 0.317416
v -0.745000 -0.015000 0.326623
v -0.735000 -0.015000 0.326623
v -0.725000 -0.015000 0.326623
v -0.715000 -0.015000 0.335831
v -0.705000 -0.015000 0.335831
v -0.695000 -0.015000 0.335831
v -0.685000 -0.015000 0.335831
v -0.675000 -0.015000 0.335831
v -0.665000 -0.015000 0.335831
v -0.655000 -0.015000 0.345039
v -0.645000 -0.015000 0.345039
v -0.635000 -0.015000 0.345039
v -0.625000 -0.015000 0.345039
v -0.615000 -0.015000 0.345039
v -0.605000 -0.015000 0.345039
v -0.595000 -0.015000 0.345039
v -0.585000 -0.015000 0.345039
v -0.575000 -0.015000 0.345039
v -0.565000 -0.015000 0.345039
v -0.555000 -0.015000 0.345039
v -0.545000 -0.015000 0.345039
v -0.535000 -0.015000 0.345039
v -0.525000 -0.015000 0.345039
v -0.515000 -0.015000 0.345039
v -0.505000 -0.015000 0.345039
v -0.495000 -0.015000 0.335831
v -0.485000 -0.015000 0.335831
v -0.475000 -0.015000 0.335831
v -0.465000 -0.015000 0.326623
v -0.455000 -0.015000 0.326623
v -0.445000 -0.015000 0.326623
v -0.435000 -0.015000 0.326623
v -0.425000 -0.015000 0.317416
v -0.415000 -0.015000 0.317416
v -0.405000 -0.015000 0.317416
v -0.395000 -0.015000 0.308208
v -0.385000 -0.015000 0.308208
v -0.375000 -0.015000 0.308208
v -0.365000 -0.015000 0.299000
v -0.355000 -0.015000 0.299000
v -0.345000 -0.015000 0.295482
v -0.335000 -0.015000 0.290792
v -0.325000 -0.015000 0.290792
v -0.315000 -0.015000 0.286102
v -0.305000 -0.015000 0.281412
v -0.295000 -0.015000 0.276722
v -0.285000 -0.015000 0.267341
v -0.275000 -0.015000 0.262651
v -0.265000 -0.015000 0.257961
v -0.255000 -0.015000 0.057223
v -0.875000 -0.005000 0.057223
v -0.865000 -0.005000 0.262651
v -0.855000 -0.005000 0.272031
v -0.845000 -0.005000 0.276722
v -0.835000 -0.005000 0.281412
v -0.825000 -0.005000 0.286102
v -0.815000 -0.005000 0.290792
v -0.805000 -0.005000 0.295482
v -0.795000 -0.005000 0.299000
v -0.785000 -0.005000 0.299000
v -0.775000 -0.005000 0.308208
v -0.765000 -0.005000 0.308208
v -0.755000 -0.005000 0.317416
v -0.745000 -0.005000 0.326623
v -0.735000 -0.005000 0.326623
v -0.725000 -0.005000 0.326623
v -0.715000 -0.005000 0.335831
v -0.705000 -0.005000 0.335831
v -0.695000 -0.005000 0.335831
v -0.685000 -0.005000 0.335831
v -0.675000 -0.005000 0.335831
v -0.665000 -0.005000 0.345039
v -0.655000 -0.005000 0.345039
v -0.645000 -0.005000 0.345039
v -0.635000 -0.005000 0.345039
v -0.625000 -0.005000 0.345039
v -0.615000 -0.005000 0.345039
v -0.605000 -0.005000 0.345039
v -0.595000 -0.005000 0.345039
v -0.585000 -0.005000 0.345039
v -0.575000 -0.005000 0.345039
v -0.565000 -0.005000 0.345039
v -0.555000 -0.005000 0.345039
v -0.545000 -0.005000 0.345039
v -0.535000 -0.005000 0.345039
v -0.525000 -0.005000 0.345039
v -0.515000 -0.005000 0.345039
v -0.505000 -0.005000 0.335831
v -0.495000 -0.005000 0.335831
v -0.485000 -0.005000 0.335831
v -0.475000 -0.005000 0.335831
v -0.465000 -0.005000 0.326623
v -0.455000 -0.005000 0.326623
v -0.445000 -0.005000 0.326623
v -0.435000 -0.005000 0.317416
v -0.425000 -0.005000 0.317416
v -0.415000 -0.005000 0.317416
v -0.405000 -0.005000 0.317416
v -0.395000 -0.005000 0.308208
v -0.385000 -0.005000 0.299000
v -0.375000 -0.005000 0.299000
v -0.365000 -0.005000 0.299000
v -0.355000 -0.005000 0.295482
v -0.345000 -0.005000 0.290792
v -0.335000 -0.005000 0.290792
v -0.325000 -0.005000 0.286102
v -0.315000 -0.005000 0.286102
v -0.305000 -0.005000 0.276722
v -0.295000 -0.005000 0.272031
v -0.285000 -0.005000 0.262651
v -0.275000 -0.005000 0.257961
v -0.265000 -0.005000 0.057223
v -0.875000 0.005000 0.057223
v -0.865000 0.005000 0.267341
v -0.855000 0.005000 0.276722
v -0.845000 0.005000 0.281412
v -0.835000 0.005000 0.286102
v -0.825000 0.005000 0.290792
v -0.815000 0.005000 0.295482
v -0.805000 0.005000 0.299000
v -0.795000 0.005000 0.299000
v -0.785000 0.005000 0.299000
v -0.775000 0.005000 0.308208
v -0.765000 0.005000 0.308208
v -0.755000 0.005000 0.317416
v -0.745000 0.005000 0.326623
v -0.735000 0.005000 0.326623
v -0.725000 0.005000 0.326623
v -0.715000 0.005000 0.335831
v -0.705000 0.005000 0.335831
v -0.695000 0.005000 0.335831
v -0.685000 0.005000 0.335831
v -0.675000 0.005000 0.345039
v -0.665000 0.005000 0.345039
v -0.655000 0.005000 0.345039
v -0.645000 0.005000 0.345039
v -0.635000 0.005000 0.345039
v -0.625000 0.005000 0.345039
v -0.615000 0.005000 0.345039
v -0.605000 0.005000 0.345039
v -0.595000 0.005000 0.345039
v -0.585000 0.005000 0.345039
v -0.575000 0.005000 0.345039
v -0.565000 0.005000 0.345039
v -0.555000 0.005000 0.345039
v -0.545000 0.005000 0.345039
v -0.535000 0.005000 0.345039
v -0.525000 0.005000 0.345039
v -0.515000 0.005000 0.335831
v -0.505000 0.005000 0.335831
v -0.495000 0.005000 0.335831
v -0.485000 0.005000 0.335831
v -0.475000 0.005000 0.326623
v -0.465000 0.005000 0.326623
v -0.455000 0.005000 0.326623
v -0.445000 0.005000 0.326623
v -0.435000 0.005000 0.317416
v -0.425000 0.005000 0.317416
v -0.415000 0.005000 0.317416
v -0.405000 0.005000 0.308208
v -0.395000 0.005000 0.308208
v -0.385000 0.005000 0.299000
v -0.375000 0.005000 0.299000
v -0.365000 0.005000 0.295482
v -0.355000 0.005000 0.295482
v -0.345000 0.005000 0.290792
v -0.335000 0.005000 0.290792
v -0.325000 0.005000 0.281412
v -0.315000 0.005000 0.281412
v -0.305000 0.005000 0.276722
v -0.295000 0.005000 0.267341
v -0.285000 0.005000 0.262651
v -0.275000 0.005000 0.257961
v -0.265000 0.005000 0.057223
v -0.875000 0.015000 0.057223
v -0.865000 0.015000 0.267341
v -0.855000 0.015000 0.276722
v -0.845000 0.015000 0.286102
v -0.835000 0.015000 0.286102
v -0.825000 0.015000 0.290792
v -0.815000 0.015000 0.295482
v -0.805000 0.015000 0.299000
v -0.795000 0.015000 0.299000
v -0.785000 0.015000 0.299000
v -0.775000 0.015000 0.308208
v -0.765000 0.015000 0.308208
v -0.755000 0.015000 0.317416
v -0.745000 0.015000 0.326623
v -0.735000 0.015000 0.326623
v -0.725000 0.015000 0.326623
v -0.715000 0.015000 0.335831
v -0.705000 0.015000 0.335831
v -0.695000 0.015000 0.335831
v -0.685000 0.015000 0.335831
v -0.675000 0.015000 0.345039
v -0.665000 0.015000 0.345039
v -0.655000 0.015000 0.345039
v -0.645000 0.015000 0.345039
v -0.635000 0.015000 0.345039
v -0.625000 0.015000 0.345039
v -0.615000 0.015000 0.345039
v -0.605000 0.015000 0.345039
v -0.595000 0.015000 0.345039
v -0.585000 0.015000 0.345039
v -0.575000 0.015000 0.345039
v -0.565000 0.015000 0.345039
v -0.555000 0.015000 0.345039
v -0.545000 0.015000 0.345039
v -0.535000 0.015000 0.345039
v -0.525000 0.015000 0.345039
v -0.515000 0.015000 0.335831
v -0.505000 0.015000 0.335831
v -0.495000 0.015000 0.335831
v -0.485000 0.015000 0.335831
v -0.475000 0.015000 0.326623
v -0.465000 0.015000 0.326623
v -0.455000 0.015000 0.317416
v -0.445000 0.015000 0.317416
v -0.435000 0.015000 0.317416
v -0.425000 0.015000 0.317416
v -0.415000 0.015000 0.308208
v -0.405000 0.015000 0.308208
v -0.395000 0.015000 0.308208
v -0.385000 0.015000 0.299000
v -0.375000 0.015000 0.299000
v -0.365000 0.015000 0.295482
v -0.355000 0.015000 0.290792
v -0.345000 0.015000 0.286102
v -0.335000 0.015000 0.286102
v -0.325000 0.015000 0.281412
v -0.315000 0.015000 0.276722
v -0.305000 0.015000 0.272031
v -0.295000 0.015000 0.262651
v -0.285000 0.015000 0.257961
v -0.275000 0.015000 0.057223
v -0.865000 0.025000 0.057223
v -0.855000 0.025000 0.276722
v -0.845000 0.025000 0.286102
v -0.835000 0.025000 0.286102
v -0.825000 0.025000 0.290792
v -0.815000 0.025000 0.295482
v -0.805000 0.025000 0.299000
v -0.795000 0.025000 0.299000
v -0.785000 0.025000 0.308208
v -0.775000 0.025000 0.308208
v -0.765000 0.025000 0.308208
v -0.755000 0.025000 0.317416
v -0.745000 0.025000 0.326623
v -0.735000 0.025000 0.326623
v -0.725000 0.025000 0.326623
v -0.715000 0.025000 0.335831
v -0.705000 0.025000 0.335831
v -0.695000 0.025000 0.335831
v -0.685000 0.025000 0.335831
v -0.675000 0.025000 0.345039
v -0.665000 0.025000 0.345039
v -0.655000 0.025000 0.345039
v -0.645000 0.025000 0.345039
v -0.635000 0.025000 0.345039
v -0.625000 0.025000 0.345039
v -0.615000 0.025000 0.345039
v -0.605000 0.025000 0.345039
v -0.595000 0.025000 0.345039
v -0.585000 0.025000 0.345039
v -0.575000 0.025000 0.345039
v -0.565000 0.025000 0.345039
v -0.555000 0.025000 0.345039
v -0.545000 0.025000 0.345039
v -0.535000 0.025000 0.345039
v -0.525000 0.025000 0.335831
v -0.515000 0.025000 0.335831
v -0.505000 0.025000 0.335831
v -0.495000 0.025000 0.335831
v -0.485000 0.025000 0.326623
v -0.475000 0.025000 0.326623
v -0.465000 0.025000 0.326623
v -0.455000 0.025000 0.317416
v -0.445000 0.025000 0.317416
v -0.435000 0.025000 0.317416
v -0.425000 0.025000 0.317416
v -0.415000 0.025000 0.308208
v -0.405000 0.025000 0.308208
v -0.395000 0.025000 0.299000
v -0.385000 0.025000 0.299000
v -0.375000 0.025000 0.295482
v -0.365000 0.025000 0.290792
v -0.355000 0.025000 0.290792
v -0.345000 0.025000 0.286102
v -0.335000 0.025000 0.281412
v -0.325000 0.025000 0.276722
v -0.315000 0.025000 0.272031
v -0.305000 0.025000 0.267341
v -0.295000 0.025000 0.257961
v -0.285000 0.025000 0.257961
v -0.275000 0.025000 0.057223
v -0.855000 0.035000 0.057223
v -0.845000 0.035000 0.057223
v -0.835000 0.035000 0.290792
v -0.825000 0.035000 0.290792
v -0.815000 0.035000 0.295482
v -0.805000 0.035000 0.299000
v -0.795000 0.035000 0.299000
v -0.785000 0.035000 0.308208
v -0.775000 0.035000 0.308208
v -0.765000 0.035000 0.308208
v -0.755000 0.035000 0.317416
v -0.745000 0.035000 0.326623
v -0.735000 0.035000 0.326623
v -0.725000 0.035000 0.326623
v -0.715000 0.035000 0.335831
v -0.705000 0.035000 0.335831
v -0.695000 0.035000 0.335831
v -0.685000 0.035000 0.335831
v -0.675000 0.035000 0.345039
v -0.665000 0.035000 0.345039
v -0.655000 0.035000 0.345039
v -0.645000 0.035000 0.345039
v -0.635000 0.035000 0.345039
v -0.625000 0.035000 0.345039
v -0.615000 0.035000 0.345039
v -0.605000 0.035000 0.345039
v -0.595000 0.035000 0.345039
v -0.585000 0.035000 0.345039
v -0.575000 0.035000 0.345039
v -0.565000 0.035000 0.345039
v -0.555000 0.035000 0.345039
v -0.545000 0.035000 0.345039
v -0.535000 0.035000 0.335831
v -0.525000 0.035000 0.335831
v -0.515000 0.035000 0.335831
v -0.505000 0.035000 0.335831
v -0.495000 0.035000 0.335831
v -0.485000 0.035000 0.326623
v -0.475000 0.035000 0.326623
v -0.465000 0.035000 0.317416
v -0.455000 0.035000 0.317416
v -0.445000 0.035000 0.317416
v -0.435000 0.035000 0.317416
v -0.425000 0.035000 0.308208
v -0.415000 0.035000 0.308208
v -0.405000 0.035000 0.299000
v -0.395000 0.035000 0.299000
v -0.385000 0.035000 0.295482
v -0.375000 0.035000 0.295482
v -0.365000 0.035000 0.290792
v -0.355000 0.035000 0.286102
v -0.345000 0.035000 0.281412
v -0.335000 0.035000 0.281412
v -0.325000 0.035000 0.276722
v -0.315000 0.035000 0.267341
v -0.305000 0.035000 0.262651
v -0.295000 0.035000 0.257961
v -0.285000 0.035000 0.057223
v -0.835000 0.045000 0.057223
v -0.825000 0.045000 0.286102
v -0.815000 0.045000 0.295482
v -0.805000 0.045000 0.299000
v -0.795000 0.045000 0.299000
v -0.785000 0.045000 0.308208
v -0.775000 0.045000 0.308208
v -0.765000 0.045000 0.317416
v -0.755000 0.045000 0.317416
v -0.745000 0.045000 0.326623
v -0.735000 0.045000 0.326623
v -0.725000 0.045000 0.326623
v -0.715000 0.045000 0.335831
v -0.705000 0.045000 0.335831
v -0.695000 0.045000 0.335831
v -0.685000 0.045000 0.335831
v -0.675000 0.045000 0.345039
v -0.665000 0.045000 0.345039
v -0.655000 0.045000 0.345039
v -0.645000 0.045000 0.345039
v -0.635000 0.045000 0.345039
v -0.625000 0.045000 0.345039
v -0.615000 0.045000 0.345039
v -0.605000 0.045000 0.345039
v -0.595000 0.045000 0.345039
v -0.585000 0.045000 0.345039
v -0.575000 0.045000 0.345039
v -0.565000 0.045000 0.345039
v -0.555000 0.045000 0.345039
v -0.545000 0.045000 0.345039
v -0.535000 0.045000 0.335831
v -0.525000 0.045000 0.335831
v -0.515000 0.045000 0.335831
v -0.505000 0.045000 0.335831
v -0.495000 0.045000 0.326623
v -0.485000 0.045000 0.326623
v -0.475000 0.045000 0.326623
v -0.465000 0.045000 0.317416
v -0.455000 0.045000 0.317416
v -0.445000 0.045000 0.317416
v -0.435000 0.045000 0.308208
v -0.425000 0.045000 0.308208
v -0.415000 0.045000 0.299000
v -0.405000 0.045000 0.299000
v -0.395000 0.045000 0.295482
v -0.385000 0.045000 0.295482
v -0.375000 0.045000 0.290792
v -0.365000 0.045000 0.286102
v -0.355000 0.045000 0.286102
v -0.345000 0.045000 0.281412
v -0.335000 0.045000 0.276722
v -0.325000 0.045000 0.272031
v -0.315000 0.045000 0.262651
v -0.305000 0.045000 0.257961
v -0.295000 0.045000 0.057223
v -0.835000 0.055000 0.057223
v -0.825000 0.055000 0.281412
v -0.815000 0.055000 0.290792
v -0.805000 0.055000 0.299000
v -0.795000 0.055000 0.299000
v -0.785000 0.055000 0.308208
v -0.775000 0.055000 0.317416
v -0.765000 0.055000 0.317416
v -0.755000 0.055000 0.317416
v -0.745000 0.055000 0.326623
v -0.735000 0.055000 0.326623
v -0.725000 0.055000 0.326623
v -0.715000 0.055000 0.335831
v -0.705000 0.055000 0.335831
v -0.695000 0.055000 0.335831
v -0.685000 0.055000 0.335831
v -0.675000 0.055000 0.345039
v -0.665000 0.055000 0.345039
v -0.655000 0.055000 0.345039
v -0.645000 0.055000 0.345039
v -0.635000 0.055000 0.345039
v -0.625000 0.055000 0.345039
v -0.615000 0.055000 0.345039
v -0.605000 0.055000 0.345039
v -0.595000 0.055000 0.345039
v -0.585000 0.055000 0.345039
v -0.575000 0.055000 0.345039
v -0.565000 0.055000 0.345039
v -0.555000 0.055000 0.345039
v -0.545000 0.055000 0.345039
v -0.535000 0.055000 0.335831
v -0.525000 0.055000 0.335831
v -0.515000 0.055000 0.335831
v -0.505000 0.055000 0.335831
v -0.495000 0.055000 0.326623
v -0.485000 0.055000 0.326623
v -0.475000 0.055000 0.317416
v -0.465000 0.055000 0.317416
v -0.455000 0.055000 0.317416
v -0.445000 0.055000 0.317416
v -0.435000 0.055000 0.308208
v -0.425000 0.055000 0.308208
v -0.415000 0.055000 0.299000
v -0.405000 0.055000 0.299000
v -0.395000 0.055000 0.295482
v -0.385000 0.055000 0.290792
v -0.375000 0.055000 0.290792
v -0.365000 0.055000 0.286102
v -0.355000 0.055000 0.286102
v -0.345000 0.055000 0.281412
v -0.335000 0.055000 0.272031
v -0.325000 0.055000 0.267341
v -0.315000 0.055000 0.262651
v -0.305000 0.055000 0.057223
v -0.825000 0.065000 0.057223
v -0.815000 0.065000 0.281412
v -0.805000 0.065000 0.290792
v -0.795000 0.065000 0.295482
v -0.785000 0.065000 0.308208
v -0.775000 0.065000 0.317416
v -0.765000 0.065000 0.317416
v -0.755000 0.065000 0.326623
v -0.745000 0.065000 0.326623
v -0.735000 0.065000 0.326623
v -0.725000 0.065000 0.326623
v -0.715000 0.065000 0.335831
v -0.705000 0.065000 0.335831
v -0.695000 0.065000 0.335831
v -0.685000 0.065000 0.335831
v -0.675000 0.065000 0.335831
v -0.665000 0.065000 0.345039
v -0.655000 0.065000 0.345039
v -0.645000 0.065000 0.345039
v -0.635000 0.065000 0.345039
v -0.625000 0.065000 0.345039
v -0.615000 0.065000 0.345039
v -0.605000 0.065000 0.345039
v -0.595000 0.065000 0.345039
v -0.585000 0.065000 0.345039
v -0.575000 0.065000 0.345039
v -0.565000 0.065000 0.345039
v -0.555000 0.065000 0.345039
v -0.545000 0.065000 0.335831
v -0.535000 0.065000 0.335831
v -0.525000 0.065000 0.335831
v -0.515000 0.065000 0.335831
v -0.505000 0.065000 0.326623
v -0.495000 0.065000 0.326623
v -0.485000 0.065000 0.326623
v -0.475000 0.065000 0.317416
v -0.465000 0.065000 0.317416
v -0.455000 0.065000 0.317416
v -0.445000 0.065000 0.308208
v -0.435000 0.065000 0.308208
v -0.425000 0.065000 0.308208
v -0.415000 0.065000 0.299000
v -0.405000 0.065000 0.295482
v -0.395000 0.065000 0.295482
v -0.385000 0.065000 0.290792
v -0.375000 0.065000 0.286102
v -0.365000 0.065000 0.286102
v -0.355000 0.065000 0.281412
v -0.345000 0.065000 0.276722
v -0.335000 0.065000 0.272031
v -0.325000 0.065000 0.262651
v -0.315000 0.065000 0.257961
v -0.305000 0.065000 0.057223
v -0.825000 0.075000 0.057223
v -0.815000 0.075000 0.057223
v -0.805000 0.075000 0.281412
v -0.795000 0.075000 0.281412
v -0.785000 0.075000 0.295482
v -0.775000 0.075000 0.308208
v -0.765000 0.075000 0.317416
v -0.755000 0.075000 0.326623
v -0.745000 0.075000 0.326623
v -0.735000 0.075000 0.326623
v -0.725000 0.075000 0.335831
v -0.715000 0.075000 0.335831
v -0.705000 0.075000 0.335831
v -0.695000 0.075000 0.335831
v -0.685000 0.075000 0.335831
v -0.675000 0.075000 0.335831
v -0.665000 0.075000 0.335831
v -0.655000 0.075000 0.345039
v -0.645000 0.075000 0.345039
v -0.635000 0.075000 0.345039
v -0.625000 0.075000 0.345039
v -0.615000 0.075000 0.345039
v -0.605000 0.075000 0.345039
v -0.595000 0.075000 0.345039
v -0.585000 0.075000 0.345039
v -0.575000 0.075000 0.345039
v -0.565000 0.075000 0.345039
v -0.555000 0.075000 0.345039
v -0.545000 0.075000 0.335831
v -0.535000 0.075000 0.335831
v -0.525000 0.075000 0.335831
v -0.515000 0.075000 0.326623
v -0.505000 0.075000 0.326623
v -0.495000 0.075000 0.326623
v -0.485000 0.075000 0.317416
v -0.475000 0.075000 0.317416
v -0.465000 0.075000 0.317416
v -0.455000 0.075000 0.308208
v -0.445000 0.075000 0.308208
v -0.435000 0.075000 0.308208
v -0.425000 0.075000 0.299000
v -0.415000 0.075000 0.299000
v -0.405000 0.075000 0.295482
v -0.395000 0.075000 0.290792
v -0.385000 0.075000 0.290792
v -0.375000 0.075000 0.286102
v -0.365000 0.075000 0.286102
v -0.355000 0.075000 0.276722
v -0.345000 0.075000 0.272031
v -0.335000 0.075000 0.267341
v -0.325000 0.075000 0.262651
v -0.315000 0.075000 0.057223
v -0.835000 0.085000 0.057223
v -0.825000 0.085000 0.257961
v -0.815000 0.085000 0.262651
v -0.805000 0.085000 0.272031
v -0.795000 0.085000 0.276722
v -0.785000 0.085000 0.286102
v -0.775000 0.085000 0.295482
v -0.765000 0.085000 0.299000
v -0.755000 0.085000 0.317416
v -0.745000 0.085000 0.326623
v -0.735000 0.085000 0.326623
v -0.725000 0.085000 0.335831
v -0.715000 0.085000 0.335831
v -0.705000 0.085000 0.335831
v -0.695000 0.085000 0.335831
v -0.685000 0.085000 0.335831
v -0.675000 0.085000 0.335831
v -0.665000 0.085000 0.335831
v -0.655000 0.085000 0.335831
v -0.645000 0.085000 0.345039
v -0.635000 0.085000 0.345039
v -0.625000 0.085000 0.345039
v -0.615000 0.085000 0.345039
v -0.605000 0.085000 0.345039
v -0.595000 0.085000 0.345039
v -0.585000 0.085000 0.345039
v -0.575000 0.085000 0.345039
v -0.565000 0.085000 0.335831
v -0.555000 0.085000 0.335831
v -0.545000 0.085000 0.335831
v -0.535000 0.085000 0.335831
v -0.525000 0.085000 0.326623
v -0.515000 0.085000 0.326623
v -0.505000 0.085000 0.326623
v -0.495000 0.085000 0.317416
v -0.485000 0.085000 0.317416
v -0.475000 0.085000 0.317416
v -0.465000 0.085000 0.308208
v -0.455000 0.085000 0.308208
v -0.445000 0.085000 0.308208
v -0.435000 0.085000 0.299000
v -0.425000 0.085000 0.299000
v -0.415000 0.085000 0.299000
v -0.405000 0.085000 0.295482
v -0.395000 0.085000 0.290792
v -0.385000 0.085000 0.290792
v -0.375000 0.085000 0.286102
v -0.365000 0.085000 0.281412
v -0.355000 0.085000 0.276722
v -0.345000 0.085000 0.267341
v -0.335000 0.085000 0.262651
v -0.325000 0.085000 0.257961
v -0.315000 0.085000 0.057223
v -0.835000 0.095000 0.057223
v -0.825000 0.095000 0.253271
v -0.815000 0.095000 0.262651
v -0.805000 0.095000 0.267341
v -0.795000 0.095000 0.272031
v -0.785000 0.095000 0.276722
v -0.775000 0.095000 0.286102
v -0.765000 0.095000 0.295482
v -0.755000 0.095000 0.299000
v -0.745000 0.095000 0.317416
v -0.735000 0.095000 0.326623
v -0.725000 0.095000 0.335831
v -0.715000 0.095000 0.335831
v -0.705000 0.095000 0.335831
v -0.695000 0.095000 0.335831
v -0.685000 0.095000 0.335831
v -0.675000 0.095000 0.335831
v -0.665000 0.095000 0.335831
v -0.655000 0.095000 0.335831
v -0.645000 0.095000 0.335831
v -0.635000 0.095000 0.335831
v -0.625000 0.095000 0.335831
v -0.615000 0.095000 0.345039
v -0.605000 0.095000 0.345039
v -0.595000 0.095000 0.345039
v -0.585000 0.095000 0.345039
v -0.575000 0.095000 0.345039
v -0.565000 0.095000 0.335831
v -0.555000 0.095000 0.335831
v -0.545000 0.095000 0.335831
v -0.535000 0.095000 0.326623
v -0.525000 0.095000 0.326623
v -0.515000 0.095000 0.326623
v -0.505000 0.095000 0.317416
v -0.495000 0.095000 0.317416
v -0.485000 0.095000 0.317416
v -0.475000 0.095000 0.317416
v -0.465000 0.095000 0.308208
v -0.455000 0.095000 0.308208
v -0.445000 0.095000 0.299000
v -0.435000 0.095000 0.299000
v -0.425000 0.095000 0.299000
v -0.415000 0.095000 0.295482
v -0.405000 0.095000 0.295482
v -0.395000 0.095000 0.290792
v -0.385000 0.095000 0.286102
v -0.375000 0.095000 0.281412
v -0.365000 0.095000 0.276722
v -0.355000 0.095000 0.272031
v -0.345000 0.095000 0.262651
v -0.335000 0.095000 0.262651
v -0.325000 0.095000 0.057223
v -0.835000 0.105000 0.057223
v -0.825000 0.105000 0.057223
v -0.815000 0.105000 0.262651
v -0.805000 0.105000 0.267341
v -0.795000 0.105000 0.267341
v -0.785000 0.105000 0.272031
v -0.775000 0.105000 0.281412
v -0.765000 0.105000 0.286102
v -0.755000 0.105000 0.290792
v -0.745000 0.105000 0.295482
v -0.735000 0.105000 0.317416
v -0.725000 0.105000 0.326623
v -0.715000 0.105000 0.335831
v -0.705000 0.105000 0.335831
v -0.695000 0.105000 0.335831
v -0.685000 0.105000 0.335831
v -0.675000 0.105000 0.335831
v -0.665000 0.105000 0.335831
v -0.655000 0.105000 0.335831
v -0.645000 0.105000 0.335831
v -0.635000 0.105000 0.335831
v -0.625000 0.105000 0.335831
v -0.615000 0.105000 0.335831
v -0.605000 0.105000 0.335831
v -0.595000 0.105000 0.335831
v -0.585000 0.105000 0.335831
v -0.575000 0.105000 0.335831
v -0.565000 0.105000 0.335831
v -0.555000 0.105000 0.335831
v -0.545000 0.105000 0.326623
v -0.535000 0.105000 0.326623
v -0.525000 0.105000 0.326623
v -0.515000 0.105000 0.317416
v -0.505000 0.105000 0.317416
v -0.495000 0.105000 0.317416
v -0.485000 0.105000 0.317416
v -0.475000 0.105000 0.308208
v -0.465000 0.105000 0.308208
v -0.455000 0.105000 0.299000
v -0.445000 0.105000 0.299000
v -0.435000 0.105000 0.299000
v -0.425000 0.105000 0.295482
v -0.415000 0.105000 0.295482
v -0.405000 0.105000 0.290792
v -0.395000 0.105000 0.286102
v -0.385000 0.105000 0.286102
v -0.375000 0.105000 0.276722
v -0.365000 0.105000 0.272031
v -0.355000 0.105000 0.267341
v -0.345000 0.105000 0.262651
v -0.335000 0.105000 0.257961
v -0.325000 0.105000 0.057223
v -0.835000 0.115000 0.057223
v -0.825000 0.115000 0.253271
v -0.815000 0.115000 0.262651
v -0.805000 0.115000 0.267341
v -0.795000 0.115000 0.267341
v -0.785000 0.115000 0.272031
v -0.775000 0.115000 0.281412
v -0.765000 0.115000 0.281412
v -0.755000 0.115000 0.286102
v -0.745000 0.115000 0.290792
v -0.735000 0.115000 0.295482
v -0.725000 0.115000 0.299000
v -0.715000 0.115000 0.326623
v -0.705000 0.115000 0.335831
v -0.695000 0.115000 0.335831
v -0.685000 0.115000 0.335831
v -0.675000 0.115000 0.335831
v -0.665000 0.115000 0.335831
v -0.655000 0.115000 0.335831
v -0.645000 0.115000 0.335831
v -0.635000 0.115000 0.335831
v -0.625000 0.115000 0.335831
v -0.615000 0.115000 0.335831
v -0.605000 0.115000 0.335831
v -0.595000 0.115000 0.335831
v -0.585000 0.115000 0.335831
v -0.575000 0.115000 0.335831
v -0.565000 0.115000 0.335831
v -0.555000 0.115000 0.335831
v -0.545000 0.115000 0.326623
v -0.535000 0.115000 0.326623
v -0.525000 0.115000 0.317416
v -0.515000 0.115000 0.317416
v -0.505000 0.115000 0.317416
v -0.495000 0.115000 0.317416
v -0.485000 0.115000 0.308208
v -0.475000 0.115000 0.308208
v -0.465000 0.115000 0.299000
v -0.455000 0.115000 0.299000
v -0.445000 0.115000 0.299000
v -0.435000 0.115000 0.295482
v -0.425000 0.115000 0.295482
v -0.415000 0.115000 0.290792
v -0.405000 0.115000 0.290792
v -0.395000 0.115000 0.286102
v -0.385000 0.115000 0.281412
v -0.375000 0.115000 0.276722
v -0.365000 0.115000 0.267341
v -0.355000 0.115000 0.262651
v -0.345000 0.115000 0.257961
v -0.335000 0.115000 0.057223
v -0.835000 0.125000 0.057223
v -0.825000 0.125000 0.253271
v -0.815000 0.125000 0.262651
v -0.805000 0.125000 0.267341
v -0.795000 0.125000 0.267341
v -0.785000 0.125000 0.272031
v -0.775000 0.125000 0.276722
v -0.765000 0.125000 0.281412
v -0.755000 0.125000 0.281412
v -0.745000 0.125000 0.286102
v -0.735000 0.125000 0.290792
v -0.725000 0.125000 0.295482
v -0.715000 0.125000 0.308208
v -0.705000 0.125000 0.308208
v -0.695000 0.125000 0.326623
v -0.685000 0.125000 0.335831
v -0.675000 0.125000 0.335831
v -0.665000 0.125000 0.335831
v -0.655000 0.125000 0.335831
v -0.645000 0.125000 0.335831
v -0.635000 0.125000 0.335831
v -0.625000 0.125000 0.335831
v -0.615000 0.125000 0.335831
v -0.605000 0.125000 0.335831
v -0.595000 0.125000 0.335831
v -0.585000 0.125000 0.335831
v -0.575000 0.125000 0.335831
v -0.565000 0.125000 0.326623
v -0.555000 0.125000 0.326623
v -0.545000 0.125000 0.326623
v -0.535000 0.125000 0.326623
v -0.525000 0.125000 0.317416
v -0.515000 0.125000 0.317416
v -0.505000 0.125000 0.308208
v -0.495000 0.125000 0.308208
v -0.485000 0.125000 0.308208
v -0.475000 0.125000 0.308208
v -0.465000 0.125000 0.299000
v -0.455000 0.125000 0.299000
v -0.445000 0.125000 0.299000
v -0.435000 0.125000 0.295482
v -0.425000 0.125000 0.295482
v -0.415000 0.125000 0.290792
v -0.405000 0.125000 0.286102
v -0.395000 0.125000 0.281412
v -0.385000 0.125000 0.276722
v -0.375000 0.125000 0.272031
v -0.365000 0.125000 0.262651
v -0.355000 0.125000 0.257961
v -0.345000 0.125000 0.253271
v -0.335000 0.125000 0.057223
v -0.845000 0.135000 0.057223
v -0.835000 0.135000 0.248580
v -0.825000 0.135000 0.253271
v -0.815000 0.135000 0.262651
v -0.805000 0.135000 0.267341
v -0.795000 0.135000 0.267341
v -0.785000 0.135000 0.272031
v -0.775000 0.135000 0.276722
v -0.765000 0.135000 0.281412
v -0.755000 0.135000 0.281412
v -0.745000 0.135000 0.286102
v -0.735000 0.135000 0.290792
v -0.725000 0.135000 0.290792
v -0.715000 0.135000 0.295482
v -0.705000 0.135000 0.299000
v -0.695000 0.135000 0.299000
v -0.685000 0.135000 0.317416
v -0.675000 0.135000 0.326623
v -0.665000 0.135000 0.335831
v -0.655000 0.135000 0.335831
v -0.645000 0.135000 0.335831
v -0.635000 0.135000 0.335831
v -0.625000 0.135000 0.335831
v -0.615000 0.135000 0.335831
v -0.605000 0.135000 0.335831
v -0.595000 0.135000 0.335831
v -0.585000 0.135000 0.335831
v -0.575000 0.135000 0.326623
v -0.565000 0.135000 0.326623
v -0.555000 0.135000 0.326623
v -0.545000 0.135000 0.326623
v -0.535000 0.135000 0.317416
v -0.525000 0.135000 0.317416
v -0.515000 0.135000 0.317416
v -0.505000 0.135000 0.308208
v -0.495000 0.135000 0.308208
v -0.485000 0.135000 0.308208
v -0.475000 0.135000 0.299000
v -0.465000 0.135000 0.299000
v -0.455000 0.135000 0.299000
v -0.445000 0.135000 0.295482
v -0.435000 0.135000 0.295482
v -0.425000 0.135000 0.290792
v -0.415000 0.135000 0.286102
v -0.405000 0.135000 0.281412
v -0.395000 0.135000 0.281412
v -0.385000 0.135000 0.272031
v -0.375000 0.135000 0.267341
v -0.365000 0.135000 0.257961
v -0.355000 0.135000 0.253271
v -0.345000 0.135000 0.057223
v -0.845000 0.145000 0.057223
v -0.835000 0.145000 0.253271
v -0.825000 0.145000 0.253271
v -0.815000 0.145000 0.262651
v -0.805000 0.145000 0.267341
v -0.795000 0.145000 0.272031
v -0.785000 0.145000 0.272031
v -0.775000 0.145000 0.276722
v -0.765000 0.145000 0.276722
v -0.755000 0.145000 0.281412
v -0.745000 0.145000 0.286102
v -0.735000 0.145000 0.286102
v -0.725000 0.145000 0.290792
v -0.715000 0.145000 0.290792
v -0.705000 0.145000 0.295482
v -0.695000 0.145000 0.295482
v -0.685000 0.145000 0.299000
v -0.675000 0.145000 0.317416
v -0.665000 0.145000 0.326623
v -0.655000 0.145000 0.326623
v -0.645000 0.145000 0.326623
v -0.635000 0.145000 0.335831
v -0.625000 0.145000 0.335831
v -0.615000 0.145000 0.335831
v -0.605000 0.145000 0.335831
v -0.595000 0.145000 0.326623
v -0.585000 0.145000 0.326623
v -0.575000 0.145000 0.326623
v -0.565000 0.145000 0.326623
v -0.555000 0.145000 0.326623
v -0.545000 0.145000 0.317416
v -0.535000 0.145000 0.317416
v -0.525000 0.145000 0.317416
v -0.515000 0.145000 0.317416
v -0.505000 0.145000 0.308208
v -0.495000 0.145000 0.308208
v -0.485000 0.145000 0.308208
v -0.475000 0.145000 0.299000
v -0.465000 0.145000 0.299000
v -0.455000 0.145000 0.295482
v -0.445000 0.145000 0.295482
v -0.435000 0.145000 0.295482
v -0.425000 0.145000 0.290792
v -0.415000 0.145000 0.286102
v -0.405000 0.145000 0.281412
v -0.395000 0.145000 0.276722
v -0.385000 0.145000 0.267341
v -0.375000 0.145000 0.267341
v -0.365000 0.145000 0.257961
v -0.355000 0.145000 0.057223
v -0.845000 0.155000 0.057223
v -0.835000 0.155000 0.253271
v -0.825000 0.155000 0.253271
v -0.815000 0.155000 0.262651
v -0.805000 0.155000 0.272031
v -0.795000 0.155000 0.272031
v -0.785000 0.155000 0.272031
v -0.775000 0.155000 0.276722
v -0.765000 0.155000 0.276722
v -0.755000 0.155000 0.281412
v -0.745000 0.155000 0.281412
v -0.735000 0.155000 0.286102
v -0.725000 0.155000 0.286102
v -0.715000 0.155000 0.290792
v -0.705000 0.155000 0.290792
v -0.695000 0.155000 0.290792
v -0.685000 0.155000 0.295482
v -0.675000 0.155000 0.295482
v -0.665000 0.155000 0.308208
v -0.655000 0.155000 0.317416
v -0.645000 0.155000 0.326623
v -0.635000 0.155000 0.326623
v -0.625000 0.155000 0.326623
v -0.615000 0.155000 0.326623
v -0.605000 0.155000 0.326623
v -0.595000 0.155000 0.326623
v -0.585000 0.155000 0.326623
v -0.575000 0.155000 0.326623
v -0.565000 0.155000 0.326623
v -0.555000 0.155000 0.317416
v -0.545000 0.155000 0.317416
v -0.535000 0.155000 0.317416
v -0.525000 0.155000 0.308208
v -0.515000 0.155000 0.308208
v -0.505000 0.155000 0.308208
v -0.495000 0.155000 0.308208
v -0.485000 0.155000 0.299000
v -0.475000 0.155000 0.299000
v -0.465000 0.155000 0.295482
v -0.455000 0.155000 0.295482
v -0.445000 0.155000 0.295482
v -0.435000 0.155000 0.290792
v -0.425000 0.155000 0.286102
v -0.415000 0.155000 0.286102
v -0.405000 0.155000 0.276722
v -0.395000 0.155000 0.276722
v -0.385000 0.155000 0.267341
v -0.375000 0.155000 0.262651
v -0.365000 0.155000 0.253271
v -0.355000 0.155000 0.057223
v -0.845000 0.165000 0.057223
v -0.835000 0.165000 0.253271
v -0.825000 0.165000 0.257961
v -0.815000 0.165000 0.267341
v -0.805000 0.165000 0.272031
v -0.795000 0.165000 0.272031
v -0.785000 0.165000 0.272031
v -0.775000 0.165000 0.276722
v -0.765000 0.165000 0.276722
v -0.755000 0.165000 0.281412
v -0.745000 0.165000 0.281412
v -0.735000 0.165000 0.286102
v -0.725000 0.165000 0.286102
v -0.715000 0.165000 0.286102
v -0.705000 0.165000 0.290792
v -0.695000 0.165000 0.290792
v -0.685000 0.165000 0.290792
v -0.675000 0.165000 0.290792
v -0.665000 0.165000 0.295482
v -0.655000 0.165000 0.295482
v -0.645000 0.165000 0.299000
v -0.635000 0.165000 0.326623
v -0.625000 0.165000 0.326623
v -0.615000 0.165000 0.326623
v -0.605000 0.165000 0.326623
v -0.595000 0.165000 0.326623
v -0.585000 0.165000 0.326623
v -0.575000 0.165000 0.326623
v -0.565000 0.165000 0.317416
v -0.555000 0.165000 0.317416
v -0.545000 0.165000 0.317416
v -0.535000 0.165000 0.308208
v -0.525000 0.165000 0.308208
v -0.515000 0.165000 0.308208
v -0.505000 0.165000 0.308208
v -0.495000 0.165000 0.299000
v -0.485000 0.165000 0.299000
v -0.475000 0.165000 0.299000
v -0.465000 0.165000 0.295482
v -0.455000 0.165000 0.295482
v -0.445000 0.165000 0.290792
v -0.435000 0.165000 0.286102
v -0.425000 0.165000 0.281412
v -0.415000 0.165000 0.281412
v -0.405000 0.165000 0.272031
v -0.395000 0.165000 0.272031
v -0.385000 0.165000 0.262651
v -0.375000 0.165000 0.253271
v -0.365000 0.165000 0.057223
v -0.855000 0.175000 0.057223
v -0.845000 0.175000 0.253271
v -0.835000 0.175000 0.253271
v -0.825000 0.175000 0.257961
v -0.815000 0.175000 0.267341
v -0.805000 0.175000 0.272031
v -0.795000 0.175000 0.272031
v -0.785000 0.175000 0.272031
v -0.775000 0.175000 0.276722
v -0.765000 0.175000 0.276722
v -0.755000 0.175000 0.281412
v -0.745000 0.175000 0.281412
v -0.735000 0.175000 0.281412
v -0.725000 0.175000 0.286102
v -0.715000 0.175000 0.286102
v -0.705000 0.175000 0.286102
v -0.695000 0.175000 0.290792
v -0.685000 0.175000 0.290792
v -0.675000 0.175000 0.290792
v -0.665000 0.175000 0.290792
v -0.655000 0.175000 0.290792
v -0.645000 0.175000 0.295482
v -0.635000 0.175000 0.295482
v -0.625000 0.175000 0.299000
v -0.615000 0.175000 0.317416
v -0.605000 0.175000 0.317416
v -0.595000 0.175000 0.326623
v -0.585000 0.175000 0.326623
v -0.575000 0.175000 0.317416
v -0.565000 0.175000 0.317416
v -0.555000 0.175000 0.317416
v -0.545000 0.175000 0.308208
v -0.535000 0.175000 0.308208
v -0.525000 0.175000 0.308208
v -0.515000 0.175000 0.308208
v -0.505000 0.175000 0.299000
v -0.495000 0.175000 0.299000
v -0.485000 0.175000 0.295482
v -0.475000 0.175000 0.295482
v -0.465000 0.175000 0.295482
v -0.455000 0.175000 0.290792
v -0.445000 0.175000 0.286102
v -0.435000 0.175000 0.286102
v -0.425000 0.175000 0.281412
v -0.415000 0.175000 0.276722
v -0.405000 0.175000 0.267341
v -0.395000 0.175000 0.267341
v -0.385000 0.175000 0.257961
v -0.375000 0.175000 0.057223
v -0.855000 0.185000 0.057223
v -0.845000 0.185000 0.253271
v -0.835000 0.185000 0.257961
v -0.825000 0.185000 0.262651
v -0.815000 0.185000 0.267341
v -0.805000 0.185000 0.272031
v -0.795000 0.185000 0.272031
v -0.785000 0.185000 0.272031
v -0.775000 0.185000 0.276722
v -0.765000 0.185000 0.276722
v -0.755000 0.185000 0.281412
v -0.745000 0.185000 0.281412
v -0.735000 0.185000 0.281412
v -0.725000 0.185000 0.286102
v -0.715000 0.185000 0.286102
v -0.705000 0.185000 0.286102
v -0.695000 0.185000 0.286102
v -0.685000 0.185000 0.286102
v -0.675000 0.185000 0.286102
v -0.665000 0.185000 0.290792
v -0.655000 0.185000 0.290792
v -0.645000 0.185000 0.290792
v -0.635000 0.185000 0.290792
v -0.625000 0.185000 0.295482
v -0.615000 0.185000 0.295482
v -0.605000 0.185000 0.299000
v -0.595000 0.185000 0.317416
v -0.585000 0.185000 0.317416
v -0.575000 0.185000 0.317416
v -0.565000 0.185000 0.317416
v -0.555000 0.185000 0.317416
v -0.545000 0.185000 0.308208
v -0.535000 0.185000 0.308208
v -0.525000 0.185000 0.308208
v -0.515000 0.185000 0.299000
v -0.505000 0.185000 0.299000
v -0.495000 0.185000 0.299000
v -0.485000 0.185000 0.295482
v -0.475000 0.185000 0.295482
v -0.465000 0.185000 0.290792
v -0.455000 0.185000 0.290792
v -0.445000 0.185000 0.286102
v -0.435000 0.185000 0.281412
v -0.425000 0.185000 0.276722
v -0.415000 0.185000 0.272031
v -0.405000 0.185000 0.267341
v -0.395000 0.185000 0.257961
v -0.385000 0.185000 0.057223
v -0.855000 0.195000 0.057223
v -0.845000 0.195000 0.248580
v -0.835000 0.195000 0.257961
v -0.825000 0.195000 0.262651
v -0.815000 0.195000 0.267341
v -0.805000 0.195000 0.272031
v -0.795000 0.195000 0.272031
v -0.785000 0.195000 0.276722
v -0.775000 0.195000 0.276722
v -0.765000 0.195000 0.276722
v -0.755000 0.195000 0.281412
v -0.745000 0.195000 0.281412
v -0.735000 0.195000 0.281412
v -0.725000 0.195000 0.281412
v -0.715000 0.195000 0.286102
v -0.705000 0.195000 0.286102
v -0.695000 0.195000 0.286102
v -0.685000 0.195000 0.286102
v -0.675000 0.195000 0.286102
v -0.665000 0.195000 0.286102
v -0.655000 0.195000 0.286102
v -0.645000 0.195000 0.286102
v -0.635000 0.195000 0.290792
v -0.625000 0.195000 0.290792
v -0.615000 0.195000 0.290792
v -0.605000 0.195000 0.290792
v -0.595000 0.195000 0.295482
v -0.585000 0.195000 0.295482
v -0.575000 0.195000 0.308208
v -0.565000 0.195000 0.308208
v -0.555000 0.195000 0.308208
v -0.545000 0.195000 0.308208
v -0.535000 0.195000 0.308208
v -0.525000 0.195000 0.299000
v -0.515000 0.195000 0.299000
v -0.505000 0.195000 0.299000
v -0.495000 0.195000 0.295482
v -0.485000 0.195000 0.290792
v -0.475000 0.195000 0.290792
v -0.465000 0.195000 0.286102
v -0.455000 0.195000 0.286102
v -0.445000 0.195000 0.281412
v -0.435000 0.195000 0.281412
v -0.425000 0.195000 0.272031
v -0.415000 0.195000 0.267341
v -0.405000 0.195000 0.262651
v -0.395000 0.195000 0.057223
v -0.855000 0.205000 0.057223
v -0.845000 0.205000 0.234510
v -0.835000 0.205000 0.253271
v -0.825000 0.205000 0.257961
v -0.815000 0.205000 0.267341
v -0.805000 0.205000 0.272031
v -0.795000 0.205000 0.272031
v -0.785000 0.205000 0.276722
v -0.775000 0.205000 0.276722
v -0.765000 0.205000 0.276722
v -0.755000 0.205000 0.281412
v -0.745000 0.205000 0.281412
v -0.735000 0.205000 0.281412
v -0.725000 0.205000 0.281412
v -0.715000 0.205000 0.286102
v -0.705000 0.205000 0.286102
v -0.695000 0.205000 0.286102
v -0.685000 0.205000 0.286102
v -0.675000 0.205000 0.286102
v -0.665000 0.205000 0.286102
v -0.655000 0.205000 0.286102
v -0.645000 0.205000 0.286102
v -0.635000 0.205000 0.286102
v -0.625000 0.205000 0.286102
v -0.615000 0.205000 0.286102
v -0.605000 0.205000 0.286102
v -0.595000 0.205000 0.286102
v -0.585000 0.205000 0.290792
v -0.575000 0.205000 0.295482
v -0.565000 0.205000 0.290792
v -0.555000 0.205000 0.295482
v -0.545000 0.205000 0.299000
v -0.535000 0.205000 0.299000
v -0.525000 0.205000 0.299000
v -0.515000 0.205000 0.299000
v -0.505000 0.205000 0.295482
v -0.495000 0.205000 0.295482
v -0.485000 0.205000 0.290792
v -0.475000 0.205000 0.286102
v -0.465000 0.205000 0.281412
v -0.455000 0.205000 0.281412
v -0.445000 0.205000 0.276722
v -0.435000 0.205000 0.272031
v -0.425000 0.205000 0.267341
v -0.415000 0.205000 0.262651
v -0.405000 0.205000 0.057223
v -0.865000 0.215000 0.057223
v -0.855000 0.215000 0.229820
v -0.845000 0.215000 0.229820
v -0.835000 0.215000 0.229820
v -0.825000 0.215000 0.248580
v -0.815000 0.215000 0.267341
v -0.805000 0.215000 0.272031
v -0.795000 0.215000 0.272031
v -0.785000 0.215000 0.276722
v -0.775000 0.215000 0.276722
v -0.765000 0.215000 0.276722
v -0.755000 0.215000 0.281412
v -0.745000 0.215000 0.281412
v -0.735000 0.215000 0.281412
v -0.725000 0.215000 0.281412
v -0.715000 0.215000 0.281412
v -0.705000 0.215000 0.281412
v -0.695000 0.215000 0.281412
v -0.685000 0.215000 0.286102
v -0.675000 0.215000 0.281412
v -0.665000 0.215000 0.286102
v -0.655000 0.215000 0.286102
v -0.645000 0.215000 0.281412
v -0.635000 0.215000 0.281412
v -0.625000 0.215000 0.281412
v -0.615000 0.215000 0.281412
v -0.605000 0.215000 0.281412
v -0.595000 0.215000 0.281412
v -0.585000 0.215000 0.281412
v -0.575000 0.215000 0.281412
v -0.565000 0.215000 0.281412
v -0.555000 0.215000 0.286102
v -0.545000 0.215000 0.286102
v -0.535000 0.215000 0.295482
v -0.525000 0.215000 0.299000
v -0.515000 0.215000 0.299000
v -0.505000 0.215000 0.295482
v -0.495000 0.215000 0.295482
v -0.485000 0.215000 0.286102
v -0.475000 0.215000 0.281412
v -0.465000 0.215000 0.281412
v -0.455000 0.215000 0.276722
v -0.445000 0.215000 0.272031
v -0.435000 0.215000 0.267341
v -0.425000 0.215000 0.262651
v -0.415000 0.215000 0.057223
v -0.865000 0.225000 0.057223
v -0.855000 0.225000 0.229820
v -0.845000 0.225000 0.229820
v -0.835000 0.225000 0.229820
v -0.825000 0.225000 0.234510
v -0.815000 0.225000 0.257961
v -0.805000 0.225000 0.272031
v -0.795000 0.225000 0.272031
v -0.785000 0.225000 0.276722
v -0.775000 0.225000 0.276722
v -0.765000 0.225000 0.276722
v -0.755000 0.225000 0.281412
v -0.745000 0.225000 0.281412
v -0.735000 0.225000 0.281412
v -0.725000 0.225000 0.281412
v -0.715000 0.225000 0.281412
v -0.705000 0.225000 0.281412
v -0.695000 0.225000 0.281412
v -0.685000 0.225000 0.281412
v -0.675000 0.225000 0.281412
v -0.665000 0.225000 0.281412
v -0.655000 0.225000 0.281412
v -0.645000 0.225000 0.281412
v -0.635000 0.225000 0.281412
v -0.625000 0.225000 0.281412
v -0.615000 0.225000 0.281412
v -0.605000 0.225000 0.276722
v -0.595000 0.225000 0.276722
v -0.585000 0.225000 0.276722
v -0.575000 0.225000 0.276722
v -0.565000 0.225000 0.276722
v -0.555000 0.225000 0.276722
v -0.545000 0.225000 0.276722
v -0.535000 0.225000 0.286102
v -0.525000 0.225000 0.290792
v -0.515000 0.225000 0.290792
v -0.505000 0.225000 0.295482
v -0.495000 0.225000 0.290792
v -0.485000 0.225000 0.286102
v -0.475000 0.225000 0.281412
v -0.465000 0.225000 0.281412
v -0.455000 0.225000 0.272031
v -0.445000 0.225000 0.272031
v -0.435000 0.225000 0.262651
v -0.425000 0.225000 0.262651
v -0.415000 0.225000 0.057223
v -0.865000 0.235000 0.057223
v -0.855000 0.235000 0.234510
v -0.845000 0.235000 0.234510
v -0.835000 0.235000 0.229820
v -0.825000 0.235000 0.229820
v -0.815000 0.235000 0.243890
v -0.805000 0.235000 0.257961
v -0.795000 0.235000 0.267341
v -0.785000 0.235000 0.276722
v -0.775000 0.235000 0.276722
v -0.765000 0.235000 0.276722
v -0.755000 0.235000 0.281412
v -0.745000 0.235000 0.281412
v -0.735000 0.235000 0.281412
v -0.725000 0.235000 0.281412
v -0.715000 0.235000 0.281412
v -0.705000 0.235000 0.281412
v -0.695000 0.235000 0.281412
v -0.685000 0.235000 0.281412
v -0.675000 0.235000 0.281412
v -0.665000 0.235000 0.281412
v -0.655000 0.235000 0.281412
v -0.645000 0.235000 0.276722
v -0.635000 0.235000 0.276722
v -0.625000 0.235000 0.276722
v -0.615000 0.235000 0.276722
v -0.605000 0.235000 0.272031
v -0.595000 0.235000 0.272031
v -0.585000 0.235000 0.272031
v -0.575000 0.235000 0.272031
v -0.565000 0.235000 0.267341
v -0.555000 0.235000 0.267341
v -0.545000 0.235000 0.267341
v -0.535000 0.235000 0.272031
v -0.525000 0.235000 0.272031
v -0.515000 0.235000 0.276722
v -0.505000 0.235000 0.286102
v -0.495000 0.235000 0.281412
v -0.485000 0.235000 0.281412
v -0.475000 0.235000 0.276722
v -0.465000 0.235000 0.276722
v -0.455000 0.235000 0.272031
v -0.445000 0.235000 0.267341
v -0.435000 0.235000 0.262651
v -0.425000 0.235000 0.057223
v -0.865000 0.245000 0.057223
v -0.855000 0.245000 0.239200
v -0.845000 0.245000 0.239200
v -0.835000 0.245000 0.225129
v -0.825000 0.245000 0.225129
v -0.815000 0.245000 0.225129
v -0.805000 0.245000 0.229820
v -0.795000 0.245000 0.057223
v -0.785000 0.245000 0.057223
v -0.775000 0.245000 0.276722
v -0.765000 0.245000 0.276722
v -0.755000 0.245000 0.281412
v -0.745000 0.245000 0.281412
v -0.735000 0.245000 0.281412
v -0.725000 0.245000 0.281412
v -0.715000 0.245000 0.281412
v -0.705000 0.245000 0.281412
v -0.695000 0.245000 0.281412
v -0.685000 0.245000 0.281412
v -0.675000 0.245000 0.276722
v -0.665000 0.245000 0.276722
v -0.655000 0.245000 0.276722
v -0.645000 0.245000 0.276722
v -0.635000 0.245000 0.276722
v -0.625000 0.245000 0.276722
v -0.615000 0.245000 0.276722
v -0.605000 0.245000 0.272031
v -0.595000 0.245000 0.267341
v -0.585000 0.245000 0.267341
v -0.575000 0.245000 0.262651
v -0.565000 0.245000 0.262651
v -0.555000 0.245000 0.262651
v -0.545000 0.245000 0.257961
v -0.535000 0.245000 0.262651
v -0.525000 0.245000 0.262651
v -0.515000 0.245000 0.262651
v -0.505000 0.245000 0.267341
v -0.495000 0.245000 0.057223
v -0.485000 0.245000 0.057223
v -0.475000 0.245000 0.057223
v -0.465000 0.245000 0.272031
v -0.455000 0.245000 0.267341
v -0.445000 0.245000 0.262651
v -0.435000 0.245000 0.057223
v -0.875000 0.255000 0.057223
v -0.865000 0.255000 0.234510
v -0.855000 0.255000 0.243890
v -0.845000 0.255000 0.243890
v -0.835000 0.255000 0.225129
v -0.825000 0.255000 0.225129
v -0.815000 0.255000 0.225129
v -0.805000 0.255000 0.225129
v -0.795000 0.255000 0.229820
v -0.785000 0.255000 0.057223
v -0.775000 0.255000 0.057223
v -0.765000 0.255000 0.272031
v -0.755000 0.255000 0.276722
v -0.745000 0.255000 0.276722
v -0.735000 0.255000 0.276722
v -0.725000 0.255000 0.281412
v -0.715000 0.255000 0.281412
v -0.705000 0.255000 0.281412
v -0.695000 0.255000 0.276722
v -0.685000 0.255000 0.276722
v -0.675000 0.255000 0.276722
v -0.665000 0.255000 0.276722
v -0.655000 0.255000 0.276722
v -0.645000 0.255000 0.276722
v -0.635000 0.255000 0.276722
v -0.625000 0.255000 0.272031
v -0.615000 0.255000 0.272031
v -0.605000 0.255000 0.267341
v -0.595000 0.255000 0.267341
v -0.585000 0.255000 0.262651
v -0.575000 0.255000 0.257961
v -0.565000 0.255000 0.253271
v -0.555000 0.255000 0.253271
v -0.545000 0.255000 0.257961
v -0.535000 0.255000 0.257961
v -0.525000 0.255000 0.257961
v -0.515000 0.255000 0.057223
v -0.505000 0.255000 0.057223
v -0.485000 0.255000 0.057223
v -0.475000 0.255000 0.057223
v -0.465000 0.255000 0.267341
v -0.455000 0.255000 0.057223
v -0.445000 0.255000 0.057223
v -0.875000 0.265000 0.057223
v -0.865000 0.265000 0.239200
v -0.855000 0.265000 0.243890
v -0.845000 0.265000 0.248580
v -0.835000 0.265000 0.057223
v -0.825000 0.265000 0.225129
v -0.815000 0.265000 0.225129
v -0.805000 0.265000 0.225129
v -0.795000 0.265000 0.225129
v -0.785000 0.265000 0.239200
v -0.775000 0.265000 0.248580
v -0.765000 0.265000 0.248580
v -0.755000 0.265000 0.272031
v -0.745000 0.265000 0.276722
v -0.735000 0.265000 0.276722
v -0.725000 0.265000 0.276722
v -0.715000 0.265000 0.276722
v -0.705000 0.265000 0.276722
v -0.695000 0.265000 0.276722
v -0.685000 0.265000 0.276722
v -0.675000 0.265000 0.276722
v -0.665000 0.265000 0.272031
v -0.655000 0.265000 0.272031
v -0.645000 0.265000 0.272031
v -0.635000 0.265000 0.272031
v -0.625000 0.265000 0.272031
v -0.615000 0.265000 0.272031
v -0.605000 0.265000 0.262651
v -0.595000 0.265000 0.262651
v -0.585000 0.265000 0.257961
v -0.575000 0.265000 0.257961
v -0.565000 0.265000 0.253271
v -0.555000 0.265000 0.253271
v -0.545000 0.265000 0.057223
v -0.535000 0.265000 0.057223
v -0.525000 0.265000 0.150086
v -0.465000 0.265000 0.150086
v -0.875000 0.275000 0.057223
v -0.865000 0.275000 0.239200
v -0.855000 0.275000 0.248580
v -0.845000 0.275000 0.248580
v -0.835000 0.275000 0.253271
v -0.825000 0.275000 0.248580
v -0.815000 0.275000 0.225129
v -0.805000 0.275000 0.229820
v -0.795000 0.275000 0.234510
v -0.785000 0.275000 0.243890
v -0.775000 0.275000 0.248580
v -0.765000 0.275000 0.243890
v -0.755000 0.275000 0.248580
v -0.745000 0.275000 0.253271
v -0.735000 0.275000 0.262651
v -0.725000 0.275000 0.276722
v -0.715000 0.275000 0.276722
v -0.705000 0.275000 0.276722
v -0.695000 0.275000 0.276722
v -0.685000 0.275000 0.276722
v -0.675000 0.275000 0.272031
v -0.665000 0.275000 0.272031
v -0.655000 0.275000 0.272031
v -0.645000 0.275000 0.272031
v -0.635000 0.275000 0.272031
v -0.625000 0.275000 0.267341
v -0.615000 0.275000 0.267341
v -0.605000 0.275000 0.262651
v -0.595000 0.275000 0.257961
v -0.585000 0.275000 0.257961
v -0.575000 0.275000 0.253271
v -0.565000 0.275000 0.253271
v -0.555000 0.275000 0.057223
v -0.885000 0.285000 0.057223
v -0.875000 0.285000 0.243890
v -0.865000 0.285000 0.243890
v -0.855000 0.285000 0.248580
v -0.845000 0.285000 0.253271
v -0.835000 0.285000 0.253271
v -0.825000 0.285000 0.253271
v -0.815000 0.285000 0.253271
v -0.805000 0.285000 0.253271
v -0.795000 0.285000 0.248580
v -0.785000 0.285000 0.248580
v -0.775000 0.285000 0.248580
v -0.765000 0.285000 0.248580
v -0.755000 0.285000 0.248580
v -0.745000 0.285000 0.248580
v -0.735000 0.285000 0.248580
v -0.725000 0.285000 0.267341
v -0.715000 0.285000 0.272031
v -0.705000 0.285000 0.272031
v -0.695000 0.285000 0.272031
v -0.685000 0.285000 0.272031
v -0.675000 0.285000 0.272031
v -0.665000 0.285000 0.272031
v -0.655000 0.285000 0.267341
v -0.645000 0.285000 0.272031
v -0.635000 0.285000 0.267341
v -0.625000 0.285000 0.267341
v -0.615000 0.285000 0.262651
v -0.605000 0.285000 0.257961
v -0.595000 0.285000 0.257961
v -0.585000 0.285000 0.253271
v -0.575000 0.285000 0.253271
v -0.565000 0.285000 0.057223
v -0.885000 0.295000 0.057223
v -0.875000 0.295000 0.243890
v -0.865000 0.295000 0.243890
v -0.855000 0.295000 0.248580
v -0.845000 0.295000 0.253271
v -0.835000 0.295000 0.253271
v -0.825000 0.295000 0.253271
v -0.815000 0.295000 0.253271
v -0.805000 0.295000 0.253271
v -0.795000 0.295000 0.248580
v -0.785000 0.295000 0.253271
v -0.775000 0.295000 0.253271
v -0.765000 0.295000 0.248580
v -0.755000 0.295000 0.248580
v -0.745000 0.295000 0.248580
v -0.735000 0.295000 0.248580
v -0.725000 0.295000 0.253271
v -0.715000 0.295000 0.248580
v -0.705000 0.295000 0.253271
v -0.695000 0.295000 0.257961
v -0.685000 0.295000 0.262651
v -0.675000 0.295000 0.267341
v -0.665000 0.295000 0.267341
v -0.655000 0.295000 0.267341
v -0.645000 0.295000 0.267341
v -0.635000 0.295000 0.262651
v -0.625000 0.295000 0.262651
v -0.615000 0.295000 0.257961
v -0.605000 0.295000 0.257961
v -0.595000 0.295000 0.253271
v -0.585000 0.295000 0.253271
v -0.575000 0.295000 0.057223
v -0.885000 0.305000 0.057223
v -0.875000 0.305000 0.243890
v -0.865000 0.305000 0.248580
v -0.855000 0.305000 0.248580
v -0.845000 0.305000 0.253271
v -0.835000 0.305000 0.253271
v -0.825000 0.305000 0.253271
v -0.815000 0.305000 0.253271
v -0.805000 0.305000 0.253271
v -0.795000 0.305000 0.253271
v -0.785000 0.305000 0.253271
v -0.775000 0.305000 0.253271
v -0.765000 0.305000 0.248580
v -0.755000 0.305000 0.248580
v -0.745000 0.305000 0.248580
v -0.735000 0.305000 0.248580
v -0.725000 0.305000 0.243890
v -0.715000 0.305000 0.243890
v -0.705000 0.305000 0.243890
v -0.695000 0.305000 0.239200
v -0.685000 0.305000 0.243890
v -0.675000 0.305000 0.253271
v -0.665000 0.305000 0.257961
v -0.655000 0.305000 0.262651
v -0.645000 0.305000 0.262651
v -0.635000 0.305000 0.257961
v -0.625000 0.305000 0.257961
v -0.615000 0.305000 0.253271
v -0.605000 0.305000 0.253271
v -0.595000 0.305000 0.253271
v -0.585000 0.305000 0.057223
v -0.895000 0.315000 0.057223
v -0.885000 0.315000 0.243890
v -0.875000 0.315000 0.243890
v -0.865000 0.315000 0.248580
v -0.855000 0.315000 0.248580
v -0.845000 0.315000 0.248580
v -0.835000 0.315000 0.253271
v -0.825000 0.315000 0.253271
v -0.815000 0.315000 0.248580
v -0.805000 0.315000 0.253271
v -0.795000 0.315000 0.248580
v -0.785000 0.315000 0.253271
v -0.775000 0.315000 0.253271
v -0.765000 0.315000 0.248580
v -0.755000 0.315000 0.248580
v -0.745000 0.315000 0.248580
v -0.735000 0.315000 0.248580
v -0.725000 0.315000 0.243890
v -0.715000 0.315000 0.243890
v -0.705000 0.315000 0.243890
v -0.695000 0.315000 0.239200
v -0.685000 0.315000 0.239200
v -0.675000 0.315000 0.239200
v -0.665000 0.315000 0.243890
v -0.655000 0.315000 0.248580
v -0.645000 0.315000 0.253271
v -0.635000 0.315000 0.257961
v -0.625000 0.315000 0.257961
v -0.615000 0.315000 0.253271
v -0.605000 0.315000 0.253271
v -0.595000 0.315000 0.057223
v -0.895000 0.325000 0.057223
v -0.885000 0.325000 0.239200
v -0.875000 0.325000 0.243890
v -0.865000 0.325000 0.248580
v -0.855000 0.325000 0.248580
v -0.845000 0.325000 0.248580
v -0.835000 0.325000 0.248580
v -0.825000 0.325000 0.248580
v -0.815000 0.325000 0.248580
v -0.805000 0.325000 0.248580
v -0.795000 0.325000 0.248580
v -0.785000 0.325000 0.248580
v -0.775000 0.325000 0.253271
v -0.765000 0.325000 0.248580
v -0.755000 0.325000 0.248580
v -0.745000 0.325000 0.248580
v -0.735000 0.325000 0.248580
v -0.725000 0.325000 0.243890
v -0.715000 0.325000 0.243890
v -0.705000 0.325000 0.239200
v -0.695000 0.325000 0.239200
v -0.685000 0.325000 0.239200
v -0.675000 0.325000 0.239200
v -0.665000 0.325000 0.239200
v -0.655000 0.325000 0.239200
v -0.645000 0.325000 0.248580
v -0.635000 0.325000 0.257961
v -0.625000 0.325000 0.257961
v -0.615000 0.325000 0.057223
v -0.605000 0.325000 0.057223
v -0.885000 0.335000 0.057223
v -0.875000 0.335000 0.243890
v -0.865000 0.335000 0.248580
v -0.855000 0.335000 0.248580
v -0.845000 0.335000 0.248580
v -0.835000 0.335000 0.248580
v -0.825000 0.335000 0.248580
v -0.815000 0.335000 0.243890
v -0.805000 0.335000 0.243890
v -0.795000 0.335000 0.243890
v -0.785000 0.335000 0.243890
v -0.775000 0.335000 0.248580
v -0.765000 0.335000 0.248580
v -0.755000 0.335000 0.248580
v -0.745000 0.335000 0.248580
v -0.735000 0.335000 0.248580
v -0.725000 0.335000 0.243890
v -0.715000 0.335000 0.243890
v -0.705000 0.335000 0.243890
v -0.695000 0.335000 0.239200
v -0.685000 0.335000 0.239200
v -0.675000 0.335000 0.239200
v -0.665000 0.335000 0.234510
v -0.655000 0.335000 0.234510
v -0.645000 0.335000 0.057223
v -0.635000 0.335000 0.057223
v -0.625000 0.335000 0.150086
v -0.885000 0.345000 0.057223
v -0.875000 0.345000 0.243890
v -0.865000 0.345000 0.248580
v -0.855000 0.345000 0.248580
v -0.845000 0.345000 0.243890
v -0.835000 0.345000 0.243890
v -0.825000 0.345000 0.243890
v -0.815000 0.345000 0.243890
v -0.805000 0.345000 0.239200
v -0.795000 0.345000 0.234510
v -0.785000 0.345000 0.234510
v -0.775000 0.345000 0.243890
v -0.765000 0.345000 0.248580
v -0.755000 0.345000 0.248580
v -0.745000 0.345000 0.248580
v -0.735000 0.345000 0.248580
v -0.725000 0.345000 0.243890
v -0.715000 0.345000 0.243890
v -0.705000 0.345000 0.243890
v -0.695000 0.345000 0.239200
v -0.685000 0.345000 0.239200
v -0.675000 0.345000 0.239200
v -0.665000 0.345000 0.239200
v -0.655000 0.345000 0.057223
v -0.885000 0.355000 0.057223
v -0.875000 0.355000 0.239200
v -0.865000 0.355000 0.243890
v -0.855000 0.355000 0.243890
v -0.845000 0.355000 0.239200
v -0.835000 0.355000 0.239200
v -0.825000 0.355000 0.239200
v -0.815000 0.355000 0.239200
v -0.805000 0.355000 0.234510
v -0.795000 0.355000 0.234510
v -0.785000 0.355000 0.234510
v -0.775000 0.355000 0.239200
v -0.765000 0.355000 0.243890
v -0.755000 0.355000 0.248580
v -0.745000 0.355000 0.243890
v -0.735000 0.355000 0.248580
v -0.725000 0.355000 0.248580
v -0.715000 0.355000 0.248580
v -0.705000 0.355000 0.243890
v -0.695000 0.355000 0.239200
v -0.685000 0.355000 0.243890
v -0.675000 0.355000 0.239200
v -0.665000 0.355000 0.057223
v -0.875000 0.365000 0.057223
v -0.865000 0.365000 0.239200
v -0.855000 0.365000 0.234510
v -0.845000 0.365000 0.234510
v -0.835000 0.365000 0.234510
v -0.825000 0.365000 0.234510
v -0.815000 0.365000 0.234510
v -0.805000 0.365000 0.229820
v -0.795000 0.365000 0.229820
v -0.785000 0.365000 0.229820
v -0.775000 0.365000 0.234510
v -0.765000 0.365000 0.234510
v -0.755000 0.365000 0.234510
v -0.745000 0.365000 0.239200
v -0.735000 0.365000 0.248580
v -0.725000 0.365000 0.248580
v -0.715000 0.365000 0.248580
v -0.705000 0.365000 0.057223
v -0.695000 0.365000 0.057223
v -0.685000 0.365000 0.057223
v -0.675000 0.365000 0.057223
v -0.875000 0.375000 0.057223
v -0.865000 0.375000 0.215749
v -0.855000 0.375000 0.220439
v -0.845000 0.375000 0.225129
v -0.835000 0.375000 0.229820
v -0.825000 0.375000 0.229820
v -0.815000 0.375000 0.229820
v -0.805000 0.375000 0.229820
v -0.795000 0.375000 0.229820
v -0.785000 0.375000 0.229820
v -0.775000 0.375000 0.229820
v -0.765000 0.375000 0.229820
v -0.755000 0.375000 0.229820
v -0.745000 0.375000 0.234510
v -0.735000 0.375000 0.248580
v -0.725000 0.375000 0.248580
v -0.715000 0.375000 0.057223
v -0.885000 0.385000 0.057223
v -0.875000 0.385000 0.211059
v -0.865000 0.385000 0.211059
v -0.855000 0.385000 0.215749
v -0.845000 0.385000 0.220439
v -0.835000 0.385000 0.225129
v -0.825000 0.385000 0.225129
v -0.815000 0.385000 0.225129
v -0.805000 0.385000 0.225129
v -0.795000 0.385000 0.229820
v -0.785000 0.385000 0.229820
v -0.775000 0.385000 0.229820
v -0.765000 0.385000 0.225129
v -0.755000 0.385000 0.229820
v -0.745000 0.385000 0.234510
v -0.735000 0.385000 0.057223
v -0.725000 0.385000 0.057223
v -0.885000 0.395000 0.057223
v -0.875000 0.395000 0.211059
v -0.865000 0.395000 0.211059
v -0.855000 0.395000 0.215749
v -0.845000 0.395000 0.220439
v -0.835000 0.395000 0.220439
v -0.825000 0.395000 0.225129
v -0.815000 0.395000 0.225129
v -0.805000 0.395000 0.225129
v -0.795000 0.395000 0.225129
v -0.785000 0.395000 0.225129
v -0.775000 0.395000 0.225129
v -0.765000 0.395000 0.225129
v -0.755000 0.395000 0.225129
v -0.745000 0.395000 0.057223
v -0.885000 0.405000 0.057223
v -0.875000 0.405000 0.211059
v -0.865000 0.405000 0.211059
v -0.855000 0.405000 0.215749
v -0.845000 0.405000 0.220439
v -0.835000 0.405000 0.220439
v -0.825000 0.405000 0.220439
v -0.815000 0.405000 0.225129
v -0.805000 0.405000 0.225129
v -0.795000 0.405000 0.225129
v -0.785000 0.405000 0.225129
v -0.775000 0.405000 0.225129
v -0.765000 0.405000 0.225129
v -0.755000 0.405000 0.229820
v -0.745000 0.405000 0.057223
v -0.885000 0.415000 0.057223
v -0.875000 0.415000 0.211059
v -0.865000 0.415000 0.215749
v -0.855000 0.415000 0.215749
v -0.845000 0.415000 0.220439
v -0.835000 0.415000 0.220439
v -0.825000 0.415000 0.220439
v -0.815000 0.415000 0.220439
v -0.805000 0.415000 0.220439
v -0.795000 0.415000 0.220439
v -0.785000 0.415000 0.225129
v -0.775000 0.415000 0.225129
v -0.765000 0.415000 0.057223
v -0.755000 0.415000 0.057223
v -0.895000 0.425000 0.057223
v -0.885000 0.425000 0.206369
v -0.875000 0.425000 0.211059
v -0.865000 0.425000 0.215749
v -0.855000 0.425000 0.215749
v -0.845000 0.425000 0.215749
v -0.835000 0.425000 0.220439
v -0.825000 0.425000 0.220439
v -0.815000 0.425000 0.220439
v -0.805000 0.425000 0.220439
v -0.795000 0.425000 0.220439
v -0.785000 0.425000 0.220439
v -0.775000 0.425000 0.057223
v -0.895000 0.435000 0.057223
v -0.885000 0.435000 0.206369
v -0.875000 0.435000 0.211059
v -0.865000 0.435000 0.215749
v -0.855000 0.435000 0.215749
v -0.845000 0.435000 0.215749
v -0.835000 0.435000 0.215749
v -0.825000 0.435000 0.220439
v -0.815000 0.435000 0.220439
v -0.805000 0.435000 0.220439
v -0.795000 0.435000 0.220439
v -0.785000 0.435000 0.220439
v -0.775000 0.435000 0.057223
v -0.895000 0.445000 0.057223
v -0.885000 0.445000 0.206369
v -0.875000 0.445000 0.211059
v -0.865000 0.445000 0.211059
v -0.855000 0.445000 0.215749
v -0.845000 0.445000 0.215749
v -0.835000 0.445000 0.215749
v -0.825000 0.445000 0.215749
v -0.815000 0.445000 0.215749
v -0.805000 0.445000 0.215749
v -0.795000 0.445000 0.215749
v -0.785000 0.445000 0.057223
v -0.895000 0.455000 0.057223
v -0.885000 0.455000 0.201678
v -0.875000 0.455000 0.206369
v -0.865000 0.455000 0.211059
v -0.855000 0.455000 0.211059
v -0.845000 0.455000 0.215749
v -0.835000 0.455000 0.215749
v -0.825000 0.455000 0.215749
v -0.815000 0.455000 0.215749
v -0.805000 0.455000 0.215749
v -0.795000 0.455000 0.215749
v -0.785000 0.455000 0.057223
v -0.895000 0.465000 0.057223
v -0.885000 0.465000 0.196988
v -0.875000 0.465000 0.201678
v -0.865000 0.465000 0.206369
v -0.855000 0.465000 0.211059
v -0.845000 0.465000 0.211059
v -0.835000 0.465000 0.215749
v -0.825000 0.465000 0.215749
v -0.815000 0.465000 0.215749
v -0.805000 0.465000 0.215749
v -0.795000 0.465000 0.057223
v -0.885000 0.475000 0.057223
v -0.875000 0.475000 0.057223
v -0.865000 0.475000 0.057223
v -0.855000 0.475000 0.211059
v -0.845000 0.475000 0.211059
v -0.835000 0.475000 0.215749
v -0.825000 0.475000 0.215749
v -0.815000 0.475000 0.215749
v -0.805000 0.475000 0.057223
v -0.865000 0.485000 0.057223
v -0.855000 0.485000 0.057223
v -0.845000 0.485000 0.211059
v -0.835000 0.485000 0.057223
v -0.825000 0.485000 0.057223
v -0.815000 0.485000 0.057223
v -0.855000 0.495000 0.150086
v -0.845000 0.495000 0.150086
v -0.835000 0.495000 0.150086
vn 0.4185 -0.9082 -0.0073
vn -0.3087 0.2899 0.9059
vn -0.7081 -0.7031 0.0650
vn -0.5153 0.6391 0.5709
vn -0.0551 -0.9946 0.0881
vn -0.7801 -0.1444 0.6088
vn -0.2118 -0.9724 0.0975
vn -0.3504 -0.8850 0.3065
vn -0.0170 -0.9834 0.1807
vn -0.2704 -0.9599 0.0743
vn 0.5677 -0.8187 0.0857
vn -0.5106 0.8507 0.1252
vn -0.5420 -0.7924 0.2798
vn -0.8884 -0.4441 0.1164
vn -0.5651 -0.1883 0.8032
vn -0.4756 -0.1359 0.8691
vn -0.2796 -0.3495 0.8942
vn -0.2849 -0.4070 0.8678
vn 0.2244 -0.9689 0.1041
vn -0.8336 0.5142 0.2020
vn 0.5275 -0.8477 0.0556
vn -0.8195 -0.4673 -0.3316
vn -0.3063 -0.9064 0.2908
vn -0.7056 -0.7056 0.0643
vn -0.4541 -0.3244 0.8298
vn -0.5125 -0.2562 0.8196
vn -0.5125 -0.2563 0.8195
vn -0.2951 -0.1476 0.9440
vn -0.1732 -0.0000 0.9849
vn -0.5013 -0.0000 0.8653
vn -0.7164 0.2047 0.6669
vn 0.2662 -0.9588 0.0995
vn -0.9895 -0.0581 -0.1320
vn -0.0000 -0.9970 0.0768
vn -0.8487 -0.2917 -0.4412
vn 0.7057 -0.7058 0.0619
vn -0.3122 -0.8864 -0.3417
vn -0.0354 -0.9978 0.0552
vn -0.5710 0.5190 0.6361
vn -0.7056 -0.7056 0.0657
vn -0.4663 -0.8765 0.1198
vn -0.4541 -0.3243 0.8298
vn -0.3908 -0.3908 0.8334
vn -0.4154 -0.2077 0.8856
vn -0.1540 -0.0770 0.9851
vn -0.2268 -0.1134 0.9673
vn -0.4995 -0.0507 0.8648
vn -0.7164 -0.2047 0.6669
vn -0.3406 -0.1703 0.9247
vn -0.2524 0.1262 0.9594
vn 0.8668 -0.4881 0.1019
vn -0.2056 0.7078 -0.6759
vn -0.5621 -0.7880 0.2514
vn -0.8879 -0.4437 0.1213
vn -0.4153 -0.2077 0.8856
vn -0.5372 -0.3581 0.7637
vn -0.2665 -0.3198 0.9092
vn -0.1134 -0.2268 0.9673
vn -0.1707 -0.1707 0.9704
vn -0.6415 -0.3208 0.6968
vn -0.0000 -0.0000 1.0000
vn -0.5061 -0.2531 0.8245
vn 0.2770 -0.9575 0.0802
vn -0.9363 -0.2643 -0.2311
vn 0.5367 -0.8417 0.0596
vn -0.8041 -0.4815 -0.3487
vn -0.1516 -0.9327 0.3272
vn -0.7107 -0.7004 0.0657
vn -0.3495 -0.2796 0.8942
vn -0.5372 -0.3582 0.7636
vn -0.3198 -0.2665 0.9092
vn -0.1706 -0.1706 0.9705
vn -0.1916 -0.3833 0.9035
vn -0.2530 -0.5061 0.8245
vn -0.6416 -0.3208 0.6968
vn -0.4182 -0.0000 0.9084
vn -0.3858 -0.3858 0.8380
vn -0.3858 -0.3858 0.8381
vn -0.2903 -0.1451 0.9459
vn 0.2934 -0.9527 0.0789
vn -0.9637 -0.1662 -0.2090
vn -0.0319 -0.9971 0.0692
vn -0.9375 -0.2578 -0.2339
vn 0.5538 -0.8307 0.0577
vn -0.8015 -0.4844 -0.3505
vn -0.0482 -0.9979 0.0441
vn -0.8927 -0.4463 0.0630
vn -0.3833 -0.1916 0.9035
vn -0.1452 -0.2903 0.9459
vn -0.5473 -0.4378 0.7133
vn -0.2903 -0.1452 0.9459
vn 0.2967 -0.9509 0.0881
vn -0.9384 -0.2611 -0.2264
vn 0.7062 -0.7063 0.0491
vn -0.5541 -0.7499 -0.3615
vn -0.2166 -0.9542 -0.2065
vn -0.9956 -0.0144 0.0921
vn -0.2617 -0.1308 0.9562
vn 0.9470 -0.3087 0.0886
vn -0.4560 0.4567 -0.7639
vn -0.5828 -0.7812 0.2240
vn -0.8770 -0.4660 0.1173
vn -0.2226 -0.2226 0.9492
vn -0.1163 -0.0581 0.9915
vn -0.6043 -0.1209 0.7875
vn -0.4602 -0.3068 0.8331
vn 0.2857 -0.9554 0.0741
vn -0.9642 -0.1553 -0.2151
vn -0.0000 -0.9977 0.0671
vn -0.9384 -0.2563 -0.2316
vn 0.5538 -0.8308 0.0559
vn -0.5395 -0.8095 -0.2319
vn -0.2765 -0.8935 0.3538
vn -0.7132 -0.6979 0.0649
vn -0.5061 -0.2530 0.8246
vn -0.5061 -0.2530 0.8245
vn 0.7060 -0.7060 0.0554
vn -0.8136 -0.4763 -0.3335
vn -0.0541 -0.9977 0.0399
vn -0.9892 -0.0955 0.1111
vn -0.7055 -0.7055 0.0673
vn -0.4879 -0.8649 0.1182
vn -0.5372 -0.3581 0.7636
vn -0.3747 -0.1606 0.9131
vn -0.1451 -0.2903 0.9459
vn -0.2531 -0.5061 0.8245
vn 0.3154 -0.9461 0.0743
vn -0.8073 -0.4811 -0.3419
vn -0.6098 -0.7670 0.1995
vn -0.8649 -0.4879 0.1182
vn -0.5886 -0.2943 0.7530
vn -0.4153 -0.2077 0.8857
vn -0.2952 -0.1475 0.9440
vn -0.4903 -0.2452 0.8363
vn -0.3581 -0.1791 0.9163
vn -0.2466 -0.2466 0.9372
vn -0.1703 -0.3406 0.9247
vn -0.8050 -0.4849 -0.3419
vn -0.0453 -0.9979 0.0462
vn -0.8897 -0.4522 0.0623
vn -0.0770 -0.1540 0.9851
vn -0.3710 -0.2120 0.9041
vn -0.4307 -0.1369 0.8921
vn 0.1703 0.3406 0.9247
vn -0.5495 -0.0000 0.8355
vn -0.6640 0.2639 0.6996
vn 0.7059 -0.7058 0.0594
vn -0.5476 -0.7559 -0.3588
vn -0.2144 -0.9551 -0.2047
vn -0.9957 -0.0000 0.0927
vn -0.0000 -0.1304 0.9915
vn -0.1702 -0.3406 0.9247
vn 0.9499 -0.3037 0.0738
vn -0.4072 0.4782 -0.7781
vn -0.5897 -0.7857 0.1871
vn -0.8824 -0.4552 0.1193
vn -0.3909 -0.3909 0.8333
vn -0.4903 -0.2452 0.8364
vn -0.0581 -0.1163 0.9915
vn -0.4835 -0.0000 0.8754
vn -0.2377 -0.3565 0.9035
vn 0.4602 0.3068 0.8331
vn 0.3272 -0.9408 0.0881
vn -0.9449 -0.2477 -0.2140
vn 0.5541 -0.8311 0.0482
vn -0.8178 -0.4645 -0.3397
vn -0.1450 -0.9330 0.3294
vn -0.3794 -0.0000 0.9252
vn 0.3858 0.3858 0.8380
vn -0.1451 0.2903 0.9459
vn 0.3275 -0.9417 0.0771
vn -0.5707 -0.7957 -0.2028
vn -0.1434 -0.9289 0.3414
vn -0.5651 -0.1884 0.8032
vn -0.3144 -0.0740 0.9464
vn 0.3858 0.3858 0.8381
vn 0.7211 -0.6904 0.0585
vn -0.5649 -0.7962 -0.2169
vn -0.1264 -0.9242 0.3605
vn -0.5291 -0.0661 0.8460
vn 0.2903 0.1452 0.9459
vn 0.5061 0.2530 0.8245
vn 0.2530 0.5061 0.8245
vn -0.0000 0.3456 0.9384
vn 0.7136 -0.6981 0.0591
vn -0.7919 -0.5818 -0.1857
vn 0.2511 -0.8725 -0.4192
vn -0.9975 -0.0055 0.0702
vn -0.5343 -0.2290 0.8137
vn 0.2903 0.1451 0.9459
vn 0.4919 -0.8653 0.0963
vn -0.8415 -0.3009 -0.4487
vn 0.4677 -0.8820 0.0576
vn -0.5418 -0.8050 -0.2419
vn 0.0727 -0.8950 -0.4400
vn -0.9885 -0.0101 0.1511
vn -0.3313 -0.0552 0.9419
vn 0.4182 -0.0000 0.9084
vn 0.3857 0.3858 0.8381
vn 0.3456 -0.0000 0.9384
vn 0.7218 -0.6893 0.0618
vn -0.7901 -0.5817 -0.1933
vn -0.1551 -0.9342 0.3212
vn 0.5061 0.2531 0.8245
vn 0.3406 0.1703 0.9247
vn 0.4696 -0.8771 0.1010
vn -0.8376 -0.3065 -0.4522
vn 0.4624 -0.8845 0.0612
vn -0.5366 -0.8088 -0.2408
vn -0.1456 -0.9335 0.3277
vn -0.7133 -0.6977 0.0664
vn -0.3631 -0.0726 0.9289
vn -0.2344 -0.3065 0.9226
vn 0.4353 0.4353 0.7880
vn 0.7262 -0.6842 0.0672
vn -0.7845 -0.5719 -0.2397
vn -0.0511 -0.9978 0.0421
vn -0.8956 -0.4401 0.0643
vn 0.5473 0.4378 0.7133
vn 0.1309 0.3426 0.9303
vn 0.5374 -0.8362 0.1095
vn -0.8753 0.0944 0.4743
vn 0.7147 -0.6958 0.0705
vn -0.3124 -0.8858 -0.3431
vn -0.5771 -0.7873 0.2170
vn -0.8878 -0.4439 0.1214
vn -0.6344 -0.2307 0.7378
vn -0.2077 -0.4154 0.8856
vn -0.4222 -0.1056 0.9003
vn 0.4582 0.1035 0.8828
vn 0.3065 0.2344 0.9226
vn 0.5926 0.1092 0.7980
vn 0.8870 -0.4479 0.1128
vn -0.5657 0.1355 -0.8134
vn -0.1504 -0.9322 0.3292
vn -0.7055 -0.7055 0.0672
vn -0.1476 -0.2952 0.9440
vn -0.6486 -0.4633 0.6038
vn 0.4995 0.0507 0.8648
vn 0.5309 0.1468 0.8346
vn 0.3372 0.2484 0.9081
vn 0.3631 0.0726 0.9289
vn 0.2709 -0.0000 0.9626
vn 0.7148 -0.6956 0.0718
vn -0.5635 -0.7935 -0.2299
vn -0.8926 -0.4463 0.0645
vn -0.4209 -0.4810 0.7691
vn -0.5290 -0.0661 0.8460
vn -0.1937 -0.3875 0.9013
vn -0.7229 -0.3614 0.5889
vn 0.1452 0.2903 0.9459
vn 0.6024 0.2342 0.7630
vn 0.5559 0.3006 0.7750
vn 0.2226 0.2226 0.9492
vn 0.2951 0.1476 0.9440
vn 0.1540 0.0770 0.9851
vn 0.4186 0.1674 0.8926
vn 0.7341 -0.6751 0.0734
vn -0.5422 -0.8016 -0.2520
vn -0.5775 -0.7874 0.2157
vn -0.5447 -0.1762 0.8199
vn -0.7165 -0.2047 0.6669
vn 0.2531 0.5061 0.8245
vn 0.1451 0.2903 0.9459
vn 0.5723 0.3888 0.7220
vn 0.4347 0.1391 0.8898
vn 0.2952 0.1476 0.9440
vn 0.5125 0.2563 0.8196
vn 0.5343 0.2290 0.8137
vn 0.8520 -0.5180 0.0765
vn -0.9555 -0.2575 0.1442
vn -0.1485 -0.9348 0.3226
vn -0.7108 -0.7001 0.0672
vn -0.6112 -0.1222 0.7820
vn -0.4919 -0.0679 0.8680
vn 0.4378 0.5473 0.7133
vn 0.4099 0.4562 0.7898
vn 0.3747 0.1606 0.9131
vn 0.3313 0.0552 0.9419
vn 0.4153 0.2077 0.8857
vn 0.5125 0.2562 0.8196
vn 0.5886 0.2943 0.7530
vn 0.9951 0.0360 0.0920
vn -0.9857 -0.0093 0.1680
vn -0.8956 -0.4401 0.0651
vn -0.3582 -0.1790 0.9163
vn -0.4378 -0.5473 0.7133
vn 0.4562 0.4099 0.7898
vn 0.1707 0.1707 0.9704
vn 0.3495 0.2796 0.8942
vn 0.4541 0.3243 0.8298
vn 0.5125 0.2563 0.8195
vn 0.6344 0.2307 0.7378
vn 0.9894 -0.1111 0.0932
vn -0.9613 0.2507 -0.1138
vn -0.2212 -0.9523 -0.2104
vn -0.9954 -0.0147 0.0942
vn -0.7229 -0.3615 0.5888
vn 0.2268 0.1134 0.9673
vn 0.3198 0.2665 0.9092
vn 0.3908 0.3908 0.8334
vn 0.3909 0.3909 0.8333
vn 0.5651 0.1884 0.8032
vn 0.7322 0.6760 0.0832
vn 0.7164 0.0645 -0.6947
vn -0.5759 -0.7749 0.2605
vn -0.8765 -0.4663 0.1198
vn -0.5473 -0.4379 0.7133
vn 0.4168 0.2844 0.8634
vn 0.3549 0.3549 0.8649
vn 0.4541 0.3244 0.8298
vn 0.7107 0.7003 0.0672
vn -0.0331 -0.9939 0.1053
vn -0.1647 -0.9846 -0.0591
vn -0.8866 -0.4582 0.0633
vn -0.3908 -0.3909 0.8334
vn -0.1380 -0.3787 0.9152
vn 0.3581 0.1791 0.9163
vn 0.2796 0.3495 0.8942
vn 0.7133 0.6977 0.0665
vn -0.3370 -0.3392 -0.8783
vn -0.1719 -0.8453 0.5059
vn -0.7235 -0.6871 0.0664
vn -0.8820 -0.4553 0.1218
vn -0.3875 -0.1937 0.9013
vn -0.5502 -0.2751 0.7885
vn 0.1261 -0.2524 0.9594
vn 0.4154 0.2077 0.8856
vn 0.4153 0.2077 0.8856
vn 0.8820 0.4553 0.1218
vn -0.5444 -0.1238 -0.8297
vn -0.0573 -0.9976 0.0377
vn -0.7108 -0.7000 0.0687
vn -0.5206 -0.8454 0.1193
vn -0.5368 -0.0000 0.8437
vn -0.3857 -0.3857 0.8381
vn 0.4810 0.4209 0.7691
vn 0.8896 0.4523 0.0639
vn -0.3540 0.7887 -0.5026
vn -0.2217 -0.9520 -0.2108
vn -0.9952 -0.0292 0.0934
vn -0.2952 -0.1476 0.9440
vn -0.3372 -0.2484 0.9081
vn -0.5660 -0.2830 0.7743
vn -0.2686 -0.4027 0.8750
vn -0.2686 -0.4028 0.8750
vn 0.8760 0.4666 0.1223
vn -0.8426 -0.5263 0.1137
vn -0.5846 -0.7810 0.2200
vn -0.8820 -0.4553 0.1219
vn -0.3065 -0.2344 0.9226
vn -0.3327 -0.2464 0.9103
vn -0.1381 -0.4142 0.8997
vn 0.8894 0.4524 0.0654
vn -0.0422 0.4195 0.9068
vn -0.1464 -0.9339 0.3261
vn -0.3405 -0.1703 0.9247
vn -0.0000 -0.2544 0.9671
vn 0.5061 0.2530 0.8246
vn 0.3908 0.3909 0.8334
vn 0.8811 0.4555 0.1272
vn -0.8421 -0.5270 0.1147
vn -0.8926 -0.4463 0.0646
vn -0.5125 -0.2563 0.8196
vn 0.5372 0.3582 0.7636
vn 0.4209 0.4810 0.7691
vn 0.8924 0.4462 0.0666
vn -0.5937 -0.7800 0.1979
vn -0.7164 -0.2047 0.6670
vn 0.5660 0.2830 0.7743
vn 0.8742 0.4677 0.1305
vn -0.8428 -0.5268 0.1100
vn -0.8896 -0.4523 0.0639
vn 0.4632 0.2316 0.8555
vn 0.3495 0.2796 0.8943
vn 0.8892 0.4525 0.0676
vn 0.2152 0.5461 0.8096
vn -0.5722 -0.7815 0.2486
vn 0.8806 0.4556 0.1301
vn -0.2678 -0.8312 -0.4872
vn -0.1496 -0.9318 0.3307
vn 0.3875 0.1937 0.9013
vn 0.5372 0.3581 0.7636
vn 0.8923 0.4462 0.0683
vn -0.3708 -0.0409 -0.9278
vn 0.8865 0.4433 0.1324
vn -0.5205 -0.1159 -0.8460
vn -0.5754 -0.7931 0.1999
vn -0.8989 -0.4206 0.1228
vn -0.4247 -0.0000 0.9054
vn -0.4246 -0.0000 0.9054
vn 0.2464 0.3328 0.9102
vn 0.8891 0.4526 0.0686
vn -0.3371 -0.0267 -0.9411
vn -0.7108 -0.7002 0.0672
vn 0.8802 0.4556 0.1331
vn -0.5175 -0.1149 -0.8480
vn -0.4046 -0.3034 0.8627
vn -0.0955 -0.2976 0.9499
vn 0.8922 0.4461 0.0699
vn -0.5870 -0.7862 0.1932
vn -0.3549 -0.3549 0.8649
vn -0.4168 -0.2844 0.8634
vn -0.0000 -0.5231 0.8523
vn 0.2283 -0.0000 0.9736
vn 0.5651 0.1883 0.8032
vn 0.8925 0.4304 0.1349
vn -0.5192 -0.1156 -0.8468
vn 0.1876 0.2064 0.9603
vn 0.4154 0.2076 0.8856
vn 0.8923 0.4462 0.0691
vn -0.1475 0.6779 -0.7202
vn -0.5799 -0.7870 0.2103
vn -0.8875 -0.4437 0.1239
vn -0.3795 -0.0000 0.9252
vn -0.5004 -0.3620 0.7865
vn 0.5263 0.3320 0.7828
vn 0.1134 0.2268 0.9673
vn 0.1476 0.2952 0.9440
vn -0.8429 -0.5323 0.0783
vn -0.1421 -0.9357 0.3230
vn -0.7186 -0.6921 0.0679
vn -0.5502 -0.2751 0.7884
vn 0.4168 0.2843 0.8634
vn 0.2665 0.3198 0.9092
vn 0.4540 0.3243 0.8299
vn 0.5524 0.4420 0.7067
vn 0.5708 0.6292 0.5275
vn -0.1582 -0.9321 0.3257
vn -0.7135 -0.6972 0.0695
vn -0.5310 -0.1468 0.8346
vn 0.5156 0.4286 0.7419
vn 0.7080 0.7024 0.0728
vn 0.2593 -0.9653 0.0307
vn -0.8862 -0.4586 0.0662
vn -0.3875 -0.1938 0.9013
vn 0.5796 0.3543 0.7339
vn 0.8735 0.4681 0.1335
vn -0.5249 -0.1064 -0.8445
vn -0.2194 -0.9530 -0.2089
vn -0.9951 -0.0227 0.0967
vn 0.8922 0.4461 0.0700
vn -0.0710 0.6139 -0.7862
vn -0.5681 -0.7940 0.2163
vn -0.8874 -0.4440 0.1239
vn 0.8796 0.4558 0.1362
vn -0.8383 -0.5125 0.1861
vn -0.1511 -0.9326 0.3277
vn -0.7134 -0.6975 0.0679
vn -0.1489 -0.0496 0.9876
vn -0.4835 -0.0000 0.8753
vn 0.4046 0.3034 0.8627
vn 0.4541 0.3243 0.8299
vn 0.8888 0.4527 0.0710
vn 0.8307 0.5443 0.1165
vn -0.1572 -0.9317 0.3273
vn -0.7000 -0.7108 0.0687
vn 0.0695 0.1390 0.9879
vn -0.4785 0.0440 0.8770
vn 0.5502 0.2751 0.7885
vn 0.5183 0.3506 0.7800
vn 0.8857 0.4429 0.1389
vn -0.8421 -0.5220 0.1360
vn -0.8864 -0.4584 0.0647
vn 0.1489 -0.0496 0.9876
vn -0.0695 -0.1390 0.9879
vn 0.4730 0.4730 0.7434
vn 0.5123 0.3260 0.7945
vn 0.8921 0.4461 0.0717
vn 0.8307 0.5443 0.1168
vn -0.2171 -0.9540 -0.2069
vn -0.9953 -0.0222 0.0947
vn -0.2739 -0.0161 0.9616
vn -0.1721 0.1147 0.9784
vn -0.2483 -0.2190 0.9436
vn 0.2077 0.4154 0.8856
vn 0.8853 0.4427 0.1422
vn -0.8421 -0.5219 0.1356
vn -0.5875 -0.7861 0.1921
vn 0.0577 -0.1729 0.9832
vn -0.2046 0.1364 0.9693
vn -0.1489 0.0496 0.9876
vn 0.6416 0.3208 0.6968
vn 0.5473 0.4379 0.7133
vn 0.3549 0.3550 0.8649
vn 0.8921 0.4461 0.0716
vn -0.1477 -0.9344 0.3242
vn 0.1147 -0.1721 0.9784
vn -0.0576 -0.1730 0.9832
vn -0.4562 -0.4099 0.7898
vn 0.7229 0.3615 0.5888
vn 0.2843 0.4168 0.8634
vn 0.0770 0.1540 0.9851
vn 0.8720 0.4689 0.1401
vn -0.8413 -0.5159 0.1614
vn -0.8926 -0.4463 0.0638
vn 0.5608 0.5608 0.6091
vn 0.6486 0.4633 0.6038
vn 0.8886 0.4529 0.0728
vn 0.9045 0.2946 -0.3084
vn -0.9955 -0.0217 0.0927
vn -0.8424 -0.5221 0.1332
vn -0.5738 -0.7875 0.2248
vn -0.8881 -0.4440 0.1189
vn -0.5608 -0.5608 0.6091
vn 0.8920 0.4460 0.0735
vn 0.9043 0.2947 -0.3087
vn -0.3748 -0.1606 0.9131
vn 0.3550 0.3550 0.8648
vn 0.8848 0.4425 0.1458
vn -0.8425 -0.5220 0.1328
vn -0.8927 -0.4462 0.0631
vn -0.4755 -0.1359 0.8691
vn 0.8885 0.4529 0.0736
vn -0.9954 -0.0285 0.0914
vn -0.3003 -0.2799 0.9119
vn -0.0000 -0.4182 0.9084
vn 0.3582 0.1790 0.9163
vn 0.8713 0.4693 0.1436
vn -0.8424 -0.5154 0.1572
vn -0.5762 -0.7874 0.2193
vn -0.8881 -0.4441 0.1188
vn -0.4632 -0.2316 0.8555
vn -0.4562 -0.4099 0.7899
vn 0.3875 0.1938 0.9013
vn 0.8919 0.4460 0.0754
vn 0.7811 -0.0402 -0.6231
vn -0.2810 -0.9042 0.3216
vn -0.7184 -0.6925 0.0664
vn 0.4756 0.1359 0.8691
vn 0.8844 0.4422 0.1496
vn -0.8436 -0.5273 0.1013
vn -0.0447 -0.9978 0.0487
vn -0.9891 -0.1105 0.0973
vn -0.7054 -0.7054 0.0687
vn -0.4886 -0.8641 0.1207
vn 0.7813 -0.0403 -0.6228
vn -0.2168 -0.9604 -0.1753
vn -0.9943 -0.0510 0.0933
vn 0.6043 0.1209 0.7875
vn 0.6774 -0.0000 0.7356
vn 0.5310 0.1468 0.8346
vn -0.8436 -0.5325 0.0697
vn -0.5748 -0.7876 0.2221
vn -0.8878 -0.4439 0.1213
vn 0.6776 0.3388 0.6528
vn -0.1674 -0.9840 -0.0608
vn 0.6025 0.2342 0.7630
vn 0.3144 0.0740 0.9464
vn 0.5291 0.0661 0.8460
vn 0.4755 0.1359 0.8692
vn 0.7049 0.7048 0.0794
vn 0.2628 -0.9647 0.0195
vn -0.1750 -0.8489 0.4987
vn -0.7003 -0.7107 0.0671
vn -0.8754 -0.4670 0.1250
vn 0.7164 0.2047 0.6669
vn 0.3630 0.0726 0.9289
vn 0.4755 0.1359 0.8691
vn 0.4246 -0.0000 0.9054
vn -0.5021 -0.1105 -0.8577
vn -0.1464 -0.9339 0.3262
vn -0.4642 -0.8834 0.0641
vn -0.4503 -0.8817 0.1406
vn -0.0846 -0.4231 0.9021
vn 0.6415 0.3208 0.6968
vn 0.6775 0.3388 0.6528
vn 0.0840 0.4424 -0.8929
vn -0.8925 -0.4463 0.0652
vn -0.4231 -0.0846 0.9021
vn -0.1872 -0.3120 0.9314
vn 0.7164 0.2047 0.6670
vn 0.5368 -0.0000 0.8437
vn -0.8433 -0.5347 0.0537
vn -0.5980 -0.7844 0.1646
vn -0.8876 -0.4436 0.1239
vn -0.0000 -0.1732 0.9849
vn -0.3643 0.1214 0.9233
vn -0.4028 0.2685 0.8750
vn 0.6200 0.0611 0.7822
vn 0.7813 -0.0402 -0.6228
vn -0.4028 0.2686 0.8750
vn -0.3644 0.1214 0.9233
vn 0.6565 -0.0000 0.7543
vn 0.4919 0.0678 0.8680
vn 0.3177 -0.0000 0.9482
vn 0.2985 -0.0000 0.9544
vn 0.5784 0.1237 0.8063
vn 0.5419 -0.0000 0.8404
vn 0.2257 -0.1505 0.9625
vn 0.7163 0.6917 0.0919
vn -0.2816 -0.2847 -0.9163
vn -0.2276 -0.9493 -0.2168
vn -0.9955 -0.0000 0.0947
vn -0.0999 0.0499 0.9937
vn -0.2544 -0.0000 0.9671
vn -0.4836 -0.0000 0.8753
vn -0.0000 0.4182 0.9084
vn 0.4223 0.1056 0.9003
vn 0.5051 0.0505 0.8616
vn 0.8916 0.4289 0.1451
vn -0.4937 -0.1190 -0.8615
vn -0.5758 -0.7932 0.1983
vn -0.8935 -0.4326 0.1208
vn 0.0499 -0.0999 0.9937
vn -0.4183 -0.3334 0.8449
vn -0.1214 0.3643 0.9233
vn 0.9815 -0.1580 0.1081
vn -0.3762 0.1716 -0.9105
vn -0.3021 -0.9015 0.3099
vn -0.2464 -0.3328 0.9102
vn -0.0000 -0.4835 0.8753
vn -0.2176 -0.5183 0.8271
vn 0.3833 0.1916 0.9035
vn 0.5650 0.1884 0.8033
vn 0.7001 0.7074 0.0972
vn 0.7614 0.0047 -0.6482
vn -0.1520 -0.9331 0.3260
vn -0.4525 -0.8893 0.0669
vn -0.4674 -0.8748 0.1276
vn -0.5080 -0.1423 0.8495
vn -0.4142 -0.1381 0.8997
vn -0.0000 -0.4835 0.8754
vn 0.1813 -0.1813 0.9666
vn 0.7050 0.7050 0.0775
vn -0.0011 -0.9996 0.0295
vn -0.1655 -0.9388 0.3023
vn -0.7054 -0.7053 0.0703
vn -0.1658 -0.2893 0.9428
vn -0.4602 0.3068 0.8331
vn 0.7161 0.6923 0.0887
vn -0.2883 -0.2988 -0.9097
vn -0.1498 -0.9358 0.3191
vn -0.7136 -0.6969 0.0711
vn -0.4192 -0.0908 0.9034
vn -0.1731 -0.0000 0.9849
vn 0.4903 0.2452 0.8364
vn -0.4979 -0.1080 -0.8605
vn -0.0605 -0.9975 0.0353
vn -0.8955 -0.4396 0.0690
vn -0.2616 -0.1308 0.9563
vn -0.2046 -0.1364 0.9693
vn -0.2981 0.0773 0.9514
vn -0.0709 0.6138 -0.7863
vn -0.2262 -0.9501 -0.2147
vn -0.9944 -0.0384 0.0985
vn -0.2951 -0.1475 0.9440
vn 0.0777 -0.0777 0.9939
vn 0.7110 0.6991 0.0754
vn 0.2603 -0.9651 0.0272
vn -0.1373 -0.9819 -0.1304
vn -0.9895 -0.0224 0.1429
vn -0.1836 -0.0918 0.9787
vn -0.6774 -0.0000 0.7356
vn 0.7050 0.7051 0.0756
vn -0.2833 -0.2932 -0.9131
vn -0.9972 -0.0000 0.0745
vn -0.1157 0.5854 0.8024
vn -0.4652 -0.1744 0.8679
vn 0.4247 -0.0000 0.9054
vn 0.7081 0.7022 0.0746
vn -0.2873 -0.2826 -0.9152
vn -0.2160 -0.9545 -0.2054
vn -0.9947 -0.0376 0.0961
vn -0.2796 -0.3495 0.8943
vn 0.8925 0.4305 0.1349
vn -0.5356 -0.1334 -0.8339
vn -0.5806 -0.7812 0.2294
vn -0.8759 -0.4667 0.1223
vn -0.5524 -0.4420 0.7067
vn -0.4810 -0.4209 0.7691
vn -0.3243 -0.4541 0.8298
vn -0.3581 -0.5372 0.7636
vn -0.3909 -0.3908 0.8334
vn 0.1732 -0.0000 0.9849
vn 0.3710 0.2120 0.9041
vn -0.1379 -0.9374 0.3198
vn -0.7238 -0.6867 0.0678
vn -0.5525 -0.4420 0.7067
vn -0.4784 0.0440 0.8770
vn 0.8862 0.4431 0.1356
vn -0.4916 -0.1053 -0.8644
vn -0.8986 -0.4337 0.0664
vn -0.7223 -0.2064 0.6600
vn -0.6473 -0.3237 0.6901
vn 0.4206 0.2860 0.8610
vn -0.1475 0.6780 -0.7201
vn -0.6079 -0.7774 0.1618
vn -0.8823 -0.4552 0.1194
vn -0.6925 -0.3463 0.6328
vn 0.7052 0.7052 0.0737
vn -0.2752 -0.8987 0.3415
vn -0.7081 -0.7027 0.0696
vn -0.6527 -0.4017 0.6423
vn -0.2283 -0.0000 0.9736
vn 0.7137 0.6967 0.0728
vn -0.2880 -0.2905 -0.9125
vn -0.0396 -0.9977 0.0548
vn -0.9888 -0.1198 0.0886
vn -0.7109 -0.6994 0.0737
vn -0.5122 -0.8498 0.1241
vn -0.6113 -0.1222 0.7819
vn -0.2843 -0.4168 0.8634
vn 0.4307 0.1369 0.8921
vn 0.8927 0.4309 0.1318
vn -0.5031 -0.1206 -0.8558
vn -0.0530 -0.8579 -0.5110
vn -0.5937 0.8001 0.0857
vn -0.5574 0.8200 0.1301
vn -0.4404 -0.4404 0.7824
vn -0.4810 -0.4208 0.7691
vn -0.6022 -0.3832 0.7004
vn -0.4730 -0.4730 0.7434
vn 0.8923 0.4463 0.0683
vn -0.2210 0.7277 -0.6493
vn 0.5168 -0.0995 -0.8503
vn -0.9684 0.2332 0.0882
vn -0.9778 -0.1486 0.1479
vn -0.2943 -0.5886 0.7530
vn -0.0000 -0.1000 0.9950
vn -0.4099 -0.4562 0.7898
vn 0.6112 0.1222 0.7820
vn 0.8865 0.4433 0.1325
vn -0.8427 -0.5323 0.0809
vn -0.4587 -0.8548 0.2429
vn -0.8900 -0.4520 0.0599
vn -0.2278 -0.0651 0.9715
vn 0.3795 -0.0000 0.9252
vn 0.5651 0.1883 0.8033
vn 0.8923 0.4462 0.0681
vn 0.2151 0.5458 0.8098
vn -0.2435 -0.9416 -0.2326
vn -0.9960 -0.0204 0.0871
vn -0.0995 -0.0995 0.9900
vn 0.4496 0.1210 0.8850
vn 0.7053 0.7053 0.0719
vn 0.2583 -0.9655 0.0339
vn -0.5211 -0.7949 0.3110
vn -0.7180 -0.6931 0.0636
vn -0.8884 -0.4442 0.1163
vn 0.1163 0.0581 0.9915
vn 0.9855 0.0001 0.1698
vn -0.6367 0.0001 -0.7711
vn -0.1582 -0.9356 0.3155
vn -0.9892 -0.1050 0.1023
vn -0.4523 -0.8896 0.0639
vn -0.0434 -0.9948 0.0925
vn -0.5075 -0.8541 0.1143
vn -0.2887 -0.0000 0.9574
vn -0.0700 0.0700 0.9951
vn -0.0000 0.2065 0.9784
vn -0.3813 -0.0749 0.9214
vn 0.1836 0.0918 0.9787
vn 0.9971 -0.0000 0.0763
vn 0.1932 -0.9775 -0.0845
vn -0.1517 -0.1895 0.9701
vn -0.0000 0.1164 0.9932
vn 0.8862 0.4431 0.1355
vn -0.8414 -0.5217 0.1410
vn -0.2188 -0.9532 -0.2084
vn -0.9955 -0.0218 0.0927
vn 0.0700 -0.0700 0.9951
vn -0.0496 -0.1489 0.9876
vn -0.5843 -0.7810 0.2206
vn -0.8827 -0.4551 0.1171
vn -0.4168 -0.2843 0.8634
vn 0.2569 -0.9658 0.0355
vn -0.1456 -0.9335 0.3278
vn -0.3017 -0.3042 -0.9036
vn 0.7081 0.7025 0.0711
vn -0.2969 -0.2995 -0.9067
vn -0.5847 -0.7809 0.2197
vn -0.8710 -0.4770 0.1178
vn -0.3908 -0.3909 0.8333
vn -0.5108 -0.1121 -0.8523
vn -0.7133 -0.6979 0.0650
vn -0.2211 0.7277 -0.6492
vn -0.1478 -0.9310 0.3337
vn -0.7160 -0.6949 0.0672
vn -0.6112 -0.1223 0.7820
vn -0.4497 -0.1210 0.8850
vn 0.2616 0.1308 0.9563
vn 0.7136 0.6970 0.0711
vn -0.1556 -0.9346 0.3200
vn -0.7028 -0.7082 0.0679
vn 0.7108 0.6998 0.0702
vn -0.2871 -0.2965 -0.9109
vn -0.1399 -0.9383 0.3162
vn -0.2835 -0.1890 0.9402
vn -0.2065 -0.0000 0.9784
vn -0.0496 0.1489 0.9876
vn -0.0000 0.0001 1.0000
vn 0.8811 0.4554 0.1272
vn -0.5523 -0.1162 -0.8255
vn -0.8956 -0.4401 0.0658
vn -0.1390 -0.0695 0.9879
vn 0.8924 0.4462 0.0667
vn -0.2379 -0.9516 -0.1946
vn -0.9945 -0.0444 0.0946
vn -0.1000 -0.0000 0.9950
vn -0.1730 -0.0576 0.9832
vn -0.3850 -0.2851 0.8778
vn 0.8929 0.4314 0.1289
vn -0.8411 -0.5284 0.1152
vn -0.2311 -0.9477 -0.2200
vn -0.9949 -0.0367 0.0940
vn -0.3242 -0.4547 0.8295
vn -0.5183 -0.2176 0.8271
vn -0.2223 -0.9517 -0.2118
vn -0.9951 -0.0359 0.0920
vn -0.1308 -0.2616 0.9563
vn -0.8424 -0.5323 0.0832
vn -0.5786 -0.7872 0.2135
vn -0.8879 -0.4438 0.1213
vn 0.8893 0.4525 0.0668
vn -0.0424 0.4196 0.9067
vn -0.1490 -0.9350 0.3218
vn -0.5448 -0.1762 0.8199
vn 0.7053 0.7054 0.0703
vn 0.2573 -0.9658 0.0311
vn -0.5317 -0.1933 0.8246
vn -0.5094 -0.1223 -0.8518
vn -0.1723 -0.8470 0.5029
vn -0.7238 -0.6866 0.0679
vn -0.5124 -0.0574 0.8568
vn -0.4958 -0.1317 0.8584
vn -0.2902 0.7642 -0.5760
vn -0.7109 -0.6998 0.0703
vn -0.5300 -0.8399 0.1172
vn -0.1364 -0.2046 0.9693
vn -0.5254 0.2050 0.8258
vn -0.3643 0.1215 0.9233
vn -0.8437 -0.5307 0.0804
vn -0.2242 -0.9510 -0.2129
vn -0.3495 -0.2796 0.8943
vn 0.8955 0.4399 0.0673
vn -0.6138 -0.7760 0.1453
vn -0.8827 -0.4551 0.1170
vn 0.5372 0.3581 0.7637
vn 0.6022 0.3832 0.7004
vn 0.2583 -0.9653 0.0399
vn -0.1573 -0.9318 0.3272
vn -0.4347 -0.1391 0.8898
vn -0.4976 -0.1069 -0.8608
vn -0.8895 -0.4523 0.0646
vn 0.8925 0.4462 0.0659
vn -0.2903 0.7642 -0.5760
vn -0.9956 -0.0073 0.0934
vn -0.2305 -0.9480 -0.2196
vn -0.9957 -0.0000 0.0928
vn -0.6744 -0.1686 0.7189
vn -0.0000 0.1000 0.9950
vn -0.2239 -0.9510 -0.2133
vn -0.9956 -0.0213 0.0909
vn -0.0584 0.0584 0.9966
vn 0.7081 0.7027 0.0695
vn 0.2573 -0.9656 0.0369
vn -0.5698 -0.7879 0.2337
vn -0.8990 -0.4218 0.1178
vn -0.6508 -0.0591 0.7569
vn -0.3796 -0.0000 0.9252
vn -0.0000 -0.0502 0.9987
vn -0.4986 -0.1072 -0.8602
vn -0.1323 -0.9235 0.3602
vn -0.1390 -0.0695 0.9878
vn 0.2572 -0.9657 0.0369
vn -0.2188 -0.9532 -0.2085
vn -0.6774 -0.0000 0.7357
vn 0.8872 0.4436 0.1267
vn -0.5355 -0.1210 -0.8358
vn -0.2289 -0.9487 -0.2181
vn -0.9956 -0.0213 0.0907
vn -0.0310 -0.8626 -0.5049
vn -0.8440 0.5310 0.0758
vn -0.6434 -0.0715 0.7622
vn -0.8423 -0.5348 0.0674
vn 0.3222 -0.3366 -0.8848
vn -0.4759 0.8767 0.0699
vn -0.4834 0.8678 0.1149
vn -0.2666 -0.1777 0.9473
vn -0.0423 0.4196 0.9067
vn 0.5414 -0.1392 -0.8292
vn 0.1295 -0.6002 -0.7893
vn -0.7100 0.7006 0.0708
vn -0.3602 0.1441 0.9217
vn -0.3703 -0.0000 0.9289
vn 0.2957 -0.5621 -0.7724
vn -0.8787 0.4648 0.1086
vn -0.5089 0.1696 0.8440
vn -0.1393 -0.0000 0.9902
vn 0.7108 0.7001 0.0687
vn -0.2915 -0.2939 -0.9103
vn -0.8902 0.4519 0.0582
vn -0.0294 -0.7091 -0.7045
vn -0.5959 0.4534 0.6629
vn -0.3149 0.3149 0.8954
vn -0.5553 0.0968 0.8260
vn -0.5867 -0.1467 0.7964
vn 0.2617 0.1308 0.9562
vn 0.8876 0.4437 0.1239
vn -0.5374 -0.1214 -0.8346
vn 0.2975 -0.2974 -0.9072
vn -0.7058 0.7058 0.0605
vn -0.3976 0.6413 0.6563
vn -0.5115 0.5869 0.6276
vn -0.6852 0.3487 0.6394
vn -0.3446 0.3446 0.8732
vn 0.8925 0.4462 0.0652
vn -0.9686 -0.2334 0.0858
vn -0.7450 -0.4782 0.4650
vn -0.9812 0.1267 0.1455
vn -0.4565 0.6087 0.6489
vn -0.6314 0.5923 0.5005
vn -0.5076 0.6728 0.5382
vn -0.5858 0.5021 0.6362
vn -0.8405 -0.5222 0.1443
vn 0.2033 -0.9791 0.0062
vn -0.5733 -0.8152 0.0819
vn -0.5393 -0.8326 0.1259
vn -0.4812 0.4812 0.7328
vn -0.4208 0.4810 0.7691
vn -0.6104 0.5165 0.6006
vn -0.5006 0.5968 0.6270
vn -0.6294 0.6294 0.4557
vn -0.2685 0.4028 0.8750
vn -0.1215 0.3643 0.9233
vn -0.8956 0.4401 0.0659
vn -0.1010 -0.6601 -0.7444
vn -0.5472 0.0782 0.8333
vn -0.4178 0.1790 0.8907
vn -0.3909 0.3909 0.8333
vn -0.5524 0.4420 0.7067
vn -0.5609 0.5099 0.6523
vn -0.4173 0.5325 0.7364
vn -0.5605 0.6586 0.5021
vn -0.6243 0.6498 0.4336
vn -0.5726 0.3817 0.7255
vn -0.2686 0.4028 0.8750
vn 0.8872 0.4437 0.1266
vn -0.8416 -0.5275 0.1156
vn 0.9999 -0.0000 -0.0136
vn -0.9878 -0.0000 0.1558
vn -0.2709 -0.0000 0.9626
vn -0.2257 0.1505 0.9625
vn -0.5200 0.1950 0.8316
vn -0.5433 0.2173 0.8109
vn -0.4209 0.4810 0.7691
vn -0.3506 0.5183 0.7800
vn -0.5965 0.6515 0.4688
vn -0.5088 0.7586 0.4070
vn -0.5568 0.6959 0.4535
vn 0.1707 0.1706 0.9704
vn -0.4738 -0.8520 0.2228
vn -0.5754 -0.0000 0.8179
vn -0.5558 0.0556 0.8295
vn -0.4186 0.1675 0.8926
vn -0.2226 0.2226 0.9492
vn -0.3908 0.3908 0.8334
vn -0.4480 0.6397 0.6246
vn -0.5780 0.7044 0.4120
vn -0.5503 0.7338 0.3984
vn -0.3407 0.6815 0.6476
vn 0.8755 0.4669 0.1250
vn -0.8432 -0.5313 0.0815
vn -0.5591 -0.7951 0.2349
vn -0.9043 -0.4073 0.1277
vn -0.4756 0.1359 0.8691
vn -0.2277 0.0759 0.9708
vn -0.4154 0.2077 0.8856
vn -0.3620 0.2414 0.9004
vn -0.5299 0.4165 0.7387
vn -0.3251 0.8454 0.4238
vn -0.4820 0.7833 0.3926
vn -0.2959 0.5918 0.7498
vn 0.8893 0.4525 0.0669
vn -0.0606 -0.9975 0.0353
vn -0.8923 -0.4462 0.0683
vn -0.3723 0.0620 0.9260
vn -0.2666 0.1777 0.9473
vn -0.4165 0.5299 0.7387
vn -0.1111 0.6031 0.7899
vn -0.4496 0.7148 0.5357
vn -0.4633 0.6486 0.6038
vn 0.7108 0.6999 0.0703
vn -0.9948 -0.0158 0.1005
vn -0.3298 0.1099 0.9376
vn -0.1951 0.3724 0.9073
vn -0.1779 0.3736 0.9104
vn -0.5619 0.6254 0.5414
vn -0.5544 0.7119 0.4310
vn -0.3215 0.7234 0.6110
vn -0.1209 0.6043 0.7875
vn -0.3068 0.4602 0.8331
vn 0.8933 0.4322 0.1234
vn -0.5065 -0.1104 -0.8551
vn -0.2323 -0.9472 -0.2208
vn -0.9948 -0.0000 0.1014
vn -0.4755 -0.1359 0.8692
vn -0.2276 0.0759 0.9708
vn -0.1934 0.1934 0.9619
vn -0.0759 0.2276 0.9708
vn -0.1505 0.2257 0.9625
vn -0.2312 0.3784 0.8963
vn -0.4298 0.6567 0.6197
vn -0.3991 0.7982 0.4512
vn -0.3098 0.8317 0.4607
vn -0.1381 0.4141 0.8997
vn 0.5525 0.4420 0.7067
vn 0.8894 0.4524 0.0661
vn -0.5905 -0.7859 0.1838
vn -0.8866 -0.4433 0.1323
vn -0.1966 0.0655 0.9783
vn -0.1933 0.1933 0.9619
vn -0.0655 0.1966 0.9783
vn -0.3277 0.5859 0.7412
vn -0.2010 0.7124 0.6723
vn -0.4818 0.7774 0.4044
vn -0.3947 0.7894 0.4702
vn -0.2047 0.7164 0.6670
vn 0.0581 0.1163 0.9915
vn 0.7108 0.7001 0.0688
vn -0.8924 -0.4460 0.0681
vn -0.0000 0.2283 0.9736
vn -0.3399 0.7203 0.6047
vn -0.3197 0.8406 0.4373
vn -0.2829 0.8241 0.4908
vn -0.4115 0.7201 0.5587
vn 0.7134 0.6975 0.0680
vn -0.1398 -0.9812 -0.1328
vn -0.9895 0.0079 0.1445
vn -0.4115 -0.2469 0.8773
vn -0.0000 0.2709 0.9626
vn -0.1099 0.3298 0.9376
vn -0.1777 0.2666 0.9473
vn -0.2495 0.6831 0.6864
vn -0.3914 0.7828 0.4837
vn -0.3918 0.7653 0.5107
vn -0.0301 0.7999 0.5994
vn 0.1877 0.2064 0.9603
vn 0.7107 0.7003 0.0673
vn -0.9675 0.2506 -0.0338
vn -0.9930 0.0680 0.0968
vn -0.2125 -0.9443 -0.2512
vn -0.5032 0.2237 0.8347
vn -0.0620 0.3723 0.9260
vn -0.0000 0.4246 0.9054
vn -0.1536 0.5306 0.8336
vn -0.2613 0.7840 0.5631
vn -0.3421 0.7489 0.5676
vn -0.2561 0.7549 0.6038
vn -0.0000 0.7823 0.6229
vn 0.0709 0.6609 0.7471
vn -0.8467 -0.4645 0.2597
vn -0.9754 -0.1866 0.1170
vn -0.7179 -0.6643 0.2080
vn -0.6010 0.6386 0.4806
vn -0.6022 0.3832 0.7003
vn -0.5291 0.0661 0.8460
vn -0.1814 0.1814 0.9665
vn -0.0000 0.1328 0.9911
vn 0.0918 0.1836 0.9787
vn -0.1648 0.5491 0.8193
vn -0.2307 0.6344 0.7378
vn -0.1306 0.7770 0.6158
vn -0.0479 0.7881 0.6137
vn -0.1691 0.7677 0.6181
vn -0.1640 0.6958 0.6992
vn 0.0870 0.3890 0.9171
vn 0.3244 0.4541 0.8298
vn 0.7055 0.7055 0.0672
vn 0.2524 -0.9666 0.0444
vn -0.0757 -0.9968 0.0246
vn -0.8953 -0.4386 0.0773
vn -0.0000 0.1844 0.9829
vn -0.5362 0.5775 0.6156
vn -0.7188 0.5555 0.4180
vn -0.7052 0.2644 0.6579
vn -0.1844 -0.0000 0.9829
vn -0.0000 0.2985 0.9544
vn 0.1476 0.2951 0.9440
vn 0.0726 0.3631 0.9289
vn -0.0661 0.5291 0.8460
vn -0.0000 0.6568 0.7541
vn -0.1268 0.5707 0.8113
vn -0.2010 0.6702 0.7145
vn -0.2993 0.6873 0.6618
vn -0.3716 0.5717 0.7315
vn -0.1106 0.3134 0.9432
vn 0.0788 0.3308 0.9404
vn 0.1393 -0.0000 0.9902
vn 0.8816 0.4553 0.1245
vn -0.5575 -0.1289 -0.8201
vn -0.2379 -0.9450 -0.2245
vn -0.9933 -0.0178 0.1140
vn 0.0655 -0.1966 0.9783
vn -0.1836 0.0918 0.9787
vn -0.7477 0.4329 0.5035
vn -0.7467 0.5195 0.4154
vn -0.4588 0.4588 0.7610
vn -0.0000 0.4247 0.9054
vn 0.0782 0.5472 0.8333
vn -0.0505 0.6560 0.7531
vn -0.2644 0.6874 0.6764
vn -0.3638 0.7275 0.5817
vn -0.1571 0.7645 0.6252
vn -0.2471 0.7106 0.6588
vn 0.0518 0.4661 0.8832
vn 0.4208 0.4810 0.7691
vn 0.8925 0.4463 0.0652
vn -0.2440 -0.9420 -0.2305
vn -0.9929 -0.0434 0.1109
vn 0.1675 -0.4186 0.8926
vn 0.3640 -0.0000 0.9314
vn -0.3727 0.4792 0.7947
vn -0.5907 0.6891 0.4198
vn -0.4833 0.7806 0.3963
vn 0.1908 0.9766 0.0988
vn -0.4757 0.8689 0.1370
vn 0.1883 0.5651 0.8032
vn 0.1222 0.6112 0.7820
vn -0.0000 0.5754 0.8179
vn -0.1177 0.6475 0.7530
vn -0.2418 0.7254 0.6445
vn -0.1194 0.7957 0.5938
vn -0.2828 0.8080 0.5168
vn -0.0936 0.7955 0.5986
vn 0.4131 0.9040 0.1106
vn 0.0204 0.9960 0.0870
vn -0.2870 0.9529 0.0978
vn 0.3314 0.3315 0.8833
vn 0.7081 0.7028 0.0679
vn 0.2478 -0.9676 0.0496
vn -0.5863 -0.7870 0.1920
vn -0.8721 -0.4689 0.1400
vn 0.5799 -0.2109 0.7869
vn 0.4763 0.2382 0.8464
vn -0.2681 0.5362 0.8004
vn 0.9096 0.3604 0.2069
vn 0.9852 0.1428 0.0951
vn -0.4578 0.8869 0.0612
vn -0.7000 0.7102 0.0748
vn -0.2912 0.2184 0.9314
vn -0.1813 0.1813 0.9666
vn 0.2562 0.5125 0.8196
vn 0.0661 0.5291 0.8460
vn 0.0556 0.5558 0.8295
vn -0.1817 0.6056 0.7747
vn -0.0000 0.5489 0.8359
vn 0.2696 0.9577 0.1011
vn 0.5026 0.8613 0.0743
vn -0.7841 -0.1426 -0.6040
vn 0.0070 0.9972 0.0746
vn -0.8193 0.5682 0.0768
vn -0.8567 0.5008 0.1237
vn 0.4664 0.8764 0.1198
vn 0.4523 0.8896 0.0639
vn -0.9790 0.2021 0.0268
vn -0.0717 -0.9970 0.0275
vn -0.8921 -0.4460 0.0726
vn 0.5237 -0.2993 0.7976
vn 0.2178 0.9479 0.2323
vn 0.6913 -0.7177 0.0839
vn 0.5394 -0.8384 0.0781
vn -0.9784 -0.1867 0.0891
vn -0.9713 0.1872 0.1469
vn -0.2413 0.3620 0.9004
vn -0.1730 0.3460 0.9221
vn 0.4186 0.8986 0.1312
vn -0.1327 0.9852 0.1088
vn 0.6795 0.7288 0.0846
vn -0.7085 -0.7036 0.0541
vn 0.0472 -0.5969 0.8009
vn 0.5961 -0.5111 0.6192
vn -0.9257 0.0338 0.3768
vn -0.4170 0.9011 0.1191
vn -0.5622 -0.7862 0.2564
vn 0.2457 -0.9591 -0.1407
vn -0.2324 -0.9474 -0.2198
vn -0.9943 -0.0165 0.1057
vn 0.9784 -0.1065 0.1769
vn 0.5617 -0.6744 0.4792
vn -0.9420 -0.2297 0.2449
vn -0.0918 -0.1836 0.9787
vn -0.5200 -0.1950 0.8316
vn 0.1987 -0.9727 0.1196
vn -0.5425 -0.8289 0.1365
vn -0.4253 0.7231 0.5443
vn -0.4820 0.7574 0.4406
vn -0.1918 0.6714 0.7158
vn -0.2382 0.4763 0.8464
vn -0.0759 0.2277 0.9708
vn 0.6996 0.7109 0.0718
vn -0.1092 -0.5475 -0.8297
vn -0.3832 -0.3273 -0.8637
vn 0.0645 0.7164 -0.6947
vn 0.4132 0.7941 0.4457
vn -0.5850 -0.7806 0.2201
vn -0.8796 -0.4557 0.1363
vn 0.0541 -0.9813 0.1847
vn 0.4975 -0.7463 0.4421
vn 0.3406 -0.7664 0.5447
vn -0.1662 -0.8307 0.5314
vn -0.3638 -0.7275 0.5817
vn -0.0000 -0.0668 0.9978
vn -0.4367 0.5337 0.7242
vn -0.2828 0.8080 0.5169
vn -0.5215 0.7078 0.4765
vn -0.3820 0.4366 0.8145
vn -0.0000 0.1844 0.9828
vn -0.3397 -0.3423 -0.8760
vn -0.0642 -0.9974 0.0329
vn -0.8887 -0.4528 0.0719
vn 0.0770 -0.1540 0.9851
vn 0.1686 -0.7587 0.6292
vn 0.0548 -0.7117 0.7004
vn 0.0684 -0.4789 0.8752
vn 0.0759 -0.2276 0.9708
vn -0.0000 -0.1545 0.9880
vn -0.0770 0.1540 0.9851
vn -0.5222 0.4747 0.7085
vn -0.6117 0.6117 0.5016
vn -0.0717 0.7882 0.6112
vn -0.0527 0.7372 0.6736
vn -0.0592 0.6508 0.7569
vn -0.0000 0.4800 0.8773
vn -0.0000 0.2984 0.9544
vn -0.3406 -0.3432 -0.8753
vn -0.2289 -0.9490 -0.2170
vn -0.9943 -0.0000 0.1065
vn 0.1966 -0.0655 0.9783
vn -0.0000 -0.2709 0.9626
vn 0.1814 -0.1814 0.9665
vn -0.1857 0.6965 0.6931
vn -0.0000 0.7810 0.6245
vn -0.1955 0.8308 0.5210
vn -0.1402 0.8408 0.5229
vn -0.2622 0.7866 0.5591
vn -0.1499 0.6494 0.7455
vn 0.1234 0.3702 0.9207
vn -0.3034 -0.3060 -0.9024
vn -0.5667 -0.7883 0.2396
vn -0.8858 -0.4428 0.1387
vn 0.2796 0.3495 0.8943
vn -0.0000 0.5164 0.8564
vn 0.0638 0.5742 0.8162
vn -0.3125 0.7590 0.5712
vn -0.3297 0.7831 0.5273
vn -0.2371 0.7588 0.6067
vn 0.1359 0.4756 0.8691
vn 0.1777 0.2666 0.9473
vn -0.2897 -0.2922 -0.9114
vn 0.2078 -0.9781 0.0091
vn -0.8372 -0.5396 0.0889
vn -0.2299 0.4598 0.8578
vn -0.2644 0.6874 0.6765
vn -0.3463 0.6926 0.6328
vn -0.3582 0.5372 0.7636
vn 0.4681 0.8735 0.1336
vn 0.4462 0.8924 0.0681
vn -0.9755 0.2200 -0.0015
vn -0.8922 0.4460 0.0718
vn -0.0599 -0.6902 -0.7211
vn -0.3631 0.0726 0.9289
vn -0.0000 0.3177 0.9482
vn 0.0759 0.2277 0.9708
vn 0.1328 -0.0000 0.9911
vn 0.2984 -0.0000 0.9544
vn -0.3146 0.5033 0.8048
vn 0.2159 0.9700 0.1119
vn -0.2187 0.9669 0.1315
vn 0.6996 0.7093 0.0861
vn -0.7514 -0.6173 0.2332
vn 0.4665 -0.7796 -0.4178
vn 0.3402 -0.4030 -0.8496
vn -0.9477 0.2979 0.1146
vn -0.2478 0.5574 0.7924
vn -0.1872 0.3120 0.9314
vn 0.6894 0.7201 0.0785
vn 0.0704 -0.5395 -0.8390
vn 0.6280 -0.6877 -0.3642
vn -0.1449 -0.9799 -0.1372
vn -0.9879 0.0354 0.1512
vn 0.1359 0.4755 0.8692
vn -0.3421 0.3421 0.8752
vn -0.4810 0.4209 0.7691
vn 0.2276 -0.0759 0.9708
vn -0.0000 -0.1328 0.9911
vn 0.7162 0.6919 0.0909
vn -0.9731 0.2284 -0.0313
vn -0.8887 0.4528 0.0719
vn -0.2077 0.4154 0.8856
vn 0.2563 0.5125 0.8196
vn 0.1359 0.4755 0.8691
vn -0.2184 0.2912 0.9314
vn -0.3909 0.3908 0.8334
vn -0.2943 0.5886 0.7530
vn -0.0000 0.5302 0.8479
vn -0.2015 0.4702 0.8593
vn 0.4969 0.8526 0.1618
vn -0.0000 0.9955 0.0951
vn -0.0001 0.9940 0.1092
vn 0.4547 0.8866 0.0852
vn -0.8583 -0.4564 0.2346
vn 0.3230 -0.5326 -0.7823
vn -0.8157 0.5623 0.1362
vn 0.0427 0.7691 0.6377
vn -0.2469 0.4115 0.8773
vn -0.1385 0.6003 0.7877
vn -0.6201 0.2756 0.7345
vn 0.7110 0.6994 0.0736
vn -0.0723 -0.5398 -0.8387
vn -0.0134 -0.4681 -0.8836
vn -0.2210 -0.9174 0.3311
vn 0.5912 0.5439 -0.5956
vn -0.9765 -0.1514 0.1537
vn -0.7052 -0.6661 0.2429
vn -0.3374 0.6073 0.7193
vn -0.1359 0.4756 0.8691
vn -0.6056 0.1817 0.7748
vn 0.3345 0.9274 0.1675
vn 0.4461 0.8923 0.0699
vn -0.9755 0.2198 -0.0055
vn -0.0945 -0.9955 0.0115
vn -0.8951 -0.4374 0.0866
vn -0.3620 0.2413 0.9004
vn -0.3556 0.2134 0.9099
vn 0.6694 0.7386 0.0804
vn -0.1277 -0.5356 -0.8348
vn 0.1392 -0.1444 -0.9797
vn -0.2523 -0.9383 -0.2365
vn -0.9917 -0.0000 0.1289
vn 0.9306 0.3337 0.1505
vn -0.5618 0.0916 -0.8222
vn -0.2304 -0.9488 -0.2159
vn 0.2976 0.9456 0.1314
vn 0.7046 0.7046 0.0839
vn -0.6578 0.6833 -0.3167
vn -0.5497 -0.7988 0.2443
vn -0.8897 -0.4253 0.1659
vn 0.6980 0.7112 0.0839
vn 0.0974 -0.5690 -0.8166
vn 0.6325 -0.6494 -0.4221
vn -0.0999 -0.9950 0.0078
vn -0.8951 -0.4372 0.0880
vn 0.8604 0.4741 0.1871
vn -0.5739 -0.1255 -0.8093
vn -0.2564 -0.9363 -0.2398
vn -0.9916 -0.0000 0.1290
vn -0.2258 0.1505 0.9625
vn 0.8875 0.4534 0.0821
vn -0.3081 -0.0124 -0.9513
vn -0.1810 -0.9688 -0.1691
vn -0.9816 0.0436 0.1858
vn 0.8664 0.4717 0.1638
vn -0.5198 -0.1054 -0.8477
vn -0.9900 0.0513 0.1314
vn -0.2412 -0.9386 -0.2468
vn 0.8912 0.4456 0.0843
vn -0.3022 -0.0094 -0.9532
vn -0.7038 0.7037 0.0975
vn -0.1101 -0.6596 -0.7435
vn -0.0515 0.9900 0.1314
vn -0.4869 0.8578 0.1648
vn 0.7043 0.7043 0.0888
vn -0.3057 -0.3093 -0.9005
vn 0.0374 -0.1641 -0.9857
vn -0.7046 -0.1461 -0.6944
vn -0.4620 0.8824 0.0887
vn -0.7102 0.6959 0.1066
vn 0.4087 0.8968 0.1697
vn -0.0000 0.9921 0.1251
vn 0.4457 0.8912 0.0843
vn -0.3076 -0.3113 -0.8992
vn 0.5935 -0.5223 0.6123
vn 0.2740 -0.5143 -0.8126
vn -0.0180 0.9517 0.3064
vn 0.7227 0.6810 0.1176
vn -0.0000 -0.9944 0.1054
vn 0.8722 -0.3371 -0.3544
vn -0.9350 -0.0810 -0.3454
vn -0.0000 0.8065 -0.5913
vn 0.9192 -0.0206 -0.3932
s 1
f 6//1 1//2 7//3
f 1//2 2//4 7//3
f 7//3 2//4 8//5
f 2//4 3//6 8//5
f 8//5 3//6 9//7
f 3//6 4//8 9//7
f 9//7 4//8 10//9
f 4//8 5//10 11//11
f 4//8 11//11 10//9
f 5//10 12//12 11//11
f 6//1 7//3 14//13
f 14//13 7//3 15//14
f 7//3 8//5 15//14
f 15//14 8//5 16//15
f 8//5 9//7 16//15
f 16//15 9//7 17//16
f 9//7 10//9 17//16
f 17//16 10//9 18//17
f 10//9 11//11 18//17
f 18//17 11//11 19//18
f 11//11 12//12 20//19
f 11//11 20//19 19//18
f 12//12 13//20 20//19
f 20//19 13//20 21//21
f 13//20 22//22 21//21
f 26//23 14//13 27//24
f 14//13 15//14 27//24
f 27//24 15//14 28//25
f 15//14 16//15 28//25
f 28//25 16//15 29//26
f 16//15 17//16 29//26
f 29//26 17//16 30//27
f 17//16 18//17 30//27
f 30//27 18//17 31//28
f 18//17 19//18 31//28
f 31//28 19//18 32//29
f 19//18 20//19 32//29
f 32//29 20//19 33//30
f 20//19 21//21 34//31
f 20//19 34//31 33//30
f 21//21 22//22 35//32
f 21//21 35//32 34//31
f 22//22 23//33 35//32
f 35//32 23//33 36//34
f 23//33 24//35 37//36
f 23//33 37//36 36//34
f 24//35 38//37 37//36
f 39//38 25//39 40//40
f 25//39 26//23 40//40
f 40//40 26//23 41//41
f 26//23 27//24 41//41
f 41//41 27//24 42//42
f 27//24 28//25 42//42
f 42//42 28//25 43//43
f 28//25 29//26 43//43
f 43//43 29//26 44//25
f 29//26 30//27 44//25
f 44//25 30//27 45//44
f 30//27 31//28 45//44
f 45//44 31//28 46//45
f 31//28 32//29 46//45
f 46//45 32//29 47//46
f 32//29 33//30 47//46
f 47//46 33//30 48//47
f 33//30 34//31 48//47
f 48//47 34//31 49//48
f 34//31 35//32 49//48
f 49//48 35//32 50//49
f 35//32 36//34 51//50
f 35//32 51//50 50//49
f 36//34 37//36 51//50
f 51//50 37//36 52//51
f 37//36 38//37 53//52
f 37//36 53//52 52//51
f 39//38 40//40 55//53
f 55//53 40//40 56//54
f 40//40 41//41 56//54
f 56//54 41//41 57//55
f 41//41 42//42 57//55
f 57//55 42//42 58//56
f 42//42 43//43 58//56
f 58//56 43//43 59//43
f 43//43 44//25 59//43
f 59//43 44//25 60//43
f 44//25 45//44 60//43
f 60//43 45//44 61//57
f 45//44 46//45 61//57
f 61//57 46//45 62//58
f 46//45 47//46 62//58
f 62//58 47//46 63//59
f 47//46 48//47 63//59
f 63//59 48//47 64//60
f 48//47 49//48 64//60
f 64//60 49//48 65//60
f 49//48 50//49 65//60
f 65//60 50//49 66//61
f 50//49 51//50 66//61
f 66//61 51//50 67//62
f 51//50 52//51 67//62
f 67//62 52//51 68//49
f 52//51 53//52 69//63
f 52//51 69//63 68//49
f 53//52 54//64 69//63
f 69//63 54//64 70//65
f 54//64 71//66 70//65
f 74//67 55//53 75//68
f 55//53 56//54 75//68
f 75//68 56//54 76//69
f 56//54 57//55 76//69
f 76//69 57//55 77//70
f 57//55 58//56 77//70
f 77//70 58//56 78//27
f 58//56 59//43 78//27
f 78//27 59//43 79//42
f 59//43 60//43 79//42
f 79//42 60//43 80//71
f 60//43 61//57 80//71
f 80//71 61//57 81//72
f 61//57 62//58 81//72
f 81//72 62//58 82//73
f 62//58 63//59 82//73
f 82//73 63//59 83//74
f 63//59 64//60 83//74
f 83//74 64//60 84//75
f 64//60 65//60 84//75
f 84//75 65//60 85//76
f 65//60 66//61 85//76
f 85//76 66//61 86//77
f 66//61 67//62 86//77
f 86//77 67//62 87//78
f 67//62 68//49 87//78
f 87//78 68//49 88//79
f 68//49 69//63 88//79
f 88//79 69//63 89//62
f 69//63 70//65 89//62
f 89//62 70//65 90//61
f 70//65 71//66 91//80
f 70//65 91//80 90//61
f 71//66 72//81 91//80
f 91//80 72//81 92//82
f 72//81 73//83 92//82
f 92//82 73//83 93//84
f 73//83 94//85 93//84
f 96//86 74//67 97//87
f 74//67 75//68 97//87
f 97//87 75//68 98//44
f 75//68 76//69 98//44
f 98//44 76//69 99//42
f 76//69 77//70 99//42
f 99//42 77//70 100//25
f 77//70 78//27 100//25
f 100//25 78//27 101//26
f 78//27 79//42 101//26
f 101//26 79//42 102//44
f 79//42 80//71 102//44
f 102//44 80//71 103//46
f 80//71 81//72 103//46
f 103//46 81//72 104//88
f 81//72 82//73 104//88
f 104//88 82//73 105//78
f 82//73 83//74 105//78
f 105//78 83//74 106//89
f 83//74 84//75 106//89
f 106//89 84//75 107//62
f 84//75 85//76 107//62
f 107//62 85//76 108//90
f 85//76 86//77 108//90
f 108//90 86//77 109//77
f 86//77 87//78 109//77
f 109//77 87//78 110//61
f 87//78 88//79 110//61
f 110//61 88//79 111//62
f 88//79 89//62 111//62
f 111//62 89//62 112//91
f 89//62 90//61 112//91
f 112//91 90//61 113//61
f 90//61 91//80 113//61
f 113//61 91//80 114//76
f 91//80 92//82 114//76
f 114//76 92//82 115//76
f 92//82 93//84 115//76
f 115//76 93//84 116//61
f 93//84 94//85 117//92
f 93//84 117//92 116//61
f 94//85 95//93 117//92
f 117//92 95//93 118//94
f 95//93 119//95 118//94
f 96//86 97//87 120//96
f 120//96 97//87 121//97
f 97//87 98//44 121//97
f 121//97 98//44 122//26
f 98//44 99//42 122//26
f 122//26 99//42 123//56
f 99//42 100//25 123//56
f 123//56 100//25 124//43
f 100//25 101//26 124//43
f 124//43 101//26 125//25
f 101//26 102//44 125//25
f 125//25 102//44 126//98
f 102//44 103//46 126//98
f 126//98 103//46 127//46
f 103//46 104//88 127//46
f 127//46 104//88 128//76
f 104//88 105//78 128//76
f 128//76 105//78 129//76
f 105//78 106//89 129//76
f 129//76 106//89 130//77
f 106//89 107//62 130//77
f 130//77 107//62 131//90
f 107//62 108//90 131//90
f 131//90 108//90 132//62
f 108//90 109//77 132//62
f 132//62 109//77 133//61
f 109//77 110//61 133//61
f 133//61 110//61 134//77
f 110//61 111//62 134//77
f 134//77 111//62 135//77
f 111//62 112//91 135//77
f 135//77 112//91 136//61
f 112//91 113//61 136//61
f 136//61 113//61 137//61
f 113//61 114//76 137//61
f 137//61 114//76 138//62
f 114//76 115//76 138//62
f 138//62 115//76 139//91
f 115//76 116//61 139//91
f 139//91 116//61 140//61
f 116//61 117//92 140//61
f 140//61 117//92 141//61
f 117//92 118//94 142//99
f 117//92 142//99 141//61
f 118//94 119//95 142//99
f 142//99 119//95 143//100
f 120//96 121//97 146//101
f 146//101 121//97 147//102
f 121//97 122//26 147//102
f 147//102 122//26 148//70
f 122//26 123//56 148//70
f 148//70 123//56 149//27
f 123//56 124//43 149//27
f 149//27 124//43 150//42
f 124//43 125//25 150//42
f 150//42 125//25 151//103
f 125//25 126//98 151//103
f 151//103 126//98 152//46
f 126//98 127//46 152//46
f 152//46 127//46 153//104
f 127//46 128//76 153//104
f 153//104 128//76 154//76
f 128//76 129//76 154//76
f 154//76 129//76 155//105
f 129//76 130//77 155//105
f 155//105 130//77 156//62
f 130//77 131//90 156//62
f 156//62 131//90 157//62
f 131//90 132//62 157//62
f 157//62 132//62 158//79
f 132//62 133//61 158//79
f 158//79 133//61 159//77
f 133//61 134//77 159//77
f 159//77 134//77 160//77
f 134//77 135//77 160//77
f 160//77 135//77 161//61
f 135//77 136//61 161//61
f 161//61 136//61 162//61
f 136//61 137//61 162//61
f 162//61 137//61 163//77
f 137//61 138//62 163//77
f 163//77 138//62 164//78
f 138//62 139//91 164//78
f 164//78 139//91 165//61
f 139//91 140//61 165//61
f 165//61 140//61 166//61
f 140//61 141//61 166//61
f 166//61 141//61 167//61
f 141//61 142//99 167//61
f 167//61 142//99 168//106
f 142//99 143//100 169//107
f 142//99 169//107 168//106
f 143//100 144//108 169//107
f 169//107 144//108 170//109
f 144//108 145//110 170//109
f 170//109 145//110 171//111
f 145//110 172//112 171//111
f 174//113 146//101 175//114
f 146//101 147//102 175//114
f 175//114 147//102 176//42
f 147//102 148//70 176//42
f 176//42 148//70 177//25
f 148//70 149//27 177//25
f 177//25 149//27 178//26
f 149//27 150//42 178//26
f 178//26 150//42 179//44
f 150//42 151//103 179//44
f 179//44 151//103 180//59
f 151//103 152//46 180//59
f 180//59 152//46 181//59
f 152//46 153//104 181//59
f 181//59 153//104 182//61
f 153//104 154//76 182//61
f 182//61 154//76 183//62
f 154//76 155//105 183//62
f 183//62 155//105 184//75
f 155//105 156//62 184//75
f 184//75 156//62 185//90
f 156//62 157//62 185//90
f 185//90 157//62 186//77
f 157//62 158//79 186//77
f 186//77 158//79 187//91
f 158//79 159//77 187//91
f 187//91 159//77 188//115
f 159//77 160//77 188//115
f 188//115 160//77 189//61
f 160//77 161//61 189//61
f 189//61 161//61 190//61
f 161//61 162//61 190//61
f 190//61 162//61 191//77
f 162//61 163//77 191//77
f 191//77 163//77 192//77
f 163//77 164//78 192//77
f 192//77 164//78 193//61
f 164//78 165//61 193//61
f 193//61 165//61 194//61
f 165//61 166//61 194//61
f 194//61 166//61 195//61
f 166//61 167//61 195//61
f 195//61 167//61 196//91
f 167//61 168//106 196//91
f 196//91 168//106 197//116
f 168//106 169//107 197//116
f 197//116 169//107 198//61
f 169//107 170//109 198//61
f 198//61 170//109 199//61
f 170//109 171//111 199//61
f 199//61 171//111 200//61
f 171//111 172//112 201//117
f 171//111 201//117 200//61
f 172//112 202//118 201//117
f 204//119 173//120 205//121
f 173//120 174//113 205//121
f 205//121 174//113 206//122
f 174//113 175//114 206//122
f 206//122 175//114 207//26
f 175//114 176//42 207//26
f 207//26 176//42 208//123
f 176//42 177//25 208//123
f 208//123 177//25 209//69
f 177//25 178//26 209//69
f 209//69 178//26 210//16
f 178//26 179//44 210//16
f 210//16 179//44 211//124
f 179//44 180//59 211//124
f 211//124 180//59 212//59
f 180//59 181//59 212//59
f 212//59 181//59 213//125
f 181//59 182//61 213//125
f 213//125 182//61 214//126
f 182//61 183//62 214//126
f 214//126 183//62 215//90
f 183//62 184//75 215//90
f 215//90 184//75 216//75
f 184//75 185//90 216//75
f 216//75 185//90 217//62
f 185//90 186//77 217//62
f 217//62 186//77 218//61
f 186//77 187//91 218//61
f 218//61 187//91 219//62
f 187//91 188//115 219//62
f 219//62 188//115 220//91
f 188//115 189//61 220//91
f 220//91 189//61 221//61
f 189//61 190//61 221//61
f 221//61 190//61 222//79
f 190//61 191//77 222//79
f 222//79 191//77 223//62
f 191//77 192//77 223//62
f 223//62 192//77 224//61
f 192//77 193//61 224//61
f 224//61 193//61 225//61
f 193//61 194//61 225//61
f 225//61 194//61 226//61
f 194//61 195//61 226//61
f 226//61 195//61 227//61
f 195//61 196//91 227//61
f 227//61 196//91 228//62
f 196//91 197//116 228//62
f 228//62 197//116 229//91
f 197//116 198//61 229//91
f 229//91 198//61 230//61
f 198//61 199//61 230//61
f 230//61 199//61 231//61
f 199//61 200//61 231//61
f 231//61 200//61 232//61
f 200//61 201//117 232//61
f 232//61 201//117 233//61
f 201//117 202//118 234//127
f 201//117 234//127 233//61
f 202//118 203//110 234//127
f 234//127 203//110 235//111
f 203//110 236//128 235//111
f 204//119 205//121 238//129
f 238//129 205//121 239//130
f 205//121 206//122 239//130
f 239//130 206//122 240//69
f 206//122 207//26 240//69
f 240//69 207//26 241//131
f 207//26 208//123 241//131
f 241//131 208//123 242//132
f 208//123 209//69 242//132
f 242//132 209//69 243//133
f 209//69 210//16 243//133
f 243//133 210//16 244//134
f 210//16 211//124 244//134
f 244//134 211//124 245//135
f 211//124 212//59 245//135
f 245//135 212//59 246//77
f 212//59 213//125 246//77
f 246//77 213//125 247//136
f 213//125 214//126 247//136
f 247//136 214//126 248//137
f 214//126 215//90 248//137
f 248//137 215//90 249//62
f 215//90 216//75 249//62
f 249//62 216//75 250//75
f 216//75 217//62 250//75
f 250//75 217//62 251//79
f 217//62 218//61 251//79
f 251//79 218//61 252//77
f 218//61 219//62 252//77
f 252//77 219//62 253//78
f 219//62 220//91 253//78
f 253//78 220//91 254//61
f 220//91 221//61 254//61
f 254//61 221//61 255//61
f 221//61 222//79 255//61
f 255//61 222//79 256//62
f 222//79 223//62 256//62
f 256//62 223//62 257//79
f 223//62 224//61 257//79
f 257//79 224//61 258//61
f 224//61 225//61 258//61
f 258//61 225//61 259//61
f 225//61 226//61 259//61
f 259//61 226//61 260//61
f 226//61 227//61 260//61
f 260//61 227//61 261//91
f 227//61 228//62 261//91
f 261//91 228//62 262//62
f 228//62 229//91 262//62
f 262//62 229//91 263//61
f 229//91 230//61 263//61
f 263//61 230//61 264//61
f 230//61 231//61 264//61
f 264//61 231//61 265//61
f 231//61 232//61 265//61
f 265//61 232//61 266//61
f 232//61 233//61 266//61
f 266//61 233//61 267//61
f 233//61 234//127 267//61
f 267//61 234//127 268//61
f 234//127 235//111 268//61
f 268//61 235//111 269//61
f 235//111 236//128 270//127
f 235//111 270//127 269//61
f 236//128 237//110 270//127
f 270//127 237//110 271//111
f 237//110 272//138 271//111
f 274//139 238//129 275//140
f 238//129 239//130 275//140
f 275//140 239//130 276//141
f 239//130 240//69 276//141
f 276//141 240//69 277//44
f 240//69 241//131 277//44
f 277//44 241//131 278//131
f 241//131 242//132 278//131
f 278//131 242//132 279//69
f 242//132 243//133 279//69
f 279//69 243//133 280//43
f 243//133 244//134 280//43
f 280//43 244//134 281//142
f 244//134 245//135 281//142
f 281//142 245//135 282//143
f 245//135 246//77 282//143
f 282//143 246//77 283//79
f 246//77 247//136 283//79
f 283//79 247//136 284//144
f 247//136 248//137 285//145
f 247//136 285//145 284//144
f 248//137 249//62 285//145
f 285//145 249//62 286//75
f 249//62 250//75 286//75
f 286//75 250//75 287//62
f 250//75 251//79 287//62
f 287//62 251//79 288//91
f 251//79 252//77 288//91
f 288//91 252//77 289//115
f 252//77 253//78 289//115
f 289//115 253//78 290//61
f 253//78 254//61 290//61
f 290//61 254//61 291//61
f 254//61 255//61 291//61
f 291//61 255//61 292//77
f 255//61 256//62 292//77
f 292//77 256//62 293//77
f 256//62 257//79 293//77
f 293//77 257//79 294//61
f 257//79 258//61 294//61
f 294//61 258//61 295//61
f 258//61 259//61 295//61
f 295//61 259//61 296//61
f 259//61 260//61 296//61
f 296//61 260//61 297//61
f 260//61 261//91 297//61
f 297//61 261//91 298//62
f 261//91 262//62 298//62
f 298//62 262//62 299//91
f 262//62 263//61 299//91
f 299//91 263//61 300//61
f 263//61 264//61 300//61
f 300//61 264//61 301//61
f 264//61 265//61 301//61
f 301//61 265//61 302//61
f 265//61 266//61 302//61
f 302//61 266//61 303//61
f 266//61 267//61 303//61
f 303//61 267//61 304//61
f 267//61 268//61 304//61
f 304//61 268//61 305//61
f 268//61 269//61 305//61
f 305//61 269//61 306//61
f 269//61 270//127 306//61
f 306//61 270//127 307//61
f 270//127 271//111 307//61
f 307//61 271//111 308//61
f 271//111 272//138 309//127
f 271//111 309//127 308//61
f 272//138 273//146 309//127
f 309//127 273//146 310//147
f 273//146 311//148 310//147
f 274//139 275//140 312//149
f 312//149 275//140 313//150
f 275//140 276//141 313//150
f 313//150 276//141 314//103
f 276//141 277//44 314//103
f 314//103 277//44 315//70
f 277//44 278//131 315//70
f 315//70 278//131 316//27
f 278//131 279//69 316//27
f 316//27 279//69 317//42
f 279//69 280//43 317//42
f 317//42 280//43 318//57
f 280//43 281//142 318//57
f 318//57 281//142 319//59
f 281//142 282//143 319//59
f 319//59 282//143 320//47
f 282//143 283//79 320//47
f 320//47 283//79 321//151
f 283//79 284//144 321//151
f 321//151 284//144 322//152
f 284//144 285//145 322//152
f 322//152 285//145 323//75
f 285//145 286//75 323//75
f 323//75 286//75 324//75
f 286//75 287//62 324//75
f 324//75 287//62 325//91
f 287//62 288//91 325//91
f 325//91 288//91 326//76
f 288//91 289//115 326//76
f 326//76 289//115 327//76
f 289//115 290//61 327//76
f 327//76 290//61 328//61
f 290//61 291//61 328//61
f 328//61 291//61 329//77
f 291//61 292//77 329//77
f 329//77 292//77 330//78
f 292//77 293//77 330//78
f 330//78 293//77 331//61
f 293//77 294//61 331//61
f 331//61 294//61 332//61
f 294//61 295//61 332//61
f 332//61 295//61 333//61
f 295//61 296//61 333//61
f 333//61 296//61 334//61
f 296//61 297//61 334//61
f 334//61 297//61 335//77
f 297//61 298//62 335//77
f 335//77 298//62 336//78
f 298//62 299//91 336//78
f 336//78 299//91 337//61
f 299//91 300//61 337//61
f 337//61 300//61 338//61
f 300//61 301//61 338//61
f 338//61 301//61 339//61
f 301//61 302//61 339//61
f 339//61 302//61 340//61
f 302//61 303//61 340//61
f 340//61 303//61 341//61
f 303//61 304//61 341//61
f 341//61 304//61 342//61
f 304//61 305//61 342//61
f 342//61 305//61 343//61
f 305//61 306//61 343//61
f 343//61 306//61 344//61
f 306//61 307//61 344//61
f 344//61 307//61 345//61
f 307//61 308//61 345//61
f 345//61 308//61 346//61
f 308//61 309//127 346//61
f 346//61 309//127 347//61
f 309//127 310//147 347//61
f 347//61 310//147 348//153
f 310//147 311//148 348//153
f 348//153 311//148 349//154
f 312//149 313//150 351//155
f 351//155 313//150 352//156
f 313//150 314//103 352//156
f 352//156 314//103 353//157
f 314//103 315//70 353//157
f 353//157 315//70 354//25
f 315//70 316//27 354//25
f 354//25 316//27 355//26
f 316//27 317//42 355//26
f 355//26 317//42 356//158
f 317//42 318//57 356//158
f 356//158 318//57 357//72
f 318//57 319//59 357//72
f 357//72 319//59 358//159
f 319//59 320//47 358//159
f 358//159 320//47 359//76
f 320//47 321//151 359//76
f 359//76 321//151 360//160
f 321//151 322//152 361//161
f 321//151 361//161 360//160
f 322//152 323//75 361//161
f 361//161 323//75 362//75
f 323//75 324//75 362//75
f 362//75 324//75 363//62
f 324//75 325//91 363//62
f 363//62 325//91 364//61
f 325//91 326//76 364//61
f 364//61 326//76 365//62
f 326//76 327//76 365//62
f 365//62 327//76 366//91
f 327//76 328//61 366//91
f 366//91 328//61 367//91
f 328//61 329//77 367//91
f 367//91 329//77 368//62
f 329//77 330//78 368//62
f 368//62 330//78 369//61
f 330//78 331//61 369//61
f 369//61 331//61 370//61
f 331//61 332//61 370//61
f 370//61 332//61 371//61
f 332//61 333//61 371//61
f 371//61 333//61 372//61
f 333//61 334//61 372//61
f 372//61 334//61 373//77
f 334//61 335//77 373//77
f 373//77 335//77 374//77
f 335//77 336//78 374//77
f 374//77 336//78 375//61
f 336//78 337//61 375//61
f 375//61 337//61 376//61
f 337//61 338//61 376//61
f 376//61 338//61 377//61
f 338//61 339//61 377//61
f 377//61 339//61 378//61
f 339//61 340//61 378//61
f 378//61 340//61 379//61
f 340//61 341//61 379//61
f 379//61 341//61 380//61
f 341//61 342//61 380//61
f 380//61 342//61 381//61
f 342//61 343//61 381//61
f 381//61 343//61 382//61
f 343//61 344//61 382//61
f 382//61 344//61 383//61
f 344//61 345//61 383//61
f 383//61 345//61 384//61
f 345//61 346//61 384//61
f 384//61 346//61 385//61
f 346//61 347//61 385//61
f 385//61 347//61 386//61
f 347//61 348//153 386//61
f 386//61 348//153 387//162
f 348//153 349//154 388//163
f 348//153 388//163 387//162
f 349//154 350//164 388//163
f 388//163 350//164 389//165
f 350//164 390//166 389//165
f 392//167 351//155 393//114
f 351//155 352//156 393//114
f 393//114 352//156 394//44
f 352//156 353//157 394//44
f 394//44 353//157 395//42
f 353//157 354//25 395//42
f 395//42 354//25 396//43
f 354//25 355//26 396//43
f 396//43 355//26 397//44
f 355//26 356//158 397//44
f 397//44 356//158 398//168
f 356//158 357//72 398//168
f 398//168 357//72 399//29
f 357//72 358//159 399//29
f 399//29 358//159 400//61
f 358//159 359//76 400//61
f 400//61 359//76 401//76
f 359//76 360//160 401//76
f 401//76 360//160 402//76
f 360//160 361//161 402//76
f 402//76 361//161 403//62
f 361//161 362//75 403//62
f 403//62 362//75 404//75
f 362//75 363//62 404//75
f 404//75 363//62 405//79
f 363//62 364//61 405//79
f 405//79 364//61 406//77
f 364//61 365//62 406//77
f 406//77 365//62 407//78
f 365//62 366//91 407//78
f 407//78 366//91 408//61
f 366//91 367//91 408//61
f 408//61 367//91 409//62
f 367//91 368//62 409//62
f 409//62 368//62 410//91
f 368//62 369//61 410//91
f 410//91 369//61 411//61
f 369//61 370//61 411//61
f 411//61 370//61 412//61
f 370//61 371//61 412//61
f 412//61 371//61 413//61
f 371//61 372//61 413//61
f 413//61 372//61 414//79
f 372//61 373//77 414//79
f 414//79 373//77 415//62
f 373//77 374//77 415//62
f 415//62 374//77 416//61
f 374//77 375//61 416//61
f 416//61 375//61 417//61
f 375//61 376//61 417//61
f 417//61 376//61 418//61
f 376//61 377//61 418//61
f 418//61 377//61 419//61
f 377//61 378//61 419//61
f 419//61 378//61 420//61
f 378//61 379//61 420//61
f 420//61 379//61 421//61
f 379//61 380//61 421//61
f 421//61 380//61 422//61
f 380//61 381//61 422//61
f 422//61 381//61 423//61
f 381//61 382//61 423//61
f 423//61 382//61 424//61
f 382//61 383//61 424//61
f 424//61 383//61 425//61
f 383//61 384//61 425//61
f 425//61 384//61 426//61
f 384//61 385//61 426//61
f 426//61 385//61 427//61
f 385//61 386//61 427//61
f 427//61 386//61 428//169
f 386//61 387//162 428//169
f 428//169 387//162 429//169
f 387//162 388//163 429//169
f 429//169 388//163 430//61
f 388//163 389//165 431//170
f 388//163 431//170 430//61
f 389//165 390//166 432//171
f 389//165 432//171 431//170
f 390//166 391//83 432//171
f 432//171 391//83 433//84
f 391//83 434//172 433//84
f 435//173 392//167 436//68
f 392//167 393//114 436//68
f 436//68 393//114 437//44
f 393//114 394//44 437//44
f 437//44 394//44 438//16
f 394//44 395//42 438//16
f 438//16 395//42 439//174
f 395//42 396//43 439//174
f 439//174 396//43 440//28
f 396//43 397//44 440//28
f 440//28 397//44 441//133
f 397//44 398//168 441//133
f 441//133 398//168 442//175
f 398//168 399//29 442//175
f 442//175 399//29 443//29
f 399//29 400//61 443//29
f 443//29 400//61 444//61
f 400//61 401//76 444//61
f 444//61 401//76 445//62
f 401//76 402//76 445//62
f 445//62 402//76 446//90
f 402//76 403//62 446//90
f 446//90 403//62 447//90
f 403//62 404//75 447//90
f 447//90 404//75 448//62
f 404//75 405//79 448//62
f 448//62 405//79 449//91
f 405//79 406//77 449//91
f 449//91 406//77 450//115
f 406//77 407//78 450//115
f 450//115 407//78 451//61
f 407//78 408//61 451//61
f 451//61 408//61 452//79
f 408//61 409//62 452//79
f 452//79 409//62 453//62
f 409//62 410//91 453//62
f 453//62 410//91 454//61
f 410//91 411//61 454//61
f 454//61 411//61 455//61
f 411//61 412//61 455//61
f 455//61 412//61 456//61
f 412//61 413//61 456//61
f 456//61 413//61 457//61
f 413//61 414//79 457//61
f 457//61 414//79 458//62
f 414//79 415//62 458//62
f 458//62 415//62 459//79
f 415//62 416//61 459//79
f 459//79 416//61 460//61
f 416//61 417//61 460//61
f 460//61 417//61 461//61
f 417//61 418//61 461//61
f 461//61 418//61 462//61
f 418//61 419//61 462//61
f 462//61 419//61 463//61
f 419//61 420//61 463//61
f 463//61 420//61 464//61
f 420//61 421//61 464//61
f 464//61 421//61 465//61
f 421//61 422//61 465//61
f 465//61 422//61 466//61
f 422//61 423//61 466//61
f 466//61 423//61 467//61
f 423//61 424//61 467//61
f 467//61 424//61 468//61
f 424//61 425//61 468//61
f 468//61 425//61 469//61
f 425//61 426//61 469//61
f 469//61 426//61 470//61
f 426//61 427//61 470//61
f 470//61 427//61 471//176
f 427//61 428//169 471//176
f 471//176 428//169 472//176
f 428//169 429//169 472//176
f 472//176 429//169 473//61
f 429//169 430//61 473//61
f 473//61 430//61 474//61
f 430//61 431//170 474//61
f 474//61 431//170 475//61
f 431//170 432//171 475//61
f 475//61 432//171 476//61
f 432//171 433//84 476//61
f 476//61 433//84 477//144
f 433//84 434//172 478//177
f 433//84 478//177 477//144
f 434//172 479//178 478//177
f 480//179 435//173 481//68
f 435//173 436//68 481//68
f 481//68 436//68 482//157
f 436//68 437//44 482//157
f 482//157 437//44 483//103
f 437//44 438//16 483//103
f 483//103 438//16 484//16
f 438//16 439//174 484//16
f 484//16 439//174 485//180
f 439//174 440//28 485//180
f 485//180 440//28 486//44
f 440//28 441//133 486//44
f 486//44 441//133 487//103
f 441//133 442//175 487//103
f 487//103 442//175 488//46
f 442//175 443//29 488//46
f 488//46 443//29 489//104
f 443//29 444//61 489//104
f 489//104 444//61 490//77
f 444//61 445//62 490//77
f 490//77 445//62 491//90
f 445//62 446//90 491//90
f 491//90 446//90 492//116
f 446//90 447//90 492//116
f 492//116 447//90 493//62
f 447//90 448//62 493//62
f 493//62 448//62 494//91
f 448//62 449//91 494//91
f 494//91 449//91 495//62
f 449//91 450//115 495//62
f 495//62 450//115 496//91
f 450//115 451//61 496//91
f 496//91 451//61 497//61
f 451//61 452//79 497//61
f 497//61 452//79 498//62
f 452//79 453//62 498//62
f 498//62 453//62 499//79
f 453//62 454//61 499//79
f 499//79 454//61 500//61
f 454//61 455//61 500//61
f 500//61 455//61 501//61
f 455//61 456//61 501//61
f 501//61 456//61 502//61
f 456//61 457//61 502//61
f 502//61 457//61 503//77
f 457//61 458//62 503//77
f 503//77 458//62 504//77
f 458//62 459//79 504//77
f 504//77 459//79 505//61
f 459//79 460//61 505//61
f 505//61 460//61 506//61
f 460//61 461//61 506//61
f 506//61 461//61 507//61
f 461//61 462//61 507//61
f 507//61 462//61 508//61
f 462//61 463//61 508//61
f 508//61 463//61 509//61
f 463//61 464//61 509//61
f 509//61 464//61 510//61
f 464//61 465//61 510//61
f 510//61 465//61 511//61
f 465//61 466//61 511//61
f 511//61 466//61 512//61
f 466//61 467//61 512//61
f 512//61 467//61 513//61
f 467//61 468//61 513//61
f 513//61 468//61 514//61
f 468//61 469//61 514//61
f 514//61 469//61 515//61
f 469//61 470//61 515//61
f 515//61 470//61 516//181
f 470//61 471//176 516//181
f 516//181 471//176 517//182
f 471//176 472//176 517//182
f 517//182 472//176 518//61
f 472//176 473//61 518//61
f 518//61 473//61 519//61
f 473//61 474//61 519//61
f 519//61 474//61 520//61
f 474//61 475//61 520//61
f 520//61 475//61 521//61
f 475//61 476//61 521//61
f 521//61 476//61 522//169
f 476//61 477//144 522//169
f 522//169 477//144 523//183
f 477//144 478//177 523//183
f 523//183 478//177 524//184
f 478//177 479//178 525//185
f 478//177 525//185 524//184
f 479//178 526//186 525//185
f 528//187 480//179 529//188
f 480//179 481//68 529//188
f 529//188 481//68 530//189
f 481//68 482//157 530//189
f 530//189 482//157 531//28
f 482//157 483//103 531//28
f 531//28 483//103 532//103
f 483//103 484//16 532//103
f 532//103 484//16 533//25
f 484//16 485//180 533//25
f 533//25 485//180 534//26
f 485//180 486//44 534//26
f 534//26 486//44 535//132
f 486//44 487//103 535//132
f 535//132 487//103 536//59
f 487//103 488//46 536//59
f 536//59 488//46 537//59
f 488//46 489//104 537//59
f 537//59 489//104 538//77
f 489//104 490//77 538//77
f 538//77 490//77 539//77
f 490//77 491//90 539//77
f 539//77 491//90 540//62
f 491//90 492//116 540//62
f 540//62 492//116 541//62
f 492//116 493//62 541//62
f 541//62 493//62 542//62
f 493//62 494//91 542//62
f 542//62 494//91 543//79
f 494//91 495//62 543//79
f 543//79 495//62 544//62
f 495//62 496//91 544//62
f 544//62 496//91 545//61
f 496//91 497//61 545//61
f 545//61 497//61 546//91
f 497//61 498//62 546//91
f 546//91 498//62 547//62
f 498//62 499//79 547//62
f 547//62 499//79 548//61
f 499//79 500//61 548//61
f 548//61 500//61 549//61
f 500//61 501//61 549//61
f 549//61 501//61 550//61
f 501//61 502//61 550//61
f 550//61 502//61 551//79
f 502//61 503//77 551//79
f 551//79 503//77 552//62
f 503//77 504//77 552//62
f 552//62 504//77 553//61
f 504//77 505//61 553//61
f 553//61 505//61 554//61
f 505//61 506//61 554//61
f 554//61 506//61 555//61
f 506//61 507//61 555//61
f 555//61 507//61 556//61
f 507//61 508//61 556//61
f 556//61 508//61 557//61
f 508//61 509//61 557//61
f 557//61 509//61 558//61
f 509//61 510//61 558//61
f 558//61 510//61 559//61
f 510//61 511//61 559//61
f 559//61 511//61 560//61
f 511//61 512//61 560//61
f 560//61 512//61 561//61
f 512//61 513//61 561//61
f 561//61 513//61 562//61
f 513//61 514//61 562//61
f 562//61 514//61 563//61
f 514//61 515//61 563//61
f 563//61 515//61 564//61
f 515//61 516//181 564//61
f 564//61 516//181 565//182
f 516//181 517//182 565//182
f 565//182 517//182 566//181
f 517//182 518//61 566//181
f 566//181 518//61 567//61
f 518//61 519//61 567//61
f 567//61 519//61 568//61
f 519//61 520//61 568//61
f 568//61 520//61 569//61
f 520//61 521//61 569//61
f 569//61 521//61 570//190
f 521//61 522//169 570//190
f 570//190 522//169 571//182
f 522//169 523//183 571//182
f 571//182 523//183 572//61
f 523//183 524//184 572//61
f 572//61 524//184 573//61
f 524//184 525//185 573//61
f 573//61 525//185 574//61
f 525//185 526//186 575//191
f 525//185 575//191 574//61
f 526//186 527//192 576//193
f 526//186 576//193 575//191
f 527//192 577//194 576//193
f 528//187 529//188 578//195
f 529//188 530//189 579//196
f 529//188 579//196 578//195
f 530//189 531//28 579//196
f 579//196 531//28 580//44
f 531//28 532//103 580//44
f 580//44 532//103 581//43
f 532//103 533//25 581//43
f 581//43 533//25 582//43
f 533//25 534//26 582//43
f 582//43 534//26 583//44
f 534//26 535//132 583//44
f 583//44 535//132 584//197
f 535//132 536//59 584//197
f 584//197 536//59 585//46
f 536//59 537//59 585//46
f 585//46 537//59 586//77
f 537//59 538//77 586//77
f 586//77 538//77 587//78
f 538//77 539//77 587//78
f 587//78 539//77 588//77
f 539//77 540//62 588//77
f 588//77 540//62 589//77
f 540//62 541//62 589//77
f 589//77 541//62 590//62
f 541//62 542//62 590//62
f 590//62 542//62 591//79
f 542//62 543//79 591//79
f 591//79 543//79 592//62
f 543//79 544//62 592//62
f 592//62 544//62 593//91
f 544//62 545//61 593//91
f 593//91 545//61 594//61
f 545//61 546//91 594//61
f 594//61 546//91 595//62
f 546//91 547//62 595//62
f 595//62 547//62 596//91
f 547//62 548//61 596//91
f 596//91 548//61 597//61
f 548//61 549//61 597//61
f 597//61 549//61 598//61
f 549//61 550//61 598//61
f 598//61 550//61 599//61
f 550//61 551//79 599//61
f 599//61 551//79 600//62
f 551//79 552//62 600//62
f 600//62 552//62 601//91
f 552//62 553//61 601//91
f 601//91 553//61 602//61
f 553//61 554//61 602//61
f 602//61 554//61 603//61
f 554//61 555//61 603//61
f 603//61 555//61 604//61
f 555//61 556//61 604//61
f 604//61 556//61 605//61
f 556//61 557//61 605//61
f 605//61 557//61 606//61
f 557//61 558//61 606//61
f 606//61 558//61 607//61
f 558//61 559//61 607//61
f 607//61 559//61 608//61
f 559//61 560//61 608//61
f 608//61 560//61 609//61
f 560//61 561//61 609//61
f 609//61 561//61 610//61
f 561//61 562//61 610//61
f 610//61 562//61 611//61
f 562//61 563//61 611//61
f 611//61 563//61 612//61
f 563//61 564//61 612//61
f 612//61 564//61 613//181
f 564//61 565//182 613//181
f 613//181 565//182 614//182
f 565//182 566//181 614//182
f 614//182 566//181 615//61
f 566//181 567//61 615//61
f 615//61 567//61 616//61
f 567//61 568//61 616//61
f 616//61 568//61 617//61
f 568//61 569//61 617//61
f 617//61 569//61 618//61
f 569//61 570//190 618//61
f 618//61 570//190 619//198
f 570//190 571//182 619//198
f 619//198 571//182 620//198
f 571//182 572//61 620//198
f 620//198 572//61 621//61
f 572//61 573//61 621//61
f 621//61 573//61 622//61
f 573//61 574//61 622//61
f 622//61 574//61 623//199
f 574//61 575//191 623//199
f 623//199 575//191 624//169
f 575//191 576//193 624//169
f 624//169 576//193 625//200
f 576//193 577//194 626//201
f 576//193 626//201 625//200
f 577//194 627//202 626//201
f 629//203 578//195 630//68
f 578//195 579//196 630//68
f 630//68 579//196 631//26
f 579//196 580//44 631//26
f 631//26 580//44 632//27
f 580//44 581//43 632//27
f 632//27 581//43 633//44
f 581//43 582//43 633//44
f 633//44 582//43 634//69
f 582//43 583//44 634//69
f 634//69 583//44 635//103
f 583//44 584//197 635//103
f 635//103 584//197 636//135
f 584//197 585//46 636//135
f 636//135 585//46 637//88
f 585//46 586//77 637//88
f 637//88 586//77 638//62
f 586//77 587//78 638//62
f 638//62 587//78 639//91
f 587//78 588//77 639//91
f 639//91 588//77 640//116
f 588//77 589//77 640//116
f 640//116 589//77 641//77
f 589//77 590//62 641//77
f 641//77 590//62 642//77
f 590//62 591//79 642//77
f 642//77 591//79 643//77
f 591//79 592//62 643//77
f 643//77 592//62 644//77
f 592//62 593//91 644//77
f 644//77 593//91 645//61
f 593//91 594//61 645//61
f 645//61 594//61 646//79
f 594//61 595//62 646//79
f 646//79 595//62 647//62
f 595//62 596//91 647//62
f 647//62 596//91 648//61
f 596//91 597//61 648//61
f 648//61 597//61 649//61
f 597//61 598//61 649//61
f 649//61 598//61 650//61
f 598//61 599//61 650//61
f 650//61 599//61 651//77
f 599//61 600//62 651//77
f 651//77 600//62 652//77
f 600//62 601//91 652//77
f 652//77 601//91 653//61
f 601//91 602//61 653//61
f 653//61 602//61 654//61
f 602//61 603//61 654//61
f 654//61 603//61 655//61
f 603//61 604//61 655//61
f 655//61 604//61 656//61
f 604//61 605//61 656//61
f 656//61 605//61 657//61
f 605//61 606//61 657//61
f 657//61 606//61 658//61
f 606//61 607//61 658//61
f 658//61 607//61 659//61
f 607//61 608//61 659//61
f 659//61 608//61 660//61
f 608//61 609//61 660//61
f 660//61 609//61 661//61
f 609//61 610//61 661//61
f 661//61 610//61 662//61
f 610//61 611//61 662//61
f 662//61 611//61 663//61
f 611//61 612//61 663//61
f 663//61 612//61 664//61
f 612//61 613//181 664//61
f 664//61 613//181 665//198
f 613//181 614//182 665//198
f 665//198 614//182 666//198
f 614//182 615//61 666//198
f 666//198 615//61 667//61
f 615//61 616//61 667//61
f 667//61 616//61 668//61
f 616//61 617//61 668//61
f 668//61 617//61 669//61
f 617//61 618//61 669//61
f 669//61 618//61 670//61
f 618//61 619//198 670//61
f 670//61 619//198 671//198
f 619//198 620//198 671//198
f 671//198 620//198 672//198
f 620//198 621//61 672//198
f 672//198 621//61 673//61
f 621//61 622//61 673//61
f 673//61 622//61 674//169
f 622//61 623//199 674//169
f 674//169 623//199 675//169
f 623//199 624//169 675//169
f 675//169 624//169 676//61
f 624//169 625//200 676//61
f 676//61 625//200 677//204
f 625//200 626//201 677//204
f 677//204 626//201 678//205
f 626//201 627//202 679//206
f 626//201 679//206 678//205
f 627//202 628//207 680//208
f 627//202 680//208 679//206
f 628//207 681//209 680//208
f 682//210 629//203 683//211
f 629//203 630//68 683//211
f 683//211 630//68 684//42
f 630//68 631//26 684//42
f 684//42 631//26 685//25
f 631//26 632//27 685//25
f 685//25 632//27 686//212
f 632//27 633//44 686//212
f 686//212 633//44 687//174
f 633//44 634//69 687//174
f 687//174 634//69 688//69
f 634//69 635//103 688//69
f 688//69 635//103 689//213
f 635//103 636//135 689//213
f 689//213 636//135 690//59
f 636//135 637//88 690//59
f 690//59 637//88 691//76
f 637//88 638//62 691//76
f 691//76 638//62 692//76
f 638//62 639//91 692//76
f 692//76 639//91 693//62
f 639//91 640//116 693//62
f 693//62 640//116 694//90
f 640//116 641//77 694//90
f 694//90 641//77 695//78
f 641//77 642//77 695//78
f 695//78 642//77 696//79
f 642//77 643//77 696//79
f 696//79 643//77 697//62
f 643//77 644//77 697//62
f 697//62 644//77 698//61
f 644//77 645//61 698//61
f 698//61 645//61 699//61
f 645//61 646//79 699//61
f 699//61 646//79 700//62
f 646//79 647//62 700//62
f 700//62 647//62 701//79
f 647//62 648//61 701//79
f 701//79 648//61 702//61
f 648//61 649//61 702//61
f 702//61 649//61 703//61
f 649//61 650//61 703//61
f 703//61 650//61 704//79
f 650//61 651//77 704//79
f 704//79 651//77 705//62
f 651//77 652//77 705//62
f 705//62 652//77 706//61
f 652//77 653//61 706//61
f 706//61 653//61 707//61
f 653//61 654//61 707//61
f 707//61 654//61 708//61
f 654//61 655//61 708//61
f 708//61 655//61 709//61
f 655//61 656//61 709//61
f 709//61 656//61 710//61
f 656//61 657//61 710//61
f 710//61 657//61 711//61
f 657//61 658//61 711//61
f 711//61 658//61 712//61
f 658//61 659//61 712//61
f 712//61 659//61 713//61
f 659//61 660//61 713//61
f 713//61 660//61 714//61
f 660//61 661//61 714//61
f 714//61 661//61 715//61
f 661//61 662//61 715//61
f 715//61 662//61 716//61
f 662//61 663//61 716//61
f 716//61 663//61 717//61
f 663//61 664//61 717//61
f 717//61 664//61 718//61
f 664//61 665//198 718//61
f 718//61 665//198 719//198
f 665//198 666//198 719//198
f 719//198 666//198 720//198
f 666//198 667//61 720//198
f 720//198 667//61 721//61
f 667//61 668//61 721//61
f 721//61 668//61 722//61
f 668//61 669//61 722//61
f 722//61 669//61 723//61
f 669//61 670//61 723//61
f 723//61 670//61 724//61
f 670//61 671//198 724//61
f 724//61 671//198 725//204
f 671//198 672//198 725//204
f 725//204 672//198 726//190
f 672//198 673//61 726//190
f 726//190 673//61 727//190
f 673//61 674//169 727//190
f 727//190 674//169 728//182
f 674//169 675//169 728//182
f 728//182 675//169 729//61
f 675//169 676//61 729//61
f 729//61 676//61 730//169
f 676//61 677//204 730//169
f 730//169 677//204 731//169
f 677//204 678//205 731//169
f 731//169 678//205 732//61
f 678//205 679//206 732//61
f 732//61 679//206 733//204
f 679//206 680//208 733//204
f 733//204 680//208 734//214
f 680//208 681//209 735//215
f 680//208 735//215 734//214
f 681//209 736//216 735//215
f 738//217 682//210 739//218
f 682//210 683//211 739//218
f 739//218 683//211 740//174
f 683//211 684//42 740//174
f 740//174 684//42 741//70
f 684//42 685//25 741//70
f 741//70 685//25 742//17
f 685//25 686//212 742//17
f 742//17 686//212 743//69
f 686//212 687//174 743//69
f 743//69 687//174 744//15
f 687//174 688//69 744//15
f 744//15 688//69 745//197
f 688//69 689//213 745//197
f 745//197 689//213 746//46
f 689//213 690//59 746//46
f 746//46 690//59 747//61
f 690//59 691//76 747//61
f 747//61 691//76 748//76
f 691//76 692//76 748//76
f 748//76 692//76 749//105
f 692//76 693//62 749//105
f 749//105 693//62 750//75
f 693//62 694//90 750//75
f 750//75 694//90 751//62
f 694//90 695//78 751//62
f 751//62 695//78 752//61
f 695//78 696//79 752//61
f 752//61 696//79 753//62
f 696//79 697//62 753//62
f 753//62 697//62 754//91
f 697//62 698//61 754//91
f 754//91 698//61 755//61
f 698//61 699//61 755//61
f 755//61 699//61 756//77
f 699//61 700//62 756//77
f 756//77 700//62 757//77
f 700//62 701//79 757//77
f 757//77 701//79 758//61
f 701//79 702//61 758//61
f 758//61 702//61 759//61
f 702//61 703//61 759//61
f 759//61 703//61 760//61
f 703//61 704//79 760//61
f 760//61 704//79 761//62
f 704//79 705//62 761//62
f 761//62 705//62 762//91
f 705//62 706//61 762//91
f 762//91 706//61 763//61
f 706//61 707//61 763//61
f 763//61 707//61 764//61
f 707//61 708//61 764//61
f 764//61 708//61 765//61
f 708//61 709//61 765//61
f 765//61 709//61 766//61
f 709//61 710//61 766//61
f 766//61 710//61 767//61
f 710//61 711//61 767//61
f 767//61 711//61 768//61
f 711//61 712//61 768//61
f 768//61 712//61 769//61
f 712//61 713//61 769//61
f 769//61 713//61 770//61
f 713//61 714//61 770//61
f 770//61 714//61 771//61
f 714//61 715//61 771//61
f 771//61 715//61 772//61
f 715//61 716//61 772//61
f 772//61 716//61 773//61
f 716//61 717//61 773//61
f 773//61 717//61 774//61
f 717//61 718//61 774//61
f 774//61 718//61 775//61
f 718//61 719//198 775//61
f 775//61 719//198 776//204
f 719//198 720//198 776//204
f 776//204 720//198 777//190
f 720//198 721//61 777//190
f 777//190 721//61 778//61
f 721//61 722//61 778//61
f 778//61 722//61 779//61
f 722//61 723//61 779//61
f 779//61 723//61 780//61
f 723//61 724//61 780//61
f 780//61 724//61 781//169
f 724//61 725//204 781//169
f 781//169 725//204 782//169
f 725//204 726//190 782//169
f 782//169 726//190 783//61
f 726//190 727//190 783//61
f 783//61 727//190 784//198
f 727//190 728//182 784//198
f 784//198 728//182 785//198
f 728//182 729//61 785//198
f 785//198 729//61 786//190
f 729//61 730//169 786//190
f 786//190 730//169 787//182
f 730//169 731//169 787//182
f 787//182 731//169 788//61
f 731//169 732//61 788//61
f 788//61 732//61 789//169
f 732//61 733//204 789//169
f 789//169 733//204 790//219
f 733//204 734//214 790//219
f 790//219 734//214 791//169
f 734//214 735//215 791//169
f 791//169 735//215 792//220
f 735//215 736//216 793//221
f 735//215 793//221 792//220
f 736//216 737//222 794//223
f 736//216 794//223 793//221
f 737//222 795//224 794//223
f 738//217 739//218 796//225
f 796//225 739//218 797//226
f 739//218 740//174 797//226
f 797//226 740//174 798//227
f 740//174 741//70 798//227
f 798//227 741//70 799//131
f 741//70 742//17 799//131
f 799//131 742//17 800//228
f 742//17 743//69 800//228
f 800//228 743//69 801//17
f 743//69 744//15 801//17
f 801//17 744//15 802//212
f 744//15 745//197 802//212
f 802//212 745//197 803//229
f 745//197 746//46 803//229
f 803//229 746//46 804//104
f 746//46 747//61 804//104
f 804//104 747//61 805//61
f 747//61 748//76 805//61
f 805//61 748//76 806//62
f 748//76 749//105 806//62
f 806//62 749//105 807//75
f 749//105 750//75 807//75
f 807//75 750//75 808//75
f 750//75 751//62 808//75
f 808//75 751//62 809//91
f 751//62 752//61 809//91
f 809//91 752//61 810//77
f 752//61 753//62 810//77
f 810//77 753//62 811//77
f 753//62 754//91 811//77
f 811//77 754//91 812//61
f 754//91 755//61 812//61
f 812//61 755//61 813//79
f 755//61 756//77 813//79
f 813//79 756//77 814//62
f 756//77 757//77 814//62
f 814//62 757//77 815//61
f 757//77 758//61 815//61
f 815//61 758//61 816//61
f 758//61 759//61 816//61
f 816//61 759//61 817//61
f 759//61 760//61 817//61
f 817//61 760//61 818//77
f 760//61 761//62 818//77
f 818//77 761//62 819//77
f 761//62 762//91 819//77
f 819//77 762//91 820//61
f 762//91 763//61 820//61
f 820//61 763//61 821//61
f 763//61 764//61 821//61
f 821//61 764//61 822//61
f 764//61 765//61 822//61
f 822//61 765//61 823//61
f 765//61 766//61 823//61
f 823//61 766//61 824//61
f 766//61 767//61 824//61
f 824//61 767//61 825//61
f 767//61 768//61 825//61
f 825//61 768//61 826//61
f 768//61 769//61 826//61
f 826//61 769//61 827//61
f 769//61 770//61 827//61
f 827//61 770//61 828//61
f 770//61 771//61 828//61
f 828//61 771//61 829//61
f 771//61 772//61 829//61
f 829//61 772//61 830//61
f 772//61 773//61 830//61
f 830//61 773//61 831//61
f 773//61 774//61 831//61
f 831//61 774//61 832//61
f 774//61 775//61 832//61
f 832//61 775//61 833//181
f 775//61 776//204 833//181
f 833//181 776//204 834//182
f 776//204 777//190 834//182
f 834//182 777//190 835//61
f 777//190 778//61 835//61
f 835//61 778//61 836//61
f 778//61 779//61 836//61
f 836//61 779//61 837//61
f 779//61 780//61 837//61
f 837//61 780//61 838//190
f 780//61 781//169 838//190
f 838//190 781//169 839//182
f 781//169 782//169 839//182
f 839//182 782//169 840//61
f 782//169 783//61 840//61
f 840//61 783//61 841//61
f 783//61 784//198 841//61
f 841//61 784//198 842//204
f 784//198 785//198 842//204
f 842//204 785//198 843//190
f 785//198 786//190 843//190
f 843//190 786//190 844//198
f 786//190 787//182 844//198
f 844//198 787//182 845//198
f 787//182 788//61 845//198
f 845//198 788//61 846//181
f 788//61 789//169 846//181
f 846//181 789//169 847//182
f 789//169 790//219 847//182
f 847//182 790//219 848//198
f 790//219 791//169 848//198
f 848//198 791//169 849//230
f 791//169 792//220 849//230
f 849//230 792//220 850//231
f 792//220 793//221 850//231
f 850//231 793//221 851//232
f 793//221 794//223 851//232
f 851//232 794//223 852//233
f 794//223 795//224 853//234
f 794//223 853//234 852//233
f 854//235 796//225 855//236
f 796//225 797//226 855//236
f 855//236 797//226 856//25
f 797//226 798//227 856//25
f 856//25 798//227 857//227
f 798//227 799//131 857//227
f 857//227 799//131 858//227
f 799//131 800//228 858//227
f 858//227 800//228 859//103
f 800//228 801//17 859//103
f 859//103 801//17 860//237
f 801//17 802//212 860//237
f 860//237 802//212 861//71
f 802//212 803//229 861//71
f 861//71 803//229 862//135
f 803//229 804//104 862//135
f 862//135 804//104 863//61
f 804//104 805//61 863//61
f 863//61 805//61 864//79
f 805//61 806//62 864//79
f 864//79 806//62 865//75
f 806//62 807//75 865//75
f 865//75 807//75 866//238
f 807//75 808//75 866//238
f 866//238 808//75 867//78
f 808//75 809//91 867//78
f 867//78 809//91 868//79
f 809//91 810//77 868//79
f 868//79 810//77 869//62
f 810//77 811//77 869//62
f 869//62 811//77 870//61
f 811//77 812//61 870//61
f 870//61 812//61 871//61
f 812//61 813//79 871//61
f 871//61 813//79 872//62
f 813//79 814//62 872//62
f 872//62 814//62 873//79
f 814//62 815//61 873//79
f 873//79 815//61 874//61
f 815//61 816//61 874//61
f 874//61 816//61 875//61
f 816//61 817//61 875//61
f 875//61 817//61 876//79
f 817//61 818//77 876//79
f 876//79 818//77 877//62
f 818//77 819//77 877//62
f 877//62 819//77 878//61
f 819//77 820//61 878//61
f 878//61 820//61 879//61
f 820//61 821//61 879//61
f 879//61 821//61 880//61
f 821//61 822//61 880//61
f 880//61 822//61 881//61
f 822//61 823//61 881//61
f 881//61 823//61 882//61
f 823//61 824//61 882//61
f 882//61 824//61 883//61
f 824//61 825//61 883//61
f 883//61 825//61 884//61
f 825//61 826//61 884//61
f 884//61 826//61 885//61
f 826//61 827//61 885//61
f 885//61 827//61 886//61
f 827//61 828//61 886//61
f 886//61 828//61 887//61
f 828//61 829//61 887//61
f 887//61 829//61 888//61
f 829//61 830//61 888//61
f 888//61 830//61 889//61
f 830//61 831//61 889//61
f 889//61 831//61 890//61
f 831//61 832//61 890//61
f 890//61 832//61 891//61
f 832//61 833//181 891//61
f 891//61 833//181 892//182
f 833//181 834//182 892//182
f 892//182 834//182 893//181
f 834//182 835//61 893//181
f 893//181 835//61 894//61
f 835//61 836//61 894//61
f 894//61 836//61 895//61
f 836//61 837//61 895//61
f 895//61 837//61 896//61
f 837//61 838//190 896//61
f 896//61 838//190 897//198
f 838//190 839//182 897//198
f 897//198 839//182 898//198
f 839//182 840//61 898//198
f 898//198 840//61 899//61
f 840//61 841//61 899//61
f 899//61 841//61 900//169
f 841//61 842//204 900//169
f 900//169 842//204 901//169
f 842//204 843//190 901//169
f 901//169 843//190 902//61
f 843//190 844//198 902//61
f 902//61 844//198 903//204
f 844//198 845//198 903//204
f 903//204 845//198 904//190
f 845//198 846//181 904//190
f 904//190 846//181 905//198
f 846//181 847//182 905//198
f 905//198 847//182 906//198
f 847//182 848//198 906//198
f 906//198 848//198 907//239
f 848//198 849//230 907//239
f 907//239 849//230 908//240
f 849//230 850//231 908//240
f 908//240 850//231 909//241
f 850//231 851//232 909//241
f 909//241 851//232 910//242
f 851//232 852//233 910//242
f 910//242 852//233 911//243
f 852//233 853//234 912//244
f 852//233 912//244 911//243
f 853//234 913//245 912//244
f 914//217 854//235 915//246
f 854//235 855//236 915//246
f 915//246 855//236 916//42
f 855//236 856//25 916//42
f 916//42 856//25 917//247
f 856//25 857//227 917//247
f 917//247 857//227 918//123
f 857//227 858//227 918//123
f 918//123 858//227 919//248
f 858//227 859//103 919//248
f 919//248 859//103 920//44
f 859//103 860//237 920//44
f 920//44 860//237 921//249
f 860//237 861//71 921//249
f 921//249 861//71 922//213
f 861//71 862//135 922//213
f 922//213 862//135 923//104
f 862//135 863//61 923//104
f 923//104 863//61 924//61
f 863//61 864//79 924//61
f 924//61 864//79 925//62
f 864//79 865//75 925//62
f 925//62 865//75 926//250
f 865//75 866//238 926//250
f 926//250 866//238 927//60
f 866//238 867//78 927//60
f 927//60 867//78 928//61
f 867//78 868//79 928//61
f 928//61 868//79 929//62
f 868//79 869//62 929//62
f 929//62 869//62 930//91
f 869//62 870//61 930//91
f 930//91 870//61 931//61
f 870//61 871//61 931//61
f 931//61 871//61 932//79
f 871//61 872//62 932//79
f 932//79 872//62 933//62
f 872//62 873//79 933//62
f 933//62 873//79 934//61
f 873//79 874//61 934//61
f 934//61 874//61 935//61
f 874//61 875//61 935//61
f 935//61 875//61 936//61
f 875//61 876//79 936//61
f 936//61 876//79 937//62
f 876//79 877//62 937//62
f 937//62 877//62 938//79
f 877//62 878//61 938//79
f 938//79 878//61 939//61
f 878//61 879//61 939//61
f 939//61 879//61 940//61
f 879//61 880//61 940//61
f 940//61 880//61 941//61
f 880//61 881//61 941//61
f 941//61 881//61 942//61
f 881//61 882//61 942//61
f 942//61 882//61 943//61
f 882//61 883//61 943//61
f 943//61 883//61 944//61
f 883//61 884//61 944//61
f 944//61 884//61 945//61
f 884//61 885//61 945//61
f 945//61 885//61 946//61
f 885//61 886//61 946//61
f 946//61 886//61 947//61
f 886//61 887//61 947//61
f 947//61 887//61 948//61
f 887//61 888//61 948//61
f 948//61 888//61 949//61
f 888//61 889//61 949//61
f 949//61 889//61 950//61
f 889//61 890//61 950//61
f 950//61 890//61 951//61
f 890//61 891//61 951//61
f 951//61 891//61 952//176
f 891//61 892//182 952//176
f 952//176 892//182 953//176
f 892//182 893//181 953//176
f 953//176 893//181 954//61
f 893//181 894//61 954//61
f 954//61 894//61 955//61
f 894//61 895//61 955//61
f 955//61 895//61 956//61
f 895//61 896//61 956//61
f 956//61 896//61 957//251
f 896//61 897//198 957//251
f 957//251 897//198 958//176
f 897//198 898//198 958//176
f 958//176 898//198 959//190
f 898//198 899//61 959//190
f 959//190 899//61 960//190
f 899//61 900//169 960//190
f 960//190 900//169 961//182
f 900//169 901//169 961//182
f 961//182 901//169 962//61
f 901//169 902//61 962//61
f 962//61 902//61 963//169
f 902//61 903//204 963//169
f 963//169 903//204 964//169
f 903//204 904//190 964//169
f 964//169 904//190 965//61
f 904//190 905//198 965//61
f 965//61 905//198 966//198
f 905//198 906//198 966//198
f 966//198 906//198 967//198
f 906//198 907//239 967//198
f 967//198 907//239 968//252
f 907//239 908//240 968//252
f 968//252 908//240 969//253
f 908//240 909//241 969//253
f 969//253 909//241 970//254
f 909//241 910//242 970//254
f 970//254 910//242 971//255
f 910//242 911//243 971//255
f 971//255 911//243 972//256
f 911//243 912//244 972//256
f 972//256 912//244 973//257
f 912//244 913//245 974//258
f 912//244 974//258 973//257
f 913//245 975//259 974//258
f 914//217 915//246 976//260
f 976//260 915//246 977//226
f 915//246 916//42 977//226
f 977//226 916//42 978//131
f 916//42 917//247 978//131
f 978//131 917//247 979//42
f 917//247 918//123 979//42
f 979//42 918//123 980//69
f 918//123 919//248 980//69
f 980//69 919//248 981//16
f 919//248 920//44 981//16
f 981//16 920//44 982//261
f 920//44 921//249 982//261
f 982//261 921//249 983//72
f 921//249 922//213 983//72
f 983//72 922//213 984//159
f 922//213 923//104 984//159
f 984//159 923//104 985//61
f 923//104 924//61 985//61
f 985//61 924//61 986//77
f 924//61 925//62 986//77
f 986//77 925//62 987//90
f 925//62 926//250 987//90
f 987//90 926//250 988//262
f 926//250 927//60 988//262
f 988//262 927//60 989//76
f 927//60 928//61 989//76
f 989//76 928//61 990//91
f 928//61 929//62 990//91
f 990//91 929//62 991//115
f 929//62 930//91 991//115
f 991//115 930//91 992//61
f 930//91 931//61 992//61
f 992//61 931//61 993//61
f 931//61 932//79 993//61
f 993//61 932//79 994//62
f 932//79 933//62 994//62
f 994//62 933//62 995//91
f 933//62 934//61 995//91
f 995//91 934//61 996//61
f 934//61 935//61 996//61
f 996//61 935//61 997//61
f 935//61 936//61 997//61
f 997//61 936//61 998//77
f 936//61 937//62 998//77
f 998//77 937//62 999//77
f 937//62 938//79 999//77
f 999//77 938//79 1000//61
f 938//79 939//61 1000//61
f 1000//61 939//61 1001//61
f 939//61 940//61 1001//61
f 1001//61 940//61 1002//61
f 940//61 941//61 1002//61
f 1002//61 941//61 1003//61
f 941//61 942//61 1003//61
f 1003//61 942//61 1004//61
f 942//61 943//61 1004//61
f 1004//61 943//61 1005//61
f 943//61 944//61 1005//61
f 1005//61 944//61 1006//61
f 944//61 945//61 1006//61
f 1006//61 945//61 1007//61
f 945//61 946//61 1007//61
f 1007//61 946//61 1008//61
f 946//61 947//61 1008//61
f 1008//61 947//61 1009//61
f 947//61 948//61 1009//61
f 1009//61 948//61 1010//61
f 948//61 949//61 1010//61
f 1010//61 949//61 1011//61
f 949//61 950//61 1011//61
f 1011//61 950//61 1012//61
f 950//61 951//61 1012//61
f 1012//61 951//61 1013//181
f 951//61 952//176 1013//181
f 1013//181 952//176 1014//182
f 952//176 953//176 1014//182
f 1014//182 953//176 1015//61
f 953//176 954//61 1015//61
f 1015//61 954//61 1016//61
f 954//61 955//61 1016//61
f 1016//61 955//61 1017//61
f 955//61 956//61 1017//61
f 1017//61 956//61 1018//176
f 956//61 957//251 1018//176
f 1018//176 957//251 1019//263
f 957//251 958//176 1019//263
f 1019//263 958//176 1020//264
f 958//176 959//190 1020//264
f 1020//264 959//190 1021//61
f 959//190 960//190 1021//61
f 1021//61 960//190 1022//204
f 960//190 961//182 1022//204
f 1022//204 961//182 1023//190
f 961//182 962//61 1023//190
f 1023//190 962//61 1024//190
f 962//61 963//169 1024//190
f 1024//190 963//169 1025//182
f 963//169 964//169 1025//182
f 1025//182 964//169 1026//61
f 964//169 965//61 1026//61
f 1026//61 965//61 1027//251
f 965//61 966//198 1027//251
f 1027//251 966//198 1028//176
f 966//198 967//198 1028//176
f 1028//176 967//198 1029//219
f 967//198 968//252 1029//219
f 1029//219 968//252 1030//265
f 968//252 969//253 1030//265
f 1030//265 969//253 1031//266
f 969//253 970//254 1031//266
f 1031//266 970//254 1032//256
f 970//254 971//255 1032//256
f 1032//256 971//255 1033//267
f 971//255 972//256 1033//267
f 1033//267 972//256 1034//256
f 972//256 973//257 1034//256
f 1034//256 973//257 1035//268
f 973//257 974//258 1035//268
f 1035//268 974//258 1036//269
f 974//258 975//259 1037//270
f 974//258 1037//270 1036//269
f 975//259 1038//271 1037//270
f 1039//272 976//260 1040//273
f 976//260 977//226 1040//273
f 1040//273 977//226 1041//44
f 977//226 978//131 1041//44
f 1041//44 978//131 1042//274
f 978//131 979//42 1042//274
f 1042//274 979//42 1043//27
f 979//42 980//69 1043//27
f 1043//27 980//69 1044//17
f 980//69 981//16 1044//17
f 1044//17 981//16 1045//132
f 981//16 982//261 1045//132
f 1045//132 982//261 1046//275
f 982//261 983//72 1046//275
f 1046//275 983//72 1047//29
f 983//72 984//159 1047//29
f 1047//29 984//159 1048//61
f 984//159 985//61 1048//61
f 1048//61 985//61 1049//79
f 985//61 986//77 1049//79
f 1049//79 986//77 1050//62
f 986//77 987//90 1050//62
f 1050//62 987//90 1051//62
f 987//90 988//262 1051//62
f 1051//62 988//262 1052//105
f 988//262 989//76 1052//105
f 1052//105 989//76 1053//76
f 989//76 990//91 1053//76
f 1053//76 990//91 1054//62
f 990//91 991//115 1054//62
f 1054//62 991//115 1055//91
f 991//115 992//61 1055//91
f 1055//91 992//61 1056//61
f 992//61 993//61 1056//61
f 1056//61 993//61 1057//77
f 993//61 994//62 1057//77
f 1057//77 994//62 1058//78
f 994//62 995//91 1058//78
f 1058//78 995//91 1059//61
f 995//91 996//61 1059//61
f 1059//61 996//61 1060//61
f 996//61 997//61 1060//61
f 1060//61 997//61 1061//79
f 997//61 998//77 1061//79
f 1061//79 998//77 1062//62
f 998//77 999//77 1062//62
f 1062//62 999//77 1063//61
f 999//77 1000//61 1063//61
f 1063//61 1000//61 1064//61
f 1000//61 1001//61 1064//61
f 1064//61 1001//61 1065//61
f 1001//61 1002//61 1065//61
f 1065//61 1002//61 1066//61
f 1002//61 1003//61 1066//61
f 1066//61 1003//61 1067//61
f 1003//61 1004//61 1067//61
f 1067//61 1004//61 1068//61
f 1004//61 1005//61 1068//61
f 1068//61 1005//61 1069//61
f 1005//61 1006//61 1069//61
f 1069//61 1006//61 1070//61
f 1006//61 1007//61 1070//61
f 1070//61 1007//61 1071//61
f 1007//61 1008//61 1071//61
f 1071//61 1008//61 1072//61
f 1008//61 1009//61 1072//61
f 1072//61 1009//61 1073//61
f 1009//61 1010//61 1073//61
f 1073//61 1010//61 1074//61
f 1010//61 1011//61 1074//61
f 1074//61 1011//61 1075//61
f 1011//61 1012//61 1075//61
f 1075//61 1012//61 1076//61
f 1012//61 1013//181 1076//61
f 1076//61 1013//181 1077//198
f 1013//181 1014//182 1077//198
f 1077//198 1014//182 1078//198
f 1014//182 1015//61 1078//198
f 1078//198 1015//61 1079//61
f 1015//61 1016//61 1079//61
f 1079//61 1016//61 1080//61
f 1016//61 1017//61 1080//61
f 1080//61 1017//61 1081//181
f 1017//61 1018//176 1081//181
f 1081//181 1018//176 1082//182
f 1018//176 1019//263 1082//182
f 1082//182 1019//263 1083//61
f 1019//263 1020//264 1083//61
f 1083//61 1020//264 1084//61
f 1020//264 1021//61 1084//61
f 1084//61 1021//61 1085//169
f 1021//61 1022//204 1085//169
f 1085//169 1022//204 1086//169
f 1022//204 1023//190 1086//169
f 1086//169 1023//190 1087//61
f 1023//190 1024//190 1087//61
f 1087//61 1024//190 1088//204
f 1024//190 1025//182 1088//204
f 1088//204 1025//182 1089//190
f 1025//182 1026//61 1089//190
f 1089//190 1026//61 1090//181
f 1026//61 1027//251 1090//181
f 1090//181 1027//251 1091//176
f 1027//251 1028//176 1091//176
f 1091//176 1028//176 1092//276
f 1028//176 1029//219 1092//276
f 1092//276 1029//219 1093//277
f 1029//219 1030//265 1093//277
f 1093//277 1030//265 1094//278
f 1030//265 1031//266 1094//278
f 1094//278 1031//266 1095//279
f 1031//266 1032//256 1095//279
f 1095//279 1032//256 1096//267
f 1032//256 1033//267 1096//267
f 1096//267 1033//267 1097//256
f 1033//267 1034//256 1097//256
f 1097//256 1034//256 1098//280
f 1034//256 1035//268 1098//280
f 1098//280 1035//268 1099//281
f 1035//268 1036//269 1099//281
f 1099//281 1036//269 1100//282
f 1036//269 1037//270 1100//282
f 1100//282 1037//270 1101//283
f 1037//270 1038//271 1101//283
f 1101//283 1038//271 1102//284
f 1103//119 1039//272 1104//285
f 1039//272 1040//273 1104//285
f 1104//285 1040//273 1105//16
f 1040//273 1041//44 1105//16
f 1105//16 1041//44 1106//132
f 1041//44 1042//274 1106//132
f 1106//132 1042//274 1107//227
f 1042//274 1043//27 1107//227
f 1107//227 1043//27 1108//174
f 1043//27 1044//17 1108//174
f 1108//174 1044//17 1109//103
f 1044//17 1045//132 1109//103
f 1109//103 1045//132 1110//69
f 1045//132 1046//275 1110//69
f 1110//69 1046//275 1111//286
f 1046//275 1047//29 1111//286
f 1111//286 1047//29 1112//104
f 1047//29 1048//61 1112//104
f 1112//104 1048//61 1113//61
f 1048//61 1049//79 1113//61
f 1113//61 1049//79 1114//76
f 1049//79 1050//62 1114//76
f 1114//76 1050//62 1115//75
f 1050//62 1051//62 1115//75
f 1115//75 1051//62 1116//287
f 1051//62 1052//105 1116//287
f 1116//287 1052//105 1117//77
f 1052//105 1053//76 1117//77
f 1117//77 1053//76 1118//62
f 1053//76 1054//62 1118//62
f 1118//62 1054//62 1119//62
f 1054//62 1055//91 1119//62
f 1119//62 1055//91 1120//61
f 1055//91 1056//61 1120//61
f 1120//61 1056//61 1121//91
f 1056//61 1057//77 1121//91
f 1121//91 1057//77 1122//62
f 1057//77 1058//78 1122//62
f 1122//62 1058//78 1123//61
f 1058//78 1059//61 1123//61
f 1123//61 1059//61 1124//61
f 1059//61 1060//61 1124//61
f 1124//61 1060//61 1125//61
f 1060//61 1061//79 1125//61
f 1125//61 1061//79 1126//62
f 1061//79 1062//62 1126//62
f 1126//62 1062//62 1127//79
f 1062//62 1063//61 1127//79
f 1127//79 1063//61 1128//61
f 1063//61 1064//61 1128//61
f 1128//61 1064//61 1129//61
f 1064//61 1065//61 1129//61
f 1129//61 1065//61 1130//61
f 1065//61 1066//61 1130//61
f 1130//61 1066//61 1131//61
f 1066//61 1067//61 1131//61
f 1131//61 1067//61 1132//61
f 1067//61 1068//61 1132//61
f 1132//61 1068//61 1133//61
f 1068//61 1069//61 1133//61
f 1133//61 1069//61 1134//61
f 1069//61 1070//61 1134//61
f 1134//61 1070//61 1135//61
f 1070//61 1071//61 1135//61
f 1135//61 1071//61 1136//61
f 1071//61 1072//61 1136//61
f 1136//61 1072//61 1137//61
f 1072//61 1073//61 1137//61
f 1137//61 1073//61 1138//61
f 1073//61 1074//61 1138//61
f 1138//61 1074//61 1139//61
f 1074//61 1075//61 1139//61
f 1139//61 1075//61 1140//61
f 1075//61 1076//61 1140//61
f 1140//61 1076//61 1141//61
f 1076//61 1077//198 1141//61
f 1141//61 1077//198 1142//182
f 1077//198 1078//198 1142//182
f 1142//182 1078//198 1143//181
f 1078//198 1079//61 1143//181
f 1143//181 1079//61 1144//61
f 1079//61 1080//61 1144//61
f 1144//61 1080//61 1145//61
f 1080//61 1081//181 1145//61
f 1145//61 1081//181 1146//198
f 1081//181 1082//182 1146//198
f 1146//198 1082//182 1147//198
f 1082//182 1083//61 1147//198
f 1147//198 1083//61 1148//61
f 1083//61 1084//61 1148//61
f 1148//61 1084//61 1149//181
f 1084//61 1085//169 1149//181
f 1149//181 1085//169 1150//182
f 1085//169 1086//169 1150//182
f 1150//182 1086//169 1151//61
f 1086//169 1087//61 1151//61
f 1151//61 1087//61 1152//169
f 1087//61 1088//204 1152//169
f 1152//169 1088//204 1153//169
f 1088//204 1089//190 1153//169
f 1153//169 1089//190 1154//61
f 1089//190 1090//181 1154//61
f 1154//61 1090//181 1155//204
f 1090//181 1091//176 1155//204
f 1155//204 1091//176 1156//219
f 1091//176 1092//276 1156//219
f 1156//219 1092//276 1157//288
f 1092//276 1093//277 1157//288
f 1157//288 1093//277 1158//289
f 1093//277 1094//278 1158//289
f 1158//289 1094//278 1159//241
f 1094//278 1095//279 1159//241
f 1159//241 1095//279 1160//290
f 1095//279 1096//267 1160//290
f 1160//290 1096//267 1161//254
f 1096//267 1097//256 1161//254
f 1161//254 1097//256 1162//254
f 1097//256 1098//280 1162//254
f 1162//254 1098//280 1163//291
f 1098//280 1099//281 1163//291
f 1163//291 1099//281 1164//292
f 1099//281 1100//282 1164//292
f 1164//292 1100//282 1165//293
f 1100//282 1101//283 1165//293
f 1165//293 1101//283 1166//294
f 1101//283 1102//284 1166//294
f 1166//294 1102//284 1167//295
f 1103//119 1104//285 1168//296
f 1168//296 1104//285 1169//297
f 1104//285 1105//16 1169//297
f 1169//297 1105//16 1170//26
f 1105//16 1106//132 1170//26
f 1170//26 1106//132 1171//25
f 1106//132 1107//227 1171//25
f 1171//25 1107//227 1172//174
f 1107//227 1108//174 1172//174
f 1172//174 1108//174 1173//180
f 1108//174 1109//103 1173//180
f 1173//180 1109//103 1174//44
f 1109//103 1110//69 1174//44
f 1174//44 1110//69 1175//71
f 1110//69 1111//286 1175//71
f 1175//71 1111//286 1176//46
f 1111//286 1112//104 1176//46
f 1176//46 1112//104 1177//61
f 1112//104 1113//61 1177//61
f 1177//61 1113//61 1178//125
f 1113//61 1114//76 1178//125
f 1178//125 1114//76 1179//90
f 1114//76 1115//75 1179//90
f 1179//90 1115//75 1180//298
f 1115//75 1116//287 1180//298
f 1180//298 1116//287 1181//78
f 1116//287 1117//77 1181//78
f 1181//78 1117//77 1182//89
f 1117//77 1118//62 1182//89
f 1182//89 1118//62 1183//62
f 1118//62 1119//62 1183//62
f 1183//62 1119//62 1184//91
f 1119//62 1120//61 1184//91
f 1184//91 1120//61 1185//61
f 1120//61 1121//91 1185//61
f 1185//61 1121//91 1186//62
f 1121//91 1122//62 1186//62
f 1186//62 1122//62 1187//91
f 1122//62 1123//61 1187//91
f 1187//91 1123//61 1188//61
f 1123//61 1124//61 1188//61
f 1188//61 1124//61 1189//61
f 1124//61 1125//61 1189//61
f 1189//61 1125//61 1190//91
f 1125//61 1126//62 1190//91
f 1190//91 1126//62 1191//116
f 1126//62 1127//79 1191//116
f 1191//116 1127//79 1192//61
f 1127//79 1128//61 1192//61
f 1192//61 1128//61 1193//61
f 1128//61 1129//61 1193//61
f 1193//61 1129//61 1194//61
f 1129//61 1130//61 1194//61
f 1194//61 1130//61 1195//61
f 1130//61 1131//61 1195//61
f 1195//61 1131//61 1196//61
f 1131//61 1132//61 1196//61
f 1196//61 1132//61 1197//61
f 1132//61 1133//61 1197//61
f 1197//61 1133//61 1198//61
f 1133//61 1134//61 1198//61
f 1198//61 1134//61 1199//61
f 1134//61 1135//61 1199//61
f 1199//61 1135//61 1200//61
f 1135//61 1136//61 1200//61
f 1200//61 1136//61 1201//61
f 1136//61 1137//61 1201//61
f 1201//61 1137//61 1202//61
f 1137//61 1138//61 1202//61
f 1202//61 1138//61 1203//61
f 1138//61 1139//61 1203//61
f 1203//61 1139//61 1204//61
f 1139//61 1140//61 1204//61
f 1204//61 1140//61 1205//61
f 1140//61 1141//61 1205//61
f 1205//61 1141//61 1206//176
f 1141//61 1142//182 1206//176
f 1206//176 1142//182 1207//169
f 1142//182 1143//181 1207//169
f 1207//169 1143//181 1208//61
f 1143//181 1144//61 1208//61
f 1208//61 1144//61 1209//61
f 1144//61 1145//61 1209//61
f 1209//61 1145//61 1210//61
f 1145//61 1146//198 1210//61
f 1210//61 1146//198 1211//204
f 1146//198 1147//198 1211//204
f 1211//204 1147//198 1212//181
f 1147//198 1148//61 1212//181
f 1212//181 1148//61 1213//61
f 1148//61 1149//181 1213//61
f 1213//61 1149//181 1214//204
f 1149//181 1150//182 1214//204
f 1214//204 1150//182 1215//190
f 1150//182 1151//61 1215//190
f 1215//190 1151//61 1216//176
f 1151//61 1152//169 1216//176
f 1216//176 1152//169 1217//169
f 1152//169 1153//169 1217//169
f 1217//169 1153//169 1218//61
f 1153//169 1154//61 1218//61
f 1218//61 1154//61 1219//169
f 1154//61 1155//204 1219//169
f 1219//169 1155//204 1220//219
f 1155//204 1156//219 1220//219
f 1220//219 1156//219 1221//182
f 1156//219 1157//288 1221//182
f 1221//182 1157//288 1222//299
f 1157//288 1158//289 1222//299
f 1222//299 1158//289 1223//300
f 1158//289 1159//241 1223//300
f 1223//300 1159//241 1224//301
f 1159//241 1160//290 1224//301
f 1224//301 1160//290 1225//254
f 1160//290 1161//254 1225//254
f 1225//254 1161//254 1226//254
f 1161//254 1162//254 1226//254
f 1226//254 1162//254 1227//301
f 1162//254 1163//291 1227//301
f 1227//301 1163//291 1228//302
f 1163//291 1164//292 1228//302
f 1228//302 1164//292 1229//291
f 1164//292 1165//293 1229//291
f 1229//291 1165//293 1230//303
f 1165//293 1166//294 1230//303
f 1230//303 1166//294 1231//304
f 1166//294 1167//295 1232//305
f 1166//294 1232//305 1231//304
f 1168//296 1169//297 1233//306
f 1233//306 1169//297 1234//307
f 1169//297 1170//26 1234//307
f 1234//307 1170//26 1235//123
f 1170//26 1171//25 1235//123
f 1235//123 1171//25 1236//157
f 1171//25 1172//174 1236//157
f 1236//157 1172//174 1237//25
f 1172//174 1173//180 1237//25
f 1237//25 1173//180 1238//26
f 1173//180 1174//44 1238//26
f 1238//26 1174//44 1239//132
f 1174//44 1175//71 1239//132
f 1239//132 1175//71 1240//46
f 1175//71 1176//46 1240//46
f 1240//46 1176//46 1241//104
f 1176//46 1177//61 1241//104
f 1241//104 1177//61 1242//79
f 1177//61 1178//125 1242//79
f 1242//79 1178//125 1243//78
f 1178//125 1179//90 1243//78
f 1243//78 1179//90 1244//308
f 1179//90 1180//298 1244//308
f 1244//308 1180//298 1245//105
f 1180//298 1181//78 1245//105
f 1245//105 1181//78 1246//76
f 1181//78 1182//89 1246//76
f 1246//76 1182//89 1247//91
f 1182//89 1183//62 1247//91
f 1247//91 1183//62 1248//115
f 1183//62 1184//91 1248//115
f 1248//115 1184//91 1249//61
f 1184//91 1185//61 1249//61
f 1249//61 1185//61 1250//79
f 1185//61 1186//62 1250//79
f 1250//79 1186//62 1251//62
f 1186//62 1187//91 1251//62
f 1251//62 1187//91 1252//61
f 1187//91 1188//61 1252//61
f 1252//61 1188//61 1253//61
f 1188//61 1189//61 1253//61
f 1253//61 1189//61 1254//61
f 1189//61 1190//91 1254//61
f 1254//61 1190//91 1255//62
f 1190//91 1191//116 1255//62
f 1255//62 1191//116 1256//91
f 1191//116 1192//61 1256//91
f 1256//91 1192//61 1257//61
f 1192//61 1193//61 1257//61
f 1257//61 1193//61 1258//61
f 1193//61 1194//61 1258//61
f 1258//61 1194//61 1259//61
f 1194//61 1195//61 1259//61
f 1259//61 1195//61 1260//61
f 1195//61 1196//61 1260//61
f 1260//61 1196//61 1261//61
f 1196//61 1197//61 1261//61
f 1261//61 1197//61 1262//61
f 1197//61 1198//61 1262//61
f 1262//61 1198//61 1263//61
f 1198//61 1199//61 1263//61
f 1263//61 1199//61 1264//61
f 1199//61 1200//61 1264//61
f 1264//61 1200//61 1265//61
f 1200//61 1201//61 1265//61
f 1265//61 1201//61 1266//61
f 1201//61 1202//61 1266//61
f 1266//61 1202//61 1267//61
f 1202//61 1203//61 1267//61
f 1267//61 1203//61 1268//61
f 1203//61 1204//61 1268//61
f 1268//61 1204//61 1269//61
f 1204//61 1205//61 1269//61
f 1269//61 1205//61 1270//181
f 1205//61 1206//176 1270//181
f 1270//181 1206//176 1271//182
f 1206//176 1207//169 1271//182
f 1271//182 1207//169 1272//61
f 1207//169 1208//61 1272//61
f 1272//61 1208//61 1273//61
f 1208//61 1209//61 1273//61
f 1273//61 1209//61 1274//61
f 1209//61 1210//61 1274//61
f 1274//61 1210//61 1275//176
f 1210//61 1211//204 1275//176
f 1275//176 1211//204 1276//169
f 1211//204 1212//181 1276//169
f 1276//169 1212//181 1277//61
f 1212//181 1213//61 1277//61
f 1277//61 1213//61 1278//181
f 1213//61 1214//204 1278//181
f 1278//181 1214//204 1279//182
f 1214//204 1215//190 1279//182
f 1279//182 1215//190 1280//181
f 1215//190 1216//176 1280//181
f 1280//181 1216//176 1281//182
f 1216//176 1217//169 1281//182
f 1281//182 1217//169 1282//61
f 1217//169 1218//61 1282//61
f 1282//61 1218//61 1283//176
f 1218//61 1219//169 1283//176
f 1283//176 1219//169 1284//176
f 1219//169 1220//219 1284//176
f 1284//176 1220//219 1285//204
f 1220//219 1221//182 1285//204
f 1285//204 1221//182 1286//309
f 1221//182 1222//299 1286//309
f 1286//309 1222//299 1287//310
f 1222//299 1223//300 1287//310
f 1287//310 1223//300 1288//290
f 1223//300 1224//301 1288//290
f 1288//290 1224//301 1289//267
f 1224//301 1225//254 1289//267
f 1289//267 1225//254 1290//254
f 1225//254 1226//254 1290//254
f 1290//254 1226//254 1291//301
f 1226//254 1227//301 1291//301
f 1291//301 1227//301 1292//302
f 1227//301 1228//302 1292//302
f 1292//302 1228//302 1293//290
f 1228//302 1229//291 1293//290
f 1293//290 1229//291 1294//311
f 1229//291 1230//303 1294//311
f 1294//311 1230//303 1295//312
f 1230//303 1231//304 1295//312
f 1295//312 1231//304 1296//313
f 1231//304 1232//305 1296//313
f 1297//314 1233//306 1298//315
f 1233//306 1234//307 1298//315
f 1298//315 1234//307 1299//316
f 1234//307 1235//123 1299//316
f 1299//316 1235//123 1300//123
f 1235//123 1236//157 1300//123
f 1300//123 1236//157 1301//43
f 1236//157 1237//25 1301//43
f 1301//43 1237//25 1302//43
f 1237//25 1238//26 1302//43
f 1302//43 1238//26 1303//44
f 1238//26 1239//132 1303//44
f 1303//44 1239//132 1304//124
f 1239//132 1240//46 1304//124
f 1304//124 1240//46 1305//317
f 1240//46 1241//104 1305//317
f 1305//317 1241//104 1306//61
f 1241//104 1242//79 1306//61
f 1306//61 1242//79 1307//62
f 1242//79 1243//78 1307//62
f 1307//62 1243//78 1308//90
f 1243//78 1244//308 1308//90
f 1308//90 1244//308 1309//77
f 1244//308 1245//105 1309//77
f 1309//77 1245//105 1310//62
f 1245//105 1246//76 1310//62
f 1310//62 1246//76 1311//91
f 1246//76 1247//91 1311//91
f 1311//91 1247//91 1312//76
f 1247//91 1248//115 1312//76
f 1312//76 1248//115 1313//76
f 1248//115 1249//61 1313//76
f 1313//76 1249//61 1314//61
f 1249//61 1250//79 1314//61
f 1314//61 1250//79 1315//62
f 1250//79 1251//62 1315//62
f 1315//62 1251//62 1316//79
f 1251//62 1252//61 1316//79
f 1316//79 1252//61 1317//61
f 1252//61 1253//61 1317//61
f 1317//61 1253//61 1318//61
f 1253//61 1254//61 1318//61
f 1318//61 1254//61 1319//77
f 1254//61 1255//62 1319//77
f 1319//77 1255//62 1320//77
f 1255//62 1256//91 1320//77
f 1320//77 1256//91 1321//61
f 1256//91 1257//61 1321//61
f 1321//61 1257//61 1322//61
f 1257//61 1258//61 1322//61
f 1322//61 1258//61 1323//61
f 1258//61 1259//61 1323//61
f 1323//61 1259//61 1324//61
f 1259//61 1260//61 1324//61
f 1324//61 1260//61 1325//61
f 1260//61 1261//61 1325//61
f 1325//61 1261//61 1326//61
f 1261//61 1262//61 1326//61
f 1326//61 1262//61 1327//61
f 1262//61 1263//61 1327//61
f 1327//61 1263//61 1328//61
f 1263//61 1264//61 1328//61
f 1328//61 1264//61 1329//61
f 1264//61 1265//61 1329//61
f 1329//61 1265//61 1330//61
f 1265//61 1266//61 1330//61
f 1330//61 1266//61 1331//61
f 1266//61 1267//61 1331//61
f 1331//61 1267//61 1332//61
f 1267//61 1268//61 1332//61
f 1332//61 1268//61 1333//61
f 1268//61 1269//61 1333//61
f 1333//61 1269//61 1334//61
f 1269//61 1270//181 1334//61
f 1334//61 1270//181 1335//182
f 1270//181 1271//182 1335//182
f 1335//182 1271//182 1336//181
f 1271//182 1272//61 1336//181
f 1336//181 1272//61 1337//61
f 1272//61 1273//61 1337//61
f 1337//61 1273//61 1338//61
f 1273//61 1274//61 1338//61
f 1338//61 1274//61 1339//181
f 1274//61 1275//176 1339//181
f 1339//181 1275//176 1340//182
f 1275//176 1276//169 1340//182
f 1340//182 1276//169 1341//61
f 1276//169 1277//61 1341//61
f 1341//61 1277//61 1342//61
f 1277//61 1278//181 1342//61
f 1342//61 1278//181 1343//204
f 1278//181 1279//182 1343//204
f 1343//204 1279//182 1344//181
f 1279//182 1280//181 1344//181
f 1344//181 1280//181 1345//204
f 1280//181 1281//182 1345//204
f 1345//204 1281//182 1346//181
f 1281//182 1282//61 1346//181
f 1346//181 1282//61 1347//169
f 1282//61 1283//176 1347//169
f 1347//169 1283//176 1348//169
f 1283//176 1284//176 1348//169
f 1348//169 1284//176 1349//169
f 1284//176 1285//204 1349//169
f 1349//169 1285//204 1350//288
f 1285//204 1286//309 1350//288
f 1350//288 1286//309 1351//318
f 1286//309 1287//310 1351//318
f 1351//318 1287//310 1352//267
f 1287//310 1288//290 1352//267
f 1352//267 1288//290 1353//255
f 1288//290 1289//267 1353//255
f 1353//255 1289//267 1354//290
f 1289//267 1290//254 1354//290
f 1354//290 1290//254 1355//290
f 1290//254 1291//301 1355//290
f 1355//290 1291//301 1356//311
f 1291//301 1292//302 1356//311
f 1356//311 1292//302 1357//319
f 1292//302 1293//290 1357//319
f 1357//319 1293//290 1358//290
f 1293//290 1294//311 1358//290
f 1358//290 1294//311 1359//320
f 1294//311 1295//312 1359//320
f 1359//320 1295//312 1360//321
f 1295//312 1296//313 1360//321
f 1361//322 1297//314 1362//323
f 1297//314 1298//315 1362//323
f 1362//323 1298//315 1363//324
f 1298//315 1299//316 1363//324
f 1363//324 1299//316 1364//42
f 1299//316 1300//123 1364//42
f 1364//42 1300//123 1365//27
f 1300//123 1301//43 1365//27
f 1365//27 1301//43 1366//42
f 1301//43 1302//43 1366//42
f 1366//42 1302//43 1367//103
f 1302//43 1303//44 1367//103
f 1367//103 1303//44 1368//325
f 1303//44 1304//124 1368//325
f 1368//325 1304//124 1369//326
f 1304//124 1305//317 1369//326
f 1369//326 1305//317 1370//152
f 1305//317 1306//61 1371//327
f 1305//317 1371//327 1370//152
f 1306//61 1307//62 1371//327
f 1371//327 1307//62 1372//75
f 1307//62 1308//90 1372//75
f 1372//75 1308//90 1373//62
f 1308//90 1309//77 1373//62
f 1373//62 1309//77 1374//77
f 1309//77 1310//62 1374//77
f 1374//77 1310//62 1375//78
f 1310//62 1311//91 1375//78
f 1375//78 1311//91 1376//61
f 1311//91 1312//76 1376//61
f 1376//61 1312//76 1377//62
f 1312//76 1313//76 1377//62
f 1377//62 1313//76 1378//91
f 1313//76 1314//61 1378//91
f 1378//91 1314//61 1379//91
f 1314//61 1315//62 1379//91
f 1379//91 1315//62 1380//62
f 1315//62 1316//79 1380//62
f 1380//62 1316//79 1381//61
f 1316//79 1317//61 1381//61
f 1381//61 1317//61 1382//61
f 1317//61 1318//61 1382//61
f 1382//61 1318//61 1383//91
f 1318//61 1319//77 1383//91
f 1383//91 1319//77 1384//116
f 1319//77 1320//77 1384//116
f 1384//116 1320//77 1385//61
f 1320//77 1321//61 1385//61
f 1385//61 1321//61 1386//61
f 1321//61 1322//61 1386//61
f 1386//61 1322//61 1387//61
f 1322//61 1323//61 1387//61
f 1387//61 1323//61 1388//61
f 1323//61 1324//61 1388//61
f 1388//61 1324//61 1389//61
f 1324//61 1325//61 1389//61
f 1389//61 1325//61 1390//61
f 1325//61 1326//61 1390//61
f 1390//61 1326//61 1391//61
f 1326//61 1327//61 1391//61
f 1391//61 1327//61 1392//61
f 1327//61 1328//61 1392//61
f 1392//61 1328//61 1393//61
f 1328//61 1329//61 1393//61
f 1393//61 1329//61 1394//61
f 1329//61 1330//61 1394//61
f 1394//61 1330//61 1395//61
f 1330//61 1331//61 1395//61
f 1395//61 1331//61 1396//61
f 1331//61 1332//61 1396//61
f 1396//61 1332//61 1397//61
f 1332//61 1333//61 1397//61
f 1397//61 1333//61 1398//61
f 1333//61 1334//61 1398//61
f 1398//61 1334//61 1399//176
f 1334//61 1335//182 1399//176
f 1399//176 1335//182 1400//176
f 1335//182 1336//181 1400//176
f 1400//176 1336//181 1401//61
f 1336//181 1337//61 1401//61
f 1401//61 1337//61 1402//61
f 1337//61 1338//61 1402//61
f 1402//61 1338//61 1403//61
f 1338//61 1339//181 1403//61
f 1403//61 1339//181 1404//204
f 1339//181 1340//182 1404//204
f 1404//204 1340//182 1405//181
f 1340//182 1341//61 1405//181
f 1405//181 1341//61 1406//61
f 1341//61 1342//61 1406//61
f 1406//61 1342//61 1407//199
f 1342//61 1343//204 1407//199
f 1407//199 1343//204 1408//199
f 1343//204 1344//181 1408//199
f 1408//199 1344//181 1409//190
f 1344//181 1345//204 1409//190
f 1409//190 1345//204 1410//182
f 1345//204 1346//181 1410//182
f 1410//182 1346//181 1411//190
f 1346//181 1347//169 1411//190
f 1411//190 1347//169 1412//182
f 1347//169 1348//169 1412//182
f 1412//182 1348//169 1413//190
f 1348//169 1349//169 1413//190
f 1413//190 1349//169 1414//182
f 1349//169 1350//288 1414//182
f 1414//182 1350//288 1415//299
f 1350//288 1351//318 1415//299
f 1415//299 1351//318 1416//279
f 1351//318 1352//267 1416//279
f 1416//279 1352//267 1417//242
f 1352//267 1353//255 1417//242
f 1417//242 1353//255 1418//328
f 1353//255 1354//290 1418//328
f 1418//328 1354//290 1419//267
f 1354//290 1355//290 1419//267
f 1419//267 1355//290 1420//329
f 1355//290 1356//311 1420//329
f 1420//329 1356//311 1421//281
f 1356//311 1357//319 1421//281
f 1421//281 1357//319 1422//254
f 1357//319 1358//290 1422//254
f 1422//254 1358//290 1423//330
f 1358//290 1359//320 1423//330
f 1423//330 1359//320 1424//331
f 1359//320 1360//321 1424//331
f 1425//332 1361//322 1426//333
f 1361//322 1362//323 1426//333
f 1426//333 1362//323 1427//334
f 1362//323 1363//324 1427//334
f 1427//334 1363//324 1428//44
f 1363//324 1364//42 1428//44
f 1428//44 1364//42 1429//25
f 1364//42 1365//27 1429//25
f 1429//25 1365//27 1430//16
f 1365//27 1366//42 1430//16
f 1430//16 1366//42 1431//16
f 1366//42 1367//103 1431//16
f 1431//16 1367//103 1432//103
f 1367//103 1368//325 1432//103
f 1432//103 1368//325 1433//142
f 1368//325 1369//326 1433//142
f 1433//142 1369//326 1434//335
f 1369//326 1370//152 1434//335
f 1434//335 1370//152 1435//151
f 1370//152 1371//327 1435//151
f 1435//151 1371//327 1436//152
f 1371//327 1372//75 1436//152
f 1436//152 1372//75 1437//75
f 1372//75 1373//62 1437//75
f 1437//75 1373//62 1438//62
f 1373//62 1374//77 1438//62
f 1438//62 1374//77 1439//62
f 1374//77 1375//78 1439//62
f 1439//62 1375//78 1440//61
f 1375//78 1376//61 1440//61
f 1440//61 1376//61 1441//78
f 1376//61 1377//62 1441//78
f 1441//78 1377//62 1442//336
f 1377//62 1378//91 1442//336
f 1442//336 1378//91 1443//61
f 1378//91 1379//91 1443//61
f 1443//61 1379//91 1444//62
f 1379//91 1380//62 1444//62
f 1444//62 1380//62 1445//91
f 1380//62 1381//61 1445//91
f 1445//91 1381//61 1446//61
f 1381//61 1382//61 1446//61
f 1446//61 1382//61 1447//61
f 1382//61 1383//91 1447//61
f 1447//61 1383//91 1448//76
f 1383//91 1384//116 1448//76
f 1448//76 1384//116 1449//76
f 1384//116 1385//61 1449//76
f 1449//76 1385//61 1450//61
f 1385//61 1386//61 1450//61
f 1450//61 1386//61 1451//61
f 1386//61 1387//61 1451//61
f 1451//61 1387//61 1452//61
f 1387//61 1388//61 1452//61
f 1452//61 1388//61 1453//61
f 1388//61 1389//61 1453//61
f 1453//61 1389//61 1454//61
f 1389//61 1390//61 1454//61
f 1454//61 1390//61 1455//61
f 1390//61 1391//61 1455//61
f 1455//61 1391//61 1456//61
f 1391//61 1392//61 1456//61
f 1456//61 1392//61 1457//61
f 1392//61 1393//61 1457//61
f 1457//61 1393//61 1458//61
f 1393//61 1394//61 1458//61
f 1458//61 1394//61 1459//61
f 1394//61 1395//61 1459//61
f 1459//61 1395//61 1460//61
f 1395//61 1396//61 1460//61
f 1460//61 1396//61 1461//61
f 1396//61 1397//61 1461//61
f 1461//61 1397//61 1462//61
f 1397//61 1398//61 1462//61
f 1462//61 1398//61 1463//169
f 1398//61 1399//176 1463//169
f 1463//169 1399//176 1464//169
f 1399//176 1400//176 1464//169
f 1464//169 1400//176 1465//61
f 1400//176 1401//61 1465//61
f 1465//61 1401//61 1466//61
f 1401//61 1402//61 1466//61
f 1466//61 1402//61 1467//61
f 1402//61 1403//61 1467//61
f 1467//61 1403//61 1468//176
f 1403//61 1404//204 1468//176
f 1468//176 1404//204 1469//169
f 1404//204 1405//181 1469//169
f 1469//169 1405//181 1470//61
f 1405//181 1406//61 1470//61
f 1470//61 1406//61 1471//169
f 1406//61 1407//199 1471//169
f 1471//169 1407//199 1472//169
f 1407//199 1408//199 1472//169
f 1472//169 1408//199 1473//61
f 1408//199 1409//190 1473//61
f 1473//61 1409//190 1474//204
f 1409//190 1410//182 1474//204
f 1474//204 1410//182 1475//190
f 1410//182 1411//190 1475//190
f 1475//190 1411//190 1476//204
f 1411//190 1412//182 1476//204
f 1476//204 1412//182 1477//190
f 1412//182 1413//190 1477//190
f 1477//190 1413//190 1478//204
f 1413//190 1414//182 1478//204
f 1478//204 1414//182 1479//309
f 1414//182 1415//299 1479//309
f 1479//309 1415//299 1480//289
f 1415//299 1416//279 1480//289
f 1480//289 1416//279 1481//255
f 1416//279 1417//242 1481//255
f 1481//255 1417//242 1482//328
f 1417//242 1418//328 1482//328
f 1482//328 1418//328 1483//328
f 1418//328 1419//267 1483//328
f 1483//328 1419//267 1484//290
f 1419//267 1420//329 1484//290
f 1484//290 1420//329 1485//337
f 1420//329 1421//281 1485//337
f 1485//337 1421//281 1486//290
f 1421//281 1422//254 1486//290
f 1486//290 1422//254 1487//290
f 1422//254 1423//330 1487//290
f 1487//290 1423//330 1488//338
f 1423//330 1424//331 1488//338
f 1488//338 1424//331 1489//339
f 1425//332 1426//333 1490//340
f 1490//340 1426//333 1491//341
f 1426//333 1427//334 1491//341
f 1491//341 1427//334 1492//274
f 1427//334 1428//44 1492//274
f 1492//274 1428//44 1493//174
f 1428//44 1429//25 1493//174
f 1493//174 1429//25 1494//342
f 1429//25 1430//16 1494//342
f 1494//342 1430//16 1495//16
f 1430//16 1431//16 1495//16
f 1495//16 1431//16 1496//16
f 1431//16 1432//103 1496//16
f 1496//16 1432//103 1497//343
f 1432//103 1433//142 1497//343
f 1497//343 1433//142 1498//59
f 1433//142 1434//335 1498//59
f 1498//59 1434//335 1499//344
f 1434//335 1435//151 1499//344
f 1499//344 1435//151 1500//345
f 1435//151 1436//152 1501//346
f 1435//151 1501//346 1500//345
f 1436//152 1437//75 1501//346
f 1501//346 1437//75 1502//116
f 1437//75 1438//62 1502//116
f 1502//116 1438//62 1503//62
f 1438//62 1439//62 1503//62
f 1503//62 1439//62 1504//91
f 1439//62 1440//61 1504//91
f 1504//91 1440//61 1505//91
f 1440//61 1441//78 1505//91
f 1505//91 1441//78 1506//115
f 1441//78 1442//336 1506//115
f 1506//115 1442//336 1507//61
f 1442//336 1443//61 1507//61
f 1507//61 1443//61 1508//79
f 1443//61 1444//62 1508//79
f 1508//79 1444//62 1509//62
f 1444//62 1445//91 1509//62
f 1509//62 1445//91 1510//61
f 1445//91 1446//61 1510//61
f 1510//61 1446//61 1511//61
f 1446//61 1447//61 1511//61
f 1511//61 1447//61 1512//61
f 1447//61 1448//76 1512//61
f 1512//61 1448//76 1513//62
f 1448//76 1449//76 1513//62
f 1513//62 1449//76 1514//91
f 1449//76 1450//61 1514//91
f 1514//91 1450//61 1515//61
f 1450//61 1451//61 1515//61
f 1515//61 1451//61 1516//61
f 1451//61 1452//61 1516//61
f 1516//61 1452//61 1517//61
f 1452//61 1453//61 1517//61
f 1517//61 1453//61 1518//61
f 1453//61 1454//61 1518//61
f 1518//61 1454//61 1519//61
f 1454//61 1455//61 1519//61
f 1519//61 1455//61 1520//61
f 1455//61 1456//61 1520//61
f 1520//61 1456//61 1521//61
f 1456//61 1457//61 1521//61
f 1521//61 1457//61 1522//61
f 1457//61 1458//61 1522//61
f 1522//61 1458//61 1523//61
f 1458//61 1459//61 1523//61
f 1523//61 1459//61 1524//61
f 1459//61 1460//61 1524//61
f 1524//61 1460//61 1525//61
f 1460//61 1461//61 1525//61
f 1525//61 1461//61 1526//61
f 1461//61 1462//61 1526//61
f 1526//61 1462//61 1527//181
f 1462//61 1463//169 1527//181
f 1527//181 1463//169 1528//182
f 1463//169 1464//169 1528//182
f 1528//182 1464//169 1529//61
f 1464//169 1465//61 1529//61
f 1529//61 1465//61 1530//61
f 1465//61 1466//61 1530//61
f 1530//61 1466//61 1531//61
f 1466//61 1467//61 1531//61
f 1531//61 1467//61 1532//169
f 1467//61 1468//176 1532//169
f 1532//169 1468//176 1533//169
f 1468//176 1469//169 1533//169
f 1533//169 1469//169 1534//61
f 1469//169 1470//61 1534//61
f 1534//61 1470//61 1535//176
f 1470//61 1471//169 1535//176
f 1535//176 1471//169 1536//169
f 1471//169 1472//169 1536//169
f 1536//169 1472//169 1537//61
f 1472//169 1473//61 1537//61
f 1537//61 1473//61 1538//169
f 1473//61 1474//204 1538//169
f 1538//169 1474//204 1539//169
f 1474//204 1475//190 1539//169
f 1539//169 1475//190 1540//181
f 1475//190 1476//204 1540//181
f 1540//181 1476//204 1541//182
f 1476//204 1477//190 1541//182
f 1541//182 1477//190 1542//169
f 1477//190 1478//204 1542//169
f 1542//169 1478//204 1543//288
f 1478//204 1479//309 1543//288
f 1543//288 1479//309 1544//299
f 1479//309 1480//289 1544//299
f 1544//299 1480//289 1545//254
f 1480//289 1481//255 1545//254
f 1545//254 1481//255 1546//301
f 1481//255 1482//328 1546//301
f 1546//301 1482//328 1547//301
f 1482//328 1483//328 1547//301
f 1547//301 1483//328 1548//301
f 1483//328 1484//290 1548//301
f 1548//301 1484//290 1549//337
f 1484//290 1485//337 1549//337
f 1549//337 1485//337 1550//301
f 1485//337 1486//290 1550//301
f 1550//301 1486//290 1551//319
f 1486//290 1487//290 1551//319
f 1551//319 1487//290 1552//347
f 1487//290 1488//338 1552//347
f 1552//347 1488//338 1553//348
f 1488//338 1489//339 1553//348
f 1490//340 1491//341 1554//349
f 1554//349 1491//341 1555//350
f 1491//341 1492//274 1555//350
f 1555//350 1492//274 1556//174
f 1492//274 1493//174 1556//174
f 1556//174 1493//174 1557//174
f 1493//174 1494//342 1557//174
f 1557//174 1494//342 1558//69
f 1494//342 1495//16 1558//69
f 1558//69 1495//16 1559//25
f 1495//16 1496//16 1559//25
f 1559//25 1496//16 1560//134
f 1496//16 1497//343 1560//134
f 1560//134 1497//343 1561//351
f 1497//343 1498//59 1561//351
f 1561//351 1498//59 1562//352
f 1498//59 1499//344 1562//352
f 1562//352 1499//344 1563//75
f 1499//344 1500//345 1563//75
f 1563//75 1500//345 1564//353
f 1500//345 1501//346 1565//353
f 1500//345 1565//353 1564//353
f 1501//346 1502//116 1565//353
f 1565//353 1502//116 1566//62
f 1502//116 1503//62 1566//62
f 1566//62 1503//62 1567//62
f 1503//62 1504//91 1567//62
f 1567//62 1504//91 1568//61
f 1504//91 1505//91 1568//61
f 1568//61 1505//91 1569//62
f 1505//91 1506//115 1569//62
f 1569//62 1506//115 1570//91
f 1506//115 1507//61 1570//91
f 1570//91 1507//61 1571//61
f 1507//61 1508//79 1571//61
f 1571//61 1508//79 1572//76
f 1508//79 1509//62 1572//76
f 1572//76 1509//62 1573//76
f 1509//62 1510//61 1573//76
f 1573//76 1510//61 1574//61
f 1510//61 1511//61 1574//61
f 1574//61 1511//61 1575//61
f 1511//61 1512//61 1575//61
f 1575//61 1512//61 1576//79
f 1512//61 1513//62 1576//79
f 1576//79 1513//62 1577//62
f 1513//62 1514//91 1577//62
f 1577//62 1514//91 1578//61
f 1514//91 1515//61 1578//61
f 1578//61 1515//61 1579//61
f 1515//61 1516//61 1579//61
f 1579//61 1516//61 1580//61
f 1516//61 1517//61 1580//61
f 1580//61 1517//61 1581//61
f 1517//61 1518//61 1581//61
f 1581//61 1518//61 1582//61
f 1518//61 1519//61 1582//61
f 1582//61 1519//61 1583//61
f 1519//61 1520//61 1583//61
f 1583//61 1520//61 1584//61
f 1520//61 1521//61 1584//61
f 1584//61 1521//61 1585//61
f 1521//61 1522//61 1585//61
f 1585//61 1522//61 1586//61
f 1522//61 1523//61 1586//61
f 1586//61 1523//61 1587//61
f 1523//61 1524//61 1587//61
f 1587//61 1524//61 1588//61
f 1524//61 1525//61 1588//61
f 1588//61 1525//61 1589//61
f 1525//61 1526//61 1589//61
f 1589//61 1526//61 1590//61
f 1526//61 1527//181 1590//61
f 1590//61 1527//181 1591//182
f 1527//181 1528//182 1591//182
f 1591//182 1528//182 1592//190
f 1528//182 1529//61 1592//190
f 1592//190 1529//61 1593//61
f 1529//61 1530//61 1593//61
f 1593//61 1530//61 1594//61
f 1530//61 1531//61 1594//61
f 1594//61 1531//61 1595//190
f 1531//61 1532//169 1595//190
f 1595//190 1532//169 1596//182
f 1532//169 1533//169 1596//182
f 1596//182 1533//169 1597//61
f 1533//169 1534//61 1597//61
f 1597//61 1534//61 1598//181
f 1534//61 1535//176 1598//181
f 1598//181 1535//176 1599//182
f 1535//176 1536//169 1599//182
f 1599//182 1536//169 1600//61
f 1536//169 1537//61 1600//61
f 1600//61 1537//61 1601//181
f 1537//61 1538//169 1601//181
f 1601//181 1538//169 1602//182
f 1538//169 1539//169 1602//182
f 1602//182 1539//169 1603//61
f 1539//169 1540//181 1603//61
f 1603//61 1540//181 1604//182
f 1540//181 1541//182 1604//182
f 1604//182 1541//182 1605//219
f 1541//182 1542//169 1605//219
f 1605//219 1542//169 1606//169
f 1542//169 1543//288 1606//169
f 1606//169 1543//288 1607//299
f 1543//288 1544//299 1607//299
f 1607//299 1544//299 1608//300
f 1544//299 1545//254 1608//300
f 1608//300 1545//254 1609//290
f 1545//254 1546//301 1609//290
f 1609//290 1546//301 1610//328
f 1546//301 1547//301 1610//328
f 1610//328 1547//301 1611//328
f 1547//301 1548//301 1611//328
f 1611//328 1548//301 1612//311
f 1548//301 1549//337 1612//311
f 1612//311 1549//337 1613//328
f 1549//337 1550//301 1613//328
f 1613//328 1550//301 1614//328
f 1550//301 1551//319 1614//328
f 1614//328 1551//319 1615//301
f 1551//319 1552//347 1615//301
f 1615//301 1552//347 1616//354
f 1552//347 1553//348 1616//354
f 1616//354 1553//348 1617//355
f 1618//356 1554//349 1619//273
f 1554//349 1555//350 1619//273
f 1619//273 1555//350 1620//43
f 1555//350 1556//174 1620//43
f 1620//43 1556//174 1621//70
f 1556//174 1557//174 1621//70
f 1621//70 1557//174 1622//27
f 1557//174 1558//69 1622//27
f 1622//27 1558//69 1623//42
f 1558//69 1559//25 1623//42
f 1623//42 1559//25 1624//43
f 1559//25 1560//134 1624//43
f 1624//43 1560//134 1625//142
f 1560//134 1561//351 1625//142
f 1625//142 1561//351 1626//29
f 1561//351 1562//352 1626//29
f 1626//29 1562//352 1627//76
f 1562//352 1563//75 1627//76
f 1627//76 1563//75 1628//48
f 1563//75 1564//353 1628//48
f 1628//48 1564//353 1629//357
f 1564//353 1565//353 1630//358
f 1564//353 1630//358 1629//357
f 1565//353 1566//62 1630//358
f 1630//358 1566//62 1631//62
f 1566//62 1567//62 1631//62
f 1631//62 1567//62 1632//79
f 1567//62 1568//61 1632//79
f 1632//79 1568//61 1633//79
f 1568//61 1569//62 1633//79
f 1633//79 1569//62 1634//62
f 1569//62 1570//91 1634//62
f 1634//62 1570//91 1635//61
f 1570//91 1571//61 1635//61
f 1635//61 1571//61 1636//61
f 1571//61 1572//76 1636//61
f 1636//61 1572//76 1637//62
f 1572//76 1573//76 1637//62
f 1637//62 1573//76 1638//79
f 1573//76 1574//61 1638//79
f 1638//79 1574//61 1639//61
f 1574//61 1575//61 1639//61
f 1639//61 1575//61 1640//61
f 1575//61 1576//79 1640//61
f 1640//61 1576//79 1641//62
f 1576//79 1577//62 1641//62
f 1641//62 1577//62 1642//79
f 1577//62 1578//61 1642//79
f 1642//79 1578//61 1643//61
f 1578//61 1579//61 1643//61
f 1643//61 1579//61 1644//61
f 1579//61 1580//61 1644//61
f 1644//61 1580//61 1645//61
f 1580//61 1581//61 1645//61
f 1645//61 1581//61 1646//61
f 1581//61 1582//61 1646//61
f 1646//61 1582//61 1647//61
f 1582//61 1583//61 1647//61
f 1647//61 1583//61 1648//61
f 1583//61 1584//61 1648//61
f 1648//61 1584//61 1649//61
f 1584//61 1585//61 1649//61
f 1649//61 1585//61 1650//61
f 1585//61 1586//61 1650//61
f 1650//61 1586//61 1651//61
f 1586//61 1587//61 1651//61
f 1651//61 1587//61 1652//61
f 1587//61 1588//61 1652//61
f 1652//61 1588//61 1653//61
f 1588//61 1589//61 1653//61
f 1653//61 1589//61 1654//61
f 1589//61 1590//61 1654//61
f 1654//61 1590//61 1655//190
f 1590//61 1591//182 1655//190
f 1655//190 1591//182 1656//182
f 1591//182 1592//190 1656//182
f 1656//182 1592//190 1657//61
f 1592//190 1593//61 1657//61
f 1657//61 1593//61 1658//61
f 1593//61 1594//61 1658//61
f 1658//61 1594//61 1659//61
f 1594//61 1595//190 1659//61
f 1659//61 1595//190 1660//204
f 1595//190 1596//182 1660//204
f 1660//204 1596//182 1661//190
f 1596//182 1597//61 1661//190
f 1661//190 1597//61 1662//61
f 1597//61 1598//181 1662//61
f 1662//61 1598//181 1663//359
f 1598//181 1599//182 1663//359
f 1663//359 1599//182 1664//181
f 1599//182 1600//61 1664//181
f 1664//181 1600//61 1665//61
f 1600//61 1601//181 1665//61
f 1665//61 1601//181 1666//204
f 1601//181 1602//182 1666//204
f 1666//204 1602//182 1667//190
f 1602//182 1603//61 1667//190
f 1667//190 1603//61 1668//176
f 1603//61 1604//182 1668//176
f 1668//176 1604//182 1669//219
f 1604//182 1605//219 1669//219
f 1669//219 1605//219 1670//182
f 1605//219 1606//169 1670//182
f 1670//182 1606//169 1671//289
f 1606//169 1607//299 1671//289
f 1671//289 1607//299 1672//231
f 1607//299 1608//300 1672//231
f 1672//231 1608//300 1673//267
f 1608//300 1609//290 1673//267
f 1673//267 1609//290 1674//267
f 1609//290 1610//328 1674//267
f 1674//267 1610//328 1675//328
f 1610//328 1611//328 1675//328
f 1675//328 1611//328 1676//292
f 1611//328 1612//311 1676//292
f 1676//292 1612//311 1677//291
f 1612//311 1613//328 1677//291
f 1677//291 1613//328 1678//360
f 1613//328 1614//328 1678//360
f 1678//360 1614//328 1679//337
f 1614//328 1615//301 1679//337
f 1679//337 1615//301 1680//361
f 1615//301 1616//354 1680//361
f 1680//361 1616//354 1681//362
f 1616//354 1617//355 1681//362
f 1682//119 1618//356 1683//363
f 1618//356 1619//273 1683//363
f 1683//363 1619//273 1684//123
f 1619//273 1620//43 1684//123
f 1684//123 1620//43 1685//157
f 1620//43 1621//70 1685//157
f 1685//157 1621//70 1686//25
f 1621//70 1622//27 1686//25
f 1686//25 1622//27 1687//364
f 1622//27 1623//42 1687//364
f 1687//364 1623//42 1688//27
f 1623//42 1624//43 1688//27
f 1688//27 1624//43 1689//28
f 1624//43 1625//142 1689//28
f 1689//28 1625//142 1690//46
f 1625//142 1626//29 1690//46
f 1690//46 1626//29 1691//104
f 1626//29 1627//76 1691//104
f 1691//104 1627//76 1692//75
f 1627//76 1628//48 1692//75
f 1692//75 1628//48 1693//60
f 1628//48 1629//357 1693//60
f 1693//60 1629//357 1694//61
f 1629//357 1630//358 1694//61
f 1694//61 1630//358 1695//77
f 1630//358 1631//62 1695//77
f 1695//77 1631//62 1696//77
f 1631//62 1632//79 1696//77
f 1696//77 1632//79 1697//61
f 1632//79 1633//79 1697//61
f 1697//61 1633//79 1698//116
f 1633//79 1634//62 1698//116
f 1698//116 1634//62 1699//79
f 1634//62 1635//61 1699//79
f 1699//79 1635//61 1700//61
f 1635//61 1636//61 1700//61
f 1700//61 1636//61 1701//77
f 1636//61 1637//62 1701//77
f 1701//77 1637//62 1702//77
f 1637//62 1638//79 1702//77
f 1702//77 1638//79 1703//61
f 1638//79 1639//61 1703//61
f 1703//61 1639//61 1704//61
f 1639//61 1640//61 1704//61
f 1704//61 1640//61 1705//91
f 1640//61 1641//62 1705//91
f 1705//91 1641//62 1706//116
f 1641//62 1642//79 1706//116
f 1706//116 1642//79 1707//61
f 1642//79 1643//61 1707//61
f 1707//61 1643//61 1708//61
f 1643//61 1644//61 1708//61
f 1708//61 1644//61 1709//61
f 1644//61 1645//61 1709//61
f 1709//61 1645//61 1710//61
f 1645//61 1646//61 1710//61
f 1710//61 1646//61 1711//61
f 1646//61 1647//61 1711//61
f 1711//61 1647//61 1712//61
f 1647//61 1648//61 1712//61
f 1712//61 1648//61 1713//61
f 1648//61 1649//61 1713//61
f 1713//61 1649//61 1714//61
f 1649//61 1650//61 1714//61
f 1714//61 1650//61 1715//61
f 1650//61 1651//61 1715//61
f 1715//61 1651//61 1716//61
f 1651//61 1652//61 1716//61
f 1716//61 1652//61 1717//61
f 1652//61 1653//61 1717//61
f 1717//61 1653//61 1718//61
f 1653//61 1654//61 1718//61
f 1718//61 1654//61 1719//61
f 1654//61 1655//190 1719//61
f 1719//61 1655//190 1720//204
f 1655//190 1656//182 1720//204
f 1720//204 1656//182 1721//190
f 1656//182 1657//61 1721//190
f 1721//190 1657//61 1722//61
f 1657//61 1658//61 1722//61
f 1722//61 1658//61 1723//61
f 1658//61 1659//61 1723//61
f 1723//61 1659//61 1724//169
f 1659//61 1660//204 1724//169
f 1724//169 1660//204 1725//169
f 1660//204 1661//190 1725//169
f 1725//169 1661//190 1726//61
f 1661//190 1662//61 1726//61
f 1726//61 1662//61 1727//181
f 1662//61 1663//359 1727//181
f 1727//181 1663//359 1728//182
f 1663//359 1664//181 1728//182
f 1728//182 1664//181 1729//61
f 1664//181 1665//61 1729//61
f 1729//61 1665//61 1730//169
f 1665//61 1666//204 1730//169
f 1730//169 1666//204 1731//169
f 1666//204 1667//190 1731//169
f 1731//169 1667//190 1732//169
f 1667//190 1668//176 1732//169
f 1732//169 1668//176 1733//169
f 1668//176 1669//219 1733//169
f 1733//169 1669//219 1734//182
f 1669//219 1670//182 1734//182
f 1734//182 1670//182 1735//309
f 1670//182 1671//289 1735//309
f 1735//309 1671//289 1736//289
f 1671//289 1672//231 1736//289
f 1736//289 1672//231 1737//267
f 1672//231 1673//267 1737//267
f 1737//267 1673//267 1738//290
f 1673//267 1674//267 1738//290
f 1738//290 1674//267 1739//301
f 1674//267 1675//328 1739//301
f 1739//301 1675//328 1740//301
f 1675//328 1676//292 1740//301
f 1740//301 1676//292 1741//365
f 1676//292 1677//291 1741//365
f 1741//365 1677//291 1742//337
f 1677//291 1678//360 1742//337
f 1742//337 1678//360 1743//366
f 1678//360 1679//337 1743//366
f 1743//366 1679//337 1744//254
f 1679//337 1680//361 1744//254
f 1744//254 1680//361 1745//367
f 1680//361 1681//362 1745//367
f 1745//367 1681//362 1746//355
f 1682//119 1683//363 1747//368
f 1747//368 1683//363 1748//156
f 1683//363 1684//123 1748//156
f 1748//156 1684//123 1749//70
f 1684//123 1685//157 1749//70
f 1749//70 1685//157 1750//157
f 1685//157 1686//25 1750//157
f 1750//157 1686//25 1751//43
f 1686//25 1687//364 1751//43
f 1751//43 1687//364 1752//44
f 1687//364 1688//27 1752//44
f 1752//44 1688//27 1753//16
f 1688//27 1689//28 1753//16
f 1753//16 1689//28 1754//351
f 1689//28 1690//46 1754//351
f 1754//351 1690//46 1755//59
f 1690//46 1691//104 1755//59
f 1755//59 1691//104 1756//79
f 1691//104 1692//75 1756//79
f 1756//79 1692//75 1757//369
f 1692//75 1693//60 1757//369
f 1757//369 1693//60 1758//76
f 1693//60 1694//61 1758//76
f 1758//76 1694//61 1759//79
f 1694//61 1695//77 1759//79
f 1759//79 1695//77 1760//62
f 1695//77 1696//77 1760//62
f 1760//62 1696//77 1761//61
f 1696//77 1697//61 1761//61
f 1761//61 1697//61 1762//91
f 1697//61 1698//116 1762//91
f 1762//91 1698//116 1763//115
f 1698//116 1699//79 1763//115
f 1763//115 1699//79 1764//61
f 1699//79 1700//61 1764//61
f 1764//61 1700//61 1765//77
f 1700//61 1701//77 1765//77
f 1765//77 1701//77 1766//78
f 1701//77 1702//77 1766//78
f 1766//78 1702//77 1767//61
f 1702//77 1703//61 1767//61
f 1767//61 1703//61 1768//61
f 1703//61 1704//61 1768//61
f 1768//61 1704//61 1769//61
f 1704//61 1705//91 1769//61
f 1769//61 1705//91 1770//62
f 1705//91 1706//116 1770//62
f 1770//62 1706//116 1771//91
f 1706//116 1707//61 1771//91
f 1771//91 1707//61 1772//61
f 1707//61 1708//61 1772//61
f 1772//61 1708//61 1773//61
f 1708//61 1709//61 1773//61
f 1773//61 1709//61 1774//61
f 1709//61 1710//61 1774//61
f 1774//61 1710//61 1775//61
f 1710//61 1711//61 1775//61
f 1775//61 1711//61 1776//61
f 1711//61 1712//61 1776//61
f 1776//61 1712//61 1777//61
f 1712//61 1713//61 1777//61
f 1777//61 1713//61 1778//61
f 1713//61 1714//61 1778//61
f 1778//61 1714//61 1779//61
f 1714//61 1715//61 1779//61
f 1779//61 1715//61 1780//61
f 1715//61 1716//61 1780//61
f 1780//61 1716//61 1781//61
f 1716//61 1717//61 1781//61
f 1781//61 1717//61 1782//61
f 1717//61 1718//61 1782//61
f 1782//61 1718//61 1783//61
f 1718//61 1719//61 1783//61
f 1783//61 1719//61 1784//181
f 1719//61 1720//204 1784//181
f 1784//181 1720//204 1785//182
f 1720//204 1721//190 1785//182
f 1785//182 1721//190 1786//61
f 1721//190 1722//61 1786//61
f 1786//61 1722//61 1787//61
f 1722//61 1723//61 1787//61
f 1787//61 1723//61 1788//190
f 1723//61 1724//169 1788//190
f 1788//190 1724//169 1789//182
f 1724//169 1725//169 1789//182
f 1789//182 1725//169 1790//61
f 1725//169 1726//61 1790//61
f 1790//61 1726//61 1791//61
f 1726//61 1727//181 1791//61
f 1791//61 1727//181 1792//204
f 1727//181 1728//182 1792//204
f 1792//204 1728//182 1793//190
f 1728//182 1729//61 1793//190
f 1793//190 1729//61 1794//176
f 1729//61 1730//169 1794//176
f 1794//176 1730//169 1795//176
f 1730//169 1731//169 1795//176
f 1795//176 1731//169 1796//181
f 1731//169 1732//169 1796//181
f 1796//181 1732//169 1797//182
f 1732//169 1733//169 1797//182
f 1797//182 1733//169 1798//181
f 1733//169 1734//182 1798//181
f 1798//181 1734//182 1799//370
f 1734//182 1735//309 1799//370
f 1799//370 1735//309 1800//299
f 1735//309 1736//289 1800//299
f 1800//299 1736//289 1801//254
f 1736//289 1737//267 1801//254
f 1801//254 1737//267 1802//290
f 1737//267 1738//290 1802//290
f 1802//290 1738//290 1803//328
f 1738//290 1739//301 1803//328
f 1803//328 1739//301 1804//328
f 1739//301 1740//301 1804//328
f 1804//328 1740//301 1805//311
f 1740//301 1741//365 1805//311
f 1805//311 1741//365 1806//365
f 1741//365 1742//337 1806//365
f 1806//365 1742//337 1807//268
f 1742//337 1743//366 1807//268
f 1807//268 1743//366 1808//290
f 1743//366 1744//254 1808//290
f 1808//290 1744//254 1809//371
f 1744//254 1745//367 1809//371
f 1809//371 1745//367 1810//372
f 1745//367 1746//355 1810//372
f 1811//217 1747//368 1812//373
f 1747//368 1748//156 1812//373
f 1812//373 1748//156 1813//70
f 1748//156 1749//70 1813//70
f 1813//70 1749//70 1814//27
f 1749//70 1750//157 1814//27
f 1814//27 1750//157 1815//42
f 1750//157 1751//43 1815//42
f 1815//42 1751//43 1816//103
f 1751//43 1752//44 1816//103
f 1816//103 1752//44 1817//44
f 1752//44 1753//16 1817//44
f 1817//44 1753//16 1818//158
f 1753//16 1754//351 1818//158
f 1818//158 1754//351 1819//46
f 1754//351 1755//59 1819//46
f 1819//46 1755//59 1820//125
f 1755//59 1756//79 1820//125
f 1820//125 1756//79 1821//78
f 1756//79 1757//369 1821//78
f 1821//78 1757//369 1822//105
f 1757//369 1758//76 1822//105
f 1822//105 1758//76 1823//76
f 1758//76 1759//79 1823//76
f 1823//76 1759//79 1824//62
f 1759//79 1760//62 1824//62
f 1824//62 1760//62 1825//79
f 1760//62 1761//61 1825//79
f 1825//79 1761//61 1826//61
f 1761//61 1762//91 1826//61
f 1826//61 1762//91 1827//62
f 1762//91 1763//115 1827//62
f 1827//62 1763//115 1828//91
f 1763//115 1764//61 1828//91
f 1828//91 1764//61 1829//91
f 1764//61 1765//77 1829//91
f 1829//91 1765//77 1830//116
f 1765//77 1766//78 1830//116
f 1830//116 1766//78 1831//61
f 1766//78 1767//61 1831//61
f 1831//61 1767//61 1832//61
f 1767//61 1768//61 1832//61
f 1832//61 1768//61 1833//61
f 1768//61 1769//61 1833//61
f 1833//61 1769//61 1834//79
f 1769//61 1770//62 1834//79
f 1834//79 1770//62 1835//62
f 1770//62 1771//91 1835//62
f 1835//62 1771//91 1836//61
f 1771//91 1772//61 1836//61
f 1836//61 1772//61 1837//61
f 1772//61 1773//61 1837//61
f 1837//61 1773//61 1838//61
f 1773//61 1774//61 1838//61
f 1838//61 1774//61 1839//61
f 1774//61 1775//61 1839//61
f 1839//61 1775//61 1840//61
f 1775//61 1776//61 1840//61
f 1840//61 1776//61 1841//61
f 1776//61 1777//61 1841//61
f 1841//61 1777//61 1842//61
f 1777//61 1778//61 1842//61
f 1842//61 1778//61 1843//61
f 1778//61 1779//61 1843//61
f 1843//61 1779//61 1844//61
f 1779//61 1780//61 1844//61
f 1844//61 1780//61 1845//61
f 1780//61 1781//61 1845//61
f 1845//61 1781//61 1846//61
f 1781//61 1782//61 1846//61
f 1846//61 1782//61 1847//61
f 1782//61 1783//61 1847//61
f 1847//61 1783//61 1848//61
f 1783//61 1784//181 1848//61
f 1848//61 1784//181 1849//182
f 1784//181 1785//182 1849//182
f 1849//182 1785//182 1850//181
f 1785//182 1786//61 1850//181
f 1850//181 1786//61 1851//61
f 1786//61 1787//61 1851//61
f 1851//61 1787//61 1852//61
f 1787//61 1788//190 1852//61
f 1852//61 1788//190 1853//204
f 1788//190 1789//182 1853//204
f 1853//204 1789//182 1854//190
f 1789//182 1790//61 1854//190
f 1854//190 1790//61 1855//61
f 1790//61 1791//61 1855//61
f 1855//61 1791//61 1856//169
f 1791//61 1792//204 1856//169
f 1856//169 1792//204 1857//169
f 1792//204 1793//190 1857//169
f 1857//169 1793//190 1858//181
f 1793//190 1794//176 1858//181
f 1858//181 1794//176 1859//182
f 1794//176 1795//176 1859//182
f 1859//182 1795//176 1860//61
f 1795//176 1796//181 1860//61
f 1860//61 1796//181 1861//204
f 1796//181 1797//182 1861//204
f 1861//204 1797//182 1862//190
f 1797//182 1798//181 1862//190
f 1862//190 1798//181 1863//204
f 1798//181 1799//370 1863//204
f 1863//204 1799//370 1864//374
f 1799//370 1800//299 1864//374
f 1864//374 1800//299 1865//300
f 1800//299 1801//254 1865//300
f 1865//300 1801//254 1866//254
f 1801//254 1802//290 1866//254
f 1866//254 1802//290 1867//267
f 1802//290 1803//328 1867//267
f 1867//267 1803//328 1868//328
f 1803//328 1804//328 1868//328
f 1868//328 1804//328 1869//292
f 1804//328 1805//311 1869//292
f 1869//292 1805//311 1870//365
f 1805//311 1806//365 1870//365
f 1870//365 1806//365 1871//291
f 1806//365 1807//268 1871//291
f 1871//291 1807//268 1872//292
f 1807//268 1808//290 1872//292
f 1872//292 1808//290 1873//375
f 1808//290 1809//371 1873//375
f 1873//375 1809//371 1874//376
f 1809//371 1810//372 1874//376
f 1874//376 1810//372 1875//377
f 1811//217 1812//373 1876//378
f 1876//378 1812//373 1877//307
f 1812//373 1813//70 1877//307
f 1877//307 1813//70 1878//25
f 1813//70 1814//27 1878//25
f 1878//25 1814//27 1879//16
f 1814//27 1815//42 1879//16
f 1879//16 1815//42 1880//16
f 1815//42 1816//103 1880//16
f 1880//16 1816//103 1881//103
f 1816//103 1817//44 1881//103
f 1881//103 1817//44 1882//25
f 1817//44 1818//158 1882//25
f 1882//25 1818//158 1883//175
f 1818//158 1819//46 1883//175
f 1883//175 1819//46 1884//143
f 1819//46 1820//125 1884//143
f 1884//143 1820//125 1885//78
f 1820//125 1821//78 1885//78
f 1885//78 1821//78 1886//89
f 1821//78 1822//105 1886//89
f 1886//89 1822//105 1887//62
f 1822//105 1823//76 1887//62
f 1887//62 1823//76 1888//62
f 1823//76 1824//62 1888//62
f 1888//62 1824//62 1889//62
f 1824//62 1825//79 1889//62
f 1889//62 1825//79 1890//61
f 1825//79 1826//61 1890//61
f 1890//61 1826//61 1891//79
f 1826//61 1827//62 1891//79
f 1891//79 1827//62 1892//62
f 1827//62 1828//91 1892//62
f 1892//62 1828//91 1893//61
f 1828//91 1829//91 1893//61
f 1893//61 1829//91 1894//76
f 1829//91 1830//116 1894//76
f 1894//76 1830//116 1895//76
f 1830//116 1831//61 1895//76
f 1895//76 1831//61 1896//61
f 1831//61 1832//61 1896//61
f 1896//61 1832//61 1897//61
f 1832//61 1833//61 1897//61
f 1897//61 1833//61 1898//61
f 1833//61 1834//79 1898//61
f 1898//61 1834//79 1899//62
f 1834//79 1835//62 1899//62
f 1899//62 1835//62 1900//91
f 1835//62 1836//61 1900//91
f 1900//91 1836//61 1901//61
f 1836//61 1837//61 1901//61
f 1901//61 1837//61 1902//61
f 1837//61 1838//61 1902//61
f 1902//61 1838//61 1903//61
f 1838//61 1839//61 1903//61
f 1903//61 1839//61 1904//61
f 1839//61 1840//61 1904//61
f 1904//61 1840//61 1905//61
f 1840//61 1841//61 1905//61
f 1905//61 1841//61 1906//61
f 1841//61 1842//61 1906//61
f 1906//61 1842//61 1907//61
f 1842//61 1843//61 1907//61
f 1907//61 1843//61 1908//61
f 1843//61 1844//61 1908//61
f 1908//61 1844//61 1909//61
f 1844//61 1845//61 1909//61
f 1909//61 1845//61 1910//61
f 1845//61 1846//61 1910//61
f 1910//61 1846//61 1911//61
f 1846//61 1847//61 1911//61
f 1911//61 1847//61 1912//61
f 1847//61 1848//61 1912//61
f 1912//61 1848//61 1913//169
f 1848//61 1849//182 1913//169
f 1913//169 1849//182 1914//176
f 1849//182 1850//181 1914//176
f 1914//176 1850//181 1915//61
f 1850//181 1851//61 1915//61
f 1915//61 1851//61 1916//61
f 1851//61 1852//61 1916//61
f 1916//61 1852//61 1917//169
f 1852//61 1853//204 1917//169
f 1917//169 1853//204 1918//169
f 1853//204 1854//190 1918//169
f 1918//169 1854//190 1919//61
f 1854//190 1855//61 1919//61
f 1919//61 1855//61 1920//181
f 1855//61 1856//169 1920//181
f 1920//181 1856//169 1921//182
f 1856//169 1857//169 1921//182
f 1921//182 1857//169 1922//61
f 1857//169 1858//181 1922//61
f 1922//61 1858//181 1923//204
f 1858//181 1859//182 1923//204
f 1923//204 1859//182 1924//181
f 1859//182 1860//61 1924//181
f 1924//181 1860//61 1925//169
f 1860//61 1861//204 1925//169
f 1925//169 1861//204 1926//169
f 1861//204 1862//190 1926//169
f 1926//169 1862//190 1927//169
f 1862//190 1863//204 1927//169
f 1927//169 1863//204 1928//288
f 1863//204 1864//374 1928//288
f 1928//288 1864//374 1929//318
f 1864//374 1865//300 1929//318
f 1929//318 1865//300 1930//267
f 1865//300 1866//254 1930//267
f 1930//267 1866//254 1931//254
f 1866//254 1867//267 1931//254
f 1931//254 1867//267 1932//301
f 1867//267 1868//328 1932//301
f 1932//301 1868//328 1933//301
f 1868//328 1869//292 1933//301
f 1933//301 1869//292 1934//365
f 1869//292 1870//365 1934//365
f 1934//365 1870//365 1935//365
f 1870//365 1871//291 1935//365
f 1935//365 1871//291 1936//301
f 1871//291 1872//292 1936//301
f 1936//301 1872//292 1937//291
f 1872//292 1873//375 1937//291
f 1937//291 1873//375 1938//379
f 1873//375 1874//376 1938//379
f 1938//379 1874//376 1939//380
f 1874//376 1875//377 1939//380
f 1940//381 1876//378 1941//40
f 1876//378 1877//307 1941//40
f 1941//40 1877//307 1942//157
f 1877//307 1878//25 1942//157
f 1942//157 1878//25 1943//17
f 1878//25 1879//16 1943//17
f 1943//17 1879//16 1944//44
f 1879//16 1880//16 1944//44
f 1944//44 1880//16 1945//27
f 1880//16 1881//103 1945//27
f 1945//27 1881//103 1946//43
f 1881//103 1882//25 1946//43
f 1946//43 1882//25 1947//103
f 1882//25 1883//175 1947//103
f 1947//103 1883//175 1948//46
f 1883//175 1884//143 1948//46
f 1948//46 1884//143 1949//47
f 1884//143 1885//78 1949//47
f 1949//47 1885//78 1950//76
f 1885//78 1886//89 1950//76
f 1950//76 1886//89 1951//79
f 1886//89 1887//62 1951//79
f 1951//79 1887//62 1952//62
f 1887//62 1888//62 1952//62
f 1952//62 1888//62 1953//76
f 1888//62 1889//62 1953//76
f 1953//76 1889//62 1954//76
f 1889//62 1890//61 1954//76
f 1954//76 1890//61 1955//61
f 1890//61 1891//79 1955//61
f 1955//61 1891//79 1956//62
f 1891//79 1892//62 1956//62
f 1956//62 1892//62 1957//79
f 1892//62 1893//61 1957//79
f 1957//79 1893//61 1958//61
f 1893//61 1894//76 1958//61
f 1958//61 1894//76 1959//62
f 1894//76 1895//76 1959//62
f 1959//62 1895//76 1960//91
f 1895//76 1896//61 1960//91
f 1960//91 1896//61 1961//61
f 1896//61 1897//61 1961//61
f 1961//61 1897//61 1962//61
f 1897//61 1898//61 1962//61
f 1962//61 1898//61 1963//77
f 1898//61 1899//62 1963//77
f 1963//77 1899//62 1964//77
f 1899//62 1900//91 1964//77
f 1964//77 1900//91 1965//61
f 1900//91 1901//61 1965//61
f 1965//61 1901//61 1966//61
f 1901//61 1902//61 1966//61
f 1966//61 1902//61 1967//61
f 1902//61 1903//61 1967//61
f 1967//61 1903//61 1968//61
f 1903//61 1904//61 1968//61
f 1968//61 1904//61 1969//61
f 1904//61 1905//61 1969//61
f 1969//61 1905//61 1970//61
f 1905//61 1906//61 1970//61
f 1970//61 1906//61 1971//61
f 1906//61 1907//61 1971//61
f 1971//61 1907//61 1972//61
f 1907//61 1908//61 1972//61
f 1972//61 1908//61 1973//61
f 1908//61 1909//61 1973//61
f 1973//61 1909//61 1974//61
f 1909//61 1910//61 1974//61
f 1974//61 1910//61 1975//61
f 1910//61 1911//61 1975//61
f 1975//61 1911//61 1976//61
f 1911//61 1912//61 1976//61
f 1976//61 1912//61 1977//169
f 1912//61 1913//169 1977//169
f 1977//169 1913//169 1978//169
f 1913//169 1914//176 1978//169
f 1978//169 1914//176 1979//61
f 1914//176 1915//61 1979//61
f 1979//61 1915//61 1980//61
f 1915//61 1916//61 1980//61
f 1980//61 1916//61 1981//181
f 1916//61 1917//169 1981//181
f 1981//181 1917//169 1982//182
f 1917//169 1918//169 1982//182
f 1982//182 1918//169 1983//61
f 1918//169 1919//61 1983//61
f 1983//61 1919//61 1984//61
f 1919//61 1920//181 1984//61
f 1984//61 1920//181 1985//204
f 1920//181 1921//182 1985//204
f 1985//204 1921//182 1986//190
f 1921//182 1922//61 1986//190
f 1986//190 1922//61 1987//176
f 1922//61 1923//204 1987//176
f 1987//176 1923//204 1988//169
f 1923//204 1924//181 1988//169
f 1988//169 1924//181 1989//176
f 1924//181 1925//169 1989//176
f 1989//176 1925//169 1990//176
f 1925//169 1926//169 1990//176
f 1990//176 1926//169 1991//181
f 1926//169 1927//169 1991//181
f 1991//181 1927//169 1992//182
f 1927//169 1928//288 1992//182
f 1992//182 1928//288 1993//299
f 1928//288 1929//318 1993//299
f 1993//299 1929//318 1994//382
f 1929//318 1930//267 1994//382
f 1994//382 1930//267 1995//267
f 1930//267 1931//254 1995//267
f 1995//267 1931//254 1996//311
f 1931//254 1932//301 1996//311
f 1996//311 1932//301 1997//301
f 1932//301 1933//301 1997//301
f 1997//301 1933//301 1998//302
f 1933//301 1934//365 1998//302
f 1998//302 1934//365 1999//383
f 1934//365 1935//365 1999//383
f 1999//383 1935//365 2000//281
f 1935//365 1936//301 2000//281
f 2000//281 1936//301 2001//311
f 1936//301 1937//291 2001//311
f 2001//311 1937//291 2002//290
f 1937//291 1938//379 2002//290
f 2002//290 1938//379 2003//384
f 1938//379 1939//380 2003//384
f 2003//384 1939//380 2004//385
f 2005//86 1940//381 2006//87
f 1940//381 1941//40 2006//87
f 2006//87 1941//40 2007//44
f 1941//40 1942//157 2007//44
f 2007//44 1942//157 2008//44
f 1942//157 1943//17 2008//44
f 2008//44 1943//17 2009//103
f 1943//17 1944//44 2009//103
f 2009//103 1944//44 2010//42
f 1944//44 1945//27 2010//42
f 2010//42 1945//27 2011//27
f 1945//27 1946//43 2011//27
f 2011//27 1946//43 2012//342
f 1946//43 1947//103 2012//342
f 2012//342 1947//103 2013//59
f 1947//103 1948//46 2013//59
f 2013//59 1948//46 2014//59
f 1948//46 1949//47 2014//59
f 2014//59 1949//47 2015//76
f 1949//47 1950//76 2015//76
f 2015//76 1950//76 2016//76
f 1950//76 1951//79 2016//76
f 2016//76 1951//79 2017//62
f 1951//79 1952//62 2017//62
f 2017//62 1952//62 2018//79
f 1952//62 1953//76 2018//79
f 2018//79 1953//76 2019//62
f 1953//76 1954//76 2019//62
f 2019//62 1954//76 2020//91
f 1954//76 1955//61 2020//91
f 2020//91 1955//61 2021//77
f 1955//61 1956//62 2021//77
f 2021//77 1956//62 2022//77
f 1956//62 1957//79 2022//77
f 2022//77 1957//79 2023//61
f 1957//79 1958//61 2023//61
f 2023//61 1958//61 2024//77
f 1958//61 1959//62 2024//77
f 2024//77 1959//62 2025//78
f 1959//62 1960//91 2025//78
f 2025//78 1960//91 2026//61
f 1960//91 1961//61 2026//61
f 2026//61 1961//61 2027//61
f 1961//61 1962//61 2027//61
f 2027//61 1962//61 2028//79
f 1962//61 1963//77 2028//79
f 2028//79 1963//77 2029//62
f 1963//77 1964//77 2029//62
f 2029//62 1964//77 2030//61
f 1964//77 1965//61 2030//61
f 2030//61 1965//61 2031//61
f 1965//61 1966//61 2031//61
f 2031//61 1966//61 2032//61
f 1966//61 1967//61 2032//61
f 2032//61 1967//61 2033//61
f 1967//61 1968//61 2033//61
f 2033//61 1968//61 2034//61
f 1968//61 1969//61 2034//61
f 2034//61 1969//61 2035//61
f 1969//61 1970//61 2035//61
f 2035//61 1970//61 2036//61
f 1970//61 1971//61 2036//61
f 2036//61 1971//61 2037//61
f 1971//61 1972//61 2037//61
f 2037//61 1972//61 2038//61
f 1972//61 1973//61 2038//61
f 2038//61 1973//61 2039//61
f 1973//61 1974//61 2039//61
f 2039//61 1974//61 2040//61
f 1974//61 1975//61 2040//61
f 2040//61 1975//61 2041//61
f 1975//61 1976//61 2041//61
f 2041//61 1976//61 2042//181
f 1976//61 1977//169 2042//181
f 2042//181 1977//169 2043//182
f 1977//169 1978//169 2043//182
f 2043//182 1978//169 2044//61
f 1978//169 1979//61 2044//61
f 2044//61 1979//61 2045//61
f 1979//61 1980//61 2045//61
f 2045//61 1980//61 2046//61
f 1980//61 1981//181 2046//61
f 2046//61 1981//181 2047//182
f 1981//181 1982//182 2047//182
f 2047//182 1982//182 2048//190
f 1982//182 1983//61 2048//190
f 2048//190 1983//61 2049//61
f 1983//61 1984//61 2049//61
f 2049//61 1984//61 2050//169
f 1984//61 1985//204 2050//169
f 2050//169 1985//204 2051//169
f 1985//204 1986//190 2051//169
f 2051//169 1986//190 2052//181
f 1986//190 1987//176 2052//181
f 2052//181 1987//176 2053//182
f 1987//176 1988//169 2053//182
f 2053//182 1988//169 2054//181
f 1988//169 1989//176 2054//181
f 2054//181 1989//176 2055//182
f 1989//176 1990//176 2055//182
f 2055//182 1990//176 2056//251
f 1990//176 1991//181 2056//251
f 2056//251 1991//181 2057//176
f 1991//181 1992//182 2057//176
f 2057//176 1992//182 2058//309
f 1992//182 1993//299 2058//309
f 2058//309 1993//299 2059//231
f 1993//299 1994//382 2059//231
f 2059//231 1994//382 2060//290
f 1994//382 1995//267 2060//290
f 2060//290 1995//267 2061//290
f 1995//267 1996//311 2061//290
f 2061//290 1996//311 2062//281
f 1996//311 1997//301 2062//281
f 2062//281 1997//301 2063//311
f 1997//301 1998//302 2063//311
f 2063//311 1998//302 2064//302
f 1998//302 1999//383 2064//302
f 2064//302 1999//383 2065//291
f 1999//383 2000//281 2065//291
f 2065//291 2000//281 2066//292
f 2000//281 2001//311 2066//292
f 2066//292 2001//311 2067//329
f 2001//311 2002//290 2067//329
f 2067//329 2002//290 2068//386
f 2002//290 2003//384 2068//386
f 2068//386 2003//384 2069//387
f 2003//384 2004//385 2069//387
f 2005//86 2006//87 2070//388
f 2070//388 2006//87 2071//389
f 2006//87 2007//44 2071//389
f 2071//389 2007//44 2072//390
f 2007//44 2008//44 2072//390
f 2072//390 2008//44 2073//16
f 2008//44 2009//103 2073//16
f 2073//16 2009//103 2074//69
f 2009//103 2010//42 2074//69
f 2074//69 2010//42 2075//44
f 2010//42 2011//27 2075//44
f 2075//44 2011//27 2076//391
f 2011//27 2012//342 2076//391
f 2076//391 2012//342 2077//124
f 2012//342 2013//59 2077//124
f 2077//124 2013//59 2078//59
f 2013//59 2014//59 2078//59
f 2078//59 2014//59 2079//61
f 2014//59 2015//76 2079//61
f 2079//61 2015//76 2080//62
f 2015//76 2016//76 2080//62
f 2080//62 2016//76 2081//90
f 2016//76 2017//62 2081//90
f 2081//90 2017//62 2082//77
f 2017//62 2018//79 2082//77
f 2082//77 2018//79 2083//77
f 2018//79 2019//62 2083//77
f 2083//77 2019//62 2084//77
f 2019//62 2020//91 2084//77
f 2084//77 2020//91 2085//91
f 2020//91 2021//77 2085//91
f 2085//91 2021//77 2086//62
f 2021//77 2022//77 2086//62
f 2086//62 2022//77 2087//61
f 2022//77 2023//61 2087//61
f 2087//61 2023//61 2088//91
f 2023//61 2024//77 2088//91
f 2088//91 2024//77 2089//62
f 2024//77 2025//78 2089//62
f 2089//62 2025//78 2090//61
f 2025//78 2026//61 2090//61
f 2090//61 2026//61 2091//61
f 2026//61 2027//61 2091//61
f 2091//61 2027//61 2092//61
f 2027//61 2028//79 2092//61
f 2092//61 2028//79 2093//62
f 2028//79 2029//62 2093//62
f 2093//62 2029//62 2094//91
f 2029//62 2030//61 2094//91
f 2094//91 2030//61 2095//61
f 2030//61 2031//61 2095//61
f 2095//61 2031//61 2096//61
f 2031//61 2032//61 2096//61
f 2096//61 2032//61 2097//61
f 2032//61 2033//61 2097//61
f 2097//61 2033//61 2098//61
f 2033//61 2034//61 2098//61
f 2098//61 2034//61 2099//61
f 2034//61 2035//61 2099//61
f 2099//61 2035//61 2100//61
f 2035//61 2036//61 2100//61
f 2100//61 2036//61 2101//61
f 2036//61 2037//61 2101//61
f 2101//61 2037//61 2102//61
f 2037//61 2038//61 2102//61
f 2102//61 2038//61 2103//61
f 2038//61 2039//61 2103//61
f 2103//61 2039//61 2104//61
f 2039//61 2040//61 2104//61
f 2104//61 2040//61 2105//61
f 2040//61 2041//61 2105//61
f 2105//61 2041//61 2106//61
f 2041//61 2042//181 2106//61
f 2106//61 2042//181 2107//198
f 2042//181 2043//182 2107//198
f 2107//198 2043//182 2108//198
f 2043//182 2044//61 2108//198
f 2108//198 2044//61 2109//61
f 2044//61 2045//61 2109//61
f 2109//61 2045//61 2110//61
f 2045//61 2046//61 2110//61
f 2110//61 2046//61 2111//190
f 2046//61 2047//182 2111//190
f 2111//190 2047//182 2112//182
f 2047//182 2048//190 2112//182
f 2112//182 2048//190 2113//61
f 2048//190 2049//61 2113//61
f 2113//61 2049//61 2114//181
f 2049//61 2050//169 2114//181
f 2114//181 2050//169 2115//182
f 2050//169 2051//169 2115//182
f 2115//182 2051//169 2116//61
f 2051//169 2052//181 2116//61
f 2116//61 2052//181 2117//182
f 2052//181 2053//182 2117//182
f 2117//182 2053//182 2118//181
f 2053//182 2054//181 2118//181
f 2118//181 2054//181 2119//182
f 2054//181 2055//182 2119//182
f 2119//182 2055//182 2120//204
f 2055//182 2056//251 2120//204
f 2120//204 2056//251 2121//169
f 2056//251 2057//176 2121//169
f 2121//169 2057//176 2122//392
f 2057//176 2058//309 2122//392
f 2122//392 2058//309 2123//299
f 2058//309 2059//231 2123//299
f 2123//299 2059//231 2124//328
f 2059//231 2060//290 2124//328
f 2124//328 2060//290 2125//375
f 2060//290 2061//290 2125//375
f 2125//375 2061//290 2126//290
f 2061//290 2062//281 2126//290
f 2126//290 2062//281 2127//292
f 2062//281 2063//311 2127//292
f 2127//292 2063//311 2128//281
f 2063//311 2064//302 2128//281
f 2128//281 2064//302 2129//328
f 2064//302 2065//291 2129//328
f 2129//328 2065//291 2130//311
f 2065//291 2066//292 2130//311
f 2130//311 2066//292 2131//291
f 2066//292 2067//329 2131//291
f 2131//291 2067//329 2132//290
f 2067//329 2068//386 2132//290
f 2132//290 2068//386 2133//393
f 2068//386 2069//387 2133//393
f 2133//393 2069//387 2134//394
f 2135//235 2070//388 2136//395
f 2070//388 2071//389 2136//395
f 2136//395 2071//389 2137//44
f 2071//389 2072//390 2137//44
f 2137//44 2072//390 2138//26
f 2072//390 2073//16 2138//26
f 2138//26 2073//16 2139//27
f 2073//16 2074//69 2139//27
f 2139//27 2074//69 2140//28
f 2074//69 2075//44 2140//28
f 2140//28 2075//44 2141//133
f 2075//44 2076//391 2141//133
f 2141//133 2076//391 2142//134
f 2076//391 2077//124 2142//134
f 2142//134 2077//124 2143//135
f 2077//124 2078//59 2143//135
f 2143//135 2078//59 2144//61
f 2078//59 2079//61 2144//61
f 2144//61 2079//61 2145//91
f 2079//61 2080//62 2145//91
f 2145//91 2080//62 2146//75
f 2080//62 2081//90 2146//75
f 2146//75 2081//90 2147//62
f 2081//90 2082//77 2147//62
f 2147//62 2082//77 2148//79
f 2082//77 2083//77 2148//79
f 2148//79 2083//77 2149//62
f 2083//77 2084//77 2149//62
f 2149//62 2084//77 2150//61
f 2084//77 2085//91 2150//61
f 2150//61 2085//91 2151//62
f 2085//91 2086//62 2151//62
f 2151//62 2086//62 2152//91
f 2086//62 2087//61 2152//91
f 2152//91 2087//61 2153//61
f 2087//61 2088//91 2153//61
f 2153//61 2088//91 2154//62
f 2088//91 2089//62 2154//62
f 2154//62 2089//62 2155//91
f 2089//62 2090//61 2155//91
f 2155//91 2090//61 2156//61
f 2090//61 2091//61 2156//61
f 2156//61 2091//61 2157//61
f 2091//61 2092//61 2157//61
f 2157//61 2092//61 2158//77
f 2092//61 2093//62 2158//77
f 2158//77 2093//62 2159//77
f 2093//62 2094//91 2159//77
f 2159//77 2094//91 2160//61
f 2094//91 2095//61 2160//61
f 2160//61 2095//61 2161//61
f 2095//61 2096//61 2161//61
f 2161//61 2096//61 2162//61
f 2096//61 2097//61 2162//61
f 2162//61 2097//61 2163//61
f 2097//61 2098//61 2163//61
f 2163//61 2098//61 2164//61
f 2098//61 2099//61 2164//61
f 2164//61 2099//61 2165//61
f 2099//61 2100//61 2165//61
f 2165//61 2100//61 2166//61
f 2100//61 2101//61 2166//61
f 2166//61 2101//61 2167//61
f 2101//61 2102//61 2167//61
f 2167//61 2102//61 2168//61
f 2102//61 2103//61 2168//61
f 2168//61 2103//61 2169//61
f 2103//61 2104//61 2169//61
f 2169//61 2104//61 2170//61
f 2104//61 2105//61 2170//61
f 2170//61 2105//61 2171//61
f 2105//61 2106//61 2171//61
f 2171//61 2106//61 2172//61
f 2106//61 2107//198 2172//61
f 2172//61 2107//198 2173//204
f 2107//198 2108//198 2173//204
f 2173//204 2108//198 2174//190
f 2108//198 2109//61 2174//190
f 2174//190 2109//61 2175//61
f 2109//61 2110//61 2175//61
f 2175//61 2110//61 2176//61
f 2110//61 2111//190 2176//61
f 2176//61 2111//190 2177//204
f 2111//190 2112//182 2177//204
f 2177//204 2112//182 2178//190
f 2112//182 2113//61 2178//190
f 2178//190 2113//61 2179//61
f 2113//61 2114//181 2179//61
f 2179//61 2114//181 2180//204
f 2114//181 2115//182 2180//204
f 2180//204 2115//182 2181//190
f 2115//182 2116//61 2181//190
f 2181//190 2116//61 2182//190
f 2116//61 2117//182 2182//190
f 2182//190 2117//182 2183//182
f 2117//182 2118//181 2183//182
f 2183//182 2118//181 2184//181
f 2118//181 2119//182 2184//181
f 2184//181 2119//182 2185//182
f 2119//182 2120//204 2185//182
f 2185//182 2120//204 2186//198
f 2120//204 2121//169 2186//198
f 2186//198 2121//169 2187//198
f 2121//169 2122//392 2187//198
f 2187//198 2122//392 2188//299
f 2122//392 2123//299 2188//299
f 2188//299 2123//299 2189//300
f 2123//299 2124//328 2189//300
f 2189//300 2124//328 2190//291
f 2124//328 2125//375 2190//291
f 2190//291 2125//375 2191//290
f 2125//375 2126//290 2191//290
f 2191//290 2126//290 2192//301
f 2126//290 2127//292 2192//301
f 2192//301 2127//292 2193//291
f 2127//292 2128//281 2193//291
f 2193//291 2128//281 2194//328
f 2128//281 2129//328 2194//328
f 2194//328 2129//328 2195//292
f 2129//328 2130//311 2195//292
f 2195//292 2130//311 2196//281
f 2130//311 2131//291 2196//281
f 2196//281 2131//291 2197//311
f 2131//291 2132//290 2197//311
f 2197//311 2132//290 2198//396
f 2132//290 2133//393 2198//396
f 2198//396 2133//393 2199//397
f 2133//393 2134//394 2199//397
f 2200//217 2135//235 2201//246
f 2135//235 2136//395 2201//246
f 2201//246 2136//395 2202//42
f 2136//395 2137//44 2202//42
f 2202//42 2137//44 2203//157
f 2137//44 2138//26 2203//157
f 2203//157 2138//26 2204//25
f 2138//26 2139//27 2204//25
f 2204//25 2139//27 2205//44
f 2139//27 2140//28 2205//44
f 2205//44 2140//28 2206//69
f 2140//28 2141//133 2206//69
f 2206//69 2141//133 2207//43
f 2141//133 2142//134 2207//43
f 2207//43 2142//134 2208//398
f 2142//134 2143//135 2208//398
f 2208//398 2143//135 2209//399
f 2143//135 2144//61 2209//399
f 2209//399 2144//61 2210//61
f 2144//61 2145//91 2210//61
f 2210//61 2145//91 2211//62
f 2145//91 2146//75 2211//62
f 2211//62 2146//75 2212//75
f 2146//75 2147//62 2212//75
f 2212//75 2147//62 2213//91
f 2147//62 2148//79 2213//91
f 2213//91 2148//79 2214//62
f 2148//79 2149//62 2214//62
f 2214//62 2149//62 2215//79
f 2149//62 2150//61 2215//79
f 2215//79 2150//61 2216//78
f 2150//61 2151//62 2216//78
f 2216//78 2151//62 2217//336
f 2151//62 2152//91 2217//336
f 2217//336 2152//91 2218//61
f 2152//91 2153//61 2218//61
f 2218//61 2153//61 2219//77
f 2153//61 2154//62 2219//77
f 2219//77 2154//62 2220//78
f 2154//62 2155//91 2220//78
f 2220//78 2155//91 2221//61
f 2155//91 2156//61 2221//61
f 2221//61 2156//61 2222//61
f 2156//61 2157//61 2222//61
f 2222//61 2157//61 2223//79
f 2157//61 2158//77 2223//79
f 2223//79 2158//77 2224//62
f 2158//77 2159//77 2224//62
f 2224//62 2159//77 2225//61
f 2159//77 2160//61 2225//61
f 2225//61 2160//61 2226//61
f 2160//61 2161//61 2226//61
f 2226//61 2161//61 2227//61
f 2161//61 2162//61 2227//61
f 2227//61 2162//61 2228//61
f 2162//61 2163//61 2228//61
f 2228//61 2163//61 2229//61
f 2163//61 2164//61 2229//61
f 2229//61 2164//61 2230//61
f 2164//61 2165//61 2230//61
f 2230//61 2165//61 2231//61
f 2165//61 2166//61 2231//61
f 2231//61 2166//61 2232//61
f 2166//61 2167//61 2232//61
f 2232//61 2167//61 2233//61
f 2167//61 2168//61 2233//61
f 2233//61 2168//61 2234//61
f 2168//61 2169//61 2234//61
f 2234//61 2169//61 2235//61
f 2169//61 2170//61 2235//61
f 2235//61 2170//61 2236//61
f 2170//61 2171//61 2236//61
f 2236//61 2171//61 2237//61
f 2171//61 2172//61 2237//61
f 2237//61 2172//61 2238//181
f 2172//61 2173//204 2238//181
f 2238//181 2173//204 2239//182
f 2173//204 2174//190 2239//182
f 2239//182 2174//190 2240//61
f 2174//190 2175//61 2240//61
f 2240//61 2175//61 2241//61
f 2175//61 2176//61 2241//61
f 2241//61 2176//61 2242//181
f 2176//61 2177//204 2242//181
f 2242//181 2177//204 2243//182
f 2177//204 2178//190 2243//182
f 2243//182 2178//190 2244//61
f 2178//190 2179//61 2244//61
f 2244//61 2179//61 2245//169
f 2179//61 2180//204 2245//169
f 2245//169 2180//204 2246//169
f 2180//204 2181//190 2246//169
f 2246//169 2181//190 2247//61
f 2181//190 2182//190 2247//61
f 2247//61 2182//190 2248//204
f 2182//190 2183//182 2248//204
f 2248//204 2183//182 2249//190
f 2183//182 2184//181 2249//190
f 2249//190 2184//181 2250//204
f 2184//181 2185//182 2250//204
f 2250//204 2185//182 2251//190
f 2185//182 2186//198 2251//190
f 2251//190 2186//198 2252//204
f 2186//198 2187//198 2252//204
f 2252//204 2187//198 2253//309
f 2187//198 2188//299 2253//309
f 2253//309 2188//299 2254//231
f 2188//299 2189//300 2254//231
f 2254//231 2189//300 2255//328
f 2189//300 2190//291 2255//328
f 2255//328 2190//291 2256//311
f 2190//291 2191//290 2256//311
f 2256//311 2191//290 2257//301
f 2191//290 2192//301 2257//301
f 2257//301 2192//301 2258//302
f 2192//301 2193//291 2258//302
f 2258//302 2193//291 2259//302
f 2193//291 2194//328 2259//302
f 2259//302 2194//328 2260//301
f 2194//328 2195//292 2260//301
f 2260//301 2195//292 2261//291
f 2195//292 2196//281 2261//291
f 2261//291 2196//281 2262//292
f 2196//281 2197//311 2262//292
f 2262//292 2197//311 2263//328
f 2197//311 2198//396 2263//328
f 2263//328 2198//396 2264//400
f 2198//396 2199//397 2264//400
f 2264//400 2199//397 2265//394
f 2200//217 2201//246 2266//401
f 2266//401 2201//246 2267//226
f 2201//246 2202//42 2267//226
f 2267//226 2202//42 2268//70
f 2202//42 2203//157 2268//70
f 2268//70 2203//157 2269//157
f 2203//157 2204//25 2269//157
f 2269//157 2204//25 2270//43
f 2204//25 2205//44 2270//43
f 2270//43 2205//44 2271//69
f 2205//44 2206//69 2271//69
f 2271//69 2206//69 2272//42
f 2206//69 2207//43 2272//42
f 2272//42 2207//43 2273//402
f 2207//43 2208//398 2273//402
f 2273//402 2208//398 2274//403
f 2208//398 2209//399 2274//403
f 2274//403 2209//399 2275//353
f 2209//399 2210//61 2276//404
f 2209//399 2276//404 2275//353
f 2210//61 2211//62 2276//404
f 2276//404 2211//62 2277//90
f 2211//62 2212//75 2277//90
f 2277//90 2212//75 2278//116
f 2212//75 2213//91 2278//116
f 2278//116 2213//91 2279//77
f 2213//91 2214//62 2279//77
f 2279//77 2214//62 2280//77
f 2214//62 2215//79 2280//77
f 2280//77 2215//79 2281//91
f 2215//79 2216//78 2281//91
f 2281//91 2216//78 2282//115
f 2216//78 2217//336 2282//115
f 2282//115 2217//336 2283//61
f 2217//336 2218//61 2283//61
f 2283//61 2218//61 2284//91
f 2218//61 2219//77 2284//91
f 2284//91 2219//77 2285//62
f 2219//77 2220//78 2285//62
f 2285//62 2220//78 2286//61
f 2220//78 2221//61 2286//61
f 2286//61 2221//61 2287//61
f 2221//61 2222//61 2287//61
f 2287//61 2222//61 2288//61
f 2222//61 2223//79 2288//61
f 2288//61 2223//79 2289//62
f 2223//79 2224//62 2289//62
f 2289//62 2224//62 2290//79
f 2224//62 2225//61 2290//79
f 2290//79 2225//61 2291//61
f 2225//61 2226//61 2291//61
f 2291//61 2226//61 2292//61
f 2226//61 2227//61 2292//61
f 2292//61 2227//61 2293//61
f 2227//61 2228//61 2293//61
f 2293//61 2228//61 2294//61
f 2228//61 2229//61 2294//61
f 2294//61 2229//61 2295//61
f 2229//61 2230//61 2295//61
f 2295//61 2230//61 2296//61
f 2230//61 2231//61 2296//61
f 2296//61 2231//61 2297//61
f 2231//61 2232//61 2297//61
f 2297//61 2232//61 2298//61
f 2232//61 2233//61 2298//61
f 2298//61 2233//61 2299//61
f 2233//61 2234//61 2299//61
f 2299//61 2234//61 2300//61
f 2234//61 2235//61 2300//61
f 2300//61 2235//61 2301//61
f 2235//61 2236//61 2301//61
f 2301//61 2236//61 2302//61
f 2236//61 2237//61 2302//61
f 2302//61 2237//61 2303//61
f 2237//61 2238//181 2303//61
f 2303//61 2238//181 2304//182
f 2238//181 2239//182 2304//182
f 2304//182 2239//182 2305//181
f 2239//182 2240//61 2305//181
f 2305//181 2240//61 2306//61
f 2240//61 2241//61 2306//61
f 2306//61 2241//61 2307//61
f 2241//61 2242//181 2307//61
f 2307//61 2242//181 2308//204
f 2242//181 2243//182 2308//204
f 2308//204 2243//182 2309//181
f 2243//182 2244//61 2309//181
f 2309//181 2244//61 2310//181
f 2244//61 2245//169 2310//181
f 2310//181 2245//169 2311//182
f 2245//169 2246//169 2311//182
f 2311//182 2246//169 2312//61
f 2246//169 2247//61 2312//61
f 2312//61 2247//61 2313//169
f 2247//61 2248//204 2313//169
f 2313//169 2248//204 2314//169
f 2248//204 2249//190 2314//169
f 2314//169 2249//190 2315//181
f 2249//190 2250//204 2315//181
f 2315//181 2250//204 2316//182
f 2250//204 2251//190 2316//182
f 2316//182 2251//190 2317//169
f 2251//190 2252//204 2317//169
f 2317//169 2252//204 2318//288
f 2252//204 2253//309 2318//288
f 2318//288 2253//309 2319//299
f 2253//309 2254//231 2319//299
f 2319//299 2254//231 2320//405
f 2254//231 2255//328 2320//405
f 2320//405 2255//328 2321//406
f 2255//328 2256//311 2321//406
f 2321//406 2256//311 2322//281
f 2256//311 2257//301 2322//281
f 2322//281 2257//301 2323//328
f 2257//301 2258//302 2323//328
f 2323//328 2258//302 2324//328
f 2258//302 2259//302 2324//328
f 2324//328 2259//302 2325//328
f 2259//302 2260//301 2325//328
f 2325//328 2260//301 2326//328
f 2260//301 2261//291 2326//328
f 2326//328 2261//291 2327//311
f 2261//291 2262//292 2327//311
f 2327//311 2262//292 2328//328
f 2262//292 2263//328 2328//328
f 2328//328 2263//328 2329//407
f 2263//328 2264//400 2329//407
f 2329//407 2264//400 2330//408
f 2264//400 2265//394 2330//408
f 2331//217 2266//401 2332//246
f 2266//401 2267//226 2332//246
f 2332//246 2267//226 2333//174
f 2267//226 2268//70 2333//174
f 2333//174 2268//70 2334//174
f 2268//70 2269//157 2334//174
f 2334//174 2269//157 2335//44
f 2269//157 2270//43 2335//44
f 2335//44 2270//43 2336//28
f 2270//43 2271//69 2336//28
f 2336//28 2271//69 2337//55
f 2271//69 2272//42 2337//55
f 2337//55 2272//42 2338//158
f 2272//42 2273//402 2338//158
f 2338//158 2273//402 2339//46
f 2273//402 2274//403 2339//46
f 2339//46 2274//403 2340//62
f 2274//403 2275//353 2340//62
f 2340//62 2275//353 2341//49
f 2275//353 2276//404 2342//358
f 2275//353 2342//358 2341//49
f 2276//404 2277//90 2342//358
f 2342//358 2277//90 2343//62
f 2277//90 2278//116 2343//62
f 2343//62 2278//116 2344//62
f 2278//116 2279//77 2344//62
f 2344//62 2279//77 2345//62
f 2279//77 2280//77 2345//62
f 2345//62 2280//77 2346//61
f 2280//77 2281//91 2346//61
f 2346//61 2281//91 2347//62
f 2281//91 2282//115 2347//62
f 2347//62 2282//115 2348//91
f 2282//115 2283//61 2348//91
f 2348//91 2283//61 2349//61
f 2283//61 2284//91 2349//61
f 2349//61 2284//91 2350//62
f 2284//91 2285//62 2350//62
f 2350//62 2285//62 2351//91
f 2285//62 2286//61 2351//91
f 2351//91 2286//61 2352//61
f 2286//61 2287//61 2352//61
f 2352//61 2287//61 2353//61
f 2287//61 2288//61 2353//61
f 2353//61 2288//61 2354//91
f 2288//61 2289//62 2354//91
f 2354//91 2289//62 2355//116
f 2289//62 2290//79 2355//116
f 2355//116 2290//79 2356//61
f 2290//79 2291//61 2356//61
f 2356//61 2291//61 2357//61
f 2291//61 2292//61 2357//61
f 2357//61 2292//61 2358//61
f 2292//61 2293//61 2358//61
f 2358//61 2293//61 2359//61
f 2293//61 2294//61 2359//61
f 2359//61 2294//61 2360//61
f 2294//61 2295//61 2360//61
f 2360//61 2295//61 2361//61
f 2295//61 2296//61 2361//61
f 2361//61 2296//61 2362//61
f 2296//61 2297//61 2362//61
f 2362//61 2297//61 2363//61
f 2297//61 2298//61 2363//61
f 2363//61 2298//61 2364//61
f 2298//61 2299//61 2364//61
f 2364//61 2299//61 2365//61
f 2299//61 2300//61 2365//61
f 2365//61 2300//61 2366//61
f 2300//61 2301//61 2366//61
f 2366//61 2301//61 2367//61
f 2301//61 2302//61 2367//61
f 2367//61 2302//61 2368//61
f 2302//61 2303//61 2368//61
f 2368//61 2303//61 2369//176
f 2303//61 2304//182 2369//176
f 2369//176 2304//182 2370//169
f 2304//182 2305//181 2370//169
f 2370//169 2305//181 2371//61
f 2305//181 2306//61 2371//61
f 2371//61 2306//61 2372//61
f 2306//61 2307//61 2372//61
f 2372//61 2307//61 2373//176
f 2307//61 2308//204 2373//176
f 2373//176 2308//204 2374//169
f 2308//204 2309//181 2374//169
f 2374//169 2309//181 2375//61
f 2309//181 2310//181 2375//61
f 2375//61 2310//181 2376//359
f 2310//181 2311//182 2376//359
f 2376//359 2311//182 2377//190
f 2311//182 2312//61 2377//190
f 2377//190 2312//61 2378//190
f 2312//61 2313//169 2378//190
f 2378//190 2313//169 2379//182
f 2313//169 2314//169 2379//182
f 2379//182 2314//169 2380//61
f 2314//169 2315//181 2380//61
f 2380//61 2315//181 2381//182
f 2315//181 2316//182 2381//182
f 2381//182 2316//182 2382//219
f 2316//182 2317//169 2382//219
f 2382//219 2317//169 2383//169
f 2317//169 2318//288 2383//169
f 2383//169 2318//288 2384//299
f 2318//288 2319//299 2384//299
f 2384//299 2319//299 2385//409
f 2319//299 2320//405 2385//409
f 2385//409 2320//405 2386//290
f 2320//405 2321//406 2386//290
f 2386//290 2321//406 2387//282
f 2321//406 2322//281 2387//282
f 2387//282 2322//281 2388//410
f 2322//281 2323//328 2388//410
f 2388//410 2323//328 2389//328
f 2323//328 2324//328 2389//328
f 2389//328 2324//328 2390//328
f 2324//328 2325//328 2390//328
f 2390//328 2325//328 2391//328
f 2325//328 2326//328 2391//328
f 2391//328 2326//328 2392//292
f 2326//328 2327//311 2392//292
f 2392//292 2327//311 2393//328
f 2327//311 2328//328 2393//328
f 2393//328 2328//328 2394//267
f 2328//328 2329//407 2394//267
f 2394//267 2329//407 2395//411
f 2329//407 2330//408 2395//411
f 2395//411 2330//408 2396//412
f 2331//217 2332//246 2397//413
f 2397//413 2332//246 2398//414
f 2332//246 2333//174 2398//414
f 2398//414 2333//174 2399//174
f 2333//174 2334//174 2399//174
f 2399//174 2334//174 2400//180
f 2334//174 2335//44 2400//180
f 2400//180 2335//44 2401//16
f 2335//44 2336//28 2401//16
f 2401//16 2336//28 2402//69
f 2336//28 2337//55 2402//69
f 2402//69 2337//55 2403//44
f 2337//55 2338//158 2403//44
f 2403//44 2338//158 2404//415
f 2338//158 2339//46 2404//415
f 2404//415 2339//46 2405//416
f 2339//46 2340//62 2405//416
f 2405//416 2340//62 2406//77
f 2340//62 2341//49 2406//77
f 2406//77 2341//49 2407//61
f 2341//49 2342//358 2407//61
f 2407//61 2342//358 2408//79
f 2342//358 2343//62 2408//79
f 2408//79 2343//62 2409//62
f 2343//62 2344//62 2409//62
f 2409//62 2344//62 2410//76
f 2344//62 2345//62 2410//76
f 2410//76 2345//62 2411//76
f 2345//62 2346//61 2411//76
f 2411//76 2346//61 2412//79
f 2346//61 2347//62 2412//79
f 2412//79 2347//62 2413//62
f 2347//62 2348//91 2413//62
f 2413//62 2348//91 2414//61
f 2348//91 2349//61 2414//61
f 2414//61 2349//61 2415//79
f 2349//61 2350//62 2415//79
f 2415//79 2350//62 2416//62
f 2350//62 2351//91 2416//62
f 2416//62 2351//91 2417//61
f 2351//91 2352//61 2417//61
f 2417//61 2352//61 2418//61
f 2352//61 2353//61 2418//61
f 2418//61 2353//61 2419//61
f 2353//61 2354//91 2419//61
f 2419//61 2354//91 2420//76
f 2354//91 2355//116 2420//76
f 2420//76 2355//116 2421//76
f 2355//116 2356//61 2421//76
f 2421//76 2356//61 2422//61
f 2356//61 2357//61 2422//61
f 2422//61 2357//61 2423//61
f 2357//61 2358//61 2423//61
f 2423//61 2358//61 2424//61
f 2358//61 2359//61 2424//61
f 2424//61 2359//61 2425//61
f 2359//61 2360//61 2425//61
f 2425//61 2360//61 2426//61
f 2360//61 2361//61 2426//61
f 2426//61 2361//61 2427//61
f 2361//61 2362//61 2427//61
f 2427//61 2362//61 2428//61
f 2362//61 2363//61 2428//61
f 2428//61 2363//61 2429//61
f 2363//61 2364//61 2429//61
f 2429//61 2364//61 2430//61
f 2364//61 2365//61 2430//61
f 2430//61 2365//61 2431//61
f 2365//61 2366//61 2431//61
f 2431//61 2366//61 2432//61
f 2366//61 2367//61 2432//61
f 2432//61 2367//61 2433//61
f 2367//61 2368//61 2433//61
f 2433//61 2368//61 2434//169
f 2368//61 2369//176 2434//169
f 2434//169 2369//176 2435//169
f 2369//176 2370//169 2435//169
f 2435//169 2370//169 2436//61
f 2370//169 2371//61 2436//61
f 2436//61 2371//61 2437//61
f 2371//61 2372//61 2437//61
f 2437//61 2372//61 2438//181
f 2372//61 2373//176 2438//181
f 2438//181 2373//176 2439//182
f 2373//176 2374//169 2439//182
f 2439//182 2374//169 2440//61
f 2374//169 2375//61 2440//61
f 2440//61 2375//61 2441//176
f 2375//61 2376//359 2441//176
f 2441//176 2376//359 2442//199
f 2376//359 2377//190 2442//199
f 2442//199 2377//190 2443//61
f 2377//190 2378//190 2443//61
f 2443//61 2378//190 2444//198
f 2378//190 2379//182 2444//198
f 2444//198 2379//182 2445//198
f 2379//182 2380//61 2445//198
f 2445//198 2380//61 2446//176
f 2380//61 2381//182 2446//176
f 2446//176 2381//182 2447//219
f 2381//182 2382//219 2447//219
f 2447//219 2382//219 2448//417
f 2382//219 2383//169 2448//417
f 2448//417 2383//169 2449//418
f 2383//169 2384//299 2449//418
f 2449//418 2384//299 2450//310
f 2384//299 2385//409 2450//310
f 2450//310 2385//409 2451//419
f 2385//409 2386//290 2451//419
f 2451//419 2386//290 2452//291
f 2386//290 2387//282 2452//291
f 2452//291 2387//282 2453//281
f 2387//282 2388//410 2453//281
f 2453//281 2388//410 2454//311
f 2388//410 2389//328 2454//311
f 2454//311 2389//328 2455//290
f 2389//328 2390//328 2455//290
f 2455//290 2390//328 2456//311
f 2390//328 2391//328 2456//311
f 2456//311 2391//328 2457//366
f 2391//328 2392//292 2457//366
f 2457//366 2392//292 2458//302
f 2392//292 2393//328 2458//302
f 2458//302 2393//328 2459//290
f 2393//328 2394//267 2459//290
f 2459//290 2394//267 2460//396
f 2394//267 2395//411 2460//396
f 2460//396 2395//411 2461//420
f 2395//411 2396//412 2461//420
f 2462//421 2397//413 2463//422
f 2397//413 2398//414 2463//422
f 2463//422 2398//414 2464//42
f 2398//414 2399//174 2464//42
f 2464//42 2399//174 2465//25
f 2399//174 2400//180 2465//25
f 2465//25 2400//180 2466//26
f 2400//180 2401//16 2466//26
f 2466//26 2401//16 2467//27
f 2401//16 2402//69 2467//27
f 2467//27 2402//69 2468//28
f 2402//69 2403//44 2468//28
f 2468//28 2403//44 2469//133
f 2403//44 2404//415 2469//133
f 2469//133 2404//415 2470//423
f 2404//415 2405//416 2470//423
f 2470//423 2405//416 2471//344
f 2405//416 2406//77 2471//344
f 2471//344 2406//77 2472//61
f 2406//77 2407//61 2472//61
f 2472//61 2407//61 2473//61
f 2407//61 2408//79 2473//61
f 2473//61 2408//79 2474//62
f 2408//79 2409//62 2474//62
f 2474//62 2409//62 2475//79
f 2409//62 2410//76 2475//79
f 2475//79 2410//76 2476//76
f 2410//76 2411//76 2476//76
f 2476//76 2411//76 2477//76
f 2411//76 2412//79 2477//76
f 2477//76 2412//79 2478//76
f 2412//79 2413//62 2478//76
f 2478//76 2413//62 2479//76
f 2413//62 2414//61 2479//76
f 2479//76 2414//61 2480//61
f 2414//61 2415//79 2480//61
f 2480//61 2415//79 2481//76
f 2415//79 2416//62 2481//76
f 2481//76 2416//62 2482//76
f 2416//62 2417//61 2482//76
f 2482//76 2417//61 2483//61
f 2417//61 2418//61 2483//61
f 2483//61 2418//61 2484//61
f 2418//61 2419//61 2484//61
f 2484//61 2419//61 2485//61
f 2419//61 2420//76 2485//61
f 2485//61 2420//76 2486//62
f 2420//76 2421//76 2486//62
f 2486//62 2421//76 2487//91
f 2421//76 2422//61 2487//91
f 2487//91 2422//61 2488//61
f 2422//61 2423//61 2488//61
f 2488//61 2423//61 2489//61
f 2423//61 2424//61 2489//61
f 2489//61 2424//61 2490//61
f 2424//61 2425//61 2490//61
f 2490//61 2425//61 2491//61
f 2425//61 2426//61 2491//61
f 2491//61 2426//61 2492//61
f 2426//61 2427//61 2492//61
f 2492//61 2427//61 2493//61
f 2427//61 2428//61 2493//61
f 2493//61 2428//61 2494//61
f 2428//61 2429//61 2494//61
f 2494//61 2429//61 2495//61
f 2429//61 2430//61 2495//61
f 2495//61 2430//61 2496//61
f 2430//61 2431//61 2496//61
f 2496//61 2431//61 2497//61
f 2431//61 2432//61 2497//61
f 2497//61 2432//61 2498//61
f 2432//61 2433//61 2498//61
f 2498//61 2433//61 2499//176
f 2433//61 2434//169 2499//176
f 2499//176 2434//169 2500//169
f 2434//169 2435//169 2500//169
f 2500//169 2435//169 2501//61
f 2435//169 2436//61 2501//61
f 2501//61 2436//61 2502//61
f 2436//61 2437//61 2502//61
f 2502//61 2437//61 2503//61
f 2437//61 2438//181 2503//61
f 2503//61 2438//181 2504//204
f 2438//181 2439//182 2504//204
f 2504//204 2439//182 2505//181
f 2439//182 2440//61 2505//181
f 2505//181 2440//61 2506//169
f 2440//61 2441//176 2506//169
f 2506//169 2441//176 2507//169
f 2441//176 2442//199 2507//169
f 2507//169 2442//199 2508//61
f 2442//199 2443//61 2508//61
f 2508//61 2443//61 2509//251
f 2443//61 2444//198 2509//251
f 2509//251 2444//198 2510//176
f 2444//198 2445//198 2510//176
f 2510//176 2445//198 2511//204
f 2445//198 2446//176 2511//204
f 2511//204 2446//176 2512//182
f 2446//176 2447//219 2512//182
f 2512//182 2447//219 2513//370
f 2447//219 2448//417 2513//370
f 2513//370 2448//417 2514//424
f 2448//417 2449//418 2514//424
f 2514//424 2449//418 2515//425
f 2449//418 2450//310 2515//425
f 2515//425 2450//310 2516//319
f 2450//310 2451//419 2516//319
f 2516//319 2451//419 2517//419
f 2451//419 2452//291 2517//419
f 2517//419 2452//291 2518//291
f 2452//291 2453//281 2518//291
f 2518//291 2453//281 2519//292
f 2453//281 2454//311 2519//292
f 2519//292 2454//311 2520//280
f 2454//311 2455//290 2520//280
f 2520//280 2455//290 2521//426
f 2455//290 2456//311 2521//426
f 2521//426 2456//311 2522//427
f 2456//311 2457//366 2522//427
f 2522//427 2457//366 2523//301
f 2457//366 2458//302 2523//301
f 2523//301 2458//302 2524//254
f 2458//302 2459//290 2524//254
f 2524//254 2459//290 2525//267
f 2459//290 2460//396 2525//267
f 2525//267 2460//396 2526//400
f 2460//396 2461//420 2526//400
f 2526//400 2461//420 2527//428
f 2528//429 2462//421 2529//430
f 2462//421 2463//422 2529//430
f 2529//430 2463//422 2530//274
f 2463//422 2464//42 2530//274
f 2530//274 2464//42 2531//131
f 2464//42 2465//25 2531//131
f 2531//131 2465//25 2532//157
f 2465//25 2466//26 2532//157
f 2532//157 2466//26 2533//25
f 2466//26 2467//27 2533//25
f 2533//25 2467//27 2534//44
f 2467//27 2468//28 2534//44
f 2534//44 2468//28 2535//69
f 2468//28 2469//133 2535//69
f 2535//69 2469//133 2536//402
f 2469//133 2470//423 2536//402
f 2536//402 2470//423 2537//431
f 2470//423 2471//344 2537//431
f 2537//431 2471//344 2538//76
f 2471//344 2472//61 2538//76
f 2538//76 2472//61 2539//61
f 2472//61 2473//61 2539//61
f 2539//61 2473//61 2540//77
f 2473//61 2474//62 2540//77
f 2540//77 2474//62 2541//77
f 2474//62 2475//79 2541//77
f 2541//77 2475//79 2542//61
f 2475//79 2476//76 2542//61
f 2542//61 2476//76 2543//62
f 2476//76 2477//76 2543//62
f 2543//62 2477//76 2544//79
f 2477//76 2478//76 2544//79
f 2544//79 2478//76 2545//62
f 2478//76 2479//76 2545//62
f 2545//62 2479//76 2546//91
f 2479//76 2480//61 2546//91
f 2546//91 2480//61 2547//61
f 2480//61 2481//76 2547//61
f 2547//61 2481//76 2548//62
f 2481//76 2482//76 2548//62
f 2548//62 2482//76 2549//79
f 2482//76 2483//61 2549//79
f 2549//79 2483//61 2550//61
f 2483//61 2484//61 2550//61
f 2550//61 2484//61 2551//61
f 2484//61 2485//61 2551//61
f 2551//61 2485//61 2552//79
f 2485//61 2486//62 2552//79
f 2552//79 2486//62 2553//62
f 2486//62 2487//91 2553//62
f 2553//62 2487//91 2554//61
f 2487//91 2488//61 2554//61
f 2554//61 2488//61 2555//61
f 2488//61 2489//61 2555//61
f 2555//61 2489//61 2556//61
f 2489//61 2490//61 2556//61
f 2556//61 2490//61 2557//61
f 2490//61 2491//61 2557//61
f 2557//61 2491//61 2558//61
f 2491//61 2492//61 2558//61
f 2558//61 2492//61 2559//61
f 2492//61 2493//61 2559//61
f 2559//61 2493//61 2560//61
f 2493//61 2494//61 2560//61
f 2560//61 2494//61 2561//61
f 2494//61 2495//61 2561//61
f 2561//61 2495//61 2562//61
f 2495//61 2496//61 2562//61
f 2562//61 2496//61 2563//61
f 2496//61 2497//61 2563//61
f 2563//61 2497//61 2564//61
f 2497//61 2498//61 2564//61
f 2564//61 2498//61 2565//169
f 2498//61 2499//176 2565//169
f 2565//169 2499//176 2566//169
f 2499//176 2500//169 2566//169
f 2566//169 2500//169 2567//61
f 2500//169 2501//61 2567//61
f 2567//61 2501//61 2568//61
f 2501//61 2502//61 2568//61
f 2568//61 2502//61 2569//61
f 2502//61 2503//61 2569//61
f 2569//61 2503//61 2570//176
f 2503//61 2504//204 2570//176
f 2570//176 2504//204 2571//169
f 2504//204 2505//181 2571//169
f 2571//169 2505//181 2572//181
f 2505//181 2506//169 2572//181
f 2572//181 2506//169 2573//182
f 2506//169 2507//169 2573//182
f 2573//182 2507//169 2574//61
f 2507//169 2508//61 2574//61
f 2574//61 2508//61 2575//176
f 2508//61 2509//251 2575//176
f 2575//176 2509//251 2576//263
f 2509//251 2510//176 2576//263
f 2576//263 2510//176 2577//264
f 2510//176 2511//204 2577//264
f 2577//264 2511//204 2578//182
f 2511//204 2512//182 2578//182
f 2578//182 2512//182 2579//219
f 2512//182 2513//370 2579//219
f 2579//219 2513//370 2580//432
f 2513//370 2514//424 2580//432
f 2580//432 2514//424 2581//300
f 2514//424 2515//425 2581//300
f 2581//300 2515//425 2582//290
f 2515//425 2516//319 2582//290
f 2582//290 2516//319 2583//254
f 2516//319 2517//419 2583//254
f 2583//254 2517//419 2584//319
f 2517//419 2518//291 2584//319
f 2584//319 2518//291 2585//301
f 2518//291 2519//292 2585//301
f 2585//301 2519//292 2586//291
f 2519//292 2520//280 2586//291
f 2586//291 2520//280 2587//291
f 2520//280 2521//426 2587//291
f 2587//291 2521//426 2588//427
f 2521//426 2522//427 2588//427
f 2588//427 2522//427 2589//328
f 2522//427 2523//301 2589//328
f 2589//328 2523//301 2590//255
f 2523//301 2524//254 2590//255
f 2590//255 2524//254 2591//254
f 2524//254 2525//267 2591//254
f 2591//254 2525//267 2592//433
f 2525//267 2526//400 2592//433
f 2592//433 2526//400 2593//434
f 2526//400 2527//428 2593//434
f 2594//119 2528//429 2595//435
f 2528//429 2529//430 2595//435
f 2595//435 2529//430 2596//17
f 2529//430 2530//274 2596//17
f 2596//17 2530//274 2597//227
f 2530//274 2531//131 2597//227
f 2597//227 2531//131 2598//227
f 2531//131 2532//157 2598//227
f 2598//227 2532//157 2599//42
f 2532//157 2533//25 2599//42
f 2599//42 2533//25 2600//43
f 2533//25 2534//44 2600//43
f 2600//43 2534//44 2601//69
f 2534//44 2535//69 2601//69
f 2601//69 2535//69 2602//436
f 2535//69 2536//402 2602//436
f 2602//436 2536//402 2603//46
f 2536//402 2537//431 2603//46
f 2603//46 2537//431 2604//62
f 2537//431 2538//76 2604//62
f 2604//62 2538//76 2605//91
f 2538//76 2539//61 2605//91
f 2605//91 2539//61 2606//79
f 2539//61 2540//77 2606//79
f 2606//79 2540//77 2607//62
f 2540//77 2541//77 2607//62
f 2607//62 2541//77 2608//61
f 2541//77 2542//61 2608//61
f 2608//61 2542//61 2609//77
f 2542//61 2543//62 2609//77
f 2609//77 2543//62 2610//77
f 2543//62 2544//79 2610//77
f 2610//77 2544//79 2611//91
f 2544//79 2545//62 2611//91
f 2611//91 2545//62 2612//115
f 2545//62 2546//91 2612//115
f 2612//115 2546//91 2613//61
f 2546//91 2547//61 2613//61
f 2613//61 2547//61 2614//79
f 2547//61 2548//62 2614//79
f 2614//79 2548//62 2615//116
f 2548//62 2549//79 2615//116
f 2615//116 2549//79 2616//61
f 2549//79 2550//61 2616//61
f 2616//61 2550//61 2617//61
f 2550//61 2551//61 2617//61
f 2617//61 2551//61 2618//61
f 2551//61 2552//79 2618//61
f 2618//61 2552//79 2619//76
f 2552//79 2553//62 2619//76
f 2619//76 2553//62 2620//76
f 2553//62 2554//61 2620//76
f 2620//76 2554//61 2621//61
f 2554//61 2555//61 2621//61
f 2621//61 2555//61 2622//61
f 2555//61 2556//61 2622//61
f 2622//61 2556//61 2623//61
f 2556//61 2557//61 2623//61
f 2623//61 2557//61 2624//61
f 2557//61 2558//61 2624//61
f 2624//61 2558//61 2625//61
f 2558//61 2559//61 2625//61
f 2625//61 2559//61 2626//61
f 2559//61 2560//61 2626//61
f 2626//61 2560//61 2627//61
f 2560//61 2561//61 2627//61
f 2627//61 2561//61 2628//61
f 2561//61 2562//61 2628//61
f 2628//61 2562//61 2629//61
f 2562//61 2563//61 2629//61
f 2629//61 2563//61 2630//61
f 2563//61 2564//61 2630//61
f 2630//61 2564//61 2631//176
f 2564//61 2565//169 2631//176
f 2631//176 2565//169 2632//176
f 2565//169 2566//169 2632//176
f 2632//176 2566//169 2633//61
f 2566//169 2567//61 2633//61
f 2633//61 2567//61 2634//61
f 2567//61 2568//61 2634//61
f 2634//61 2568//61 2635//61
f 2568//61 2569//61 2635//61
f 2635//61 2569//61 2636//169
f 2569//61 2570//176 2636//169
f 2636//169 2570//176 2637//169
f 2570//176 2571//169 2637//169
f 2637//169 2571//169 2638//61
f 2571//169 2572//181 2638//61
f 2638//61 2572//181 2639//204
f 2572//181 2573//182 2639//204
f 2639//204 2573//182 2640//190
f 2573//182 2574//61 2640//190
f 2640//190 2574//61 2641//190
f 2574//61 2575//176 2641//190
f 2641//190 2575//176 2642//182
f 2575//176 2576//263 2642//182
f 2642//182 2576//263 2643//61
f 2576//263 2577//264 2643//61
f 2643//61 2577//264 2644//176
f 2577//264 2578//182 2644//176
f 2644//176 2578//182 2645//219
f 2578//182 2579//219 2645//219
f 2645//219 2579//219 2646//437
f 2579//219 2580//432 2646//437
f 2646//437 2580//432 2647//231
f 2580//432 2581//300 2647//231
f 2647//231 2581//300 2648//267
f 2581//300 2582//290 2648//267
f 2648//267 2582//290 2649//255
f 2582//290 2583//254 2649//255
f 2649//255 2583//254 2650//290
f 2583//254 2584//319 2650//290
f 2650//290 2584//319 2651//301
f 2584//319 2585//301 2651//301
f 2651//301 2585//301 2652//302
f 2585//301 2586//291 2652//302
f 2652//302 2586//291 2653//302
f 2586//291 2587//291 2653//302
f 2653//302 2587//291 2654//383
f 2587//291 2588//427 2654//383
f 2654//383 2588//427 2655//328
f 2588//427 2589//328 2655//328
f 2655//328 2589//328 2656//328
f 2589//328 2590//255 2656//328
f 2656//328 2590//255 2657//290
f 2590//255 2591//254 2657//290
f 2657//290 2591//254 2658//438
f 2591//254 2592//433 2658//438
f 2658//438 2592//433 2659//439
f 2592//433 2593//434 2659//439
f 2594//119 2595//435 2660//440
f 2660//440 2595//435 2661//441
f 2595//435 2596//17 2661//441
f 2661//441 2596//17 2662//17
f 2596//17 2597//227 2662//17
f 2662//17 2597//227 2663//131
f 2597//227 2598//227 2663//131
f 2663//131 2598//227 2664//274
f 2598//227 2599//42 2664//274
f 2664//274 2599//42 2665//174
f 2599//42 2600//43 2665//174
f 2665//174 2600//43 2666//28
f 2600//43 2601//69 2666//28
f 2666//28 2601//69 2667//133
f 2601//69 2602//436 2667//133
f 2667//133 2602//436 2668//175
f 2602//436 2603//46 2668//175
f 2668//175 2603//46 2669//143
f 2603//46 2604//62 2669//143
f 2669//143 2604//62 2670//62
f 2604//62 2605//91 2670//62
f 2670//62 2605//91 2671//61
f 2605//91 2606//79 2671//61
f 2671//61 2606//79 2672//116
f 2606//79 2607//62 2672//116
f 2672//116 2607//62 2673//91
f 2607//62 2608//61 2673//91
f 2673//91 2608//61 2674//78
f 2608//61 2609//77 2674//78
f 2674//78 2609//77 2675//77
f 2609//77 2610//77 2675//77
f 2675//77 2610//77 2676//61
f 2610//77 2611//91 2676//61
f 2676//61 2611//91 2677//116
f 2611//91 2612//115 2677//116
f 2677//116 2612//115 2678//91
f 2612//115 2613//61 2678//91
f 2678//91 2613//61 2679//61
f 2613//61 2614//79 2679//61
f 2679//61 2614//79 2680//116
f 2614//79 2615//116 2680//116
f 2680//116 2615//116 2681//91
f 2615//116 2616//61 2681//91
f 2681//91 2616//61 2682//61
f 2616//61 2617//61 2682//61
f 2682//61 2617//61 2683//61
f 2617//61 2618//61 2683//61
f 2683//61 2618//61 2684//61
f 2618//61 2619//76 2684//61
f 2684//61 2619//76 2685//116
f 2619//76 2620//76 2685//116
f 2685//116 2620//76 2686//91
f 2620//76 2621//61 2686//91
f 2686//91 2621//61 2687//61
f 2621//61 2622//61 2687//61
f 2687//61 2622//61 2688//61
f 2622//61 2623//61 2688//61
f 2688//61 2623//61 2689//61
f 2623//61 2624//61 2689//61
f 2689//61 2624//61 2690//61
f 2624//61 2625//61 2690//61
f 2690//61 2625//61 2691//61
f 2625//61 2626//61 2691//61
f 2691//61 2626//61 2692//61
f 2626//61 2627//61 2692//61
f 2692//61 2627//61 2693//61
f 2627//61 2628//61 2693//61
f 2693//61 2628//61 2694//61
f 2628//61 2629//61 2694//61
f 2694//61 2629//61 2695//61
f 2629//61 2630//61 2695//61
f 2695//61 2630//61 2696//169
f 2630//61 2631//176 2696//169
f 2696//169 2631//176 2697//169
f 2631//176 2632//176 2697//169
f 2697//169 2632//176 2698//61
f 2632//176 2633//61 2698//61
f 2698//61 2633//61 2699//61
f 2633//61 2634//61 2699//61
f 2699//61 2634//61 2700//61
f 2634//61 2635//61 2700//61
f 2700//61 2635//61 2701//181
f 2635//61 2636//169 2701//181
f 2701//181 2636//169 2702//182
f 2636//169 2637//169 2702//182
f 2702//182 2637//169 2703//61
f 2637//169 2638//61 2703//61
f 2703//61 2638//61 2704//169
f 2638//61 2639//204 2704//169
f 2704//169 2639//204 2705//169
f 2639//204 2640//190 2705//169
f 2705//169 2640//190 2706//61
f 2640//190 2641//190 2706//61
f 2706//61 2641//190 2707//204
f 2641//190 2642//182 2707//204
f 2707//204 2642//182 2708//190
f 2642//182 2643//61 2708//190
f 2708//190 2643//61 2709//169
f 2643//61 2644//176 2709//169
f 2709//169 2644//176 2710//169
f 2644//176 2645//219 2710//169
f 2710//169 2645//219 2711//370
f 2645//219 2646//437 2711//370
f 2711//370 2646//437 2712//374
f 2646//437 2647//231 2712//374
f 2712//374 2647//231 2713//255
f 2647//231 2648//267 2713//255
f 2713//255 2648//267 2714//290
f 2648//267 2649//255 2714//290
f 2714//290 2649//255 2715//290
f 2649//255 2650//290 2715//290
f 2715//290 2650//290 2716//328
f 2650//290 2651//301 2716//328
f 2716//328 2651//301 2717//311
f 2651//301 2652//302 2717//311
f 2717//311 2652//302 2718//290
f 2652//302 2653//302 2718//290
f 2718//290 2653//302 2719//311
f 2653//302 2654//383 2719//311
f 2719//311 2654//383 2720//291
f 2654//383 2655//328 2720//291
f 2720//291 2655//328 2721//290
f 2655//328 2656//328 2721//290
f 2721//290 2656//328 2722//291
f 2656//328 2657//290 2722//291
f 2722//291 2657//290 2723//267
f 2657//290 2658//438 2723//267
f 2723//267 2658//438 2724//442
f 2658//438 2659//439 2724//442
f 2724//442 2659//439 2725//443
f 2660//440 2661//441 2726//444
f 2726//444 2661//441 2727//445
f 2661//441 2662//17 2727//445
f 2727//445 2662//17 2728//43
f 2662//17 2663//131 2728//43
f 2728//43 2663//131 2729//25
f 2663//131 2664//274 2729//25
f 2729//25 2664//274 2730//174
f 2664//274 2665//174 2730//174
f 2730//174 2665//174 2731//174
f 2665//174 2666//28 2731//174
f 2731//174 2666//28 2732//69
f 2666//28 2667//133 2732//69
f 2732//69 2667//133 2733//103
f 2667//133 2668//175 2733//103
f 2733//103 2668//175 2734//46
f 2668//175 2669//143 2734//46
f 2734//46 2669//143 2735//47
f 2669//143 2670//62 2735//47
f 2735//47 2670//62 2736//76
f 2670//62 2671//61 2736//76
f 2736//76 2671//61 2737//91
f 2671//61 2672//116 2737//91
f 2737//91 2672//116 2738//116
f 2672//116 2673//91 2738//116
f 2738//116 2673//91 2739//91
f 2673//91 2674//78 2739//91
f 2739//91 2674//78 2740//116
f 2674//78 2675//77 2740//116
f 2740//116 2675//77 2741//61
f 2675//77 2676//61 2741//61
f 2741//61 2676//61 2742//79
f 2676//61 2677//116 2742//79
f 2742//79 2677//116 2743//62
f 2677//116 2678//91 2743//62
f 2743//62 2678//91 2744//61
f 2678//91 2679//61 2744//61
f 2744//61 2679//61 2745//79
f 2679//61 2680//116 2745//79
f 2745//79 2680//116 2746//62
f 2680//116 2681//91 2746//62
f 2746//62 2681//91 2747//61
f 2681//91 2682//61 2747//61
f 2747//61 2682//61 2748//61
f 2682//61 2683//61 2748//61
f 2748//61 2683//61 2749//61
f 2683//61 2684//61 2749//61
f 2749//61 2684//61 2750//91
f 2684//61 2685//116 2750//91
f 2750//91 2685//116 2751//116
f 2685//116 2686//91 2751//116
f 2751//116 2686//91 2752//61
f 2686//91 2687//61 2752//61
f 2752//61 2687//61 2753//61
f 2687//61 2688//61 2753//61
f 2753//61 2688//61 2754//61
f 2688//61 2689//61 2754//61
f 2754//61 2689//61 2755//61
f 2689//61 2690//61 2755//61
f 2755//61 2690//61 2756//61
f 2690//61 2691//61 2756//61
f 2756//61 2691//61 2757//61
f 2691//61 2692//61 2757//61
f 2757//61 2692//61 2758//61
f 2692//61 2693//61 2758//61
f 2758//61 2693//61 2759//61
f 2693//61 2694//61 2759//61
f 2759//61 2694//61 2760//61
f 2694//61 2695//61 2760//61
f 2760//61 2695//61 2761//181
f 2695//61 2696//169 2761//181
f 2761//181 2696//169 2762//182
f 2696//169 2697//169 2762//182
f 2762//182 2697//169 2763//61
f 2697//169 2698//61 2763//61
f 2763//61 2698//61 2764//61
f 2698//61 2699//61 2764//61
f 2764//61 2699//61 2765//61
f 2699//61 2700//61 2765//61
f 2765//61 2700//61 2766//61
f 2700//61 2701//181 2766//61
f 2766//61 2701//181 2767//204
f 2701//181 2702//182 2767//204
f 2767//204 2702//182 2768//190
f 2702//182 2703//61 2768//190
f 2768//190 2703//61 2769//181
f 2703//61 2704//169 2769//181
f 2769//181 2704//169 2770//204
f 2704//169 2705//169 2770//204
f 2770//204 2705//169 2771//61
f 2705//169 2706//61 2771//61
f 2771//61 2706//61 2772//169
f 2706//61 2707//204 2772//169
f 2772//169 2707//204 2773//169
f 2707//204 2708//190 2773//169
f 2773//169 2708//190 2774//169
f 2708//190 2709//169 2774//169
f 2774//169 2709//169 2775//169
f 2709//169 2710//169 2775//169
f 2775//169 2710//169 2776//176
f 2710//169 2711//370 2776//176
f 2776//176 2711//370 2777//432
f 2711//370 2712//374 2777//432
f 2777//432 2712//374 2778//300
f 2712//374 2713//255 2778//300
f 2778//300 2713//255 2779//301
f 2713//255 2714//290 2779//301
f 2779//301 2714//290 2780//254
f 2714//290 2715//290 2780//254
f 2780//254 2715//290 2781//255
f 2715//290 2716//328 2781//255
f 2781//255 2716//328 2782//292
f 2716//328 2717//311 2782//292
f 2782//292 2717//311 2783//328
f 2717//311 2718//290 2783//328
f 2783//328 2718//290 2784//328
f 2718//290 2719//311 2784//328
f 2784//328 2719//311 2785//365
f 2719//311 2720//291 2785//365
f 2785//365 2720//291 2786//290
f 2720//291 2721//290 2786//290
f 2786//290 2721//290 2787//311
f 2721//290 2722//291 2787//311
f 2787//311 2722//291 2788//319
f 2722//291 2723//267 2788//319
f 2788//319 2723//267 2789//446
f 2723//267 2724//442 2789//446
f 2789//446 2724//442 2790//447
f 2724//442 2725//443 2790//447
f 2791//448 2726//444 2792//449
f 2726//444 2727//445 2792//449
f 2792//449 2727//445 2793//123
f 2727//445 2728//43 2793//123
f 2793//123 2728//43 2794//157
f 2728//43 2729//25 2794//157
f 2794//157 2729//25 2795//157
f 2729//25 2730//174 2795//157
f 2795//157 2730//174 2796//70
f 2730//174 2731//174 2796//70
f 2796//70 2731//174 2797//70
f 2731//174 2732//69 2797//70
f 2797//70 2732//69 2798//103
f 2732//69 2733//103 2798//103
f 2798//103 2733//103 2799//59
f 2733//103 2734//46 2799//59
f 2799//59 2734//46 2800//450
f 2734//46 2735//47 2800//450
f 2800//450 2735//47 2801//451
f 2735//47 2736//76 2801//451
f 2801//451 2736//76 2802//76
f 2736//76 2737//91 2802//76
f 2802//76 2737//91 2803//62
f 2737//91 2738//116 2803//62
f 2803//62 2738//116 2804//91
f 2738//116 2739//91 2804//91
f 2804//91 2739//91 2805//62
f 2739//91 2740//116 2805//62
f 2805//62 2740//116 2806//91
f 2740//116 2741//61 2806//91
f 2806//91 2741//61 2807//61
f 2741//61 2742//79 2807//61
f 2807//61 2742//79 2808//62
f 2742//79 2743//62 2808//62
f 2808//62 2743//62 2809//91
f 2743//62 2744//61 2809//91
f 2809//91 2744//61 2810//61
f 2744//61 2745//79 2810//61
f 2810//61 2745//79 2811//62
f 2745//79 2746//62 2811//62
f 2811//62 2746//62 2812//91
f 2746//62 2747//61 2812//91
f 2812//91 2747//61 2813//61
f 2747//61 2748//61 2813//61
f 2813//61 2748//61 2814//61
f 2748//61 2749//61 2814//61
f 2814//61 2749//61 2815//61
f 2749//61 2750//91 2815//61
f 2815//61 2750//91 2816//62
f 2750//91 2751//116 2816//62
f 2816//62 2751//116 2817//91
f 2751//116 2752//61 2817//91
f 2817//91 2752//61 2818//61
f 2752//61 2753//61 2818//61
f 2818//61 2753//61 2819//61
f 2753//61 2754//61 2819//61
f 2819//61 2754//61 2820//61
f 2754//61 2755//61 2820//61
f 2820//61 2755//61 2821//61
f 2755//61 2756//61 2821//61
f 2821//61 2756//61 2822//61
f 2756//61 2757//61 2822//61
f 2822//61 2757//61 2823//61
f 2757//61 2758//61 2823//61
f 2823//61 2758//61 2824//61
f 2758//61 2759//61 2824//61
f 2824//61 2759//61 2825//61
f 2759//61 2760//61 2825//61
f 2825//61 2760//61 2826//61
f 2760//61 2761//181 2826//61
f 2826//61 2761//181 2827//198
f 2761//181 2762//182 2827//198
f 2827//198 2762//182 2828//198
f 2762//182 2763//61 2828//198
f 2828//198 2763//61 2829//61
f 2763//61 2764//61 2829//61
f 2829//61 2764//61 2830//61
f 2764//61 2765//61 2830//61
f 2830//61 2765//61 2831//61
f 2765//61 2766//61 2831//61
f 2831//61 2766//61 2832//181
f 2766//61 2767//204 2832//181
f 2832//181 2767//204 2833//182
f 2767//204 2768//190 2833//182
f 2833//182 2768//190 2834//61
f 2768//190 2769//181 2834//61
f 2834//61 2769//181 2835//198
f 2769//181 2770//204 2835//198
f 2835//198 2770//204 2836//198
f 2770//204 2771//61 2836//198
f 2836//198 2771//61 2837//190
f 2771//61 2772//169 2837//190
f 2837//190 2772//169 2838//182
f 2772//169 2773//169 2838//182
f 2838//182 2773//169 2839//190
f 2773//169 2774//169 2839//190
f 2839//190 2774//169 2840//182
f 2774//169 2775//169 2840//182
f 2840//182 2775//169 2841//181
f 2775//169 2776//176 2841//181
f 2841//181 2776//176 2842//370
f 2776//176 2777//432 2842//370
f 2842//370 2777//432 2843//452
f 2777//432 2778//300 2843//452
f 2843//452 2778//300 2844//301
f 2778//300 2779//301 2844//301
f 2844//301 2779//301 2845//319
f 2779//301 2780//254 2845//319
f 2845//319 2780//254 2846//419
f 2780//254 2781//255 2846//419
f 2846//419 2781//255 2847//301
f 2781//255 2782//292 2847//301
f 2847//301 2782//292 2848//291
f 2782//292 2783//328 2848//291
f 2848//291 2783//328 2849//290
f 2783//328 2784//328 2849//290
f 2849//290 2784//328 2850//365
f 2784//328 2785//365 2850//365
f 2850//365 2785//365 2851//328
f 2785//365 2786//290 2851//328
f 2851//328 2786//290 2852//453
f 2786//290 2787//311 2852//453
f 2852//453 2787//311 2853//291
f 2787//311 2788//319 2853//291
f 2853//291 2788//319 2854//254
f 2788//319 2789//446 2854//254
f 2854//254 2789//446 2855//454
f 2789//446 2790//447 2855//454
f 2855//454 2790//447 2856//455
f 2857//456 2791//448 2858//457
f 2791//448 2792//449 2858//457
f 2858//457 2792//449 2859//70
f 2792//449 2793//123 2859//70
f 2859//70 2793//123 2860//27
f 2793//123 2794//157 2860//27
f 2860//27 2794//157 2861//42
f 2794//157 2795//157 2861//42
f 2861//42 2795//157 2862//43
f 2795//157 2796//70 2862//43
f 2862//43 2796//70 2863//70
f 2796//70 2797//70 2863//70
f 2863//70 2797//70 2864//44
f 2797//70 2798//103 2864//44
f 2864//44 2798//103 2865//59
f 2798//103 2799//59 2865//59
f 2865//59 2799//59 2866//159
f 2799//59 2800//450 2866//159
f 2866//159 2800//450 2867//458
f 2800//450 2801//451 2868//459
f 2800//450 2868//459 2867//458
f 2801//451 2802//76 2868//459
f 2868//459 2802//76 2869//105
f 2802//76 2803//62 2869//105
f 2869//105 2803//62 2870//62
f 2803//62 2804//91 2870//62
f 2870//62 2804//91 2871//77
f 2804//91 2805//62 2871//77
f 2871//77 2805//62 2872//78
f 2805//62 2806//91 2872//78
f 2872//78 2806//91 2873//61
f 2806//91 2807//61 2873//61
f 2873//61 2807//61 2874//91
f 2807//61 2808//62 2874//91
f 2874//91 2808//62 2875//115
f 2808//62 2809//91 2875//115
f 2875//115 2809//91 2876//61
f 2809//91 2810//61 2876//61
f 2876//61 2810//61 2877//79
f 2810//61 2811//62 2877//79
f 2877//79 2811//62 2878//62
f 2811//62 2812//91 2878//62
f 2878//62 2812//91 2879//61
f 2812//91 2813//61 2879//61
f 2879//61 2813//61 2880//61
f 2813//61 2814//61 2880//61
f 2880//61 2814//61 2881//61
f 2814//61 2815//61 2881//61
f 2881//61 2815//61 2882//77
f 2815//61 2816//62 2882//77
f 2882//77 2816//62 2883//78
f 2816//62 2817//91 2883//78
f 2883//78 2817//91 2884//61
f 2817//91 2818//61 2884//61
f 2884//61 2818//61 2885//61
f 2818//61 2819//61 2885//61
f 2885//61 2819//61 2886//61
f 2819//61 2820//61 2886//61
f 2886//61 2820//61 2887//61
f 2820//61 2821//61 2887//61
f 2887//61 2821//61 2888//61
f 2821//61 2822//61 2888//61
f 2888//61 2822//61 2889//61
f 2822//61 2823//61 2889//61
f 2889//61 2823//61 2890//61
f 2823//61 2824//61 2890//61
f 2890//61 2824//61 2891//61
f 2824//61 2825//61 2891//61
f 2891//61 2825//61 2892//61
f 2825//61 2826//61 2892//61
f 2892//61 2826//61 2893//61
f 2826//61 2827//198 2893//61
f 2893//61 2827//198 2894//204
f 2827//198 2828//198 2894//204
f 2894//204 2828//198 2895//190
f 2828//198 2829//61 2895//190
f 2895//190 2829//61 2896//61
f 2829//61 2830//61 2896//61
f 2896//61 2830//61 2897//61
f 2830//61 2831//61 2897//61
f 2897//61 2831//61 2898//61
f 2831//61 2832//181 2898//61
f 2898//61 2832//181 2899//204
f 2832//181 2833//182 2899//204
f 2899//204 2833//182 2900//181
f 2833//182 2834//61 2900//181
f 2900//181 2834//61 2901//61
f 2834//61 2835//198 2901//61
f 2901//61 2835//198 2902//204
f 2835//198 2836//198 2902//204
f 2902//204 2836//198 2903//190
f 2836//198 2837//190 2903//190
f 2903//190 2837//190 2904//204
f 2837//190 2838//182 2904//204
f 2904//204 2838//182 2905//190
f 2838//182 2839//190 2905//190
f 2905//190 2839//190 2906//204
f 2839//190 2840//182 2906//204
f 2906//204 2840//182 2907//190
f 2840//182 2841//181 2907//190
f 2907//190 2841//181 2908//204
f 2841//181 2842//370 2908//204
f 2908//204 2842//370 2909//460
f 2842//370 2843//452 2909//460
f 2909//460 2843//452 2910//461
f 2843//452 2844//301 2910//461
f 2910//461 2844//301 2911//290
f 2844//301 2845//319 2911//290
f 2911//290 2845//319 2912//254
f 2845//319 2846//419 2912//254
f 2912//254 2846//419 2913//319
f 2846//419 2847//301 2913//319
f 2913//319 2847//301 2914//302
f 2847//301 2848//291 2914//302
f 2914//302 2848//291 2915//302
f 2848//291 2849//290 2915//302
f 2915//302 2849//290 2916//301
f 2849//290 2850//365 2916//301
f 2916//301 2850//365 2917//291
f 2850//365 2851//328 2917//291
f 2917//291 2851//328 2918//291
f 2851//328 2852//453 2918//291
f 2918//291 2852//453 2919//291
f 2852//453 2853//291 2919//291
f 2919//291 2853//291 2920//255
f 2853//291 2854//254 2920//255
f 2920//255 2854//254 2921//462
f 2854//254 2855//454 2921//462
f 2921//462 2855//454 2922//463
f 2855//454 2856//455 2922//463
f 2923//217 2857//456 2924//464
f 2857//456 2858//457 2924//464
f 2924//464 2858//457 2925//228
f 2858//457 2859//70 2925//228
f 2925//228 2859//70 2926//25
f 2859//70 2860//27 2926//25
f 2926//25 2860//27 2927//26
f 2860//27 2861//42 2927//26
f 2927//26 2861//42 2928//27
f 2861//42 2862//43 2928//27
f 2928//27 2862//43 2929//42
f 2862//43 2863//70 2929//42
f 2929//42 2863//70 2930//44
f 2863//70 2864//44 2930//44
f 2930//44 2864//44 2931//197
f 2864//44 2865//59 2931//197
f 2931//197 2865//59 2932//46
f 2865//59 2866//159 2932//46
f 2932//46 2866//159 2933//465
f 2866//159 2867//458 2933//465
f 2933//465 2867//458 2934//466
f 2867//458 2868//459 2934//466
f 2934//466 2868//459 2935//344
f 2868//459 2869//105 2935//344
f 2935//344 2869//105 2936//75
f 2869//105 2870//62 2936//75
f 2936//75 2870//62 2937//62
f 2870//62 2871//77 2937//62
f 2937//62 2871//77 2938//62
f 2871//77 2872//78 2938//62
f 2938//62 2872//78 2939//61
f 2872//78 2873//61 2939//61
f 2939//61 2873//61 2940//61
f 2873//61 2874//91 2940//61
f 2940//61 2874//91 2941//62
f 2874//91 2875//115 2941//62
f 2941//62 2875//115 2942//91
f 2875//115 2876//61 2942//91
f 2942//91 2876//61 2943//61
f 2876//61 2877//79 2943//61
f 2943//61 2877//79 2944//76
f 2877//79 2878//62 2944//76
f 2944//76 2878//62 2945//76
f 2878//62 2879//61 2945//76
f 2945//76 2879//61 2946//61
f 2879//61 2880//61 2946//61
f 2946//61 2880//61 2947//61
f 2880//61 2881//61 2947//61
f 2947//61 2881//61 2948//91
f 2881//61 2882//77 2948//91
f 2948//91 2882//77 2949//116
f 2882//77 2883//78 2949//116
f 2949//116 2883//78 2950//61
f 2883//78 2884//61 2950//61
f 2950//61 2884//61 2951//61
f 2884//61 2885//61 2951//61
f 2951//61 2885//61 2952//61
f 2885//61 2886//61 2952//61
f 2952//61 2886//61 2953//61
f 2886//61 2887//61 2953//61
f 2953//61 2887//61 2954//61
f 2887//61 2888//61 2954//61
f 2954//61 2888//61 2955//61
f 2888//61 2889//61 2955//61
f 2955//61 2889//61 2956//61
f 2889//61 2890//61 2956//61
f 2956//61 2890//61 2957//61
f 2890//61 2891//61 2957//61
f 2957//61 2891//61 2958//61
f 2891//61 2892//61 2958//61
f 2958//61 2892//61 2959//61
f 2892//61 2893//61 2959//61
f 2959//61 2893//61 2960//181
f 2893//61 2894//204 2960//181
f 2960//181 2894//204 2961//182
f 2894//204 2895//190 2961//182
f 2961//182 2895//190 2962//61
f 2895//190 2896//61 2962//61
f 2962//61 2896//61 2963//61
f 2896//61 2897//61 2963//61
f 2963//61 2897//61 2964//61
f 2897//61 2898//61 2964//61
f 2964//61 2898//61 2965//176
f 2898//61 2899//204 2965//176
f 2965//176 2899//204 2966//169
f 2899//204 2900//181 2966//169
f 2966//169 2900//181 2967//61
f 2900//181 2901//61 2967//61
f 2967//61 2901//61 2968//181
f 2901//61 2902//204 2968//181
f 2968//181 2902//204 2969//182
f 2902//204 2903//190 2969//182
f 2969//182 2903//190 2970//181
f 2903//190 2904//204 2970//181
f 2970//181 2904//204 2971//182
f 2904//204 2905//190 2971//182
f 2971//182 2905//190 2972//169
f 2905//190 2906//204 2972//169
f 2972//169 2906//204 2973//169
f 2906//204 2907//190 2973//169
f 2973//169 2907//190 2974//176
f 2907//190 2908//204 2974//176
f 2974//176 2908//204 2975//467
f 2908//204 2909//460 2975//467
f 2975//467 2909//460 2976//468
f 2909//460 2910//461 2976//468
f 2976//468 2910//461 2977//291
f 2910//461 2911//290 2977//291
f 2977//291 2911//290 2978//254
f 2911//290 2912//254 2978//254
f 2978//254 2912//254 2979//290
f 2912//254 2913//319 2979//290
f 2979//290 2913//319 2980//302
f 2913//319 2914//302 2980//302
f 2980//302 2914//302 2981//302
f 2914//302 2915//302 2981//302
f 2981//302 2915//302 2982//301
f 2915//302 2916//301 2982//301
f 2982//301 2916//301 2983//301
f 2916//301 2917//291 2983//301
f 2983//301 2917//291 2984//301
f 2917//291 2918//291 2984//301
f 2984//301 2918//291 2985//291
f 2918//291 2919//291 2985//291
f 2985//291 2919//291 2986//290
f 2919//291 2920//255 2986//290
f 2986//290 2920//255 2987//254
f 2920//255 2921//462 2987//254
f 2987//254 2921//462 2988//469
f 2921//462 2922//463 2988//469
f 2988//469 2922//463 2989//470
f 2923//217 2924//464 2990//471
f 2990//471 2924//464 2991//472
f 2924//464 2925//228 2991//472
f 2991//472 2925//228 2992//17
f 2925//228 2926//25 2992//17
f 2992//17 2926//25 2993//157
f 2926//25 2927//26 2993//157
f 2993//157 2927//26 2994//25
f 2927//26 2928//27 2994//25
f 2994//25 2928//27 2995//26
f 2928//27 2929//42 2995//26
f 2995//26 2929//42 2996//44
f 2929//42 2930//44 2996//44
f 2996//44 2930//44 2997//133
f 2930//44 2931//197 2997//133
f 2997//133 2931//197 2998//473
f 2931//197 2932//46 2998//473
f 2998//473 2932//46 2999//474
f 2932//46 2933//465 2999//474
f 2999//474 2933//465 3000//61
f 2933//465 2934//466 3001//475
f 2933//465 3001//475 3000//61
f 2934//466 2935//344 3001//475
f 3001//475 2935//344 3002//75
f 2935//344 2936//75 3002//75
f 3002//75 2936//75 3003//116
f 2936//75 2937//62 3003//116
f 3003//116 2937//62 3004//76
f 2937//62 2938//62 3004//76
f 3004//76 2938//62 3005//76
f 2938//62 2939//61 3005//76
f 3005//76 2939//61 3006//61
f 2939//61 2940//61 3006//61
f 3006//61 2940//61 3007//77
f 2940//61 2941//62 3007//77
f 3007//77 2941//62 3008//78
f 2941//62 2942//91 3008//78
f 3008//78 2942//91 3009//61
f 2942//91 2943//61 3009//61
f 3009//61 2943//61 3010//61
f 2943//61 2944//76 3010//61
f 3010//61 2944//76 3011//62
f 2944//76 2945//76 3011//62
f 3011//62 2945//76 3012//79
f 2945//76 2946//61 3012//79
f 3012//79 2946//61 3013//61
f 2946//61 2947//61 3013//61
f 3013//61 2947//61 3014//61
f 2947//61 2948//91 3014//61
f 3014//61 2948//91 3015//62
f 2948//91 2949//116 3015//62
f 3015//62 2949//116 3016//91
f 2949//116 2950//61 3016//91
f 3016//91 2950//61 3017//61
f 2950//61 2951//61 3017//61
f 3017//61 2951//61 3018//61
f 2951//61 2952//61 3018//61
f 3018//61 2952//61 3019//61
f 2952//61 2953//61 3019//61
f 3019//61 2953//61 3020//61
f 2953//61 2954//61 3020//61
f 3020//61 2954//61 3021//61
f 2954//61 2955//61 3021//61
f 3021//61 2955//61 3022//61
f 2955//61 2956//61 3022//61
f 3022//61 2956//61 3023//61
f 2956//61 2957//61 3023//61
f 3023//61 2957//61 3024//61
f 2957//61 2958//61 3024//61
f 3024//61 2958//61 3025//61
f 2958//61 2959//61 3025//61
f 3025//61 2959//61 3026//61
f 2959//61 2960//181 3026//61
f 3026//61 2960//181 3027//198
f 2960//181 2961//182 3027//198
f 3027//198 2961//182 3028//198
f 2961//182 2962//61 3028//198
f 3028//198 2962//61 3029//61
f 2962//61 2963//61 3029//61
f 3029//61 2963//61 3030//61
f 2963//61 2964//61 3030//61
f 3030//61 2964//61 3031//181
f 2964//61 2965//176 3031//181
f 3031//181 2965//176 3032//182
f 2965//176 2966//169 3032//182
f 3032//182 2966//169 3033//61
f 2966//169 2967//61 3033//61
f 3033//61 2967//61 3034//61
f 2967//61 2968//181 3034//61
f 3034//61 2968//181 3035//359
f 2968//181 2969//182 3035//359
f 3035//359 2969//182 3036//181
f 2969//182 2970//181 3036//181
f 3036//181 2970//181 3037//204
f 2970//181 2971//182 3037//204
f 3037//204 2971//182 3038//219
f 2971//182 2972//169 3038//219
f 3038//219 2972//169 3039//169
f 2972//169 2973//169 3039//169
f 3039//169 2973//169 3040//176
f 2973//169 2974//176 3040//176
f 3040//176 2974//176 3041//467
f 2974//176 2975//467 3041//467
f 3041//467 2975//467 3042//310
f 2975//467 2976//468 3042//310
f 3042//310 2976//468 3043//383
f 2976//468 2977//291 3043//383
f 3043//383 2977//291 3044//360
f 2977//291 2978//254 3044//360
f 3044//360 2978//254 3045//476
f 2978//254 2979//290 3045//476
f 3045//476 2979//290 3046//302
f 2979//290 2980//302 3046//302
f 3046//302 2980//302 3047//302
f 2980//302 2981//302 3047//302
f 3047//302 2981//302 3048//301
f 2981//302 2982//301 3048//301
f 3048//301 2982//301 3049//301
f 2982//301 2983//301 3049//301
f 3049//301 2983//301 3050//290
f 2983//301 2984//301 3050//290
f 3050//290 2984//301 3051//311
f 2984//301 2985//291 3051//311
f 3051//311 2985//291 3052//302
f 2985//291 2986//290 3052//302
f 3052//302 2986//290 3053//254
f 2986//290 2987//254 3053//254
f 3053//254 2987//254 3054//477
f 2987//254 2988//469 3054//477
f 3054//477 2988//469 3055//478
f 2988//469 2989//470 3055//478
f 2990//471 2991//472 3056//479
f 3056//479 2991//472 3057//350
f 2991//472 2992//17 3057//350
f 3057//350 2992//17 3058//157
f 2992//17 2993//157 3058//157
f 3058//157 2993//157 3059//157
f 2993//157 2994//25 3059//157
f 3059//157 2994//25 3060//69
f 2994//25 2995//26 3060//69
f 3060//69 2995//26 3061//16
f 2995//26 2996//44 3061//16
f 3061//16 2996//44 3062//44
f 2996//44 2997//133 3062//44
f 3062//44 2997//133 3063//57
f 2997//133 2998//473 3063//57
f 3063//57 2998//473 3064//480
f 2998//473 2999//474 3065//481
f 2998//473 3065//481 3064//480
f 2999//474 3000//61 3066//482
f 2999//474 3066//482 3065//481
f 3000//61 3001//475 3066//482
f 3066//482 3001//475 3067//62
f 3001//475 3002//75 3067//62
f 3067//62 3002//75 3068//75
f 3002//75 3003//116 3068//75
f 3068//75 3003//116 3069//77
f 3003//116 3004//76 3069//77
f 3069//77 3004//76 3070//78
f 3004//76 3005//76 3070//78
f 3070//78 3005//76 3071//91
f 3005//76 3006//61 3071//91
f 3071//91 3006//61 3072//77
f 3006//61 3007//77 3072//77
f 3072//77 3007//77 3073//77
f 3007//77 3008//78 3073//77
f 3073//77 3008//78 3074//61
f 3008//78 3009//61 3074//61
f 3074//61 3009//61 3075//61
f 3009//61 3010//61 3075//61
f 3075//61 3010//61 3076//77
f 3010//61 3011//62 3076//77
f 3076//77 3011//62 3077//77
f 3011//62 3012//79 3077//77
f 3077//77 3012//79 3078//61
f 3012//79 3013//61 3078//61
f 3078//61 3013//61 3079//61
f 3013//61 3014//61 3079//61
f 3079//61 3014//61 3080//77
f 3014//61 3015//62 3080//77
f 3080//77 3015//62 3081//78
f 3015//62 3016//91 3081//78
f 3081//78 3016//91 3082//61
f 3016//91 3017//61 3082//61
f 3082//61 3017//61 3083//61
f 3017//61 3018//61 3083//61
f 3083//61 3018//61 3084//61
f 3018//61 3019//61 3084//61
f 3084//61 3019//61 3085//61
f 3019//61 3020//61 3085//61
f 3085//61 3020//61 3086//61
f 3020//61 3021//61 3086//61
f 3086//61 3021//61 3087//61
f 3021//61 3022//61 3087//61
f 3087//61 3022//61 3088//61
f 3022//61 3023//61 3088//61
f 3088//61 3023//61 3089//61
f 3023//61 3024//61 3089//61
f 3089//61 3024//61 3090//61
f 3024//61 3025//61 3090//61
f 3090//61 3025//61 3091//61
f 3025//61 3026//61 3091//61
f 3091//61 3026//61 3092//61
f 3026//61 3027//198 3092//61
f 3092//61 3027//198 3093//198
f 3027//198 3028//198 3093//198
f 3093//198 3028//198 3094//198
f 3028//198 3029//61 3094//198
f 3094//198 3029//61 3095//61
f 3029//61 3030//61 3095//61
f 3095//61 3030//61 3096//61
f 3030//61 3031//181 3096//61
f 3096//61 3031//181 3097//198
f 3031//181 3032//182 3097//198
f 3097//198 3032//182 3098//198
f 3032//182 3033//61 3098//198
f 3098//198 3033//61 3099//61
f 3033//61 3034//61 3099//61
f 3099//61 3034//61 3100//181
f 3034//61 3035//359 3100//181
f 3100//181 3035//359 3101//182
f 3035//359 3036//181 3101//182
f 3101//182 3036//181 3102//190
f 3036//181 3037//204 3102//190
f 3102//190 3037//204 3103//483
f 3037//204 3038//219 3103//483
f 3103//483 3038//219 3104//484
f 3038//219 3039//169 3104//484
f 3104//484 3039//169 3105//263
f 3039//169 3040//176 3105//263
f 3105//263 3040//176 3106//467
f 3040//176 3041//467 3106//467
f 3106//467 3041//467 3107//485
f 3041//467 3042//310 3107//485
f 3107//485 3042//310 3108//301
f 3042//310 3043//383 3108//301
f 3108//301 3043//383 3109//365
f 3043//383 3044//360 3109//365
f 3109//365 3044//360 3110//360
f 3044//360 3045//476 3110//360
f 3110//360 3045//476 3111//476
f 3045//476 3046//302 3111//476
f 3111//476 3046//302 3112//302
f 3046//302 3047//302 3112//302
f 3112//302 3047//302 3113//301
f 3047//302 3048//301 3113//301
f 3113//301 3048//301 3114//290
f 3048//301 3049//301 3114//290
f 3114//290 3049//301 3115//290
f 3049//301 3050//290 3115//290
f 3115//290 3050//290 3116//290
f 3050//290 3051//311 3116//290
f 3116//290 3051//311 3117//365
f 3051//311 3052//302 3117//365
f 3117//365 3052//302 3118//254
f 3052//302 3053//254 3118//254
f 3118//254 3053//254 3119//61
f 3053//254 3054//477 3119//61
f 3119//61 3054//477 3120//486
f 3054//477 3055//478 3120//486
f 3120//486 3055//478 3121//455
f 3122//487 3056//479 3123//211
f 3056//479 3057//350 3123//211
f 3123//211 3057//350 3124//44
f 3057//350 3058//157 3124//44
f 3124//44 3058//157 3125//44
f 3058//157 3059//157 3125//44
f 3125//44 3059//157 3126//69
f 3059//157 3060//69 3126//69
f 3126//69 3060//69 3127//103
f 3060//69 3061//16 3127//103
f 3127//103 3061//16 3128//26
f 3061//16 3062//44 3128//26
f 3128//26 3062//44 3129//158
f 3062//44 3063//57 3129//158
f 3129//158 3063//57 3130//59
f 3063//57 3064//480 3130//59
f 3130//59 3064//480 3131//488
f 3064//480 3065//481 3132//489
f 3064//480 3132//489 3131//488
f 3065//481 3066//482 3132//489
f 3132//489 3066//482 3133//490
f 3066//482 3067//62 3133//490
f 3133//490 3067//62 3134//90
f 3067//62 3068//75 3134//90
f 3134//90 3068//75 3135//75
f 3068//75 3069//77 3135//75
f 3135//75 3069//77 3136//78
f 3069//77 3070//78 3136//78
f 3136//78 3070//78 3137//89
f 3070//78 3071//91 3137//89
f 3137//89 3071//91 3138//79
f 3071//91 3072//77 3138//79
f 3138//79 3072//77 3139//62
f 3072//77 3073//77 3139//62
f 3139//62 3073//77 3140//61
f 3073//77 3074//61 3140//61
f 3140//61 3074//61 3141//61
f 3074//61 3075//61 3141//61
f 3141//61 3075//61 3142//77
f 3075//61 3076//77 3142//77
f 3142//77 3076//77 3143//78
f 3076//77 3077//77 3143//78
f 3143//78 3077//77 3144//61
f 3077//77 3078//61 3144//61
f 3144//61 3078//61 3145//61
f 3078//61 3079//61 3145//61
f 3145//61 3079//61 3146//79
f 3079//61 3080//77 3146//79
f 3146//79 3080//77 3147//116
f 3080//77 3081//78 3147//116
f 3147//116 3081//78 3148//61
f 3081//78 3082//61 3148//61
f 3148//61 3082//61 3149//61
f 3082//61 3083//61 3149//61
f 3149//61 3083//61 3150//61
f 3083//61 3084//61 3150//61
f 3150//61 3084//61 3151//61
f 3084//61 3085//61 3151//61
f 3151//61 3085//61 3152//61
f 3085//61 3086//61 3152//61
f 3152//61 3086//61 3153//61
f 3086//61 3087//61 3153//61
f 3153//61 3087//61 3154//61
f 3087//61 3088//61 3154//61
f 3154//61 3088//61 3155//61
f 3088//61 3089//61 3155//61
f 3155//61 3089//61 3156//61
f 3089//61 3090//61 3156//61
f 3156//61 3090//61 3157//61
f 3090//61 3091//61 3157//61
f 3157//61 3091//61 3158//61
f 3091//61 3092//61 3158//61
f 3158//61 3092//61 3159//61
f 3092//61 3093//198 3159//61
f 3159//61 3093//198 3160//198
f 3093//198 3094//198 3160//198
f 3160//198 3094//198 3161//198
f 3094//198 3095//61 3161//198
f 3161//198 3095//61 3162//61
f 3095//61 3096//61 3162//61
f 3162//61 3096//61 3163//61
f 3096//61 3097//198 3163//61
f 3163//61 3097//198 3164//198
f 3097//198 3098//198 3164//198
f 3164//198 3098//198 3165//198
f 3098//198 3099//61 3165//198
f 3165//198 3099//61 3166//61
f 3099//61 3100//181 3166//61
f 3166//61 3100//181 3167//198
f 3100//181 3101//182 3167//198
f 3167//198 3101//182 3168//198
f 3101//182 3102//190 3168//198
f 3168//198 3102//190 3169//204
f 3102//190 3103//483 3169//204
f 3169//204 3103//483 3170//491
f 3103//483 3104//484 3170//491
f 3170//491 3104//484 3171//219
f 3104//484 3105//263 3171//219
f 3171//219 3105//263 3172//492
f 3105//263 3106//467 3172//492
f 3172//492 3106//467 3173//310
f 3106//467 3107//485 3173//310
f 3173//310 3107//485 3174//301
f 3107//485 3108//301 3174//301
f 3174//301 3108//301 3175//301
f 3108//301 3109//365 3175//301
f 3175//301 3109//365 3176//383
f 3109//365 3110//360 3176//383
f 3176//383 3110//360 3177//290
f 3110//360 3111//476 3177//290
f 3177//290 3111//476 3178//319
f 3111//476 3112//302 3178//319
f 3178//319 3112//302 3179//301
f 3112//302 3113//301 3179//301
f 3179//301 3113//301 3180//254
f 3113//301 3114//290 3180//254
f 3180//254 3114//290 3181//280
f 3114//290 3115//290 3181//280
f 3181//280 3115//290 3182//375
f 3115//290 3116//290 3182//375
f 3182//375 3116//290 3183//291
f 3116//290 3117//365 3183//291
f 3183//291 3117//365 3184//280
f 3117//365 3118//254 3184//280
f 3184//280 3118//254 3185//493
f 3118//254 3119//61 3185//493
f 3185//493 3119//61 3186//494
f 3119//61 3120//486 3186//494
f 3186//494 3120//486 3187//495
f 3120//486 3121//455 3187//495
f 3188//217 3122//487 3189//496
f 3122//487 3123//211 3189//496
f 3189//496 3123//211 3190//44
f 3123//211 3124//44 3190//44
f 3190//44 3124//44 3191//44
f 3124//44 3125//44 3191//44
f 3191//44 3125//44 3192//26
f 3125//44 3126//69 3192//26
f 3192//26 3126//69 3193//69
f 3126//69 3127//103 3193//69
f 3193//69 3127//103 3194//17
f 3127//103 3128//26 3194//17
f 3194//17 3128//26 3195//25
f 3128//26 3129//158 3195//25
f 3195//25 3129//158 3196//286
f 3129//158 3130//59 3196//286
f 3196//286 3130//59 3197//104
f 3130//59 3131//488 3197//104
f 3197//104 3131//488 3198//61
f 3131//488 3132//489 3199//475
f 3131//488 3199//475 3198//61
f 3132//489 3133//490 3199//475
f 3199//475 3133//490 3200//62
f 3133//490 3134//90 3200//62
f 3200//62 3134//90 3201//62
f 3134//90 3135//75 3201//62
f 3201//62 3135//75 3202//105
f 3135//75 3136//78 3202//105
f 3202//105 3136//78 3203//76
f 3136//78 3137//89 3203//76
f 3203//76 3137//89 3204//61
f 3137//89 3138//79 3204//61
f 3204//61 3138//79 3205//62
f 3138//79 3139//62 3205//62
f 3205//62 3139//62 3206//79
f 3139//62 3140//61 3206//79
f 3206//79 3140//61 3207//61
f 3140//61 3141//61 3207//61
f 3207//61 3141//61 3208//77
f 3141//61 3142//77 3208//77
f 3208//77 3142//77 3209//77
f 3142//77 3143//78 3209//77
f 3209//77 3143//78 3210//61
f 3143//78 3144//61 3210//61
f 3210//61 3144//61 3211//61
f 3144//61 3145//61 3211//61
f 3211//61 3145//61 3212//61
f 3145//61 3146//79 3212//61
f 3212//61 3146//79 3213//62
f 3146//79 3147//116 3213//62
f 3213//62 3147//116 3214//91
f 3147//116 3148//61 3214//91
f 3214//91 3148//61 3215//61
f 3148//61 3149//61 3215//61
f 3215//61 3149//61 3216//61
f 3149//61 3150//61 3216//61
f 3216//61 3150//61 3217//61
f 3150//61 3151//61 3217//61
f 3217//61 3151//61 3218//61
f 3151//61 3152//61 3218//61
f 3218//61 3152//61 3219//61
f 3152//61 3153//61 3219//61
f 3219//61 3153//61 3220//61
f 3153//61 3154//61 3220//61
f 3220//61 3154//61 3221//61
f 3154//61 3155//61 3221//61
f 3221//61 3155//61 3222//61
f 3155//61 3156//61 3222//61
f 3222//61 3156//61 3223//61
f 3156//61 3157//61 3223//61
f 3223//61 3157//61 3224//61
f 3157//61 3158//61 3224//61
f 3224//61 3158//61 3225//61
f 3158//61 3159//61 3225//61
f 3225//61 3159//61 3226//61
f 3159//61 3160//198 3226//61
f 3226//61 3160//198 3227//198
f 3160//198 3161//198 3227//198
f 3227//198 3161//198 3228//198
f 3161//198 3162//61 3228//198
f 3228//198 3162//61 3229//61
f 3162//61 3163//61 3229//61
f 3229//61 3163//61 3230//61
f 3163//61 3164//198 3230//61
f 3230//61 3164//198 3231//204
f 3164//198 3165//198 3231//204
f 3231//204 3165//198 3232//181
f 3165//198 3166//61 3232//181
f 3232//181 3166//61 3233//61
f 3166//61 3167//198 3233//61
f 3233//61 3167//198 3234//204
f 3167//198 3168//198 3234//204
f 3234//204 3168//198 3235//219
f 3168//198 3169//204 3235//219
f 3235//219 3169//204 3236//497
f 3169//204 3170//491 3236//497
f 3236//497 3170//491 3237//498
f 3170//491 3171//219 3237//498
f 3237//498 3171//219 3238//309
f 3171//219 3172//492 3238//309
f 3238//309 3172//492 3239//310
f 3172//492 3173//310 3239//310
f 3239//310 3173//310 3240//301
f 3173//310 3174//301 3240//301
f 3240//301 3174//301 3241//301
f 3174//301 3175//301 3241//301
f 3241//301 3175//301 3242//301
f 3175//301 3176//383 3242//301
f 3242//301 3176//383 3243//291
f 3176//383 3177//290 3243//291
f 3243//291 3177//290 3244//290
f 3177//290 3178//319 3244//290
f 3244//290 3178//319 3245//301
f 3178//319 3179//301 3245//301
f 3245//301 3179//301 3246//254
f 3179//301 3180//254 3246//254
f 3246//254 3180//254 3247//254
f 3180//254 3181//280 3247//254
f 3247//254 3181//280 3248//291
f 3181//280 3182//375 3248//291
f 3248//291 3182//375 3249//290
f 3182//375 3183//291 3249//290
f 3249//290 3183//291 3250//291
f 3183//291 3184//280 3250//291
f 3250//291 3184//280 3251//267
f 3184//280 3185//493 3251//267
f 3251//267 3185//493 3252//254
f 3185//493 3186//494 3252//254
f 3252//254 3186//494 3253//499
f 3186//494 3187//495 3253//499
f 3253//499 3187//495 3254//500
f 3188//217 3189//496 3255//471
f 3255//471 3189//496 3256//501
f 3189//496 3190//44 3256//501
f 3256//501 3190//44 3257//42
f 3190//44 3191//44 3257//42
f 3257//42 3191//44 3258//157
f 3191//44 3192//26 3258//157
f 3258//157 3192//26 3259//44
f 3192//26 3193//69 3259//44
f 3259//44 3193//69 3260//212
f 3193//69 3194//17 3260//212
f 3260//212 3194//17 3261//42
f 3194//17 3195//25 3261//42
f 3261//42 3195//25 3262//71
f 3195//25 3196//286 3262//71
f 3262//71 3196//286 3263//46
f 3196//286 3197//104 3263//46
f 3263//46 3197//104 3264//61
f 3197//104 3198//61 3264//61
f 3264//61 3198//61 3265//61
f 3198//61 3199//475 3265//61
f 3265//61 3199//475 3266//62
f 3199//475 3200//62 3266//62
f 3266//62 3200//62 3267//90
f 3200//62 3201//62 3267//90
f 3267//90 3201//62 3268//77
f 3201//62 3202//105 3268//77
f 3268//77 3202//105 3269//62
f 3202//105 3203//76 3269//62
f 3269//62 3203//76 3270//91
f 3203//76 3204//61 3270//91
f 3270//91 3204//61 3271//77
f 3204//61 3205//62 3271//77
f 3271//77 3205//62 3272//77
f 3205//62 3206//79 3272//77
f 3272//77 3206//79 3273//61
f 3206//79 3207//61 3273//61
f 3273//61 3207//61 3274//79
f 3207//61 3208//77 3274//79
f 3274//79 3208//77 3275//62
f 3208//77 3209//77 3275//62
f 3275//62 3209//77 3276//61
f 3209//77 3210//61 3276//61
f 3276//61 3210//61 3277//61
f 3210//61 3211//61 3277//61
f 3277//61 3211//61 3278//61
f 3211//61 3212//61 3278//61
f 3278//61 3212//61 3279//91
f 3212//61 3213//62 3279//91
f 3279//91 3213//62 3280//116
f 3213//62 3214//91 3280//116
f 3280//116 3214//91 3281//61
f 3214//91 3215//61 3281//61
f 3281//61 3215//61 3282//61
f 3215//61 3216//61 3282//61
f 3282//61 3216//61 3283//61
f 3216//61 3217//61 3283//61
f 3283//61 3217//61 3284//61
f 3217//61 3218//61 3284//61
f 3284//61 3218//61 3285//61
f 3218//61 3219//61 3285//61
f 3285//61 3219//61 3286//61
f 3219//61 3220//61 3286//61
f 3286//61 3220//61 3287//61
f 3220//61 3221//61 3287//61
f 3287//61 3221//61 3288//61
f 3221//61 3222//61 3288//61
f 3288//61 3222//61 3289//61
f 3222//61 3223//61 3289//61
f 3289//61 3223//61 3290//61
f 3223//61 3224//61 3290//61
f 3290//61 3224//61 3291//61
f 3224//61 3225//61 3291//61
f 3291//61 3225//61 3292//61
f 3225//61 3226//61 3292//61
f 3292//61 3226//61 3293//61
f 3226//61 3227//198 3293//61
f 3293//61 3227//198 3294//198
f 3227//198 3228//198 3294//198
f 3294//198 3228//198 3295//198
f 3228//198 3229//61 3295//198
f 3295//198 3229//61 3296//61
f 3229//61 3230//61 3296//61
f 3296//61 3230//61 3297//190
f 3230//61 3231//204 3297//190
f 3297//190 3231//204 3298//182
f 3231//204 3232//181 3298//182
f 3298//182 3232//181 3299//251
f 3232//181 3233//61 3299//251
f 3299//251 3233//61 3300//263
f 3233//61 3234//204 3300//263
f 3300//263 3234//204 3301//497
f 3234//204 3235//219 3301//497
f 3301//497 3235//219 3302//497
f 3235//219 3236//497 3302//497
f 3302//497 3236//497 3303//497
f 3236//497 3237//498 3303//497
f 3303//497 3237//498 3304//467
f 3237//498 3238//309 3304//467
f 3304//467 3238//309 3305//310
f 3238//309 3239//310 3305//310
f 3305//310 3239//310 3306//301
f 3239//310 3240//301 3306//301
f 3306//301 3240//301 3307//301
f 3240//301 3241//301 3307//301
f 3307//301 3241//301 3308//301
f 3241//301 3242//301 3308//301
f 3308//301 3242//301 3309//302
f 3242//301 3243//291 3309//302
f 3309//302 3243//291 3310//302
f 3243//291 3244//290 3310//302
f 3310//302 3244//290 3311//290
f 3244//290 3245//301 3311//290
f 3311//290 3245//301 3312//267
f 3245//301 3246//254 3312//267
f 3312//267 3246//254 3313//254
f 3246//254 3247//254 3313//254
f 3313//254 3247//254 3314//301
f 3247//254 3248//291 3314//301
f 3314//301 3248//291 3315//302
f 3248//291 3249//290 3315//302
f 3315//302 3249//290 3316//302
f 3249//290 3250//291 3316//302
f 3316//302 3250//291 3317//319
f 3250//291 3251//267 3317//319
f 3317//319 3251//267 3318//254
f 3251//267 3252//254 3318//254
f 3318//254 3252//254 3319//477
f 3252//254 3253//499 3319//477
f 3319//477 3253//499 3320//502
f 3253//499 3254//500 3320//502
f 3255//471 3256//501 3321//503
f 3321//503 3256//501 3322//504
f 3256//501 3257//42 3322//504
f 3322//504 3257//42 3323//70
f 3257//42 3258//157 3323//70
f 3323//70 3258//157 3324//103
f 3258//157 3259//44 3324//103
f 3324//103 3259//44 3325//133
f 3259//44 3260//212 3325//133
f 3325//133 3260//212 3326//26
f 3260//212 3261//42 3326//26
f 3326//26 3261//42 3327//44
f 3261//42 3262//71 3327//44
f 3327//44 3262//71 3328//46
f 3262//71 3263//46 3328//46
f 3328//46 3263//46 3329//104
f 3263//46 3264//61 3329//104
f 3329//104 3264//61 3330//61
f 3264//61 3265//61 3330//61
f 3330//61 3265//61 3331//77
f 3265//61 3266//62 3331//77
f 3331//77 3266//62 3332//505
f 3266//62 3267//90 3332//505
f 3332//505 3267//90 3333//78
f 3267//90 3268//77 3333//78
f 3333//78 3268//77 3334//77
f 3268//77 3269//62 3334//77
f 3334//77 3269//62 3335//78
f 3269//62 3270//91 3335//78
f 3335//78 3270//91 3336//79
f 3270//91 3271//77 3336//79
f 3336//79 3271//77 3337//62
f 3271//77 3272//77 3337//62
f 3337//62 3272//77 3338//61
f 3272//77 3273//61 3338//61
f 3338//61 3273//61 3339//125
f 3273//61 3274//79 3339//125
f 3339//125 3274//79 3340//77
f 3274//79 3275//62 3340//77
f 3340//77 3275//62 3341//79
f 3275//62 3276//61 3341//79
f 3341//79 3276//61 3342//61
f 3276//61 3277//61 3342//61
f 3342//61 3277//61 3343//61
f 3277//61 3278//61 3343//61
f 3343//61 3278//61 3344//61
f 3278//61 3279//91 3344//61
f 3344//61 3279//91 3345//62
f 3279//91 3280//116 3345//62
f 3345//62 3280//116 3346//91
f 3280//116 3281//61 3346//91
f 3346//91 3281//61 3347//61
f 3281//61 3282//61 3347//61
f 3347//61 3282//61 3348//61
f 3282//61 3283//61 3348//61
f 3348//61 3283//61 3349//61
f 3283//61 3284//61 3349//61
f 3349//61 3284//61 3350//61
f 3284//61 3285//61 3350//61
f 3350//61 3285//61 3351//61
f 3285//61 3286//61 3351//61
f 3351//61 3286//61 3352//61
f 3286//61 3287//61 3352//61
f 3352//61 3287//61 3353//61
f 3287//61 3288//61 3353//61
f 3353//61 3288//61 3354//61
f 3288//61 3289//61 3354//61
f 3354//61 3289//61 3355//61
f 3289//61 3290//61 3355//61
f 3355//61 3290//61 3356//61
f 3290//61 3291//61 3356//61
f 3356//61 3291//61 3357//61
f 3291//61 3292//61 3357//61
f 3357//61 3292//61 3358//61
f 3292//61 3293//61 3358//61
f 3358//61 3293//61 3359//61
f 3293//61 3294//198 3359//61
f 3359//61 3294//198 3360//182
f 3294//198 3295//198 3360//182
f 3360//182 3295//198 3361//181
f 3295//198 3296//61 3361//181
f 3361//181 3296//61 3362//61
f 3296//61 3297//190 3362//61
f 3362//61 3297//190 3363//204
f 3297//190 3298//182 3363//204
f 3363//204 3298//182 3364//204
f 3298//182 3299//251 3364//204
f 3364//204 3299//251 3365//169
f 3299//251 3300//263 3365//169
f 3365//169 3300//263 3366//276
f 3300//263 3301//497 3366//276
f 3366//276 3301//497 3367//497
f 3301//497 3302//497 3367//497
f 3367//497 3302//497 3368//497
f 3302//497 3303//497 3368//497
f 3368//497 3303//497 3369//467
f 3303//497 3304//467 3369//467
f 3369//467 3304//467 3370//310
f 3304//467 3305//310 3370//310
f 3370//310 3305//310 3371//301
f 3305//310 3306//301 3371//301
f 3371//301 3306//301 3372//301
f 3306//301 3307//301 3372//301
f 3372//301 3307//301 3373//290
f 3307//301 3308//301 3373//290
f 3373//290 3308//301 3374//328
f 3308//301 3309//302 3374//328
f 3374//328 3309//302 3375//328
f 3309//302 3310//302 3375//328
f 3375//328 3310//302 3376//290
f 3310//302 3311//290 3376//290
f 3376//290 3311//290 3377//254
f 3311//290 3312//267 3377//254
f 3377//254 3312//267 3378//290
f 3312//267 3313//254 3378//290
f 3378//290 3313//254 3379//301
f 3313//254 3314//301 3379//301
f 3379//301 3314//301 3380//302
f 3314//301 3315//302 3380//302
f 3380//302 3315//302 3381//302
f 3315//302 3316//302 3381//302
f 3381//302 3316//302 3382//290
f 3316//302 3317//319 3382//290
f 3382//290 3317//319 3383//254
f 3317//319 3318//254 3383//254
f 3383//254 3318//254 3384//493
f 3318//254 3319//477 3384//493
f 3384//493 3319//477 3385//506
f 3319//477 3320//502 3385//506
f 3385//506 3320//502 3386//507
f 3387//487 3321//503 3388//68
f 3321//503 3322//504 3388//68
f 3388//68 3322//504 3389//26
f 3322//504 3323//70 3389//26
f 3389//26 3323//70 3390//16
f 3323//70 3324//103 3390//16
f 3390//16 3324//103 3391//103
f 3324//103 3325//133 3391//103
f 3391//103 3325//133 3392//69
f 3325//133 3326//26 3392//69
f 3392//69 3326//26 3393//16
f 3326//26 3327//44 3393//16
f 3393//16 3327//44 3394//508
f 3327//44 3328//46 3394//508
f 3394//508 3328//46 3395//59
f 3328//46 3329//104 3395//59
f 3395//59 3329//104 3396//61
f 3329//104 3330//61 3396//61
f 3396//61 3330//61 3397//77
f 3330//61 3331//77 3397//77
f 3397//77 3331//77 3398//90
f 3331//77 3332//505 3398//90
f 3398//90 3332//505 3399//116
f 3332//505 3333//78 3399//116
f 3399//116 3333//78 3400//77
f 3333//78 3334//77 3400//77
f 3400//77 3334//77 3401//77
f 3334//77 3335//78 3401//77
f 3401//77 3335//78 3402//61
f 3335//78 3336//79 3402//61
f 3402//61 3336//79 3403//62
f 3336//79 3337//62 3403//62
f 3403//62 3337//62 3404//91
f 3337//62 3338//61 3404//91
f 3404//91 3338//61 3405//79
f 3338//61 3339//125 3405//79
f 3405//79 3339//125 3406//78
f 3339//125 3340//77 3406//78
f 3406//78 3340//77 3407//89
f 3340//77 3341//79 3407//89
f 3407//89 3341//79 3408//61
f 3341//79 3342//61 3408//61
f 3408//61 3342//61 3409//61
f 3342//61 3343//61 3409//61
f 3409//61 3343//61 3410//61
f 3343//61 3344//61 3410//61
f 3410//61 3344//61 3411//79
f 3344//61 3345//62 3411//79
f 3411//79 3345//62 3412//62
f 3345//62 3346//91 3412//62
f 3412//62 3346//91 3413//61
f 3346//91 3347//61 3413//61
f 3413//61 3347//61 3414//61
f 3347//61 3348//61 3414//61
f 3414//61 3348//61 3415//61
f 3348//61 3349//61 3415//61
f 3415//61 3349//61 3416//61
f 3349//61 3350//61 3416//61
f 3416//61 3350//61 3417//61
f 3350//61 3351//61 3417//61
f 3417//61 3351//61 3418//61
f 3351//61 3352//61 3418//61
f 3418//61 3352//61 3419//61
f 3352//61 3353//61 3419//61
f 3419//61 3353//61 3420//61
f 3353//61 3354//61 3420//61
f 3420//61 3354//61 3421//61
f 3354//61 3355//61 3421//61
f 3421//61 3355//61 3422//61
f 3355//61 3356//61 3422//61
f 3422//61 3356//61 3423//61
f 3356//61 3357//61 3423//61
f 3423//61 3357//61 3424//61
f 3357//61 3358//61 3424//61
f 3424//61 3358//61 3425//61
f 3358//61 3359//61 3425//61
f 3425//61 3359//61 3426//181
f 3359//61 3360//182 3426//181
f 3426//181 3360//182 3427//182
f 3360//182 3361//181 3427//182
f 3427//182 3361//181 3428//61
f 3361//181 3362//61 3428//61
f 3428//61 3362//61 3429//169
f 3362//61 3363//204 3429//169
f 3429//169 3363//204 3430//169
f 3363//204 3364//204 3430//169
f 3430//169 3364//204 3431//359
f 3364//204 3365//169 3431//359
f 3431//359 3365//169 3432//219
f 3365//169 3366//276 3432//219
f 3432//219 3366//276 3433//497
f 3366//276 3367//497 3433//497
f 3433//497 3367//497 3434//497
f 3367//497 3368//497 3434//497
f 3434//497 3368//497 3435//467
f 3368//497 3369//467 3435//467
f 3435//467 3369//467 3436//509
f 3369//467 3370//310 3436//509
f 3436//509 3370//310 3437//301
f 3370//310 3371//301 3437//301
f 3437//301 3371//301 3438//301
f 3371//301 3372//301 3438//301
f 3438//301 3372//301 3439//254
f 3372//301 3373//290 3439//254
f 3439//254 3373//290 3440//267
f 3373//290 3374//328 3440//267
f 3440//267 3374//328 3441//328
f 3374//328 3375//328 3441//328
f 3441//328 3375//328 3442//292
f 3375//328 3376//290 3442//292
f 3442//292 3376//290 3443//375
f 3376//290 3377//254 3443//375
f 3443//375 3377//254 3444//319
f 3377//254 3378//290 3444//319
f 3444//319 3378//290 3445//301
f 3378//290 3379//301 3445//301
f 3445//301 3379//301 3446//302
f 3379//301 3380//302 3446//302
f 3446//302 3380//302 3447//290
f 3380//302 3381//302 3447//290
f 3447//290 3381//302 3448//267
f 3381//302 3382//290 3448//267
f 3448//267 3382//290 3449//267
f 3382//290 3383//254 3449//267
f 3449//267 3383//254 3450//256
f 3383//254 3384//493 3450//256
f 3450//256 3384//493 3451//510
f 3384//493 3385//506 3451//510
f 3451//510 3385//506 3452//511
f 3385//506 3386//507 3452//511
f 3453//217 3387//487 3454//512
f 3387//487 3388//68 3454//512
f 3454//512 3388//68 3455//132
f 3388//68 3389//26 3455//132
f 3455//132 3389//26 3456//513
f 3389//26 3390//16 3456//513
f 3456//513 3390//16 3457//16
f 3390//16 3391//103 3457//16
f 3457//16 3391//103 3458//28
f 3391//103 3392//69 3458//28
f 3458//28 3392//69 3459//133
f 3392//69 3393//16 3459//133
f 3459//133 3393//16 3460//134
f 3393//16 3394//508 3460//134
f 3460//134 3394//508 3461//135
f 3394//508 3395//59 3461//135
f 3461//135 3395//59 3462//61
f 3395//59 3396//61 3462//61
f 3462//61 3396//61 3463//91
f 3396//61 3397//77 3463//91
f 3463//91 3397//77 3464//116
f 3397//77 3398//90 3464//116
f 3464//116 3398//90 3465//62
f 3398//90 3399//116 3465//62
f 3465//62 3399//116 3466//62
f 3399//116 3400//77 3466//62
f 3466//62 3400//77 3467//62
f 3400//77 3401//77 3467//62
f 3467//62 3401//77 3468//61
f 3401//77 3402//61 3468//61
f 3468//61 3402//61 3469//91
f 3402//61 3403//62 3469//91
f 3469//91 3403//62 3470//115
f 3403//62 3404//91 3470//115
f 3470//115 3404//91 3471//61
f 3404//91 3405//79 3471//61
f 3471//61 3405//79 3472//62
f 3405//79 3406//78 3472//62
f 3472//62 3406//78 3473//79
f 3406//78 3407//89 3473//79
f 3473//79 3407//89 3474//61
f 3407//89 3408//61 3474//61
f 3474//61 3408//61 3475//61
f 3408//61 3409//61 3475//61
f 3475//61 3409//61 3476//61
f 3409//61 3410//61 3476//61
f 3476//61 3410//61 3477//61
f 3410//61 3411//79 3477//61
f 3477//61 3411//79 3478//62
f 3411//79 3412//62 3478//62
f 3478//62 3412//62 3479//91
f 3412//62 3413//61 3479//91
f 3479//91 3413//61 3480//61
f 3413//61 3414//61 3480//61
f 3480//61 3414//61 3481//61
f 3414//61 3415//61 3481//61
f 3481//61 3415//61 3482//61
f 3415//61 3416//61 3482//61
f 3482//61 3416//61 3483//61
f 3416//61 3417//61 3483//61
f 3483//61 3417//61 3484//61
f 3417//61 3418//61 3484//61
f 3484//61 3418//61 3485//61
f 3418//61 3419//61 3485//61
f 3485//61 3419//61 3486//61
f 3419//61 3420//61 3486//61
f 3486//61 3420//61 3487//61
f 3420//61 3421//61 3487//61
f 3487//61 3421//61 3488//61
f 3421//61 3422//61 3488//61
f 3488//61 3422//61 3489//61
f 3422//61 3423//61 3489//61
f 3489//61 3423//61 3490//61
f 3423//61 3424//61 3490//61
f 3490//61 3424//61 3491//61
f 3424//61 3425//61 3491//61
f 3491//61 3425//61 3492//61
f 3425//61 3426//181 3492//61
f 3492//61 3426//181 3493//204
f 3426//181 3427//182 3493//204
f 3493//204 3427//182 3494//190
f 3427//182 3428//61 3494//190
f 3494//190 3428//61 3495//190
f 3428//61 3429//169 3495//190
f 3495//190 3429//169 3496//182
f 3429//169 3430//169 3496//182
f 3496//182 3430//169 3497//176
f 3430//169 3431//359 3497//176
f 3497//176 3431//359 3498//497
f 3431//359 3432//219 3498//497
f 3498//497 3432//219 3499//497
f 3432//219 3433//497 3499//497
f 3499//497 3433//497 3500//497
f 3433//497 3434//497 3500//497
f 3500//497 3434//497 3501//467
f 3434//497 3435//467 3501//467
f 3501//467 3435//467 3502//310
f 3435//467 3436//509 3502//310
f 3502//310 3436//509 3503//290
f 3436//509 3437//301 3503//290
f 3503//290 3437//301 3504//311
f 3437//301 3438//301 3504//311
f 3504//311 3438//301 3505//254
f 3438//301 3439//254 3505//254
f 3505//254 3439//254 3506//254
f 3439//254 3440//267 3506//254
f 3506//254 3440//267 3507//302
f 3440//267 3441//328 3507//302
f 3507//302 3441//328 3508//302
f 3441//328 3442//292 3508//302
f 3508//302 3442//292 3509//291
f 3442//292 3443//375 3509//291
f 3509//291 3443//375 3510//290
f 3443//375 3444//319 3510//290
f 3510//290 3444//319 3511//301
f 3444//319 3445//301 3511//301
f 3511//301 3445//301 3512//290
f 3445//301 3446//302 3512//290
f 3512//290 3446//302 3513//290
f 3446//302 3447//290 3513//290
f 3513//290 3447//290 3514//254
f 3447//290 3448//267 3514//254
f 3514//254 3448//267 3515//290
f 3448//267 3449//267 3515//290
f 3515//290 3449//267 3516//254
f 3449//267 3450//256 3516//254
f 3516//254 3450//256 3517//493
f 3450//256 3451//510 3517//493
f 3517//493 3451//510 3518//514
f 3451//510 3452//511 3518//514
f 3518//514 3452//511 3519//500
f 3453//217 3454//512 3520//471
f 3520//471 3454//512 3521//515
f 3454//512 3455//132 3521//515
f 3521//515 3455//132 3522//69
f 3455//132 3456//513 3522//69
f 3522//69 3456//513 3523//25
f 3456//513 3457//16 3523//25
f 3523//25 3457//16 3524//44
f 3457//16 3458//28 3524//44
f 3524//44 3458//28 3525//69
f 3458//28 3459//133 3525//69
f 3525//69 3459//133 3526//43
f 3459//133 3460//134 3526//43
f 3526//43 3460//134 3527//142
f 3460//134 3461//135 3527//142
f 3527//142 3461//135 3528//516
f 3461//135 3462//61 3528//516
f 3528//516 3462//61 3529//517
f 3462//61 3463//91 3529//517
f 3529//517 3463//91 3530//77
f 3463//91 3464//116 3530//77
f 3530//77 3464//116 3531//62
f 3464//116 3465//62 3531//62
f 3531//62 3465//62 3532//62
f 3465//62 3466//62 3532//62
f 3532//62 3466//62 3533//76
f 3466//62 3467//62 3533//76
f 3533//76 3467//62 3534//76
f 3467//62 3468//61 3534//76
f 3534//76 3468//61 3535//61
f 3468//61 3469//91 3535//61
f 3535//61 3469//91 3536//76
f 3469//91 3470//115 3536//76
f 3536//76 3470//115 3537//76
f 3470//115 3471//61 3537//76
f 3537//76 3471//61 3538//91
f 3471//61 3472//62 3538//91
f 3538//91 3472//62 3539//62
f 3472//62 3473//79 3539//62
f 3539//62 3473//79 3540//61
f 3473//79 3474//61 3540//61
f 3540//61 3474//61 3541//61
f 3474//61 3475//61 3541//61
f 3541//61 3475//61 3542//61
f 3475//61 3476//61 3542//61
f 3542//61 3476//61 3543//61
f 3476//61 3477//61 3543//61
f 3543//61 3477//61 3544//91
f 3477//61 3478//62 3544//91
f 3544//91 3478//62 3545//116
f 3478//62 3479//91 3545//116
f 3545//116 3479//91 3546//61
f 3479//91 3480//61 3546//61
f 3546//61 3480//61 3547//61
f 3480//61 3481//61 3547//61
f 3547//61 3481//61 3548//61
f 3481//61 3482//61 3548//61
f 3548//61 3482//61 3549//61
f 3482//61 3483//61 3549//61
f 3549//61 3483//61 3550//61
f 3483//61 3484//61 3550//61
f 3550//61 3484//61 3551//61
f 3484//61 3485//61 3551//61
f 3551//61 3485//61 3552//61
f 3485//61 3486//61 3552//61
f 3552//61 3486//61 3553//61
f 3486//61 3487//61 3553//61
f 3553//61 3487//61 3554//61
f 3487//61 3488//61 3554//61
f 3554//61 3488//61 3555//61
f 3488//61 3489//61 3555//61
f 3555//61 3489//61 3556//61
f 3489//61 3490//61 3556//61
f 3556//61 3490//61 3557//61
f 3490//61 3491//61 3557//61
f 3557//61 3491//61 3558//61
f 3491//61 3492//61 3558//61
f 3558//61 3492//61 3559//181
f 3492//61 3493//204 3559//181
f 3559//181 3493//204 3560//182
f 3493//204 3494//190 3560//182
f 3560//182 3494//190 3561//61
f 3494//190 3495//190 3561//61
f 3561//61 3495//190 3562//204
f 3495//190 3496//182 3562//204
f 3562//204 3496//182 3563//219
f 3496//182 3497//176 3563//219
f 3563//219 3497//176 3564//497
f 3497//176 3498//497 3564//497
f 3564//497 3498//497 3565//497
f 3498//497 3499//497 3565//497
f 3565//497 3499//497 3566//219
f 3499//497 3500//497 3566//219
f 3566//219 3500//497 3567//370
f 3500//497 3501//467 3567//370
f 3567//370 3501//467 3568//518
f 3501//467 3502//310 3568//518
f 3568//518 3502//310 3569//267
f 3502//310 3503//290 3569//267
f 3569//267 3503//290 3570//328
f 3503//290 3504//311 3570//328
f 3570//328 3504//311 3571//328
f 3504//311 3505//254 3571//328
f 3571//328 3505//254 3572//254
f 3505//254 3506//254 3572//254
f 3572//254 3506//254 3573//302
f 3506//254 3507//302 3573//302
f 3573//302 3507//302 3574//290
f 3507//302 3508//302 3574//290
f 3574//290 3508//302 3575//328
f 3508//302 3509//291 3575//328
f 3575//328 3509//291 3576//311
f 3509//291 3510//290 3576//311
f 3576//311 3510//290 3577//290
f 3510//290 3511//301 3577//290
f 3577//290 3511//301 3578//290
f 3511//301 3512//290 3578//290
f 3578//290 3512//290 3579//375
f 3512//290 3513//290 3579//375
f 3579//375 3513//290 3580//375
f 3513//290 3514//254 3580//375
f 3580//375 3514//254 3581//319
f 3514//254 3515//290 3581//319
f 3581//319 3515//290 3582//254
f 3515//290 3516//254 3582//254
f 3582//254 3516//254 3583//254
f 3516//254 3517//493 3583//254
f 3583//254 3517//493 3584//519
f 3517//493 3518//514 3584//519
f 3584//519 3518//514 3585//520
f 3518//514 3519//500 3585//520
f 3520//471 3521//515 3586//521
f 3586//521 3521//515 3587//522
f 3521//515 3522//69 3587//522
f 3587//522 3522//69 3588//42
f 3522//69 3523//25 3588//42
f 3588//42 3523//25 3589//43
f 3523//25 3524//44 3589//43
f 3589//43 3524//44 3590//69
f 3524//44 3525//69 3590//69
f 3590//69 3525//69 3591//44
f 3525//69 3526//43 3591//44
f 3591//44 3526//43 3592//342
f 3526//43 3527//142 3592//342
f 3592//342 3527//142 3593//523
f 3527//142 3528//516 3593//523
f 3593//523 3528//516 3594//524
f 3528//516 3529//517 3594//524
f 3594//524 3529//517 3595//517
f 3529//517 3530//77 3595//517
f 3595//517 3530//77 3596//89
f 3530//77 3531//62 3596//89
f 3596//89 3531//62 3597//62
f 3531//62 3532//62 3597//62
f 3597//62 3532//62 3598//91
f 3532//62 3533//76 3598//91
f 3598//91 3533//76 3599//62
f 3533//76 3534//76 3599//62
f 3599//62 3534//76 3600//79
f 3534//76 3535//61 3600//79
f 3600//79 3535//61 3601//89
f 3535//61 3536//76 3601//89
f 3601//89 3536//76 3602//77
f 3536//76 3537//76 3602//77
f 3602//77 3537//76 3603//91
f 3537//76 3538//91 3603//91
f 3603//91 3538//91 3604//76
f 3538//91 3539//62 3604//76
f 3604//76 3539//62 3605//76
f 3539//62 3540//61 3605//76
f 3605//76 3540//61 3606//61
f 3540//61 3541//61 3606//61
f 3606//61 3541//61 3607//61
f 3541//61 3542//61 3607//61
f 3607//61 3542//61 3608//61
f 3542//61 3543//61 3608//61
f 3608//61 3543//61 3609//61
f 3543//61 3544//91 3609//61
f 3609//61 3544//91 3610//62
f 3544//91 3545//116 3610//62
f 3610//62 3545//116 3611//91
f 3545//116 3546//61 3611//91
f 3611//91 3546//61 3612//61
f 3546//61 3547//61 3612//61
f 3612//61 3547//61 3613//61
f 3547//61 3548//61 3613//61
f 3613//61 3548//61 3614//61
f 3548//61 3549//61 3614//61
f 3614//61 3549//61 3615//61
f 3549//61 3550//61 3615//61
f 3615//61 3550//61 3616//61
f 3550//61 3551//61 3616//61
f 3616//61 3551//61 3617//61
f 3551//61 3552//61 3617//61
f 3617//61 3552//61 3618//61
f 3552//61 3553//61 3618//61
f 3618//61 3553//61 3619//61
f 3553//61 3554//61 3619//61
f 3619//61 3554//61 3620//61
f 3554//61 3555//61 3620//61
f 3620//61 3555//61 3621//61
f 3555//61 3556//61 3621//61
f 3621//61 3556//61 3622//61
f 3556//61 3557//61 3622//61
f 3622//61 3557//61 3623//61
f 3557//61 3558//61 3623//61
f 3623//61 3558//61 3624//61
f 3558//61 3559//181 3624//61
f 3624//61 3559//181 3625//182
f 3559//181 3560//182 3625//182
f 3625//182 3560//182 3626//181
f 3560//182 3561//61 3626//181
f 3626//181 3561//61 3627//181
f 3561//61 3562//204 3627//181
f 3627//181 3562//204 3628//483
f 3562//204 3563//219 3628//483
f 3628//483 3563//219 3629//483
f 3563//219 3564//497 3629//483
f 3629//483 3564//497 3630//483
f 3564//497 3565//497 3630//483
f 3630//483 3565//497 3631//182
f 3565//497 3566//219 3631//182
f 3631//182 3566//219 3632//204
f 3566//219 3567//370 3632//204
f 3632//204 3567//370 3633//374
f 3567//370 3568//518 3633//374
f 3633//374 3568//518 3634//525
f 3568//518 3569//267 3634//525
f 3634//525 3569//267 3635//290
f 3569//267 3570//328 3635//290
f 3635//290 3570//328 3636//291
f 3570//328 3571//328 3636//291
f 3636//291 3571//328 3637//290
f 3571//328 3572//254 3637//290
f 3637//290 3572//254 3638//290
f 3572//254 3573//302 3638//290
f 3638//290 3573//302 3639//267
f 3573//302 3574//290 3639//267
f 3639//267 3574//290 3640//267
f 3574//290 3575//328 3640//267
f 3640//267 3575//328 3641//268
f 3575//328 3576//311 3641//268
f 3641//268 3576//311 3642//328
f 3576//311 3577//290 3642//328
f 3642//328 3577//290 3643//328
f 3577//290 3578//290 3643//328
f 3643//328 3578//290 3644//290
f 3578//290 3579//375 3644//290
f 3644//290 3579//375 3645//290
f 3579//375 3580//375 3645//290
f 3645//290 3580//375 3646//290
f 3580//375 3581//319 3646//290
f 3646//290 3581//319 3647//254
f 3581//319 3582//254 3647//254
f 3647//254 3582//254 3648//254
f 3582//254 3583//254 3648//254
f 3648//254 3583//254 3649//254
f 3583//254 3584//519 3649//254
f 3649//254 3584//519 3650//526
f 3584//519 3585//520 3650//526
f 3650//526 3585//520 3651//527
f 3653//528 3586//521 3654//529
f 3586//521 3587//522 3654//529
f 3654//529 3587//522 3655//174
f 3587//522 3588//42 3655//174
f 3655//174 3588//42 3656//27
f 3588//42 3589//43 3656//27
f 3656//27 3589//43 3657//28
f 3589//43 3590//69 3657//28
f 3657//28 3590//69 3658//133
f 3590//69 3591//44 3658//133
f 3658//133 3591//44 3659//44
f 3591//44 3592//342 3659//44
f 3659//44 3592//342 3660//351
f 3592//342 3593//523 3660//351
f 3660//351 3593//523 3661//431
f 3593//523 3594//524 3661//431
f 3661//431 3594//524 3662//76
f 3594//524 3595//517 3662//76
f 3662//76 3595//517 3663//61
f 3595//517 3596//89 3663//61
f 3663//61 3596//89 3664//91
f 3596//89 3597//62 3664//91
f 3664//91 3597//62 3665//116
f 3597//62 3598//91 3665//116
f 3665//116 3598//91 3666//77
f 3598//91 3599//62 3666//77
f 3666//77 3599//62 3667//77
f 3599//62 3600//79 3667//77
f 3667//77 3600//79 3668//91
f 3600//79 3601//89 3668//91
f 3668//91 3601//89 3669//77
f 3601//89 3602//77 3669//77
f 3669//77 3602//77 3670//89
f 3602//77 3603//91 3670//89
f 3670//89 3603//91 3671//61
f 3603//91 3604//76 3671//61
f 3671//61 3604//76 3672//62
f 3604//76 3605//76 3672//62
f 3672//62 3605//76 3673//91
f 3605//76 3606//61 3673//91
f 3673//91 3606//61 3674//61
f 3606//61 3607//61 3674//61
f 3674//61 3607//61 3675//61
f 3607//61 3608//61 3675//61
f 3675//61 3608//61 3676//61
f 3608//61 3609//61 3676//61
f 3676//61 3609//61 3677//79
f 3609//61 3610//62 3677//79
f 3677//79 3610//62 3678//62
f 3610//62 3611//91 3678//62
f 3678//62 3611//91 3679//61
f 3611//91 3612//61 3679//61
f 3679//61 3612//61 3680//61
f 3612//61 3613//61 3680//61
f 3680//61 3613//61 3681//61
f 3613//61 3614//61 3681//61
f 3681//61 3614//61 3682//61
f 3614//61 3615//61 3682//61
f 3682//61 3615//61 3683//61
f 3615//61 3616//61 3683//61
f 3683//61 3616//61 3684//61
f 3616//61 3617//61 3684//61
f 3684//61 3617//61 3685//61
f 3617//61 3618//61 3685//61
f 3685//61 3618//61 3686//61
f 3618//61 3619//61 3686//61
f 3686//61 3619//61 3687//61
f 3619//61 3620//61 3687//61
f 3687//61 3620//61 3688//61
f 3620//61 3621//61 3688//61
f 3688//61 3621//61 3689//61
f 3621//61 3622//61 3689//61
f 3689//61 3622//61 3690//61
f 3622//61 3623//61 3690//61
f 3690//61 3623//61 3691//61
f 3623//61 3624//61 3691//61
f 3691//61 3624//61 3692//176
f 3624//61 3625//182 3692//176
f 3692//176 3625//182 3693//176
f 3625//182 3626//181 3693//176
f 3693//176 3626//181 3694//61
f 3626//181 3627//181 3694//61
f 3694//61 3627//181 3695//204
f 3627//181 3628//483 3695//204
f 3695//204 3628//483 3696//483
f 3628//483 3629//483 3696//483
f 3696//483 3629//483 3697//483
f 3629//483 3630//483 3697//483
f 3697//483 3630//483 3698//483
f 3630//483 3631//182 3698//483
f 3698//483 3631//182 3699//219
f 3631//182 3632//204 3699//219
f 3699//219 3632//204 3700//288
f 3632//204 3633//374 3700//288
f 3700//288 3633//374 3701//518
f 3633//374 3634//525 3701//518
f 3701//518 3634//525 3702//328
f 3634//525 3635//290 3702//328
f 3702//328 3635//290 3703//311
f 3635//290 3636//291 3703//311
f 3703//311 3636//291 3704//301
f 3636//291 3637//290 3704//301
f 3704//301 3637//290 3705//254
f 3637//290 3638//290 3705//254
f 3705//254 3638//290 3706//267
f 3638//290 3639//267 3706//267
f 3706//267 3639//267 3707//267
f 3639//267 3640//267 3707//267
f 3707//267 3640//267 3708//328
f 3640//267 3641//268 3708//328
f 3708//328 3641//268 3709//530
f 3641//268 3642//328 3709//530
f 3709//530 3642//328 3710//410
f 3642//328 3643//328 3710//410
f 3710//410 3643//328 3711//328
f 3643//328 3644//290 3711//328
f 3711//328 3644//290 3712//328
f 3644//290 3645//290 3712//328
f 3712//328 3645//290 3713//301
f 3645//290 3646//290 3713//301
f 3713//301 3646//290 3714//254
f 3646//290 3647//254 3714//254
f 3714//254 3647//254 3715//254
f 3647//254 3648//254 3715//254
f 3715//254 3648//254 3716//254
f 3648//254 3649//254 3716//254
f 3716//254 3649//254 3717//531
f 3649//254 3650//526 3717//531
f 3717//531 3650//526 3718//532
f 3650//526 3651//527 3718//532
f 3719//533 3652//534 3720//535
f 3652//534 3653//528 3720//535
f 3720//535 3653//528 3721//536
f 3653//528 3654//529 3721//536
f 3721//536 3654//529 3722//26
f 3654//529 3655//174 3722//26
f 3722//26 3655//174 3723//15
f 3655//174 3656//27 3723//15
f 3723//15 3656//27 3724//16
f 3656//27 3657//28 3724//16
f 3724//16 3657//28 3725//69
f 3657//28 3658//133 3725//69
f 3725//69 3658//133 3726//69
f 3658//133 3659//44 3726//69
f 3726//69 3659//44 3727//325
f 3659//44 3660//351 3727//325
f 3727//325 3660//351 3728//46
f 3660//351 3661//431 3728//46
f 3728//46 3661//431 3729//76
f 3661//431 3662//76 3729//76
f 3729//76 3662//76 3730//76
f 3662//76 3663//61 3730//76
f 3730//76 3663//61 3731//61
f 3663//61 3664//91 3731//61
f 3731//61 3664//91 3732//62
f 3664//91 3665//116 3732//62
f 3732//62 3665//116 3733//62
f 3665//116 3666//77 3733//62
f 3733//62 3666//77 3734//62
f 3666//77 3667//77 3734//62
f 3734//62 3667//77 3735//61
f 3667//77 3668//91 3735//61
f 3735//61 3668//91 3736//62
f 3668//91 3669//77 3736//62
f 3736//62 3669//77 3737//91
f 3669//77 3670//89 3737//91
f 3737//91 3670//89 3738//61
f 3670//89 3671//61 3738//61
f 3738//61 3671//61 3739//79
f 3671//61 3672//62 3739//79
f 3739//79 3672//62 3740//62
f 3672//62 3673//91 3740//62
f 3740//62 3673//91 3741//61
f 3673//91 3674//61 3741//61
f 3741//61 3674//61 3742//61
f 3674//61 3675//61 3742//61
f 3742//61 3675//61 3743//61
f 3675//61 3676//61 3743//61
f 3743//61 3676//61 3744//61
f 3676//61 3677//79 3744//61
f 3744//61 3677//79 3745//62
f 3677//79 3678//62 3745//62
f 3745//62 3678//62 3746//91
f 3678//62 3679//61 3746//91
f 3746//91 3679//61 3747//61
f 3679//61 3680//61 3747//61
f 3747//61 3680//61 3748//61
f 3680//61 3681//61 3748//61
f 3748//61 3681//61 3749//61
f 3681//61 3682//61 3749//61
f 3749//61 3682//61 3750//61
f 3682//61 3683//61 3750//61
f 3750//61 3683//61 3751//61
f 3683//61 3684//61 3751//61
f 3751//61 3684//61 3752//61
f 3684//61 3685//61 3752//61
f 3752//61 3685//61 3753//61
f 3685//61 3686//61 3753//61
f 3753//61 3686//61 3754//61
f 3686//61 3687//61 3754//61
f 3754//61 3687//61 3755//61
f 3687//61 3688//61 3755//61
f 3755//61 3688//61 3756//61
f 3688//61 3689//61 3756//61
f 3756//61 3689//61 3757//61
f 3689//61 3690//61 3757//61
f 3757//61 3690//61 3758//61
f 3690//61 3691//61 3758//61
f 3758//61 3691//61 3759//169
f 3691//61 3692//176 3759//169
f 3759//169 3692//176 3760//169
f 3692//176 3693//176 3760//169
f 3760//169 3693//176 3761//61
f 3693//176 3694//61 3761//61
f 3761//61 3694//61 3762//176
f 3694//61 3695//204 3762//176
f 3762//176 3695//204 3763//219
f 3695//204 3696//483 3763//219
f 3763//219 3696//483 3764//483
f 3696//483 3697//483 3764//483
f 3764//483 3697//483 3765//483
f 3697//483 3698//483 3765//483
f 3765//483 3698//483 3766//483
f 3698//483 3699//219 3766//483
f 3766//483 3699//219 3767//182
f 3699//219 3700//288 3767//182
f 3767//182 3700//288 3768//299
f 3700//288 3701//518 3768//299
f 3768//299 3701//518 3769//382
f 3701//518 3702//328 3769//382
f 3769//382 3702//328 3770//292
f 3702//328 3703//311 3770//292
f 3770//292 3703//311 3771//281
f 3703//311 3704//301 3771//281
f 3771//281 3704//301 3772//267
f 3704//301 3705//254 3772//267
f 3772//267 3705//254 3773//254
f 3705//254 3706//267 3773//254
f 3773//254 3706//267 3774//254
f 3706//267 3707//267 3774//254
f 3774//254 3707//267 3775//255
f 3707//267 3708//328 3775//255
f 3775//255 3708//328 3776//410
f 3708//328 3709//530 3776//410
f 3776//410 3709//530 3777//268
f 3709//530 3710//410 3777//268
f 3777//268 3710//410 3778//328
f 3710//410 3711//328 3778//328
f 3778//328 3711//328 3779//328
f 3711//328 3712//328 3779//328
f 3779//328 3712//328 3780//281
f 3712//328 3713//301 3780//281
f 3780//281 3713//301 3781//267
f 3713//301 3714//254 3781//267
f 3781//267 3714//254 3782//254
f 3714//254 3715//254 3782//254
f 3782//254 3715//254 3783//254
f 3715//254 3716//254 3783//254
f 3783//254 3716//254 3784//61
f 3716//254 3717//531 3784//61
f 3784//61 3717//531 3785//526
f 3717//531 3718//532 3785//526
f 3785//526 3718//532 3786//537
f 3719//533 3720//535 3787//538
f 3787//538 3720//535 3788//539
f 3720//535 3721//536 3788//539
f 3788//539 3721//536 3789//43
f 3721//536 3722//26 3789//43
f 3789//43 3722//26 3790//25
f 3722//26 3723//15 3790//25
f 3790//25 3723//15 3791//26
f 3723//15 3724//16 3791//26
f 3791//26 3724//16 3792//27
f 3724//16 3725//69 3792//27
f 3792//27 3725//69 3793//28
f 3725//69 3726//69 3793//28
f 3793//28 3726//69 3794//133
f 3726//69 3727//325 3794//133
f 3794//133 3727//325 3795//286
f 3727//325 3728//46 3795//286
f 3795//286 3728//46 3796//104
f 3728//46 3729//76 3796//104
f 3796//104 3729//76 3797//76
f 3729//76 3730//76 3797//76
f 3797//76 3730//76 3798//76
f 3730//76 3731//61 3798//76
f 3798//76 3731//61 3799//77
f 3731//61 3732//62 3799//77
f 3799//77 3732//62 3800//78
f 3732//62 3733//62 3800//78
f 3800//78 3733//62 3801//62
f 3733//62 3734//62 3801//62
f 3801//62 3734//62 3802//79
f 3734//62 3735//61 3802//79
f 3802//79 3735//61 3803//79
f 3735//61 3736//62 3803//79
f 3803//79 3736//62 3804//62
f 3736//62 3737//91 3804//62
f 3804//62 3737//91 3805//61
f 3737//91 3738//61 3805//61
f 3805//61 3738//61 3806//61
f 3738//61 3739//79 3806//61
f 3806//61 3739//79 3807//76
f 3739//79 3740//62 3807//76
f 3807//76 3740//62 3808//76
f 3740//62 3741//61 3808//76
f 3808//76 3741//61 3809//61
f 3741//61 3742//61 3809//61
f 3809//61 3742//61 3810//61
f 3742//61 3743//61 3810//61
f 3810//61 3743//61 3811//61
f 3743//61 3744//61 3811//61
f 3811//61 3744//61 3812//91
f 3744//61 3745//62 3812//91
f 3812//91 3745//62 3813//116
f 3745//62 3746//91 3813//116
f 3813//116 3746//91 3814//61
f 3746//91 3747//61 3814//61
f 3814//61 3747//61 3815//61
f 3747//61 3748//61 3815//61
f 3815//61 3748//61 3816//61
f 3748//61 3749//61 3816//61
f 3816//61 3749//61 3817//61
f 3749//61 3750//61 3817//61
f 3817//61 3750//61 3818//61
f 3750//61 3751//61 3818//61
f 3818//61 3751//61 3819//61
f 3751//61 3752//61 3819//61
f 3819//61 3752//61 3820//61
f 3752//61 3753//61 3820//61
f 3820//61 3753//61 3821//61
f 3753//61 3754//61 3821//61
f 3821//61 3754//61 3822//61
f 3754//61 3755//61 3822//61
f 3822//61 3755//61 3823//61
f 3755//61 3756//61 3823//61
f 3823//61 3756//61 3824//61
f 3756//61 3757//61 3824//61
f 3824//61 3757//61 3825//61
f 3757//61 3758//61 3825//61
f 3825//61 3758//61 3826//176
f 3758//61 3759//169 3826//176
f 3826//176 3759//169 3827//176
f 3759//169 3760//169 3827//176
f 3827//176 3760//169 3828//61
f 3760//169 3761//61 3828//61
f 3828//61 3761//61 3829//181
f 3761//61 3762//176 3829//181
f 3829//181 3762//176 3830//182
f 3762//176 3763//219 3830//182
f 3830//182 3763//219 3831//359
f 3763//219 3764//483 3831//359
f 3831//359 3764//483 3832//540
f 3764//483 3765//483 3832//540
f 3832//540 3765//483 3833//541
f 3765//483 3766//483 3833//541
f 3833//541 3766//483 3834//541
f 3766//483 3767//182 3834//541
f 3834//541 3767//182 3835//542
f 3767//182 3768//299 3835//542
f 3835//542 3768//299 3836//231
f 3768//299 3769//382 3836//231
f 3836//231 3769//382 3837//311
f 3769//382 3770//292 3837//311
f 3837//311 3770//292 3838//291
f 3770//292 3771//281 3838//291
f 3838//291 3771//281 3839//328
f 3771//281 3772//267 3839//328
f 3839//328 3772//267 3840//290
f 3772//267 3773//254 3840//290
f 3840//290 3773//254 3841//254
f 3773//254 3774//254 3841//254
f 3841//254 3774//254 3842//254
f 3774//254 3775//255 3842//254
f 3842//254 3775//255 3843//290
f 3775//255 3776//410 3843//290
f 3843//290 3776//410 3844//311
f 3776//410 3777//268 3844//311
f 3844//311 3777//268 3845//291
f 3777//268 3778//328 3845//291
f 3845//291 3778//328 3846//290
f 3778//328 3779//328 3846//290
f 3846//290 3779//328 3847//291
f 3779//328 3780//281 3847//291
f 3847//291 3780//281 3848//328
f 3780//281 3781//267 3848//328
f 3848//328 3781//267 3849//290
f 3781//267 3782//254 3849//290
f 3849//290 3782//254 3850//254
f 3782//254 3783//254 3850//254
f 3850//254 3783//254 3851//61
f 3783//254 3784//61 3851//61
f 3851//61 3784//61 3852//531
f 3784//61 3785//526 3852//531
f 3852//531 3785//526 3853//543
f 3785//526 3786//537 3853//543
f 3787//538 3788//539 3854//544
f 3854//544 3788//539 3855//545
f 3788//539 3789//43 3855//545
f 3855//545 3789//43 3856//42
f 3789//43 3790//25 3856//42
f 3856//42 3790//25 3857//157
f 3790//25 3791//26 3857//157
f 3857//157 3791//26 3858//44
f 3791//26 3792//27 3858//44
f 3858//44 3792//27 3859//16
f 3792//27 3793//28 3859//16
f 3859//16 3793//28 3860//69
f 3793//28 3794//133 3860//69
f 3860//69 3794//133 3861//71
f 3794//133 3795//286 3861//71
f 3861//71 3795//286 3862//46
f 3795//286 3796//104 3862//46
f 3862//46 3796//104 3863//61
f 3796//104 3797//76 3863//61
f 3863//61 3797//76 3864//62
f 3797//76 3798//76 3864//62
f 3864//62 3798//76 3865//62
f 3798//76 3799//77 3865//62
f 3865//62 3799//77 3866//116
f 3799//77 3800//78 3866//116
f 3866//116 3800//78 3867//77
f 3800//78 3801//62 3867//77
f 3867//77 3801//62 3868//77
f 3801//62 3802//79 3868//77
f 3868//77 3802//79 3869//61
f 3802//79 3803//79 3869//61
f 3869//61 3803//79 3870//62
f 3803//79 3804//62 3870//62
f 3870//62 3804//62 3871//91
f 3804//62 3805//61 3871//91
f 3871//91 3805//61 3872//61
f 3805//61 3806//61 3872//61
f 3872//61 3806//61 3873//61
f 3806//61 3807//76 3873//61
f 3873//61 3807//76 3874//62
f 3807//76 3808//76 3874//62
f 3874//62 3808//76 3875//79
f 3808//76 3809//61 3875//79
f 3875//79 3809//61 3876//61
f 3809//61 3810//61 3876//61
f 3876//61 3810//61 3877//61
f 3810//61 3811//61 3877//61
f 3877//61 3811//61 3878//61
f 3811//61 3812//91 3878//61
f 3878//61 3812//91 3879//76
f 3812//91 3813//116 3879//76
f 3879//76 3813//116 3880//76
f 3813//116 3814//61 3880//76
f 3880//76 3814//61 3881//61
f 3814//61 3815//61 3881//61
f 3881//61 3815//61 3882//61
f 3815//61 3816//61 3882//61
f 3882//61 3816//61 3883//61
f 3816//61 3817//61 3883//61
f 3883//61 3817//61 3884//61
f 3817//61 3818//61 3884//61
f 3884//61 3818//61 3885//61
f 3818//61 3819//61 3885//61
f 3885//61 3819//61 3886//61
f 3819//61 3820//61 3886//61
f 3886//61 3820//61 3887//61
f 3820//61 3821//61 3887//61
f 3887//61 3821//61 3888//61
f 3821//61 3822//61 3888//61
f 3888//61 3822//61 3889//61
f 3822//61 3823//61 3889//61
f 3889//61 3823//61 3890//61
f 3823//61 3824//61 3890//61
f 3890//61 3824//61 3891//61
f 3824//61 3825//61 3891//61
f 3891//61 3825//61 3892//169
f 3825//61 3826//176 3892//169
f 3892//169 3826//176 3893//169
f 3826//176 3827//176 3893//169
f 3893//169 3827//176 3894//61
f 3827//176 3828//61 3894//61
f 3894//61 3828//61 3895//61
f 3828//61 3829//181 3895//61
f 3895//61 3829//181 3896//204
f 3829//181 3830//182 3896//204
f 3896//204 3830//182 3897//204
f 3830//182 3831//359 3897//204
f 3897//204 3831//359 3898//182
f 3831//359 3832//540 3898//182
f 3898//182 3832//540 3899//204
f 3832//540 3833//541 3899//204
f 3899//204 3833//541 3900//483
f 3833//541 3834//541 3900//483
f 3900//483 3834//541 3901//546
f 3834//541 3835//542 3901//546
f 3901//546 3835//542 3902//374
f 3835//542 3836//231 3902//374
f 3902//374 3836//231 3903//328
f 3836//231 3837//311 3903//328
f 3903//328 3837//311 3904//281
f 3837//311 3838//291 3904//281
f 3904//281 3838//291 3905//311
f 3838//291 3839//328 3905//311
f 3905//311 3839//328 3906//290
f 3839//328 3840//290 3906//290
f 3906//290 3840//290 3907//267
f 3840//290 3841//254 3907//267
f 3907//267 3841//254 3908//254
f 3841//254 3842//254 3908//254
f 3908//254 3842//254 3909//319
f 3842//254 3843//290 3909//319
f 3909//319 3843//290 3910//290
f 3843//290 3844//311 3910//290
f 3910//290 3844//311 3911//281
f 3844//311 3845//291 3911//281
f 3911//281 3845//291 3912//328
f 3845//291 3846//290 3912//328
f 3912//328 3846//290 3913//311
f 3846//290 3847//291 3913//311
f 3913//311 3847//291 3914//301
f 3847//291 3848//328 3914//301
f 3914//301 3848//328 3915//290
f 3848//328 3849//290 3915//290
f 3915//290 3849//290 3916//267
f 3849//290 3850//254 3916//267
f 3916//267 3850//254 3917//61
f 3850//254 3851//61 3917//61
f 3917//61 3851//61 3918//61
f 3851//61 3852//531 3918//61
f 3918//61 3852//531 3919//526
f 3852//531 3853//543 3919//526
f 3919//526 3853//543 3920//527
f 3921//547 3854//544 3922//218
f 3854//544 3855//545 3922//218
f 3922//218 3855//545 3923//180
f 3855//545 3856//42 3923//180
f 3923//180 3856//42 3924//174
f 3856//42 3857//157 3924//174
f 3924//174 3857//157 3925//342
f 3857//157 3858//44 3925//342
f 3925//342 3858//44 3926//55
f 3858//44 3859//16 3926//55
f 3926//55 3859//16 3927//27
f 3859//16 3860//69 3927//27
f 3927//27 3860//69 3928//28
f 3860//69 3861//71 3928//28
f 3928//28 3861//71 3929//46
f 3861//71 3862//46 3929//46
f 3929//46 3862//46 3930//104
f 3862//46 3863//61 3930//104
f 3930//104 3863//61 3931//91
f 3863//61 3864//62 3931//91
f 3931//91 3864//62 3932//62
f 3864//62 3865//62 3932//62
f 3932//62 3865//62 3933//62
f 3865//62 3866//116 3933//62
f 3933//62 3866//116 3934//62
f 3866//116 3867//77 3934//62
f 3934//62 3867//77 3935//62
f 3867//77 3868//77 3935//62
f 3935//62 3868//77 3936//61
f 3868//77 3869//61 3936//61
f 3936//61 3869//61 3937//91
f 3869//61 3870//62 3937//91
f 3937//91 3870//62 3938//115
f 3870//62 3871//91 3938//115
f 3938//115 3871//91 3939//61
f 3871//91 3872//61 3939//61
f 3939//61 3872//61 3940//61
f 3872//61 3873//61 3940//61
f 3940//61 3873//61 3941//91
f 3873//61 3874//62 3941//91
f 3941//91 3874//62 3942//62
f 3874//62 3875//79 3942//62
f 3942//62 3875//79 3943//61
f 3875//79 3876//61 3943//61
f 3943//61 3876//61 3944//61
f 3876//61 3877//61 3944//61
f 3944//61 3877//61 3945//61
f 3877//61 3878//61 3945//61
f 3945//61 3878//61 3946//61
f 3878//61 3879//76 3946//61
f 3946//61 3879//76 3947//76
f 3879//76 3880//76 3947//76
f 3947//76 3880//76 3948//76
f 3880//76 3881//61 3948//76
f 3948//76 3881//61 3949//61
f 3881//61 3882//61 3949//61
f 3949//61 3882//61 3950//61
f 3882//61 3883//61 3950//61
f 3950//61 3883//61 3951//61
f 3883//61 3884//61 3951//61
f 3951//61 3884//61 3952//61
f 3884//61 3885//61 3952//61
f 3952//61 3885//61 3953//61
f 3885//61 3886//61 3953//61
f 3953//61 3886//61 3954//61
f 3886//61 3887//61 3954//61
f 3954//61 3887//61 3955//61
f 3887//61 3888//61 3955//61
f 3955//61 3888//61 3956//61
f 3888//61 3889//61 3956//61
f 3956//61 3889//61 3957//61
f 3889//61 3890//61 3957//61
f 3957//61 3890//61 3958//61
f 3890//61 3891//61 3958//61
f 3958//61 3891//61 3959//176
f 3891//61 3892//169 3959//176
f 3959//176 3892//169 3960//176
f 3892//169 3893//169 3960//176
f 3960//176 3893//169 3961//61
f 3893//169 3894//61 3961//61
f 3961//61 3894//61 3962//61
f 3894//61 3895//61 3962//61
f 3962//61 3895//61 3963//176
f 3895//61 3896//204 3963//176
f 3963//176 3896//204 3964//169
f 3896//204 3897//204 3964//169
f 3964//169 3897//204 3965//204
f 3897//204 3898//182 3965//204
f 3965//204 3898//182 3966//204
f 3898//182 3899//204 3966//204
f 3966//204 3899//204 3967//483
f 3899//204 3900//483 3967//483
f 3967//483 3900//483 3968//483
f 3900//483 3901//546 3968//483
f 3968//483 3901//546 3969//548
f 3901//546 3902//374 3969//548
f 3969//548 3902//374 3970//549
f 3902//374 3903//328 3970//549
f 3970//549 3903//328 3971//530
f 3903//328 3904//281 3971//530
f 3971//530 3904//281 3972//550
f 3904//281 3905//311 3972//550
f 3972//550 3905//311 3973//551
f 3905//311 3906//290 3973//551
f 3973//551 3906//290 3974//405
f 3906//290 3907//267 3974//405
f 3974//405 3907//267 3975//328
f 3907//267 3908//254 3975//328
f 3975//328 3908//254 3976//290
f 3908//254 3909//319 3976//290
f 3976//290 3909//319 3977//254
f 3909//319 3910//290 3977//254
f 3977//254 3910//290 3978//267
f 3910//290 3911//281 3978//267
f 3978//267 3911//281 3979//530
f 3911//281 3912//328 3979//530
f 3979//530 3912//328 3980//268
f 3912//328 3913//311 3980//268
f 3980//268 3913//311 3981//281
f 3913//311 3914//301 3981//281
f 3981//281 3914//301 3982//267
f 3914//301 3915//290 3982//267
f 3982//267 3915//290 3983//255
f 3915//290 3916//267 3983//255
f 3983//255 3916//267 3984//256
f 3916//267 3917//61 3984//256
f 3984//256 3917//61 3985//61
f 3917//61 3918//61 3985//61
f 3985//61 3918//61 3986//552
f 3918//61 3919//526 3986//552
f 3986//552 3919//526 3987//553
f 3919//526 3920//527 3987//553
f 3988//554 3921//547 3989//555
f 3921//547 3922//218 3989//555
f 3989//555 3922//218 3990//556
f 3922//218 3923//180 3990//556
f 3990//556 3923//180 3991//174
f 3923//180 3924//174 3991//174
f 3991//174 3924//174 3992//180
f 3924//174 3925//342 3992//180
f 3992//180 3925//342 3993//44
f 3925//342 3926//55 3993//44
f 3993//44 3926//55 3994//25
f 3926//55 3927//27 3994//25
f 3994//25 3927//27 3995//212
f 3927//27 3928//28 3995//212
f 3995//212 3928//28 3996//197
f 3928//28 3929//46 3996//197
f 3996//197 3929//46 3997//46
f 3929//46 3930//104 3997//46
f 3997//46 3930//104 3998//61
f 3930//104 3931//91 3998//61
f 3998//61 3931//91 3999//76
f 3931//91 3932//62 3999//76
f 3999//76 3932//62 4000//75
f 3932//62 3933//62 4000//75
f 4000//75 3933//62 4001//78
f 3933//62 3934//62 4001//78
f 4001//78 3934//62 4002//62
f 3934//62 3935//62 4002//62
f 4002//62 3935//62 4003//79
f 3935//62 3936//61 4003//79
f 4003//79 3936//61 4004//61
f 3936//61 3937//91 4004//61
f 4004//61 3937//91 4005//76
f 3937//91 3938//115 4005//76
f 4005//76 3938//115 4006//76
f 3938//115 3939//61 4006//76
f 4006//76 3939//61 4007//61
f 3939//61 3940//61 4007//61
f 4007//61 3940//61 4008//61
f 3940//61 3941//91 4008//61
f 4008//61 3941//91 4009//62
f 3941//91 3942//62 4009//62
f 4009//62 3942//62 4010//91
f 3942//62 3943//61 4010//91
f 4010//91 3943//61 4011//61
f 3943//61 3944//61 4011//61
f 4011//61 3944//61 4012//61
f 3944//61 3945//61 4012//61
f 4012//61 3945//61 4013//61
f 3945//61 3946//61 4013//61
f 4013//61 3946//61 4014//61
f 3946//61 3947//76 4014//61
f 4014//61 3947//76 4015//76
f 3947//76 3948//76 4015//76
f 4015//76 3948//76 4016//76
f 3948//76 3949//61 4016//76
f 4016//76 3949//61 4017//61
f 3949//61 3950//61 4017//61
f 4017//61 3950//61 4018//61
f 3950//61 3951//61 4018//61
f 4018//61 3951//61 4019//61
f 3951//61 3952//61 4019//61
f 4019//61 3952//61 4020//61
f 3952//61 3953//61 4020//61
f 4020//61 3953//61 4021//61
f 3953//61 3954//61 4021//61
f 4021//61 3954//61 4022//61
f 3954//61 3955//61 4022//61
f 4022//61 3955//61 4023//61
f 3955//61 3956//61 4023//61
f 4023//61 3956//61 4024//61
f 3956//61 3957//61 4024//61
f 4024//61 3957//61 4025//61
f 3957//61 3958//61 4025//61
f 4025//61 3958//61 4026//169
f 3958//61 3959//176 4026//169
f 4026//169 3959//176 4027//169
f 3959//176 3960//176 4027//169
f 4027//169 3960//176 4028//61
f 3960//176 3961//61 4028//61
f 4028//61 3961//61 4029//61
f 3961//61 3962//61 4029//61
f 4029//61 3962//61 4030//181
f 3962//61 3963//176 4030//181
f 4030//181 3963//176 4031//182
f 3963//176 3964//169 4031//182
f 4031//182 3964//169 4032//181
f 3964//169 3965//204 4032//181
f 4032//181 3965//204 4033//182
f 3965//204 3966//204 4033//182
f 4033//182 3966//204 4034//204
f 3966//204 3967//483 4034//204
f 4034//204 3967//483 4035//540
f 3967//483 3968//483 4035//540
f 4035//540 3968//483 4036//557
f 3968//483 3969//548 4036//557
f 4036//557 3969//548 4037//374
f 3969//548 3970//549 4037//374
f 4037//374 3970//549 4038//525
f 3970//549 3971//530 4038//525
f 4038//525 3971//530 4039//328
f 3971//530 3972//550 4039//328
f 4039//328 3972//550 4040//303
f 3972//550 3973//551 4040//303
f 4040//303 3973//551 4041//558
f 3973//551 3974//405 4041//558
f 4041//558 3974//405 4042//280
f 3974//405 3975//328 4042//280
f 4042//280 3975//328 4043//280
f 3975//328 3976//290 4043//280
f 4043//280 3976//290 4044//405
f 3976//290 3977//254 4044//405
f 4044//405 3977//254 4045//405
f 3977//254 3978//267 4045//405
f 4045//405 3978//267 4046//280
f 3978//267 3979//530 4046//280
f 4046//280 3979//530 4047//281
f 3979//530 3980//268 4047//281
f 4047//281 3980//268 4048//559
f 3980//268 3981//281 4048//559
f 4048//559 3981//281 4049//560
f 3981//281 3982//267 4049//560
f 4049//560 3982//267 4050//328
f 3982//267 3983//255 4050//328
f 4050//328 3983//255 4051//254
f 3983//255 3984//256 4051//254
f 4051//254 3984//256 4052//61
f 3984//256 3985//61 4052//61
f 4052//61 3985//61 4053//531
f 3985//61 3986//552 4053//531
f 4053//531 3986//552 4054//561
f 3986//552 3987//553 4054//561
f 4055//562 3988//554 4056//563
f 3988//554 3989//555 4056//563
f 4056//563 3989//555 4057//564
f 3989//555 3990//556 4057//564
f 4057//564 3990//556 4058//565
f 3990//556 3991//174 4058//565
f 4058//565 3991//174 4059//25
f 3991//174 3992//180 4059//25
f 4059//25 3992//180 4060//26
f 3992//180 3993//44 4060//26
f 4060//26 3993//44 4061//70
f 3993//44 3994//25 4061//70
f 4061//70 3994//25 4062//103
f 3994//25 3995//212 4062//103
f 4062//103 3995//212 4063//133
f 3995//212 3996//197 4063//133
f 4063//133 3996//197 4064//175
f 3996//197 3997//46 4064//175
f 4064//175 3997//46 4065//29
f 3997//46 3998//61 4065//29
f 4065//29 3998//61 4066//61
f 3998//61 3999//76 4066//61
f 4066//61 3999//76 4067//75
f 3999//76 4000//75 4067//75
f 4067//75 4000//75 4068//60
f 4000//75 4001//78 4068//60
f 4068//60 4001//78 4069//91
f 4001//78 4002//62 4069//91
f 4069//91 4002//62 4070//62
f 4002//62 4003//79 4070//62
f 4070//62 4003//79 4071//61
f 4003//79 4004//61 4071//61
f 4071//61 4004//61 4072//61
f 4004//61 4005//76 4072//61
f 4072//61 4005//76 4073//62
f 4005//76 4006//76 4073//62
f 4073//62 4006//76 4074//91
f 4006//76 4007//61 4074//91
f 4074//91 4007//61 4075//61
f 4007//61 4008//61 4075//61
f 4075//61 4008//61 4076//79
f 4008//61 4009//62 4076//79
f 4076//79 4009//62 4077//62
f 4009//62 4010//91 4077//62
f 4077//62 4010//91 4078//61
f 4010//91 4011//61 4078//61
f 4078//61 4011//61 4079//61
f 4011//61 4012//61 4079//61
f 4079//61 4012//61 4080//61
f 4012//61 4013//61 4080//61
f 4080//61 4013//61 4081//61
f 4013//61 4014//61 4081//61
f 4081//61 4014//61 4082//61
f 4014//61 4015//76 4082//61
f 4082//61 4015//76 4083//62
f 4015//76 4016//76 4083//62
f 4083//62 4016//76 4084//91
f 4016//76 4017//61 4084//91
f 4084//91 4017//61 4085//61
f 4017//61 4018//61 4085//61
f 4085//61 4018//61 4086//61
f 4018//61 4019//61 4086//61
f 4086//61 4019//61 4087//61
f 4019//61 4020//61 4087//61
f 4087//61 4020//61 4088//61
f 4020//61 4021//61 4088//61
f 4088//61 4021//61 4089//61
f 4021//61 4022//61 4089//61
f 4089//61 4022//61 4090//61
f 4022//61 4023//61 4090//61
f 4090//61 4023//61 4091//61
f 4023//61 4024//61 4091//61
f 4091//61 4024//61 4092//61
f 4024//61 4025//61 4092//61
f 4092//61 4025//61 4093//169
f 4025//61 4026//169 4093//169
f 4093//169 4026//169 4094//169
f 4026//169 4027//169 4094//169
f 4094//169 4027//169 4095//61
f 4027//169 4028//61 4095//61
f 4095//61 4028//61 4096//61
f 4028//61 4029//61 4096//61
f 4096//61 4029//61 4097//61
f 4029//61 4030//181 4097//61
f 4097//61 4030//181 4098//204
f 4030//181 4031//182 4098//204
f 4098//204 4031//182 4099//190
f 4031//182 4032//181 4099//190
f 4099//190 4032//181 4100//359
f 4032//181 4033//182 4100//359
f 4100//359 4033//182 4101//204
f 4033//182 4034//204 4101//204
f 4101//204 4034//204 4102//182
f 4034//204 4035//540 4102//182
f 4102//182 4035//540 4103//566
f 4035//540 4036//557 4103//566
f 4103//566 4036//557 4104//567
f 4036//557 4037//374 4104//567
f 4104//567 4037//374 4105//318
f 4037//374 4038//525 4105//318
f 4105//318 4038//525 4106//328
f 4038//525 4039//328 4106//328
f 4106//328 4039//328 4107//328
f 4039//328 4040//303 4107//328
f 4107//328 4040//303 4108//530
f 4040//303 4041//558 4108//530
f 4108//530 4041//558 4109//242
f 4041//558 4042//280 4109//242
f 4109//242 4042//280 4110//530
f 4042//280 4043//280 4110//530
f 4110//530 4043//280 4111//405
f 4043//280 4044//405 4111//405
f 4111//405 4044//405 4112//255
f 4044//405 4045//405 4112//255
f 4112//255 4045//405 4113//290
f 4045//405 4046//280 4113//290
f 4113//290 4046//280 4114//291
f 4046//280 4047//281 4114//291
f 4114//291 4047//281 4115//328
f 4047//281 4048//559 4115//328
f 4115//328 4048//559 4116//328
f 4048//559 4049//560 4116//328
f 4116//328 4049//560 4117//292
f 4049//560 4050//328 4117//292
f 4117//292 4050//328 4118//329
f 4050//328 4051//254 4118//329
f 4118//329 4051//254 4119//61
f 4051//254 4052//61 4119//61
f 4119//61 4052//61 4120//61
f 4052//61 4053//531 4120//61
f 4120//61 4053//531 4121//526
f 4053//531 4054//561 4121//526
f 4121//526 4054//561 4122//568
f 4123//119 4055//562 4124//569
f 4055//562 4056//563 4124//569
f 4124//569 4056//563 4125//174
f 4056//563 4057//564 4125//174
f 4125//174 4057//564 4126//570
f 4057//564 4058//565 4127//571
f 4057//564 4127//571 4126//570
f 4058//565 4059//25 4127//571
f 4127//571 4059//25 4128//157
f 4059//25 4060//26 4128//157
f 4128//157 4060//26 4129//70
f 4060//26 4061//70 4129//70
f 4129//70 4061//70 4130//132
f 4061//70 4062//103 4130//132
f 4130//132 4062//103 4131//103
f 4062//103 4063//133 4131//103
f 4131//103 4063//133 4132//103
f 4063//133 4064//175 4132//103
f 4132//103 4064//175 4133//29
f 4064//175 4065//29 4133//29
f 4133//29 4065//29 4134//29
f 4065//29 4066//61 4134//29
f 4134//29 4066//61 4135//77
f 4066//61 4067//75 4135//77
f 4135//77 4067//75 4136//75
f 4067//75 4068//60 4136//75
f 4136//75 4068//60 4137//76
f 4068//60 4069//91 4137//76
f 4137//76 4069//91 4138//76
f 4069//91 4070//62 4138//76
f 4138//76 4070//62 4139//76
f 4070//62 4071//61 4139//76
f 4139//76 4071//61 4140//61
f 4071//61 4072//61 4140//61
f 4140//61 4072//61 4141//77
f 4072//61 4073//62 4141//77
f 4141//77 4073//62 4142//77
f 4073//62 4074//91 4142//77
f 4142//77 4074//91 4143//61
f 4074//91 4075//61 4143//61
f 4143//61 4075//61 4144//61
f 4075//61 4076//79 4144//61
f 4144//61 4076//79 4145//62
f 4076//79 4077//62 4145//62
f 4145//62 4077//62 4146//79
f 4077//62 4078//61 4146//79
f 4146//79 4078//61 4147//61
f 4078//61 4079//61 4147//61
f 4147//61 4079//61 4148//61
f 4079//61 4080//61 4148//61
f 4148//61 4080//61 4149//61
f 4080//61 4081//61 4149//61
f 4149//61 4081//61 4150//61
f 4081//61 4082//61 4150//61
f 4150//61 4082//61 4151//79
f 4082//61 4083//62 4151//79
f 4151//79 4083//62 4152//62
f 4083//62 4084//91 4152//62
f 4152//62 4084//91 4153//61
f 4084//91 4085//61 4153//61
f 4153//61 4085//61 4154//61
f 4085//61 4086//61 4154//61
f 4154//61 4086//61 4155//61
f 4086//61 4087//61 4155//61
f 4155//61 4087//61 4156//61
f 4087//61 4088//61 4156//61
f 4156//61 4088//61 4157//61
f 4088//61 4089//61 4157//61
f 4157//61 4089//61 4158//61
f 4089//61 4090//61 4158//61
f 4158//61 4090//61 4159//61
f 4090//61 4091//61 4159//61
f 4159//61 4091//61 4160//61
f 4091//61 4092//61 4160//61
f 4160//61 4092//61 4161//169
f 4092//61 4093//169 4161//169
f 4161//169 4093//169 4162//169
f 4093//169 4094//169 4162//169
f 4162//169 4094//169 4163//61
f 4094//169 4095//61 4163//61
f 4163//61 4095//61 4164//61
f 4095//61 4096//61 4164//61
f 4164//61 4096//61 4165//61
f 4096//61 4097//61 4165//61
f 4165//61 4097//61 4166//190
f 4097//61 4098//204 4166//190
f 4166//190 4098//204 4167//182
f 4098//204 4099//190 4167//182
f 4167//182 4099//190 4168//181
f 4099//190 4100//359 4168//181
f 4168//181 4100//359 4169//204
f 4100//359 4101//204 4169//204
f 4169//204 4101//204 4170//198
f 4101//204 4102//182 4170//198
f 4170//198 4102//182 4171//540
f 4102//182 4103//566 4171//540
f 4171//540 4103//566 4172//572
f 4103//566 4104//567 4172//572
f 4172//572 4104//567 4173//573
f 4104//567 4105//318 4173//573
f 4173//573 4105//318 4174//266
f 4105//318 4106//328 4174//266
f 4174//266 4106//328 4175//242
f 4106//328 4107//328 4175//242
f 4175//242 4107//328 4176//560
f 4107//328 4108//530 4176//560
f 4176//560 4108//530 4177//560
f 4108//530 4109//242 4177//560
f 4177//560 4109//242 4178//530
f 4109//242 4110//530 4178//530
f 4178//530 4110//530 4179//242
f 4110//530 4111//405 4179//242
f 4179//242 4111//405 4180//328
f 4111//405 4112//255 4180//328
f 4180//328 4112//255 4181//290
f 4112//255 4113//290 4181//290
f 4181//290 4113//290 4182//328
f 4113//290 4114//291 4182//328
f 4182//328 4114//291 4183//328
f 4114//291 4115//328 4183//328
f 4183//328 4115//328 4184//328
f 4115//328 4116//328 4184//328
f 4184//328 4116//328 4185//311
f 4116//328 4117//292 4185//311
f 4185//311 4117//292 4186//328
f 4117//292 4118//329 4186//328
f 4186//328 4118//329 4187//405
f 4118//329 4119//61 4187//405
f 4187//405 4119//61 4188//61
f 4119//61 4120//61 4188//61
f 4188//61 4120//61 4189//531
f 4120//61 4121//526 4189//531
f 4189//531 4121//526 4190//574
f 4121//526 4122//568 4190//574
f 4123//119 4124//569 4191//575
f 4191//575 4124//569 4192//576
f 4124//569 4125//174 4192//576
f 4192//576 4125//174 4193//16
f 4125//174 4126//570 4193//16
f 4193//16 4126//570 4194//212
f 4126//570 4127//571 4194//212
f 4194//212 4127//571 4195//42
f 4127//571 4128//157 4195//42
f 4195//42 4128//157 4196//43
f 4128//157 4129//70 4196//43
f 4196//43 4129//70 4197//44
f 4129//70 4130//132 4197//44
f 4197//44 4130//132 4198//212
f 4130//132 4131//103 4198//212
f 4198//212 4131//103 4199//343
f 4131//103 4132//103 4199//343
f 4199//343 4132//103 4200//577
f 4132//103 4133//29 4200//577
f 4200//577 4133//29 4201//59
f 4133//29 4134//29 4201//59
f 4201//59 4134//29 4202//88
f 4134//29 4135//77 4202//88
f 4202//88 4135//77 4203//62
f 4135//77 4136//75 4203//62
f 4203//62 4136//75 4204//62
f 4136//75 4137//76 4204//62
f 4204//62 4137//76 4205//91
f 4137//76 4138//76 4205//91
f 4205//91 4138//76 4206//62
f 4138//76 4139//76 4206//62
f 4206//62 4139//76 4207//91
f 4139//76 4140//61 4207//91
f 4207//91 4140//61 4208//77
f 4140//61 4141//77 4208//77
f 4208//77 4141//77 4209//77
f 4141//77 4142//77 4209//77
f 4209//77 4142//77 4210//61
f 4142//77 4143//61 4210//61
f 4210//61 4143//61 4211//61
f 4143//61 4144//61 4211//61
f 4211//61 4144//61 4212//77
f 4144//61 4145//62 4212//77
f 4212//77 4145//62 4213//77
f 4145//62 4146//79 4213//77
f 4213//77 4146//79 4214//61
f 4146//79 4147//61 4214//61
f 4214//61 4147//61 4215//61
f 4147//61 4148//61 4215//61
f 4215//61 4148//61 4216//61
f 4148//61 4149//61 4216//61
f 4216//61 4149//61 4217//61
f 4149//61 4150//61 4217//61
f 4217//61 4150//61 4218//61
f 4150//61 4151//79 4218//61
f 4218//61 4151//79 4219//578
f 4151//79 4152//62 4219//578
f 4219//578 4152//62 4220//579
f 4152//62 4153//61 4220//579
f 4220//579 4153//61 4221//61
f 4153//61 4154//61 4221//61
f 4221//61 4154//61 4222//61
f 4154//61 4155//61 4222//61
f 4222//61 4155//61 4223//61
f 4155//61 4156//61 4223//61
f 4223//61 4156//61 4224//61
f 4156//61 4157//61 4224//61
f 4224//61 4157//61 4225//61
f 4157//61 4158//61 4225//61
f 4225//61 4158//61 4226//61
f 4158//61 4159//61 4226//61
f 4226//61 4159//61 4227//251
f 4159//61 4160//61 4227//251
f 4227//251 4160//61 4228//263
f 4160//61 4161//169 4228//263
f 4228//263 4161//169 4229//169
f 4161//169 4162//169 4229//169
f 4229//169 4162//169 4230//61
f 4162//169 4163//61 4230//61
f 4230//61 4163//61 4231//61
f 4163//61 4164//61 4231//61
f 4231//61 4164//61 4232//61
f 4164//61 4165//61 4232//61
f 4232//61 4165//61 4233//61
f 4165//61 4166//190 4233//61
f 4233//61 4166//190 4234//204
f 4166//190 4167//182 4234//204
f 4234//204 4167//182 4235//190
f 4167//182 4168//181 4235//190
f 4235//190 4168//181 4236//204
f 4168//181 4169//204 4236//204
f 4236//204 4169//204 4237//190
f 4169//204 4170//198 4237//190
f 4237//190 4170//198 4238//204
f 4170//198 4171//540 4238//204
f 4238//204 4171//540 4239//483
f 4171//540 4172//572 4239//483
f 4239//483 4172//572 4240//540
f 4172//572 4173//573 4240//540
f 4240//540 4173//573 4241//580
f 4173//573 4174//266 4241//580
f 4241//580 4174//266 4242//266
f 4174//266 4175//242 4242//266
f 4242//266 4175//242 4243//255
f 4175//242 4176//560 4243//255
f 4243//255 4176//560 4244//410
f 4176//560 4177//560 4244//410
f 4244//410 4177//560 4245//530
f 4177//560 4178//530 4245//530
f 4245//530 4178//530 4246//559
f 4178//530 4179//242 4246//559
f 4246//559 4179//242 4247//280
f 4179//242 4180//328 4247//280
f 4247//280 4180//328 4248//329
f 4180//328 4181//290 4248//329
f 4248//329 4181//290 4249//255
f 4181//290 4182//328 4249//255
f 4249//255 4182//328 4250//328
f 4182//328 4183//328 4250//328
f 4250//328 4183//328 4251//328
f 4183//328 4184//328 4251//328
f 4251//328 4184//328 4252//292
f 4184//328 4185//311 4252//292
f 4252//292 4185//311 4253//329
f 4185//311 4186//328 4253//329
f 4253//329 4186//328 4254//255
f 4186//328 4187//405 4254//255
f 4254//255 4187//405 4255//256
f 4187//405 4188//61 4255//256
f 4255//256 4188//61 4256//61
f 4188//61 4189//531 4256//61
f 4256//61 4189//531 4257//526
f 4189//531 4190//574 4257//526
f 4257//526 4190//574 4258//581
f 4259//119 4191//575 4260//569
f 4191//575 4192//576 4260//569
f 4260//569 4192//576 4261//44
f 4192//576 4193//16 4261//44
f 4261//44 4193//16 4262//44
f 4193//16 4194//212 4262//44
f 4262//44 4194//212 4263//26
f 4194//212 4195//42 4263//26
f 4263//26 4195//42 4264//27
f 4195//42 4196//43 4264//27
f 4264//27 4196//43 4265//69
f 4196//43 4197//44 4265//69
f 4265//69 4197//44 4266//103
f 4197//44 4198//212 4266//103
f 4266//103 4198//212 4267//134
f 4198//212 4199//343 4267//134
f 4267//134 4199//343 4268//351
f 4199//343 4200//577 4268//351
f 4268//351 4200//577 4269//577
f 4200//577 4201//59 4269//577
f 4269//577 4201//59 4270//159
f 4201//59 4202//88 4270//159
f 4270//159 4202//88 4271//116
f 4202//88 4203//62 4271//116
f 4271//116 4203//62 4272//90
f 4203//62 4204//62 4272//90
f 4272//90 4204//62 4273//78
f 4204//62 4205//91 4273//78
f 4273//78 4205//91 4274//77
f 4205//91 4206//62 4274//77
f 4274//77 4206//62 4275//78
f 4206//62 4207//91 4275//78
f 4275//78 4207//91 4276//79
f 4207//91 4208//77 4276//79
f 4276//79 4208//77 4277//62
f 4208//77 4209//77 4277//62
f 4277//62 4209//77 4278//61
f 4209//77 4210//61 4278//61
f 4278//61 4210//61 4279//61
f 4210//61 4211//61 4279//61
f 4279//61 4211//61 4280//79
f 4211//61 4212//77 4280//79
f 4280//79 4212//77 4281//62
f 4212//77 4213//77 4281//62
f 4281//62 4213//77 4282//61
f 4213//77 4214//61 4282//61
f 4282//61 4214//61 4283//61
f 4214//61 4215//61 4283//61
f 4283//61 4215//61 4284//61
f 4215//61 4216//61 4284//61
f 4284//61 4216//61 4285//61
f 4216//61 4217//61 4285//61
f 4285//61 4217//61 4286//61
f 4217//61 4218//61 4286//61
f 4286//61 4218//61 4287//61
f 4218//61 4219//578 4287//61
f 4287//61 4219//578 4288//61
f 4219//578 4220//579 4289//582
f 4219//578 4289//582 4288//61
f 4220//579 4221//61 4290//583
f 4220//579 4290//583 4289//582
f 4221//61 4222//61 4290//583
f 4290//583 4222//61 4291//61
f 4222//61 4223//61 4291//61
f 4291//61 4223//61 4292//61
f 4223//61 4224//61 4292//61
f 4292//61 4224//61 4293//61
f 4224//61 4225//61 4293//61
f 4293//61 4225//61 4294//251
f 4225//61 4226//61 4294//251
f 4294//251 4226//61 4295//263
f 4226//61 4227//251 4295//263
f 4295//263 4227//251 4296//263
f 4227//251 4228//263 4296//263
f 4296//263 4228//263 4297//251
f 4228//263 4229//169 4297//251
f 4297//251 4229//169 4298//61
f 4229//169 4230//61 4298//61
f 4298//61 4230//61 4299//61
f 4230//61 4231//61 4299//61
f 4299//61 4231//61 4300//61
f 4231//61 4232//61 4300//61
f 4300//61 4232//61 4301//61
f 4232//61 4233//61 4301//61
f 4301//61 4233//61 4302//169
f 4233//61 4234//204 4302//169
f 4302//169 4234//204 4303//169
f 4234//204 4235//190 4303//169
f 4303//169 4235//190 4304//181
f 4235//190 4236//204 4304//181
f 4304//181 4236//204 4305//182
f 4236//204 4237//190 4305//182
f 4305//182 4237//190 4306//169
f 4237//190 4238//204 4306//169
f 4306//169 4238//204 4307//219
f 4238//204 4239//483 4307//219
f 4307//219 4239//483 4308//182
f 4239//483 4240//540 4308//182
f 4308//182 4240//540 4309//198
f 4240//540 4241//580 4309//198
f 4309//198 4241//580 4310//584
f 4241//580 4242//266 4310//584
f 4310//584 4242//266 4311//585
f 4242//266 4243//255 4311//585
f 4311//585 4243//255 4312//328
f 4243//255 4244//410 4312//328
f 4312//328 4244//410 4313//267
f 4244//410 4245//530 4313//267
f 4313//267 4245//530 4314//530
f 4245//530 4246//559 4314//530
f 4314//530 4246//559 4315//530
f 4246//559 4247//280 4315//530
f 4315//530 4247//280 4316//530
f 4247//280 4248//329 4316//530
f 4316//530 4248//329 4317//242
f 4248//329 4249//255 4317//242
f 4317//242 4249//255 4318//328
f 4249//255 4250//328 4318//328
f 4318//328 4250//328 4319//328
f 4250//328 4251//328 4319//328
f 4319//328 4251//328 4320//328
f 4251//328 4252//292 4320//328
f 4320//328 4252//292 4321//530
f 4252//292 4253//329 4321//530
f 4321//530 4253//329 4322//586
f 4253//329 4254//255 4322//586
f 4322//586 4254//255 4323//587
f 4254//255 4255//256 4323//587
f 4323//587 4255//256 4324//61
f 4255//256 4256//61 4324//61
f 4324//61 4256//61 4325//552
f 4256//61 4257//526 4325//552
f 4325//552 4257//526 4326//553
f 4257//526 4258//581 4326//553
f 4259//119 4260//569 4327//440
f 4327//440 4260//569 4328//472
f 4260//569 4261//44 4328//472
f 4328//472 4261//44 4329//44
f 4261//44 4262//44 4329//44
f 4329//44 4262//44 4330//42
f 4262//44 4263//26 4330//42
f 4330//42 4263//26 4331//44
f 4263//26 4264//27 4331//44
f 4331//44 4264//27 4332//15
f 4264//27 4265//69 4332//15
f 4332//15 4265//69 4333//69
f 4265//69 4266//103 4333//69
f 4333//69 4266//103 4334//17
f 4266//103 4267//134 4334//17
f 4334//17 4267//134 4335//142
f 4267//134 4268//351 4335//142
f 4335//142 4268//351 4336//29
f 4268//351 4269//577 4336//29
f 4336//29 4269//577 4337//61
f 4269//577 4270//159 4337//61
f 4337//61 4270//159 4338//79
f 4270//159 4271//116 4338//79
f 4338//79 4271//116 4339//238
f 4271//116 4272//90 4339//238
f 4339//238 4272//90 4340//77
f 4272//90 4273//78 4340//77
f 4340//77 4273//78 4341//77
f 4273//78 4274//77 4341//77
f 4341//77 4274//77 4342//78
f 4274//77 4275//78 4342//78
f 4342//78 4275//78 4343//61
f 4275//78 4276//79 4343//61
f 4343//61 4276//79 4344//116
f 4276//79 4277//62 4344//116
f 4344//116 4277//62 4345//91
f 4277//62 4278//61 4345//91
f 4345//91 4278//61 4346//61
f 4278//61 4279//61 4346//61
f 4346//61 4279//61 4347//61
f 4279//61 4280//79 4347//61
f 4347//61 4280//79 4348//116
f 4280//79 4281//62 4348//116
f 4348//116 4281//62 4349//79
f 4281//62 4282//61 4349//79
f 4349//79 4282//61 4350//61
f 4282//61 4283//61 4350//61
f 4350//61 4283//61 4351//61
f 4283//61 4284//61 4351//61
f 4351//61 4284//61 4352//61
f 4284//61 4285//61 4352//61
f 4352//61 4285//61 4353//61
f 4285//61 4286//61 4353//61
f 4353//61 4286//61 4354//61
f 4286//61 4287//61 4354//61
f 4354//61 4287//61 4355//61
f 4287//61 4288//61 4355//61
f 4355//61 4288//61 4356//61
f 4288//61 4289//582 4356//61
f 4356//61 4289//582 4357//116
f 4289//582 4290//583 4357//116
f 4357//116 4290//583 4358//91
f 4290//583 4291//61 4358//91
f 4358//91 4291//61 4359//61
f 4291//61 4292//61 4359//61
f 4359//61 4292//61 4360//251
f 4292//61 4293//61 4360//251
f 4360//251 4293//61 4361//263
f 4293//61 4294//251 4361//263
f 4361//263 4294//251 4362//263
f 4294//251 4295//263 4362//263
f 4362//263 4295//263 4363//264
f 4295//263 4296//263 4363//264
f 4363//264 4296//263 4364//61
f 4296//263 4297//251 4364//61
f 4364//61 4297//251 4365//61
f 4297//251 4298//61 4365//61
f 4365//61 4298//61 4366//61
f 4298//61 4299//61 4366//61
f 4366//61 4299//61 4367//61
f 4299//61 4300//61 4367//61
f 4367//61 4300//61 4368//61
f 4300//61 4301//61 4368//61
f 4368//61 4301//61 4369//176
f 4301//61 4302//169 4369//176
f 4369//176 4302//169 4370//169
f 4302//169 4303//169 4370//169
f 4370//169 4303//169 4371//61
f 4303//169 4304//181 4371//61
f 4371//61 4304//181 4372//359
f 4304//181 4305//182 4372//359
f 4372//359 4305//182 4373//204
f 4305//182 4306//169 4373//204
f 4373//204 4306//169 4374//182
f 4306//169 4307//219 4374//182
f 4374//182 4307//219 4375//198
f 4307//219 4308//182 4375//198
f 4375//198 4308//182 4376//198
f 4308//182 4309//198 4376//198
f 4376//198 4309//198 4377//204
f 4309//198 4310//584 4377//204
f 4377//204 4310//584 4378//588
f 4310//584 4311//585 4378//588
f 4378//588 4311//585 4379//589
f 4311//585 4312//328 4379//589
f 4379//589 4312//328 4380//560
f 4312//328 4313//267 4380//560
f 4380//560 4313//267 4381//328
f 4313//267 4314//530 4381//328
f 4381//328 4314//530 4382//291
f 4314//530 4315//530 4382//291
f 4382//291 4315//530 4383//328
f 4315//530 4316//530 4383//328
f 4383//328 4316//530 4384//242
f 4316//530 4317//242 4384//242
f 4384//242 4317//242 4385//560
f 4317//242 4318//328 4385//560
f 4385//560 4318//328 4386//530
f 4318//328 4319//328 4386//530
f 4386//530 4319//328 4387//242
f 4319//328 4320//328 4387//242
f 4387//242 4320//328 4388//530
f 4320//328 4321//530 4388//530
f 4388//530 4321//530 4389//242
f 4321//530 4322//586 4389//242
f 4389//242 4322//586 4390//243
f 4322//586 4323//587 4391//590
f 4322//586 4391//590 4390//243
f 4323//587 4324//61 4392//591
f 4323//587 4392//591 4391//590
f 4324//61 4325//552 4392//591
f 4392//591 4325//552 4393//592
f 4325//552 4326//553 4393//592
f 4327//440 4328//472 4394//593
f 4394//593 4328//472 4395//594
f 4328//472 4329//44 4395//594
f 4395//594 4329//44 4396//174
f 4329//44 4330//42 4396//174
f 4396//174 4330//42 4397//44
f 4330//42 4331//44 4397//44
f 4397//44 4331//44 4398//44
f 4331//44 4332//15 4398//44
f 4398//44 4332//15 4399//15
f 4332//15 4333//69 4399//15
f 4399//15 4333//69 4400//44
f 4333//69 4334//17 4400//44
f 4400//44 4334//17 4401//57
f 4334//17 4335//142 4401//57
f 4401//57 4335//142 4402//59
f 4335//142 4336//29 4402//59
f 4402//59 4336//29 4403//595
f 4336//29 4337//61 4403//595
f 4403//595 4337//61 4404//61
f 4337//61 4338//79 4404//61
f 4404//61 4338//79 4405//60
f 4338//79 4339//238 4405//60
f 4405//60 4339//238 4406//60
f 4339//238 4340//77 4406//60
f 4406//60 4340//77 4407//77
f 4340//77 4341//77 4407//77
f 4407//77 4341//77 4408//78
f 4341//77 4342//78 4408//78
f 4408//78 4342//78 4409//61
f 4342//78 4343//61 4409//61
f 4409//61 4343//61 4410//91
f 4343//61 4344//116 4410//91
f 4410//91 4344//116 4411//115
f 4344//116 4345//91 4411//115
f 4411//115 4345//91 4412//61
f 4345//91 4346//61 4412//61
f 4412//61 4346//61 4413//61
f 4346//61 4347//61 4413//61
f 4413//61 4347//61 4414//79
f 4347//61 4348//116 4414//79
f 4414//79 4348//116 4415//62
f 4348//116 4349//79 4415//62
f 4415//62 4349//79 4416//61
f 4349//79 4350//61 4416//61
f 4416//61 4350//61 4417//61
f 4350//61 4351//61 4417//61
f 4417//61 4351//61 4418//61
f 4351//61 4352//61 4418//61
f 4418//61 4352//61 4419//61
f 4352//61 4353//61 4419//61
f 4419//61 4353//61 4420//61
f 4353//61 4354//61 4420//61
f 4420//61 4354//61 4421//61
f 4354//61 4355//61 4421//61
f 4421//61 4355//61 4422//61
f 4355//61 4356//61 4422//61
f 4422//61 4356//61 4423//596
f 4356//61 4357//116 4423//596
f 4423//596 4357//116 4424//597
f 4357//116 4358//91 4424//597
f 4424//597 4358//91 4425//598
f 4358//91 4359//61 4425//598
f 4425//598 4359//61 4426//263
f 4359//61 4360//251 4426//263
f 4426//263 4360//251 4427//263
f 4360//251 4361//263 4427//263
f 4427//263 4361//263 4428//251
f 4361//263 4362//263 4428//251
f 4428//251 4362//263 4429//61
f 4362//263 4363//264 4429//61
f 4429//61 4363//264 4430//61
f 4363//264 4364//61 4430//61
f 4430//61 4364//61 4431//61
f 4364//61 4365//61 4431//61
f 4431//61 4365//61 4432//61
f 4365//61 4366//61 4432//61
f 4432//61 4366//61 4433//61
f 4366//61 4367//61 4433//61
f 4433//61 4367//61 4434//61
f 4367//61 4368//61 4434//61
f 4434//61 4368//61 4435//181
f 4368//61 4369//176 4435//181
f 4435//181 4369//176 4436//182
f 4369//176 4370//169 4436//182
f 4436//182 4370//169 4437//61
f 4370//169 4371//61 4437//61
f 4437//61 4371//61 4438//169
f 4371//61 4372//359 4438//169
f 4438//169 4372//359 4439//169
f 4372//359 4373//204 4439//169
f 4439//169 4373//204 4440//198
f 4373//204 4374//182 4440//198
f 4440//198 4374//182 4441//198
f 4374//182 4375//198 4441//198
f 4441//198 4375//198 4442//204
f 4375//198 4376//198 4442//204
f 4442//204 4376//198 4443//219
f 4376//198 4377//204 4443//219
f 4443//219 4377//204 4444//169
f 4377//204 4378//588 4444//169
f 4444//169 4378//588 4445//599
f 4378//588 4379//589 4445//599
f 4445//599 4379//589 4446//600
f 4379//589 4380//560 4446//600
f 4446//600 4380//560 4447//550
f 4380//560 4381//328 4447//550
f 4447//550 4381//328 4448//303
f 4381//328 4382//291 4448//303
f 4448//303 4382//291 4449//328
f 4382//291 4383//328 4449//328
f 4449//328 4383//328 4450//267
f 4383//328 4384//242 4450//267
f 4450//267 4384//242 4451//255
f 4384//242 4385//560 4451//255
f 4451//255 4385//560 4452//292
f 4385//560 4386//530 4452//292
f 4452//292 4386//530 4453//328
f 4386//530 4387//242 4453//328
f 4453//328 4387//242 4454//328
f 4387//242 4388//530 4454//328
f 4454//328 4388//530 4455//328
f 4388//530 4389//242 4455//328
f 4455//328 4389//242 4456//405
f 4389//242 4390//243 4456//405
f 4456//405 4390//243 4457//405
f 4390//243 4391//590 4457//405
f 4457//405 4391//590 4458//601
f 4391//590 4392//591 4458//601
f 4458//601 4392//591 4459//602
f 4392//591 4393//592 4459//602
f 4394//593 4395//594 4460//603
f 4460//603 4395//594 4461//604
f 4395//594 4396//174 4461//604
f 4461//604 4396//174 4462//15
f 4396//174 4397//44 4462//15
f 4462//15 4397//44 4463//44
f 4397//44 4398//44 4463//44
f 4463//44 4398//44 4464//25
f 4398//44 4399//15 4464//25
f 4464//25 4399//15 4465//26
f 4399//15 4400//44 4465//26
f 4465//26 4400//44 4466//158
f 4400//44 4401//57 4466//158
f 4466//158 4401//57 4467//72
f 4401//57 4402//59 4467//72
f 4467//72 4402//59 4468//605
f 4402//59 4403//595 4468//605
f 4468//605 4403//595 4469//61
f 4403//595 4404//61 4470//606
f 4403//595 4470//606 4469//61
f 4404//61 4405//60 4470//606
f 4470//606 4405//60 4471//75
f 4405//60 4406//60 4471//75
f 4471//75 4406//60 4472//105
f 4406//60 4407//77 4472//105
f 4472//105 4407//77 4473//62
f 4407//77 4408//78 4473//62
f 4473//62 4408//78 4474//61
f 4408//78 4409//61 4474//61
f 4474//61 4409//61 4475//89
f 4409//61 4410//91 4475//89
f 4475//89 4410//91 4476//77
f 4410//91 4411//115 4476//77
f 4476//77 4411//115 4477//91
f 4411//115 4412//61 4477//91
f 4477//91 4412//61 4478//61
f 4412//61 4413//61 4478//61
f 4478//61 4413//61 4479//61
f 4413//61 4414//79 4479//61
f 4479//61 4414//79 4480//62
f 4414//79 4415//62 4480//62
f 4480//62 4415//62 4481//91
f 4415//62 4416//61 4481//91
f 4481//91 4416//61 4482//61
f 4416//61 4417//61 4482//61
f 4482//61 4417//61 4483//61
f 4417//61 4418//61 4483//61
f 4483//61 4418//61 4484//61
f 4418//61 4419//61 4484//61
f 4484//61 4419//61 4485//61
f 4419//61 4420//61 4485//61
f 4485//61 4420//61 4486//61
f 4420//61 4421//61 4486//61
f 4486//61 4421//61 4487//61
f 4421//61 4422//61 4487//61
f 4487//61 4422//61 4488//61
f 4422//61 4423//596 4488//61
f 4488//61 4423//596 4489//61
f 4423//596 4424//597 4490//607
f 4423//596 4490//607 4489//61
f 4424//597 4425//598 4490//607
f 4490//607 4425//598 4491//598
f 4425//598 4426//263 4491//598
f 4491//598 4426//263 4492//264
f 4426//263 4427//263 4492//264
f 4492//264 4427//263 4493//61
f 4427//263 4428//251 4493//61
f 4493//61 4428//251 4494//61
f 4428//251 4429//61 4494//61
f 4494//61 4429//61 4495//61
f 4429//61 4430//61 4495//61
f 4495//61 4430//61 4496//61
f 4430//61 4431//61 4496//61
f 4496//61 4431//61 4497//61
f 4431//61 4432//61 4497//61
f 4497//61 4432//61 4498//61
f 4432//61 4433//61 4498//61
f 4498//61 4433//61 4499//61
f 4433//61 4434//61 4499//61
f 4499//61 4434//61 4500//61
f 4434//61 4435//181 4500//61
f 4500//61 4435//181 4501//204
f 4435//181 4436//182 4501//204
f 4501//204 4436//182 4502//181
f 4436//182 4437//61 4502//181
f 4502//181 4437//61 4503//181
f 4437//61 4438//169 4503//181
f 4503//181 4438//169 4504//182
f 4438//169 4439//169 4504//182
f 4504//182 4439//169 4505//61
f 4439//169 4440//198 4505//61
f 4505//61 4440//198 4506//204
f 4440//198 4441//198 4506//204
f 4506//204 4441//198 4507//204
f 4441//198 4442//204 4507//204
f 4507//204 4442//204 4508//483
f 4442//204 4443//219 4508//483
f 4508//483 4443//219 4509//182
f 4443//219 4444//169 4509//182
f 4509//182 4444//169 4510//289
f 4444//169 4445//599 4510//289
f 4510//289 4445//599 4511//278
f 4445//599 4446//600 4511//278
f 4511//278 4446//600 4512//530
f 4446//600 4447//550 4512//530
f 4512//530 4447//550 4513//303
f 4447//550 4448//303 4513//303
f 4513//303 4448//303 4514//303
f 4448//303 4449//328 4514//303
f 4514//303 4449//328 4515//328
f 4449//328 4450//267 4515//328
f 4515//328 4450//267 4516//267
f 4450//267 4451//255 4516//267
f 4516//267 4451//255 4517//328
f 4451//255 4452//292 4517//328
f 4517//328 4452//292 4518//530
f 4452//292 4453//328 4518//530
f 4518//530 4453//328 4519//242
f 4453//328 4454//328 4519//242
f 4519//242 4454//328 4520//530
f 4454//328 4455//328 4520//530
f 4520//530 4455//328 4521//405
f 4455//328 4456//405 4521//405
f 4521//405 4456//405 4522//267
f 4456//405 4457//405 4522//267
f 4522//267 4457//405 4523//256
f 4457//405 4458//601 4523//256
f 4523//256 4458//601 4524//608
f 4458//601 4459//602 4524//608
f 4524//608 4459//602 4525//609
f 4527//610 4460//603 4528//449
f 4460//603 4461//604 4528//449
f 4528//449 4461//604 4529//15
f 4461//604 4462//15 4529//15
f 4529//15 4462//15 4530//174
f 4462//15 4463//44 4530//174
f 4530//174 4463//44 4531//27
f 4463//44 4464//25 4531//27
f 4531//27 4464//25 4532//42
f 4464//25 4465//26 4532//42
f 4532//42 4465//26 4533//44
f 4465//26 4466//158 4533//44
f 4533//44 4466//158 4534//229
f 4466//158 4467//72 4534//229
f 4534//229 4467//72 4535//611
f 4467//72 4468//605 4535//611
f 4535//611 4468//605 4536//612
f 4468//605 4469//61 4537//613
f 4468//605 4537//613 4536//612
f 4469//61 4470//606 4537//613
f 4537//613 4470//606 4538//77
f 4470//606 4471//75 4538//77
f 4538//77 4471//75 4539//62
f 4471//75 4472//105 4539//62
f 4539//62 4472//105 4540//75
f 4472//105 4473//62 4540//75
f 4540//75 4473//62 4541//91
f 4473//62 4474//61 4541//91
f 4541//91 4474//61 4542//77
f 4474//61 4475//89 4542//77
f 4542//77 4475//89 4543//126
f 4475//89 4476//77 4543//126
f 4543//126 4476//77 4544//89
f 4476//77 4477//91 4544//89
f 4544//89 4477//91 4545//61
f 4477//91 4478//61 4545//61
f 4545//61 4478//61 4546//125
f 4478//61 4479//61 4546//125
f 4546//125 4479//61 4547//126
f 4479//61 4480//62 4547//126
f 4547//126 4480//62 4548//78
f 4480//62 4481//91 4548//78
f 4548//78 4481//91 4549//61
f 4481//91 4482//61 4549//61
f 4549//61 4482//61 4550//61
f 4482//61 4483//61 4550//61
f 4550//61 4483//61 4551//61
f 4483//61 4484//61 4551//61
f 4551//61 4484//61 4552//61
f 4484//61 4485//61 4552//61
f 4552//61 4485//61 4553//61
f 4485//61 4486//61 4553//61
f 4553//61 4486//61 4554//61
f 4486//61 4487//61 4554//61
f 4554//61 4487//61 4555//61
f 4487//61 4488//61 4555//61
f 4555//61 4488//61 4556//61
f 4488//61 4489//61 4556//61
f 4556//61 4489//61 4557//61
f 4489//61 4490//607 4557//61
f 4557//61 4490//607 4558//61
f 4490//607 4491//598 4558//61
f 4558//61 4491//598 4559//61
f 4491//598 4492//264 4559//61
f 4559//61 4492//264 4560//61
f 4492//264 4493//61 4560//61
f 4560//61 4493//61 4561//61
f 4493//61 4494//61 4561//61
f 4561//61 4494//61 4562//61
f 4494//61 4495//61 4562//61
f 4562//61 4495//61 4563//61
f 4495//61 4496//61 4563//61
f 4563//61 4496//61 4564//61
f 4496//61 4497//61 4564//61
f 4564//61 4497//61 4565//61
f 4497//61 4498//61 4565//61
f 4565//61 4498//61 4566//61
f 4498//61 4499//61 4566//61
f 4566//61 4499//61 4567//61
f 4499//61 4500//61 4567//61
f 4567//61 4500//61 4568//176
f 4500//61 4501//204 4568//176
f 4568//176 4501//204 4569//169
f 4501//204 4502//181 4569//169
f 4569//169 4502//181 4570//61
f 4502//181 4503//181 4570//61
f 4570//61 4503//181 4571//359
f 4503//181 4504//182 4571//359
f 4571//359 4504//182 4572//181
f 4504//182 4505//61 4572//181
f 4572//181 4505//61 4573//181
f 4505//61 4506//204 4573//181
f 4573//181 4506//204 4574//182
f 4506//204 4507//204 4574//182
f 4574//182 4507//204 4575//182
f 4507//204 4508//483 4575//182
f 4575//182 4508//483 4576//483
f 4508//483 4509//182 4576//483
f 4576//483 4509//182 4577//614
f 4509//182 4510//289 4577//614
f 4577//614 4510//289 4578//299
f 4510//289 4511//278 4578//299
f 4578//299 4511//278 4579//280
f 4511//278 4512//530 4579//280
f 4579//280 4512//530 4580//365
f 4512//530 4513//303 4580//365
f 4580//365 4513//303 4581//292
f 4513//303 4514//303 4581//292
f 4581//292 4514//303 4582//615
f 4514//303 4515//328 4582//615
f 4582//615 4515//328 4583//267
f 4515//328 4516//267 4583//267
f 4583//267 4516//267 4584//267
f 4516//267 4517//328 4584//267
f 4584//267 4517//328 4585//328
f 4517//328 4518//530 4585//328
f 4585//328 4518//530 4586//242
f 4518//530 4519//242 4586//242
f 4586//242 4519//242 4587//530
f 4519//242 4520//530 4587//530
f 4587//530 4520//530 4588//242
f 4520//530 4521//405 4588//242
f 4588//242 4521//405 4589//242
f 4521//405 4522//267 4589//242
f 4589//242 4522//267 4590//267
f 4522//267 4523//256 4590//267
f 4590//267 4523//256 4591//45
f 4523//256 4524//608 4591//45
f 4591//45 4524//608 4592//616
f 4524//608 4525//609 4593//617
f 4524//608 4593//617 4592//616
f 4594//618 4526//534 4595//619
f 4526//534 4527//610 4595//619
f 4595//619 4527//610 4596//620
f 4527//610 4528//449 4596//620
f 4596//620 4528//449 4597//26
f 4528//449 4529//15 4597//26
f 4597//26 4529//15 4598//364
f 4529//15 4530//174 4598//364
f 4598//364 4530//174 4599//15
f 4530//174 4531//27 4599//15
f 4599//15 4531//27 4600//174
f 4531//27 4532//42 4600//174
f 4600//174 4532//42 4601//132
f 4532//42 4533//44 4601//132
f 4601//132 4533//44 4602//325
f 4533//44 4534//229 4602//325
f 4602//325 4534//229 4603//621
f 4534//229 4535//611 4603//621
f 4603//621 4535//611 4604//622
f 4535//611 4536//612 4604//622
f 4604//622 4536//612 4605//623
f 4536//612 4537//613 4605//623
f 4605//623 4537//613 4606//89
f 4537//613 4538//77 4606//89
f 4606//89 4538//77 4607//77
f 4538//77 4539//62 4607//77
f 4607//77 4539//62 4608//90
f 4539//62 4540//75 4608//90
f 4608//90 4540//75 4609//62
f 4540//75 4541//91 4609//62
f 4609//62 4541//91 4610//79
f 4541//91 4542//77 4610//79
f 4610//79 4542//77 4611//62
f 4542//77 4543//126 4611//62
f 4611//62 4543//126 4612//61
f 4543//126 4544//89 4612//61
f 4612//61 4544//89 4613//61
f 4544//89 4545//61 4613//61
f 4613//61 4545//61 4614//79
f 4545//61 4546//125 4614//79
f 4614//79 4546//125 4615//78
f 4546//125 4547//126 4615//78
f 4615//78 4547//126 4616//89
f 4547//126 4548//78 4616//89
f 4616//89 4548//78 4617//61
f 4548//78 4549//61 4617//61
f 4617//61 4549//61 4618//61
f 4549//61 4550//61 4618//61
f 4618//61 4550//61 4619//61
f 4550//61 4551//61 4619//61
f 4619//61 4551//61 4620//61
f 4551//61 4552//61 4620//61
f 4620//61 4552//61 4621//61
f 4552//61 4553//61 4621//61
f 4621//61 4553//61 4622//61
f 4553//61 4554//61 4622//61
f 4622//61 4554//61 4623//61
f 4554//61 4555//61 4623//61
f 4623//61 4555//61 4624//61
f 4555//61 4556//61 4624//61
f 4624//61 4556//61 4625//61
f 4556//61 4557//61 4625//61
f 4625//61 4557//61 4626//61
f 4557//61 4558//61 4626//61
f 4626//61 4558//61 4627//61
f 4558//61 4559//61 4627//61
f 4627//61 4559//61 4628//61
f 4559//61 4560//61 4628//61
f 4628//61 4560//61 4629//61
f 4560//61 4561//61 4629//61
f 4629//61 4561//61 4630//61
f 4561//61 4562//61 4630//61
f 4630//61 4562//61 4631//61
f 4562//61 4563//61 4631//61
f 4631//61 4563//61 4632//61
f 4563//61 4564//61 4632//61
f 4632//61 4564//61 4633//61
f 4564//61 4565//61 4633//61
f 4633//61 4565//61 4634//61
f 4565//61 4566//61 4634//61
f 4634//61 4566//61 4635//61
f 4566//61 4567//61 4635//61
f 4635//61 4567//61 4636//181
f 4567//61 4568//176 4636//181
f 4636//181 4568//176 4637//182
f 4568//176 4569//169 4637//182
f 4637//182 4569//169 4638//61
f 4569//169 4570//61 4638//61
f 4638//61 4570//61 4639//190
f 4570//61 4571//359 4639//190
f 4639//190 4571//359 4640//182
f 4571//359 4572//181 4640//182
f 4640//182 4572//181 4641//61
f 4572//181 4573//181 4641//61
f 4641//61 4573//181 4642//204
f 4573//181 4574//182 4642//204
f 4642//204 4574//182 4643//204
f 4574//182 4575//182 4643//204
f 4643//204 4575//182 4644//483
f 4575//182 4576//483 4644//483
f 4644//483 4576//483 4645//182
f 4576//483 4577//614 4645//182
f 4645//182 4577//614 4646//299
f 4577//614 4578//299 4646//299
f 4646//299 4578//299 4647//300
f 4578//299 4579//280 4647//300
f 4647//300 4579//280 4648//383
f 4579//280 4580//365 4648//383
f 4648//383 4580//365 4649//329
f 4580//365 4581//292 4649//329
f 4649//329 4581//292 4650//530
f 4581//292 4582//615 4650//530
f 4650//530 4582//615 4651//550
f 4582//615 4583//267 4651//550
f 4651//550 4583//267 4652//242
f 4583//267 4584//267 4652//242
f 4652//242 4584//267 4653//328
f 4584//267 4585//328 4653//328
f 4653//328 4585//328 4654//267
f 4585//328 4586//242 4654//267
f 4654//267 4586//242 4655//328
f 4586//242 4587//530 4655//328
f 4655//328 4587//530 4656//328
f 4587//530 4588//242 4656//328
f 4656//328 4588//242 4657//267
f 4588//242 4589//242 4657//267
f 4657//267 4589//242 4658//586
f 4589//242 4590//267 4658//586
f 4658//586 4590//267 4659//624
f 4590//267 4591//45 4659//624
f 4659//624 4591//45 4660//625
f 4591//45 4592//616 4660//625
f 4660//625 4592//616 4661//626
f 4592//616 4593//617 4661//626
f 4662//627 4594//618 4663//628
f 4594//618 4595//619 4663//628
f 4663//628 4595//619 4664//103
f 4595//619 4596//620 4664//103
f 4664//103 4596//620 4665//55
f 4596//620 4597//26 4665//55
f 4665//55 4597//26 4666//123
f 4597//26 4598//364 4666//123
f 4666//123 4598//364 4667//25
f 4598//364 4599//15 4667//25
f 4667//25 4599//15 4668//26
f 4599//15 4600//174 4668//26
f 4668//26 4600//174 4669//131
f 4600//174 4601//132 4669//131
f 4669//131 4601//132 4670//69
f 4601//132 4602//325 4670//69
f 4670//69 4602//325 4671//142
f 4602//325 4603//621 4671//142
f 4671//142 4603//621 4672//629
f 4603//621 4604//622 4673//630
f 4603//621 4673//630 4672//629
f 4604//622 4605//623 4674//578
f 4604//622 4674//578 4673//630
f 4605//623 4606//89 4674//578
f 4674//578 4606//89 4675//91
f 4606//89 4607//77 4675//91
f 4675//91 4607//77 4676//116
f 4607//77 4608//90 4676//116
f 4676//116 4608//90 4677//62
f 4608//90 4609//62 4677//62
f 4677//62 4609//62 4678//79
f 4609//62 4610//79 4678//79
f 4678//79 4610//79 4679//76
f 4610//79 4611//62 4679//76
f 4679//76 4611//62 4680//76
f 4611//62 4612//61 4680//76
f 4680//76 4612//61 4681//61
f 4612//61 4613//61 4681//61
f 4681//61 4613//61 4682//61
f 4613//61 4614//79 4682//61
f 4682//61 4614//79 4683//62
f 4614//79 4615//78 4683//62
f 4683//62 4615//78 4684//79
f 4615//78 4616//89 4684//79
f 4684//79 4616//89 4685//61
f 4616//89 4617//61 4685//61
f 4685//61 4617//61 4686//61
f 4617//61 4618//61 4686//61
f 4686//61 4618//61 4687//61
f 4618//61 4619//61 4687//61
f 4687//61 4619//61 4688//61
f 4619//61 4620//61 4688//61
f 4688//61 4620//61 4689//61
f 4620//61 4621//61 4689//61
f 4689//61 4621//61 4690//61
f 4621//61 4622//61 4690//61
f 4690//61 4622//61 4691//61
f 4622//61 4623//61 4691//61
f 4691//61 4623//61 4692//61
f 4623//61 4624//61 4692//61
f 4692//61 4624//61 4693//61
f 4624//61 4625//61 4693//61
f 4693//61 4625//61 4694//61
f 4625//61 4626//61 4694//61
f 4694//61 4626//61 4695//61
f 4626//61 4627//61 4695//61
f 4695//61 4627//61 4696//61
f 4627//61 4628//61 4696//61
f 4696//61 4628//61 4697//61
f 4628//61 4629//61 4697//61
f 4697//61 4629//61 4698//61
f 4629//61 4630//61 4698//61
f 4698//61 4630//61 4699//61
f 4630//61 4631//61 4699//61
f 4699//61 4631//61 4700//61
f 4631//61 4632//61 4700//61
f 4700//61 4632//61 4701//61
f 4632//61 4633//61 4701//61
f 4701//61 4633//61 4702//61
f 4633//61 4634//61 4702//61
f 4702//61 4634//61 4703//61
f 4634//61 4635//61 4703//61
f 4703//61 4635//61 4704//61
f 4635//61 4636//181 4704//61
f 4704//61 4636//181 4705//204
f 4636//181 4637//182 4705//204
f 4705//204 4637//182 4706//181
f 4637//182 4638//61 4706//181
f 4706//181 4638//61 4707//61
f 4638//61 4639//190 4707//61
f 4707//61 4639//190 4708//204
f 4639//190 4640//182 4708//204
f 4708//204 4640//182 4709//190
f 4640//182 4641//61 4709//190
f 4709//190 4641//61 4710//176
f 4641//61 4642//204 4710//176
f 4710//176 4642//204 4711//169
f 4642//204 4643//204 4711//169
f 4711//169 4643//204 4712//204
f 4643//204 4644//483 4712//204
f 4712//204 4644//483 4713//540
f 4644//483 4645//182 4713//540
f 4713//540 4645//182 4714//239
f 4645//182 4646//299 4714//239
f 4714//239 4646//299 4715//318
f 4646//299 4647//300 4715//318
f 4715//318 4647//300 4716//311
f 4647//300 4648//383 4716//311
f 4716//311 4648//383 4717//328
f 4648//383 4649//329 4717//328
f 4717//328 4649//329 4718//328
f 4649//329 4650//530 4718//328
f 4718//328 4650//530 4719//328
f 4650//530 4651//550 4719//328
f 4719//328 4651//550 4720//530
f 4651//550 4652//242 4720//530
f 4720//530 4652//242 4721//328
f 4652//242 4653//328 4721//328
f 4721//328 4653//328 4722//242
f 4653//328 4654//267 4722//242
f 4722//242 4654//267 4723//328
f 4654//267 4655//328 4723//328
f 4723//328 4655//328 4724//291
f 4655//328 4656//328 4724//291
f 4724//291 4656//328 4725//290
f 4656//328 4657//267 4725//290
f 4725//290 4657//267 4726//254
f 4657//267 4658//586 4726//254
f 4726//254 4658//586 4727//61
f 4658//586 4659//624 4728//631
f 4658//586 4728//631 4727//61
f 4659//624 4660//625 4728//631
f 4728//631 4660//625 4729//632
f 4660//625 4661//626 4729//632
f 4730//633 4662//627 4731//634
f 4662//627 4663//628 4731//634
f 4731//634 4663//628 4732//342
f 4663//628 4664//103 4732//342
f 4732//342 4664//103 4733//103
f 4664//103 4665//55 4733//103
f 4733//103 4665//55 4734//70
f 4665//55 4666//123 4734//70
f 4734//70 4666//123 4735//27
f 4666//123 4667//25 4735//27
f 4735//27 4667//25 4736//42
f 4667//25 4668//26 4736//42
f 4736//42 4668//26 4737//70
f 4668//26 4669//131 4737//70
f 4737//70 4669//131 4738//27
f 4669//131 4670//69 4738//27
f 4738//27 4670//69 4739//28
f 4670//69 4671//142 4739//28
f 4739//28 4671//142 4740//635
f 4671//142 4672//629 4740//635
f 4740//635 4672//629 4741//636
f 4672//629 4673//630 4742//136
f 4672//629 4742//136 4741//636
f 4673//630 4674//578 4742//136
f 4742//136 4674//578 4743//91
f 4674//578 4675//91 4743//91
f 4743//91 4675//91 4744//62
f 4675//91 4676//116 4744//62
f 4744//62 4676//116 4745//62
f 4676//116 4677//62 4745//62
f 4745//62 4677//62 4746//116
f 4677//62 4678//79 4746//116
f 4746//116 4678//79 4747//61
f 4678//79 4679//76 4747//61
f 4747//61 4679//76 4748//76
f 4679//76 4680//76 4748//76
f 4748//76 4680//76 4749//76
f 4680//76 4681//61 4749//76
f 4749//76 4681//61 4750//61
f 4681//61 4682//61 4750//61
f 4750//61 4682//61 4751//91
f 4682//61 4683//62 4751//91
f 4751//91 4683//62 4752//62
f 4683//62 4684//79 4752//62
f 4752//62 4684//79 4753//61
f 4684//79 4685//61 4753//61
f 4753//61 4685//61 4754//61
f 4685//61 4686//61 4754//61
f 4754//61 4686//61 4755//61
f 4686//61 4687//61 4755//61
f 4755//61 4687//61 4756//61
f 4687//61 4688//61 4756//61
f 4756//61 4688//61 4757//61
f 4688//61 4689//61 4757//61
f 4757//61 4689//61 4758//61
f 4689//61 4690//61 4758//61
f 4758//61 4690//61 4759//61
f 4690//61 4691//61 4759//61
f 4759//61 4691//61 4760//61
f 4691//61 4692//61 4760//61
f 4760//61 4692//61 4761//61
f 4692//61 4693//61 4761//61
f 4761//61 4693//61 4762//61
f 4693//61 4694//61 4762//61
f 4762//61 4694//61 4763//61
f 4694//61 4695//61 4763//61
f 4763//61 4695//61 4764//61
f 4695//61 4696//61 4764//61
f 4764//61 4696//61 4765//61
f 4696//61 4697//61 4765//61
f 4765//61 4697//61 4766//61
f 4697//61 4698//61 4766//61
f 4766//61 4698//61 4767//61
f 4698//61 4699//61 4767//61
f 4767//61 4699//61 4768//61
f 4699//61 4700//61 4768//61
f 4768//61 4700//61 4769//61
f 4700//61 4701//61 4769//61
f 4769//61 4701//61 4770//61
f 4701//61 4702//61 4770//61
f 4770//61 4702//61 4771//61
f 4702//61 4703//61 4771//61
f 4771//61 4703//61 4772//61
f 4703//61 4704//61 4772//61
f 4772//61 4704//61 4773//190
f 4704//61 4705//204 4773//190
f 4773//190 4705//204 4774//182
f 4705//204 4706//181 4774//182
f 4774//182 4706//181 4775//61
f 4706//181 4707//61 4775//61
f 4775//61 4707//61 4776//169
f 4707//61 4708//204 4776//169
f 4776//169 4708//204 4777//169
f 4708//204 4709//190 4777//169
f 4777//169 4709//190 4778//181
f 4709//190 4710//176 4778//181
f 4778//181 4710//176 4779//182
f 4710//176 4711//169 4779//182
f 4779//182 4711//169 4780//181
f 4711//169 4712//204 4780//181
f 4780//181 4712//204 4781//182
f 4712//204 4713//540 4781//182
f 4781//182 4713//540 4782//204
f 4713//540 4714//239 4782//204
f 4782//204 4714//239 4783//374
f 4714//239 4715//318 4783//374
f 4783//374 4715//318 4784//637
f 4715//318 4716//311 4784//637
f 4784//637 4716//311 4785//329
f 4716//311 4717//328 4785//329
f 4785//329 4717//328 4786//280
f 4717//328 4718//328 4786//280
f 4786//280 4718//328 4787//329
f 4718//328 4719//328 4787//329
f 4787//329 4719//328 4788//280
f 4719//328 4720//530 4788//280
f 4788//280 4720//530 4789//281
f 4720//530 4721//328 4789//281
f 4789//281 4721//328 4790//267
f 4721//328 4722//242 4790//267
f 4790//267 4722//242 4791//328
f 4722//242 4723//328 4791//328
f 4791//328 4723//328 4792//281
f 4723//328 4724//291 4792//281
f 4792//281 4724//291 4793//328
f 4724//291 4725//290 4793//328
f 4793//328 4725//290 4794//267
f 4725//290 4726//254 4794//267
f 4794//267 4726//254 4795//61
f 4726//254 4727//61 4795//61
f 4795//61 4727//61 4796//477
f 4727//61 4728//631 4796//477
f 4796//477 4728//631 4797//638
f 4728//631 4729//632 4797//638
f 4798//639 4730//633 4799//640
f 4730//633 4731//634 4799//640
f 4799//640 4731//634 4800//16
f 4731//634 4732//342 4800//16
f 4800//16 4732//342 4801//342
f 4732//342 4733//103 4801//342
f 4801//342 4733//103 4802//44
f 4733//103 4734//70 4802//44
f 4802//44 4734//70 4803//16
f 4734//70 4735//27 4803//16
f 4803//16 4735//27 4804//174
f 4735//27 4736//42 4804//174
f 4804//174 4736//42 4805//56
f 4736//42 4737//70 4805//56
f 4805//56 4737//70 4806//44
f 4737//70 4738//27 4806//44
f 4806//44 4738//27 4807//16
f 4738//27 4739//28 4807//16
f 4807//16 4739//28 4808//641
f 4739//28 4740//635 4808//641
f 4808//641 4740//635 4809//642
f 4740//635 4741//636 4810//643
f 4740//635 4810//643 4809//642
f 4741//636 4742//136 4810//643
f 4810//643 4742//136 4811//62
f 4742//136 4743//91 4811//62
f 4811//62 4743//91 4812//78
f 4743//91 4744//62 4812//78
f 4812//78 4744//62 4813//78
f 4744//62 4745//62 4813//78
f 4813//78 4745//62 4814//62
f 4745//62 4746//116 4814//62
f 4814//62 4746//116 4815//91
f 4746//116 4747//61 4815//91
f 4815//91 4747//61 4816//61
f 4747//61 4748//76 4816//61
f 4816//61 4748//76 4817//62
f 4748//76 4749//76 4817//62
f 4817//62 4749//76 4818//91
f 4749//76 4750//61 4818//91
f 4818//91 4750//61 4819//61
f 4750//61 4751//91 4819//61
f 4819//61 4751//91 4820//76
f 4751//91 4752//62 4820//76
f 4820//76 4752//62 4821//76
f 4752//62 4753//61 4821//76
f 4821//76 4753//61 4822//61
f 4753//61 4754//61 4822//61
f 4822//61 4754//61 4823//61
f 4754//61 4755//61 4823//61
f 4823//61 4755//61 4824//61
f 4755//61 4756//61 4824//61
f 4824//61 4756//61 4825//61
f 4756//61 4757//61 4825//61
f 4825//61 4757//61 4826//61
f 4757//61 4758//61 4826//61
f 4826//61 4758//61 4827//61
f 4758//61 4759//61 4827//61
f 4827//61 4759//61 4828//61
f 4759//61 4760//61 4828//61
f 4828//61 4760//61 4829//61
f 4760//61 4761//61 4829//61
f 4829//61 4761//61 4830//61
f 4761//61 4762//61 4830//61
f 4830//61 4762//61 4831//61
f 4762//61 4763//61 4831//61
f 4831//61 4763//61 4832//61
f 4763//61 4764//61 4832//61
f 4832//61 4764//61 4833//61
f 4764//61 4765//61 4833//61
f 4833//61 4765//61 4834//61
f 4765//61 4766//61 4834//61
f 4834//61 4766//61 4835//61
f 4766//61 4767//61 4835//61
f 4835//61 4767//61 4836//61
f 4767//61 4768//61 4836//61
f 4836//61 4768//61 4837//61
f 4768//61 4769//61 4837//61
f 4837//61 4769//61 4838//61
f 4769//61 4770//61 4838//61
f 4838//61 4770//61 4839//61
f 4770//61 4771//61 4839//61
f 4839//61 4771//61 4840//61
f 4771//61 4772//61 4840//61
f 4840//61 4772//61 4841//61
f 4772//61 4773//190 4841//61
f 4841//61 4773//190 4842//204
f 4773//190 4774//182 4842//204
f 4842//204 4774//182 4843//190
f 4774//182 4775//61 4843//190
f 4843//190 4775//61 4844//181
f 4775//61 4776//169 4844//181
f 4844//181 4776//169 4845//182
f 4776//169 4777//169 4845//182
f 4845//182 4777//169 4846//61
f 4777//169 4778//181 4846//61
f 4846//61 4778//181 4847//204
f 4778//181 4779//182 4847//204
f 4847//204 4779//182 4848//181
f 4779//182 4780//181 4848//181
f 4848//181 4780//181 4849//182
f 4780//181 4781//182 4849//182
f 4849//182 4781//182 4850//219
f 4781//182 4782//204 4850//219
f 4850//219 4782//204 4851//288
f 4782//204 4783//374 4851//288
f 4851//288 4783//374 4852//318
f 4783//374 4784//637 4852//318
f 4852//318 4784//637 4853//530
f 4784//637 4785//329 4853//530
f 4853//530 4785//329 4854//242
f 4785//329 4786//280 4854//242
f 4854//242 4786//280 4855//530
f 4786//280 4787//329 4855//530
f 4855//530 4787//329 4856//328
f 4787//329 4788//280 4856//328
f 4856//328 4788//280 4857//328
f 4788//280 4789//281 4857//328
f 4857//328 4789//281 4858//560
f 4789//281 4790//267 4858//560
f 4858//560 4790//267 4859//242
f 4790//267 4791//328 4859//242
f 4859//242 4791//328 4860//559
f 4791//328 4792//281 4860//559
f 4860//559 4792//281 4861//530
f 4792//281 4793//328 4861//530
f 4861//530 4793//328 4862//242
f 4793//328 4794//267 4862//242
f 4862//242 4794//267 4863//405
f 4794//267 4795//61 4863//405
f 4863//405 4795//61 4864//61
f 4795//61 4796//477 4864//61
f 4864//61 4796//477 4865//486
f 4796//477 4797//638 4865//486
f 4865//486 4797//638 4866//644
f 4798//639 4799//640 4867//645
f 4867//645 4799//640 4868//646
f 4799//640 4800//16 4868//646
f 4868//646 4800//16 4869//69
f 4800//16 4801//342 4869//69
f 4869//69 4801//342 4870//647
f 4801//342 4802//44 4870//647
f 4870//647 4802//44 4871//44
f 4802//44 4803//16 4871//44
f 4871//44 4803//16 4872//26
f 4803//16 4804//174 4872//26
f 4872//26 4804//174 4873//227
f 4804//174 4805//56 4873//227
f 4873//227 4805//56 4874//16
f 4805//56 4806//44 4874//16
f 4874//16 4806//44 4875//44
f 4806//44 4807//16 4875//44
f 4875//44 4807//16 4876//44
f 4807//16 4808//641 4876//44
f 4876//44 4808//641 4877//46
f 4808//641 4809//642 4877//46
f 4877//46 4809//642 4878//104
f 4809//642 4810//643 4878//104
f 4878//104 4810//643 4879//76
f 4810//643 4811//62 4879//76
f 4879//76 4811//62 4880//105
f 4811//62 4812//78 4880//105
f 4880//105 4812//78 4881//116
f 4812//78 4813//78 4881//116
f 4881//116 4813//78 4882//91
f 4813//78 4814//62 4882//91
f 4882//91 4814//62 4883//62
f 4814//62 4815//91 4883//62
f 4883//62 4815//91 4884//61
f 4815//91 4816//61 4884//61
f 4884//61 4816//61 4885//91
f 4816//61 4817//62 4885//91
f 4885//91 4817//62 4886//115
f 4817//62 4818//91 4886//115
f 4886//115 4818//91 4887//61
f 4818//91 4819//61 4887//61
f 4887//61 4819//61 4888//61
f 4819//61 4820//76 4888//61
f 4888//61 4820//76 4889//76
f 4820//76 4821//76 4889//76
f 4889//76 4821//76 4890//76
f 4821//76 4822//61 4890//76
f 4890//76 4822//61 4891//61
f 4822//61 4823//61 4891//61
f 4891//61 4823//61 4892//61
f 4823//61 4824//61 4892//61
f 4892//61 4824//61 4893//61
f 4824//61 4825//61 4893//61
f 4893//61 4825//61 4894//61
f 4825//61 4826//61 4894//61
f 4894//61 4826//61 4895//61
f 4826//61 4827//61 4895//61
f 4895//61 4827//61 4896//61
f 4827//61 4828//61 4896//61
f 4896//61 4828//61 4897//61
f 4828//61 4829//61 4897//61
f 4897//61 4829//61 4898//61
f 4829//61 4830//61 4898//61
f 4898//61 4830//61 4899//61
f 4830//61 4831//61 4899//61
f 4899//61 4831//61 4900//61
f 4831//61 4832//61 4900//61
f 4900//61 4832//61 4901//61
f 4832//61 4833//61 4901//61
f 4901//61 4833//61 4902//61
f 4833//61 4834//61 4902//61
f 4902//61 4834//61 4903//61
f 4834//61 4835//61 4903//61
f 4903//61 4835//61 4904//61
f 4835//61 4836//61 4904//61
f 4904//61 4836//61 4905//61
f 4836//61 4837//61 4905//61
f 4905//61 4837//61 4906//61
f 4837//61 4838//61 4906//61
f 4906//61 4838//61 4907//61
f 4838//61 4839//61 4907//61
f 4907//61 4839//61 4908//61
f 4839//61 4840//61 4908//61
f 4908//61 4840//61 4909//61
f 4840//61 4841//61 4909//61
f 4909//61 4841//61 4910//169
f 4841//61 4842//204 4910//169
f 4910//169 4842//204 4911//169
f 4842//204 4843//190 4911//169
f 4911//169 4843//190 4912//61
f 4843//190 4844//181 4912//61
f 4912//61 4844//181 4913//204
f 4844//181 4845//182 4913//204
f 4913//204 4845//182 4914//190
f 4845//182 4846//61 4914//190
f 4914//190 4846//61 4915//176
f 4846//61 4847//204 4915//176
f 4915//176 4847//204 4916//169
f 4847//204 4848//181 4916//169
f 4916//169 4848//181 4917//176
f 4848//181 4849//182 4917//176
f 4917//176 4849//182 4918//219
f 4849//182 4850//219 4918//219
f 4918//219 4850//219 4919//182
f 4850//219 4851//288 4919//182
f 4919//182 4851//288 4920//299
f 4851//288 4852//318 4920//299
f 4920//299 4852//318 4921//525
f 4852//318 4853//530 4921//525
f 4921//525 4853//530 4922//242
f 4853//530 4854//242 4922//242
f 4922//242 4854//242 4923//530
f 4854//242 4855//530 4923//530
f 4923//530 4855//530 4924//292
f 4855//530 4856//328 4924//292
f 4924//292 4856//328 4925//329
f 4856//328 4857//328 4925//329
f 4925//329 4857//328 4926//255
f 4857//328 4858//560 4926//255
f 4926//255 4858//560 4927//328
f 4858//560 4859//242 4927//328
f 4927//328 4859//242 4928//328
f 4859//242 4860//559 4928//328
f 4928//328 4860//559 4929//292
f 4860//559 4861//530 4929//292
f 4929//292 4861//530 4930//328
f 4861//530 4862//242 4930//328
f 4930//328 4862//242 4931//267
f 4862//242 4863//405 4931//267
f 4931//267 4863//405 4932//648
f 4863//405 4864//61 4932//648
f 4932//648 4864//61 4933//649
f 4864//61 4865//486 4933//649
f 4933//649 4865//486 4934//650
f 4865//486 4866//644 4934//650
f 4867//645 4868//646 4935//651
f 4935//651 4868//646 4936//652
f 4868//646 4869//69 4936//652
f 4936//652 4869//69 4937//653
f 4869//69 4870//647 4937//653
f 4937//653 4870//647 4938//42
f 4870//647 4871//44 4938//42
f 4938//42 4871//44 4939//43
f 4871//44 4872//26 4939//43
f 4939//43 4872//26 4940//25
f 4872//26 4873//227 4940//25
f 4940//25 4873//227 4941//174
f 4873//227 4874//16 4941//174
f 4941//174 4874//16 4942//27
f 4874//16 4875//44 4942//27
f 4942//27 4875//44 4943//25
f 4875//44 4876//44 4943//25
f 4943//25 4876//44 4944//98
f 4876//44 4877//46 4944//98
f 4944//98 4877//46 4945//46
f 4877//46 4878//104 4945//46
f 4945//46 4878//104 4946//61
f 4878//104 4879//76 4946//61
f 4946//61 4879//76 4947//76
f 4879//76 4880//105 4947//76
f 4947//76 4880//105 4948//654
f 4880//105 4881//116 4948//654
f 4948//654 4881//116 4949//76
f 4881//116 4882//91 4949//76
f 4949//76 4882//91 4950//62
f 4882//91 4883//62 4950//62
f 4950//62 4883//62 4951//91
f 4883//62 4884//61 4951//91
f 4951//91 4884//61 4952//61
f 4884//61 4885//91 4952//61
f 4952//61 4885//91 4953//76
f 4885//91 4886//115 4953//76
f 4953//76 4886//115 4954//76
f 4886//115 4887//61 4954//76
f 4954//76 4887//61 4955//61
f 4887//61 4888//61 4955//61
f 4955//61 4888//61 4956//61
f 4888//61 4889//76 4956//61
f 4956//61 4889//76 4957//76
f 4889//76 4890//76 4957//76
f 4957//76 4890//76 4958//76
f 4890//76 4891//61 4958//76
f 4958//76 4891//61 4959//61
f 4891//61 4892//61 4959//61
f 4959//61 4892//61 4960//61
f 4892//61 4893//61 4960//61
f 4960//61 4893//61 4961//61
f 4893//61 4894//61 4961//61
f 4961//61 4894//61 4962//61
f 4894//61 4895//61 4962//61
f 4962//61 4895//61 4963//61
f 4895//61 4896//61 4963//61
f 4963//61 4896//61 4964//61
f 4896//61 4897//61 4964//61
f 4964//61 4897//61 4965//61
f 4897//61 4898//61 4965//61
f 4965//61 4898//61 4966//61
f 4898//61 4899//61 4966//61
f 4966//61 4899//61 4967//61
f 4899//61 4900//61 4967//61
f 4967//61 4900//61 4968//61
f 4900//61 4901//61 4968//61
f 4968//61 4901//61 4969//61
f 4901//61 4902//61 4969//61
f 4969//61 4902//61 4970//61
f 4902//61 4903//61 4970//61
f 4970//61 4903//61 4971//61
f 4903//61 4904//61 4971//61
f 4971//61 4904//61 4972//61
f 4904//61 4905//61 4972//61
f 4972//61 4905//61 4973//61
f 4905//61 4906//61 4973//61
f 4973//61 4906//61 4974//61
f 4906//61 4907//61 4974//61
f 4974//61 4907//61 4975//61
f 4907//61 4908//61 4975//61
f 4975//61 4908//61 4976//61
f 4908//61 4909//61 4976//61
f 4976//61 4909//61 4977//176
f 4909//61 4910//169 4977//176
f 4977//176 4910//169 4978//169
f 4910//169 4911//169 4978//169
f 4978//169 4911//169 4979//61
f 4911//169 4912//61 4979//61
f 4979//61 4912//61 4980//181
f 4912//61 4913//204 4980//181
f 4980//181 4913//204 4981//182
f 4913//204 4914//190 4981//182
f 4981//182 4914//190 4982//181
f 4914//190 4915//176 4982//181
f 4982//181 4915//176 4983//182
f 4915//176 4916//169 4983//182
f 4983//182 4916//169 4984//181
f 4916//169 4917//176 4984//181
f 4984//181 4917//176 4985//182
f 4917//176 4918//219 4985//182
f 4985//182 4918//219 4986//198
f 4918//219 4919//182 4986//198
f 4986//198 4919//182 4987//239
f 4919//182 4920//299 4987//239
f 4987//239 4920//299 4988//518
f 4920//299 4921//525 4988//518
f 4988//518 4921//525 4989//267
f 4921//525 4922//242 4989//267
f 4989//267 4922//242 4990//280
f 4922//242 4923//530 4990//280
f 4990//280 4923//530 4991//281
f 4923//530 4924//292 4991//281
f 4991//281 4924//292 4992//292
f 4924//292 4925//329 4992//292
f 4992//292 4925//329 4993//267
f 4925//329 4926//255 4993//267
f 4993//267 4926//255 4994//328
f 4926//255 4927//328 4994//328
f 4994//328 4927//328 4995//328
f 4927//328 4928//328 4995//328
f 4995//328 4928//328 4996//328
f 4928//328 4929//292 4996//328
f 4996//328 4929//292 4997//530
f 4929//292 4930//328 4997//530
f 4997//530 4930//328 4998//242
f 4930//328 4931//267 4998//242
f 4998//242 4931//267 4999//256
f 4931//267 4932//648 4999//256
f 4999//256 4932//648 5000//655
f 4932//648 4933//649 5000//655
f 5000//655 4933//649 5001//656
f 4933//649 4934//650 5001//656
f 4935//651 4936//652 5003//657
f 4935//651 5003//657 5002//658
f 4936//652 4937//653 5004//659
f 4936//652 5004//659 5003//657
f 4937//653 4938//42 5004//659
f 5004//659 4938//42 5005//123
f 4938//42 4939//43 5005//123
f 5005//123 4939//43 5006//157
f 4939//43 4940//25 5006//157
f 5006//157 4940//25 5007//69
f 4940//25 4941//174 5007//69
f 5007//69 4941//174 5008//15
f 4941//174 4942//27 5008//15
f 5008//15 4942//27 5009//174
f 4942//27 4943//25 5009//174
f 5009//174 4943//25 5010//28
f 4943//25 4944//98 5010//28
f 5010//28 4944//98 5011//46
f 4944//98 4945//46 5011//46
f 5011//46 4945//46 5012//104
f 4945//46 4946//61 5012//104
f 5012//104 4946//61 5013//61
f 4946//61 4947//76 5013//61
f 5013//61 4947//76 5014//62
f 4947//76 4948//654 5014//62
f 5014//62 4948//654 5015//75
f 4948//654 4949//76 5015//75
f 5015//75 4949//76 5016//62
f 4949//76 4950//62 5016//62
f 5016//62 4950//62 5017//62
f 4950//62 4951//91 5017//62
f 5017//62 4951//91 5018//61
f 4951//91 4952//61 5018//61
f 5018//61 4952//61 5019//61
f 4952//61 4953//76 5019//61
f 5019//61 4953//76 5020//62
f 4953//76 4954//76 5020//62
f 5020//62 4954//76 5021//91
f 4954//76 4955//61 5021//91
f 5021//91 4955//61 5022//61
f 4955//61 4956//61 5022//61
f 5022//61 4956//61 5023//61
f 4956//61 4957//76 5023//61
f 5023//61 4957//76 5024//76
f 4957//76 4958//76 5024//76
f 5024//76 4958//76 5025//76
f 4958//76 4959//61 5025//76
f 5025//76 4959//61 5026//61
f 4959//61 4960//61 5026//61
f 5026//61 4960//61 5027//61
f 4960//61 4961//61 5027//61
f 5027//61 4961//61 5028//61
f 4961//61 4962//61 5028//61
f 5028//61 4962//61 5029//61
f 4962//61 4963//61 5029//61
f 5029//61 4963//61 5030//61
f 4963//61 4964//61 5030//61
f 5030//61 4964//61 5031//61
f 4964//61 4965//61 5031//61
f 5031//61 4965//61 5032//61
f 4965//61 4966//61 5032//61
f 5032//61 4966//61 5033//61
f 4966//61 4967//61 5033//61
f 5033//61 4967//61 5034//61
f 4967//61 4968//61 5034//61
f 5034//61 4968//61 5035//61
f 4968//61 4969//61 5035//61
f 5035//61 4969//61 5036//61
f 4969//61 4970//61 5036//61
f 5036//61 4970//61 5037//61
f 4970//61 4971//61 5037//61
f 5037//61 4971//61 5038//61
f 4971//61 4972//61 5038//61
f 5038//61 4972//61 5039//61
f 4972//61 4973//61 5039//61
f 5039//61 4973//61 5040//61
f 4973//61 4974//61 5040//61
f 5040//61 4974//61 5041//61
f 4974//61 4975//61 5041//61
f 5041//61 4975//61 5042//61
f 4975//61 4976//61 5042//61
f 5042//61 4976//61 5043//176
f 4976//61 4977//176 5043//176
f 5043//176 4977//176 5044//176
f 4977//176 4978//169 5044//176
f 5044//176 4978//169 5045//61
f 4978//169 4979//61 5045//61
f 5045//61 4979//61 5046//61
f 4979//61 4980//181 5046//61
f 5046//61 4980//181 5047//359
f 4980//181 4981//182 5047//359
f 5047//359 4981//182 5048//181
f 4981//182 4982//181 5048//181
f 5048//181 4982//181 5049//182
f 4982//181 4983//182 5049//182
f 5049//182 4983//182 5050//181
f 4983//182 4984//181 5050//181
f 5050//181 4984//181 5051//198
f 4984//181 4985//182 5051//198
f 5051//198 4985//182 5052//198
f 4985//182 4986//198 5052//198
f 5052//198 4986//198 5053//204
f 4986//198 4987//239 5053//204
f 5053//204 4987//239 5054//374
f 4987//239 4988//518 5054//374
f 5054//374 4988//518 5055//279
f 4988//518 4989//267 5055//279
f 5055//279 4989//267 5056//328
f 4989//267 4990//280 5056//328
f 5056//328 4990//280 5057//328
f 4990//280 4991//281 5057//328
f 5057//328 4991//281 5058//406
f 4991//281 4992//292 5058//406
f 5058//406 4992//292 5059//328
f 4992//292 4993//267 5059//328
f 5059//328 4993//267 5060//267
f 4993//267 4994//328 5060//267
f 5060//267 4994//328 5061//328
f 4994//328 4995//328 5061//328
f 5061//328 4995//328 5062//328
f 4995//328 4996//328 5062//328
f 5062//328 4996//328 5063//328
f 4996//328 4997//530 5063//328
f 5063//328 4997//530 5064//242
f 4997//530 4998//242 5064//242
f 5064//242 4998//242 5065//660
f 4998//242 4999//256 5065//660
f 5065//660 4999//256 5066//661
f 4999//256 5000//655 5066//661
f 5066//661 5000//655 5067//662
f 5000//655 5001//656 5067//662
f 5002//658 5003//657 5068//663
f 5068//663 5003//657 5069//664
f 5003//657 5004//659 5069//664
f 5069//664 5004//659 5070//70
f 5004//659 5005//123 5070//70
f 5070//70 5005//123 5071//70
f 5005//123 5006//157 5071//70
f 5071//70 5006//157 5072//17
f 5006//157 5007//69 5072//17
f 5072//17 5007//69 5073//665
f 5007//69 5008//15 5073//665
f 5073//665 5008//15 5074//56
f 5008//15 5009//174 5074//56
f 5074//56 5009//174 5075//27
f 5009//174 5010//28 5075//27
f 5075//27 5010//28 5076//641
f 5010//28 5011//46 5076//641
f 5076//641 5011//46 5077//46
f 5011//46 5012//104 5077//46
f 5077//46 5012//104 5078//61
f 5012//104 5013//61 5078//61
f 5078//61 5013//61 5079//77
f 5013//61 5014//62 5079//77
f 5079//77 5014//62 5080//90
f 5014//62 5015//75 5080//90
f 5080//90 5015//75 5081//62
f 5015//75 5016//62 5081//62
f 5081//62 5016//62 5082//62
f 5016//62 5017//62 5082//62
f 5082//62 5017//62 5083//79
f 5017//62 5018//61 5083//79
f 5083//79 5018//61 5084//61
f 5018//61 5019//61 5084//61
f 5084//61 5019//61 5085//91
f 5019//61 5020//62 5085//91
f 5085//91 5020//62 5086//62
f 5020//62 5021//91 5086//62
f 5086//62 5021//91 5087//61
f 5021//91 5022//61 5087//61
f 5087//61 5022//61 5088//61
f 5022//61 5023//61 5088//61
f 5088//61 5023//61 5089//61
f 5023//61 5024//76 5089//61
f 5089//61 5024//76 5090//76
f 5024//76 5025//76 5090//76
f 5090//76 5025//76 5091//76
f 5025//76 5026//61 5091//76
f 5091//76 5026//61 5092//61
f 5026//61 5027//61 5092//61
f 5092//61 5027//61 5093//61
f 5027//61 5028//61 5093//61
f 5093//61 5028//61 5094//61
f 5028//61 5029//61 5094//61
f 5094//61 5029//61 5095//61
f 5029//61 5030//61 5095//61
f 5095//61 5030//61 5096//61
f 5030//61 5031//61 5096//61
f 5096//61 5031//61 5097//61
f 5031//61 5032//61 5097//61
f 5097//61 5032//61 5098//61
f 5032//61 5033//61 5098//61
f 5098//61 5033//61 5099//61
f 5033//61 5034//61 5099//61
f 5099//61 5034//61 5100//61
f 5034//61 5035//61 5100//61
f 5100//61 5035//61 5101//61
f 5035//61 5036//61 5101//61
f 5101//61 5036//61 5102//61
f 5036//61 5037//61 5102//61
f 5102//61 5037//61 5103//61
f 5037//61 5038//61 5103//61
f 5103//61 5038//61 5104//61
f 5038//61 5039//61 5104//61
f 5104//61 5039//61 5105//61
f 5039//61 5040//61 5105//61
f 5105//61 5040//61 5106//61
f 5040//61 5041//61 5106//61
f 5106//61 5041//61 5107//61
f 5041//61 5042//61 5107//61
f 5107//61 5042//61 5108//169
f 5042//61 5043//176 5108//169
f 5108//169 5043//176 5109//169
f 5043//176 5044//176 5109//169
f 5109//169 5044//176 5110//61
f 5044//176 5045//61 5110//61
f 5110//61 5045//61 5111//251
f 5045//61 5046//61 5111//251
f 5111//251 5046//61 5112//263
f 5046//61 5047//359 5112//263
f 5112//263 5047//359 5113//169
f 5047//359 5048//181 5113//169
f 5113//169 5048//181 5114//176
f 5048//181 5049//182 5114//176
f 5114//176 5049//182 5115//169
f 5049//182 5050//181 5115//169
f 5115//169 5050//181 5116//61
f 5050//181 5051//198 5116//61
f 5116//61 5051//198 5117//182
f 5051//198 5052//198 5117//182
f 5117//182 5052//198 5118//219
f 5052//198 5053//204 5118//219
f 5118//219 5053//204 5119//288
f 5053//204 5054//374 5119//288
f 5119//288 5054//374 5120//299
f 5054//374 5055//279 5120//299
f 5120//299 5055//279 5121//280
f 5055//279 5056//328 5121//280
f 5121//280 5056//328 5122//329
f 5056//328 5057//328 5122//329
f 5122//329 5057//328 5123//280
f 5057//328 5058//406 5123//280
f 5123//280 5058//406 5124//303
f 5058//406 5059//328 5124//303
f 5124//303 5059//328 5125//242
f 5059//328 5060//267 5125//242
f 5125//242 5060//267 5126//328
f 5060//267 5061//328 5126//328
f 5126//328 5061//328 5127//328
f 5061//328 5062//328 5127//328
f 5127//328 5062//328 5128//328
f 5062//328 5063//328 5128//328
f 5128//328 5063//328 5129//267
f 5063//328 5064//242 5129//267
f 5129//267 5064//242 5130//267
f 5064//242 5065//660 5130//267
f 5130//267 5065//660 5131//666
f 5065//660 5066//661 5131//666
f 5131//666 5066//661 5132//667
f 5066//661 5067//662 5132//667
f 5068//663 5069//664 5133//668
f 5133//668 5069//664 5134//669
f 5069//664 5070//70 5134//669
f 5134//669 5070//70 5135//670
f 5070//70 5071//70 5135//670
f 5135//670 5071//70 5136//671
f 5071//70 5072//17 5136//671
f 5136//671 5072//17 5137//672
f 5072//17 5073//665 5137//672
f 5137//672 5073//665 5138//673
f 5073//665 5074//56 5138//673
f 5138//673 5074//56 5139//674
f 5074//56 5075//27 5139//674
f 5139//674 5075//27 5140//342
f 5075//27 5076//641 5140//342
f 5140//342 5076//641 5141//482
f 5076//641 5077//46 5141//482
f 5141//482 5077//46 5142//474
f 5077//46 5078//61 5142//474
f 5142//474 5078//61 5143//357
f 5078//61 5079//77 5143//357
f 5143//357 5079//77 5144//62
f 5079//77 5080//90 5144//62
f 5144//62 5080//90 5145//76
f 5080//90 5081//62 5145//76
f 5145//76 5081//62 5146//105
f 5081//62 5082//62 5146//105
f 5146//105 5082//62 5147//62
f 5082//62 5083//79 5147//62
f 5147//62 5083//79 5148//61
f 5083//79 5084//61 5148//61
f 5148//61 5084//61 5149//61
f 5084//61 5085//91 5149//61
f 5149//61 5085//91 5150//62
f 5085//91 5086//62 5150//62
f 5150//62 5086//62 5151//91
f 5086//62 5087//61 5151//91
f 5151//91 5087//61 5152//61
f 5087//61 5088//61 5152//61
f 5152//61 5088//61 5153//61
f 5088//61 5089//61 5153//61
f 5153//61 5089//61 5154//61
f 5089//61 5090//76 5154//61
f 5154//61 5090//76 5155//76
f 5090//76 5091//76 5155//76
f 5155//76 5091//76 5156//76
f 5091//76 5092//61 5156//76
f 5156//76 5092//61 5157//61
f 5092//61 5093//61 5157//61
f 5157//61 5093//61 5158//61
f 5093//61 5094//61 5158//61
f 5158//61 5094//61 5159//61
f 5094//61 5095//61 5159//61
f 5159//61 5095//61 5160//61
f 5095//61 5096//61 5160//61
f 5160//61 5096//61 5161//61
f 5096//61 5097//61 5161//61
f 5161//61 5097//61 5162//61
f 5097//61 5098//61 5162//61
f 5162//61 5098//61 5163//61
f 5098//61 5099//61 5163//61
f 5163//61 5099//61 5164//61
f 5099//61 5100//61 5164//61
f 5164//61 5100//61 5165//61
f 5100//61 5101//61 5165//61
f 5165//61 5101//61 5166//61
f 5101//61 5102//61 5166//61
f 5166//61 5102//61 5167//61
f 5102//61 5103//61 5167//61
f 5167//61 5103//61 5168//61
f 5103//61 5104//61 5168//61
f 5168//61 5104//61 5169//61
f 5104//61 5105//61 5169//61
f 5169//61 5105//61 5170//61
f 5105//61 5106//61 5170//61
f 5170//61 5106//61 5171//61
f 5106//61 5107//61 5171//61
f 5171//61 5107//61 5172//176
f 5107//61 5108//169 5172//176
f 5172//176 5108//169 5173//169
f 5108//169 5109//169 5173//169
f 5173//169 5109//169 5174//61
f 5109//169 5110//61 5174//61
f 5174//61 5110//61 5175//181
f 5110//61 5111//251 5175//181
f 5175//181 5111//251 5176//169
f 5111//251 5112//263 5176//169
f 5176//169 5112//263 5177//251
f 5112//263 5113//169 5177//251
f 5177//251 5113//169 5178//181
f 5113//169 5114//176 5178//181
f 5178//181 5114//176 5179//182
f 5114//176 5115//169 5179//182
f 5179//182 5115//169 5180//61
f 5115//169 5116//61 5180//61
f 5180//61 5116//61 5181//176
f 5116//61 5117//182 5181//176
f 5181//176 5117//182 5182//219
f 5117//182 5118//219 5182//219
f 5182//219 5118//219 5183//182
f 5118//219 5119//288 5183//182
f 5183//182 5119//288 5184//675
f 5119//288 5120//299 5184//675
f 5184//675 5120//299 5185//676
f 5120//299 5121//280 5185//676
f 5185//676 5121//280 5186//328
f 5121//280 5122//329 5186//328
f 5186//328 5122//329 5187//242
f 5122//329 5123//280 5187//242
f 5187//242 5123//280 5188//281
f 5123//280 5124//303 5188//281
f 5188//281 5124//303 5189//328
f 5124//303 5125//242 5189//328
f 5189//328 5125//242 5190//328
f 5125//242 5126//328 5190//328
f 5190//328 5126//328 5191//242
f 5126//328 5127//328 5191//242
f 5191//242 5127//328 5192//560
f 5127//328 5128//328 5192//560
f 5192//560 5128//328 5193//530
f 5128//328 5129//267 5193//530
f 5193//530 5129//267 5194//267
f 5129//267 5130//267 5194//267
f 5194//267 5130//267 5195//267
f 5130//267 5131//666 5195//267
f 5195//267 5131//666 5196//400
f 5131//666 5132//667 5196//400
f 5196//400 5132//667 5197//394
f 5198//677 5133//668 5199//678
f 5133//668 5134//669 5199//678
f 5199//678 5134//669 5200//123
f 5134//669 5135//670 5200//123
f 5200//123 5135//670 5201//679
f 5135//670 5136//671 5201//679
f 5201//679 5136//671 5202//69
f 5136//671 5137//672 5202//69
f 5202//69 5137//672 5203//44
f 5137//672 5138//673 5203//44
f 5203//44 5138//673 5204//342
f 5138//673 5139//674 5204//342
f 5204//342 5139//674 5205//133
f 5139//674 5140//342 5205//133
f 5205//133 5140//342 5206//45
f 5140//342 5141//482 5206//45
f 5206//45 5141//482 5207//61
f 5141//482 5142//474 5208//474
f 5141//482 5208//474 5207//61
f 5142//474 5143//357 5209//680
f 5142//474 5209//680 5208//474
f 5143//357 5144//62 5209//680
f 5209//680 5144//62 5210//76
f 5144//62 5145//76 5210//76
f 5210//76 5145//76 5211//76
f 5145//76 5146//105 5211//76
f 5211//76 5146//105 5212//654
f 5146//105 5147//62 5212//654
f 5212//654 5147//62 5213//76
f 5147//62 5148//61 5213//76
f 5213//76 5148//61 5214//61
f 5148//61 5149//61 5214//61
f 5214//61 5149//61 5215//79
f 5149//61 5150//62 5215//79
f 5215//79 5150//62 5216//115
f 5150//62 5151//91 5216//115
f 5216//115 5151//91 5217//61
f 5151//91 5152//61 5217//61
f 5217//61 5152//61 5218//61
f 5152//61 5153//61 5218//61
f 5218//61 5153//61 5219//61
f 5153//61 5154//61 5219//61
f 5219//61 5154//61 5220//61
f 5154//61 5155//76 5220//61
f 5220//61 5155//76 5221//76
f 5155//76 5156//76 5221//76
f 5221//76 5156//76 5222//76
f 5156//76 5157//61 5222//76
f 5222//76 5157//61 5223//61
f 5157//61 5158//61 5223//61
f 5223//61 5158//61 5224//61
f 5158//61 5159//61 5224//61
f 5224//61 5159//61 5225//61
f 5159//61 5160//61 5225//61
f 5225//61 5160//61 5226//61
f 5160//61 5161//61 5226//61
f 5226//61 5161//61 5227//61
f 5161//61 5162//61 5227//61
f 5227//61 5162//61 5228//61
f 5162//61 5163//61 5228//61
f 5228//61 5163//61 5229//61
f 5163//61 5164//61 5229//61
f 5229//61 5164//61 5230//61
f 5164//61 5165//61 5230//61
f 5230//61 5165//61 5231//61
f 5165//61 5166//61 5231//61
f 5231//61 5166//61 5232//61
f 5166//61 5167//61 5232//61
f 5232//61 5167//61 5233//61
f 5167//61 5168//61 5233//61
f 5233//61 5168//61 5234//61
f 5168//61 5169//61 5234//61
f 5234//61 5169//61 5235//61
f 5169//61 5170//61 5235//61
f 5235//61 5170//61 5236//61
f 5170//61 5171//61 5236//61
f 5236//61 5171//61 5237//169
f 5171//61 5172//176 5237//169
f 5237//169 5172//176 5238//169
f 5172//176 5173//169 5238//169
f 5238//169 5173//169 5239//61
f 5173//169 5174//61 5239//61
f 5239//61 5174//61 5240//61
f 5174//61 5175//181 5240//61
f 5240//61 5175//181 5241//359
f 5175//181 5176//169 5241//359
f 5241//359 5176//169 5242//190
f 5176//169 5177//251 5242//190
f 5242//190 5177//251 5243//61
f 5177//251 5178//181 5243//61
f 5243//61 5178//181 5244//204
f 5178//181 5179//182 5244//204
f 5244//204 5179//182 5245//181
f 5179//182 5180//61 5245//181
f 5245//181 5180//61 5246//169
f 5180//61 5181//176 5246//169
f 5246//169 5181//176 5247//169
f 5181//176 5182//219 5247//169
f 5247//169 5182//219 5248//182
f 5182//219 5183//182 5248//182
f 5248//182 5183//182 5249//181
f 5183//182 5184//675 5249//181
f 5249//181 5184//675 5250//318
f 5184//675 5185//676 5250//318
f 5250//318 5185//676 5251//382
f 5185//676 5186//328 5251//382
f 5251//382 5186//328 5252//255
f 5186//328 5187//242 5252//255
f 5252//255 5187//242 5253//292
f 5187//242 5188//281 5253//292
f 5253//292 5188//281 5254//365
f 5188//281 5189//328 5254//365
f 5254//365 5189//328 5255//290
f 5189//328 5190//328 5255//290
f 5255//290 5190//328 5256//267
f 5190//328 5191//242 5256//267
f 5256//267 5191//242 5257//267
f 5191//242 5192//560 5257//267
f 5257//267 5192//560 5258//292
f 5192//560 5193//530 5258//292
f 5258//292 5193//530 5259//329
f 5193//530 5194//267 5259//329
f 5259//329 5194//267 5260//255
f 5194//267 5195//267 5260//255
f 5260//255 5195//267 5261//681
f 5195//267 5196//400 5261//681
f 5261//681 5196//400 5262//682
f 5196//400 5197//394 5262//682
f 5263//639 5198//677 5264//683
f 5198//677 5199//678 5264//683
f 5264//683 5199//678 5265//684
f 5199//678 5200//123 5265//684
f 5265//684 5200//123 5266//685
f 5200//123 5201//679 5266//685
f 5266//685 5201//679 5267//55
f 5201//679 5202//69 5267//55
f 5267//55 5202//69 5268//133
f 5202//69 5203//44 5268//133
f 5268//133 5203//44 5269//44
f 5203//44 5204//342 5269//44
f 5269//44 5204//342 5270//69
f 5204//342 5205//133 5270//69
f 5270//69 5205//133 5271//103
f 5205//133 5206//45 5271//103
f 5271//103 5206//45 5272//61
f 5206//45 5207//61 5272//61
f 5272//61 5207//61 5273//61
f 5207//61 5208//474 5273//61
f 5273//61 5208//474 5274//29
f 5208//474 5209//680 5274//29
f 5274//29 5209//680 5275//335
f 5209//680 5210//76 5275//335
f 5275//335 5210//76 5276//76
f 5210//76 5211//76 5276//76
f 5276//76 5211//76 5277//76
f 5211//76 5212//654 5277//76
f 5277//76 5212//654 5278//654
f 5212//654 5213//76 5278//654
f 5278//654 5213//76 5279//76
f 5213//76 5214//61 5279//76
f 5279//76 5214//61 5280//61
f 5214//61 5215//79 5280//61
f 5280//61 5215//79 5281//76
f 5215//79 5216//115 5281//76
f 5281//76 5216//115 5282//76
f 5216//115 5217//61 5282//76
f 5282//76 5217//61 5283//61
f 5217//61 5218//61 5283//61
f 5283//61 5218//61 5284//61
f 5218//61 5219//61 5284//61
f 5284//61 5219//61 5285//61
f 5219//61 5220//61 5285//61
f 5285//61 5220//61 5286//61
f 5220//61 5221//76 5286//61
f 5286//61 5221//76 5287//62
f 5221//76 5222//76 5287//62
f 5287//62 5222//76 5288//91
f 5222//76 5223//61 5288//91
f 5288//91 5223//61 5289//61
f 5223//61 5224//61 5289//61
f 5289//61 5224//61 5290//61
f 5224//61 5225//61 5290//61
f 5290//61 5225//61 5291//61
f 5225//61 5226//61 5291//61
f 5291//61 5226//61 5292//61
f 5226//61 5227//61 5292//61
f 5292//61 5227//61 5293//61
f 5227//61 5228//61 5293//61
f 5293//61 5228//61 5294//61
f 5228//61 5229//61 5294//61
f 5294//61 5229//61 5295//61
f 5229//61 5230//61 5295//61
f 5295//61 5230//61 5296//61
f 5230//61 5231//61 5296//61
f 5296//61 5231//61 5297//61
f 5231//61 5232//61 5297//61
f 5297//61 5232//61 5298//61
f 5232//61 5233//61 5298//61
f 5298//61 5233//61 5299//61
f 5233//61 5234//61 5299//61
f 5299//61 5234//61 5300//61
f 5234//61 5235//61 5300//61
f 5300//61 5235//61 5301//61
f 5235//61 5236//61 5301//61
f 5301//61 5236//61 5302//176
f 5236//61 5237//169 5302//176
f 5302//176 5237//169 5303//169
f 5237//169 5238//169 5303//169
f 5303//169 5238//169 5304//61
f 5238//169 5239//61 5304//61
f 5304//61 5239//61 5305//61
f 5239//61 5240//61 5305//61
f 5305//61 5240//61 5306//181
f 5240//61 5241//359 5306//181
f 5306//181 5241//359 5307//182
f 5241//359 5242//190 5307//182
f 5307//182 5242//190 5308//61
f 5242//190 5243//61 5308//61
f 5308//61 5243//61 5309//176
f 5243//61 5244//204 5309//176
f 5309//176 5244//204 5310//169
f 5244//204 5245//181 5310//169
f 5310//169 5245//181 5311//181
f 5245//181 5246//169 5311//181
f 5311//181 5246//169 5312//182
f 5246//169 5247//169 5312//182
f 5312//182 5247//169 5313//176
f 5247//169 5248//182 5313//176
f 5313//176 5248//182 5314//169
f 5248//182 5249//181 5314//169
f 5314//169 5249//181 5315//289
f 5249//181 5250//318 5315//289
f 5315//289 5250//318 5316//686
f 5250//318 5251//382 5316//686
f 5316//686 5251//382 5317//267
f 5251//382 5252//255 5317//267
f 5317//267 5252//255 5318//328
f 5252//255 5253//292 5318//328
f 5318//328 5253//292 5319//303
f 5253//292 5254//365 5319//303
f 5319//303 5254//365 5320//530
f 5254//365 5255//290 5320//530
f 5320//530 5255//290 5321//267
f 5255//290 5256//267 5321//267
f 5321//267 5256//267 5322//290
f 5256//267 5257//267 5322//290
f 5322//290 5257//267 5323//290
f 5257//267 5258//292 5323//290
f 5323//290 5258//292 5324//559
f 5258//292 5259//329 5324//559
f 5324//559 5259//329 5325//328
f 5259//329 5260//255 5325//328
f 5325//328 5260//255 5326//254
f 5260//255 5261//681 5326//254
f 5326//254 5261//681 5327//400
f 5261//681 5262//682 5327//400
f 5327//400 5262//682 5328//687
f 5263//639 5264//683 5329//688
f 5329//688 5264//683 5330//689
f 5264//683 5265//684 5330//689
f 5330//689 5265//684 5331//690
f 5265//684 5266//685 5331//690
f 5331//690 5266//685 5332//131
f 5266//685 5267//55 5332//131
f 5332//131 5267//55 5333//69
f 5267//55 5268//133 5333//69
f 5333//69 5268//133 5334//69
f 5268//133 5269//44 5334//69
f 5334//69 5269//44 5335//44
f 5269//44 5270//69 5335//44
f 5335//44 5270//69 5336//342
f 5270//69 5271//103 5336//342
f 5336//342 5271//103 5337//61
f 5271//103 5272//61 5337//61
f 5337//61 5272//61 5338//61
f 5272//61 5273//61 5338//61
f 5338//61 5273//61 5339//61
f 5273//61 5274//29 5339//61
f 5339//61 5274//29 5340//29
f 5274//29 5275//335 5340//29
f 5340//29 5275//335 5341//335
f 5275//335 5276//76 5341//335
f 5341//335 5276//76 5342//76
f 5276//76 5277//76 5342//76
f 5342//76 5277//76 5343//62
f 5277//76 5278//654 5343//62
f 5343//62 5278//654 5344//75
f 5278//654 5279//76 5344//75
f 5344//75 5279//76 5345//91
f 5279//76 5280//61 5345//91
f 5345//91 5280//61 5346//61
f 5280//61 5281//76 5346//61
f 5346//61 5281//76 5347//62
f 5281//76 5282//76 5347//62
f 5347//62 5282//76 5348//91
f 5282//76 5283//61 5348//91
f 5348//91 5283//61 5349//61
f 5283//61 5284//61 5349//61
f 5349//61 5284//61 5350//61
f 5284//61 5285//61 5350//61
f 5350//61 5285//61 5351//61
f 5285//61 5286//61 5351//61
f 5351//61 5286//61 5352//79
f 5286//61 5287//62 5352//79
f 5352//79 5287//62 5353//62
f 5287//62 5288//91 5353//62
f 5353//62 5288//91 5354//61
f 5288//91 5289//61 5354//61
f 5354//61 5289//61 5355//61
f 5289//61 5290//61 5355//61
f 5355//61 5290//61 5356//61
f 5290//61 5291//61 5356//61
f 5356//61 5291//61 5357//61
f 5291//61 5292//61 5357//61
f 5357//61 5292//61 5358//61
f 5292//61 5293//61 5358//61
f 5358//61 5293//61 5359//61
f 5293//61 5294//61 5359//61
f 5359//61 5294//61 5360//61
f 5294//61 5295//61 5360//61
f 5360//61 5295//61 5361//61
f 5295//61 5296//61 5361//61
f 5361//61 5296//61 5362//61
f 5296//61 5297//61 5362//61
f 5362//61 5297//61 5363//61
f 5297//61 5298//61 5363//61
f 5363//61 5298//61 5364//61
f 5298//61 5299//61 5364//61
f 5364//61 5299//61 5365//61
f 5299//61 5300//61 5365//61
f 5365//61 5300//61 5366//61
f 5300//61 5301//61 5366//61
f 5366//61 5301//61 5367//169
f 5301//61 5302//176 5367//169
f 5367//169 5302//176 5368//169
f 5302//176 5303//169 5368//169
f 5368//169 5303//169 5369//61
f 5303//169 5304//61 5369//61
f 5369//61 5304//61 5370//61
f 5304//61 5305//61 5370//61
f 5370//61 5305//61 5371//61
f 5305//61 5306//181 5371//61
f 5371//61 5306//181 5372//204
f 5306//181 5307//182 5372//204
f 5372//204 5307//182 5373//181
f 5307//182 5308//61 5373//181
f 5373//181 5308//61 5374//181
f 5308//61 5309//176 5374//181
f 5374//181 5309//176 5375//182
f 5309//176 5310//169 5375//182
f 5375//182 5310//169 5376//61
f 5310//169 5311//181 5376//61
f 5376//61 5311//181 5377//204
f 5311//181 5312//182 5377//204
f 5377//204 5312//182 5378//204
f 5312//182 5313//176 5378//204
f 5378//204 5313//176 5379//182
f 5313//176 5314//169 5379//182
f 5379//182 5314//169 5380//289
f 5314//169 5315//289 5380//289
f 5380//289 5315//289 5381//231
f 5315//289 5316//686 5381//231
f 5381//231 5316//686 5382//267
f 5316//686 5317//267 5382//267
f 5382//267 5317//267 5383//267
f 5317//267 5318//328 5383//267
f 5383//267 5318//328 5384//328
f 5318//328 5319//303 5384//328
f 5384//328 5319//303 5385//303
f 5319//303 5320//530 5385//303
f 5385//303 5320//530 5386//281
f 5320//530 5321//267 5386//281
f 5386//281 5321//267 5387//301
f 5321//267 5322//290 5387//301
f 5387//301 5322//290 5388//254
f 5322//290 5323//290 5388//254
f 5388//254 5323//290 5389//267
f 5323//290 5324//559 5389//267
f 5389//267 5324//559 5390//292
f 5324//559 5325//328 5390//292
f 5390//292 5325//328 5391//328
f 5325//328 5326//254 5391//328
f 5391//328 5326//254 5392//691
f 5326//254 5327//400 5392//691
f 5392//691 5327//400 5393//434
f 5327//400 5328//687 5393//434
f 5395//692 5329//688 5396//693
f 5329//688 5330//689 5396//693
f 5396//693 5330//689 5397//694
f 5330//689 5331//690 5397//694
f 5397//694 5331//690 5398//227
f 5331//690 5332//131 5398//227
f 5398//227 5332//131 5399//174
f 5332//131 5333//69 5399//174
f 5399//174 5333//69 5400//69
f 5333//69 5334//69 5400//69
f 5400//69 5334//69 5401//103
f 5334//69 5335//44 5401//103
f 5401//103 5335//44 5402//212
f 5335//44 5336//342 5402//212
f 5402//212 5336//342 5403//695
f 5336//342 5337//61 5403//695
f 5403//695 5337//61 5404//61
f 5337//61 5338//61 5404//61
f 5404//61 5338//61 5405//61
f 5338//61 5339//61 5405//61
f 5405//61 5339//61 5406//61
f 5339//61 5340//29 5406//61
f 5406//61 5340//29 5407//46
f 5340//29 5341//335 5407//46
f 5407//46 5341//335 5408//47
f 5341//335 5342//76 5408//47
f 5408//47 5342//76 5409//105
f 5342//76 5343//62 5409//105
f 5409//105 5343//62 5410//75
f 5343//62 5344//75 5410//75
f 5410//75 5344//75 5411//62
f 5344//75 5345//91 5411//62
f 5411//62 5345//91 5412//61
f 5345//91 5346//61 5412//61
f 5412//61 5346//61 5413//77
f 5346//61 5347//62 5413//77
f 5413//77 5347//62 5414//77
f 5347//62 5348//91 5414//77
f 5414//77 5348//91 5415//61
f 5348//91 5349//61 5415//61
f 5415//61 5349//61 5416//61
f 5349//61 5350//61 5416//61
f 5416//61 5350//61 5417//61
f 5350//61 5351//61 5417//61
f 5417//61 5351//61 5418//61
f 5351//61 5352//79 5418//61
f 5418//61 5352//79 5419//62
f 5352//79 5353//62 5419//62
f 5419//62 5353//62 5420//79
f 5353//62 5354//61 5420//79
f 5420//79 5354//61 5421//61
f 5354//61 5355//61 5421//61
f 5421//61 5355//61 5422//61
f 5355//61 5356//61 5422//61
f 5422//61 5356//61 5423//61
f 5356//61 5357//61 5423//61
f 5423//61 5357//61 5424//61
f 5357//61 5358//61 5424//61
f 5424//61 5358//61 5425//61
f 5358//61 5359//61 5425//61
f 5425//61 5359//61 5426//61
f 5359//61 5360//61 5426//61
f 5426//61 5360//61 5427//61
f 5360//61 5361//61 5427//61
f 5427//61 5361//61 5428//61
f 5361//61 5362//61 5428//61
f 5428//61 5362//61 5429//61
f 5362//61 5363//61 5429//61
f 5429//61 5363//61 5430//61
f 5363//61 5364//61 5430//61
f 5430//61 5364//61 5431//61
f 5364//61 5365//61 5431//61
f 5431//61 5365//61 5432//61
f 5365//61 5366//61 5432//61
f 5432//61 5366//61 5433//176
f 5366//61 5367//169 5433//176
f 5433//176 5367//169 5434//169
f 5367//169 5368//169 5434//169
f 5434//169 5368//169 5435//61
f 5368//169 5369//61 5435//61
f 5435//61 5369//61 5436//61
f 5369//61 5370//61 5436//61
f 5436//61 5370//61 5437//61
f 5370//61 5371//61 5437//61
f 5437//61 5371//61 5438//181
f 5371//61 5372//204 5438//181
f 5438//181 5372//204 5439//182
f 5372//204 5373//181 5439//182
f 5439//182 5373//181 5440//61
f 5373//181 5374//181 5440//61
f 5440//61 5374//181 5441//204
f 5374//181 5375//182 5441//204
f 5441//204 5375//182 5442//181
f 5375//182 5376//61 5442//181
f 5442//181 5376//61 5443//169
f 5376//61 5377//204 5443//169
f 5443//169 5377//204 5444//169
f 5377//204 5378//204 5444//169
f 5444//169 5378//204 5445//198
f 5378//204 5379//182 5445//198
f 5445//198 5379//182 5446//239
f 5379//182 5380//289 5446//239
f 5446//239 5380//289 5447//299
f 5380//289 5381//231 5447//299
f 5447//299 5381//231 5448//267
f 5381//231 5382//267 5448//267
f 5448//267 5382//267 5449//267
f 5382//267 5383//267 5449//267
f 5449//267 5383//267 5450//328
f 5383//267 5384//328 5450//328
f 5450//328 5384//328 5451//311
f 5384//328 5385//303 5451//311
f 5451//311 5385//303 5452//383
f 5385//303 5386//281 5452//383
f 5452//383 5386//281 5453//281
f 5386//281 5387//301 5453//281
f 5453//281 5387//301 5454//267
f 5387//301 5388//254 5454//267
f 5454//267 5388//254 5455//256
f 5388//254 5389//267 5455//256
f 5455//256 5389//267 5456//328
f 5389//267 5390//292 5456//328
f 5456//328 5390//292 5457//530
f 5390//292 5391//328 5457//530
f 5457//530 5391//328 5458//696
f 5391//328 5392//691 5458//696
f 5458//696 5392//691 5459//697
f 5392//691 5393//434 5459//697
f 5460//698 5394//699 5461//700
f 5394//699 5395//692 5461//700
f 5461//700 5395//692 5462//701
f 5395//692 5396//693 5462//701
f 5462//701 5396//693 5463//70
f 5396//693 5397//694 5463//70
f 5463//70 5397//694 5464//15
f 5397//694 5398//227 5464//15
f 5464//15 5398//227 5465//702
f 5398//227 5399//174 5465//702
f 5465//702 5399//174 5466//227
f 5399//174 5400//69 5466//227
f 5466//227 5400//69 5467//69
f 5400//69 5401//103 5467//69
f 5467//69 5401//103 5468//237
f 5401//103 5402//212 5468//237
f 5468//237 5402//212 5469//103
f 5402//212 5403//695 5469//103
f 5469//103 5403//695 5470//45
f 5403//695 5404//61 5470//45
f 5470//45 5404//61 5471//61
f 5404//61 5405//61 5471//61
f 5471//61 5405//61 5472//61
f 5405//61 5406//61 5472//61
f 5472//61 5406//61 5473//59
f 5406//61 5407//46 5473//59
f 5473//59 5407//46 5474//703
f 5407//46 5408//47 5474//703
f 5474//703 5408//47 5475//77
f 5408//47 5409//105 5475//77
f 5475//77 5409//105 5476//75
f 5409//105 5410//75 5476//75
f 5476//75 5410//75 5477//105
f 5410//75 5411//62 5477//105
f 5477//105 5411//62 5478//76
f 5411//62 5412//61 5478//76
f 5478//76 5412//61 5479//78
f 5412//61 5413//77 5479//78
f 5479//78 5413//77 5480//78
f 5413//77 5414//77 5480//78
f 5480//78 5414//77 5481//61
f 5414//77 5415//61 5481//61
f 5481//61 5415//61 5482//61
f 5415//61 5416//61 5482//61
f 5482//61 5416//61 5483//61
f 5416//61 5417//61 5483//61
f 5483//61 5417//61 5484//61
f 5417//61 5418//61 5484//61
f 5484//61 5418//61 5485//91
f 5418//61 5419//62 5485//91
f 5485//91 5419//62 5486//62
f 5419//62 5420//79 5486//62
f 5486//62 5420//79 5487//61
f 5420//79 5421//61 5487//61
f 5487//61 5421//61 5488//61
f 5421//61 5422//61 5488//61
f 5488//61 5422//61 5489//61
f 5422//61 5423//61 5489//61
f 5489//61 5423//61 5490//61
f 5423//61 5424//61 5490//61
f 5490//61 5424//61 5491//61
f 5424//61 5425//61 5491//61
f 5491//61 5425//61 5492//61
f 5425//61 5426//61 5492//61
f 5492//61 5426//61 5493//61
f 5426//61 5427//61 5493//61
f 5493//61 5427//61 5494//61
f 5427//61 5428//61 5494//61
f 5494//61 5428//61 5495//61
f 5428//61 5429//61 5495//61
f 5495//61 5429//61 5496//61
f 5429//61 5430//61 5496//61
f 5496//61 5430//61 5497//61
f 5430//61 5431//61 5497//61
f 5497//61 5431//61 5498//61
f 5431//61 5432//61 5498//61
f 5498//61 5432//61 5499//169
f 5432//61 5433//176 5499//169
f 5499//169 5433//176 5500//169
f 5433//176 5434//169 5500//169
f 5500//169 5434//169 5501//61
f 5434//169 5435//61 5501//61
f 5501//61 5435//61 5502//61
f 5435//61 5436//61 5502//61
f 5502//61 5436//61 5503//61
f 5436//61 5437//61 5503//61
f 5503//61 5437//61 5504//61
f 5437//61 5438//181 5504//61
f 5504//61 5438//181 5505//359
f 5438//181 5439//182 5505//359
f 5505//359 5439//182 5506//181
f 5439//182 5440//61 5506//181
f 5506//181 5440//61 5507//181
f 5440//61 5441//204 5507//181
f 5507//181 5441//204 5508//182
f 5441//204 5442//181 5508//182
f 5508//182 5442//181 5509//181
f 5442//181 5443//169 5509//181
f 5509//181 5443//169 5510//182
f 5443//169 5444//169 5510//182
f 5510//182 5444//169 5511//61
f 5444//169 5445//198 5511//61
f 5511//61 5445//198 5512//204
f 5445//198 5446//239 5512//204
f 5512//204 5446//239 5513//704
f 5446//239 5447//299 5513//704
f 5513//704 5447//299 5514//549
f 5447//299 5448//267 5514//549
f 5514//549 5448//267 5515//267
f 5448//267 5449//267 5515//267
f 5515//267 5449//267 5516//255
f 5449//267 5450//328 5516//255
f 5516//255 5450//328 5517//530
f 5450//328 5451//311 5517//530
f 5517//530 5451//311 5518//303
f 5451//311 5452//383 5518//303
f 5518//303 5452//383 5519//281
f 5452//383 5453//281 5519//281
f 5519//281 5453//281 5520//242
f 5453//281 5454//267 5520//242
f 5520//242 5454//267 5521//405
f 5454//267 5455//256 5521//405
f 5521//405 5455//256 5522//255
f 5455//256 5456//328 5522//255
f 5522//255 5456//328 5523//328
f 5456//328 5457//530 5523//328
f 5523//328 5457//530 5524//705
f 5457//530 5458//696 5524//705
f 5524//705 5458//696 5525//706
f 5458//696 5459//697 5525//706
f 5460//698 5461//700 5526//707
f 5526//707 5461//700 5527//708
f 5461//700 5462//701 5527//708
f 5527//708 5462//701 5528//709
f 5462//701 5463//70 5528//709
f 5528//709 5463//70 5529//710
f 5463//70 5464//15 5529//710
f 5529//710 5464//15 5530//711
f 5464//15 5465//702 5530//711
f 5530//711 5465//702 5531//712
f 5465//702 5466//227 5531//712
f 5531//712 5466//227 5532//15
f 5466//227 5467//69 5532//15
f 5532//15 5467//69 5533//44
f 5467//69 5468//237 5533//44
f 5533//44 5468//237 5534//237
f 5468//237 5469//103 5534//237
f 5534//237 5469//103 5535//141
f 5469//103 5470//45 5535//141
f 5535//141 5470//45 5536//61
f 5470//45 5471//61 5536//61
f 5536//61 5471//61 5537//159
f 5471//61 5472//61 5537//159
f 5537//159 5472//61 5538//58
f 5472//61 5473//59 5538//58
f 5538//58 5473//59 5539//713
f 5473//59 5474//703 5539//713
f 5539//713 5474//703 5540//74
f 5474//703 5475//77 5540//74
f 5540//74 5475//77 5541//287
f 5475//77 5476//75 5541//287
f 5541//287 5476//75 5542//78
f 5476//75 5477//105 5542//78
f 5542//78 5477//105 5543//62
f 5477//105 5478//76 5543//62
f 5543//62 5478//76 5544//62
f 5478//76 5479//78 5544//62
f 5544//62 5479//78 5545//115
f 5479//78 5480//78 5545//115
f 5545//115 5480//78 5546//61
f 5480//78 5481//61 5546//61
f 5546//61 5481//61 5547//61
f 5481//61 5482//61 5547//61
f 5547//61 5482//61 5548//61
f 5482//61 5483//61 5548//61
f 5548//61 5483//61 5549//61
f 5483//61 5484//61 5549//61
f 5549//61 5484//61 5550//61
f 5484//61 5485//91 5550//61
f 5550//61 5485//91 5551//76
f 5485//91 5486//62 5551//76
f 5551//76 5486//62 5552//76
f 5486//62 5487//61 5552//76
f 5552//76 5487//61 5553//61
f 5487//61 5488//61 5553//61
f 5553//61 5488//61 5554//61
f 5488//61 5489//61 5554//61
f 5554//61 5489//61 5555//61
f 5489//61 5490//61 5555//61
f 5555//61 5490//61 5556//61
f 5490//61 5491//61 5556//61
f 5556//61 5491//61 5557//61
f 5491//61 5492//61 5557//61
f 5557//61 5492//61 5558//61
f 5492//61 5493//61 5558//61
f 5558//61 5493//61 5559//61
f 5493//61 5494//61 5559//61
f 5559//61 5494//61 5560//61
f 5494//61 5495//61 5560//61
f 5560//61 5495//61 5561//61
f 5495//61 5496//61 5561//61
f 5561//61 5496//61 5562//61
f 5496//61 5497//61 5562//61
f 5562//61 5497//61 5563//61
f 5497//61 5498//61 5563//61
f 5563//61 5498//61 5564//176
f 5498//61 5499//169 5564//176
f 5564//176 5499//169 5565//169
f 5499//169 5500//169 5565//169
f 5565//169 5500//169 5566//61
f 5500//169 5501//61 5566//61
f 5566//61 5501//61 5567//61
f 5501//61 5502//61 5567//61
f 5567//61 5502//61 5568//61
f 5502//61 5503//61 5568//61
f 5568//61 5503//61 5569//61
f 5503//61 5504//61 5569//61
f 5569//61 5504//61 5570//176
f 5504//61 5505//359 5570//176
f 5570//176 5505//359 5571//199
f 5505//359 5506//181 5571//199
f 5571//199 5506//181 5572//61
f 5506//181 5507//181 5572//61
f 5572//61 5507//181 5573//198
f 5507//181 5508//182 5573//198
f 5573//198 5508//182 5574//198
f 5508//182 5509//181 5574//198
f 5574//198 5509//181 5575//198
f 5509//181 5510//182 5575//198
f 5575//198 5510//182 5576//198
f 5510//182 5511//61 5576//198
f 5576//198 5511//61 5577//181
f 5511//61 5512//204 5577//181
f 5577//181 5512//204 5578//182
f 5512//204 5513//704 5578//182
f 5578//182 5513//704 5579//299
f 5513//704 5514//549 5579//299
f 5579//299 5514//549 5580//382
f 5514//549 5515//267 5580//382
f 5580//382 5515//267 5581//267
f 5515//267 5516//255 5581//267
f 5581//267 5516//255 5582//267
f 5516//255 5517//530 5582//267
f 5582//267 5517//530 5583//530
f 5517//530 5518//303 5583//530
f 5583//530 5518//303 5584//293
f 5518//303 5519//281 5584//293
f 5584//293 5519//281 5585//280
f 5519//281 5520//242 5585//280
f 5585//280 5520//242 5586//255
f 5520//242 5521//405 5586//255
f 5586//255 5521//405 5587//290
f 5521//405 5522//255 5587//290
f 5587//290 5522//255 5588//290
f 5522//255 5523//328 5588//290
f 5588//290 5523//328 5589//267
f 5523//328 5524//705 5589//267
f 5589//267 5524//705 5590//714
f 5524//705 5525//706 5590//714
f 5590//714 5525//706 5591//715
f 5526//707 5527//708 5592//716
f 5527//708 5528//709 5593//717
f 5527//708 5593//717 5592//716
f 5528//709 5529//710 5594//718
f 5528//709 5594//718 5593//717
f 5529//710 5530//711 5594//718
f 5594//718 5530//711 5595//719
f 5530//711 5531//712 5595//719
f 5595//719 5531//712 5596//671
f 5531//712 5532//15 5596//671
f 5596//671 5532//15 5597//42
f 5532//15 5533//44 5597//42
f 5597//42 5533//44 5598//132
f 5533//44 5534//237 5598//132
f 5598//132 5534//237 5599//720
f 5534//237 5535//141 5599//720
f 5599//720 5535//141 5600//61
f 5535//141 5536//61 5600//61
f 5600//61 5536//61 5601//104
f 5536//61 5537//159 5601//104
f 5601//104 5537//159 5602//59
f 5537//159 5538//58 5602//59
f 5602//59 5538//58 5603//721
f 5538//58 5539//713 5603//721
f 5603//721 5539//713 5604//77
f 5539//713 5540//74 5604//77
f 5604//77 5540//74 5605//77
f 5540//74 5541//287 5605//77
f 5605//77 5541//287 5606//287
f 5541//287 5542//78 5606//287
f 5606//287 5542//78 5607//74
f 5542//78 5543//62 5607//74
f 5607//74 5543//62 5608//77
f 5543//62 5544//62 5608//77
f 5608//77 5544//62 5609//62
f 5544//62 5545//115 5609//62
f 5609//62 5545//115 5610//91
f 5545//115 5546//61 5610//91
f 5610//91 5546//61 5611//61
f 5546//61 5547//61 5611//61
f 5611//61 5547//61 5612//61
f 5547//61 5548//61 5612//61
f 5612//61 5548//61 5613//61
f 5548//61 5549//61 5613//61
f 5613//61 5549//61 5614//61
f 5549//61 5550//61 5614//61
f 5614//61 5550//61 5615//61
f 5550//61 5551//76 5615//61
f 5615//61 5551//76 5616//62
f 5551//76 5552//76 5616//62
f 5616//62 5552//76 5617//91
f 5552//76 5553//61 5617//91
f 5617//91 5553//61 5618//61
f 5553//61 5554//61 5618//61
f 5618//61 5554//61 5619//61
f 5554//61 5555//61 5619//61
f 5619//61 5555//61 5620//61
f 5555//61 5556//61 5620//61
f 5620//61 5556//61 5621//61
f 5556//61 5557//61 5621//61
f 5621//61 5557//61 5622//61
f 5557//61 5558//61 5622//61
f 5622//61 5558//61 5623//61
f 5558//61 5559//61 5623//61
f 5623//61 5559//61 5624//61
f 5559//61 5560//61 5624//61
f 5624//61 5560//61 5625//61
f 5560//61 5561//61 5625//61
f 5625//61 5561//61 5626//61
f 5561//61 5562//61 5626//61
f 5626//61 5562//61 5627//61
f 5562//61 5563//61 5627//61
f 5627//61 5563//61 5628//169
f 5563//61 5564//176 5628//169
f 5628//169 5564//176 5629//169
f 5564//176 5565//169 5629//169
f 5629//169 5565//169 5630//61
f 5565//169 5566//61 5630//61
f 5630//61 5566//61 5631//61
f 5566//61 5567//61 5631//61
f 5631//61 5567//61 5632//61
f 5567//61 5568//61 5632//61
f 5632//61 5568//61 5633//61
f 5568//61 5569//61 5633//61
f 5633//61 5569//61 5634//181
f 5569//61 5570//176 5634//181
f 5634//181 5570//176 5635//182
f 5570//176 5571//199 5635//182
f 5635//182 5571//199 5636//61
f 5571//199 5572//61 5636//61
f 5636//61 5572//61 5637//61
f 5572//61 5573//198 5637//61
f 5637//61 5573//198 5638//182
f 5573//198 5574//198 5638//182
f 5638//182 5574//198 5639//190
f 5574//198 5575//198 5639//190
f 5639//190 5575//198 5640//198
f 5575//198 5576//198 5640//198
f 5640//198 5576//198 5641//198
f 5576//198 5577//181 5641//198
f 5641//198 5577//181 5642//204
f 5577//181 5578//182 5642//204
f 5642//204 5578//182 5643//614
f 5578//182 5579//299 5643//614
f 5643//614 5579//299 5644//518
f 5579//299 5580//382 5644//518
f 5644//518 5580//382 5645//267
f 5580//382 5581//267 5645//267
f 5645//267 5581//267 5646//267
f 5581//267 5582//267 5646//267
f 5646//267 5582//267 5647//267
f 5582//267 5583//530 5647//267
f 5647//267 5583//530 5648//303
f 5583//530 5584//293 5648//303
f 5648//303 5584//293 5649//722
f 5584//293 5585//280 5649//722
f 5649//722 5585//280 5650//242
f 5585//280 5586//255 5650//242
f 5650//242 5586//255 5651//328
f 5586//255 5587//290 5651//328
f 5651//328 5587//290 5652//255
f 5587//290 5588//290 5652//255
f 5652//255 5588//290 5653//255
f 5588//290 5589//267 5653//255
f 5653//255 5589//267 5654//723
f 5589//267 5590//714 5654//723
f 5654//723 5590//714 5655//724
f 5590//714 5591//715 5655//724
f 5592//716 5593//717 5656//725
f 5656//725 5593//717 5657//726
f 5593//717 5594//718 5657//726
f 5657//726 5594//718 5658//43
f 5594//718 5595//719 5658//43
f 5658//43 5595//719 5659//665
f 5595//719 5596//671 5659//665
f 5659//665 5596//671 5660//43
f 5596//671 5597//42 5660//43
f 5660//43 5597//42 5661//69
f 5597//42 5598//132 5661//69
f 5661//69 5598//132 5662//727
f 5598//132 5599//720 5662//727
f 5662//727 5599//720 5663//61
f 5599//720 5600//61 5664//605
f 5599//720 5664//605 5663//61
f 5600//61 5601//104 5664//605
f 5664//605 5601//104 5665//59
f 5601//104 5602//59 5665//59
f 5665//59 5602//59 5666//490
f 5602//59 5603//721 5666//490
f 5666//490 5603//721 5667//287
f 5603//721 5604//77 5667//287
f 5667//287 5604//77 5668//126
f 5604//77 5605//77 5668//126
f 5668//126 5605//77 5669//505
f 5605//77 5606//287 5669//505
f 5669//505 5606//287 5670//126
f 5606//287 5607//74 5670//126
f 5670//126 5607//74 5671//89
f 5607//74 5608//77 5671//89
f 5671//89 5608//77 5672//77
f 5608//77 5609//62 5672//77
f 5672//77 5609//62 5673//336
f 5609//62 5610//91 5673//336
f 5673//336 5610//91 5674//61
f 5610//91 5611//61 5674//61
f 5674//61 5611//61 5675//61
f 5611//61 5612//61 5675//61
f 5675//61 5612//61 5676//61
f 5612//61 5613//61 5676//61
f 5676//61 5613//61 5677//61
f 5613//61 5614//61 5677//61
f 5677//61 5614//61 5678//61
f 5614//61 5615//61 5678//61
f 5678//61 5615//61 5679//77
f 5615//61 5616//62 5679//77
f 5679//77 5616//62 5680//78
f 5616//62 5617//91 5680//78
f 5680//78 5617//91 5681//61
f 5617//91 5618//61 5681//61
f 5681//61 5618//61 5682//61
f 5618//61 5619//61 5682//61
f 5682//61 5619//61 5683//61
f 5619//61 5620//61 5683//61
f 5683//61 5620//61 5684//61
f 5620//61 5621//61 5684//61
f 5684//61 5621//61 5685//61
f 5621//61 5622//61 5685//61
f 5685//61 5622//61 5686//61
f 5622//61 5623//61 5686//61
f 5686//61 5623//61 5687//61
f 5623//61 5624//61 5687//61
f 5687//61 5624//61 5688//61
f 5624//61 5625//61 5688//61
f 5688//61 5625//61 5689//61
f 5625//61 5626//61 5689//61
f 5689//61 5626//61 5690//251
f 5626//61 5627//61 5690//251
f 5690//251 5627//61 5691//263
f 5627//61 5628//169 5691//263
f 5691//263 5628//169 5692//169
f 5628//169 5629//169 5692//169
f 5692//169 5629//169 5693//61
f 5629//169 5630//61 5693//61
f 5693//61 5630//61 5694//61
f 5630//61 5631//61 5694//61
f 5694//61 5631//61 5695//61
f 5631//61 5632//61 5695//61
f 5695//61 5632//61 5696//61
f 5632//61 5633//61 5696//61
f 5696//61 5633//61 5697//61
f 5633//61 5634//181 5697//61
f 5697//61 5634//181 5698//359
f 5634//181 5635//182 5698//359
f 5698//359 5635//182 5699//181
f 5635//182 5636//61 5699//181
f 5699//181 5636//61 5700//61
f 5636//61 5637//61 5700//61
f 5700//61 5637//61 5701//176
f 5637//61 5638//182 5701//176
f 5701//176 5638//182 5702//176
f 5638//182 5639//190 5702//176
f 5702//176 5639//190 5703//61
f 5639//190 5640//198 5703//61
f 5703//61 5640//198 5704//204
f 5640//198 5641//198 5704//204
f 5704//204 5641//198 5705//204
f 5641//198 5642//204 5705//204
f 5705//204 5642//204 5706//182
f 5642//204 5643//614 5706//182
f 5706//182 5643//614 5707//675
f 5643//614 5644//518 5707//675
f 5707//675 5644//518 5708//728
f 5644//518 5645//267 5708//728
f 5708//728 5645//267 5709//328
f 5645//267 5646//267 5709//328
f 5709//328 5646//267 5710//254
f 5646//267 5647//267 5710//254
f 5710//254 5647//267 5711//255
f 5647//267 5648//303 5711//255
f 5711//255 5648//303 5712//303
f 5648//303 5649//722 5712//303
f 5712//303 5649//722 5713//729
f 5649//722 5650//242 5713//729
f 5713//729 5650//242 5714//328
f 5650//242 5651//328 5714//328
f 5714//328 5651//328 5715//242
f 5651//328 5652//255 5715//242
f 5715//242 5652//255 5716//328
f 5652//255 5653//255 5716//328
f 5716//328 5653//255 5717//254
f 5653//255 5654//723 5717//254
f 5717//254 5654//723 5718//730
f 5654//723 5655//724 5718//730
f 5718//730 5655//724 5719//731
f 5656//725 5657//726 5720//732
f 5720//732 5657//726 5721//733
f 5657//726 5658//43 5721//733
f 5721//733 5658//43 5722//695
f 5658//43 5659//665 5722//695
f 5722//695 5659//665 5723//26
f 5659//665 5660//43 5723//26
f 5723//26 5660//43 5724//69
f 5660//43 5661//69 5724//69
f 5724//69 5661//69 5725//103
f 5661//69 5662//727 5725//103
f 5725//103 5662//727 5726//466
f 5662//727 5663//61 5727//734
f 5662//727 5727//734 5726//466
f 5663//61 5664//605 5727//734
f 5727//734 5664//605 5728//58
f 5664//605 5665//59 5728//58
f 5728//58 5665//59 5729//721
f 5665//59 5666//490 5729//721
f 5729//721 5666//490 5730//505
f 5666//490 5667//287 5730//505
f 5730//505 5667//287 5731//126
f 5667//287 5668//126 5731//126
f 5731//126 5668//126 5732//77
f 5668//126 5669//505 5732//77
f 5732//77 5669//505 5733//62
f 5669//505 5670//126 5733//62
f 5733//62 5670//126 5734//61
f 5670//126 5671//89 5734//61
f 5734//61 5671//89 5735//91
f 5671//89 5672//77 5735//91
f 5735//91 5672//77 5736//115
f 5672//77 5673//336 5736//115
f 5736//115 5673//336 5737//61
f 5673//336 5674//61 5737//61
f 5737//61 5674//61 5738//61
f 5674//61 5675//61 5738//61
f 5738//61 5675//61 5739//61
f 5675//61 5676//61 5739//61
f 5739//61 5676//61 5740//61
f 5676//61 5677//61 5740//61
f 5740//61 5677//61 5741//61
f 5677//61 5678//61 5741//61
f 5741//61 5678//61 5742//77
f 5678//61 5679//77 5742//77
f 5742//77 5679//77 5743//77
f 5679//77 5680//78 5743//77
f 5743//77 5680//78 5744//61
f 5680//78 5681//61 5744//61
f 5744//61 5681//61 5745//61
f 5681//61 5682//61 5745//61
f 5745//61 5682//61 5746//61
f 5682//61 5683//61 5746//61
f 5746//61 5683//61 5747//61
f 5683//61 5684//61 5747//61
f 5747//61 5684//61 5748//61
f 5684//61 5685//61 5748//61
f 5748//61 5685//61 5749//61
f 5685//61 5686//61 5749//61
f 5749//61 5686//61 5750//61
f 5686//61 5687//61 5750//61
f 5750//61 5687//61 5751//61
f 5687//61 5688//61 5751//61
f 5751//61 5688//61 5752//61
f 5688//61 5689//61 5752//61
f 5752//61 5689//61 5753//176
f 5689//61 5690//251 5753//176
f 5753//176 5690//251 5754//263
f 5690//251 5691//263 5754//263
f 5754//263 5691//263 5755//251
f 5691//263 5692//169 5755//251
f 5755//251 5692//169 5756//61
f 5692//169 5693//61 5756//61
f 5756//61 5693//61 5757//61
f 5693//61 5694//61 5757//61
f 5757//61 5694//61 5758//61
f 5694//61 5695//61 5758//61
f 5758//61 5695//61 5759//61
f 5695//61 5696//61 5759//61
f 5759//61 5696//61 5760//61
f 5696//61 5697//61 5760//61
f 5760//61 5697//61 5761//181
f 5697//61 5698//359 5761//181
f 5761//181 5698//359 5762//182
f 5698//359 5699//181 5762//182
f 5762//182 5699//181 5763//61
f 5699//181 5700//61 5763//61
f 5763//61 5700//61 5764//181
f 5700//61 5701//176 5764//181
f 5764//181 5701//176 5765//182
f 5701//176 5702//176 5765//182
f 5765//182 5702//176 5766//61
f 5702//176 5703//61 5766//61
f 5766//61 5703//61 5767//169
f 5703//61 5704//204 5767//169
f 5767//169 5704//204 5768//169
f 5704//204 5705//204 5768//169
f 5768//169 5705//204 5769//204
f 5705//204 5706//182 5769//204
f 5769//204 5706//182 5770//181
f 5706//182 5707//675 5770//181
f 5770//181 5707//675 5771//299
f 5707//675 5708//728 5771//299
f 5771//299 5708//728 5772//735
f 5708//728 5709//328 5772//735
f 5772//735 5709//328 5773//530
f 5709//328 5710//254 5773//530
f 5773//530 5710//254 5774//256
f 5710//254 5711//255 5774//256
f 5774//256 5711//255 5775//328
f 5711//255 5712//303 5775//328
f 5775//328 5712//303 5776//282
f 5712//303 5713//729 5776//282
f 5776//282 5713//729 5777//281
f 5713//729 5714//328 5777//281
f 5777//281 5714//328 5778//267
f 5714//328 5715//242 5778//267
f 5778//267 5715//242 5779//280
f 5715//242 5716//328 5779//280
f 5779//280 5716//328 5780//329
f 5716//328 5717//254 5780//329
f 5780//329 5717//254 5781//736
f 5717//254 5718//730 5781//736
f 5781//736 5718//730 5782//737
f 5718//730 5719//731 5782//737
f 5784//738 5720//732 5785//739
f 5720//732 5721//733 5785//739
f 5785//739 5721//733 5786//740
f 5721//733 5722//695 5786//740
f 5786//740 5722//695 5787//44
f 5722//695 5723//26 5787//44
f 5787//44 5723//26 5788//27
f 5723//26 5724//69 5788//27
f 5788//27 5724//69 5789//28
f 5724//69 5725//103 5789//28
f 5789//28 5725//103 5790//59
f 5725//103 5726//466 5790//59
f 5790//59 5726//466 5791//734
f 5726//466 5727//734 5791//734
f 5791//734 5727//734 5792//466
f 5727//734 5728//58 5792//466
f 5792//466 5728//58 5793//77
f 5728//58 5729//721 5793//77
f 5793//77 5729//721 5794//90
f 5729//721 5730//505 5794//90
f 5794//90 5730//505 5795//116
f 5730//505 5731//126 5795//116
f 5795//116 5731//126 5796//125
f 5731//126 5732//77 5796//125
f 5796//125 5732//77 5797//77
f 5732//77 5733//62 5797//77
f 5797//77 5733//62 5798//79
f 5733//62 5734//61 5798//79
f 5798//79 5734//61 5799//61
f 5734//61 5735//91 5799//61
f 5799//61 5735//91 5800//62
f 5735//91 5736//115 5800//62
f 5800//62 5736//115 5801//91
f 5736//115 5737//61 5801//91
f 5801//91 5737//61 5802//61
f 5737//61 5738//61 5802//61
f 5802//61 5738//61 5803//61
f 5738//61 5739//61 5803//61
f 5803//61 5739//61 5804//61
f 5739//61 5740//61 5804//61
f 5804//61 5740//61 5805//89
f 5740//61 5741//61 5805//89
f 5805//89 5741//61 5806//126
f 5741//61 5742//77 5806//126
f 5806//126 5742//77 5807//78
f 5742//77 5743//77 5807//78
f 5807//78 5743//77 5808//61
f 5743//77 5744//61 5808//61
f 5808//61 5744//61 5809//61
f 5744//61 5745//61 5809//61
f 5809//61 5745//61 5810//61
f 5745//61 5746//61 5810//61
f 5810//61 5746//61 5811//61
f 5746//61 5747//61 5811//61
f 5811//61 5747//61 5812//61
f 5747//61 5748//61 5812//61
f 5812//61 5748//61 5813//61
f 5748//61 5749//61 5813//61
f 5813//61 5749//61 5814//61
f 5749//61 5750//61 5814//61
f 5814//61 5750//61 5815//61
f 5750//61 5751//61 5815//61
f 5815//61 5751//61 5816//61
f 5751//61 5752//61 5816//61
f 5816//61 5752//61 5817//181
f 5752//61 5753//176 5817//181
f 5817//181 5753//176 5818//182
f 5753//176 5754//263 5818//182
f 5818//182 5754//263 5819//61
f 5754//263 5755//251 5819//61
f 5819//61 5755//251 5820//61
f 5755//251 5756//61 5820//61
f 5820//61 5756//61 5821//61
f 5756//61 5757//61 5821//61
f 5821//61 5757//61 5822//61
f 5757//61 5758//61 5822//61
f 5822//61 5758//61 5823//61
f 5758//61 5759//61 5823//61
f 5823//61 5759//61 5824//61
f 5759//61 5760//61 5824//61
f 5824//61 5760//61 5825//61
f 5760//61 5761//181 5825//61
f 5825//61 5761//181 5826//204
f 5761//181 5762//182 5826//204
f 5826//204 5762//182 5827//190
f 5762//182 5763//61 5827//190
f 5827//190 5763//61 5828//61
f 5763//61 5764//181 5828//61
f 5828//61 5764//181 5829//204
f 5764//181 5765//182 5829//204
f 5829//204 5765//182 5830//181
f 5765//182 5766//61 5830//181
f 5830//181 5766//61 5831//181
f 5766//61 5767//169 5831//181
f 5831//181 5767//169 5832//204
f 5767//169 5768//169 5832//204
f 5832//204 5768//169 5833//181
f 5768//169 5769//204 5833//181
f 5833//181 5769//204 5834//182
f 5769//204 5770//181 5834//182
f 5834//182 5770//181 5835//741
f 5770//181 5771//299 5835//741
f 5835//741 5771//299 5836//299
f 5771//299 5772//735 5836//299
f 5836//299 5772//735 5837//530
f 5772//735 5773//530 5837//530
f 5837//530 5773//530 5838//242
f 5773//530 5774//256 5838//242
f 5838//242 5774//256 5839//405
f 5774//256 5775//328 5839//405
f 5839//405 5775//328 5840//406
f 5775//328 5776//282 5840//406
f 5840//406 5776//282 5841//282
f 5776//282 5777//281 5841//282
f 5841//282 5777//281 5842//242
f 5777//281 5778//267 5842//242
f 5842//242 5778//267 5843//328
f 5778//267 5779//280 5843//328
f 5843//328 5779//280 5844//328
f 5779//280 5780//329 5844//328
f 5844//328 5780//329 5845//742
f 5780//329 5781//736 5845//742
f 5845//742 5781//736 5846//743
f 5781//736 5782//737 5846//743
f 5847//744 5783//745 5848//746
f 5783//745 5784//738 5848//746
f 5848//746 5784//738 5849//747
f 5784//738 5785//739 5849//747
f 5849//747 5785//739 5850//748
f 5785//739 5786//740 5850//748
f 5850//748 5786//740 5851//69
f 5786//740 5787//44 5851//69
f 5851//69 5787//44 5852//25
f 5787//44 5788//27 5852//25
f 5852//25 5788//27 5853//212
f 5788//27 5789//28 5853//212
f 5853//212 5789//28 5854//749
f 5789//28 5790//59 5854//749
f 5854//749 5790//59 5855//750
f 5790//59 5791//734 5855//750
f 5855//750 5791//734 5856//751
f 5791//734 5792//466 5857//752
f 5791//734 5857//752 5856//751
f 5792//466 5793//77 5857//752
f 5857//752 5793//77 5858//116
f 5793//77 5794//90 5858//116
f 5858//116 5794//90 5859//62
f 5794//90 5795//116 5859//62
f 5859//62 5795//116 5860//62
f 5795//116 5796//125 5860//62
f 5860//62 5796//125 5861//78
f 5796//125 5797//77 5861//78
f 5861//78 5797//77 5862//89
f 5797//77 5798//79 5862//89
f 5862//89 5798//79 5863//61
f 5798//79 5799//61 5863//61
f 5863//61 5799//61 5864//77
f 5799//61 5800//62 5864//77
f 5864//77 5800//62 5865//336
f 5800//62 5801//91 5865//336
f 5865//336 5801//91 5866//61
f 5801//91 5802//61 5866//61
f 5866//61 5802//61 5867//61
f 5802//61 5803//61 5867//61
f 5867//61 5803//61 5868//61
f 5803//61 5804//61 5868//61
f 5868//61 5804//61 5869//77
f 5804//61 5805//89 5869//77
f 5869//77 5805//89 5870//126
f 5805//89 5806//126 5870//126
f 5870//126 5806//126 5871//89
f 5806//126 5807//78 5871//89
f 5871//89 5807//78 5872//61
f 5807//78 5808//61 5872//61
f 5872//61 5808//61 5873//61
f 5808//61 5809//61 5873//61
f 5873//61 5809//61 5874//61
f 5809//61 5810//61 5874//61
f 5874//61 5810//61 5875//61
f 5810//61 5811//61 5875//61
f 5875//61 5811//61 5876//61
f 5811//61 5812//61 5876//61
f 5876//61 5812//61 5877//61
f 5812//61 5813//61 5877//61
f 5877//61 5813//61 5878//61
f 5813//61 5814//61 5878//61
f 5878//61 5814//61 5879//61
f 5814//61 5815//61 5879//61
f 5879//61 5815//61 5880//61
f 5815//61 5816//61 5880//61
f 5880//61 5816//61 5881//61
f 5816//61 5817//181 5881//61
f 5881//61 5817//181 5882//204
f 5817//181 5818//182 5882//204
f 5882//204 5818//182 5883//181
f 5818//182 5819//61 5883//181
f 5883//181 5819//61 5884//61
f 5819//61 5820//61 5884//61
f 5884//61 5820//61 5885//61
f 5820//61 5821//61 5885//61
f 5885//61 5821//61 5886//61
f 5821//61 5822//61 5886//61
f 5886//61 5822//61 5887//61
f 5822//61 5823//61 5887//61
f 5887//61 5823//61 5888//61
f 5823//61 5824//61 5888//61
f 5888//61 5824//61 5889//61
f 5824//61 5825//61 5889//61
f 5889//61 5825//61 5890//169
f 5825//61 5826//204 5890//169
f 5890//169 5826//204 5891//169
f 5826//204 5827//190 5891//169
f 5891//169 5827//190 5892//61
f 5827//190 5828//61 5892//61
f 5892//61 5828//61 5893//176
f 5828//61 5829//204 5893//176
f 5893//176 5829//204 5894//169
f 5829//204 5830//181 5894//169
f 5894//169 5830//181 5895//61
f 5830//181 5831//181 5895//61
f 5895//61 5831//181 5896//198
f 5831//181 5832//204 5896//198
f 5896//198 5832//204 5897//198
f 5832//204 5833//181 5897//198
f 5897//198 5833//181 5898//204
f 5833//181 5834//182 5898//204
f 5898//204 5834//182 5899//190
f 5834//182 5835//741 5899//190
f 5899//190 5835//741 5900//299
f 5835//741 5836//299 5900//299
f 5900//299 5836//299 5901//300
f 5836//299 5837//530 5901//300
f 5901//300 5837//530 5902//291
f 5837//530 5838//242 5902//291
f 5902//291 5838//242 5903//256
f 5838//242 5839//405 5903//256
f 5903//256 5839//405 5904//328
f 5839//405 5840//406 5904//328
f 5904//328 5840//406 5905//293
f 5840//406 5841//282 5905//293
f 5905//293 5841//282 5906//559
f 5841//282 5842//242 5906//559
f 5906//559 5842//242 5907//280
f 5842//242 5843//328 5907//280
f 5907//280 5843//328 5908//329
f 5843//328 5844//328 5908//329
f 5908//329 5844//328 5909//255
f 5844//328 5845//742 5909//255
f 5909//255 5845//742 5910//753
f 5845//742 5846//743 5911//754
f 5845//742 5911//754 5910//753
f 5846//743 5912//755 5911//754
f 5913//217 5847//744 5914//246
f 5847//744 5848//746 5914//246
f 5914//246 5848//746 5915//69
f 5848//746 5849//747 5915//69
f 5915//69 5849//747 5916//26
f 5849//747 5850//748 5916//26
f 5916//26 5850//748 5917//227
f 5850//748 5851//69 5917//227
f 5917//227 5851//69 5918//44
f 5851//69 5852//25 5918//44
f 5918//44 5852//25 5919//69
f 5852//25 5853//212 5919//69
f 5919//69 5853//212 5920//103
f 5853//212 5854//749 5920//103
f 5920//103 5854//749 5921//756
f 5854//749 5855//750 5922//757
f 5854//749 5922//757 5921//756
f 5855//750 5856//751 5922//757
f 5922//757 5856//751 5923//46
f 5856//751 5857//752 5923//46
f 5923//46 5857//752 5924//344
f 5857//752 5858//116 5924//344
f 5924//344 5858//116 5925//90
f 5858//116 5859//62 5925//90
f 5925//90 5859//62 5926//78
f 5859//62 5860//62 5926//78
f 5926//78 5860//62 5927//62
f 5860//62 5861//78 5927//62
f 5927//62 5861//78 5928//91
f 5861//78 5862//89 5928//91
f 5928//91 5862//89 5929//61
f 5862//89 5863//61 5929//61
f 5929//61 5863//61 5930//77
f 5863//61 5864//77 5930//77
f 5930//77 5864//77 5931//77
f 5864//77 5865//336 5931//77
f 5931//77 5865//336 5932//61
f 5865//336 5866//61 5932//61
f 5932//61 5866//61 5933//61
f 5866//61 5867//61 5933//61
f 5933//61 5867//61 5934//61
f 5867//61 5868//61 5934//61
f 5934//61 5868//61 5935//77
f 5868//61 5869//77 5935//77
f 5935//77 5869//77 5936//78
f 5869//77 5870//126 5936//78
f 5936//78 5870//126 5937//61
f 5870//126 5871//89 5937//61
f 5937//61 5871//89 5938//61
f 5871//89 5872//61 5938//61
f 5938//61 5872//61 5939//61
f 5872//61 5873//61 5939//61
f 5939//61 5873//61 5940//61
f 5873//61 5874//61 5940//61
f 5940//61 5874//61 5941//61
f 5874//61 5875//61 5941//61
f 5941//61 5875//61 5942//61
f 5875//61 5876//61 5942//61
f 5942//61 5876//61 5943//61
f 5876//61 5877//61 5943//61
f 5943//61 5877//61 5944//61
f 5877//61 5878//61 5944//61
f 5944//61 5878//61 5945//61
f 5878//61 5879//61 5945//61
f 5945//61 5879//61 5946//61
f 5879//61 5880//61 5946//61
f 5946//61 5880//61 5947//61
f 5880//61 5881//61 5947//61
f 5947//61 5881//61 5948//190
f 5881//61 5882//204 5948//190
f 5948//190 5882//204 5949//182
f 5882//204 5883//181 5949//182
f 5949//182 5883//181 5950//61
f 5883//181 5884//61 5950//61
f 5950//61 5884//61 5951//61
f 5884//61 5885//61 5951//61
f 5951//61 5885//61 5952//61
f 5885//61 5886//61 5952//61
f 5952//61 5886//61 5953//61
f 5886//61 5887//61 5953//61
f 5953//61 5887//61 5954//61
f 5887//61 5888//61 5954//61
f 5954//61 5888//61 5955//61
f 5888//61 5889//61 5955//61
f 5955//61 5889//61 5956//176
f 5889//61 5890//169 5956//176
f 5956//176 5890//169 5957//169
f 5890//169 5891//169 5957//169
f 5957//169 5891//169 5958//61
f 5891//169 5892//61 5958//61
f 5958//61 5892//61 5959//181
f 5892//61 5893//176 5959//181
f 5959//181 5893//176 5960//182
f 5893//176 5894//169 5960//182
f 5960//182 5894//169 5961//61
f 5894//169 5895//61 5961//61
f 5961//61 5895//61 5962//251
f 5895//61 5896//198 5962//251
f 5962//251 5896//198 5963//176
f 5896//198 5897//198 5963//176
f 5963//176 5897//198 5964//204
f 5897//198 5898//204 5964//204
f 5964//204 5898//204 5965//182
f 5898//204 5899//190 5965//182
f 5965//182 5899//190 5966//289
f 5899//190 5900//299 5966//289
f 5966//289 5900//299 5967//231
f 5900//299 5901//300 5967//231
f 5967//231 5901//300 5968//328
f 5901//300 5902//291 5968//328
f 5968//328 5902//291 5969//267
f 5902//291 5903//256 5969//267
f 5969//267 5903//256 5970//254
f 5903//256 5904//328 5970//254
f 5970//254 5904//328 5971//291
f 5904//328 5905//293 5971//291
f 5971//291 5905//293 5972//303
f 5905//293 5906//559 5972//303
f 5972//303 5906//559 5973//281
f 5906//559 5907//280 5973//281
f 5973//281 5907//280 5974//328
f 5907//280 5908//329 5974//328
f 5974//328 5908//329 5975//328
f 5908//329 5909//255 5975//328
f 5975//328 5909//255 5976//254
f 5909//255 5910//753 5976//254
f 5976//254 5910//753 5977//758
f 5910//753 5911//754 5977//758
f 5977//758 5911//754 5978//759
f 5911//754 5912//755 5978//759
f 5913//217 5914//246 5979//760
f 5979//760 5914//246 5980//761
f 5914//246 5915//69 5980//761
f 5980//761 5915//69 5981//157
f 5915//69 5916//26 5981//157
f 5981//157 5916//26 5982//42
f 5916//26 5917//227 5982//42
f 5982//42 5917//227 5983//180
f 5917//227 5918//44 5983//180
f 5983//180 5918//44 5984//15
f 5918//44 5919//69 5984//15
f 5984//15 5919//69 5985//69
f 5919//69 5920//103 5985//69
f 5985//69 5920//103 5986//213
f 5920//103 5921//756 5986//213
f 5986//213 5921//756 5987//762
f 5921//756 5922//757 5988//763
f 5921//756 5988//763 5987//762
f 5922//757 5923//46 5988//763
f 5988//763 5923//46 5989//713
f 5923//46 5924//344 5989//713
f 5989//713 5924//344 5990//505
f 5924//344 5925//90 5990//505
f 5990//505 5925//90 5991//77
f 5925//90 5926//78 5991//77
f 5991//77 5926//78 5992//77
f 5926//78 5927//62 5992//77
f 5992//77 5927//62 5993//77
f 5927//62 5928//91 5993//77
f 5993//77 5928//91 5994//61
f 5928//91 5929//61 5994//61
f 5994//61 5929//61 5995//79
f 5929//61 5930//77 5995//79
f 5995//79 5930//77 5996//62
f 5930//77 5931//77 5996//62
f 5996//62 5931//77 5997//61
f 5931//77 5932//61 5997//61
f 5997//61 5932//61 5998//61
f 5932//61 5933//61 5998//61
f 5998//61 5933//61 5999//61
f 5933//61 5934//61 5999//61
f 5999//61 5934//61 6000//77
f 5934//61 5935//77 6000//77
f 6000//77 5935//77 6001//77
f 5935//77 5936//78 6001//77
f 6001//77 5936//78 6002//61
f 5936//78 5937//61 6002//61
f 6002//61 5937//61 6003//61
f 5937//61 5938//61 6003//61
f 6003//61 5938//61 6004//61
f 5938//61 5939//61 6004//61
f 6004//61 5939//61 6005//61
f 5939//61 5940//61 6005//61
f 6005//61 5940//61 6006//61
f 5940//61 5941//61 6006//61
f 6006//61 5941//61 6007//61
f 5941//61 5942//61 6007//61
f 6007//61 5942//61 6008//61
f 5942//61 5943//61 6008//61
f 6008//61 5943//61 6009//61
f 5943//61 5944//61 6009//61
f 6009//61 5944//61 6010//61
f 5944//61 5945//61 6010//61
f 6010//61 5945//61 6011//61
f 5945//61 5946//61 6011//61
f 6011//61 5946//61 6012//61
f 5946//61 5947//61 6012//61
f 6012//61 5947//61 6013//61
f 5947//61 5948//190 6013//61
f 6013//61 5948//190 6014//198
f 5948//190 5949//182 6014//198
f 6014//198 5949//182 6015//198
f 5949//182 5950//61 6015//198
f 6015//198 5950//61 6016//61
f 5950//61 5951//61 6016//61
f 6016//61 5951//61 6017//61
f 5951//61 5952//61 6017//61
f 6017//61 5952//61 6018//61
f 5952//61 5953//61 6018//61
f 6018//61 5953//61 6019//61
f 5953//61 5954//61 6019//61
f 6019//61 5954//61 6020//61
f 5954//61 5955//61 6020//61
f 6020//61 5955//61 6021//169
f 5955//61 5956//176 6021//169
f 6021//169 5956//176 6022//169
f 5956//176 5957//169 6022//169
f 6022//169 5957//169 6023//61
f 5957//169 5958//61 6023//61
f 6023//61 5958//61 6024//61
f 5958//61 5959//181 6024//61
f 6024//61 5959//181 6025//204
f 5959//181 5960//182 6025//204
f 6025//204 5960//182 6026//181
f 5960//182 5961//61 6026//181
f 6026//181 5961//61 6027//181
f 5961//61 5962//251 6027//181
f 6027//181 5962//251 6028//169
f 5962//251 5963//176 6028//169
f 6028//169 5963//176 6029//251
f 5963//176 5964//204 6029//251
f 6029//251 5964//204 6030//198
f 5964//204 5965//182 6030//198
f 6030//198 5965//182 6031//239
f 5965//182 5966//289 6031//239
f 6031//239 5966//289 6032//299
f 5966//289 5967//231 6032//299
f 6032//299 5967//231 6033//267
f 5967//231 5968//328 6033//267
f 6033//267 5968//328 6034//242
f 5968//328 5969//267 6034//242
f 6034//242 5969//267 6035//242
f 5969//267 5970//254 6035//242
f 6035//242 5970//254 6036//328
f 5970//254 5971//291 6036//328
f 6036//328 5971//291 6037//311
f 5971//291 5972//303 6037//311
f 6037//311 5972//303 6038//281
f 5972//303 5973//281 6038//281
f 6038//281 5973//281 6039//551
f 5973//281 5974//328 6039//551
f 6039//551 5974//328 6040//280
f 5974//328 5975//328 6040//280
f 6040//280 5975//328 6041//329
f 5975//328 5976//254 6041//329
f 6041//329 5976//254 6042//61
f 5976//254 5977//758 6042//61
f 6042//61 5977//758 6043//730
f 5977//758 5978//759 6043//730
f 6043//730 5978//759 6044//731
f 5979//760 5980//761 6045//764
f 6045//764 5980//761 6046//765
f 5980//761 5981//157 6046//765
f 6046//765 5981//157 6047//157
f 5981//157 5982//42 6047//157
f 6047//157 5982//42 6048//17
f 5982//42 5983//180 6048//17
f 6048//17 5983//180 6049//26
f 5983//180 5984//15 6049//26
f 6049//26 5984//15 6050//15
f 5984//15 5985//69 6050//15
f 6050//15 5985//69 6051//508
f 5985//69 5986//213 6051//508
f 6051//508 5986//213 6052//763
f 5986//213 5987//762 6052//763
f 6052//763 5987//762 6053//762
f 5987//762 5988//763 6053//762
f 6053//762 5988//763 6054//766
f 5988//763 5989//713 6054//766
f 6054//766 5989//713 6055//75
f 5989//713 5990//505 6055//75
f 6055//75 5990//505 6056//62
f 5990//505 5991//77 6056//62
f 6056//62 5991//77 6057//78
f 5991//77 5992//77 6057//78
f 6057//78 5992//77 6058//78
f 5992//77 5993//77 6058//78
f 6058//78 5993//77 6059//61
f 5993//77 5994//61 6059//61
f 6059//61 5994//61 6060//61
f 5994//61 5995//79 6060//61
f 6060//61 5995//79 6061//116
f 5995//79 5996//62 6061//116
f 6061//116 5996//62 6062//91
f 5996//62 5997//61 6062//91
f 6062//91 5997//61 6063//61
f 5997//61 5998//61 6063//61
f 6063//61 5998//61 6064//61
f 5998//61 5999//61 6064//61
f 6064//61 5999//61 6065//79
f 5999//61 6000//77 6065//79
f 6065//79 6000//77 6066//62
f 6000//77 6001//77 6066//62
f 6066//62 6001//77 6067//61
f 6001//77 6002//61 6067//61
f 6067//61 6002//61 6068//61
f 6002//61 6003//61 6068//61
f 6068//61 6003//61 6069//61
f 6003//61 6004//61 6069//61
f 6069//61 6004//61 6070//61
f 6004//61 6005//61 6070//61
f 6070//61 6005//61 6071//61
f 6005//61 6006//61 6071//61
f 6071//61 6006//61 6072//61
f 6006//61 6007//61 6072//61
f 6072//61 6007//61 6073//61
f 6007//61 6008//61 6073//61
f 6073//61 6008//61 6074//61
f 6008//61 6009//61 6074//61
f 6074//61 6009//61 6075//61
f 6009//61 6010//61 6075//61
f 6075//61 6010//61 6076//61
f 6010//61 6011//61 6076//61
f 6076//61 6011//61 6077//61
f 6011//61 6012//61 6077//61
f 6077//61 6012//61 6078//61
f 6012//61 6013//61 6078//61
f 6078//61 6013//61 6079//61
f 6013//61 6014//198 6079//61
f 6079//61 6014//198 6080//198
f 6014//198 6015//198 6080//198
f 6080//198 6015//198 6081//198
f 6015//198 6016//61 6081//198
f 6081//198 6016//61 6082//61
f 6016//61 6017//61 6082//61
f 6082//61 6017//61 6083//61
f 6017//61 6018//61 6083//61
f 6083//61 6018//61 6084//61
f 6018//61 6019//61 6084//61
f 6084//61 6019//61 6085//61
f 6019//61 6020//61 6085//61
f 6085//61 6020//61 6086//176
f 6020//61 6021//169 6086//176
f 6086//176 6021//169 6087//199
f 6021//169 6022//169 6087//199
f 6087//199 6022//169 6088//61
f 6022//169 6023//61 6088//61
f 6088//61 6023//61 6089//61
f 6023//61 6024//61 6089//61
f 6089//61 6024//61 6090//176
f 6024//61 6025//204 6090//176
f 6090//176 6025//204 6091//169
f 6025//204 6026//181 6091//169
f 6091//169 6026//181 6092//61
f 6026//181 6027//181 6092//61
f 6092//61 6027//181 6093//182
f 6027//181 6028//169 6093//182
f 6093//182 6028//169 6094//181
f 6028//169 6029//251 6094//181
f 6094//181 6029//251 6095//61
f 6029//251 6030//198 6095//61
f 6095//61 6030//198 6096//204
f 6030//198 6031//239 6096//204
f 6096//204 6031//239 6097//704
f 6031//239 6032//299 6097//704
f 6097//704 6032//299 6098//549
f 6032//299 6033//267 6098//549
f 6098//549 6033//267 6099//267
f 6033//267 6034//242 6099//267
f 6099//267 6034//242 6100//255
f 6034//242 6035//242 6100//255
f 6100//255 6035//242 6101//328
f 6035//242 6036//328 6101//328
f 6101//328 6036//328 6102//292
f 6036//328 6037//311 6102//292
f 6102//292 6037//311 6103//328
f 6037//311 6038//281 6103//328
f 6103//328 6038//281 6104//530
f 6038//281 6039//551 6104//530
f 6104//530 6039//551 6105//281
f 6039//551 6040//280 6105//281
f 6105//281 6040//280 6106//291
f 6040//280 6041//329 6106//291
f 6106//291 6041//329 6107//256
f 6041//329 6042//61 6107//256
f 6107//256 6042//61 6108//736
f 6042//61 6043//730 6108//736
f 6108//736 6043//730 6109//767
f 6043//730 6044//731 6109//767
f 6110//768 6045//764 6111//211
f 6045//764 6046//765 6111//211
f 6111//211 6046//765 6112//131
f 6046//765 6047//157 6112//131
f 6112//131 6047//157 6113//157
f 6047//157 6048//17 6113//157
f 6113//157 6048//17 6114//228
f 6048//17 6049//26 6114//228
f 6114//228 6049//26 6115//25
f 6049//26 6050//15 6115//25
f 6115//25 6050//15 6116//134
f 6050//15 6051//508 6116//134
f 6116//134 6051//508 6117//135
f 6051//508 6052//763 6117//135
f 6117//135 6052//763 6118//61
f 6052//763 6053//762 6119//720
f 6052//763 6119//720 6118//61
f 6053//762 6054//766 6119//720
f 6119//720 6054//766 6120//62
f 6054//766 6055//75 6120//62
f 6120//62 6055//75 6121//75
f 6055//75 6056//62 6121//75
f 6121//75 6056//62 6122//62
f 6056//62 6057//78 6122//62
f 6122//62 6057//78 6123//62
f 6057//78 6058//78 6123//62
f 6123//62 6058//78 6124//61
f 6058//78 6059//61 6124//61
f 6124//61 6059//61 6125//61
f 6059//61 6060//61 6125//61
f 6125//61 6060//61 6126//91
f 6060//61 6061//116 6126//91
f 6126//91 6061//116 6127//115
f 6061//116 6062//91 6127//115
f 6127//115 6062//91 6128//61
f 6062//91 6063//61 6128//61
f 6128//61 6063//61 6129//61
f 6063//61 6064//61 6129//61
f 6129//61 6064//61 6130//61
f 6064//61 6065//79 6130//61
f 6130//61 6065//79 6131//62
f 6065//79 6066//62 6131//62
f 6131//62 6066//62 6132//79
f 6066//62 6067//61 6132//79
f 6132//79 6067//61 6133//61
f 6067//61 6068//61 6133//61
f 6133//61 6068//61 6134//61
f 6068//61 6069//61 6134//61
f 6134//61 6069//61 6135//61
f 6069//61 6070//61 6135//61
f 6135//61 6070//61 6136//61
f 6070//61 6071//61 6136//61
f 6136//61 6071//61 6137//61
f 6071//61 6072//61 6137//61
f 6137//61 6072//61 6138//61
f 6072//61 6073//61 6138//61
f 6138//61 6073//61 6139//61
f 6073//61 6074//61 6139//61
f 6139//61 6074//61 6140//61
f 6074//61 6075//61 6140//61
f 6140//61 6075//61 6141//61
f 6075//61 6076//61 6141//61
f 6141//61 6076//61 6142//61
f 6076//61 6077//61 6142//61
f 6142//61 6077//61 6143//61
f 6077//61 6078//61 6143//61
f 6143//61 6078//61 6144//61
f 6078//61 6079//61 6144//61
f 6144//61 6079//61 6145//61
f 6079//61 6080//198 6145//61
f 6145//61 6080//198 6146//204
f 6080//198 6081//198 6146//204
f 6146//204 6081//198 6147//190
f 6081//198 6082//61 6147//190
f 6147//190 6082//61 6148//61
f 6082//61 6083//61 6148//61
f 6148//61 6083//61 6149//61
f 6083//61 6084//61 6149//61
f 6149//61 6084//61 6150//61
f 6084//61 6085//61 6150//61
f 6150//61 6085//61 6151//169
f 6085//61 6086//176 6151//169
f 6151//169 6086//176 6152//169
f 6086//176 6087//199 6152//169
f 6152//169 6087//199 6153//61
f 6087//199 6088//61 6153//61
f 6153//61 6088//61 6154//61
f 6088//61 6089//61 6154//61
f 6154//61 6089//61 6155//169
f 6089//61 6090//176 6155//169
f 6155//169 6090//176 6156//169
f 6090//176 6091//169 6156//169
f 6156//169 6091//169 6157//61
f 6091//169 6092//61 6157//61
f 6157//61 6092//61 6158//176
f 6092//61 6093//182 6158//176
f 6158//176 6093//182 6159//169
f 6093//182 6094//181 6159//169
f 6159//169 6094//181 6160//61
f 6094//181 6095//61 6160//61
f 6160//61 6095//61 6161//176
f 6095//61 6096//204 6161//176
f 6161//176 6096//204 6162//169
f 6096//204 6097//704 6162//169
f 6162//169 6097//704 6163//299
f 6097//704 6098//549 6163//299
f 6163//299 6098//549 6164//279
f 6098//549 6099//267 6164//279
f 6164//279 6099//267 6165//242
f 6099//267 6100//255 6165//242
f 6165//242 6100//255 6166//328
f 6100//255 6101//328 6166//328
f 6166//328 6101//328 6167//311
f 6101//328 6102//292 6167//311
f 6167//311 6102//292 6168//328
f 6102//292 6103//328 6168//328
f 6168//328 6103//328 6169//328
f 6103//328 6104//530 6169//328
f 6169//328 6104//530 6170//365
f 6104//530 6105//281 6170//365
f 6170//365 6105//281 6171//281
f 6105//281 6106//291 6171//281
f 6171//281 6106//291 6172//267
f 6106//291 6107//256 6172//267
f 6172//267 6107//256 6173//736
f 6107//256 6108//736 6173//736
f 6173//736 6108//736 6174//769
f 6108//736 6109//767 6174//769
f 6175//217 6110//768 6176//496
f 6110//768 6111//211 6176//496
f 6176//496 6111//211 6177//26
f 6111//211 6112//131 6177//26
f 6177//26 6112//131 6178//227
f 6112//131 6113//157 6178//227
f 6178//227 6113//157 6179//44
f 6113//157 6114//228 6179//44
f 6179//44 6114//228 6180//17
f 6114//228 6115//25 6180//17
f 6180//17 6115//25 6181//43
f 6115//25 6116//134 6181//43
f 6181//43 6116//134 6182//142
f 6116//134 6117//135 6182//142
f 6182//142 6117//135 6183//29
f 6117//135 6118//61 6183//29
f 6183//29 6118//61 6184//61
f 6118//61 6119//720 6184//61
f 6184//61 6119//720 6185//79
f 6119//720 6120//62 6185//79
f 6185//79 6120//62 6186//75
f 6120//62 6121//75 6186//75
f 6186//75 6121//75 6187//116
f 6121//75 6122//62 6187//116
f 6187//116 6122//62 6188//76
f 6122//62 6123//62 6188//76
f 6188//76 6123//62 6189//76
f 6123//62 6124//61 6189//76
f 6189//76 6124//61 6190//61
f 6124//61 6125//61 6190//61
f 6190//61 6125//61 6191//61
f 6125//61 6126//91 6191//61
f 6191//61 6126//91 6192//62
f 6126//91 6127//115 6192//62
f 6192//62 6127//115 6193//91
f 6127//115 6128//61 6193//91
f 6193//91 6128//61 6194//61
f 6128//61 6129//61 6194//61
f 6194//61 6129//61 6195//61
f 6129//61 6130//61 6195//61
f 6195//61 6130//61 6196//91
f 6130//61 6131//62 6196//91
f 6196//91 6131//62 6197//62
f 6131//62 6132//79 6197//62
f 6197//62 6132//79 6198//61
f 6132//79 6133//61 6198//61
f 6198//61 6133//61 6199//61
f 6133//61 6134//61 6199//61
f 6199//61 6134//61 6200//61
f 6134//61 6135//61 6200//61
f 6200//61 6135//61 6201//61
f 6135//61 6136//61 6201//61
f 6201//61 6136//61 6202//61
f 6136//61 6137//61 6202//61
f 6202//61 6137//61 6203//61
f 6137//61 6138//61 6203//61
f 6203//61 6138//61 6204//61
f 6138//61 6139//61 6204//61
f 6204//61 6139//61 6205//61
f 6139//61 6140//61 6205//61
f 6205//61 6140//61 6206//61
f 6140//61 6141//61 6206//61
f 6206//61 6141//61 6207//61
f 6141//61 6142//61 6207//61
f 6207//61 6142//61 6208//61
f 6142//61 6143//61 6208//61
f 6208//61 6143//61 6209//61
f 6143//61 6144//61 6209//61
f 6209//61 6144//61 6210//61
f 6144//61 6145//61 6210//61
f 6210//61 6145//61 6211//181
f 6145//61 6146//204 6211//181
f 6211//181 6146//204 6212//182
f 6146//204 6147//190 6212//182
f 6212//182 6147//190 6213//61
f 6147//190 6148//61 6213//61
f 6213//61 6148//61 6214//61
f 6148//61 6149//61 6214//61
f 6214//61 6149//61 6215//61
f 6149//61 6150//61 6215//61
f 6215//61 6150//61 6216//176
f 6150//61 6151//169 6216//176
f 6216//176 6151//169 6217//169
f 6151//169 6152//169 6217//169
f 6217//169 6152//169 6218//61
f 6152//169 6153//61 6218//61
f 6218//61 6153//61 6219//61
f 6153//61 6154//61 6219//61
f 6219//61 6154//61 6220//176
f 6154//61 6155//169 6220//176
f 6220//176 6155//169 6221//169
f 6155//169 6156//169 6221//169
f 6221//169 6156//169 6222//61
f 6156//169 6157//61 6222//61
f 6222//61 6157//61 6223//169
f 6157//61 6158//176 6223//169
f 6223//169 6158//176 6224//169
f 6158//176 6159//169 6224//169
f 6224//169 6159//169 6225//61
f 6159//169 6160//61 6225//61
f 6225//61 6160//61 6226//176
f 6160//61 6161//176 6226//176
f 6226//176 6161//176 6227//176
f 6161//176 6162//169 6227//176
f 6227//176 6162//169 6228//289
f 6162//169 6163//299 6228//289
f 6228//289 6163//299 6229//289
f 6163//299 6164//279 6229//289
f 6229//289 6164//279 6230//255
f 6164//279 6165//242 6230//255
f 6230//255 6165//242 6231//328
f 6165//242 6166//328 6231//328
f 6231//328 6166//328 6232//292
f 6166//328 6167//311 6232//292
f 6232//292 6167//311 6233//328
f 6167//311 6168//328 6233//328
f 6233//328 6168//328 6234//242
f 6168//328 6169//328 6234//242
f 6234//242 6169//328 6235//282
f 6169//328 6170//365 6235//282
f 6235//282 6170//365 6236//291
f 6170//365 6171//281 6236//291
f 6236//291 6171//281 6237//328
f 6171//281 6172//267 6237//328
f 6237//328 6172//267 6238//770
f 6172//267 6173//736 6238//770
f 6238//770 6173//736 6239//771
f 6173//736 6174//769 6239//771
f 6175//217 6176//496 6240//772
f 6240//772 6176//496 6241//773
f 6176//496 6177//26 6241//773
f 6241//773 6177//26 6242//774
f 6177//26 6178//227 6242//774
f 6242//774 6178//227 6243//174
f 6178//227 6179//44 6243//174
f 6243//174 6179//44 6244//16
f 6179//44 6180//17 6244//16
f 6244//16 6180//17 6245//42
f 6180//17 6181//43 6245//42
f 6245//42 6181//43 6246//103
f 6181//43 6182//142 6246//103
f 6246//103 6182//142 6247//46
f 6182//142 6183//29 6247//46
f 6247//46 6183//29 6248//104
f 6183//29 6184//61 6248//104
f 6248//104 6184//61 6249//61
f 6184//61 6185//79 6249//61
f 6249//61 6185//79 6250//62
f 6185//79 6186//75 6250//62
f 6250//62 6186//75 6251//75
f 6186//75 6187//116 6251//75
f 6251//75 6187//116 6252//91
f 6187//116 6188//76 6252//91
f 6252//91 6188//76 6253//62
f 6188//76 6189//76 6253//62
f 6253//62 6189//76 6254//91
f 6189//76 6190//61 6254//91
f 6254//91 6190//61 6255//61
f 6190//61 6191//61 6255//61
f 6255//61 6191//61 6256//79
f 6191//61 6192//62 6256//79
f 6256//79 6192//62 6257//62
f 6192//62 6193//91 6257//62
f 6257//62 6193//91 6258//61
f 6193//91 6194//61 6258//61
f 6258//61 6194//61 6259//61
f 6194//61 6195//61 6259//61
f 6259//61 6195//61 6260//61
f 6195//61 6196//91 6260//61
f 6260//61 6196//91 6261//62
f 6196//91 6197//62 6261//62
f 6261//62 6197//62 6262//91
f 6197//62 6198//61 6262//91
f 6262//91 6198//61 6263//61
f 6198//61 6199//61 6263//61
f 6263//61 6199//61 6264//61
f 6199//61 6200//61 6264//61
f 6264//61 6200//61 6265//61
f 6200//61 6201//61 6265//61
f 6265//61 6201//61 6266//61
f 6201//61 6202//61 6266//61
f 6266//61 6202//61 6267//61
f 6202//61 6203//61 6267//61
f 6267//61 6203//61 6268//61
f 6203//61 6204//61 6268//61
f 6268//61 6204//61 6269//61
f 6204//61 6205//61 6269//61
f 6269//61 6205//61 6270//61
f 6205//61 6206//61 6270//61
f 6270//61 6206//61 6271//61
f 6206//61 6207//61 6271//61
f 6271//61 6207//61 6272//61
f 6207//61 6208//61 6272//61
f 6272//61 6208//61 6273//61
f 6208//61 6209//61 6273//61
f 6273//61 6209//61 6274//61
f 6209//61 6210//61 6274//61
f 6274//61 6210//61 6275//61
f 6210//61 6211//181 6275//61
f 6275//61 6211//181 6276//198
f 6211//181 6212//182 6276//198
f 6276//198 6212//182 6277//198
f 6212//182 6213//61 6277//198
f 6277//198 6213//61 6278//61
f 6213//61 6214//61 6278//61
f 6278//61 6214//61 6279//61
f 6214//61 6215//61 6279//61
f 6279//61 6215//61 6280//169
f 6215//61 6216//176 6280//169
f 6280//169 6216//176 6281//169
f 6216//176 6217//169 6281//169
f 6281//169 6217//169 6282//61
f 6217//169 6218//61 6282//61
f 6282//61 6218//61 6283//61
f 6218//61 6219//61 6283//61
f 6283//61 6219//61 6284//169
f 6219//61 6220//176 6284//169
f 6284//169 6220//176 6285//169
f 6220//176 6221//169 6285//169
f 6285//169 6221//169 6286//61
f 6221//169 6222//61 6286//61
f 6286//61 6222//61 6287//176
f 6222//61 6223//169 6287//176
f 6287//176 6223//169 6288//176
f 6223//169 6224//169 6288//176
f 6288//176 6224//169 6289//61
f 6224//169 6225//61 6289//61
f 6289//61 6225//61 6290//169
f 6225//61 6226//176 6290//169
f 6290//169 6226//176 6291//169
f 6226//176 6227//176 6291//169
f 6291//169 6227//176 6292//741
f 6227//176 6228//289 6292//741
f 6292//741 6228//289 6293//299
f 6228//289 6229//289 6293//299
f 6293//299 6229//289 6294//256
f 6229//289 6230//255 6294//256
f 6294//256 6230//255 6295//328
f 6230//255 6231//328 6295//328
f 6295//328 6231//328 6296//311
f 6231//328 6232//292 6296//311
f 6296//311 6232//292 6297//328
f 6232//292 6233//328 6297//328
f 6297//328 6233//328 6298//267
f 6233//328 6234//242 6298//267
f 6298//267 6234//242 6299//268
f 6234//242 6235//282 6299//268
f 6299//268 6235//282 6300//293
f 6235//282 6236//291 6300//293
f 6300//293 6236//291 6301//311
f 6236//291 6237//328 6301//311
f 6301//311 6237//328 6302//379
f 6237//328 6238//770 6302//379
f 6302//379 6238//770 6303//775
f 6238//770 6239//771 6303//775
f 6304//210 6240//772 6305//776
f 6240//772 6241//773 6305//776
f 6305//776 6241//773 6306//43
f 6241//773 6242//774 6306//43
f 6306//43 6242//774 6307//17
f 6242//774 6243//174 6307//17
f 6307//17 6243//174 6308//25
f 6243//174 6244//16 6308//25
f 6308//25 6244//16 6309//16
f 6244//16 6245//42 6309//16
f 6309//16 6245//42 6310//16
f 6245//42 6246//103 6310//16
f 6310//16 6246//103 6311//59
f 6246//103 6247//46 6311//59
f 6311//59 6247//46 6312//59
f 6247//46 6248//104 6312//59
f 6312//59 6248//104 6313//61
f 6248//104 6249//61 6313//61
f 6313//61 6249//61 6314//77
f 6249//61 6250//62 6314//77
f 6314//77 6250//62 6315//90
f 6250//62 6251//75 6315//90
f 6315//90 6251//75 6316//62
f 6251//75 6252//91 6316//62
f 6316//62 6252//91 6317//77
f 6252//91 6253//62 6317//77
f 6317//77 6253//62 6318//78
f 6253//62 6254//91 6318//78
f 6318//78 6254//91 6319//61
f 6254//91 6255//61 6319//61
f 6319//61 6255//61 6320//125
f 6255//61 6256//79 6320//125
f 6320//125 6256//79 6321//77
f 6256//79 6257//62 6321//77
f 6321//77 6257//62 6322//91
f 6257//62 6258//61 6322//91
f 6322//91 6258//61 6323//61
f 6258//61 6259//61 6323//61
f 6323//61 6259//61 6324//61
f 6259//61 6260//61 6324//61
f 6324//61 6260//61 6325//79
f 6260//61 6261//62 6325//79
f 6325//79 6261//62 6326//62
f 6261//62 6262//91 6326//62
f 6326//62 6262//91 6327//61
f 6262//91 6263//61 6327//61
f 6327//61 6263//61 6328//61
f 6263//61 6264//61 6328//61
f 6328//61 6264//61 6329//61
f 6264//61 6265//61 6329//61
f 6329//61 6265//61 6330//61
f 6265//61 6266//61 6330//61
f 6330//61 6266//61 6331//61
f 6266//61 6267//61 6331//61
f 6331//61 6267//61 6332//61
f 6267//61 6268//61 6332//61
f 6332//61 6268//61 6333//61
f 6268//61 6269//61 6333//61
f 6333//61 6269//61 6334//61
f 6269//61 6270//61 6334//61
f 6334//61 6270//61 6335//61
f 6270//61 6271//61 6335//61
f 6335//61 6271//61 6336//61
f 6271//61 6272//61 6336//61
f 6336//61 6272//61 6337//61
f 6272//61 6273//61 6337//61
f 6337//61 6273//61 6338//61
f 6273//61 6274//61 6338//61
f 6338//61 6274//61 6339//61
f 6274//61 6275//61 6339//61
f 6339//61 6275//61 6340//61
f 6275//61 6276//198 6340//61
f 6340//61 6276//198 6341//204
f 6276//198 6277//198 6341//204
f 6341//204 6277//198 6342//181
f 6277//198 6278//61 6342//181
f 6342//181 6278//61 6343//61
f 6278//61 6279//61 6343//61
f 6343//61 6279//61 6344//181
f 6279//61 6280//169 6344//181
f 6344//181 6280//169 6345//182
f 6280//169 6281//169 6345//182
f 6345//182 6281//169 6346//61
f 6281//169 6282//61 6346//61
f 6346//61 6282//61 6347//61
f 6282//61 6283//61 6347//61
f 6347//61 6283//61 6348//190
f 6283//61 6284//169 6348//190
f 6348//190 6284//169 6349//182
f 6284//169 6285//169 6349//182
f 6349//182 6285//169 6350//61
f 6285//169 6286//61 6350//61
f 6350//61 6286//61 6351//169
f 6286//61 6287//176 6351//169
f 6351//169 6287//176 6352//169
f 6287//176 6288//176 6352//169
f 6352//169 6288//176 6353//61
f 6288//176 6289//61 6353//61
f 6353//61 6289//61 6354//181
f 6289//61 6290//169 6354//181
f 6354//181 6290//169 6355//182
f 6290//169 6291//169 6355//182
f 6355//182 6291//169 6356//61
f 6291//169 6292//741 6356//61
f 6356//61 6292//741 6357//675
f 6292//741 6293//299 6357//675
f 6357//675 6293//299 6358//675
f 6293//299 6294//256 6358//675
f 6358//675 6294//256 6359//267
f 6294//256 6295//328 6359//267
f 6359//267 6295//328 6360//292
f 6295//328 6296//311 6360//292
f 6360//292 6296//311 6361//329
f 6296//311 6297//328 6361//329
f 6361//329 6297//328 6362//329
f 6297//328 6298//267 6362//329
f 6362//329 6298//267 6363//375
f 6298//267 6299//268 6363//375
f 6363//375 6299//268 6364//365
f 6299//268 6300//293 6364//365
f 6364//365 6300//293 6365//282
f 6300//293 6301//311 6365//282
f 6365//282 6301//311 6366//328
f 6301//311 6302//379 6366//328
f 6366//328 6302//379 6367//730
f 6302//379 6303//775 6367//730
f 6367//730 6303//775 6368//777
f 6369//778 6304//210 6370//779
f 6304//210 6305//776 6370//779
f 6370//779 6305//776 6371//780
f 6305//776 6306//43 6371//780
f 6371//780 6306//43 6372//212
f 6306//43 6307//17 6372//212
f 6372//212 6307//17 6373//42
f 6307//17 6308//25 6373//42
f 6373//42 6308//25 6374//17
f 6308//25 6309//16 6374//17
f 6374//17 6309//16 6375//44
f 6309//16 6310//16 6375//44
f 6375//44 6310//16 6376//781
f 6310//16 6311//59 6376//781
f 6376//781 6311//59 6377//46
f 6311//59 6312//59 6377//46
f 6377//46 6312//59 6378//61
f 6312//59 6313//61 6378//61
f 6378//61 6313//61 6379//79
f 6313//61 6314//77 6379//79
f 6379//79 6314//77 6380//62
f 6314//77 6315//90 6380//62
f 6380//62 6315//90 6381//62
f 6315//90 6316//62 6381//62
f 6381//62 6316//62 6382//62
f 6316//62 6317//77 6382//62
f 6382//62 6317//77 6383//62
f 6317//77 6318//78 6383//62
f 6383//62 6318//78 6384//61
f 6318//78 6319//61 6384//61
f 6384//61 6319//61 6385//79
f 6319//61 6320//125 6385//79
f 6385//79 6320//125 6386//77
f 6320//125 6321//77 6386//77
f 6386//77 6321//77 6387//89
f 6321//77 6322//91 6387//89
f 6387//89 6322//91 6388//61
f 6322//91 6323//61 6388//61
f 6388//61 6323//61 6389//61
f 6323//61 6324//61 6389//61
f 6389//61 6324//61 6390//61
f 6324//61 6325//79 6390//61
f 6390//61 6325//79 6391//62
f 6325//79 6326//62 6391//62
f 6391//62 6326//62 6392//79
f 6326//62 6327//61 6392//79
f 6392//79 6327//61 6393//61
f 6327//61 6328//61 6393//61
f 6393//61 6328//61 6394//61
f 6328//61 6329//61 6394//61
f 6394//61 6329//61 6395//61
f 6329//61 6330//61 6395//61
f 6395//61 6330//61 6396//61
f 6330//61 6331//61 6396//61
f 6396//61 6331//61 6397//61
f 6331//61 6332//61 6397//61
f 6397//61 6332//61 6398//61
f 6332//61 6333//61 6398//61
f 6398//61 6333//61 6399//61
f 6333//61 6334//61 6399//61
f 6399//61 6334//61 6400//61
f 6334//61 6335//61 6400//61
f 6400//61 6335//61 6401//61
f 6335//61 6336//61 6401//61
f 6401//61 6336//61 6402//61
f 6336//61 6337//61 6402//61
f 6402//61 6337//61 6403//61
f 6337//61 6338//61 6403//61
f 6403//61 6338//61 6404//61
f 6338//61 6339//61 6404//61
f 6404//61 6339//61 6405//61
f 6339//61 6340//61 6405//61
f 6405//61 6340//61 6406//176
f 6340//61 6341//204 6406//176
f 6406//176 6341//204 6407//169
f 6341//204 6342//181 6407//169
f 6407//169 6342//181 6408//61
f 6342//181 6343//61 6408//61
f 6408//61 6343//61 6409//61
f 6343//61 6344//181 6409//61
f 6409//61 6344//181 6410//204
f 6344//181 6345//182 6410//204
f 6410//204 6345//182 6411//190
f 6345//182 6346//61 6411//190
f 6411//190 6346//61 6412//61
f 6346//61 6347//61 6412//61
f 6412//61 6347//61 6413//61
f 6347//61 6348//190 6413//61
f 6413//61 6348//190 6414//204
f 6348//190 6349//182 6414//204
f 6414//204 6349//182 6415//190
f 6349//182 6350//61 6415//190
f 6415//190 6350//61 6416//190
f 6350//61 6351//169 6416//190
f 6416//190 6351//169 6417//182
f 6351//169 6352//169 6417//182
f 6417//182 6352//169 6418//61
f 6352//169 6353//61 6418//61
f 6418//61 6353//61 6419//61
f 6353//61 6354//181 6419//61
f 6419//61 6354//181 6420//204
f 6354//181 6355//182 6420//204
f 6420//204 6355//182 6421//190
f 6355//182 6356//61 6421//190
f 6421//190 6356//61 6422//61
f 6356//61 6357//675 6422//61
f 6422//61 6357//675 6423//299
f 6357//675 6358//675 6423//299
f 6423//299 6358//675 6424//782
f 6358//675 6359//267 6424//782
f 6424//782 6359//267 6425//311
f 6359//267 6360//292 6425//311
f 6425//311 6360//292 6426//291
f 6360//292 6361//329 6426//291
f 6426//291 6361//329 6427//290
f 6361//329 6362//329 6427//290
f 6427//290 6362//329 6428//291
f 6362//329 6363//375 6428//291
f 6428//291 6363//375 6429//291
f 6363//375 6364//365 6429//291
f 6429//291 6364//365 6430//427
f 6364//365 6365//282 6430//427
f 6430//427 6365//282 6431//328
f 6365//282 6366//328 6431//328
f 6431//328 6366//328 6432//783
f 6366//328 6367//730 6432//783
f 6432//783 6367//730 6433//737
f 6367//730 6368//777 6433//737
f 6434//784 6369//778 6435//785
f 6369//778 6370//779 6435//785
f 6435//785 6370//779 6436//44
f 6370//779 6371//780 6436//44
f 6436//44 6371//780 6437//180
f 6371//780 6372//212 6437//180
f 6437//180 6372//212 6438//174
f 6372//212 6373//42 6438//174
f 6438//174 6373//42 6439//364
f 6373//42 6374//17 6439//364
f 6439//364 6374//17 6440//103
f 6374//17 6375//44 6440//103
f 6440//103 6375//44 6441//69
f 6375//44 6376//781 6441//69
f 6441//69 6376//781 6442//135
f 6376//781 6377//46 6442//135
f 6442//135 6377//46 6443//104
f 6377//46 6378//61 6443//104
f 6443//104 6378//61 6444//61
f 6378//61 6379//79 6444//61
f 6444//61 6379//79 6445//76
f 6379//79 6380//62 6445//76
f 6445//76 6380//62 6446//75
f 6380//62 6381//62 6446//75
f 6446//75 6381//62 6447//77
f 6381//62 6382//62 6447//77
f 6447//77 6382//62 6448//62
f 6382//62 6383//62 6448//62
f 6448//62 6383//62 6449//91
f 6383//62 6384//61 6449//91
f 6449//91 6384//61 6450//61
f 6384//61 6385//79 6450//61
f 6450//61 6385//79 6451//62
f 6385//79 6386//77 6451//62
f 6451//62 6386//77 6452//91
f 6386//77 6387//89 6452//91
f 6452//91 6387//89 6453//61
f 6387//89 6388//61 6453//61
f 6453//61 6388//61 6454//61
f 6388//61 6389//61 6454//61
f 6454//61 6389//61 6455//61
f 6389//61 6390//61 6455//61
f 6455//61 6390//61 6456//91
f 6390//61 6391//62 6456//91
f 6456//91 6391//62 6457//62
f 6391//62 6392//79 6457//62
f 6457//62 6392//79 6458//61
f 6392//79 6393//61 6458//61
f 6458//61 6393//61 6459//61
f 6393//61 6394//61 6459//61
f 6459//61 6394//61 6460//61
f 6394//61 6395//61 6460//61
f 6460//61 6395//61 6461//61
f 6395//61 6396//61 6461//61
f 6461//61 6396//61 6462//61
f 6396//61 6397//61 6462//61
f 6462//61 6397//61 6463//61
f 6397//61 6398//61 6463//61
f 6463//61 6398//61 6464//61
f 6398//61 6399//61 6464//61
f 6464//61 6399//61 6465//61
f 6399//61 6400//61 6465//61
f 6465//61 6400//61 6466//61
f 6400//61 6401//61 6466//61
f 6466//61 6401//61 6467//61
f 6401//61 6402//61 6467//61
f 6467//61 6402//61 6468//61
f 6402//61 6403//61 6468//61
f 6468//61 6403//61 6469//61
f 6403//61 6404//61 6469//61
f 6469//61 6404//61 6470//61
f 6404//61 6405//61 6470//61
f 6470//61 6405//61 6471//169
f 6405//61 6406//176 6471//169
f 6471//169 6406//176 6472//169
f 6406//176 6407//169 6472//169
f 6472//169 6407//169 6473//61
f 6407//169 6408//61 6473//61
f 6473//61 6408//61 6474//61
f 6408//61 6409//61 6474//61
f 6474//61 6409//61 6475//181
f 6409//61 6410//204 6475//181
f 6475//181 6410//204 6476//182
f 6410//204 6411//190 6476//182
f 6476//182 6411//190 6477//61
f 6411//190 6412//61 6477//61
f 6477//61 6412//61 6478//61
f 6412//61 6413//61 6478//61
f 6478//61 6413//61 6479//169
f 6413//61 6414//204 6479//169
f 6479//169 6414//204 6480//169
f 6414//204 6415//190 6480//169
f 6480//169 6415//190 6481//61
f 6415//190 6416//190 6481//61
f 6481//61 6416//190 6482//198
f 6416//190 6417//182 6482//198
f 6482//198 6417//182 6483//198
f 6417//182 6418//61 6483//198
f 6483//198 6418//61 6484//61
f 6418//61 6419//61 6484//61
f 6484//61 6419//61 6485//169
f 6419//61 6420//204 6485//169
f 6485//169 6420//204 6486//169
f 6420//204 6421//190 6486//169
f 6486//169 6421//190 6487//61
f 6421//190 6422//61 6487//61
f 6487//61 6422//61 6488//289
f 6422//61 6423//299 6488//289
f 6488//289 6423//299 6489//289
f 6423//299 6424//782 6489//289
f 6489//289 6424//782 6490//280
f 6424//782 6425//311 6490//280
f 6490//280 6425//311 6491//281
f 6425//311 6426//291 6491//281
f 6491//281 6426//291 6492//328
f 6426//291 6427//290 6492//328
f 6492//328 6427//290 6493//311
f 6427//290 6428//291 6493//311
f 6493//311 6428//291 6494//302
f 6428//291 6429//291 6494//302
f 6494//302 6429//291 6495//365
f 6429//291 6430//427 6495//365
f 6495//365 6430//427 6496//328
f 6430//427 6431//328 6496//328
f 6496//328 6431//328 6497//786
f 6431//328 6432//783 6497//786
f 6497//786 6432//783 6498//787
f 6432//783 6433//737 6498//787
f 6499//788 6434//784 6500//678
f 6434//784 6435//785 6500//678
f 6500//678 6435//785 6501//103
f 6435//785 6436//44 6501//103
f 6501//103 6436//44 6502//69
f 6436//44 6437//180 6502//69
f 6502//69 6437//180 6503//26
f 6437//180 6438//174 6503//26
f 6503//26 6438//174 6504//15
f 6438//174 6439//364 6504//15
f 6504//15 6439//364 6505//513
f 6439//364 6440//103 6505//513
f 6505//513 6440//103 6506//69
f 6440//103 6441//69 6506//69
f 6506//69 6441//69 6507//789
f 6441//69 6442//135 6507//789
f 6507//789 6442//135 6508//790
f 6442//135 6443//104 6508//790
f 6508//790 6443//104 6509//791
f 6443//104 6444//61 6509//791
f 6509//791 6444//61 6510//61
f 6444//61 6445//76 6510//61
f 6510//61 6445//76 6511//60
f 6445//76 6446//75 6511//60
f 6511//60 6446//75 6512//60
f 6446//75 6447//77 6512//60
f 6512//60 6447//77 6513//79
f 6447//77 6448//62 6513//79
f 6513//79 6448//62 6514//62
f 6448//62 6449//91 6514//62
f 6514//62 6449//91 6515//792
f 6449//91 6450//61 6515//792
f 6515//792 6450//61 6516//91
f 6450//61 6451//62 6516//91
f 6516//91 6451//62 6517//116
f 6451//62 6452//91 6517//116
f 6517//116 6452//91 6518//61
f 6452//91 6453//61 6518//61
f 6518//61 6453//61 6519//61
f 6453//61 6454//61 6519//61
f 6519//61 6454//61 6520//61
f 6454//61 6455//61 6520//61
f 6520//61 6455//61 6521//61
f 6455//61 6456//91 6521//61
f 6521//61 6456//91 6522//62
f 6456//91 6457//62 6522//62
f 6522//62 6457//62 6523//91
f 6457//62 6458//61 6523//91
f 6523//91 6458//61 6524//61
f 6458//61 6459//61 6524//61
f 6524//61 6459//61 6525//61
f 6459//61 6460//61 6525//61
f 6525//61 6460//61 6526//61
f 6460//61 6461//61 6526//61
f 6526//61 6461//61 6527//61
f 6461//61 6462//61 6527//61
f 6527//61 6462//61 6528//61
f 6462//61 6463//61 6528//61
f 6528//61 6463//61 6529//61
f 6463//61 6464//61 6529//61
f 6529//61 6464//61 6530//61
f 6464//61 6465//61 6530//61
f 6530//61 6465//61 6531//61
f 6465//61 6466//61 6531//61
f 6531//61 6466//61 6532//61
f 6466//61 6467//61 6532//61
f 6532//61 6467//61 6533//61
f 6467//61 6468//61 6533//61
f 6533//61 6468//61 6534//61
f 6468//61 6469//61 6534//61
f 6534//61 6469//61 6535//61
f 6469//61 6470//61 6535//61
f 6535//61 6470//61 6536//176
f 6470//61 6471//169 6536//176
f 6536//176 6471//169 6537//169
f 6471//169 6472//169 6537//169
f 6537//169 6472//169 6538//61
f 6472//169 6473//61 6538//61
f 6538//61 6473//61 6539//61
f 6473//61 6474//61 6539//61
f 6539//61 6474//61 6540//61
f 6474//61 6475//181 6540//61
f 6540//61 6475//181 6541//182
f 6475//181 6476//182 6541//182
f 6541//182 6476//182 6542//181
f 6476//182 6477//61 6542//181
f 6542//181 6477//61 6543//792
f 6477//61 6478//61 6543//792
f 6543//792 6478//61 6544//190
f 6478//61 6479//169 6544//190
f 6544//190 6479//169 6545//182
f 6479//169 6480//169 6545//182
f 6545//182 6480//169 6546//61
f 6480//169 6481//61 6546//61
f 6546//61 6481//61 6547//61
f 6481//61 6482//198 6547//61
f 6547//61 6482//198 6548//204
f 6482//198 6483//198 6548//204
f 6548//204 6483//198 6549//190
f 6483//198 6484//61 6549//190
f 6549//190 6484//61 6550//181
f 6484//61 6485//169 6550//181
f 6550//181 6485//169 6551//182
f 6485//169 6486//169 6551//182
f 6551//182 6486//169 6552//61
f 6486//169 6487//61 6552//61
f 6552//61 6487//61 6553//289
f 6487//61 6488//289 6553//289
f 6553//289 6488//289 6554//289
f 6488//289 6489//289 6554//289
f 6554//289 6489//289 6555//254
f 6489//289 6490//280 6555//254
f 6555//254 6490//280 6556//328
f 6490//280 6491//281 6556//328
f 6556//328 6491//281 6557//530
f 6491//281 6492//328 6557//530
f 6557//530 6492//328 6558//292
f 6492//328 6493//311 6558//292
f 6558//292 6493//311 6559//281
f 6493//311 6494//302 6559//281
f 6559//281 6494//302 6560//311
f 6494//302 6495//365 6560//311
f 6560//311 6495//365 6561//291
f 6495//365 6496//328 6561//291
f 6561//291 6496//328 6562//793
f 6496//328 6497//786 6562//793
f 6562//793 6497//786 6563//794
f 6497//786 6498//787 6563//794
f 6564//639 6499//788 6565//795
f 6499//788 6500//678 6565//795
f 6565//795 6500//678 6566//274
f 6500//678 6501//103 6566//274
f 6566//274 6501//103 6567//212
f 6501//103 6502//69 6567//212
f 6567//212 6502//69 6568//42
f 6502//69 6503//26 6568//42
f 6568//42 6503//26 6569//25
f 6503//26 6504//15 6569//25
f 6569//25 6504//15 6570//16
f 6504//15 6505//513 6570//16
f 6570//16 6505//513 6571//174
f 6505//513 6506//69 6571//174
f 6571//174 6506//69 6572//342
f 6506//69 6507//789 6572//342
f 6572//342 6507//789 6573//61
f 6507//789 6508//790 6574//595
f 6507//789 6574//595 6573//61
f 6508//790 6509//791 6574//595
f 6574//595 6509//791 6575//796
f 6509//791 6510//61 6576//606
f 6509//791 6576//606 6575//796
f 6510//61 6511//60 6576//606
f 6576//606 6511//60 6577//75
f 6511//60 6512//60 6577//75
f 6577//75 6512//60 6578//76
f 6512//60 6513//79 6578//76
f 6578//76 6513//79 6579//76
f 6513//79 6514//62 6579//76
f 6579//76 6514//62 6580//76
f 6514//62 6515//792 6580//76
f 6580//76 6515//792 6581//792
f 6515//792 6516//91 6581//792
f 6581//792 6516//91 6582//62
f 6516//91 6517//116 6582//62
f 6582//62 6517//116 6583//91
f 6517//116 6518//61 6583//91
f 6583//91 6518//61 6584//61
f 6518//61 6519//61 6584//61
f 6584//61 6519//61 6585//61
f 6519//61 6520//61 6585//61
f 6585//61 6520//61 6586//61
f 6520//61 6521//61 6586//61
f 6586//61 6521//61 6587//79
f 6521//61 6522//62 6587//79
f 6587//79 6522//62 6588//62
f 6522//62 6523//91 6588//62
f 6588//62 6523//91 6589//61
f 6523//91 6524//61 6589//61
f 6589//61 6524//61 6590//61
f 6524//61 6525//61 6590//61
f 6590//61 6525//61 6591//61
f 6525//61 6526//61 6591//61
f 6591//61 6526//61 6592//61
f 6526//61 6527//61 6592//61
f 6592//61 6527//61 6593//61
f 6527//61 6528//61 6593//61
f 6593//61 6528//61 6594//61
f 6528//61 6529//61 6594//61
f 6594//61 6529//61 6595//61
f 6529//61 6530//61 6595//61
f 6595//61 6530//61 6596//61
f 6530//61 6531//61 6596//61
f 6596//61 6531//61 6597//61
f 6531//61 6532//61 6597//61
f 6597//61 6532//61 6598//61
f 6532//61 6533//61 6598//61
f 6598//61 6533//61 6599//61
f 6533//61 6534//61 6599//61
f 6599//61 6534//61 6600//61
f 6534//61 6535//61 6600//61
f 6600//61 6535//61 6601//181
f 6535//61 6536//176 6601//181
f 6601//181 6536//176 6602//182
f 6536//176 6537//169 6602//182
f 6602//182 6537//169 6603//61
f 6537//169 6538//61 6603//61
f 6603//61 6538//61 6604//61
f 6538//61 6539//61 6604//61
f 6604//61 6539//61 6605//61
f 6539//61 6540//61 6605//61
f 6605//61 6540//61 6606//176
f 6540//61 6541//182 6606//176
f 6606//176 6541//182 6607//169
f 6541//182 6542//181 6607//169
f 6607//169 6542//181 6608//792
f 6542//181 6543//792 6608//792
f 6608//792 6543//792 6609//792
f 6543//792 6544//190 6609//792
f 6609//792 6544//190 6610//204
f 6544//190 6545//182 6610//204
f 6610//204 6545//182 6611//190
f 6545//182 6546//61 6611//190
f 6611//190 6546//61 6612//61
f 6546//61 6547//61 6612//61
f 6612//61 6547//61 6613//181
f 6547//61 6548//204 6613//181
f 6613//181 6548//204 6614//182
f 6548//204 6549//190 6614//182
f 6614//182 6549//190 6615//61
f 6549//190 6550//181 6615//61
f 6615//61 6550//181 6616//204
f 6550//181 6551//182 6616//204
f 6616//204 6551//182 6617//190
f 6551//182 6552//61 6617//190
f 6617//190 6552//61 6618//741
f 6552//61 6553//289 6618//741
f 6618//741 6553//289 6619//299
f 6553//289 6554//289 6619//299
f 6619//299 6554//289 6620//256
f 6554//289 6555//254 6620//256
f 6620//256 6555//254 6621//267
f 6555//254 6556//328 6621//267
f 6621//267 6556//328 6622//280
f 6556//328 6557//530 6622//280
f 6622//280 6557//530 6623//281
f 6557//530 6558//292 6623//281
f 6623//281 6558//292 6624//281
f 6558//292 6559//281 6624//281
f 6624//281 6559//281 6625//292
f 6559//281 6560//311 6625//292
f 6625//292 6560//311 6626//281
f 6560//311 6561//291 6626//281
f 6626//281 6561//291 6627//328
f 6561//291 6562//793 6627//328
f 6627//328 6562//793 6628//797
f 6562//793 6563//794 6628//797
f 6628//797 6563//794 6629//715
f 6564//639 6565//795 6630//798
f 6630//798 6565//795 6631//799
f 6565//795 6566//274 6631//799
f 6631//799 6566//274 6632//44
f 6566//274 6567//212 6632//44
f 6632//44 6567//212 6633//26
f 6567//212 6568//42 6633//26
f 6633//26 6568//42 6634//123
f 6568//42 6569//25 6634//123
f 6634//123 6569//25 6635//17
f 6569//25 6570//16 6635//17
f 6635//17 6570//16 6636//42
f 6570//16 6571//174 6636//42
f 6636//42 6571//174 6637//16
f 6571//174 6572//342 6637//16
f 6637//16 6572//342 6638//695
f 6572//342 6573//61 6638//695
f 6638//695 6573//61 6639//800
f 6573//61 6574//595 6639//800
f 6639//800 6574//595 6640//801
f 6574//595 6575//796 6640//801
f 6640//801 6575//796 6641//802
f 6575//796 6576//606 6641//802
f 6641//802 6576//606 6642//62
f 6576//606 6577//75 6642//62
f 6642//62 6577//75 6643//116
f 6577//75 6578//76 6643//116
f 6643//116 6578//76 6644//79
f 6578//76 6579//76 6644//79
f 6644//79 6579//76 6645//62
f 6579//76 6580//76 6645//62
f 6645//62 6580//76 6646//79
f 6580//76 6581//792 6646//79
f 6646//79 6581//792 6647//79
f 6581//792 6582//62 6647//79
f 6647//79 6582//62 6648//62
f 6582//62 6583//91 6648//62
f 6648//62 6583//91 6649//61
f 6583//91 6584//61 6649//61
f 6649//61 6584//61 6650//61
f 6584//61 6585//61 6650//61
f 6650//61 6585//61 6651//61
f 6585//61 6586//61 6651//61
f 6651//61 6586//61 6652//61
f 6586//61 6587//79 6652//61
f 6652//61 6587//79 6653//62
f 6587//79 6588//62 6653//62
f 6653//62 6588//62 6654//79
f 6588//62 6589//61 6654//79
f 6654//79 6589//61 6655//61
f 6589//61 6590//61 6655//61
f 6655//61 6590//61 6656//61
f 6590//61 6591//61 6656//61
f 6656//61 6591//61 6657//61
f 6591//61 6592//61 6657//61
f 6657//61 6592//61 6658//61
f 6592//61 6593//61 6658//61
f 6658//61 6593//61 6659//61
f 6593//61 6594//61 6659//61
f 6659//61 6594//61 6660//61
f 6594//61 6595//61 6660//61
f 6660//61 6595//61 6661//61
f 6595//61 6596//61 6661//61
f 6661//61 6596//61 6662//61
f 6596//61 6597//61 6662//61
f 6662//61 6597//61 6663//61
f 6597//61 6598//61 6663//61
f 6663//61 6598//61 6664//61
f 6598//61 6599//61 6664//61
f 6664//61 6599//61 6665//61
f 6599//61 6600//61 6665//61
f 6665//61 6600//61 6666//61
f 6600//61 6601//181 6666//61
f 6666//61 6601//181 6667//182
f 6601//181 6602//182 6667//182
f 6667//182 6602//182 6668//181
f 6602//182 6603//61 6668//181
f 6668//181 6603//61 6669//61
f 6603//61 6604//61 6669//61
f 6669//61 6604//61 6670//61
f 6604//61 6605//61 6670//61
f 6670//61 6605//61 6671//181
f 6605//61 6606//176 6671//181
f 6671//181 6606//176 6672//182
f 6606//176 6607//169 6672//182
f 6672//182 6607//169 6673//61
f 6607//169 6608//792 6673//61
f 6673//61 6608//792 6674//61
f 6608//792 6609//792 6674//61
f 6674//61 6609//792 6675//181
f 6609//792 6610//204 6675//181
f 6675//181 6610//204 6676//182
f 6610//204 6611//190 6676//182
f 6676//182 6611//190 6677//61
f 6611//190 6612//61 6677//61
f 6677//61 6612//61 6678//61
f 6612//61 6613//181 6678//61
f 6678//61 6613//181 6679//182
f 6613//181 6614//182 6679//182
f 6679//182 6614//182 6680//181
f 6614//182 6615//61 6680//181
f 6680//181 6615//61 6681//181
f 6615//61 6616//204 6681//181
f 6681//181 6616//204 6682//182
f 6616//204 6617//190 6682//182
f 6682//182 6617//190 6683//61
f 6617//190 6618//741 6683//61
f 6683//61 6618//741 6684//299
f 6618//741 6619//299 6684//299
f 6684//299 6619//299 6685//741
f 6619//299 6620//256 6685//741
f 6685//741 6620//256 6686//267
f 6620//256 6621//267 6686//267
f 6686//267 6621//267 6687//290
f 6621//267 6622//280 6687//290
f 6687//290 6622//280 6688//328
f 6622//280 6623//281 6688//328
f 6688//328 6623//281 6689//406
f 6623//281 6624//281 6689//406
f 6689//406 6624//281 6690//365
f 6624//281 6625//292 6690//365
f 6690//365 6625//292 6691//291
f 6625//292 6626//281 6691//291
f 6691//291 6626//281 6692//328
f 6626//281 6627//328 6692//328
f 6692//328 6627//328 6693//803
f 6627//328 6628//797 6693//803
f 6693//803 6628//797 6694//804
f 6628//797 6629//715 6694//804
f 6630//798 6631//799 6695//805
f 6695//805 6631//799 6696//806
f 6631//799 6632//44 6696//806
f 6696//806 6632//44 6697//43
f 6632//44 6633//26 6697//43
f 6697//43 6633//26 6698//26
f 6633//26 6634//123 6698//26
f 6698//26 6634//123 6699//174
f 6634//123 6635//17 6699//174
f 6699//174 6635//17 6700//157
f 6635//17 6636//42 6700//157
f 6700//157 6636//42 6701//807
f 6636//42 6637//16 6701//807
f 6701//807 6637//16 6702//103
f 6637//16 6638//695 6702//103
f 6702//103 6638//695 6703//45
f 6638//695 6639//800 6703//45
f 6703//45 6639//800 6704//466
f 6639//800 6640//801 6705//801
f 6639//800 6705//801 6704//466
f 6640//801 6641//802 6706//808
f 6640//801 6706//808 6705//801
f 6641//802 6642//62 6706//808
f 6706//808 6642//62 6707//90
f 6642//62 6643//116 6707//90
f 6707//90 6643//116 6708//77
f 6643//116 6644//79 6708//77
f 6708//77 6644//79 6709//91
f 6644//79 6645//62 6709//91
f 6709//91 6645//62 6710//115
f 6645//62 6646//79 6710//115
f 6710//115 6646//79 6711//61
f 6646//79 6647//79 6711//61
f 6711//61 6647//79 6712//76
f 6647//79 6648//62 6712//76
f 6712//76 6648//62 6713//76
f 6648//62 6649//61 6713//76
f 6713//76 6649//61 6714//61
f 6649//61 6650//61 6714//61
f 6714//61 6650//61 6715//61
f 6650//61 6651//61 6715//61
f 6715//61 6651//61 6716//61
f 6651//61 6652//61 6716//61
f 6716//61 6652//61 6717//77
f 6652//61 6653//62 6717//77
f 6717//77 6653//62 6718//77
f 6653//62 6654//79 6718//77
f 6718//77 6654//79 6719//61
f 6654//79 6655//61 6719//61
f 6719//61 6655//61 6720//61
f 6655//61 6656//61 6720//61
f 6720//61 6656//61 6721//61
f 6656//61 6657//61 6721//61
f 6721//61 6657//61 6722//61
f 6657//61 6658//61 6722//61
f 6722//61 6658//61 6723//61
f 6658//61 6659//61 6723//61
f 6723//61 6659//61 6724//61
f 6659//61 6660//61 6724//61
f 6724//61 6660//61 6725//61
f 6660//61 6661//61 6725//61
f 6725//61 6661//61 6726//61
f 6661//61 6662//61 6726//61
f 6726//61 6662//61 6727//61
f 6662//61 6663//61 6727//61
f 6727//61 6663//61 6728//61
f 6663//61 6664//61 6728//61
f 6728//61 6664//61 6729//61
f 6664//61 6665//61 6729//61
f 6729//61 6665//61 6730//61
f 6665//61 6666//61 6730//61
f 6730//61 6666//61 6731//190
f 6666//61 6667//182 6731//190
f 6731//190 6667//182 6732//182
f 6667//182 6668//181 6732//182
f 6732//182 6668//181 6733//61
f 6668//181 6669//61 6733//61
f 6733//61 6669//61 6734//61
f 6669//61 6670//61 6734//61
f 6734//61 6670//61 6735//61
f 6670//61 6671//181 6735//61
f 6735//61 6671//181 6736//198
f 6671//181 6672//182 6736//198
f 6736//198 6672//182 6737//198
f 6672//182 6673//61 6737//198
f 6737//198 6673//61 6738//61
f 6673//61 6674//61 6738//61
f 6738//61 6674//61 6739//61
f 6674//61 6675//181 6739//61
f 6739//61 6675//181 6740//204
f 6675//181 6676//182 6740//204
f 6740//204 6676//182 6741//181
f 6676//182 6677//61 6741//181
f 6741//181 6677//61 6742//61
f 6677//61 6678//61 6742//61
f 6742//61 6678//61 6743//176
f 6678//61 6679//182 6743//176
f 6743//176 6679//182 6744//176
f 6679//182 6680//181 6744//176
f 6744//176 6680//181 6745//61
f 6680//181 6681//181 6745//61
f 6745//61 6681//181 6746//182
f 6681//181 6682//182 6746//182
f 6746//182 6682//182 6747//181
f 6682//182 6683//61 6747//181
f 6747//181 6683//61 6748//289
f 6683//61 6684//299 6748//289
f 6748//289 6684//299 6749//289
f 6684//299 6685//741 6749//289
f 6749//289 6685//741 6750//254
f 6685//741 6686//267 6750//254
f 6750//254 6686//267 6751//290
f 6686//267 6687//290 6751//290
f 6751//290 6687//290 6752//267
f 6687//290 6688//328 6752//267
f 6752//267 6688//328 6753//280
f 6688//328 6689//406 6753//280
f 6753//280 6689//406 6754//293
f 6689//406 6690//365 6754//293
f 6754//293 6690//365 6755//303
f 6690//365 6691//291 6755//303
f 6755//303 6691//291 6756//311
f 6691//291 6692//328 6756//311
f 6756//311 6692//328 6757//254
f 6692//328 6693//803 6757//254
f 6757//254 6693//803 6758//367
f 6693//803 6694//804 6758//367
f 6758//367 6694//804 6759//355
f 6695//805 6696//806 6760//809
f 6760//809 6696//806 6761//810
f 6696//806 6697//43 6761//810
f 6761//810 6697//43 6762//103
f 6697//43 6698//26 6762//103
f 6762//103 6698//26 6763//513
f 6698//26 6699//174 6763//513
f 6763//513 6699//174 6764//274
f 6699//174 6700//157 6764//274
f 6764//274 6700//157 6765//174
f 6700//157 6701//807 6765//174
f 6765//174 6701//807 6766//103
f 6701//807 6702//103 6766//103
f 6766//103 6702//103 6767//811
f 6702//103 6703//45 6767//811
f 6767//811 6703//45 6768//58
f 6703//45 6704//466 6768//58
f 6768//58 6704//466 6769//58
f 6704//466 6705//801 6769//58
f 6769//58 6705//801 6770//352
f 6705//801 6706//808 6770//352
f 6770//352 6706//808 6771//75
f 6706//808 6707//90 6771//75
f 6771//75 6707//90 6772//62
f 6707//90 6708//77 6772//62
f 6772//62 6708//77 6773//61
f 6708//77 6709//91 6773//61
f 6773//61 6709//91 6774//62
f 6709//91 6710//115 6774//62
f 6774//62 6710//115 6775//91
f 6710//115 6711//61 6775//91
f 6775//91 6711//61 6776//61
f 6711//61 6712//76 6776//61
f 6776//61 6712//76 6777//62
f 6712//76 6713//76 6777//62
f 6777//62 6713//76 6778//91
f 6713//76 6714//61 6778//91
f 6778//91 6714//61 6779//61
f 6714//61 6715//61 6779//61
f 6779//61 6715//61 6780//61
f 6715//61 6716//61 6780//61
f 6780//61 6716//61 6781//79
f 6716//61 6717//77 6781//79
f 6781//79 6717//77 6782//62
f 6717//77 6718//77 6782//62
f 6782//62 6718//77 6783//61
f 6718//77 6719//61 6783//61
f 6783//61 6719//61 6784//61
f 6719//61 6720//61 6784//61
f 6784//61 6720//61 6785//61
f 6720//61 6721//61 6785//61
f 6785//61 6721//61 6786//61
f 6721//61 6722//61 6786//61
f 6786//61 6722//61 6787//61
f 6722//61 6723//61 6787//61
f 6787//61 6723//61 6788//61
f 6723//61 6724//61 6788//61
f 6788//61 6724//61 6789//61
f 6724//61 6725//61 6789//61
f 6789//61 6725//61 6790//61
f 6725//61 6726//61 6790//61
f 6790//61 6726//61 6791//61
f 6726//61 6727//61 6791//61
f 6791//61 6727//61 6792//61
f 6727//61 6728//61 6792//61
f 6792//61 6728//61 6793//61
f 6728//61 6729//61 6793//61
f 6793//61 6729//61 6794//61
f 6729//61 6730//61 6794//61
f 6794//61 6730//61 6795//61
f 6730//61 6731//190 6795//61
f 6795//61 6731//190 6796//204
f 6731//190 6732//182 6796//204
f 6796//204 6732//182 6797//190
f 6732//182 6733//61 6797//190
f 6797//190 6733//61 6798//61
f 6733//61 6734//61 6798//61
f 6798//61 6734//61 6799//61
f 6734//61 6735//61 6799//61
f 6799//61 6735//61 6800//61
f 6735//61 6736//198 6800//61
f 6800//61 6736//198 6801//182
f 6736//198 6737//198 6801//182
f 6801//182 6737//198 6802//181
f 6737//198 6738//61 6802//181
f 6802//181 6738//61 6803//61
f 6738//61 6739//61 6803//61
f 6803//61 6739//61 6804//190
f 6739//61 6740//204 6804//190
f 6804//190 6740//204 6805//182
f 6740//204 6741//181 6805//182
f 6805//182 6741//181 6806//61
f 6741//181 6742//61 6806//61
f 6806//61 6742//61 6807//181
f 6742//61 6743//176 6807//181
f 6807//181 6743//176 6808//182
f 6743//176 6744//176 6808//182
f 6808//182 6744//176 6809//61
f 6744//176 6745//61 6809//61
f 6809//61 6745//61 6810//190
f 6745//61 6746//182 6810//190
f 6810//190 6746//182 6811//182
f 6746//182 6747//181 6811//182
f 6811//182 6747//181 6812//741
f 6747//181 6748//289 6812//741
f 6812//741 6748//289 6813//299
f 6748//289 6749//289 6813//299
f 6813//299 6749//289 6814//254
f 6749//289 6750//254 6814//254
f 6814//254 6750//254 6815//254
f 6750//254 6751//290 6815//254
f 6815//254 6751//290 6816//267
f 6751//290 6752//267 6816//267
f 6816//267 6752//267 6817//267
f 6752//267 6753//280 6817//267
f 6817//267 6753//280 6818//281
f 6753//280 6754//293 6818//281
f 6818//281 6754//293 6819//303
f 6754//293 6755//303 6819//303
f 6819//303 6755//303 6820//293
f 6755//303 6756//311 6820//293
f 6820//293 6756//311 6821//329
f 6756//311 6757//254 6821//329
f 6821//329 6757//254 6822//723
f 6757//254 6758//367 6822//723
f 6822//723 6758//367 6823//812
f 6758//367 6759//355 6823//812
f 6760//809 6761//810 6824//813
f 6824//813 6761//810 6825//814
f 6761//810 6762//103 6825//814
f 6825//814 6762//103 6826//103
f 6762//103 6763//513 6826//103
f 6826//103 6763//513 6827//25
f 6763//513 6764//274 6827//25
f 6827//25 6764//274 6828//174
f 6764//274 6765//174 6828//174
f 6828//174 6765//174 6829//180
f 6765//174 6766//103 6829//180
f 6829//180 6766//103 6830//124
f 6766//103 6767//811 6830//124
f 6830//124 6767//811 6831//58
f 6767//811 6768//58 6831//58
f 6831//58 6768//58 6832//73
f 6768//58 6769//58 6832//73
f 6832//73 6769//58 6833//517
f 6769//58 6770//352 6833//517
f 6833//517 6770//352 6834//78
f 6770//352 6771//75 6834//78
f 6834//78 6771//75 6835//75
f 6771//75 6772//62 6835//75
f 6835//75 6772//62 6836//91
f 6772//62 6773//61 6836//91
f 6836//91 6773//61 6837//77
f 6773//61 6774//62 6837//77
f 6837//77 6774//62 6838//78
f 6774//62 6775//91 6838//78
f 6838//78 6775//91 6839//61
f 6775//91 6776//61 6839//61
f 6839//61 6776//61 6840//77
f 6776//61 6777//62 6840//77
f 6840//77 6777//62 6841//77
f 6777//62 6778//91 6841//77
f 6841//77 6778//91 6842//61
f 6778//91 6779//61 6842//61
f 6842//61 6779//61 6843//61
f 6779//61 6780//61 6843//61
f 6843//61 6780//61 6844//61
f 6780//61 6781//79 6844//61
f 6844//61 6781//79 6845//62
f 6781//79 6782//62 6845//62
f 6845//62 6782//62 6846//91
f 6782//62 6783//61 6846//91
f 6846//91 6783//61 6847//61
f 6783//61 6784//61 6847//61
f 6847//61 6784//61 6848//61
f 6784//61 6785//61 6848//61
f 6848//61 6785//61 6849//61
f 6785//61 6786//61 6849//61
f 6849//61 6786//61 6850//61
f 6786//61 6787//61 6850//61
f 6850//61 6787//61 6851//61
f 6787//61 6788//61 6851//61
f 6851//61 6788//61 6852//61
f 6788//61 6789//61 6852//61
f 6852//61 6789//61 6853//61
f 6789//61 6790//61 6853//61
f 6853//61 6790//61 6854//61
f 6790//61 6791//61 6854//61
f 6854//61 6791//61 6855//61
f 6791//61 6792//61 6855//61
f 6855//61 6792//61 6856//61
f 6792//61 6793//61 6856//61
f 6856//61 6793//61 6857//61
f 6793//61 6794//61 6857//61
f 6857//61 6794//61 6858//61
f 6794//61 6795//61 6858//61
f 6858//61 6795//61 6859//181
f 6795//61 6796//204 6859//181
f 6859//181 6796//204 6860//182
f 6796//204 6797//190 6860//182
f 6860//182 6797//190 6861//61
f 6797//190 6798//61 6861//61
f 6861//61 6798//61 6862//61
f 6798//61 6799//61 6862//61
f 6862//61 6799//61 6863//61
f 6799//61 6800//61 6863//61
f 6863//61 6800//61 6864//176
f 6800//61 6801//182 6864//176
f 6864//176 6801//182 6865//176
f 6801//182 6802//181 6865//176
f 6865//176 6802//181 6866//61
f 6802//181 6803//61 6866//61
f 6866//61 6803//61 6867//61
f 6803//61 6804//190 6867//61
f 6867//61 6804//190 6868//204
f 6804//190 6805//182 6868//204
f 6868//204 6805//182 6869//190
f 6805//182 6806//61 6869//190
f 6869//190 6806//61 6870//61
f 6806//61 6807//181 6870//61
f 6870//61 6807//181 6871//182
f 6807//181 6808//182 6871//182
f 6871//182 6808//182 6872//181
f 6808//182 6809//61 6872//181
f 6872//181 6809//61 6873//61
f 6809//61 6810//190 6873//61
f 6873//61 6810//190 6874//204
f 6810//190 6811//182 6874//204
f 6874//204 6811//182 6875//190
f 6811//182 6812//741 6875//190
f 6875//190 6812//741 6876//299
f 6812//741 6813//299 6876//299
f 6876//299 6813//299 6877//782
f 6813//299 6814//254 6877//782
f 6877//782 6814//254 6878//267
f 6814//254 6815//254 6878//267
f 6878//267 6815//254 6879//256
f 6815//254 6816//267 6879//256
f 6879//256 6816//267 6880//267
f 6816//267 6817//267 6880//267
f 6880//267 6817//267 6881//280
f 6817//267 6818//281 6881//280
f 6881//280 6818//281 6882//365
f 6818//281 6819//303 6882//365
f 6882//365 6819//303 6883//365
f 6819//303 6820//293 6883//365
f 6883//365 6820//293 6884//282
f 6820//293 6821//329 6884//282
f 6884//282 6821//329 6885//254
f 6821//329 6822//723 6885//254
f 6885//254 6822//723 6886//815
f 6822//723 6823//812 6886//815
f 6886//815 6823//812 6887//816
f 6888//817 6824//813 6889//529
f 6824//813 6825//814 6889//529
f 6889//529 6825//814 6890//44
f 6825//814 6826//103 6890//44
f 6890//44 6826//103 6891//157
f 6826//103 6827//25 6891//157
f 6891//157 6827//25 6892//43
f 6827//25 6828//174 6892//43
f 6892//43 6828//174 6893//44
f 6828//174 6829//180 6893//44
f 6893//44 6829//180 6894//818
f 6829//180 6830//124 6894//818
f 6894//818 6830//124 6895//135
f 6830//124 6831//58 6895//135
f 6895//135 6831//58 6896//79
f 6831//58 6832//73 6896//79
f 6896//79 6832//73 6897//78
f 6832//73 6833//517 6897//78
f 6897//78 6833//517 6898//517
f 6833//517 6834//78 6898//517
f 6898//517 6834//78 6899//287
f 6834//78 6835//75 6899//287
f 6899//287 6835//75 6900//77
f 6835//75 6836//91 6900//77
f 6900//77 6836//91 6901//91
f 6836//91 6837//77 6901//91
f 6901//91 6837//77 6902//115
f 6837//77 6838//78 6902//115
f 6902//115 6838//78 6903//61
f 6838//78 6839//61 6903//61
f 6903//61 6839//61 6904//79
f 6839//61 6840//77 6904//79
f 6904//79 6840//77 6905//62
f 6840//77 6841//77 6905//62
f 6905//62 6841//77 6906//61
f 6841//77 6842//61 6906//61
f 6906//61 6842//61 6907//61
f 6842//61 6843//61 6907//61
f 6907//61 6843//61 6908//61
f 6843//61 6844//61 6908//61
f 6908//61 6844//61 6909//77
f 6844//61 6845//62 6909//77
f 6909//77 6845//62 6910//77
f 6845//62 6846//91 6910//77
f 6910//77 6846//91 6911//61
f 6846//91 6847//61 6911//61
f 6911//61 6847//61 6912//61
f 6847//61 6848//61 6912//61
f 6912//61 6848//61 6913//61
f 6848//61 6849//61 6913//61
f 6913//61 6849//61 6914//61
f 6849//61 6850//61 6914//61
f 6914//61 6850//61 6915//61
f 6850//61 6851//61 6915//61
f 6915//61 6851//61 6916//61
f 6851//61 6852//61 6916//61
f 6916//61 6852//61 6917//61
f 6852//61 6853//61 6917//61
f 6917//61 6853//61 6918//61
f 6853//61 6854//61 6918//61
f 6918//61 6854//61 6919//61
f 6854//61 6855//61 6919//61
f 6919//61 6855//61 6920//61
f 6855//61 6856//61 6920//61
f 6920//61 6856//61 6921//61
f 6856//61 6857//61 6921//61
f 6921//61 6857//61 6922//61
f 6857//61 6858//61 6922//61
f 6922//61 6858//61 6923//61
f 6858//61 6859//181 6923//61
f 6923//61 6859//181 6924//198
f 6859//181 6860//182 6924//198
f 6924//198 6860//182 6925//198
f 6860//182 6861//61 6925//198
f 6925//198 6861//61 6926//61
f 6861//61 6862//61 6926//61
f 6926//61 6862//61 6927//61
f 6862//61 6863//61 6927//61
f 6927//61 6863//61 6928//181
f 6863//61 6864//176 6928//181
f 6928//181 6864//176 6929//182
f 6864//176 6865//176 6929//182
f 6929//182 6865//176 6930//61
f 6865//176 6866//61 6930//61
f 6930//61 6866//61 6931//61
f 6866//61 6867//61 6931//61
f 6931//61 6867//61 6932//181
f 6867//61 6868//204 6932//181
f 6932//181 6868//204 6933//182
f 6868//204 6869//190 6933//182
f 6933//182 6869//190 6934//61
f 6869//190 6870//61 6934//61
f 6934//61 6870//61 6935//181
f 6870//61 6871//182 6935//181
f 6935//181 6871//182 6936//182
f 6871//182 6872//181 6936//182
f 6936//182 6872//181 6937//61
f 6872//181 6873//61 6937//61
f 6937//61 6873//61 6938//181
f 6873//61 6874//204 6938//181
f 6938//181 6874//204 6939//182
f 6874//204 6875//190 6939//182
f 6939//182 6875//190 6940//289
f 6875//190 6876//299 6940//289
f 6940//289 6876//299 6941//289
f 6876//299 6877//782 6941//289
f 6941//289 6877//782 6942//255
f 6877//782 6878//267 6942//255
f 6942//255 6878//267 6943//256
f 6878//267 6879//256 6943//256
f 6943//256 6879//256 6944//255
f 6879//256 6880//267 6944//255
f 6944//255 6880//267 6945//290
f 6880//267 6881//280 6945//290
f 6945//290 6881//280 6946//365
f 6881//280 6882//365 6946//365
f 6946//365 6882//365 6947//365
f 6882//365 6883//365 6947//365
f 6947//365 6883//365 6948//365
f 6883//365 6884//282 6948//365
f 6948//365 6884//282 6949//281
f 6884//282 6885//254 6949//281
f 6949//281 6885//254 6950//819
f 6885//254 6886//815 6950//819
f 6950//819 6886//815 6951//820
f 6886//815 6887//816 6951//820
f 6952//547 6888//817 6953//496
f 6888//817 6889//529 6953//496
f 6953//496 6889//529 6954//26
f 6889//529 6890//44 6954//26
f 6954//26 6890//44 6955//27
f 6890//44 6891//157 6955//27
f 6955//27 6891//157 6956//42
f 6891//157 6892//43 6956//42
f 6956//42 6892//43 6957//17
f 6892//43 6893//44 6957//17
f 6957//17 6893//44 6958//69
f 6893//44 6894//818 6958//69
f 6958//69 6894//818 6959//821
f 6894//818 6895//135 6959//821
f 6959//821 6895//135 6960//516
f 6895//135 6896//79 6960//516
f 6960//516 6896//79 6961//78
f 6896//79 6897//78 6961//78
f 6961//78 6897//78 6962//91
f 6897//78 6898//517 6962//91
f 6962//91 6898//517 6963//78
f 6898//517 6899//287 6963//78
f 6963//78 6899//287 6964//78
f 6899//287 6900//77 6964//78
f 6964//78 6900//77 6965//61
f 6900//77 6901//91 6965//61
f 6965//61 6901//91 6966//62
f 6901//91 6902//115 6966//62
f 6966//62 6902//115 6967//91
f 6902//115 6903//61 6967//91
f 6967//91 6903//61 6968//61
f 6903//61 6904//79 6968//61
f 6968//61 6904//79 6969//62
f 6904//79 6905//62 6969//62
f 6969//62 6905//62 6970//91
f 6905//62 6906//61 6970//91
f 6970//91 6906//61 6971//61
f 6906//61 6907//61 6971//61
f 6971//61 6907//61 6972//61
f 6907//61 6908//61 6972//61
f 6972//61 6908//61 6973//79
f 6908//61 6909//77 6973//79
f 6973//79 6909//77 6974//62
f 6909//77 6910//77 6974//62
f 6974//62 6910//77 6975//61
f 6910//77 6911//61 6975//61
f 6975//61 6911//61 6976//61
f 6911//61 6912//61 6976//61
f 6976//61 6912//61 6977//61
f 6912//61 6913//61 6977//61
f 6977//61 6913//61 6978//61
f 6913//61 6914//61 6978//61
f 6978//61 6914//61 6979//61
f 6914//61 6915//61 6979//61
f 6979//61 6915//61 6980//61
f 6915//61 6916//61 6980//61
f 6980//61 6916//61 6981//61
f 6916//61 6917//61 6981//61
f 6981//61 6917//61 6982//61
f 6917//61 6918//61 6982//61
f 6982//61 6918//61 6983//61
f 6918//61 6919//61 6983//61
f 6983//61 6919//61 6984//61
f 6919//61 6920//61 6984//61
f 6984//61 6920//61 6985//61
f 6920//61 6921//61 6985//61
f 6985//61 6921//61 6986//61
f 6921//61 6922//61 6986//61
f 6986//61 6922//61 6987//61
f 6922//61 6923//61 6987//61
f 6987//61 6923//61 6988//61
f 6923//61 6924//198 6988//61
f 6988//61 6924//198 6989//204
f 6924//198 6925//198 6989//204
f 6989//204 6925//198 6990//181
f 6925//198 6926//61 6990//181
f 6990//181 6926//61 6991//61
f 6926//61 6927//61 6991//61
f 6991//61 6927//61 6992//61
f 6927//61 6928//181 6992//61
f 6992//61 6928//181 6993//198
f 6928//181 6929//182 6993//198
f 6993//198 6929//182 6994//198
f 6929//182 6930//61 6994//198
f 6994//198 6930//61 6995//61
f 6930//61 6931//61 6995//61
f 6995//61 6931//61 6996//61
f 6931//61 6932//181 6996//61
f 6996//61 6932//181 6997//204
f 6932//181 6933//182 6997//204
f 6997//204 6933//182 6998//181
f 6933//182 6934//61 6998//181
f 6998//181 6934//61 6999//61
f 6934//61 6935//181 6999//61
f 6999//61 6935//181 7000//204
f 6935//181 6936//182 7000//204
f 7000//204 6936//182 7001//190
f 6936//182 6937//61 7001//190
f 7001//190 6937//61 7002//61
f 6937//61 6938//181 7002//61
f 7002//61 6938//181 7003//182
f 6938//181 6939//182 7003//182
f 7003//182 6939//182 7004//309
f 6939//182 6940//289 7004//309
f 7004//309 6940//289 7005//289
f 6940//289 6941//289 7005//289
f 7005//289 6941//289 7006//256
f 6941//289 6942//255 7006//256
f 7006//256 6942//255 7007//267
f 6942//255 6943//256 7007//267
f 7007//267 6943//256 7008//254
f 6943//256 6944//255 7008//254
f 7008//254 6944//255 7009//290
f 6944//255 6945//290 7009//290
f 7009//290 6945//290 7010//311
f 6945//290 6946//365 7010//311
f 7010//311 6946//365 7011//365
f 6946//365 6947//365 7011//365
f 7011//365 6947//365 7012//281
f 6947//365 6948//365 7012//281
f 7012//281 6948//365 7013//281
f 6948//365 6949//281 7013//281
f 7013//281 6949//281 7014//803
f 6949//281 6950//819 7014//803
f 7014//803 6950//819 7015//822
f 6950//819 6951//820 7015//822
f 7016//823 6952//547 7017//824
f 6952//547 6953//496 7017//824
f 7017//824 6953//496 7018//156
f 6953//496 6954//26 7018//156
f 7018//156 6954//26 7019//44
f 6954//26 6955//27 7019//44
f 7019//44 6955//27 7020//174
f 6955//27 6956//42 7020//174
f 7020//174 6956//42 7021//27
f 6956//42 6957//17 7021//27
f 7021//27 6957//17 7022//17
f 6957//17 6958//69 7022//17
f 7022//17 6958//69 7023//17
f 6958//69 6959//821 7023//17
f 7023//17 6959//821 7024//825
f 6959//821 6960//516 7024//825
f 7024//825 6960//516 7025//826
f 6960//516 6961//78 7025//826
f 7025//826 6961//78 7026//137
f 6961//78 6962//91 7026//137
f 7026//137 6962//91 7027//91
f 6962//91 6963//78 7027//91
f 7027//91 6963//78 7028//116
f 6963//78 6964//78 7028//116
f 7028//116 6964//78 7029//61
f 6964//78 6965//61 7029//61
f 7029//61 6965//61 7030//79
f 6965//61 6966//62 7030//79
f 7030//79 6966//62 7031//62
f 6966//62 6967//91 7031//62
f 7031//62 6967//91 7032//61
f 6967//91 6968//61 7032//61
f 7032//61 6968//61 7033//91
f 6968//61 6969//62 7033//91
f 7033//91 6969//62 7034//116
f 6969//62 6970//91 7034//116
f 7034//116 6970//91 7035//61
f 6970//91 6971//61 7035//61
f 7035//61 6971//61 7036//61
f 6971//61 6972//61 7036//61
f 7036//61 6972//61 7037//61
f 6972//61 6973//79 7037//61
f 7037//61 6973//79 7038//62
f 6973//79 6974//62 7038//62
f 7038//62 6974//62 7039//79
f 6974//62 6975//61 7039//79
f 7039//79 6975//61 7040//61
f 6975//61 6976//61 7040//61
f 7040//61 6976//61 7041//61
f 6976//61 6977//61 7041//61
f 7041//61 6977//61 7042//61
f 6977//61 6978//61 7042//61
f 7042//61 6978//61 7043//61
f 6978//61 6979//61 7043//61
f 7043//61 6979//61 7044//61
f 6979//61 6980//61 7044//61
f 7044//61 6980//61 7045//61
f 6980//61 6981//61 7045//61
f 7045//61 6981//61 7046//61
f 6981//61 6982//61 7046//61
f 7046//61 6982//61 7047//61
f 6982//61 6983//61 7047//61
f 7047//61 6983//61 7048//61
f 6983//61 6984//61 7048//61
f 7048//61 6984//61 7049//61
f 6984//61 6985//61 7049//61
f 7049//61 6985//61 7050//61
f 6985//61 6986//61 7050//61
f 7050//61 6986//61 7051//61
f 6986//61 6987//61 7051//61
f 7051//61 6987//61 7052//61
f 6987//61 6988//61 7052//61
f 7052//61 6988//61 7053//190
f 6988//61 6989//204 7053//190
f 7053//190 6989//204 7054//182
f 6989//204 6990//181 7054//182
f 7054//182 6990//181 7055//61
f 6990//181 6991//61 7055//61
f 7055//61 6991//61 7056//61
f 6991//61 6992//61 7056//61
f 7056//61 6992//61 7057//61
f 6992//61 6993//198 7057//61
f 7057//61 6993//198 7058//182
f 6993//198 6994//198 7058//182
f 7058//182 6994//198 7059//181
f 6994//198 6995//61 7059//181
f 7059//181 6995//61 7060//61
f 6995//61 6996//61 7060//61
f 7060//61 6996//61 7061//176
f 6996//61 6997//204 7061//176
f 7061//176 6997//204 7062//169
f 6997//204 6998//181 7062//169
f 7062//169 6998//181 7063//61
f 6998//181 6999//61 7063//61
f 7063//61 6999//61 7064//181
f 6999//61 7000//204 7064//181
f 7064//181 7000//204 7065//182
f 7000//204 7001//190 7065//182
f 7065//182 7001//190 7066//61
f 7001//190 7002//61 7066//61
f 7066//61 7002//61 7067//176
f 7002//61 7003//182 7067//176
f 7067//176 7003//182 7068//288
f 7003//182 7004//309 7068//288
f 7068//288 7004//309 7069//299
f 7004//309 7005//289 7069//299
f 7069//299 7005//289 7070//61
f 7005//289 7006//256 7070//61
f 7070//61 7006//256 7071//267
f 7006//256 7007//267 7071//267
f 7071//267 7007//267 7072//290
f 7007//267 7008//254 7072//290
f 7072//290 7008//254 7073//254
f 7008//254 7009//290 7073//254
f 7073//254 7009//290 7074//280
f 7009//290 7010//311 7074//280
f 7074//280 7010//311 7075//365
f 7010//311 7011//365 7075//365
f 7075//365 7011//365 7076//291
f 7011//365 7012//281 7076//291
f 7076//291 7012//281 7077//292
f 7012//281 7013//281 7077//292
f 7077//292 7013//281 7078//291
f 7013//281 7014//803 7078//291
f 7078//291 7014//803 7079//815
f 7014//803 7015//822 7079//815
f 7079//815 7015//822 7080//827
f 7081//639 7016//823 7082//828
f 7016//823 7017//824 7082//828
f 7082//828 7017//824 7083//829
f 7017//824 7018//156 7083//829
f 7083//829 7018//156 7084//25
f 7018//156 7019//44 7084//25
f 7084//25 7019//44 7085//69
f 7019//44 7020//174 7085//69
f 7085//69 7020//174 7086//15
f 7020//174 7021//27 7086//15
f 7086//15 7021//27 7087//174
f 7021//27 7022//17 7087//174
f 7087//174 7022//17 7088//69
f 7022//17 7023//17 7088//69
f 7088//69 7023//17 7089//811
f 7023//17 7024//825 7089//811
f 7089//811 7024//825 7090//830
f 7024//825 7025//826 7091//831
f 7024//825 7091//831 7090//830
f 7025//826 7026//137 7092//832
f 7025//826 7092//832 7091//831
f 7026//137 7027//91 7092//832
f 7092//832 7027//91 7093//76
f 7027//91 7028//116 7093//76
f 7093//76 7028//116 7094//76
f 7028//116 7029//61 7094//76
f 7094//76 7029//61 7095//125
f 7029//61 7030//79 7095//125
f 7095//125 7030//79 7096//77
f 7030//79 7031//62 7096//77
f 7096//77 7031//62 7097//91
f 7031//62 7032//61 7097//91
f 7097//91 7032//61 7098//61
f 7032//61 7033//91 7098//61
f 7098//61 7033//91 7099//76
f 7033//91 7034//116 7099//76
f 7099//76 7034//116 7100//76
f 7034//116 7035//61 7100//76
f 7100//76 7035//61 7101//61
f 7035//61 7036//61 7101//61
f 7101//61 7036//61 7102//61
f 7036//61 7037//61 7102//61
f 7102//61 7037//61 7103//91
f 7037//61 7038//62 7103//91
f 7103//91 7038//62 7104//62
f 7038//62 7039//79 7104//62
f 7104//62 7039//79 7105//61
f 7039//79 7040//61 7105//61
f 7105//61 7040//61 7106//61
f 7040//61 7041//61 7106//61
f 7106//61 7041//61 7107//61
f 7041//61 7042//61 7107//61
f 7107//61 7042//61 7108//61
f 7042//61 7043//61 7108//61
f 7108//61 7043//61 7109//61
f 7043//61 7044//61 7109//61
f 7109//61 7044//61 7110//61
f 7044//61 7045//61 7110//61
f 7110//61 7045//61 7111//61
f 7045//61 7046//61 7111//61
f 7111//61 7046//61 7112//61
f 7046//61 7047//61 7112//61
f 7112//61 7047//61 7113//61
f 7047//61 7048//61 7113//61
f 7113//61 7048//61 7114//61
f 7048//61 7049//61 7114//61
f 7114//61 7049//61 7115//61
f 7049//61 7050//61 7115//61
f 7115//61 7050//61 7116//61
f 7050//61 7051//61 7116//61
f 7116//61 7051//61 7117//61
f 7051//61 7052//61 7117//61
f 7117//61 7052//61 7118//61
f 7052//61 7053//190 7118//61
f 7118//61 7053//190 7119//204
f 7053//190 7054//182 7119//204
f 7119//204 7054//182 7120//190
f 7054//182 7055//61 7120//190
f 7120//190 7055//61 7121//61
f 7055//61 7056//61 7121//61
f 7121//61 7056//61 7122//61
f 7056//61 7057//61 7122//61
f 7122//61 7057//61 7123//190
f 7057//61 7058//182 7123//190
f 7123//190 7058//182 7124//182
f 7058//182 7059//181 7124//182
f 7124//182 7059//181 7125//61
f 7059//181 7060//61 7125//61
f 7125//61 7060//61 7126//181
f 7060//61 7061//176 7126//181
f 7126//181 7061//176 7127//182
f 7061//176 7062//169 7127//182
f 7127//182 7062//169 7128//61
f 7062//169 7063//61 7128//61
f 7128//61 7063//61 7129//61
f 7063//61 7064//181 7129//61
f 7129//61 7064//181 7130//182
f 7064//181 7065//182 7130//182
f 7130//182 7065//182 7131//181
f 7065//182 7066//61 7131//181
f 7131//181 7066//61 7132//181
f 7066//61 7067//176 7132//181
f 7132//181 7067//176 7133//182
f 7067//176 7068//288 7133//182
f 7133//182 7068//288 7134//675
f 7068//288 7069//299 7134//675
f 7134//675 7069//299 7135//675
f 7069//299 7070//61 7135//675
f 7135//675 7070//61 7136//256
f 7070//61 7071//267 7136//256
f 7136//256 7071//267 7137//328
f 7071//267 7072//290 7137//328
f 7137//328 7072//290 7138//267
f 7072//290 7073//254 7138//267
f 7138//267 7073//254 7139//254
f 7073//254 7074//280 7139//254
f 7139//254 7074//280 7140//365
f 7074//280 7075//365 7140//365
f 7140//365 7075//365 7141//281
f 7075//365 7076//291 7141//281
f 7141//281 7076//291 7142//311
f 7076//291 7077//292 7142//311
f 7142//311 7077//292 7143//383
f 7077//292 7078//291 7143//383
f 7143//383 7078//291 7144//361
f 7078//291 7079//815 7144//361
f 7144//361 7079//815 7145//833
f 7079//815 7080//827 7145//833
f 7081//639 7082//828 7146//834
f 7146//834 7082//828 7147//539
f 7082//828 7083//829 7147//539
f 7147//539 7083//829 7148//690
f 7083//829 7084//25 7148//690
f 7148//690 7084//25 7149//835
f 7084//25 7085//69 7149//835
f 7149//835 7085//69 7150//69
f 7085//69 7086//15 7150//69
f 7150//69 7086//15 7151//26
f 7086//15 7087//174 7151//26
f 7151//26 7087//174 7152//15
f 7087//174 7088//69 7152//15
f 7152//15 7088//69 7153//124
f 7088//69 7089//811 7153//124
f 7153//124 7089//811 7154//58
f 7089//811 7090//830 7154//58
f 7154//58 7090//830 7155//159
f 7090//830 7091//831 7155//159
f 7155//159 7091//831 7156//76
f 7091//831 7092//832 7156//76
f 7156//76 7092//832 7157//76
f 7092//832 7093//76 7157//76
f 7157//76 7093//76 7158//62
f 7093//76 7094//76 7158//62
f 7158//62 7094//76 7159//62
f 7094//76 7095//125 7159//62
f 7159//62 7095//125 7160//77
f 7095//125 7096//77 7160//77
f 7160//77 7096//77 7161//89
f 7096//77 7097//91 7161//89
f 7161//89 7097//91 7162//61
f 7097//91 7098//61 7162//61
f 7162//61 7098//61 7163//61
f 7098//61 7099//76 7163//61
f 7163//61 7099//76 7164//62
f 7099//76 7100//76 7164//62
f 7164//62 7100//76 7165//91
f 7100//76 7101//61 7165//91
f 7165//91 7101//61 7166//61
f 7101//61 7102//61 7166//61
f 7166//61 7102//61 7167//61
f 7102//61 7103//91 7167//61
f 7167//61 7103//91 7168//62
f 7103//91 7104//62 7168//62
f 7168//62 7104//62 7169//91
f 7104//62 7105//61 7169//91
f 7169//91 7105//61 7170//61
f 7105//61 7106//61 7170//61
f 7170//61 7106//61 7171//61
f 7106//61 7107//61 7171//61
f 7171//61 7107//61 7172//61
f 7107//61 7108//61 7172//61
f 7172//61 7108//61 7173//61
f 7108//61 7109//61 7173//61
f 7173//61 7109//61 7174//61
f 7109//61 7110//61 7174//61
f 7174//61 7110//61 7175//61
f 7110//61 7111//61 7175//61
f 7175//61 7111//61 7176//61
f 7111//61 7112//61 7176//61
f 7176//61 7112//61 7177//61
f 7112//61 7113//61 7177//61
f 7177//61 7113//61 7178//61
f 7113//61 7114//61 7178//61
f 7178//61 7114//61 7179//61
f 7114//61 7115//61 7179//61
f 7179//61 7115//61 7180//61
f 7115//61 7116//61 7180//61
f 7180//61 7116//61 7181//61
f 7116//61 7117//61 7181//61
f 7181//61 7117//61 7182//61
f 7117//61 7118//61 7182//61
f 7182//61 7118//61 7183//181
f 7118//61 7119//204 7183//181
f 7183//181 7119//204 7184//182
f 7119//204 7120//190 7184//182
f 7184//182 7120//190 7185//61
f 7120//190 7121//61 7185//61
f 7185//61 7121//61 7186//61
f 7121//61 7122//61 7186//61
f 7186//61 7122//61 7187//61
f 7122//61 7123//190 7187//61
f 7187//61 7123//190 7188//204
f 7123//190 7124//182 7188//204
f 7188//204 7124//182 7189//190
f 7124//182 7125//61 7189//190
f 7189//190 7125//61 7190//61
f 7125//61 7126//181 7190//61
f 7190//61 7126//181 7191//198
f 7126//181 7127//182 7191//198
f 7191//198 7127//182 7192//198
f 7127//182 7128//61 7192//198
f 7192//198 7128//61 7193//61
f 7128//61 7129//61 7193//61
f 7193//61 7129//61 7194//176
f 7129//61 7130//182 7194//176
f 7194//176 7130//182 7195//176
f 7130//182 7131//181 7195//176
f 7195//176 7131//181 7196//61
f 7131//181 7132//181 7196//61
f 7196//61 7132//181 7197//204
f 7132//181 7133//182 7197//204
f 7197//204 7133//182 7198//181
f 7133//182 7134//675 7198//181
f 7198//181 7134//675 7199//299
f 7134//675 7135//675 7199//299
f 7199//299 7135//675 7200//741
f 7135//675 7136//256 7200//741
f 7200//741 7136//256 7201//255
f 7136//256 7137//328 7201//255
f 7201//255 7137//328 7202//242
f 7137//328 7138//267 7202//242
f 7202//242 7138//267 7203//242
f 7138//267 7139//254 7203//242
f 7203//242 7139//254 7204//328
f 7139//254 7140//365 7204//328
f 7204//328 7140//365 7205//530
f 7140//365 7141//281 7205//530
f 7205//530 7141//281 7206//406
f 7141//281 7142//311 7206//406
f 7206//406 7142//311 7207//365
f 7142//311 7143//383 7207//365
f 7207//365 7143//383 7208//328
f 7143//383 7144//361 7208//328
f 7208//328 7144//361 7209//836
f 7144//361 7145//833 7209//836
f 7209//836 7145//833 7210//731
f 7146//834 7147//539 7211//837
f 7211//837 7147//539 7212//838
f 7147//539 7148//690 7212//838
f 7212//838 7148//690 7213//15
f 7148//690 7149//835 7213//15
f 7213//15 7149//835 7214//44
f 7149//835 7150//69 7214//44
f 7214//44 7150//69 7215//43
f 7150//69 7151//26 7215//43
f 7215//43 7151//26 7216//25
f 7151//26 7152//15 7216//25
f 7216//25 7152//15 7217//134
f 7152//15 7153//124 7217//134
f 7217//134 7153//124 7218//135
f 7153//124 7154//58 7218//135
f 7218//135 7154//58 7219//61
f 7154//58 7155//159 7219//61
f 7219//61 7155//159 7220//61
f 7155//159 7156//76 7220//61
f 7220//61 7156//76 7221//62
f 7156//76 7157//76 7221//62
f 7221//62 7157//76 7222//90
f 7157//76 7158//62 7222//90
f 7222//90 7158//62 7223//78
f 7158//62 7159//62 7223//78
f 7223//78 7159//62 7224//62
f 7159//62 7160//77 7224//62
f 7224//62 7160//77 7225//79
f 7160//77 7161//89 7225//79
f 7225//79 7161//89 7226//61
f 7161//89 7162//61 7226//61
f 7226//61 7162//61 7227//61
f 7162//61 7163//61 7227//61
f 7227//61 7163//61 7228//77
f 7163//61 7164//62 7228//77
f 7228//77 7164//62 7229//78
f 7164//62 7165//91 7229//78
f 7229//78 7165//91 7230//61
f 7165//91 7166//61 7230//61
f 7230//61 7166//61 7231//61
f 7166//61 7167//61 7231//61
f 7231//61 7167//61 7232//79
f 7167//61 7168//62 7232//79
f 7232//79 7168//62 7233//62
f 7168//62 7169//91 7233//62
f 7233//62 7169//91 7234//61
f 7169//91 7170//61 7234//61
f 7234//61 7170//61 7235//61
f 7170//61 7171//61 7235//61
f 7235//61 7171//61 7236//61
f 7171//61 7172//61 7236//61
f 7236//61 7172//61 7237//61
f 7172//61 7173//61 7237//61
f 7237//61 7173//61 7238//61
f 7173//61 7174//61 7238//61
f 7238//61 7174//61 7239//61
f 7174//61 7175//61 7239//61
f 7239//61 7175//61 7240//61
f 7175//61 7176//61 7240//61
f 7240//61 7176//61 7241//61
f 7176//61 7177//61 7241//61
f 7241//61 7177//61 7242//61
f 7177//61 7178//61 7242//61
f 7242//61 7178//61 7243//61
f 7178//61 7179//61 7243//61
f 7243//61 7179//61 7244//61
f 7179//61 7180//61 7244//61
f 7244//61 7180//61 7245//61
f 7180//61 7181//61 7245//61
f 7245//61 7181//61 7246//61
f 7181//61 7182//61 7246//61
f 7246//61 7182//61 7247//61
f 7182//61 7183//181 7247//61
f 7247//61 7183//181 7248//204
f 7183//181 7184//182 7248//204
f 7248//204 7184//182 7249//181
f 7184//182 7185//61 7249//181
f 7249//181 7185//61 7250//61
f 7185//61 7186//61 7250//61
f 7250//61 7186//61 7251//61
f 7186//61 7187//61 7251//61
f 7251//61 7187//61 7252//181
f 7187//61 7188//204 7252//181
f 7252//181 7188//204 7253//182
f 7188//204 7189//190 7253//182
f 7253//182 7189//190 7254//61
f 7189//190 7190//61 7254//61
f 7254//61 7190//61 7255//61
f 7190//61 7191//198 7255//61
f 7255//61 7191//198 7256//204
f 7191//198 7192//198 7256//204
f 7256//204 7192//198 7257//181
f 7192//198 7193//61 7257//181
f 7257//181 7193//61 7258//181
f 7193//61 7194//176 7258//181
f 7258//181 7194//176 7259//182
f 7194//176 7195//176 7259//182
f 7259//182 7195//176 7260//61
f 7195//176 7196//61 7260//61
f 7260//61 7196//61 7261//181
f 7196//61 7197//204 7261//181
f 7261//181 7197//204 7262//182
f 7197//204 7198//181 7262//182
f 7262//182 7198//181 7263//741
f 7198//181 7199//299 7263//741
f 7263//741 7199//299 7264//299
f 7199//299 7200//741 7264//299
f 7264//299 7200//741 7265//254
f 7200//741 7201//255 7265//254
f 7265//254 7201//255 7266//254
f 7201//255 7202//242 7266//254
f 7266//254 7202//242 7267//267
f 7202//242 7203//242 7267//267
f 7267//267 7203//242 7268//242
f 7203//242 7204//328 7268//242
f 7268//242 7204//328 7269//530
f 7204//328 7205//530 7269//530
f 7269//530 7205//530 7270//839
f 7205//530 7206//406 7270//839
f 7270//839 7206//406 7271//840
f 7206//406 7207//365 7271//840
f 7271//840 7207//365 7272//329
f 7207//365 7208//328 7272//329
f 7272//329 7208//328 7273//786
f 7208//328 7209//836 7273//786
f 7273//786 7209//836 7274//841
f 7209//836 7210//731 7274//841
f 7275//842 7211//837 7276//121
f 7211//837 7212//838 7276//121
f 7276//121 7212//838 7277//70
f 7212//838 7213//15 7277//70
f 7277//70 7213//15 7278//26
f 7213//15 7214//44 7278//26
f 7278//26 7214//44 7279//27
f 7214//44 7215//43 7279//27
f 7279//27 7215//43 7280//42
f 7215//43 7216//25 7280//42
f 7280//42 7216//25 7281//69
f 7216//25 7217//134 7281//69
f 7281//69 7217//134 7282//843
f 7217//134 7218//135 7282//843
f 7282//843 7218//135 7283//29
f 7218//135 7219//61 7283//29
f 7283//29 7219//61 7284//61
f 7219//61 7220//61 7284//61
f 7284//61 7220//61 7285//91
f 7220//61 7221//62 7285//91
f 7285//91 7221//62 7286//75
f 7221//62 7222//90 7286//75
f 7286//75 7222//90 7287//116
f 7222//90 7223//78 7287//116
f 7287//116 7223//78 7288//77
f 7223//78 7224//62 7288//77
f 7288//77 7224//62 7289//77
f 7224//62 7225//79 7289//77
f 7289//77 7225//79 7290//61
f 7225//79 7226//61 7290//61
f 7290//61 7226//61 7291//61
f 7226//61 7227//61 7291//61
f 7291//61 7227//61 7292//77
f 7227//61 7228//77 7292//77
f 7292//77 7228//77 7293//77
f 7228//77 7229//78 7293//77
f 7293//77 7229//78 7294//61
f 7229//78 7230//61 7294//61
f 7294//61 7230//61 7295//61
f 7230//61 7231//61 7295//61
f 7295//61 7231//61 7296//61
f 7231//61 7232//79 7296//61
f 7296//61 7232//79 7297//62
f 7232//79 7233//62 7297//62
f 7297//62 7233//62 7298//79
f 7233//62 7234//61 7298//79
f 7298//79 7234//61 7299//61
f 7234//61 7235//61 7299//61
f 7299//61 7235//61 7300//61
f 7235//61 7236//61 7300//61
f 7300//61 7236//61 7301//61
f 7236//61 7237//61 7301//61
f 7301//61 7237//61 7302//61
f 7237//61 7238//61 7302//61
f 7302//61 7238//61 7303//61
f 7238//61 7239//61 7303//61
f 7303//61 7239//61 7304//61
f 7239//61 7240//61 7304//61
f 7304//61 7240//61 7305//61
f 7240//61 7241//61 7305//61
f 7305//61 7241//61 7306//61
f 7241//61 7242//61 7306//61
f 7306//61 7242//61 7307//61
f 7242//61 7243//61 7307//61
f 7307//61 7243//61 7308//61
f 7243//61 7244//61 7308//61
f 7308//61 7244//61 7309//61
f 7244//61 7245//61 7309//61
f 7309//61 7245//61 7310//61
f 7245//61 7246//61 7310//61
f 7310//61 7246//61 7311//61
f 7246//61 7247//61 7311//61
f 7311//61 7247//61 7312//181
f 7247//61 7248//204 7312//181
f 7312//181 7248//204 7313//182
f 7248//204 7249//181 7313//182
f 7313//182 7249//181 7314//61
f 7249//181 7250//61 7314//61
f 7314//61 7250//61 7315//61
f 7250//61 7251//61 7315//61
f 7315//61 7251//61 7316//61
f 7251//61 7252//181 7316//61
f 7316//61 7252//181 7317//182
f 7252//181 7253//182 7317//182
f 7317//182 7253//182 7318//181
f 7253//182 7254//61 7318//181
f 7318//181 7254//61 7319//61
f 7254//61 7255//61 7319//61
f 7319//61 7255//61 7320//190
f 7255//61 7256//204 7320//190
f 7320//190 7256//204 7321//182
f 7256//204 7257//181 7321//182
f 7321//182 7257//181 7322//61
f 7257//181 7258//181 7322//61
f 7322//61 7258//181 7323//198
f 7258//181 7259//182 7323//198
f 7323//198 7259//182 7324//198
f 7259//182 7260//61 7324//198
f 7324//198 7260//61 7325//61
f 7260//61 7261//181 7325//61
f 7325//61 7261//181 7326//204
f 7261//181 7262//182 7326//204
f 7326//204 7262//182 7327//190
f 7262//182 7263//741 7327//190
f 7327//190 7263//741 7328//299
f 7263//741 7264//299 7328//299
f 7328//299 7264//299 7329//782
f 7264//299 7265//254 7329//782
f 7329//782 7265//254 7330//267
f 7265//254 7266//254 7330//267
f 7330//267 7266//254 7331//254
f 7266//254 7267//267 7331//254
f 7331//254 7267//267 7332//254
f 7267//267 7268//242 7332//254
f 7332//254 7268//242 7333//280
f 7268//242 7269//530 7333//280
f 7333//280 7269//530 7334//282
f 7269//530 7270//839 7334//282
f 7334//282 7270//839 7335//840
f 7270//839 7271//840 7335//840
f 7335//840 7271//840 7336//328
f 7271//840 7272//329 7336//328
f 7336//328 7272//329 7337//803
f 7272//329 7273//786 7337//803
f 7337//803 7273//786 7338//844
f 7273//786 7274//841 7338//844
f 7339//217 7275//842 7340//845
f 7275//842 7276//121 7340//845
f 7340//845 7276//121 7341//671
f 7276//121 7277//70 7341//671
f 7341//671 7277//70 7342//157
f 7277//70 7278//26 7342//157
f 7342//157 7278//26 7343//25
f 7278//26 7279//27 7343//25
f 7343//25 7279//27 7344//26
f 7279//27 7280//42 7344//26
f 7344//26 7280//42 7345//132
f 7280//42 7281//69 7345//132
f 7345//132 7281//69 7346//133
f 7281//69 7282//843 7346//133
f 7346//133 7282//843 7347//135
f 7282//843 7283//29 7347//135
f 7347//135 7283//29 7348//104
f 7283//29 7284//61 7348//104
f 7348//104 7284//61 7349//61
f 7284//61 7285//91 7349//61
f 7349//61 7285//91 7350//62
f 7285//91 7286//75 7350//62
f 7350//62 7286//75 7351//75
f 7286//75 7287//116 7351//75
f 7351//75 7287//116 7352//62
f 7287//116 7288//77 7352//62
f 7352//62 7288//77 7353//62
f 7288//77 7289//77 7353//62
f 7353//62 7289//77 7354//61
f 7289//77 7290//61 7354//61
f 7354//61 7290//61 7355//61
f 7290//61 7291//61 7355//61
f 7355//61 7291//61 7356//77
f 7291//61 7292//77 7356//77
f 7356//77 7292//77 7357//78
f 7292//77 7293//77 7357//78
f 7357//78 7293//77 7358//61
f 7293//77 7294//61 7358//61
f 7358//61 7294//61 7359//61
f 7294//61 7295//61 7359//61
f 7359//61 7295//61 7360//61
f 7295//61 7296//61 7360//61
f 7360//61 7296//61 7361//79
f 7296//61 7297//62 7361//79
f 7361//79 7297//62 7362//62
f 7297//62 7298//79 7362//62
f 7362//62 7298//79 7363//61
f 7298//79 7299//61 7363//61
f 7363//61 7299//61 7364//61
f 7299//61 7300//61 7364//61
f 7364//61 7300//61 7365//61
f 7300//61 7301//61 7365//61
f 7365//61 7301//61 7366//61
f 7301//61 7302//61 7366//61
f 7366//61 7302//61 7367//61
f 7302//61 7303//61 7367//61
f 7367//61 7303//61 7368//61
f 7303//61 7304//61 7368//61
f 7368//61 7304//61 7369//61
f 7304//61 7305//61 7369//61
f 7369//61 7305//61 7370//61
f 7305//61 7306//61 7370//61
f 7370//61 7306//61 7371//61
f 7306//61 7307//61 7371//61
f 7371//61 7307//61 7372//61
f 7307//61 7308//61 7372//61
f 7372//61 7308//61 7373//61
f 7308//61 7309//61 7373//61
f 7373//61 7309//61 7374//61
f 7309//61 7310//61 7374//61
f 7374//61 7310//61 7375//61
f 7310//61 7311//61 7375//61
f 7375//61 7311//61 7376//61
f 7311//61 7312//181 7376//61
f 7376//61 7312//181 7377//198
f 7312//181 7313//182 7377//198
f 7377//198 7313//182 7378//198
f 7313//182 7314//61 7378//198
f 7378//198 7314//61 7379//61
f 7314//61 7315//61 7379//61
f 7379//61 7315//61 7380//61
f 7315//61 7316//61 7380//61
f 7380//61 7316//61 7381//181
f 7316//61 7317//182 7381//181
f 7381//181 7317//182 7382//182
f 7317//182 7318//181 7382//182
f 7382//182 7318//181 7383//61
f 7318//181 7319//61 7383//61
f 7383//61 7319//61 7384//61
f 7319//61 7320//190 7384//61
f 7384//61 7320//190 7385//198
f 7320//190 7321//182 7385//198
f 7385//198 7321//182 7386//198
f 7321//182 7322//61 7386//198
f 7386//198 7322//61 7387//61
f 7322//61 7323//198 7387//61
f 7387//61 7323//198 7388//182
f 7323//198 7324//198 7388//182
f 7388//182 7324//198 7389//181
f 7324//198 7325//61 7389//181
f 7389//181 7325//61 7390//169
f 7325//61 7326//204 7390//169
f 7390//169 7326//204 7391//169
f 7326//204 7327//190 7391//169
f 7391//169 7327//190 7392//741
f 7327//190 7328//299 7392//741
f 7392//741 7328//299 7393//299
f 7328//299 7329//782 7393//299
f 7393//299 7329//782 7394//255
f 7329//782 7330//267 7394//255
f 7394//255 7330//267 7395//267
f 7330//267 7331//254 7395//267
f 7395//267 7331//254 7396//267
f 7331//254 7332//254 7396//267
f 7396//267 7332//254 7397//254
f 7332//254 7333//280 7397//254
f 7397//254 7333//280 7398//291
f 7333//280 7334//282 7398//291
f 7398//291 7334//282 7399//293
f 7334//282 7335//840 7399//293
f 7399//293 7335//840 7400//615
f 7335//840 7336//328 7400//615
f 7400//615 7336//328 7401//255
f 7336//328 7337//803 7401//255
f 7401//255 7337//803 7402//846
f 7337//803 7338//844 7402//846
f 7402//846 7338//844 7403//847
f 7339//217 7340//845 7404//760
f 7404//760 7340//845 7405//848
f 7340//845 7341//671 7405//848
f 7405//848 7341//671 7406//174
f 7341//671 7342//157 7406//174
f 7406//174 7342//157 7407//42
f 7342//157 7343//25 7407//42
f 7407//42 7343//25 7408//69
f 7343//25 7344//26 7408//69
f 7408//69 7344//26 7409//16
f 7344//26 7345//132 7409//16
f 7409//16 7345//132 7410//44
f 7345//132 7346//133 7410//44
f 7410//44 7346//133 7411//402
f 7346//133 7347//135 7411//402
f 7411//402 7347//135 7412//59
f 7347//135 7348//104 7412//59
f 7412//59 7348//104 7413//61
f 7348//104 7349//61 7413//61
f 7413//61 7349//61 7414//77
f 7349//61 7350//62 7414//77
f 7414//77 7350//62 7415//90
f 7350//62 7351//75 7415//90
f 7415//90 7351//75 7416//116
f 7351//75 7352//62 7416//116
f 7416//116 7352//62 7417//62
f 7352//62 7353//62 7417//62
f 7417//62 7353//62 7418//79
f 7353//62 7354//61 7418//79
f 7418//79 7354//61 7419//61
f 7354//61 7355//61 7419//61
f 7419//61 7355//61 7420//77
f 7355//61 7356//77 7420//77
f 7420//77 7356//77 7421//77
f 7356//77 7357//78 7421//77
f 7421//77 7357//78 7422//61
f 7357//78 7358//61 7422//61
f 7422//61 7358//61 7423//61
f 7358//61 7359//61 7423//61
f 7423//61 7359//61 7424//61
f 7359//61 7360//61 7424//61
f 7424//61 7360//61 7425//61
f 7360//61 7361//79 7425//61
f 7425//61 7361//79 7426//62
f 7361//79 7362//62 7426//62
f 7426//62 7362//62 7427//91
f 7362//62 7363//61 7427//91
f 7427//91 7363//61 7428//61
f 7363//61 7364//61 7428//61
f 7428//61 7364//61 7429//61
f 7364//61 7365//61 7429//61
f 7429//61 7365//61 7430//61
f 7365//61 7366//61 7430//61
f 7430//61 7366//61 7431//61
f 7366//61 7367//61 7431//61
f 7431//61 7367//61 7432//61
f 7367//61 7368//61 7432//61
f 7432//61 7368//61 7433//61
f 7368//61 7369//61 7433//61
f 7433//61 7369//61 7434//61
f 7369//61 7370//61 7434//61
f 7434//61 7370//61 7435//61
f 7370//61 7371//61 7435//61
f 7435//61 7371//61 7436//61
f 7371//61 7372//61 7436//61
f 7436//61 7372//61 7437//61
f 7372//61 7373//61 7437//61
f 7437//61 7373//61 7438//61
f 7373//61 7374//61 7438//61
f 7438//61 7374//61 7439//61
f 7374//61 7375//61 7439//61
f 7439//61 7375//61 7440//61
f 7375//61 7376//61 7440//61
f 7440//61 7376//61 7441//61
f 7376//61 7377//198 7441//61
f 7441//61 7377//198 7442//182
f 7377//198 7378//198 7442//182
f 7442//182 7378//198 7443//190
f 7378//198 7379//61 7443//190
f 7443//190 7379//61 7444//61
f 7379//61 7380//61 7444//61
f 7444//61 7380//61 7445//61
f 7380//61 7381//181 7445//61
f 7445//61 7381//181 7446//204
f 7381//181 7382//182 7446//204
f 7446//204 7382//182 7447//190
f 7382//182 7383//61 7447//190
f 7447//190 7383//61 7448//61
f 7383//61 7384//61 7448//61
f 7448//61 7384//61 7449//61
f 7384//61 7385//198 7449//61
f 7449//61 7385//198 7450//204
f 7385//198 7386//198 7450//204
f 7450//204 7386//198 7451//190
f 7386//198 7387//61 7451//190
f 7451//190 7387//61 7452//176
f 7387//61 7388//182 7452//176
f 7452//176 7388//182 7453//169
f 7388//182 7389//181 7453//169
f 7453//169 7389//181 7454//190
f 7389//181 7390//169 7454//190
f 7454//190 7390//169 7455//182
f 7390//169 7391//169 7455//182
f 7455//182 7391//169 7456//61
f 7391//169 7392//741 7456//61
f 7456//61 7392//741 7457//675
f 7392//741 7393//299 7457//675
f 7457//675 7393//299 7458//549
f 7393//299 7394//255 7458//549
f 7458//549 7394//255 7459//267
f 7394//255 7395//267 7459//267
f 7459//267 7395//267 7460//267
f 7395//267 7396//267 7460//267
f 7460//267 7396//267 7461//290
f 7396//267 7397//254 7461//290
f 7461//290 7397//254 7462//301
f 7397//254 7398//291 7462//301
f 7462//301 7398//291 7463//302
f 7398//291 7399//293 7463//302
f 7463//302 7399//293 7464//282
f 7399//293 7400//615 7464//282
f 7464//282 7400//615 7465//281
f 7400//615 7401//255 7465//281
f 7465//281 7401//255 7466//361
f 7401//255 7402//846 7466//361
f 7466//361 7402//846 7467//812
f 7402//846 7403//847 7467//812
f 7404//760 7405//848 7468//849
f 7468//849 7405//848 7469//850
f 7405//848 7406//174 7469//850
f 7469//850 7406//174 7470//851
f 7406//174 7407//42 7470//851
f 7470//851 7407//42 7471//44
f 7407//42 7408//69 7471//44
f 7471//44 7408//69 7472//133
f 7408//69 7409//16 7472//133
f 7472//133 7409//16 7473//26
f 7409//16 7410//44 7473//26
f 7473//26 7410//44 7474//158
f 7410//44 7411//402 7474//158
f 7474//158 7411//402 7475//46
f 7411//402 7412//59 7475//46
f 7475//46 7412//59 7476//852
f 7412//59 7413//61 7476//852
f 7476//852 7413//61 7477//49
f 7413//61 7414//77 7477//49
f 7477//49 7414//77 7478//62
f 7414//77 7415//90 7478//62
f 7478//62 7415//90 7479//62
f 7415//90 7416//116 7479//62
f 7479//62 7416//116 7480//62
f 7416//116 7417//62 7480//62
f 7480//62 7417//62 7481//115
f 7417//62 7418//79 7481//115
f 7481//115 7418//79 7482//61
f 7418//79 7419//61 7482//61
f 7482//61 7419//61 7483//79
f 7419//61 7420//77 7483//79
f 7483//79 7420//77 7484//62
f 7420//77 7421//77 7484//62
f 7484//62 7421//77 7485//61
f 7421//77 7422//61 7485//61
f 7485//61 7422//61 7486//61
f 7422//61 7423//61 7486//61
f 7486//61 7423//61 7487//61
f 7423//61 7424//61 7487//61
f 7487//61 7424//61 7488//61
f 7424//61 7425//61 7488//61
f 7488//61 7425//61 7489//79
f 7425//61 7426//62 7489//79
f 7489//79 7426//62 7490//62
f 7426//62 7427//91 7490//62
f 7490//62 7427//91 7491//61
f 7427//91 7428//61 7491//61
f 7491//61 7428//61 7492//61
f 7428//61 7429//61 7492//61
f 7492//61 7429//61 7493//61
f 7429//61 7430//61 7493//61
f 7493//61 7430//61 7494//61
f 7430//61 7431//61 7494//61
f 7494//61 7431//61 7495//61
f 7431//61 7432//61 7495//61
f 7495//61 7432//61 7496//61
f 7432//61 7433//61 7496//61
f 7496//61 7433//61 7497//61
f 7433//61 7434//61 7497//61
f 7497//61 7434//61 7498//61
f 7434//61 7435//61 7498//61
f 7498//61 7435//61 7499//61
f 7435//61 7436//61 7499//61
f 7499//61 7436//61 7500//61
f 7436//61 7437//61 7500//61
f 7500//61 7437//61 7501//61
f 7437//61 7438//61 7501//61
f 7501//61 7438//61 7502//61
f 7438//61 7439//61 7502//61
f 7502//61 7439//61 7503//61
f 7439//61 7440//61 7503//61
f 7503//61 7440//61 7504//61
f 7440//61 7441//61 7504//61
f 7504//61 7441//61 7505//176
f 7441//61 7442//182 7505//176
f 7505//176 7442//182 7506//176
f 7442//182 7443//190 7506//176
f 7506//176 7443//190 7507//61
f 7443//190 7444//61 7507//61
f 7507//61 7444//61 7508//61
f 7444//61 7445//61 7508//61
f 7508//61 7445//61 7509//169
f 7445//61 7446//204 7509//169
f 7509//169 7446//204 7510//169
f 7446//204 7447//190 7510//169
f 7510//169 7447//190 7511//61
f 7447//190 7448//61 7511//61
f 7511//61 7448//61 7512//61
f 7448//61 7449//61 7512//61
f 7512//61 7449//61 7513//181
f 7449//61 7450//204 7513//181
f 7513//181 7450//204 7514//182
f 7450//204 7451//190 7514//182
f 7514//182 7451//190 7515//169
f 7451//190 7452//176 7515//169
f 7515//169 7452//176 7516//169
f 7452//176 7453//169 7516//169
f 7516//169 7453//169 7517//61
f 7453//169 7454//190 7517//61
f 7517//61 7454//190 7518//204
f 7454//190 7455//182 7518//204
f 7518//204 7455//182 7519//190
f 7455//182 7456//61 7519//190
f 7519//190 7456//61 7520//61
f 7456//61 7457//675 7520//61
f 7520//61 7457//675 7521//299
f 7457//675 7458//549 7521//299
f 7521//299 7458//549 7522//525
f 7458//549 7459//267 7522//525
f 7522//525 7459//267 7523//290
f 7459//267 7460//267 7523//290
f 7523//290 7460//267 7524//290
f 7460//267 7461//290 7524//290
f 7524//290 7461//290 7525//311
f 7461//290 7462//301 7525//311
f 7525//311 7462//301 7526//302
f 7462//301 7463//302 7526//302
f 7526//302 7463//302 7527//302
f 7463//302 7464//282 7527//302
f 7527//302 7464//282 7528//383
f 7464//282 7465//281 7528//383
f 7528//383 7465//281 7529//328
f 7465//281 7466//361 7529//328
f 7529//328 7466//361 7530//367
f 7466//361 7467//812 7530//367
f 7530//367 7467//812 7531//355
f 7468//849 7469//850 7532//853
f 7532//853 7469//850 7533//854
f 7469//850 7470//851 7533//854
f 7533//854 7470//851 7534//851
f 7470//851 7471//44 7534//851
f 7534//851 7471//44 7535//44
f 7471//44 7472//133 7535//44
f 7535//44 7472//133 7536//43
f 7472//133 7473//26 7536//43
f 7536//43 7473//26 7537//44
f 7473//26 7474//158 7537//44
f 7537//44 7474//158 7538//415
f 7474//158 7475//46 7538//415
f 7538//415 7475//46 7539//855
f 7475//46 7476//852 7539//855
f 7539//855 7476//852 7540//458
f 7476//852 7477//49 7541//680
f 7476//852 7541//680 7540//458
f 7477//49 7478//62 7541//680
f 7541//680 7478//62 7542//105
f 7478//62 7479//62 7542//105
f 7542//105 7479//62 7543//62
f 7479//62 7480//62 7543//62
f 7543//62 7480//62 7544//76
f 7480//62 7481//115 7544//76
f 7544//76 7481//115 7545//76
f 7481//115 7482//61 7545//76
f 7545//76 7482//61 7546//61
f 7482//61 7483//79 7546//61
f 7546//61 7483//79 7547//62
f 7483//79 7484//62 7547//62
f 7547//62 7484//62 7548//91
f 7484//62 7485//61 7548//91
f 7548//91 7485//61 7549//61
f 7485//61 7486//61 7549//61
f 7549//61 7486//61 7550//61
f 7486//61 7487//61 7550//61
f 7550//61 7487//61 7551//61
f 7487//61 7488//61 7551//61
f 7551//61 7488//61 7552//61
f 7488//61 7489//79 7552//61
f 7552//61 7489//79 7553//62
f 7489//79 7490//62 7553//62
f 7553//62 7490//62 7554//79
f 7490//62 7491//61 7554//79
f 7554//79 7491//61 7555//61
f 7491//61 7492//61 7555//61
f 7555//61 7492//61 7556//61
f 7492//61 7493//61 7556//61
f 7556//61 7493//61 7557//61
f 7493//61 7494//61 7557//61
f 7557//61 7494//61 7558//61
f 7494//61 7495//61 7558//61
f 7558//61 7495//61 7559//61
f 7495//61 7496//61 7559//61
f 7559//61 7496//61 7560//61
f 7496//61 7497//61 7560//61
f 7560//61 7497//61 7561//61
f 7497//61 7498//61 7561//61
f 7561//61 7498//61 7562//61
f 7498//61 7499//61 7562//61
f 7562//61 7499//61 7563//61
f 7499//61 7500//61 7563//61
f 7563//61 7500//61 7564//61
f 7500//61 7501//61 7564//61
f 7564//61 7501//61 7565//61
f 7501//61 7502//61 7565//61
f 7565//61 7502//61 7566//61
f 7502//61 7503//61 7566//61
f 7566//61 7503//61 7567//61
f 7503//61 7504//61 7567//61
f 7567//61 7504//61 7568//181
f 7504//61 7505//176 7568//181
f 7568//181 7505//176 7569//182
f 7505//176 7506//176 7569//182
f 7569//182 7506//176 7570//61
f 7506//176 7507//61 7570//61
f 7570//61 7507//61 7571//61
f 7507//61 7508//61 7571//61
f 7571//61 7508//61 7572//181
f 7508//61 7509//169 7572//181
f 7572//181 7509//169 7573//182
f 7509//169 7510//169 7573//182
f 7573//182 7510//169 7574//61
f 7510//169 7511//61 7574//61
f 7574//61 7511//61 7575//61
f 7511//61 7512//61 7575//61
f 7575//61 7512//61 7576//61
f 7512//61 7513//181 7576//61
f 7576//61 7513//181 7577//359
f 7513//181 7514//182 7577//359
f 7577//359 7514//182 7578//204
f 7514//182 7515//169 7578//204
f 7578//204 7515//169 7579//182
f 7515//169 7516//169 7579//182
f 7579//182 7516//169 7580//61
f 7516//169 7517//61 7580//61
f 7580//61 7517//61 7581//169
f 7517//61 7518//204 7581//169
f 7581//169 7518//204 7582//169
f 7518//204 7519//190 7582//169
f 7582//169 7519//190 7583//61
f 7519//190 7520//61 7583//61
f 7583//61 7520//61 7584//289
f 7520//61 7521//299 7584//289
f 7584//289 7521//299 7585//310
f 7521//299 7522//525 7585//310
f 7585//310 7522//525 7586//290
f 7522//525 7523//290 7586//290
f 7586//290 7523//290 7587//267
f 7523//290 7524//290 7587//267
f 7587//267 7524//290 7588//328
f 7524//290 7525//311 7588//328
f 7588//328 7525//311 7589//365
f 7525//311 7526//302 7589//365
f 7589//365 7526//302 7590//302
f 7526//302 7527//302 7590//302
f 7590//302 7527//302 7591//301
f 7527//302 7528//383 7591//301
f 7591//301 7528//383 7592//291
f 7528//383 7529//328 7592//291
f 7592//291 7529//328 7593//856
f 7529//328 7530//367 7593//856
f 7593//856 7530//367 7594//857
f 7530//367 7531//355 7594//857
f 7532//853 7533//854 7595//858
f 7595//858 7533//854 7596//859
f 7533//854 7534//851 7596//859
f 7596//859 7534//851 7597//860
f 7534//851 7535//44 7597//860
f 7597//860 7535//44 7598//174
f 7535//44 7536//43 7598//174
f 7598//174 7536//43 7599//28
f 7536//43 7537//44 7599//28
f 7599//28 7537//44 7600//695
f 7537//44 7538//415 7600//695
f 7600//695 7538//415 7601//861
f 7538//415 7539//855 7601//861
f 7601//861 7539//855 7602//862
f 7539//855 7540//458 7602//862
f 7602//862 7540//458 7603//466
f 7540//458 7541//680 7603//466
f 7603//466 7541//680 7604//47
f 7541//680 7542//105 7604//47
f 7604//47 7542//105 7605//654
f 7542//105 7543//62 7605//654
f 7605//654 7543//62 7606//76
f 7543//62 7544//76 7606//76
f 7606//76 7544//76 7607//62
f 7544//76 7545//76 7607//62
f 7607//62 7545//76 7608//91
f 7545//76 7546//61 7608//91
f 7608//91 7546//61 7609//91
f 7546//61 7547//62 7609//91
f 7609//91 7547//62 7610//116
f 7547//62 7548//91 7610//116
f 7610//116 7548//91 7611//61
f 7548//91 7549//61 7611//61
f 7611//61 7549//61 7612//61
f 7549//61 7550//61 7612//61
f 7612//61 7550//61 7613//61
f 7550//61 7551//61 7613//61
f 7613//61 7551//61 7614//61
f 7551//61 7552//61 7614//61
f 7614//61 7552//61 7615//77
f 7552//61 7553//62 7615//77
f 7615//77 7553//62 7616//77
f 7553//62 7554//79 7616//77
f 7616//77 7554//79 7617//61
f 7554//79 7555//61 7617//61
f 7617//61 7555//61 7618//61
f 7555//61 7556//61 7618//61
f 7618//61 7556//61 7619//61
f 7556//61 7557//61 7619//61
f 7619//61 7557//61 7620//61
f 7557//61 7558//61 7620//61
f 7620//61 7558//61 7621//61
f 7558//61 7559//61 7621//61
f 7621//61 7559//61 7622//61
f 7559//61 7560//61 7622//61
f 7622//61 7560//61 7623//61
f 7560//61 7561//61 7623//61
f 7623//61 7561//61 7624//61
f 7561//61 7562//61 7624//61
f 7624//61 7562//61 7625//61
f 7562//61 7563//61 7625//61
f 7625//61 7563//61 7626//61
f 7563//61 7564//61 7626//61
f 7626//61 7564//61 7627//61
f 7564//61 7565//61 7627//61
f 7627//61 7565//61 7628//61
f 7565//61 7566//61 7628//61
f 7628//61 7566//61 7629//61
f 7566//61 7567//61 7629//61
f 7629//61 7567//61 7630//61
f 7567//61 7568//181 7630//61
f 7630//61 7568//181 7631//204
f 7568//181 7569//182 7631//204
f 7631//204 7569//182 7632//190
f 7569//182 7570//61 7632//190
f 7632//190 7570//61 7633//61
f 7570//61 7571//61 7633//61
f 7633//61 7571//61 7634//61
f 7571//61 7572//181 7634//61
f 7634//61 7572//181 7635//204
f 7572//181 7573//182 7635//204
f 7635//204 7573//182 7636//190
f 7573//182 7574//61 7636//190
f 7636//190 7574//61 7637//61
f 7574//61 7575//61 7637//61
f 7637//61 7575//61 7638//61
f 7575//61 7576//61 7638//61
f 7638//61 7576//61 7639//176
f 7576//61 7577//359 7639//176
f 7639//176 7577//359 7640//199
f 7577//359 7578//204 7640//199
f 7640//199 7578//204 7641//198
f 7578//204 7579//182 7641//198
f 7641//198 7579//182 7642//198
f 7579//182 7580//61 7642//198
f 7642//198 7580//61 7643//190
f 7580//61 7581//169 7643//190
f 7643//190 7581//169 7644//182
f 7581//169 7582//169 7644//182
f 7644//182 7582//169 7645//61
f 7582//169 7583//61 7645//61
f 7645//61 7583//61 7646//289
f 7583//61 7584//289 7646//289
f 7646//289 7584//289 7647//231
f 7584//289 7585//310 7647//231
f 7647//231 7585//310 7648//267
f 7585//310 7586//290 7648//267
f 7648//267 7586//290 7649//405
f 7586//290 7587//267 7649//405
f 7649//405 7587//267 7650//328
f 7587//267 7588//328 7650//328
f 7650//328 7588//328 7651//383
f 7588//328 7589//365 7651//383
f 7651//383 7589//365 7652//281
f 7589//365 7590//302 7652//281
f 7652//281 7590//302 7653//311
f 7590//302 7591//301 7653//311
f 7653//311 7591//301 7654//301
f 7591//301 7592//291 7654//301
f 7654//301 7592//291 7655//361
f 7592//291 7593//856 7655//361
f 7655//361 7593//856 7656//863
f 7593//856 7594//857 7656//863
f 7657//864 7595//858 7658//395
f 7595//858 7596//859 7658//395
f 7658//395 7596//859 7659//174
f 7596//859 7597//860 7659//174
f 7659//174 7597//860 7660//851
f 7597//860 7598//174 7660//851
f 7660//851 7598//174 7661//180
f 7598//174 7599//28 7661//180
f 7661//180 7599//28 7662//695
f 7599//28 7600//695 7662//695
f 7662//695 7600//695 7663//133
f 7600//695 7601//861 7663//133
f 7663//133 7601//861 7664//286
f 7601//861 7602//862 7664//286
f 7664//286 7602//862 7665//865
f 7602//862 7603//466 7666//720
f 7602//862 7666//720 7665//865
f 7603//466 7604//47 7666//720
f 7666//720 7604//47 7667//62
f 7604//47 7605//654 7667//62
f 7667//62 7605//654 7668//75
f 7605//654 7606//76 7668//75
f 7668//75 7606//76 7669//90
f 7606//76 7607//62 7669//90
f 7669//90 7607//62 7670//78
f 7607//62 7608//91 7670//78
f 7670//78 7608//91 7671//61
f 7608//91 7609//91 7671//61
f 7671//61 7609//91 7672//62
f 7609//91 7610//116 7672//62
f 7672//62 7610//116 7673//91
f 7610//116 7611//61 7673//91
f 7673//91 7611//61 7674//61
f 7611//61 7612//61 7674//61
f 7674//61 7612//61 7675//61
f 7612//61 7613//61 7675//61
f 7675//61 7613//61 7676//61
f 7613//61 7614//61 7676//61
f 7676//61 7614//61 7677//79
f 7614//61 7615//77 7677//79
f 7677//79 7615//77 7678//62
f 7615//77 7616//77 7678//62
f 7678//62 7616//77 7679//61
f 7616//77 7617//61 7679//61
f 7679//61 7617//61 7680//61
f 7617//61 7618//61 7680//61
f 7680//61 7618//61 7681//61
f 7618//61 7619//61 7681//61
f 7681//61 7619//61 7682//61
f 7619//61 7620//61 7682//61
f 7682//61 7620//61 7683//61
f 7620//61 7621//61 7683//61
f 7683//61 7621//61 7684//61
f 7621//61 7622//61 7684//61
f 7684//61 7622//61 7685//61
f 7622//61 7623//61 7685//61
f 7685//61 7623//61 7686//61
f 7623//61 7624//61 7686//61
f 7686//61 7624//61 7687//61
f 7624//61 7625//61 7687//61
f 7687//61 7625//61 7688//61
f 7625//61 7626//61 7688//61
f 7688//61 7626//61 7689//61
f 7626//61 7627//61 7689//61
f 7689//61 7627//61 7690//61
f 7627//61 7628//61 7690//61
f 7690//61 7628//61 7691//61
f 7628//61 7629//61 7691//61
f 7691//61 7629//61 7692//61
f 7629//61 7630//61 7692//61
f 7692//61 7630//61 7693//190
f 7630//61 7631//204 7693//190
f 7693//190 7631//204 7694//182
f 7631//204 7632//190 7694//182
f 7694//182 7632//190 7695//61
f 7632//190 7633//61 7695//61
f 7695//61 7633//61 7696//61
f 7633//61 7634//61 7696//61
f 7696//61 7634//61 7697//169
f 7634//61 7635//204 7697//169
f 7697//169 7635//204 7698//169
f 7635//204 7636//190 7698//169
f 7698//169 7636//190 7699//61
f 7636//190 7637//61 7699//61
f 7699//61 7637//61 7700//61
f 7637//61 7638//61 7700//61
f 7700//61 7638//61 7701//169
f 7638//61 7639//176 7701//169
f 7701//169 7639//176 7702//169
f 7639//176 7640//199 7702//169
f 7702//169 7640//199 7703//61
f 7640//199 7641//198 7703//61
f 7703//61 7641//198 7704//204
f 7641//198 7642//198 7704//204
f 7704//204 7642//198 7705//190
f 7642//198 7643//190 7705//190
f 7705//190 7643//190 7706//198
f 7643//190 7644//182 7706//198
f 7706//198 7644//182 7707//198
f 7644//182 7645//61 7707//198
f 7707//198 7645//61 7708//741
f 7645//61 7646//289 7708//741
f 7708//741 7646//289 7709//299
f 7646//289 7647//231 7709//299
f 7709//299 7647//231 7710//267
f 7647//231 7648//267 7710//267
f 7710//267 7648//267 7711//256
f 7648//267 7649//405 7711//256
f 7711//256 7649//405 7712//328
f 7649//405 7650//328 7712//328
f 7712//328 7650//328 7713//281
f 7650//328 7651//383 7713//281
f 7713//281 7651//383 7714//530
f 7651//383 7652//281 7714//530
f 7714//530 7652//281 7715//406
f 7652//281 7653//311 7715//406
f 7715//406 7653//311 7716//281
f 7653//311 7654//301 7716//281
f 7716//281 7654//301 7717//267
f 7654//301 7655//361 7717//267
f 7717//267 7655//361 7718//367
f 7655//361 7656//863 7718//367
f 7718//367 7656//863 7719//827
f 7720//217 7657//864 7721//246
f 7657//864 7658//395 7721//246
f 7721//246 7658//395 7722//42
f 7658//395 7659//174 7722//42
f 7722//42 7659//174 7723//70
f 7659//174 7660//851 7723//70
f 7723//70 7660//851 7724//15
f 7660//851 7661//180 7724//15
f 7724//15 7661//180 7725//391
f 7661//180 7662//695 7725//391
f 7725//391 7662//695 7726//212
f 7662//695 7663//133 7726//212
f 7726//212 7663//133 7727//436
f 7663//133 7664//286 7727//436
f 7727//436 7664//286 7728//46
f 7664//286 7665//865 7728//46
f 7728//46 7665//865 7729//61
f 7665//865 7666//720 7729//61
f 7729//61 7666//720 7730//77
f 7666//720 7667//62 7730//77
f 7730//77 7667//62 7731//90
f 7667//62 7668//75 7731//90
f 7731//90 7668//75 7732//75
f 7668//75 7669//90 7732//75
f 7732//75 7669//90 7733//62
f 7669//90 7670//78 7733//62
f 7733//62 7670//78 7734//61
f 7670//78 7671//61 7734//61
f 7734//61 7671//61 7735//79
f 7671//61 7672//62 7735//79
f 7735//79 7672//62 7736//62
f 7672//62 7673//91 7736//62
f 7736//62 7673//91 7737//61
f 7673//91 7674//61 7737//61
f 7737//61 7674//61 7738//61
f 7674//61 7675//61 7738//61
f 7738//61 7675//61 7739//61
f 7675//61 7676//61 7739//61
f 7739//61 7676//61 7740//61
f 7676//61 7677//79 7740//61
f 7740//61 7677//79 7741//62
f 7677//79 7678//62 7741//62
f 7741//62 7678//62 7742//79
f 7678//62 7679//61 7742//79
f 7742//79 7679//61 7743//61
f 7679//61 7680//61 7743//61
f 7743//61 7680//61 7744//61
f 7680//61 7681//61 7744//61
f 7744//61 7681//61 7745//61
f 7681//61 7682//61 7745//61
f 7745//61 7682//61 7746//61
f 7682//61 7683//61 7746//61
f 7746//61 7683//61 7747//61
f 7683//61 7684//61 7747//61
f 7747//61 7684//61 7748//61
f 7684//61 7685//61 7748//61
f 7748//61 7685//61 7749//61
f 7685//61 7686//61 7749//61
f 7749//61 7686//61 7750//61
f 7686//61 7687//61 7750//61
f 7750//61 7687//61 7751//61
f 7687//61 7688//61 7751//61
f 7751//61 7688//61 7752//61
f 7688//61 7689//61 7752//61
f 7752//61 7689//61 7753//61
f 7689//61 7690//61 7753//61
f 7753//61 7690//61 7754//61
f 7690//61 7691//61 7754//61
f 7754//61 7691//61 7755//61
f 7691//61 7692//61 7755//61
f 7755//61 7692//61 7756//61
f 7692//61 7693//190 7756//61
f 7756//61 7693//190 7757//204
f 7693//190 7694//182 7757//204
f 7757//204 7694//182 7758//190
f 7694//182 7695//61 7758//190
f 7758//190 7695//61 7759//61
f 7695//61 7696//61 7759//61
f 7759//61 7696//61 7760//181
f 7696//61 7697//169 7760//181
f 7760//181 7697//169 7761//182
f 7697//169 7698//169 7761//182
f 7761//182 7698//169 7762//61
f 7698//169 7699//61 7762//61
f 7762//61 7699//61 7763//61
f 7699//61 7700//61 7763//61
f 7763//61 7700//61 7764//176
f 7700//61 7701//169 7764//176
f 7764//176 7701//169 7765//169
f 7701//169 7702//169 7765//169
f 7765//169 7702//169 7766//61
f 7702//169 7703//61 7766//61
f 7766//61 7703//61 7767//181
f 7703//61 7704//204 7767//181
f 7767//181 7704//204 7768//182
f 7704//204 7705//190 7768//182
f 7768//182 7705//190 7769//251
f 7705//190 7706//198 7769//251
f 7769//251 7706//198 7770//176
f 7706//198 7707//198 7770//176
f 7770//176 7707//198 7771//190
f 7707//198 7708//741 7771//190
f 7771//190 7708//741 7772//299
f 7708//741 7709//299 7772//299
f 7772//299 7709//299 7773//300
f 7709//299 7710//267 7773//300
f 7773//300 7710//267 7774//254
f 7710//267 7711//256 7774//254
f 7774//254 7711//256 7775//254
f 7711//256 7712//328 7775//254
f 7775//254 7712//328 7776//328
f 7712//328 7713//281 7776//328
f 7776//328 7713//281 7777//530
f 7713//281 7714//530 7777//530
f 7777//530 7714//530 7778//292
f 7714//530 7715//406 7778//292
f 7778//292 7715//406 7779//282
f 7715//406 7716//281 7779//282
f 7779//282 7716//281 7780//328
f 7716//281 7717//267 7780//328
f 7780//328 7717//267 7781//856
f 7717//267 7718//367 7781//856
f 7781//856 7718//367 7782//866
f 7718//367 7719//827 7782//866
f 7720//217 7721//246 7783//867
f 7783//867 7721//246 7784//761
f 7721//246 7722//42 7784//761
f 7784//761 7722//42 7785//70
f 7722//42 7723//70 7785//70
f 7785//70 7723//70 7786//25
f 7723//70 7724//15 7786//25
f 7786//25 7724//15 7787//44
f 7724//15 7725//391 7787//44
f 7787//44 7725//391 7788//44
f 7725//391 7726//212 7788//44
f 7788//44 7726//212 7789//44
f 7726//212 7727//436 7789//44
f 7789//44 7727//436 7790//286
f 7727//436 7728//46 7790//286
f 7790//286 7728//46 7791//104
f 7728//46 7729//61 7791//104
f 7791//104 7729//61 7792//91
f 7729//61 7730//77 7792//91
f 7792//91 7730//77 7793//116
f 7730//77 7731//90 7793//116
f 7793//116 7731//90 7794//76
f 7731//90 7732//75 7794//76
f 7794//76 7732//75 7795//868
f 7732//75 7733//62 7795//868
f 7795//868 7733//62 7796//76
f 7733//62 7734//61 7796//76
f 7796//76 7734//61 7797//61
f 7734//61 7735//79 7797//61
f 7797//61 7735//79 7798//76
f 7735//79 7736//62 7798//76
f 7798//76 7736//62 7799//76
f 7736//62 7737//61 7799//76
f 7799//76 7737//61 7800//61
f 7737//61 7738//61 7800//61
f 7800//61 7738//61 7801//61
f 7738//61 7739//61 7801//61
f 7801//61 7739//61 7802//61
f 7739//61 7740//61 7802//61
f 7802//61 7740//61 7803//77
f 7740//61 7741//62 7803//77
f 7803//77 7741//62 7804//77
f 7741//62 7742//79 7804//77
f 7804//77 7742//79 7805//61
f 7742//79 7743//61 7805//61
f 7805//61 7743//61 7806//61
f 7743//61 7744//61 7806//61
f 7806//61 7744//61 7807//61
f 7744//61 7745//61 7807//61
f 7807//61 7745//61 7808//61
f 7745//61 7746//61 7808//61
f 7808//61 7746//61 7809//61
f 7746//61 7747//61 7809//61
f 7809//61 7747//61 7810//61
f 7747//61 7748//61 7810//61
f 7810//61 7748//61 7811//61
f 7748//61 7749//61 7811//61
f 7811//61 7749//61 7812//61
f 7749//61 7750//61 7812//61
f 7812//61 7750//61 7813//61
f 7750//61 7751//61 7813//61
f 7813//61 7751//61 7814//61
f 7751//61 7752//61 7814//61
f 7814//61 7752//61 7815//61
f 7752//61 7753//61 7815//61
f 7815//61 7753//61 7816//61
f 7753//61 7754//61 7816//61
f 7816//61 7754//61 7817//61
f 7754//61 7755//61 7817//61
f 7817//61 7755//61 7818//61
f 7755//61 7756//61 7818//61
f 7818//61 7756//61 7819//169
f 7756//61 7757//204 7819//169
f 7819//169 7757//204 7820//169
f 7757//204 7758//190 7820//169
f 7820//169 7758//190 7821//61
f 7758//190 7759//61 7821//61
f 7821//61 7759//61 7822//61
f 7759//61 7760//181 7822//61
f 7822//61 7760//181 7823//182
f 7760//181 7761//182 7823//182
f 7823//182 7761//182 7824//190
f 7761//182 7762//61 7824//190
f 7824//190 7762//61 7825//61
f 7762//61 7763//61 7825//61
f 7825//61 7763//61 7826//181
f 7763//61 7764//176 7826//181
f 7826//181 7764//176 7827//182
f 7764//176 7765//169 7827//182
f 7827//182 7765//169 7828//61
f 7765//169 7766//61 7828//61
f 7828//61 7766//61 7829//61
f 7766//61 7767//181 7829//61
f 7829//61 7767//181 7830//182
f 7767//181 7768//182 7830//182
f 7830//182 7768//182 7831//204
f 7768//182 7769//251 7831//204
f 7831//204 7769//251 7832//176
f 7769//251 7770//176 7832//176
f 7832//176 7770//176 7833//264
f 7770//176 7771//190 7833//264
f 7833//264 7771//190 7834//289
f 7771//190 7772//299 7834//289
f 7834//289 7772//299 7835//231
f 7772//299 7773//300 7835//231
f 7835//231 7773//300 7836//267
f 7773//300 7774//254 7836//267
f 7836//267 7774//254 7837//256
f 7774//254 7775//254 7837//256
f 7837//256 7775//254 7838//290
f 7775//254 7776//328 7838//290
f 7838//290 7776//328 7839//290
f 7776//328 7777//530 7839//290
f 7839//290 7777//530 7840//281
f 7777//530 7778//292 7840//281
f 7840//281 7778//292 7841//282
f 7778//292 7779//282 7841//282
f 7841//282 7779//282 7842//281
f 7779//282 7780//328 7842//281
f 7842//281 7780//328 7843//869
f 7780//328 7781//856 7843//869
f 7843//869 7781//856 7844//870
f 7781//856 7782//866 7844//870
f 7783//867 7784//761 7845//871
f 7845//871 7784//761 7846//872
f 7784//761 7785//70 7846//872
f 7846//872 7785//70 7847//174
f 7785//70 7786//25 7847//174
f 7847//174 7786//25 7848//42
f 7786//25 7787//44 7848//42
f 7848//42 7787//44 7849//69
f 7787//44 7788//44 7849//69
f 7849//69 7788//44 7850//44
f 7788//44 7789//44 7850//44
f 7850//44 7789//44 7851//325
f 7789//44 7790//286 7851//325
f 7851//325 7790//286 7852//46
f 7790//286 7791//104 7852//46
f 7852//46 7791//104 7853//61
f 7791//104 7792//91 7853//61
f 7853//61 7792//91 7854//76
f 7792//91 7793//116 7854//76
f 7854//76 7793//116 7855//76
f 7793//116 7794//76 7855//76
f 7855//76 7794//76 7856//76
f 7794//76 7795//868 7856//76
f 7856//76 7795//868 7857//868
f 7795//868 7796//76 7857//868
f 7857//868 7796//76 7858//76
f 7796//76 7797//61 7858//76
f 7858//76 7797//61 7859//61
f 7797//61 7798//76 7859//61
f 7859//61 7798//76 7860//76
f 7798//76 7799//76 7860//76
f 7860//76 7799//76 7861//76
f 7799//76 7800//61 7861//76
f 7861//76 7800//61 7862//61
f 7800//61 7801//61 7862//61
f 7862//61 7801//61 7863//61
f 7801//61 7802//61 7863//61
f 7863//61 7802//61 7864//79
f 7802//61 7803//77 7864//79
f 7864//79 7803//77 7865//62
f 7803//77 7804//77 7865//62
f 7865//62 7804//77 7866//61
f 7804//77 7805//61 7866//61
f 7866//61 7805//61 7867//61
f 7805//61 7806//61 7867//61
f 7867//61 7806//61 7868//61
f 7806//61 7807//61 7868//61
f 7868//61 7807//61 7869//61
f 7807//61 7808//61 7869//61
f 7869//61 7808//61 7870//61
f 7808//61 7809//61 7870//61
f 7870//61 7809//61 7871//61
f 7809//61 7810//61 7871//61
f 7871//61 7810//61 7872//61
f 7810//61 7811//61 7872//61
f 7872//61 7811//61 7873//61
f 7811//61 7812//61 7873//61
f 7873//61 7812//61 7874//61
f 7812//61 7813//61 7874//61
f 7874//61 7813//61 7875//61
f 7813//61 7814//61 7875//61
f 7875//61 7814//61 7876//61
f 7814//61 7815//61 7876//61
f 7876//61 7815//61 7877//61
f 7815//61 7816//61 7877//61
f 7877//61 7816//61 7878//61
f 7816//61 7817//61 7878//61
f 7878//61 7817//61 7879//61
f 7817//61 7818//61 7879//61
f 7879//61 7818//61 7880//181
f 7818//61 7819//169 7880//181
f 7880//181 7819//169 7881//182
f 7819//169 7820//169 7881//182
f 7881//182 7820//169 7882//61
f 7820//169 7821//61 7882//61
f 7882//61 7821//61 7883//61
f 7821//61 7822//61 7883//61
f 7883//61 7822//61 7884//181
f 7822//61 7823//182 7884//181
f 7884//181 7823//182 7885//182
f 7823//182 7824//190 7885//182
f 7885//182 7824//190 7886//61
f 7824//190 7825//61 7886//61
f 7886//61 7825//61 7887//251
f 7825//61 7826//181 7887//251
f 7887//251 7826//181 7888//169
f 7826//181 7827//182 7888//169
f 7888//169 7827//182 7889//190
f 7827//182 7828//61 7889//190
f 7889//190 7828//61 7890//61
f 7828//61 7829//61 7890//61
f 7890//61 7829//61 7891//169
f 7829//61 7830//182 7891//169
f 7891//169 7830//182 7892//169
f 7830//182 7831//204 7892//169
f 7892//169 7831//204 7893//198
f 7831//204 7832//176 7893//198
f 7893//198 7832//176 7894//198
f 7832//176 7833//264 7894//198
f 7894//198 7833//264 7895//741
f 7833//264 7834//289 7895//741
f 7895//741 7834//289 7896//299
f 7834//289 7835//231 7896//299
f 7896//299 7835//231 7897//267
f 7835//231 7836//267 7897//267
f 7897//267 7836//267 7898//254
f 7836//267 7837//256 7898//254
f 7898//254 7837//256 7899//290
f 7837//256 7838//290 7899//290
f 7899//290 7838//290 7900//290
f 7838//290 7839//290 7900//290
f 7900//290 7839//290 7901//290
f 7839//290 7840//281 7901//290
f 7901//290 7840//281 7902//292
f 7840//281 7841//282 7902//292
f 7902//292 7841//282 7903//282
f 7841//282 7842//281 7903//282
f 7903//282 7842//281 7904//328
f 7842//281 7843//869 7904//328
f 7904//328 7843//869 7905//846
f 7843//869 7844//870 7905//846
f 7905//846 7844//870 7906//847
f 7845//871 7846//872 7907//873
f 7907//873 7846//872 7908//874
f 7846//872 7847//174 7908//874
f 7908//874 7847//174 7909//875
f 7847//174 7848//42 7909//875
f 7909//875 7848//42 7910//16
f 7848//42 7849//69 7910//16
f 7910//16 7849//69 7911//695
f 7849//69 7850//44 7911//695
f 7911//695 7850//44 7912//391
f 7850//44 7851//325 7912//391
f 7912//391 7851//325 7913//415
f 7851//325 7852//46 7913//415
f 7913//415 7852//46 7914//29
f 7852//46 7853//61 7914//29
f 7914//29 7853//61 7915//61
f 7853//61 7854//76 7915//61
f 7915//61 7854//76 7916//62
f 7854//76 7855//76 7916//62
f 7916//62 7855//76 7917//91
f 7855//76 7856//76 7917//91
f 7917//91 7856//76 7918//76
f 7856//76 7857//868 7918//76
f 7918//76 7857//868 7919//868
f 7857//868 7858//76 7919//868
f 7919//868 7858//76 7920//76
f 7858//76 7859//61 7920//76
f 7920//76 7859//61 7921//61
f 7859//61 7860//76 7921//61
f 7921//61 7860//76 7922//76
f 7860//76 7861//76 7922//76
f 7922//76 7861//76 7923//76
f 7861//76 7862//61 7923//76
f 7923//76 7862//61 7924//61
f 7862//61 7863//61 7924//61
f 7924//61 7863//61 7925//61
f 7863//61 7864//79 7925//61
f 7925//61 7864//79 7926//76
f 7864//79 7865//62 7926//76
f 7926//76 7865//62 7927//76
f 7865//62 7866//61 7927//76
f 7927//76 7866//61 7928//61
f 7866//61 7867//61 7928//61
f 7928//61 7867//61 7929//61
f 7867//61 7868//61 7929//61
f 7929//61 7868//61 7930//61
f 7868//61 7869//61 7930//61
f 7930//61 7869//61 7931//61
f 7869//61 7870//61 7931//61
f 7931//61 7870//61 7932//61
f 7870//61 7871//61 7932//61
f 7932//61 7871//61 7933//61
f 7871//61 7872//61 7933//61
f 7933//61 7872//61 7934//61
f 7872//61 7873//61 7934//61
f 7934//61 7873//61 7935//61
f 7873//61 7874//61 7935//61
f 7935//61 7874//61 7936//61
f 7874//61 7875//61 7936//61
f 7936//61 7875//61 7937//61
f 7875//61 7876//61 7937//61
f 7937//61 7876//61 7938//61
f 7876//61 7877//61 7938//61
f 7938//61 7877//61 7939//61
f 7877//61 7878//61 7939//61
f 7939//61 7878//61 7940//61
f 7878//61 7879//61 7940//61
f 7940//61 7879//61 7941//61
f 7879//61 7880//181 7941//61
f 7941//61 7880//181 7942//204
f 7880//181 7881//182 7942//204
f 7942//204 7881//182 7943//190
f 7881//182 7882//61 7943//190
f 7943//190 7882//61 7944//61
f 7882//61 7883//61 7944//61
f 7944//61 7883//61 7945//61
f 7883//61 7884//181 7945//61
f 7945//61 7884//181 7946//204
f 7884//181 7885//182 7946//204
f 7946//204 7885//182 7947//190
f 7885//182 7886//61 7947//190
f 7947//190 7886//61 7948//181
f 7886//61 7887//251 7948//181
f 7948//181 7887//251 7949//169
f 7887//251 7888//169 7949//169
f 7949//169 7888//169 7950//251
f 7888//169 7889//190 7950//251
f 7950//251 7889//190 7951//61
f 7889//190 7890//61 7951//61
f 7951//61 7890//61 7952//181
f 7890//61 7891//169 7952//181
f 7952//181 7891//169 7953//182
f 7891//169 7892//169 7953//182
f 7953//182 7892//169 7954//61
f 7892//169 7893//198 7954//61
f 7954//61 7893//198 7955//204
f 7893//198 7894//198 7955//204
f 7955//204 7894//198 7956//190
f 7894//198 7895//741 7956//190
f 7956//190 7895//741 7957//299
f 7895//741 7896//299 7957//299
f 7957//299 7896//299 7958//300
f 7896//299 7897//267 7958//300
f 7958//300 7897//267 7959//290
f 7897//267 7898//254 7959//290
f 7959//290 7898//254 7960//254
f 7898//254 7899//290 7960//254
f 7960//254 7899//290 7961//290
f 7899//290 7900//290 7961//290
f 7961//290 7900//290 7962//290
f 7900//290 7901//290 7962//290
f 7962//290 7901//290 7963//302
f 7901//290 7902//292 7963//302
f 7963//302 7902//292 7964//365
f 7902//292 7903//282 7964//365
f 7964//365 7903//282 7965//365
f 7903//282 7904//328 7965//365
f 7965//365 7904//328 7966//361
f 7904//328 7905//846 7966//361
f 7966//361 7905//846 7967//876
f 7905//846 7906//847 7967//876
f 7907//873 7908//874 7968//877
f 7908//874 7909//875 7969//878
f 7908//874 7969//878 7968//877
f 7909//875 7910//16 7969//878
f 7969//878 7910//16 7970//879
f 7910//16 7911//695 7970//879
f 7970//879 7911//695 7971//880
f 7911//695 7912//391 7971//880
f 7971//880 7912//391 7972//212
f 7912//391 7913//415 7972//212
f 7972//212 7913//415 7973//861
f 7913//415 7914//29 7973//861
f 7973//861 7914//29 7974//29
f 7914//29 7915//61 7974//29
f 7974//29 7915//61 7975//79
f 7915//61 7916//62 7975//79
f 7975//79 7916//62 7976//62
f 7916//62 7917//91 7976//62
f 7976//62 7917//91 7977//61
f 7917//91 7918//76 7977//61
f 7977//61 7918//76 7978//76
f 7918//76 7919//868 7978//76
f 7978//76 7919//868 7979//868
f 7919//868 7920//76 7979//868
f 7979//868 7920//76 7980//76
f 7920//76 7921//61 7980//76
f 7980//76 7921//61 7981//61
f 7921//61 7922//76 7981//61
f 7981//61 7922//76 7982//76
f 7922//76 7923//76 7982//76
f 7982//76 7923//76 7983//76
f 7923//76 7924//61 7983//76
f 7983//76 7924//61 7984//61
f 7924//61 7925//61 7984//61
f 7984//61 7925//61 7985//61
f 7925//61 7926//76 7985//61
f 7985//61 7926//76 7986//76
f 7926//76 7927//76 7986//76
f 7986//76 7927//76 7987//76
f 7927//76 7928//61 7987//76
f 7987//76 7928//61 7988//61
f 7928//61 7929//61 7988//61
f 7988//61 7929//61 7989//61
f 7929//61 7930//61 7989//61
f 7989//61 7930//61 7990//61
f 7930//61 7931//61 7990//61
f 7990//61 7931//61 7991//61
f 7931//61 7932//61 7991//61
f 7991//61 7932//61 7992//61
f 7932//61 7933//61 7992//61
f 7992//61 7933//61 7993//61
f 7933//61 7934//61 7993//61
f 7993//61 7934//61 7994//61
f 7934//61 7935//61 7994//61
f 7994//61 7935//61 7995//61
f 7935//61 7936//61 7995//61
f 7995//61 7936//61 7996//61
f 7936//61 7937//61 7996//61
f 7996//61 7937//61 7997//61
f 7937//61 7938//61 7997//61
f 7997//61 7938//61 7998//61
f 7938//61 7939//61 7998//61
f 7998//61 7939//61 7999//61
f 7939//61 7940//61 7999//61
f 7999//61 7940//61 8000//61
f 7940//61 7941//61 8000//61
f 8000//61 7941//61 8001//169
f 7941//61 7942//204 8001//169
f 8001//169 7942//204 8002//169
f 7942//204 7943//190 8002//169
f 8002//169 7943//190 8003//61
f 7943//190 7944//61 8003//61
f 8003//61 7944//61 8004//61
f 7944//61 7945//61 8004//61
f 8004//61 7945//61 8005//181
f 7945//61 7946//204 8005//181
f 8005//181 7946//204 8006//204
f 7946//204 7947//190 8006//204
f 8006//204 7947//190 8007//61
f 7947//190 7948//181 8007//61
f 8007//61 7948//181 8008//204
f 7948//181 7949//169 8008//204
f 8008//204 7949//169 8009//190
f 7949//169 7950//251 8009//190
f 8009//190 7950//251 8010//61
f 7950//251 7951//61 8010//61
f 8010//61 7951//61 8011//61
f 7951//61 7952//181 8011//61
f 8011//61 7952//181 8012//182
f 7952//181 7953//182 8012//182
f 8012//182 7953//182 8013//181
f 7953//182 7954//61 8013//181
f 8013//181 7954//61 8014//169
f 7954//61 7955//204 8014//169
f 8014//169 7955//204 8015//169
f 7955//204 7956//190 8015//169
f 8015//169 7956//190 8016//289
f 7956//190 7957//299 8016//289
f 8016//289 7957//299 8017//231
f 7957//299 7958//300 8017//231
f 8017//231 7958//300 8018//267
f 7958//300 7959//290 8018//267
f 8018//267 7959//290 8019//267
f 7959//290 7960//254 8019//267
f 8019//267 7960//254 8020//290
f 7960//254 7961//290 8020//290
f 8020//290 7961//290 8021//290
f 7961//290 7962//290 8021//290
f 8021//290 7962//290 8022//328
f 7962//290 7963//302 8022//328
f 8022//328 7963//302 8023//311
f 7963//302 7964//365 8023//311
f 8023//311 7964//365 8024//383
f 7964//365 7965//365 8024//383
f 8024//383 7965//365 8025//328
f 7965//365 7966//361 8025//328
f 8025//328 7966//361 8026//367
f 7966//361 7967//876 8026//367
f 8026//367 7967//876 8027//881
f 7968//877 7969//878 8028//882
f 7969//878 7970//879 8029//883
f 7969//878 8029//883 8028//882
f 7970//879 7971//880 8030//884
f 7970//879 8030//884 8029//883
f 7971//880 7972//212 8030//884
f 8030//884 7972//212 8031//885
f 7972//212 7973//861 8031//885
f 8031//885 7973//861 8032//886
f 7973//861 7974//29 8032//886
f 8032//886 7974//29 8033//29
f 7974//29 7975//79 8033//29
f 8033//29 7975//79 8034//76
f 7975//79 7976//62 8034//76
f 8034//76 7976//62 8035//76
f 7976//62 7977//61 8035//76
f 8035//76 7977//61 8036//61
f 7977//61 7978//76 8036//61
f 8036//61 7978//76 8037//116
f 7978//76 7979//868 8037//116
f 8037//116 7979//868 8038//105
f 7979//868 7980//76 8038//105
f 8038//105 7980//76 8039//76
f 7980//76 7981//61 8039//76
f 8039//76 7981//61 8040//61
f 7981//61 7982//76 8040//61
f 8040//61 7982//76 8041//76
f 7982//76 7983//76 8041//76
f 8041//76 7983//76 8042//76
f 7983//76 7984//61 8042//76
f 8042//76 7984//61 8043//61
f 7984//61 7985//61 8043//61
f 8043//61 7985//61 8044//61
f 7985//61 7986//76 8044//61
f 8044//61 7986//76 8045//76
f 7986//76 7987//76 8045//76
f 8045//76 7987//76 8046//76
f 7987//76 7988//61 8046//76
f 8046//76 7988//61 8047//61
f 7988//61 7989//61 8047//61
f 8047//61 7989//61 8048//61
f 7989//61 7990//61 8048//61
f 8048//61 7990//61 8049//61
f 7990//61 7991//61 8049//61
f 8049//61 7991//61 8050//61
f 7991//61 7992//61 8050//61
f 8050//61 7992//61 8051//61
f 7992//61 7993//61 8051//61
f 8051//61 7993//61 8052//61
f 7993//61 7994//61 8052//61
f 8052//61 7994//61 8053//61
f 7994//61 7995//61 8053//61
f 8053//61 7995//61 8054//61
f 7995//61 7996//61 8054//61
f 8054//61 7996//61 8055//61
f 7996//61 7997//61 8055//61
f 8055//61 7997//61 8056//61
f 7997//61 7998//61 8056//61
f 8056//61 7998//61 8057//61
f 7998//61 7999//61 8057//61
f 8057//61 7999//61 8058//61
f 7999//61 8000//61 8058//61
f 8058//61 8000//61 8059//190
f 8000//61 8001//169 8059//190
f 8059//190 8001//169 8060//204
f 8001//169 8002//169 8060//204
f 8060//204 8002//169 8061//61
f 8002//169 8003//61 8061//61
f 8061//61 8003//61 8062//61
f 8003//61 8004//61 8062//61
f 8062//61 8004//61 8063//61
f 8004//61 8005//181 8063//61
f 8063//61 8005//181 8064//204
f 8005//181 8006//204 8064//204
f 8064//204 8006//204 8065//181
f 8006//204 8007//61 8065//181
f 8065//181 8007//61 8066//181
f 8007//61 8008//204 8066//181
f 8066//181 8008//204 8067//204
f 8008//204 8009//190 8067//204
f 8067//204 8009//190 8068//61
f 8009//190 8010//61 8068//61
f 8068//61 8010//61 8069//61
f 8010//61 8011//61 8069//61
f 8069//61 8011//61 8070//176
f 8011//61 8012//182 8070//176
f 8070//176 8012//182 8071//169
f 8012//182 8013//181 8071//169
f 8071//169 8013//181 8072//169
f 8013//181 8014//169 8072//169
f 8072//169 8014//169 8073//169
f 8014//169 8015//169 8073//169
f 8073//169 8015//169 8074//289
f 8015//169 8016//289 8074//289
f 8074//289 8016//289 8075//289
f 8016//289 8017//231 8075//289
f 8075//289 8017//231 8076//267
f 8017//231 8018//267 8076//267
f 8076//267 8018//267 8077//290
f 8018//267 8019//267 8077//290
f 8077//290 8019//267 8078//290
f 8019//267 8020//290 8078//290
f 8078//290 8020//290 8079//267
f 8020//290 8021//290 8079//267
f 8079//267 8021//290 8080//267
f 8021//290 8022//328 8080//267
f 8080//267 8022//328 8081//292
f 8022//328 8023//311 8081//292
f 8081//292 8023//311 8082//365
f 8023//311 8024//383 8082//365
f 8082//365 8024//383 8083//291
f 8024//383 8025//328 8083//291
f 8083//291 8025//328 8084//856
f 8025//328 8026//367 8084//856
f 8084//856 8026//367 8085//857
f 8026//367 8027//881 8085//857
f 8029//883 8030//884 8086//887
f 8030//884 8031//885 8087//888
f 8030//884 8087//888 8086//887
f 8031//885 8032//886 8088//889
f 8031//885 8088//889 8087//888
f 8032//886 8033//29 8088//889
f 8088//889 8033//29 8089//890
f 8033//29 8034//76 8089//890
f 8089//890 8034//76 8090//76
f 8034//76 8035//76 8090//76
f 8090//76 8035//76 8091//76
f 8035//76 8036//61 8091//76
f 8091//76 8036//61 8092//77
f 8036//61 8037//116 8092//77
f 8092//77 8037//116 8093//78
f 8037//116 8038//105 8093//78
f 8093//78 8038//105 8094//76
f 8038//105 8039//76 8094//76
f 8094//76 8039//76 8095//76
f 8039//76 8040//61 8095//76
f 8095//76 8040//61 8096//61
f 8040//61 8041//76 8096//61
f 8096//61 8041//76 8097//76
f 8041//76 8042//76 8097//76
f 8097//76 8042//76 8098//76
f 8042//76 8043//61 8098//76
f 8098//76 8043//61 8099//61
f 8043//61 8044//61 8099//61
f 8099//61 8044//61 8100//61
f 8044//61 8045//76 8100//61
f 8100//61 8045//76 8101//76
f 8045//76 8046//76 8101//76
f 8101//76 8046//76 8102//76
f 8046//76 8047//61 8102//76
f 8102//76 8047//61 8103//61
f 8047//61 8048//61 8103//61
f 8103//61 8048//61 8104//61
f 8048//61 8049//61 8104//61
f 8104//61 8049//61 8105//61
f 8049//61 8050//61 8105//61
f 8105//61 8050//61 8106//61
f 8050//61 8051//61 8106//61
f 8106//61 8051//61 8107//61
f 8051//61 8052//61 8107//61
f 8107//61 8052//61 8108//61
f 8052//61 8053//61 8108//61
f 8108//61 8053//61 8109//61
f 8053//61 8054//61 8109//61
f 8109//61 8054//61 8110//61
f 8054//61 8055//61 8110//61
f 8110//61 8055//61 8111//61
f 8055//61 8056//61 8111//61
f 8111//61 8056//61 8112//61
f 8056//61 8057//61 8112//61
f 8112//61 8057//61 8113//61
f 8057//61 8058//61 8113//61
f 8113//61 8058//61 8114//61
f 8058//61 8059//190 8114//61
f 8114//61 8059//190 8115//198
f 8059//190 8060//204 8115//198
f 8115//198 8060//204 8116//198
f 8060//204 8061//61 8116//198
f 8116//198 8061//61 8117//61
f 8061//61 8062//61 8117//61
f 8117//61 8062//61 8118//61
f 8062//61 8063//61 8118//61
f 8118//61 8063//61 8119//181
f 8063//61 8064//204 8119//181
f 8119//181 8064//204 8120//204
f 8064//204 8065//181 8120//204
f 8120//204 8065//181 8121//61
f 8065//181 8066//181 8121//61
f 8121//61 8066//181 8122//359
f 8066//181 8067//204 8122//359
f 8122//359 8067//204 8123//190
f 8067//204 8068//61 8123//190
f 8123//190 8068//61 8124//61
f 8068//61 8069//61 8124//61
f 8124//61 8069//61 8125//181
f 8069//61 8070//176 8125//181
f 8125//181 8070//176 8126//204
f 8070//176 8071//169 8126//204
f 8126//204 8071//169 8127//181
f 8071//169 8072//169 8127//181
f 8127//181 8072//169 8128//204
f 8072//169 8073//169 8128//204
f 8128//204 8073//169 8129//741
f 8073//169 8074//289 8129//741
f 8129//741 8074//289 8130//299
f 8074//289 8075//289 8130//299
f 8130//299 8075//289 8131//254
f 8075//289 8076//267 8131//254
f 8131//254 8076//267 8132//290
f 8076//267 8077//290 8132//290
f 8132//290 8077//290 8133//267
f 8077//290 8078//290 8133//267
f 8133//267 8078//290 8134//405
f 8078//290 8079//267 8134//405
f 8134//405 8079//267 8135//242
f 8079//267 8080//267 8135//242
f 8135//242 8080//267 8136//311
f 8080//267 8081//292 8136//311
f 8136//311 8081//292 8137//365
f 8081//292 8082//365 8137//365
f 8137//365 8082//365 8138//281
f 8082//365 8083//291 8138//281
f 8138//281 8083//291 8139//891
f 8083//291 8084//856 8139//891
f 8139//891 8084//856 8140//892
f 8084//856 8085//857 8140//892
f 8086//887 8087//888 8142//893
f 8086//887 8142//893 8141//894
f 8087//888 8088//889 8143//895
f 8087//888 8143//895 8142//893
f 8088//889 8089//890 8144//896
f 8088//889 8144//896 8143//895
f 8089//890 8090//76 8144//896
f 8144//896 8090//76 8145//897
f 8090//76 8091//76 8145//897
f 8145//897 8091//76 8146//898
f 8091//76 8092//77 8146//898
f 8146//898 8092//77 8147//62
f 8092//77 8093//78 8147//62
f 8147//62 8093//78 8148//61
f 8093//78 8094//76 8148//61
f 8148//61 8094//76 8149//62
f 8094//76 8095//76 8149//62
f 8149//62 8095//76 8150//91
f 8095//76 8096//61 8150//91
f 8150//91 8096//61 8151//61
f 8096//61 8097//76 8151//61
f 8151//61 8097//76 8152//76
f 8097//76 8098//76 8152//76
f 8152//76 8098//76 8153//76
f 8098//76 8099//61 8153//76
f 8153//76 8099//61 8154//61
f 8099//61 8100//61 8154//61
f 8154//61 8100//61 8155//61
f 8100//61 8101//76 8155//61
f 8155//61 8101//76 8156//578
f 8101//76 8102//76 8156//578
f 8156//578 8102//76 8157//579
f 8102//76 8103//61 8157//579
f 8157//579 8103//61 8158//61
f 8103//61 8104//61 8158//61
f 8158//61 8104//61 8159//61
f 8104//61 8105//61 8159//61
f 8159//61 8105//61 8160//61
f 8105//61 8106//61 8160//61
f 8160//61 8106//61 8161//61
f 8106//61 8107//61 8161//61
f 8161//61 8107//61 8162//61
f 8107//61 8108//61 8162//61
f 8162//61 8108//61 8163//61
f 8108//61 8109//61 8163//61
f 8163//61 8109//61 8164//61
f 8109//61 8110//61 8164//61
f 8164//61 8110//61 8165//61
f 8110//61 8111//61 8165//61
f 8165//61 8111//61 8166//61
f 8111//61 8112//61 8166//61
f 8166//61 8112//61 8167//61
f 8112//61 8113//61 8167//61
f 8167//61 8113//61 8168//61
f 8113//61 8114//61 8168//61
f 8168//61 8114//61 8169//61
f 8114//61 8115//198 8169//61
f 8169//61 8115//198 8170//182
f 8115//198 8116//198 8170//182
f 8170//182 8116//198 8171//190
f 8116//198 8117//61 8171//190
f 8171//190 8117//61 8172//61
f 8117//61 8118//61 8172//61
f 8172//61 8118//61 8173//61
f 8118//61 8119//181 8173//61
f 8173//61 8119//181 8174//204
f 8119//181 8120//204 8174//204
f 8174//204 8120//204 8175//190
f 8120//204 8121//61 8175//190
f 8175//190 8121//61 8176//181
f 8121//61 8122//359 8176//181
f 8176//181 8122//359 8177//182
f 8122//359 8123//190 8177//182
f 8177//182 8123//190 8178//61
f 8123//190 8124//61 8178//61
f 8178//61 8124//61 8179//61
f 8124//61 8125//181 8179//61
f 8179//61 8125//181 8180//204
f 8125//181 8126//204 8180//204
f 8180//204 8126//204 8181//181
f 8126//204 8127//181 8181//181
f 8181//181 8127//181 8182//198
f 8127//181 8128//204 8182//198
f 8182//198 8128//204 8183//198
f 8128//204 8129//741 8183//198
f 8183//198 8129//741 8184//299
f 8129//741 8130//299 8184//299
f 8184//299 8130//299 8185//899
f 8130//299 8131//254 8185//899
f 8185//899 8131//254 8186//267
f 8131//254 8132//290 8186//267
f 8186//267 8132//290 8187//267
f 8132//290 8133//267 8187//267
f 8187//267 8133//267 8188//256
f 8133//267 8134//405 8188//256
f 8188//256 8134//405 8189//267
f 8134//405 8135//242 8189//267
f 8189//267 8135//242 8190//292
f 8135//242 8136//311 8190//292
f 8190//292 8136//311 8191//268
f 8136//311 8137//365 8191//268
f 8191//268 8137//365 8192//281
f 8137//365 8138//281 8192//281
f 8192//281 8138//281 8193//900
f 8138//281 8139//891 8193//900
f 8193//900 8139//891 8194//901
f 8139//891 8140//892 8194//901
f 8141//894 8142//893 8195//902
f 8142//893 8143//895 8196//903
f 8142//893 8196//903 8195//902
f 8143//895 8144//896 8197//904
f 8143//895 8197//904 8196//903
f 8144//896 8145//897 8198//905
f 8144//896 8198//905 8197//904
f 8145//897 8146//898 8199//906
f 8145//897 8199//906 8198//905
f 8146//898 8147//62 8199//906
f 8199//906 8147//62 8200//582
f 8147//62 8148//61 8200//582
f 8200//582 8148//61 8201//49
f 8148//61 8149//62 8201//49
f 8201//49 8149//62 8202//62
f 8149//62 8150//91 8202//62
f 8202//62 8150//91 8203//61
f 8150//91 8151//61 8203//61
f 8203//61 8151//61 8204//61
f 8151//61 8152//76 8204//61
f 8204//61 8152//76 8205//116
f 8152//76 8153//76 8205//116
f 8205//116 8153//76 8206//91
f 8153//76 8154//61 8206//91
f 8206//91 8154//61 8207//61
f 8154//61 8155//61 8207//61
f 8207//61 8155//61 8208//61
f 8155//61 8156//578 8208//61
f 8208//61 8156//578 8209//61
f 8156//578 8157//579 8210//907
f 8156//578 8210//907 8209//61
f 8157//579 8158//61 8211//907
f 8157//579 8211//907 8210//907
f 8158//61 8159//61 8211//907
f 8211//907 8159//61 8212//61
f 8159//61 8160//61 8212//61
f 8212//61 8160//61 8213//61
f 8160//61 8161//61 8213//61
f 8213//61 8161//61 8214//61
f 8161//61 8162//61 8214//61
f 8214//61 8162//61 8215//61
f 8162//61 8163//61 8215//61
f 8215//61 8163//61 8216//61
f 8163//61 8164//61 8216//61
f 8216//61 8164//61 8217//61
f 8164//61 8165//61 8217//61
f 8217//61 8165//61 8218//61
f 8165//61 8166//61 8218//61
f 8218//61 8166//61 8219//61
f 8166//61 8167//61 8219//61
f 8219//61 8167//61 8220//61
f 8167//61 8168//61 8220//61
f 8220//61 8168//61 8221//61
f 8168//61 8169//61 8221//61
f 8221//61 8169//61 8222//181
f 8169//61 8170//182 8222//181
f 8222//181 8170//182 8223//204
f 8170//182 8171//190 8223//204
f 8223//204 8171//190 8224//61
f 8171//190 8172//61 8224//61
f 8224//61 8172//61 8225//61
f 8172//61 8173//61 8225//61
f 8225//61 8173//61 8226//169
f 8173//61 8174//204 8226//169
f 8226//169 8174//204 8227//169
f 8174//204 8175//190 8227//169
f 8227//169 8175//190 8228//61
f 8175//190 8176//181 8228//61
f 8228//61 8176//181 8229//204
f 8176//181 8177//182 8229//204
f 8229//204 8177//182 8230//190
f 8177//182 8178//61 8230//190
f 8230//190 8178//61 8231//61
f 8178//61 8179//61 8231//61
f 8231//61 8179//61 8232//169
f 8179//61 8180//204 8232//169
f 8232//169 8180//204 8233//169
f 8180//204 8181//181 8233//169
f 8233//169 8181//181 8234//61
f 8181//181 8182//198 8234//61
f 8234//61 8182//198 8235//182
f 8182//198 8183//198 8235//182
f 8235//182 8183//198 8236//614
f 8183//198 8184//299 8236//614
f 8236//614 8184//299 8237//299
f 8184//299 8185//899 8237//299
f 8237//299 8185//899 8238//267
f 8185//899 8186//267 8238//267
f 8238//267 8186//267 8239//267
f 8186//267 8187//267 8239//267
f 8239//267 8187//267 8240//267
f 8187//267 8188//256 8240//267
f 8240//267 8188//256 8241//256
f 8188//256 8189//267 8241//256
f 8241//256 8189//267 8242//311
f 8189//267 8190//292 8242//311
f 8242//311 8190//292 8243//291
f 8190//292 8191//268 8243//291
f 8243//291 8191//268 8244//292
f 8191//268 8192//281 8244//292
f 8244//292 8192//281 8245//281
f 8192//281 8193//900 8245//281
f 8245//281 8193//900 8246//908
f 8193//900 8194//901 8246//908
f 8246//908 8194//901 8247//847
f 8195//902 8196//903 8249//909
f 8195//902 8249//909 8248//910
f 8196//903 8197//904 8250//911
f 8196//903 8250//911 8249//909
f 8197//904 8198//905 8251//912
f 8197//904 8251//912 8250//911
f 8198//905 8199//906 8252//913
f 8198//905 8252//913 8251//912
f 8199//906 8200//582 8253//914
f 8199//906 8253//914 8252//913
f 8200//582 8201//49 8254//915
f 8200//582 8254//915 8253//914
f 8201//49 8202//62 8254//915
f 8254//915 8202//62 8255//579
f 8202//62 8203//61 8255//579
f 8255//579 8203//61 8256//61
f 8203//61 8204//61 8256//61
f 8256//61 8204//61 8257//79
f 8204//61 8205//116 8257//79
f 8257//79 8205//116 8258//62
f 8205//116 8206//91 8258//62
f 8258//62 8206//91 8259//61
f 8206//91 8207//61 8259//61
f 8259//61 8207//61 8260//61
f 8207//61 8208//61 8260//61
f 8260//61 8208//61 8261//61
f 8208//61 8209//61 8261//61
f 8261//61 8209//61 8262//61
f 8209//61 8210//907 8262//61
f 8262//61 8210//907 8263//61
f 8210//907 8211//907 8264//907
f 8210//907 8264//907 8263//61
f 8211//907 8212//61 8265//907
f 8211//907 8265//907 8264//907
f 8212//61 8213//61 8265//907
f 8265//907 8213//61 8266//61
f 8213//61 8214//61 8266//61
f 8266//61 8214//61 8267//61
f 8214//61 8215//61 8267//61
f 8267//61 8215//61 8268//61
f 8215//61 8216//61 8268//61
f 8268//61 8216//61 8269//61
f 8216//61 8217//61 8269//61
f 8269//61 8217//61 8270//61
f 8217//61 8218//61 8270//61
f 8270//61 8218//61 8271//61
f 8218//61 8219//61 8271//61
f 8271//61 8219//61 8272//61
f 8219//61 8220//61 8272//61
f 8272//61 8220//61 8273//61
f 8220//61 8221//61 8273//61
f 8273//61 8221//61 8274//251
f 8221//61 8222//181 8274//251
f 8274//251 8222//181 8275//176
f 8222//181 8223//204 8275//176
f 8275//176 8223//204 8276//181
f 8223//204 8224//61 8276//181
f 8276//181 8224//61 8277//61
f 8224//61 8225//61 8277//61
f 8277//61 8225//61 8278//176
f 8225//61 8226//169 8278//176
f 8278//176 8226//169 8279//169
f 8226//169 8227//169 8279//169
f 8279//169 8227//169 8280//61
f 8227//169 8228//61 8280//61
f 8280//61 8228//61 8281//176
f 8228//61 8229//204 8281//176
f 8281//176 8229//204 8282//169
f 8229//204 8230//190 8282//169
f 8282//169 8230//190 8283//61
f 8230//190 8231//61 8283//61
f 8283//61 8231//61 8284//169
f 8231//61 8232//169 8284//169
f 8284//169 8232//169 8285//169
f 8232//169 8233//169 8285//169
f 8285//169 8233//169 8286//61
f 8233//169 8234//61 8286//61
f 8286//61 8234//61 8287//176
f 8234//61 8235//182 8287//176
f 8287//176 8235//182 8288//169
f 8235//182 8236//614 8288//169
f 8288//169 8236//614 8289//675
f 8236//614 8237//299 8289//675
f 8289//675 8237//299 8290//549
f 8237//299 8238//267 8290//549
f 8290//549 8238//267 8291//267
f 8238//267 8239//267 8291//267
f 8291//267 8239//267 8292//405
f 8239//267 8240//267 8292//405
f 8292//405 8240//267 8293//405
f 8240//267 8241//256 8293//405
f 8293//405 8241//256 8294//280
f 8241//256 8242//311 8294//280
f 8294//280 8242//311 8295//268
f 8242//311 8243//291 8295//268
f 8295//268 8243//291 8296//291
f 8243//291 8244//292 8296//291
f 8296//291 8244//292 8297//291
f 8244//292 8245//281 8297//291
f 8297//291 8245//281 8298//900
f 8245//281 8246//908 8298//900
f 8298//900 8246//908 8299//916
f 8246//908 8247//847 8299//916
f 8300//917 8248//910 8301//918
f 8248//910 8249//909 8301//918
f 8301//918 8249//909 8302//919
f 8249//909 8250//911 8302//919
f 8302//919 8250//911 8303//920
f 8250//911 8251//912 8304//921
f 8250//911 8304//921 8303//920
f 8251//912 8252//913 8305//922
f 8251//912 8305//922 8304//921
f 8252//913 8253//914 8306//923
f 8252//913 8306//923 8305//922
f 8253//914 8254//915 8307//914
f 8253//914 8307//914 8306//923
f 8254//915 8255//579 8308//924
f 8254//915 8308//924 8307//914
f 8255//579 8256//61 8309//907
f 8255//579 8309//907 8308//924
f 8256//61 8257//79 8309//907
f 8309//907 8257//79 8310//451
f 8257//79 8258//62 8310//451
f 8310//451 8258//62 8311//76
f 8258//62 8259//61 8311//76
f 8311//76 8259//61 8312//61
f 8259//61 8260//61 8312//61
f 8312//61 8260//61 8313//61
f 8260//61 8261//61 8313//61
f 8313//61 8261//61 8314//61
f 8261//61 8262//61 8314//61
f 8314//61 8262//61 8315//61
f 8262//61 8263//61 8315//61
f 8315//61 8263//61 8316//61
f 8263//61 8264//907 8316//61
f 8316//61 8264//907 8317//61
f 8264//907 8265//907 8318//907
f 8264//907 8318//907 8317//61
f 8265//907 8266//61 8319//925
f 8265//907 8319//925 8318//907
f 8266//61 8267//61 8319//925
f 8319//925 8267//61 8320//598
f 8267//61 8268//61 8320//598
f 8320//598 8268//61 8321//926
f 8268//61 8269//61 8321//926
f 8321//926 8269//61 8322//61
f 8269//61 8270//61 8322//61
f 8322//61 8270//61 8323//61
f 8270//61 8271//61 8323//61
f 8323//61 8271//61 8324//61
f 8271//61 8272//61 8324//61
f 8324//61 8272//61 8325//61
f 8272//61 8273//61 8325//61
f 8325//61 8273//61 8326//181
f 8273//61 8274//251 8326//181
f 8326//181 8274//251 8327//169
f 8274//251 8275//176 8327//169
f 8327//169 8275//176 8328//264
f 8275//176 8276//181 8328//264
f 8328//264 8276//181 8329//61
f 8276//181 8277//61 8329//61
f 8329//61 8277//61 8330//169
f 8277//61 8278//176 8330//169
f 8330//169 8278//176 8331//169
f 8278//176 8279//169 8331//169
f 8331//169 8279//169 8332//61
f 8279//169 8280//61 8332//61
f 8332//61 8280//61 8333//176
f 8280//61 8281//176 8333//176
f 8333//176 8281//176 8334//169
f 8281//176 8282//169 8334//169
f 8334//169 8282//169 8335//61
f 8282//169 8283//61 8335//61
f 8335//61 8283//61 8336//181
f 8283//61 8284//169 8336//181
f 8336//181 8284//169 8337//182
f 8284//169 8285//169 8337//182
f 8337//182 8285//169 8338//61
f 8285//169 8286//61 8338//61
f 8338//61 8286//61 8339//169
f 8286//61 8287//176 8339//169
f 8339//169 8287//176 8340//169
f 8287//176 8288//169 8340//169
f 8340//169 8288//169 8341//61
f 8288//169 8289//675 8341//61
f 8341//61 8289//675 8342//299
f 8289//675 8290//549 8342//299
f 8342//299 8290//549 8343//279
f 8290//549 8291//267 8343//279
f 8343//279 8291//267 8344//405
f 8291//267 8292//405 8344//405
f 8344//405 8292//405 8345//255
f 8292//405 8293//405 8345//255
f 8345//255 8293//405 8346//290
f 8293//405 8294//280 8346//290
f 8346//290 8294//280 8347//291
f 8294//280 8295//268 8347//291
f 8347//291 8295//268 8348//292
f 8295//268 8296//291 8348//292
f 8348//292 8296//291 8349//365
f 8296//291 8297//291 8349//365
f 8349//365 8297//291 8350//290
f 8297//291 8298//900 8350//290
f 8350//290 8298//900 8351//908
f 8298//900 8299//916 8351//908
f 8351//908 8299//916 8352//816
f 8300//917 8301//918 8354//927
f 8300//917 8354//927 8353//928
f 8301//918 8302//919 8355//929
f 8301//918 8355//929 8354//927
f 8302//919 8303//920 8356//930
f 8302//919 8356//930 8355//929
f 8303//920 8304//921 8357//931
f 8303//920 8357//931 8356//930
f 8304//921 8305//922 8358//932
f 8304//921 8358//932 8357//931
f 8305//922 8306//923 8359//933
f 8305//922 8359//933 8358//932
f 8306//923 8307//914 8360//934
f 8306//923 8360//934 8359//933
f 8307//914 8308//924 8361//935
f 8307//914 8361//935 8360//934
f 8308//924 8309//907 8362//936
f 8308//924 8362//936 8361//935
f 8309//907 8310//451 8363//937
f 8309//907 8363//937 8362//936
f 8310//451 8311//76 8363//937
f 8363//937 8311//76 8364//579
f 8311//76 8312//61 8364//579
f 8364//579 8312//61 8365//61
f 8312//61 8313//61 8365//61
f 8365//61 8313//61 8366//61
f 8313//61 8314//61 8366//61
f 8366//61 8314//61 8367//61
f 8314//61 8315//61 8367//61
f 8367//61 8315//61 8368//61
f 8315//61 8316//61 8368//61
f 8368//61 8316//61 8369//61
f 8316//61 8317//61 8369//61
f 8369//61 8317//61 8370//61
f 8317//61 8318//907 8370//61
f 8370//61 8318//907 8371//61
f 8318//907 8319//925 8372//607
f 8318//907 8372//607 8371//61
f 8319//925 8320//598 8372//607
f 8372//607 8320//598 8373//598
f 8320//598 8321//926 8373//598
f 8373//598 8321//926 8374//938
f 8321//926 8322//61 8375//925
f 8321//926 8375//925 8374//938
f 8322//61 8323//61 8375//925
f 8375//925 8323//61 8376//598
f 8323//61 8324//61 8376//598
f 8376//598 8324//61 8377//598
f 8324//61 8325//61 8377//598
f 8377//598 8325//61 8378//598
f 8325//61 8326//181 8378//598
f 8378//598 8326//181 8379//176
f 8326//181 8327//169 8379//176
f 8379//176 8327//169 8380//181
f 8327//169 8328//264 8380//181
f 8380//181 8328//264 8381//61
f 8328//264 8329//61 8381//61
f 8381//61 8329//61 8382//176
f 8329//61 8330//169 8382//176
f 8382//176 8330//169 8383//169
f 8330//169 8331//169 8383//169
f 8383//169 8331//169 8384//61
f 8331//169 8332//61 8384//61
f 8384//61 8332//61 8385//176
f 8332//61 8333//176 8385//176
f 8385//176 8333//176 8386//169
f 8333//176 8334//169 8386//169
f 8386//169 8334//169 8387//61
f 8334//169 8335//61 8387//61
f 8387//61 8335//61 8388//61
f 8335//61 8336//181 8388//61
f 8388//61 8336//181 8389//182
f 8336//181 8337//182 8389//182
f 8389//182 8337//182 8390//190
f 8337//182 8338//61 8390//190
f 8390//190 8338//61 8391//176
f 8338//61 8339//169 8391//176
f 8391//176 8339//169 8392//169
f 8339//169 8340//169 8392//169
f 8392//169 8340//169 8393//61
f 8340//169 8341//61 8393//61
f 8393//61 8341//61 8394//289
f 8341//61 8342//299 8394//289
f 8394//289 8342//299 8395//289
f 8342//299 8343//279 8395//289
f 8395//289 8343//279 8396//255
f 8343//279 8344//405 8396//255
f 8396//255 8344//405 8397//290
f 8344//405 8345//255 8397//290
f 8397//290 8345//255 8398//290
f 8345//255 8346//290 8398//290
f 8398//290 8346//290 8399//311
f 8346//290 8347//291 8399//311
f 8399//311 8347//291 8400//302
f 8347//291 8348//292 8400//302
f 8400//302 8348//292 8401//365
f 8348//292 8349//365 8401//365
f 8401//365 8349//365 8402//328
f 8349//365 8350//290 8402//328
f 8402//328 8350//290 8403//939
f 8350//290 8351//908 8403//939
f 8403//939 8351//908 8404//940
f 8351//908 8352//816 8404//940
f 8353//928 8354//927 8406//657
f 8353//928 8406//657 8405//941
f 8354//927 8355//929 8407//942
f 8354//927 8407//942 8406//657
f 8355//929 8356//930 8407//942
f 8407//942 8356//930 8408//943
f 8356//930 8357//931 8409//944
f 8356//930 8409//944 8408//943
f 8357//931 8358//932 8410//945
f 8357//931 8410//945 8409//944
f 8358//932 8359//933 8411//946
f 8358//932 8411//946 8410//945
f 8359//933 8360//934 8412//947
f 8359//933 8412//947 8411//946
f 8360//934 8361//935 8413//948
f 8360//934 8413//948 8412//947
f 8361//935 8362//936 8414//949
f 8361//935 8414//949 8413//948
f 8362//936 8363//937 8415//950
f 8362//936 8415//950 8414//949
f 8363//937 8364//579 8416//951
f 8363//937 8416//951 8415//950
f 8364//579 8365//61 8417//907
f 8364//579 8417//907 8416//951
f 8365//61 8366//61 8417//907
f 8417//907 8366//61 8418//61
f 8366//61 8367//61 8418//61
f 8418//61 8367//61 8419//61
f 8367//61 8368//61 8419//61
f 8419//61 8368//61 8420//61
f 8368//61 8369//61 8420//61
f 8420//61 8369//61 8421//61
f 8369//61 8370//61 8421//61
f 8421//61 8370//61 8422//61
f 8370//61 8371//61 8422//61
f 8422//61 8371//61 8423//61
f 8371//61 8372//607 8423//61
f 8423//61 8372//607 8424//61
f 8372//607 8373//598 8424//61
f 8424//61 8373//598 8425//61
f 8373//598 8374//938 8425//61
f 8425//61 8374//938 8426//61
f 8374//938 8375//925 8427//607
f 8374//938 8427//607 8426//61
f 8375//925 8376//598 8427//607
f 8427//607 8376//598 8428//598
f 8376//598 8377//598 8428//598
f 8428//598 8377//598 8429//598
f 8377//598 8378//598 8429//598
f 8429//598 8378//598 8430//598
f 8378//598 8379//176 8430//598
f 8430//598 8379//176 8431//264
f 8379//176 8380//181 8431//264
f 8431//264 8380//181 8432//61
f 8380//181 8381//61 8432//61
f 8432//61 8381//61 8433//181
f 8381//61 8382//176 8433//181
f 8433//181 8382//176 8434//182
f 8382//176 8383//169 8434//182
f 8434//182 8383//169 8435//61
f 8383//169 8384//61 8435//61
f 8435//61 8384//61 8436//176
f 8384//61 8385//176 8436//176
f 8436//176 8385//176 8437//199
f 8385//176 8386//169 8437//199
f 8437//199 8386//169 8438//61
f 8386//169 8387//61 8438//61
f 8438//61 8387//61 8439//61
f 8387//61 8388//61 8439//61
f 8439//61 8388//61 8440//176
f 8388//61 8389//182 8440//176
f 8440//176 8389//182 8441//176
f 8389//182 8390//190 8441//176
f 8441//176 8390//190 8442//169
f 8390//190 8391//176 8442//169
f 8442//169 8391//176 8443//169
f 8391//176 8392//169 8443//169
f 8443//169 8392//169 8444//61
f 8392//169 8393//61 8444//61
f 8444//61 8393//61 8445//952
f 8393//61 8394//289 8445//952
f 8445//952 8394//289 8446//289
f 8394//289 8395//289 8446//289
f 8446//289 8395//289 8447//254
f 8395//289 8396//255 8447//254
f 8447//254 8396//255 8448//290
f 8396//255 8397//290 8448//290
f 8448//290 8397//290 8449//267
f 8397//290 8398//290 8449//267
f 8449//267 8398//290 8450//280
f 8398//290 8399//311 8450//280
f 8450//280 8399//311 8451//281
f 8399//311 8400//302 8451//281
f 8451//281 8400//302 8452//291
f 8400//302 8401//365 8452//291
f 8452//291 8401//365 8453//291
f 8401//365 8402//328 8453//291
f 8453//291 8402//328 8454//290
f 8402//328 8403//939 8454//290
f 8454//290 8403//939 8455//354
f 8403//939 8404//940 8455//354
f 8455//354 8404//940 8456//355
f 8405//941 8406//657 8457//953
f 8457//953 8406//657 8458//683
f 8406//657 8407//942 8458//683
f 8458//683 8407//942 8459//954
f 8407//942 8408//943 8459//954
f 8459//954 8408//943 8460//695
f 8408//943 8409//944 8460//695
f 8460//695 8409//944 8461//695
f 8409//944 8410//945 8461//695
f 8461//695 8410//945 8462//955
f 8410//945 8411//946 8462//955
f 8462//955 8411//946 8463//956
f 8411//946 8412//947 8464//957
f 8411//946 8464//957 8463//956
f 8412//947 8413//948 8465//958
f 8412//947 8465//958 8464//957
f 8413//948 8414//949 8466//958
f 8413//948 8466//958 8465//958
f 8414//949 8415//950 8467//959
f 8414//949 8467//959 8466//958
f 8415//950 8416//951 8468//960
f 8415//950 8468//960 8467//959
f 8416//951 8417//907 8469//961
f 8416//951 8469//961 8468//960
f 8417//907 8418//61 8470//962
f 8417//907 8470//962 8469//961
f 8418//61 8419//61 8470//962
f 8470//962 8419//61 8471//170
f 8419//61 8420//61 8471//170
f 8471//170 8420//61 8472//61
f 8420//61 8421//61 8472//61
f 8472//61 8421//61 8473//61
f 8421//61 8422//61 8473//61
f 8473//61 8422//61 8474//61
f 8422//61 8423//61 8474//61
f 8474//61 8423//61 8475//61
f 8423//61 8424//61 8475//61
f 8475//61 8424//61 8476//61
f 8424//61 8425//61 8476//61
f 8476//61 8425//61 8477//61
f 8425//61 8426//61 8477//61
f 8477//61 8426//61 8478//61
f 8426//61 8427//607 8478//61
f 8478//61 8427//607 8479//61
f 8427//607 8428//598 8479//61
f 8479//61 8428//598 8480//61
f 8428//598 8429//598 8480//61
f 8480//61 8429//598 8481//61
f 8429//598 8430//598 8481//61
f 8481//61 8430//598 8482//61
f 8430//598 8431//264 8482//61
f 8482//61 8431//264 8483//61
f 8431//264 8432//61 8483//61
f 8483//61 8432//61 8484//251
f 8432//61 8433//181 8484//251
f 8484//251 8433//181 8485//176
f 8433//181 8434//182 8485//176
f 8485//176 8434//182 8486//181
f 8434//182 8435//61 8486//181
f 8486//181 8435//61 8487//181
f 8435//61 8436//176 8487//181
f 8487//181 8436//176 8488//204
f 8436//176 8437//199 8488//204
f 8488//204 8437//199 8489//61
f 8437//199 8438//61 8489//61
f 8489//61 8438//61 8490//251
f 8438//61 8439//61 8490//251
f 8490//251 8439//61 8491//263
f 8439//61 8440//176 8491//263
f 8491//263 8440//176 8492//169
f 8440//176 8441//176 8492//169
f 8492//169 8441//176 8493//181
f 8441//176 8442//169 8493//181
f 8493//181 8442//169 8494//204
f 8442//169 8443//169 8494//204
f 8494//204 8443//169 8495//61
f 8443//169 8444//61 8495//61
f 8495//61 8444//61 8496//741
f 8444//61 8445//952 8496//741
f 8496//741 8445//952 8497//299
f 8445//952 8446//289 8497//299
f 8497//299 8446//289 8498//256
f 8446//289 8447//254 8498//256
f 8498//256 8447//254 8499//267
f 8447//254 8448//290 8499//267
f 8499//267 8448//290 8500//255
f 8448//290 8449//267 8500//255
f 8500//255 8449//267 8501//290
f 8449//267 8450//280 8501//290
f 8501//290 8450//280 8502//291
f 8450//280 8451//281 8502//291
f 8502//291 8451//281 8503//292
f 8451//281 8452//291 8503//292
f 8503//292 8452//291 8504//365
f 8452//291 8453//291 8504//365
f 8504//365 8453//291 8505//301
f 8453//291 8454//290 8505//301
f 8505//301 8454//290 8506//963
f 8454//290 8455//354 8506//963
f 8506//963 8455//354 8507//964
f 8455//354 8456//355 8507//964
f 8457//953 8458//683 8508//965
f 8508//965 8458//683 8509//966
f 8458//683 8459//954 8509//966
f 8509//966 8459//954 8510//954
f 8459//954 8460//695 8510//954
f 8510//954 8460//695 8511//695
f 8460//695 8461//695 8511//695
f 8511//695 8461//695 8512//695
f 8461//695 8462//955 8512//695
f 8512//695 8462//955 8513//390
f 8462//955 8463//956 8514//967
f 8462//955 8514//967 8513//390
f 8463//956 8464//957 8515//968
f 8463//956 8515//968 8514//967
f 8464//957 8465//958 8516//944
f 8464//957 8516//944 8515//968
f 8465//958 8466//958 8517//969
f 8465//958 8517//969 8516//944
f 8466//958 8467//959 8518//970
f 8466//958 8518//970 8517//969
f 8467//959 8468//960 8519//971
f 8467//959 8519//971 8518//970
f 8468//960 8469//961 8520//914
f 8468//960 8520//914 8519//971
f 8469//961 8470//962 8521//972
f 8469//961 8521//972 8520//914
f 8470//962 8471//170 8522//973
f 8470//962 8522//973 8521//972
f 8471//170 8472//61 8523//974
f 8471//170 8523//974 8522//973
f 8472//61 8473//61 8523//974
f 8523//974 8473//61 8524//170
f 8473//61 8474//61 8524//170
f 8524//170 8474//61 8525//61
f 8474//61 8475//61 8525//61
f 8525//61 8475//61 8526//61
f 8475//61 8476//61 8526//61
f 8526//61 8476//61 8527//61
f 8476//61 8477//61 8527//61
f 8527//61 8477//61 8528//61
f 8477//61 8478//61 8528//61
f 8528//61 8478//61 8529//61
f 8478//61 8479//61 8529//61
f 8529//61 8479//61 8530//61
f 8479//61 8480//61 8530//61
f 8530//61 8480//61 8531//61
f 8480//61 8481//61 8531//61
f 8531//61 8481//61 8532//61
f 8481//61 8482//61 8532//61
f 8532//61 8482//61 8533//61
f 8482//61 8483//61 8533//61
f 8533//61 8483//61 8534//169
f 8483//61 8484//251 8534//169
f 8534//169 8484//251 8535//263
f 8484//251 8485//176 8535//263
f 8535//263 8485//176 8536//251
f 8485//176 8486//181 8536//251
f 8536//251 8486//181 8537//61
f 8486//181 8487//181 8537//61
f 8537//61 8487//181 8538//204
f 8487//181 8488//204 8538//204
f 8538//204 8488//204 8539//181
f 8488//204 8489//61 8539//181
f 8539//181 8489//61 8540//181
f 8489//61 8490//251 8540//181
f 8540//181 8490//251 8541//169
f 8490//251 8491//263 8541//169
f 8541//169 8491//263 8542//251
f 8491//263 8492//169 8542//251
f 8542//251 8492//169 8543//61
f 8492//169 8493//181 8543//61
f 8543//61 8493//181 8544//204
f 8493//181 8494//204 8544//204
f 8544//204 8494//204 8545//190
f 8494//204 8495//61 8545//190
f 8545//190 8495//61 8546//61
f 8495//61 8496//741 8546//61
f 8546//61 8496//741 8547//299
f 8496//741 8497//299 8547//299
f 8547//299 8497//299 8548//741
f 8497//299 8498//256 8548//741
f 8548//741 8498//256 8549//255
f 8498//256 8499//267 8549//255
f 8549//255 8499//267 8550//290
f 8499//267 8500//255 8550//290
f 8550//290 8500//255 8551//301
f 8500//255 8501//290 8551//301
f 8551//301 8501//290 8552//290
f 8501//290 8502//291 8552//290
f 8552//290 8502//291 8553//311
f 8502//291 8503//292 8553//311
f 8553//311 8503//292 8554//365
f 8503//292 8504//365 8554//365
f 8554//365 8504//365 8555//365
f 8504//365 8505//301 8555//365
f 8555//365 8505//301 8556//301
f 8505//301 8506//963 8556//301
f 8556//301 8506//963 8557//975
f 8506//963 8507//964 8557//975
f 8557//975 8507//964 8558//377
f 8559//976 8508//965 8560//977
f 8508//965 8509//966 8560//977
f 8560//977 8509//966 8561//248
f 8509//966 8510//954 8561//248
f 8561//248 8510//954 8562//954
f 8510//954 8511//695 8562//954
f 8562//954 8511//695 8563//695
f 8511//695 8512//695 8563//695
f 8563//695 8512//695 8564//133
f 8512//695 8513//390 8564//133
f 8564//133 8513//390 8565//212
f 8513//390 8514//967 8565//212
f 8565//212 8514//967 8566//978
f 8514//967 8515//968 8566//978
f 8566//978 8515//968 8567//944
f 8515//968 8516//944 8567//944
f 8567//944 8516//944 8568//943
f 8516//944 8517//969 8568//943
f 8568//943 8517//969 8569//978
f 8517//969 8518//970 8569//978
f 8569//978 8518//970 8570//979
f 8518//970 8519//971 8571//957
f 8518//970 8571//957 8570//979
f 8519//971 8520//914 8572//980
f 8519//971 8572//980 8571//957
f 8520//914 8521//972 8573//981
f 8520//914 8573//981 8572//980
f 8521//972 8522//973 8574//982
f 8521//972 8574//982 8573//981
f 8522//973 8523//974 8575//961
f 8522//973 8575//961 8574//982
f 8523//974 8524//170 8576//983
f 8523//974 8576//983 8575//961
f 8524//170 8525//61 8577//938
f 8524//170 8577//938 8576//983
f 8525//61 8526//61 8577//938
f 8577//938 8526//61 8578//598
f 8526//61 8527//61 8578//598
f 8578//598 8527//61 8579//607
f 8527//61 8528//61 8579//607
f 8579//607 8528//61 8580//61
f 8528//61 8529//61 8580//61
f 8580//61 8529//61 8581//61
f 8529//61 8530//61 8581//61
f 8581//61 8530//61 8582//61
f 8530//61 8531//61 8582//61
f 8582//61 8531//61 8583//61
f 8531//61 8532//61 8583//61
f 8583//61 8532//61 8584//251
f 8532//61 8533//61 8584//251
f 8584//251 8533//61 8585//263
f 8533//61 8534//169 8585//263
f 8585//263 8534//169 8586//169
f 8534//169 8535//263 8586//169
f 8586//169 8535//263 8587//61
f 8535//263 8536//251 8587//61
f 8587//61 8536//251 8588//61
f 8536//251 8537//61 8588//61
f 8588//61 8537//61 8589//176
f 8537//61 8538//204 8589//176
f 8589//176 8538//204 8590//169
f 8538//204 8539//181 8590//169
f 8590//169 8539//181 8591//61
f 8539//181 8540//181 8591//61
f 8591//61 8540//181 8592//198
f 8540//181 8541//169 8592//198
f 8592//198 8541//169 8593//198
f 8541//169 8542//251 8593//198
f 8593//198 8542//251 8594//61
f 8542//251 8543//61 8594//61
f 8594//61 8543//61 8595//181
f 8543//61 8544//204 8595//181
f 8595//181 8544//204 8596//204
f 8544//204 8545//190 8596//204
f 8596//204 8545//190 8597//61
f 8545//190 8546//61 8597//61
f 8597//61 8546//61 8598//289
f 8546//61 8547//299 8598//289
f 8598//289 8547//299 8599//289
f 8547//299 8548//741 8599//289
f 8599//289 8548//741 8600//256
f 8548//741 8549//255 8600//256
f 8600//256 8549//255 8601//328
f 8549//255 8550//290 8601//328
f 8601//328 8550//290 8602//328
f 8550//290 8551//301 8602//328
f 8602//328 8551//301 8603//267
f 8551//301 8552//290 8603//267
f 8603//267 8552//290 8604//328
f 8552//290 8553//311 8604//328
f 8604//328 8553//311 8605//365
f 8553//311 8554//365 8605//365
f 8605//365 8554//365 8606//292
f 8554//365 8555//365 8606//292
f 8606//292 8555//365 8607//303
f 8555//365 8556//301 8607//303
f 8607//303 8556//301 8608//984
f 8556//301 8557//975 8608//984
f 8608//984 8557//975 8609//737
f 8557//975 8558//377 8609//737
f 8559//976 8560//977 8610//834
f 8610//834 8560//977 8611//985
f 8560//977 8561//248 8611//985
f 8611//985 8561//248 8612//391
f 8561//248 8562//954 8612//391
f 8612//391 8562//954 8613//954
f 8562//954 8563//695 8613//954
f 8613//954 8563//695 8614//44
f 8563//695 8564//133 8614//44
f 8614//44 8564//133 8615//103
f 8564//133 8565//212 8615//103
f 8615//103 8565//212 8616//695
f 8565//212 8566//978 8616//695
f 8616//695 8566//978 8617//943
f 8566//978 8567//944 8618//944
f 8566//978 8618//944 8617//943
f 8567//944 8568//943 8619//986
f 8567//944 8619//986 8618//944
f 8568//943 8569//978 8619//986
f 8619//986 8569//978 8620//979
f 8569//978 8570//979 8621//957
f 8569//978 8621//957 8620//979
f 8570//979 8571//957 8622//957
f 8570//979 8622//957 8621//957
f 8571//957 8572//980 8623//957
f 8571//957 8623//957 8622//957
f 8572//980 8573//981 8624//987
f 8572//980 8624//987 8623//957
f 8573//981 8574//982 8624//987
f 8624//987 8574//982 8625//988
f 8574//982 8575//961 8626//989
f 8574//982 8626//989 8625//988
f 8575//961 8576//983 8627//990
f 8575//961 8627//990 8626//989
f 8576//983 8577//938 8628//991
f 8576//983 8628//991 8627//990
f 8577//938 8578//598 8628//991
f 8628//991 8578//598 8629//992
f 8578//598 8579//607 8629//992
f 8629//992 8579//607 8630//993
f 8579//607 8580//61 8631//925
f 8579//607 8631//925 8630//993
f 8580//61 8581//61 8631//925
f 8631//925 8581//61 8632//598
f 8581//61 8582//61 8632//598
f 8632//598 8582//61 8633//598
f 8582//61 8583//61 8633//598
f 8633//598 8583//61 8634//263
f 8583//61 8584//251 8634//263
f 8634//263 8584//251 8635//183
f 8584//251 8585//263 8635//183
f 8635//183 8585//263 8636//251
f 8585//263 8586//169 8636//251
f 8636//251 8586//169 8637//61
f 8586//169 8587//61 8637//61
f 8637//61 8587//61 8638//61
f 8587//61 8588//61 8638//61
f 8638//61 8588//61 8639//169
f 8588//61 8589//176 8639//169
f 8639//169 8589//176 8640//169
f 8589//176 8590//169 8640//169
f 8640//169 8590//169 8641//61
f 8590//169 8591//61 8641//61
f 8641//61 8591//61 8642//251
f 8591//61 8592//198 8642//251
f 8642//251 8592//198 8643//176
f 8592//198 8593//198 8643//176
f 8643//176 8593//198 8644//181
f 8593//198 8594//61 8644//181
f 8644//181 8594//61 8645//61
f 8594//61 8595//181 8645//61
f 8645//61 8595//181 8646//204
f 8595//181 8596//204 8646//204
f 8646//204 8596//204 8647//190
f 8596//204 8597//61 8647//190
f 8647//190 8597//61 8648//289
f 8597//61 8598//289 8648//289
f 8648//289 8598//289 8649//289
f 8598//289 8599//289 8649//289
f 8649//289 8599//289 8650//61
f 8599//289 8600//256 8650//61
f 8650//61 8600//256 8651//267
f 8600//256 8601//328 8651//267
f 8651//267 8601//328 8652//328
f 8601//328 8602//328 8652//328
f 8652//328 8602//328 8653//242
f 8602//328 8603//267 8653//242
f 8653//242 8603//267 8654//328
f 8603//267 8604//328 8654//328
f 8654//328 8604//328 8655//281
f 8604//328 8605//365 8655//281
f 8655//281 8605//365 8656//530
f 8605//365 8606//292 8656//530
f 8656//530 8606//292 8657//530
f 8606//292 8607//303 8657//530
f 8657//530 8607//303 8658//994
f 8607//303 8608//984 8658//994
f 8658//994 8608//984 8659//995
f 8608//984 8609//737 8659//995
f 8610//834 8611//985 8660//996
f 8660//996 8611//985 8661//997
f 8611//985 8612//391 8661//997
f 8661//997 8612//391 8662//998
f 8612//391 8613//954 8662//998
f 8662//998 8613//954 8663//227
f 8613//954 8614//44 8663//227
f 8663//227 8614//44 8664//44
f 8614//44 8615//103 8664//44
f 8664//44 8615//103 8665//61
f 8615//103 8616//695 8665//61
f 8665//61 8616//695 8666//695
f 8616//695 8617//943 8666//695
f 8666//695 8617//943 8667//695
f 8617//943 8618//944 8667//695
f 8667//695 8618//944 8668//695
f 8618//944 8619//986 8668//695
f 8668//695 8619//986 8669//943
f 8619//986 8620//979 8670//944
f 8619//986 8670//944 8669//943
f 8620//979 8621//957 8671//999
f 8620//979 8671//999 8670//944
f 8621//957 8622//957 8672//1000
f 8621//957 8672//1000 8671//999
f 8622//957 8623//957 8673//957
f 8622//957 8673//957 8672//1000
f 8623//957 8624//987 8674//1001
f 8623//957 8674//1001 8673//957
f 8624//987 8625//988 8674//1001
f 8674//1001 8625//988 8675//1002
f 8625//988 8626//989 8676//1003
f 8625//988 8676//1003 8675//1002
f 8626//989 8627//990 8677//1004
f 8626//989 8677//1004 8676//1003
f 8627//990 8628//991 8678//1005
f 8627//990 8678//1005 8677//1004
f 8628//991 8629//992 8679//1006
f 8628//991 8679//1006 8678//1005
f 8629//992 8630//993 8680//983
f 8629//992 8680//983 8679//1006
f 8630//993 8631//925 8681//1007
f 8630//993 8681//1007 8680//983
f 8631//925 8632//598 8681//1007
f 8681//1007 8632//598 8682//598
f 8632//598 8633//598 8682//598
f 8682//598 8633//598 8683//598
f 8633//598 8634//263 8683//598
f 8683//598 8634//263 8684//264
f 8634//263 8635//183 8684//264
f 8684//264 8635//183 8685//61
f 8635//183 8636//251 8685//61
f 8685//61 8636//251 8686//61
f 8636//251 8637//61 8686//61
f 8686//61 8637//61 8687//61
f 8637//61 8638//61 8687//61
f 8687//61 8638//61 8688//176
f 8638//61 8639//169 8688//176
f 8688//176 8639//169 8689//169
f 8639//169 8640//169 8689//169
f 8689//169 8640//169 8690//61
f 8640//169 8641//61 8690//61
f 8690//61 8641//61 8691//169
f 8641//61 8642//251 8691//169
f 8691//169 8642//251 8692//183
f 8642//251 8643//176 8692//183
f 8692//183 8643//176 8693//264
f 8643//176 8644//181 8693//264
f 8693//264 8644//181 8694//61
f 8644//181 8645//61 8694//61
f 8694//61 8645//61 8695//169
f 8645//61 8646//204 8695//169
f 8695//169 8646//204 8696//169
f 8646//204 8647//190 8696//169
f 8696//169 8647//190 8697//741
f 8647//190 8648//289 8697//741
f 8697//741 8648//289 8698//299
f 8648//289 8649//289 8698//299
f 8698//299 8649//289 8699//61
f 8649//289 8650//61 8699//61
f 8699//61 8650//61 8700//254
f 8650//61 8651//267 8700//254
f 8700//254 8651//267 8701//301
f 8651//267 8652//328 8701//301
f 8701//301 8652//328 8702//319
f 8652//328 8653//242 8702//319
f 8702//319 8653//242 8703//290
f 8653//242 8654//328 8703//290
f 8703//290 8654//328 8704//426
f 8654//328 8655//281 8704//426
f 8704//426 8655//281 8705//328
f 8655//281 8656//530 8705//328
f 8705//328 8656//530 8706//281
f 8656//530 8657//530 8706//281
f 8706//281 8657//530 8707//1008
f 8657//530 8658//994 8707//1008
f 8707//1008 8658//994 8708//1009
f 8658//994 8659//995 8708//1009
f 8708//1009 8659//995 8709//715
f 8660//996 8661//997 8710//1010
f 8710//1010 8661//997 8711//1011
f 8661//997 8662//998 8711//1011
f 8711//1011 8662//998 8712//174
f 8662//998 8663//227 8712//174
f 8712//174 8663//227 8713//780
f 8663//227 8664//44 8713//780
f 8713//780 8664//44 8714//695
f 8664//44 8665//61 8714//695
f 8714//695 8665//61 8715//61
f 8665//61 8666//695 8715//61
f 8715//61 8666//695 8716//695
f 8666//695 8667//695 8716//695
f 8716//695 8667//695 8717//695
f 8667//695 8668//695 8717//695
f 8717//695 8668//695 8718//695
f 8668//695 8669//943 8718//695
f 8718//695 8669//943 8719//695
f 8669//943 8670//944 8719//695
f 8719//695 8670//944 8720//1012
f 8670//944 8671//999 8720//1012
f 8720//1012 8671//999 8721//944
f 8671//999 8672//1000 8721//944
f 8721//944 8672//1000 8722//61
f 8672//1000 8673//957 8723//1013
f 8672//1000 8723//1013 8722//61
f 8673//957 8674//1001 8724//1000
f 8673//957 8724//1000 8723//1013
f 8674//1001 8675//1002 8724//1000
f 8724//1000 8675//1002 8725//61
f 8675//1002 8676//1003 8726//1014
f 8675//1002 8726//1014 8725//61
f 8676//1003 8677//1004 8726//1014
f 8726//1014 8677//1004 8727//1002
f 8677//1004 8678//1005 8728//1015
f 8677//1004 8728//1015 8727//1002
f 8678//1005 8679//1006 8729//1016
f 8678//1005 8729//1016 8728//1015
f 8679//1006 8680//983 8730//1017
f 8679//1006 8730//1017 8729//1016
f 8680//983 8681//1007 8731//1018
f 8680//983 8731//1018 8730//1017
f 8681//1007 8682//598 8731//1018
f 8731//1018 8682//598 8732//1019
f 8682//598 8683//598 8732//1019
f 8732//1019 8683//598 8733//184
f 8683//598 8684//264 8733//184
f 8733//184 8684//264 8734//926
f 8684//264 8685//61 8734//926
f 8734//926 8685//61 8735//61
f 8685//61 8686//61 8735//61
f 8735//61 8686//61 8736//61
f 8686//61 8687//61 8736//61
f 8736//61 8687//61 8737//169
f 8687//61 8688//176 8737//169
f 8737//169 8688//176 8738//169
f 8688//176 8689//169 8738//169
f 8738//169 8689//169 8739//61
f 8689//169 8690//61 8739//61
f 8739//61 8690//61 8740//176
f 8690//61 8691//169 8740//176
f 8740//176 8691//169 8741//169
f 8691//169 8692//183 8741//169
f 8741//169 8692//183 8742//61
f 8692//183 8693//264 8742//61
f 8742//61 8693//264 8743//61
f 8693//264 8694//61 8743//61
f 8743//61 8694//61 8744//176
f 8694//61 8695//169 8744//176
f 8744//176 8695//169 8745//176
f 8695//169 8696//169 8745//176
f 8745//176 8696//169 8746//1020
f 8696//169 8697//741 8746//1020
f 8746//1020 8697//741 8747//289
f 8697//741 8698//299 8747//289
f 8747//289 8698//299 8748//741
f 8698//299 8699//61 8748//741
f 8748//741 8699//61 8749//254
f 8699//61 8700//254 8749//254
f 8749//254 8700//254 8750//301
f 8700//254 8701//301 8750//301
f 8750//301 8701//301 8751//290
f 8701//301 8702//319 8751//290
f 8751//290 8702//319 8752//254
f 8702//319 8703//290 8752//254
f 8752//254 8703//290 8753//311
f 8703//290 8704//426 8753//311
f 8753//311 8704//426 8754//360
f 8704//426 8705//328 8754//360
f 8754//360 8705//328 8755//302
f 8705//328 8706//281 8755//302
f 8755//302 8706//281 8756//840
f 8706//281 8707//1008 8756//840
f 8756//840 8707//1008 8757//1021
f 8707//1008 8708//1009 8757//1021
f 8757//1021 8708//1009 8758//737
f 8708//1009 8709//715 8758//737
f 8759//332 8710//1010 8760//1022
f 8710//1010 8711//1011 8760//1022
f 8760//1022 8711//1011 8761//133
f 8711//1011 8712//174 8761//133
f 8761//133 8712//174 8762//174
f 8712//174 8713//780 8762//174
f 8762//174 8713//780 8763//180
f 8713//780 8714//695 8763//180
f 8763//180 8714//695 8764//695
f 8714//695 8715//61 8764//695
f 8764//695 8715//61 8765//61
f 8715//61 8716//695 8765//61
f 8765//61 8716//695 8766//695
f 8716//695 8717//695 8766//695
f 8766//695 8717//695 8767//695
f 8717//695 8718//695 8767//695
f 8767//695 8718//695 8768//695
f 8718//695 8719//695 8768//695
f 8768//695 8719//695 8769//695
f 8719//695 8720//1012 8769//695
f 8769//695 8720//1012 8770//61
f 8720//1012 8721//944 8771//944
f 8720//1012 8771//944 8770//61
f 8721//944 8722//61 8772//1012
f 8721//944 8772//1012 8771//944
f 8722//61 8723//1013 8772//1012
f 8772//1012 8723//1013 8773//61
f 8723//1013 8724//1000 8774//1000
f 8723//1013 8774//1000 8773//61
f 8724//1000 8725//61 8775//1002
f 8724//1000 8775//1002 8774//1000
f 8725//61 8726//1014 8775//1002
f 8775//1002 8726//1014 8776//1023
f 8726//1014 8727//1002 8776//1023
f 8776//1023 8727//1002 8777//1001
f 8727//1002 8728//1015 8778//1001
f 8727//1002 8778//1001 8777//1001
f 8728//1015 8729//1016 8778//1001
f 8778//1001 8729//1016 8779//1002
f 8729//1016 8730//1017 8780//1003
f 8729//1016 8780//1003 8779//1002
f 8730//1017 8731//1018 8781//1024
f 8730//1017 8781//1024 8780//1003
f 8731//1018 8732//1019 8782//1025
f 8731//1018 8782//1025 8781//1024
f 8732//1019 8733//184 8783//1026
f 8732//1019 8783//1026 8782//1025
f 8733//184 8734//926 8783//1026
f 8783//1026 8734//926 8784//1027
f 8734//926 8735//61 8785//925
f 8734//926 8785//925 8784//1027
f 8735//61 8736//61 8785//925
f 8785//925 8736//61 8786//263
f 8736//61 8737//169 8786//263
f 8786//263 8737//169 8787//169
f 8737//169 8738//169 8787//169
f 8787//169 8738//169 8788//61
f 8738//169 8739//61 8788//61
f 8788//61 8739//61 8789//181
f 8739//61 8740//176 8789//181
f 8789//181 8740//176 8790//204
f 8740//176 8741//169 8790//204
f 8790//204 8741//169 8791//61
f 8741//169 8742//61 8791//61
f 8791//61 8742//61 8792//61
f 8742//61 8743//61 8792//61
f 8792//61 8743//61 8793//169
f 8743//61 8744//176 8793//169
f 8793//169 8744//176 8794//169
f 8744//176 8745//176 8794//169
f 8794//169 8745//176 8795//741
f 8745//176 8746//1020 8795//741
f 8795//741 8746//1020 8796//289
f 8746//1020 8747//289 8796//289
f 8796//289 8747//289 8797//1020
f 8747//289 8748//741 8797//1020
f 8797//1020 8748//741 8798//254
f 8748//741 8749//254 8798//254
f 8798//254 8749//254 8799//290
f 8749//254 8750//301 8799//290
f 8799//290 8750//301 8800//267
f 8750//301 8751//290 8800//267
f 8800//267 8751//290 8801//267
f 8751//290 8752//254 8801//267
f 8801//267 8752//254 8802//290
f 8752//254 8753//311 8802//290
f 8802//290 8753//311 8803//365
f 8753//311 8754//360 8803//365
f 8803//365 8754//360 8804//375
f 8754//360 8755//302 8804//375
f 8804//375 8755//302 8805//337
f 8755//302 8756//840 8805//337
f 8805//337 8756//840 8806//1028
f 8756//840 8757//1021 8806//1028
f 8806//1028 8757//1021 8807//787
f 8757//1021 8758//737 8807//787
f 8759//332 8760//1022 8808//1029
f 8808//1029 8760//1022 8809//1030
f 8760//1022 8761//133 8809//1030
f 8809//1030 8761//133 8810//1031
f 8761//133 8762//174 8810//1031
f 8810//1031 8762//174 8811//16
f 8762//174 8763//180 8811//16
f 8811//16 8763//180 8812//391
f 8763//180 8764//695 8812//391
f 8812//391 8764//695 8813//695
f 8764//695 8765//61 8813//695
f 8813//695 8765//61 8814//61
f 8765//61 8766//695 8814//61
f 8814//61 8766//695 8815//133
f 8766//695 8767//695 8815//133
f 8815//133 8767//695 8816//45
f 8767//695 8768//695 8816//45
f 8816//45 8768//695 8817//695
f 8768//695 8769//695 8817//695
f 8817//695 8769//695 8818//695
f 8769//695 8770//61 8818//695
f 8818//695 8770//61 8819//61
f 8770//61 8771//944 8819//61
f 8819//61 8771//944 8820//1012
f 8771//944 8772//1012 8820//1012
f 8820//1012 8772//1012 8821//944
f 8772//1012 8773//61 8821//944
f 8821//944 8773//61 8822//61
f 8773//61 8774//1000 8822//61
f 8822//61 8774//1000 8823//61
f 8774//1000 8775//1002 8824//1014
f 8774//1000 8824//1014 8823//61
f 8775//1002 8776//1023 8824//1014
f 8824//1014 8776//1023 8825//1023
f 8776//1023 8777//1001 8825//1023
f 8825//1023 8777//1001 8826//1002
f 8777//1001 8778//1001 8827//1002
f 8777//1001 8827//1002 8826//1002
f 8778//1001 8779//1002 8827//1002
f 8827//1002 8779//1002 8828//1032
f 8779//1002 8780//1003 8829//1033
f 8779//1002 8829//1033 8828//1032
f 8780//1003 8781//1024 8829//1033
f 8829//1033 8781//1024 8830//1034
f 8781//1024 8782//1025 8831//1003
f 8781//1024 8831//1003 8830//1034
f 8782//1025 8783//1026 8832//1035
f 8782//1025 8832//1035 8831//1003
f 8783//1026 8784//1027 8833//1036
f 8783//1026 8833//1036 8832//1035
f 8784//1027 8785//925 8834//1037
f 8784//1027 8834//1037 8833//1036
f 8785//925 8786//263 8834//1037
f 8834//1037 8786//263 8835//1038
f 8786//263 8787//169 8835//1038
f 8835//1038 8787//169 8836//184
f 8787//169 8788//61 8836//184
f 8836//184 8788//61 8837//598
f 8788//61 8789//181 8837//598
f 8837//598 8789//181 8838//176
f 8789//181 8790//204 8838//176
f 8838//176 8790//204 8839//181
f 8790//204 8791//61 8839//181
f 8839//181 8791//61 8840//61
f 8791//61 8792//61 8840//61
f 8840//61 8792//61 8841//169
f 8792//61 8793//169 8841//169
f 8841//169 8793//169 8842//169
f 8793//169 8794//169 8842//169
f 8842//169 8794//169 8843//61
f 8794//169 8795//741 8843//61
f 8843//61 8795//741 8844//299
f 8795//741 8796//289 8844//299
f 8844//299 8796//289 8845//1039
f 8796//289 8797//1020 8845//1039
f 8845//1039 8797//1020 8846//419
f 8797//1020 8798//254 8846//419
f 8846//419 8798//254 8847//319
f 8798//254 8799//290 8847//319
f 8847//319 8799//290 8848//254
f 8799//290 8800//267 8848//254
f 8848//254 8800//267 8849//290
f 8800//267 8801//267 8849//290
f 8849//290 8801//267 8850//290
f 8801//267 8802//290 8850//290
f 8850//290 8802//290 8851//311
f 8802//290 8803//365 8851//311
f 8851//311 8803//365 8852//291
f 8803//365 8804//375 8852//291
f 8852//291 8804//375 8853//291
f 8804//375 8805//337 8853//291
f 8853//291 8805//337 8854//1040
f 8805//337 8806//1028 8854//1040
f 8854//1040 8806//1028 8855//1041
f 8806//1028 8807//787 8855//1041
f 8808//1029 8809//1030 8857//1042
f 8808//1029 8857//1042 8856//1043
f 8809//1030 8810//1031 8858//1044
f 8809//1030 8858//1044 8857//1042
f 8810//1031 8811//16 8858//1044
f 8858//1044 8811//16 8859//967
f 8811//16 8812//391 8859//967
f 8859//967 8812//391 8860//391
f 8812//391 8813//695 8860//391
f 8860//391 8813//695 8861//695
f 8813//695 8814//61 8861//695
f 8861//695 8814//61 8862//45
f 8814//61 8815//133 8862//45
f 8862//45 8815//133 8863//342
f 8815//133 8816//45 8863//342
f 8863//342 8816//45 8864//61
f 8816//45 8817//695 8864//61
f 8864//61 8817//695 8865//695
f 8817//695 8818//695 8865//695
f 8865//695 8818//695 8866//695
f 8818//695 8819//61 8866//695
f 8866//695 8819//61 8867//61
f 8819//61 8820//1012 8867//61
f 8867//61 8820//1012 8868//61
f 8820//1012 8821//944 8869//944
f 8820//1012 8869//944 8868//61
f 8821//944 8822//61 8870//1012
f 8821//944 8870//1012 8869//944
f 8822//61 8823//61 8870//1012
f 8870//1012 8823//61 8871//61
f 8823//61 8824//1014 8871//61
f 8871//61 8824//1014 8872//61
f 8824//1014 8825//1023 8872//61
f 8872//61 8825//1023 8873//61
f 8825//1023 8826//1002 8873//61
f 8873//61 8826//1002 8874//61
f 8826//1002 8827//1002 8875//1014
f 8826//1002 8875//1014 8874//61
f 8827//1002 8828//1032 8875//1014
f 8875//1014 8828//1032 8876//1023
f 8828//1032 8829//1033 8876//1023
f 8876//1023 8829//1033 8877//1002
f 8829//1033 8830//1034 8878//1034
f 8829//1033 8878//1034 8877//1002
f 8830//1034 8831//1003 8879//1045
f 8830//1034 8879//1045 8878//1034
f 8831//1003 8832//1035 8879//1045
f 8879//1045 8832//1035 8880//1046
f 8832//1035 8833//1036 8881//1047
f 8832//1035 8881//1047 8880//1046
f 8833//1036 8834//1037 8882//1048
f 8833//1036 8882//1048 8881//1047
f 8834//1037 8835//1038 8882//1048
f 8882//1048 8835//1038 8883//1049
f 8835//1038 8836//184 8884//1050
f 8835//1038 8884//1050 8883//1049
f 8836//184 8837//598 8884//1050
f 8884//1050 8837//598 8885//1051
f 8837//598 8838//176 8885//1051
f 8885//1051 8838//176 8886//1052
f 8838//176 8839//181 8886//1052
f 8886//1052 8839//181 8887//184
f 8839//181 8840//61 8887//184
f 8887//184 8840//61 8888//263
f 8840//61 8841//169 8888//263
f 8888//263 8841//169 8889//169
f 8841//169 8842//169 8889//169
f 8889//169 8842//169 8890//61
f 8842//169 8843//61 8890//61
f 8890//61 8843//61 8891//289
f 8843//61 8844//299 8891//289
f 8891//289 8844//299 8892//231
f 8844//299 8845//1039 8892//231
f 8892//231 8845//1039 8893//254
f 8845//1039 8846//419 8893//254
f 8893//254 8846//419 8894//319
f 8846//419 8847//319 8894//319
f 8894//319 8847//319 8895//476
f 8847//319 8848//254 8895//476
f 8895//476 8848//254 8896//476
f 8848//254 8849//290 8896//476
f 8896//476 8849//290 8897//319
f 8849//290 8850//290 8897//319
f 8897//319 8850//290 8898//301
f 8850//290 8851//311 8898//301
f 8898//301 8851//311 8899//337
f 8851//311 8852//291 8899//337
f 8899//337 8852//291 8900//301
f 8852//291 8853//291 8900//301
f 8900//301 8853//291 8901//312
f 8853//291 8854//1040 8901//312
f 8901//312 8854//1040 8902//1053
f 8854//1040 8855//1041 8902//1053
f 8856//1043 8857//1042 8904//1054
f 8856//1043 8904//1054 8903//1055
f 8857//1042 8858//1044 8905//1056
f 8857//1042 8905//1056 8904//1054
f 8858//1044 8859//967 8906//1057
f 8858//1044 8906//1057 8905//1056
f 8859//967 8860//391 8907//1058
f 8859//967 8907//1058 8906//1057
f 8860//391 8861//695 8907//1058
f 8907//1058 8861//695 8908//695
f 8861//695 8862//45 8908//695
f 8908//695 8862//45 8909//695
f 8862//45 8863//342 8909//695
f 8909//695 8863//342 8910//695
f 8863//342 8864//61 8910//695
f 8910//695 8864//61 8911//61
f 8864//61 8865//695 8911//61
f 8911//61 8865//695 8912//695
f 8865//695 8866//695 8912//695
f 8912//695 8866//695 8913//695
f 8866//695 8867//61 8913//695
f 8913//695 8867//61 8914//61
f 8867//61 8868//61 8914//61
f 8914//61 8868//61 8915//61
f 8868//61 8869//944 8915//61
f 8915//61 8869//944 8916//1012
f 8869//944 8870//1012 8916//1012
f 8916//1012 8870//1012 8917//1059
f 8870//1012 8871//61 8917//1059
f 8917//1059 8871//61 8918//1023
f 8871//61 8872//61 8918//1023
f 8918//1023 8872//61 8919//1014
f 8872//61 8873//61 8919//1014
f 8919//1014 8873//61 8920//61
f 8873//61 8874//61 8920//61
f 8920//61 8874//61 8921//1060
f 8874//61 8875//1014 8921//1060
f 8921//1060 8875//1014 8922//61
f 8875//1014 8876//1023 8922//61
f 8922//61 8876//1023 8923//61
f 8876//1023 8877//1002 8923//61
f 8923//61 8877//1002 8924//1061
f 8877//1002 8878//1034 8925//1045
f 8877//1002 8925//1045 8924//1061
f 8878//1034 8879//1045 8925//1045
f 8925//1045 8879//1045 8926//1046
f 8879//1045 8880//1046 8926//1046
f 8926//1046 8880//1046 8927//1046
f 8880//1046 8881//1047 8927//1046
f 8927//1046 8881//1047 8928//1046
f 8881//1047 8882//1048 8929//1062
f 8881//1047 8929//1062 8928//1046
f 8882//1048 8883//1049 8930//1063
f 8882//1048 8930//1063 8929//1062
f 8883//1049 8884//1050 8931//1064
f 8883//1049 8931//1064 8930//1063
f 8884//1050 8885//1051 8931//1064
f 8931//1064 8885//1051 8932//1065
f 8885//1051 8886//1052 8933//1066
f 8885//1051 8933//1066 8932//1065
f 8886//1052 8887//184 8934//1067
f 8886//1052 8934//1067 8933//1066
f 8887//184 8888//263 8934//1067
f 8934//1067 8888//263 8935//1068
f 8888//263 8889//169 8935//1068
f 8935//1068 8889//169 8936//61
f 8889//169 8890//61 8936//61
f 8936//61 8890//61 8937//741
f 8890//61 8891//289 8937//741
f 8937//741 8891//289 8938//299
f 8891//289 8892//231 8938//299
f 8938//299 8892//231 8939//405
f 8892//231 8893//254 8939//405
f 8939//405 8893//254 8940//328
f 8893//254 8894//319 8940//328
f 8940//328 8894//319 8941//301
f 8894//319 8895//476 8941//301
f 8941//301 8895//476 8942//419
f 8895//476 8896//476 8942//419
f 8942//419 8896//476 8943//319
f 8896//476 8897//319 8943//319
f 8943//319 8897//319 8944//1069
f 8897//319 8898//301 8944//1069
f 8944//1069 8898//301 8945//366
f 8898//301 8899//337 8945//366
f 8945//366 8899//337 8946//301
f 8899//337 8900//301 8946//301
f 8946//301 8900//301 8947//1070
f 8900//301 8901//312 8947//1070
f 8947//1070 8901//312 8948//1071
f 8901//312 8902//1053 8948//1071
f 8949//1072 8903//1055 8950//1073
f 8903//1055 8904//1054 8950//1073
f 8950//1073 8904//1054 8951//1074
f 8904//1054 8905//1056 8952//1075
f 8904//1054 8952//1075 8951//1074
f 8905//1056 8906//1057 8953//1076
f 8905//1056 8953//1076 8952//1075
f 8906//1057 8907//1058 8954//1077
f 8906//1057 8954//1077 8953//1076
f 8907//1058 8908//695 8954//1077
f 8954//1077 8908//695 8955//1078
f 8908//695 8909//695 8955//1078
f 8955//1078 8909//695 8956//695
f 8909//695 8910//695 8956//695
f 8956//695 8910//695 8957//695
f 8910//695 8911//61 8957//695
f 8957//695 8911//61 8958//61
f 8911//61 8912//695 8958//61
f 8958//61 8912//695 8959//695
f 8912//695 8913//695 8959//695
f 8959//695 8913//695 8960//695
f 8913//695 8914//61 8960//695
f 8960//695 8914//61 8961//61
f 8914//61 8915//61 8961//61
f 8961//61 8915//61 8962//61
f 8915//61 8916//1012 8962//61
f 8962//61 8916//1012 8963//61
f 8916//1012 8917//1059 8964//1014
f 8916//1012 8964//1014 8963//61
f 8917//1059 8918//1023 8964//1014
f 8964//1014 8918//1023 8965//1023
f 8918//1023 8919//1014 8965//1023
f 8965//1023 8919//1014 8966//1002
f 8919//1014 8920//61 8967//1079
f 8919//1014 8967//1079 8966//1002
f 8920//61 8921//1060 8967//1079
f 8967//1079 8921//1060 8968//1079
f 8921//1060 8922//61 8969//1002
f 8921//1060 8969//1002 8968//1079
f 8922//61 8923//61 8969//1002
f 8969//1002 8923//61 8970//1080
f 8923//61 8924//1061 8970//1080
f 8970//1080 8924//1061 8971//419
f 8924//1061 8925//1045 8971//419
f 8971//419 8925//1045 8972//1023
f 8925//1045 8926//1046 8972//1023
f 8972//1023 8926//1046 8973//1023
f 8926//1046 8927//1046 8973//1023
f 8973//1023 8927//1046 8974//1023
f 8927//1046 8928//1046 8974//1023
f 8974//1023 8928//1046 8975//1081
f 8928//1046 8929//1062 8975//1081
f 8975//1081 8929//1062 8976//1046
f 8929//1062 8930//1063 8977//1082
f 8929//1062 8977//1082 8976//1046
f 8930//1063 8931//1064 8978//1083
f 8930//1063 8978//1083 8977//1082
f 8931//1064 8932//1065 8978//1083
f 8978//1083 8932//1065 8979//1084
f 8932//1065 8933//1066 8980//1085
f 8932//1065 8980//1085 8979//1084
f 8933//1066 8934//1067 8981//1086
f 8933//1066 8981//1086 8980//1085
f 8934//1067 8935//1068 8982//1087
f 8934//1067 8982//1087 8981//1086
f 8935//1068 8936//61 8983//1088
f 8935//1068 8983//1088 8982//1087
f 8936//61 8937//741 8983//1088
f 8983//1088 8937//741 8984//1089
f 8937//741 8938//299 8984//1089
f 8984//1089 8938//299 8985//1090
f 8938//299 8939//405 8985//1090
f 8985//1090 8939//405 8986//280
f 8939//405 8940//328 8986//280
f 8986//280 8940//328 8987//281
f 8940//328 8941//301 8987//281
f 8987//281 8941//301 8988//267
f 8941//301 8942//419 8988//267
f 8988//267 8942//419 8989//256
f 8942//419 8943//319 8989//256
f 8989//256 8943//319 8990//311
f 8943//319 8944//1069 8990//311
f 8990//311 8944//1069 8991//290
f 8944//1069 8945//366 8991//290
f 8991//290 8945//366 8992//311
f 8945//366 8946//301 8992//311
f 8992//311 8946//301 8993//1091
f 8946//301 8947//1070 8993//1091
f 8993//1091 8947//1070 8994//1092
f 8947//1070 8948//1071 8994//1092
f 8949//1072 8950//1073 8995//1093
f 8995//1093 8950//1073 8996//1094
f 8950//1073 8951//1074 8996//1094
f 8996//1094 8951//1074 8997//1095
f 8951//1074 8952//1075 8997//1095
f 8997//1095 8952//1075 8998//1096
f 8952//1075 8953//1076 8999//1097
f 8952//1075 8999//1097 8998//1096
f 8953//1076 8954//1077 9000//1098
f 8953//1076 9000//1098 8999//1097
f 8954//1077 8955//1078 9001//1099
f 8954//1077 9001//1099 9000//1098
f 8955//1078 8956//695 9001//1099
f 9001//1099 8956//695 9002//885
f 8956//695 8957//695 9002//885
f 9002//885 8957//695 9003//1078
f 8957//695 8958//61 9003//1078
f 9003//1078 8958//61 9004//61
f 8958//61 8959//695 9004//61
f 9004//61 8959//695 9005//695
f 8959//695 8960//695 9005//695
f 9005//695 8960//695 9006//695
f 8960//695 8961//61 9006//695
f 9006//695 8961//61 9007//61
f 8961//61 8962//61 9007//61
f 9007//61 8962//61 9008//61
f 8962//61 8963//61 9008//61
f 9008//61 8963//61 9009//61
f 8963//61 8964//1014 9009//61
f 9009//61 8964//1014 9010//61
f 8964//1014 8965//1023 9010//61
f 9010//61 8965//1023 9011//61
f 8965//1023 8966//1002 9011//61
f 9011//61 8966//1002 9012//61
f 8966//1002 8967//1079 9013//1060
f 8966//1002 9013//1060 9012//61
f 8967//1079 8968//1079 9013//1060
f 9013//1060 8968//1079 9014//61
f 8968//1079 8969//1002 9015//1014
f 8968//1079 9015//1014 9014//61
f 8969//1002 8970//1080 9015//1014
f 9015//1014 8970//1080 9016//493
f 8970//1080 8971//419 9016//493
f 9016//493 8971//419 9017//493
f 8971//419 8972//1023 9017//493
f 9017//493 8972//1023 9018//1023
f 8972//1023 8973//1023 9018//1023
f 9018//1023 8973//1023 9019//1023
f 8973//1023 8974//1023 9019//1023
f 9019//1023 8974//1023 9020//419
f 8974//1023 8975//1081 9020//419
f 9020//419 8975//1081 9021//476
f 8975//1081 8976//1046 9021//476
f 9021//476 8976//1046 9022//1100
f 8976//1046 8977//1082 9022//1100
f 9022//1100 8977//1082 9023//1100
f 8977//1082 8978//1083 9023//1100
f 9023//1100 8978//1083 9024//1100
f 8978//1083 8979//1084 9024//1100
f 9024//1100 8979//1084 9025//1101
f 8979//1084 8980//1085 9026//1102
f 8979//1084 9026//1102 9025//1101
f 8980//1085 8981//1086 9026//1102
f 9026//1102 8981//1086 9027//1103
f 8981//1086 8982//1087 9028//1104
f 8981//1086 9028//1104 9027//1103
f 8982//1087 8983//1088 9029//1105
f 8982//1087 9029//1105 9028//1104
f 8983//1088 8984//1089 9029//1105
f 9029//1105 8984//1089 9030//1106
f 8984//1089 8985//1090 9031//1107
f 8984//1089 9031//1107 9030//1106
f 8985//1090 8986//280 9031//1107
f 9031//1107 8986//280 9032//1108
f 8986//280 8987//281 9032//1108
f 9032//1108 8987//281 9033//290
f 8987//281 8988//267 9033//290
f 9033//290 8988//267 9034//254
f 8988//267 8989//256 9034//254
f 9034//254 8989//256 9035//290
f 8989//256 8990//311 9035//290
f 9035//290 8990//311 9036//329
f 8990//311 8991//290 9036//329
f 9036//329 8991//290 9037//280
f 8991//290 8992//311 9037//280
f 9037//280 8992//311 9038//329
f 8992//311 8993//1091 9038//329
f 9038//329 8993//1091 9039//1109
f 8993//1091 8994//1092 9039//1109
f 9039//1109 8994//1092 9040//339
f 8995//1093 8996//1094 9041//1110
f 9041//1110 8996//1094 9042//1111
f 8996//1094 8997//1095 9042//1111
f 9042//1111 8997//1095 9043//1112
f 8997//1095 8998//1096 9044//1113
f 8997//1095 9044//1113 9043//1112
f 8998//1096 8999//1097 9045//1114
f 8998//1096 9045//1114 9044//1113
f 8999//1097 9000//1098 9046//1115
f 8999//1097 9046//1115 9045//1114
f 9000//1098 9001//1099 9047//1116
f 9000//1098 9047//1116 9046//1115
f 9001//1099 9002//885 9048//1117
f 9001//1099 9048//1117 9047//1116
f 9002//885 9003//1078 9049//1118
f 9002//885 9049//1118 9048//1117
f 9003//1078 9004//61 9049//1118
f 9049//1118 9004//61 9050//61
f 9004//61 9005//695 9050//61
f 9050//61 9005//695 9051//695
f 9005//695 9006//695 9051//695
f 9051//695 9006//695 9052//695
f 9006//695 9007//61 9052//695
f 9052//695 9007//61 9053//61
f 9007//61 9008//61 9053//61
f 9053//61 9008//61 9054//61
f 9008//61 9009//61 9054//61
f 9054//61 9009//61 9055//61
f 9009//61 9010//61 9055//61
f 9055//61 9010//61 9056//61
f 9010//61 9011//61 9056//61
f 9056//61 9011//61 9057//61
f 9011//61 9012//61 9057//61
f 9057//61 9012//61 9058//61
f 9012//61 9013//1060 9058//61
f 9058//61 9013//1060 9059//61
f 9013//1060 9014//61 9059//61
f 9059//61 9014//61 9060//493
f 9014//61 9015//1014 9060//493
f 9060//493 9015//1014 9061//1023
f 9015//1014 9016//493 9061//1023
f 9061//1023 9016//493 9062//1080
f 9016//493 9017//493 9062//1080
f 9062//1080 9017//493 9063//419
f 9017//493 9018//1023 9063//419
f 9063//419 9018//1023 9064//1023
f 9018//1023 9019//1023 9064//1023
f 9064//1023 9019//1023 9065//1023
f 9019//1023 9020//419 9065//1023
f 9065//1023 9020//419 9066//254
f 9020//419 9021//476 9066//254
f 9066//254 9021//476 9067//254
f 9021//476 9022//1100 9067//254
f 9067//254 9022//1100 9068//1081
f 9022//1100 9023//1100 9068//1081
f 9068//1081 9023//1100 9069//1100
f 9023//1100 9024//1100 9069//1100
f 9069//1100 9024//1100 9070//1119
f 9024//1100 9025//1101 9070//1119
f 9070//1119 9025//1101 9071//1120
f 9025//1101 9026//1102 9071//1120
f 9071//1120 9026//1102 9072//1121
f 9026//1102 9027//1103 9072//1121
f 9072//1121 9027//1103 9073//1122
f 9027//1103 9028//1104 9074//1123
f 9027//1103 9074//1123 9073//1122
f 9028//1104 9029//1105 9075//1124
f 9028//1104 9075//1124 9074//1123
f 9029//1105 9030//1106 9076//1125
f 9029//1105 9076//1125 9075//1124
f 9030//1106 9031//1107 9077//1126
f 9030//1106 9077//1126 9076//1125
f 9031//1107 9032//1108 9077//1126
f 9077//1126 9032//1108 9078//1127
f 9032//1108 9033//290 9078//1127
f 9078//1127 9033//290 9079//1128
f 9033//290 9034//254 9079//1128
f 9079//1128 9034//254 9080//1129
f 9034//254 9035//290 9080//1129
f 9080//1129 9035//290 9081//1130
f 9035//290 9036//329 9081//1130
f 9081//1130 9036//329 9082//290
f 9036//329 9037//280 9082//290
f 9082//290 9037//280 9083//291
f 9037//280 9038//329 9083//291
f 9083//291 9038//329 9084//1131
f 9038//329 9039//1109 9084//1131
f 9084//1131 9039//1109 9085//1132
f 9039//1109 9040//339 9085//1132
f 9041//1110 9042//1111 9086//1133
f 9086//1133 9042//1111 9087//1134
f 9042//1111 9043//1112 9087//1134
f 9087//1134 9043//1112 9088//1135
f 9043//1112 9044//1113 9088//1135
f 9088//1135 9044//1113 9089//1136
f 9044//1113 9045//1114 9089//1136
f 9089//1136 9045//1114 9090//1074
f 9045//1114 9046//1115 9091//1137
f 9045//1114 9091//1137 9090//1074
f 9046//1115 9047//1116 9092//1138
f 9046//1115 9092//1138 9091//1137
f 9047//1116 9048//1117 9092//1138
f 9092//1138 9048//1117 9093//1139
f 9048//1117 9049//1118 9094//1140
f 9048//1117 9094//1140 9093//1139
f 9049//1118 9050//61 9095//1141
f 9049//1118 9095//1141 9094//1140
f 9050//61 9051//695 9095//1141
f 9095//1141 9051//695 9096//1142
f 9051//695 9052//695 9096//1142
f 9096//1142 9052//695 9097//1143
f 9052//695 9053//61 9097//1143
f 9097//1143 9053//61 9098//1023
f 9053//61 9054//61 9098//1023
f 9098//1023 9054//61 9099//1014
f 9054//61 9055//61 9099//1014
f 9099//1014 9055//61 9100//61
f 9055//61 9056//61 9100//61
f 9100//61 9056//61 9101//61
f 9056//61 9057//61 9101//61
f 9101//61 9057//61 9102//61
f 9057//61 9058//61 9102//61
f 9102//61 9058//61 9103//493
f 9058//61 9059//61 9103//493
f 9103//493 9059//61 9104//419
f 9059//61 9060//493 9104//419
f 9104//419 9060//493 9105//419
f 9060//493 9061//1023 9105//419
f 9105//419 9061//1023 9106//1023
f 9061//1023 9062//1080 9106//1023
f 9106//1023 9062//1080 9107//493
f 9062//1080 9063//419 9107//493
f 9107//493 9063//419 9108//61
f 9063//419 9064//1023 9108//61
f 9108//61 9064//1023 9109//61
f 9064//1023 9065//1023 9109//61
f 9109//61 9065//1023 9110//493
f 9065//1023 9066//254 9110//493
f 9110//493 9066//254 9111//254
f 9066//254 9067//254 9111//254
f 9111//254 9067//254 9112//290
f 9067//254 9068//1081 9112//290
f 9112//290 9068//1081 9113//419
f 9068//1081 9069//1100 9113//419
f 9113//419 9069//1100 9114//476
f 9069//1100 9070//1119 9114//476
f 9114//476 9070//1119 9115//1144
f 9070//1119 9071//1120 9115//1144
f 9115//1144 9071//1120 9116//1145
f 9071//1120 9072//1121 9116//1145
f 9116//1145 9072//1121 9117//1146
f 9072//1121 9073//1122 9117//1146
f 9117//1146 9073//1122 9118//1046
f 9073//1122 9074//1123 9119//1147
f 9073//1122 9119//1147 9118//1046
f 9074//1123 9075//1124 9119//1147
f 9119//1147 9075//1124 9120//1148
f 9075//1124 9076//1125 9121//1149
f 9075//1124 9121//1149 9120//1148
f 9076//1125 9077//1126 9122//1150
f 9076//1125 9122//1150 9121//1149
f 9077//1126 9078//1127 9122//1150
f 9122//1150 9078//1127 9123//1151
f 9078//1127 9079//1128 9123//1151
f 9123//1151 9079//1128 9124//1152
f 9079//1128 9080//1129 9124//1152
f 9124//1152 9080//1129 9125//1153
f 9080//1129 9081//1130 9126//1154
f 9080//1129 9126//1154 9125//1153
f 9081//1130 9082//290 9126//1154
f 9126//1154 9082//290 9127//1155
f 9082//290 9083//291 9127//1155
f 9127//1155 9083//291 9128//1156
f 9083//291 9084//1131 9128//1156
f 9128//1156 9084//1131 9129//1157
f 9084//1131 9085//1132 9129//1157
f 9130//1158 9086//1133 9131//1159
f 9086//1133 9087//1134 9131//1159
f 9131//1159 9087//1134 9132//69
f 9087//1134 9088//1135 9132//69
f 9132//69 9088//1135 9133//1160
f 9088//1135 9089//1136 9134//1161
f 9088//1135 9134//1161 9133//1160
f 9089//1136 9090//1074 9134//1161
f 9134//1161 9090//1074 9135//61
f 9090//1074 9091//1137 9135//61
f 9135//61 9091//1137 9136//61
f 9091//1137 9092//1138 9137//1000
f 9091//1137 9137//1000 9136//61
f 9092//1138 9093//1139 9138//1162
f 9092//1138 9138//1162 9137//1000
f 9093//1139 9094//1140 9139//1163
f 9093//1139 9139//1163 9138//1162
f 9094//1140 9095//1141 9140//1164
f 9094//1140 9140//1164 9139//1163
f 9095//1141 9096//1142 9141//1165
f 9095//1141 9141//1165 9140//1164
f 9096//1142 9097//1143 9142//1166
f 9096//1142 9142//1166 9141//1165
f 9097//1143 9098//1023 9142//1166
f 9142//1166 9098//1023 9143//1032
f 9098//1023 9099//1014 9143//1032
f 9143//1032 9099//1014 9144//1002
f 9099//1014 9100//61 9145//1002
f 9099//1014 9145//1002 9144//1002
f 9100//61 9101//61 9145//1002
f 9145//1002 9101//61 9146//1023
f 9101//61 9102//61 9146//1023
f 9146//1023 9102//61 9147//1080
f 9102//61 9103//493 9147//1080
f 9147//1080 9103//493 9148//419
f 9103//493 9104//419 9148//419
f 9148//419 9104//419 9149//493
f 9104//419 9105//419 9149//493
f 9149//493 9105//419 9150//61
f 9105//419 9106//1023 9150//61
f 9150//61 9106//1023 9151//493
f 9106//1023 9107//493 9151//493
f 9151//493 9107//493 9152//1023
f 9107//493 9108//61 9152//1023
f 9152//1023 9108//61 9153//1023
f 9108//61 9109//61 9153//1023
f 9153//1023 9109//61 9154//1080
f 9109//61 9110//493 9154//1080
f 9154//1080 9110//493 9155//419
f 9110//493 9111//254 9155//419
f 9155//419 9111//254 9156//254
f 9111//254 9112//290 9156//254
f 9156//254 9112//290 9157//290
f 9112//290 9113//419 9157//290
f 9157//290 9113//419 9158//1080
f 9113//419 9114//476 9158//1080
f 9158//1080 9114//476 9159//301
f 9114//476 9115//1144 9159//301
f 9159//301 9115//1144 9160//319
f 9115//1144 9116//1145 9160//319
f 9160//319 9116//1145 9161//476
f 9116//1145 9117//1146 9161//476
f 9161//476 9117//1146 9162//1167
f 9117//1146 9118//1046 9163//1168
f 9117//1146 9163//1168 9162//1167
f 9118//1046 9119//1147 9164//1169
f 9118//1046 9164//1169 9163//1168
f 9119//1147 9120//1148 9164//1169
f 9164//1169 9120//1148 9165//1170
f 9120//1148 9121//1149 9165//1170
f 9165//1170 9121//1149 9166//1171
f 9121//1149 9122//1150 9167//1172
f 9121//1149 9167//1172 9166//1171
f 9122//1150 9123//1151 9167//1172
f 9123//1151 9124//1152 9168//1173
f 9124//1152 9125//1153 9168//1173
f 9168//1173 9125//1153 9169//1174
f 9125//1153 9126//1154 9170//1175
f 9125//1153 9170//1175 9169//1174
f 9126//1154 9127//1155 9170//1175
f 9170//1175 9127//1155 9171//1176
f 9127//1155 9128//1156 9171//1176
f 9171//1176 9128//1156 9172//1177
f 9128//1156 9129//1157 9172//1177
f 9130//1158 9131//1159 9173//1178
f 9173//1178 9131//1159 9174//1179
f 9131//1159 9132//69 9174//1179
f 9174//1179 9132//69 9175//44
f 9132//69 9133//1160 9175//44
f 9175//44 9133//1160 9176//1180
f 9133//1160 9134//1161 9176//1180
f 9176//1180 9134//1161 9177//1181
f 9134//1161 9135//61 9178//1182
f 9134//1161 9178//1182 9177//1181
f 9135//61 9136//61 9178//1182
f 9178//1182 9136//61 9179//61
f 9136//61 9137//1000 9179//61
f 9179//61 9137//1000 9180//1183
f 9137//1000 9138//1162 9181//1184
f 9137//1000 9181//1184 9180//1183
f 9138//1162 9139//1163 9182//1185
f 9138//1162 9182//1185 9181//1184
f 9139//1163 9140//1164 9182//1185
f 9182//1185 9140//1164 9183//1186
f 9140//1164 9141//1165 9183//1186
f 9183//1186 9141//1165 9184//1187
f 9141//1165 9142//1166 9185//1188
f 9141//1165 9185//1188 9184//1187
f 9142//1166 9143//1032 9186//1189
f 9142//1166 9186//1189 9185//1188
f 9143//1032 9144//1002 9186//1189
f 9186//1189 9144//1002 9187//1190
f 9144//1002 9145//1002 9188//1191
f 9144//1002 9188//1191 9187//1190
f 9145//1002 9146//1023 9188//1191
f 9188//1191 9146//1023 9189//1023
f 9146//1023 9147//1080 9189//1023
f 9189//1023 9147//1080 9190//493
f 9147//1080 9148//419 9190//493
f 9190//493 9148//419 9191//61
f 9148//419 9149//493 9191//61
f 9191//61 9149//493 9192//61
f 9149//493 9150//61 9192//61
f 9192//61 9150//61 9193//254
f 9150//61 9151//493 9193//254
f 9193//254 9151//493 9194//419
f 9151//493 9152//1023 9194//419
f 9194//419 9152//1023 9195//1023
f 9152//1023 9153//1023 9195//1023
f 9195//1023 9153//1023 9196//1023
f 9153//1023 9154//1080 9196//1023
f 9196//1023 9154//1080 9197//493
f 9154//1080 9155//419 9197//493
f 9197//493 9155//419 9198//493
f 9155//419 9156//254 9198//493
f 9198//493 9156//254 9199//290
f 9156//254 9157//290 9199//290
f 9199//290 9157//290 9200//375
f 9157//290 9158//1080 9200//375
f 9200//375 9158//1080 9201//319
f 9158//1080 9159//301 9201//319
f 9201//319 9159//301 9202//254
f 9159//301 9160//319 9202//254
f 9202//254 9160//319 9203//255
f 9160//319 9161//476 9203//255
f 9203//255 9161//476 9204//256
f 9161//476 9162//1167 9204//256
f 9204//256 9162//1167 9205//1192
f 9162//1167 9163//1168 9205//1192
f 9205//1192 9163//1168 9206//1193
f 9163//1168 9164//1169 9206//1193
f 9206//1193 9164//1169 9207//1194
f 9164//1169 9165//1170 9208//1195
f 9164//1169 9208//1195 9207//1194
f 9165//1170 9166//1171 9208//1195
f 9169//1174 9170//1175 9209//1196
f 9170//1175 9171//1176 9209//1196
f 9173//1178 9174//1179 9210//1197
f 9210//1197 9174//1179 9211//1198
f 9174//1179 9175//44 9211//1198
f 9211//1198 9175//44 9212//132
f 9175//44 9176//1180 9212//132
f 9212//132 9176//1180 9213//880
f 9176//1180 9177//1181 9214//1199
f 9176//1180 9214//1199 9213//880
f 9177//1181 9178//1182 9214//1199
f 9214//1199 9178//1182 9215//1200
f 9178//1182 9179//61 9216//1201
f 9178//1182 9216//1201 9215//1200
f 9179//61 9180//1183 9216//1201
f 9216//1201 9180//1183 9217//1202
f 9180//1183 9181//1184 9217//1202
f 9217//1202 9181//1184 9218//1203
f 9181//1184 9182//1185 9218//1203
f 9218//1203 9182//1185 9219//671
f 9182//1185 9183//1186 9219//671
f 9219//671 9183//1186 9220//1204
f 9183//1186 9184//1187 9220//1204
f 9220//1204 9184//1187 9221//61
f 9184//1187 9185//1188 9222//1205
f 9184//1187 9222//1205 9221//61
f 9185//1188 9186//1189 9223//1206
f 9185//1188 9223//1206 9222//1205
f 9186//1189 9187//1190 9224//1207
f 9186//1189 9224//1207 9223//1206
f 9187//1190 9188//1191 9225//1208
f 9187//1190 9225//1208 9224//1207
f 9188//1191 9189//1023 9225//1208
f 9225//1208 9189//1023 9226//1209
f 9189//1023 9190//493 9226//1209
f 9226//1209 9190//493 9227//1023
f 9190//493 9191//61 9227//1023
f 9227//1023 9191//61 9228//1023
f 9191//61 9192//61 9228//1023
f 9228//1023 9192//61 9229//1080
f 9192//61 9193//254 9229//1080
f 9229//1080 9193//254 9230//254
f 9193//254 9194//419 9230//254
f 9230//254 9194//419 9231//61
f 9194//419 9195//1023 9231//61
f 9231//61 9195//1023 9232//1060
f 9195//1023 9196//1023 9232//1060
f 9232//1060 9196//1023 9233//61
f 9196//1023 9197//493 9233//61
f 9233//61 9197//493 9234//254
f 9197//493 9198//493 9234//254
f 9234//254 9198//493 9235//419
f 9198//493 9199//290 9235//419
f 9235//419 9199//290 9236//290
f 9199//290 9200//375 9236//290
f 9236//290 9200//375 9237//290
f 9200//375 9201//319 9237//290
f 9237//290 9201//319 9238//254
f 9201//319 9202//254 9238//254
f 9238//254 9202//254 9239//254
f 9202//254 9203//255 9239//254
f 9239//254 9203//255 9240//254
f 9203//255 9204//256 9240//254
f 9240//254 9204//256 9241//736
f 9204//256 9205//1192 9241//736
f 9241//736 9205//1192 9242//1210
f 9205//1192 9206//1193 9242//1210
f 9243//1211 9210//1197 9244//1212
f 9210//1197 9211//1198 9244//1212
f 9244//1212 9211//1198 9245//342
f 9211//1198 9212//132 9245//342
f 9245//342 9212//132 9246//212
f 9212//132 9213//880 9246//212
f 9246//212 9213//880 9247//342
f 9213//880 9214//1199 9247//342
f 9247//342 9214//1199 9248//61
f 9214//1199 9215//1200 9249//1213
f 9214//1199 9249//1213 9248//61
f 9215//1200 9216//1201 9250//1214
f 9215//1200 9250//1214 9249//1213
f 9216//1201 9217//1202 9250//1214
f 9250//1214 9217//1202 9251//1215
f 9217//1202 9218//1203 9251//1215
f 9251//1215 9218//1203 9252//1216
f 9218//1203 9219//671 9252//1216
f 9252//1216 9219//671 9253//237
f 9219//671 9220//1204 9253//237
f 9253//237 9220//1204 9254//1217
f 9220//1204 9221//61 9255//1218
f 9220//1204 9255//1218 9254//1217
f 9221//61 9222//1205 9255//1218
f 9255//1218 9222//1205 9256//61
f 9222//1205 9223//1206 9257//1219
f 9222//1205 9257//1219 9256//61
f 9223//1206 9224//1207 9258//1220
f 9223//1206 9258//1220 9257//1219
f 9224//1207 9225//1208 9259//1221
f 9224//1207 9259//1221 9258//1220
f 9225//1208 9226//1209 9260//1222
f 9225//1208 9260//1222 9259//1221
f 9226//1209 9227//1023 9260//1222
f 9260//1222 9227//1023 9261//1223
f 9227//1023 9228//1023 9261//1223
f 9261//1223 9228//1023 9262//1224
f 9228//1023 9229//1080 9262//1224
f 9262//1224 9229//1080 9263//1225
f 9229//1080 9230//254 9263//1225
f 9263//1225 9230//254 9264//1074
f 9230//254 9231//61 9264//1074
f 9264//1074 9231//61 9265//419
f 9231//61 9232//1060 9265//419
f 9265//419 9232//1060 9266//1226
f 9232//1060 9233//61 9267//1079
f 9232//1060 9267//1079 9266//1226
f 9233//61 9234//254 9267//1079
f 9267//1079 9234//254 9268//319
f 9234//254 9235//419 9268//319
f 9268//319 9235//419 9269//419
f 9235//419 9236//290 9269//419
f 9269//419 9236//290 9270//301
f 9236//290 9237//290 9270//301
f 9270//301 9237//290 9271//254
f 9237//290 9238//254 9271//254
f 9271//254 9238//254 9272//254
f 9238//254 9239//254 9272//254
f 9272//254 9239//254 9273//254
f 9239//254 9240//254 9273//254
f 9273//254 9240//254 9274//736
f 9240//254 9241//736 9274//736
f 9274//736 9241//736 9275//1227
f 9241//736 9242//1210 9275//1227
f 9243//1211 9244//1212 9276//1228
f 9276//1228 9244//1212 9277//1229
f 9244//1212 9245//342 9277//1229
f 9277//1229 9245//342 9278//133
f 9245//342 9246//212 9278//133
f 9278//133 9246//212 9279//212
f 9246//212 9247//342 9279//212
f 9279//212 9247//342 9280//695
f 9247//342 9248//61 9280//695
f 9280//695 9248//61 9281//61
f 9248//61 9249//1213 9281//61
f 9281//61 9249//1213 9282//61
f 9249//1213 9250//1214 9282//61
f 9282//61 9250//1214 9283//61
f 9250//1214 9251//1215 9283//61
f 9283//61 9251//1215 9284//1230
f 9251//1215 9252//1216 9284//1230
f 9284//1230 9252//1216 9285//1231
f 9252//1216 9253//237 9285//1231
f 9285//1231 9253//237 9286//237
f 9253//237 9254//1217 9286//237
f 9286//237 9254//1217 9287//1232
f 9254//1217 9255//1218 9288//1230
f 9254//1217 9288//1230 9287//1232
f 9255//1218 9256//61 9288//1230
f 9288//1230 9256//61 9289//61
f 9256//61 9257//1219 9289//61
f 9289//61 9257//1219 9290//61
f 9257//1219 9258//1220 9290//61
f 9290//61 9258//1220 9291//1078
f 9258//1220 9259//1221 9292//1233
f 9258//1220 9292//1233 9291//1078
f 9259//1221 9260//1222 9292//1233
f 9292//1233 9260//1222 9293//1234
f 9260//1222 9261//1223 9294//1235
f 9260//1222 9294//1235 9293//1234
f 9261//1223 9262//1224 9295//1236
f 9261//1223 9295//1236 9294//1235
f 9262//1224 9263//1225 9296//1237
f 9262//1224 9296//1237 9295//1236
f 9263//1225 9264//1074 9297//1238
f 9263//1225 9297//1238 9296//1237
f 9264//1074 9265//419 9297//1238
f 9297//1238 9265//419 9298//1225
f 9265//419 9266//1226 9298//1225
f 9298//1225 9266//1226 9299//1023
f 9266//1226 9267//1079 9300//1239
f 9266//1226 9300//1239 9299//1023
f 9267//1079 9268//319 9300//1239
f 9300//1239 9268//319 9301//476
f 9268//319 9269//419 9301//476
f 9301//476 9269//419 9302//476
f 9269//419 9270//301 9302//476
f 9302//476 9270//301 9303//319
f 9270//301 9271//254 9303//319
f 9303//319 9271//254 9304//1080
f 9271//254 9272//254 9304//1080
f 9304//1080 9272//254 9305//254
f 9272//254 9273//254 9305//254
f 9305//254 9273//254 9306//736
f 9273//254 9274//736 9306//736
f 9306//736 9274//736 9307//1240
f 9274//736 9275//1227 9307//1240
f 9276//1228 9277//1229 9308//1241
f 9308//1241 9277//1229 9309//1242
f 9277//1229 9278//133 9309//1242
f 9309//1242 9278//133 9310//342
f 9278//133 9279//212 9310//342
f 9310//342 9279//212 9311//1012
f 9279//212 9280//695 9311//1012
f 9311//1012 9280//695 9312//944
f 9280//695 9281//61 9312//944
f 9312//944 9281//61 9313//61
f 9281//61 9282//61 9313//61
f 9313//61 9282//61 9314//61
f 9282//61 9283//61 9314//61
f 9314//61 9283//61 9315//1060
f 9283//61 9284//1230 9315//1060
f 9315//1060 9284//1230 9316//61
f 9284//1230 9285//1231 9317//61
f 9284//1230 9317//61 9316//61
f 9285//1231 9286//237 9317//61
f 9317//61 9286//237 9318//61
f 9286//237 9287//1232 9318//61
f 9318//61 9287//1232 9319//405
f 9287//1232 9288//1230 9319//405
f 9319//405 9288//1230 9320//405
f 9288//1230 9289//61 9320//405
f 9320//405 9289//61 9321//61
f 9289//61 9290//61 9321//61
f 9321//61 9290//61 9322//61
f 9290//61 9291//1078 9322//61
f 9322//61 9291//1078 9323//493
f 9291//1078 9292//1233 9323//493
f 9323//493 9292//1233 9324//1243
f 9292//1233 9293//1234 9324//1243
f 9324//1243 9293//1234 9325//1074
f 9293//1234 9294//1235 9326//1244
f 9293//1234 9326//1244 9325//1074
f 9294//1235 9295//1236 9326//1244
f 9326//1244 9295//1236 9327//1245
f 9295//1236 9296//1237 9328//1246
f 9295//1236 9328//1246 9327//1245
f 9296//1237 9297//1238 9329//1247
f 9296//1237 9329//1247 9328//1246
f 9297//1238 9298//1225 9330//1248
f 9297//1238 9330//1248 9329//1247
f 9298//1225 9299//1023 9331//1238
f 9298//1225 9331//1238 9330//1248
f 9299//1023 9300//1239 9331//1238
f 9331//1238 9300//1239 9332//1249
f 9300//1239 9301//476 9332//1249
f 9332//1249 9301//476 9333//1250
f 9301//476 9302//476 9333//1250
f 9333//1250 9302//476 9334//254
f 9302//476 9303//319 9334//254
f 9334//254 9303//319 9335//254
f 9303//319 9304//1080 9335//254
f 9335//254 9304//1080 9336//493
f 9304//1080 9305//254 9336//493
f 9336//493 9305//254 9337//736
f 9305//254 9306//736 9337//736
f 9337//736 9306//736 9338//1251
f 9306//736 9307//1240 9338//1251
f 9339//1252 9308//1241 9340//1253
f 9308//1241 9309//1242 9340//1253
f 9340//1253 9309//1242 9341//943
f 9309//1242 9310//342 9341//943
f 9341//943 9310//342 9342//695
f 9310//342 9311//1012 9342//695
f 9342//695 9311//1012 9343//61
f 9311//1012 9312//944 9344//1000
f 9311//1012 9344//1000 9343//61
f 9312//944 9313//61 9345//1002
f 9312//944 9345//1002 9344//1000
f 9313//61 9314//61 9345//1002
f 9345//1002 9314//61 9346//1080
f 9314//61 9315//1060 9346//1080
f 9346//1080 9315//1060 9347//1079
f 9315//1060 9316//61 9348//1226
f 9315//1060 9348//1226 9347//1079
f 9316//61 9317//61 9348//1226
f 9348//1226 9317//61 9349//1079
f 9317//61 9318//61 9350//1000
f 9317//61 9350//1000 9349//1079
f 9318//61 9319//405 9350//1000
f 9350//1000 9319//405 9351//243
f 9319//405 9320//405 9351//243
f 9351//243 9320//405 9352//405
f 9320//405 9321//61 9352//405
f 9352//405 9321//61 9353//61
f 9321//61 9322//61 9353//61
f 9353//61 9322//61 9354//61
f 9322//61 9323//493 9354//61
f 9354//61 9323//493 9355//405
f 9323//493 9324//1243 9355//405
f 9355//405 9324//1243 9356//405
f 9324//1243 9325//1074 9356//405
f 9356//405 9325//1074 9357//61
f 9325//1074 9326//1244 9357//61
f 9357//61 9326//1244 9358//267
f 9326//1244 9327//1245 9358//267
f 9358//267 9327//1245 9359//753
f 9327//1245 9328//1246 9360//1219
f 9327//1245 9360//1219 9359//753
f 9328//1246 9329//1247 9361//1254
f 9328//1246 9361//1254 9360//1219
f 9329//1247 9330//1248 9362//1255
f 9329//1247 9362//1255 9361//1254
f 9330//1248 9331//1238 9363//1256
f 9330//1248 9363//1256 9362//1255
f 9331//1238 9332//1249 9364//1257
f 9331//1238 9364//1257 9363//1256
f 9332//1249 9333//1250 9365//1219
f 9332//1249 9365//1219 9364//1257
f 9333//1250 9334//254 9365//1219
f 9365//1219 9334//254 9366//405
f 9334//254 9335//254 9366//405
f 9366//405 9335//254 9367//1258
f 9335//254 9336//493 9367//1258
f 9367//1258 9336//493 9368//1259
f 9336//493 9337//736 9368//1259
f 9368//1259 9337//736 9369//1260
f 9337//736 9338//1251 9369//1260
f 9339//1252 9340//1253 9371//1261
f 9339//1252 9371//1261 9370//1262
f 9340//1253 9341//943 9372//1263
f 9340//1253 9372//1263 9371//1261
f 9341//943 9342//695 9372//1263
f 9372//1263 9342//695 9373//695
f 9342//695 9343//61 9373//695
f 9373//695 9343//61 9374//61
f 9343//61 9344//1000 9374//61
f 9374//61 9344//1000 9375//61
f 9344//1000 9345//1002 9376//1014
f 9344//1000 9376//1014 9375//61
f 9345//1002 9346//1080 9376//1014
f 9376//1014 9346//1080 9377//493
f 9346//1080 9347//1079 9377//493
f 9377//493 9347//1079 9378//1061
f 9347//1079 9348//1226 9379//1264
f 9347//1079 9379//1264 9378//1061
f 9348//1226 9349//1079 9379//1264
f 9379//1264 9349//1079 9380//1032
f 9349//1079 9350//1000 9381//1166
f 9349//1079 9381//1166 9380//1032
f 9350//1000 9351//243 9382//1265
f 9350//1000 9382//1265 9381//1166
f 9351//243 9352//405 9382//1265
f 9382//1265 9352//405 9383//256
f 9352//405 9353//61 9383//256
f 9383//256 9353//61 9384//61
f 9353//61 9354//61 9384//61
f 9384//61 9354//61 9385//61
f 9354//61 9355//405 9385//61
f 9385//61 9355//405 9386//405
f 9355//405 9356//405 9386//405
f 9386//405 9356//405 9387//405
f 9356//405 9357//61 9387//405
f 9387//405 9357//61 9388//1266
f 9357//61 9358//267 9388//1266
f 9388//1266 9358//267 9389//1267
f 9358//267 9359//753 9389//1267
f 9389//1267 9359//753 9390//61
f 9359//753 9360//1219 9390//61
f 9390//61 9360//1219 9391//61
f 9360//1219 9361//1254 9391//61
f 9391//61 9361//1254 9392//61
f 9361//1254 9362//1255 9393//1079
f 9361//1254 9393//1079 9392//61
f 9362//1255 9363//1256 9394//1268
f 9362//1255 9394//1268 9393//1079
f 9363//1256 9364//1257 9395//1269
f 9363//1256 9395//1269 9394//1268
f 9364//1257 9365//1219 9396//1270
f 9364//1257 9396//1270 9395//1269
f 9365//1219 9366//405 9396//1270
f 9396//1270 9366//405 9397//1271
f 9366//405 9367//1258 9397//1271
f 9397//1271 9367//1258 9398//1272
f 9367//1258 9368//1259 9398//1272
f 9398//1272 9368//1259 9399//1273
f 9368//1259 9369//1260 9399//1273
f 9370//1262 9371//1261 9400//1274
f 9371//1261 9372//1263 9401//1275
f 9371//1261 9401//1275 9400//1274
f 9372//1263 9373//695 9401//1275
f 9401//1275 9373//695 9402//695
f 9373//695 9374//61 9402//695
f 9402//695 9374//61 9403//61
f 9374//61 9375//61 9403//61
f 9403//61 9375//61 9404//493
f 9375//61 9376//1014 9404//493
f 9404//493 9376//1014 9405//1023
f 9376//1014 9377//493 9405//1023
f 9405//1023 9377//493 9406//1080
f 9377//493 9378//1061 9406//1080
f 9406//1080 9378//1061 9407//419
f 9378//1061 9379//1264 9407//419
f 9407//419 9379//1264 9408//1081
f 9379//1264 9380//1032 9408//1081
f 9408//1081 9380//1032 9409//1145
f 9380//1032 9381//1166 9409//1145
f 9409//1145 9381//1166 9410//1276
f 9381//1166 9382//1265 9411//1277
f 9381//1166 9411//1277 9410//1276
f 9382//1265 9383//256 9411//1277
f 9411//1277 9383//256 9412//61
f 9383//256 9384//61 9412//61
f 9412//61 9384//61 9413//61
f 9384//61 9385//61 9413//61
f 9413//61 9385//61 9414//61
f 9385//61 9386//405 9414//61
f 9414//61 9386//405 9415//405
f 9386//405 9387//405 9415//405
f 9415//405 9387//405 9416//405
f 9387//405 9388//1266 9416//405
f 9416//405 9388//1266 9417//61
f 9388//1266 9389//1267 9418//590
f 9388//1266 9418//590 9417//61
f 9389//1267 9390//61 9419//1230
f 9389//1267 9419//1230 9418//590
f 9390//61 9391//61 9419//1230
f 9419//1230 9391//61 9420//61
f 9391//61 9392//61 9420//61
f 9420//61 9392//61 9421//1266
f 9392//61 9393//1079 9421//1266
f 9421//1266 9393//1079 9422//753
f 9393//1079 9394//1268 9422//753
f 9422//753 9394//1268 9423//1278
f 9394//1268 9395//1269 9423//1278
f 9423//1278 9395//1269 9424//1279
f 9395//1269 9396//1270 9425//1280
f 9395//1269 9425//1280 9424//1279
f 9396//1270 9397//1271 9426//1195
f 9396//1270 9426//1195 9425//1280
f 9397//1271 9398//1272 9426//1195
f 9400//1274 9401//1275 9427//1281
f 9427//1281 9401//1275 9428//1282
f 9401//1275 9402//695 9428//1282
f 9428//1282 9402//695 9429//1059
f 9402//695 9403//61 9429//1059
f 9429//1059 9403//61 9430//419
f 9403//61 9404//493 9430//419
f 9430//419 9404//493 9431//476
f 9404//493 9405//1023 9431//476
f 9431//476 9405//1023 9432//1046
f 9405//1023 9406//1080 9432//1046
f 9432//1046 9406//1080 9433//1081
f 9406//1080 9407//419 9433//1081
f 9433//1081 9407//419 9434//419
f 9407//419 9408//1081 9434//419
f 9434//419 9408//1081 9435//1069
f 9408//1081 9409//1145 9435//1069
f 9435//1069 9409//1145 9436//1283
f 9409//1145 9410//1276 9436//1283
f 9436//1283 9410//1276 9437//1284
f 9410//1276 9411//1277 9438//1285
f 9410//1276 9438//1285 9437//1284
f 9411//1277 9412//61 9439//1000
f 9411//1277 9439//1000 9438//1285
f 9412//61 9413//61 9439//1000
f 9439//1000 9413//61 9440//61
f 9413//61 9414//61 9440//61
f 9440//61 9414//61 9441//1060
f 9414//61 9415//405 9441//1060
f 9441//1060 9415//405 9442//1286
f 9415//405 9416//405 9442//1286
f 9442//1286 9416//405 9443//624
f 9416//405 9417//61 9443//624
f 9443//624 9417//61 9444//1095
f 9417//61 9418//590 9444//1095
f 9444//1095 9418//590 9445//243
f 9418//590 9419//1230 9445//243
f 9445//243 9419//1230 9446//405
f 9419//1230 9420//61 9446//405
f 9446//405 9420//61 9447//1287
f 9420//61 9421//1266 9447//1287
f 9447//1287 9421//1266 9448//61
f 9421//1266 9422//753 9449//1288
f 9421//1266 9449//1288 9448//61
f 9422//753 9423//1278 9449//1288
f 9449//1288 9423//1278 9450//1289
f 9423//1278 9424//1279 9450//1289
f 9427//1281 9428//1282 9452//1290
f 9427//1281 9452//1290 9451//1262
f 9428//1282 9429//1059 9453//1291
f 9428//1282 9453//1291 9452//1290
f 9429//1059 9430//419 9453//1291
f 9453//1291 9430//419 9454//1292
f 9430//419 9431//476 9454//1292
f 9454//1292 9431//476 9455//1293
f 9431//476 9432//1046 9455//1293
f 9455//1293 9432//1046 9456//1046
f 9432//1046 9433//1081 9456//1046
f 9456//1046 9433//1081 9457//1046
f 9433//1081 9434//419 9457//1046
f 9457//1046 9434//419 9458//476
f 9434//419 9435//1069 9458//476
f 9458//476 9435//1069 9459//319
f 9435//1069 9436//1283 9459//319
f 9459//319 9436//1283 9460//1023
f 9436//1283 9437//1284 9460//1023
f 9460//1023 9437//1284 9461//1294
f 9437//1284 9438//1285 9462//1295
f 9437//1284 9462//1295 9461//1294
f 9438//1285 9439//1000 9463//1296
f 9438//1285 9463//1296 9462//1295
f 9439//1000 9440//61 9464//1297
f 9439//1000 9464//1297 9463//1296
f 9440//61 9441//1060 9464//1297
f 9464//1297 9441//1060 9465//1298
f 9441//1060 9442//1286 9466//1096
f 9441//1060 9466//1096 9465//1298
f 9442//1286 9443//624 9467//1095
f 9442//1286 9467//1095 9466//1096
f 9443//624 9444//1095 9467//1095
f 9467//1095 9444//1095 9468//624
f 9444//1095 9445//243 9469//1299
f 9444//1095 9469//1299 9468//624
f 9445//243 9446//405 9469//1299
f 9469//1299 9446//405 9470//1300
f 9446//405 9447//1287 9470//1300
f 9470//1300 9447//1287 9471//1301
f 9447//1287 9448//61 9472//1302
f 9447//1287 9472//1302 9471//1301
f 9448//61 9449//1288 9472//1302
f 9472//1302 9449//1288 9473//1303
f 9449//1288 9450//1289 9473//1303
f 9451//1262 9452//1290 9474//1304
f 9452//1290 9453//1291 9475//1305
f 9452//1290 9475//1305 9474//1304
f 9453//1291 9454//1292 9475//1305
f 9475//1305 9454//1292 9476//1306
f 9454//1292 9455//1293 9476//1306
f 9476//1306 9455//1293 9477//1082
f 9455//1293 9456//1046 9477//1082
f 9477//1082 9456//1046 9478//1046
f 9456//1046 9457//1046 9478//1046
f 9478//1046 9457//1046 9479//1046
f 9457//1046 9458//476 9479//1046
f 9479//1046 9458//476 9480//476
f 9458//476 9459//319 9480//476
f 9480//476 9459//319 9481//419
f 9459//319 9460//1023 9481//419
f 9481//419 9460//1023 9482//1023
f 9460//1023 9461//1294 9482//1023
f 9482//1023 9461//1294 9483//1002
f 9461//1294 9462//1295 9484//1307
f 9461//1294 9484//1307 9483//1002
f 9462//1295 9463//1296 9485//1082
f 9462//1295 9485//1082 9484//1307
f 9463//1296 9464//1297 9486//1308
f 9463//1296 9486//1308 9485//1082
f 9464//1297 9465//1298 9486//1308
f 9486//1308 9465//1298 9487//1309
f 9465//1298 9466//1096 9488//1263
f 9465//1298 9488//1263 9487//1309
f 9466//1096 9467//1095 9488//1263
f 9488//1263 9467//1095 9489//61
f 9467//1095 9468//624 9489//61
f 9489//61 9468//624 9490//1310
f 9468//624 9469//1299 9490//1310
f 9490//1310 9469//1299 9491//1311
f 9469//1299 9470//1300 9491//1311
f 9491//1311 9470//1300 9492//1312
f 9470//1300 9471//1301 9493//1313
f 9470//1300 9493//1313 9492//1312
f 9471//1301 9472//1302 9493//1313
f 9493//1313 9472//1302 9494//1314
f 9472//1302 9473//1303 9494//1314
f 9474//1304 9475//1305 9496//1315
f 9474//1304 9496//1315 9495//1316
f 9475//1305 9476//1306 9496//1315
f 9496//1315 9476//1306 9497//1317
f 9476//1306 9477//1082 9498//1296
f 9476//1306 9498//1296 9497//1317
f 9477//1082 9478//1046 9499//1318
f 9477//1082 9499//1318 9498//1296
f 9478//1046 9479//1046 9499//1318
f 9499//1318 9479//1046 9500//1100
f 9479//1046 9480//476 9500//1100
f 9500//1100 9480//476 9501//1081
f 9480//476 9481//419 9501//1081
f 9501//1081 9481//419 9502//1014
f 9481//419 9482//1023 9502//1014
f 9502//1014 9482//1023 9503//61
f 9482//1023 9483//1002 9503//61
f 9503//61 9483//1002 9504//61
f 9483//1002 9484//1307 9505//1014
f 9483//1002 9505//1014 9504//61
f 9484//1307 9485//1082 9505//1014
f 9505//1014 9485//1082 9506//1264
f 9485//1082 9486//1308 9506//1264
f 9506//1264 9486//1308 9507//957
f 9486//1308 9487//1309 9508//1319
f 9486//1308 9508//1319 9507//957
f 9487//1309 9488//1263 9509//1320
f 9487//1309 9509//1320 9508//1319
f 9488//1263 9489//61 9509//1320
f 9509//1320 9489//61 9510//1321
f 9489//61 9490//1310 9510//1321
f 9510//1321 9490//1310 9511//1322
f 9490//1310 9491//1311 9511//1322
f 9512//1323 9495//1316 9513//1324
f 9495//1316 9496//1315 9513//1324
f 9513//1324 9496//1315 9514//1143
f 9496//1315 9497//1317 9515//969
f 9496//1315 9515//969 9514//1143
f 9497//1317 9498//1296 9516//1325
f 9497//1317 9516//1325 9515//969
f 9498//1296 9499//1318 9517//1166
f 9498//1296 9517//1166 9516//1325
f 9499//1318 9500//1100 9517//1166
f 9517//1166 9500//1100 9518//1032
f 9500//1100 9501//1081 9518//1032
f 9518//1032 9501//1081 9519//1023
f 9501//1081 9502//1014 9519//1023
f 9519//1023 9502//1014 9520//1002
f 9502//1014 9503//61 9521//1002
f 9502//1014 9521//1002 9520//1002
f 9503//61 9504//61 9521//1002
f 9521//1002 9504//61 9522//1023
f 9504//61 9505//1014 9522//1023
f 9522//1023 9505//1014 9523//1080
f 9505//1014 9506//1264 9523//1080
f 9523//1080 9506//1264 9524//1079
f 9506//1264 9507//957 9525//1326
f 9506//1264 9525//1326 9524//1079
f 9507//957 9508//1319 9525//1326
f 9525//1326 9508//1319 9526//1327
f 9508//1319 9509//1320 9526//1327
f 9526//1327 9509//1320 9527//1328
f 9509//1320 9510//1321 9527//1328
f 9527//1328 9510//1321 9528//1329
f 9510//1321 9511//1322 9528//1329
f 9512//1323 9513//1324 9529//1330
f 9529//1330 9513//1324 9530//1331
f 9513//1324 9514//1143 9530//1331
f 9530//1331 9514//1143 9531//695
f 9514//1143 9515//969 9531//695
f 9531//695 9515//969 9532//391
f 9515//969 9516//1325 9532//391
f 9532//391 9516//1325 9533//943
f 9516//1325 9517//1166 9534//1013
f 9516//1325 9534//1013 9533//943
f 9517//1166 9518//1032 9535//1000
f 9517//1166 9535//1000 9534//1013
f 9518//1032 9519//1023 9535//1000
f 9535//1000 9519//1023 9536//61
f 9519//1023 9520//1002 9536//61
f 9536//61 9520//1002 9537//61
f 9520//1002 9521//1002 9538//1014
f 9520//1002 9538//1014 9537//61
f 9521//1002 9522//1023 9538//1014
f 9538//1014 9522//1023 9539//1023
f 9522//1023 9523//1080 9539//1023
f 9539//1023 9523//1080 9540//493
f 9523//1080 9524//1079 9540//493
f 9540//493 9524//1079 9541//61
f 9524//1079 9525//1326 9542//1332
f 9524//1079 9542//1332 9541//61
f 9525//1326 9526//1327 9542//1332
f 9542//1332 9526//1327 9543//1333
f 9526//1327 9527//1328 9543//1333
f 9529//1330 9530//1331 9544//1334
f 9544//1334 9530//1331 9545//1331
f 9530//1331 9531//695 9545//1331
f 9545//1331 9531//695 9546//133
f 9531//695 9532//391 9546//133
f 9546//133 9532//391 9547//212
f 9532//391 9533//943 9547//212
f 9547//212 9533//943 9548//695
f 9533//943 9534//1013 9548//695
f 9548//695 9534//1013 9549//61
f 9534//1013 9535//1000 9550//1000
f 9534//1013 9550//1000 9549//61
f 9535//1000 9536//61 9551//1002
f 9535//1000 9551//1002 9550//1000
f 9536//61 9537//61 9551//1002
f 9551//1002 9537//61 9552//1023
f 9537//61 9538//1014 9552//1023
f 9552//1023 9538//1014 9553//1014
f 9538//1014 9539//1023 9553//1014
f 9553//1014 9539//1023 9554//61
f 9539//1023 9540//493 9554//61
f 9554//61 9540//493 9555//61
f 9540//493 9541//61 9555//61
f 9555//61 9541//61 9556//1335
f 9541//61 9542//1332 9556//1335
f 9556//1335 9542//1332 9557//1336
f 9542//1332 9543//1333 9558//1337
f 9542//1332 9558//1337 9557//1336
f 9544//1334 9545//1331 9559//1338
f 9559//1338 9545//1331 9560//1339
f 9545//1331 9546//133 9560//1339
f 9560//1339 9546//133 9561//342
f 9546//133 9547//212 9561//342
f 9561//342 9547//212 9562//1012
f 9547//212 9548//695 9562//1012
f 9562//1012 9548//695 9563//944
f 9548//695 9549//61 9563//944
f 9563//944 9549//61 9564//61
f 9549//61 9550//1000 9564//61
f 9564//61 9550//1000 9565//61
f 9550//1000 9551//1002 9566//1014
f 9550//1000 9566//1014 9565//61
f 9551//1002 9552//1023 9566//1014
f 9566//1014 9552//1023 9567//1023
f 9552//1023 9553//1014 9567//1023
f 9567//1023 9553//1014 9568//1002
f 9553//1014 9554//61 9569//1002
f 9553//1014 9569//1002 9568//1002
f 9554//61 9555//61 9569//1002
f 9569//1002 9555//61 9570//1340
f 9555//61 9556//1335 9570//1340
f 9570//1340 9556//1335 9571//1341
f 9556//1335 9557//1336 9572//1342
f 9556//1335 9572//1342 9571//1341
f 9557//1336 9558//1337 9572//1342
f 9573//1343 9559//1338 9574//1344
f 9559//1338 9560//1339 9574//1344
f 9574//1344 9560//1339 9575//391
f 9560//1339 9561//342 9575//391
f 9575//391 9561//342 9576//695
f 9561//342 9562//1012 9576//695
f 9576//695 9562//1012 9577//61
f 9562//1012 9563//944 9578//1000
f 9562//1012 9578//1000 9577//61
f 9563//944 9564//61 9579//1013
f 9563//944 9579//1013 9578//1000
f 9564//61 9565//61 9579//1013
f 9579//1013 9565//61 9580//61
f 9565//61 9566//1014 9580//61
f 9580//61 9566//1014 9581//61
f 9566//1014 9567//1023 9581//61
f 9581//61 9567//1023 9582//61
f 9567//1023 9568//1002 9582//61
f 9582//61 9568//1002 9583//61
f 9568//1002 9569//1002 9584//1345
f 9568//1002 9584//1345 9583//61
f 9569//1002 9570//1340 9584//1345
f 9584//1345 9570//1340 9585//1346
f 9570//1340 9571//1341 9585//1346
f 9573//1343 9574//1344 9586//1347
f 9586//1347 9574//1344 9587//1348
f 9574//1344 9575//391 9587//1348
f 9587//1348 9575//391 9588//978
f 9575//391 9576//695 9588//978
f 9588//978 9576//695 9589//1349
f 9576//695 9577//61 9589//1349
f 9589//1349 9577//61 9590//61
f 9577//61 9578//1000 9590//61
f 9590//61 9578//1000 9591//61
f 9578//1000 9579//1013 9592//1000
f 9578//1000 9592//1000 9591//61
f 9579//1013 9580//61 9593//1002
f 9579//1013 9593//1002 9592//1000
f 9580//61 9581//61 9593//1002
f 9593//1002 9581//61 9594//1023
f 9581//61 9582//61 9594//1023
f 9594//1023 9582//61 9595//1023
f 9582//61 9583//61 9595//1023
f 9595//1023 9583//61 9596//1023
f 9583//61 9584//1345 9596//1023
f 9596//1023 9584//1345 9597//1350
f 9584//1345 9585//1346 9597//1350
f 9597//1350 9585//1346 9598//1351
f 9586//1347 9587//1348 9599//1352
f 9599//1352 9587//1348 9600//1353
f 9587//1348 9588//978 9600//1353
f 9600//1353 9588//978 9601//979
f 9588//978 9589//1349 9602//957
f 9588//978 9602//957 9601//979
f 9589//1349 9590//61 9603//1013
f 9589//1349 9603//1013 9602//957
f 9590//61 9591//61 9603//1013
f 9603//1013 9591//61 9604//61
f 9591//61 9592//1000 9604//61
f 9604//61 9592//1000 9605//61
f 9592//1000 9593//1002 9606//1014
f 9592//1000 9606//1014 9605//61
f 9593//1002 9594//1023 9606//1014
f 9606//1014 9594//1023 9607//1023
f 9594//1023 9595//1023 9607//1023
f 9607//1023 9595//1023 9608//1023
f 9595//1023 9596//1023 9608//1023
f 9608//1023 9596//1023 9609//1354
f 9596//1023 9597//1350 9609//1354
f 9609//1354 9597//1350 9610//1355
f 9597//1350 9598//1351 9610//1355
f 9599//1352 9600//1353 9612//1356
f 9599//1352 9612//1356 9611//1357
f 9600//1353 9601//979 9613//931
f 9600//1353 9613//931 9612//1356
f 9601//979 9602//957 9614//957
f 9601//979 9614//957 9613//931
f 9602//957 9603//1013 9615//957
f 9602//957 9615//957 9614//957
f 9603//1013 9604//61 9616//1000
f 9603//1013 9616//1000 9615//957
f 9604//61 9605//61 9616//1000
f 9616//1000 9605//61 9617//61
f 9605//61 9606//1014 9617//61
f 9617//61 9606//1014 9618//61
f 9606//1014 9607//1023 9618//61
f 9618//61 9607//1023 9619//61
f 9607//1023 9608//1023 9619//61
f 9619//61 9608//1023 9620//61
f 9608//1023 9609//1354 9620//61
f 9620//61 9609//1354 9621//1358
f 9609//1354 9610//1355 9621//1358
f 9621//1358 9610//1355 9622//1359
f 9611//1357 9612//1356 9624//1360
f 9611//1357 9624//1360 9623//1361
f 9612//1356 9613//931 9625//1362
f 9612//1356 9625//1362 9624//1360
f 9613//931 9614//957 9626//1363
f 9613//931 9626//1363 9625//1362
f 9614//957 9615//957 9627//1096
f 9614//957 9627//1096 9626//1363
f 9615//957 9616//1000 9628//944
f 9615//957 9628//944 9627//1096
f 9616//1000 9617//61 9629//1012
f 9616//1000 9629//1012 9628//944
f 9617//61 9618//61 9629//1012
f 9629//1012 9618//61 9630//61
f 9618//61 9619//61 9630//61
f 9630//61 9619//61 9631//61
f 9619//61 9620//61 9631//61
f 9631//61 9620//61 9632//1364
f 9620//61 9621//1358 9632//1364
f 9632//1364 9621//1358 9633//1365
f 9621//1358 9622//1359 9633//1365
f 9623//1361 9624//1360 9634//1366
f 9624//1360 9625//1362 9635//1367
f 9624//1360 9635//1367 9634//1366
f 9625//1362 9626//1363 9636//1368
f 9625//1362 9636//1368 9635//1367
f 9626//1363 9627//1096 9637//1369
f 9626//1363 9637//1369 9636//1368
f 9627//1096 9628//944 9637//1369
f 9637//1369 9628//944 9638//943
f 9628//944 9629//1012 9638//943
f 9638//943 9629//1012 9639//1370
f 9629//1012 9630//61 9639//1370
f 9639//1370 9630//61 9640//1371
f 9630//61 9631//61 9640//1371
f 9640//1371 9631//61 9641//1372
f 9631//61 9632//1364 9641//1372
f 9641//1372 9632//1364 9642//1373
f 9632//1364 9633//1365 9642//1373
f 9635//1367 9636//1368 9643//1374
f 9636//1368 9637//1369 9644//1375
f 9636//1368 9644//1375 9643//1374
f 9637//1369 9638//943 9645//1376
f 9637//1369 9645//1376 9644//1375
f 9638//943 9639//1370 9645//1376
f 9645//1376 9639//1370 9646//1377
f 9639//1370 9640//1371 9646//1377
f 9646//1377 9640//1371 9647//1378
f 9640//1371 9641//1372 9647//1378
f 9647//1378 9641//1372 9648//1379
f 9641//1372 9642//1373 9648//1379
f 9644//1375 9645//1376 9649//1380
f 9649//1380 9645//1376 9650//1381
f 9645//1376 9646//1377 9651//1382
f 9645//1376 9651//1382 9650//1381
f 9646//1377 9647//1378 9651//1382
f 8808//1029 8856//1043 8710//1010
f 8508//965 8660//996 8710//1010
f 8710//1010 8759//332 8808//1029
f 8995//1093 9041//1110 8903//1055
f 9041//1110 9086//1133 8903//1055
f 8508//965 8610//834 8660//996
f 8949//1072 8995//1093 8903//1055
f 8508//965 8559//976 8610//834
f 8248//910 8457//953 8508//965
f 8248//910 8353//928 8405//941
f 8457//953 8248//910 8405//941
f 9086//1133 9130//1158 9173//1178
f 9173//1178 9210//1197 9086//1133
f 9491//1311 9086//1133 9210//1197
f 8248//910 8300//917 8353//928
f 9276//1228 9308//1241 9210//1197
f 9210//1197 9308//1241 9527//1328
f 7211//837 8086//887 8195//902
f 9210//1197 9243//1211 9276//1228
f 9339//1252 9370//1262 9400//1274
f 9308//1241 9339//1252 9400//1274
f 9400//1274 9474//1304 9527//1328
f 9400//1274 9527//1328 9308//1241
f 8086//887 8141//894 8195//902
f 7595//858 8029//883 8086//887
f 7657//864 7968//877 8029//883
f 7968//877 8028//882 8029//883
f 9400//1274 9427//1281 9474//1304
f 9474//1304 9495//1316 9571//1341
f 9495//1316 9512//1323 9529//1330
f 9427//1281 9451//1262 9474//1304
f 7845//871 7907//873 7968//877
f 7657//864 7845//871 7968//877
f 7595//858 7657//864 8029//883
f 7657//864 7783//867 7845//871
f 7657//864 7720//217 7783//867
f 7211//837 7595//858 8086//887
f 9544//1334 9559//1338 9585//1346
f 9495//1316 9544//1334 9585//1346
f 7532//853 7595//858 7211//837
f 9529//1330 9544//1334 9495//1316
f 7275//842 7404//760 7468//849
f 7468//849 7532//853 7211//837
f 7275//842 7339//217 7404//760
f 7211//837 7275//842 7468//849
f 9647//1378 9642//1373 9559//1338
f 7016//823 7146//834 7211//837
f 9599//1352 9635//1367 9559//1338
f 9644//1375 9647//1378 9559//1338
f 9635//1367 9644//1375 9559//1338
f 9559//1338 9573//1343 9586//1347
f 9599//1352 9611//1357 9635//1367
f 9644//1375 9650//1381 9647//1378
f 9634//1366 9635//1367 9611//1357
f 9586//1347 9599//1352 9559//1338
f 9635//1367 9643//1374 9644//1375
f 9623//1361 9634//1366 9611//1357
f 9650//1381 9651//1382 9647//1378
f 9644//1375 9649//1380 9650//1381
f 9633//1365 9610//1355 9559//1338
f 9647//1378 9648//1379 9642//1373
f 9491//1311 8903//1055 9086//1133
f 9642//1373 9633//1365 9559//1338
f 9610//1355 9585//1346 9559//1338
f 7016//823 7081//639 7146//834
f 8195//902 6824//813 7211//837
f 9633//1365 9622//1359 9610//1355
f 6952//547 7016//823 7211//837
f 6888//817 7211//837 6824//813
f 9424//1279 8710//1010 8903//1055
f 6888//817 6952//547 7211//837
f 9424//1279 8508//965 8710//1010
f 9585//1346 9571//1341 9495//1316
f 9610//1355 9598//1351 9585//1346
f 9571//1341 9543//1333 9474//1304
f 9543//1333 9527//1328 9474//1304
f 9571//1341 9572//1342 9543//1333
f 9527//1328 9491//1311 9210//1197
f 9572//1342 9558//1337 9543//1333
f 8659//995 6824//813 8195//902
f 6695//805 6760//809 6434//784
f 6499//788 6564//639 6630//798
f 6499//788 6630//798 6695//805
f 6434//784 6499//788 6695//805
f 6824//813 6434//784 6760//809
f 8195//902 9206//1193 9123//1151
f 9206//1193 8248//910 8508//965
f 9511//1322 9491//1311 9527//1328
f 9491//1311 9424//1279 8903//1055
f 9492//1312 9493//1313 9473//1303
f 9528//1329 9511//1322 9527//1328
f 9493//1313 9494//1314 9473//1303
f 9491//1311 9492//1312 9450//1289
f 9473//1303 9450//1289 9492//1312
f 9450//1289 9424//1279 9491//1311
f 9424//1279 9307//1240 8508//965
f 9424//1279 9425//1280 9398//1272
f 9369//1260 9338//1251 9398//1272
f 9425//1280 9426//1195 9398//1272
f 9398//1272 9307//1240 9424//1279
f 9399//1273 9369//1260 9398//1272
f 9338//1251 9307//1240 9398//1272
f 9307//1240 9275//1227 8508//965
f 9123//1151 9169//1174 9171//1176
f 9206//1193 9166//1171 9123//1151
f 8248//910 9206//1193 8195//902
f 9206//1193 9207//1194 9166//1171
f 9275//1227 9242//1210 8508//965
f 9242//1210 9206//1193 8508//965
f 9166//1171 9167//1172 9123//1151
f 9207//1194 9208//1195 9166//1171
f 9169//1174 9209//1196 9171//1176
f 9123//1151 9168//1173 9169//1174
f 6824//813 6369//778 6434//784
f 9171//1176 9129//1157 9123//1151
f 9129//1157 9085//1132 9123//1151
f 9085//1132 8994//1092 9123//1151
f 9085//1132 9040//339 8994//1092
f 9171//1176 9172//1177 9129//1157
f 9123//1151 8659//995 8195//902
f 8994//1092 8948//1071 9123//1151
f 8299//916 8194//901 6824//813
f 8855//1041 8659//995 9123//1151
f 8902//1053 8855//1041 9123//1151
f 8855//1041 8807//787 8659//995
f 8807//787 8758//737 8659//995
f 8948//1071 8902//1053 9123//1151
f 8404//940 8299//916 6824//813
f 8404//940 6824//813 8659//995
f 8659//995 8609//737 8507//964
f 8507//964 8404//940 8659//995
f 8609//737 8558//377 8507//964
f 8758//737 8709//715 8659//995
f 8404//940 8352//816 8299//916
f 8507//964 8456//355 8404//940
f 8299//916 8247//847 8194//901
f 8194//901 6240//772 6824//813
f 8140//892 7967//876 8194//901
f 7967//876 7844//870 8194//901
f 8085//857 8027//881 7967//876
f 8140//892 8085//857 7967//876
f 8194//901 6045//764 6240//772
f 7844//870 7656//863 5720//732
f 7656//863 7467//812 7338//844
f 7656//863 7338//844 5720//732
f 7967//876 7906//847 7844//870
f 7844//870 7782//866 7656//863
f 7656//863 7594//857 7467//812
f 7782//866 7719//827 7656//863
f 7844//870 6045//764 8194//901
f 7594//857 7531//355 7467//812
f 7844//870 5720//732 6045//764
f 7338//844 7015//822 5720//732
f 7145//833 7015//822 7338//844
f 7467//812 7403//847 7338//844
f 7274//841 7210//731 7145//833
f 7274//841 7145//833 7338//844
f 7015//822 6694//804 5133//668
f 6563//794 6303//775 4460//603
f 6823//812 6694//804 7015//822
f 6694//804 6563//794 5133//668
f 7145//833 7080//827 7015//822
f 7015//822 6951//820 6823//812
f 6823//812 6759//355 6694//804
f 6951//820 6887//816 6823//812
f 6498//787 6433//737 6303//775
f 6694//804 6629//715 6563//794
f 6433//737 6368//777 6303//775
f 6563//794 6498//787 6303//775
f 5525//706 5262//682 5132//667
f 6303//775 6239//771 5846//743
f 6239//771 6174//769 5846//743
f 6174//769 6109//767 5846//743
f 6044//731 5978//759 6109//767
f 5978//759 5846//743 6109//767
f 5846//743 5782//737 5655//724
f 5846//743 5655//724 5525//706
f 5782//737 5719//731 5655//724
f 5978//759 5912//755 5846//743
f 5459//697 5393//434 5262//682
f 5655//724 5591//715 5525//706
f 5393//434 5328//687 5262//682
f 5525//706 5459//697 5262//682
f 5846//743 4460//603 6303//775
f 5262//682 5197//394 5132//667
f 6304//210 6369//778 6824//813
f 6563//794 4460//603 5133//668
f 6110//768 6175//217 6240//772
f 6240//772 6304//210 6824//813
f 5001//656 4934//650 4797//638
f 6045//764 6110//768 6240//772
f 5132//667 5067//662 4797//638
f 5067//662 5001//656 4797//638
f 4729//632 4661//626 4459//602
f 4934//650 4866//644 4797//638
f 4661//626 4525//609 4459//602
f 4797//638 4729//632 4459//602
f 4459//602 4393//592 4190//574
f 4661//626 4593//617 4525//609
f 4326//553 4190//574 4393//592
f 4190//574 4054//561 4459//602
f 4326//553 4258//581 4190//574
f 3586//521 3854//544 5846//743
f 5720//732 5784//738 6045//764
f 5525//706 3586//521 5846//743
f 5847//744 5913//217 5979//760
f 6045//764 5847//744 5979//760
f 5784//738 5783//745 5847//744
f 5784//738 5847//744 6045//764
f 4459//602 2726//444 4797//638
f 5133//668 5720//732 7015//822
f 5132//667 3321//503 5525//706
f 4797//638 2726//444 5132//667
f 4054//561 3987//553 3853//543
f 3853//543 3718//532 4054//561
f 3987//553 3920//527 3853//543
f 4190//574 4122//568 4054//561
f 3718//532 3651//527 3585//520
f 3853//543 3786//537 3718//532
f 3452//511 3386//507 3320//502
f 3585//520 3519//500 3452//511
f 3187//495 3121//455 3055//478
f 3320//502 3254//500 3187//495
f 5329//688 5656//725 5720//732
f 3055//478 2989//470 2922//463
f 5329//688 5592//716 5656//725
f 5133//668 5329//688 5720//732
f 5460//698 5526//707 5592//716
f 5329//688 5395//692 5592//716
f 5395//692 5394//699 5460//698
f 5395//692 5460//698 5592//716
f 5198//677 5263//639 5329//688
f 5133//668 5198//677 5329//688
f 5002//658 5068//663 4527//610
f 5068//663 5133//668 4527//610
f 4054//561 2070//388 4459//602
f 4730//633 4867//645 4935//651
f 4730//633 4798//639 4867//645
f 4460//603 4527//610 5133//668
f 5002//658 4662//627 4935//651
f 3854//544 4460//603 5846//743
f 4527//610 4662//627 5002//658
f 4662//627 4730//633 4935//651
f 4527//610 4594//618 4662//627
f 3988//554 4191//575 4460//603
f 4394//593 4460//603 4191//575
f 4527//610 4526//534 4594//618
f 4191//575 4259//119 4327//440
f 4327//440 4394//593 4191//575
f 3585//520 1876//378 3718//532
f 3718//532 1876//378 4054//561
f 3988//554 4055//562 4191//575
f 4055//562 4123//119 4191//575
f 1554//349 3320//502 3187//495
f 3055//478 1233//306 3187//495
f 2922//463 2856//455 2790//447
f 3452//511 1554//349 3585//520
f 1554//349 3452//511 3320//502
f 2659//439 2461//420 2330//408
f 2790//447 2725//443 2659//439
f 2659//439 2593//434 2461//420
f 2461//420 2396//412 2330//408
f 2593//434 2527//428 2461//420
f 2199//397 2134//394 2069//387
f 2330//408 2265//394 2199//397
f 1939//380 1875//377 1810//372
f 2069//387 2004//385 1939//380
f 1681//362 1617//355 1553//348
f 1810//372 1746//355 1681//362
f 3653//528 3787//538 3854//544
f 2922//463 1233//306 3055//478
f 3854//544 3921//547 4460//603
f 3921//547 3988//554 4460//603
f 2790//447 1233//306 2922//463
f 3653//528 3719//533 3787//538
f 3653//528 3652//534 3719//533
f 3586//521 3653//528 3854//544
f 1360//321 1296//313 913//245
f 1553//348 1489//339 1424//331
f 2659//439 796//225 2790//447
f 853//234 1424//331 1360//321
f 1296//313 1232//305 1167//295
f 1167//295 1102//284 975//259
f 975//259 1296//313 1167//295
f 1102//284 1038//271 975//259
f 975//259 913//245 1296//313
f 913//245 853//234 1360//321
f 3321//503 3586//521 5525//706
f 853//234 795//224 736//216
f 795//224 737//222 736//216
f 736//216 1424//331 853//234
f 3387//487 3520//471 3586//521
f 681//209 627//202 736//216
f 3387//487 3453//217 3520//471
f 3321//503 3387//487 3586//521
f 627//202 1424//331 736//216
f 3056//479 3321//503 5132//667
f 681//209 628//207 627//202
f 2199//397 349//154 2330//408
f 2330//408 578//195 2659//439
f 2070//388 2397//413 4459//602
f 2397//413 2726//444 4459//602
f 2726//444 3056//479 5132//667
f 2726//444 2791//448 3056//479
f 3122//487 3255//471 3321//503
f 3056//479 3122//487 3321//503
f 3122//487 3188//217 3255//471
f 2857//456 2923//217 2990//471
f 2857//456 2990//471 3056//479
f 2070//388 2266//401 2397//413
f 2791//448 2857//456 3056//479
f 2528//429 2594//119 2660//440
f 2528//429 2660//440 2726//444
f 2397//413 2462//421 2726//444
f 2462//421 2528//429 2726//444
f 2070//388 2135//235 2266//401
f 2266//401 2331//217 2397//413
f 1876//378 2070//388 4054//561
f 2069//387 349//154 2199//397
f 2135//235 2200//217 2266//401
f 627//202 1553//348 1424//331
f 1554//349 1876//378 3585//520
f 1876//378 1940//381 2070//388
f 1554//349 1747//368 1876//378
f 1940//381 2005//86 2070//388
f 627//202 577//194 526//186
f 1233//306 1554//349 3187//495
f 1747//368 1811//217 1876//378
f 627//202 1681//362 1553//348
f 1554//349 1618//356 1747//368
f 1618//356 1682//119 1747//368
f 390//166 349//154 1939//380
f 577//194 527//192 526//186
f 1939//380 349//154 2069//387
f 479//178 390//166 526//186
f 479//178 434//172 390//166
f 1939//380 526//186 390//166
f 390//166 350//164 349//154
f 434//172 391//83 390//166
f 1554//349 1361//322 1490//340
f 1233//306 1297//314 1554//349
f 1297//314 1361//322 1554//349
f 1361//322 1425//332 1490//340
f 273//146 272//138 349//154
f 272//138 236//128 349//154
f 526//186 1681//362 627//202
f 311//148 273//146 349//154
f 1810//372 526//186 1939//380
f 976//260 1233//306 2790//447
f 272//138 237//110 236//128
f 236//128 202//118 349//154
f 349//154 578//195 2330//408
f 526//186 1810//372 1681//362
f 976//260 1039//272 1233//306
f 1039//272 1168//296 1233//306
f 1039//272 1103//119 1168//296
f 796//225 976//260 2790//447
f 202//118 578//195 349//154
f 796//225 854//235 976//260
f 854//235 914//217 976//260
f 578//195 796//225 2659//439
f 143//100 578//195 202//118
f 682//210 738//217 796//225
f 236//128 203//110 202//118
f 202//118 172//112 143//100
f 172//112 145//110 144//108
f 172//112 144//108 143//100
f 578//195 629//203 796//225
f 629//203 682//210 796//225
f 119//95 94//85 143//100
f 94//85 71//66 143//100
f 119//95 95//93 94//85
f 351//155 578//195 143//100
f 73//83 72//81 94//85
f 72//81 71//66 94//85
f 435//173 480//179 578//195
f 71//66 54//64 53//52
f 71//66 146//101 143//100
f 480//179 528//187 578//195
f 24//35 23//33 53//52
f 23//33 22//22 53//52
f 53//52 146//101 71//66
f 38//37 24//35 53//52
f 12//12 26//23 22//22
f 146//101 351//155 143//100
f 392//167 435//173 578//195
f 238//129 312//149 351//155
f 238//129 274//139 312//149
f 351//155 392//167 578//195
f 146//101 174//113 351//155
f 174//113 238//129 351//155
f 55//53 146//101 53//52
f 22//22 55//53 53//52
f 173//120 204//119 238//129
f 26//23 55//53 22//22
f 146//101 74//67 120//96
f 174//113 173//120 238//129
f 55//53 74//67 146//101
f 74//67 96//86 120//96
f 22//22 13//20 12//12
f 26//23 39//38 55//53
f 4//8 14//13 12//12
f 14//13 26//23 12//12
f 12//12 5//10 4//8
f 26//23 25//39 39//38
f 2//4 1//2 14//13
f 1//2 6//1 14//13
f 3//6 2//4 14//13
f 4//8 3//6 14//13
f 8856//1043 8903//1055 8710//1010
