# Blender 4.5.3 LTS
# www.blender.org
mtllib plechovka1.mtl
o mesh
v -0.105000 0.325000 0.057223
v -0.095000 0.325000 0.057223
v -0.085000 0.325000 0.057223
v -0.075000 0.325000 0.057223
v -0.065000 0.325000 0.057223
v -0.165000 0.335000 0.150086
v -0.155000 0.335000 0.150086
v -0.115000 0.335000 0.057223
v -0.105000 0.335000 0.272031
v -0.095000 0.335000 0.272031
v -0.085000 0.335000 0.272031
v -0.075000 0.335000 0.276722
v -0.065000 0.335000 0.276722
v -0.055000 0.335000 0.057223
v -0.315000 0.345000 0.150086
v -0.305000 0.345000 0.150086
v -0.295000 0.345000 0.150086
v -0.285000 0.345000 0.150086
v -0.275000 0.345000 0.150086
v -0.265000 0.345000 0.150086
v -0.215000 0.345000 0.150086
v -0.205000 0.345000 0.150086
v -0.195000 0.345000 0.150086
v -0.185000 0.345000 0.057223
v -0.175000 0.345000 0.057223
v -0.165000 0.345000 0.281412
v -0.155000 0.345000 0.281412
v -0.145000 0.345000 0.057223
v -0.135000 0.345000 0.057223
v -0.125000 0.345000 0.057223
v -0.115000 0.345000 0.276722
v -0.105000 0.345000 0.276722
v -0.095000 0.345000 0.281412
v -0.085000 0.345000 0.281412
v -0.075000 0.345000 0.281412
v -0.065000 0.345000 0.286102
v -0.055000 0.345000 0.286102
v -0.045000 0.345000 0.057223
v -0.355000 0.355000 0.150086
v -0.345000 0.355000 0.150086
v -0.335000 0.355000 0.057223
v -0.325000 0.355000 0.057223
v -0.315000 0.355000 0.272031
v -0.305000 0.355000 0.272031
v -0.295000 0.355000 0.272031
v -0.285000 0.355000 0.272031
v -0.275000 0.355000 0.272031
v -0.265000 0.355000 0.281412
v -0.255000 0.355000 0.057223
v -0.245000 0.355000 0.057223
v -0.235000 0.355000 0.057223
v -0.225000 0.355000 0.057223
v -0.215000 0.355000 0.286102
v -0.205000 0.355000 0.281412
v -0.195000 0.355000 0.286102
v -0.185000 0.355000 0.286102
v -0.175000 0.355000 0.286102
v -0.165000 0.355000 0.286102
v -0.155000 0.355000 0.286102
v -0.145000 0.355000 0.286102
v -0.135000 0.355000 0.286102
v -0.125000 0.355000 0.286102
v -0.115000 0.355000 0.290792
v -0.105000 0.355000 0.286102
v -0.095000 0.355000 0.286102
v -0.085000 0.355000 0.290792
v -0.075000 0.355000 0.290792
v -0.065000 0.355000 0.295482
v -0.055000 0.355000 0.299000
v -0.045000 0.355000 0.295482
v -0.035000 0.355000 0.057223
v -0.395000 0.365000 0.150086
v -0.385000 0.365000 0.150086
v -0.375000 0.365000 0.057223
v -0.365000 0.365000 0.057223
v -0.355000 0.365000 0.276722
v -0.345000 0.365000 0.281412
v -0.335000 0.365000 0.276722
v -0.325000 0.365000 0.272031
v -0.315000 0.365000 0.276722
v -0.305000 0.365000 0.276722
v -0.295000 0.365000 0.281412
v -0.285000 0.365000 0.281412
v -0.275000 0.365000 0.281412
v -0.265000 0.365000 0.286102
v -0.255000 0.365000 0.290792
v -0.245000 0.365000 0.290792
v -0.235000 0.365000 0.290792
v -0.225000 0.365000 0.295482
v -0.215000 0.365000 0.295482
v -0.205000 0.365000 0.290792
v -0.195000 0.365000 0.290792
v -0.185000 0.365000 0.295482
v -0.175000 0.365000 0.295482
v -0.165000 0.365000 0.290792
v -0.155000 0.365000 0.295482
v -0.145000 0.365000 0.295482
v -0.135000 0.365000 0.295482
v -0.125000 0.365000 0.295482
v -0.115000 0.365000 0.295482
v -0.105000 0.365000 0.295482
v -0.095000 0.365000 0.295482
v -0.085000 0.365000 0.299000
v -0.075000 0.365000 0.299000
v -0.065000 0.365000 0.299000
v -0.055000 0.365000 0.308208
v -0.045000 0.365000 0.308208
v -0.035000 0.365000 0.308208
v -0.025000 0.365000 0.057223
v -0.475000 0.375000 0.057223
v -0.465000 0.375000 0.057223
v -0.455000 0.375000 0.057223
v -0.445000 0.375000 0.150086
v -0.435000 0.375000 0.150086
v -0.425000 0.375000 0.150086
v -0.415000 0.375000 0.057223
v -0.405000 0.375000 0.057223
v -0.395000 0.375000 0.281412
v -0.385000 0.375000 0.286102
v -0.375000 0.375000 0.281412
v -0.365000 0.375000 0.286102
v -0.355000 0.375000 0.286102
v -0.345000 0.375000 0.286102
v -0.335000 0.375000 0.290792
v -0.325000 0.375000 0.286102
v -0.315000 0.375000 0.286102
v -0.305000 0.375000 0.295482
v -0.295000 0.375000 0.290792
v -0.285000 0.375000 0.290792
v -0.275000 0.375000 0.295482
v -0.265000 0.375000 0.295482
v -0.255000 0.375000 0.295482
v -0.245000 0.375000 0.299000
v -0.235000 0.375000 0.299000
v -0.225000 0.375000 0.299000
v -0.215000 0.375000 0.299000
v -0.205000 0.375000 0.299000
v -0.195000 0.375000 0.299000
v -0.185000 0.375000 0.299000
v -0.175000 0.375000 0.299000
v -0.165000 0.375000 0.299000
v -0.155000 0.375000 0.299000
v -0.145000 0.375000 0.299000
v -0.135000 0.375000 0.299000
v -0.125000 0.375000 0.308208
v -0.115000 0.375000 0.308208
v -0.105000 0.375000 0.308208
v -0.095000 0.375000 0.308208
v -0.085000 0.375000 0.308208
v -0.075000 0.375000 0.308208
v -0.065000 0.375000 0.308208
v -0.055000 0.375000 0.326623
v -0.045000 0.375000 0.326623
v -0.035000 0.375000 0.317416
v -0.025000 0.375000 0.187608
v -0.015000 0.375000 0.057223
v -0.625000 0.385000 0.150086
v -0.615000 0.385000 0.150086
v -0.605000 0.385000 0.150086
v -0.595000 0.385000 0.150086
v -0.585000 0.385000 0.150086
v -0.575000 0.385000 0.150086
v -0.565000 0.385000 0.150086
v -0.555000 0.385000 0.150086
v -0.545000 0.385000 0.150086
v -0.535000 0.385000 0.150086
v -0.525000 0.385000 0.154776
v -0.515000 0.385000 0.154776
v -0.505000 0.385000 0.154776
v -0.495000 0.385000 0.057223
v -0.485000 0.385000 0.057223
v -0.475000 0.385000 0.286102
v -0.465000 0.385000 0.286102
v -0.455000 0.385000 0.286102
v -0.445000 0.385000 0.281412
v -0.435000 0.385000 0.286102
v -0.425000 0.385000 0.286102
v -0.415000 0.385000 0.290792
v -0.405000 0.385000 0.290792
v -0.395000 0.385000 0.290792
v -0.385000 0.385000 0.290792
v -0.375000 0.385000 0.295482
v -0.365000 0.385000 0.290792
v -0.355000 0.385000 0.295482
v -0.345000 0.385000 0.295482
v -0.335000 0.385000 0.295482
v -0.325000 0.385000 0.299000
v -0.315000 0.385000 0.299000
v -0.305000 0.385000 0.308208
v -0.295000 0.385000 0.299000
v -0.285000 0.385000 0.299000
v -0.275000 0.385000 0.299000
v -0.265000 0.385000 0.308208
v -0.255000 0.385000 0.299000
v -0.245000 0.385000 0.299000
v -0.235000 0.385000 0.299000
v -0.225000 0.385000 0.308208
v -0.215000 0.385000 0.308208
v -0.205000 0.385000 0.317416
v -0.195000 0.385000 0.308208
v -0.185000 0.385000 0.308208
v -0.175000 0.385000 0.308208
v -0.165000 0.385000 0.308208
v -0.155000 0.385000 0.308208
v -0.145000 0.385000 0.317416
v -0.135000 0.385000 0.317416
v -0.125000 0.385000 0.317416
v -0.115000 0.385000 0.326623
v -0.105000 0.385000 0.326623
v -0.095000 0.385000 0.317416
v -0.085000 0.385000 0.317416
v -0.075000 0.385000 0.317416
v -0.065000 0.385000 0.326623
v -0.055000 0.385000 0.335831
v -0.045000 0.385000 0.335831
v -0.035000 0.385000 0.326623
v -0.025000 0.385000 0.187608
v -0.635000 0.395000 0.057223
v -0.625000 0.395000 0.286102
v -0.615000 0.395000 0.286102
v -0.605000 0.395000 0.295482
v -0.595000 0.395000 0.299000
v -0.585000 0.395000 0.290792
v -0.575000 0.395000 0.295482
v -0.565000 0.395000 0.290792
v -0.555000 0.395000 0.295482
v -0.545000 0.395000 0.295482
v -0.535000 0.395000 0.295482
v -0.525000 0.395000 0.295482
v -0.515000 0.395000 0.295482
v -0.505000 0.395000 0.295482
v -0.495000 0.395000 0.295482
v -0.485000 0.395000 0.295482
v -0.475000 0.395000 0.295482
v -0.465000 0.395000 0.290792
v -0.455000 0.395000 0.290792
v -0.445000 0.395000 0.290792
v -0.435000 0.395000 0.290792
v -0.425000 0.395000 0.295482
v -0.415000 0.395000 0.299000
v -0.405000 0.395000 0.299000
v -0.395000 0.395000 0.299000
v -0.385000 0.395000 0.299000
v -0.375000 0.395000 0.299000
v -0.365000 0.395000 0.299000
v -0.355000 0.395000 0.299000
v -0.345000 0.395000 0.308208
v -0.335000 0.395000 0.317416
v -0.325000 0.395000 0.308208
v -0.315000 0.395000 0.317416
v -0.305000 0.395000 0.317416
v -0.295000 0.395000 0.317416
v -0.285000 0.395000 0.317416
v -0.275000 0.395000 0.317416
v -0.265000 0.395000 0.317416
v -0.255000 0.395000 0.317416
v -0.245000 0.395000 0.317416
v -0.235000 0.395000 0.326623
v -0.225000 0.395000 0.317416
v -0.215000 0.395000 0.326623
v -0.205000 0.395000 0.326623
v -0.195000 0.395000 0.326623
v -0.185000 0.395000 0.326623
v -0.175000 0.395000 0.326623
v -0.165000 0.395000 0.326623
v -0.155000 0.395000 0.326623
v -0.145000 0.395000 0.326623
v -0.135000 0.395000 0.335831
v -0.125000 0.395000 0.335831
v -0.115000 0.395000 0.335831
v -0.105000 0.395000 0.335831
v -0.095000 0.395000 0.335831
v -0.085000 0.395000 0.335831
v -0.075000 0.395000 0.335831
v -0.065000 0.395000 0.335831
v -0.055000 0.395000 0.345039
v -0.045000 0.395000 0.345039
v -0.035000 0.395000 0.345039
v -0.025000 0.395000 0.187608
v -0.795000 0.405000 0.057223
v -0.785000 0.405000 0.150086
v -0.775000 0.405000 0.150086
v -0.765000 0.405000 0.150086
v -0.755000 0.405000 0.150086
v -0.745000 0.405000 0.150086
v -0.735000 0.405000 0.057223
v -0.725000 0.405000 0.057223
v -0.675000 0.405000 0.057223
v -0.665000 0.405000 0.057223
v -0.655000 0.405000 0.057223
v -0.645000 0.405000 0.057223
v -0.635000 0.405000 0.299000
v -0.625000 0.405000 0.308208
v -0.615000 0.405000 0.299000
v -0.605000 0.405000 0.308208
v -0.595000 0.405000 0.317416
v -0.585000 0.405000 0.308208
v -0.575000 0.405000 0.299000
v -0.565000 0.405000 0.317416
v -0.555000 0.405000 0.299000
v -0.545000 0.405000 0.299000
v -0.535000 0.405000 0.308208
v -0.525000 0.405000 0.308208
v -0.515000 0.405000 0.308208
v -0.505000 0.405000 0.299000
v -0.495000 0.405000 0.308208
v -0.485000 0.405000 0.299000
v -0.475000 0.405000 0.299000
v -0.465000 0.405000 0.308208
v -0.455000 0.405000 0.299000
v -0.445000 0.405000 0.299000
v -0.435000 0.405000 0.299000
v -0.425000 0.405000 0.308208
v -0.415000 0.405000 0.317416
v -0.405000 0.405000 0.317416
v -0.395000 0.405000 0.317416
v -0.385000 0.405000 0.317416
v -0.375000 0.405000 0.317416
v -0.365000 0.405000 0.317416
v -0.355000 0.405000 0.317416
v -0.345000 0.405000 0.326623
v -0.335000 0.405000 0.326623
v -0.325000 0.405000 0.326623
v -0.315000 0.405000 0.326623
v -0.305000 0.405000 0.335831
v -0.295000 0.405000 0.335831
v -0.285000 0.405000 0.335831
v -0.275000 0.405000 0.326623
v -0.265000 0.405000 0.335831
v -0.255000 0.405000 0.335831
v -0.245000 0.405000 0.335831
v -0.235000 0.405000 0.335831
v -0.225000 0.405000 0.335831
v -0.215000 0.405000 0.335831
v -0.205000 0.405000 0.345039
v -0.195000 0.405000 0.335831
v -0.185000 0.405000 0.335831
v -0.175000 0.405000 0.335831
v -0.165000 0.405000 0.335831
v -0.155000 0.405000 0.335831
v -0.145000 0.405000 0.335831
v -0.135000 0.405000 0.345039
v -0.125000 0.405000 0.345039
v -0.115000 0.405000 0.345039
v -0.105000 0.405000 0.354247
v -0.095000 0.405000 0.345039
v -0.085000 0.405000 0.345039
v -0.075000 0.405000 0.345039
v -0.065000 0.405000 0.345039
v -0.055000 0.405000 0.354247
v -0.045000 0.405000 0.354247
v -0.035000 0.405000 0.354247
v -0.025000 0.405000 0.187608
v -0.985000 0.415000 0.150086
v -0.975000 0.415000 0.150086
v -0.965000 0.415000 0.150086
v -0.955000 0.415000 0.150086
v -0.945000 0.415000 0.150086
v -0.935000 0.415000 0.150086
v -0.925000 0.415000 0.150086
v -0.915000 0.415000 0.150086
v -0.905000 0.415000 0.150086
v -0.895000 0.415000 0.150086
v -0.885000 0.415000 0.057223
v -0.875000 0.415000 0.057223
v -0.865000 0.415000 0.057223
v -0.855000 0.415000 0.150086
v -0.845000 0.415000 0.150086
v -0.835000 0.415000 0.150086
v -0.825000 0.415000 0.150086
v -0.815000 0.415000 0.057223
v -0.805000 0.415000 0.057223
v -0.795000 0.415000 0.281412
v -0.785000 0.415000 0.286102
v -0.775000 0.415000 0.290792
v -0.765000 0.415000 0.290792
v -0.755000 0.415000 0.290792
v -0.745000 0.415000 0.290792
v -0.735000 0.415000 0.295482
v -0.725000 0.415000 0.308208
v -0.715000 0.415000 0.057223
v -0.705000 0.415000 0.057223
v -0.695000 0.415000 0.057223
v -0.685000 0.415000 0.057223
v -0.675000 0.415000 0.317416
v -0.665000 0.415000 0.317416
v -0.655000 0.415000 0.308208
v -0.645000 0.415000 0.317416
v -0.635000 0.415000 0.317416
v -0.625000 0.415000 0.317416
v -0.615000 0.415000 0.317416
v -0.605000 0.415000 0.317416
v -0.595000 0.415000 0.326623
v -0.585000 0.415000 0.326623
v -0.575000 0.415000 0.317416
v -0.565000 0.415000 0.326623
v -0.555000 0.415000 0.317416
v -0.545000 0.415000 0.317416
v -0.535000 0.415000 0.326623
v -0.525000 0.415000 0.326623
v -0.515000 0.415000 0.317416
v -0.505000 0.415000 0.317416
v -0.495000 0.415000 0.317416
v -0.485000 0.415000 0.326623
v -0.475000 0.415000 0.326623
v -0.465000 0.415000 0.317416
v -0.455000 0.415000 0.317416
v -0.445000 0.415000 0.317416
v -0.435000 0.415000 0.326623
v -0.425000 0.415000 0.326623
v -0.415000 0.415000 0.326623
v -0.405000 0.415000 0.326623
v -0.395000 0.415000 0.326623
v -0.385000 0.415000 0.335831
v -0.375000 0.415000 0.335831
v -0.365000 0.415000 0.335831
v -0.355000 0.415000 0.335831
v -0.345000 0.415000 0.335831
v -0.335000 0.415000 0.335831
v -0.325000 0.415000 0.335831
v -0.315000 0.415000 0.335831
v -0.305000 0.415000 0.345039
v -0.295000 0.415000 0.345039
v -0.285000 0.415000 0.345039
v -0.275000 0.415000 0.345039
v -0.265000 0.415000 0.345039
v -0.255000 0.415000 0.345039
v -0.245000 0.415000 0.345039
v -0.235000 0.415000 0.345039
v -0.225000 0.415000 0.354247
v -0.215000 0.415000 0.345039
v -0.205000 0.415000 0.345039
v -0.195000 0.415000 0.345039
v -0.185000 0.415000 0.345039
v -0.175000 0.415000 0.345039
v -0.165000 0.415000 0.345039
v -0.155000 0.415000 0.345039
v -0.145000 0.415000 0.345039
v -0.135000 0.415000 0.354247
v -0.125000 0.415000 0.354247
v -0.115000 0.415000 0.354247
v -0.105000 0.415000 0.354247
v -0.095000 0.415000 0.354247
v -0.085000 0.415000 0.354247
v -0.075000 0.415000 0.354247
v -0.065000 0.415000 0.354247
v -0.055000 0.415000 0.363455
v -0.045000 0.415000 0.363455
v -0.035000 0.415000 0.354247
v -0.025000 0.415000 0.057223
v -1.015000 0.425000 0.150086
v -1.005000 0.425000 0.057223
v -0.995000 0.425000 0.057223
v -0.985000 0.425000 0.262651
v -0.975000 0.425000 0.267341
v -0.965000 0.425000 0.272031
v -0.955000 0.425000 0.272031
v -0.945000 0.425000 0.272031
v -0.935000 0.425000 0.272031
v -0.925000 0.425000 0.272031
v -0.915000 0.425000 0.276722
v -0.905000 0.425000 0.276722
v -0.895000 0.425000 0.276722
v -0.885000 0.425000 0.281412
v -0.875000 0.425000 0.276722
v -0.865000 0.425000 0.281412
v -0.855000 0.425000 0.290792
v -0.845000 0.425000 0.290792
v -0.835000 0.425000 0.290792
v -0.825000 0.425000 0.290792
v -0.815000 0.425000 0.290792
v -0.805000 0.425000 0.295482
v -0.795000 0.425000 0.295482
v -0.785000 0.425000 0.295482
v -0.775000 0.425000 0.299000
v -0.765000 0.425000 0.308208
v -0.755000 0.425000 0.299000
v -0.745000 0.425000 0.308208
v -0.735000 0.425000 0.317416
v -0.725000 0.425000 0.317416
v -0.715000 0.425000 0.326623
v -0.705000 0.425000 0.326623
v -0.695000 0.425000 0.326623
v -0.685000 0.425000 0.326623
v -0.675000 0.425000 0.326623
v -0.665000 0.425000 0.326623
v -0.655000 0.425000 0.326623
v -0.645000 0.425000 0.335831
v -0.635000 0.425000 0.335831
v -0.625000 0.425000 0.326623
v -0.615000 0.425000 0.326623
v -0.605000 0.425000 0.335831
v -0.595000 0.425000 0.335831
v -0.585000 0.425000 0.335831
v -0.575000 0.425000 0.335831
v -0.565000 0.425000 0.335831
v -0.555000 0.425000 0.335831
v -0.545000 0.425000 0.326623
v -0.535000 0.425000 0.335831
v -0.525000 0.425000 0.335831
v -0.515000 0.425000 0.335831
v -0.505000 0.425000 0.335831
v -0.495000 0.425000 0.335831
v -0.485000 0.425000 0.335831
v -0.475000 0.425000 0.335831
v -0.465000 0.425000 0.335831
v -0.455000 0.425000 0.335831
v -0.445000 0.425000 0.335831
v -0.435000 0.425000 0.335831
v -0.425000 0.425000 0.335831
v -0.415000 0.425000 0.335831
v -0.405000 0.425000 0.345039
v -0.395000 0.425000 0.345039
v -0.385000 0.425000 0.345039
v -0.375000 0.425000 0.345039
v -0.365000 0.425000 0.345039
v -0.355000 0.425000 0.345039
v -0.345000 0.425000 0.345039
v -0.335000 0.425000 0.345039
v -0.325000 0.425000 0.345039
v -0.315000 0.425000 0.345039
v -0.305000 0.425000 0.354247
v -0.295000 0.425000 0.354247
v -0.285000 0.425000 0.354247
v -0.275000 0.425000 0.354247
v -0.265000 0.425000 0.354247
v -0.255000 0.425000 0.345039
v -0.245000 0.425000 0.354247
v -0.235000 0.425000 0.354247
v -0.225000 0.425000 0.354247
v -0.215000 0.425000 0.354247
v -0.205000 0.425000 0.354247
v -0.195000 0.425000 0.354247
v -0.185000 0.425000 0.354247
v -0.175000 0.425000 0.354247
v -0.165000 0.425000 0.354247
v -0.155000 0.425000 0.354247
v -0.145000 0.425000 0.354247
v -0.135000 0.425000 0.354247
v -0.125000 0.425000 0.354247
v -0.115000 0.425000 0.354247
v -0.105000 0.425000 0.354247
v -0.095000 0.425000 0.363455
v -0.085000 0.425000 0.363455
v -0.075000 0.425000 0.354247
v -0.065000 0.425000 0.363455
v -0.055000 0.425000 0.363455
v -0.045000 0.425000 0.363455
v -0.035000 0.425000 0.363455
v -0.025000 0.425000 0.057223
v -1.025000 0.435000 0.057223
v -1.015000 0.435000 0.262651
v -1.005000 0.435000 0.262651
v -0.995000 0.435000 0.262651
v -0.985000 0.435000 0.267341
v -0.975000 0.435000 0.272031
v -0.965000 0.435000 0.272031
v -0.955000 0.435000 0.272031
v -0.945000 0.435000 0.276722
v -0.935000 0.435000 0.276722
v -0.925000 0.435000 0.276722
v -0.915000 0.435000 0.281412
v -0.905000 0.435000 0.281412
v -0.895000 0.435000 0.281412
v -0.885000 0.435000 0.286102
v -0.875000 0.435000 0.286102
v -0.865000 0.435000 0.286102
v -0.855000 0.435000 0.295482
v -0.845000 0.435000 0.295482
v -0.835000 0.435000 0.295482
v -0.825000 0.435000 0.295482
v -0.815000 0.435000 0.295482
v -0.805000 0.435000 0.299000
v -0.795000 0.435000 0.308208
v -0.785000 0.435000 0.308208
v -0.775000 0.435000 0.317416
v -0.765000 0.435000 0.317416
v -0.755000 0.435000 0.317416
v -0.745000 0.435000 0.326623
v -0.735000 0.435000 0.326623
v -0.725000 0.435000 0.335831
v -0.715000 0.435000 0.345039
v -0.705000 0.435000 0.345039
v -0.695000 0.435000 0.345039
v -0.685000 0.435000 0.335831
v -0.675000 0.435000 0.345039
v -0.665000 0.435000 0.335831
v -0.655000 0.435000 0.335831
v -0.645000 0.435000 0.345039
v -0.635000 0.435000 0.335831
v -0.625000 0.435000 0.335831
v -0.615000 0.435000 0.335831
v -0.605000 0.435000 0.335831
v -0.595000 0.435000 0.345039
v -0.585000 0.435000 0.345039
v -0.575000 0.435000 0.345039
v -0.565000 0.435000 0.345039
v -0.555000 0.435000 0.345039
v -0.545000 0.435000 0.345039
v -0.535000 0.435000 0.345039
v -0.525000 0.435000 0.345039
v -0.515000 0.435000 0.345039
v -0.505000 0.435000 0.345039
v -0.495000 0.435000 0.345039
v -0.485000 0.435000 0.345039
v -0.475000 0.435000 0.354247
v -0.465000 0.435000 0.345039
v -0.455000 0.435000 0.345039
v -0.445000 0.435000 0.345039
v -0.435000 0.435000 0.345039
v -0.425000 0.435000 0.354247
v -0.415000 0.435000 0.345039
v -0.405000 0.435000 0.345039
v -0.395000 0.435000 0.354247
v -0.385000 0.435000 0.354247
v -0.375000 0.435000 0.354247
v -0.365000 0.435000 0.354247
v -0.355000 0.435000 0.354247
v -0.345000 0.435000 0.354247
v -0.335000 0.435000 0.354247
v -0.325000 0.435000 0.354247
v -0.315000 0.435000 0.354247
v -0.305000 0.435000 0.354247
v -0.295000 0.435000 0.354247
v -0.285000 0.435000 0.354247
v -0.275000 0.435000 0.354247
v -0.265000 0.435000 0.363455
v -0.255000 0.435000 0.354247
v -0.245000 0.435000 0.354247
v -0.235000 0.435000 0.354247
v -0.225000 0.435000 0.363455
v -0.215000 0.435000 0.363455
v -0.205000 0.435000 0.363455
v -0.195000 0.435000 0.363455
v -0.185000 0.435000 0.363455
v -0.175000 0.435000 0.363455
v -0.165000 0.435000 0.354247
v -0.155000 0.435000 0.363455
v -0.145000 0.435000 0.363455
v -0.135000 0.435000 0.363455
v -0.125000 0.435000 0.363455
v -0.115000 0.435000 0.363455
v -0.105000 0.435000 0.363455
v -0.095000 0.435000 0.363455
v -0.085000 0.435000 0.363455
v -0.075000 0.435000 0.363455
v -0.065000 0.435000 0.363455
v -0.055000 0.435000 0.372663
v -0.045000 0.435000 0.372663
v -0.035000 0.435000 0.372663
v -0.025000 0.435000 0.372663
v -0.015000 0.435000 0.159467
v -1.035000 0.445000 0.057223
v -1.025000 0.445000 0.262651
v -1.015000 0.445000 0.262651
v -1.005000 0.445000 0.267341
v -0.995000 0.445000 0.267341
v -0.985000 0.445000 0.267341
v -0.975000 0.445000 0.272031
v -0.965000 0.445000 0.276722
v -0.955000 0.445000 0.276722
v -0.945000 0.445000 0.276722
v -0.935000 0.445000 0.281412
v -0.925000 0.445000 0.286102
v -0.915000 0.445000 0.286102
v -0.905000 0.445000 0.286102
v -0.895000 0.445000 0.286102
v -0.885000 0.445000 0.290792
v -0.875000 0.445000 0.290792
v -0.865000 0.445000 0.295482
v -0.855000 0.445000 0.295482
v -0.845000 0.445000 0.295482
v -0.835000 0.445000 0.299000
v -0.825000 0.445000 0.299000
v -0.815000 0.445000 0.308208
v -0.805000 0.445000 0.317416
v -0.795000 0.445000 0.317416
v -0.785000 0.445000 0.317416
v -0.775000 0.445000 0.326623
v -0.765000 0.445000 0.326623
v -0.755000 0.445000 0.335831
v -0.745000 0.445000 0.345039
v -0.735000 0.445000 0.345039
v -0.725000 0.445000 0.345039
v -0.715000 0.445000 0.345039
v -0.705000 0.445000 0.354247
v -0.695000 0.445000 0.354247
v -0.685000 0.445000 0.354247
v -0.675000 0.445000 0.354247
v -0.665000 0.445000 0.345039
v -0.655000 0.445000 0.345039
v -0.645000 0.445000 0.354247
v -0.635000 0.445000 0.345039
v -0.625000 0.445000 0.345039
v -0.615000 0.445000 0.345039
v -0.605000 0.445000 0.345039
v -0.595000 0.445000 0.354247
v -0.585000 0.445000 0.354247
v -0.575000 0.445000 0.354247
v -0.565000 0.445000 0.354247
v -0.555000 0.445000 0.345039
v -0.545000 0.445000 0.354247
v -0.535000 0.445000 0.354247
v -0.525000 0.445000 0.354247
v -0.515000 0.445000 0.354247
v -0.505000 0.445000 0.354247
v -0.495000 0.445000 0.354247
v -0.485000 0.445000 0.363455
v -0.475000 0.445000 0.363455
v -0.465000 0.445000 0.354247
v -0.455000 0.445000 0.354247
v -0.445000 0.445000 0.354247
v -0.435000 0.445000 0.354247
v -0.425000 0.445000 0.363455
v -0.415000 0.445000 0.354247
v -0.405000 0.445000 0.354247
v -0.395000 0.445000 0.363455
v -0.385000 0.445000 0.363455
v -0.375000 0.445000 0.363455
v -0.365000 0.445000 0.363455
v -0.355000 0.445000 0.363455
v -0.345000 0.445000 0.363455
v -0.335000 0.445000 0.363455
v -0.325000 0.445000 0.354247
v -0.315000 0.445000 0.363455
v -0.305000 0.445000 0.363455
v -0.295000 0.445000 0.363455
v -0.285000 0.445000 0.363455
v -0.275000 0.445000 0.363455
v -0.265000 0.445000 0.372663
v -0.255000 0.445000 0.363455
v -0.245000 0.445000 0.363455
v -0.235000 0.445000 0.363455
v -0.225000 0.445000 0.363455
v -0.215000 0.445000 0.372663
v -0.205000 0.445000 0.363455
v -0.195000 0.445000 0.372663
v -0.185000 0.445000 0.372663
v -0.175000 0.445000 0.363455
v -0.165000 0.445000 0.363455
v -0.155000 0.445000 0.363455
v -0.145000 0.445000 0.372663
v -0.135000 0.445000 0.372663
v -0.125000 0.445000 0.363455
v -0.115000 0.445000 0.372663
v -0.105000 0.445000 0.372663
v -0.095000 0.445000 0.372663
v -0.085000 0.445000 0.372663
v -0.075000 0.445000 0.372663
v -0.065000 0.445000 0.372663
v -0.055000 0.445000 0.381871
v -0.045000 0.445000 0.381871
v -0.035000 0.445000 0.381871
v -0.025000 0.445000 0.391078
v -0.015000 0.445000 0.150086
v -1.045000 0.455000 0.057223
v -1.035000 0.455000 0.267341
v -1.025000 0.455000 0.267341
v -1.015000 0.455000 0.267341
v -1.005000 0.455000 0.267341
v -0.995000 0.455000 0.272031
v -0.985000 0.455000 0.272031
v -0.975000 0.455000 0.276722
v -0.965000 0.455000 0.281412
v -0.955000 0.455000 0.281412
v -0.945000 0.455000 0.281412
v -0.935000 0.455000 0.286102
v -0.925000 0.455000 0.286102
v -0.915000 0.455000 0.290792
v -0.905000 0.455000 0.290792
v -0.895000 0.455000 0.295482
v -0.885000 0.455000 0.295482
v -0.875000 0.455000 0.295482
v -0.865000 0.455000 0.299000
v -0.855000 0.455000 0.299000
v -0.845000 0.455000 0.299000
v -0.835000 0.455000 0.308208
v -0.825000 0.455000 0.308208
v -0.815000 0.455000 0.317416
v -0.805000 0.455000 0.326623
v -0.795000 0.455000 0.326623
v -0.785000 0.455000 0.335831
v -0.775000 0.455000 0.335831
v -0.765000 0.455000 0.345039
v -0.755000 0.455000 0.345039
v -0.745000 0.455000 0.345039
v -0.735000 0.455000 0.345039
v -0.725000 0.455000 0.354247
v -0.715000 0.455000 0.354247
v -0.705000 0.455000 0.363455
v -0.695000 0.455000 0.363455
v -0.685000 0.455000 0.363455
v -0.675000 0.455000 0.363455
v -0.665000 0.455000 0.363455
v -0.655000 0.455000 0.354247
v -0.645000 0.455000 0.354247
v -0.635000 0.455000 0.345039
v -0.625000 0.455000 0.354247
v -0.615000 0.455000 0.354247
v -0.605000 0.455000 0.354247
v -0.595000 0.455000 0.354247
v -0.585000 0.455000 0.354247
v -0.575000 0.455000 0.363455
v -0.565000 0.455000 0.363455
v -0.555000 0.455000 0.363455
v -0.545000 0.455000 0.363455
v -0.535000 0.455000 0.363455
v -0.525000 0.455000 0.363455
v -0.515000 0.455000 0.363455
v -0.505000 0.455000 0.363455
v -0.495000 0.455000 0.363455
v -0.485000 0.455000 0.363455
v -0.475000 0.455000 0.372663
v -0.465000 0.455000 0.372663
v -0.455000 0.455000 0.363455
v -0.445000 0.455000 0.363455
v -0.435000 0.455000 0.363455
v -0.425000 0.455000 0.372663
v -0.415000 0.455000 0.363455
v -0.405000 0.455000 0.372663
v -0.395000 0.455000 0.372663
v -0.385000 0.455000 0.372663
v -0.375000 0.455000 0.372663
v -0.365000 0.455000 0.372663
v -0.355000 0.455000 0.372663
v -0.345000 0.455000 0.372663
v -0.335000 0.455000 0.363455
v -0.325000 0.455000 0.363455
v -0.315000 0.455000 0.372663
v -0.305000 0.455000 0.372663
v -0.295000 0.455000 0.372663
v -0.285000 0.455000 0.372663
v -0.275000 0.455000 0.372663
v -0.265000 0.455000 0.372663
v -0.255000 0.455000 0.372663
v -0.245000 0.455000 0.372663
v -0.235000 0.455000 0.372663
v -0.225000 0.455000 0.372663
v -0.215000 0.455000 0.372663
v -0.205000 0.455000 0.372663
v -0.195000 0.455000 0.372663
v -0.185000 0.455000 0.372663
v -0.175000 0.455000 0.372663
v -0.165000 0.455000 0.372663
v -0.155000 0.455000 0.372663
v -0.145000 0.455000 0.381871
v -0.135000 0.455000 0.381871
v -0.125000 0.455000 0.372663
v -0.115000 0.455000 0.381871
v -0.105000 0.455000 0.381871
v -0.095000 0.455000 0.381871
v -0.085000 0.455000 0.381871
v -0.075000 0.455000 0.381871
v -0.065000 0.455000 0.381871
v -0.055000 0.455000 0.391078
v -0.045000 0.455000 0.391078
v -0.035000 0.455000 0.381871
v -0.025000 0.455000 0.400286
v -0.015000 0.455000 0.150086
v -1.045000 0.465000 0.057223
v -1.035000 0.465000 0.272031
v -1.025000 0.465000 0.276722
v -1.015000 0.465000 0.272031
v -1.005000 0.465000 0.272031
v -0.995000 0.465000 0.276722
v -0.985000 0.465000 0.276722
v -0.975000 0.465000 0.281412
v -0.965000 0.465000 0.286102
v -0.955000 0.465000 0.286102
v -0.945000 0.465000 0.286102
v -0.935000 0.465000 0.290792
v -0.925000 0.465000 0.290792
v -0.915000 0.465000 0.295482
v -0.905000 0.465000 0.299000
v -0.895000 0.465000 0.299000
v -0.885000 0.465000 0.299000
v -0.875000 0.465000 0.299000
v -0.865000 0.465000 0.308208
v -0.855000 0.465000 0.317416
v -0.845000 0.465000 0.317416
v -0.835000 0.465000 0.317416
v -0.825000 0.465000 0.326623
v -0.815000 0.465000 0.326623
v -0.805000 0.465000 0.335831
v -0.795000 0.465000 0.335831
v -0.785000 0.465000 0.345039
v -0.775000 0.465000 0.345039
v -0.765000 0.465000 0.345039
v -0.755000 0.465000 0.345039
v -0.745000 0.465000 0.354247
v -0.735000 0.465000 0.354247
v -0.725000 0.465000 0.363455
v -0.715000 0.465000 0.363455
v -0.705000 0.465000 0.363455
v -0.695000 0.465000 0.372663
v -0.685000 0.465000 0.372663
v -0.675000 0.465000 0.372663
v -0.665000 0.465000 0.372663
v -0.655000 0.465000 0.363455
v -0.645000 0.465000 0.363455
v -0.635000 0.465000 0.363455
v -0.625000 0.465000 0.354247
v -0.615000 0.465000 0.363455
v -0.605000 0.465000 0.363455
v -0.595000 0.465000 0.363455
v -0.585000 0.465000 0.363455
v -0.575000 0.465000 0.363455
v -0.565000 0.465000 0.363455
v -0.555000 0.465000 0.363455
v -0.545000 0.465000 0.372663
v -0.535000 0.465000 0.372663
v -0.525000 0.465000 0.372663
v -0.515000 0.465000 0.372663
v -0.505000 0.465000 0.372663
v -0.495000 0.465000 0.372663
v -0.485000 0.465000 0.372663
v -0.475000 0.465000 0.381871
v -0.465000 0.465000 0.381871
v -0.455000 0.465000 0.381871
v -0.445000 0.465000 0.372663
v -0.435000 0.465000 0.381871
v -0.425000 0.465000 0.381871
v -0.415000 0.465000 0.381871
v -0.405000 0.465000 0.381871
v -0.395000 0.465000 0.381871
v -0.385000 0.465000 0.381871
v -0.375000 0.465000 0.381871
v -0.365000 0.465000 0.381871
v -0.355000 0.465000 0.381871
v -0.345000 0.465000 0.372663
v -0.335000 0.465000 0.372663
v -0.325000 0.465000 0.372663
v -0.315000 0.465000 0.381871
v -0.305000 0.465000 0.372663
v -0.295000 0.465000 0.381871
v -0.285000 0.465000 0.381871
v -0.275000 0.465000 0.381871
v -0.265000 0.465000 0.381871
v -0.255000 0.465000 0.381871
v -0.245000 0.465000 0.381871
v -0.235000 0.465000 0.381871
v -0.225000 0.465000 0.381871
v -0.215000 0.465000 0.381871
v -0.205000 0.465000 0.381871
v -0.195000 0.465000 0.381871
v -0.185000 0.465000 0.381871
v -0.175000 0.465000 0.381871
v -0.165000 0.465000 0.381871
v -0.155000 0.465000 0.381871
v -0.145000 0.465000 0.381871
v -0.135000 0.465000 0.381871
v -0.125000 0.465000 0.381871
v -0.115000 0.465000 0.391078
v -0.105000 0.465000 0.381871
v -0.095000 0.465000 0.381871
v -0.085000 0.465000 0.391078
v -0.075000 0.465000 0.381871
v -0.065000 0.465000 0.391078
v -0.055000 0.465000 0.391078
v -0.045000 0.465000 0.391078
v -0.035000 0.465000 0.391078
v -0.025000 0.465000 0.400286
v -0.015000 0.465000 0.150086
v -1.045000 0.475000 0.057223
v -1.035000 0.475000 0.276722
v -1.025000 0.475000 0.281412
v -1.015000 0.475000 0.281412
v -1.005000 0.475000 0.286102
v -0.995000 0.475000 0.286102
v -0.985000 0.475000 0.286102
v -0.975000 0.475000 0.290792
v -0.965000 0.475000 0.290792
v -0.955000 0.475000 0.295482
v -0.945000 0.475000 0.295482
v -0.935000 0.475000 0.299000
v -0.925000 0.475000 0.299000
v -0.915000 0.475000 0.299000
v -0.905000 0.475000 0.308208
v -0.895000 0.475000 0.308208
v -0.885000 0.475000 0.308208
v -0.875000 0.475000 0.317416
v -0.865000 0.475000 0.317416
v -0.855000 0.475000 0.326623
v -0.845000 0.475000 0.326623
v -0.835000 0.475000 0.326623
v -0.825000 0.475000 0.335831
v -0.815000 0.475000 0.345039
v -0.805000 0.475000 0.345039
v -0.795000 0.475000 0.345039
v -0.785000 0.475000 0.354247
v -0.775000 0.475000 0.354247
v -0.765000 0.475000 0.354247
v -0.755000 0.475000 0.354247
v -0.745000 0.475000 0.354247
v -0.735000 0.475000 0.363455
v -0.725000 0.475000 0.363455
v -0.715000 0.475000 0.363455
v -0.705000 0.475000 0.372663
v -0.695000 0.475000 0.372663
v -0.685000 0.475000 0.372663
v -0.675000 0.475000 0.372663
v -0.665000 0.475000 0.372663
v -0.655000 0.475000 0.372663
v -0.645000 0.475000 0.372663
v -0.635000 0.475000 0.372663
v -0.625000 0.475000 0.363455
v -0.615000 0.475000 0.372663
v -0.605000 0.475000 0.372663
v -0.595000 0.475000 0.372663
v -0.585000 0.475000 0.372663
v -0.575000 0.475000 0.372663
v -0.565000 0.475000 0.372663
v -0.555000 0.475000 0.372663
v -0.545000 0.475000 0.381871
v -0.535000 0.475000 0.381871
v -0.525000 0.475000 0.381871
v -0.515000 0.475000 0.381871
v -0.505000 0.475000 0.381871
v -0.495000 0.475000 0.381871
v -0.485000 0.475000 0.381871
v -0.475000 0.475000 0.381871
v -0.465000 0.475000 0.381871
v -0.455000 0.475000 0.391078
v -0.445000 0.475000 0.381871
v -0.435000 0.475000 0.391078
v -0.425000 0.475000 0.381871
v -0.415000 0.475000 0.381871
v -0.405000 0.475000 0.391078
v -0.395000 0.475000 0.391078
v -0.385000 0.475000 0.381871
v -0.375000 0.475000 0.381871
v -0.365000 0.475000 0.381871
v -0.355000 0.475000 0.381871
v -0.345000 0.475000 0.381871
v -0.335000 0.475000 0.381871
v -0.325000 0.475000 0.381871
v -0.315000 0.475000 0.381871
v -0.305000 0.475000 0.381871
v -0.295000 0.475000 0.391078
v -0.285000 0.475000 0.381871
v -0.275000 0.475000 0.381871
v -0.265000 0.475000 0.391078
v -0.255000 0.475000 0.391078
v -0.245000 0.475000 0.381871
v -0.235000 0.475000 0.391078
v -0.225000 0.475000 0.381871
v -0.215000 0.475000 0.391078
v -0.205000 0.475000 0.391078
v -0.195000 0.475000 0.391078
v -0.185000 0.475000 0.391078
v -0.175000 0.475000 0.391078
v -0.165000 0.475000 0.391078
v -0.155000 0.475000 0.391078
v -0.145000 0.475000 0.391078
v -0.135000 0.475000 0.391078
v -0.125000 0.475000 0.391078
v -0.115000 0.475000 0.391078
v -0.105000 0.475000 0.391078
v -0.095000 0.475000 0.391078
v -0.085000 0.475000 0.391078
v -0.075000 0.475000 0.391078
v -0.065000 0.475000 0.391078
v -0.055000 0.475000 0.400286
v -0.045000 0.475000 0.391078
v -0.035000 0.475000 0.391078
v -0.025000 0.475000 0.400286
v -0.015000 0.475000 0.150086
v -1.045000 0.485000 0.057223
v -1.035000 0.485000 0.286102
v -1.025000 0.485000 0.290792
v -1.015000 0.485000 0.290792
v -1.005000 0.485000 0.290792
v -0.995000 0.485000 0.290792
v -0.985000 0.485000 0.295482
v -0.975000 0.485000 0.295482
v -0.965000 0.485000 0.299000
v -0.955000 0.485000 0.299000
v -0.945000 0.485000 0.299000
v -0.935000 0.485000 0.308208
v -0.925000 0.485000 0.308208
v -0.915000 0.485000 0.317416
v -0.905000 0.485000 0.317416
v -0.895000 0.485000 0.317416
v -0.885000 0.485000 0.326623
v -0.875000 0.485000 0.326623
v -0.865000 0.485000 0.335831
v -0.855000 0.485000 0.335831
v -0.845000 0.485000 0.335831
v -0.835000 0.485000 0.335831
v -0.825000 0.485000 0.345039
v -0.815000 0.485000 0.345039
v -0.805000 0.485000 0.345039
v -0.795000 0.485000 0.354247
v -0.785000 0.485000 0.354247
v -0.775000 0.485000 0.354247
v -0.765000 0.485000 0.363455
v -0.755000 0.485000 0.363455
v -0.745000 0.485000 0.363455
v -0.735000 0.485000 0.363455
v -0.725000 0.485000 0.372663
v -0.715000 0.485000 0.372663
v -0.705000 0.485000 0.372663
v -0.695000 0.485000 0.372663
v -0.685000 0.485000 0.372663
v -0.675000 0.485000 0.381871
v -0.665000 0.485000 0.381871
v -0.655000 0.485000 0.381871
v -0.645000 0.485000 0.381871
v -0.635000 0.485000 0.381871
v -0.625000 0.485000 0.372663
v -0.615000 0.485000 0.372663
v -0.605000 0.485000 0.372663
v -0.595000 0.485000 0.381871
v -0.585000 0.485000 0.381871
v -0.575000 0.485000 0.381871
v -0.565000 0.485000 0.381871
v -0.555000 0.485000 0.381871
v -0.545000 0.485000 0.381871
v -0.535000 0.485000 0.381871
v -0.525000 0.485000 0.391078
v -0.515000 0.485000 0.391078
v -0.505000 0.485000 0.391078
v -0.495000 0.485000 0.391078
v -0.485000 0.485000 0.391078
v -0.475000 0.485000 0.391078
v -0.465000 0.485000 0.391078
v -0.455000 0.485000 0.391078
v -0.445000 0.485000 0.391078
v -0.435000 0.485000 0.391078
v -0.425000 0.485000 0.391078
v -0.415000 0.485000 0.391078
v -0.405000 0.485000 0.391078
v -0.395000 0.485000 0.391078
v -0.385000 0.485000 0.391078
v -0.375000 0.485000 0.391078
v -0.365000 0.485000 0.391078
v -0.355000 0.485000 0.391078
v -0.345000 0.485000 0.391078
v -0.335000 0.485000 0.391078
v -0.325000 0.485000 0.391078
v -0.315000 0.485000 0.391078
v -0.305000 0.485000 0.391078
v -0.295000 0.485000 0.391078
v -0.285000 0.485000 0.391078
v -0.275000 0.485000 0.391078
v -0.265000 0.485000 0.391078
v -0.255000 0.485000 0.391078
v -0.245000 0.485000 0.391078
v -0.235000 0.485000 0.391078
v -0.225000 0.485000 0.391078
v -0.215000 0.485000 0.391078
v -0.205000 0.485000 0.391078
v -0.195000 0.485000 0.391078
v -0.185000 0.485000 0.400286
v -0.175000 0.485000 0.400286
v -0.165000 0.485000 0.391078
v -0.155000 0.485000 0.391078
v -0.145000 0.485000 0.391078
v -0.135000 0.485000 0.400286
v -0.125000 0.485000 0.400286
v -0.115000 0.485000 0.400286
v -0.105000 0.485000 0.391078
v -0.095000 0.485000 0.391078
v -0.085000 0.485000 0.400286
v -0.075000 0.485000 0.391078
v -0.065000 0.485000 0.400286
v -0.055000 0.485000 0.400286
v -0.045000 0.485000 0.400286
v -0.035000 0.485000 0.400286
v -0.025000 0.485000 0.409494
v -0.015000 0.485000 0.150086
v -1.045000 0.495000 0.057223
v -1.035000 0.495000 0.295482
v -1.025000 0.495000 0.295482
v -1.015000 0.495000 0.295482
v -1.005000 0.495000 0.295482
v -0.995000 0.495000 0.295482
v -0.985000 0.495000 0.299000
v -0.975000 0.495000 0.299000
v -0.965000 0.495000 0.308208
v -0.955000 0.495000 0.308208
v -0.945000 0.495000 0.308208
v -0.935000 0.495000 0.317416
v -0.925000 0.495000 0.317416
v -0.915000 0.495000 0.326623
v -0.905000 0.495000 0.326623
v -0.895000 0.495000 0.326623
v -0.885000 0.495000 0.326623
v -0.875000 0.495000 0.335831
v -0.865000 0.495000 0.335831
v -0.855000 0.495000 0.335831
v -0.845000 0.495000 0.345039
v -0.835000 0.495000 0.345039
v -0.825000 0.495000 0.345039
v -0.815000 0.495000 0.354247
v -0.805000 0.495000 0.354247
v -0.795000 0.495000 0.354247
v -0.785000 0.495000 0.363455
v -0.775000 0.495000 0.363455
v -0.765000 0.495000 0.363455
v -0.755000 0.495000 0.363455
v -0.745000 0.495000 0.363455
v -0.735000 0.495000 0.372663
v -0.725000 0.495000 0.372663
v -0.715000 0.495000 0.372663
v -0.705000 0.495000 0.372663
v -0.695000 0.495000 0.372663
v -0.685000 0.495000 0.381871
v -0.675000 0.495000 0.381871
v -0.665000 0.495000 0.381871
v -0.655000 0.495000 0.381871
v -0.645000 0.495000 0.381871
v -0.635000 0.495000 0.381871
v -0.625000 0.495000 0.381871
v -0.615000 0.495000 0.381871
v -0.605000 0.495000 0.381871
v -0.595000 0.495000 0.381871
v -0.585000 0.495000 0.381871
v -0.575000 0.495000 0.381871
v -0.565000 0.495000 0.391078
v -0.555000 0.495000 0.381871
v -0.545000 0.495000 0.391078
v -0.535000 0.495000 0.391078
v -0.525000 0.495000 0.391078
v -0.515000 0.495000 0.391078
v -0.505000 0.495000 0.391078
v -0.495000 0.495000 0.391078
v -0.485000 0.495000 0.391078
v -0.475000 0.495000 0.391078
v -0.465000 0.495000 0.391078
v -0.455000 0.495000 0.391078
v -0.445000 0.495000 0.391078
v -0.435000 0.495000 0.391078
v -0.425000 0.495000 0.391078
v -0.415000 0.495000 0.391078
v -0.405000 0.495000 0.400286
v -0.395000 0.495000 0.400286
v -0.385000 0.495000 0.391078
v -0.375000 0.495000 0.400286
v -0.365000 0.495000 0.391078
v -0.355000 0.495000 0.400286
v -0.345000 0.495000 0.400286
v -0.335000 0.495000 0.391078
v -0.325000 0.495000 0.400286
v -0.315000 0.495000 0.391078
v -0.305000 0.495000 0.400286
v -0.295000 0.495000 0.400286
v -0.285000 0.495000 0.391078
v -0.275000 0.495000 0.400286
v -0.265000 0.495000 0.400286
v -0.255000 0.495000 0.400286
v -0.245000 0.495000 0.400286
v -0.235000 0.495000 0.400286
v -0.225000 0.495000 0.400286
v -0.215000 0.495000 0.400286
v -0.205000 0.495000 0.400286
v -0.195000 0.495000 0.400286
v -0.185000 0.495000 0.400286
v -0.175000 0.495000 0.400286
v -0.165000 0.495000 0.400286
v -0.155000 0.495000 0.400286
v -0.145000 0.495000 0.400286
v -0.135000 0.495000 0.400286
v -0.125000 0.495000 0.400286
v -0.115000 0.495000 0.400286
v -0.105000 0.495000 0.400286
v -0.095000 0.495000 0.400286
v -0.085000 0.495000 0.400286
v -0.075000 0.495000 0.400286
v -0.065000 0.495000 0.400286
v -0.055000 0.495000 0.400286
v -0.045000 0.495000 0.400286
v -0.035000 0.495000 0.400286
v -0.025000 0.495000 0.409494
v -0.015000 0.495000 0.150086
v -1.045000 0.505000 0.057223
v -1.035000 0.505000 0.295482
v -1.025000 0.505000 0.299000
v -1.015000 0.505000 0.299000
v -1.005000 0.505000 0.299000
v -0.995000 0.505000 0.299000
v -0.985000 0.505000 0.299000
v -0.975000 0.505000 0.308208
v -0.965000 0.505000 0.308208
v -0.955000 0.505000 0.317416
v -0.945000 0.505000 0.317416
v -0.935000 0.505000 0.317416
v -0.925000 0.505000 0.326623
v -0.915000 0.505000 0.326623
v -0.905000 0.505000 0.335831
v -0.895000 0.505000 0.335831
v -0.885000 0.505000 0.335831
v -0.875000 0.505000 0.335831
v -0.865000 0.505000 0.345039
v -0.855000 0.505000 0.345039
v -0.845000 0.505000 0.345039
v -0.835000 0.505000 0.354247
v -0.825000 0.505000 0.354247
v -0.815000 0.505000 0.354247
v -0.805000 0.505000 0.363455
v -0.795000 0.505000 0.363455
v -0.785000 0.505000 0.363455
v -0.775000 0.505000 0.363455
v -0.765000 0.505000 0.372663
v -0.755000 0.505000 0.372663
v -0.745000 0.505000 0.372663
v -0.735000 0.505000 0.372663
v -0.725000 0.505000 0.372663
v -0.715000 0.505000 0.372663
v -0.705000 0.505000 0.372663
v -0.695000 0.505000 0.381871
v -0.685000 0.505000 0.381871
v -0.675000 0.505000 0.381871
v -0.665000 0.505000 0.381871
v -0.655000 0.505000 0.381871
v -0.645000 0.505000 0.381871
v -0.635000 0.505000 0.381871
v -0.625000 0.505000 0.381871
v -0.615000 0.505000 0.381871
v -0.605000 0.505000 0.381871
v -0.595000 0.505000 0.381871
v -0.585000 0.505000 0.381871
v -0.575000 0.505000 0.391078
v -0.565000 0.505000 0.391078
v -0.555000 0.505000 0.391078
v -0.545000 0.505000 0.391078
v -0.535000 0.505000 0.391078
v -0.525000 0.505000 0.391078
v -0.515000 0.505000 0.391078
v -0.505000 0.505000 0.391078
v -0.495000 0.505000 0.400286
v -0.485000 0.505000 0.400286
v -0.475000 0.505000 0.400286
v -0.465000 0.505000 0.400286
v -0.455000 0.505000 0.400286
v -0.445000 0.505000 0.400286
v -0.435000 0.505000 0.400286
v -0.425000 0.505000 0.400286
v -0.415000 0.505000 0.400286
v -0.405000 0.505000 0.400286
v -0.395000 0.505000 0.400286
v -0.385000 0.505000 0.400286
v -0.375000 0.505000 0.400286
v -0.365000 0.505000 0.400286
v -0.355000 0.505000 0.400286
v -0.345000 0.505000 0.400286
v -0.335000 0.505000 0.400286
v -0.325000 0.505000 0.400286
v -0.315000 0.505000 0.400286
v -0.305000 0.505000 0.400286
v -0.295000 0.505000 0.400286
v -0.285000 0.505000 0.400286
v -0.275000 0.505000 0.400286
v -0.265000 0.505000 0.400286
v -0.255000 0.505000 0.400286
v -0.245000 0.505000 0.400286
v -0.235000 0.505000 0.400286
v -0.225000 0.505000 0.400286
v -0.215000 0.505000 0.400286
v -0.205000 0.505000 0.400286
v -0.195000 0.505000 0.400286
v -0.185000 0.505000 0.409494
v -0.175000 0.505000 0.409494
v -0.165000 0.505000 0.409494
v -0.155000 0.505000 0.409494
v -0.145000 0.505000 0.400286
v -0.135000 0.505000 0.409494
v -0.125000 0.505000 0.409494
v -0.115000 0.505000 0.400286
v -0.105000 0.505000 0.400286
v -0.095000 0.505000 0.400286
v -0.085000 0.505000 0.400286
v -0.075000 0.505000 0.400286
v -0.065000 0.505000 0.409494
v -0.055000 0.505000 0.409494
v -0.045000 0.505000 0.409494
v -0.035000 0.505000 0.409494
v -0.025000 0.505000 0.409494
v -0.015000 0.505000 0.150086
v -1.045000 0.515000 0.057223
v -1.035000 0.515000 0.299000
v -1.025000 0.515000 0.299000
v -1.015000 0.515000 0.299000
v -1.005000 0.515000 0.308208
v -0.995000 0.515000 0.308208
v -0.985000 0.515000 0.308208
v -0.975000 0.515000 0.317416
v -0.965000 0.515000 0.317416
v -0.955000 0.515000 0.326623
v -0.945000 0.515000 0.326623
v -0.935000 0.515000 0.326623
v -0.925000 0.515000 0.335831
v -0.915000 0.515000 0.335831
v -0.905000 0.515000 0.335831
v -0.895000 0.515000 0.335831
v -0.885000 0.515000 0.345039
v -0.875000 0.515000 0.345039
v -0.865000 0.515000 0.345039
v -0.855000 0.515000 0.354247
v -0.845000 0.515000 0.354247
v -0.835000 0.515000 0.354247
v -0.825000 0.515000 0.354247
v -0.815000 0.515000 0.363455
v -0.805000 0.515000 0.363455
v -0.795000 0.515000 0.363455
v -0.785000 0.515000 0.372663
v -0.775000 0.515000 0.372663
v -0.765000 0.515000 0.372663
v -0.755000 0.515000 0.372663
v -0.745000 0.515000 0.372663
v -0.735000 0.515000 0.372663
v -0.725000 0.515000 0.381871
v -0.715000 0.515000 0.381871
v -0.705000 0.515000 0.381871
v -0.695000 0.515000 0.381871
v -0.685000 0.515000 0.381871
v -0.675000 0.515000 0.381871
v -0.665000 0.515000 0.381871
v -0.655000 0.515000 0.381871
v -0.645000 0.515000 0.381871
v -0.635000 0.515000 0.381871
v -0.625000 0.515000 0.381871
v -0.615000 0.515000 0.381871
v -0.605000 0.515000 0.381871
v -0.595000 0.515000 0.381871
v -0.585000 0.515000 0.391078
v -0.575000 0.515000 0.391078
v -0.565000 0.515000 0.391078
v -0.555000 0.515000 0.391078
v -0.545000 0.515000 0.391078
v -0.535000 0.515000 0.391078
v -0.525000 0.515000 0.391078
v -0.515000 0.515000 0.391078
v -0.505000 0.515000 0.400286
v -0.495000 0.515000 0.400286
v -0.485000 0.515000 0.400286
v -0.475000 0.515000 0.400286
v -0.465000 0.515000 0.400286
v -0.455000 0.515000 0.400286
v -0.445000 0.515000 0.400286
v -0.435000 0.515000 0.400286
v -0.425000 0.515000 0.400286
v -0.415000 0.515000 0.400286
v -0.405000 0.515000 0.400286
v -0.395000 0.515000 0.400286
v -0.385000 0.515000 0.400286
v -0.375000 0.515000 0.409494
v -0.365000 0.515000 0.409494
v -0.355000 0.515000 0.400286
v -0.345000 0.515000 0.409494
v -0.335000 0.515000 0.400286
v -0.325000 0.515000 0.409494
v -0.315000 0.515000 0.400286
v -0.305000 0.515000 0.400286
v -0.295000 0.515000 0.409494
v -0.285000 0.515000 0.409494
v -0.275000 0.515000 0.409494
v -0.265000 0.515000 0.409494
v -0.255000 0.515000 0.409494
v -0.245000 0.515000 0.409494
v -0.235000 0.515000 0.409494
v -0.225000 0.515000 0.409494
v -0.215000 0.515000 0.409494
v -0.205000 0.515000 0.409494
v -0.195000 0.515000 0.409494
v -0.185000 0.515000 0.409494
v -0.175000 0.515000 0.409494
v -0.165000 0.515000 0.409494
v -0.155000 0.515000 0.409494
v -0.145000 0.515000 0.409494
v -0.135000 0.515000 0.409494
v -0.125000 0.515000 0.409494
v -0.115000 0.515000 0.409494
v -0.105000 0.515000 0.409494
v -0.095000 0.515000 0.409494
v -0.085000 0.515000 0.409494
v -0.075000 0.515000 0.409494
v -0.065000 0.515000 0.409494
v -0.055000 0.515000 0.409494
v -0.045000 0.515000 0.409494
v -0.035000 0.515000 0.409494
v -0.025000 0.515000 0.409494
v -0.015000 0.515000 0.057223
v -1.045000 0.525000 0.057223
v -1.035000 0.525000 0.299000
v -1.025000 0.525000 0.299000
v -1.015000 0.525000 0.308208
v -1.005000 0.525000 0.317416
v -0.995000 0.525000 0.317416
v -0.985000 0.525000 0.317416
v -0.975000 0.525000 0.317416
v -0.965000 0.525000 0.326623
v -0.955000 0.525000 0.326623
v -0.945000 0.525000 0.335831
v -0.935000 0.525000 0.335831
v -0.925000 0.525000 0.335831
v -0.915000 0.525000 0.335831
v -0.905000 0.525000 0.345039
v -0.895000 0.525000 0.345039
v -0.885000 0.525000 0.354247
v -0.875000 0.525000 0.354247
v -0.865000 0.525000 0.354247
v -0.855000 0.525000 0.354247
v -0.845000 0.525000 0.354247
v -0.835000 0.525000 0.363455
v -0.825000 0.525000 0.363455
v -0.815000 0.525000 0.363455
v -0.805000 0.525000 0.363455
v -0.795000 0.525000 0.372663
v -0.785000 0.525000 0.372663
v -0.775000 0.525000 0.372663
v -0.765000 0.525000 0.372663
v -0.755000 0.525000 0.372663
v -0.745000 0.525000 0.372663
v -0.735000 0.525000 0.381871
v -0.725000 0.525000 0.381871
v -0.715000 0.525000 0.381871
v -0.705000 0.525000 0.381871
v -0.695000 0.525000 0.381871
v -0.685000 0.525000 0.381871
v -0.675000 0.525000 0.381871
v -0.665000 0.525000 0.381871
v -0.655000 0.525000 0.381871
v -0.645000 0.525000 0.381871
v -0.635000 0.525000 0.381871
v -0.625000 0.525000 0.381871
v -0.615000 0.525000 0.381871
v -0.605000 0.525000 0.381871
v -0.595000 0.525000 0.391078
v -0.585000 0.525000 0.391078
v -0.575000 0.525000 0.391078
v -0.565000 0.525000 0.391078
v -0.555000 0.525000 0.391078
v -0.545000 0.525000 0.391078
v -0.535000 0.525000 0.391078
v -0.525000 0.525000 0.391078
v -0.515000 0.525000 0.400286
v -0.505000 0.525000 0.400286
v -0.495000 0.525000 0.400286
v -0.485000 0.525000 0.400286
v -0.475000 0.525000 0.400286
v -0.465000 0.525000 0.400286
v -0.455000 0.525000 0.400286
v -0.445000 0.525000 0.400286
v -0.435000 0.525000 0.400286
v -0.425000 0.525000 0.400286
v -0.415000 0.525000 0.400286
v -0.405000 0.525000 0.409494
v -0.395000 0.525000 0.409494
v -0.385000 0.525000 0.409494
v -0.375000 0.525000 0.409494
v -0.365000 0.525000 0.409494
v -0.355000 0.525000 0.409494
v -0.345000 0.525000 0.409494
v -0.335000 0.525000 0.409494
v -0.325000 0.525000 0.409494
v -0.315000 0.525000 0.409494
v -0.305000 0.525000 0.409494
v -0.295000 0.525000 0.409494
v -0.285000 0.525000 0.409494
v -0.275000 0.525000 0.409494
v -0.265000 0.525000 0.409494
v -0.255000 0.525000 0.409494
v -0.245000 0.525000 0.409494
v -0.235000 0.525000 0.409494
v -0.225000 0.525000 0.409494
v -0.215000 0.525000 0.409494
v -0.205000 0.525000 0.409494
v -0.195000 0.525000 0.409494
v -0.185000 0.525000 0.409494
v -0.175000 0.525000 0.409494
v -0.165000 0.525000 0.409494
v -0.155000 0.525000 0.409494
v -0.145000 0.525000 0.409494
v -0.135000 0.525000 0.409494
v -0.125000 0.525000 0.409494
v -0.115000 0.525000 0.409494
v -0.105000 0.525000 0.409494
v -0.095000 0.525000 0.409494
v -0.085000 0.525000 0.409494
v -0.075000 0.525000 0.409494
v -0.065000 0.525000 0.409494
v -0.055000 0.525000 0.418702
v -0.045000 0.525000 0.418702
v -0.035000 0.525000 0.409494
v -0.025000 0.525000 0.057223
v -1.035000 0.535000 0.057223
v -1.025000 0.535000 0.308208
v -1.015000 0.535000 0.317416
v -1.005000 0.535000 0.317416
v -0.995000 0.535000 0.326623
v -0.985000 0.535000 0.326623
v -0.975000 0.535000 0.326623
v -0.965000 0.535000 0.335831
v -0.955000 0.535000 0.335831
v -0.945000 0.535000 0.335831
v -0.935000 0.535000 0.335831
v -0.925000 0.535000 0.345039
v -0.915000 0.535000 0.345039
v -0.905000 0.535000 0.345039
v -0.895000 0.535000 0.354247
v -0.885000 0.535000 0.354247
v -0.875000 0.535000 0.354247
v -0.865000 0.535000 0.354247
v -0.855000 0.535000 0.363455
v -0.845000 0.535000 0.363455
v -0.835000 0.535000 0.363455
v -0.825000 0.535000 0.363455
v -0.815000 0.535000 0.372663
v -0.805000 0.535000 0.372663
v -0.795000 0.535000 0.372663
v -0.785000 0.535000 0.372663
v -0.775000 0.535000 0.372663
v -0.765000 0.535000 0.372663
v -0.755000 0.535000 0.381871
v -0.745000 0.535000 0.381871
v -0.735000 0.535000 0.381871
v -0.725000 0.535000 0.381871
v -0.715000 0.535000 0.381871
v -0.705000 0.535000 0.381871
v -0.695000 0.535000 0.381871
v -0.685000 0.535000 0.381871
v -0.675000 0.535000 0.381871
v -0.665000 0.535000 0.372663
v -0.655000 0.535000 0.372663
v -0.645000 0.535000 0.372663
v -0.635000 0.535000 0.381871
v -0.625000 0.535000 0.381871
v -0.615000 0.535000 0.381871
v -0.605000 0.535000 0.381871
v -0.595000 0.535000 0.381871
v -0.585000 0.535000 0.391078
v -0.575000 0.535000 0.391078
v -0.565000 0.535000 0.391078
v -0.555000 0.535000 0.391078
v -0.545000 0.535000 0.391078
v -0.535000 0.535000 0.391078
v -0.525000 0.535000 0.400286
v -0.515000 0.535000 0.400286
v -0.505000 0.535000 0.400286
v -0.495000 0.535000 0.400286
v -0.485000 0.535000 0.400286
v -0.475000 0.535000 0.400286
v -0.465000 0.535000 0.400286
v -0.455000 0.535000 0.400286
v -0.445000 0.535000 0.409494
v -0.435000 0.535000 0.409494
v -0.425000 0.535000 0.409494
v -0.415000 0.535000 0.409494
v -0.405000 0.535000 0.409494
v -0.395000 0.535000 0.409494
v -0.385000 0.535000 0.409494
v -0.375000 0.535000 0.409494
v -0.365000 0.535000 0.409494
v -0.355000 0.535000 0.409494
v -0.345000 0.535000 0.409494
v -0.335000 0.535000 0.409494
v -0.325000 0.535000 0.409494
v -0.315000 0.535000 0.409494
v -0.305000 0.535000 0.409494
v -0.295000 0.535000 0.409494
v -0.285000 0.535000 0.409494
v -0.275000 0.535000 0.409494
v -0.265000 0.535000 0.418702
v -0.255000 0.535000 0.418702
v -0.245000 0.535000 0.418702
v -0.235000 0.535000 0.409494
v -0.225000 0.535000 0.418702
v -0.215000 0.535000 0.418702
v -0.205000 0.535000 0.409494
v -0.195000 0.535000 0.418702
v -0.185000 0.535000 0.418702
v -0.175000 0.535000 0.418702
v -0.165000 0.535000 0.418702
v -0.155000 0.535000 0.418702
v -0.145000 0.535000 0.418702
v -0.135000 0.535000 0.418702
v -0.125000 0.535000 0.418702
v -0.115000 0.535000 0.418702
v -0.105000 0.535000 0.418702
v -0.095000 0.535000 0.418702
v -0.085000 0.535000 0.418702
v -0.075000 0.535000 0.418702
v -0.065000 0.535000 0.418702
v -0.055000 0.535000 0.418702
v -0.045000 0.535000 0.418702
v -0.035000 0.535000 0.418702
v -0.025000 0.535000 0.057223
v -1.035000 0.545000 0.057223
v -1.025000 0.545000 0.308208
v -1.015000 0.545000 0.317416
v -1.005000 0.545000 0.326623
v -0.995000 0.545000 0.326623
v -0.985000 0.545000 0.326623
v -0.975000 0.545000 0.335831
v -0.965000 0.545000 0.335831
v -0.955000 0.545000 0.335831
v -0.945000 0.545000 0.335831
v -0.935000 0.545000 0.345039
v -0.925000 0.545000 0.345039
v -0.915000 0.545000 0.354247
v -0.905000 0.545000 0.354247
v -0.895000 0.545000 0.354247
v -0.885000 0.545000 0.363455
v -0.875000 0.545000 0.363455
v -0.865000 0.545000 0.363455
v -0.855000 0.545000 0.363455
v -0.845000 0.545000 0.363455
v -0.835000 0.545000 0.372663
v -0.825000 0.545000 0.372663
v -0.815000 0.545000 0.372663
v -0.805000 0.545000 0.372663
v -0.795000 0.545000 0.372663
v -0.785000 0.545000 0.372663
v -0.775000 0.545000 0.381871
v -0.765000 0.545000 0.381871
v -0.755000 0.545000 0.381871
v -0.745000 0.545000 0.381871
v -0.735000 0.545000 0.381871
v -0.725000 0.545000 0.381871
v -0.715000 0.545000 0.381871
v -0.705000 0.545000 0.381871
v -0.695000 0.545000 0.381871
v -0.685000 0.545000 0.381871
v -0.675000 0.545000 0.381871
v -0.665000 0.545000 0.372663
v -0.655000 0.545000 0.363455
v -0.645000 0.545000 0.372663
v -0.635000 0.545000 0.372663
v -0.625000 0.545000 0.381871
v -0.615000 0.545000 0.381871
v -0.605000 0.545000 0.381871
v -0.595000 0.545000 0.381871
v -0.585000 0.545000 0.391078
v -0.575000 0.545000 0.391078
v -0.565000 0.545000 0.391078
v -0.555000 0.545000 0.391078
v -0.545000 0.545000 0.391078
v -0.535000 0.545000 0.391078
v -0.525000 0.545000 0.400286
v -0.515000 0.545000 0.400286
v -0.505000 0.545000 0.400286
v -0.495000 0.545000 0.400286
v -0.485000 0.545000 0.400286
v -0.475000 0.545000 0.400286
v -0.465000 0.545000 0.400286
v -0.455000 0.545000 0.409494
v -0.445000 0.545000 0.409494
v -0.435000 0.545000 0.409494
v -0.425000 0.545000 0.409494
v -0.415000 0.545000 0.409494
v -0.405000 0.545000 0.409494
v -0.395000 0.545000 0.409494
v -0.385000 0.545000 0.409494
v -0.375000 0.545000 0.409494
v -0.365000 0.545000 0.409494
v -0.355000 0.545000 0.409494
v -0.345000 0.545000 0.409494
v -0.335000 0.545000 0.409494
v -0.325000 0.545000 0.418702
v -0.315000 0.545000 0.409494
v -0.305000 0.545000 0.418702
v -0.295000 0.545000 0.418702
v -0.285000 0.545000 0.418702
v -0.275000 0.545000 0.418702
v -0.265000 0.545000 0.418702
v -0.255000 0.545000 0.418702
v -0.245000 0.545000 0.418702
v -0.235000 0.545000 0.418702
v -0.225000 0.545000 0.418702
v -0.215000 0.545000 0.418702
v -0.205000 0.545000 0.418702
v -0.195000 0.545000 0.418702
v -0.185000 0.545000 0.418702
v -0.175000 0.545000 0.418702
v -0.165000 0.545000 0.418702
v -0.155000 0.545000 0.418702
v -0.145000 0.545000 0.418702
v -0.135000 0.545000 0.418702
v -0.125000 0.545000 0.418702
v -0.115000 0.545000 0.418702
v -0.105000 0.545000 0.418702
v -0.095000 0.545000 0.418702
v -0.085000 0.545000 0.418702
v -0.075000 0.545000 0.418702
v -0.065000 0.545000 0.418702
v -0.055000 0.545000 0.427910
v -0.045000 0.545000 0.427910
v -0.035000 0.545000 0.418702
v -0.025000 0.545000 0.057223
v -1.035000 0.555000 0.057223
v -1.025000 0.555000 0.317416
v -1.015000 0.555000 0.326623
v -1.005000 0.555000 0.326623
v -0.995000 0.555000 0.326623
v -0.985000 0.555000 0.335831
v -0.975000 0.555000 0.335831
v -0.965000 0.555000 0.345039
v -0.955000 0.555000 0.345039
v -0.945000 0.555000 0.345039
v -0.935000 0.555000 0.345039
v -0.925000 0.555000 0.354247
v -0.915000 0.555000 0.354247
v -0.905000 0.555000 0.363455
v -0.895000 0.555000 0.363455
v -0.885000 0.555000 0.363455
v -0.875000 0.555000 0.363455
v -0.865000 0.555000 0.363455
v -0.855000 0.555000 0.372663
v -0.845000 0.555000 0.372663
v -0.835000 0.555000 0.372663
v -0.825000 0.555000 0.372663
v -0.815000 0.555000 0.372663
v -0.805000 0.555000 0.381871
v -0.795000 0.555000 0.381871
v -0.785000 0.555000 0.381871
v -0.775000 0.555000 0.381871
v -0.765000 0.555000 0.381871
v -0.755000 0.555000 0.381871
v -0.745000 0.555000 0.381871
v -0.735000 0.555000 0.381871
v -0.725000 0.555000 0.381871
v -0.715000 0.555000 0.381871
v -0.705000 0.555000 0.381871
v -0.695000 0.555000 0.381871
v -0.685000 0.555000 0.381871
v -0.675000 0.555000 0.372663
v -0.665000 0.555000 0.372663
v -0.655000 0.555000 0.363455
v -0.645000 0.555000 0.363455
v -0.635000 0.555000 0.363455
v -0.625000 0.555000 0.372663
v -0.615000 0.555000 0.372663
v -0.605000 0.555000 0.381871
v -0.595000 0.555000 0.381871
v -0.585000 0.555000 0.381871
v -0.575000 0.555000 0.391078
v -0.565000 0.555000 0.391078
v -0.555000 0.555000 0.391078
v -0.545000 0.555000 0.391078
v -0.535000 0.555000 0.391078
v -0.525000 0.555000 0.391078
v -0.515000 0.555000 0.400286
v -0.505000 0.555000 0.400286
v -0.495000 0.555000 0.400286
v -0.485000 0.555000 0.400286
v -0.475000 0.555000 0.400286
v -0.465000 0.555000 0.409494
v -0.455000 0.555000 0.409494
v -0.445000 0.555000 0.409494
v -0.435000 0.555000 0.409494
v -0.425000 0.555000 0.409494
v -0.415000 0.555000 0.409494
v -0.405000 0.555000 0.409494
v -0.395000 0.555000 0.409494
v -0.385000 0.555000 0.409494
v -0.375000 0.555000 0.409494
v -0.365000 0.555000 0.418702
v -0.355000 0.555000 0.418702
v -0.345000 0.555000 0.418702
v -0.335000 0.555000 0.418702
v -0.325000 0.555000 0.418702
v -0.315000 0.555000 0.418702
v -0.305000 0.555000 0.418702
v -0.295000 0.555000 0.418702
v -0.285000 0.555000 0.418702
v -0.275000 0.555000 0.418702
v -0.265000 0.555000 0.418702
v -0.255000 0.555000 0.418702
v -0.245000 0.555000 0.418702
v -0.235000 0.555000 0.418702
v -0.225000 0.555000 0.418702
v -0.215000 0.555000 0.418702
v -0.205000 0.555000 0.418702
v -0.195000 0.555000 0.418702
v -0.185000 0.555000 0.418702
v -0.175000 0.555000 0.418702
v -0.165000 0.555000 0.427910
v -0.155000 0.555000 0.427910
v -0.145000 0.555000 0.427910
v -0.135000 0.555000 0.427910
v -0.125000 0.555000 0.418702
v -0.115000 0.555000 0.418702
v -0.105000 0.555000 0.418702
v -0.095000 0.555000 0.427910
v -0.085000 0.555000 0.427910
v -0.075000 0.555000 0.427910
v -0.065000 0.555000 0.427910
v -0.055000 0.555000 0.427910
v -0.045000 0.555000 0.427910
v -0.035000 0.555000 0.427910
v -0.025000 0.555000 0.057223
v -1.035000 0.565000 0.057223
v -1.025000 0.565000 0.326623
v -1.015000 0.565000 0.326623
v -1.005000 0.565000 0.335831
v -0.995000 0.565000 0.335831
v -0.985000 0.565000 0.345039
v -0.975000 0.565000 0.345039
v -0.965000 0.565000 0.345039
v -0.955000 0.565000 0.345039
v -0.945000 0.565000 0.354247
v -0.935000 0.565000 0.354247
v -0.925000 0.565000 0.354247
v -0.915000 0.565000 0.363455
v -0.905000 0.565000 0.363455
v -0.895000 0.565000 0.363455
v -0.885000 0.565000 0.363455
v -0.875000 0.565000 0.372663
v -0.865000 0.565000 0.372663
v -0.855000 0.565000 0.372663
v -0.845000 0.565000 0.372663
v -0.835000 0.565000 0.372663
v -0.825000 0.565000 0.372663
v -0.815000 0.565000 0.381871
v -0.805000 0.565000 0.381871
v -0.795000 0.565000 0.381871
v -0.785000 0.565000 0.381871
v -0.775000 0.565000 0.381871
v -0.765000 0.565000 0.381871
v -0.755000 0.565000 0.381871
v -0.745000 0.565000 0.381871
v -0.735000 0.565000 0.381871
v -0.725000 0.565000 0.381871
v -0.715000 0.565000 0.381871
v -0.705000 0.565000 0.381871
v -0.695000 0.565000 0.381871
v -0.685000 0.565000 0.372663
v -0.675000 0.565000 0.372663
v -0.665000 0.565000 0.372663
v -0.655000 0.565000 0.354247
v -0.645000 0.565000 0.354247
v -0.635000 0.565000 0.363455
v -0.625000 0.565000 0.363455
v -0.615000 0.565000 0.363455
v -0.605000 0.565000 0.372663
v -0.595000 0.565000 0.372663
v -0.585000 0.565000 0.372663
v -0.575000 0.565000 0.381871
v -0.565000 0.565000 0.381871
v -0.555000 0.565000 0.391078
v -0.545000 0.565000 0.391078
v -0.535000 0.565000 0.391078
v -0.525000 0.565000 0.391078
v -0.515000 0.565000 0.400286
v -0.505000 0.565000 0.400286
v -0.495000 0.565000 0.400286
v -0.485000 0.565000 0.400286
v -0.475000 0.565000 0.400286
v -0.465000 0.565000 0.409494
v -0.455000 0.565000 0.409494
v -0.445000 0.565000 0.409494
v -0.435000 0.565000 0.409494
v -0.425000 0.565000 0.409494
v -0.415000 0.565000 0.409494
v -0.405000 0.565000 0.409494
v -0.395000 0.565000 0.409494
v -0.385000 0.565000 0.409494
v -0.375000 0.565000 0.418702
v -0.365000 0.565000 0.418702
v -0.355000 0.565000 0.418702
v -0.345000 0.565000 0.418702
v -0.335000 0.565000 0.418702
v -0.325000 0.565000 0.418702
v -0.315000 0.565000 0.418702
v -0.305000 0.565000 0.418702
v -0.295000 0.565000 0.418702
v -0.285000 0.565000 0.418702
v -0.275000 0.565000 0.418702
v -0.265000 0.565000 0.427910
v -0.255000 0.565000 0.427910
v -0.245000 0.565000 0.427910
v -0.235000 0.565000 0.427910
v -0.225000 0.565000 0.427910
v -0.215000 0.565000 0.427910
v -0.205000 0.565000 0.427910
v -0.195000 0.565000 0.427910
v -0.185000 0.565000 0.427910
v -0.175000 0.565000 0.427910
v -0.165000 0.565000 0.427910
v -0.155000 0.565000 0.427910
v -0.145000 0.565000 0.427910
v -0.135000 0.565000 0.427910
v -0.125000 0.565000 0.427910
v -0.115000 0.565000 0.427910
v -0.105000 0.565000 0.427910
v -0.095000 0.565000 0.427910
v -0.085000 0.565000 0.427910
v -0.075000 0.565000 0.427910
v -0.065000 0.565000 0.427910
v -0.055000 0.565000 0.427910
v -0.045000 0.565000 0.427910
v -0.035000 0.565000 0.427910
v -0.025000 0.565000 0.057223
v -1.035000 0.575000 0.057223
v -1.025000 0.575000 0.326623
v -1.015000 0.575000 0.335831
v -1.005000 0.575000 0.335831
v -0.995000 0.575000 0.345039
v -0.985000 0.575000 0.345039
v -0.975000 0.575000 0.345039
v -0.965000 0.575000 0.354247
v -0.955000 0.575000 0.354247
v -0.945000 0.575000 0.354247
v -0.935000 0.575000 0.354247
v -0.925000 0.575000 0.363455
v -0.915000 0.575000 0.363455
v -0.905000 0.575000 0.363455
v -0.895000 0.575000 0.372663
v -0.885000 0.575000 0.372663
v -0.875000 0.575000 0.372663
v -0.865000 0.575000 0.372663
v -0.855000 0.575000 0.372663
v -0.845000 0.575000 0.381871
v -0.835000 0.575000 0.381871
v -0.825000 0.575000 0.381871
v -0.815000 0.575000 0.381871
v -0.805000 0.575000 0.381871
v -0.795000 0.575000 0.381871
v -0.785000 0.575000 0.381871
v -0.775000 0.575000 0.381871
v -0.765000 0.575000 0.381871
v -0.755000 0.575000 0.381871
v -0.745000 0.575000 0.381871
v -0.735000 0.575000 0.381871
v -0.725000 0.575000 0.381871
v -0.715000 0.575000 0.381871
v -0.705000 0.575000 0.381871
v -0.695000 0.575000 0.372663
v -0.685000 0.575000 0.372663
v -0.675000 0.575000 0.372663
v -0.665000 0.575000 0.363455
v -0.655000 0.575000 0.354247
v -0.645000 0.575000 0.354247
v -0.635000 0.575000 0.354247
v -0.625000 0.575000 0.354247
v -0.615000 0.575000 0.354247
v -0.605000 0.575000 0.363455
v -0.595000 0.575000 0.363455
v -0.585000 0.575000 0.363455
v -0.575000 0.575000 0.372663
v -0.565000 0.575000 0.381871
v -0.555000 0.575000 0.381871
v -0.545000 0.575000 0.381871
v -0.535000 0.575000 0.391078
v -0.525000 0.575000 0.391078
v -0.515000 0.575000 0.391078
v -0.505000 0.575000 0.400286
v -0.495000 0.575000 0.400286
v -0.485000 0.575000 0.400286
v -0.475000 0.575000 0.400286
v -0.465000 0.575000 0.409494
v -0.455000 0.575000 0.409494
v -0.445000 0.575000 0.409494
v -0.435000 0.575000 0.409494
v -0.425000 0.575000 0.409494
v -0.415000 0.575000 0.409494
v -0.405000 0.575000 0.409494
v -0.395000 0.575000 0.409494
v -0.385000 0.575000 0.409494
v -0.375000 0.575000 0.418702
v -0.365000 0.575000 0.418702
v -0.355000 0.575000 0.418702
v -0.345000 0.575000 0.418702
v -0.335000 0.575000 0.418702
v -0.325000 0.575000 0.418702
v -0.315000 0.575000 0.418702
v -0.305000 0.575000 0.418702
v -0.295000 0.575000 0.418702
v -0.285000 0.575000 0.418702
v -0.275000 0.575000 0.427910
v -0.265000 0.575000 0.427910
v -0.255000 0.575000 0.427910
v -0.245000 0.575000 0.427910
v -0.235000 0.575000 0.427910
v -0.225000 0.575000 0.427910
v -0.215000 0.575000 0.427910
v -0.205000 0.575000 0.427910
v -0.195000 0.575000 0.427910
v -0.185000 0.575000 0.427910
v -0.175000 0.575000 0.427910
v -0.165000 0.575000 0.427910
v -0.155000 0.575000 0.427910
v -0.145000 0.575000 0.427910
v -0.135000 0.575000 0.427910
v -0.125000 0.575000 0.427910
v -0.115000 0.575000 0.427910
v -0.105000 0.575000 0.427910
v -0.095000 0.575000 0.427910
v -0.085000 0.575000 0.427910
v -0.075000 0.575000 0.427910
v -0.065000 0.575000 0.427910
v -0.055000 0.575000 0.427910
v -0.045000 0.575000 0.437118
v -0.035000 0.575000 0.437118
v -0.025000 0.575000 0.057223
v -1.035000 0.585000 0.057223
v -1.025000 0.585000 0.326623
v -1.015000 0.585000 0.335831
v -1.005000 0.585000 0.345039
v -0.995000 0.585000 0.345039
v -0.985000 0.585000 0.354247
v -0.975000 0.585000 0.354247
v -0.965000 0.585000 0.354247
v -0.955000 0.585000 0.354247
v -0.945000 0.585000 0.363455
v -0.935000 0.585000 0.363455
v -0.925000 0.585000 0.363455
v -0.915000 0.585000 0.363455
v -0.905000 0.585000 0.372663
v -0.895000 0.585000 0.372663
v -0.885000 0.585000 0.372663
v -0.875000 0.585000 0.372663
v -0.865000 0.585000 0.372663
v -0.855000 0.585000 0.381871
v -0.845000 0.585000 0.381871
v -0.835000 0.585000 0.381871
v -0.825000 0.585000 0.381871
v -0.815000 0.585000 0.381871
v -0.805000 0.585000 0.381871
v -0.795000 0.585000 0.381871
v -0.785000 0.585000 0.381871
v -0.775000 0.585000 0.381871
v -0.765000 0.585000 0.381871
v -0.755000 0.585000 0.381871
v -0.745000 0.585000 0.381871
v -0.735000 0.585000 0.381871
v -0.725000 0.585000 0.381871
v -0.715000 0.585000 0.381871
v -0.705000 0.585000 0.381871
v -0.695000 0.585000 0.372663
v -0.685000 0.585000 0.372663
v -0.675000 0.585000 0.363455
v -0.665000 0.585000 0.354247
v -0.655000 0.585000 0.354247
v -0.645000 0.585000 0.345039
v -0.635000 0.585000 0.345039
v -0.625000 0.585000 0.354247
v -0.615000 0.585000 0.354247
v -0.605000 0.585000 0.363455
v -0.595000 0.585000 0.363455
v -0.585000 0.585000 0.363455
v -0.575000 0.585000 0.372663
v -0.565000 0.585000 0.372663
v -0.555000 0.585000 0.372663
v -0.545000 0.585000 0.381871
v -0.535000 0.585000 0.381871
v -0.525000 0.585000 0.391078
v -0.515000 0.585000 0.391078
v -0.505000 0.585000 0.391078
v -0.495000 0.585000 0.400286
v -0.485000 0.585000 0.400286
v -0.475000 0.585000 0.400286
v -0.465000 0.585000 0.400286
v -0.455000 0.585000 0.400286
v -0.445000 0.585000 0.409494
v -0.435000 0.585000 0.409494
v -0.425000 0.585000 0.409494
v -0.415000 0.585000 0.409494
v -0.405000 0.585000 0.409494
v -0.395000 0.585000 0.409494
v -0.385000 0.585000 0.409494
v -0.375000 0.585000 0.418702
v -0.365000 0.585000 0.418702
v -0.355000 0.585000 0.418702
v -0.345000 0.585000 0.418702
v -0.335000 0.585000 0.418702
v -0.325000 0.585000 0.418702
v -0.315000 0.585000 0.418702
v -0.305000 0.585000 0.418702
v -0.295000 0.585000 0.427910
v -0.285000 0.585000 0.427910
v -0.275000 0.585000 0.427910
v -0.265000 0.585000 0.427910
v -0.255000 0.585000 0.427910
v -0.245000 0.585000 0.427910
v -0.235000 0.585000 0.427910
v -0.225000 0.585000 0.427910
v -0.215000 0.585000 0.427910
v -0.205000 0.585000 0.427910
v -0.195000 0.585000 0.427910
v -0.185000 0.585000 0.427910
v -0.175000 0.585000 0.427910
v -0.165000 0.585000 0.427910
v -0.155000 0.585000 0.427910
v -0.145000 0.585000 0.427910
v -0.135000 0.585000 0.427910
v -0.125000 0.585000 0.427910
v -0.115000 0.585000 0.427910
v -0.105000 0.585000 0.427910
v -0.095000 0.585000 0.427910
v -0.085000 0.585000 0.427910
v -0.075000 0.585000 0.427910
v -0.065000 0.585000 0.437118
v -0.055000 0.585000 0.437118
v -0.045000 0.585000 0.437118
v -0.035000 0.585000 0.437118
v -0.025000 0.585000 0.057223
v -1.025000 0.595000 0.057223
v -1.015000 0.595000 0.345039
v -1.005000 0.595000 0.345039
v -0.995000 0.595000 0.354247
v -0.985000 0.595000 0.354247
v -0.975000 0.595000 0.363455
v -0.965000 0.595000 0.354247
v -0.955000 0.595000 0.363455
v -0.945000 0.595000 0.363455
v -0.935000 0.595000 0.363455
v -0.925000 0.595000 0.372663
v -0.915000 0.595000 0.372663
v -0.905000 0.595000 0.372663
v -0.895000 0.595000 0.372663
v -0.885000 0.595000 0.372663
v -0.875000 0.595000 0.381871
v -0.865000 0.595000 0.381871
v -0.855000 0.595000 0.381871
v -0.845000 0.595000 0.381871
v -0.835000 0.595000 0.381871
v -0.825000 0.595000 0.381871
v -0.815000 0.595000 0.381871
v -0.805000 0.595000 0.381871
v -0.795000 0.595000 0.381871
v -0.785000 0.595000 0.381871
v -0.775000 0.595000 0.381871
v -0.765000 0.595000 0.381871
v -0.755000 0.595000 0.381871
v -0.745000 0.595000 0.381871
v -0.735000 0.595000 0.381871
v -0.725000 0.595000 0.381871
v -0.715000 0.595000 0.381871
v -0.705000 0.595000 0.372663
v -0.695000 0.595000 0.372663
v -0.685000 0.595000 0.372663
v -0.675000 0.595000 0.363455
v -0.665000 0.595000 0.354247
v -0.655000 0.595000 0.345039
v -0.645000 0.595000 0.345039
v -0.635000 0.595000 0.345039
v -0.625000 0.595000 0.345039
v -0.615000 0.595000 0.345039
v -0.605000 0.595000 0.354247
v -0.595000 0.595000 0.354247
v -0.585000 0.595000 0.354247
v -0.575000 0.595000 0.363455
v -0.565000 0.595000 0.363455
v -0.555000 0.595000 0.363455
v -0.545000 0.595000 0.372663
v -0.535000 0.595000 0.372663
v -0.525000 0.595000 0.381871
v -0.515000 0.595000 0.381871
v -0.505000 0.595000 0.391078
v -0.495000 0.595000 0.391078
v -0.485000 0.595000 0.400286
v -0.475000 0.595000 0.400286
v -0.465000 0.595000 0.400286
v -0.455000 0.595000 0.400286
v -0.445000 0.595000 0.400286
v -0.435000 0.595000 0.409494
v -0.425000 0.595000 0.409494
v -0.415000 0.595000 0.409494
v -0.405000 0.595000 0.409494
v -0.395000 0.595000 0.409494
v -0.385000 0.595000 0.409494
v -0.375000 0.595000 0.418702
v -0.365000 0.595000 0.418702
v -0.355000 0.595000 0.418702
v -0.345000 0.595000 0.418702
v -0.335000 0.595000 0.418702
v -0.325000 0.595000 0.418702
v -0.315000 0.595000 0.418702
v -0.305000 0.595000 0.418702
v -0.295000 0.595000 0.427910
v -0.285000 0.595000 0.427910
v -0.275000 0.595000 0.427910
v -0.265000 0.595000 0.427910
v -0.255000 0.595000 0.427910
v -0.245000 0.595000 0.427910
v -0.235000 0.595000 0.427910
v -0.225000 0.595000 0.427910
v -0.215000 0.595000 0.427910
v -0.205000 0.595000 0.427910
v -0.195000 0.595000 0.427910
v -0.185000 0.595000 0.427910
v -0.175000 0.595000 0.427910
v -0.165000 0.595000 0.427910
v -0.155000 0.595000 0.427910
v -0.145000 0.595000 0.427910
v -0.135000 0.595000 0.437118
v -0.125000 0.595000 0.437118
v -0.115000 0.595000 0.427910
v -0.105000 0.595000 0.427910
v -0.095000 0.595000 0.437118
v -0.085000 0.595000 0.437118
v -0.075000 0.595000 0.437118
v -0.065000 0.595000 0.437118
v -0.055000 0.595000 0.437118
v -0.045000 0.595000 0.437118
v -0.035000 0.595000 0.437118
v -0.025000 0.595000 0.057223
v -1.035000 0.605000 0.057223
v -1.025000 0.605000 0.345039
v -1.015000 0.605000 0.345039
v -1.005000 0.605000 0.345039
v -0.995000 0.605000 0.354247
v -0.985000 0.605000 0.363455
v -0.975000 0.605000 0.363455
v -0.965000 0.605000 0.363455
v -0.955000 0.605000 0.363455
v -0.945000 0.605000 0.363455
v -0.935000 0.605000 0.372663
v -0.925000 0.605000 0.372663
v -0.915000 0.605000 0.372663
v -0.905000 0.605000 0.372663
v -0.895000 0.605000 0.381871
v -0.885000 0.605000 0.381871
v -0.875000 0.605000 0.381871
v -0.865000 0.605000 0.381871
v -0.855000 0.605000 0.381871
v -0.845000 0.605000 0.381871
v -0.835000 0.605000 0.381871
v -0.825000 0.605000 0.381871
v -0.815000 0.605000 0.381871
v -0.805000 0.605000 0.381871
v -0.795000 0.605000 0.381871
v -0.785000 0.605000 0.381871
v -0.775000 0.605000 0.381871
v -0.765000 0.605000 0.381871
v -0.755000 0.605000 0.381871
v -0.745000 0.605000 0.381871
v -0.735000 0.605000 0.381871
v -0.725000 0.605000 0.372663
v -0.715000 0.605000 0.372663
v -0.705000 0.605000 0.372663
v -0.695000 0.605000 0.372663
v -0.685000 0.605000 0.363455
v -0.675000 0.605000 0.354247
v -0.665000 0.605000 0.354247
v -0.655000 0.605000 0.345039
v -0.645000 0.605000 0.345039
v -0.635000 0.605000 0.345039
v -0.625000 0.605000 0.345039
v -0.615000 0.605000 0.345039
v -0.605000 0.605000 0.345039
v -0.595000 0.605000 0.345039
v -0.585000 0.605000 0.354247
v -0.575000 0.605000 0.354247
v -0.565000 0.605000 0.354247
v -0.555000 0.605000 0.354247
v -0.545000 0.605000 0.363455
v -0.535000 0.605000 0.372663
v -0.525000 0.605000 0.372663
v -0.515000 0.605000 0.381871
v -0.505000 0.605000 0.381871
v -0.495000 0.605000 0.381871
v -0.485000 0.605000 0.391078
v -0.475000 0.605000 0.391078
v -0.465000 0.605000 0.400286
v -0.455000 0.605000 0.400286
v -0.445000 0.605000 0.400286
v -0.435000 0.605000 0.400286
v -0.425000 0.605000 0.409494
v -0.415000 0.605000 0.409494
v -0.405000 0.605000 0.409494
v -0.395000 0.605000 0.409494
v -0.385000 0.605000 0.409494
v -0.375000 0.605000 0.409494
v -0.365000 0.605000 0.418702
v -0.355000 0.605000 0.418702
v -0.345000 0.605000 0.418702
v -0.335000 0.605000 0.418702
v -0.325000 0.605000 0.418702
v -0.315000 0.605000 0.418702
v -0.305000 0.605000 0.418702
v -0.295000 0.605000 0.427910
v -0.285000 0.605000 0.427910
v -0.275000 0.605000 0.427910
v -0.265000 0.605000 0.427910
v -0.255000 0.605000 0.427910
v -0.245000 0.605000 0.427910
v -0.235000 0.605000 0.427910
v -0.225000 0.605000 0.427910
v -0.215000 0.605000 0.427910
v -0.205000 0.605000 0.427910
v -0.195000 0.605000 0.427910
v -0.185000 0.605000 0.427910
v -0.175000 0.605000 0.437118
v -0.165000 0.605000 0.437118
v -0.155000 0.605000 0.437118
v -0.145000 0.605000 0.437118
v -0.135000 0.605000 0.437118
v -0.125000 0.605000 0.437118
v -0.115000 0.605000 0.437118
v -0.105000 0.605000 0.437118
v -0.095000 0.605000 0.437118
v -0.085000 0.605000 0.437118
v -0.075000 0.605000 0.437118
v -0.065000 0.605000 0.437118
v -0.055000 0.605000 0.437118
v -0.045000 0.605000 0.437118
v -0.035000 0.605000 0.437118
v -0.025000 0.605000 0.057223
v -1.035000 0.615000 0.057223
v -1.025000 0.615000 0.345039
v -1.015000 0.615000 0.354247
v -1.005000 0.615000 0.354247
v -0.995000 0.615000 0.354247
v -0.985000 0.615000 0.363455
v -0.975000 0.615000 0.363455
v -0.965000 0.615000 0.363455
v -0.955000 0.615000 0.363455
v -0.945000 0.615000 0.372663
v -0.935000 0.615000 0.372663
v -0.925000 0.615000 0.372663
v -0.915000 0.615000 0.381871
v -0.905000 0.615000 0.381871
v -0.895000 0.615000 0.381871
v -0.885000 0.615000 0.381871
v -0.875000 0.615000 0.381871
v -0.865000 0.615000 0.381871
v -0.855000 0.615000 0.381871
v -0.845000 0.615000 0.381871
v -0.835000 0.615000 0.391078
v -0.825000 0.615000 0.391078
v -0.815000 0.615000 0.391078
v -0.805000 0.615000 0.391078
v -0.795000 0.615000 0.381871
v -0.785000 0.615000 0.381871
v -0.775000 0.615000 0.381871
v -0.765000 0.615000 0.381871
v -0.755000 0.615000 0.381871
v -0.745000 0.615000 0.381871
v -0.735000 0.615000 0.381871
v -0.725000 0.615000 0.372663
v -0.715000 0.615000 0.372663
v -0.705000 0.615000 0.372663
v -0.695000 0.615000 0.363455
v -0.685000 0.615000 0.363455
v -0.675000 0.615000 0.354247
v -0.665000 0.615000 0.354247
v -0.655000 0.615000 0.345039
v -0.645000 0.615000 0.345039
v -0.635000 0.615000 0.335831
v -0.625000 0.615000 0.335831
v -0.615000 0.615000 0.335831
v -0.605000 0.615000 0.335831
v -0.595000 0.615000 0.345039
v -0.585000 0.615000 0.345039
v -0.575000 0.615000 0.345039
v -0.565000 0.615000 0.345039
v -0.555000 0.615000 0.354247
v -0.545000 0.615000 0.354247
v -0.535000 0.615000 0.363455
v -0.525000 0.615000 0.363455
v -0.515000 0.615000 0.372663
v -0.505000 0.615000 0.372663
v -0.495000 0.615000 0.381871
v -0.485000 0.615000 0.381871
v -0.475000 0.615000 0.391078
v -0.465000 0.615000 0.391078
v -0.455000 0.615000 0.391078
v -0.445000 0.615000 0.400286
v -0.435000 0.615000 0.400286
v -0.425000 0.615000 0.400286
v -0.415000 0.615000 0.400286
v -0.405000 0.615000 0.409494
v -0.395000 0.615000 0.409494
v -0.385000 0.615000 0.409494
v -0.375000 0.615000 0.409494
v -0.365000 0.615000 0.409494
v -0.355000 0.615000 0.418702
v -0.345000 0.615000 0.418702
v -0.335000 0.615000 0.418702
v -0.325000 0.615000 0.418702
v -0.315000 0.615000 0.418702
v -0.305000 0.615000 0.418702
v -0.295000 0.615000 0.418702
v -0.285000 0.615000 0.427910
v -0.275000 0.615000 0.427910
v -0.265000 0.615000 0.427910
v -0.255000 0.615000 0.427910
v -0.245000 0.615000 0.427910
v -0.235000 0.615000 0.427910
v -0.225000 0.615000 0.427910
v -0.215000 0.615000 0.427910
v -0.205000 0.615000 0.427910
v -0.195000 0.615000 0.427910
v -0.185000 0.615000 0.437118
v -0.175000 0.615000 0.437118
v -0.165000 0.615000 0.437118
v -0.155000 0.615000 0.437118
v -0.145000 0.615000 0.437118
v -0.135000 0.615000 0.437118
v -0.125000 0.615000 0.437118
v -0.115000 0.615000 0.437118
v -0.105000 0.615000 0.437118
v -0.095000 0.615000 0.437118
v -0.085000 0.615000 0.437118
v -0.075000 0.615000 0.437118
v -0.065000 0.615000 0.437118
v -0.055000 0.615000 0.437118
v -0.045000 0.615000 0.437118
v -0.035000 0.615000 0.437118
v -0.025000 0.615000 0.437118
v -0.015000 0.615000 0.057223
v -1.035000 0.625000 0.057223
v -1.025000 0.625000 0.345039
v -1.015000 0.625000 0.354247
v -1.005000 0.625000 0.354247
v -0.995000 0.625000 0.363455
v -0.985000 0.625000 0.363455
v -0.975000 0.625000 0.363455
v -0.965000 0.625000 0.363455
v -0.955000 0.625000 0.372663
v -0.945000 0.625000 0.372663
v -0.935000 0.625000 0.372663
v -0.925000 0.625000 0.372663
v -0.915000 0.625000 0.381871
v -0.905000 0.625000 0.381871
v -0.895000 0.625000 0.381871
v -0.885000 0.625000 0.381871
v -0.875000 0.625000 0.381871
v -0.865000 0.625000 0.391078
v -0.855000 0.625000 0.391078
v -0.845000 0.625000 0.391078
v -0.835000 0.625000 0.391078
v -0.825000 0.625000 0.391078
v -0.815000 0.625000 0.391078
v -0.805000 0.625000 0.381871
v -0.795000 0.625000 0.381871
v -0.785000 0.625000 0.381871
v -0.775000 0.625000 0.381871
v -0.765000 0.625000 0.381871
v -0.755000 0.625000 0.381871
v -0.745000 0.625000 0.372663
v -0.735000 0.625000 0.372663
v -0.725000 0.625000 0.372663
v -0.715000 0.625000 0.372663
v -0.705000 0.625000 0.363455
v -0.695000 0.625000 0.363455
v -0.685000 0.625000 0.354247
v -0.675000 0.625000 0.354247
v -0.665000 0.625000 0.345039
v -0.655000 0.625000 0.345039
v -0.645000 0.625000 0.335831
v -0.635000 0.625000 0.335831
v -0.625000 0.625000 0.335831
v -0.615000 0.625000 0.326623
v -0.605000 0.625000 0.326623
v -0.595000 0.625000 0.335831
v -0.585000 0.625000 0.335831
v -0.575000 0.625000 0.335831
v -0.565000 0.625000 0.335831
v -0.555000 0.625000 0.345039
v -0.545000 0.625000 0.345039
v -0.535000 0.625000 0.354247
v -0.525000 0.625000 0.363455
v -0.515000 0.625000 0.363455
v -0.505000 0.625000 0.363455
v -0.495000 0.625000 0.372663
v -0.485000 0.625000 0.372663
v -0.475000 0.625000 0.381871
v -0.465000 0.625000 0.381871
v -0.455000 0.625000 0.381871
v -0.445000 0.625000 0.391078
v -0.435000 0.625000 0.391078
v -0.425000 0.625000 0.391078
v -0.415000 0.625000 0.400286
v -0.405000 0.625000 0.400286
v -0.395000 0.625000 0.400286
v -0.385000 0.625000 0.409494
v -0.375000 0.625000 0.409494
v -0.365000 0.625000 0.409494
v -0.355000 0.625000 0.409494
v -0.345000 0.625000 0.418702
v -0.335000 0.625000 0.418702
v -0.325000 0.625000 0.418702
v -0.315000 0.625000 0.418702
v -0.305000 0.625000 0.418702
v -0.295000 0.625000 0.418702
v -0.285000 0.625000 0.418702
v -0.275000 0.625000 0.427910
v -0.265000 0.625000 0.427910
v -0.255000 0.625000 0.427910
v -0.245000 0.625000 0.427910
v -0.235000 0.625000 0.427910
v -0.225000 0.625000 0.427910
v -0.215000 0.625000 0.427910
v -0.205000 0.625000 0.427910
v -0.195000 0.625000 0.427910
v -0.185000 0.625000 0.437118
v -0.175000 0.625000 0.437118
v -0.165000 0.625000 0.437118
v -0.155000 0.625000 0.437118
v -0.145000 0.625000 0.437118
v -0.135000 0.625000 0.437118
v -0.125000 0.625000 0.437118
v -0.115000 0.625000 0.437118
v -0.105000 0.625000 0.437118
v -0.095000 0.625000 0.437118
v -0.085000 0.625000 0.437118
v -0.075000 0.625000 0.437118
v -0.065000 0.625000 0.437118
v -0.055000 0.625000 0.437118
v -0.045000 0.625000 0.437118
v -0.035000 0.625000 0.437118
v -0.025000 0.625000 0.446325
v -0.015000 0.625000 0.057223
v -1.035000 0.635000 0.057223
v -1.025000 0.635000 0.345039
v -1.015000 0.635000 0.354247
v -1.005000 0.635000 0.363455
v -0.995000 0.635000 0.363455
v -0.985000 0.635000 0.363455
v -0.975000 0.635000 0.363455
v -0.965000 0.635000 0.372663
v -0.955000 0.635000 0.372663
v -0.945000 0.635000 0.372663
v -0.935000 0.635000 0.372663
v -0.925000 0.635000 0.381871
v -0.915000 0.635000 0.381871
v -0.905000 0.635000 0.381871
v -0.895000 0.635000 0.381871
v -0.885000 0.635000 0.381871
v -0.875000 0.635000 0.391078
v -0.865000 0.635000 0.391078
v -0.855000 0.635000 0.391078
v -0.845000 0.635000 0.391078
v -0.835000 0.635000 0.391078
v -0.825000 0.635000 0.391078
v -0.815000 0.635000 0.391078
v -0.805000 0.635000 0.381871
v -0.795000 0.635000 0.381871
v -0.785000 0.635000 0.381871
v -0.775000 0.635000 0.381871
v -0.765000 0.635000 0.381871
v -0.755000 0.635000 0.381871
v -0.745000 0.635000 0.372663
v -0.735000 0.635000 0.372663
v -0.725000 0.635000 0.372663
v -0.715000 0.635000 0.363455
v -0.705000 0.635000 0.363455
v -0.695000 0.635000 0.354247
v -0.685000 0.635000 0.354247
v -0.675000 0.635000 0.345039
v -0.665000 0.635000 0.345039
v -0.655000 0.635000 0.345039
v -0.645000 0.635000 0.335831
v -0.635000 0.635000 0.335831
v -0.625000 0.635000 0.326623
v -0.615000 0.635000 0.326623
v -0.605000 0.635000 0.326623
v -0.595000 0.635000 0.326623
v -0.585000 0.635000 0.335831
v -0.575000 0.635000 0.326623
v -0.565000 0.635000 0.335831
v -0.555000 0.635000 0.335831
v -0.545000 0.635000 0.345039
v -0.535000 0.635000 0.345039
v -0.525000 0.635000 0.354247
v -0.515000 0.635000 0.354247
v -0.505000 0.635000 0.363455
v -0.495000 0.635000 0.363455
v -0.485000 0.635000 0.372663
v -0.475000 0.635000 0.372663
v -0.465000 0.635000 0.372663
v -0.455000 0.635000 0.381871
v -0.445000 0.635000 0.381871
v -0.435000 0.635000 0.391078
v -0.425000 0.635000 0.391078
v -0.415000 0.635000 0.391078
v -0.405000 0.635000 0.391078
v -0.395000 0.635000 0.400286
v -0.385000 0.635000 0.400286
v -0.375000 0.635000 0.400286
v -0.365000 0.635000 0.409494
v -0.355000 0.635000 0.409494
v -0.345000 0.635000 0.409494
v -0.335000 0.635000 0.409494
v -0.325000 0.635000 0.409494
v -0.315000 0.635000 0.418702
v -0.305000 0.635000 0.418702
v -0.295000 0.635000 0.418702
v -0.285000 0.635000 0.418702
v -0.275000 0.635000 0.418702
v -0.265000 0.635000 0.427910
v -0.255000 0.635000 0.427910
v -0.245000 0.635000 0.427910
v -0.235000 0.635000 0.427910
v -0.225000 0.635000 0.427910
v -0.215000 0.635000 0.427910
v -0.205000 0.635000 0.427910
v -0.195000 0.635000 0.427910
v -0.185000 0.635000 0.427910
v -0.175000 0.635000 0.437118
v -0.165000 0.635000 0.437118
v -0.155000 0.635000 0.437118
v -0.145000 0.635000 0.437118
v -0.135000 0.635000 0.437118
v -0.125000 0.635000 0.437118
v -0.115000 0.635000 0.437118
v -0.105000 0.635000 0.437118
v -0.095000 0.635000 0.437118
v -0.085000 0.635000 0.437118
v -0.075000 0.635000 0.437118
v -0.065000 0.635000 0.437118
v -0.055000 0.635000 0.437118
v -0.045000 0.635000 0.437118
v -0.035000 0.635000 0.437118
v -0.025000 0.635000 0.446325
v -0.015000 0.635000 0.057223
v -1.025000 0.645000 0.057223
v -1.015000 0.645000 0.354247
v -1.005000 0.645000 0.363455
v -0.995000 0.645000 0.363455
v -0.985000 0.645000 0.372663
v -0.975000 0.645000 0.372663
v -0.965000 0.645000 0.372663
v -0.955000 0.645000 0.372663
v -0.945000 0.645000 0.372663
v -0.935000 0.645000 0.381871
v -0.925000 0.645000 0.381871
v -0.915000 0.645000 0.381871
v -0.905000 0.645000 0.381871
v -0.895000 0.645000 0.381871
v -0.885000 0.645000 0.391078
v -0.875000 0.645000 0.391078
v -0.865000 0.645000 0.391078
v -0.855000 0.645000 0.391078
v -0.845000 0.645000 0.391078
v -0.835000 0.645000 0.391078
v -0.825000 0.645000 0.391078
v -0.815000 0.645000 0.391078
v -0.805000 0.645000 0.381871
v -0.795000 0.645000 0.381871
v -0.785000 0.645000 0.381871
v -0.775000 0.645000 0.381871
v -0.765000 0.645000 0.372663
v -0.755000 0.645000 0.372663
v -0.745000 0.645000 0.372663
v -0.735000 0.645000 0.372663
v -0.725000 0.645000 0.363455
v -0.715000 0.645000 0.363455
v -0.705000 0.645000 0.354247
v -0.695000 0.645000 0.354247
v -0.685000 0.645000 0.354247
v -0.675000 0.645000 0.345039
v -0.665000 0.645000 0.345039
v -0.655000 0.645000 0.335831
v -0.645000 0.645000 0.335831
v -0.635000 0.645000 0.326623
v -0.625000 0.645000 0.326623
v -0.615000 0.645000 0.317416
v -0.605000 0.645000 0.317416
v -0.595000 0.645000 0.326623
v -0.585000 0.645000 0.326623
v -0.575000 0.645000 0.326623
v -0.565000 0.645000 0.326623
v -0.555000 0.645000 0.326623
v -0.545000 0.645000 0.335831
v -0.535000 0.645000 0.335831
v -0.525000 0.645000 0.345039
v -0.515000 0.645000 0.354247
v -0.505000 0.645000 0.354247
v -0.495000 0.645000 0.363455
v -0.485000 0.645000 0.363455
v -0.475000 0.645000 0.372663
v -0.465000 0.645000 0.372663
v -0.455000 0.645000 0.372663
v -0.445000 0.645000 0.381871
v -0.435000 0.645000 0.381871
v -0.425000 0.645000 0.381871
v -0.415000 0.645000 0.391078
v -0.405000 0.645000 0.391078
v -0.395000 0.645000 0.391078
v -0.385000 0.645000 0.400286
v -0.375000 0.645000 0.400286
v -0.365000 0.645000 0.400286
v -0.355000 0.645000 0.409494
v -0.345000 0.645000 0.409494
v -0.335000 0.645000 0.409494
v -0.325000 0.645000 0.409494
v -0.315000 0.645000 0.409494
v -0.305000 0.645000 0.418702
v -0.295000 0.645000 0.418702
v -0.285000 0.645000 0.418702
v -0.275000 0.645000 0.418702
v -0.265000 0.645000 0.427910
v -0.255000 0.645000 0.427910
v -0.245000 0.645000 0.427910
v -0.235000 0.645000 0.427910
v -0.225000 0.645000 0.427910
v -0.215000 0.645000 0.427910
v -0.205000 0.645000 0.427910
v -0.195000 0.645000 0.427910
v -0.185000 0.645000 0.427910
v -0.175000 0.645000 0.437118
v -0.165000 0.645000 0.437118
v -0.155000 0.645000 0.437118
v -0.145000 0.645000 0.437118
v -0.135000 0.645000 0.437118
v -0.125000 0.645000 0.437118
v -0.115000 0.645000 0.437118
v -0.105000 0.645000 0.437118
v -0.095000 0.645000 0.437118
v -0.085000 0.645000 0.437118
v -0.075000 0.645000 0.437118
v -0.065000 0.645000 0.437118
v -0.055000 0.645000 0.437118
v -0.045000 0.645000 0.437118
v -0.035000 0.645000 0.437118
v -0.025000 0.645000 0.446325
v -0.015000 0.645000 0.057223
v -1.025000 0.655000 0.057223
v -1.015000 0.655000 0.354247
v -1.005000 0.655000 0.363455
v -0.995000 0.655000 0.372663
v -0.985000 0.655000 0.372663
v -0.975000 0.655000 0.372663
v -0.965000 0.655000 0.372663
v -0.955000 0.655000 0.381871
v -0.945000 0.655000 0.381871
v -0.935000 0.655000 0.381871
v -0.925000 0.655000 0.381871
v -0.915000 0.655000 0.381871
v -0.905000 0.655000 0.381871
v -0.895000 0.655000 0.391078
v -0.885000 0.655000 0.391078
v -0.875000 0.655000 0.391078
v -0.865000 0.655000 0.391078
v -0.855000 0.655000 0.391078
v -0.845000 0.655000 0.391078
v -0.835000 0.655000 0.391078
v -0.825000 0.655000 0.391078
v -0.815000 0.655000 0.381871
v -0.805000 0.655000 0.381871
v -0.795000 0.655000 0.381871
v -0.785000 0.655000 0.381871
v -0.775000 0.655000 0.381871
v -0.765000 0.655000 0.372663
v -0.755000 0.655000 0.372663
v -0.745000 0.655000 0.363455
v -0.735000 0.655000 0.372663
v -0.725000 0.655000 0.363455
v -0.715000 0.655000 0.363455
v -0.705000 0.655000 0.354247
v -0.695000 0.655000 0.354247
v -0.685000 0.655000 0.354247
v -0.675000 0.655000 0.345039
v -0.665000 0.655000 0.335831
v -0.655000 0.655000 0.335831
v -0.645000 0.655000 0.335831
v -0.635000 0.655000 0.326623
v -0.625000 0.655000 0.317416
v -0.615000 0.655000 0.317416
v -0.605000 0.655000 0.317416
v -0.595000 0.655000 0.317416
v -0.585000 0.655000 0.317416
v -0.575000 0.655000 0.317416
v -0.565000 0.655000 0.317416
v -0.555000 0.655000 0.326623
v -0.545000 0.655000 0.326623
v -0.535000 0.655000 0.335831
v -0.525000 0.655000 0.335831
v -0.515000 0.655000 0.345039
v -0.505000 0.655000 0.354247
v -0.495000 0.655000 0.354247
v -0.485000 0.655000 0.354247
v -0.475000 0.655000 0.363455
v -0.465000 0.655000 0.363455
v -0.455000 0.655000 0.372663
v -0.445000 0.655000 0.372663
v -0.435000 0.655000 0.372663
v -0.425000 0.655000 0.381871
v -0.415000 0.655000 0.381871
v -0.405000 0.655000 0.381871
v -0.395000 0.655000 0.391078
v -0.385000 0.655000 0.391078
v -0.375000 0.655000 0.400286
v -0.365000 0.655000 0.400286
v -0.355000 0.655000 0.400286
v -0.345000 0.655000 0.400286
v -0.335000 0.655000 0.409494
v -0.325000 0.655000 0.409494
v -0.315000 0.655000 0.409494
v -0.305000 0.655000 0.409494
v -0.295000 0.655000 0.418702
v -0.285000 0.655000 0.418702
v -0.275000 0.655000 0.418702
v -0.265000 0.655000 0.418702
v -0.255000 0.655000 0.418702
v -0.245000 0.655000 0.427910
v -0.235000 0.655000 0.427910
v -0.225000 0.655000 0.427910
v -0.215000 0.655000 0.427910
v -0.205000 0.655000 0.427910
v -0.195000 0.655000 0.427910
v -0.185000 0.655000 0.427910
v -0.175000 0.655000 0.427910
v -0.165000 0.655000 0.437118
v -0.155000 0.655000 0.437118
v -0.145000 0.655000 0.437118
v -0.135000 0.655000 0.437118
v -0.125000 0.655000 0.437118
v -0.115000 0.655000 0.437118
v -0.105000 0.655000 0.437118
v -0.095000 0.655000 0.437118
v -0.085000 0.655000 0.437118
v -0.075000 0.655000 0.437118
v -0.065000 0.655000 0.437118
v -0.055000 0.655000 0.437118
v -0.045000 0.655000 0.437118
v -0.035000 0.655000 0.437118
v -0.025000 0.655000 0.446325
v -0.015000 0.655000 0.057223
v -1.025000 0.665000 0.057223
v -1.015000 0.665000 0.354247
v -1.005000 0.665000 0.363455
v -0.995000 0.665000 0.372663
v -0.985000 0.665000 0.372663
v -0.975000 0.665000 0.372663
v -0.965000 0.665000 0.372663
v -0.955000 0.665000 0.381871
v -0.945000 0.665000 0.381871
v -0.935000 0.665000 0.381871
v -0.925000 0.665000 0.381871
v -0.915000 0.665000 0.381871
v -0.905000 0.665000 0.391078
v -0.895000 0.665000 0.391078
v -0.885000 0.665000 0.391078
v -0.875000 0.665000 0.391078
v -0.865000 0.665000 0.391078
v -0.855000 0.665000 0.391078
v -0.845000 0.665000 0.391078
v -0.835000 0.665000 0.391078
v -0.825000 0.665000 0.381871
v -0.815000 0.665000 0.381871
v -0.805000 0.665000 0.381871
v -0.795000 0.665000 0.381871
v -0.785000 0.665000 0.372663
v -0.775000 0.665000 0.372663
v -0.765000 0.665000 0.372663
v -0.755000 0.665000 0.372663
v -0.745000 0.665000 0.363455
v -0.735000 0.665000 0.363455
v -0.725000 0.665000 0.363455
v -0.715000 0.665000 0.354247
v -0.705000 0.665000 0.354247
v -0.695000 0.665000 0.354247
v -0.685000 0.665000 0.345039
v -0.675000 0.665000 0.345039
v -0.665000 0.665000 0.335831
v -0.655000 0.665000 0.335831
v -0.645000 0.665000 0.326623
v -0.635000 0.665000 0.326623
v -0.625000 0.665000 0.317416
v -0.615000 0.665000 0.317416
v -0.605000 0.665000 0.317416
v -0.595000 0.665000 0.317416
v -0.585000 0.665000 0.317416
v -0.575000 0.665000 0.317416
v -0.565000 0.665000 0.317416
v -0.555000 0.665000 0.317416
v -0.545000 0.665000 0.317416
v -0.535000 0.665000 0.326623
v -0.525000 0.665000 0.326623
v -0.515000 0.665000 0.335831
v -0.505000 0.665000 0.345039
v -0.495000 0.665000 0.345039
v -0.485000 0.665000 0.354247
v -0.475000 0.665000 0.354247
v -0.465000 0.665000 0.363455
v -0.455000 0.665000 0.363455
v -0.445000 0.665000 0.363455
v -0.435000 0.665000 0.363455
v -0.425000 0.665000 0.372663
v -0.415000 0.665000 0.372663
v -0.405000 0.665000 0.381871
v -0.395000 0.665000 0.381871
v -0.385000 0.665000 0.391078
v -0.375000 0.665000 0.391078
v -0.365000 0.665000 0.391078
v -0.355000 0.665000 0.400286
v -0.345000 0.665000 0.400286
v -0.335000 0.665000 0.400286
v -0.325000 0.665000 0.400286
v -0.315000 0.665000 0.409494
v -0.305000 0.665000 0.409494
v -0.295000 0.665000 0.409494
v -0.285000 0.665000 0.409494
v -0.275000 0.665000 0.418702
v -0.265000 0.665000 0.418702
v -0.255000 0.665000 0.418702
v -0.245000 0.665000 0.418702
v -0.235000 0.665000 0.418702
v -0.225000 0.665000 0.427910
v -0.215000 0.665000 0.427910
v -0.205000 0.665000 0.427910
v -0.195000 0.665000 0.427910
v -0.185000 0.665000 0.427910
v -0.175000 0.665000 0.427910
v -0.165000 0.665000 0.427910
v -0.155000 0.665000 0.437118
v -0.145000 0.665000 0.437118
v -0.135000 0.665000 0.437118
v -0.125000 0.665000 0.437118
v -0.115000 0.665000 0.437118
v -0.105000 0.665000 0.437118
v -0.095000 0.665000 0.437118
v -0.085000 0.665000 0.437118
v -0.075000 0.665000 0.437118
v -0.065000 0.665000 0.437118
v -0.055000 0.665000 0.437118
v -0.045000 0.665000 0.446325
v -0.035000 0.665000 0.446325
v -0.025000 0.665000 0.446325
v -0.015000 0.665000 0.057223
v -1.025000 0.675000 0.057223
v -1.015000 0.675000 0.354247
v -1.005000 0.675000 0.372663
v -0.995000 0.675000 0.372663
v -0.985000 0.675000 0.372663
v -0.975000 0.675000 0.381871
v -0.965000 0.675000 0.381871
v -0.955000 0.675000 0.381871
v -0.945000 0.675000 0.381871
v -0.935000 0.675000 0.381871
v -0.925000 0.675000 0.381871
v -0.915000 0.675000 0.391078
v -0.905000 0.675000 0.391078
v -0.895000 0.675000 0.391078
v -0.885000 0.675000 0.391078
v -0.875000 0.675000 0.391078
v -0.865000 0.675000 0.391078
v -0.855000 0.675000 0.391078
v -0.845000 0.675000 0.391078
v -0.835000 0.675000 0.381871
v -0.825000 0.675000 0.381871
v -0.815000 0.675000 0.381871
v -0.805000 0.675000 0.381871
v -0.795000 0.675000 0.381871
v -0.785000 0.675000 0.372663
v -0.775000 0.675000 0.372663
v -0.765000 0.675000 0.372663
v -0.755000 0.675000 0.363455
v -0.745000 0.675000 0.363455
v -0.735000 0.675000 0.363455
v -0.725000 0.675000 0.354247
v -0.715000 0.675000 0.354247
v -0.705000 0.675000 0.354247
v -0.695000 0.675000 0.345039
v -0.685000 0.675000 0.345039
v -0.675000 0.675000 0.345039
v -0.665000 0.675000 0.335831
v -0.655000 0.675000 0.326623
v -0.645000 0.675000 0.326623
v -0.635000 0.675000 0.326623
v -0.625000 0.675000 0.317416
v -0.615000 0.675000 0.308208
v -0.605000 0.675000 0.317416
v -0.595000 0.675000 0.308208
v -0.585000 0.675000 0.308208
v -0.575000 0.675000 0.308208
v -0.565000 0.675000 0.308208
v -0.555000 0.675000 0.308208
v -0.545000 0.675000 0.317416
v -0.535000 0.675000 0.317416
v -0.525000 0.675000 0.326623
v -0.515000 0.675000 0.326623
v -0.505000 0.675000 0.335831
v -0.495000 0.675000 0.335831
v -0.485000 0.675000 0.345039
v -0.475000 0.675000 0.354247
v -0.465000 0.675000 0.354247
v -0.455000 0.675000 0.354247
v -0.445000 0.675000 0.354247
v -0.435000 0.675000 0.363455
v -0.425000 0.675000 0.372663
v -0.415000 0.675000 0.372663
v -0.405000 0.675000 0.372663
v -0.395000 0.675000 0.381871
v -0.385000 0.675000 0.381871
v -0.375000 0.675000 0.391078
v -0.365000 0.675000 0.391078
v -0.355000 0.675000 0.391078
v -0.345000 0.675000 0.391078
v -0.335000 0.675000 0.400286
v -0.325000 0.675000 0.400286
v -0.315000 0.675000 0.400286
v -0.305000 0.675000 0.409494
v -0.295000 0.675000 0.409494
v -0.285000 0.675000 0.409494
v -0.275000 0.675000 0.418702
v -0.265000 0.675000 0.418702
v -0.255000 0.675000 0.418702
v -0.245000 0.675000 0.418702
v -0.235000 0.675000 0.418702
v -0.225000 0.675000 0.418702
v -0.215000 0.675000 0.427910
v -0.205000 0.675000 0.427910
v -0.195000 0.675000 0.427910
v -0.185000 0.675000 0.427910
v -0.175000 0.675000 0.427910
v -0.165000 0.675000 0.427910
v -0.155000 0.675000 0.437118
v -0.145000 0.675000 0.437118
v -0.135000 0.675000 0.437118
v -0.125000 0.675000 0.437118
v -0.115000 0.675000 0.437118
v -0.105000 0.675000 0.437118
v -0.095000 0.675000 0.437118
v -0.085000 0.675000 0.437118
v -0.075000 0.675000 0.437118
v -0.065000 0.675000 0.437118
v -0.055000 0.675000 0.437118
v -0.045000 0.675000 0.446325
v -0.035000 0.675000 0.446325
v -0.025000 0.675000 0.446325
v -0.015000 0.675000 0.057223
v -1.025000 0.685000 0.057223
v -1.015000 0.685000 0.363455
v -1.005000 0.685000 0.372663
v -0.995000 0.685000 0.372663
v -0.985000 0.685000 0.381871
v -0.975000 0.685000 0.381871
v -0.965000 0.685000 0.381871
v -0.955000 0.685000 0.381871
v -0.945000 0.685000 0.381871
v -0.935000 0.685000 0.381871
v -0.925000 0.685000 0.391078
v -0.915000 0.685000 0.391078
v -0.905000 0.685000 0.391078
v -0.895000 0.685000 0.391078
v -0.885000 0.685000 0.391078
v -0.875000 0.685000 0.391078
v -0.865000 0.685000 0.391078
v -0.855000 0.685000 0.391078
v -0.845000 0.685000 0.391078
v -0.835000 0.685000 0.381871
v -0.825000 0.685000 0.381871
v -0.815000 0.685000 0.381871
v -0.805000 0.685000 0.381871
v -0.795000 0.685000 0.381871
v -0.785000 0.685000 0.372663
v -0.775000 0.685000 0.372663
v -0.765000 0.685000 0.372663
v -0.755000 0.685000 0.363455
v -0.745000 0.685000 0.363455
v -0.735000 0.685000 0.363455
v -0.725000 0.685000 0.354247
v -0.715000 0.685000 0.354247
v -0.705000 0.685000 0.345039
v -0.695000 0.685000 0.345039
v -0.685000 0.685000 0.345039
v -0.675000 0.685000 0.335831
v -0.665000 0.685000 0.326623
v -0.655000 0.685000 0.326623
v -0.645000 0.685000 0.326623
v -0.635000 0.685000 0.317416
v -0.625000 0.685000 0.317416
v -0.615000 0.685000 0.308208
v -0.605000 0.685000 0.308208
v -0.595000 0.685000 0.308208
v -0.585000 0.685000 0.308208
v -0.575000 0.685000 0.308208
v -0.565000 0.685000 0.308208
v -0.555000 0.685000 0.308208
v -0.545000 0.685000 0.308208
v -0.535000 0.685000 0.317416
v -0.525000 0.685000 0.317416
v -0.515000 0.685000 0.317416
v -0.505000 0.685000 0.326623
v -0.495000 0.685000 0.335831
v -0.485000 0.685000 0.335831
v -0.475000 0.685000 0.345039
v -0.465000 0.685000 0.345039
v -0.455000 0.685000 0.345039
v -0.445000 0.685000 0.354247
v -0.435000 0.685000 0.354247
v -0.425000 0.685000 0.363455
v -0.415000 0.685000 0.363455
v -0.405000 0.685000 0.372663
v -0.395000 0.685000 0.372663
v -0.385000 0.685000 0.381871
v -0.375000 0.685000 0.381871
v -0.365000 0.685000 0.381871
v -0.355000 0.685000 0.391078
v -0.345000 0.685000 0.391078
v -0.335000 0.685000 0.391078
v -0.325000 0.685000 0.400286
v -0.315000 0.685000 0.400286
v -0.305000 0.685000 0.400286
v -0.295000 0.685000 0.409494
v -0.285000 0.685000 0.409494
v -0.275000 0.685000 0.409494
v -0.265000 0.685000 0.409494
v -0.255000 0.685000 0.418702
v -0.245000 0.685000 0.418702
v -0.235000 0.685000 0.418702
v -0.225000 0.685000 0.418702
v -0.215000 0.685000 0.418702
v -0.205000 0.685000 0.427910
v -0.195000 0.685000 0.427910
v -0.185000 0.685000 0.427910
v -0.175000 0.685000 0.427910
v -0.165000 0.685000 0.427910
v -0.155000 0.685000 0.427910
v -0.145000 0.685000 0.437118
v -0.135000 0.685000 0.437118
v -0.125000 0.685000 0.437118
v -0.115000 0.685000 0.437118
v -0.105000 0.685000 0.437118
v -0.095000 0.685000 0.437118
v -0.085000 0.685000 0.437118
v -0.075000 0.685000 0.437118
v -0.065000 0.685000 0.437118
v -0.055000 0.685000 0.437118
v -0.045000 0.685000 0.446325
v -0.035000 0.685000 0.446325
v -0.025000 0.685000 0.057223
v -1.015000 0.695000 0.057223
v -1.005000 0.695000 0.372663
v -0.995000 0.695000 0.381871
v -0.985000 0.695000 0.381871
v -0.975000 0.695000 0.381871
v -0.965000 0.695000 0.381871
v -0.955000 0.695000 0.381871
v -0.945000 0.695000 0.381871
v -0.935000 0.695000 0.391078
v -0.925000 0.695000 0.391078
v -0.915000 0.695000 0.391078
v -0.905000 0.695000 0.391078
v -0.895000 0.695000 0.391078
v -0.885000 0.695000 0.391078
v -0.875000 0.695000 0.391078
v -0.865000 0.695000 0.391078
v -0.855000 0.695000 0.391078
v -0.845000 0.695000 0.391078
v -0.835000 0.695000 0.381871
v -0.825000 0.695000 0.381871
v -0.815000 0.695000 0.381871
v -0.805000 0.695000 0.381871
v -0.795000 0.695000 0.372663
v -0.785000 0.695000 0.372663
v -0.775000 0.695000 0.363455
v -0.765000 0.695000 0.363455
v -0.755000 0.695000 0.363455
v -0.745000 0.695000 0.354247
v -0.735000 0.695000 0.354247
v -0.725000 0.695000 0.354247
v -0.715000 0.695000 0.354247
v -0.705000 0.695000 0.345039
v -0.695000 0.695000 0.345039
v -0.685000 0.695000 0.335831
v -0.675000 0.695000 0.335831
v -0.665000 0.695000 0.326623
v -0.655000 0.695000 0.326623
v -0.645000 0.695000 0.317416
v -0.635000 0.695000 0.317416
v -0.625000 0.695000 0.308208
v -0.615000 0.695000 0.308208
v -0.605000 0.695000 0.308208
v -0.595000 0.695000 0.308208
v -0.585000 0.695000 0.299000
v -0.575000 0.695000 0.299000
v -0.565000 0.695000 0.299000
v -0.555000 0.695000 0.299000
v -0.545000 0.695000 0.308208
v -0.535000 0.695000 0.308208
v -0.525000 0.695000 0.308208
v -0.515000 0.695000 0.317416
v -0.505000 0.695000 0.317416
v -0.495000 0.695000 0.326623
v -0.485000 0.695000 0.335831
v -0.475000 0.695000 0.335831
v -0.465000 0.695000 0.335831
v -0.455000 0.695000 0.345039
v -0.445000 0.695000 0.345039
v -0.435000 0.695000 0.345039
v -0.425000 0.695000 0.354247
v -0.415000 0.695000 0.354247
v -0.405000 0.695000 0.363455
v -0.395000 0.695000 0.372663
v -0.385000 0.695000 0.372663
v -0.375000 0.695000 0.381871
v -0.365000 0.695000 0.381871
v -0.355000 0.695000 0.381871
v -0.345000 0.695000 0.381871
v -0.335000 0.695000 0.391078
v -0.325000 0.695000 0.391078
v -0.315000 0.695000 0.391078
v -0.305000 0.695000 0.400286
v -0.295000 0.695000 0.400286
v -0.285000 0.695000 0.400286
v -0.275000 0.695000 0.409494
v -0.265000 0.695000 0.409494
v -0.255000 0.695000 0.409494
v -0.245000 0.695000 0.418702
v -0.235000 0.695000 0.418702
v -0.225000 0.695000 0.418702
v -0.215000 0.695000 0.418702
v -0.205000 0.695000 0.418702
v -0.195000 0.695000 0.427910
v -0.185000 0.695000 0.427910
v -0.175000 0.695000 0.427910
v -0.165000 0.695000 0.427910
v -0.155000 0.695000 0.427910
v -0.145000 0.695000 0.427910
v -0.135000 0.695000 0.437118
v -0.125000 0.695000 0.437118
v -0.115000 0.695000 0.437118
v -0.105000 0.695000 0.437118
v -0.095000 0.695000 0.437118
v -0.085000 0.695000 0.437118
v -0.075000 0.695000 0.437118
v -0.065000 0.695000 0.437118
v -0.055000 0.695000 0.437118
v -0.045000 0.695000 0.446325
v -0.035000 0.695000 0.446325
v -0.025000 0.695000 0.057223
v -1.015000 0.705000 0.057223
v -1.005000 0.705000 0.372663
v -0.995000 0.705000 0.381871
v -0.985000 0.705000 0.381871
v -0.975000 0.705000 0.381871
v -0.965000 0.705000 0.381871
v -0.955000 0.705000 0.381871
v -0.945000 0.705000 0.391078
v -0.935000 0.705000 0.391078
v -0.925000 0.705000 0.391078
v -0.915000 0.705000 0.391078
v -0.905000 0.705000 0.391078
v -0.895000 0.705000 0.391078
v -0.885000 0.705000 0.391078
v -0.875000 0.705000 0.391078
v -0.865000 0.705000 0.391078
v -0.855000 0.705000 0.391078
v -0.845000 0.705000 0.381871
v -0.835000 0.705000 0.381871
v -0.825000 0.705000 0.381871
v -0.815000 0.705000 0.381871
v -0.805000 0.705000 0.381871
v -0.795000 0.705000 0.372663
v -0.785000 0.705000 0.372663
v -0.775000 0.705000 0.363455
v -0.765000 0.705000 0.363455
v -0.755000 0.705000 0.363455
v -0.745000 0.705000 0.354247
v -0.735000 0.705000 0.354247
v -0.725000 0.705000 0.345039
v -0.715000 0.705000 0.345039
v -0.705000 0.705000 0.345039
v -0.695000 0.705000 0.335831
v -0.685000 0.705000 0.335831
v -0.675000 0.705000 0.335831
v -0.665000 0.705000 0.326623
v -0.655000 0.705000 0.317416
v -0.645000 0.705000 0.317416
v -0.635000 0.705000 0.317416
v -0.625000 0.705000 0.308208
v -0.615000 0.705000 0.308208
v -0.605000 0.705000 0.308208
v -0.595000 0.705000 0.299000
v -0.585000 0.705000 0.299000
v -0.575000 0.705000 0.299000
v -0.565000 0.705000 0.299000
v -0.555000 0.705000 0.299000
v -0.545000 0.705000 0.299000
v -0.535000 0.705000 0.299000
v -0.525000 0.705000 0.299000
v -0.515000 0.705000 0.308208
v -0.505000 0.705000 0.308208
v -0.495000 0.705000 0.317416
v -0.485000 0.705000 0.326623
v -0.475000 0.705000 0.326623
v -0.465000 0.705000 0.326623
v -0.455000 0.705000 0.335831
v -0.445000 0.705000 0.345039
v -0.435000 0.705000 0.345039
v -0.425000 0.705000 0.345039
v -0.415000 0.705000 0.354247
v -0.405000 0.705000 0.354247
v -0.395000 0.705000 0.363455
v -0.385000 0.705000 0.363455
v -0.375000 0.705000 0.372663
v -0.365000 0.705000 0.372663
v -0.355000 0.705000 0.381871
v -0.345000 0.705000 0.381871
v -0.335000 0.705000 0.381871
v -0.325000 0.705000 0.391078
v -0.315000 0.705000 0.391078
v -0.305000 0.705000 0.400286
v -0.295000 0.705000 0.400286
v -0.285000 0.705000 0.400286
v -0.275000 0.705000 0.409494
v -0.265000 0.705000 0.409494
v -0.255000 0.705000 0.409494
v -0.245000 0.705000 0.409494
v -0.235000 0.705000 0.418702
v -0.225000 0.705000 0.418702
v -0.215000 0.705000 0.418702
v -0.205000 0.705000 0.418702
v -0.195000 0.705000 0.418702
v -0.185000 0.705000 0.427910
v -0.175000 0.705000 0.427910
v -0.165000 0.705000 0.427910
v -0.155000 0.705000 0.427910
v -0.145000 0.705000 0.427910
v -0.135000 0.705000 0.437118
v -0.125000 0.705000 0.437118
v -0.115000 0.705000 0.437118
v -0.105000 0.705000 0.437118
v -0.095000 0.705000 0.437118
v -0.085000 0.705000 0.437118
v -0.075000 0.705000 0.437118
v -0.065000 0.705000 0.437118
v -0.055000 0.705000 0.437118
v -0.045000 0.705000 0.446325
v -0.035000 0.705000 0.446325
v -0.025000 0.705000 0.057223
v -1.005000 0.715000 0.057223
v -0.995000 0.715000 0.381871
v -0.985000 0.715000 0.381871
v -0.975000 0.715000 0.381871
v -0.965000 0.715000 0.381871
v -0.955000 0.715000 0.381871
v -0.945000 0.715000 0.391078
v -0.935000 0.715000 0.391078
v -0.925000 0.715000 0.391078
v -0.915000 0.715000 0.391078
v -0.905000 0.715000 0.391078
v -0.895000 0.715000 0.391078
v -0.885000 0.715000 0.391078
v -0.875000 0.715000 0.391078
v -0.865000 0.715000 0.391078
v -0.855000 0.715000 0.391078
v -0.845000 0.715000 0.381871
v -0.835000 0.715000 0.381871
v -0.825000 0.715000 0.381871
v -0.815000 0.715000 0.381871
v -0.805000 0.715000 0.381871
v -0.795000 0.715000 0.372663
v -0.785000 0.715000 0.372663
v -0.775000 0.715000 0.363455
v -0.765000 0.715000 0.363455
v -0.755000 0.715000 0.354247
v -0.745000 0.715000 0.354247
v -0.735000 0.715000 0.354247
v -0.725000 0.715000 0.345039
v -0.715000 0.715000 0.345039
v -0.705000 0.715000 0.335831
v -0.695000 0.715000 0.335831
v -0.685000 0.715000 0.326623
v -0.675000 0.715000 0.326623
v -0.665000 0.715000 0.317416
v -0.655000 0.715000 0.317416
v -0.645000 0.715000 0.308208
v -0.635000 0.715000 0.308208
v -0.625000 0.715000 0.308208
v -0.615000 0.715000 0.299000
v -0.605000 0.715000 0.299000
v -0.595000 0.715000 0.299000
v -0.585000 0.715000 0.299000
v -0.575000 0.715000 0.299000
v -0.565000 0.715000 0.299000
v -0.555000 0.715000 0.299000
v -0.545000 0.715000 0.299000
v -0.535000 0.715000 0.299000
v -0.525000 0.715000 0.299000
v -0.515000 0.715000 0.299000
v -0.505000 0.715000 0.308208
v -0.495000 0.715000 0.317416
v -0.485000 0.715000 0.317416
v -0.475000 0.715000 0.317416
v -0.465000 0.715000 0.326623
v -0.455000 0.715000 0.335831
v -0.445000 0.715000 0.335831
v -0.435000 0.715000 0.345039
v -0.425000 0.715000 0.345039
v -0.415000 0.715000 0.345039
v -0.405000 0.715000 0.354247
v -0.395000 0.715000 0.354247
v -0.385000 0.715000 0.363455
v -0.375000 0.715000 0.372663
v -0.365000 0.715000 0.372663
v -0.355000 0.715000 0.372663
v -0.345000 0.715000 0.372663
v -0.335000 0.715000 0.381871
v -0.325000 0.715000 0.381871
v -0.315000 0.715000 0.391078
v -0.305000 0.715000 0.391078
v -0.295000 0.715000 0.391078
v -0.285000 0.715000 0.400286
v -0.275000 0.715000 0.400286
v -0.265000 0.715000 0.409494
v -0.255000 0.715000 0.409494
v -0.245000 0.715000 0.409494
v -0.235000 0.715000 0.409494
v -0.225000 0.715000 0.409494
v -0.215000 0.715000 0.418702
v -0.205000 0.715000 0.418702
v -0.195000 0.715000 0.418702
v -0.185000 0.715000 0.418702
v -0.175000 0.715000 0.427910
v -0.165000 0.715000 0.427910
v -0.155000 0.715000 0.427910
v -0.145000 0.715000 0.427910
v -0.135000 0.715000 0.427910
v -0.125000 0.715000 0.437118
v -0.115000 0.715000 0.437118
v -0.105000 0.715000 0.437118
v -0.095000 0.715000 0.437118
v -0.085000 0.715000 0.437118
v -0.075000 0.715000 0.437118
v -0.065000 0.715000 0.437118
v -0.055000 0.715000 0.437118
v -0.045000 0.715000 0.446325
v -0.035000 0.715000 0.446325
v -0.025000 0.715000 0.057223
v -1.005000 0.725000 0.057223
v -0.995000 0.725000 0.381871
v -0.985000 0.725000 0.381871
v -0.975000 0.725000 0.381871
v -0.965000 0.725000 0.391078
v -0.955000 0.725000 0.391078
v -0.945000 0.725000 0.391078
v -0.935000 0.725000 0.391078
v -0.925000 0.725000 0.391078
v -0.915000 0.725000 0.391078
v -0.905000 0.725000 0.391078
v -0.895000 0.725000 0.391078
v -0.885000 0.725000 0.391078
v -0.875000 0.725000 0.391078
v -0.865000 0.725000 0.391078
v -0.855000 0.725000 0.391078
v -0.845000 0.725000 0.381871
v -0.835000 0.725000 0.381871
v -0.825000 0.725000 0.381871
v -0.815000 0.725000 0.381871
v -0.805000 0.725000 0.381871
v -0.795000 0.725000 0.372663
v -0.785000 0.725000 0.372663
v -0.775000 0.725000 0.363455
v -0.765000 0.725000 0.363455
v -0.755000 0.725000 0.354247
v -0.745000 0.725000 0.354247
v -0.735000 0.725000 0.345039
v -0.725000 0.725000 0.345039
v -0.715000 0.725000 0.345039
v -0.705000 0.725000 0.335831
v -0.695000 0.725000 0.335831
v -0.685000 0.725000 0.326623
v -0.675000 0.725000 0.326623
v -0.665000 0.725000 0.317416
v -0.655000 0.725000 0.317416
v -0.645000 0.725000 0.308208
v -0.635000 0.725000 0.308208
v -0.625000 0.725000 0.308208
v -0.615000 0.725000 0.299000
v -0.605000 0.725000 0.299000
v -0.595000 0.725000 0.299000
v -0.585000 0.725000 0.299000
v -0.575000 0.725000 0.295482
v -0.565000 0.725000 0.295482
v -0.555000 0.725000 0.295482
v -0.545000 0.725000 0.295482
v -0.535000 0.725000 0.295482
v -0.525000 0.725000 0.299000
v -0.515000 0.725000 0.299000
v -0.505000 0.725000 0.299000
v -0.495000 0.725000 0.308208
v -0.485000 0.725000 0.308208
v -0.475000 0.725000 0.317416
v -0.465000 0.725000 0.317416
v -0.455000 0.725000 0.326623
v -0.445000 0.725000 0.326623
v -0.435000 0.725000 0.335831
v -0.425000 0.725000 0.335831
v -0.415000 0.725000 0.345039
v -0.405000 0.725000 0.354247
v -0.395000 0.725000 0.354247
v -0.385000 0.725000 0.354247
v -0.375000 0.725000 0.363455
v -0.365000 0.725000 0.363455
v -0.355000 0.725000 0.372663
v -0.345000 0.725000 0.372663
v -0.335000 0.725000 0.372663
v -0.325000 0.725000 0.381871
v -0.315000 0.725000 0.381871
v -0.305000 0.725000 0.391078
v -0.295000 0.725000 0.391078
v -0.285000 0.725000 0.391078
v -0.275000 0.725000 0.400286
v -0.265000 0.725000 0.400286
v -0.255000 0.725000 0.409494
v -0.245000 0.725000 0.409494
v -0.235000 0.725000 0.409494
v -0.225000 0.725000 0.409494
v -0.215000 0.725000 0.418702
v -0.205000 0.725000 0.418702
v -0.195000 0.725000 0.418702
v -0.185000 0.725000 0.418702
v -0.175000 0.725000 0.418702
v -0.165000 0.725000 0.427910
v -0.155000 0.725000 0.427910
v -0.145000 0.725000 0.427910
v -0.135000 0.725000 0.427910
v -0.125000 0.725000 0.427910
v -0.115000 0.725000 0.437118
v -0.105000 0.725000 0.437118
v -0.095000 0.725000 0.437118
v -0.085000 0.725000 0.437118
v -0.075000 0.725000 0.437118
v -0.065000 0.725000 0.437118
v -0.055000 0.725000 0.437118
v -0.045000 0.725000 0.437118
v -0.035000 0.725000 0.446325
v -0.025000 0.725000 0.057223
v -1.005000 0.735000 0.057223
v -0.995000 0.735000 0.381871
v -0.985000 0.735000 0.381871
v -0.975000 0.735000 0.391078
v -0.965000 0.735000 0.391078
v -0.955000 0.735000 0.391078
v -0.945000 0.735000 0.391078
v -0.935000 0.735000 0.391078
v -0.925000 0.735000 0.391078
v -0.915000 0.735000 0.391078
v -0.905000 0.735000 0.391078
v -0.895000 0.735000 0.391078
v -0.885000 0.735000 0.391078
v -0.875000 0.735000 0.391078
v -0.865000 0.735000 0.391078
v -0.855000 0.735000 0.391078
v -0.845000 0.735000 0.381871
v -0.835000 0.735000 0.381871
v -0.825000 0.735000 0.381871
v -0.815000 0.735000 0.381871
v -0.805000 0.735000 0.372663
v -0.795000 0.735000 0.372663
v -0.785000 0.735000 0.372663
v -0.775000 0.735000 0.363455
v -0.765000 0.735000 0.354247
v -0.755000 0.735000 0.354247
v -0.745000 0.735000 0.354247
v -0.735000 0.735000 0.345039
v -0.725000 0.735000 0.345039
v -0.715000 0.735000 0.345039
v -0.705000 0.735000 0.335831
v -0.695000 0.735000 0.335831
v -0.685000 0.735000 0.326623
v -0.675000 0.735000 0.326623
v -0.665000 0.735000 0.317416
v -0.655000 0.735000 0.308208
v -0.645000 0.735000 0.308208
v -0.635000 0.735000 0.308208
v -0.625000 0.735000 0.299000
v -0.615000 0.735000 0.299000
v -0.605000 0.735000 0.299000
v -0.595000 0.735000 0.299000
v -0.585000 0.735000 0.295482
v -0.575000 0.735000 0.295482
v -0.565000 0.735000 0.295482
v -0.555000 0.735000 0.295482
v -0.545000 0.735000 0.295482
v -0.535000 0.735000 0.295482
v -0.525000 0.735000 0.295482
v -0.515000 0.735000 0.295482
v -0.505000 0.735000 0.299000
v -0.495000 0.735000 0.299000
v -0.485000 0.735000 0.308208
v -0.475000 0.735000 0.308208
v -0.465000 0.735000 0.308208
v -0.455000 0.735000 0.317416
v -0.445000 0.735000 0.326623
v -0.435000 0.735000 0.326623
v -0.425000 0.735000 0.326623
v -0.415000 0.735000 0.345039
v -0.405000 0.735000 0.345039
v -0.395000 0.735000 0.345039
v -0.385000 0.735000 0.354247
v -0.375000 0.735000 0.354247
v -0.365000 0.735000 0.354247
v -0.355000 0.735000 0.363455
v -0.345000 0.735000 0.363455
v -0.335000 0.735000 0.372663
v -0.325000 0.735000 0.381871
v -0.315000 0.735000 0.381871
v -0.305000 0.735000 0.381871
v -0.295000 0.735000 0.391078
v -0.285000 0.735000 0.391078
v -0.275000 0.735000 0.391078
v -0.265000 0.735000 0.400286
v -0.255000 0.735000 0.400286
v -0.245000 0.735000 0.400286
v -0.235000 0.735000 0.409494
v -0.225000 0.735000 0.409494
v -0.215000 0.735000 0.409494
v -0.205000 0.735000 0.418702
v -0.195000 0.735000 0.418702
v -0.185000 0.735000 0.418702
v -0.175000 0.735000 0.418702
v -0.165000 0.735000 0.418702
v -0.155000 0.735000 0.427910
v -0.145000 0.735000 0.427910
v -0.135000 0.735000 0.427910
v -0.125000 0.735000 0.427910
v -0.115000 0.735000 0.427910
v -0.105000 0.735000 0.437118
v -0.095000 0.735000 0.437118
v -0.085000 0.735000 0.437118
v -0.075000 0.735000 0.437118
v -0.065000 0.735000 0.437118
v -0.055000 0.735000 0.437118
v -0.045000 0.735000 0.437118
v -0.035000 0.735000 0.437118
v -0.025000 0.735000 0.437118
v -0.015000 0.735000 0.057223
v -1.005000 0.745000 0.057223
v -0.995000 0.745000 0.381871
v -0.985000 0.745000 0.391078
v -0.975000 0.745000 0.391078
v -0.965000 0.745000 0.391078
v -0.955000 0.745000 0.391078
v -0.945000 0.745000 0.391078
v -0.935000 0.745000 0.391078
v -0.925000 0.745000 0.391078
v -0.915000 0.745000 0.391078
v -0.905000 0.745000 0.391078
v -0.895000 0.745000 0.391078
v -0.885000 0.745000 0.391078
v -0.875000 0.745000 0.391078
v -0.865000 0.745000 0.391078
v -0.855000 0.745000 0.381871
v -0.845000 0.745000 0.381871
v -0.835000 0.745000 0.381871
v -0.825000 0.745000 0.381871
v -0.815000 0.745000 0.372663
v -0.805000 0.745000 0.372663
v -0.795000 0.745000 0.372663
v -0.785000 0.745000 0.363455
v -0.775000 0.745000 0.363455
v -0.765000 0.745000 0.354247
v -0.755000 0.745000 0.354247
v -0.745000 0.745000 0.345039
v -0.735000 0.745000 0.345039
v -0.725000 0.745000 0.345039
v -0.715000 0.745000 0.335831
v -0.705000 0.745000 0.335831
v -0.695000 0.745000 0.335831
v -0.685000 0.745000 0.326623
v -0.675000 0.745000 0.317416
v -0.665000 0.745000 0.317416
v -0.655000 0.745000 0.308208
v -0.645000 0.745000 0.308208
v -0.635000 0.745000 0.308208
v -0.625000 0.745000 0.299000
v -0.615000 0.745000 0.299000
v -0.605000 0.745000 0.299000
v -0.595000 0.745000 0.295482
v -0.585000 0.745000 0.295482
v -0.575000 0.745000 0.295482
v -0.565000 0.745000 0.295482
v -0.555000 0.745000 0.295482
v -0.545000 0.745000 0.295482
v -0.535000 0.745000 0.290792
v -0.525000 0.745000 0.290792
v -0.515000 0.745000 0.295482
v -0.505000 0.745000 0.295482
v -0.495000 0.745000 0.295482
v -0.485000 0.745000 0.299000
v -0.475000 0.745000 0.299000
v -0.465000 0.745000 0.299000
v -0.455000 0.745000 0.308208
v -0.445000 0.745000 0.317416
v -0.435000 0.745000 0.317416
v -0.425000 0.745000 0.326623
v -0.415000 0.745000 0.335831
v -0.405000 0.745000 0.335831
v -0.395000 0.745000 0.345039
v -0.385000 0.745000 0.345039
v -0.375000 0.745000 0.354247
v -0.365000 0.745000 0.354247
v -0.355000 0.745000 0.354247
v -0.345000 0.745000 0.363455
v -0.335000 0.745000 0.363455
v -0.325000 0.745000 0.372663
v -0.315000 0.745000 0.372663
v -0.305000 0.745000 0.381871
v -0.295000 0.745000 0.381871
v -0.285000 0.745000 0.391078
v -0.275000 0.745000 0.391078
v -0.265000 0.745000 0.391078
v -0.255000 0.745000 0.400286
v -0.245000 0.745000 0.400286
v -0.235000 0.745000 0.400286
v -0.225000 0.745000 0.400286
v -0.215000 0.745000 0.409494
v -0.205000 0.745000 0.409494
v -0.195000 0.745000 0.409494
v -0.185000 0.745000 0.418702
v -0.175000 0.745000 0.418702
v -0.165000 0.745000 0.418702
v -0.155000 0.745000 0.418702
v -0.145000 0.745000 0.427910
v -0.135000 0.745000 0.427910
v -0.125000 0.745000 0.427910
v -0.115000 0.745000 0.427910
v -0.105000 0.745000 0.427910
v -0.095000 0.745000 0.427910
v -0.085000 0.745000 0.437118
v -0.075000 0.745000 0.437118
v -0.065000 0.745000 0.437118
v -0.055000 0.745000 0.437118
v -0.045000 0.745000 0.437118
v -0.035000 0.745000 0.437118
v -0.025000 0.745000 0.437118
v -0.015000 0.745000 0.446325
v -0.005000 0.745000 0.057223
v -1.005000 0.755000 0.057223
v -0.995000 0.755000 0.381871
v -0.985000 0.755000 0.391078
v -0.975000 0.755000 0.391078
v -0.965000 0.755000 0.391078
v -0.955000 0.755000 0.391078
v -0.945000 0.755000 0.391078
v -0.935000 0.755000 0.391078
v -0.925000 0.755000 0.391078
v -0.915000 0.755000 0.391078
v -0.905000 0.755000 0.391078
v -0.895000 0.755000 0.391078
v -0.885000 0.755000 0.391078
v -0.875000 0.755000 0.391078
v -0.865000 0.755000 0.391078
v -0.855000 0.755000 0.381871
v -0.845000 0.755000 0.381871
v -0.835000 0.755000 0.381871
v -0.825000 0.755000 0.381871
v -0.815000 0.755000 0.372663
v -0.805000 0.755000 0.372663
v -0.795000 0.755000 0.372663
v -0.785000 0.755000 0.363455
v -0.775000 0.755000 0.363455
v -0.765000 0.755000 0.354247
v -0.755000 0.755000 0.354247
v -0.745000 0.755000 0.345039
v -0.735000 0.755000 0.345039
v -0.725000 0.755000 0.345039
v -0.715000 0.755000 0.335831
v -0.705000 0.755000 0.335831
v -0.695000 0.755000 0.326623
v -0.685000 0.755000 0.326623
v -0.675000 0.755000 0.317416
v -0.665000 0.755000 0.308208
v -0.655000 0.755000 0.308208
v -0.645000 0.755000 0.299000
v -0.635000 0.755000 0.299000
v -0.625000 0.755000 0.299000
v -0.615000 0.755000 0.299000
v -0.605000 0.755000 0.295482
v -0.595000 0.755000 0.295482
v -0.585000 0.755000 0.295482
v -0.575000 0.755000 0.295482
v -0.565000 0.755000 0.290792
v -0.555000 0.755000 0.290792
v -0.545000 0.755000 0.290792
v -0.535000 0.755000 0.290792
v -0.525000 0.755000 0.290792
v -0.515000 0.755000 0.290792
v -0.505000 0.755000 0.290792
v -0.495000 0.755000 0.290792
v -0.485000 0.755000 0.295482
v -0.475000 0.755000 0.295482
v -0.465000 0.755000 0.295482
v -0.455000 0.755000 0.299000
v -0.445000 0.755000 0.308208
v -0.435000 0.755000 0.308208
v -0.425000 0.755000 0.317416
v -0.415000 0.755000 0.326623
v -0.405000 0.755000 0.326623
v -0.395000 0.755000 0.335831
v -0.385000 0.755000 0.335831
v -0.375000 0.755000 0.345039
v -0.365000 0.755000 0.345039
v -0.355000 0.755000 0.354247
v -0.345000 0.755000 0.354247
v -0.335000 0.755000 0.363455
v -0.325000 0.755000 0.363455
v -0.315000 0.755000 0.363455
v -0.305000 0.755000 0.372663
v -0.295000 0.755000 0.381871
v -0.285000 0.755000 0.381871
v -0.275000 0.755000 0.381871
v -0.265000 0.755000 0.391078
v -0.255000 0.755000 0.391078
v -0.245000 0.755000 0.391078
v -0.235000 0.755000 0.400286
v -0.225000 0.755000 0.400286
v -0.215000 0.755000 0.400286
v -0.205000 0.755000 0.409494
v -0.195000 0.755000 0.409494
v -0.185000 0.755000 0.409494
v -0.175000 0.755000 0.418702
v -0.165000 0.755000 0.418702
v -0.155000 0.755000 0.418702
v -0.145000 0.755000 0.418702
v -0.135000 0.755000 0.418702
v -0.125000 0.755000 0.427910
v -0.115000 0.755000 0.427910
v -0.105000 0.755000 0.427910
v -0.095000 0.755000 0.427910
v -0.085000 0.755000 0.427910
v -0.075000 0.755000 0.437118
v -0.065000 0.755000 0.437118
v -0.055000 0.755000 0.437118
v -0.045000 0.755000 0.437118
v -0.035000 0.755000 0.437118
v -0.025000 0.755000 0.437118
v -0.015000 0.755000 0.437118
v -0.005000 0.755000 0.057223
v -1.005000 0.765000 0.057223
v -0.995000 0.765000 0.381871
v -0.985000 0.765000 0.391078
v -0.975000 0.765000 0.391078
v -0.965000 0.765000 0.391078
v -0.955000 0.765000 0.391078
v -0.945000 0.765000 0.391078
v -0.935000 0.765000 0.391078
v -0.925000 0.765000 0.391078
v -0.915000 0.765000 0.391078
v -0.905000 0.765000 0.391078
v -0.895000 0.765000 0.391078
v -0.885000 0.765000 0.391078
v -0.875000 0.765000 0.391078
v -0.865000 0.765000 0.391078
v -0.855000 0.765000 0.381871
v -0.845000 0.765000 0.381871
v -0.835000 0.765000 0.381871
v -0.825000 0.765000 0.381871
v -0.815000 0.765000 0.372663
v -0.805000 0.765000 0.372663
v -0.795000 0.765000 0.372663
v -0.785000 0.765000 0.363455
v -0.775000 0.765000 0.363455
v -0.765000 0.765000 0.354247
v -0.755000 0.765000 0.345039
v -0.745000 0.765000 0.345039
v -0.735000 0.765000 0.345039
v -0.725000 0.765000 0.335831
v -0.715000 0.765000 0.335831
v -0.705000 0.765000 0.335831
v -0.695000 0.765000 0.326623
v -0.685000 0.765000 0.317416
v -0.675000 0.765000 0.317416
v -0.665000 0.765000 0.308208
v -0.655000 0.765000 0.299000
v -0.645000 0.765000 0.299000
v -0.635000 0.765000 0.299000
v -0.625000 0.765000 0.295482
v -0.615000 0.765000 0.295482
v -0.605000 0.765000 0.295482
v -0.595000 0.765000 0.295482
v -0.585000 0.765000 0.290792
v -0.575000 0.765000 0.290792
v -0.565000 0.765000 0.290792
v -0.555000 0.765000 0.290792
v -0.545000 0.765000 0.290792
v -0.535000 0.765000 0.286102
v -0.525000 0.765000 0.286102
v -0.515000 0.765000 0.286102
v -0.505000 0.765000 0.286102
v -0.495000 0.765000 0.290792
v -0.485000 0.765000 0.290792
v -0.475000 0.765000 0.295482
v -0.465000 0.765000 0.295482
v -0.455000 0.765000 0.295482
v -0.445000 0.765000 0.299000
v -0.435000 0.765000 0.299000
v -0.425000 0.765000 0.317416
v -0.415000 0.765000 0.317416
v -0.405000 0.765000 0.317416
v -0.395000 0.765000 0.326623
v -0.385000 0.765000 0.326623
v -0.375000 0.765000 0.335831
v -0.365000 0.765000 0.345039
v -0.355000 0.765000 0.345039
v -0.345000 0.765000 0.345039
v -0.335000 0.765000 0.354247
v -0.325000 0.765000 0.363455
v -0.315000 0.765000 0.363455
v -0.305000 0.765000 0.363455
v -0.295000 0.765000 0.372663
v -0.285000 0.765000 0.372663
v -0.275000 0.765000 0.381871
v -0.265000 0.765000 0.381871
v -0.255000 0.765000 0.391078
v -0.245000 0.765000 0.391078
v -0.235000 0.765000 0.391078
v -0.225000 0.765000 0.391078
v -0.215000 0.765000 0.400286
v -0.205000 0.765000 0.400286
v -0.195000 0.765000 0.400286
v -0.185000 0.765000 0.409494
v -0.175000 0.765000 0.409494
v -0.165000 0.765000 0.418702
v -0.155000 0.765000 0.418702
v -0.145000 0.765000 0.418702
v -0.135000 0.765000 0.418702
v -0.125000 0.765000 0.418702
v -0.115000 0.765000 0.427910
v -0.105000 0.765000 0.427910
v -0.095000 0.765000 0.427910
v -0.085000 0.765000 0.427910
v -0.075000 0.765000 0.427910
v -0.065000 0.765000 0.427910
v -0.055000 0.765000 0.427910
v -0.045000 0.765000 0.437118
v -0.035000 0.765000 0.437118
v -0.025000 0.765000 0.437118
v -0.015000 0.765000 0.437118
v -0.005000 0.765000 0.057223
v -0.995000 0.775000 0.057223
v -0.985000 0.775000 0.391078
v -0.975000 0.775000 0.391078
v -0.965000 0.775000 0.391078
v -0.955000 0.775000 0.391078
v -0.945000 0.775000 0.391078
v -0.935000 0.775000 0.391078
v -0.925000 0.775000 0.391078
v -0.915000 0.775000 0.391078
v -0.905000 0.775000 0.391078
v -0.895000 0.775000 0.391078
v -0.885000 0.775000 0.391078
v -0.875000 0.775000 0.391078
v -0.865000 0.775000 0.391078
v -0.855000 0.775000 0.381871
v -0.845000 0.775000 0.381871
v -0.835000 0.775000 0.381871
v -0.825000 0.775000 0.372663
v -0.815000 0.775000 0.372663
v -0.805000 0.775000 0.372663
v -0.795000 0.775000 0.363455
v -0.785000 0.775000 0.363455
v -0.775000 0.775000 0.354247
v -0.765000 0.775000 0.354247
v -0.755000 0.775000 0.345039
v -0.745000 0.775000 0.345039
v -0.735000 0.775000 0.335831
v -0.725000 0.775000 0.335831
v -0.715000 0.775000 0.335831
v -0.705000 0.775000 0.326623
v -0.695000 0.775000 0.326623
v -0.685000 0.775000 0.317416
v -0.675000 0.775000 0.308208
v -0.665000 0.775000 0.299000
v -0.655000 0.775000 0.299000
v -0.645000 0.775000 0.299000
v -0.635000 0.775000 0.295482
v -0.625000 0.775000 0.295482
v -0.615000 0.775000 0.295482
v -0.605000 0.775000 0.295482
v -0.595000 0.775000 0.290792
v -0.585000 0.775000 0.290792
v -0.575000 0.775000 0.290792
v -0.565000 0.775000 0.290792
v -0.555000 0.775000 0.286102
v -0.545000 0.775000 0.286102
v -0.535000 0.775000 0.286102
v -0.525000 0.775000 0.286102
v -0.515000 0.775000 0.286102
v -0.505000 0.775000 0.286102
v -0.495000 0.775000 0.286102
v -0.485000 0.775000 0.286102
v -0.475000 0.775000 0.290792
v -0.465000 0.775000 0.290792
v -0.455000 0.775000 0.295482
v -0.445000 0.775000 0.295482
v -0.435000 0.775000 0.295482
v -0.425000 0.775000 0.308208
v -0.415000 0.775000 0.308208
v -0.405000 0.775000 0.317416
v -0.395000 0.775000 0.317416
v -0.385000 0.775000 0.317416
v -0.375000 0.775000 0.326623
v -0.365000 0.775000 0.326623
v -0.355000 0.775000 0.335831
v -0.345000 0.775000 0.335831
v -0.335000 0.775000 0.345039
v -0.325000 0.775000 0.354247
v -0.315000 0.775000 0.354247
v -0.305000 0.775000 0.363455
v -0.295000 0.775000 0.363455
v -0.285000 0.775000 0.372663
v -0.275000 0.775000 0.372663
v -0.265000 0.775000 0.381871
v -0.255000 0.775000 0.381871
v -0.245000 0.775000 0.381871
v -0.235000 0.775000 0.381871
v -0.225000 0.775000 0.381871
v -0.215000 0.775000 0.391078
v -0.205000 0.775000 0.400286
v -0.195000 0.775000 0.400286
v -0.185000 0.775000 0.409494
v -0.175000 0.775000 0.409494
v -0.165000 0.775000 0.409494
v -0.155000 0.775000 0.409494
v -0.145000 0.775000 0.409494
v -0.135000 0.775000 0.418702
v -0.125000 0.775000 0.418702
v -0.115000 0.775000 0.418702
v -0.105000 0.775000 0.427910
v -0.095000 0.775000 0.427910
v -0.085000 0.775000 0.427910
v -0.075000 0.775000 0.427910
v -0.065000 0.775000 0.427910
v -0.055000 0.775000 0.427910
v -0.045000 0.775000 0.427910
v -0.035000 0.775000 0.437118
v -0.025000 0.775000 0.437118
v -0.015000 0.775000 0.437118
v -0.005000 0.775000 0.057223
v -0.995000 0.785000 0.057223
v -0.985000 0.785000 0.381871
v -0.975000 0.785000 0.391078
v -0.965000 0.785000 0.391078
v -0.955000 0.785000 0.391078
v -0.945000 0.785000 0.391078
v -0.935000 0.785000 0.391078
v -0.925000 0.785000 0.391078
v -0.915000 0.785000 0.391078
v -0.905000 0.785000 0.391078
v -0.895000 0.785000 0.391078
v -0.885000 0.785000 0.391078
v -0.875000 0.785000 0.391078
v -0.865000 0.785000 0.381871
v -0.855000 0.785000 0.381871
v -0.845000 0.785000 0.381871
v -0.835000 0.785000 0.381871
v -0.825000 0.785000 0.372663
v -0.815000 0.785000 0.372663
v -0.805000 0.785000 0.372663
v -0.795000 0.785000 0.363455
v -0.785000 0.785000 0.363455
v -0.775000 0.785000 0.354247
v -0.765000 0.785000 0.354247
v -0.755000 0.785000 0.345039
v -0.745000 0.785000 0.345039
v -0.735000 0.785000 0.335831
v -0.725000 0.785000 0.335831
v -0.715000 0.785000 0.326623
v -0.705000 0.785000 0.326623
v -0.695000 0.785000 0.326623
v -0.685000 0.785000 0.308208
v -0.675000 0.785000 0.308208
v -0.665000 0.785000 0.299000
v -0.655000 0.785000 0.299000
v -0.645000 0.785000 0.295482
v -0.635000 0.785000 0.295482
v -0.625000 0.785000 0.295482
v -0.615000 0.785000 0.295482
v -0.605000 0.785000 0.290792
v -0.595000 0.785000 0.290792
v -0.585000 0.785000 0.290792
v -0.575000 0.785000 0.286102
v -0.565000 0.785000 0.286102
v -0.555000 0.785000 0.286102
v -0.545000 0.785000 0.286102
v -0.535000 0.785000 0.286102
v -0.525000 0.785000 0.286102
v -0.515000 0.785000 0.286102
v -0.505000 0.785000 0.281412
v -0.495000 0.785000 0.281412
v -0.485000 0.785000 0.286102
v -0.475000 0.785000 0.286102
v -0.465000 0.785000 0.286102
v -0.455000 0.785000 0.290792
v -0.445000 0.785000 0.290792
v -0.435000 0.785000 0.295482
v -0.425000 0.785000 0.299000
v -0.415000 0.785000 0.299000
v -0.405000 0.785000 0.308208
v -0.395000 0.785000 0.308208
v -0.385000 0.785000 0.317416
v -0.375000 0.785000 0.317416
v -0.365000 0.785000 0.326623
v -0.355000 0.785000 0.326623
v -0.345000 0.785000 0.335831
v -0.335000 0.785000 0.335831
v -0.325000 0.785000 0.335831
v -0.315000 0.785000 0.345039
v -0.305000 0.785000 0.354247
v -0.295000 0.785000 0.354247
v -0.285000 0.785000 0.363455
v -0.275000 0.785000 0.372663
v -0.265000 0.785000 0.372663
v -0.255000 0.785000 0.372663
v -0.245000 0.785000 0.381871
v -0.235000 0.785000 0.381871
v -0.225000 0.785000 0.381871
v -0.215000 0.785000 0.391078
v -0.205000 0.785000 0.391078
v -0.195000 0.785000 0.400286
v -0.185000 0.785000 0.400286
v -0.175000 0.785000 0.400286
v -0.165000 0.785000 0.409494
v -0.155000 0.785000 0.409494
v -0.145000 0.785000 0.409494
v -0.135000 0.785000 0.409494
v -0.125000 0.785000 0.418702
v -0.115000 0.785000 0.418702
v -0.105000 0.785000 0.418702
v -0.095000 0.785000 0.418702
v -0.085000 0.785000 0.427910
v -0.075000 0.785000 0.427910
v -0.065000 0.785000 0.427910
v -0.055000 0.785000 0.427910
v -0.045000 0.785000 0.427910
v -0.035000 0.785000 0.427910
v -0.025000 0.785000 0.427910
v -0.015000 0.785000 0.427910
v -0.005000 0.785000 0.057223
v -0.995000 0.795000 0.057223
v -0.985000 0.795000 0.381871
v -0.975000 0.795000 0.391078
v -0.965000 0.795000 0.391078
v -0.955000 0.795000 0.391078
v -0.945000 0.795000 0.391078
v -0.935000 0.795000 0.391078
v -0.925000 0.795000 0.391078
v -0.915000 0.795000 0.391078
v -0.905000 0.795000 0.391078
v -0.895000 0.795000 0.391078
v -0.885000 0.795000 0.391078
v -0.875000 0.795000 0.391078
v -0.865000 0.795000 0.381871
v -0.855000 0.795000 0.381871
v -0.845000 0.795000 0.381871
v -0.835000 0.795000 0.372663
v -0.825000 0.795000 0.372663
v -0.815000 0.795000 0.372663
v -0.805000 0.795000 0.363455
v -0.795000 0.795000 0.363455
v -0.785000 0.795000 0.363455
v -0.775000 0.795000 0.354247
v -0.765000 0.795000 0.345039
v -0.755000 0.795000 0.345039
v -0.745000 0.795000 0.335831
v -0.735000 0.795000 0.335831
v -0.725000 0.795000 0.326623
v -0.715000 0.795000 0.326623
v -0.705000 0.795000 0.326623
v -0.695000 0.795000 0.326623
v -0.685000 0.795000 0.308208
v -0.675000 0.795000 0.299000
v -0.665000 0.795000 0.299000
v -0.655000 0.795000 0.295482
v -0.645000 0.795000 0.295482
v -0.635000 0.795000 0.295482
v -0.625000 0.795000 0.290792
v -0.615000 0.795000 0.290792
v -0.605000 0.795000 0.290792
v -0.595000 0.795000 0.290792
v -0.585000 0.795000 0.286102
v -0.575000 0.795000 0.286102
v -0.565000 0.795000 0.286102
v -0.555000 0.795000 0.286102
v -0.545000 0.795000 0.286102
v -0.535000 0.795000 0.281412
v -0.525000 0.795000 0.281412
v -0.515000 0.795000 0.281412
v -0.505000 0.795000 0.281412
v -0.495000 0.795000 0.281412
v -0.485000 0.795000 0.281412
v -0.475000 0.795000 0.286102
v -0.465000 0.795000 0.286102
v -0.455000 0.795000 0.286102
v -0.445000 0.795000 0.290792
v -0.435000 0.795000 0.290792
v -0.425000 0.795000 0.295482
v -0.415000 0.795000 0.299000
v -0.405000 0.795000 0.299000
v -0.395000 0.795000 0.299000
v -0.385000 0.795000 0.308208
v -0.375000 0.795000 0.308208
v -0.365000 0.795000 0.317416
v -0.355000 0.795000 0.317416
v -0.345000 0.795000 0.326623
v -0.335000 0.795000 0.335831
v -0.325000 0.795000 0.335831
v -0.315000 0.795000 0.335831
v -0.305000 0.795000 0.345039
v -0.295000 0.795000 0.354247
v -0.285000 0.795000 0.363455
v -0.275000 0.795000 0.363455
v -0.265000 0.795000 0.363455
v -0.255000 0.795000 0.372663
v -0.245000 0.795000 0.372663
v -0.235000 0.795000 0.372663
v -0.225000 0.795000 0.372663
v -0.215000 0.795000 0.381871
v -0.205000 0.795000 0.391078
v -0.195000 0.795000 0.391078
v -0.185000 0.795000 0.391078
v -0.175000 0.795000 0.400286
v -0.165000 0.795000 0.400286
v -0.155000 0.795000 0.409494
v -0.145000 0.795000 0.400286
v -0.135000 0.795000 0.409494
v -0.125000 0.795000 0.409494
v -0.115000 0.795000 0.409494
v -0.105000 0.795000 0.418702
v -0.095000 0.795000 0.418702
v -0.085000 0.795000 0.418702
v -0.075000 0.795000 0.427910
v -0.065000 0.795000 0.427910
v -0.055000 0.795000 0.427910
v -0.045000 0.795000 0.427910
v -0.035000 0.795000 0.427910
v -0.025000 0.795000 0.427910
v -0.015000 0.795000 0.427910
v -0.005000 0.795000 0.057223
v -0.995000 0.805000 0.057223
v -0.985000 0.805000 0.372663
v -0.975000 0.805000 0.391078
v -0.965000 0.805000 0.391078
v -0.955000 0.805000 0.391078
v -0.945000 0.805000 0.391078
v -0.935000 0.805000 0.391078
v -0.925000 0.805000 0.391078
v -0.915000 0.805000 0.391078
v -0.905000 0.805000 0.391078
v -0.895000 0.805000 0.391078
v -0.885000 0.805000 0.391078
v -0.875000 0.805000 0.381871
v -0.865000 0.805000 0.381871
v -0.855000 0.805000 0.381871
v -0.845000 0.805000 0.372663
v -0.835000 0.805000 0.372663
v -0.825000 0.805000 0.372663
v -0.815000 0.805000 0.372663
v -0.805000 0.805000 0.363455
v -0.795000 0.805000 0.363455
v -0.785000 0.805000 0.363455
v -0.775000 0.805000 0.354247
v -0.765000 0.805000 0.345039
v -0.755000 0.805000 0.335831
v -0.745000 0.805000 0.335831
v -0.735000 0.805000 0.335831
v -0.725000 0.805000 0.326623
v -0.715000 0.805000 0.326623
v -0.705000 0.805000 0.326623
v -0.695000 0.805000 0.317416
v -0.685000 0.805000 0.308208
v -0.675000 0.805000 0.299000
v -0.665000 0.805000 0.295482
v -0.655000 0.805000 0.295482
v -0.645000 0.805000 0.295482
v -0.635000 0.805000 0.290792
v -0.625000 0.805000 0.290792
v -0.615000 0.805000 0.290792
v -0.605000 0.805000 0.290792
v -0.595000 0.805000 0.286102
v -0.585000 0.805000 0.286102
v -0.575000 0.805000 0.286102
v -0.565000 0.805000 0.286102
v -0.555000 0.805000 0.286102
v -0.545000 0.805000 0.281412
v -0.535000 0.805000 0.281412
v -0.525000 0.805000 0.281412
v -0.515000 0.805000 0.281412
v -0.505000 0.805000 0.281412
v -0.495000 0.805000 0.281412
v -0.485000 0.805000 0.281412
v -0.475000 0.805000 0.281412
v -0.465000 0.805000 0.281412
v -0.455000 0.805000 0.286102
v -0.445000 0.805000 0.286102
v -0.435000 0.805000 0.290792
v -0.425000 0.805000 0.290792
v -0.415000 0.805000 0.295482
v -0.405000 0.805000 0.295482
v -0.395000 0.805000 0.295482
v -0.385000 0.805000 0.299000
v -0.375000 0.805000 0.308208
v -0.365000 0.805000 0.308208
v -0.355000 0.805000 0.317416
v -0.345000 0.805000 0.326623
v -0.335000 0.805000 0.326623
v -0.325000 0.805000 0.326623
v -0.315000 0.805000 0.335831
v -0.305000 0.805000 0.345039
v -0.295000 0.805000 0.345039
v -0.285000 0.805000 0.354247
v -0.275000 0.805000 0.363455
v -0.265000 0.805000 0.354247
v -0.255000 0.805000 0.363455
v -0.245000 0.805000 0.372663
v -0.235000 0.805000 0.363455
v -0.225000 0.805000 0.372663
v -0.215000 0.805000 0.372663
v -0.205000 0.805000 0.381871
v -0.195000 0.805000 0.391078
v -0.185000 0.805000 0.391078
v -0.175000 0.805000 0.391078
v -0.165000 0.805000 0.400286
v -0.155000 0.805000 0.400286
v -0.145000 0.805000 0.400286
v -0.135000 0.805000 0.409494
v -0.125000 0.805000 0.409494
v -0.115000 0.805000 0.409494
v -0.105000 0.805000 0.409494
v -0.095000 0.805000 0.418702
v -0.085000 0.805000 0.418702
v -0.075000 0.805000 0.418702
v -0.065000 0.805000 0.418702
v -0.055000 0.805000 0.427910
v -0.045000 0.805000 0.427910
v -0.035000 0.805000 0.427910
v -0.025000 0.805000 0.427910
v -0.015000 0.805000 0.427910
v -0.005000 0.805000 0.057223
v -0.995000 0.815000 0.057223
v -0.985000 0.815000 0.372663
v -0.975000 0.815000 0.391078
v -0.965000 0.815000 0.391078
v -0.955000 0.815000 0.391078
v -0.945000 0.815000 0.391078
v -0.935000 0.815000 0.391078
v -0.925000 0.815000 0.391078
v -0.915000 0.815000 0.391078
v -0.905000 0.815000 0.391078
v -0.895000 0.815000 0.391078
v -0.885000 0.815000 0.381871
v -0.875000 0.815000 0.381871
v -0.865000 0.815000 0.381871
v -0.855000 0.815000 0.381871
v -0.845000 0.815000 0.372663
v -0.835000 0.815000 0.372663
v -0.825000 0.815000 0.372663
v -0.815000 0.815000 0.363455
v -0.805000 0.815000 0.363455
v -0.795000 0.815000 0.363455
v -0.785000 0.815000 0.354247
v -0.775000 0.815000 0.354247
v -0.765000 0.815000 0.345039
v -0.755000 0.815000 0.335831
v -0.745000 0.815000 0.335831
v -0.735000 0.815000 0.335831
v -0.725000 0.815000 0.326623
v -0.715000 0.815000 0.326623
v -0.705000 0.815000 0.317416
v -0.695000 0.815000 0.317416
v -0.685000 0.815000 0.308208
v -0.675000 0.815000 0.299000
v -0.665000 0.815000 0.295482
v -0.655000 0.815000 0.295482
v -0.645000 0.815000 0.290792
v -0.635000 0.815000 0.290792
v -0.625000 0.815000 0.290792
v -0.615000 0.815000 0.290792
v -0.605000 0.815000 0.286102
v -0.595000 0.815000 0.286102
v -0.585000 0.815000 0.286102
v -0.575000 0.815000 0.286102
v -0.565000 0.815000 0.286102
v -0.555000 0.815000 0.281412
v -0.545000 0.815000 0.281412
v -0.535000 0.815000 0.281412
v -0.525000 0.815000 0.281412
v -0.515000 0.815000 0.281412
v -0.505000 0.815000 0.276722
v -0.495000 0.815000 0.276722
v -0.485000 0.815000 0.276722
v -0.475000 0.815000 0.276722
v -0.465000 0.815000 0.281412
v -0.455000 0.815000 0.281412
v -0.445000 0.815000 0.281412
v -0.435000 0.815000 0.286102
v -0.425000 0.815000 0.286102
v -0.415000 0.815000 0.290792
v -0.405000 0.815000 0.290792
v -0.395000 0.815000 0.295482
v -0.385000 0.815000 0.295482
v -0.375000 0.815000 0.299000
v -0.365000 0.815000 0.308208
v -0.355000 0.815000 0.308208
v -0.345000 0.815000 0.317416
v -0.335000 0.815000 0.317416
v -0.325000 0.815000 0.317416
v -0.315000 0.815000 0.326623
v -0.305000 0.815000 0.335831
v -0.295000 0.815000 0.335831
v -0.285000 0.815000 0.345039
v -0.275000 0.815000 0.345039
v -0.265000 0.815000 0.345039
v -0.255000 0.815000 0.363455
v -0.245000 0.815000 0.363455
v -0.235000 0.815000 0.354247
v -0.225000 0.815000 0.363455
v -0.215000 0.815000 0.372663
v -0.205000 0.815000 0.372663
v -0.195000 0.815000 0.381871
v -0.185000 0.815000 0.391078
v -0.175000 0.815000 0.391078
v -0.165000 0.815000 0.391078
v -0.155000 0.815000 0.400286
v -0.145000 0.815000 0.400286
v -0.135000 0.815000 0.400286
v -0.125000 0.815000 0.400286
v -0.115000 0.815000 0.400286
v -0.105000 0.815000 0.409494
v -0.095000 0.815000 0.409494
v -0.085000 0.815000 0.418702
v -0.075000 0.815000 0.418702
v -0.065000 0.815000 0.418702
v -0.055000 0.815000 0.418702
v -0.045000 0.815000 0.418702
v -0.035000 0.815000 0.418702
v -0.025000 0.815000 0.427910
v -0.015000 0.815000 0.427910
v -0.005000 0.815000 0.427910
v 0.005000 0.815000 0.150086
v -0.995000 0.825000 0.057223
v -0.985000 0.825000 0.381871
v -0.975000 0.825000 0.391078
v -0.965000 0.825000 0.391078
v -0.955000 0.825000 0.391078
v -0.945000 0.825000 0.391078
v -0.935000 0.825000 0.391078
v -0.925000 0.825000 0.391078
v -0.915000 0.825000 0.391078
v -0.905000 0.825000 0.391078
v -0.895000 0.825000 0.391078
v -0.885000 0.825000 0.381871
v -0.875000 0.825000 0.381871
v -0.865000 0.825000 0.381871
v -0.855000 0.825000 0.381871
v -0.845000 0.825000 0.372663
v -0.835000 0.825000 0.372663
v -0.825000 0.825000 0.363455
v -0.815000 0.825000 0.363455
v -0.805000 0.825000 0.363455
v -0.795000 0.825000 0.354247
v -0.785000 0.825000 0.354247
v -0.775000 0.825000 0.354247
v -0.765000 0.825000 0.345039
v -0.755000 0.825000 0.335831
v -0.745000 0.825000 0.335831
v -0.735000 0.825000 0.326623
v -0.725000 0.825000 0.326623
v -0.715000 0.825000 0.317416
v -0.705000 0.825000 0.317416
v -0.695000 0.825000 0.317416
v -0.685000 0.825000 0.308208
v -0.675000 0.825000 0.295482
v -0.665000 0.825000 0.295482
v -0.655000 0.825000 0.290792
v -0.645000 0.825000 0.290792
v -0.635000 0.825000 0.290792
v -0.625000 0.825000 0.290792
v -0.615000 0.825000 0.286102
v -0.605000 0.825000 0.286102
v -0.595000 0.825000 0.286102
v -0.585000 0.825000 0.286102
v -0.575000 0.825000 0.281412
v -0.565000 0.825000 0.281412
v -0.555000 0.825000 0.281412
v -0.545000 0.825000 0.281412
v -0.535000 0.825000 0.281412
v -0.525000 0.825000 0.281412
v -0.515000 0.825000 0.276722
v -0.505000 0.825000 0.276722
v -0.495000 0.825000 0.276722
v -0.485000 0.825000 0.276722
v -0.475000 0.825000 0.276722
v -0.465000 0.825000 0.276722
v -0.455000 0.825000 0.276722
v -0.445000 0.825000 0.281412
v -0.435000 0.825000 0.281412
v -0.425000 0.825000 0.286102
v -0.415000 0.825000 0.286102
v -0.405000 0.825000 0.290792
v -0.395000 0.825000 0.290792
v -0.385000 0.825000 0.290792
v -0.375000 0.825000 0.295482
v -0.365000 0.825000 0.299000
v -0.355000 0.825000 0.299000
v -0.345000 0.825000 0.308208
v -0.335000 0.825000 0.308208
v -0.325000 0.825000 0.317416
v -0.315000 0.825000 0.326623
v -0.305000 0.825000 0.326623
v -0.295000 0.825000 0.335831
v -0.285000 0.825000 0.335831
v -0.275000 0.825000 0.335831
v -0.265000 0.825000 0.345039
v -0.255000 0.825000 0.354247
v -0.245000 0.825000 0.354247
v -0.235000 0.825000 0.354247
v -0.225000 0.825000 0.363455
v -0.215000 0.825000 0.363455
v -0.205000 0.825000 0.372663
v -0.195000 0.825000 0.381871
v -0.185000 0.825000 0.381871
v -0.175000 0.825000 0.381871
v -0.165000 0.825000 0.391078
v -0.155000 0.825000 0.391078
v -0.145000 0.825000 0.391078
v -0.135000 0.825000 0.400286
v -0.125000 0.825000 0.400286
v -0.115000 0.825000 0.400286
v -0.105000 0.825000 0.400286
v -0.095000 0.825000 0.409494
v -0.085000 0.825000 0.409494
v -0.075000 0.825000 0.409494
v -0.065000 0.825000 0.418702
v -0.055000 0.825000 0.418702
v -0.045000 0.825000 0.418702
v -0.035000 0.825000 0.418702
v -0.025000 0.825000 0.418702
v -0.015000 0.825000 0.418702
v -0.005000 0.825000 0.427910
v 0.005000 0.825000 0.150086
v -0.985000 0.835000 0.057223
v -0.975000 0.835000 0.057223
v -0.965000 0.835000 0.391078
v -0.955000 0.835000 0.391078
v -0.945000 0.835000 0.391078
v -0.935000 0.835000 0.391078
v -0.925000 0.835000 0.391078
v -0.915000 0.835000 0.391078
v -0.905000 0.835000 0.391078
v -0.895000 0.835000 0.391078
v -0.885000 0.835000 0.381871
v -0.875000 0.835000 0.381871
v -0.865000 0.835000 0.381871
v -0.855000 0.835000 0.372663
v -0.845000 0.835000 0.372663
v -0.835000 0.835000 0.372663
v -0.825000 0.835000 0.363455
v -0.815000 0.835000 0.363455
v -0.805000 0.835000 0.363455
v -0.795000 0.835000 0.354247
v -0.785000 0.835000 0.354247
v -0.775000 0.835000 0.345039
v -0.765000 0.835000 0.345039
v -0.755000 0.835000 0.335831
v -0.745000 0.835000 0.335831
v -0.735000 0.835000 0.326623
v -0.725000 0.835000 0.326623
v -0.715000 0.835000 0.317416
v -0.705000 0.835000 0.317416
v -0.695000 0.835000 0.308208
v -0.685000 0.835000 0.299000
v -0.675000 0.835000 0.295482
v -0.665000 0.835000 0.295482
v -0.655000 0.835000 0.290792
v -0.645000 0.835000 0.290792
v -0.635000 0.835000 0.290792
v -0.625000 0.835000 0.286102
v -0.615000 0.835000 0.286102
v -0.605000 0.835000 0.286102
v -0.595000 0.835000 0.286102
v -0.585000 0.835000 0.281412
v -0.575000 0.835000 0.281412
v -0.565000 0.835000 0.281412
v -0.555000 0.835000 0.281412
v -0.545000 0.835000 0.281412
v -0.535000 0.835000 0.276722
v -0.525000 0.835000 0.276722
v -0.515000 0.835000 0.276722
v -0.505000 0.835000 0.276722
v -0.495000 0.835000 0.276722
v -0.485000 0.835000 0.276722
v -0.475000 0.835000 0.276722
v -0.465000 0.835000 0.276722
v -0.455000 0.835000 0.276722
v -0.445000 0.835000 0.276722
v -0.435000 0.835000 0.281412
v -0.425000 0.835000 0.281412
v -0.415000 0.835000 0.286102
v -0.405000 0.835000 0.286102
v -0.395000 0.835000 0.286102
v -0.385000 0.835000 0.290792
v -0.375000 0.835000 0.295482
v -0.365000 0.835000 0.295482
v -0.355000 0.835000 0.299000
v -0.345000 0.835000 0.299000
v -0.335000 0.835000 0.299000
v -0.325000 0.835000 0.308208
v -0.315000 0.835000 0.317416
v -0.305000 0.835000 0.326623
v -0.295000 0.835000 0.326623
v -0.285000 0.835000 0.326623
v -0.275000 0.835000 0.326623
v -0.265000 0.835000 0.335831
v -0.255000 0.835000 0.354247
v -0.245000 0.835000 0.354247
v -0.235000 0.835000 0.345039
v -0.225000 0.835000 0.354247
v -0.215000 0.835000 0.363455
v -0.205000 0.835000 0.363455
v -0.195000 0.835000 0.372663
v -0.185000 0.835000 0.381871
v -0.175000 0.835000 0.381871
v -0.165000 0.835000 0.381871
v -0.155000 0.835000 0.391078
v -0.145000 0.835000 0.391078
v -0.135000 0.835000 0.391078
v -0.125000 0.835000 0.391078
v -0.115000 0.835000 0.400286
v -0.105000 0.835000 0.400286
v -0.095000 0.835000 0.400286
v -0.085000 0.835000 0.409494
v -0.075000 0.835000 0.409494
v -0.065000 0.835000 0.409494
v -0.055000 0.835000 0.418702
v -0.045000 0.835000 0.418702
v -0.035000 0.835000 0.418702
v -0.025000 0.835000 0.418702
v -0.015000 0.835000 0.418702
v -0.005000 0.835000 0.418702
v 0.005000 0.835000 0.150086
v -0.975000 0.845000 0.057223
v -0.965000 0.845000 0.391078
v -0.955000 0.845000 0.391078
v -0.945000 0.845000 0.391078
v -0.935000 0.845000 0.391078
v -0.925000 0.845000 0.391078
v -0.915000 0.845000 0.391078
v -0.905000 0.845000 0.391078
v -0.895000 0.845000 0.391078
v -0.885000 0.845000 0.381871
v -0.875000 0.845000 0.381871
v -0.865000 0.845000 0.381871
v -0.855000 0.845000 0.372663
v -0.845000 0.845000 0.372663
v -0.835000 0.845000 0.372663
v -0.825000 0.845000 0.363455
v -0.815000 0.845000 0.363455
v -0.805000 0.845000 0.363455
v -0.795000 0.845000 0.354247
v -0.785000 0.845000 0.354247
v -0.775000 0.845000 0.345039
v -0.765000 0.845000 0.345039
v -0.755000 0.845000 0.335831
v -0.745000 0.845000 0.335831
v -0.735000 0.845000 0.326623
v -0.725000 0.845000 0.317416
v -0.715000 0.845000 0.317416
v -0.705000 0.845000 0.308208
v -0.695000 0.845000 0.308208
v -0.685000 0.845000 0.299000
v -0.675000 0.845000 0.295482
v -0.665000 0.845000 0.290792
v -0.655000 0.845000 0.290792
v -0.645000 0.845000 0.290792
v -0.635000 0.845000 0.286102
v -0.625000 0.845000 0.286102
v -0.615000 0.845000 0.286102
v -0.605000 0.845000 0.286102
v -0.595000 0.845000 0.286102
v -0.585000 0.845000 0.281412
v -0.575000 0.845000 0.281412
v -0.565000 0.845000 0.281412
v -0.555000 0.845000 0.281412
v -0.545000 0.845000 0.276722
v -0.535000 0.845000 0.276722
v -0.525000 0.845000 0.276722
v -0.515000 0.845000 0.276722
v -0.505000 0.845000 0.276722
v -0.495000 0.845000 0.276722
v -0.485000 0.845000 0.272031
v -0.475000 0.845000 0.272031
v -0.465000 0.845000 0.276722
v -0.455000 0.845000 0.276722
v -0.445000 0.845000 0.276722
v -0.435000 0.845000 0.276722
v -0.425000 0.845000 0.281412
v -0.415000 0.845000 0.281412
v -0.405000 0.845000 0.281412
v -0.395000 0.845000 0.286102
v -0.385000 0.845000 0.286102
v -0.375000 0.845000 0.290792
v -0.365000 0.845000 0.290792
v -0.355000 0.845000 0.295482
v -0.345000 0.845000 0.295482
v -0.335000 0.845000 0.299000
v -0.325000 0.845000 0.308208
v -0.315000 0.845000 0.308208
v -0.305000 0.845000 0.317416
v -0.295000 0.845000 0.317416
v -0.285000 0.845000 0.326623
v -0.275000 0.845000 0.326623
v -0.265000 0.845000 0.335831
v -0.255000 0.845000 0.345039
v -0.245000 0.845000 0.335831
v -0.235000 0.845000 0.345039
v -0.225000 0.845000 0.354247
v -0.215000 0.845000 0.354247
v -0.205000 0.845000 0.363455
v -0.195000 0.845000 0.363455
v -0.185000 0.845000 0.372663
v -0.175000 0.845000 0.372663
v -0.165000 0.845000 0.381871
v -0.155000 0.845000 0.381871
v -0.145000 0.845000 0.391078
v -0.135000 0.845000 0.391078
v -0.125000 0.845000 0.391078
v -0.115000 0.845000 0.391078
v -0.105000 0.845000 0.400286
v -0.095000 0.845000 0.400286
v -0.085000 0.845000 0.400286
v -0.075000 0.845000 0.409494
v -0.065000 0.845000 0.409494
v -0.055000 0.845000 0.409494
v -0.045000 0.845000 0.409494
v -0.035000 0.845000 0.409494
v -0.025000 0.845000 0.418702
v -0.015000 0.845000 0.418702
v -0.005000 0.845000 0.418702
v 0.005000 0.845000 0.057223
v -0.965000 0.855000 0.057223
v -0.955000 0.855000 0.391078
v -0.945000 0.855000 0.391078
v -0.935000 0.855000 0.391078
v -0.925000 0.855000 0.391078
v -0.915000 0.855000 0.391078
v -0.905000 0.855000 0.391078
v -0.895000 0.855000 0.381871
v -0.885000 0.855000 0.381871
v -0.875000 0.855000 0.381871
v -0.865000 0.855000 0.381871
v -0.855000 0.855000 0.372663
v -0.845000 0.855000 0.372663
v -0.835000 0.855000 0.372663
v -0.825000 0.855000 0.363455
v -0.815000 0.855000 0.363455
v -0.805000 0.855000 0.354247
v -0.795000 0.855000 0.354247
v -0.785000 0.855000 0.345039
v -0.775000 0.855000 0.345039
v -0.765000 0.855000 0.335831
v -0.755000 0.855000 0.335831
v -0.745000 0.855000 0.335831
v -0.735000 0.855000 0.326623
v -0.725000 0.855000 0.317416
v -0.715000 0.855000 0.308208
v -0.705000 0.855000 0.308208
v -0.695000 0.855000 0.299000
v -0.685000 0.855000 0.295482
v -0.675000 0.855000 0.295482
v -0.665000 0.855000 0.290792
v -0.655000 0.855000 0.290792
v -0.645000 0.855000 0.290792
v -0.635000 0.855000 0.286102
v -0.625000 0.855000 0.286102
v -0.615000 0.855000 0.286102
v -0.605000 0.855000 0.286102
v -0.595000 0.855000 0.281412
v -0.585000 0.855000 0.281412
v -0.575000 0.855000 0.281412
v -0.565000 0.855000 0.281412
v -0.555000 0.855000 0.281412
v -0.545000 0.855000 0.276722
v -0.535000 0.855000 0.276722
v -0.525000 0.855000 0.276722
v -0.515000 0.855000 0.276722
v -0.505000 0.855000 0.276722
v -0.495000 0.855000 0.272031
v -0.485000 0.855000 0.272031
v -0.475000 0.855000 0.272031
v -0.465000 0.855000 0.272031
v -0.455000 0.855000 0.272031
v -0.445000 0.855000 0.272031
v -0.435000 0.855000 0.276722
v -0.425000 0.855000 0.276722
v -0.415000 0.855000 0.276722
v -0.405000 0.855000 0.281412
v -0.395000 0.855000 0.281412
v -0.385000 0.855000 0.281412
v -0.375000 0.855000 0.286102
v -0.365000 0.855000 0.290792
v -0.355000 0.855000 0.290792
v -0.345000 0.855000 0.290792
v -0.335000 0.855000 0.295482
v -0.325000 0.855000 0.299000
v -0.315000 0.855000 0.299000
v -0.305000 0.855000 0.308208
v -0.295000 0.855000 0.317416
v -0.285000 0.855000 0.317416
v -0.275000 0.855000 0.326623
v -0.265000 0.855000 0.335831
v -0.255000 0.855000 0.335831
v -0.245000 0.855000 0.335831
v -0.235000 0.855000 0.335831
v -0.225000 0.855000 0.345039
v -0.215000 0.855000 0.354247
v -0.205000 0.855000 0.354247
v -0.195000 0.855000 0.363455
v -0.185000 0.855000 0.363455
v -0.175000 0.855000 0.372663
v -0.165000 0.855000 0.372663
v -0.155000 0.855000 0.381871
v -0.145000 0.855000 0.381871
v -0.135000 0.855000 0.381871
v -0.125000 0.855000 0.381871
v -0.115000 0.855000 0.391078
v -0.105000 0.855000 0.391078
v -0.095000 0.855000 0.391078
v -0.085000 0.855000 0.400286
v -0.075000 0.855000 0.400286
v -0.065000 0.855000 0.409494
v -0.055000 0.855000 0.409494
v -0.045000 0.855000 0.409494
v -0.035000 0.855000 0.409494
v -0.025000 0.855000 0.409494
v -0.015000 0.855000 0.418702
v -0.005000 0.855000 0.418702
v 0.005000 0.855000 0.057223
v -0.965000 0.865000 0.057223
v -0.955000 0.865000 0.391078
v -0.945000 0.865000 0.391078
v -0.935000 0.865000 0.391078
v -0.925000 0.865000 0.391078
v -0.915000 0.865000 0.391078
v -0.905000 0.865000 0.391078
v -0.895000 0.865000 0.381871
v -0.885000 0.865000 0.381871
v -0.875000 0.865000 0.381871
v -0.865000 0.865000 0.372663
v -0.855000 0.865000 0.372663
v -0.845000 0.865000 0.372663
v -0.835000 0.865000 0.363455
v -0.825000 0.865000 0.363455
v -0.815000 0.865000 0.354247
v -0.805000 0.865000 0.354247
v -0.795000 0.865000 0.354247
v -0.785000 0.865000 0.345039
v -0.775000 0.865000 0.345039
v -0.765000 0.865000 0.335831
v -0.755000 0.865000 0.335831
v -0.745000 0.865000 0.326623
v -0.735000 0.865000 0.326623
v -0.725000 0.865000 0.317416
v -0.715000 0.865000 0.308208
v -0.705000 0.865000 0.308208
v -0.695000 0.865000 0.299000
v -0.685000 0.865000 0.295482
v -0.675000 0.865000 0.290792
v -0.665000 0.865000 0.290792
v -0.655000 0.865000 0.290792
v -0.645000 0.865000 0.286102
v -0.635000 0.865000 0.286102
v -0.625000 0.865000 0.286102
v -0.615000 0.865000 0.286102
v -0.605000 0.865000 0.281412
v -0.595000 0.865000 0.281412
v -0.585000 0.865000 0.281412
v -0.575000 0.865000 0.281412
v -0.565000 0.865000 0.276722
v -0.555000 0.865000 0.276722
v -0.545000 0.865000 0.276722
v -0.535000 0.865000 0.276722
v -0.525000 0.865000 0.276722
v -0.515000 0.865000 0.276722
v -0.505000 0.865000 0.272031
v -0.495000 0.865000 0.272031
v -0.485000 0.865000 0.272031
v -0.475000 0.865000 0.272031
v -0.465000 0.865000 0.272031
v -0.455000 0.865000 0.272031
v -0.445000 0.865000 0.272031
v -0.435000 0.865000 0.272031
v -0.425000 0.865000 0.276722
v -0.415000 0.865000 0.276722
v -0.405000 0.865000 0.276722
v -0.395000 0.865000 0.276722
v -0.385000 0.865000 0.276722
v -0.375000 0.865000 0.281412
v -0.365000 0.865000 0.286102
v -0.355000 0.865000 0.286102
v -0.345000 0.865000 0.286102
v -0.335000 0.865000 0.295482
v -0.325000 0.865000 0.295482
v -0.315000 0.865000 0.295482
v -0.305000 0.865000 0.299000
v -0.295000 0.865000 0.308208
v -0.285000 0.865000 0.308208
v -0.275000 0.865000 0.317416
v -0.265000 0.865000 0.326623
v -0.255000 0.865000 0.326623
v -0.245000 0.865000 0.326623
v -0.235000 0.865000 0.335831
v -0.225000 0.865000 0.335831
v -0.215000 0.865000 0.345039
v -0.205000 0.865000 0.345039
v -0.195000 0.865000 0.354247
v -0.185000 0.865000 0.363455
v -0.175000 0.865000 0.363455
v -0.165000 0.865000 0.363455
v -0.155000 0.865000 0.372663
v -0.145000 0.865000 0.381871
v -0.135000 0.865000 0.381871
v -0.125000 0.865000 0.381871
v -0.115000 0.865000 0.391078
v -0.105000 0.865000 0.391078
v -0.095000 0.865000 0.391078
v -0.085000 0.865000 0.391078
v -0.075000 0.865000 0.400286
v -0.065000 0.865000 0.400286
v -0.055000 0.865000 0.400286
v -0.045000 0.865000 0.400286
v -0.035000 0.865000 0.409494
v -0.025000 0.865000 0.409494
v -0.015000 0.865000 0.409494
v -0.005000 0.865000 0.057223
v -0.965000 0.875000 0.057223
v -0.955000 0.875000 0.391078
v -0.945000 0.875000 0.391078
v -0.935000 0.875000 0.391078
v -0.925000 0.875000 0.391078
v -0.915000 0.875000 0.391078
v -0.905000 0.875000 0.391078
v -0.895000 0.875000 0.381871
v -0.885000 0.875000 0.381871
v -0.875000 0.875000 0.381871
v -0.865000 0.875000 0.372663
v -0.855000 0.875000 0.372663
v -0.845000 0.875000 0.372663
v -0.835000 0.875000 0.363455
v -0.825000 0.875000 0.363455
v -0.815000 0.875000 0.354247
v -0.805000 0.875000 0.354247
v -0.795000 0.875000 0.354247
v -0.785000 0.875000 0.345039
v -0.775000 0.875000 0.345039
v -0.765000 0.875000 0.335831
v -0.755000 0.875000 0.326623
v -0.745000 0.875000 0.326623
v -0.735000 0.875000 0.317416
v -0.725000 0.875000 0.317416
v -0.715000 0.875000 0.308208
v -0.705000 0.875000 0.299000
v -0.695000 0.875000 0.299000
v -0.685000 0.875000 0.295482
v -0.675000 0.875000 0.290792
v -0.665000 0.875000 0.290792
v -0.655000 0.875000 0.286102
v -0.645000 0.875000 0.286102
v -0.635000 0.875000 0.286102
v -0.625000 0.875000 0.286102
v -0.615000 0.875000 0.281412
v -0.605000 0.875000 0.281412
v -0.595000 0.875000 0.281412
v -0.585000 0.875000 0.281412
v -0.575000 0.875000 0.276722
v -0.565000 0.875000 0.276722
v -0.555000 0.875000 0.276722
v -0.545000 0.875000 0.276722
v -0.535000 0.875000 0.276722
v -0.525000 0.875000 0.272031
v -0.515000 0.875000 0.272031
v -0.505000 0.875000 0.272031
v -0.495000 0.875000 0.272031
v -0.485000 0.875000 0.272031
v -0.475000 0.875000 0.272031
v -0.465000 0.875000 0.267341
v -0.455000 0.875000 0.267341
v -0.445000 0.875000 0.267341
v -0.435000 0.875000 0.272031
v -0.425000 0.875000 0.272031
v -0.415000 0.875000 0.272031
v -0.405000 0.875000 0.276722
v -0.395000 0.875000 0.276722
v -0.385000 0.875000 0.272031
v -0.375000 0.875000 0.276722
v -0.365000 0.875000 0.281412
v -0.355000 0.875000 0.281412
v -0.345000 0.875000 0.286102
v -0.335000 0.875000 0.290792
v -0.325000 0.875000 0.290792
v -0.315000 0.875000 0.295482
v -0.305000 0.875000 0.295482
v -0.295000 0.875000 0.299000
v -0.285000 0.875000 0.299000
v -0.275000 0.875000 0.308208
v -0.265000 0.875000 0.317416
v -0.255000 0.875000 0.317416
v -0.245000 0.875000 0.317416
v -0.235000 0.875000 0.326623
v -0.225000 0.875000 0.326623
v -0.215000 0.875000 0.326623
v -0.205000 0.875000 0.345039
v -0.195000 0.875000 0.345039
v -0.185000 0.875000 0.354247
v -0.175000 0.875000 0.354247
v -0.165000 0.875000 0.363455
v -0.155000 0.875000 0.363455
v -0.145000 0.875000 0.372663
v -0.135000 0.875000 0.372663
v -0.125000 0.875000 0.372663
v -0.115000 0.875000 0.381871
v -0.105000 0.875000 0.381871
v -0.095000 0.875000 0.381871
v -0.085000 0.875000 0.391078
v -0.075000 0.875000 0.391078
v -0.065000 0.875000 0.391078
v -0.055000 0.875000 0.400286
v -0.045000 0.875000 0.400286
v -0.035000 0.875000 0.400286
v -0.025000 0.875000 0.400286
v -0.015000 0.875000 0.409494
v -0.005000 0.875000 0.057223
v -0.965000 0.885000 0.057223
v -0.955000 0.885000 0.391078
v -0.945000 0.885000 0.391078
v -0.935000 0.885000 0.391078
v -0.925000 0.885000 0.391078
v -0.915000 0.885000 0.391078
v -0.905000 0.885000 0.381871
v -0.895000 0.885000 0.381871
v -0.885000 0.885000 0.381871
v -0.875000 0.885000 0.381871
v -0.865000 0.885000 0.372663
v -0.855000 0.885000 0.372663
v -0.845000 0.885000 0.363455
v -0.835000 0.885000 0.363455
v -0.825000 0.885000 0.354247
v -0.815000 0.885000 0.354247
v -0.805000 0.885000 0.354247
v -0.795000 0.885000 0.345039
v -0.785000 0.885000 0.345039
v -0.775000 0.885000 0.335831
v -0.765000 0.885000 0.335831
v -0.755000 0.885000 0.326623
v -0.745000 0.885000 0.326623
v -0.735000 0.885000 0.317416
v -0.725000 0.885000 0.308208
v -0.715000 0.885000 0.308208
v -0.705000 0.885000 0.299000
v -0.695000 0.885000 0.295482
v -0.685000 0.885000 0.295482
v -0.675000 0.885000 0.290792
v -0.665000 0.885000 0.286102
v -0.655000 0.885000 0.286102
v -0.645000 0.885000 0.286102
v -0.635000 0.885000 0.286102
v -0.625000 0.885000 0.281412
v -0.615000 0.885000 0.281412
v -0.605000 0.885000 0.281412
v -0.595000 0.885000 0.281412
v -0.585000 0.885000 0.281412
v -0.575000 0.885000 0.276722
v -0.565000 0.885000 0.276722
v -0.555000 0.885000 0.276722
v -0.545000 0.885000 0.276722
v -0.535000 0.885000 0.272031
v -0.525000 0.885000 0.272031
v -0.515000 0.885000 0.272031
v -0.505000 0.885000 0.272031
v -0.495000 0.885000 0.267341
v -0.485000 0.885000 0.267341
v -0.475000 0.885000 0.267341
v -0.465000 0.885000 0.267341
v -0.455000 0.885000 0.267341
v -0.445000 0.885000 0.267341
v -0.435000 0.885000 0.267341
v -0.425000 0.885000 0.272031
v -0.415000 0.885000 0.272031
v -0.405000 0.885000 0.272031
v -0.395000 0.885000 0.272031
v -0.385000 0.885000 0.272031
v -0.375000 0.885000 0.276722
v -0.365000 0.885000 0.276722
v -0.355000 0.885000 0.276722
v -0.345000 0.885000 0.281412
v -0.335000 0.885000 0.286102
v -0.325000 0.885000 0.286102
v -0.315000 0.885000 0.290792
v -0.305000 0.885000 0.295482
v -0.295000 0.885000 0.295482
v -0.285000 0.885000 0.295482
v -0.275000 0.885000 0.299000
v -0.265000 0.885000 0.308208
v -0.255000 0.885000 0.308208
v -0.245000 0.885000 0.308208
v -0.235000 0.885000 0.317416
v -0.225000 0.885000 0.317416
v -0.215000 0.885000 0.326623
v -0.205000 0.885000 0.335831
v -0.195000 0.885000 0.335831
v -0.185000 0.885000 0.345039
v -0.175000 0.885000 0.345039
v -0.165000 0.885000 0.354247
v -0.155000 0.885000 0.354247
v -0.145000 0.885000 0.363455
v -0.135000 0.885000 0.363455
v -0.125000 0.885000 0.372663
v -0.115000 0.885000 0.372663
v -0.105000 0.885000 0.381871
v -0.095000 0.885000 0.381871
v -0.085000 0.885000 0.381871
v -0.075000 0.885000 0.381871
v -0.065000 0.885000 0.391078
v -0.055000 0.885000 0.391078
v -0.045000 0.885000 0.391078
v -0.035000 0.885000 0.400286
v -0.025000 0.885000 0.400286
v -0.015000 0.885000 0.400286
v -0.005000 0.885000 0.400286
v 0.005000 0.885000 0.057223
v -0.965000 0.895000 0.057223
v -0.955000 0.895000 0.391078
v -0.945000 0.895000 0.391078
v -0.935000 0.895000 0.391078
v -0.925000 0.895000 0.391078
v -0.915000 0.895000 0.381871
v -0.905000 0.895000 0.381871
v -0.895000 0.895000 0.381871
v -0.885000 0.895000 0.381871
v -0.875000 0.895000 0.372663
v -0.865000 0.895000 0.372663
v -0.855000 0.895000 0.372663
v -0.845000 0.895000 0.363455
v -0.835000 0.895000 0.363455
v -0.825000 0.895000 0.354247
v -0.815000 0.895000 0.354247
v -0.805000 0.895000 0.345039
v -0.795000 0.895000 0.345039
v -0.785000 0.895000 0.345039
v -0.775000 0.895000 0.335831
v -0.765000 0.895000 0.326623
v -0.755000 0.895000 0.326623
v -0.745000 0.895000 0.317416
v -0.735000 0.895000 0.317416
v -0.725000 0.895000 0.308208
v -0.715000 0.895000 0.299000
v -0.705000 0.895000 0.295482
v -0.695000 0.895000 0.295482
v -0.685000 0.895000 0.290792
v -0.675000 0.895000 0.290792
v -0.665000 0.895000 0.286102
v -0.655000 0.895000 0.286102
v -0.645000 0.895000 0.286102
v -0.635000 0.895000 0.286102
v -0.625000 0.895000 0.281412
v -0.615000 0.895000 0.281412
v -0.605000 0.895000 0.281412
v -0.595000 0.895000 0.281412
v -0.585000 0.895000 0.276722
v -0.575000 0.895000 0.276722
v -0.565000 0.895000 0.276722
v -0.555000 0.895000 0.276722
v -0.545000 0.895000 0.276722
v -0.535000 0.895000 0.272031
v -0.525000 0.895000 0.272031
v -0.515000 0.895000 0.272031
v -0.505000 0.895000 0.267341
v -0.495000 0.895000 0.267341
v -0.485000 0.895000 0.267341
v -0.475000 0.895000 0.267341
v -0.465000 0.895000 0.267341
v -0.455000 0.895000 0.262651
v -0.445000 0.895000 0.267341
v -0.435000 0.895000 0.267341
v -0.425000 0.895000 0.267341
v -0.415000 0.895000 0.267341
v -0.405000 0.895000 0.267341
v -0.395000 0.895000 0.272031
v -0.385000 0.895000 0.272031
v -0.375000 0.895000 0.272031
v -0.365000 0.895000 0.272031
v -0.355000 0.895000 0.276722
v -0.345000 0.895000 0.276722
v -0.335000 0.895000 0.276722
v -0.325000 0.895000 0.281412
v -0.315000 0.895000 0.286102
v -0.305000 0.895000 0.290792
v -0.295000 0.895000 0.290792
v -0.285000 0.895000 0.290792
v -0.275000 0.895000 0.290792
v -0.265000 0.895000 0.295482
v -0.255000 0.895000 0.299000
v -0.245000 0.895000 0.308208
v -0.235000 0.895000 0.308208
v -0.225000 0.895000 0.308208
v -0.215000 0.895000 0.317416
v -0.205000 0.895000 0.326623
v -0.195000 0.895000 0.326623
v -0.185000 0.895000 0.335831
v -0.175000 0.895000 0.335831
v -0.165000 0.895000 0.345039
v -0.155000 0.895000 0.345039
v -0.145000 0.895000 0.354247
v -0.135000 0.895000 0.363455
v -0.125000 0.895000 0.363455
v -0.115000 0.895000 0.363455
v -0.105000 0.895000 0.372663
v -0.095000 0.895000 0.372663
v -0.085000 0.895000 0.381871
v -0.075000 0.895000 0.381871
v -0.065000 0.895000 0.381871
v -0.055000 0.895000 0.381871
v -0.045000 0.895000 0.391078
v -0.035000 0.895000 0.391078
v -0.025000 0.895000 0.391078
v -0.015000 0.895000 0.400286
v -0.005000 0.895000 0.400286
v 0.005000 0.895000 0.400286
v 0.015000 0.895000 0.057223
v -0.965000 0.905000 0.057223
v -0.955000 0.905000 0.391078
v -0.945000 0.905000 0.391078
v -0.935000 0.905000 0.391078
v -0.925000 0.905000 0.391078
v -0.915000 0.905000 0.381871
v -0.905000 0.905000 0.381871
v -0.895000 0.905000 0.381871
v -0.885000 0.905000 0.381871
v -0.875000 0.905000 0.372663
v -0.865000 0.905000 0.372663
v -0.855000 0.905000 0.372663
v -0.845000 0.905000 0.363455
v -0.835000 0.905000 0.363455
v -0.825000 0.905000 0.354247
v -0.815000 0.905000 0.354247
v -0.805000 0.905000 0.345039
v -0.795000 0.905000 0.345039
v -0.785000 0.905000 0.345039
v -0.775000 0.905000 0.335831
v -0.765000 0.905000 0.326623
v -0.755000 0.905000 0.326623
v -0.745000 0.905000 0.317416
v -0.735000 0.905000 0.308208
v -0.725000 0.905000 0.299000
v -0.715000 0.905000 0.299000
v -0.705000 0.905000 0.295482
v -0.695000 0.905000 0.290792
v -0.685000 0.905000 0.290792
v -0.675000 0.905000 0.286102
v -0.665000 0.905000 0.286102
v -0.655000 0.905000 0.286102
v -0.645000 0.905000 0.286102
v -0.635000 0.905000 0.281412
v -0.625000 0.905000 0.281412
v -0.615000 0.905000 0.281412
v -0.605000 0.905000 0.281412
v -0.595000 0.905000 0.276722
v -0.585000 0.905000 0.276722
v -0.575000 0.905000 0.276722
v -0.565000 0.905000 0.276722
v -0.555000 0.905000 0.276722
v -0.545000 0.905000 0.272031
v -0.535000 0.905000 0.272031
v -0.525000 0.905000 0.272031
v -0.515000 0.905000 0.267341
v -0.505000 0.905000 0.267341
v -0.495000 0.905000 0.267341
v -0.485000 0.905000 0.267341
v -0.475000 0.905000 0.262651
v -0.465000 0.905000 0.262651
v -0.455000 0.905000 0.262651
v -0.445000 0.905000 0.262651
v -0.435000 0.905000 0.262651
v -0.425000 0.905000 0.262651
v -0.415000 0.905000 0.262651
v -0.405000 0.905000 0.267341
v -0.395000 0.905000 0.267341
v -0.385000 0.905000 0.267341
v -0.375000 0.905000 0.267341
v -0.365000 0.905000 0.272031
v -0.355000 0.905000 0.272031
v -0.345000 0.905000 0.272031
v -0.335000 0.905000 0.272031
v -0.325000 0.905000 0.276722
v -0.315000 0.905000 0.281412
v -0.305000 0.905000 0.286102
v -0.295000 0.905000 0.286102
v -0.285000 0.905000 0.286102
v -0.275000 0.905000 0.290792
v -0.265000 0.905000 0.290792
v -0.255000 0.905000 0.295482
v -0.245000 0.905000 0.295482
v -0.235000 0.905000 0.299000
v -0.225000 0.905000 0.308208
v -0.215000 0.905000 0.308208
v -0.205000 0.905000 0.317416
v -0.195000 0.905000 0.326623
v -0.185000 0.905000 0.326623
v -0.175000 0.905000 0.326623
v -0.165000 0.905000 0.335831
v -0.155000 0.905000 0.335831
v -0.145000 0.905000 0.345039
v -0.135000 0.905000 0.354247
v -0.125000 0.905000 0.363455
v -0.115000 0.905000 0.363455
v -0.105000 0.905000 0.363455
v -0.095000 0.905000 0.372663
v -0.085000 0.905000 0.372663
v -0.075000 0.905000 0.372663
v -0.065000 0.905000 0.381871
v -0.055000 0.905000 0.381871
v -0.045000 0.905000 0.381871
v -0.035000 0.905000 0.381871
v -0.025000 0.905000 0.381871
v -0.015000 0.905000 0.391078
v -0.005000 0.905000 0.391078
v 0.005000 0.905000 0.057223
v -0.955000 0.915000 0.057223
v -0.945000 0.915000 0.381871
v -0.935000 0.915000 0.381871
v -0.925000 0.915000 0.381871
v -0.915000 0.915000 0.381871
v -0.905000 0.915000 0.381871
v -0.895000 0.915000 0.372663
v -0.885000 0.915000 0.372663
v -0.875000 0.915000 0.372663
v -0.865000 0.915000 0.372663
v -0.855000 0.915000 0.363455
v -0.845000 0.915000 0.363455
v -0.835000 0.915000 0.354247
v -0.825000 0.915000 0.354247
v -0.815000 0.915000 0.354247
v -0.805000 0.915000 0.345039
v -0.795000 0.915000 0.345039
v -0.785000 0.915000 0.335831
v -0.775000 0.915000 0.326623
v -0.765000 0.915000 0.326623
v -0.755000 0.915000 0.317416
v -0.745000 0.915000 0.308208
v -0.735000 0.915000 0.308208
v -0.725000 0.915000 0.299000
v -0.715000 0.915000 0.295482
v -0.705000 0.915000 0.290792
v -0.695000 0.915000 0.290792
v -0.685000 0.915000 0.286102
v -0.675000 0.915000 0.286102
v -0.665000 0.915000 0.286102
v -0.655000 0.915000 0.286102
v -0.645000 0.915000 0.281412
v -0.635000 0.915000 0.281412
v -0.625000 0.915000 0.281412
v -0.615000 0.915000 0.281412
v -0.605000 0.915000 0.276722
v -0.595000 0.915000 0.276722
v -0.585000 0.915000 0.276722
v -0.575000 0.915000 0.276722
v -0.565000 0.915000 0.272031
v -0.555000 0.915000 0.272031
v -0.545000 0.915000 0.272031
v -0.535000 0.915000 0.272031
v -0.525000 0.915000 0.267341
v -0.515000 0.915000 0.267341
v -0.505000 0.915000 0.267341
v -0.495000 0.915000 0.262651
v -0.485000 0.915000 0.262651
v -0.475000 0.915000 0.262651
v -0.465000 0.915000 0.262651
v -0.455000 0.915000 0.262651
v -0.445000 0.915000 0.262651
v -0.435000 0.915000 0.262651
v -0.425000 0.915000 0.262651
v -0.415000 0.915000 0.262651
v -0.405000 0.915000 0.262651
v -0.395000 0.915000 0.267341
v -0.385000 0.915000 0.267341
v -0.375000 0.915000 0.267341
v -0.365000 0.915000 0.267341
v -0.355000 0.915000 0.267341
v -0.345000 0.915000 0.267341
v -0.335000 0.915000 0.272031
v -0.325000 0.915000 0.276722
v -0.315000 0.915000 0.281412
v -0.305000 0.915000 0.281412
v -0.295000 0.915000 0.281412
v -0.285000 0.915000 0.286102
v -0.275000 0.915000 0.286102
v -0.265000 0.915000 0.290792
v -0.255000 0.915000 0.290792
v -0.245000 0.915000 0.295482
v -0.235000 0.915000 0.295482
v -0.225000 0.915000 0.299000
v -0.215000 0.915000 0.308208
v -0.205000 0.915000 0.317416
v -0.195000 0.915000 0.317416
v -0.185000 0.915000 0.317416
v -0.175000 0.915000 0.326623
v -0.165000 0.915000 0.326623
v -0.155000 0.915000 0.335831
v -0.145000 0.915000 0.335831
v -0.135000 0.915000 0.354247
v -0.125000 0.915000 0.354247
v -0.115000 0.915000 0.354247
v -0.105000 0.915000 0.363455
v -0.095000 0.915000 0.363455
v -0.085000 0.915000 0.372663
v -0.075000 0.915000 0.372663
v -0.065000 0.915000 0.372663
v -0.055000 0.915000 0.372663
v -0.045000 0.915000 0.381871
v -0.035000 0.915000 0.381871
v -0.025000 0.915000 0.381871
v -0.015000 0.915000 0.381871
v -0.005000 0.915000 0.391078
v 0.005000 0.915000 0.391078
v 0.015000 0.915000 0.057223
v -0.945000 0.925000 0.057223
v -0.935000 0.925000 0.381871
v -0.925000 0.925000 0.381871
v -0.915000 0.925000 0.381871
v -0.905000 0.925000 0.381871
v -0.895000 0.925000 0.372663
v -0.885000 0.925000 0.372663
v -0.875000 0.925000 0.372663
v -0.865000 0.925000 0.363455
v -0.855000 0.925000 0.363455
v -0.845000 0.925000 0.354247
v -0.835000 0.925000 0.354247
v -0.825000 0.925000 0.354247
v -0.815000 0.925000 0.345039
v -0.805000 0.925000 0.345039
v -0.795000 0.925000 0.335831
v -0.785000 0.925000 0.335831
v -0.775000 0.925000 0.326623
v -0.765000 0.925000 0.317416
v -0.755000 0.925000 0.317416
v -0.745000 0.925000 0.308208
v -0.735000 0.925000 0.299000
v -0.725000 0.925000 0.299000
v -0.715000 0.925000 0.295482
v -0.705000 0.925000 0.290792
v -0.695000 0.925000 0.290792
v -0.685000 0.925000 0.286102
v -0.675000 0.925000 0.286102
v -0.665000 0.925000 0.286102
v -0.655000 0.925000 0.286102
v -0.645000 0.925000 0.281412
v -0.635000 0.925000 0.281412
v -0.625000 0.925000 0.281412
v -0.615000 0.925000 0.281412
v -0.605000 0.925000 0.276722
v -0.595000 0.925000 0.276722
v -0.585000 0.925000 0.276722
v -0.575000 0.925000 0.276722
v -0.565000 0.925000 0.272031
v -0.555000 0.925000 0.272031
v -0.545000 0.925000 0.272031
v -0.535000 0.925000 0.272031
v -0.525000 0.925000 0.267341
v -0.515000 0.925000 0.267341
v -0.505000 0.925000 0.262651
v -0.495000 0.925000 0.262651
v -0.485000 0.925000 0.262651
v -0.475000 0.925000 0.262651
v -0.465000 0.925000 0.262651
v -0.455000 0.925000 0.262651
v -0.445000 0.925000 0.262651
v -0.435000 0.925000 0.262651
v -0.425000 0.925000 0.262651
v -0.415000 0.925000 0.262651
v -0.405000 0.925000 0.262651
v -0.395000 0.925000 0.262651
v -0.385000 0.925000 0.262651
v -0.375000 0.925000 0.267341
v -0.365000 0.925000 0.262651
v -0.355000 0.925000 0.267341
v -0.345000 0.925000 0.267341
v -0.335000 0.925000 0.267341
v -0.325000 0.925000 0.272031
v -0.315000 0.925000 0.276722
v -0.305000 0.925000 0.276722
v -0.295000 0.925000 0.281412
v -0.285000 0.925000 0.286102
v -0.275000 0.925000 0.286102
v -0.265000 0.925000 0.286102
v -0.255000 0.925000 0.286102
v -0.245000 0.925000 0.290792
v -0.235000 0.925000 0.295482
v -0.225000 0.925000 0.299000
v -0.215000 0.925000 0.299000
v -0.205000 0.925000 0.308208
v -0.195000 0.925000 0.308208
v -0.185000 0.925000 0.317416
v -0.175000 0.925000 0.317416
v -0.165000 0.925000 0.317416
v -0.155000 0.925000 0.326623
v -0.145000 0.925000 0.326623
v -0.135000 0.925000 0.345039
v -0.125000 0.925000 0.345039
v -0.115000 0.925000 0.345039
v -0.105000 0.925000 0.354247
v -0.095000 0.925000 0.354247
v -0.085000 0.925000 0.363455
v -0.075000 0.925000 0.363455
v -0.065000 0.925000 0.363455
v -0.055000 0.925000 0.372663
v -0.045000 0.925000 0.372663
v -0.035000 0.925000 0.372663
v -0.025000 0.925000 0.372663
v -0.015000 0.925000 0.381871
v -0.005000 0.925000 0.381871
v 0.005000 0.925000 0.391078
v 0.015000 0.925000 0.391078
v 0.025000 0.925000 0.057223
v -0.945000 0.935000 0.057223
v -0.935000 0.935000 0.381871
v -0.925000 0.935000 0.381871
v -0.915000 0.935000 0.381871
v -0.905000 0.935000 0.372663
v -0.895000 0.935000 0.372663
v -0.885000 0.935000 0.372663
v -0.875000 0.935000 0.372663
v -0.865000 0.935000 0.363455
v -0.855000 0.935000 0.363455
v -0.845000 0.935000 0.354247
v -0.835000 0.935000 0.354247
v -0.825000 0.935000 0.354247
v -0.815000 0.935000 0.345039
v -0.805000 0.935000 0.345039
v -0.795000 0.935000 0.335831
v -0.785000 0.935000 0.335831
v -0.775000 0.935000 0.326623
v -0.765000 0.935000 0.317416
v -0.755000 0.935000 0.308208
v -0.745000 0.935000 0.308208
v -0.735000 0.935000 0.299000
v -0.725000 0.935000 0.295482
v -0.715000 0.935000 0.295482
v -0.705000 0.935000 0.290792
v -0.695000 0.935000 0.286102
v -0.685000 0.935000 0.286102
v -0.675000 0.935000 0.286102
v -0.665000 0.935000 0.286102
v -0.655000 0.935000 0.281412
v -0.645000 0.935000 0.281412
v -0.635000 0.935000 0.281412
v -0.625000 0.935000 0.281412
v -0.615000 0.935000 0.276722
v -0.605000 0.935000 0.276722
v -0.595000 0.935000 0.276722
v -0.585000 0.935000 0.276722
v -0.575000 0.935000 0.272031
v -0.565000 0.935000 0.272031
v -0.555000 0.935000 0.272031
v -0.545000 0.935000 0.272031
v -0.535000 0.935000 0.267341
v -0.525000 0.935000 0.267341
v -0.515000 0.935000 0.267341
v -0.505000 0.935000 0.262651
v -0.495000 0.935000 0.262651
v -0.485000 0.935000 0.262651
v -0.475000 0.935000 0.262651
v -0.465000 0.935000 0.257961
v -0.455000 0.935000 0.257961
v -0.445000 0.935000 0.257961
v -0.435000 0.935000 0.257961
v -0.425000 0.935000 0.257961
v -0.415000 0.935000 0.257961
v -0.405000 0.935000 0.257961
v -0.395000 0.935000 0.257961
v -0.385000 0.935000 0.262651
v -0.375000 0.935000 0.262651
v -0.365000 0.935000 0.262651
v -0.355000 0.935000 0.262651
v -0.345000 0.935000 0.267341
v -0.335000 0.935000 0.267341
v -0.325000 0.935000 0.267341
v -0.315000 0.935000 0.267341
v -0.305000 0.935000 0.272031
v -0.295000 0.935000 0.276722
v -0.285000 0.935000 0.281412
v -0.275000 0.935000 0.281412
v -0.265000 0.935000 0.281412
v -0.255000 0.935000 0.281412
v -0.245000 0.935000 0.286102
v -0.235000 0.935000 0.290792
v -0.225000 0.935000 0.295482
v -0.215000 0.935000 0.295482
v -0.205000 0.935000 0.299000
v -0.195000 0.935000 0.299000
v -0.185000 0.935000 0.299000
v -0.175000 0.935000 0.308208
v -0.165000 0.935000 0.308208
v -0.155000 0.935000 0.317416
v -0.145000 0.935000 0.326623
v -0.135000 0.935000 0.326623
v -0.125000 0.935000 0.335831
v -0.115000 0.935000 0.335831
v -0.105000 0.935000 0.345039
v -0.095000 0.935000 0.354247
v -0.085000 0.935000 0.354247
v -0.075000 0.935000 0.354247
v -0.065000 0.935000 0.363455
v -0.055000 0.935000 0.363455
v -0.045000 0.935000 0.363455
v -0.035000 0.935000 0.372663
v -0.025000 0.935000 0.372663
v -0.015000 0.935000 0.372663
v -0.005000 0.935000 0.372663
v 0.005000 0.935000 0.381871
v 0.015000 0.935000 0.057223
v -0.935000 0.945000 0.057223
v -0.925000 0.945000 0.381871
v -0.915000 0.945000 0.381871
v -0.905000 0.945000 0.372663
v -0.895000 0.945000 0.372663
v -0.885000 0.945000 0.372663
v -0.875000 0.945000 0.363455
v -0.865000 0.945000 0.363455
v -0.855000 0.945000 0.363455
v -0.845000 0.945000 0.354247
v -0.835000 0.945000 0.354247
v -0.825000 0.945000 0.345039
v -0.815000 0.945000 0.345039
v -0.805000 0.945000 0.335831
v -0.795000 0.945000 0.335831
v -0.785000 0.945000 0.326623
v -0.775000 0.945000 0.317416
v -0.765000 0.945000 0.308208
v -0.755000 0.945000 0.308208
v -0.745000 0.945000 0.299000
v -0.735000 0.945000 0.299000
v -0.725000 0.945000 0.295482
v -0.715000 0.945000 0.290792
v -0.705000 0.945000 0.290792
v -0.695000 0.945000 0.286102
v -0.685000 0.945000 0.286102
v -0.675000 0.945000 0.286102
v -0.665000 0.945000 0.281412
v -0.655000 0.945000 0.281412
v -0.645000 0.945000 0.281412
v -0.635000 0.945000 0.281412
v -0.625000 0.945000 0.281412
v -0.615000 0.945000 0.276722
v -0.605000 0.945000 0.276722
v -0.595000 0.945000 0.276722
v -0.585000 0.945000 0.272031
v -0.575000 0.945000 0.272031
v -0.565000 0.945000 0.272031
v -0.555000 0.945000 0.272031
v -0.545000 0.945000 0.267341
v -0.535000 0.945000 0.267341
v -0.525000 0.945000 0.267341
v -0.515000 0.945000 0.262651
v -0.505000 0.945000 0.262651
v -0.495000 0.945000 0.262651
v -0.485000 0.945000 0.262651
v -0.475000 0.945000 0.257961
v -0.465000 0.945000 0.257961
v -0.455000 0.945000 0.257961
v -0.445000 0.945000 0.257961
v -0.435000 0.945000 0.257961
v -0.425000 0.945000 0.257961
v -0.415000 0.945000 0.257961
v -0.405000 0.945000 0.257961
v -0.395000 0.945000 0.257961
v -0.385000 0.945000 0.257961
v -0.375000 0.945000 0.257961
v -0.365000 0.945000 0.257961
v -0.355000 0.945000 0.262651
v -0.345000 0.945000 0.262651
v -0.335000 0.945000 0.262651
v -0.325000 0.945000 0.267341
v -0.315000 0.945000 0.267341
v -0.305000 0.945000 0.267341
v -0.295000 0.945000 0.272031
v -0.285000 0.945000 0.272031
v -0.275000 0.945000 0.272031
v -0.265000 0.945000 0.272031
v -0.255000 0.945000 0.276722
v -0.245000 0.945000 0.281412
v -0.235000 0.945000 0.290792
v -0.225000 0.945000 0.286102
v -0.215000 0.945000 0.286102
v -0.205000 0.945000 0.290792
v -0.195000 0.945000 0.295482
v -0.185000 0.945000 0.299000
v -0.175000 0.945000 0.308208
v -0.165000 0.945000 0.299000
v -0.155000 0.945000 0.308208
v -0.145000 0.945000 0.317416
v -0.135000 0.945000 0.317416
v -0.125000 0.945000 0.326623
v -0.115000 0.945000 0.326623
v -0.105000 0.945000 0.335831
v -0.095000 0.945000 0.345039
v -0.085000 0.945000 0.345039
v -0.075000 0.945000 0.345039
v -0.065000 0.945000 0.354247
v -0.055000 0.945000 0.354247
v -0.045000 0.945000 0.354247
v -0.035000 0.945000 0.363455
v -0.025000 0.945000 0.363455
v -0.015000 0.945000 0.363455
v -0.005000 0.945000 0.372663
v 0.005000 0.945000 0.372663
v 0.015000 0.945000 0.372663
v 0.025000 0.945000 0.057223
v -0.935000 0.955000 0.057223
v -0.925000 0.955000 0.372663
v -0.915000 0.955000 0.372663
v -0.905000 0.955000 0.372663
v -0.895000 0.955000 0.372663
v -0.885000 0.955000 0.363455
v -0.875000 0.955000 0.363455
v -0.865000 0.955000 0.363455
v -0.855000 0.955000 0.354247
v -0.845000 0.955000 0.354247
v -0.835000 0.955000 0.354247
v -0.825000 0.955000 0.345039
v -0.815000 0.955000 0.345039
v -0.805000 0.955000 0.335831
v -0.795000 0.955000 0.335831
v -0.785000 0.955000 0.326623
v -0.775000 0.955000 0.317416
v -0.765000 0.955000 0.308208
v -0.755000 0.955000 0.308208
v -0.745000 0.955000 0.299000
v -0.735000 0.955000 0.295482
v -0.725000 0.955000 0.295482
v -0.715000 0.955000 0.290792
v -0.705000 0.955000 0.290792
v -0.695000 0.955000 0.286102
v -0.685000 0.955000 0.286102
v -0.675000 0.955000 0.286102
v -0.665000 0.955000 0.281412
v -0.655000 0.955000 0.281412
v -0.645000 0.955000 0.281412
v -0.635000 0.955000 0.281412
v -0.625000 0.955000 0.276722
v -0.615000 0.955000 0.276722
v -0.605000 0.955000 0.276722
v -0.595000 0.955000 0.272031
v -0.585000 0.955000 0.272031
v -0.575000 0.955000 0.272031
v -0.565000 0.955000 0.272031
v -0.555000 0.955000 0.267341
v -0.545000 0.955000 0.267341
v -0.535000 0.955000 0.267341
v -0.525000 0.955000 0.262651
v -0.515000 0.955000 0.262651
v -0.505000 0.955000 0.262651
v -0.495000 0.955000 0.262651
v -0.485000 0.955000 0.257961
v -0.475000 0.955000 0.257961
v -0.465000 0.955000 0.257961
v -0.455000 0.955000 0.257961
v -0.445000 0.955000 0.257961
v -0.435000 0.955000 0.257961
v -0.425000 0.955000 0.257961
v -0.415000 0.955000 0.257961
v -0.405000 0.955000 0.257961
v -0.395000 0.955000 0.257961
v -0.385000 0.955000 0.257961
v -0.375000 0.955000 0.257961
v -0.365000 0.955000 0.257961
v -0.355000 0.955000 0.257961
v -0.345000 0.955000 0.262651
v -0.335000 0.955000 0.262651
v -0.325000 0.955000 0.262651
v -0.315000 0.955000 0.262651
v -0.305000 0.955000 0.262651
v -0.295000 0.955000 0.267341
v -0.285000 0.955000 0.267341
v -0.275000 0.955000 0.267341
v -0.265000 0.955000 0.267341
v -0.255000 0.955000 0.272031
v -0.245000 0.955000 0.276722
v -0.235000 0.955000 0.281412
v -0.225000 0.955000 0.281412
v -0.215000 0.955000 0.281412
v -0.205000 0.955000 0.286102
v -0.195000 0.955000 0.290792
v -0.185000 0.955000 0.295482
v -0.175000 0.955000 0.295482
v -0.165000 0.955000 0.295482
v -0.155000 0.955000 0.299000
v -0.145000 0.955000 0.299000
v -0.135000 0.955000 0.308208
v -0.125000 0.955000 0.317416
v -0.115000 0.955000 0.317416
v -0.105000 0.955000 0.326623
v -0.095000 0.955000 0.335831
v -0.085000 0.955000 0.335831
v -0.075000 0.955000 0.335831
v -0.065000 0.955000 0.345039
v -0.055000 0.955000 0.345039
v -0.045000 0.955000 0.354247
v -0.035000 0.955000 0.354247
v -0.025000 0.955000 0.354247
v -0.015000 0.955000 0.354247
v -0.005000 0.955000 0.363455
v 0.005000 0.955000 0.363455
v 0.015000 0.955000 0.354247
v 0.025000 0.955000 0.354247
v 0.035000 0.955000 0.057223
v -0.935000 0.965000 0.057223
v -0.925000 0.965000 0.372663
v -0.915000 0.965000 0.372663
v -0.905000 0.965000 0.372663
v -0.895000 0.965000 0.363455
v -0.885000 0.965000 0.363455
v -0.875000 0.965000 0.363455
v -0.865000 0.965000 0.363455
v -0.855000 0.965000 0.354247
v -0.845000 0.965000 0.354247
v -0.835000 0.965000 0.345039
v -0.825000 0.965000 0.345039
v -0.815000 0.965000 0.345039
v -0.805000 0.965000 0.335831
v -0.795000 0.965000 0.335831
v -0.785000 0.965000 0.326623
v -0.775000 0.965000 0.317416
v -0.765000 0.965000 0.308208
v -0.755000 0.965000 0.299000
v -0.745000 0.965000 0.299000
v -0.735000 0.965000 0.295482
v -0.725000 0.965000 0.290792
v -0.715000 0.965000 0.290792
v -0.705000 0.965000 0.286102
v -0.695000 0.965000 0.286102
v -0.685000 0.965000 0.281412
v -0.675000 0.965000 0.281412
v -0.665000 0.965000 0.281412
v -0.655000 0.965000 0.281412
v -0.645000 0.965000 0.281412
v -0.635000 0.965000 0.276722
v -0.625000 0.965000 0.276722
v -0.615000 0.965000 0.276722
v -0.605000 0.965000 0.276722
v -0.595000 0.965000 0.272031
v -0.585000 0.965000 0.272031
v -0.575000 0.965000 0.272031
v -0.565000 0.965000 0.272031
v -0.555000 0.965000 0.267341
v -0.545000 0.965000 0.267341
v -0.535000 0.965000 0.267341
v -0.525000 0.965000 0.262651
v -0.515000 0.965000 0.262651
v -0.505000 0.965000 0.262651
v -0.495000 0.965000 0.257961
v -0.485000 0.965000 0.257961
v -0.475000 0.965000 0.257961
v -0.465000 0.965000 0.257961
v -0.455000 0.965000 0.257961
v -0.445000 0.965000 0.253271
v -0.435000 0.965000 0.253271
v -0.425000 0.965000 0.253271
v -0.415000 0.965000 0.253271
v -0.405000 0.965000 0.253271
v -0.395000 0.965000 0.253271
v -0.385000 0.965000 0.253271
v -0.375000 0.965000 0.253271
v -0.365000 0.965000 0.257961
v -0.355000 0.965000 0.257961
v -0.345000 0.965000 0.257961
v -0.335000 0.965000 0.257961
v -0.325000 0.965000 0.262651
v -0.315000 0.965000 0.262651
v -0.305000 0.965000 0.262651
v -0.295000 0.965000 0.262651
v -0.285000 0.965000 0.267341
v -0.275000 0.965000 0.267341
v -0.265000 0.965000 0.267341
v -0.255000 0.965000 0.272031
v -0.245000 0.965000 0.276722
v -0.235000 0.965000 0.276722
v -0.225000 0.965000 0.276722
v -0.215000 0.965000 0.276722
v -0.205000 0.965000 0.281412
v -0.195000 0.965000 0.286102
v -0.185000 0.965000 0.290792
v -0.175000 0.965000 0.290792
v -0.165000 0.965000 0.290792
v -0.155000 0.965000 0.295482
v -0.145000 0.965000 0.295482
v -0.135000 0.965000 0.299000
v -0.125000 0.965000 0.308208
v -0.115000 0.965000 0.308208
v -0.105000 0.965000 0.317416
v -0.095000 0.965000 0.326623
v -0.085000 0.965000 0.326623
v -0.075000 0.965000 0.335831
v -0.065000 0.965000 0.335831
v -0.055000 0.965000 0.335831
v -0.045000 0.965000 0.345039
v -0.035000 0.965000 0.345039
v -0.025000 0.965000 0.345039
v -0.015000 0.965000 0.354247
v -0.005000 0.965000 0.354247
v 0.005000 0.965000 0.354247
v 0.015000 0.965000 0.345039
v 0.025000 0.965000 0.345039
v 0.035000 0.965000 0.363455
v 0.045000 0.965000 0.057223
v -0.935000 0.975000 0.057223
v -0.925000 0.975000 0.372663
v -0.915000 0.975000 0.372663
v -0.905000 0.975000 0.372663
v -0.895000 0.975000 0.363455
v -0.885000 0.975000 0.363455
v -0.875000 0.975000 0.363455
v -0.865000 0.975000 0.354247
v -0.855000 0.975000 0.354247
v -0.845000 0.975000 0.345039
v -0.835000 0.975000 0.345039
v -0.825000 0.975000 0.345039
v -0.815000 0.975000 0.335831
v -0.805000 0.975000 0.326623
v -0.795000 0.975000 0.326623
v -0.785000 0.975000 0.317416
v -0.775000 0.975000 0.308208
v -0.765000 0.975000 0.299000
v -0.755000 0.975000 0.299000
v -0.745000 0.975000 0.295482
v -0.735000 0.975000 0.295482
v -0.725000 0.975000 0.290792
v -0.715000 0.975000 0.290792
v -0.705000 0.975000 0.286102
v -0.695000 0.975000 0.286102
v -0.685000 0.975000 0.281412
v -0.675000 0.975000 0.281412
v -0.665000 0.975000 0.281412
v -0.655000 0.975000 0.281412
v -0.645000 0.975000 0.276722
v -0.635000 0.975000 0.276722
v -0.625000 0.975000 0.276722
v -0.615000 0.975000 0.276722
v -0.605000 0.975000 0.272031
v -0.595000 0.975000 0.272031
v -0.585000 0.975000 0.272031
v -0.575000 0.975000 0.272031
v -0.565000 0.975000 0.267341
v -0.555000 0.975000 0.267341
v -0.545000 0.975000 0.267341
v -0.535000 0.975000 0.262651
v -0.525000 0.975000 0.262651
v -0.515000 0.975000 0.262651
v -0.505000 0.975000 0.262651
v -0.495000 0.975000 0.257961
v -0.485000 0.975000 0.257961
v -0.475000 0.975000 0.257961
v -0.465000 0.975000 0.253271
v -0.455000 0.975000 0.253271
v -0.445000 0.975000 0.253271
v -0.435000 0.975000 0.253271
v -0.425000 0.975000 0.253271
v -0.415000 0.975000 0.253271
v -0.405000 0.975000 0.253271
v -0.395000 0.975000 0.253271
v -0.385000 0.975000 0.253271
v -0.375000 0.975000 0.253271
v -0.365000 0.975000 0.253271
v -0.355000 0.975000 0.253271
v -0.345000 0.975000 0.257961
v -0.335000 0.975000 0.257961
v -0.325000 0.975000 0.257961
v -0.315000 0.975000 0.257961
v -0.305000 0.975000 0.257961
v -0.295000 0.975000 0.262651
v -0.285000 0.975000 0.262651
v -0.275000 0.975000 0.267341
v -0.265000 0.975000 0.267341
v -0.255000 0.975000 0.267341
v -0.245000 0.975000 0.272031
v -0.235000 0.975000 0.272031
v -0.225000 0.975000 0.272031
v -0.215000 0.975000 0.276722
v -0.205000 0.975000 0.276722
v -0.195000 0.975000 0.286102
v -0.185000 0.975000 0.286102
v -0.175000 0.975000 0.281412
v -0.165000 0.975000 0.290792
v -0.155000 0.975000 0.290792
v -0.145000 0.975000 0.290792
v -0.135000 0.975000 0.295482
v -0.125000 0.975000 0.299000
v -0.115000 0.975000 0.308208
v -0.105000 0.975000 0.317416
v -0.095000 0.975000 0.317416
v -0.085000 0.975000 0.317416
v -0.075000 0.975000 0.326623
v -0.065000 0.975000 0.326623
v -0.055000 0.975000 0.326623
v -0.045000 0.975000 0.335831
v -0.035000 0.975000 0.335831
v -0.025000 0.975000 0.345039
v -0.015000 0.975000 0.345039
v -0.005000 0.975000 0.354247
v 0.005000 0.975000 0.345039
v 0.015000 0.975000 0.345039
v 0.025000 0.975000 0.326623
v 0.035000 0.975000 0.057223
v -0.925000 0.985000 0.057223
v -0.915000 0.985000 0.372663
v -0.905000 0.985000 0.363455
v -0.895000 0.985000 0.363455
v -0.885000 0.985000 0.363455
v -0.875000 0.985000 0.354247
v -0.865000 0.985000 0.354247
v -0.855000 0.985000 0.354247
v -0.845000 0.985000 0.345039
v -0.835000 0.985000 0.345039
v -0.825000 0.985000 0.335831
v -0.815000 0.985000 0.335831
v -0.805000 0.985000 0.326623
v -0.795000 0.985000 0.326623
v -0.785000 0.985000 0.317416
v -0.775000 0.985000 0.308208
v -0.765000 0.985000 0.299000
v -0.755000 0.985000 0.299000
v -0.745000 0.985000 0.295482
v -0.735000 0.985000 0.295482
v -0.725000 0.985000 0.290792
v -0.715000 0.985000 0.286102
v -0.705000 0.985000 0.286102
v -0.695000 0.985000 0.281412
v -0.685000 0.985000 0.281412
v -0.675000 0.985000 0.281412
v -0.665000 0.985000 0.276722
v -0.655000 0.985000 0.276722
v -0.645000 0.985000 0.276722
v -0.635000 0.985000 0.276722
v -0.625000 0.985000 0.276722
v -0.615000 0.985000 0.276722
v -0.605000 0.985000 0.272031
v -0.595000 0.985000 0.272031
v -0.585000 0.985000 0.272031
v -0.575000 0.985000 0.267341
v -0.565000 0.985000 0.267341
v -0.555000 0.985000 0.267341
v -0.545000 0.985000 0.262651
v -0.535000 0.985000 0.262651
v -0.525000 0.985000 0.262651
v -0.515000 0.985000 0.262651
v -0.505000 0.985000 0.257961
v -0.495000 0.985000 0.257961
v -0.485000 0.985000 0.257961
v -0.475000 0.985000 0.257961
v -0.465000 0.985000 0.253271
v -0.455000 0.985000 0.253271
v -0.445000 0.985000 0.253271
v -0.435000 0.985000 0.253271
v -0.425000 0.985000 0.253271
v -0.415000 0.985000 0.253271
v -0.405000 0.985000 0.253271
v -0.395000 0.985000 0.253271
v -0.385000 0.985000 0.253271
v -0.375000 0.985000 0.253271
v -0.365000 0.985000 0.253271
v -0.355000 0.985000 0.253271
v -0.345000 0.985000 0.253271
v -0.335000 0.985000 0.253271
v -0.325000 0.985000 0.257961
v -0.315000 0.985000 0.257961
v -0.305000 0.985000 0.257961
v -0.295000 0.985000 0.257961
v -0.285000 0.985000 0.262651
v -0.275000 0.985000 0.262651
v -0.265000 0.985000 0.262651
v -0.255000 0.985000 0.267341
v -0.245000 0.985000 0.267341
v -0.235000 0.985000 0.267341
v -0.225000 0.985000 0.272031
v -0.215000 0.985000 0.272031
v -0.205000 0.985000 0.276722
v -0.195000 0.985000 0.281412
v -0.185000 0.985000 0.281412
v -0.175000 0.985000 0.281412
v -0.165000 0.985000 0.286102
v -0.155000 0.985000 0.290792
v -0.145000 0.985000 0.290792
v -0.135000 0.985000 0.290792
v -0.125000 0.985000 0.290792
v -0.115000 0.985000 0.295482
v -0.105000 0.985000 0.308208
v -0.095000 0.985000 0.308208
v -0.085000 0.985000 0.308208
v -0.075000 0.985000 0.317416
v -0.065000 0.985000 0.317416
v -0.055000 0.985000 0.326623
v -0.045000 0.985000 0.326623
v -0.035000 0.985000 0.326623
v -0.025000 0.985000 0.335831
v -0.015000 0.985000 0.335831
v -0.005000 0.985000 0.345039
v 0.005000 0.985000 0.345039
v 0.015000 0.985000 0.345039
v 0.025000 0.985000 0.317416
v 0.035000 0.985000 0.299000
v 0.045000 0.985000 0.057223
v -0.925000 0.995000 0.057223
v -0.915000 0.995000 0.363455
v -0.905000 0.995000 0.363455
v -0.895000 0.995000 0.363455
v -0.885000 0.995000 0.354247
v -0.875000 0.995000 0.354247
v -0.865000 0.995000 0.354247
v -0.855000 0.995000 0.345039
v -0.845000 0.995000 0.345039
v -0.835000 0.995000 0.335831
v -0.825000 0.995000 0.335831
v -0.815000 0.995000 0.326623
v -0.805000 0.995000 0.326623
v -0.795000 0.995000 0.326623
v -0.785000 0.995000 0.317416
v -0.775000 0.995000 0.308208
v -0.765000 0.995000 0.299000
v -0.755000 0.995000 0.299000
v -0.745000 0.995000 0.295482
v -0.735000 0.995000 0.295482
v -0.725000 0.995000 0.290792
v -0.715000 0.995000 0.286102
v -0.705000 0.995000 0.286102
v -0.695000 0.995000 0.281412
v -0.685000 0.995000 0.281412
v -0.675000 0.995000 0.281412
v -0.665000 0.995000 0.276722
v -0.655000 0.995000 0.276722
v -0.645000 0.995000 0.276722
v -0.635000 0.995000 0.276722
v -0.625000 0.995000 0.276722
v -0.615000 0.995000 0.272031
v -0.605000 0.995000 0.272031
v -0.595000 0.995000 0.272031
v -0.585000 0.995000 0.272031
v -0.575000 0.995000 0.267341
v -0.565000 0.995000 0.267341
v -0.555000 0.995000 0.267341
v -0.545000 0.995000 0.262651
v -0.535000 0.995000 0.262651
v -0.525000 0.995000 0.262651
v -0.515000 0.995000 0.262651
v -0.505000 0.995000 0.257961
v -0.495000 0.995000 0.257961
v -0.485000 0.995000 0.257961
v -0.475000 0.995000 0.253271
v -0.465000 0.995000 0.253271
v -0.455000 0.995000 0.253271
v -0.445000 0.995000 0.253271
v -0.435000 0.995000 0.253271
v -0.425000 0.995000 0.253271
v -0.415000 0.995000 0.253271
v -0.405000 0.995000 0.253271
v -0.395000 0.995000 0.253271
v -0.385000 0.995000 0.253271
v -0.375000 0.995000 0.253271
v -0.365000 0.995000 0.253271
v -0.355000 0.995000 0.253271
v -0.345000 0.995000 0.253271
v -0.335000 0.995000 0.253271
v -0.325000 0.995000 0.253271
v -0.315000 0.995000 0.253271
v -0.305000 0.995000 0.257961
v -0.295000 0.995000 0.257961
v -0.285000 0.995000 0.262651
v -0.275000 0.995000 0.262651
v -0.265000 0.995000 0.262651
v -0.255000 0.995000 0.262651
v -0.245000 0.995000 0.267341
v -0.235000 0.995000 0.267341
v -0.225000 0.995000 0.267341
v -0.215000 0.995000 0.267341
v -0.205000 0.995000 0.272031
v -0.195000 0.995000 0.276722
v -0.185000 0.995000 0.276722
v -0.175000 0.995000 0.281412
v -0.165000 0.995000 0.281412
v -0.155000 0.995000 0.286102
v -0.145000 0.995000 0.286102
v -0.135000 0.995000 0.286102
v -0.125000 0.995000 0.286102
v -0.115000 0.995000 0.295482
v -0.105000 0.995000 0.295482
v -0.095000 0.995000 0.295482
v -0.085000 0.995000 0.299000
v -0.075000 0.995000 0.308208
v -0.065000 0.995000 0.317416
v -0.055000 0.995000 0.317416
v -0.045000 0.995000 0.317416
v -0.035000 0.995000 0.317416
v -0.025000 0.995000 0.326623
v -0.015000 0.995000 0.326623
v -0.005000 0.995000 0.335831
v 0.005000 0.995000 0.335831
v 0.015000 0.995000 0.335831
v 0.025000 0.995000 0.308208
v 0.035000 0.995000 0.286102
v 0.045000 0.995000 0.150086
v -0.925000 1.005000 0.057223
v -0.915000 1.005000 0.363455
v -0.905000 1.005000 0.363455
v -0.895000 1.005000 0.363455
v -0.885000 1.005000 0.354247
v -0.875000 1.005000 0.354247
v -0.865000 1.005000 0.354247
v -0.855000 1.005000 0.345039
v -0.845000 1.005000 0.345039
v -0.835000 1.005000 0.335831
v -0.825000 1.005000 0.335831
v -0.815000 1.005000 0.326623
v -0.805000 1.005000 0.326623
v -0.795000 1.005000 0.317416
v -0.785000 1.005000 0.317416
v -0.775000 1.005000 0.308208
v -0.765000 1.005000 0.299000
v -0.755000 1.005000 0.299000
v -0.745000 1.005000 0.295482
v -0.735000 1.005000 0.290792
v -0.725000 1.005000 0.290792
v -0.715000 1.005000 0.286102
v -0.705000 1.005000 0.281412
v -0.695000 1.005000 0.281412
v -0.685000 1.005000 0.281412
v -0.675000 1.005000 0.276722
v -0.665000 1.005000 0.276722
v -0.655000 1.005000 0.276722
v -0.645000 1.005000 0.276722
v -0.635000 1.005000 0.276722
v -0.625000 1.005000 0.272031
v -0.615000 1.005000 0.272031
v -0.605000 1.005000 0.272031
v -0.595000 1.005000 0.272031
v -0.585000 1.005000 0.267341
v -0.575000 1.005000 0.267341
v -0.565000 1.005000 0.267341
v -0.555000 1.005000 0.262651
v -0.545000 1.005000 0.262651
v -0.535000 1.005000 0.262651
v -0.525000 1.005000 0.262651
v -0.515000 1.005000 0.262651
v -0.505000 1.005000 0.257961
v -0.495000 1.005000 0.257961
v -0.485000 1.005000 0.253271
v -0.475000 1.005000 0.253271
v -0.465000 1.005000 0.253271
v -0.455000 1.005000 0.253271
v -0.445000 1.005000 0.253271
v -0.435000 1.005000 0.253271
v -0.425000 1.005000 0.248580
v -0.415000 1.005000 0.248580
v -0.405000 1.005000 0.248580
v -0.395000 1.005000 0.248580
v -0.385000 1.005000 0.248580
v -0.375000 1.005000 0.248580
v -0.365000 1.005000 0.248580
v -0.355000 1.005000 0.253271
v -0.345000 1.005000 0.253271
v -0.335000 1.005000 0.253271
v -0.325000 1.005000 0.253271
v -0.315000 1.005000 0.253271
v -0.305000 1.005000 0.253271
v -0.295000 1.005000 0.257961
v -0.285000 1.005000 0.257961
v -0.275000 1.005000 0.257961
v -0.265000 1.005000 0.262651
v -0.255000 1.005000 0.262651
v -0.245000 1.005000 0.262651
v -0.235000 1.005000 0.262651
v -0.225000 1.005000 0.267341
v -0.215000 1.005000 0.267341
v -0.205000 1.005000 0.267341
v -0.195000 1.005000 0.272031
v -0.185000 1.005000 0.272031
v -0.175000 1.005000 0.276722
v -0.165000 1.005000 0.276722
v -0.155000 1.005000 0.281412
v -0.145000 1.005000 0.286102
v -0.135000 1.005000 0.286102
v -0.125000 1.005000 0.286102
v -0.115000 1.005000 0.286102
v -0.105000 1.005000 0.290792
v -0.095000 1.005000 0.290792
v -0.085000 1.005000 0.299000
v -0.075000 1.005000 0.299000
v -0.065000 1.005000 0.308208
v -0.055000 1.005000 0.308208
v -0.045000 1.005000 0.308208
v -0.035000 1.005000 0.308208
v -0.025000 1.005000 0.308208
v -0.015000 1.005000 0.317416
v -0.005000 1.005000 0.317416
v 0.005000 1.005000 0.326623
v 0.015000 1.005000 0.317416
v 0.025000 1.005000 0.308208
v 0.035000 1.005000 0.057223
v -0.915000 1.015000 0.057223
v -0.905000 1.015000 0.354247
v -0.895000 1.015000 0.354247
v -0.885000 1.015000 0.354247
v -0.875000 1.015000 0.354247
v -0.865000 1.015000 0.345039
v -0.855000 1.015000 0.345039
v -0.845000 1.015000 0.345039
v -0.835000 1.015000 0.335831
v -0.825000 1.015000 0.335831
v -0.815000 1.015000 0.326623
v -0.805000 1.015000 0.317416
v -0.795000 1.015000 0.317416
v -0.785000 1.015000 0.308208
v -0.775000 1.015000 0.308208
v -0.765000 1.015000 0.299000
v -0.755000 1.015000 0.295482
v -0.745000 1.015000 0.295482
v -0.735000 1.015000 0.290792
v -0.725000 1.015000 0.286102
v -0.715000 1.015000 0.286102
v -0.705000 1.015000 0.281412
v -0.695000 1.015000 0.281412
v -0.685000 1.015000 0.276722
v -0.675000 1.015000 0.276722
v -0.665000 1.015000 0.276722
v -0.655000 1.015000 0.276722
v -0.645000 1.015000 0.272031
v -0.635000 1.015000 0.272031
v -0.625000 1.015000 0.272031
v -0.615000 1.015000 0.272031
v -0.605000 1.015000 0.272031
v -0.595000 1.015000 0.267341
v -0.585000 1.015000 0.267341
v -0.575000 1.015000 0.267341
v -0.565000 1.015000 0.267341
v -0.555000 1.015000 0.262651
v -0.545000 1.015000 0.262651
v -0.535000 1.015000 0.262651
v -0.525000 1.015000 0.262651
v -0.515000 1.015000 0.257961
v -0.505000 1.015000 0.257961
v -0.495000 1.015000 0.257961
v -0.485000 1.015000 0.253271
v -0.475000 1.015000 0.253271
v -0.465000 1.015000 0.253271
v -0.455000 1.015000 0.253271
v -0.445000 1.015000 0.248580
v -0.435000 1.015000 0.248580
v -0.425000 1.015000 0.248580
v -0.415000 1.015000 0.248580
v -0.405000 1.015000 0.248580
v -0.395000 1.015000 0.248580
v -0.385000 1.015000 0.248580
v -0.375000 1.015000 0.248580
v -0.365000 1.015000 0.248580
v -0.355000 1.015000 0.248580
v -0.345000 1.015000 0.248580
v -0.335000 1.015000 0.248580
v -0.325000 1.015000 0.248580
v -0.315000 1.015000 0.253271
v -0.305000 1.015000 0.253271
v -0.295000 1.015000 0.253271
v -0.285000 1.015000 0.257961
v -0.275000 1.015000 0.257961
v -0.265000 1.015000 0.257961
v -0.255000 1.015000 0.257961
v -0.245000 1.015000 0.257961
v -0.235000 1.015000 0.262651
v -0.225000 1.015000 0.262651
v -0.215000 1.015000 0.262651
v -0.205000 1.015000 0.267341
v -0.195000 1.015000 0.267341
v -0.185000 1.015000 0.272031
v -0.175000 1.015000 0.272031
v -0.165000 1.015000 0.272031
v -0.155000 1.015000 0.276722
v -0.145000 1.015000 0.281412
v -0.135000 1.015000 0.281412
v -0.125000 1.015000 0.286102
v -0.115000 1.015000 0.286102
v -0.105000 1.015000 0.286102
v -0.095000 1.015000 0.290792
v -0.085000 1.015000 0.290792
v -0.075000 1.015000 0.295482
v -0.065000 1.015000 0.299000
v -0.055000 1.015000 0.299000
v -0.045000 1.015000 0.299000
v -0.035000 1.015000 0.299000
v -0.025000 1.015000 0.299000
v -0.015000 1.015000 0.308208
v -0.005000 1.015000 0.308208
v 0.005000 1.015000 0.308208
v 0.015000 1.015000 0.057223
v 0.025000 1.015000 0.057223
v -0.915000 1.025000 0.057223
v -0.905000 1.025000 0.354247
v -0.895000 1.025000 0.354247
v -0.885000 1.025000 0.354247
v -0.875000 1.025000 0.345039
v -0.865000 1.025000 0.345039
v -0.855000 1.025000 0.345039
v -0.845000 1.025000 0.335831
v -0.835000 1.025000 0.335831
v -0.825000 1.025000 0.326623
v -0.815000 1.025000 0.326623
v -0.805000 1.025000 0.317416
v -0.795000 1.025000 0.317416
v -0.785000 1.025000 0.308208
v -0.775000 1.025000 0.308208
v -0.765000 1.025000 0.299000
v -0.755000 1.025000 0.295482
v -0.745000 1.025000 0.290792
v -0.735000 1.025000 0.290792
v -0.725000 1.025000 0.286102
v -0.715000 1.025000 0.286102
v -0.705000 1.025000 0.281412
v -0.695000 1.025000 0.276722
v -0.685000 1.025000 0.276722
v -0.675000 1.025000 0.276722
v -0.665000 1.025000 0.276722
v -0.655000 1.025000 0.276722
v -0.645000 1.025000 0.272031
v -0.635000 1.025000 0.272031
v -0.625000 1.025000 0.272031
v -0.615000 1.025000 0.272031
v -0.605000 1.025000 0.267341
v -0.595000 1.025000 0.267341
v -0.585000 1.025000 0.267341
v -0.575000 1.025000 0.267341
v -0.565000 1.025000 0.262651
v -0.555000 1.025000 0.262651
v -0.545000 1.025000 0.262651
v -0.535000 1.025000 0.262651
v -0.525000 1.025000 0.257961
v -0.515000 1.025000 0.257961
v -0.505000 1.025000 0.257961
v -0.495000 1.025000 0.253271
v -0.485000 1.025000 0.253271
v -0.475000 1.025000 0.253271
v -0.465000 1.025000 0.248580
v -0.455000 1.025000 0.248580
v -0.445000 1.025000 0.248580
v -0.435000 1.025000 0.248580
v -0.425000 1.025000 0.248580
v -0.415000 1.025000 0.248580
v -0.405000 1.025000 0.248580
v -0.395000 1.025000 0.248580
v -0.385000 1.025000 0.248580
v -0.375000 1.025000 0.248580
v -0.365000 1.025000 0.248580
v -0.355000 1.025000 0.248580
v -0.345000 1.025000 0.248580
v -0.335000 1.025000 0.248580
v -0.325000 1.025000 0.248580
v -0.315000 1.025000 0.248580
v -0.305000 1.025000 0.248580
v -0.295000 1.025000 0.248580
v -0.285000 1.025000 0.253271
v -0.275000 1.025000 0.253271
v -0.265000 1.025000 0.253271
v -0.255000 1.025000 0.257961
v -0.245000 1.025000 0.257961
v -0.235000 1.025000 0.257961
v -0.225000 1.025000 0.257961
v -0.215000 1.025000 0.262651
v -0.205000 1.025000 0.262651
v -0.195000 1.025000 0.262651
v -0.185000 1.025000 0.267341
v -0.175000 1.025000 0.272031
v -0.165000 1.025000 0.272031
v -0.155000 1.025000 0.272031
v -0.145000 1.025000 0.276722
v -0.135000 1.025000 0.276722
v -0.125000 1.025000 0.281412
v -0.115000 1.025000 0.281412
v -0.105000 1.025000 0.286102
v -0.095000 1.025000 0.286102
v -0.085000 1.025000 0.286102
v -0.075000 1.025000 0.290792
v -0.065000 1.025000 0.295482
v -0.055000 1.025000 0.295482
v -0.045000 1.025000 0.290792
v -0.035000 1.025000 0.295482
v -0.025000 1.025000 0.295482
v -0.015000 1.025000 0.299000
v -0.005000 1.025000 0.299000
v 0.005000 1.025000 0.057223
v -0.915000 1.035000 0.057223
v -0.905000 1.035000 0.354247
v -0.895000 1.035000 0.354247
v -0.885000 1.035000 0.345039
v -0.875000 1.035000 0.345039
v -0.865000 1.035000 0.345039
v -0.855000 1.035000 0.335831
v -0.845000 1.035000 0.335831
v -0.835000 1.035000 0.326623
v -0.825000 1.035000 0.326623
v -0.815000 1.035000 0.317416
v -0.805000 1.035000 0.317416
v -0.795000 1.035000 0.317416
v -0.785000 1.035000 0.308208
v -0.775000 1.035000 0.299000
v -0.765000 1.035000 0.299000
v -0.755000 1.035000 0.295482
v -0.745000 1.035000 0.290792
v -0.735000 1.035000 0.290792
v -0.725000 1.035000 0.286102
v -0.715000 1.035000 0.281412
v -0.705000 1.035000 0.281412
v -0.695000 1.035000 0.276722
v -0.685000 1.035000 0.276722
v -0.675000 1.035000 0.276722
v -0.665000 1.035000 0.272031
v -0.655000 1.035000 0.272031
v -0.645000 1.035000 0.272031
v -0.635000 1.035000 0.272031
v -0.625000 1.035000 0.272031
v -0.615000 1.035000 0.267341
v -0.605000 1.035000 0.267341
v -0.595000 1.035000 0.267341
v -0.585000 1.035000 0.267341
v -0.575000 1.035000 0.262651
v -0.565000 1.035000 0.262651
v -0.555000 1.035000 0.262651
v -0.545000 1.035000 0.262651
v -0.535000 1.035000 0.257961
v -0.525000 1.035000 0.257961
v -0.515000 1.035000 0.257961
v -0.505000 1.035000 0.257961
v -0.495000 1.035000 0.253271
v -0.485000 1.035000 0.253271
v -0.475000 1.035000 0.253271
v -0.465000 1.035000 0.248580
v -0.455000 1.035000 0.248580
v -0.445000 1.035000 0.248580
v -0.435000 1.035000 0.248580
v -0.425000 1.035000 0.248580
v -0.415000 1.035000 0.243890
v -0.405000 1.035000 0.243890
v -0.395000 1.035000 0.243890
v -0.385000 1.035000 0.243890
v -0.375000 1.035000 0.243890
v -0.365000 1.035000 0.243890
v -0.355000 1.035000 0.243890
v -0.345000 1.035000 0.243890
v -0.335000 1.035000 0.248580
v -0.325000 1.035000 0.243890
v -0.315000 1.035000 0.248580
v -0.305000 1.035000 0.248580
v -0.295000 1.035000 0.248580
v -0.285000 1.035000 0.248580
v -0.275000 1.035000 0.248580
v -0.265000 1.035000 0.253271
v -0.255000 1.035000 0.253271
v -0.245000 1.035000 0.253271
v -0.235000 1.035000 0.257961
v -0.225000 1.035000 0.257961
v -0.215000 1.035000 0.257961
v -0.205000 1.035000 0.257961
v -0.195000 1.035000 0.262651
v -0.185000 1.035000 0.262651
v -0.175000 1.035000 0.267341
v -0.165000 1.035000 0.267341
v -0.155000 1.035000 0.267341
v -0.145000 1.035000 0.272031
v -0.135000 1.035000 0.272031
v -0.125000 1.035000 0.276722
v -0.115000 1.035000 0.276722
v -0.105000 1.035000 0.281412
v -0.095000 1.035000 0.281412
v -0.085000 1.035000 0.281412
v -0.075000 1.035000 0.286102
v -0.065000 1.035000 0.286102
v -0.055000 1.035000 0.286102
v -0.045000 1.035000 0.286102
v -0.035000 1.035000 0.290792
v -0.025000 1.035000 0.281412
v -0.015000 1.035000 0.290792
v -0.005000 1.035000 0.057223
v -0.915000 1.045000 0.057223
v -0.905000 1.045000 0.354247
v -0.895000 1.045000 0.354247
v -0.885000 1.045000 0.345039
v -0.875000 1.045000 0.335831
v -0.865000 1.045000 0.335831
v -0.855000 1.045000 0.335831
v -0.845000 1.045000 0.335831
v -0.835000 1.045000 0.326623
v -0.825000 1.045000 0.326623
v -0.815000 1.045000 0.317416
v -0.805000 1.045000 0.317416
v -0.795000 1.045000 0.308208
v -0.785000 1.045000 0.299000
v -0.775000 1.045000 0.299000
v -0.765000 1.045000 0.295482
v -0.755000 1.045000 0.290792
v -0.745000 1.045000 0.290792
v -0.735000 1.045000 0.286102
v -0.725000 1.045000 0.286102
v -0.715000 1.045000 0.281412
v -0.705000 1.045000 0.276722
v -0.695000 1.045000 0.276722
v -0.685000 1.045000 0.276722
v -0.675000 1.045000 0.276722
v -0.665000 1.045000 0.272031
v -0.655000 1.045000 0.272031
v -0.645000 1.045000 0.272031
v -0.635000 1.045000 0.272031
v -0.625000 1.045000 0.267341
v -0.615000 1.045000 0.267341
v -0.605000 1.045000 0.267341
v -0.595000 1.045000 0.267341
v -0.585000 1.045000 0.262651
v -0.575000 1.045000 0.262651
v -0.565000 1.045000 0.262651
v -0.555000 1.045000 0.262651
v -0.545000 1.045000 0.257961
v -0.535000 1.045000 0.257961
v -0.525000 1.045000 0.257961
v -0.515000 1.045000 0.257961
v -0.505000 1.045000 0.253271
v -0.495000 1.045000 0.253271
v -0.485000 1.045000 0.253271
v -0.475000 1.045000 0.248580
v -0.465000 1.045000 0.248580
v -0.455000 1.045000 0.248580
v -0.445000 1.045000 0.243890
v -0.435000 1.045000 0.243890
v -0.425000 1.045000 0.243890
v -0.415000 1.045000 0.243890
v -0.405000 1.045000 0.243890
v -0.395000 1.045000 0.243890
v -0.385000 1.045000 0.243890
v -0.375000 1.045000 0.243890
v -0.365000 1.045000 0.243890
v -0.355000 1.045000 0.243890
v -0.345000 1.045000 0.243890
v -0.335000 1.045000 0.243890
v -0.325000 1.045000 0.243890
v -0.315000 1.045000 0.243890
v -0.305000 1.045000 0.248580
v -0.295000 1.045000 0.248580
v -0.285000 1.045000 0.248580
v -0.275000 1.045000 0.248580
v -0.265000 1.045000 0.253271
v -0.255000 1.045000 0.253271
v -0.245000 1.045000 0.253271
v -0.235000 1.045000 0.253271
v -0.225000 1.045000 0.253271
v -0.215000 1.045000 0.257961
v -0.205000 1.045000 0.257961
v -0.195000 1.045000 0.257961
v -0.185000 1.045000 0.262651
v -0.175000 1.045000 0.262651
v -0.165000 1.045000 0.267341
v -0.155000 1.045000 0.267341
v -0.145000 1.045000 0.267341
v -0.135000 1.045000 0.272031
v -0.125000 1.045000 0.272031
v -0.115000 1.045000 0.272031
v -0.105000 1.045000 0.276722
v -0.095000 1.045000 0.276722
v -0.085000 1.045000 0.276722
v -0.075000 1.045000 0.276722
v -0.065000 1.045000 0.281412
v -0.055000 1.045000 0.281412
v -0.045000 1.045000 0.281412
v -0.035000 1.045000 0.272031
v -0.025000 1.045000 0.267341
v -0.015000 1.045000 0.057223
v -0.925000 1.055000 0.057223
v -0.915000 1.055000 0.317416
v -0.905000 1.055000 0.335831
v -0.895000 1.055000 0.345039
v -0.885000 1.055000 0.345039
v -0.875000 1.055000 0.335831
v -0.865000 1.055000 0.335831
v -0.855000 1.055000 0.326623
v -0.845000 1.055000 0.326623
v -0.835000 1.055000 0.317416
v -0.825000 1.055000 0.317416
v -0.815000 1.055000 0.317416
v -0.805000 1.055000 0.308208
v -0.795000 1.055000 0.308208
v -0.785000 1.055000 0.299000
v -0.775000 1.055000 0.295482
v -0.765000 1.055000 0.295482
v -0.755000 1.055000 0.290792
v -0.745000 1.055000 0.290792
v -0.735000 1.055000 0.286102
v -0.725000 1.055000 0.286102
v -0.715000 1.055000 0.281412
v -0.705000 1.055000 0.276722
v -0.695000 1.055000 0.276722
v -0.685000 1.055000 0.272031
v -0.675000 1.055000 0.272031
v -0.665000 1.055000 0.272031
v -0.655000 1.055000 0.272031
v -0.645000 1.055000 0.267341
v -0.635000 1.055000 0.267341
v -0.625000 1.055000 0.267341
v -0.615000 1.055000 0.267341
v -0.605000 1.055000 0.267341
v -0.595000 1.055000 0.262651
v -0.585000 1.055000 0.262651
v -0.575000 1.055000 0.262651
v -0.565000 1.055000 0.262651
v -0.555000 1.055000 0.257961
v -0.545000 1.055000 0.257961
v -0.535000 1.055000 0.257961
v -0.525000 1.055000 0.257961
v -0.515000 1.055000 0.253271
v -0.505000 1.055000 0.253271
v -0.495000 1.055000 0.253271
v -0.485000 1.055000 0.248580
v -0.475000 1.055000 0.248580
v -0.465000 1.055000 0.248580
v -0.455000 1.055000 0.243890
v -0.445000 1.055000 0.243890
v -0.435000 1.055000 0.243890
v -0.425000 1.055000 0.243890
v -0.415000 1.055000 0.243890
v -0.405000 1.055000 0.243890
v -0.395000 1.055000 0.243890
v -0.385000 1.055000 0.243890
v -0.375000 1.055000 0.243890
v -0.365000 1.055000 0.243890
v -0.355000 1.055000 0.243890
v -0.345000 1.055000 0.243890
v -0.335000 1.055000 0.243890
v -0.325000 1.055000 0.243890
v -0.315000 1.055000 0.243890
v -0.305000 1.055000 0.243890
v -0.295000 1.055000 0.243890
v -0.285000 1.055000 0.243890
v -0.275000 1.055000 0.248580
v -0.265000 1.055000 0.248580
v -0.255000 1.055000 0.248580
v -0.245000 1.055000 0.253271
v -0.235000 1.055000 0.253271
v -0.225000 1.055000 0.253271
v -0.215000 1.055000 0.253271
v -0.205000 1.055000 0.253271
v -0.195000 1.055000 0.257961
v -0.185000 1.055000 0.257961
v -0.175000 1.055000 0.257961
v -0.165000 1.055000 0.262651
v -0.155000 1.055000 0.267341
v -0.145000 1.055000 0.267341
v -0.135000 1.055000 0.267341
v -0.125000 1.055000 0.267341
v -0.115000 1.055000 0.272031
v -0.105000 1.055000 0.272031
v -0.095000 1.055000 0.272031
v -0.085000 1.055000 0.276722
v -0.075000 1.055000 0.276722
v -0.065000 1.055000 0.272031
v -0.055000 1.055000 0.057223
v -0.045000 1.055000 0.057223
v -0.035000 1.055000 0.150086
v -0.025000 1.055000 0.150086
v -0.915000 1.065000 0.057223
v -0.905000 1.065000 0.326623
v -0.895000 1.065000 0.335831
v -0.885000 1.065000 0.335831
v -0.875000 1.065000 0.326623
v -0.865000 1.065000 0.326623
v -0.855000 1.065000 0.326623
v -0.845000 1.065000 0.326623
v -0.835000 1.065000 0.317416
v -0.825000 1.065000 0.317416
v -0.815000 1.065000 0.308208
v -0.805000 1.065000 0.308208
v -0.795000 1.065000 0.299000
v -0.785000 1.065000 0.299000
v -0.775000 1.065000 0.295482
v -0.765000 1.065000 0.295482
v -0.755000 1.065000 0.290792
v -0.745000 1.065000 0.286102
v -0.735000 1.065000 0.286102
v -0.725000 1.065000 0.281412
v -0.715000 1.065000 0.281412
v -0.705000 1.065000 0.276722
v -0.695000 1.065000 0.276722
v -0.685000 1.065000 0.272031
v -0.675000 1.065000 0.272031
v -0.665000 1.065000 0.272031
v -0.655000 1.065000 0.272031
v -0.645000 1.065000 0.267341
v -0.635000 1.065000 0.267341
v -0.625000 1.065000 0.267341
v -0.615000 1.065000 0.267341
v -0.605000 1.065000 0.262651
v -0.595000 1.065000 0.262651
v -0.585000 1.065000 0.262651
v -0.575000 1.065000 0.262651
v -0.565000 1.065000 0.257961
v -0.555000 1.065000 0.257961
v -0.545000 1.065000 0.257961
v -0.535000 1.065000 0.257961
v -0.525000 1.065000 0.253271
v -0.515000 1.065000 0.253271
v -0.505000 1.065000 0.253271
v -0.495000 1.065000 0.248580
v -0.485000 1.065000 0.248580
v -0.475000 1.065000 0.243890
v -0.465000 1.065000 0.243890
v -0.455000 1.065000 0.243890
v -0.445000 1.065000 0.243890
v -0.435000 1.065000 0.243890
v -0.425000 1.065000 0.239200
v -0.415000 1.065000 0.239200
v -0.405000 1.065000 0.239200
v -0.395000 1.065000 0.239200
v -0.385000 1.065000 0.239200
v -0.375000 1.065000 0.239200
v -0.365000 1.065000 0.239200
v -0.355000 1.065000 0.239200
v -0.345000 1.065000 0.243890
v -0.335000 1.065000 0.243890
v -0.325000 1.065000 0.239200
v -0.315000 1.065000 0.243890
v -0.305000 1.065000 0.243890
v -0.295000 1.065000 0.243890
v -0.285000 1.065000 0.243890
v -0.275000 1.065000 0.243890
v -0.265000 1.065000 0.248580
v -0.255000 1.065000 0.248580
v -0.245000 1.065000 0.248580
v -0.235000 1.065000 0.248580
v -0.225000 1.065000 0.248580
v -0.215000 1.065000 0.253271
v -0.205000 1.065000 0.253271
v -0.195000 1.065000 0.253271
v -0.185000 1.065000 0.257961
v -0.175000 1.065000 0.257961
v -0.165000 1.065000 0.257961
v -0.155000 1.065000 0.262651
v -0.145000 1.065000 0.267341
v -0.135000 1.065000 0.267341
v -0.125000 1.065000 0.267341
v -0.115000 1.065000 0.267341
v -0.105000 1.065000 0.267341
v -0.095000 1.065000 0.267341
v -0.085000 1.065000 0.272031
v -0.075000 1.065000 0.057223
v -0.065000 1.065000 0.057223
v -0.905000 1.075000 0.057223
v -0.895000 1.075000 0.326623
v -0.885000 1.075000 0.335831
v -0.875000 1.075000 0.326623
v -0.865000 1.075000 0.326623
v -0.855000 1.075000 0.326623
v -0.845000 1.075000 0.317416
v -0.835000 1.075000 0.317416
v -0.825000 1.075000 0.308208
v -0.815000 1.075000 0.308208
v -0.805000 1.075000 0.308208
v -0.795000 1.075000 0.299000
v -0.785000 1.075000 0.295482
v -0.775000 1.075000 0.295482
v -0.765000 1.075000 0.290792
v -0.755000 1.075000 0.290792
v -0.745000 1.075000 0.286102
v -0.735000 1.075000 0.286102
v -0.725000 1.075000 0.281412
v -0.715000 1.075000 0.281412
v -0.705000 1.075000 0.276722
v -0.695000 1.075000 0.272031
v -0.685000 1.075000 0.272031
v -0.675000 1.075000 0.272031
v -0.665000 1.075000 0.272031
v -0.655000 1.075000 0.267341
v -0.645000 1.075000 0.267341
v -0.635000 1.075000 0.267341
v -0.625000 1.075000 0.267341
v -0.615000 1.075000 0.262651
v -0.605000 1.075000 0.262651
v -0.595000 1.075000 0.262651
v -0.585000 1.075000 0.262651
v -0.575000 1.075000 0.257961
v -0.565000 1.075000 0.257961
v -0.555000 1.075000 0.257961
v -0.545000 1.075000 0.257961
v -0.535000 1.075000 0.253271
v -0.525000 1.075000 0.253271
v -0.515000 1.075000 0.253271
v -0.505000 1.075000 0.248580
v -0.495000 1.075000 0.248580
v -0.485000 1.075000 0.243890
v -0.475000 1.075000 0.243890
v -0.465000 1.075000 0.243890
v -0.455000 1.075000 0.243890
v -0.445000 1.075000 0.243890
v -0.435000 1.075000 0.239200
v -0.425000 1.075000 0.239200
v -0.415000 1.075000 0.239200
v -0.405000 1.075000 0.239200
v -0.395000 1.075000 0.239200
v -0.385000 1.075000 0.239200
v -0.375000 1.075000 0.239200
v -0.365000 1.075000 0.239200
v -0.355000 1.075000 0.239200
v -0.345000 1.075000 0.239200
v -0.335000 1.075000 0.239200
v -0.325000 1.075000 0.239200
v -0.315000 1.075000 0.239200
v -0.305000 1.075000 0.243890
v -0.295000 1.075000 0.243890
v -0.285000 1.075000 0.243890
v -0.275000 1.075000 0.243890
v -0.265000 1.075000 0.243890
v -0.255000 1.075000 0.243890
v -0.245000 1.075000 0.248580
v -0.235000 1.075000 0.248580
v -0.225000 1.075000 0.248580
v -0.215000 1.075000 0.248580
v -0.205000 1.075000 0.253271
v -0.195000 1.075000 0.253271
v -0.185000 1.075000 0.253271
v -0.175000 1.075000 0.253271
v -0.165000 1.075000 0.257961
v -0.155000 1.075000 0.257961
v -0.145000 1.075000 0.262651
v -0.135000 1.075000 0.262651
v -0.125000 1.075000 0.262651
v -0.115000 1.075000 0.262651
v -0.105000 1.075000 0.267341
v -0.095000 1.075000 0.267341
v -0.085000 1.075000 0.057223
v -0.895000 1.085000 0.057223
v -0.885000 1.085000 0.326623
v -0.875000 1.085000 0.317416
v -0.865000 1.085000 0.317416
v -0.855000 1.085000 0.317416
v -0.845000 1.085000 0.317416
v -0.835000 1.085000 0.308208
v -0.825000 1.085000 0.308208
v -0.815000 1.085000 0.308208
v -0.805000 1.085000 0.299000
v -0.795000 1.085000 0.295482
v -0.785000 1.085000 0.295482
v -0.775000 1.085000 0.290792
v -0.765000 1.085000 0.290792
v -0.755000 1.085000 0.286102
v -0.745000 1.085000 0.286102
v -0.735000 1.085000 0.281412
v -0.725000 1.085000 0.281412
v -0.715000 1.085000 0.276722
v -0.705000 1.085000 0.276722
v -0.695000 1.085000 0.272031
v -0.685000 1.085000 0.272031
v -0.675000 1.085000 0.272031
v -0.665000 1.085000 0.267341
v -0.655000 1.085000 0.267341
v -0.645000 1.085000 0.267341
v -0.635000 1.085000 0.267341
v -0.625000 1.085000 0.262651
v -0.615000 1.085000 0.262651
v -0.605000 1.085000 0.262651
v -0.595000 1.085000 0.262651
v -0.585000 1.085000 0.257961
v -0.575000 1.085000 0.257961
v -0.565000 1.085000 0.257961
v -0.555000 1.085000 0.257961
v -0.545000 1.085000 0.253271
v -0.535000 1.085000 0.253271
v -0.525000 1.085000 0.253271
v -0.515000 1.085000 0.248580
v -0.505000 1.085000 0.248580
v -0.495000 1.085000 0.248580
v -0.485000 1.085000 0.243890
v -0.475000 1.085000 0.243890
v -0.465000 1.085000 0.243890
v -0.455000 1.085000 0.243890
v -0.445000 1.085000 0.239200
v -0.435000 1.085000 0.239200
v -0.425000 1.085000 0.239200
v -0.415000 1.085000 0.239200
v -0.405000 1.085000 0.239200
v -0.395000 1.085000 0.239200
v -0.385000 1.085000 0.239200
v -0.375000 1.085000 0.239200
v -0.365000 1.085000 0.239200
v -0.355000 1.085000 0.239200
v -0.345000 1.085000 0.239200
v -0.335000 1.085000 0.239200
v -0.325000 1.085000 0.239200
v -0.315000 1.085000 0.239200
v -0.305000 1.085000 0.239200
v -0.295000 1.085000 0.239200
v -0.285000 1.085000 0.239200
v -0.275000 1.085000 0.243890
v -0.265000 1.085000 0.243890
v -0.255000 1.085000 0.243890
v -0.245000 1.085000 0.243890
v -0.235000 1.085000 0.243890
v -0.225000 1.085000 0.248580
v -0.215000 1.085000 0.248580
v -0.205000 1.085000 0.248580
v -0.195000 1.085000 0.253271
v -0.185000 1.085000 0.253271
v -0.175000 1.085000 0.253271
v -0.165000 1.085000 0.257961
v -0.155000 1.085000 0.257961
v -0.145000 1.085000 0.257961
v -0.135000 1.085000 0.057223
v -0.125000 1.085000 0.057223
v -0.115000 1.085000 0.057223
v -0.105000 1.085000 0.057223
v -0.095000 1.085000 0.150086
v -0.905000 1.095000 0.057223
v -0.895000 1.095000 0.308208
v -0.885000 1.095000 0.326623
v -0.875000 1.095000 0.317416
v -0.865000 1.095000 0.308208
v -0.855000 1.095000 0.317416
v -0.845000 1.095000 0.308208
v -0.835000 1.095000 0.308208
v -0.825000 1.095000 0.299000
v -0.815000 1.095000 0.299000
v -0.805000 1.095000 0.299000
v -0.795000 1.095000 0.295482
v -0.785000 1.095000 0.295482
v -0.775000 1.095000 0.290792
v -0.765000 1.095000 0.290792
v -0.755000 1.095000 0.286102
v -0.745000 1.095000 0.286102
v -0.735000 1.095000 0.281412
v -0.725000 1.095000 0.281412
v -0.715000 1.095000 0.276722
v -0.705000 1.095000 0.276722
v -0.695000 1.095000 0.272031
v -0.685000 1.095000 0.272031
v -0.675000 1.095000 0.267341
v -0.665000 1.095000 0.267341
v -0.655000 1.095000 0.267341
v -0.645000 1.095000 0.267341
v -0.635000 1.095000 0.267341
v -0.625000 1.095000 0.262651
v -0.615000 1.095000 0.262651
v -0.605000 1.095000 0.262651
v -0.595000 1.095000 0.257961
v -0.585000 1.095000 0.257961
v -0.575000 1.095000 0.257961
v -0.565000 1.095000 0.257961
v -0.555000 1.095000 0.253271
v -0.545000 1.095000 0.253271
v -0.535000 1.095000 0.253271
v -0.525000 1.095000 0.248580
v -0.515000 1.095000 0.248580
v -0.505000 1.095000 0.248580
v -0.495000 1.095000 0.243890
v -0.485000 1.095000 0.243890
v -0.475000 1.095000 0.243890
v -0.465000 1.095000 0.239200
v -0.455000 1.095000 0.239200
v -0.445000 1.095000 0.239200
v -0.435000 1.095000 0.239200
v -0.425000 1.095000 0.239200
v -0.415000 1.095000 0.239200
v -0.405000 1.095000 0.239200
v -0.395000 1.095000 0.239200
v -0.385000 1.095000 0.239200
v -0.375000 1.095000 0.239200
v -0.365000 1.095000 0.239200
v -0.355000 1.095000 0.239200
v -0.345000 1.095000 0.239200
v -0.335000 1.095000 0.239200
v -0.325000 1.095000 0.239200
v -0.315000 1.095000 0.239200
v -0.305000 1.095000 0.239200
v -0.295000 1.095000 0.239200
v -0.285000 1.095000 0.239200
v -0.275000 1.095000 0.239200
v -0.265000 1.095000 0.243890
v -0.255000 1.095000 0.243890
v -0.245000 1.095000 0.243890
v -0.235000 1.095000 0.243890
v -0.225000 1.095000 0.243890
v -0.215000 1.095000 0.248580
v -0.205000 1.095000 0.248580
v -0.195000 1.095000 0.248580
v -0.185000 1.095000 0.248580
v -0.175000 1.095000 0.253271
v -0.165000 1.095000 0.253271
v -0.155000 1.095000 0.257961
v -0.145000 1.095000 0.057223
v -0.895000 1.105000 0.057223
v -0.885000 1.105000 0.317416
v -0.875000 1.105000 0.317416
v -0.865000 1.105000 0.308208
v -0.855000 1.105000 0.308208
v -0.845000 1.105000 0.308208
v -0.835000 1.105000 0.299000
v -0.825000 1.105000 0.299000
v -0.815000 1.105000 0.299000
v -0.805000 1.105000 0.299000
v -0.795000 1.105000 0.295482
v -0.785000 1.105000 0.290792
v -0.775000 1.105000 0.290792
v -0.765000 1.105000 0.286102
v -0.755000 1.105000 0.286102
v -0.745000 1.105000 0.286102
v -0.735000 1.105000 0.281412
v -0.725000 1.105000 0.276722
v -0.715000 1.105000 0.276722
v -0.705000 1.105000 0.272031
v -0.695000 1.105000 0.272031
v -0.685000 1.105000 0.267341
v -0.675000 1.105000 0.267341
v -0.665000 1.105000 0.267341
v -0.655000 1.105000 0.267341
v -0.645000 1.105000 0.262651
v -0.635000 1.105000 0.262651
v -0.625000 1.105000 0.262651
v -0.615000 1.105000 0.262651
v -0.605000 1.105000 0.257961
v -0.595000 1.105000 0.257961
v -0.585000 1.105000 0.257961
v -0.575000 1.105000 0.257961
v -0.565000 1.105000 0.253271
v -0.555000 1.105000 0.253271
v -0.545000 1.105000 0.253271
v -0.535000 1.105000 0.253271
v -0.525000 1.105000 0.248580
v -0.515000 1.105000 0.248580
v -0.505000 1.105000 0.243890
v -0.495000 1.105000 0.243890
v -0.485000 1.105000 0.243890
v -0.475000 1.105000 0.239200
v -0.465000 1.105000 0.239200
v -0.455000 1.105000 0.239200
v -0.445000 1.105000 0.239200
v -0.435000 1.105000 0.239200
v -0.425000 1.105000 0.239200
v -0.415000 1.105000 0.234510
v -0.405000 1.105000 0.234510
v -0.395000 1.105000 0.234510
v -0.385000 1.105000 0.234510
v -0.375000 1.105000 0.234510
v -0.365000 1.105000 0.234510
v -0.355000 1.105000 0.234510
v -0.345000 1.105000 0.239200
v -0.335000 1.105000 0.239200
v -0.325000 1.105000 0.239200
v -0.315000 1.105000 0.239200
v -0.305000 1.105000 0.239200
v -0.295000 1.105000 0.239200
v -0.285000 1.105000 0.239200
v -0.275000 1.105000 0.239200
v -0.265000 1.105000 0.239200
v -0.255000 1.105000 0.243890
v -0.245000 1.105000 0.243890
v -0.235000 1.105000 0.243890
v -0.225000 1.105000 0.243890
v -0.215000 1.105000 0.243890
v -0.205000 1.105000 0.248580
v -0.195000 1.105000 0.248580
v -0.185000 1.105000 0.057223
v -0.175000 1.105000 0.057223
v -0.165000 1.105000 0.057223
v -0.155000 1.105000 0.150086
v -0.905000 1.115000 0.057223
v -0.895000 1.115000 0.308208
v -0.885000 1.115000 0.317416
v -0.875000 1.115000 0.308208
v -0.865000 1.115000 0.299000
v -0.855000 1.115000 0.308208
v -0.845000 1.115000 0.299000
v -0.835000 1.115000 0.299000
v -0.825000 1.115000 0.295482
v -0.815000 1.115000 0.295482
v -0.805000 1.115000 0.295482
v -0.795000 1.115000 0.290792
v -0.785000 1.115000 0.290792
v -0.775000 1.115000 0.286102
v -0.765000 1.115000 0.286102
v -0.755000 1.115000 0.281412
v -0.745000 1.115000 0.281412
v -0.735000 1.115000 0.281412
v -0.725000 1.115000 0.276722
v -0.715000 1.115000 0.276722
v -0.705000 1.115000 0.272031
v -0.695000 1.115000 0.272031
v -0.685000 1.115000 0.267341
v -0.675000 1.115000 0.267341
v -0.665000 1.115000 0.267341
v -0.655000 1.115000 0.262651
v -0.645000 1.115000 0.262651
v -0.635000 1.115000 0.262651
v -0.625000 1.115000 0.262651
v -0.615000 1.115000 0.262651
v -0.605000 1.115000 0.257961
v -0.595000 1.115000 0.257961
v -0.585000 1.115000 0.257961
v -0.575000 1.115000 0.253271
v -0.565000 1.115000 0.253271
v -0.555000 1.115000 0.253271
v -0.545000 1.115000 0.253271
v -0.535000 1.115000 0.248580
v -0.525000 1.115000 0.248580
v -0.515000 1.115000 0.243890
v -0.505000 1.115000 0.243890
v -0.495000 1.115000 0.243890
v -0.485000 1.115000 0.239200
v -0.475000 1.115000 0.239200
v -0.465000 1.115000 0.239200
v -0.455000 1.115000 0.239200
v -0.445000 1.115000 0.239200
v -0.435000 1.115000 0.234510
v -0.425000 1.115000 0.234510
v -0.415000 1.115000 0.234510
v -0.405000 1.115000 0.234510
v -0.395000 1.115000 0.234510
v -0.385000 1.115000 0.234510
v -0.375000 1.115000 0.234510
v -0.365000 1.115000 0.234510
v -0.355000 1.115000 0.234510
v -0.345000 1.115000 0.234510
v -0.335000 1.115000 0.234510
v -0.325000 1.115000 0.239200
v -0.315000 1.115000 0.239200
v -0.305000 1.115000 0.239200
v -0.295000 1.115000 0.239200
v -0.285000 1.115000 0.239200
v -0.275000 1.115000 0.239200
v -0.265000 1.115000 0.239200
v -0.255000 1.115000 0.243890
v -0.245000 1.115000 0.243890
v -0.235000 1.115000 0.243890
v -0.225000 1.115000 0.243890
v -0.215000 1.115000 0.243890
v -0.205000 1.115000 0.057223
v -0.195000 1.115000 0.057223
v -0.905000 1.125000 0.057223
v -0.895000 1.125000 0.308208
v -0.885000 1.125000 0.308208
v -0.875000 1.125000 0.299000
v -0.865000 1.125000 0.299000
v -0.855000 1.125000 0.299000
v -0.845000 1.125000 0.295482
v -0.835000 1.125000 0.299000
v -0.825000 1.125000 0.295482
v -0.815000 1.125000 0.295482
v -0.805000 1.125000 0.290792
v -0.795000 1.125000 0.290792
v -0.785000 1.125000 0.290792
v -0.775000 1.125000 0.286102
v -0.765000 1.125000 0.286102
v -0.755000 1.125000 0.281412
v -0.745000 1.125000 0.281412
v -0.735000 1.125000 0.276722
v -0.725000 1.125000 0.276722
v -0.715000 1.125000 0.272031
v -0.705000 1.125000 0.272031
v -0.695000 1.125000 0.267341
v -0.685000 1.125000 0.267341
v -0.675000 1.125000 0.267341
v -0.665000 1.125000 0.267341
v -0.655000 1.125000 0.262651
v -0.645000 1.125000 0.262651
v -0.635000 1.125000 0.262651
v -0.625000 1.125000 0.262651
v -0.615000 1.125000 0.262651
v -0.605000 1.125000 0.257961
v -0.595000 1.125000 0.257961
v -0.585000 1.125000 0.253271
v -0.575000 1.125000 0.253271
v -0.565000 1.125000 0.253271
v -0.555000 1.125000 0.248580
v -0.545000 1.125000 0.248580
v -0.535000 1.125000 0.248580
v -0.525000 1.125000 0.243890
v -0.515000 1.125000 0.243890
v -0.505000 1.125000 0.243890
v -0.495000 1.125000 0.239200
v -0.485000 1.125000 0.239200
v -0.475000 1.125000 0.239200
v -0.465000 1.125000 0.239200
v -0.455000 1.125000 0.239200
v -0.445000 1.125000 0.239200
v -0.435000 1.125000 0.234510
v -0.425000 1.125000 0.234510
v -0.415000 1.125000 0.234510
v -0.405000 1.125000 0.234510
v -0.395000 1.125000 0.234510
v -0.385000 1.125000 0.234510
v -0.375000 1.125000 0.234510
v -0.365000 1.125000 0.234510
v -0.355000 1.125000 0.234510
v -0.345000 1.125000 0.234510
v -0.335000 1.125000 0.234510
v -0.325000 1.125000 0.234510
v -0.315000 1.125000 0.239200
v -0.305000 1.125000 0.239200
v -0.295000 1.125000 0.239200
v -0.285000 1.125000 0.239200
v -0.275000 1.125000 0.239200
v -0.265000 1.125000 0.239200
v -0.255000 1.125000 0.243890
v -0.245000 1.125000 0.243890
v -0.235000 1.125000 0.057223
v -0.225000 1.125000 0.057223
v -0.215000 1.125000 0.150086
v -0.905000 1.135000 0.057223
v -0.895000 1.135000 0.308208
v -0.885000 1.135000 0.308208
v -0.875000 1.135000 0.295482
v -0.865000 1.135000 0.295482
v -0.855000 1.135000 0.295482
v -0.845000 1.135000 0.295482
v -0.835000 1.135000 0.295482
v -0.825000 1.135000 0.290792
v -0.815000 1.135000 0.290792
v -0.805000 1.135000 0.290792
v -0.795000 1.135000 0.290792
v -0.785000 1.135000 0.286102
v -0.775000 1.135000 0.286102
v -0.765000 1.135000 0.281412
v -0.755000 1.135000 0.281412
v -0.745000 1.135000 0.276722
v -0.735000 1.135000 0.276722
v -0.725000 1.135000 0.276722
v -0.715000 1.135000 0.272031
v -0.705000 1.135000 0.272031
v -0.695000 1.135000 0.267341
v -0.685000 1.135000 0.267341
v -0.675000 1.135000 0.267341
v -0.665000 1.135000 0.262651
v -0.655000 1.135000 0.262651
v -0.645000 1.135000 0.262651
v -0.635000 1.135000 0.262651
v -0.625000 1.135000 0.262651
v -0.615000 1.135000 0.257961
v -0.605000 1.135000 0.253271
v -0.595000 1.135000 0.253271
v -0.585000 1.135000 0.253271
v -0.575000 1.135000 0.248580
v -0.565000 1.135000 0.248580
v -0.555000 1.135000 0.248580
v -0.545000 1.135000 0.248580
v -0.535000 1.135000 0.243890
v -0.525000 1.135000 0.243890
v -0.515000 1.135000 0.243890
v -0.505000 1.135000 0.239200
v -0.495000 1.135000 0.239200
v -0.485000 1.135000 0.239200
v -0.475000 1.135000 0.239200
v -0.465000 1.135000 0.234510
v -0.455000 1.135000 0.234510
v -0.445000 1.135000 0.234510
v -0.435000 1.135000 0.234510
v -0.425000 1.135000 0.234510
v -0.415000 1.135000 0.234510
v -0.405000 1.135000 0.234510
v -0.395000 1.135000 0.234510
v -0.385000 1.135000 0.234510
v -0.375000 1.135000 0.234510
v -0.365000 1.135000 0.234510
v -0.355000 1.135000 0.234510
v -0.345000 1.135000 0.234510
v -0.335000 1.135000 0.234510
v -0.325000 1.135000 0.234510
v -0.315000 1.135000 0.239200
v -0.305000 1.135000 0.239200
v -0.295000 1.135000 0.239200
v -0.285000 1.135000 0.239200
v -0.275000 1.135000 0.057223
v -0.265000 1.135000 0.057223
v -0.255000 1.135000 0.150086
v -0.245000 1.135000 0.150086
v -0.895000 1.145000 0.057223
v -0.885000 1.145000 0.295482
v -0.875000 1.145000 0.290792
v -0.865000 1.145000 0.290792
v -0.855000 1.145000 0.295482
v -0.845000 1.145000 0.295482
v -0.835000 1.145000 0.295482
v -0.825000 1.145000 0.290792
v -0.815000 1.145000 0.290792
v -0.805000 1.145000 0.286102
v -0.795000 1.145000 0.286102
v -0.785000 1.145000 0.281412
v -0.775000 1.145000 0.281412
v -0.765000 1.145000 0.281412
v -0.755000 1.145000 0.276722
v -0.745000 1.145000 0.276722
v -0.735000 1.145000 0.276722
v -0.725000 1.145000 0.272031
v -0.715000 1.145000 0.272031
v -0.705000 1.145000 0.267341
v -0.695000 1.145000 0.267341
v -0.685000 1.145000 0.262651
v -0.675000 1.145000 0.262651
v -0.665000 1.145000 0.262651
v -0.655000 1.145000 0.262651
v -0.645000 1.145000 0.262651
v -0.635000 1.145000 0.257961
v -0.625000 1.145000 0.257961
v -0.615000 1.145000 0.257961
v -0.605000 1.145000 0.253271
v -0.595000 1.145000 0.248580
v -0.585000 1.145000 0.248580
v -0.575000 1.145000 0.248580
v -0.565000 1.145000 0.248580
v -0.555000 1.145000 0.248580
v -0.545000 1.145000 0.243890
v -0.535000 1.145000 0.243890
v -0.525000 1.145000 0.243890
v -0.515000 1.145000 0.239200
v -0.505000 1.145000 0.239200
v -0.495000 1.145000 0.239200
v -0.485000 1.145000 0.239200
v -0.475000 1.145000 0.234510
v -0.465000 1.145000 0.234510
v -0.455000 1.145000 0.234510
v -0.445000 1.145000 0.234510
v -0.435000 1.145000 0.234510
v -0.425000 1.145000 0.234510
v -0.415000 1.145000 0.234510
v -0.405000 1.145000 0.234510
v -0.395000 1.145000 0.234510
v -0.385000 1.145000 0.234510
v -0.375000 1.145000 0.234510
v -0.365000 1.145000 0.234510
v -0.355000 1.145000 0.057223
v -0.345000 1.145000 0.057223
v -0.335000 1.145000 0.057223
v -0.325000 1.145000 0.234510
v -0.315000 1.145000 0.239200
v -0.305000 1.145000 0.239200
v -0.295000 1.145000 0.057223
v -0.285000 1.145000 0.057223
v -0.895000 1.155000 0.057223
v -0.885000 1.155000 0.290792
v -0.875000 1.155000 0.290792
v -0.865000 1.155000 0.286102
v -0.855000 1.155000 0.290792
v -0.845000 1.155000 0.290792
v -0.835000 1.155000 0.290792
v -0.825000 1.155000 0.286102
v -0.815000 1.155000 0.286102
v -0.805000 1.155000 0.286102
v -0.795000 1.155000 0.286102
v -0.785000 1.155000 0.281412
v -0.775000 1.155000 0.281412
v -0.765000 1.155000 0.276722
v -0.755000 1.155000 0.276722
v -0.745000 1.155000 0.276722
v -0.735000 1.155000 0.272031
v -0.725000 1.155000 0.272031
v -0.715000 1.155000 0.267341
v -0.705000 1.155000 0.267341
v -0.695000 1.155000 0.262651
v -0.685000 1.155000 0.262651
v -0.675000 1.155000 0.262651
v -0.665000 1.155000 0.262651
v -0.655000 1.155000 0.257961
v -0.645000 1.155000 0.257961
v -0.635000 1.155000 0.257961
v -0.625000 1.155000 0.253271
v -0.615000 1.155000 0.253271
v -0.605000 1.155000 0.248580
v -0.595000 1.155000 0.248580
v -0.585000 1.155000 0.248580
v -0.575000 1.155000 0.248580
v -0.565000 1.155000 0.243890
v -0.555000 1.155000 0.243890
v -0.545000 1.155000 0.243890
v -0.535000 1.155000 0.243890
v -0.525000 1.155000 0.239200
v -0.515000 1.155000 0.239200
v -0.505000 1.155000 0.239200
v -0.495000 1.155000 0.239200
v -0.485000 1.155000 0.234510
v -0.475000 1.155000 0.234510
v -0.465000 1.155000 0.234510
v -0.455000 1.155000 0.234510
v -0.445000 1.155000 0.234510
v -0.435000 1.155000 0.234510
v -0.425000 1.155000 0.234510
v -0.415000 1.155000 0.234510
v -0.405000 1.155000 0.234510
v -0.395000 1.155000 0.057223
v -0.385000 1.155000 0.057223
v -0.375000 1.155000 0.057223
v -0.365000 1.155000 0.150086
v -0.355000 1.155000 0.150086
v -0.335000 1.155000 0.150086
v -0.325000 1.155000 0.150086
v -0.315000 1.155000 0.150086
v -0.305000 1.155000 0.150086
v -0.295000 1.155000 0.150086
v -0.895000 1.165000 0.057223
v -0.885000 1.165000 0.286102
v -0.875000 1.165000 0.286102
v -0.865000 1.165000 0.281412
v -0.855000 1.165000 0.286102
v -0.845000 1.165000 0.286102
v -0.835000 1.165000 0.286102
v -0.825000 1.165000 0.286102
v -0.815000 1.165000 0.281412
v -0.805000 1.165000 0.281412
v -0.795000 1.165000 0.281412
v -0.785000 1.165000 0.276722
v -0.775000 1.165000 0.276722
v -0.765000 1.165000 0.272031
v -0.755000 1.165000 0.272031
v -0.745000 1.165000 0.272031
v -0.735000 1.165000 0.267341
v -0.725000 1.165000 0.267341
v -0.715000 1.165000 0.267341
v -0.705000 1.165000 0.262651
v -0.695000 1.165000 0.262651
v -0.685000 1.165000 0.262651
v -0.675000 1.165000 0.257961
v -0.665000 1.165000 0.257961
v -0.655000 1.165000 0.257961
v -0.645000 1.165000 0.257961
v -0.635000 1.165000 0.253271
v -0.625000 1.165000 0.253271
v -0.615000 1.165000 0.248580
v -0.605000 1.165000 0.248580
v -0.595000 1.165000 0.248580
v -0.585000 1.165000 0.243890
v -0.575000 1.165000 0.243890
v -0.565000 1.165000 0.243890
v -0.555000 1.165000 0.243890
v -0.545000 1.165000 0.243890
v -0.535000 1.165000 0.243890
v -0.525000 1.165000 0.239200
v -0.515000 1.165000 0.239200
v -0.505000 1.165000 0.239200
v -0.495000 1.165000 0.239200
v -0.485000 1.165000 0.234510
v -0.475000 1.165000 0.234510
v -0.465000 1.165000 0.234510
v -0.455000 1.165000 0.239200
v -0.445000 1.165000 0.239200
v -0.435000 1.165000 0.239200
v -0.425000 1.165000 0.239200
v -0.415000 1.165000 0.239200
v -0.405000 1.165000 0.057223
v -0.885000 1.175000 0.057223
v -0.875000 1.175000 0.286102
v -0.865000 1.175000 0.276722
v -0.855000 1.175000 0.281412
v -0.845000 1.175000 0.281412
v -0.835000 1.175000 0.281412
v -0.825000 1.175000 0.281412
v -0.815000 1.175000 0.276722
v -0.805000 1.175000 0.276722
v -0.795000 1.175000 0.276722
v -0.785000 1.175000 0.272031
v -0.775000 1.175000 0.272031
v -0.765000 1.175000 0.267341
v -0.755000 1.175000 0.267341
v -0.745000 1.175000 0.267341
v -0.735000 1.175000 0.267341
v -0.725000 1.175000 0.262651
v -0.715000 1.175000 0.262651
v -0.705000 1.175000 0.262651
v -0.695000 1.175000 0.262651
v -0.685000 1.175000 0.257961
v -0.675000 1.175000 0.257961
v -0.665000 1.175000 0.257961
v -0.655000 1.175000 0.253271
v -0.645000 1.175000 0.253271
v -0.635000 1.175000 0.253271
v -0.625000 1.175000 0.253271
v -0.615000 1.175000 0.248580
v -0.605000 1.175000 0.248580
v -0.595000 1.175000 0.248580
v -0.585000 1.175000 0.243890
v -0.575000 1.175000 0.243890
v -0.565000 1.175000 0.243890
v -0.555000 1.175000 0.243890
v -0.545000 1.175000 0.243890
v -0.535000 1.175000 0.243890
v -0.525000 1.175000 0.243890
v -0.515000 1.175000 0.057223
v -0.505000 1.175000 0.057223
v -0.495000 1.175000 0.057223
v -0.485000 1.175000 0.057223
v -0.475000 1.175000 0.239200
v -0.465000 1.175000 0.057223
v -0.455000 1.175000 0.057223
v -0.445000 1.175000 0.150086
v -0.435000 1.175000 0.150086
v -0.425000 1.175000 0.150086
v -0.415000 1.175000 0.150086
v -0.405000 1.175000 0.150086
v -0.895000 1.185000 0.057223
v -0.885000 1.185000 0.281412
v -0.875000 1.185000 0.281412
v -0.865000 1.185000 0.272031
v -0.855000 1.185000 0.276722
v -0.845000 1.185000 0.276722
v -0.835000 1.185000 0.276722
v -0.825000 1.185000 0.272031
v -0.815000 1.185000 0.272031
v -0.805000 1.185000 0.272031
v -0.795000 1.185000 0.272031
v -0.785000 1.185000 0.272031
v -0.775000 1.185000 0.267341
v -0.765000 1.185000 0.267341
v -0.755000 1.185000 0.267341
v -0.745000 1.185000 0.267341
v -0.735000 1.185000 0.262651
v -0.725000 1.185000 0.262651
v -0.715000 1.185000 0.262651
v -0.705000 1.185000 0.262651
v -0.695000 1.185000 0.257961
v -0.685000 1.185000 0.257961
v -0.675000 1.185000 0.257961
v -0.665000 1.185000 0.257961
v -0.655000 1.185000 0.253271
v -0.645000 1.185000 0.253271
v -0.635000 1.185000 0.253271
v -0.625000 1.185000 0.253271
v -0.615000 1.185000 0.248580
v -0.605000 1.185000 0.248580
v -0.595000 1.185000 0.248580
v -0.585000 1.185000 0.243890
v -0.575000 1.185000 0.243890
v -0.565000 1.185000 0.057223
v -0.555000 1.185000 0.057223
v -0.545000 1.185000 0.150086
v -0.535000 1.185000 0.150086
v -0.525000 1.185000 0.150086
v -0.485000 1.185000 0.150086
v -0.475000 1.185000 0.150086
v -0.465000 1.185000 0.150086
v -0.885000 1.195000 0.057223
v -0.875000 1.195000 0.057223
v -0.865000 1.195000 0.267341
v -0.855000 1.195000 0.272031
v -0.845000 1.195000 0.272031
v -0.835000 1.195000 0.272031
v -0.825000 1.195000 0.272031
v -0.815000 1.195000 0.272031
v -0.805000 1.195000 0.267341
v -0.795000 1.195000 0.267341
v -0.785000 1.195000 0.267341
v -0.775000 1.195000 0.267341
v -0.765000 1.195000 0.267341
v -0.755000 1.195000 0.262651
v -0.745000 1.195000 0.262651
v -0.735000 1.195000 0.057223
v -0.725000 1.195000 0.057223
v -0.715000 1.195000 0.057223
v -0.705000 1.195000 0.057223
v -0.695000 1.195000 0.057223
v -0.685000 1.195000 0.150086
v -0.675000 1.195000 0.057223
v -0.665000 1.195000 0.057223
v -0.655000 1.195000 0.253271
v -0.645000 1.195000 0.253271
v -0.635000 1.195000 0.057223
v -0.625000 1.195000 0.057223
v -0.615000 1.195000 0.057223
v -0.605000 1.195000 0.248580
v -0.595000 1.195000 0.057223
v -0.585000 1.195000 0.057223
v -0.575000 1.195000 0.150086
v -0.865000 1.205000 0.057223
v -0.855000 1.205000 0.267341
v -0.845000 1.205000 0.267341
v -0.835000 1.205000 0.267341
v -0.825000 1.205000 0.267341
v -0.815000 1.205000 0.057223
v -0.805000 1.205000 0.057223
v -0.795000 1.205000 0.057223
v -0.785000 1.205000 0.057223
v -0.775000 1.205000 0.057223
v -0.765000 1.205000 0.057223
v -0.755000 1.205000 0.262651
v -0.745000 1.205000 0.057223
v -0.675000 1.205000 0.057223
v -0.665000 1.205000 0.057223
v -0.655000 1.205000 0.253271
v -0.645000 1.205000 0.057223
v -0.605000 1.205000 0.150086
v -0.855000 1.215000 0.057223
v -0.845000 1.215000 0.267341
v -0.835000 1.215000 0.057223
v -0.825000 1.215000 0.057223
v -0.755000 1.215000 0.057223
v -0.655000 1.215000 0.150086
v -0.845000 1.225000 0.150086
vn 0.3639 -0.5403 0.7587
vn -0.3259 0.2717 0.9055
vn -0.4405 -0.8956 0.0615
vn -0.5475 0.6302 0.5505
vn -0.0070 -0.9960 0.0895
vn -0.5779 0.6166 0.5347
vn -0.0138 -0.9960 0.0883
vn -0.5454 0.6266 0.5567
vn -0.0138 -0.9960 0.0882
vn -0.8500 0.5029 0.1566
vn 0.5305 -0.8445 0.0733
vn -0.5368 -0.8101 -0.2359
vn -0.4901 0.2924 0.8212
vn -0.8023 -0.3838 0.4571
vn -0.5768 -0.8133 0.0772
vn -0.4323 -0.8524 -0.2943
vn 0.6609 -0.7453 0.0885
vn -0.5362 0.8290 0.1590
vn -0.3173 -0.8719 0.3729
vn -0.6756 -0.7338 0.0723
vn -0.1484 -0.5936 0.7910
vn -0.1222 -0.6112 0.7820
vn -0.1222 -0.6112 0.7819
vn -0.1222 -0.6113 0.7819
vn -0.2010 -0.6702 0.7145
vn 0.6732 -0.7362 0.0696
vn 0.3103 -0.9407 -0.1373
vn -0.4384 0.1173 0.8911
vn -0.7829 -0.4010 0.4756
vn -0.5908 -0.8027 0.0816
vn -0.8209 -0.5661 -0.0746
vn -0.0000 -0.9878 0.1560
vn -0.8225 -0.5638 -0.0747
vn -0.0119 -0.9883 0.1524
vn -0.8208 -0.5664 -0.0746
vn -0.0000 -0.9886 0.1506
vn -0.0460 -0.9881 0.1470
vn -0.4311 -0.8551 -0.2881
vn 0.6297 -0.7716 0.0899
vn -0.5434 0.8234 0.1634
vn -0.4390 0.3280 0.8364
vn -0.9581 -0.1739 0.2278
vn -0.6336 -0.7689 0.0857
vn -0.7767 -0.6298 0.0062
vn -0.0000 -0.9942 0.1078
vn -0.4940 -0.8644 0.0933
vn -0.0318 -0.9850 0.1694
vn -0.4841 0.8665 0.1218
vn 0.1033 -0.9913 0.0820
vn -0.4018 -0.9067 0.1282
vn -0.0000 -0.4246 0.9054
vn -0.0781 -0.5472 0.8334
vn 0.2962 -0.9506 0.0925
vn -0.9165 0.1895 0.3522
vn -0.0000 -0.9965 0.0837
vn -0.4138 -0.9039 0.1085
vn -0.0000 -0.6842 0.7293
vn 0.0569 -0.6830 0.7282
vn -0.1579 -0.6601 0.7344
vn -0.1734 -0.6504 0.7396
vn -0.2107 -0.6020 0.7702
vn -0.1075 -0.7057 0.7004
vn 0.6800 -0.7310 0.0573
vn 0.2876 -0.9573 0.0303
vn -0.4870 0.2739 0.8293
vn -0.7931 -0.3922 0.4661
vn -0.5767 -0.8133 0.0772
vn -0.5023 -0.8628 0.0572
vn -0.0000 -0.9846 0.1749
vn -0.4486 0.8142 0.3686
vn 0.1769 -0.9780 0.1109
vn -0.2993 -0.9505 0.0837
vn -0.1223 -0.6112 0.7819
vn -0.2064 -0.7223 0.6600
vn -0.0526 -0.7372 0.6736
vn -0.2644 -0.6874 0.6765
vn -0.2756 -0.6201 0.7345
vn 0.2831 -0.9546 0.0922
vn -0.4935 0.6488 0.5793
vn -0.0048 -0.9965 0.0829
vn -0.4936 0.6487 0.5793
vn -0.0128 -0.9966 0.0819
vn -0.4269 -0.8979 0.1075
vn 0.1314 -0.5256 0.8405
vn 0.1200 -0.6299 0.7674
vn -0.1257 -0.5813 0.8039
vn -0.0000 -0.5962 0.8028
vn -0.0000 -0.5419 0.8404
vn -0.1718 -0.6482 0.7419
vn -0.0000 -0.6892 0.7246
vn 0.0470 -0.7113 0.7013
vn -0.1312 -0.7292 0.6716
vn -0.0856 -0.6783 0.7298
vn -0.0611 -0.6200 0.7822
vn -0.2830 -0.5661 0.7742
vn -0.4115 -0.7201 0.5586
vn 0.1043 -0.8124 0.5738
vn 0.7940 -0.6055 0.0548
vn 0.5896 -0.8075 -0.0171
vn -0.4542 0.3122 0.8344
vn -0.8023 -0.3840 0.4570
vn -0.5735 -0.8157 0.0752
vn -0.5106 -0.8573 0.0660
vn -0.0000 -0.9855 0.1695
vn -0.4609 0.8860 0.0505
vn -0.4130 -0.9040 0.1105
vn -0.0592 -0.6508 0.7569
vn -0.0415 -0.7053 0.7077
vn 0.0954 -0.7867 0.6099
vn -0.1899 -0.7714 0.6073
vn -0.1196 -0.7946 0.5952
vn 0.1387 -0.6589 0.7394
vn -0.1122 -0.6873 0.7177
vn -0.0523 -0.6234 0.7802
vn -0.1252 -0.4383 0.8901
vn -0.1056 -0.4223 0.9003
vn -0.0740 -0.3144 0.9464
vn -0.1369 -0.4307 0.8921
vn -0.0000 -0.5697 0.8219
vn 0.0406 -0.7210 0.6917
vn -0.0742 -0.6069 0.7913
vn -0.0000 -0.5368 0.8437
vn -0.0000 -0.5894 0.8078
vn -0.1109 -0.6819 0.7230
vn -0.1883 -0.7669 0.6135
vn -0.0887 -0.8112 0.5780
vn 0.0739 -0.8239 0.5619
vn -0.0482 -0.7270 0.6849
vn -0.0000 -0.6774 0.7356
vn -0.4751 -0.7127 0.5160
vn -0.3863 -0.7728 0.5036
vn 0.2792 -0.7445 0.6064
vn 0.9814 -0.1301 0.1412
vn 0.9768 -0.1577 0.1451
vn -0.0000 -0.0765 -0.9971
vn 0.0765 -0.0000 -0.9971
vn -0.0000 0.0765 0.9971
vn 0.0196 -0.1293 0.9914
vn -0.2351 0.3801 0.8946
vn -0.4301 -0.9003 0.0665
vn -0.5379 0.6320 0.5579
vn -0.0000 -0.9974 0.0716
vn -0.5584 0.5197 0.6466
vn -0.1342 -0.9845 0.1125
vn -0.5311 -0.7317 0.4272
vn -0.0000 -0.9929 0.1190
vn -0.8221 -0.5687 -0.0267
vn -0.0218 -0.9900 0.1392
vn -0.4978 -0.8619 0.0960
vn -0.0469 -0.9849 0.1667
vn -0.6171 0.7795 0.1077
vn 0.0920 -0.9925 0.0806
vn -0.4059 -0.9074 0.1087
vn -0.0609 -0.6241 0.7789
vn -0.0609 -0.6241 0.7790
vn -0.0522 -0.6258 0.7783
vn -0.0000 -0.5754 0.8179
vn -0.1718 -0.6481 0.7419
vn -0.0730 -0.7795 0.6222
vn -0.0272 -0.7172 0.6963
vn -0.3361 -0.7681 0.5450
vn -0.0000 -0.8025 0.5967
vn 0.2354 -0.7557 0.6112
vn -0.0487 -0.7807 0.6231
vn 0.1777 -0.6752 0.7159
vn -0.0000 -0.6774 0.7357
vn -0.2607 -0.7820 0.5662
vn -0.0965 -0.7717 0.6286
vn -0.2606 -0.7820 0.5662
vn -0.0000 -0.8378 0.5459
vn 0.1771 -0.7972 0.5772
vn -0.0000 -0.8100 0.5864
vn -0.1653 -0.8263 0.5384
vn -0.1652 -0.8263 0.5384
vn 0.1772 -0.7972 0.5772
vn -0.3208 -0.6416 0.6968
vn 0.2047 -0.7165 0.6669
vn 0.9824 -0.1368 0.1273
vn 0.5484 -0.0451 -0.8350
vn -0.2182 -0.2128 0.9524
vn -0.8108 -0.3763 0.4483
vn -0.5416 -0.8365 0.0828
vn -0.8320 -0.5503 -0.0706
vn -0.0420 -0.9928 0.1120
vn -0.8380 -0.5420 -0.0630
vn -0.0725 -0.9896 0.1243
vn -0.8828 -0.4581 -0.1044
vn 0.0254 -0.9864 0.1623
vn -0.7845 -0.6186 -0.0438
vn 0.0263 -0.9932 0.1133
vn -0.8815 -0.4623 -0.0960
vn -0.0000 -0.9911 0.1331
vn -0.7835 -0.6199 -0.0439
vn -0.0000 -0.9921 0.1255
vn -0.8461 -0.5264 -0.0843
vn -0.0210 -0.9935 0.1120
vn -0.8456 -0.5251 -0.0965
vn -0.8697 -0.4778 -0.1239
vn -0.0299 -0.9912 0.1292
vn -0.4868 -0.8693 0.0852
vn -0.0000 -0.9916 0.1293
vn -0.5600 -0.8284 -0.0104
vn 0.0196 -0.9886 0.1492
vn -0.2411 -0.9699 0.0347
vn -0.0000 -0.9905 0.1374
vn -0.4863 0.8444 0.2249
vn 0.1088 -0.9901 0.0892
vn -0.4194 -0.9032 0.0916
vn 0.1598 -0.4993 0.8516
vn 0.0879 -0.6560 0.7496
vn -0.0000 -0.5420 0.8404
vn -0.0000 -0.6019 0.7985
vn -0.3349 -0.6697 0.6628
vn -0.1678 -0.7665 0.6200
vn -0.0000 -0.7995 0.6006
vn -0.0000 -0.7995 0.6007
vn -0.0000 -0.7798 0.6261
vn -0.0000 -0.7472 0.6646
vn -0.3611 -0.8050 0.4706
vn -0.0000 -0.8555 0.5179
vn -0.0311 -0.8466 0.5313
vn -0.1121 -0.7851 0.6091
vn 0.0663 -0.8613 0.5037
vn -0.1122 -0.7851 0.6091
vn -0.1362 -0.8856 0.4439
vn -0.0662 -0.8613 0.5037
vn -0.0000 -0.8274 0.5616
vn -0.0000 -0.7753 0.6316
vn 0.0896 -0.8067 0.5841
vn -0.0000 -0.8100 0.5865
vn -0.2047 -0.7164 0.6669
vn 0.9792 -0.1470 0.1397
vn 0.4778 -0.0823 -0.8746
vn -0.2731 -0.8518 0.4471
vn -0.6722 -0.7383 0.0552
vn -0.0000 -0.8563 0.5165
vn -0.0817 -0.8487 0.5225
vn -0.3724 -0.7448 0.5537
vn -0.0897 -0.8067 0.5841
vn 0.4008 -0.8017 0.4434
vn -0.1705 -0.8138 0.5555
vn -0.0000 -0.8751 0.4840
vn 0.3196 -0.7360 0.5967
vn -0.2414 -0.8165 0.5244
vn 0.2247 -0.7599 0.6100
vn -0.0000 -0.7561 0.6545
vn -0.0000 -0.7798 0.6260
vn 0.0818 -0.7790 0.6216
vn -0.1109 -0.8674 0.4850
vn 0.0791 -0.8532 0.5156
vn 0.1827 -0.7825 0.5953
vn -0.2620 -0.8335 0.4865
vn -0.3098 -0.8317 0.4607
vn -0.0780 -0.8577 0.5081
vn -0.0000 -0.8788 0.4772
vn -0.2146 -0.8583 0.4661
vn -0.0000 -0.7639 0.6453
vn -0.2399 -0.7198 0.6514
vn 0.2047 -0.7164 0.6669
vn 0.1027 -0.6162 0.7808
vn 0.9914 -0.0547 0.1190
vn 0.9483 0.0235 -0.3165
vn -0.2581 -0.8485 0.4620
vn -0.2746 -0.2005 0.9404
vn -0.5423 -0.8381 0.0591
vn -0.5143 -0.7527 0.4109
vn -0.0417 -0.9902 0.1334
vn -0.8351 -0.5472 -0.0569
vn -0.0286 -0.9907 0.1327
vn -0.8362 -0.5439 -0.0694
vn -0.0000 -0.9892 0.1463
vn -0.8396 -0.5397 -0.0609
vn -0.0000 -0.9936 0.1133
vn -0.5050 -0.8569 0.1033
vn -0.0565 -0.9867 0.1521
vn 0.7191 0.6704 0.1831
vn 0.0523 -0.9958 0.0750
vn -0.8370 0.5122 0.1926
vn 0.4979 -0.8649 0.0639
vn -0.9203 -0.2976 -0.2541
vn -0.3279 -0.8883 0.3215
vn -0.6079 0.2788 0.7435
vn -0.4373 -0.8979 0.0505
vn -0.4130 0.6753 0.6110
vn 0.0323 -0.9939 0.1053
vn -0.9908 -0.0851 0.1048
vn -0.0000 -0.9984 0.0566
vn -0.4113 -0.9069 0.0916
vn -0.0000 -0.8447 0.5352
vn -0.3614 -0.7229 0.5888
vn 0.2323 -0.7743 0.5886
vn -0.0000 -0.7753 0.6315
vn 0.3320 -0.7968 0.5048
vn -0.2963 -0.7902 0.5364
vn 0.2025 -0.8102 0.5500
vn -0.0780 -0.8578 0.5081
vn -0.1363 -0.8856 0.4440
vn 0.0702 -0.8427 0.5338
vn 0.2607 -0.7820 0.5662
vn -0.0964 -0.7717 0.6286
vn -0.1653 -0.8263 0.5385
vn -0.0000 -0.4835 0.8753
vn -0.1209 -0.6043 0.7875
vn 0.1122 -0.6731 0.7310
vn 0.1027 -0.6163 0.7808
vn -0.2531 -0.5061 0.8245
vn -0.0000 -0.4182 0.9084
vn -0.1452 -0.2903 0.9459
vn -0.0000 -0.0000 1.0000
vn -0.0000 -0.5495 0.8355
vn -0.4378 -0.5473 0.7133
vn -0.2530 -0.5061 0.8245
vn 0.2685 -0.4028 0.8750
vn 0.9935 0.0941 0.0641
vn -0.9938 -0.0552 0.0967
vn -0.6441 0.0226 0.7646
vn -0.7596 -0.4205 0.4962
vn -0.6042 -0.7923 0.0853
vn -0.8168 -0.5737 -0.0614
vn -0.0623 -0.9852 0.1596
vn -0.8209 -0.5678 -0.0605
vn -0.0250 -0.9868 0.1597
vn -0.8084 -0.5474 -0.2165
vn -0.0000 -0.9868 0.1618
vn -0.8886 -0.3794 -0.2576
vn -0.0123 -0.9874 0.1579
vn -0.8879 -0.3807 -0.2581
vn -0.8872 -0.3820 -0.2586
vn -0.0241 -0.9878 0.1541
vn -0.9103 -0.3945 -0.1251
vn -0.0353 -0.9880 0.1505
vn -0.8141 -0.5793 -0.0414
vn -0.4819 -0.8727 0.0793
vn -0.0345 -0.9824 0.1838
vn -0.3173 0.8666 0.3850
vn 0.1448 -0.9828 0.1149
vn -0.7109 0.5085 0.4858
vn -0.0000 -0.9978 0.0661
vn -0.5286 0.5316 0.6618
vn -0.1944 -0.9762 0.0964
vn -0.5245 -0.7299 0.4383
vn -0.0638 -0.9887 0.1360
vn -0.8251 -0.5637 -0.0386
vn -0.0000 -0.9907 0.1363
vn -0.8243 -0.5648 -0.0385
vn -0.1535 -0.9821 0.1091
vn -0.0000 -0.9860 0.1669
vn -0.6849 0.4774 -0.5505
vn 0.0963 -0.9921 0.0807
vn -0.4244 -0.8991 0.1073
vn -0.1533 -0.7336 0.6620
vn -0.3197 -0.7691 0.5534
vn -0.0000 -0.8323 0.5544
vn -0.0000 -0.8266 0.5628
vn -0.3708 -0.8187 0.4385
vn -0.2768 -0.7993 0.5334
vn -0.3207 -0.7484 0.5806
vn 0.2472 -0.9659 0.0775
vn -0.9792 -0.1047 -0.1737
vn -0.0000 -0.9976 0.0694
vn -0.9723 -0.1281 -0.1957
vn 0.0105 -0.9967 0.0800
vn -0.4161 -0.9058 0.0800
vn -0.1572 -0.7862 0.5977
vn -0.1674 -0.7531 0.6362
vn 0.2615 -0.6538 0.7101
vn -0.3207 -0.6415 0.6968
vn -0.0896 -0.8067 0.5841
vn -0.2047 -0.7165 0.6669
vn 0.0793 -0.7936 0.6033
vn -0.2047 -0.7164 0.6670
vn 0.2366 -0.5915 0.7708
vn -0.0000 -0.5231 0.8522
vn -0.1702 -0.3405 0.9247
vn -0.3858 -0.3858 0.8380
vn 0.8604 -0.5003 0.0968
vn -0.7776 0.4926 0.3907
vn -0.3777 0.0718 0.9231
vn -0.9242 -0.3808 0.0285
vn -0.6879 -0.7209 0.0837
vn -0.3375 0.9404 -0.0407
vn 0.1180 -0.9886 0.0937
vn -0.4438 -0.8875 0.1240
vn -0.3495 -0.2796 0.8942
vn -0.2951 -0.1476 0.9440
vn -0.0770 -0.1540 0.9851
vn -0.1476 -0.2952 0.9440
vn -0.1476 -0.2951 0.9440
vn -0.0726 -0.3631 0.9289
vn -0.2563 -0.5125 0.8196
vn -0.1359 -0.4756 0.8691
vn -0.2077 -0.4154 0.8856
vn -0.2469 -0.4115 0.8773
vn -0.0000 -0.5164 0.8564
vn -0.4208 -0.4810 0.7691
vn -0.2796 -0.3495 0.8942
vn -0.0000 -0.2283 0.9736
vn -0.0552 -0.3313 0.9419
vn -0.0000 -0.3796 0.9252
vn -0.2751 -0.5502 0.7885
vn -0.3536 -0.7072 0.6122
vn -0.2288 -0.7457 0.6258
vn -0.3614 -0.7229 0.5889
vn -0.2066 -0.8265 0.5236
vn -0.2986 -0.8211 0.4864
vn -0.3864 -0.7728 0.5035
vn 0.3068 -0.4602 0.8331
vn -0.0902 -0.7219 0.6860
vn 0.0897 -0.8067 0.5841
vn 0.8171 -0.5734 0.0593
vn 0.4914 0.0656 0.8685
vn -0.1621 -0.9339 0.3186
vn -0.6975 -0.7134 0.0679
vn -0.2226 -0.2226 0.9492
vn -0.3243 -0.4541 0.8298
vn -0.2562 -0.5125 0.8196
vn -0.3142 -0.4300 0.8464
vn -0.0000 -0.1732 0.9849
vn -0.1134 -0.2268 0.9673
vn -0.2316 -0.4632 0.8555
vn -0.2342 -0.6025 0.7630
vn -0.4690 -0.6765 0.5678
vn -0.3615 -0.7229 0.5888
vn -0.1209 -0.6043 0.7876
vn 0.3215 -0.7234 0.6110
vn -0.3765 -0.6275 0.6815
vn -0.0000 -0.4836 0.8753
vn 0.4221 -0.4221 0.8023
vn -0.0000 -0.6773 0.7357
vn 0.3208 -0.6416 0.6968
vn -0.0000 -0.5232 0.8522
vn -0.2843 -0.5686 0.7719
vn 0.9932 -0.0789 0.0857
vn -0.1338 -0.6862 -0.7150
vn -0.0480 -0.9979 0.0441
vn -0.8866 -0.4582 0.0633
vn -0.0000 -0.5164 0.8563
vn -0.0875 -0.3500 0.9327
vn -0.3909 -0.3909 0.8333
vn -0.1762 -0.5448 0.8199
vn -0.1933 -0.5317 0.8245
vn -0.1791 -0.3581 0.9163
vn -0.2288 -0.7456 0.6258
vn -0.4633 -0.6486 0.6038
vn -0.3207 -0.6416 0.6968
vn -0.1451 -0.2903 0.9459
vn 0.3215 -0.7234 0.6111
vn 0.3131 -0.5219 0.7935
vn -0.1208 -0.6043 0.7876
vn -0.0000 -0.3456 0.9384
vn -0.0000 -0.6195 0.7850
vn -0.2022 -0.6067 0.7688
vn -0.3652 -0.4870 0.7934
vn 0.9922 -0.0603 0.1093
vn 0.3892 -0.0262 -0.9208
vn -0.2149 -0.9549 -0.2051
vn -0.9950 -0.0425 0.0906
vn -0.0638 -0.5742 0.8162
vn 0.1268 -0.5707 0.8113
vn -0.2307 -0.6344 0.7378
vn -0.1884 -0.5651 0.8032
vn -0.3582 -0.5372 0.7636
vn -0.0661 -0.5291 0.8460
vn -0.1762 -0.5447 0.8199
vn -0.1934 -0.5317 0.8245
vn -0.2334 -0.4668 0.8530
vn -0.2750 -0.5502 0.7885
vn -0.3388 -0.6776 0.6528
vn 0.2332 -0.6996 0.6754
vn 0.2623 -0.6995 0.6648
vn -0.0000 -0.7754 0.6315
vn -0.2623 -0.6995 0.6647
vn -0.2023 -0.6067 0.7688
vn 0.2686 -0.4028 0.8750
vn -0.0000 -0.2544 0.9671
vn -0.3566 -0.2377 0.9035
vn 0.9966 0.0001 0.0827
vn 0.4577 0.0001 -0.8891
vn -0.2092 -0.9573 -0.1998
vn -0.9950 -0.0479 0.0876
vn -0.2196 -0.5856 0.7803
vn -0.0488 -0.6833 0.7285
vn -0.1686 -0.6743 0.7189
vn -0.1883 -0.5651 0.8032
vn -0.1635 -0.5231 0.8365
vn -0.2091 -0.5995 0.7726
vn -0.1208 -0.6043 0.7875
vn -0.0000 -0.5231 0.8523
vn 0.1381 -0.4142 0.8997
vn 0.1380 -0.4142 0.8997
vn -0.0000 -0.2934 0.9560
vn 0.9971 -0.0280 0.0710
vn 0.5299 0.0001 -0.8481
vn -0.2095 -0.9625 -0.1725
vn -0.9943 -0.0657 0.0840
vn -0.2452 -0.4903 0.8364
vn -0.2830 -0.5660 0.7743
vn -0.3858 -0.3858 0.8381
vn -0.1703 -0.3406 0.9247
vn 0.1215 -0.3643 0.9233
vn 0.1381 -0.4141 0.8997
vn 0.1214 -0.3643 0.9233
vn 0.9942 -0.0373 0.1012
vn 0.3999 -0.0253 -0.9162
vn -0.2270 -0.9550 -0.1911
vn -0.9960 -0.0324 0.0831
vn -0.0000 -0.3797 0.9251
vn -0.0000 -0.3796 0.9251
vn -0.4099 -0.4562 0.7898
vn 0.9968 -0.0120 0.0787
vn 0.4538 0.0001 -0.8911
vn -0.2139 -0.9551 -0.2051
vn -0.9965 -0.0145 0.0824
vn -0.0507 -0.4995 0.8648
vn 0.0993 -0.4963 0.8624
vn 0.9970 0.0001 0.0768
vn 0.7771 -0.2164 -0.5910
vn -0.2040 -0.9592 -0.1957
vn -0.9966 -0.0096 0.0820
vn 0.8546 0.5178 0.0389
vn -0.7429 0.0199 0.6692
vn -0.0139 -0.8693 -0.4940
vn -0.8381 0.5412 0.0685
vn -0.3068 -0.4603 0.8331
vn -0.5608 -0.5608 0.6091
vn 0.1452 0.2903 0.9459
vn -0.0000 0.4182 0.9084
vn -0.1215 0.3643 0.9233
vn -0.2544 -0.0000 0.9671
vn -0.5232 -0.0000 0.8522
vn 0.9562 0.2863 0.0617
vn -0.5321 0.2777 -0.7998
vn 0.5148 -0.5258 -0.6771
vn -0.9608 0.2636 0.0861
vn -0.5061 -0.2531 0.8245
vn 0.2903 0.1452 0.9459
vn 0.3858 0.3858 0.8380
vn -0.0000 0.5495 0.8355
vn -0.3068 0.4602 0.8331
vn -0.3446 0.3446 0.8732
vn -0.4028 0.2685 0.8750
vn -0.3643 0.1214 0.9233
vn -0.2903 -0.1452 0.9459
vn 0.9974 -0.0251 0.0680
vn -0.6189 -0.0077 -0.7854
vn -0.2004 -0.9606 -0.1926
vn -0.9969 -0.0232 0.0758
vn -0.5473 -0.4378 0.7133
vn 0.5061 0.2530 0.8245
vn 0.5061 0.2531 0.8245
vn 0.1380 0.4142 0.8997
vn -0.3817 0.5726 0.7255
vn -0.2685 0.4028 0.8750
vn -0.1214 0.3643 0.9233
vn -0.4028 0.2686 0.8750
vn 0.9987 -0.0187 0.0475
vn -0.3916 0.0001 -0.9201
vn -0.2239 -0.9556 -0.1917
vn -0.9957 -0.0561 0.0731
vn 0.4182 -0.0000 0.9084
vn 0.5686 0.2843 0.7719
vn -0.1861 0.5583 0.8085
vn -0.3208 0.6416 0.6968
vn -0.0000 0.4836 0.8753
vn -0.2903 -0.1451 0.9459
vn 0.9965 -0.0244 0.0796
vn -0.6224 -0.0076 -0.7826
vn -0.2159 -0.9587 -0.1849
vn -0.9971 -0.0225 0.0732
vn 0.3858 0.3858 0.8381
vn 0.6415 0.3208 0.6968
vn 0.5473 0.4378 0.7133
vn -0.2686 0.4028 0.8750
vn -0.1027 0.6162 0.7808
vn -0.0000 0.6774 0.7356
vn -0.4182 -0.0000 0.9084
vn 0.9987 -0.0185 0.0469
vn -0.4164 0.0001 -0.9092
vn -0.1949 -0.9627 -0.1878
vn -0.9973 -0.0111 0.0724
vn 0.2903 0.1451 0.9459
vn 0.6486 0.4633 0.6038
vn 0.1703 0.3406 0.9247
vn -0.0000 0.4835 0.8753
vn -0.3267 0.3267 0.8868
vn -0.4221 0.4221 0.8023
vn -0.5726 0.3817 0.7255
vn -0.3266 0.3266 0.8870
vn 0.9976 -0.0242 0.0656
vn -0.6240 -0.0073 -0.7814
vn -0.0022 -0.8737 -0.4865
vn -0.8484 0.5260 0.0596
vn -0.5419 -0.4064 0.7356
vn -0.1156 -0.4625 0.8790
vn 0.6416 0.3208 0.6968
vn 0.2530 0.5061 0.8245
vn -0.3268 0.3268 0.8868
vn -0.3858 0.3858 0.8381
vn -0.1380 0.4142 0.8997
vn -0.3858 0.3858 0.8380
vn 0.9986 0.0001 0.0525
vn -0.5286 0.0001 -0.8489
vn 0.0131 -0.8787 -0.4773
vn -0.9913 -0.0613 0.1168
vn 0.2531 0.5061 0.8245
vn -0.1027 0.6163 0.7808
vn -0.3068 0.4603 0.8331
vn -0.5271 0.0001 -0.8498
vn -0.0138 -0.9975 0.0690
vn -0.8935 -0.4467 0.0465
vn 0.1451 0.2903 0.9459
vn -0.5608 0.5608 0.6091
vn -0.3644 0.1214 0.9233
vn 0.9471 -0.3157 0.0581
vn -0.5864 -0.0648 -0.8074
vn -0.1900 -0.9645 -0.1835
vn -0.9976 -0.0104 0.0679
vn 0.4836 -0.0000 0.8753
vn 0.2544 -0.0000 0.9671
vn 0.1209 0.6043 0.7875
vn 0.8893 -0.4554 0.0409
vn -0.3701 -0.8801 -0.2973
vn -0.2021 -0.9597 -0.1951
vn -0.9977 -0.0000 0.0672
vn -0.5061 -0.2530 0.8245
vn 0.9975 -0.0244 0.0665
vn -0.6018 -0.0073 -0.7986
vn 0.0042 -0.8761 -0.4821
vn -0.8412 0.5378 0.0561
vn -0.5867 -0.1467 0.7964
vn -0.1381 0.4142 0.8997
vn -0.0000 0.5231 0.8523
vn -0.0000 0.5231 0.8522
vn -0.3643 0.1215 0.9233
vn 0.9986 0.0001 0.0526
vn -0.4950 0.0001 -0.8689
vn 0.3621 -0.4249 -0.8297
vn -0.9526 0.2955 0.0718
vn -0.0000 0.2544 0.9671
vn 0.3406 0.1703 0.9247
vn -0.1381 0.4141 0.8997
vn -0.4708 0.0001 -0.8822
vn -0.2018 -0.9598 -0.1951
vn -0.9979 -0.0000 0.0652
vn -0.6043 -0.1209 0.7875
vn 0.1381 0.4142 0.8997
vn 0.9986 -0.0081 0.0522
vn -0.1968 -0.9618 -0.1903
vn -0.7164 -0.2047 0.6669
vn 0.9987 0.0001 0.0513
vn -0.5065 0.0001 -0.8622
vn -0.1878 -0.9653 -0.1815
vn -0.9976 -0.0291 0.0633
vn -0.6415 -0.3208 0.6968
vn 0.8939 0.4470 0.0344
vn -0.4213 -0.0701 -0.9042
vn 0.0041 -0.8807 -0.4736
vn -0.8503 0.5236 0.0529
vn -0.3456 -0.0000 0.9384
vn 0.8923 0.4461 0.0687
vn -0.5754 -0.1291 -0.8077
vn 0.3483 -0.4170 -0.8395
vn -0.9543 0.2910 0.0685
vn -0.3267 0.3267 0.8869
vn -0.4142 0.1381 0.8997
vn -0.5360 0.0001 -0.8442
vn 0.0126 -0.8790 -0.4766
vn -0.8405 0.5393 0.0513
vn -0.4141 0.1380 0.8997
vn 0.9987 -0.0003 0.0513
vn -0.5350 0.0001 -0.8449
vn 0.4041 -0.4477 -0.7977
vn -0.9500 0.3048 0.0676
vn 0.0581 0.1163 0.9915
vn -0.0000 0.1732 0.9849
vn -0.0496 0.1489 0.9876
vn -0.4602 0.3068 0.8331
vn 0.9991 0.0001 0.0428
vn -0.5340 0.0001 -0.8455
vn -0.1991 -0.9608 -0.1930
vn -0.9981 -0.0000 0.0614
vn 0.1707 0.1707 0.9704
vn 0.1134 0.2268 0.9673
vn -0.1147 0.1721 0.9784
vn -0.0576 0.1729 0.9833
vn -0.4378 0.5473 0.7133
vn -0.5367 0.2147 0.8160
vn -0.4142 0.1380 0.8997
vn 0.9545 -0.2926 0.0582
vn -0.6092 -0.0477 -0.7916
vn -0.1959 -0.9620 -0.1900
vn 0.0918 0.1836 0.9787
vn -0.0976 0.2927 0.9512
vn -0.1364 0.2047 0.9693
vn -0.1364 0.2046 0.9693
vn -0.3638 0.4460 0.8178
vn -0.6275 0.3765 0.6815
vn -0.1451 0.2903 0.9459
vn 0.7064 -0.7065 0.0433
vn -0.5760 -0.7970 -0.1819
vn -0.1909 -0.9640 -0.1851
vn -0.9981 -0.0093 0.0604
vn 0.0770 0.1540 0.9851
vn -0.0000 0.2283 0.9736
vn 0.1476 0.2952 0.9440
vn -0.1505 0.2257 0.9625
vn -0.1777 0.2666 0.9473
vn -0.0474 0.3314 0.9423
vn -0.1779 0.3736 0.9104
vn -0.2227 0.5233 0.8225
vn -0.0000 0.5368 0.8437
vn -0.2947 0.5130 0.8062
vn -0.5473 0.4378 0.7133
vn -0.2903 0.1451 0.9459
vn 0.8315 -0.5543 0.0365
vn -0.5829 -0.7417 -0.3318
vn -0.1818 -0.9674 -0.1763
vn -0.9982 -0.0000 0.0598
vn 0.1476 0.2951 0.9440
vn -0.0000 0.2709 0.9626
vn -0.0620 0.3723 0.9260
vn -0.0621 0.3723 0.9260
vn -0.2306 0.3229 0.9179
vn -0.0000 0.2065 0.9785
vn -0.4730 0.4730 0.7434
vn 0.9980 0.0161 0.0613
vn -0.5047 0.0001 -0.8633
vn 0.0151 -0.8799 -0.4749
vn -0.8403 0.5398 0.0499
vn 0.2226 0.2226 0.9492
vn -0.2413 0.3620 0.9004
vn -0.0759 0.2276 0.9708
vn -0.1707 0.1707 0.9704
vn -0.5717 0.4404 0.6922
vn -0.4633 0.6486 0.6038
vn -0.3208 0.6415 0.6968
vn -0.1209 0.6043 0.7875
vn -0.4894 0.0001 -0.8721
vn 0.2847 -0.5764 -0.7660
vn -0.8907 0.4453 0.0908
vn -0.1099 0.3298 0.9376
vn -0.2077 0.4154 0.8856
vn -0.0976 0.2928 0.9512
vn -0.4826 0.2706 0.8330
vn -0.4910 0.5548 0.6717
vn -0.2788 0.6505 0.7065
vn -0.3215 0.7234 0.6111
vn -0.3765 0.6275 0.6815
vn 0.9983 0.0242 0.0525
vn -0.4974 0.0111 -0.8674
vn -0.9989 0.0139 0.0452
vn -0.2949 -0.9118 -0.2859
vn 0.6043 0.1208 0.7875
vn 0.7164 0.2047 0.6670
vn -0.2226 0.2226 0.9492
vn -0.0759 0.2277 0.9708
vn -0.2414 0.3620 0.9004
vn -0.3198 0.2665 0.9092
vn -0.2856 0.4252 0.8588
vn -0.1703 0.3406 0.9247
vn -0.2959 0.5918 0.7498
vn -0.2685 0.4029 0.8750
vn -0.0000 0.2934 0.9560
vn -0.1214 0.3644 0.9233
vn 0.9984 0.0163 0.0534
vn -0.4913 0.0001 -0.8710
vn -0.1005 -0.9902 -0.0974
vn -0.9959 0.0264 0.0860
vn 0.6043 0.1209 0.7875
vn 0.7164 0.2047 0.6669
vn -0.1934 0.1934 0.9619
vn -0.3549 0.3549 0.8649
vn -0.1147 0.4756 0.8721
vn -0.2366 0.5915 0.7708
vn -0.0000 0.5232 0.8522
vn 0.9985 -0.0002 0.0539
vn -0.4877 0.0001 -0.8730
vn -0.9988 0.0141 0.0459
vn -0.2826 -0.9193 -0.2738
vn -0.6742 0.0963 0.7323
vn 0.6774 -0.0000 0.7356
vn 0.4995 0.0507 0.8648
vn 0.2268 0.1134 0.9673
vn -0.1951 0.3724 0.9074
vn -0.0631 0.3312 0.9415
vn -0.1364 0.2048 0.9693
vn -0.0000 0.6774 0.7357
vn -0.2202 0.6608 0.7176
vn 0.9470 -0.3156 0.0596
vn -0.5110 0.6385 -0.5755
vn -0.1723 -0.9708 -0.1669
vn -0.9981 -0.0182 0.0593
vn -0.6043 -0.1208 0.7875
vn 0.5680 0.0959 0.8174
vn 0.1163 0.0581 0.9915
vn -0.2012 0.3250 0.9240
vn -0.0797 0.7171 0.6923
vn 0.2022 0.6067 0.7688
vn 0.7801 -0.6243 0.0421
vn 0.1128 -0.7885 0.6046
vn 0.0095 -0.8824 -0.4704
vn -0.5788 0.8139 0.0506
vn -0.4651 0.8817 0.0792
vn 0.6776 0.3388 0.6528
vn 0.4632 0.2316 0.8555
vn 0.1540 0.0770 0.9851
vn 0.2952 0.1476 0.9440
vn -0.0655 0.1966 0.9783
vn -0.3251 0.2012 0.9240
vn -0.2406 0.4647 0.8521
vn -0.6416 0.3208 0.6968
vn -0.4870 0.3653 0.7934
vn 0.9967 0.0338 0.0734
vn 0.4482 0.0143 -0.8938
vn 0.5757 -0.1972 -0.7935
vn 0.7176 -0.2236 -0.6595
vn -0.9466 0.3155 0.0661
vn 0.6025 0.2342 0.7630
vn 0.1732 -0.0000 0.9849
vn -0.3620 0.2414 0.9004
vn -0.1421 0.4263 0.8933
vn -0.7234 0.3215 0.6110
vn -0.5718 0.3431 0.7452
vn 0.3208 0.6415 0.6968
vn -0.1467 0.5867 0.7964
vn 0.9960 0.0227 0.0865
vn 0.7757 -0.2245 -0.5898
vn 0.0174 -0.8807 -0.4734
vn -0.8310 0.5540 0.0497
vn 0.2616 0.1308 0.9563
vn 0.2951 0.1476 0.9440
vn -0.4647 0.2406 0.8521
vn -0.4835 -0.0000 0.8753
vn -0.6043 0.1208 0.7875
vn -0.2202 0.6607 0.7176
vn 0.1027 0.6162 0.7808
vn 0.9938 0.0931 0.0601
vn -0.7159 -0.6930 0.0850
vn 0.4098 -0.4366 -0.8009
vn -0.9466 0.3155 0.0662
vn 0.5661 0.2830 0.7742
vn -0.3909 0.3909 0.8333
vn -0.2796 0.3495 0.8942
vn -0.3065 0.2344 0.9226
vn 0.8904 0.4537 0.0372
vn -0.4344 -0.0750 -0.8976
vn -0.1892 -0.9646 -0.1836
vn 0.4307 0.1369 0.8921
vn 0.3144 0.0740 0.9464
vn -0.1441 0.3602 0.9217
vn -0.4114 0.2469 0.8774
vn -0.4115 0.2469 0.8773
vn -0.4127 0.6603 0.6275
vn 0.8751 0.4781 0.0754
vn -0.5521 -0.1089 -0.8266
vn -0.1854 -0.9661 -0.1799
vn 0.3313 0.0552 0.9419
vn 0.2283 -0.0000 0.9736
vn -0.3620 0.2413 0.9004
vn -0.3495 0.2796 0.8942
vn -0.1208 0.6043 0.7875
vn -0.5101 0.5101 0.6926
vn 0.9549 -0.2900 0.0644
vn -0.6370 -0.0385 -0.7699
vn -0.1922 -0.9635 -0.1865
vn 0.4168 0.2844 0.8634
vn -0.0000 0.1328 0.9911
vn -0.1966 0.0655 0.9783
vn -0.3243 0.4541 0.8298
vn -0.2237 0.5033 0.8346
vn -0.2469 0.4115 0.8773
vn -0.0473 0.3315 0.9423
vn -0.1048 0.4366 0.8936
vn -0.4468 0.5799 0.6813
vn -0.2972 0.6822 0.6680
vn 0.7126 -0.6999 0.0480
vn -0.9620 -0.2295 0.1477
vn -0.1800 -0.9680 -0.1747
vn 0.4562 0.4099 0.7898
vn -0.0000 0.2984 0.9544
vn -0.0726 0.3631 0.9289
vn -0.2237 0.5033 0.8347
vn -0.3244 0.4541 0.8298
vn -0.0000 0.4246 0.9054
vn -0.1937 0.3875 0.9013
vn -0.3707 0.5694 0.7338
vn -0.3078 0.6155 0.7256
vn -0.2830 0.5661 0.7743
vn -0.2147 0.5367 0.8160
vn 0.9990 0.0067 0.0439
vn -0.9815 -0.1862 0.0434
vn -0.8251 0.5628 0.0498
vn -0.0000 0.3456 0.9384
vn 0.3198 0.2665 0.9092
vn -0.4154 0.2077 0.8856
vn -0.2665 0.3198 0.9092
vn -0.2316 0.4632 0.8555
vn -0.3543 0.5796 0.7339
vn -0.6486 0.4633 0.6038
vn 0.9951 0.0412 0.0894
vn -0.6956 0.0228 -0.7180
vn 0.3576 -0.3483 -0.8665
vn -0.6930 0.7192 0.0498
vn 0.3833 0.1916 0.9035
vn 0.3581 0.1791 0.9163
vn -0.1933 0.1933 0.9619
vn -0.0562 0.2808 0.9581
vn -0.2277 0.0759 0.9708
vn -0.2046 0.1364 0.9693
vn -0.4460 0.3638 0.8178
vn -0.5858 0.5021 0.6362
vn 0.7065 -0.7065 0.0423
vn -0.9616 -0.2321 0.1466
vn 0.3539 -0.4057 -0.8427
vn -0.9465 0.3154 0.0680
vn -0.0000 0.2985 0.9544
vn -0.1813 0.1813 0.9666
vn -0.3229 0.2306 0.9179
vn -0.2047 0.7165 0.6669
vn -0.5101 0.5101 0.6925
vn -0.5108 0.6567 0.5548
vn 0.9990 0.0070 0.0452
vn -0.8743 -0.2241 -0.4306
vn -0.8310 0.5540 0.0512
vn -0.0000 0.3177 0.9482
vn -0.1505 0.2258 0.9625
vn -0.0918 0.1836 0.9787
vn -0.1833 0.3667 0.9121
vn -0.1950 0.5200 0.8316
vn -0.0000 0.5754 0.8179
vn -0.0556 0.5558 0.8295
vn -0.4541 0.3244 0.8298
vn -0.1049 0.4345 0.8945
vn -0.1564 0.5787 0.8004
vn -0.2348 0.5729 0.7852
vn -0.0626 0.4527 0.8894
vn -0.3131 0.5219 0.7935
vn 0.9885 0.1024 0.1114
vn -0.6860 0.0471 -0.7260
vn 0.3048 -0.5743 -0.7598
vn -0.8812 0.4656 0.0814
vn -0.4810 0.4209 0.7691
vn -0.2645 0.4629 0.8460
vn 0.1222 0.6112 0.7819
vn -0.3506 0.5183 0.7800
vn -0.3035 0.4046 0.8627
vn -0.4252 0.2856 0.8588
vn -0.0000 0.5697 0.8219
vn -0.0460 0.6191 0.7840
vn -0.3215 0.7234 0.6110
vn 0.7406 -0.6698 0.0537
vn -0.6046 -0.7756 -0.1812
vn -0.9983 0.0218 0.0549
vn -0.3011 -0.9079 -0.2917
vn -0.2312 0.3784 0.8963
vn -0.0000 0.5538 0.8327
vn -0.2706 0.4826 0.8330
vn -0.3083 0.6515 0.6931
vn 0.2047 0.7164 0.6669
vn 0.3207 0.7484 0.5806
vn 0.7207 -0.6909 0.0566
vn -0.5968 -0.7849 -0.1667
vn -0.1837 -0.9667 -0.1780
vn -0.9980 -0.0000 0.0632
vn 0.2617 0.1308 0.9563
vn -0.0590 0.4716 0.8798
vn -0.1950 0.3724 0.9074
vn 0.4378 0.5473 0.7133
vn -0.2400 0.7198 0.6514
vn -0.4208 -0.7390 -0.5262
vn -0.8309 0.5539 0.0526
vn -0.4115 0.2469 0.8774
vn 0.0606 0.4239 0.9037
vn -0.2860 0.4206 0.8610
vn -0.5796 0.4327 0.6905
vn 0.9746 0.1934 0.1131
vn -0.6939 0.1963 -0.6928
vn 0.2977 -0.5561 -0.7760
vn -0.8693 0.4869 0.0851
vn 0.3631 0.0726 0.9289
vn -0.2257 0.1505 0.9625
vn -0.2276 0.0759 0.9708
vn -0.1836 0.0918 0.9787
vn -0.4541 0.3243 0.8298
vn -0.2735 0.4319 0.8595
vn -0.5022 0.5289 0.6842
vn -0.3627 0.6886 0.6279
vn -0.0343 0.7306 0.6819
vn 0.7229 0.3615 0.5888
vn 0.8696 0.3345 0.3632
vn 0.8702 -0.4886 0.0643
vn -0.4206 -0.8465 -0.3264
vn -0.9983 0.0151 0.0570
vn -0.2933 -0.9129 -0.2839
vn -0.1814 0.1814 0.9665
vn -0.2860 0.2860 0.9146
vn -0.3909 0.3908 0.8333
vn -0.1639 0.6127 0.7731
vn -0.2075 0.5381 0.8169
vn -0.3320 0.5263 0.7828
vn -0.2047 0.7164 0.6669
vn -0.2399 0.7198 0.6514
vn 0.6959 0.5568 0.4535
vn 0.8525 0.3336 0.4025
vn 0.7593 0.6473 0.0669
vn 0.8723 0.2230 -0.4352
vn 0.0100 -0.8781 -0.4784
vn -0.8243 0.5635 0.0543
vn -0.2463 0.3079 0.9190
vn -0.1791 0.4178 0.8907
vn -0.2958 0.3170 0.9011
vn -0.4099 0.4562 0.7898
vn -0.2323 0.7743 0.5886
vn -0.0000 0.8378 0.5459
vn 0.4786 0.8733 0.0911
vn 0.4795 0.8760 0.0530
vn -0.0150 -0.9904 0.1375
vn 0.5708 -0.5405 -0.6181
vn -0.9339 0.3499 0.0733
vn -0.2735 0.4319 0.8594
vn -0.0000 0.5894 0.8078
vn 0.6716 0.7382 0.0632
vn -0.1196 -0.5974 -0.7930
vn 0.4586 -0.4498 -0.7664
vn -0.9977 -0.0000 0.0671
vn -0.0000 0.1545 0.9880
vn -0.1838 0.4847 0.8552
vn 0.1257 0.5813 0.8040
vn -0.0650 0.5522 0.8311
vn -0.1402 0.4204 0.8964
vn -0.0911 0.6227 0.7772
vn -0.2076 0.6076 0.7666
vn 0.6846 0.7267 0.0573
vn -0.3375 -0.3276 -0.8825
vn -0.1930 -0.9633 -0.1867
vn 0.3875 0.1938 0.9013
vn -0.1359 0.4756 0.8691
vn -0.2563 0.5125 0.8195
vn -0.0638 0.5742 0.8162
vn 0.0661 0.5291 0.8460
vn -0.1675 0.4186 0.8926
vn 0.1404 0.7019 0.6984
vn 0.0519 0.8311 0.5537
vn 0.6545 0.7529 0.0699
vn -0.2655 -0.3605 -0.8942
vn -0.5045 -0.8226 0.2624
vn -0.9402 -0.3239 0.1059
vn 0.4602 0.3068 0.8331
vn 0.3065 0.2344 0.9226
vn -0.2134 0.3556 0.9099
vn -0.0573 0.5156 0.8549
vn 0.4116 0.9041 0.1150
vn -0.0950 0.9919 0.0844
vn 0.1242 0.9783 0.1656
vn 0.5604 0.8244 0.0800
vn -0.0113 -0.7522 0.6588
vn 0.2946 -0.8711 -0.3929
vn -0.9983 0.0245 0.0533
vn -0.6200 0.6200 0.4809
vn -0.1122 0.6731 0.7310
vn 0.4330 0.8936 0.1183
vn 0.4407 0.8956 0.0603
vn -0.1813 -0.4606 -0.8689
vn -0.5729 0.4552 0.6816
vn 0.1581 0.8082 -0.5672
vn 0.7879 0.4168 -0.4533
vn 0.3620 -0.3736 -0.8540
vn -0.7139 0.6984 0.0507
vn 0.4353 0.4353 0.7880
vn 0.6842 0.7253 0.0765
vn -0.0876 -0.5147 -0.8529
vn 0.1585 -0.9816 -0.1068
vn 0.3521 -0.3521 -0.8672
vn -0.7062 0.7062 0.0507
vn 0.4168 0.2843 0.8634
vn 0.4200 0.8988 0.1255
vn -0.0000 0.9955 0.0947
vn -0.0112 0.9974 0.0716
vn -0.1839 0.9749 0.1259
vn 0.6767 0.7317 0.0814
vn -0.9979 -0.0396 0.0507
vn 0.1251 -0.8585 -0.4974
vn -0.9881 0.0845 0.1284
vn 0.6938 0.7156 0.0813
vn -0.0945 -0.5069 -0.8568
vn -0.0000 -0.4320 -0.9019
vn 0.0579 -0.5817 -0.8113
vn 0.3719 -0.8710 0.3210
vn 0.0864 0.6974 -0.7115
vn 0.2886 -0.8715 -0.3966
vn -0.9984 0.0086 0.0561
vn 0.2943 0.9508 0.0970
vn -0.0235 0.9919 0.1250
vn -0.1492 0.9840 0.0976
vn 0.6777 0.7280 0.1036
vn -0.9988 -0.0407 0.0284
vn 0.0926 -0.8898 -0.4468
vn -0.9911 0.0339 0.1287
vn 0.2686 0.4028 0.8750
vn 0.4107 0.8972 0.1621
vn 0.4461 0.8923 0.0699
vn 0.1056 -0.5229 -0.8459
vn -0.0042 -0.5173 -0.8558
vn -0.4082 -0.2944 -0.8641
vn 0.0533 0.7208 -0.6911
vn -0.0274 -0.9979 0.0591
vn -0.9007 -0.4302 0.0611
vn 0.5608 0.5608 0.6091
vn 0.3334 0.4183 0.8449
vn 0.1390 0.0695 0.9879
vn 0.2665 0.3198 0.9092
vn -0.2283 -0.0000 0.9736
vn 0.4427 0.8853 0.1422
vn -0.1399 0.9846 0.1054
vn 0.6942 0.7136 0.0941
vn -0.7373 -0.6229 0.2615
vn 0.6617 -0.7060 -0.2525
vn -0.2050 -0.9587 -0.1970
vn -0.9978 -0.0000 0.0662
vn 0.2377 0.3565 0.9035
vn 0.5263 0.3320 0.7828
vn -0.0000 0.2065 0.9784
vn 0.0908 0.4192 0.9033
vn 0.0576 0.1729 0.9832
vn 0.1876 0.2064 0.9603
vn 0.4425 0.8848 0.1458
vn -0.1639 0.9806 0.1073
vn -0.0482 0.9652 0.2572
vn 0.6204 0.7779 0.0996
vn -0.6359 -0.7235 0.2686
vn -0.7460 -0.6650 -0.0362
vn 0.0197 0.7555 -0.6549
vn -0.0098 -0.8710 -0.4913
vn -0.8192 0.5696 0.0663
vn 0.5143 0.4299 0.7421
vn 0.4037 0.4374 0.8036
vn 0.0695 0.1390 0.9879
vn 0.1311 0.1638 0.9778
vn 0.2796 0.3495 0.8942
vn 0.3495 0.2796 0.8942
vn 0.4422 0.8844 0.1496
vn -0.0000 0.9937 0.1121
vn -0.3139 0.9414 0.1238
vn -0.2709 -0.0000 0.9626
vn 0.4461 0.8920 0.0735
vn -0.0119 -0.4637 -0.8859
vn -0.6760 0.3325 0.6577
vn 0.0061 0.8477 -0.5304
vn 0.8518 0.4040 -0.3335
vn 0.2983 -0.5477 -0.7817
vn -0.8374 0.5354 0.1105
vn -0.1480 0.9827 0.1115
vn 0.8062 0.5758 0.1364
vn 0.7119 0.6950 0.1005
vn -0.0592 -0.9861 0.1552
vn -0.7348 -0.5999 0.3165
vn -0.7236 0.6721 0.1571
vn -0.0506 0.9616 0.2697
vn 0.7078 0.6932 0.1361
vn 0.7074 0.7001 0.0973
vn -0.0500 0.8119 -0.5817
vn -0.9960 0.0267 0.0852
vn -0.2074 -0.9579 -0.1986
vn 0.2077 0.4154 0.8856
vn 0.7110 0.6986 0.0795
vn 0.0306 -0.4905 -0.8709
vn 0.1222 -0.8210 -0.5577
vn -0.9062 0.3865 0.1716
vn -0.1918 0.8464 -0.4968
vn 0.8859 0.0827 -0.4565
vn -0.8807 0.0367 -0.4723
vn -0.0000 0.7246 -0.6892
vn -0.0472 0.5448 -0.8372
vn -0.0000 0.7116 -0.7026
vn 0.8784 0.1028 -0.4668
vn -0.8878 0.4552 0.0675
vn -0.0267 -0.7106 -0.7031
vn 0.2614 0.2614 0.9291
vn 0.0726 0.3631 0.9289
vn -0.2076 0.4154 0.8856
vn 0.1966 -0.0655 0.9783
vn 0.1813 -0.1813 0.9666
vn 0.4561 0.8778 0.1466
vn -0.0000 0.9940 0.1092
vn 0.0256 0.9937 0.1092
vn -0.3063 0.9438 0.1242
vn -0.0000 -0.1844 0.9829
vn 0.3087 0.9429 0.1252
vn -0.2249 0.9654 0.1319
vn -0.0000 0.9566 0.2913
vn -0.0000 0.9731 0.2305
vn 0.7213 0.6786 0.1387
vn -0.0374 -0.8500 0.5255
vn 0.0964 -0.8779 -0.4690
vn -0.9864 0.0426 0.1590
vn 0.2562 0.5125 0.8196
vn 0.1359 0.4756 0.8691
vn -0.1399 0.9846 0.1053
vn -0.0000 0.9663 0.2575
vn -0.0000 0.9846 0.1749
vn 0.6355 0.7631 0.1176
vn -0.5787 -0.7570 0.3034
vn -0.0000 -0.9949 0.1005
vn 0.0103 -0.9950 0.0995
vn -0.7721 -0.5685 0.2840
vn 0.9026 0.4188 0.0992
vn -0.6445 0.7495 0.1514
vn 0.0133 0.8359 -0.5487
vn -0.0090 0.5809 -0.8139
vn -0.0000 0.6217 -0.7833
vn -0.0000 0.7114 -0.7028
vn 0.8689 0.0764 -0.4891
vn 0.2684 -0.8722 -0.4089
vn -0.9973 0.0069 0.0736
vn -0.2534 0.9624 0.0974
vn 0.0847 0.4231 0.9021
vn 0.2077 0.4153 0.8856
vn 0.4554 0.8816 0.1245
vn -0.0000 0.9953 0.0969
vn 0.0151 0.9953 0.0961
vn -0.1077 0.9896 0.0956
vn -0.0000 0.9742 0.2257
vn 0.1782 0.9772 0.1151
vn -0.2876 0.9513 0.1106
vn 0.1844 -0.0000 0.9829
vn 0.4432 0.8861 0.1356
vn 0.0238 0.9946 0.1014
vn -0.2980 0.9477 0.1146
vn 0.4685 0.8728 0.1368
vn -0.1251 0.9866 0.1048
vn 0.7030 0.7049 0.0941
vn -0.8067 -0.5555 0.2018
vn -0.8691 0.4650 0.1686
vn 0.0209 0.8476 -0.5302
vn -0.0000 0.6100 -0.7924
vn -0.8668 0.0591 -0.4951
vn -0.0000 0.7079 -0.7063
vn 0.6904 -0.7031 0.1701
vn -0.5559 -0.5225 -0.6465
vn -0.6900 0.7208 0.0657
vn 0.4439 0.8878 0.1213
vn 0.0144 0.9956 0.0921
vn -0.0000 0.9957 0.0927
vn 0.0073 0.9956 0.0934
vn -0.2934 0.9502 0.1047
vn 0.1777 0.2666 0.9473
vn 0.7028 0.7082 0.0679
vn -0.0949 -0.5363 -0.8386
vn -0.0000 -0.4473 -0.8944
vn 0.1743 -0.7500 -0.6380
vn 0.1192 0.5845 0.8026
vn -0.8090 0.5651 0.1616
vn -0.1847 0.9377 -0.2943
vn 0.8268 0.3360 0.4511
vn -0.6959 0.7126 0.0887
vn -0.9396 0.3233 0.1127
vn 0.7053 0.7053 0.0719
vn 0.0219 -0.5752 -0.8177
vn 0.1698 -0.8409 -0.5139
vn -0.6266 -0.7640 0.1536
vn -0.0000 0.9947 0.1030
vn -0.5505 -0.7956 0.2528
vn 0.0197 0.7554 -0.6549
vn 0.3212 -0.3211 -0.8909
vn -0.6998 0.7102 0.0771
vn 0.4322 0.8933 0.1234
vn 0.4404 0.8956 0.0629
vn -0.1073 -0.5697 -0.8149
vn 0.1687 -0.8963 -0.4102
vn -0.0000 -0.9776 0.2104
vn -0.1725 -0.8499 -0.4979
vn -0.0000 -0.4397 -0.8981
vn -0.5744 -0.5433 -0.6122
vn 0.0056 0.9974 0.0724
vn -0.9822 0.1808 0.0513
vn 0.0688 0.7450 0.6635
vn -0.8477 -0.1725 0.5017
vn -0.0000 0.9924 0.1233
vn -0.9503 -0.3069 0.0513
vn 0.1339 0.9574 0.2557
vn 0.6679 -0.6808 -0.3006
vn -0.0000 0.9958 0.0912
vn -0.5598 -0.7846 0.2667
vn 0.5570 -0.8105 -0.1815
vn 0.5460 -0.4164 -0.7270
vn 0.2076 0.9226 0.3250
vn 0.4132 0.7941 0.4457
s 1
f 8//1 1//2 9//3
f 1//2 2//4 9//3
f 9//3 2//4 10//5
f 2//4 3//6 10//5
f 10//5 3//6 11//7
f 3//6 4//8 11//7
f 11//7 4//8 12//9
f 4//8 5//10 12//9
f 12//9 5//10 13//11
f 5//10 14//12 13//11
f 25//13 6//14 26//15
f 6//14 7//16 26//15
f 26//15 7//16 27//17
f 7//16 28//18 27//17
f 30//19 8//1 31//20
f 8//1 9//3 31//20
f 31//20 9//3 32//21
f 9//3 10//5 32//21
f 32//21 10//5 33//22
f 10//5 11//7 33//22
f 33//22 11//7 34//23
f 11//7 12//9 34//23
f 34//23 12//9 35//24
f 12//9 13//11 35//24
f 35//24 13//11 36//25
f 13//11 14//12 37//26
f 13//11 37//26 36//25
f 14//12 38//27 37//26
f 42//28 15//29 43//30
f 15//29 16//31 43//30
f 43//30 16//31 44//32
f 16//31 17//33 44//32
f 44//32 17//33 45//34
f 17//33 18//35 45//34
f 45//34 18//35 46//36
f 18//35 19//31 46//36
f 46//36 19//31 47//37
f 19//31 20//38 47//37
f 47//37 20//38 48//39
f 20//38 49//40 48//39
f 52//41 21//42 53//43
f 21//42 22//44 54//45
f 21//42 54//45 53//43
f 22//44 23//46 54//45
f 54//45 23//46 55//47
f 23//46 24//48 56//49
f 23//46 56//49 55//47
f 24//48 25//13 56//49
f 56//49 25//13 57//50
f 25//13 26//15 57//50
f 57//50 26//15 58//51
f 26//15 27//17 58//51
f 58//51 27//17 59//52
f 27//17 28//18 60//53
f 27//17 60//53 59//52
f 28//18 29//54 60//53
f 60//53 29//54 61//55
f 29//54 30//19 61//55
f 61//55 30//19 62//56
f 30//19 31//20 62//56
f 62//56 31//20 63//57
f 31//20 32//21 64//58
f 31//20 64//58 63//57
f 32//21 33//22 64//58
f 64//58 33//22 65//23
f 33//22 34//23 65//23
f 65//23 34//23 66//59
f 34//23 35//24 66//59
f 66//59 35//24 67//60
f 35//24 36//25 67//60
f 67//60 36//25 68//61
f 36//25 37//26 68//61
f 68//61 37//26 69//62
f 37//26 38//27 70//63
f 37//26 70//63 69//62
f 38//27 71//64 70//63
f 75//65 39//66 76//67
f 39//66 40//68 76//67
f 76//67 40//68 77//69
f 40//68 41//70 78//71
f 40//68 78//71 77//69
f 41//70 42//28 79//72
f 41//70 79//72 78//71
f 42//28 43//30 79//72
f 79//72 43//30 80//73
f 43//30 44//32 80//73
f 80//73 44//32 81//74
f 44//32 45//34 81//74
f 81//74 45//34 82//75
f 45//34 46//36 82//75
f 82//75 46//36 83//57
f 46//36 47//37 83//57
f 83//57 47//37 84//76
f 47//37 48//39 84//76
f 84//76 48//39 85//77
f 48//39 49//40 86//78
f 48//39 86//78 85//77
f 49//40 50//79 86//78
f 86//78 50//79 87//80
f 50//79 51//81 87//80
f 87//80 51//81 88//82
f 51//81 52//41 88//82
f 88//82 52//41 89//83
f 52//41 53//43 89//83
f 89//83 53//43 90//84
f 53//43 54//45 91//85
f 53//43 91//85 90//84
f 54//45 55//47 91//85
f 91//85 55//47 92//86
f 55//47 56//49 92//86
f 92//86 56//49 93//86
f 56//49 57//50 93//86
f 93//86 57//50 94//84
f 57//50 58//51 95//87
f 57//50 95//87 94//84
f 58//51 59//52 95//87
f 95//87 59//52 96//86
f 59//52 60//53 96//86
f 96//86 60//53 97//88
f 60//53 61//55 97//88
f 97//88 61//55 98//88
f 61//55 62//56 98//88
f 98//88 62//56 99//89
f 62//56 63//57 99//89
f 99//89 63//57 100//90
f 63//57 64//58 101//91
f 63//57 101//91 100//90
f 64//58 65//23 101//91
f 101//91 65//23 102//92
f 65//23 66//59 102//92
f 102//92 66//59 103//93
f 66//59 67//60 103//93
f 103//93 67//60 104//94
f 67//60 68//61 104//94
f 104//94 68//61 105//95
f 68//61 69//62 105//95
f 105//95 69//62 106//96
f 69//62 70//63 107//97
f 69//62 107//97 106//96
f 70//63 71//64 108//98
f 70//63 108//98 107//97
f 71//64 109//99 108//98
f 117//100 72//101 118//102
f 72//101 73//103 118//102
f 118//102 73//103 119//104
f 73//103 74//105 120//49
f 73//103 120//49 119//104
f 74//105 75//65 120//49
f 120//49 75//65 121//106
f 75//65 76//67 121//106
f 121//106 76//67 122//23
f 76//67 77//69 122//23
f 122//23 77//69 123//107
f 77//69 78//71 123//107
f 123//107 78//71 124//108
f 78//71 79//72 125//109
f 78//71 125//109 124//108
f 79//72 80//73 125//109
f 125//109 80//73 126//110
f 80//73 81//74 126//110
f 126//110 81//74 127//111
f 81//74 82//75 127//111
f 127//111 82//75 128//112
f 82//75 83//57 128//112
f 128//112 83//57 129//113
f 83//57 84//76 129//113
f 129//113 84//76 130//60
f 84//76 85//77 130//60
f 130//60 85//77 131//114
f 85//77 86//78 131//114
f 131//114 86//78 132//115
f 86//78 87//80 132//115
f 132//115 87//80 133//116
f 87//80 88//82 133//116
f 133//116 88//82 134//117
f 88//82 89//83 134//117
f 134//117 89//83 135//118
f 89//83 90//84 135//118
f 135//118 90//84 136//119
f 90//84 91//85 137//120
f 90//84 137//120 136//119
f 91//85 92//86 137//120
f 137//120 92//86 138//121
f 92//86 93//86 138//121
f 138//121 93//86 139//122
f 93//86 94//84 139//122
f 139//122 94//84 140//119
f 94//84 95//87 141//123
f 94//84 141//123 140//119
f 95//87 96//86 141//123
f 141//123 96//86 142//122
f 96//86 97//88 142//122
f 142//122 97//88 143//124
f 97//88 98//88 143//124
f 143//124 98//88 144//125
f 98//88 99//89 144//125
f 144//125 99//89 145//125
f 99//89 100//90 145//125
f 145//125 100//90 146//126
f 100//90 101//91 146//126
f 146//126 101//91 147//127
f 101//91 102//92 147//127
f 147//127 102//92 148//128
f 102//92 103//93 148//128
f 148//128 103//93 149//129
f 103//93 104//94 149//129
f 149//129 104//94 150//129
f 104//94 105//95 150//129
f 150//129 105//95 151//130
f 105//95 106//96 151//130
f 151//130 106//96 152//131
f 106//96 107//97 152//131
f 152//131 107//97 153//132
f 107//97 108//98 154//133
f 107//97 154//133 153//132
f 108//98 109//99 155//134
f 108//98 155//134 154//133
f 109//135 156//136 155//137
f 171//138 110//139 172//140
f 110//139 111//141 172//140
f 172//140 111//141 173//142
f 111//141 112//143 173//142
f 173//142 112//143 174//144
f 112//143 113//145 174//144
f 174//144 113//145 175//146
f 113//145 114//147 175//146
f 175//146 114//147 176//148
f 114//147 115//149 176//148
f 176//148 115//149 177//150
f 115//149 116//151 178//152
f 115//149 178//152 177//150
f 116//151 117//100 178//152
f 178//152 117//100 179//153
f 117//100 118//102 179//153
f 179//153 118//102 180//154
f 118//102 119//104 180//154
f 180//154 119//104 181//155
f 119//104 120//49 181//155
f 181//155 120//49 182//156
f 120//49 121//106 182//156
f 182//156 121//106 183//157
f 121//106 122//23 183//157
f 183//157 122//23 184//86
f 122//23 123//107 184//86
f 184//86 123//107 185//158
f 123//107 124//108 185//158
f 185//158 124//108 186//159
f 124//108 125//109 187//160
f 124//108 187//160 186//159
f 125//109 126//110 187//160
f 187//160 126//110 188//161
f 126//110 127//111 188//161
f 188//161 127//111 189//162
f 127//111 128//112 190//163
f 127//111 190//163 189//162
f 128//112 129//113 190//163
f 190//163 129//113 191//164
f 129//113 130//60 191//164
f 191//164 130//60 192//125
f 130//60 131//114 192//125
f 192//125 131//114 193//162
f 131//114 132//115 194//165
f 131//114 194//165 193//162
f 132//115 133//116 194//165
f 194//165 133//116 195//166
f 133//116 134//117 195//166
f 195//166 134//117 196//167
f 134//117 135//118 196//167
f 196//167 135//118 197//168
f 135//118 136//119 197//168
f 197//168 136//119 198//169
f 136//119 137//120 198//169
f 198//169 137//120 199//170
f 137//120 138//121 200//171
f 137//120 200//171 199//170
f 138//121 139//122 200//171
f 200//171 139//122 201//172
f 139//122 140//119 201//172
f 201//172 140//119 202//172
f 140//119 141//123 202//172
f 202//172 141//123 203//172
f 141//123 142//122 203//172
f 203//172 142//122 204//173
f 142//122 143//124 204//173
f 204//173 143//124 205//173
f 143//124 144//125 205//173
f 205//173 144//125 206//174
f 144//125 145//125 206//174
f 206//174 145//125 207//173
f 145//125 146//126 207//173
f 207//173 146//126 208//173
f 146//126 147//127 208//173
f 208//173 147//127 209//175
f 147//127 148//128 210//171
f 147//127 210//171 209//175
f 148//128 149//129 210//171
f 210//171 149//129 211//172
f 149//129 150//129 211//172
f 211//172 150//129 212//173
f 150//129 151//130 212//173
f 212//173 151//130 213//130
f 151//130 152//131 213//130
f 213//130 152//131 214//176
f 152//131 153//132 214//176
f 214//176 153//132 215//177
f 153//132 154//133 216//178
f 153//132 216//178 215//177
f 154//133 155//134 217//179
f 154//133 217//179 216//178
f 218//180 157//181 219//182
f 157//181 158//183 219//182
f 219//182 158//183 220//184
f 158//183 159//185 220//184
f 220//184 159//185 221//186
f 159//185 160//187 221//186
f 221//186 160//187 222//188
f 160//187 161//189 223//190
f 160//187 223//190 222//188
f 161//189 162//191 223//190
f 223//190 162//191 224//192
f 162//191 163//193 225//194
f 162//191 225//194 224//192
f 163//193 164//195 225//194
f 225//194 164//195 226//196
f 164//195 165//197 226//196
f 226//196 165//197 227//192
f 165//197 166//198 227//192
f 227//192 166//198 228//199
f 166//198 167//200 228//199
f 228//199 167//200 229//201
f 167//200 168//202 229//201
f 229//201 168//202 230//203
f 168//202 169//204 230//203
f 230//203 169//204 231//205
f 169//204 170//206 232//207
f 169//204 232//207 231//205
f 170//206 171//138 232//207
f 232//207 171//138 233//208
f 171//138 172//140 233//208
f 233//208 172//140 234//209
f 172//140 173//142 235//210
f 172//140 235//210 234//209
f 173//142 174//144 235//210
f 235//210 174//144 236//211
f 174//144 175//146 237//212
f 174//144 237//212 236//211
f 175//146 176//148 237//212
f 237//212 176//148 238//86
f 176//148 177//150 238//86
f 238//86 177//150 239//213
f 177//150 178//152 239//213
f 239//213 178//152 240//214
f 178//152 179//153 240//214
f 240//214 179//153 241//215
f 179//153 180//154 241//215
f 241//215 180//154 242//216
f 180//154 181//155 242//216
f 242//216 181//155 243//164
f 181//155 182//156 243//164
f 243//164 182//156 244//217
f 182//156 183//157 245//218
f 182//156 245//218 244//217
f 183//157 184//86 245//218
f 245//218 184//86 246//125
f 184//86 185//158 246//125
f 246//125 185//158 247//219
f 185//158 186//159 247//219
f 247//219 186//159 248//220
f 186//159 187//160 249//221
f 186//159 249//221 248//220
f 187//160 188//161 249//221
f 249//221 188//161 250//169
f 188//161 189//162 250//169
f 250//169 189//162 251//222
f 189//162 190//163 252//223
f 189//162 252//223 251//222
f 190//163 191//164 252//223
f 252//223 191//164 253//223
f 191//164 192//125 253//223
f 253//223 192//125 254//224
f 192//125 193//162 254//224
f 254//224 193//162 255//222
f 193//162 194//165 256//223
f 193//162 256//223 255//222
f 194//165 195//166 256//223
f 256//223 195//166 257//225
f 195//166 196//167 257//225
f 257//225 196//167 258//226
f 196//167 197//168 258//226
f 258//226 197//168 259//227
f 197//168 198//169 259//227
f 259//227 198//169 260//167
f 198//169 199//170 260//167
f 260//167 199//170 261//228
f 199//170 200//171 262//229
f 199//170 262//229 261//228
f 200//171 201//172 262//229
f 262//229 201//172 263//230
f 201//172 202//172 263//230
f 263//230 202//172 264//230
f 202//172 203//172 264//230
f 264//230 203//172 265//230
f 203//172 204//173 265//230
f 265//230 204//173 266//168
f 204//173 205//173 266//168
f 266//168 205//173 267//231
f 205//173 206//174 267//231
f 267//231 206//174 268//167
f 206//174 207//173 268//167
f 268//167 207//173 269//168
f 207//173 208//173 269//168
f 269//168 208//173 270//129
f 208//173 209//175 270//129
f 270//129 209//175 271//228
f 209//175 210//171 272//229
f 209//175 272//229 271//228
f 210//171 211//172 272//229
f 272//229 211//172 273//230
f 211//172 212//173 273//230
f 273//230 212//173 274//168
f 212//173 213//130 274//168
f 274//168 213//130 275//176
f 213//130 214//176 275//176
f 275//176 214//176 276//176
f 214//176 215//177 276//176
f 276//176 215//177 277//129
f 215//177 216//178 278//232
f 215//177 278//232 277//129
f 216//178 217//179 279//233
f 216//178 279//233 278//232
f 291//234 218//180 292//235
f 218//180 219//182 292//235
f 292//235 219//182 293//236
f 219//182 220//184 294//237
f 219//182 294//237 293//236
f 220//184 221//186 294//237
f 294//237 221//186 295//238
f 221//186 222//188 295//238
f 295//238 222//188 296//239
f 222//188 223//190 297//240
f 222//188 297//240 296//239
f 223//190 224//192 298//241
f 223//190 298//241 297//240
f 224//192 225//194 298//241
f 298//241 225//194 299//242
f 225//194 226//196 300//243
f 225//194 300//243 299//242
f 226//196 227//192 300//243
f 300//243 227//192 301//125
f 227//192 228//199 301//125
f 301//125 228//199 302//244
f 228//199 229//201 302//244
f 302//244 229//201 303//127
f 229//201 230//203 303//127
f 303//127 230//203 304//245
f 230//203 231//205 305//246
f 230//203 305//246 304//245
f 231//205 232//207 305//246
f 305//246 232//207 306//247
f 232//207 233//208 307//248
f 232//207 307//248 306//247
f 233//208 234//209 307//248
f 307//248 234//209 308//249
f 234//209 235//210 308//249
f 308//249 235//210 309//250
f 235//210 236//211 310//251
f 235//210 310//251 309//250
f 236//211 237//212 310//251
f 310//251 237//212 311//215
f 237//212 238//86 311//215
f 311//215 238//86 312//252
f 238//86 239//213 312//252
f 312//252 239//213 313//253
f 239//213 240//214 313//253
f 313//253 240//214 314//173
f 240//214 241//215 314//173
f 314//173 241//215 315//230
f 241//215 242//216 315//230
f 315//230 242//216 316//230
f 242//216 243//164 316//230
f 316//230 243//164 317//254
f 243//164 244//217 317//254
f 317//254 244//217 318//255
f 244//217 245//218 318//255
f 318//255 245//218 319//255
f 245//218 246//125 319//255
f 319//255 246//125 320//256
f 246//125 247//219 320//256
f 320//256 247//219 321//167
f 247//219 248//220 321//167
f 321//167 248//220 322//129
f 248//220 249//221 323//257
f 248//220 323//257 322//129
f 249//221 250//169 323//257
f 323//257 250//169 324//231
f 250//169 251//222 324//231
f 324//231 251//222 325//167
f 251//222 252//223 325//167
f 325//167 252//223 326//230
f 252//223 253//223 326//230
f 326//230 253//223 327//171
f 253//223 254//224 328//170
f 253//223 328//170 327//171
f 254//224 255//222 328//170
f 328//170 255//222 329//173
f 255//222 256//223 329//173
f 329//173 256//223 330//230
f 256//223 257//225 330//230
f 330//230 257//225 331//168
f 257//225 258//226 331//168
f 331//168 258//226 332//129
f 258//226 259//227 333//230
f 258//226 333//230 332//129
f 259//227 260//167 333//230
f 333//230 260//167 334//258
f 260//167 261//228 334//258
f 334//258 261//228 335//166
f 261//228 262//229 336//259
f 261//228 336//259 335//166
f 262//229 263//230 336//259
f 336//259 263//230 337//129
f 263//230 264//230 337//129
f 337//129 264//230 338//129
f 264//230 265//230 338//129
f 338//129 265//230 339//129
f 265//230 266//168 339//129
f 339//129 266//168 340//129
f 266//168 267//231 340//129
f 340//129 267//231 341//176
f 267//231 268//167 341//176
f 341//176 268//167 342//176
f 268//167 269//168 342//176
f 342//176 269//168 343//129
f 269//168 270//129 343//129
f 343//129 270//129 344//231
f 270//129 271//228 344//231
f 344//231 271//228 345//166
f 271//228 272//229 346//259
f 271//228 346//259 345//166
f 272//229 273//230 346//259
f 346//259 273//230 347//129
f 273//230 274//168 347//129
f 347//129 274//168 348//129
f 274//168 275//176 348//129
f 348//129 275//176 349//176
f 275//176 276//176 349//176
f 349//176 276//176 350//176
f 276//176 277//129 350//176
f 350//176 277//129 351//260
f 277//129 278//232 351//260
f 351//260 278//232 352//261
f 278//232 279//233 353//262
f 278//232 353//262 352//261
f 372//263 280//264 373//265
f 280//264 281//266 373//265
f 373//265 281//266 374//267
f 281//266 282//268 374//267
f 374//267 282//268 375//269
f 282//268 283//270 375//269
f 375//269 283//270 376//271
f 283//270 284//272 376//271
f 376//271 284//272 377//273
f 284//272 285//274 377//273
f 377//273 285//274 378//275
f 285//274 286//276 379//277
f 285//274 379//277 378//275
f 286//276 287//278 379//277
f 379//277 287//278 380//279
f 287//278 381//280 380//279
f 384//281 288//282 385//283
f 288//282 289//284 385//283
f 385//283 289//284 386//285
f 289//284 290//286 387//287
f 289//284 387//287 386//285
f 290//286 291//234 387//287
f 387//287 291//234 388//288
f 291//234 292//235 388//288
f 388//288 292//235 389//289
f 292//235 293//236 389//289
f 389//289 293//236 390//129
f 293//236 294//237 391//257
f 293//236 391//257 390//129
f 294//237 295//238 391//257
f 391//257 295//238 392//290
f 295//238 296//239 392//290
f 392//290 296//239 393//258
f 296//239 297//240 394//291
f 296//239 394//291 393//258
f 297//240 298//241 395//254
f 297//240 395//254 394//291
f 298//241 299//242 395//254
f 395//254 299//242 396//292
f 299//242 300//243 397//293
f 299//242 397//293 396//292
f 300//243 301//125 397//293
f 397//293 301//125 398//294
f 301//125 302//244 398//294
f 398//294 302//244 399//167
f 302//244 303//127 399//167
f 399//167 303//127 400//175
f 303//127 304//245 401//295
f 303//127 401//295 400//175
f 304//245 305//246 402//289
f 304//245 402//289 401//295
f 305//246 306//247 402//289
f 402//289 306//247 403//296
f 306//247 307//248 403//296
f 403//296 307//248 404//297
f 307//248 308//249 404//297
f 404//297 308//249 405//298
f 308//249 309//250 405//298
f 405//298 309//250 406//299
f 309//250 310//251 407//223
f 309//250 407//223 406//299
f 310//251 311//215 407//223
f 407//223 311//215 408//225
f 311//215 312//252 408//225
f 408//225 312//252 409//256
f 312//252 313//253 409//256
f 409//256 313//253 410//168
f 313//253 314//173 410//168
f 410//168 314//173 411//129
f 314//173 315//230 411//129
f 411//129 315//230 412//300
f 315//230 316//230 412//300
f 412//300 316//230 413//173
f 316//230 317//254 413//173
f 413//173 317//254 414//301
f 317//254 318//255 414//301
f 414//301 318//255 415//230
f 318//255 319//255 415//230
f 415//230 319//255 416//230
f 319//255 320//256 416//230
f 416//230 320//256 417//168
f 320//256 321//167 417//168
f 417//168 321//167 418//129
f 321//167 322//129 418//129
f 418//129 322//129 419//129
f 322//129 323//257 419//129
f 419//129 323//257 420//129
f 323//257 324//231 420//129
f 420//129 324//231 421//176
f 324//231 325//167 421//176
f 421//176 325//167 422//176
f 325//167 326//230 422//176
f 422//176 326//230 423//129
f 326//230 327//171 423//129
f 423//129 327//171 424//129
f 327//171 328//170 425//257
f 327//171 425//257 424//129
f 328//170 329//173 425//257
f 425//257 329//173 426//260
f 329//173 330//230 426//260
f 426//260 330//230 427//302
f 330//230 331//168 427//302
f 427//302 331//168 428//303
f 331//168 332//129 428//303
f 428//303 332//129 429//231
f 332//129 333//230 429//231
f 429//231 333//230 430//166
f 333//230 334//258 431//304
f 333//230 431//304 430//166
f 334//258 335//166 431//304
f 431//304 335//166 432//302
f 335//166 336//259 433//305
f 335//166 433//305 432//302
f 336//259 337//129 433//305
f 433//305 337//129 434//129
f 337//129 338//129 434//129
f 434//129 338//129 435//129
f 338//129 339//129 435//129
f 435//129 339//129 436//129
f 339//129 340//129 436//129
f 436//129 340//129 437//129
f 340//129 341//176 437//129
f 437//129 341//176 438//176
f 341//176 342//176 438//176
f 438//176 342//176 439//306
f 342//176 343//129 439//306
f 439//306 343//129 440//307
f 343//129 344//231 440//307
f 440//307 344//231 441//308
f 344//231 345//166 441//308
f 441//308 345//166 442//309
f 345//166 346//259 443//310
f 345//166 443//310 442//309
f 346//259 347//129 443//310
f 443//310 347//129 444//260
f 347//129 348//129 444//260
f 444//260 348//129 445//302
f 348//129 349//176 445//302
f 445//302 349//176 446//311
f 349//176 350//176 446//311
f 446//311 350//176 447//312
f 350//176 351//260 447//312
f 447//312 351//260 448//313
f 351//260 352//261 449//314
f 351//260 449//314 448//313
f 352//261 353//262 449//314
f 449//314 353//262 450//315
f 453//316 354//317 454//318
f 354//317 355//319 454//318
f 454//318 355//319 455//320
f 355//319 356//321 455//320
f 455//320 356//321 456//322
f 356//321 357//323 456//322
f 456//322 357//323 457//324
f 357//323 358//325 457//324
f 457//324 358//325 458//326
f 358//325 359//327 458//326
f 458//326 359//327 459//32
f 359//327 360//328 459//32
f 459//32 360//328 460//329
f 360//328 361//330 460//329
f 460//329 361//330 461//331
f 361//330 362//332 461//331
f 461//331 362//332 462//36
f 362//332 363//333 462//36
f 462//36 363//333 463//334
f 363//333 364//335 464//336
f 363//333 464//336 463//334
f 364//335 365//337 465//338
f 364//335 465//338 464//336
f 365//337 366//339 465//338
f 465//338 366//339 466//340
f 366//339 367//341 466//340
f 466//340 367//341 467//342
f 367//341 368//343 467//342
f 467//342 368//343 468//344
f 368//343 369//345 468//344
f 468//344 369//345 469//344
f 369//345 370//346 469//344
f 469//344 370//346 470//347
f 370//346 371//348 471//349
f 370//346 471//349 470//347
f 371//348 372//263 471//349
f 471//349 372//263 472//350
f 372//263 373//265 472//350
f 472//350 373//265 473//351
f 373//265 374//267 473//351
f 473//351 374//267 474//92
f 374//267 375//269 474//92
f 474//92 375//269 475//352
f 375//269 376//271 475//352
f 475//352 376//271 476//353
f 376//271 377//273 477//354
f 376//271 477//354 476//353
f 377//273 378//275 477//354
f 477//354 378//275 478//355
f 378//275 379//277 478//355
f 478//355 379//277 479//356
f 379//277 380//279 479//356
f 479//356 380//279 480//357
f 380//279 381//280 481//358
f 380//279 481//358 480//357
f 381//280 382//359 481//358
f 481//358 382//359 482//360
f 382//359 383//361 482//360
f 482//360 383//361 483//362
f 383//361 384//281 483//362
f 483//362 384//281 484//363
f 384//281 385//283 484//363
f 484//363 385//283 485//257
f 385//283 386//285 485//257
f 485//257 386//285 486//129
f 386//285 387//287 487//364
f 386//285 487//364 486//129
f 387//287 388//288 487//364
f 487//364 388//288 488//365
f 388//288 389//289 488//365
f 488//365 389//289 489//366
f 389//289 390//129 490//259
f 389//289 490//259 489//366
f 390//129 391//257 490//259
f 490//259 391//257 491//231
f 391//257 392//290 491//231
f 491//231 392//290 492//367
f 392//290 393//258 492//367
f 492//367 393//258 493//303
f 393//258 394//291 493//303
f 493//303 394//291 494//129
f 394//291 395//254 495//257
f 394//291 495//257 494//129
f 395//254 396//292 495//257
f 495//257 396//292 496//129
f 396//292 397//293 497//291
f 396//292 497//291 496//129
f 397//293 398//294 498//368
f 397//293 498//368 497//291
f 398//294 399//167 498//368
f 498//368 399//167 499//369
f 399//167 400//175 499//369
f 499//369 400//175 500//129
f 400//175 401//295 501//370
f 400//175 501//370 500//129
f 401//295 402//289 501//370
f 501//370 402//289 502//230
f 402//289 403//296 502//230
f 502//230 403//296 503//168
f 403//296 404//297 503//168
f 503//168 404//297 504//129
f 404//297 405//298 504//129
f 504//129 405//298 505//292
f 405//298 406//299 506//229
f 405//298 506//229 505//292
f 406//299 407//223 506//229
f 506//229 407//223 507//230
f 407//223 408//225 507//230
f 507//230 408//225 508//168
f 408//225 409//256 508//168
f 508//168 409//256 509//129
f 409//256 410//168 509//129
f 509//129 410//168 510//257
f 410//168 411//129 510//257
f 510//257 411//129 511//258
f 411//129 412//300 511//258
f 511//258 412//300 512//371
f 412//300 413//173 512//371
f 512//371 413//173 513//231
f 413//173 414//301 513//231
f 513//231 414//301 514//129
f 414//301 415//230 514//129
f 514//129 415//230 515//129
f 415//230 416//230 515//129
f 515//129 416//230 516//129
f 416//230 417//168 516//129
f 516//129 417//168 517//129
f 417//168 418//129 517//129
f 517//129 418//129 518//129
f 418//129 419//129 518//129
f 518//129 419//129 519//129
f 419//129 420//129 519//129
f 519//129 420//129 520//129
f 420//129 421//176 520//129
f 520//129 421//176 521//176
f 421//176 422//176 521//176
f 521//176 422//176 522//312
f 422//176 423//129 522//312
f 522//312 423//129 523//307
f 423//129 424//129 523//307
f 523//307 424//129 524//307
f 424//129 425//257 524//307
f 524//307 425//257 525//307
f 425//257 426//260 525//307
f 525//307 426//260 526//372
f 426//260 427//302 527//373
f 426//260 527//373 526//372
f 427//302 428//303 527//373
f 527//373 428//303 528//306
f 428//303 429//231 528//306
f 528//306 429//231 529//308
f 429//231 430//166 529//308
f 529//308 430//166 530//374
f 430//166 431//304 531//305
f 430//166 531//305 530//374
f 431//304 432//302 531//305
f 531//305 432//302 532//129
f 432//302 433//305 532//129
f 532//129 433//305 533//129
f 433//305 434//129 533//129
f 533//129 434//129 534//129
f 434//129 435//129 534//129
f 534//129 435//129 535//305
f 435//129 436//129 535//305
f 535//305 436//129 536//302
f 436//129 437//129 536//302
f 536//302 437//129 537//303
f 437//129 438//176 537//303
f 537//303 438//176 538//303
f 438//176 439//306 538//303
f 538//303 439//306 539//307
f 439//306 440//307 539//307
f 539//307 440//307 540//307
f 440//307 441//308 540//307
f 540//307 441//308 541//307
f 441//308 442//309 541//307
f 541//307 442//309 542//306
f 442//309 443//310 542//306
f 542//306 443//310 543//312
f 443//310 444//260 543//312
f 543//312 444//260 544//313
f 444//260 445//302 545//373
f 444//260 545//373 544//313
f 445//302 446//311 545//373
f 545//373 446//311 546//375
f 446//311 447//312 546//375
f 546//375 447//312 547//308
f 447//312 448//313 547//308
f 547//308 448//313 548//302
f 448//313 449//314 549//376
f 448//313 549//376 548//302
f 449//314 450//315 550//377
f 449//314 550//377 549//376
f 551//378 451//379 552//380
f 451//379 452//381 553//382
f 451//379 553//382 552//380
f 452//381 453//316 553//382
f 553//382 453//316 554//383
f 453//316 454//318 554//383
f 554//383 454//318 555//384
f 454//318 455//320 555//384
f 555//384 455//320 556//385
f 455//320 456//322 556//385
f 556//385 456//322 557//386
f 456//322 457//324 557//386
f 557//386 457//324 558//387
f 457//324 458//326 558//387
f 558//387 458//326 559//388
f 458//326 459//32 559//388
f 559//388 459//32 560//389
f 459//32 460//329 560//389
f 560//389 460//329 561//390
f 460//329 461//331 561//390
f 561//390 461//331 562//391
f 461//331 462//36 562//391
f 562//391 462//36 563//51
f 462//36 463//334 563//51
f 563//51 463//334 564//392
f 463//334 464//336 564//392
f 564//392 464//336 565//393
f 464//336 465//338 566//394
f 464//336 566//394 565//393
f 465//338 466//340 566//394
f 566//394 466//340 567//395
f 466//340 467//342 567//395
f 567//395 467//342 568//396
f 467//342 468//344 568//396
f 568//396 468//344 569//397
f 468//344 469//344 569//397
f 569//397 469//344 570//398
f 469//344 470//347 570//398
f 570//398 470//347 571//399
f 470//347 471//349 571//399
f 571//399 471//349 572//400
f 471//349 472//350 572//400
f 572//400 472//350 573//401
f 472//350 473//351 573//401
f 573//401 473//351 574//125
f 473//351 474//92 574//125
f 574//125 474//92 575//402
f 474//92 475//352 575//402
f 575//402 475//352 576//403
f 475//352 476//353 576//403
f 576//403 476//353 577//129
f 476//353 477//354 578//404
f 476//353 578//404 577//129
f 477//354 478//355 578//404
f 578//404 478//355 579//405
f 478//355 479//356 579//405
f 579//405 479//356 580//173
f 479//356 480//357 580//173
f 580//173 480//357 581//406
f 480//357 481//358 581//406
f 581//406 481//358 582//371
f 481//358 482//360 582//371
f 582//371 482//360 583//168
f 482//360 483//362 583//168
f 583//168 483//362 584//171
f 483//362 484//363 585//170
f 483//362 585//170 584//171
f 484//363 485//257 585//170
f 585//170 485//257 586//229
f 485//257 486//129 587//177
f 485//257 587//177 586//229
f 486//129 487//364 587//177
f 587//177 487//364 588//176
f 487//364 488//365 588//176
f 588//176 488//365 589//129
f 488//365 489//366 590//407
f 488//365 590//407 589//129
f 489//366 490//259 591//305
f 489//366 591//305 590//407
f 490//259 491//231 591//305
f 591//305 491//231 592//303
f 491//231 492//367 592//303
f 592//303 492//367 593//306
f 492//367 493//303 593//306
f 593//306 493//303 594//176
f 493//303 494//129 594//176
f 594//176 494//129 595//129
f 494//129 495//257 595//129
f 595//129 495//257 596//129
f 495//257 496//129 596//129
f 596//129 496//129 597//260
f 496//129 497//291 597//260
f 597//260 497//291 598//307
f 497//291 498//368 599//408
f 497//291 599//408 598//307
f 498//368 499//369 599//408
f 599//408 499//369 600//129
f 499//369 500//129 600//129
f 600//129 500//129 601//129
f 500//129 501//370 601//129
f 601//129 501//370 602//129
f 501//370 502//230 602//129
f 602//129 502//230 603//129
f 502//230 503//168 603//129
f 603//129 503//168 604//129
f 503//168 504//129 604//129
f 604//129 504//129 605//169
f 504//129 505//292 605//169
f 605//169 505//292 606//409
f 505//292 506//229 607//177
f 505//292 607//177 606//409
f 506//229 507//230 607//177
f 607//177 507//230 608//129
f 507//230 508//168 608//129
f 608//129 508//168 609//129
f 508//168 509//129 609//129
f 609//129 509//129 610//231
f 509//129 510//257 610//231
f 610//231 510//257 611//228
f 510//257 511//258 612//304
f 510//257 612//304 611//228
f 511//258 512//371 612//304
f 612//304 512//371 613//306
f 512//371 513//231 613//306
f 613//306 513//231 614//176
f 513//231 514//129 614//176
f 614//176 514//129 615//129
f 514//129 515//129 615//129
f 615//129 515//129 616//129
f 515//129 516//129 616//129
f 616//129 516//129 617//129
f 516//129 517//129 617//129
f 617//129 517//129 618//129
f 517//129 518//129 618//129
f 618//129 518//129 619//129
f 518//129 519//129 619//129
f 619//129 519//129 620//260
f 519//129 520//129 620//260
f 620//260 520//129 621//302
f 520//129 521//176 621//302
f 621//302 521//176 622//306
f 521//176 522//312 622//306
f 622//306 522//312 623//307
f 522//312 523//307 623//307
f 623//307 523//307 624//307
f 523//307 524//307 624//307
f 624//307 524//307 625//307
f 524//307 525//307 625//307
f 625//307 525//307 626//306
f 525//307 526//372 626//306
f 626//306 526//372 627//129
f 526//372 527//373 628//372
f 526//372 628//372 627//129
f 527//373 528//306 628//372
f 628//372 528//306 629//307
f 528//306 529//308 629//307
f 629//307 529//308 630//306
f 529//308 530//374 630//306
f 630//306 530//374 631//312
f 530//374 531//305 631//312
f 631//312 531//305 632//310
f 531//305 532//129 632//310
f 632//310 532//129 633//302
f 532//129 533//129 633//302
f 633//302 533//129 634//303
f 533//129 534//129 634//303
f 634//303 534//129 635//260
f 534//129 535//305 635//260
f 635//260 535//305 636//407
f 535//305 536//302 637//373
f 535//305 637//373 636//407
f 536//302 537//303 637//373
f 637//373 537//303 638//312
f 537//303 538//303 638//312
f 638//312 538//303 639//303
f 538//303 539//307 639//303
f 639//303 539//307 640//260
f 539//307 540//307 640//260
f 640//260 540//307 641//302
f 540//307 541//307 641//302
f 641//302 541//307 642//303
f 541//307 542//306 642//303
f 642//303 542//306 643//303
f 542//306 543//312 643//303
f 643//303 543//312 644//307
f 543//312 544//313 644//307
f 644//307 544//313 645//302
f 544//313 545//373 646//310
f 544//313 646//310 645//302
f 545//373 546//375 646//310
f 646//310 546//375 647//306
f 546//375 547//308 647//306
f 647//306 547//308 648//176
f 547//308 548//302 648//176
f 648//176 548//302 649//129
f 548//302 549//376 649//129
f 649//129 549//376 650//129
f 549//376 550//377 651//410
f 549//376 651//410 650//129
f 550//377 652//411 651//410
f 653//412 551//378 654//413
f 551//378 552//380 654//413
f 654//413 552//380 655//387
f 552//380 553//382 655//387
f 655//387 553//382 656//387
f 553//382 554//383 656//387
f 656//387 554//383 657//387
f 554//383 555//384 657//387
f 657//387 555//384 658//414
f 555//384 556//385 658//414
f 658//414 556//385 659//384
f 556//385 557//386 659//384
f 659//384 557//386 660//392
f 557//386 558//387 660//392
f 660//392 558//387 661//389
f 558//387 559//388 661//389
f 661//389 559//388 662//387
f 559//388 560//389 662//387
f 662//387 560//389 663//415
f 560//389 561//390 663//415
f 663//415 561//390 664//392
f 561//390 562//391 664//392
f 664//392 562//391 665//389
f 562//391 563//51 665//389
f 665//389 563//51 666//51
f 563//51 564//392 666//51
f 666//51 564//392 667//416
f 564//392 565//393 667//416
f 667//416 565//393 668//391
f 565//393 566//394 668//391
f 668//391 566//394 669//391
f 566//394 567//395 669//391
f 669//391 567//395 670//417
f 567//395 568//396 670//417
f 670//417 568//396 671//418
f 568//396 569//397 671//418
f 671//418 569//397 672//419
f 569//397 570//398 672//419
f 672//419 570//398 673//420
f 570//398 571//399 673//420
f 673//420 571//399 674//421
f 571//399 572//400 674//421
f 674//421 572//400 675//422
f 572//400 573//401 675//422
f 675//422 573//401 676//423
f 573//401 574//125 676//423
f 676//423 574//125 677//129
f 574//125 575//402 677//129
f 677//129 575//402 678//423
f 575//402 576//403 678//423
f 678//423 576//403 679//231
f 576//403 577//129 679//231
f 679//231 577//129 680//169
f 577//129 578//404 680//169
f 680//169 578//404 681//406
f 578//404 579//405 681//406
f 681//406 579//405 682//371
f 579//405 580//173 682//371
f 682//371 580//173 683//424
f 580//173 581//406 683//424
f 683//424 581//406 684//306
f 581//406 582//371 684//306
f 684//306 582//371 685//312
f 582//371 583//168 685//312
f 685//312 583//168 686//176
f 583//168 584//171 686//176
f 686//176 584//171 687//129
f 584//171 585//170 688//257
f 584//171 688//257 687//129
f 585//170 586//229 688//257
f 688//257 586//229 689//177
f 586//229 587//177 690//425
f 586//229 690//425 689//177
f 587//177 588//176 690//425
f 690//425 588//176 691//426
f 588//176 589//129 691//426
f 691//426 589//129 692//427
f 589//129 590//407 693//428
f 589//129 693//428 692//427
f 590//407 591//305 693//428
f 693//428 591//305 694//303
f 591//305 592//303 694//303
f 694//303 592//303 695//129
f 592//303 593//306 695//129
f 695//129 593//306 696//176
f 593//306 594//176 696//176
f 696//176 594//176 697//306
f 594//176 595//129 697//306
f 697//306 595//129 698//307
f 595//129 596//129 698//307
f 698//307 596//129 699//303
f 596//129 597//260 699//303
f 699//303 597//260 700//177
f 597//260 598//307 701//429
f 597//260 701//429 700//177
f 598//307 599//408 701//429
f 701//429 599//408 702//231
f 599//408 600//129 702//231
f 702//231 600//129 703//129
f 600//129 601//129 703//129
f 703//129 601//129 704//129
f 601//129 602//129 704//129
f 704//129 602//129 705//129
f 602//129 603//129 705//129
f 705//129 603//129 706//129
f 603//129 604//129 706//129
f 706//129 604//129 707//231
f 604//129 605//169 707//231
f 707//231 605//169 708//367
f 605//169 606//409 708//367
f 708//367 606//409 709//304
f 606//409 607//177 710//425
f 606//409 710//425 709//304
f 607//177 608//129 710//425
f 710//425 608//129 711//129
f 608//129 609//129 711//129
f 711//129 609//129 712//129
f 609//129 610//231 712//129
f 712//129 610//231 713//176
f 610//231 611//228 713//176
f 713//176 611//228 714//129
f 611//228 612//304 715//430
f 611//228 715//430 714//129
f 612//304 613//306 715//430
f 715//430 613//306 716//423
f 613//306 614//176 716//423
f 716//423 614//176 717//231
f 614//176 615//129 717//231
f 717//231 615//129 718//129
f 615//129 616//129 718//129
f 718//129 616//129 719//129
f 616//129 617//129 719//129
f 719//129 617//129 720//129
f 617//129 618//129 720//129
f 720//129 618//129 721//129
f 618//129 619//129 721//129
f 721//129 619//129 722//305
f 619//129 620//260 722//305
f 722//305 620//260 723//407
f 620//260 621//302 724//373
f 620//260 724//373 723//407
f 621//302 622//306 724//373
f 724//373 622//306 725//176
f 622//306 623//307 725//176
f 725//176 623//307 726//129
f 623//307 624//307 726//129
f 726//129 624//307 727//129
f 624//307 625//307 727//129
f 727//129 625//307 728//129
f 625//307 626//306 728//129
f 728//129 626//306 729//176
f 626//306 627//129 729//176
f 729//176 627//129 730//431
f 627//129 628//372 731//430
f 627//129 731//430 730//431
f 628//372 629//307 731//430
f 731//430 629//307 732//129
f 629//307 630//306 732//129
f 732//129 630//306 733//303
f 630//306 631//312 733//303
f 733//303 631//312 734//306
f 631//312 632//310 734//306
f 734//306 632//310 735//431
f 632//310 633//302 736//373
f 632//310 736//373 735//431
f 633//302 634//303 736//373
f 736//373 634//303 737//306
f 634//303 635//260 737//306
f 737//306 635//260 738//313
f 635//260 636//407 739//407
f 635//260 739//407 738//313
f 636//407 637//373 740//310
f 636//407 740//310 739//407
f 637//373 638//312 740//310
f 740//310 638//312 741//312
f 638//312 639//303 741//312
f 741//312 639//303 742//176
f 639//303 640//260 742//176
f 742//176 640//260 743//430
f 640//260 641//302 744//373
f 640//260 744//373 743//430
f 641//302 642//303 744//373
f 744//373 642//303 745//176
f 642//303 643//303 745//176
f 745//176 643//303 746//129
f 643//303 644//307 746//129
f 746//129 644//307 747//129
f 644//307 645//302 747//129
f 747//129 645//302 748//129
f 645//302 646//310 748//129
f 748//129 646//310 749//129
f 646//310 647//306 749//129
f 749//129 647//306 750//176
f 647//306 648//176 750//176
f 750//176 648//176 751//176
f 648//176 649//129 751//176
f 751//176 649//129 752//260
f 649//129 650//129 752//260
f 752//260 650//129 753//432
f 650//129 651//410 753//432
f 753//432 651//410 754//433
f 651//410 652//411 755//434
f 651//410 755//434 754//433
f 756//435 653//412 757//436
f 653//412 654//413 757//436
f 757//436 654//413 758//437
f 654//413 655//387 758//437
f 758//437 655//387 759//438
f 655//387 656//387 759//438
f 759//438 656//387 760//387
f 656//387 657//387 760//387
f 760//387 657//387 761//392
f 657//387 658//414 761//392
f 761//392 658//414 762//392
f 658//414 659//384 762//392
f 762//392 659//384 763//439
f 659//384 660//392 763//439
f 763//439 660//392 764//392
f 660//392 661//389 764//392
f 764//392 661//389 765//51
f 661//389 662//387 765//51
f 765//51 662//387 766//392
f 662//387 663//415 766//392
f 766//392 663//415 767//396
f 663//415 664//392 767//396
f 767//396 664//392 768//387
f 664//392 665//389 768//387
f 768//387 665//389 769//392
f 665//389 666//51 769//392
f 769//392 666//51 770//440
f 666//51 667//416 770//440
f 770//440 667//416 771//441
f 667//416 668//391 771//441
f 771//441 668//391 772//399
f 668//391 669//391 772//399
f 772//399 669//391 773//442
f 669//391 670//417 773//442
f 773//442 670//417 774//420
f 670//417 671//418 774//420
f 774//420 671//418 775//124
f 671//418 672//419 775//124
f 775//124 672//419 776//443
f 672//419 673//420 776//443
f 776//443 673//420 777//231
f 673//420 674//421 777//231
f 777//231 674//421 778//423
f 674//421 675//422 778//423
f 778//423 675//422 779//444
f 675//422 676//423 779//444
f 779//444 676//423 780//176
f 676//423 677//129 780//176
f 780//176 677//129 781//231
f 677//129 678//423 781//231
f 781//231 678//423 782//423
f 678//423 679//231 782//423
f 782//423 679//231 783//231
f 679//231 680//169 783//231
f 783//231 680//169 784//445
f 680//169 681//406 784//445
f 784//445 681//406 785//308
f 681//406 682//371 785//308
f 785//308 682//371 786//446
f 682//371 683//424 786//446
f 786//446 683//424 787//306
f 683//424 684//306 787//306
f 787//306 684//306 788//176
f 684//306 685//312 788//176
f 788//176 685//312 789//176
f 685//312 686//176 789//176
f 789//176 686//176 790//312
f 686//176 687//129 790//312
f 790//312 687//129 791//303
f 687//129 688//257 791//303
f 791//303 688//257 792//129
f 688//257 689//177 792//129
f 792//129 689//177 793//129
f 689//177 690//425 794//447
f 689//177 794//447 793//129
f 690//425 691//426 795//304
f 690//425 795//304 794//447
f 691//426 692//427 795//304
f 795//304 692//427 796//448
f 692//427 693//428 796//448
f 796//448 693//428 797//166
f 693//428 694//303 797//166
f 797//166 694//303 798//449
f 694//303 695//129 798//449
f 798//449 695//129 799//303
f 695//129 696//176 799//303
f 799//303 696//176 800//303
f 696//176 697//306 800//303
f 800//303 697//306 801//307
f 697//306 698//307 801//307
f 801//307 698//307 802//306
f 698//307 699//303 802//306
f 802//306 699//303 803//306
f 699//303 700//177 803//306
f 803//306 700//177 804//450
f 700//177 701//429 805//451
f 700//177 805//451 804//450
f 701//429 702//231 805//451
f 805//451 702//231 806//303
f 702//231 703//129 806//303
f 806//303 703//129 807//129
f 703//129 704//129 807//129
f 807//129 704//129 808//129
f 704//129 705//129 808//129
f 808//129 705//129 809//129
f 705//129 706//129 809//129
f 809//129 706//129 810//129
f 706//129 707//231 810//129
f 810//129 707//231 811//303
f 707//231 708//367 811//303
f 811//303 708//367 812//306
f 708//367 709//304 812//306
f 812//306 709//304 813//426
f 709//304 710//425 814//291
f 709//304 814//291 813//426
f 710//425 711//129 815//291
f 710//425 815//291 814//291
f 711//129 712//129 815//291
f 815//291 712//129 816//129
f 712//129 713//176 816//129
f 816//129 713//176 817//290
f 713//176 714//129 817//290
f 817//290 714//129 818//292
f 714//129 715//430 819//229
f 714//129 819//229 818//292
f 715//430 716//423 819//229
f 819//229 716//423 820//167
f 716//423 717//231 820//167
f 820//167 717//231 821//129
f 717//231 718//129 821//129
f 821//129 718//129 822//129
f 718//129 719//129 822//129
f 822//129 719//129 823//129
f 719//129 720//129 823//129
f 823//129 720//129 824//129
f 720//129 721//129 824//129
f 824//129 721//129 825//260
f 721//129 722//305 825//260
f 825//260 722//305 826//407
f 722//305 723//407 827//407
f 722//305 827//407 826//407
f 723//407 724//373 828//452
f 723//407 828//452 827//407
f 724//373 725//176 828//452
f 828//452 725//176 829//452
f 725//176 726//129 829//452
f 829//452 726//129 830//302
f 726//129 727//129 830//302
f 830//302 727//129 831//303
f 727//129 728//129 831//303
f 831//303 728//129 832//129
f 728//129 729//176 832//129
f 832//129 729//176 833//303
f 729//176 730//431 833//303
f 833//303 730//431 834//302
f 730//431 731//430 835//305
f 730//431 835//305 834//302
f 731//430 732//129 835//305
f 835//305 732//129 836//129
f 732//129 733//303 836//129
f 836//129 733//303 837//129
f 733//303 734//306 837//129
f 837//129 734//306 838//303
f 734//306 735//431 838//303
f 838//303 735//431 839//302
f 735//431 736//373 840//310
f 735//431 840//310 839//302
f 736//373 737//306 840//310
f 840//310 737//306 841//307
f 737//306 738//313 841//307
f 841//307 738//313 842//302
f 738//313 739//407 843//305
f 738//313 843//305 842//302
f 739//407 740//310 843//305
f 843//305 740//310 844//129
f 740//310 741//312 844//129
f 844//129 741//312 845//176
f 741//312 742//176 845//176
f 845//176 742//176 846//312
f 742//176 743//430 846//312
f 846//312 743//430 847//313
f 743//430 744//373 848//129
f 743//430 848//129 847//313
f 744//373 745//176 848//129
f 848//129 745//176 849//452
f 745//176 746//129 849//452
f 849//452 746//129 850//302
f 746//129 747//129 850//302
f 850//302 747//129 851//307
f 747//129 748//129 851//307
f 851//307 748//129 852//310
f 748//129 749//129 852//310
f 852//310 749//129 853//302
f 749//129 750//176 853//302
f 853//302 750//176 854//311
f 750//176 751//176 854//311
f 854//311 751//176 855//312
f 751//176 752//260 855//312
f 855//312 752//260 856//313
f 752//260 753//432 857//453
f 752//260 857//453 856//313
f 753//432 754//433 857//453
f 857//453 754//433 858//454
f 754//433 755//434 859//455
f 754//433 859//455 858//454
f 756//435 757//436 860//456
f 860//456 757//436 861//457
f 757//436 758//437 861//457
f 861//457 758//437 862//458
f 758//437 759//438 863//459
f 758//437 863//459 862//458
f 759//438 760//387 863//459
f 863//459 760//387 864//460
f 760//387 761//392 864//460
f 864//460 761//392 865//73
f 761//392 762//392 865//73
f 865//73 762//392 866//461
f 762//392 763//439 866//461
f 866//461 763//439 867//462
f 763//439 764//392 867//462
f 867//462 764//392 868//391
f 764//392 765//51 868//391
f 868//391 765//51 869//463
f 765//51 766//392 869//463
f 869//463 766//392 870//461
f 766//392 767//396 870//461
f 870//461 767//396 871//464
f 767//396 768//387 871//464
f 871//464 768//387 872//465
f 768//387 769//392 872//465
f 872//465 769//392 873//466
f 769//392 770//440 873//466
f 873//466 770//440 874//467
f 770//440 771//441 874//467
f 874//467 771//441 875//122
f 771//441 772//399 875//122
f 875//122 772//399 876//122
f 772//399 773//442 876//122
f 876//122 773//442 877//468
f 773//442 774//420 877//468
f 877//468 774//420 878//423
f 774//420 775//124 878//423
f 878//423 775//124 879//167
f 775//124 776//443 879//167
f 879//167 776//443 880//168
f 776//443 777//231 880//168
f 880//168 777//231 881//231
f 777//231 778//423 881//231
f 881//231 778//423 882//423
f 778//423 779//444 882//423
f 882//423 779//444 883//290
f 779//444 780//176 883//290
f 883//290 780//176 884//369
f 780//176 781//231 884//369
f 884//369 781//231 885//176
f 781//231 782//423 885//176
f 885//176 782//423 886//176
f 782//423 783//231 886//176
f 886//176 783//231 887//303
f 783//231 784//445 887//303
f 887//303 784//445 888//307
f 784//445 785//308 888//307
f 888//307 785//308 889//306
f 785//308 786//446 889//306
f 889//306 786//446 890//306
f 786//446 787//306 890//306
f 890//306 787//306 891//311
f 787//306 788//176 891//311
f 891//311 788//176 892//306
f 788//176 789//176 892//306
f 892//306 789//176 893//308
f 789//176 790//312 893//308
f 893//308 790//312 894//375
f 790//312 791//303 894//375
f 894//375 791//303 895//306
f 791//303 792//129 895//306
f 895//306 792//129 896//307
f 792//129 793//129 896//307
f 896//307 793//129 897//307
f 793//129 794//447 897//307
f 897//307 794//447 898//313
f 794//447 795//304 899//430
f 794//447 899//430 898//313
f 795//304 796//448 899//430
f 899//430 796//448 900//129
f 796//448 797//166 901//469
f 796//448 901//469 900//129
f 797//166 798//449 901//469
f 901//469 798//449 902//427
f 798//449 799//303 902//427
f 902//427 799//303 903//176
f 799//303 800//303 903//176
f 903//176 800//303 904//129
f 800//303 801//307 904//129
f 904//129 801//307 905//129
f 801//307 802//306 905//129
f 905//129 802//306 906//303
f 802//306 803//306 906//303
f 906//303 803//306 907//307
f 803//306 804//450 907//307
f 907//307 804//450 908//307
f 804//450 805//451 908//307
f 908//307 805//451 909//312
f 805//451 806//303 909//312
f 909//312 806//303 910//176
f 806//303 807//129 910//176
f 910//176 807//129 911//129
f 807//129 808//129 911//129
f 911//129 808//129 912//129
f 808//129 809//129 912//129
f 912//129 809//129 913//129
f 809//129 810//129 913//129
f 913//129 810//129 914//129
f 810//129 811//303 914//129
f 914//129 811//303 915//129
f 811//303 812//306 915//129
f 915//129 812//306 916//176
f 812//306 813//426 916//176
f 916//176 813//426 917//306
f 813//426 814//291 917//306
f 917//306 814//291 918//450
f 814//291 815//291 919//470
f 814//291 919//470 918//450
f 815//291 816//129 920//471
f 815//291 920//471 919//470
f 816//129 817//290 920//471
f 920//471 817//290 921//472
f 817//290 818//292 921//472
f 921//472 818//292 922//307
f 818//292 819//229 923//451
f 818//292 923//451 922//307
f 819//229 820//167 923//451
f 923//451 820//167 924//303
f 820//167 821//129 924//303
f 924//303 821//129 925//260
f 821//129 822//129 925//260
f 925//260 822//129 926//427
f 822//129 823//129 926//427
f 926//427 823//129 927//307
f 823//129 824//129 927//307
f 927//307 824//129 928//307
f 824//129 825//260 928//307
f 928//307 825//260 929//313
f 825//260 826//407 930//407
f 825//260 930//407 929//313
f 826//407 827//407 931//305
f 826//407 931//305 930//407
f 827//407 828//452 931//305
f 931//305 828//452 932//176
f 828//452 829//452 932//176
f 932//176 829//452 933//431
f 829//452 830//302 934//373
f 829//452 934//373 933//431
f 830//302 831//303 934//373
f 934//373 831//303 935//452
f 831//303 832//129 935//452
f 935//452 832//129 936//427
f 832//129 833//303 936//427
f 936//427 833//303 937//307
f 833//303 834//302 937//307
f 937//307 834//302 938//303
f 834//302 835//305 938//303
f 938//303 835//305 939//260
f 835//305 836//129 939//260
f 939//260 836//129 940//427
f 836//129 837//129 940//427
f 940//427 837//129 941//310
f 837//129 838//303 941//310
f 941//310 838//303 942//427
f 838//303 839//302 942//427
f 942//427 839//302 943//303
f 839//302 840//310 943//303
f 943//303 840//310 944//129
f 840//310 841//307 944//129
f 944//129 841//307 945//129
f 841//307 842//302 945//129
f 945//129 842//302 946//129
f 842//302 843//305 946//129
f 946//129 843//305 947//129
f 843//305 844//129 947//129
f 947//129 844//129 948//129
f 844//129 845//176 948//129
f 948//129 845//176 949//303
f 845//176 846//312 949//303
f 949//303 846//312 950//307
f 846//312 847//313 950//307
f 950//307 847//313 951//302
f 847//313 848//129 952//473
f 847//313 952//473 951//302
f 848//129 849//452 952//473
f 952//473 849//452 953//431
f 849//452 850//302 954//474
f 849//452 954//474 953//431
f 850//302 851//307 954//474
f 954//474 851//307 955//312
f 851//307 852//310 955//312
f 955//312 852//310 956//431
f 852//310 853//302 957//373
f 852//310 957//373 956//431
f 853//302 854//311 957//373
f 957//373 854//311 958//375
f 854//311 855//312 958//375
f 958//375 855//312 959//475
f 855//312 856//313 959//475
f 959//475 856//313 960//309
f 856//313 857//453 961//476
f 856//313 961//476 960//309
f 857//453 858//454 961//476
f 961//476 858//454 962//477
f 858//454 859//455 962//477
f 962//477 859//455 963//478
f 860//456 861//457 964//479
f 964//479 861//457 965//480
f 861//457 862//458 965//480
f 965//480 862//458 966//481
f 862//458 863//459 967//482
f 862//458 967//482 966//481
f 863//459 864//460 967//482
f 967//482 864//460 968//483
f 864//460 865//73 968//483
f 968//483 865//73 969//157
f 865//73 866//461 969//157
f 969//157 866//461 970//460
f 866//461 867//462 970//460
f 970//460 867//462 971//484
f 867//462 868//391 971//484
f 971//484 868//391 972//440
f 868//391 869//463 972//440
f 972//440 869//463 973//86
f 869//463 870//461 973//86
f 973//86 870//461 974//485
f 870//461 871//464 974//485
f 974//485 871//464 975//486
f 871//464 872//465 975//486
f 975//486 872//465 976//94
f 872//465 873//466 976//94
f 976//94 873//466 977//468
f 873//466 874//467 977//468
f 977//468 874//467 978//231
f 874//467 875//122 978//231
f 978//231 875//122 979//129
f 875//122 876//122 979//129
f 979//129 876//122 980//167
f 876//122 877//468 980//167
f 980//167 877//468 981//169
f 877//468 878//423 981//169
f 981//169 878//423 982//423
f 878//423 879//167 982//423
f 982//423 879//167 983//231
f 879//167 880//168 983//231
f 983//231 880//168 984//129
f 880//168 881//231 984//129
f 984//129 881//231 985//176
f 881//231 882//423 985//176
f 985//176 882//423 986//444
f 882//423 883//290 986//444
f 986//444 883//290 987//445
f 883//290 884//369 987//445
f 987//445 884//369 988//307
f 884//369 885//176 988//307
f 988//307 885//176 989//311
f 885//176 886//176 989//311
f 989//311 886//176 990//306
f 886//176 887//303 990//306
f 990//306 887//303 991//307
f 887//303 888//307 991//307
f 991//307 888//307 992//303
f 888//307 889//306 992//303
f 992//303 889//306 993//303
f 889//306 890//306 993//303
f 993//303 890//306 994//306
f 890//306 891//311 994//306
f 994//306 891//311 995//375
f 891//311 892//306 995//375
f 995//375 892//306 996//446
f 892//306 893//308 996//446
f 996//446 893//308 997//312
f 893//308 894//375 997//312
f 997//312 894//375 998//375
f 894//375 895//306 998//375
f 998//375 895//306 999//309
f 895//306 896//307 999//309
f 999//309 896//307 1000//309
f 896//307 897//307 1000//309
f 1000//309 897//307 1001//446
f 897//307 898//313 1001//446
f 1001//446 898//313 1002//302
f 898//313 899//430 1003//305
f 898//313 1003//305 1002//302
f 899//430 900//129 1003//305
f 1003//305 900//129 1004//129
f 900//129 901//469 1004//129
f 1004//129 901//469 1005//430
f 901//469 902//427 1006//129
f 901//469 1006//129 1005//430
f 902//427 903//176 1006//129
f 1006//129 903//176 1007//312
f 903//176 904//129 1007//312
f 1007//312 904//129 1008//307
f 904//129 905//129 1008//307
f 1008//307 905//129 1009//303
f 905//129 906//303 1009//303
f 1009//303 906//303 1010//129
f 906//303 907//307 1010//129
f 1010//129 907//307 1011//129
f 907//307 908//307 1011//129
f 1011//129 908//307 1012//129
f 908//307 909//312 1012//129
f 1012//129 909//312 1013//176
f 909//312 910//176 1013//176
f 1013//176 910//176 1014//312
f 910//176 911//129 1014//312
f 1014//312 911//129 1015//307
f 911//129 912//129 1015//307
f 1015//307 912//129 1016//303
f 912//129 913//129 1016//303
f 1016//303 913//129 1017//129
f 913//129 914//129 1017//129
f 1017//129 914//129 1018//129
f 914//129 915//129 1018//129
f 1018//129 915//129 1019//129
f 915//129 916//176 1019//129
f 1019//129 916//176 1020//303
f 916//176 917//306 1020//303
f 1020//303 917//306 1021//307
f 917//306 918//450 1021//307
f 1021//307 918//450 1022//306
f 918//450 919//470 1022//306
f 1022//306 919//470 1023//431
f 919//470 920//471 1024//129
f 919//470 1024//129 1023//431
f 920//471 921//472 1024//129
f 1024//129 921//472 1025//431
f 921//472 922//307 1026//474
f 921//472 1026//474 1025//431
f 922//307 923//451 1026//474
f 1026//474 923//451 1027//306
f 923//451 924//303 1027//306
f 1027//306 924//303 1028//306
f 924//303 925//260 1028//306
f 1028//306 925//260 1029//313
f 925//260 926//427 1030//474
f 925//260 1030//474 1029//313
f 926//427 927//307 1030//474
f 1030//474 927//307 1031//307
f 927//307 928//307 1031//307
f 1031//307 928//307 1032//307
f 928//307 929//313 1032//307
f 1032//307 929//313 1033//302
f 929//313 930//407 1034//305
f 929//313 1034//305 1033//302
f 930//407 931//305 1034//305
f 1034//305 931//305 1035//129
f 931//305 932//176 1035//129
f 1035//129 932//176 1036//487
f 932//176 933//431 1036//487
f 1036//487 933//431 1037//302
f 933//431 934//373 1038//452
f 933//431 1038//452 1037//302
f 934//373 935//452 1038//452
f 1038//452 935//452 1039//488
f 935//452 936//427 1040//474
f 935//452 1040//474 1039//488
f 936//427 937//307 1040//474
f 1040//474 937//307 1041//306
f 937//307 938//303 1041//306
f 1041//306 938//303 1042//306
f 938//303 939//260 1042//306
f 1042//306 939//260 1043//313
f 939//260 940//427 1044//373
f 939//260 1044//373 1043//313
f 940//427 941//310 1044//373
f 1044//373 941//310 1045//488
f 941//310 942//427 1046//373
f 941//310 1046//373 1045//488
f 942//427 943//303 1046//373
f 1046//373 943//303 1047//306
f 943//303 944//129 1047//306
f 1047//306 944//129 1048//307
f 944//129 945//129 1048//307
f 1048//307 945//129 1049//307
f 945//129 946//129 1049//307
f 1049//307 946//129 1050//303
f 946//129 947//129 1050//303
f 1050//303 947//129 1051//260
f 947//129 948//129 1051//260
f 1051//260 948//129 1052//302
f 948//129 949//303 1052//302
f 1052//302 949//303 1053//307
f 949//303 950//307 1053//307
f 1053//307 950//307 1054//307
f 950//307 951//302 1054//307
f 1054//307 951//302 1055//303
f 951//302 952//473 1055//303
f 1055//303 952//473 1056//303
f 952//473 953//431 1056//303
f 1056//303 953//431 1057//489
f 953//431 954//474 1058//490
f 953//431 1058//490 1057//489
f 954//474 955//312 1058//490
f 1058//490 955//312 1059//308
f 955//312 956//431 1059//308
f 1059//308 956//431 1060//491
f 956//431 957//373 1061//491
f 956//431 1061//491 1060//491
f 957//373 958//375 1061//491
f 1061//491 958//375 1062//375
f 958//375 959//475 1062//375
f 1062//375 959//475 1063//488
f 959//475 960//309 1064//474
f 959//475 1064//474 1063//488
f 960//309 961//476 1064//474
f 1064//474 961//476 1065//375
f 961//476 962//477 1065//375
f 1065//375 962//477 1066//492
f 962//477 963//478 1066//492
f 1066//492 963//478 1067//493
f 964//479 965//480 1068//494
f 1068//494 965//480 1069//495
f 965//480 966//481 1069//495
f 1069//495 966//481 1070//22
f 966//481 967//482 1070//22
f 1070//22 967//482 1071//463
f 967//482 968//483 1071//463
f 1071//463 968//483 1072//51
f 968//483 969//157 1072//51
f 1072//51 969//157 1073//391
f 969//157 970//460 1073//391
f 1073//391 970//460 1074//496
f 970//460 971//484 1074//496
f 1074//496 971//484 1075//116
f 971//484 972//440 1075//116
f 1075//116 972//440 1076//467
f 972//440 973//86 1076//467
f 1076//467 973//86 1077//122
f 973//86 974//485 1077//122
f 1077//122 974//485 1078//497
f 974//485 975//486 1078//497
f 1078//497 975//486 1079//176
f 975//486 976//94 1079//176
f 1079//176 976//94 1080//231
f 976//94 977//468 1080//231
f 1080//231 977//468 1081//403
f 977//468 978//231 1081//403
f 1081//403 978//231 1082//129
f 978//231 979//129 1082//129
f 1082//129 979//129 1083//231
f 979//129 980//167 1083//231
f 1083//231 980//167 1084//367
f 980//167 981//169 1084//367
f 1084//367 981//169 1085//176
f 981//169 982//423 1085//176
f 1085//176 982//423 1086//367
f 982//423 983//231 1086//367
f 1086//367 983//231 1087//307
f 983//231 984//129 1087//307
f 1087//307 984//129 1088//303
f 984//129 985//176 1088//303
f 1088//303 985//176 1089//176
f 985//176 986//444 1089//176
f 1089//176 986//444 1090//498
f 986//444 987//445 1090//498
f 1090//498 987//445 1091//308
f 987//445 988//307 1091//308
f 1091//308 988//307 1092//312
f 988//307 989//311 1092//312
f 1092//312 989//311 1093//375
f 989//311 990//306 1093//375
f 1093//375 990//306 1094//308
f 990//306 991//307 1094//308
f 1094//308 991//307 1095//306
f 991//307 992//303 1095//306
f 1095//306 992//303 1096//306
f 992//303 993//303 1096//306
f 1096//306 993//303 1097//307
f 993//303 994//306 1097//307
f 1097//307 994//306 1098//308
f 994//306 995//375 1098//308
f 1098//308 995//375 1099//375
f 995//375 996//446 1099//375
f 1099//375 996//446 1100//306
f 996//446 997//312 1100//306
f 1100//306 997//312 1101//308
f 997//312 998//375 1101//308
f 1101//308 998//375 1102//309
f 998//375 999//309 1102//309
f 1102//309 999//309 1103//309
f 999//309 1000//309 1103//309
f 1103//309 1000//309 1104//375
f 1000//309 1001//446 1104//375
f 1104//375 1001//446 1105//306
f 1001//446 1002//302 1105//306
f 1105//306 1002//302 1106//307
f 1002//302 1003//305 1106//307
f 1106//307 1003//305 1107//307
f 1003//305 1004//129 1107//307
f 1107//307 1004//129 1108//307
f 1004//129 1005//430 1108//307
f 1108//307 1005//430 1109//313
f 1005//430 1006//129 1110//372
f 1005//430 1110//372 1109//313
f 1006//129 1007//312 1110//372
f 1110//372 1007//312 1111//307
f 1007//312 1008//307 1111//307
f 1111//307 1008//307 1112//306
f 1008//307 1009//303 1112//306
f 1112//306 1009//303 1113//312
f 1009//303 1010//129 1113//312
f 1113//312 1010//129 1114//307
f 1010//129 1011//129 1114//307
f 1114//307 1011//129 1115//307
f 1011//129 1012//129 1115//307
f 1115//307 1012//129 1116//310
f 1012//129 1013//176 1116//310
f 1116//310 1013//176 1117//499
f 1013//176 1014//312 1117//499
f 1117//499 1014//312 1118//308
f 1014//312 1015//307 1118//308
f 1118//308 1015//307 1119//312
f 1015//307 1016//303 1119//312
f 1119//312 1016//303 1120//306
f 1016//303 1017//129 1120//306
f 1120//306 1017//129 1121//307
f 1017//129 1018//129 1121//307
f 1121//307 1018//129 1122//307
f 1018//129 1019//129 1122//307
f 1122//307 1019//129 1123//307
f 1019//129 1020//303 1123//307
f 1123//307 1020//303 1124//307
f 1020//303 1021//307 1124//307
f 1124//307 1021//307 1125//307
f 1021//307 1022//306 1125//307
f 1125//307 1022//306 1126//308
f 1022//306 1023//431 1126//308
f 1126//308 1023//431 1127//309
f 1023//431 1024//129 1128//475
f 1023//431 1128//475 1127//309
f 1024//129 1025//431 1128//475
f 1128//475 1025//431 1129//309
f 1025//431 1026//474 1130//500
f 1025//431 1130//500 1129//309
f 1026//474 1027//306 1130//500
f 1130//500 1027//306 1131//308
f 1027//306 1028//306 1131//308
f 1131//308 1028//306 1132//308
f 1028//306 1029//313 1132//308
f 1132//308 1029//313 1133//501
f 1029//313 1030//474 1134//489
f 1029//313 1134//489 1133//501
f 1030//474 1031//307 1134//489
f 1134//489 1031//307 1135//310
f 1031//307 1032//307 1135//310
f 1135//310 1032//307 1136//302
f 1032//307 1033//302 1136//302
f 1136//302 1033//302 1137//303
f 1033//302 1034//305 1137//303
f 1137//303 1034//305 1138//260
f 1034//305 1035//129 1138//260
f 1138//260 1035//129 1139//427
f 1035//129 1036//487 1139//427
f 1139//427 1036//487 1140//310
f 1036//487 1037//302 1140//310
f 1140//310 1037//302 1141//427
f 1037//302 1038//452 1141//427
f 1141//427 1038//452 1142//306
f 1038//452 1039//488 1142//306
f 1142//306 1039//488 1143//501
f 1039//488 1040//474 1144//489
f 1039//488 1144//489 1143//501
f 1040//474 1041//306 1144//489
f 1144//489 1041//306 1145//306
f 1041//306 1042//306 1145//306
f 1145//306 1042//306 1146//307
f 1042//306 1043//313 1146//307
f 1146//307 1043//313 1147//302
f 1043//313 1044//373 1148//310
f 1043//313 1148//310 1147//302
f 1044//373 1045//488 1148//310
f 1148//310 1045//488 1149//302
f 1045//488 1046//373 1150//310
f 1045//488 1150//310 1149//302
f 1046//373 1047//306 1150//310
f 1150//310 1047//306 1151//307
f 1047//306 1048//307 1151//307
f 1151//307 1048//307 1152//307
f 1048//307 1049//307 1152//307
f 1152//307 1049//307 1153//312
f 1049//307 1050//303 1153//312
f 1153//312 1050//303 1154//306
f 1050//303 1051//260 1154//306
f 1154//306 1051//260 1155//474
f 1051//260 1052//302 1156//313
f 1051//260 1156//313 1155//474
f 1052//302 1053//307 1156//313
f 1156//313 1053//307 1157//307
f 1053//307 1054//307 1157//307
f 1157//307 1054//307 1158//306
f 1054//307 1055//303 1158//306
f 1158//306 1055//303 1159//306
f 1055//303 1056//303 1159//306
f 1159//306 1056//303 1160//307
f 1056//303 1057//489 1160//307
f 1160//307 1057//489 1161//313
f 1057//489 1058//490 1162//313
f 1057//489 1162//313 1161//313
f 1058//490 1059//308 1162//313
f 1162//313 1059//308 1163//312
f 1059//308 1060//491 1163//312
f 1163//312 1060//491 1164//431
f 1060//491 1061//491 1165//373
f 1060//491 1165//373 1164//431
f 1061//491 1062//375 1165//373
f 1165//373 1062//375 1166//375
f 1062//375 1063//488 1166//375
f 1166//375 1063//488 1167//309
f 1063//488 1064//474 1168//502
f 1063//488 1168//502 1167//309
f 1064//474 1065//375 1168//502
f 1168//502 1065//375 1169//375
f 1065//375 1066//492 1169//375
f 1169//375 1066//492 1170//503
f 1066//492 1067//493 1171//504
f 1066//492 1171//504 1170//503
f 1068//494 1069//495 1172//505
f 1172//505 1069//495 1173//506
f 1069//495 1070//22 1173//506
f 1173//506 1070//22 1174//398
f 1070//22 1071//463 1174//398
f 1174//398 1071//463 1175//507
f 1071//463 1072//51 1175//507
f 1175//507 1072//51 1176//508
f 1072//51 1073//391 1176//508
f 1176//508 1073//391 1177//442
f 1073//391 1074//496 1177//442
f 1177//442 1074//496 1178//419
f 1074//496 1075//116 1178//419
f 1178//419 1075//116 1179//509
f 1075//116 1076//467 1179//509
f 1179//509 1076//467 1180//306
f 1076//467 1077//122 1180//306
f 1180//306 1077//122 1181//303
f 1077//122 1078//497 1181//303
f 1181//303 1078//497 1182//176
f 1078//497 1079//176 1182//176
f 1182//176 1079//176 1183//312
f 1079//176 1080//231 1183//312
f 1183//312 1080//231 1184//311
f 1080//231 1081//403 1184//311
f 1184//311 1081//403 1185//312
f 1081//403 1082//129 1185//312
f 1185//312 1082//129 1186//303
f 1082//129 1083//231 1186//303
f 1186//303 1083//231 1187//303
f 1083//231 1084//367 1187//303
f 1187//303 1084//367 1188//312
f 1084//367 1085//176 1188//312
f 1188//312 1085//176 1189//375
f 1085//176 1086//367 1189//375
f 1189//375 1086//367 1190//446
f 1086//367 1087//307 1190//446
f 1190//446 1087//307 1191//306
f 1087//307 1088//303 1191//306
f 1191//306 1088//303 1192//306
f 1088//303 1089//176 1192//306
f 1192//306 1089//176 1193//306
f 1089//176 1090//498 1193//306
f 1193//306 1090//498 1194//312
f 1090//498 1091//308 1194//312
f 1194//312 1091//308 1195//312
f 1091//308 1092//312 1195//312
f 1195//312 1092//312 1196//306
f 1092//312 1093//375 1196//306
f 1196//306 1093//375 1197//306
f 1093//375 1094//308 1197//306
f 1197//306 1094//308 1198//306
f 1094//308 1095//306 1198//306
f 1198//306 1095//306 1199//308
f 1095//306 1096//306 1199//308
f 1199//308 1096//306 1200//446
f 1096//306 1097//307 1200//446
f 1200//446 1097//307 1201//307
f 1097//307 1098//308 1201//307
f 1201//307 1098//308 1202//312
f 1098//308 1099//375 1202//312
f 1202//312 1099//375 1203//375
f 1099//375 1100//306 1203//375
f 1203//375 1100//306 1204//309
f 1100//306 1101//308 1204//309
f 1204//309 1101//308 1205//309
f 1101//308 1102//309 1205//309
f 1205//309 1102//309 1206//309
f 1102//309 1103//309 1206//309
f 1206//309 1103//309 1207//498
f 1103//309 1104//375 1207//498
f 1207//498 1104//375 1208//375
f 1104//375 1105//306 1208//375
f 1208//375 1105//306 1209//309
f 1105//306 1106//307 1209//309
f 1209//309 1106//307 1210//309
f 1106//307 1107//307 1210//309
f 1210//309 1107//307 1211//309
f 1107//307 1108//307 1211//309
f 1211//309 1108//307 1212//309
f 1108//307 1109//313 1212//309
f 1212//309 1109//313 1213//309
f 1109//313 1110//372 1214//502
f 1109//313 1214//502 1213//309
f 1110//372 1111//307 1214//502
f 1214//502 1111//307 1215//307
f 1111//307 1112//306 1215//307
f 1215//307 1112//306 1216//308
f 1112//306 1113//312 1216//308
f 1216//308 1113//312 1217//309
f 1113//312 1114//307 1217//309
f 1217//309 1114//307 1218//309
f 1114//307 1115//307 1218//309
f 1218//309 1115//307 1219//375
f 1115//307 1116//310 1219//375
f 1219//375 1116//310 1220//488
f 1116//310 1117//499 1221//373
f 1116//310 1221//373 1220//488
f 1117//499 1118//308 1221//373
f 1221//373 1118//308 1222//312
f 1118//308 1119//312 1222//312
f 1222//312 1119//312 1223//308
f 1119//312 1120//306 1223//308
f 1223//308 1120//306 1224//309
f 1120//306 1121//307 1224//309
f 1224//309 1121//307 1225//309
f 1121//307 1122//307 1225//309
f 1225//309 1122//307 1226//309
f 1122//307 1123//307 1226//309
f 1226//309 1123//307 1227//446
f 1123//307 1124//307 1227//446
f 1227//446 1124//307 1228//307
f 1124//307 1125//307 1228//307
f 1228//307 1125//307 1229//307
f 1125//307 1126//308 1229//307
f 1229//307 1126//308 1230//307
f 1126//308 1127//309 1230//307
f 1230//307 1127//309 1231//307
f 1127//309 1128//475 1231//307
f 1231//307 1128//475 1232//307
f 1128//475 1129//309 1232//307
f 1232//307 1129//309 1233//307
f 1129//309 1130//500 1233//307
f 1233//307 1130//500 1234//307
f 1130//500 1131//308 1234//307
f 1234//307 1131//308 1235//306
f 1131//308 1132//308 1235//306
f 1235//306 1132//308 1236//312
f 1132//308 1133//501 1236//312
f 1236//312 1133//501 1237//313
f 1133//501 1134//489 1238//373
f 1133//501 1238//373 1237//313
f 1134//489 1135//310 1238//373
f 1238//373 1135//310 1239//488
f 1135//310 1136//302 1240//373
f 1135//310 1240//373 1239//488
f 1136//302 1137//303 1240//373
f 1240//373 1137//303 1241//312
f 1137//303 1138//260 1241//312
f 1241//312 1138//260 1242//313
f 1138//260 1139//427 1243//373
f 1138//260 1243//373 1242//313
f 1139//427 1140//310 1243//373
f 1243//373 1140//310 1244//488
f 1140//310 1141//427 1245//373
f 1140//310 1245//373 1244//488
f 1141//427 1142//306 1245//373
f 1245//373 1142//306 1246//312
f 1142//306 1143//501 1246//312
f 1246//312 1143//501 1247//313
f 1143//501 1144//489 1248//373
f 1143//501 1248//373 1247//313
f 1144//489 1145//306 1248//373
f 1248//373 1145//306 1249//312
f 1145//306 1146//307 1249//312
f 1249//312 1146//307 1250//307
f 1146//307 1147//302 1250//307
f 1250//307 1147//302 1251//307
f 1147//302 1148//310 1251//307
f 1251//307 1148//310 1252//307
f 1148//310 1149//302 1252//307
f 1252//307 1149//302 1253//307
f 1149//302 1150//310 1253//307
f 1253//307 1150//310 1254//307
f 1150//310 1151//307 1254//307
f 1254//307 1151//307 1255//307
f 1151//307 1152//307 1255//307
f 1255//307 1152//307 1256//307
f 1152//307 1153//312 1256//307
f 1256//307 1153//312 1257//308
f 1153//312 1154//306 1257//308
f 1257//308 1154//306 1258//446
f 1154//306 1155//474 1258//446
f 1258//446 1155//474 1259//302
f 1155//474 1156//313 1260//305
f 1155//474 1260//305 1259//302
f 1156//313 1157//307 1260//305
f 1260//305 1157//307 1261//260
f 1157//307 1158//306 1261//260
f 1261//260 1158//306 1262//499
f 1158//306 1159//306 1262//499
f 1262//499 1159//306 1263//446
f 1159//306 1160//307 1263//446
f 1263//446 1160//307 1264//502
f 1160//307 1161//313 1264//502
f 1264//502 1161//313 1265//309
f 1161//313 1162//313 1266//502
f 1161//313 1266//502 1265//309
f 1162//313 1163//312 1266//502
f 1266//502 1163//312 1267//308
f 1163//312 1164//431 1267//308
f 1267//308 1164//431 1268//309
f 1164//431 1165//373 1269//475
f 1164//431 1269//475 1268//309
f 1165//373 1166//375 1269//475
f 1269//475 1166//375 1270//446
f 1166//375 1167//309 1270//446
f 1270//446 1167//309 1271//307
f 1167//309 1168//502 1271//307
f 1271//307 1168//502 1272//307
f 1168//502 1169//375 1272//307
f 1272//307 1169//375 1273//375
f 1169//375 1170//503 1273//375
f 1273//375 1170//503 1274//510
f 1170//503 1171//504 1274//510
f 1274//510 1171//504 1275//511
f 1172//505 1173//506 1276//512
f 1276//512 1173//506 1277//513
f 1173//506 1174//398 1277//513
f 1277//513 1174//398 1278//419
f 1174//398 1175//507 1278//419
f 1278//419 1175//507 1279//418
f 1175//507 1176//508 1279//418
f 1279//418 1176//508 1280//118
f 1176//508 1177//442 1280//118
f 1280//118 1177//442 1281//514
f 1177//442 1178//419 1281//514
f 1281//514 1178//419 1282//312
f 1178//419 1179//509 1282//312
f 1282//312 1179//509 1283//311
f 1179//509 1180//306 1283//311
f 1283//311 1180//306 1284//312
f 1180//306 1181//303 1284//312
f 1284//312 1181//303 1285//176
f 1181//303 1182//176 1285//176
f 1285//176 1182//176 1286//303
f 1182//176 1183//312 1286//303
f 1286//303 1183//312 1287//306
f 1183//312 1184//311 1287//306
f 1287//306 1184//311 1288//311
f 1184//311 1185//312 1288//311
f 1288//311 1185//312 1289//306
f 1185//312 1186//303 1289//306
f 1289//306 1186//303 1290//312
f 1186//303 1187//303 1290//312
f 1290//312 1187//303 1291//307
f 1187//303 1188//312 1291//307
f 1291//307 1188//312 1292//306
f 1188//312 1189//375 1292//306
f 1292//306 1189//375 1293//306
f 1189//375 1190//446 1293//306
f 1293//306 1190//446 1294//306
f 1190//446 1191//306 1294//306
f 1294//306 1191//306 1295//306
f 1191//306 1192//306 1295//306
f 1295//306 1192//306 1296//312
f 1192//306 1193//306 1296//312
f 1296//312 1193//306 1297//306
f 1193//306 1194//312 1297//306
f 1297//306 1194//312 1298//308
f 1194//312 1195//312 1298//308
f 1298//308 1195//312 1299//375
f 1195//312 1196//306 1299//375
f 1299//375 1196//306 1300//312
f 1196//306 1197//306 1300//312
f 1300//312 1197//306 1301//308
f 1197//306 1198//306 1301//308
f 1301//308 1198//306 1302//446
f 1198//306 1199//308 1302//446
f 1302//446 1199//308 1303//306
f 1199//308 1200//446 1303//306
f 1303//306 1200//446 1304//306
f 1200//446 1201//307 1304//306
f 1304//306 1201//307 1305//307
f 1201//307 1202//312 1305//307
f 1305//307 1202//312 1306//308
f 1202//312 1203//375 1306//308
f 1306//308 1203//375 1307//309
f 1203//375 1204//309 1307//309
f 1307//309 1204//309 1308//446
f 1204//309 1205//309 1308//446
f 1308//446 1205//309 1309//307
f 1205//309 1206//309 1309//307
f 1309//307 1206//309 1310//306
f 1206//309 1207//498 1310//306
f 1310//306 1207//498 1311//375
f 1207//498 1208//375 1311//375
f 1311//375 1208//375 1312//309
f 1208//375 1209//309 1312//309
f 1312//309 1209//309 1313//309
f 1209//309 1210//309 1313//309
f 1313//309 1210//309 1314//309
f 1210//309 1211//309 1314//309
f 1314//309 1211//309 1315//309
f 1211//309 1212//309 1315//309
f 1315//309 1212//309 1316//309
f 1212//309 1213//309 1316//309
f 1316//309 1213//309 1317//309
f 1213//309 1214//502 1317//309
f 1317//309 1214//502 1318//309
f 1214//502 1215//307 1318//309
f 1318//309 1215//307 1319//309
f 1215//307 1216//308 1319//309
f 1319//309 1216//308 1320//309
f 1216//308 1217//309 1320//309
f 1320//309 1217//309 1321//309
f 1217//309 1218//309 1321//309
f 1321//309 1218//309 1322//375
f 1218//309 1219//375 1322//375
f 1322//375 1219//375 1323//498
f 1219//375 1220//488 1323//498
f 1323//498 1220//488 1324//309
f 1220//488 1221//373 1325//475
f 1220//488 1325//475 1324//309
f 1221//373 1222//312 1325//475
f 1325//475 1222//312 1326//309
f 1222//312 1223//308 1326//309
f 1326//309 1223//308 1327//309
f 1223//308 1224//309 1327//309
f 1327//309 1224//309 1328//309
f 1224//309 1225//309 1328//309
f 1328//309 1225//309 1329//309
f 1225//309 1226//309 1329//309
f 1329//309 1226//309 1330//375
f 1226//309 1227//446 1330//375
f 1330//375 1227//446 1331//306
f 1227//446 1228//307 1331//306
f 1331//306 1228//307 1332//307
f 1228//307 1229//307 1332//307
f 1332//307 1229//307 1333//307
f 1229//307 1230//307 1333//307
f 1333//307 1230//307 1334//307
f 1230//307 1231//307 1334//307
f 1334//307 1231//307 1335//307
f 1231//307 1232//307 1335//307
f 1335//307 1232//307 1336//307
f 1232//307 1233//307 1336//307
f 1336//307 1233//307 1337//307
f 1233//307 1234//307 1337//307
f 1337//307 1234//307 1338//307
f 1234//307 1235//306 1338//307
f 1338//307 1235//306 1339//308
f 1235//306 1236//312 1339//308
f 1339//308 1236//312 1340//309
f 1236//312 1237//313 1340//309
f 1340//309 1237//313 1341//309
f 1237//313 1238//373 1342//475
f 1237//313 1342//475 1341//309
f 1238//373 1239//488 1342//475
f 1342//475 1239//488 1343//499
f 1239//488 1240//373 1344//515
f 1239//488 1344//515 1343//499
f 1240//373 1241//312 1344//515
f 1344//515 1241//312 1345//309
f 1241//312 1242//313 1345//309
f 1345//309 1242//313 1346//491
f 1242//313 1243//373 1347//491
f 1242//313 1347//491 1346//491
f 1243//373 1244//488 1347//491
f 1347//491 1244//488 1348//491
f 1244//488 1245//373 1349//491
f 1244//488 1349//491 1348//491
f 1245//373 1246//312 1349//491
f 1349//491 1246//312 1350//309
f 1246//312 1247//313 1350//309
f 1350//309 1247//313 1351//499
f 1247//313 1248//373 1352//310
f 1247//313 1352//310 1351//499
f 1248//373 1249//312 1352//310
f 1352//310 1249//312 1353//307
f 1249//312 1250//307 1353//307
f 1353//307 1250//307 1354//307
f 1250//307 1251//307 1354//307
f 1354//307 1251//307 1355//307
f 1251//307 1252//307 1355//307
f 1355//307 1252//307 1356//307
f 1252//307 1253//307 1356//307
f 1356//307 1253//307 1357//307
f 1253//307 1254//307 1357//307
f 1357//307 1254//307 1358//307
f 1254//307 1255//307 1358//307
f 1358//307 1255//307 1359//307
f 1255//307 1256//307 1359//307
f 1359//307 1256//307 1360//307
f 1256//307 1257//308 1360//307
f 1360//307 1257//308 1361//312
f 1257//308 1258//446 1361//312
f 1361//312 1258//446 1362//306
f 1258//446 1259//302 1362//306
f 1362//306 1259//302 1363//307
f 1259//302 1260//305 1363//307
f 1363//307 1260//305 1364//307
f 1260//305 1261//260 1364//307
f 1364//307 1261//260 1365//313
f 1261//260 1262//499 1366//373
f 1261//260 1366//373 1365//313
f 1262//499 1263//446 1366//373
f 1366//373 1263//446 1367//306
f 1263//446 1264//502 1367//306
f 1367//306 1264//502 1368//313
f 1264//502 1265//309 1369//474
f 1264//502 1369//474 1368//313
f 1265//309 1266//502 1369//474
f 1369//474 1266//502 1370//307
f 1266//502 1267//308 1370//307
f 1370//307 1267//308 1371//307
f 1267//308 1268//309 1371//307
f 1371//307 1268//309 1372//307
f 1268//309 1269//475 1372//307
f 1372//307 1269//475 1373//312
f 1269//475 1270//446 1373//312
f 1373//312 1270//446 1374//306
f 1270//446 1271//307 1374//306
f 1374//306 1271//307 1375//307
f 1271//307 1272//307 1375//307
f 1375//307 1272//307 1376//307
f 1272//307 1273//375 1376//307
f 1376//307 1273//375 1377//308
f 1273//375 1274//510 1377//308
f 1377//308 1274//510 1378//516
f 1274//510 1275//511 1378//516
f 1378//516 1275//511 1379//517
f 1276//512 1277//513 1380//518
f 1380//518 1277//513 1381//519
f 1277//513 1278//419 1381//519
f 1381//519 1278//419 1382//309
f 1278//419 1279//418 1382//309
f 1382//309 1279//418 1383//375
f 1279//418 1280//118 1383//375
f 1383//375 1280//118 1384//176
f 1280//118 1281//514 1384//176
f 1384//176 1281//514 1385//129
f 1281//514 1282//312 1385//129
f 1385//129 1282//312 1386//176
f 1282//312 1283//311 1386//176
f 1386//176 1283//311 1387//312
f 1283//311 1284//312 1387//312
f 1387//312 1284//312 1388//311
f 1284//312 1285//176 1388//311
f 1388//311 1285//176 1389//306
f 1285//176 1286//303 1389//306
f 1389//306 1286//303 1390//303
f 1286//303 1287//306 1390//303
f 1390//303 1287//306 1391//176
f 1287//306 1288//311 1391//176
f 1391//176 1288//311 1392//306
f 1288//311 1289//306 1392//306
f 1392//306 1289//306 1393//308
f 1289//306 1290//312 1393//308
f 1393//308 1290//312 1394//446
f 1290//312 1291//307 1394//446
f 1394//446 1291//307 1395//306
f 1291//307 1292//306 1395//306
f 1395//306 1292//306 1396//176
f 1292//306 1293//306 1396//176
f 1396//176 1293//306 1397//303
f 1293//306 1294//306 1397//303
f 1397//303 1294//306 1398//312
f 1294//306 1295//306 1398//312
f 1398//312 1295//306 1399//312
f 1295//306 1296//312 1399//312
f 1399//312 1296//312 1400//308
f 1296//312 1297//306 1400//308
f 1400//308 1297//306 1401//446
f 1297//306 1298//308 1401//446
f 1401//446 1298//308 1402//306
f 1298//308 1299//375 1402//306
f 1402//306 1299//375 1403//375
f 1299//375 1300//312 1403//375
f 1403//375 1300//312 1404//309
f 1300//312 1301//308 1404//309
f 1404//309 1301//308 1405//375
f 1301//308 1302//446 1405//375
f 1405//375 1302//446 1406//312
f 1302//446 1303//306 1406//312
f 1406//312 1303//306 1407//308
f 1303//306 1304//306 1407//308
f 1407//308 1304//306 1408//309
f 1304//306 1305//307 1408//309
f 1408//309 1305//307 1409//309
f 1305//307 1306//308 1409//309
f 1409//309 1306//308 1410//309
f 1306//308 1307//309 1410//309
f 1410//309 1307//309 1411//375
f 1307//309 1308//446 1411//375
f 1411//375 1308//446 1412//306
f 1308//446 1309//307 1412//306
f 1412//306 1309//307 1413//307
f 1309//307 1310//306 1413//307
f 1413//307 1310//306 1414//308
f 1310//306 1311//375 1414//308
f 1414//308 1311//375 1415//309
f 1311//375 1312//309 1415//309
f 1415//309 1312//309 1416//309
f 1312//309 1313//309 1416//309
f 1416//309 1313//309 1417//309
f 1313//309 1314//309 1417//309
f 1417//309 1314//309 1418//309
f 1314//309 1315//309 1418//309
f 1418//309 1315//309 1419//309
f 1315//309 1316//309 1419//309
f 1419//309 1316//309 1420//309
f 1316//309 1317//309 1420//309
f 1420//309 1317//309 1421//309
f 1317//309 1318//309 1421//309
f 1421//309 1318//309 1422//309
f 1318//309 1319//309 1422//309
f 1422//309 1319//309 1423//309
f 1319//309 1320//309 1423//309
f 1423//309 1320//309 1424//309
f 1320//309 1321//309 1424//309
f 1424//309 1321//309 1425//375
f 1321//309 1322//375 1425//375
f 1425//375 1322//375 1426//375
f 1322//375 1323//498 1426//375
f 1426//375 1323//498 1427//309
f 1323//498 1324//309 1427//309
f 1427//309 1324//309 1428//309
f 1324//309 1325//475 1428//309
f 1428//309 1325//475 1429//309
f 1325//475 1326//309 1429//309
f 1429//309 1326//309 1430//309
f 1326//309 1327//309 1430//309
f 1430//309 1327//309 1431//309
f 1327//309 1328//309 1431//309
f 1431//309 1328//309 1432//309
f 1328//309 1329//309 1432//309
f 1432//309 1329//309 1433//375
f 1329//309 1330//375 1433//375
f 1433//375 1330//375 1434//375
f 1330//375 1331//306 1434//375
f 1434//375 1331//306 1435//309
f 1331//306 1332//307 1435//309
f 1435//309 1332//307 1436//309
f 1332//307 1333//307 1436//309
f 1436//309 1333//307 1437//309
f 1333//307 1334//307 1437//309
f 1437//309 1334//307 1438//309
f 1334//307 1335//307 1438//309
f 1438//309 1335//307 1439//309
f 1335//307 1336//307 1439//309
f 1439//309 1336//307 1440//309
f 1336//307 1337//307 1440//309
f 1440//309 1337//307 1441//309
f 1337//307 1338//307 1441//309
f 1441//309 1338//307 1442//309
f 1338//307 1339//308 1442//309
f 1442//309 1339//308 1443//309
f 1339//308 1340//309 1443//309
f 1443//309 1340//309 1444//446
f 1340//309 1341//309 1444//446
f 1444//446 1341//309 1445//307
f 1341//309 1342//475 1445//307
f 1445//307 1342//475 1446//306
f 1342//475 1343//499 1446//306
f 1446//306 1343//499 1447//312
f 1343//499 1344//515 1447//312
f 1447//312 1344//515 1448//313
f 1344//515 1345//309 1449//373
f 1344//515 1449//373 1448//313
f 1345//309 1346//491 1449//373
f 1449//373 1346//491 1450//431
f 1346//491 1347//491 1451//373
f 1346//491 1451//373 1450//431
f 1347//491 1348//491 1451//373
f 1451//373 1348//491 1452//488
f 1348//491 1349//491 1453//474
f 1348//491 1453//474 1452//488
f 1349//491 1350//309 1453//474
f 1453//474 1350//309 1454//312
f 1350//309 1351//499 1454//312
f 1454//312 1351//499 1455//312
f 1351//499 1352//310 1455//312
f 1455//312 1352//310 1456//307
f 1352//310 1353//307 1456//307
f 1456//307 1353//307 1457//307
f 1353//307 1354//307 1457//307
f 1457//307 1354//307 1458//307
f 1354//307 1355//307 1458//307
f 1458//307 1355//307 1459//307
f 1355//307 1356//307 1459//307
f 1459//307 1356//307 1460//307
f 1356//307 1357//307 1460//307
f 1460//307 1357//307 1461//307
f 1357//307 1358//307 1461//307
f 1461//307 1358//307 1462//307
f 1358//307 1359//307 1462//307
f 1462//307 1359//307 1463//307
f 1359//307 1360//307 1463//307
f 1463//307 1360//307 1464//307
f 1360//307 1361//312 1464//307
f 1464//307 1361//312 1465//308
f 1361//312 1362//306 1465//308
f 1465//308 1362//306 1466//309
f 1362//306 1363//307 1466//309
f 1466//309 1363//307 1467//309
f 1363//307 1364//307 1467//309
f 1467//309 1364//307 1468//309
f 1364//307 1365//313 1468//309
f 1468//309 1365//313 1469//309
f 1365//313 1366//373 1470//475
f 1365//313 1470//475 1469//309
f 1366//373 1367//306 1470//475
f 1470//475 1367//306 1471//309
f 1367//306 1368//313 1471//309
f 1471//309 1368//313 1472//309
f 1368//313 1369//474 1473//500
f 1368//313 1473//500 1472//309
f 1369//474 1370//307 1473//500
f 1473//500 1370//307 1474//307
f 1370//307 1371//307 1474//307
f 1474//307 1371//307 1475//307
f 1371//307 1372//307 1475//307
f 1475//307 1372//307 1476//307
f 1372//307 1373//312 1476//307
f 1476//307 1373//312 1477//308
f 1373//312 1374//306 1477//308
f 1477//308 1374//306 1478//309
f 1374//306 1375//307 1478//309
f 1478//309 1375//307 1479//446
f 1375//307 1376//307 1479//446
f 1479//446 1376//307 1480//502
f 1376//307 1377//308 1480//502
f 1480//502 1377//308 1481//309
f 1377//308 1378//516 1481//309
f 1481//309 1378//516 1482//520
f 1378//516 1379//517 1482//520
f 1482//520 1379//517 1483//521
f 1380//518 1381//519 1484//522
f 1484//522 1381//519 1485//523
f 1381//519 1382//309 1485//523
f 1485//523 1382//309 1486//524
f 1382//309 1383//375 1486//524
f 1486//524 1383//375 1487//525
f 1383//375 1384//176 1487//525
f 1487//525 1384//176 1488//306
f 1384//176 1385//129 1488//306
f 1488//306 1385//129 1489//303
f 1385//129 1386//176 1489//303
f 1489//303 1386//176 1490//303
f 1386//176 1387//312 1490//303
f 1490//303 1387//312 1491//306
f 1387//312 1388//311 1491//306
f 1491//306 1388//311 1492//311
f 1388//311 1389//306 1492//311
f 1492//311 1389//306 1493//306
f 1389//306 1390//303 1493//306
f 1493//306 1390//303 1494//312
f 1390//303 1391//176 1494//312
f 1494//312 1391//176 1495//308
f 1391//176 1392//306 1495//308
f 1495//308 1392//306 1496//446
f 1392//306 1393//308 1496//446
f 1496//446 1393//308 1497//306
f 1393//308 1394//446 1497//306
f 1497//306 1394//446 1498//306
f 1394//446 1395//306 1498//306
f 1498//306 1395//306 1499//311
f 1395//306 1396//176 1499//311
f 1499//311 1396//176 1500//306
f 1396//176 1397//303 1500//306
f 1500//306 1397//303 1501//307
f 1397//303 1398//312 1501//307
f 1501//307 1398//312 1502//308
f 1398//312 1399//312 1502//308
f 1502//308 1399//312 1503//308
f 1399//312 1400//308 1503//308
f 1503//308 1400//308 1504//306
f 1400//308 1401//446 1504//306
f 1504//306 1401//446 1505//306
f 1401//446 1402//306 1505//306
f 1505//306 1402//306 1506//308
f 1402//306 1403//375 1506//308
f 1506//308 1403//375 1507//308
f 1403//375 1404//309 1507//308
f 1507//308 1404//309 1508//312
f 1404//309 1405//375 1508//312
f 1508//312 1405//375 1509//375
f 1405//375 1406//312 1509//375
f 1509//375 1406//312 1510//309
f 1406//312 1407//308 1510//309
f 1510//309 1407//308 1511//309
f 1407//308 1408//309 1511//309
f 1511//309 1408//309 1512//309
f 1408//309 1409//309 1512//309
f 1512//309 1409//309 1513//308
f 1409//309 1410//309 1513//308
f 1513//308 1410//309 1514//306
f 1410//309 1411//375 1514//306
f 1514//306 1411//375 1515//498
f 1411//375 1412//306 1515//498
f 1515//498 1412//306 1516//309
f 1412//306 1413//307 1516//309
f 1516//309 1413//307 1517//309
f 1413//307 1414//308 1517//309
f 1517//309 1414//308 1518//309
f 1414//308 1415//309 1518//309
f 1518//309 1415//309 1519//309
f 1415//309 1416//309 1519//309
f 1519//309 1416//309 1520//309
f 1416//309 1417//309 1520//309
f 1520//309 1417//309 1521//309
f 1417//309 1418//309 1521//309
f 1521//309 1418//309 1522//526
f 1418//309 1419//309 1522//526
f 1522//526 1419//309 1523//527
f 1419//309 1420//309 1523//527
f 1523//527 1420//309 1524//528
f 1420//309 1421//309 1524//528
f 1524//528 1421//309 1525//309
f 1421//309 1422//309 1525//309
f 1525//309 1422//309 1526//309
f 1422//309 1423//309 1526//309
f 1526//309 1423//309 1527//309
f 1423//309 1424//309 1527//309
f 1527//309 1424//309 1528//529
f 1424//309 1425//375 1528//529
f 1528//529 1425//375 1529//530
f 1425//375 1426//375 1529//530
f 1529//530 1426//375 1530//309
f 1426//375 1427//309 1530//309
f 1530//309 1427//309 1531//309
f 1427//309 1428//309 1531//309
f 1531//309 1428//309 1532//309
f 1428//309 1429//309 1532//309
f 1532//309 1429//309 1533//309
f 1429//309 1430//309 1533//309
f 1533//309 1430//309 1534//309
f 1430//309 1431//309 1534//309
f 1534//309 1431//309 1535//309
f 1431//309 1432//309 1535//309
f 1535//309 1432//309 1536//375
f 1432//309 1433//375 1536//375
f 1536//375 1433//375 1537//498
f 1433//375 1434//375 1537//498
f 1537//498 1434//375 1538//309
f 1434//375 1435//309 1538//309
f 1538//309 1435//309 1539//309
f 1435//309 1436//309 1539//309
f 1539//309 1436//309 1540//309
f 1436//309 1437//309 1540//309
f 1540//309 1437//309 1541//309
f 1437//309 1438//309 1541//309
f 1541//309 1438//309 1542//309
f 1438//309 1439//309 1542//309
f 1542//309 1439//309 1543//309
f 1439//309 1440//309 1543//309
f 1543//309 1440//309 1544//308
f 1440//309 1441//309 1544//308
f 1544//308 1441//309 1545//307
f 1441//309 1442//309 1545//307
f 1545//307 1442//309 1546//307
f 1442//309 1443//309 1546//307
f 1546//307 1443//309 1547//306
f 1443//309 1444//446 1547//306
f 1547//306 1444//446 1548//312
f 1444//446 1445//307 1548//312
f 1548//312 1445//307 1549//307
f 1445//307 1446//306 1549//307
f 1549//307 1446//306 1550//308
f 1446//306 1447//312 1550//308
f 1550//308 1447//312 1551//309
f 1447//312 1448//313 1551//309
f 1551//309 1448//313 1552//309
f 1448//313 1449//373 1553//475
f 1448//313 1553//475 1552//309
f 1449//373 1450//431 1553//475
f 1553//475 1450//431 1554//309
f 1450//431 1451//373 1555//475
f 1450//431 1555//475 1554//309
f 1451//373 1452//488 1555//475
f 1555//475 1452//488 1556//309
f 1452//488 1453//474 1557//502
f 1452//488 1557//502 1556//309
f 1453//474 1454//312 1557//502
f 1557//502 1454//312 1558//308
f 1454//312 1455//312 1558//308
f 1558//308 1455//312 1559//309
f 1455//312 1456//307 1559//309
f 1559//309 1456//307 1560//309
f 1456//307 1457//307 1560//309
f 1560//309 1457//307 1561//309
f 1457//307 1458//307 1561//309
f 1561//309 1458//307 1562//308
f 1458//307 1459//307 1562//308
f 1562//308 1459//307 1563//307
f 1459//307 1460//307 1563//307
f 1563//307 1460//307 1564//500
f 1460//307 1461//307 1564//500
f 1564//500 1461//307 1565//309
f 1461//307 1462//307 1565//309
f 1565//309 1462//307 1566//446
f 1462//307 1463//307 1566//446
f 1566//446 1463//307 1567//500
f 1463//307 1464//307 1567//500
f 1567//500 1464//307 1568//309
f 1464//307 1465//308 1568//309
f 1568//309 1465//308 1569//308
f 1465//308 1466//309 1569//308
f 1569//308 1466//309 1570//307
f 1466//309 1467//309 1570//307
f 1570//307 1467//309 1571//307
f 1467//309 1468//309 1571//307
f 1571//307 1468//309 1572//307
f 1468//309 1469//309 1572//307
f 1572//307 1469//309 1573//307
f 1469//309 1470//475 1573//307
f 1573//307 1470//475 1574//307
f 1470//475 1471//309 1574//307
f 1574//307 1471//309 1575//307
f 1471//309 1472//309 1575//307
f 1575//307 1472//309 1576//307
f 1472//309 1473//500 1576//307
f 1576//307 1473//500 1577//307
f 1473//500 1474//307 1577//307
f 1577//307 1474//307 1578//307
f 1474//307 1475//307 1578//307
f 1578//307 1475//307 1579//307
f 1475//307 1476//307 1579//307
f 1579//307 1476//307 1580//307
f 1476//307 1477//308 1580//307
f 1580//307 1477//308 1581//307
f 1477//308 1478//309 1581//307
f 1581//307 1478//309 1582//306
f 1478//309 1479//446 1582//306
f 1582//306 1479//446 1583//312
f 1479//446 1480//502 1583//312
f 1583//312 1480//502 1584//313
f 1480//502 1481//309 1585//531
f 1480//502 1585//531 1584//313
f 1481//309 1482//520 1585//531
f 1585//531 1482//520 1586//532
f 1482//520 1483//521 1586//532
f 1484//522 1485//523 1587//533
f 1485//523 1486//524 1588//534
f 1485//523 1588//534 1587//533
f 1486//524 1487//525 1588//534
f 1588//534 1487//525 1589//535
f 1487//525 1488//306 1589//535
f 1589//535 1488//306 1590//375
f 1488//306 1489//303 1590//375
f 1590//375 1489//303 1591//312
f 1489//303 1490//303 1591//312
f 1591//312 1490//303 1592//307
f 1490//303 1491//306 1592//307
f 1592//307 1491//306 1593//311
f 1491//306 1492//311 1593//311
f 1593//311 1492//311 1594//312
f 1492//311 1493//306 1594//312
f 1594//312 1493//306 1595//308
f 1493//306 1494//312 1595//308
f 1595//308 1494//312 1596//309
f 1494//312 1495//308 1596//309
f 1596//309 1495//308 1597//375
f 1495//308 1496//446 1597//375
f 1597//375 1496//446 1598//306
f 1496//446 1497//306 1598//306
f 1598//306 1497//306 1599//306
f 1497//306 1498//306 1599//306
f 1599//306 1498//306 1600//312
f 1498//306 1499//311 1600//312
f 1600//312 1499//311 1601//375
f 1499//311 1500//306 1601//375
f 1601//375 1500//306 1602//446
f 1500//306 1501//307 1602//446
f 1602//446 1501//307 1603//307
f 1501//307 1502//308 1603//307
f 1603//307 1502//308 1604//306
f 1502//308 1503//308 1604//306
f 1604//306 1503//308 1605//312
f 1503//308 1504//306 1605//312
f 1605//312 1504//306 1606//308
f 1504//306 1505//306 1606//308
f 1606//308 1505//306 1607//446
f 1505//306 1506//308 1607//446
f 1607//446 1506//308 1608//312
f 1506//308 1507//308 1608//312
f 1608//312 1507//308 1609//312
f 1507//308 1508//312 1609//312
f 1609//312 1508//312 1610//308
f 1508//312 1509//375 1610//308
f 1610//308 1509//375 1611//309
f 1509//375 1510//309 1611//309
f 1611//309 1510//309 1612//309
f 1510//309 1511//309 1612//309
f 1612//309 1511//309 1613//446
f 1511//309 1512//309 1613//446
f 1613//446 1512//309 1614//306
f 1512//309 1513//308 1614//306
f 1614//306 1513//308 1615//312
f 1513//308 1514//306 1615//312
f 1615//312 1514//306 1616//308
f 1514//306 1515//498 1616//308
f 1616//308 1515//498 1617//309
f 1515//498 1516//309 1617//309
f 1617//309 1516//309 1618//309
f 1516//309 1517//309 1618//309
f 1618//309 1517//309 1619//309
f 1517//309 1518//309 1619//309
f 1619//309 1518//309 1620//309
f 1518//309 1519//309 1620//309
f 1620//309 1519//309 1621//309
f 1519//309 1520//309 1621//309
f 1621//309 1520//309 1622//309
f 1520//309 1521//309 1622//309
f 1622//309 1521//309 1623//536
f 1521//309 1522//526 1623//536
f 1623//536 1522//526 1624//537
f 1522//526 1523//527 1624//537
f 1624//537 1523//527 1625//538
f 1523//527 1524//528 1625//538
f 1625//538 1524//528 1626//539
f 1524//528 1525//309 1627//540
f 1524//528 1627//540 1626//539
f 1525//309 1526//309 1627//540
f 1627//540 1526//309 1628//309
f 1526//309 1527//309 1628//309
f 1628//309 1527//309 1629//309
f 1527//309 1528//529 1629//309
f 1629//309 1528//529 1630//309
f 1528//529 1529//530 1631//541
f 1528//529 1631//541 1630//309
f 1529//530 1530//309 1632//542
f 1529//530 1632//542 1631//541
f 1530//309 1531//309 1632//542
f 1632//542 1531//309 1633//309
f 1531//309 1532//309 1633//309
f 1633//309 1532//309 1634//309
f 1532//309 1533//309 1634//309
f 1634//309 1533//309 1635//309
f 1533//309 1534//309 1635//309
f 1635//309 1534//309 1636//309
f 1534//309 1535//309 1636//309
f 1636//309 1535//309 1637//543
f 1535//309 1536//375 1637//543
f 1637//543 1536//375 1638//535
f 1536//375 1537//498 1638//535
f 1638//535 1537//498 1639//309
f 1537//498 1538//309 1639//309
f 1639//309 1538//309 1640//309
f 1538//309 1539//309 1640//309
f 1640//309 1539//309 1641//309
f 1539//309 1540//309 1641//309
f 1641//309 1540//309 1642//309
f 1540//309 1541//309 1642//309
f 1642//309 1541//309 1643//309
f 1541//309 1542//309 1643//309
f 1643//309 1542//309 1644//309
f 1542//309 1543//309 1644//309
f 1644//309 1543//309 1645//375
f 1543//309 1544//308 1645//375
f 1645//375 1544//308 1646//306
f 1544//308 1545//307 1646//306
f 1646//306 1545//307 1647//307
f 1545//307 1546//307 1647//307
f 1647//307 1546//307 1648//307
f 1546//307 1547//306 1648//307
f 1648//307 1547//306 1649//308
f 1547//306 1548//312 1649//308
f 1649//308 1548//312 1650//309
f 1548//312 1549//307 1650//309
f 1650//309 1549//307 1651//309
f 1549//307 1550//308 1651//309
f 1651//309 1550//308 1652//309
f 1550//308 1551//309 1652//309
f 1652//309 1551//309 1653//309
f 1551//309 1552//309 1653//309
f 1653//309 1552//309 1654//309
f 1552//309 1553//475 1654//309
f 1654//309 1553//475 1655//309
f 1553//475 1554//309 1655//309
f 1655//309 1554//309 1656//309
f 1554//309 1555//475 1656//309
f 1656//309 1555//475 1657//309
f 1555//475 1556//309 1657//309
f 1657//309 1556//309 1658//475
f 1556//309 1557//502 1658//475
f 1658//475 1557//502 1659//309
f 1557//502 1558//308 1659//309
f 1659//309 1558//308 1660//446
f 1558//308 1559//309 1660//446
f 1660//446 1559//309 1661//307
f 1559//309 1560//309 1661//307
f 1661//307 1560//309 1662//307
f 1560//309 1561//309 1662//307
f 1662//307 1561//309 1663//306
f 1561//309 1562//308 1663//306
f 1663//306 1562//308 1664//306
f 1562//308 1563//307 1664//306
f 1664//306 1563//307 1665//307
f 1563//307 1564//500 1665//307
f 1665//307 1564//500 1666//313
f 1564//500 1565//309 1667//373
f 1564//500 1667//373 1666//313
f 1565//309 1566//446 1667//373
f 1667//373 1566//446 1668//306
f 1566//446 1567//500 1668//306
f 1668//306 1567//500 1669//313
f 1567//500 1568//309 1670//373
f 1567//500 1670//373 1669//313
f 1568//309 1569//308 1670//373
f 1670//373 1569//308 1671//312
f 1569//308 1570//307 1671//312
f 1671//312 1570//307 1672//307
f 1570//307 1571//307 1672//307
f 1672//307 1571//307 1673//307
f 1571//307 1572//307 1673//307
f 1673//307 1572//307 1674//307
f 1572//307 1573//307 1674//307
f 1674//307 1573//307 1675//307
f 1573//307 1574//307 1675//307
f 1675//307 1574//307 1676//307
f 1574//307 1575//307 1676//307
f 1676//307 1575//307 1677//307
f 1575//307 1576//307 1677//307
f 1677//307 1576//307 1678//307
f 1576//307 1577//307 1678//307
f 1678//307 1577//307 1679//307
f 1577//307 1578//307 1679//307
f 1679//307 1578//307 1680//307
f 1578//307 1579//307 1680//307
f 1680//307 1579//307 1681//307
f 1579//307 1580//307 1681//307
f 1681//307 1580//307 1682//307
f 1580//307 1581//307 1682//307
f 1682//307 1581//307 1683//307
f 1581//307 1582//306 1683//307
f 1683//307 1582//306 1684//308
f 1582//306 1583//312 1684//308
f 1684//308 1583//312 1685//446
f 1583//312 1584//313 1685//446
f 1685//446 1584//313 1686//489
f 1584//313 1585//531 1687//544
f 1584//313 1687//544 1686//489
f 1585//531 1586//532 1688//545
f 1585//531 1688//545 1687//544
f 1587//533 1588//534 1689//546
f 1689//546 1588//534 1690//547
f 1588//534 1589//535 1690//547
f 1690//547 1589//535 1691//548
f 1589//535 1590//375 1691//548
f 1691//548 1590//375 1692//498
f 1590//375 1591//312 1692//498
f 1692//498 1591//312 1693//309
f 1591//312 1592//307 1693//309
f 1693//309 1592//307 1694//375
f 1592//307 1593//311 1694//375
f 1694//375 1593//311 1695//375
f 1593//311 1594//312 1695//375
f 1695//375 1594//312 1696//446
f 1594//312 1595//308 1696//446
f 1696//446 1595//308 1697//307
f 1595//308 1596//309 1697//307
f 1697//307 1596//309 1698//312
f 1596//309 1597//375 1698//312
f 1698//312 1597//375 1699//498
f 1597//375 1598//306 1699//498
f 1699//498 1598//306 1700//375
f 1598//306 1599//306 1700//375
f 1700//375 1599//306 1701//306
f 1599//306 1600//312 1701//306
f 1701//306 1600//312 1702//306
f 1600//312 1601//375 1702//306
f 1702//306 1601//375 1703//306
f 1601//375 1602//446 1703//306
f 1703//306 1602//446 1704//306
f 1602//446 1603//307 1704//306
f 1704//306 1603//307 1705//307
f 1603//307 1604//306 1705//307
f 1705//307 1604//306 1706//308
f 1604//306 1605//312 1706//308
f 1706//308 1605//312 1707//308
f 1605//312 1606//308 1707//308
f 1707//308 1606//308 1708//312
f 1606//308 1607//446 1708//312
f 1708//312 1607//446 1709//306
f 1607//446 1608//312 1709//306
f 1709//306 1608//312 1710//308
f 1608//312 1609//312 1710//308
f 1710//308 1609//312 1711//309
f 1609//312 1610//308 1711//309
f 1711//309 1610//308 1712//446
f 1610//308 1611//309 1712//446
f 1712//446 1611//309 1713//307
f 1611//309 1612//309 1713//307
f 1713//307 1612//309 1714//312
f 1612//309 1613//446 1714//312
f 1714//312 1613//446 1715//306
f 1613//446 1614//306 1715//306
f 1715//306 1614//306 1716//308
f 1614//306 1615//312 1716//308
f 1716//308 1615//312 1717//309
f 1615//312 1616//308 1717//309
f 1717//309 1616//308 1718//309
f 1616//308 1617//309 1718//309
f 1718//309 1617//309 1719//309
f 1617//309 1618//309 1719//309
f 1719//309 1618//309 1720//309
f 1618//309 1619//309 1720//309
f 1720//309 1619//309 1721//309
f 1619//309 1620//309 1721//309
f 1721//309 1620//309 1722//309
f 1620//309 1621//309 1722//309
f 1722//309 1621//309 1723//309
f 1621//309 1622//309 1723//309
f 1723//309 1622//309 1724//309
f 1622//309 1623//536 1724//309
f 1724//309 1623//536 1725//549
f 1623//536 1624//537 1725//549
f 1725//549 1624//537 1726//550
f 1624//537 1625//538 1726//550
f 1726//550 1625//538 1727//551
f 1625//538 1626//539 1728//539
f 1625//538 1728//539 1727//551
f 1626//539 1627//540 1729//552
f 1626//539 1729//552 1728//539
f 1627//540 1628//309 1730//553
f 1627//540 1730//553 1729//552
f 1628//309 1629//309 1730//553
f 1730//553 1629//309 1731//554
f 1629//309 1630//309 1731//554
f 1731//554 1630//309 1732//309
f 1630//309 1631//541 1732//309
f 1732//309 1631//541 1733//542
f 1631//541 1632//542 1733//542
f 1733//542 1632//542 1734//541
f 1632//542 1633//309 1734//541
f 1734//541 1633//309 1735//309
f 1633//309 1634//309 1735//309
f 1735//309 1634//309 1736//309
f 1634//309 1635//309 1736//309
f 1736//309 1635//309 1737//309
f 1635//309 1636//309 1737//309
f 1737//309 1636//309 1738//309
f 1636//309 1637//543 1738//309
f 1738//309 1637//543 1739//542
f 1637//543 1638//535 1739//542
f 1739//542 1638//535 1740//555
f 1638//535 1639//309 1740//555
f 1740//555 1639//309 1741//309
f 1639//309 1640//309 1741//309
f 1741//309 1640//309 1742//309
f 1640//309 1641//309 1742//309
f 1742//309 1641//309 1743//309
f 1641//309 1642//309 1743//309
f 1743//309 1642//309 1744//309
f 1642//309 1643//309 1744//309
f 1744//309 1643//309 1745//309
f 1643//309 1644//309 1745//309
f 1745//309 1644//309 1746//375
f 1644//309 1645//375 1746//375
f 1746//375 1645//375 1747//498
f 1645//375 1646//306 1747//498
f 1747//498 1646//306 1748//309
f 1646//306 1647//307 1748//309
f 1748//309 1647//307 1749//309
f 1647//307 1648//307 1749//309
f 1749//309 1648//307 1750//309
f 1648//307 1649//308 1750//309
f 1750//309 1649//308 1751//309
f 1649//308 1650//309 1751//309
f 1751//309 1650//309 1752//309
f 1650//309 1651//309 1752//309
f 1752//309 1651//309 1753//309
f 1651//309 1652//309 1753//309
f 1753//309 1652//309 1754//309
f 1652//309 1653//309 1754//309
f 1754//309 1653//309 1755//309
f 1653//309 1654//309 1755//309
f 1755//309 1654//309 1756//446
f 1654//309 1655//309 1756//446
f 1756//446 1655//309 1757//307
f 1655//309 1656//309 1757//307
f 1757//307 1656//309 1758//307
f 1656//309 1657//309 1758//307
f 1758//307 1657//309 1759//306
f 1657//309 1658//475 1759//306
f 1759//306 1658//475 1760//431
f 1658//475 1659//309 1761//373
f 1658//475 1761//373 1760//431
f 1659//309 1660//446 1761//373
f 1761//373 1660//446 1762//312
f 1660//446 1661//307 1762//312
f 1762//312 1661//307 1763//307
f 1661//307 1662//307 1763//307
f 1763//307 1662//307 1764//307
f 1662//307 1663//306 1764//307
f 1764//307 1663//306 1765//308
f 1663//306 1664//306 1765//308
f 1765//308 1664//306 1766//309
f 1664//306 1665//307 1766//309
f 1766//309 1665//307 1767//309
f 1665//307 1666//313 1767//309
f 1767//309 1666//313 1768//309
f 1666//313 1667//373 1769//475
f 1666//313 1769//475 1768//309
f 1667//373 1668//306 1769//475
f 1769//475 1668//306 1770//309
f 1668//306 1669//313 1770//309
f 1770//309 1669//313 1771//309
f 1669//313 1670//373 1772//475
f 1669//313 1772//475 1771//309
f 1670//373 1671//312 1772//475
f 1772//475 1671//312 1773//309
f 1671//312 1672//307 1773//309
f 1773//309 1672//307 1774//309
f 1672//307 1673//307 1774//309
f 1774//309 1673//307 1775//309
f 1673//307 1674//307 1775//309
f 1775//309 1674//307 1776//308
f 1674//307 1675//307 1776//308
f 1776//308 1675//307 1777//307
f 1675//307 1676//307 1777//307
f 1777//307 1676//307 1778//307
f 1676//307 1677//307 1778//307
f 1778//307 1677//307 1779//500
f 1677//307 1678//307 1779//500
f 1779//500 1678//307 1780//309
f 1678//307 1679//307 1780//309
f 1780//309 1679//307 1781//309
f 1679//307 1680//307 1781//309
f 1781//309 1680//307 1782//309
f 1680//307 1681//307 1782//309
f 1782//309 1681//307 1783//308
f 1681//307 1682//307 1783//308
f 1783//308 1682//307 1784//307
f 1682//307 1683//307 1784//307
f 1784//307 1683//307 1785//307
f 1683//307 1684//308 1785//307
f 1785//307 1684//308 1786//306
f 1684//308 1685//446 1786//306
f 1786//306 1685//446 1787//306
f 1685//446 1686//489 1787//306
f 1787//306 1686//489 1788//313
f 1686//489 1687//544 1789//556
f 1686//489 1789//556 1788//313
f 1687//544 1688//545 1789//556
f 1789//556 1688//545 1790//557
f 1689//546 1690//547 1791//558
f 1791//558 1690//547 1792//559
f 1690//547 1691//548 1792//559
f 1792//559 1691//548 1793//375
f 1691//548 1692//498 1793//375
f 1793//375 1692//498 1794//446
f 1692//498 1693//309 1794//446
f 1794//446 1693//309 1795//312
f 1693//309 1694//375 1795//312
f 1795//312 1694//375 1796//311
f 1694//375 1695//375 1796//311
f 1796//311 1695//375 1797//306
f 1695//375 1696//446 1797//306
f 1797//306 1696//446 1798//306
f 1696//446 1697//307 1798//306
f 1798//306 1697//307 1799//307
f 1697//307 1698//312 1799//307
f 1799//307 1698//312 1800//306
f 1698//312 1699//498 1800//306
f 1800//306 1699//498 1801//306
f 1699//498 1700//375 1801//306
f 1801//306 1700//375 1802//375
f 1700//375 1701//306 1802//375
f 1802//375 1701//306 1803//375
f 1701//306 1702//306 1803//375
f 1803//375 1702//306 1804//306
f 1702//306 1703//306 1804//306
f 1804//306 1703//306 1805//308
f 1703//306 1704//306 1805//308
f 1805//308 1704//306 1806//309
f 1704//306 1705//307 1806//309
f 1806//309 1705//307 1807//446
f 1705//307 1706//308 1807//446
f 1807//446 1706//308 1808//306
f 1706//308 1707//308 1808//306
f 1808//306 1707//308 1809//312
f 1707//308 1708//312 1809//312
f 1809//312 1708//312 1810//308
f 1708//312 1709//306 1810//308
f 1810//308 1709//306 1811//309
f 1709//306 1710//308 1811//309
f 1811//309 1710//308 1812//309
f 1710//308 1711//309 1812//309
f 1812//309 1711//309 1813//375
f 1711//309 1712//446 1813//375
f 1813//375 1712//446 1814//306
f 1712//446 1713//307 1814//306
f 1814//306 1713//307 1815//307
f 1713//307 1714//312 1815//307
f 1815//307 1714//312 1816//308
f 1714//312 1715//306 1816//308
f 1816//308 1715//306 1817//309
f 1715//306 1716//308 1817//309
f 1817//309 1716//308 1818//309
f 1716//308 1717//309 1818//309
f 1818//309 1717//309 1819//309
f 1717//309 1718//309 1819//309
f 1819//309 1718//309 1820//309
f 1718//309 1719//309 1820//309
f 1820//309 1719//309 1821//309
f 1719//309 1720//309 1821//309
f 1821//309 1720//309 1822//309
f 1720//309 1721//309 1822//309
f 1822//309 1721//309 1823//309
f 1721//309 1722//309 1823//309
f 1823//309 1722//309 1824//309
f 1722//309 1723//309 1824//309
f 1824//309 1723//309 1825//309
f 1723//309 1724//309 1825//309
f 1825//309 1724//309 1826//537
f 1724//309 1725//549 1826//537
f 1826//537 1725//549 1827//537
f 1725//549 1726//550 1827//537
f 1827//537 1726//550 1828//560
f 1726//550 1727//551 1828//560
f 1828//560 1727//551 1829//561
f 1727//551 1728//539 1830//562
f 1727//551 1830//562 1829//561
f 1728//539 1729//552 1830//562
f 1830//562 1729//552 1831//539
f 1729//552 1730//553 1832//563
f 1729//552 1832//563 1831//539
f 1730//553 1731//554 1832//563
f 1832//563 1731//554 1833//563
f 1731//554 1732//309 1834//553
f 1731//554 1834//553 1833//563
f 1732//309 1733//542 1834//553
f 1834//553 1733//542 1835//564
f 1733//542 1734//541 1836//552
f 1733//542 1836//552 1835//564
f 1734//541 1735//309 1837//553
f 1734//541 1837//553 1836//552
f 1735//309 1736//309 1837//553
f 1837//553 1736//309 1838//528
f 1736//309 1737//309 1838//528
f 1838//528 1737//309 1839//309
f 1737//309 1738//309 1839//309
f 1839//309 1738//309 1840//309
f 1738//309 1739//542 1840//309
f 1840//309 1739//542 1841//309
f 1739//542 1740//555 1842//555
f 1739//542 1842//555 1841//309
f 1740//555 1741//309 1843//542
f 1740//555 1843//542 1842//555
f 1741//309 1742//309 1843//542
f 1843//542 1742//309 1844//309
f 1742//309 1743//309 1844//309
f 1844//309 1743//309 1845//309
f 1743//309 1744//309 1845//309
f 1845//309 1744//309 1846//309
f 1744//309 1745//309 1846//309
f 1846//309 1745//309 1847//565
f 1745//309 1746//375 1847//565
f 1847//565 1746//375 1848//535
f 1746//375 1747//498 1848//535
f 1848//535 1747//498 1849//309
f 1747//498 1748//309 1849//309
f 1849//309 1748//309 1850//309
f 1748//309 1749//309 1850//309
f 1850//309 1749//309 1851//309
f 1749//309 1750//309 1851//309
f 1851//309 1750//309 1852//309
f 1750//309 1751//309 1852//309
f 1852//309 1751//309 1853//309
f 1751//309 1752//309 1853//309
f 1853//309 1752//309 1854//309
f 1752//309 1753//309 1854//309
f 1854//309 1753//309 1855//309
f 1753//309 1754//309 1855//309
f 1855//309 1754//309 1856//309
f 1754//309 1755//309 1856//309
f 1856//309 1755//309 1857//375
f 1755//309 1756//446 1857//375
f 1857//375 1756//446 1858//306
f 1756//446 1757//307 1858//306
f 1858//306 1757//307 1859//307
f 1757//307 1758//307 1859//307
f 1859//307 1758//307 1860//307
f 1758//307 1759//306 1860//307
f 1860//307 1759//306 1861//308
f 1759//306 1760//431 1861//308
f 1861//308 1760//431 1862//309
f 1760//431 1761//373 1863//475
f 1760//431 1863//475 1862//309
f 1761//373 1762//312 1863//475
f 1863//475 1762//312 1864//309
f 1762//312 1763//307 1864//309
f 1864//309 1763//307 1865//309
f 1763//307 1764//307 1865//309
f 1865//309 1764//307 1866//309
f 1764//307 1765//308 1866//309
f 1866//309 1765//308 1867//309
f 1765//308 1766//309 1867//309
f 1867//309 1766//309 1868//446
f 1766//309 1767//309 1868//446
f 1868//446 1767//309 1869//307
f 1767//309 1768//309 1869//307
f 1869//307 1768//309 1870//307
f 1768//309 1769//475 1870//307
f 1870//307 1769//475 1871//307
f 1769//475 1770//309 1871//307
f 1871//307 1770//309 1872//307
f 1770//309 1771//309 1872//307
f 1872//307 1771//309 1873//307
f 1771//309 1772//475 1873//307
f 1873//307 1772//475 1874//307
f 1772//475 1773//309 1874//307
f 1874//307 1773//309 1875//307
f 1773//309 1774//309 1875//307
f 1875//307 1774//309 1876//307
f 1774//309 1775//309 1876//307
f 1876//307 1775//309 1877//312
f 1775//309 1776//308 1877//312
f 1877//312 1776//308 1878//312
f 1776//308 1777//307 1878//312
f 1878//312 1777//307 1879//307
f 1777//307 1778//307 1879//307
f 1879//307 1778//307 1880//307
f 1778//307 1779//500 1880//307
f 1880//307 1779//500 1881//313
f 1779//500 1780//309 1882//474
f 1779//500 1882//474 1881//313
f 1780//309 1781//309 1882//474
f 1882//474 1781//309 1883//307
f 1781//309 1782//309 1883//307
f 1883//307 1782//309 1884//306
f 1782//309 1783//308 1884//306
f 1884//306 1783//308 1885//312
f 1783//308 1784//307 1885//312
f 1885//312 1784//307 1886//307
f 1784//307 1785//307 1886//307
f 1886//307 1785//307 1887//307
f 1785//307 1786//306 1887//307
f 1887//307 1786//306 1888//308
f 1786//306 1787//306 1888//308
f 1888//308 1787//306 1889//309
f 1787//306 1788//313 1889//309
f 1889//309 1788//313 1890//309
f 1788//313 1789//556 1891//566
f 1788//313 1891//566 1890//309
f 1789//556 1790//557 1892//567
f 1789//556 1892//567 1891//566
f 1791//558 1792//559 1893//568
f 1893//568 1792//559 1894//569
f 1792//559 1793//375 1894//569
f 1894//569 1793//375 1895//375
f 1793//375 1794//446 1895//375
f 1895//375 1794//446 1896//306
f 1794//446 1795//312 1896//306
f 1896//306 1795//312 1897//311
f 1795//312 1796//311 1897//311
f 1897//311 1796//311 1898//306
f 1796//311 1797//306 1898//306
f 1898//306 1797//306 1899//446
f 1797//306 1798//306 1899//446
f 1899//446 1798//306 1900//308
f 1798//306 1799//307 1900//308
f 1900//308 1799//307 1901//306
f 1799//307 1800//306 1901//306
f 1901//306 1800//306 1902//306
f 1800//306 1801//306 1902//306
f 1902//306 1801//306 1903//308
f 1801//306 1802//375 1903//308
f 1903//308 1802//375 1904//375
f 1802//375 1803//375 1904//375
f 1904//375 1803//375 1905//375
f 1803//375 1804//306 1905//375
f 1905//375 1804//306 1906//309
f 1804//306 1805//308 1906//309
f 1906//309 1805//308 1907//308
f 1805//308 1806//309 1907//308
f 1907//308 1806//309 1908//312
f 1806//309 1807//446 1908//312
f 1908//312 1807//446 1909//306
f 1807//446 1808//306 1909//306
f 1909//306 1808//306 1910//308
f 1808//306 1809//312 1910//308
f 1910//308 1809//312 1911//309
f 1809//312 1810//308 1911//309
f 1911//309 1810//308 1912//308
f 1810//308 1811//309 1912//308
f 1912//308 1811//309 1913//307
f 1811//309 1812//309 1913//307
f 1913//307 1812//309 1914//312
f 1812//309 1813//375 1914//312
f 1914//312 1813//375 1915//375
f 1813//375 1814//306 1915//375
f 1915//375 1814//306 1916//309
f 1814//306 1815//307 1916//309
f 1916//309 1815//307 1917//309
f 1815//307 1816//308 1917//309
f 1917//309 1816//308 1918//309
f 1816//308 1817//309 1918//309
f 1918//309 1817//309 1919//309
f 1817//309 1818//309 1919//309
f 1919//309 1818//309 1920//309
f 1818//309 1819//309 1920//309
f 1920//309 1819//309 1921//309
f 1819//309 1820//309 1921//309
f 1921//309 1820//309 1922//309
f 1820//309 1821//309 1922//309
f 1922//309 1821//309 1923//309
f 1821//309 1822//309 1923//309
f 1923//309 1822//309 1924//309
f 1822//309 1823//309 1924//309
f 1924//309 1823//309 1925//309
f 1823//309 1824//309 1925//309
f 1925//309 1824//309 1926//309
f 1824//309 1825//309 1926//309
f 1926//309 1825//309 1927//537
f 1825//309 1826//537 1927//537
f 1927//537 1826//537 1928//570
f 1826//537 1827//537 1928//570
f 1928//570 1827//537 1929//309
f 1827//537 1828//560 1929//309
f 1929//309 1828//560 1930//571
f 1828//560 1829//561 1930//571
f 1930//571 1829//561 1931//572
f 1829//561 1830//562 1931//572
f 1931//572 1830//562 1932//573
f 1830//562 1831//539 1933//539
f 1830//562 1933//539 1932//573
f 1831//539 1832//563 1934//574
f 1831//539 1934//574 1933//539
f 1832//563 1833//563 1934//574
f 1934//574 1833//563 1935//563
f 1833//563 1834//553 1936//563
f 1833//563 1936//563 1935//563
f 1834//553 1835//564 1936//563
f 1936//563 1835//564 1937//575
f 1835//564 1836//552 1937//575
f 1937//575 1836//552 1938//563
f 1836//552 1837//553 1939//552
f 1836//552 1939//552 1938//563
f 1837//553 1838//528 1939//552
f 1939//552 1838//528 1940//539
f 1838//528 1839//309 1941//553
f 1838//528 1941//553 1940//539
f 1839//309 1840//309 1941//553
f 1941//553 1840//309 1942//554
f 1840//309 1841//309 1942//554
f 1942//554 1841//309 1943//309
f 1841//309 1842//555 1943//309
f 1943//309 1842//555 1944//542
f 1842//555 1843//542 1944//542
f 1944//542 1843//542 1945//555
f 1843//542 1844//309 1945//555
f 1945//555 1844//309 1946//309
f 1844//309 1845//309 1946//309
f 1946//309 1845//309 1947//309
f 1845//309 1846//309 1947//309
f 1947//309 1846//309 1948//309
f 1846//309 1847//565 1948//309
f 1948//309 1847//565 1949//576
f 1847//565 1848//535 1949//576
f 1949//576 1848//535 1950//576
f 1848//535 1849//309 1950//576
f 1950//576 1849//309 1951//309
f 1849//309 1850//309 1951//309
f 1951//309 1850//309 1952//309
f 1850//309 1851//309 1952//309
f 1952//309 1851//309 1953//309
f 1851//309 1852//309 1953//309
f 1953//309 1852//309 1954//309
f 1852//309 1853//309 1954//309
f 1954//309 1853//309 1955//309
f 1853//309 1854//309 1955//309
f 1955//309 1854//309 1956//309
f 1854//309 1855//309 1956//309
f 1956//309 1855//309 1957//309
f 1855//309 1856//309 1957//309
f 1957//309 1856//309 1958//565
f 1856//309 1857//375 1958//565
f 1958//565 1857//375 1959//535
f 1857//375 1858//306 1959//535
f 1959//535 1858//306 1960//309
f 1858//306 1859//307 1960//309
f 1960//309 1859//307 1961//309
f 1859//307 1860//307 1961//309
f 1961//309 1860//307 1962//309
f 1860//307 1861//308 1962//309
f 1962//309 1861//308 1963//309
f 1861//308 1862//309 1963//309
f 1963//309 1862//309 1964//309
f 1862//309 1863//475 1964//309
f 1964//309 1863//475 1965//309
f 1863//475 1864//309 1965//309
f 1965//309 1864//309 1966//309
f 1864//309 1865//309 1966//309
f 1966//309 1865//309 1967//309
f 1865//309 1866//309 1967//309
f 1967//309 1866//309 1968//309
f 1866//309 1867//309 1968//309
f 1968//309 1867//309 1969//375
f 1867//309 1868//446 1969//375
f 1969//375 1868//446 1970//306
f 1868//446 1869//307 1970//306
f 1970//306 1869//307 1971//307
f 1869//307 1870//307 1971//307
f 1971//307 1870//307 1972//307
f 1870//307 1871//307 1972//307
f 1972//307 1871//307 1973//307
f 1871//307 1872//307 1973//307
f 1973//307 1872//307 1974//307
f 1872//307 1873//307 1974//307
f 1974//307 1873//307 1975//307
f 1873//307 1874//307 1975//307
f 1975//307 1874//307 1976//307
f 1874//307 1875//307 1976//307
f 1976//307 1875//307 1977//307
f 1875//307 1876//307 1977//307
f 1977//307 1876//307 1978//307
f 1876//307 1877//312 1978//307
f 1978//307 1877//312 1979//308
f 1877//312 1878//312 1979//308
f 1979//308 1878//312 1980//309
f 1878//312 1879//307 1980//309
f 1980//309 1879//307 1981//309
f 1879//307 1880//307 1981//309
f 1981//309 1880//307 1982//309
f 1880//307 1881//313 1982//309
f 1982//309 1881//313 1983//309
f 1881//313 1882//474 1984//502
f 1881//313 1984//502 1983//309
f 1882//474 1883//307 1984//502
f 1984//502 1883//307 1985//307
f 1883//307 1884//306 1985//307
f 1985//307 1884//306 1986//308
f 1884//306 1885//312 1986//308
f 1986//308 1885//312 1987//309
f 1885//312 1886//307 1987//309
f 1987//309 1886//307 1988//309
f 1886//307 1887//307 1988//309
f 1988//309 1887//307 1989//309
f 1887//307 1888//308 1989//309
f 1989//309 1888//308 1990//309
f 1888//308 1889//309 1990//309
f 1990//309 1889//309 1991//309
f 1889//309 1890//309 1991//309
f 1991//309 1890//309 1992//308
f 1890//309 1891//566 1992//308
f 1992//308 1891//566 1993//577
f 1891//566 1892//567 1993//577
f 1993//577 1892//567 1994//578
f 1893//568 1894//569 1995//579
f 1995//579 1894//569 1996//580
f 1894//569 1895//375 1996//580
f 1996//580 1895//375 1997//535
f 1895//375 1896//306 1997//535
f 1997//535 1896//306 1998//375
f 1896//306 1897//311 1998//375
f 1998//375 1897//311 1999//375
f 1897//311 1898//306 1999//375
f 1999//375 1898//306 2000//446
f 1898//306 1899//446 2000//446
f 2000//446 1899//446 2001//306
f 1899//446 1900//308 2001//306
f 2001//306 1900//308 2002//306
f 1900//308 1901//306 2002//306
f 2002//306 1901//306 2003//308
f 1901//306 1902//306 2003//308
f 2003//308 1902//306 2004//446
f 1902//306 1903//308 2004//446
f 2004//446 1903//308 2005//306
f 1903//308 1904//375 2005//306
f 2005//306 1904//375 2006//375
f 1904//375 1905//375 2006//375
f 2006//375 1905//375 2007//309
f 1905//375 1906//309 2007//309
f 2007//309 1906//309 2008//375
f 1906//309 1907//308 2008//375
f 2008//375 1907//308 2009//312
f 1907//308 1908//312 2009//312
f 2009//312 1908//312 2010//308
f 1908//312 1909//306 2010//308
f 2010//308 1909//306 2011//309
f 1909//306 1910//308 2011//309
f 2011//309 1910//308 2012//309
f 1910//308 1911//309 2012//309
f 2012//309 1911//309 2013//375
f 1911//309 1912//308 2013//375
f 2013//375 1912//308 2014//306
f 1912//308 1913//307 2014//306
f 2014//306 1913//307 2015//307
f 1913//307 1914//312 2015//307
f 2015//307 1914//312 2016//308
f 1914//312 1915//375 2016//308
f 2016//308 1915//375 2017//309
f 1915//375 1916//309 2017//309
f 2017//309 1916//309 2018//309
f 1916//309 1917//309 2018//309
f 2018//309 1917//309 2019//309
f 1917//309 1918//309 2019//309
f 2019//309 1918//309 2020//309
f 1918//309 1919//309 2020//309
f 2020//309 1919//309 2021//309
f 1919//309 1920//309 2021//309
f 2021//309 1920//309 2022//309
f 1920//309 1921//309 2022//309
f 2022//309 1921//309 2023//309
f 1921//309 1922//309 2023//309
f 2023//309 1922//309 2024//309
f 1922//309 1923//309 2024//309
f 2024//309 1923//309 2025//309
f 1923//309 1924//309 2025//309
f 2025//309 1924//309 2026//309
f 1924//309 1925//309 2026//309
f 2026//309 1925//309 2027//309
f 1925//309 1926//309 2027//309
f 2027//309 1926//309 2028//581
f 1926//309 1927//537 2028//581
f 2028//581 1927//537 2029//550
f 1927//537 1928//570 2029//550
f 2029//550 1928//570 2030//309
f 1928//570 1929//309 2030//309
f 2030//309 1929//309 2031//537
f 1929//309 1930//571 2031//537
f 2031//537 1930//571 2032//582
f 1930//571 1931//572 2032//582
f 2032//582 1931//572 2033//581
f 1931//572 1932//573 2033//581
f 2033//581 1932//573 2034//583
f 1932//573 1933//539 2035//562
f 1932//573 2035//562 2034//583
f 1933//539 1934//574 2035//562
f 2035//562 1934//574 2036//584
f 1934//574 1935//563 2036//584
f 2036//584 1935//563 2037//585
f 1935//563 1936//563 2038//586
f 1935//563 2038//586 2037//585
f 1936//563 1937//575 2038//586
f 2038//586 1937//575 2039//527
f 1937//575 1938//563 2039//527
f 2039//527 1938//563 2040//585
f 1938//563 1939//552 2041//587
f 1938//563 2041//587 2040//585
f 1939//552 1940//539 2042//539
f 1939//552 2042//539 2041//587
f 1940//539 1941//553 2043//562
f 1940//539 2043//562 2042//539
f 1941//553 1942//554 2043//562
f 2043//562 1942//554 2044//539
f 1942//554 1943//309 2045//540
f 1942//554 2045//540 2044//539
f 1943//309 1944//542 2045//540
f 2045//540 1944//542 2046//309
f 1944//542 1945//555 2047//540
f 1944//542 2047//540 2046//309
f 1945//555 1946//309 2048//540
f 1945//555 2048//540 2047//540
f 1946//309 1947//309 2048//540
f 2048//540 1947//309 2049//309
f 1947//309 1948//309 2049//309
f 2049//309 1948//309 2050//309
f 1948//309 1949//576 2050//309
f 2050//309 1949//576 2051//542
f 1949//576 1950//576 2051//542
f 2051//542 1950//576 2052//588
f 1950//576 1951//309 2052//588
f 2052//588 1951//309 2053//528
f 1951//309 1952//309 2053//528
f 2053//528 1952//309 2054//309
f 1952//309 1953//309 2054//309
f 2054//309 1953//309 2055//309
f 1953//309 1954//309 2055//309
f 2055//309 1954//309 2056//309
f 1954//309 1955//309 2056//309
f 2056//309 1955//309 2057//309
f 1955//309 1956//309 2057//309
f 2057//309 1956//309 2058//309
f 1956//309 1957//309 2058//309
f 2058//309 1957//309 2059//309
f 1957//309 1958//565 2059//309
f 2059//309 1958//565 2060//576
f 1958//565 1959//535 2060//576
f 2060//576 1959//535 2061//576
f 1959//535 1960//309 2061//576
f 2061//576 1960//309 2062//309
f 1960//309 1961//309 2062//309
f 2062//309 1961//309 2063//309
f 1961//309 1962//309 2063//309
f 2063//309 1962//309 2064//309
f 1962//309 1963//309 2064//309
f 2064//309 1963//309 2065//309
f 1963//309 1964//309 2065//309
f 2065//309 1964//309 2066//309
f 1964//309 1965//309 2066//309
f 2066//309 1965//309 2067//309
f 1965//309 1966//309 2067//309
f 2067//309 1966//309 2068//309
f 1966//309 1967//309 2068//309
f 2068//309 1967//309 2069//308
f 1967//309 1968//309 2069//308
f 2069//308 1968//309 2070//312
f 1968//309 1969//375 2070//312
f 2070//312 1969//375 2071//375
f 1969//375 1970//306 2071//375
f 2071//375 1970//306 2072//309
f 1970//306 1971//307 2072//309
f 2072//309 1971//307 2073//309
f 1971//307 1972//307 2073//309
f 2073//309 1972//307 2074//309
f 1972//307 1973//307 2074//309
f 2074//309 1973//307 2075//309
f 1973//307 1974//307 2075//309
f 2075//309 1974//307 2076//309
f 1974//307 1975//307 2076//309
f 2076//309 1975//307 2077//309
f 1975//307 1976//307 2077//309
f 2077//309 1976//307 2078//309
f 1976//307 1977//307 2078//309
f 2078//309 1977//307 2079//309
f 1977//307 1978//307 2079//309
f 2079//309 1978//307 2080//309
f 1978//307 1979//308 2080//309
f 2080//309 1979//308 2081//309
f 1979//308 1980//309 2081//309
f 2081//309 1980//309 2082//309
f 1980//309 1981//309 2082//309
f 2082//309 1981//309 2083//309
f 1981//309 1982//309 2083//309
f 2083//309 1982//309 2084//309
f 1982//309 1983//309 2084//309
f 2084//309 1983//309 2085//309
f 1983//309 1984//502 2085//309
f 2085//309 1984//502 2086//309
f 1984//502 1985//307 2086//309
f 2086//309 1985//307 2087//309
f 1985//307 1986//308 2087//309
f 2087//309 1986//308 2088//309
f 1986//308 1987//309 2088//309
f 2088//309 1987//309 2089//309
f 1987//309 1988//309 2089//309
f 2089//309 1988//309 2090//309
f 1988//309 1989//309 2090//309
f 2090//309 1989//309 2091//309
f 1989//309 1990//309 2091//309
f 2091//309 1990//309 2092//446
f 1990//309 1991//309 2092//446
f 2092//446 1991//309 2093//306
f 1991//309 1992//308 2093//306
f 2093//306 1992//308 2094//312
f 1992//308 1993//577 2094//312
f 2094//312 1993//577 2095//589
f 1993//577 1994//578 2096//590
f 1993//577 2096//590 2095//589
f 1995//579 1996//580 2097//591
f 2097//591 1996//580 2098//592
f 1996//580 1997//535 2098//592
f 2098//592 1997//535 2099//593
f 1997//535 1998//375 2099//593
f 2099//593 1998//375 2100//375
f 1998//375 1999//375 2100//375
f 2100//375 1999//375 2101//375
f 1999//375 2000//446 2101//375
f 2101//375 2000//446 2102//306
f 2000//446 2001//306 2102//306
f 2102//306 2001//306 2103//594
f 2001//306 2002//306 2103//594
f 2103//594 2002//306 2104//309
f 2002//306 2003//308 2104//309
f 2104//309 2003//308 2105//375
f 2003//308 2004//446 2105//375
f 2105//375 2004//446 2106//312
f 2004//446 2005//306 2106//312
f 2106//312 2005//306 2107//308
f 2005//306 2006//375 2107//308
f 2107//308 2006//375 2108//308
f 2006//375 2007//309 2108//308
f 2108//308 2007//309 2109//306
f 2007//309 2008//375 2109//306
f 2109//306 2008//375 2110//498
f 2008//375 2009//312 2110//498
f 2110//498 2009//312 2111//309
f 2009//312 2010//308 2111//309
f 2111//309 2010//308 2112//309
f 2010//308 2011//309 2112//309
f 2112//309 2011//309 2113//308
f 2011//309 2012//309 2113//308
f 2113//308 2012//309 2114//312
f 2012//309 2013//375 2114//312
f 2114//312 2013//375 2115//375
f 2013//375 2014//306 2115//375
f 2115//375 2014//306 2116//309
f 2014//306 2015//307 2116//309
f 2116//309 2015//307 2117//309
f 2015//307 2016//308 2117//309
f 2117//309 2016//308 2118//309
f 2016//308 2017//309 2118//309
f 2118//309 2017//309 2119//309
f 2017//309 2018//309 2119//309
f 2119//309 2018//309 2120//309
f 2018//309 2019//309 2120//309
f 2120//309 2019//309 2121//309
f 2019//309 2020//309 2121//309
f 2121//309 2020//309 2122//309
f 2020//309 2021//309 2122//309
f 2122//309 2021//309 2123//309
f 2021//309 2022//309 2123//309
f 2123//309 2022//309 2124//309
f 2022//309 2023//309 2124//309
f 2124//309 2023//309 2125//309
f 2023//309 2024//309 2125//309
f 2125//309 2024//309 2126//309
f 2024//309 2025//309 2126//309
f 2126//309 2025//309 2127//309
f 2025//309 2026//309 2127//309
f 2127//309 2026//309 2128//309
f 2026//309 2027//309 2128//309
f 2128//309 2027//309 2129//309
f 2027//309 2028//581 2129//309
f 2129//309 2028//581 2130//550
f 2028//581 2029//550 2130//550
f 2130//550 2029//550 2131//581
f 2029//550 2030//309 2131//581
f 2131//581 2030//309 2132//536
f 2030//309 2031//537 2132//536
f 2132//536 2031//537 2133//595
f 2031//537 2032//582 2133//595
f 2133//595 2032//582 2134//550
f 2032//582 2033//581 2134//550
f 2134//550 2033//581 2135//537
f 2033//581 2034//583 2135//537
f 2135//537 2034//583 2136//596
f 2034//583 2035//562 2136//596
f 2136//596 2035//562 2137//573
f 2035//562 2036//584 2138//553
f 2035//562 2138//553 2137//573
f 2036//584 2037//585 2138//553
f 2138//553 2037//585 2139//586
f 2037//585 2038//586 2139//586
f 2139//586 2038//586 2140//597
f 2038//586 2039//527 2140//597
f 2140//597 2039//527 2141//527
f 2039//527 2040//585 2141//527
f 2141//527 2040//585 2142//586
f 2040//585 2041//587 2142//586
f 2142//586 2041//587 2143//598
f 2041//587 2042//539 2144//574
f 2041//587 2144//574 2143//598
f 2042//539 2043//562 2144//574
f 2144//574 2043//562 2145//563
f 2043//562 2044//539 2146//539
f 2043//562 2146//539 2145//563
f 2044//539 2045//540 2147//552
f 2044//539 2147//552 2146//539
f 2045//540 2046//309 2148//553
f 2045//540 2148//553 2147//552
f 2046//309 2047//540 2148//553
f 2148//553 2047//540 2149//599
f 2047//540 2048//540 2150//600
f 2047//540 2150//600 2149//599
f 2048//540 2049//309 2151//540
f 2048//540 2151//540 2150//600
f 2049//309 2050//309 2151//540
f 2151//540 2050//309 2152//309
f 2050//309 2051//542 2152//309
f 2152//309 2051//542 2153//309
f 2051//542 2052//588 2154//554
f 2051//542 2154//554 2153//309
f 2052//588 2053//528 2154//554
f 2154//554 2053//528 2155//573
f 2053//528 2054//309 2156//540
f 2053//528 2156//540 2155//573
f 2054//309 2055//309 2156//540
f 2156//540 2055//309 2157//309
f 2055//309 2056//309 2157//309
f 2157//309 2056//309 2158//309
f 2056//309 2057//309 2158//309
f 2158//309 2057//309 2159//309
f 2057//309 2058//309 2159//309
f 2159//309 2058//309 2160//309
f 2058//309 2059//309 2160//309
f 2160//309 2059//309 2161//309
f 2059//309 2060//576 2161//309
f 2161//309 2060//576 2162//576
f 2060//576 2061//576 2162//576
f 2162//576 2061//576 2163//576
f 2061//576 2062//309 2163//576
f 2163//576 2062//309 2164//309
f 2062//309 2063//309 2164//309
f 2164//309 2063//309 2165//309
f 2063//309 2064//309 2165//309
f 2165//309 2064//309 2166//309
f 2064//309 2065//309 2166//309
f 2166//309 2065//309 2167//309
f 2065//309 2066//309 2167//309
f 2167//309 2066//309 2168//309
f 2066//309 2067//309 2168//309
f 2168//309 2067//309 2169//309
f 2067//309 2068//309 2169//309
f 2169//309 2068//309 2170//543
f 2068//309 2069//308 2170//543
f 2170//543 2069//308 2171//375
f 2069//308 2070//312 2171//375
f 2171//375 2070//312 2172//308
f 2070//312 2071//375 2172//308
f 2172//308 2071//375 2173//309
f 2071//375 2072//309 2173//309
f 2173//309 2072//309 2174//309
f 2072//309 2073//309 2174//309
f 2174//309 2073//309 2175//309
f 2073//309 2074//309 2175//309
f 2175//309 2074//309 2176//309
f 2074//309 2075//309 2176//309
f 2176//309 2075//309 2177//309
f 2075//309 2076//309 2177//309
f 2177//309 2076//309 2178//309
f 2076//309 2077//309 2178//309
f 2178//309 2077//309 2179//309
f 2077//309 2078//309 2179//309
f 2179//309 2078//309 2180//309
f 2078//309 2079//309 2180//309
f 2180//309 2079//309 2181//309
f 2079//309 2080//309 2181//309
f 2181//309 2080//309 2182//309
f 2080//309 2081//309 2182//309
f 2182//309 2081//309 2183//309
f 2081//309 2082//309 2183//309
f 2183//309 2082//309 2184//309
f 2082//309 2083//309 2184//309
f 2184//309 2083//309 2185//309
f 2083//309 2084//309 2185//309
f 2185//309 2084//309 2186//309
f 2084//309 2085//309 2186//309
f 2186//309 2085//309 2187//446
f 2085//309 2086//309 2187//446
f 2187//446 2086//309 2188//502
f 2086//309 2087//309 2188//502
f 2188//502 2087//309 2189//309
f 2087//309 2088//309 2189//309
f 2189//309 2088//309 2190//309
f 2088//309 2089//309 2190//309
f 2190//309 2089//309 2191//446
f 2089//309 2090//309 2191//446
f 2191//446 2090//309 2192//307
f 2090//309 2091//309 2192//307
f 2192//307 2091//309 2193//312
f 2091//309 2092//446 2193//312
f 2193//312 2092//446 2194//306
f 2092//446 2093//306 2194//306
f 2194//306 2093//306 2195//308
f 2093//306 2094//312 2195//308
f 2195//308 2094//312 2196//309
f 2094//312 2095//589 2196//309
f 2196//309 2095//589 2197//601
f 2095//589 2096//590 2197//601
f 2197//601 2096//590 2198//602
f 2097//591 2098//592 2199//603
f 2098//592 2099//593 2200//604
f 2098//592 2200//604 2199//603
f 2099//593 2100//375 2200//604
f 2200//604 2100//375 2201//565
f 2100//375 2101//375 2201//565
f 2201//565 2101//375 2202//535
f 2101//375 2102//306 2202//535
f 2202//535 2102//306 2203//375
f 2102//306 2103//594 2203//375
f 2203//375 2103//594 2204//431
f 2103//594 2104//309 2205//373
f 2103//594 2205//373 2204//431
f 2104//309 2105//375 2205//373
f 2205//373 2105//375 2206//375
f 2105//375 2106//312 2206//375
f 2206//375 2106//312 2207//309
f 2106//312 2107//308 2207//309
f 2207//309 2107//308 2208//375
f 2107//308 2108//308 2208//375
f 2208//375 2108//308 2209//306
f 2108//308 2109//306 2209//306
f 2209//306 2109//306 2210//308
f 2109//306 2110//498 2210//308
f 2210//308 2110//498 2211//309
f 2110//498 2111//309 2211//309
f 2211//309 2111//309 2212//446
f 2111//309 2112//309 2212//446
f 2212//446 2112//309 2213//306
f 2112//309 2113//308 2213//306
f 2213//306 2113//308 2214//306
f 2113//308 2114//312 2214//306
f 2214//306 2114//312 2215//308
f 2114//312 2115//375 2215//308
f 2215//308 2115//375 2216//309
f 2115//375 2116//309 2216//309
f 2216//309 2116//309 2217//309
f 2116//309 2117//309 2217//309
f 2217//309 2117//309 2218//309
f 2117//309 2118//309 2218//309
f 2218//309 2118//309 2219//309
f 2118//309 2119//309 2219//309
f 2219//309 2119//309 2220//309
f 2119//309 2120//309 2220//309
f 2220//309 2120//309 2221//309
f 2120//309 2121//309 2221//309
f 2221//309 2121//309 2222//309
f 2121//309 2122//309 2222//309
f 2222//309 2122//309 2223//309
f 2122//309 2123//309 2223//309
f 2223//309 2123//309 2224//309
f 2123//309 2124//309 2224//309
f 2224//309 2124//309 2225//309
f 2124//309 2125//309 2225//309
f 2225//309 2125//309 2226//309
f 2125//309 2126//309 2226//309
f 2226//309 2126//309 2227//309
f 2126//309 2127//309 2227//309
f 2227//309 2127//309 2228//309
f 2127//309 2128//309 2228//309
f 2228//309 2128//309 2229//526
f 2128//309 2129//309 2229//526
f 2229//526 2129//309 2230//605
f 2129//309 2130//550 2230//605
f 2230//605 2130//550 2231//537
f 2130//550 2131//581 2231//537
f 2231//537 2131//581 2232//309
f 2131//581 2132//536 2232//309
f 2232//309 2132//536 2233//550
f 2132//536 2133//595 2233//550
f 2233//550 2133//595 2234//595
f 2133//595 2134//550 2234//595
f 2234//595 2134//550 2235//550
f 2134//550 2135//537 2235//550
f 2235//550 2135//537 2236//550
f 2135//537 2136//596 2236//550
f 2236//550 2136//596 2237//309
f 2136//596 2137//573 2237//309
f 2237//309 2137//573 2238//309
f 2137//573 2138//553 2239//554
f 2137//573 2239//554 2238//309
f 2138//553 2139//586 2239//554
f 2239//554 2139//586 2240//553
f 2139//586 2140//597 2241//563
f 2139//586 2241//563 2240//553
f 2140//597 2141//527 2241//563
f 2241//563 2141//527 2242//606
f 2141//527 2142//586 2242//606
f 2242//606 2142//586 2243//607
f 2142//586 2143//598 2244//563
f 2142//586 2244//563 2243//607
f 2143//598 2144//574 2244//563
f 2244//563 2144//574 2245//575
f 2144//574 2145//563 2245//575
f 2245//575 2145//563 2246//563
f 2145//563 2146//539 2247//552
f 2145//563 2247//552 2246//563
f 2146//539 2147//552 2247//552
f 2247//552 2147//552 2248//607
f 2147//552 2148//553 2249//552
f 2147//552 2249//552 2248//607
f 2148//553 2149//599 2249//552
f 2249//552 2149//599 2250//607
f 2149//599 2150//600 2251//539
f 2149//599 2251//539 2250//607
f 2150//600 2151//540 2252//552
f 2150//600 2252//552 2251//539
f 2151//540 2152//309 2253//553
f 2151//540 2253//553 2252//552
f 2152//309 2153//309 2253//553
f 2253//553 2153//309 2254//528
f 2153//309 2154//554 2254//528
f 2254//528 2154//554 2255//309
f 2154//554 2155//573 2255//309
f 2255//309 2155//573 2256//309
f 2155//573 2156//540 2257//540
f 2155//573 2257//540 2256//309
f 2156//540 2157//309 2258//540
f 2156//540 2258//540 2257//540
f 2157//309 2158//309 2258//540
f 2258//540 2158//309 2259//309
f 2158//309 2159//309 2259//309
f 2259//309 2159//309 2260//309
f 2159//309 2160//309 2260//309
f 2260//309 2160//309 2261//309
f 2160//309 2161//309 2261//309
f 2261//309 2161//309 2262//309
f 2161//309 2162//576 2262//309
f 2262//309 2162//576 2263//542
f 2162//576 2163//576 2263//542
f 2263//542 2163//576 2264//541
f 2163//576 2164//309 2264//541
f 2264//541 2164//309 2265//309
f 2164//309 2165//309 2265//309
f 2265//309 2165//309 2266//309
f 2165//309 2166//309 2266//309
f 2266//309 2166//309 2267//309
f 2166//309 2167//309 2267//309
f 2267//309 2167//309 2268//309
f 2167//309 2168//309 2268//309
f 2268//309 2168//309 2269//309
f 2168//309 2169//309 2269//309
f 2269//309 2169//309 2270//309
f 2169//309 2170//543 2270//309
f 2270//309 2170//543 2271//576
f 2170//543 2171//375 2271//576
f 2271//576 2171//375 2272//576
f 2171//375 2172//308 2272//576
f 2272//576 2172//308 2273//309
f 2172//308 2173//309 2273//309
f 2273//309 2173//309 2274//309
f 2173//309 2174//309 2274//309
f 2274//309 2174//309 2275//309
f 2174//309 2175//309 2275//309
f 2275//309 2175//309 2276//309
f 2175//309 2176//309 2276//309
f 2276//309 2176//309 2277//309
f 2176//309 2177//309 2277//309
f 2277//309 2177//309 2278//309
f 2177//309 2178//309 2278//309
f 2278//309 2178//309 2279//309
f 2178//309 2179//309 2279//309
f 2279//309 2179//309 2280//309
f 2179//309 2180//309 2280//309
f 2280//309 2180//309 2281//309
f 2180//309 2181//309 2281//309
f 2281//309 2181//309 2282//309
f 2181//309 2182//309 2282//309
f 2282//309 2182//309 2283//309
f 2182//309 2183//309 2283//309
f 2283//309 2183//309 2284//446
f 2183//309 2184//309 2284//446
f 2284//446 2184//309 2285//307
f 2184//309 2185//309 2285//307
f 2285//307 2185//309 2286//307
f 2185//309 2186//309 2286//307
f 2286//307 2186//309 2287//306
f 2186//309 2187//446 2287//306
f 2287//306 2187//446 2288//306
f 2187//446 2188//502 2288//306
f 2288//306 2188//502 2289//313
f 2188//502 2189//309 2290//474
f 2188//502 2290//474 2289//313
f 2189//309 2190//309 2290//474
f 2290//474 2190//309 2291//306
f 2190//309 2191//446 2291//306
f 2291//306 2191//446 2292//306
f 2191//446 2192//307 2292//306
f 2292//306 2192//307 2293//307
f 2192//307 2193//312 2293//307
f 2293//307 2193//312 2294//308
f 2193//312 2194//306 2294//308
f 2294//308 2194//306 2295//309
f 2194//306 2195//308 2295//309
f 2295//309 2195//308 2296//309
f 2195//308 2196//309 2296//309
f 2296//309 2196//309 2297//309
f 2196//309 2197//601 2297//309
f 2297//309 2197//601 2298//601
f 2197//601 2198//602 2298//601
f 2298//601 2198//602 2299//608
f 2300//609 2199//603 2301//610
f 2199//603 2200//604 2301//610
f 2301//610 2200//604 2302//446
f 2200//604 2201//565 2302//446
f 2302//446 2201//565 2303//375
f 2201//565 2202//535 2303//375
f 2303//375 2202//535 2304//535
f 2202//535 2203//375 2304//535
f 2304//535 2203//375 2305//535
f 2203//375 2204//431 2305//535
f 2305//535 2204//431 2306//309
f 2204//431 2205//373 2307//475
f 2204//431 2307//475 2306//309
f 2205//373 2206//375 2307//475
f 2307//475 2206//375 2308//309
f 2206//375 2207//309 2308//309
f 2308//309 2207//309 2309//375
f 2207//309 2208//375 2309//375
f 2309//375 2208//375 2310//375
f 2208//375 2209//306 2310//375
f 2310//375 2209//306 2311//309
f 2209//306 2210//308 2311//309
f 2311//309 2210//308 2312//308
f 2210//308 2211//309 2312//308
f 2312//308 2211//309 2313//312
f 2211//309 2212//446 2313//312
f 2313//312 2212//446 2314//312
f 2212//446 2213//306 2314//312
f 2314//312 2213//306 2315//308
f 2213//306 2214//306 2315//308
f 2315//308 2214//306 2316//309
f 2214//306 2215//308 2316//309
f 2316//309 2215//308 2317//309
f 2215//308 2216//309 2317//309
f 2317//309 2216//309 2318//309
f 2216//309 2217//309 2318//309
f 2318//309 2217//309 2319//309
f 2217//309 2218//309 2319//309
f 2319//309 2218//309 2320//446
f 2218//309 2219//309 2320//446
f 2320//446 2219//309 2321//307
f 2219//309 2220//309 2321//307
f 2321//307 2220//309 2322//307
f 2220//309 2221//309 2322//307
f 2322//307 2221//309 2323//502
f 2221//309 2222//309 2323//502
f 2323//502 2222//309 2324//309
f 2222//309 2223//309 2324//309
f 2324//309 2223//309 2325//309
f 2223//309 2224//309 2325//309
f 2325//309 2224//309 2326//309
f 2224//309 2225//309 2326//309
f 2326//309 2225//309 2327//309
f 2225//309 2226//309 2327//309
f 2327//309 2226//309 2328//309
f 2226//309 2227//309 2328//309
f 2328//309 2227//309 2329//309
f 2227//309 2228//309 2329//309
f 2329//309 2228//309 2330//581
f 2228//309 2229//526 2330//581
f 2330//581 2229//526 2331//537
f 2229//526 2230//605 2331//537
f 2331//537 2230//605 2332//611
f 2230//605 2231//537 2332//611
f 2332//611 2231//537 2333//309
f 2231//537 2232//309 2333//309
f 2333//309 2232//309 2334//537
f 2232//309 2233//550 2334//537
f 2334//537 2233//550 2335//572
f 2233//550 2234//595 2335//572
f 2335//572 2234//595 2336//549
f 2234//595 2235//550 2336//549
f 2336//549 2235//550 2337//560
f 2235//550 2236//550 2337//560
f 2337//560 2236//550 2338//560
f 2236//550 2237//309 2338//560
f 2338//560 2237//309 2339//309
f 2237//309 2238//309 2339//309
f 2339//309 2238//309 2340//526
f 2238//309 2239//554 2340//526
f 2340//526 2239//554 2341//527
f 2239//554 2240//553 2341//527
f 2341//527 2240//553 2342//584
f 2240//553 2241//563 2343//562
f 2240//553 2343//562 2342//584
f 2241//563 2242//606 2343//562
f 2343//562 2242//606 2344//539
f 2242//606 2243//607 2345//539
f 2242//606 2345//539 2344//539
f 2243//607 2244//563 2346//574
f 2243//607 2346//574 2345//539
f 2244//563 2245//575 2346//574
f 2346//574 2245//575 2347//606
f 2245//575 2246//563 2347//606
f 2347//606 2246//563 2348//539
f 2246//563 2247//552 2349//612
f 2246//563 2349//612 2348//539
f 2247//552 2248//607 2350//539
f 2247//552 2350//539 2349//612
f 2248//607 2249//552 2351//552
f 2248//607 2351//552 2350//539
f 2249//552 2250//607 2352//539
f 2249//552 2352//539 2351//552
f 2250//607 2251//539 2353//562
f 2250//607 2353//562 2352//539
f 2251//539 2252//552 2353//562
f 2353//562 2252//552 2354//539
f 2252//552 2253//553 2355//552
f 2252//552 2355//552 2354//539
f 2253//553 2254//528 2355//552
f 2355//552 2254//528 2356//539
f 2254//528 2255//309 2357//553
f 2254//528 2357//553 2356//539
f 2255//309 2256//309 2357//553
f 2357//553 2256//309 2358//528
f 2256//309 2257//540 2358//528
f 2358//528 2257//540 2359//309
f 2257//540 2258//540 2360//540
f 2257//540 2360//540 2359//309
f 2258//540 2259//309 2361//553
f 2258//540 2361//553 2360//540
f 2259//309 2260//309 2361//553
f 2361//553 2260//309 2362//528
f 2260//309 2261//309 2362//528
f 2362//528 2261//309 2363//309
f 2261//309 2262//309 2363//309
f 2363//309 2262//309 2364//309
f 2262//309 2263//542 2364//309
f 2364//309 2263//542 2365//309
f 2263//542 2264//541 2366//540
f 2263//542 2366//540 2365//309
f 2264//541 2265//309 2367//540
f 2264//541 2367//540 2366//540
f 2265//309 2266//309 2367//540
f 2367//540 2266//309 2368//309
f 2266//309 2267//309 2368//309
f 2368//309 2267//309 2369//309
f 2267//309 2268//309 2369//309
f 2369//309 2268//309 2370//309
f 2268//309 2269//309 2370//309
f 2370//309 2269//309 2371//309
f 2269//309 2270//309 2371//309
f 2371//309 2270//309 2372//309
f 2270//309 2271//576 2372//309
f 2372//309 2271//576 2373//613
f 2271//576 2272//576 2373//613
f 2373//613 2272//576 2374//541
f 2272//576 2273//309 2374//541
f 2374//541 2273//309 2375//309
f 2273//309 2274//309 2375//309
f 2375//309 2274//309 2376//309
f 2274//309 2275//309 2376//309
f 2376//309 2275//309 2377//309
f 2275//309 2276//309 2377//309
f 2377//309 2276//309 2378//309
f 2276//309 2277//309 2378//309
f 2378//309 2277//309 2379//309
f 2277//309 2278//309 2379//309
f 2379//309 2278//309 2380//309
f 2278//309 2279//309 2380//309
f 2380//309 2279//309 2381//309
f 2279//309 2280//309 2381//309
f 2381//309 2280//309 2382//309
f 2280//309 2281//309 2382//309
f 2382//309 2281//309 2383//309
f 2281//309 2282//309 2383//309
f 2383//309 2282//309 2384//309
f 2282//309 2283//309 2384//309
f 2384//309 2283//309 2385//498
f 2283//309 2284//446 2385//498
f 2385//498 2284//446 2386//306
f 2284//446 2285//307 2386//306
f 2386//306 2285//307 2387//307
f 2285//307 2286//307 2387//307
f 2387//307 2286//307 2388//307
f 2286//307 2287//306 2388//307
f 2388//307 2287//306 2389//308
f 2287//306 2288//306 2389//308
f 2389//308 2288//306 2390//309
f 2288//306 2289//313 2390//309
f 2390//309 2289//313 2391//309
f 2289//313 2290//474 2392//500
f 2289//313 2392//500 2391//309
f 2290//474 2291//306 2392//500
f 2392//500 2291//306 2393//308
f 2291//306 2292//306 2393//308
f 2393//308 2292//306 2394//309
f 2292//306 2293//307 2394//309
f 2394//309 2293//307 2395//309
f 2293//307 2294//308 2395//309
f 2395//309 2294//308 2396//309
f 2294//308 2295//309 2396//309
f 2396//309 2295//309 2397//309
f 2295//309 2296//309 2397//309
f 2397//309 2296//309 2398//309
f 2296//309 2297//309 2398//309
f 2398//309 2297//309 2399//309
f 2297//309 2298//601 2399//309
f 2399//309 2298//601 2400//614
f 2298//601 2299//608 2400//614
f 2400//614 2299//608 2401//615
f 2300//609 2301//610 2402//616
f 2402//616 2301//610 2403//617
f 2301//610 2302//446 2403//617
f 2403//617 2302//446 2404//375
f 2302//446 2303//375 2404//375
f 2404//375 2303//375 2405//308
f 2303//375 2304//535 2405//308
f 2405//308 2304//535 2406//535
f 2304//535 2305//535 2406//535
f 2406//535 2305//535 2407//565
f 2305//535 2306//309 2407//565
f 2407//565 2306//309 2408//309
f 2306//309 2307//475 2408//309
f 2408//309 2307//475 2409//309
f 2307//475 2308//309 2409//309
f 2409//309 2308//309 2410//375
f 2308//309 2309//375 2410//375
f 2410//375 2309//375 2411//498
f 2309//375 2310//375 2411//498
f 2411//498 2310//375 2412//309
f 2310//375 2311//309 2412//309
f 2412//309 2311//309 2413//565
f 2311//309 2312//308 2413//565
f 2413//565 2312//308 2414//375
f 2312//308 2313//312 2414//375
f 2414//375 2313//312 2415//308
f 2313//312 2314//312 2415//308
f 2415//308 2314//312 2416//309
f 2314//312 2315//308 2416//309
f 2416//309 2315//308 2417//309
f 2315//308 2316//309 2417//309
f 2417//309 2316//309 2418//309
f 2316//309 2317//309 2418//309
f 2418//309 2317//309 2419//446
f 2317//309 2318//309 2419//446
f 2419//446 2318//309 2420//307
f 2318//309 2319//309 2420//307
f 2420//307 2319//309 2421//312
f 2319//309 2320//446 2421//312
f 2421//312 2320//446 2422//306
f 2320//446 2321//307 2422//306
f 2422//306 2321//307 2423//307
f 2321//307 2322//307 2423//307
f 2423//307 2322//307 2424//307
f 2322//307 2323//502 2424//307
f 2424//307 2323//502 2425//618
f 2323//502 2324//309 2426//619
f 2323//502 2426//619 2425//618
f 2324//309 2325//309 2426//619
f 2426//619 2325//309 2427//309
f 2325//309 2326//309 2427//309
f 2427//309 2326//309 2428//309
f 2326//309 2327//309 2428//309
f 2428//309 2327//309 2429//309
f 2327//309 2328//309 2429//309
f 2429//309 2328//309 2430//309
f 2328//309 2329//309 2430//309
f 2430//309 2329//309 2431//526
f 2329//309 2330//581 2431//526
f 2431//526 2330//581 2432//537
f 2330//581 2331//537 2432//537
f 2432//537 2331//537 2433//581
f 2331//537 2332//611 2433//581
f 2433//581 2332//611 2434//309
f 2332//611 2333//309 2434//309
f 2434//309 2333//309 2435//537
f 2333//309 2334//537 2435//537
f 2435//537 2334//537 2436//537
f 2334//537 2335//572 2436//537
f 2436//537 2335//572 2437//550
f 2335//572 2336//549 2437//550
f 2437//550 2336//549 2438//581
f 2336//549 2337//560 2438//581
f 2438//581 2337//560 2439//550
f 2337//560 2338//560 2439//550
f 2439//550 2338//560 2440//581
f 2338//560 2339//309 2440//581
f 2440//581 2339//309 2441//537
f 2339//309 2340//526 2441//537
f 2441//537 2340//526 2442//605
f 2340//526 2341//527 2442//605
f 2442//605 2341//527 2443//527
f 2341//527 2342//584 2443//527
f 2443//527 2342//584 2444//620
f 2342//584 2343//562 2444//620
f 2444//620 2343//562 2445//563
f 2343//562 2344//539 2446//539
f 2343//562 2446//539 2445//563
f 2344//539 2345//539 2447//574
f 2344//539 2447//574 2446//539
f 2345//539 2346//574 2447//574
f 2447//574 2346//574 2448//575
f 2346//574 2347//606 2448//575
f 2448//575 2347//606 2449//563
f 2347//606 2348//539 2450//539
f 2347//606 2450//539 2449//563
f 2348//539 2349//612 2451//552
f 2348//539 2451//552 2450//539
f 2349//612 2350//539 2452//552
f 2349//612 2452//552 2451//552
f 2350//539 2351//552 2452//552
f 2452//552 2351//552 2453//607
f 2351//552 2352//539 2454//563
f 2351//552 2454//563 2453//607
f 2352//539 2353//562 2454//563
f 2454//563 2353//562 2455//563
f 2353//562 2354//539 2456//539
f 2353//562 2456//539 2455//563
f 2354//539 2355//552 2457//552
f 2354//539 2457//552 2456//539
f 2355//552 2356//539 2458//539
f 2355//552 2458//539 2457//552
f 2356//539 2357//553 2459//574
f 2356//539 2459//574 2458//539
f 2357//553 2358//528 2459//574
f 2459//574 2358//528 2460//563
f 2358//528 2359//309 2461//553
f 2358//528 2461//553 2460//563
f 2359//309 2360//540 2461//553
f 2461//553 2360//540 2462//584
f 2360//540 2361//553 2463//562
f 2360//540 2463//562 2462//584
f 2361//553 2362//528 2463//562
f 2463//562 2362//528 2464//539
f 2362//528 2363//309 2465//553
f 2362//528 2465//553 2464//539
f 2363//309 2364//309 2465//553
f 2465//553 2364//309 2466//528
f 2364//309 2365//309 2466//528
f 2466//528 2365//309 2467//309
f 2365//309 2366//540 2467//309
f 2467//309 2366//540 2468//309
f 2366//540 2367//540 2469//540
f 2366//540 2469//540 2468//309
f 2367//540 2368//309 2470//540
f 2367//540 2470//540 2469//540
f 2368//309 2369//309 2470//540
f 2470//540 2369//309 2471//309
f 2369//309 2370//309 2471//309
f 2471//309 2370//309 2472//309
f 2370//309 2371//309 2472//309
f 2472//309 2371//309 2473//309
f 2371//309 2372//309 2473//309
f 2473//309 2372//309 2474//309
f 2372//309 2373//613 2474//309
f 2474//309 2373//613 2475//309
f 2373//613 2374//541 2476//540
f 2373//613 2476//540 2475//309
f 2374//541 2375//309 2477//540
f 2374//541 2477//540 2476//540
f 2375//309 2376//309 2477//540
f 2477//540 2376//309 2478//309
f 2376//309 2377//309 2478//309
f 2478//309 2377//309 2479//309
f 2377//309 2378//309 2479//309
f 2479//309 2378//309 2480//309
f 2378//309 2379//309 2480//309
f 2480//309 2379//309 2481//309
f 2379//309 2380//309 2481//309
f 2481//309 2380//309 2482//309
f 2380//309 2381//309 2482//309
f 2482//309 2381//309 2483//309
f 2381//309 2382//309 2483//309
f 2483//309 2382//309 2484//309
f 2382//309 2383//309 2484//309
f 2484//309 2383//309 2485//309
f 2383//309 2384//309 2485//309
f 2485//309 2384//309 2486//565
f 2384//309 2385//498 2486//565
f 2486//565 2385//498 2487//535
f 2385//498 2386//306 2487//535
f 2487//535 2386//306 2488//309
f 2386//306 2387//307 2488//309
f 2488//309 2387//307 2489//309
f 2387//307 2388//307 2489//309
f 2489//309 2388//307 2490//309
f 2388//307 2389//308 2490//309
f 2490//309 2389//308 2491//309
f 2389//308 2390//309 2491//309
f 2491//309 2390//309 2492//309
f 2390//309 2391//309 2492//309
f 2492//309 2391//309 2493//309
f 2391//309 2392//500 2493//309
f 2493//309 2392//500 2494//309
f 2392//500 2393//308 2494//309
f 2494//309 2393//308 2495//309
f 2393//308 2394//309 2495//309
f 2495//309 2394//309 2496//309
f 2394//309 2395//309 2496//309
f 2496//309 2395//309 2497//309
f 2395//309 2396//309 2497//309
f 2497//309 2396//309 2498//309
f 2396//309 2397//309 2498//309
f 2498//309 2397//309 2499//309
f 2397//309 2398//309 2499//309
f 2499//309 2398//309 2500//309
f 2398//309 2399//309 2500//309
f 2500//309 2399//309 2501//309
f 2399//309 2400//614 2501//309
f 2501//309 2400//614 2502//309
f 2400//614 2401//615 2503//621
f 2400//614 2503//621 2502//309
f 2401//615 2504//622 2503//621
f 2402//616 2403//617 2505//623
f 2505//623 2403//617 2506//624
f 2403//617 2404//375 2506//624
f 2506//624 2404//375 2507//576
f 2404//375 2405//308 2507//576
f 2507//576 2405//308 2508//375
f 2405//308 2406//535 2508//375
f 2508//375 2406//535 2509//375
f 2406//535 2407//565 2509//375
f 2509//375 2407//565 2510//309
f 2407//565 2408//309 2510//309
f 2510//309 2408//309 2511//309
f 2408//309 2409//309 2511//309
f 2511//309 2409//309 2512//375
f 2409//309 2410//375 2512//375
f 2512//375 2410//375 2513//375
f 2410//375 2411//498 2513//375
f 2513//375 2411//498 2514//309
f 2411//498 2412//309 2514//309
f 2514//309 2412//309 2515//309
f 2412//309 2413//565 2515//309
f 2515//309 2413//565 2516//625
f 2413//565 2414//375 2516//625
f 2516//625 2414//375 2517//543
f 2414//375 2415//308 2517//543
f 2517//543 2415//308 2518//309
f 2415//308 2416//309 2518//309
f 2518//309 2416//309 2519//309
f 2416//309 2417//309 2519//309
f 2519//309 2417//309 2520//309
f 2417//309 2418//309 2520//309
f 2520//309 2418//309 2521//375
f 2418//309 2419//446 2521//375
f 2521//375 2419//446 2522//306
f 2419//446 2420//307 2522//306
f 2522//306 2420//307 2523//307
f 2420//307 2421//312 2523//307
f 2523//307 2421//312 2524//308
f 2421//312 2422//306 2524//308
f 2524//308 2422//306 2525//309
f 2422//306 2423//307 2525//309
f 2525//309 2423//307 2526//309
f 2423//307 2424//307 2526//309
f 2526//309 2424//307 2527//581
f 2424//307 2425//618 2527//581
f 2527//581 2425//618 2528//550
f 2425//618 2426//619 2528//550
f 2528//550 2426//619 2529//309
f 2426//619 2427//309 2529//309
f 2529//309 2427//309 2530//309
f 2427//309 2428//309 2530//309
f 2530//309 2428//309 2531//309
f 2428//309 2429//309 2531//309
f 2531//309 2429//309 2532//309
f 2429//309 2430//309 2532//309
f 2532//309 2430//309 2533//581
f 2430//309 2431//526 2533//581
f 2533//581 2431//526 2534//537
f 2431//526 2432//537 2534//537
f 2534//537 2432//537 2535//526
f 2432//537 2433//581 2535//526
f 2535//526 2433//581 2536//309
f 2433//581 2434//309 2536//309
f 2536//309 2434//309 2537//537
f 2434//309 2435//537 2537//537
f 2537//537 2435//537 2538//537
f 2435//537 2436//537 2538//537
f 2538//537 2436//537 2539//537
f 2436//537 2437//550 2539//537
f 2539//537 2437//550 2540//537
f 2437//550 2438//581 2540//537
f 2540//537 2438//581 2541//537
f 2438//581 2439//550 2541//537
f 2541//537 2439//550 2542//537
f 2439//550 2440//581 2542//537
f 2542//537 2440//581 2543//536
f 2440//581 2441//537 2543//536
f 2543//536 2441//537 2544//549
f 2441//537 2442//605 2544//549
f 2544//549 2442//605 2545//309
f 2442//605 2443//527 2545//309
f 2545//309 2443//527 2546//570
f 2443//527 2444//620 2546//570
f 2546//570 2444//620 2547//596
f 2444//620 2445//563 2547//596
f 2547//596 2445//563 2548//573
f 2445//563 2446//539 2549//552
f 2445//563 2549//552 2548//573
f 2446//539 2447//574 2549//552
f 2549//552 2447//574 2550//584
f 2447//574 2448//575 2550//584
f 2550//584 2448//575 2551//538
f 2448//575 2449//563 2551//538
f 2551//538 2449//563 2552//607
f 2449//563 2450//539 2553//552
f 2449//563 2553//552 2552//607
f 2450//539 2451//552 2553//552
f 2553//552 2451//552 2554//539
f 2451//552 2452//552 2555//612
f 2451//552 2555//612 2554//539
f 2452//552 2453//607 2556//539
f 2452//552 2556//539 2555//612
f 2453//607 2454//563 2557//562
f 2453//607 2557//562 2556//539
f 2454//563 2455//563 2557//562
f 2557//562 2455//563 2558//539
f 2455//563 2456//539 2559//552
f 2455//563 2559//552 2558//539
f 2456//539 2457//552 2559//552
f 2559//552 2457//552 2560//607
f 2457//552 2458//539 2561//563
f 2457//552 2561//563 2560//607
f 2458//539 2459//574 2561//563
f 2561//563 2459//574 2562//606
f 2459//574 2460//563 2562//606
f 2562//606 2460//563 2563//607
f 2460//563 2461//553 2564//552
f 2460//563 2564//552 2563//607
f 2461//553 2462//584 2564//552
f 2564//552 2462//584 2565//584
f 2462//584 2463//562 2565//584
f 2565//584 2463//562 2566//553
f 2463//562 2464//539 2567//539
f 2463//562 2567//539 2566//553
f 2464//539 2465//553 2568//562
f 2464//539 2568//562 2567//539
f 2465//553 2466//528 2568//562
f 2568//562 2466//528 2569//607
f 2466//528 2467//309 2570//553
f 2466//528 2570//553 2569//607
f 2467//309 2468//309 2570//553
f 2570//553 2468//309 2571//528
f 2468//309 2469//540 2571//528
f 2571//528 2469//540 2572//309
f 2469//540 2470//540 2573//540
f 2469//540 2573//540 2572//309
f 2470//540 2471//309 2574//553
f 2470//540 2574//553 2573//540
f 2471//309 2472//309 2574//553
f 2574//553 2472//309 2575//527
f 2472//309 2473//309 2575//527
f 2575//527 2473//309 2576//528
f 2473//309 2474//309 2576//528
f 2576//528 2474//309 2577//309
f 2474//309 2475//309 2577//309
f 2577//309 2475//309 2578//309
f 2475//309 2476//540 2578//309
f 2578//309 2476//540 2579//309
f 2476//540 2477//540 2580//540
f 2476//540 2580//540 2579//309
f 2477//540 2478//309 2581//540
f 2477//540 2581//540 2580//540
f 2478//309 2479//309 2581//540
f 2581//540 2479//309 2582//309
f 2479//309 2480//309 2582//309
f 2582//309 2480//309 2583//309
f 2480//309 2481//309 2583//309
f 2583//309 2481//309 2584//309
f 2481//309 2482//309 2584//309
f 2584//309 2482//309 2585//309
f 2482//309 2483//309 2585//309
f 2585//309 2483//309 2586//309
f 2483//309 2484//309 2586//309
f 2586//309 2484//309 2587//309
f 2484//309 2485//309 2587//309
f 2587//309 2485//309 2588//309
f 2485//309 2486//565 2588//309
f 2588//309 2486//565 2589//542
f 2486//565 2487//535 2589//542
f 2589//542 2487//535 2590//541
f 2487//535 2488//309 2590//541
f 2590//541 2488//309 2591//309
f 2488//309 2489//309 2591//309
f 2591//309 2489//309 2592//309
f 2489//309 2490//309 2592//309
f 2592//309 2490//309 2593//309
f 2490//309 2491//309 2593//309
f 2593//309 2491//309 2594//309
f 2491//309 2492//309 2594//309
f 2594//309 2492//309 2595//309
f 2492//309 2493//309 2595//309
f 2595//309 2493//309 2596//309
f 2493//309 2494//309 2596//309
f 2596//309 2494//309 2597//309
f 2494//309 2495//309 2597//309
f 2597//309 2495//309 2598//309
f 2495//309 2496//309 2598//309
f 2598//309 2496//309 2599//309
f 2496//309 2497//309 2599//309
f 2599//309 2497//309 2600//309
f 2497//309 2498//309 2600//309
f 2600//309 2498//309 2601//309
f 2498//309 2499//309 2601//309
f 2601//309 2499//309 2602//309
f 2499//309 2500//309 2602//309
f 2602//309 2500//309 2603//309
f 2500//309 2501//309 2603//309
f 2603//309 2501//309 2604//309
f 2501//309 2502//309 2604//309
f 2604//309 2502//309 2605//543
f 2502//309 2503//621 2605//543
f 2605//543 2503//621 2606//626
f 2503//621 2504//622 2607//627
f 2503//621 2607//627 2606//626
f 2505//623 2506//624 2608//628
f 2608//628 2506//624 2609//629
f 2506//624 2507//576 2609//629
f 2609//629 2507//576 2610//630
f 2507//576 2508//375 2610//630
f 2610//630 2508//375 2611//535
f 2508//375 2509//375 2611//535
f 2611//535 2509//375 2612//309
f 2509//375 2510//309 2612//309
f 2612//309 2510//309 2613//308
f 2510//309 2511//309 2613//308
f 2613//308 2511//309 2614//306
f 2511//309 2512//375 2614//306
f 2614//306 2512//375 2615//498
f 2512//375 2513//375 2615//498
f 2615//498 2513//375 2616//309
f 2513//375 2514//309 2616//309
f 2616//309 2514//309 2617//309
f 2514//309 2515//309 2617//309
f 2617//309 2515//309 2618//375
f 2515//309 2516//625 2618//375
f 2618//375 2516//625 2619//375
f 2516//625 2517//543 2619//375
f 2619//375 2517//543 2620//309
f 2517//543 2518//309 2620//309
f 2620//309 2518//309 2621//309
f 2518//309 2519//309 2621//309
f 2621//309 2519//309 2622//309
f 2519//309 2520//309 2622//309
f 2622//309 2520//309 2623//375
f 2520//309 2521//375 2623//375
f 2623//375 2521//375 2624//498
f 2521//375 2522//306 2624//498
f 2624//498 2522//306 2625//309
f 2522//306 2523//307 2625//309
f 2625//309 2523//307 2626//309
f 2523//307 2524//308 2626//309
f 2626//309 2524//308 2627//309
f 2524//308 2525//309 2627//309
f 2627//309 2525//309 2628//309
f 2525//309 2526//309 2628//309
f 2628//309 2526//309 2629//309
f 2526//309 2527//581 2629//309
f 2629//309 2527//581 2630//560
f 2527//581 2528//550 2630//560
f 2630//560 2528//550 2631//560
f 2528//550 2529//309 2631//560
f 2631//560 2529//309 2632//309
f 2529//309 2530//309 2632//309
f 2632//309 2530//309 2633//309
f 2530//309 2531//309 2633//309
f 2633//309 2531//309 2634//309
f 2531//309 2532//309 2634//309
f 2634//309 2532//309 2635//526
f 2532//309 2533//581 2635//526
f 2635//526 2533//581 2636//537
f 2533//581 2534//537 2636//537
f 2636//537 2534//537 2637//581
f 2534//537 2535//526 2637//581
f 2637//581 2535//526 2638//309
f 2535//526 2536//309 2638//309
f 2638//309 2536//309 2639//537
f 2536//309 2537//537 2639//537
f 2639//537 2537//537 2640//537
f 2537//537 2538//537 2640//537
f 2640//537 2538//537 2641//537
f 2538//537 2539//537 2641//537
f 2641//537 2539//537 2642//537
f 2539//537 2540//537 2642//537
f 2642//537 2540//537 2643//536
f 2540//537 2541//537 2643//536
f 2643//536 2541//537 2644//550
f 2541//537 2542//537 2644//550
f 2644//550 2542//537 2645//309
f 2542//537 2543//536 2645//309
f 2645//309 2543//536 2646//549
f 2543//536 2544//549 2646//549
f 2646//549 2544//549 2647//536
f 2544//549 2545//309 2647//536
f 2647//536 2545//309 2648//537
f 2545//309 2546//570 2648//537
f 2648//537 2546//570 2649//537
f 2546//570 2547//596 2649//537
f 2649//537 2547//596 2650//526
f 2547//596 2548//573 2650//526
f 2650//526 2548//573 2651//631
f 2548//573 2549//552 2652//600
f 2548//573 2652//600 2651//631
f 2549//552 2550//584 2653//632
f 2549//552 2653//632 2652//600
f 2550//584 2551//538 2653//632
f 2653//632 2551//538 2654//633
f 2551//538 2552//607 2655//539
f 2551//538 2655//539 2654//633
f 2552//607 2553//552 2656//552
f 2552//607 2656//552 2655//539
f 2553//552 2554//539 2657//539
f 2553//552 2657//539 2656//552
f 2554//539 2555//612 2658//552
f 2554//539 2658//552 2657//539
f 2555//612 2556//539 2659//552
f 2555//612 2659//552 2658//552
f 2556//539 2557//562 2659//552
f 2659//552 2557//562 2660//539
f 2557//562 2558//539 2661//600
f 2557//562 2661//600 2660//539
f 2558//539 2559//552 2662//600
f 2558//539 2662//600 2661//600
f 2559//552 2560//607 2663//600
f 2559//552 2663//600 2662//600
f 2560//607 2561//563 2664//631
f 2560//607 2664//631 2663//600
f 2561//563 2562//606 2664//631
f 2664//631 2562//606 2665//573
f 2562//606 2563//607 2666//600
f 2562//606 2666//600 2665//573
f 2563//607 2564//552 2667//600
f 2563//607 2667//600 2666//600
f 2564//552 2565//584 2668//553
f 2564//552 2668//553 2667//600
f 2565//584 2566//553 2668//553
f 2668//553 2566//553 2669//599
f 2566//553 2567//539 2670//631
f 2566//553 2670//631 2669//599
f 2567//539 2568//562 2670//631
f 2670//631 2568//562 2671//573
f 2568//562 2569//607 2672//600
f 2568//562 2672//600 2671//573
f 2569//607 2570//553 2673//631
f 2569//607 2673//631 2672//600
f 2570//553 2571//528 2673//631
f 2673//631 2571//528 2674//573
f 2571//528 2572//309 2675//540
f 2571//528 2675//540 2674//573
f 2572//309 2573//540 2675//540
f 2675//540 2573//540 2676//309
f 2573//540 2574//553 2677//554
f 2573//540 2677//554 2676//309
f 2574//553 2575//527 2677//554
f 2677//554 2575//527 2678//527
f 2575//527 2576//528 2678//527
f 2678//527 2576//528 2679//573
f 2576//528 2577//309 2680//540
f 2576//528 2680//540 2679//573
f 2577//309 2578//309 2680//540
f 2680//540 2578//309 2681//309
f 2578//309 2579//309 2681//309
f 2681//309 2579//309 2682//309
f 2579//309 2580//540 2682//309
f 2682//309 2580//540 2683//309
f 2580//540 2581//540 2684//555
f 2580//540 2684//555 2683//309
f 2581//540 2582//309 2685//634
f 2581//540 2685//634 2684//555
f 2582//309 2583//309 2685//634
f 2685//634 2583//309 2686//309
f 2583//309 2584//309 2686//309
f 2686//309 2584//309 2687//309
f 2584//309 2585//309 2687//309
f 2687//309 2585//309 2688//309
f 2585//309 2586//309 2688//309
f 2688//309 2586//309 2689//309
f 2586//309 2587//309 2689//309
f 2689//309 2587//309 2690//309
f 2587//309 2588//309 2690//309
f 2690//309 2588//309 2691//309
f 2588//309 2589//542 2691//309
f 2691//309 2589//542 2692//309
f 2589//542 2590//541 2693//555
f 2589//542 2693//555 2692//309
f 2590//541 2591//309 2694//634
f 2590//541 2694//634 2693//555
f 2591//309 2592//309 2694//634
f 2694//634 2592//309 2695//309
f 2592//309 2593//309 2695//309
f 2695//309 2593//309 2696//309
f 2593//309 2594//309 2696//309
f 2696//309 2594//309 2697//309
f 2594//309 2595//309 2697//309
f 2697//309 2595//309 2698//309
f 2595//309 2596//309 2698//309
f 2698//309 2596//309 2699//309
f 2596//309 2597//309 2699//309
f 2699//309 2597//309 2700//309
f 2597//309 2598//309 2700//309
f 2700//309 2598//309 2701//309
f 2598//309 2599//309 2701//309
f 2701//309 2599//309 2702//309
f 2599//309 2600//309 2702//309
f 2702//309 2600//309 2703//309
f 2600//309 2601//309 2703//309
f 2703//309 2601//309 2704//309
f 2601//309 2602//309 2704//309
f 2704//309 2602//309 2705//309
f 2602//309 2603//309 2705//309
f 2705//309 2603//309 2706//309
f 2603//309 2604//309 2706//309
f 2706//309 2604//309 2707//309
f 2604//309 2605//543 2707//309
f 2707//309 2605//543 2708//576
f 2605//543 2606//626 2708//576
f 2708//576 2606//626 2709//635
f 2606//626 2607//627 2709//635
f 2709//635 2607//627 2710//636
f 2608//628 2609//629 2711//637
f 2609//629 2610//630 2712//638
f 2609//629 2712//638 2711//637
f 2610//630 2611//535 2712//638
f 2712//638 2611//535 2713//576
f 2611//535 2612//309 2713//576
f 2713//576 2612//309 2714//498
f 2612//309 2613//308 2714//498
f 2714//498 2613//308 2715//312
f 2613//308 2614//306 2715//312
f 2715//312 2614//306 2716//308
f 2614//306 2615//498 2716//308
f 2716//308 2615//498 2717//309
f 2615//498 2616//309 2717//309
f 2717//309 2616//309 2718//446
f 2616//309 2617//309 2718//446
f 2718//446 2617//309 2719//306
f 2617//309 2618//375 2719//306
f 2719//306 2618//375 2720//375
f 2618//375 2619//375 2720//375
f 2720//375 2619//375 2721//309
f 2619//375 2620//309 2721//309
f 2721//309 2620//309 2722//309
f 2620//309 2621//309 2722//309
f 2722//309 2621//309 2723//309
f 2621//309 2622//309 2723//309
f 2723//309 2622//309 2724//375
f 2622//309 2623//375 2724//375
f 2724//375 2623//375 2725//375
f 2623//375 2624//498 2725//375
f 2725//375 2624//498 2726//309
f 2624//498 2625//309 2726//309
f 2726//309 2625//309 2727//309
f 2625//309 2626//309 2727//309
f 2727//309 2626//309 2728//309
f 2626//309 2627//309 2728//309
f 2728//309 2627//309 2729//309
f 2627//309 2628//309 2729//309
f 2729//309 2628//309 2730//309
f 2628//309 2629//309 2730//309
f 2730//309 2629//309 2731//309
f 2629//309 2630//560 2731//309
f 2731//309 2630//560 2732//550
f 2630//560 2631//560 2732//550
f 2732//550 2631//560 2733//581
f 2631//560 2632//309 2733//581
f 2733//581 2632//309 2734//309
f 2632//309 2633//309 2734//309
f 2734//309 2633//309 2735//309
f 2633//309 2634//309 2735//309
f 2735//309 2634//309 2736//581
f 2634//309 2635//526 2736//581
f 2736//581 2635//526 2737//537
f 2635//526 2636//537 2737//537
f 2737//537 2636//537 2738//526
f 2636//537 2637//581 2738//526
f 2738//526 2637//581 2739//639
f 2637//581 2638//309 2739//639
f 2739//639 2638//309 2740//640
f 2638//309 2639//537 2740//640
f 2740//640 2639//537 2741//549
f 2639//537 2640//537 2741//549
f 2741//549 2640//537 2742//536
f 2640//537 2641//537 2742//536
f 2742//536 2641//537 2743//549
f 2641//537 2642//537 2743//549
f 2743//549 2642//537 2744//309
f 2642//537 2643//536 2744//309
f 2744//309 2643//536 2745//560
f 2643//536 2644//550 2745//560
f 2745//560 2644//550 2746//560
f 2644//550 2645//309 2746//560
f 2746//560 2645//309 2747//537
f 2645//309 2646//549 2747//537
f 2747//537 2646//549 2748//570
f 2646//549 2647//536 2748//570
f 2748//570 2647//536 2749//536
f 2647//536 2648//537 2749//536
f 2749//536 2648//537 2750//549
f 2648//537 2649//537 2750//549
f 2750//549 2649//537 2751//537
f 2649//537 2650//526 2751//537
f 2751//537 2650//526 2752//596
f 2650//526 2651//631 2752//596
f 2752//596 2651//631 2753//573
f 2651//631 2652//600 2754//539
f 2651//631 2754//539 2753//573
f 2652//600 2653//632 2755//538
f 2652//600 2755//538 2754//539
f 2653//632 2654//633 2755//538
f 2755//538 2654//633 2756//564
f 2654//633 2655//539 2757//562
f 2654//633 2757//562 2756//564
f 2655//539 2656//552 2757//562
f 2757//562 2656//552 2758//607
f 2656//552 2657//539 2759//552
f 2656//552 2759//552 2758//607
f 2657//539 2658//552 2759//552
f 2759//552 2658//552 2760//607
f 2658//552 2659//552 2761//612
f 2658//552 2761//612 2760//607
f 2659//552 2660//539 2762//598
f 2659//552 2762//598 2761//612
f 2660//539 2661//600 2763//600
f 2660//539 2763//600 2762//598
f 2661//600 2662//600 2764//539
f 2661//600 2764//539 2763//600
f 2662//600 2663//600 2765//552
f 2662//600 2765//552 2764//539
f 2663//600 2664//631 2766//553
f 2663//600 2766//553 2765//552
f 2664//631 2665//573 2766//553
f 2766//553 2665//573 2767//641
f 2665//573 2666//600 2768//598
f 2665//573 2768//598 2767//641
f 2666//600 2667//600 2769//539
f 2666//600 2769//539 2768//598
f 2667//600 2668//553 2770//562
f 2667//600 2770//562 2769//539
f 2668//553 2669//599 2770//562
f 2770//562 2669//599 2771//607
f 2669//599 2670//631 2772//553
f 2669//599 2772//553 2771//607
f 2670//631 2671//573 2772//553
f 2772//553 2671//573 2773//641
f 2671//573 2672//600 2774//600
f 2671//573 2774//600 2773//641
f 2672//600 2673//631 2775//540
f 2672//600 2775//540 2774//600
f 2673//631 2674//573 2775//540
f 2775//540 2674//573 2776//309
f 2674//573 2675//540 2777//540
f 2674//573 2777//540 2776//309
f 2675//540 2676//309 2778//553
f 2675//540 2778//553 2777//540
f 2676//309 2677//554 2778//553
f 2778//553 2677//554 2779//528
f 2677//554 2678//527 2779//528
f 2779//528 2678//527 2780//309
f 2678//527 2679//573 2780//309
f 2780//309 2679//573 2781//309
f 2679//573 2680//540 2782//540
f 2679//573 2782//540 2781//309
f 2680//540 2681//309 2783//540
f 2680//540 2783//540 2782//540
f 2681//309 2682//309 2783//540
f 2783//540 2682//309 2784//309
f 2682//309 2683//309 2784//309
f 2784//309 2683//309 2785//309
f 2683//309 2684//555 2785//309
f 2785//309 2684//555 2786//542
f 2684//555 2685//634 2786//542
f 2786//542 2685//634 2787//588
f 2685//634 2686//309 2787//588
f 2787//588 2686//309 2788//528
f 2686//309 2687//309 2788//528
f 2788//528 2687//309 2789//309
f 2687//309 2688//309 2789//309
f 2789//309 2688//309 2790//309
f 2688//309 2689//309 2790//309
f 2790//309 2689//309 2791//309
f 2689//309 2690//309 2791//309
f 2791//309 2690//309 2792//309
f 2690//309 2691//309 2792//309
f 2792//309 2691//309 2793//309
f 2691//309 2692//309 2793//309
f 2793//309 2692//309 2794//309
f 2692//309 2693//555 2794//309
f 2794//309 2693//555 2795//542
f 2693//555 2694//634 2795//542
f 2795//542 2694//634 2796//541
f 2694//634 2695//309 2796//541
f 2796//541 2695//309 2797//309
f 2695//309 2696//309 2797//309
f 2797//309 2696//309 2798//309
f 2696//309 2697//309 2798//309
f 2798//309 2697//309 2799//309
f 2697//309 2698//309 2799//309
f 2799//309 2698//309 2800//309
f 2698//309 2699//309 2800//309
f 2800//309 2699//309 2801//309
f 2699//309 2700//309 2801//309
f 2801//309 2700//309 2802//309
f 2700//309 2701//309 2802//309
f 2802//309 2701//309 2803//309
f 2701//309 2702//309 2803//309
f 2803//309 2702//309 2804//309
f 2702//309 2703//309 2804//309
f 2804//309 2703//309 2805//309
f 2703//309 2704//309 2805//309
f 2805//309 2704//309 2806//309
f 2704//309 2705//309 2806//309
f 2806//309 2705//309 2807//309
f 2705//309 2706//309 2807//309
f 2807//309 2706//309 2808//309
f 2706//309 2707//309 2808//309
f 2808//309 2707//309 2809//309
f 2707//309 2708//576 2809//309
f 2809//309 2708//576 2810//576
f 2708//576 2709//635 2810//576
f 2810//576 2709//635 2811//635
f 2709//635 2710//636 2811//635
f 2811//635 2710//636 2812//642
f 2711//637 2712//638 2813//643
f 2813//643 2712//638 2814//644
f 2712//638 2713//576 2814//644
f 2814//644 2713//576 2815//645
f 2713//576 2714//498 2815//645
f 2815//645 2714//498 2816//625
f 2714//498 2715//312 2816//625
f 2816//625 2715//312 2817//309
f 2715//312 2716//308 2817//309
f 2817//309 2716//308 2818//309
f 2716//308 2717//309 2818//309
f 2818//309 2717//309 2819//543
f 2717//309 2718//446 2819//543
f 2819//543 2718//446 2820//375
f 2718//446 2719//306 2820//375
f 2820//375 2719//306 2821//308
f 2719//306 2720//375 2821//308
f 2821//308 2720//375 2822//309
f 2720//375 2721//309 2822//309
f 2822//309 2721//309 2823//309
f 2721//309 2722//309 2823//309
f 2823//309 2722//309 2824//309
f 2722//309 2723//309 2824//309
f 2824//309 2723//309 2825//375
f 2723//309 2724//375 2825//375
f 2825//375 2724//375 2826//375
f 2724//375 2725//375 2826//375
f 2826//375 2725//375 2827//309
f 2725//375 2726//309 2827//309
f 2827//309 2726//309 2828//309
f 2726//309 2727//309 2828//309
f 2828//309 2727//309 2829//309
f 2727//309 2728//309 2829//309
f 2829//309 2728//309 2830//309
f 2728//309 2729//309 2830//309
f 2830//309 2729//309 2831//309
f 2729//309 2730//309 2831//309
f 2831//309 2730//309 2832//309
f 2730//309 2731//309 2832//309
f 2832//309 2731//309 2833//537
f 2731//309 2732//550 2833//537
f 2833//537 2732//550 2834//537
f 2732//550 2733//581 2834//537
f 2834//537 2733//581 2835//309
f 2733//581 2734//309 2835//309
f 2835//309 2734//309 2836//309
f 2734//309 2735//309 2836//309
f 2836//309 2735//309 2837//526
f 2735//309 2736//581 2837//526
f 2837//526 2736//581 2838//537
f 2736//581 2737//537 2838//537
f 2838//537 2737//537 2839//581
f 2737//537 2738//526 2839//581
f 2839//581 2738//526 2840//536
f 2738//526 2739//639 2840//536
f 2840//536 2739//639 2841//551
f 2739//639 2740//640 2842//646
f 2739//639 2842//646 2841//551
f 2740//640 2741//549 2842//646
f 2842//646 2741//549 2843//536
f 2741//549 2742//536 2843//536
f 2843//536 2742//536 2844//549
f 2742//536 2743//549 2844//549
f 2844//549 2743//549 2845//536
f 2743//549 2744//309 2845//536
f 2845//536 2744//309 2846//309
f 2744//309 2745//560 2846//309
f 2846//309 2745//560 2847//550
f 2745//560 2746//560 2847//550
f 2847//550 2746//560 2848//550
f 2746//560 2747//537 2848//550
f 2848//550 2747//537 2849//550
f 2747//537 2748//570 2849//550
f 2849//550 2748//570 2850//309
f 2748//570 2749//536 2850//309
f 2850//309 2749//536 2851//550
f 2749//536 2750//549 2851//550
f 2851//550 2750//549 2852//550
f 2750//549 2751//537 2852//550
f 2852//550 2751//537 2853//550
f 2751//537 2752//596 2853//550
f 2853//550 2752//596 2854//309
f 2752//596 2753//573 2854//309
f 2854//309 2753//573 2855//309
f 2753//573 2754//539 2856//554
f 2753//573 2856//554 2855//309
f 2754//539 2755//538 2856//554
f 2856//554 2755//538 2857//527
f 2755//538 2756//564 2857//527
f 2857//527 2756//564 2858//527
f 2756//564 2757//562 2858//527
f 2858//527 2757//562 2859//573
f 2757//562 2758//607 2860//539
f 2757//562 2860//539 2859//573
f 2758//607 2759//552 2861//552
f 2758//607 2861//552 2860//539
f 2759//552 2760//607 2862//539
f 2759//552 2862//539 2861//552
f 2760//607 2761//612 2863//552
f 2760//607 2863//552 2862//539
f 2761//612 2762//598 2864//612
f 2761//612 2864//612 2863//552
f 2762//598 2763//600 2865//539
f 2762//598 2865//539 2864//612
f 2763//600 2764//539 2866//562
f 2763//600 2866//562 2865//539
f 2764//539 2765//552 2866//562
f 2866//562 2765//552 2867//539
f 2765//552 2766//553 2868//552
f 2765//552 2868//552 2867//539
f 2766//553 2767//641 2868//552
f 2868//552 2767//641 2869//539
f 2767//641 2768//598 2870//539
f 2767//641 2870//539 2869//539
f 2768//598 2769//539 2871//574
f 2768//598 2871//574 2870//539
f 2769//539 2770//562 2871//574
f 2871//574 2770//562 2872//563
f 2770//562 2771//607 2873//539
f 2770//562 2873//539 2872//563
f 2771//607 2772//553 2874//562
f 2771//607 2874//562 2873//539
f 2772//553 2773//641 2874//562
f 2874//562 2773//641 2875//539
f 2773//641 2774//600 2876//600
f 2773//641 2876//600 2875//539
f 2774//600 2775//540 2877//600
f 2774//600 2877//600 2876//600
f 2775//540 2776//309 2878//553
f 2775//540 2878//553 2877//600
f 2776//309 2777//540 2878//553
f 2878//553 2777//540 2879//599
f 2777//540 2778//553 2880//631
f 2777//540 2880//631 2879//599
f 2778//553 2779//528 2880//631
f 2880//631 2779//528 2881//573
f 2779//528 2780//309 2882//553
f 2779//528 2882//553 2881//573
f 2780//309 2781//309 2882//553
f 2882//553 2781//309 2883//554
f 2781//309 2782//540 2883//554
f 2883//554 2782//540 2884//309
f 2782//540 2783//540 2885//540
f 2782//540 2885//540 2884//309
f 2783//540 2784//309 2886//553
f 2783//540 2886//553 2885//540
f 2784//309 2785//309 2886//553
f 2886//553 2785//309 2887//554
f 2785//309 2786//542 2887//554
f 2887//554 2786//542 2888//309
f 2786//542 2787//588 2889//554
f 2786//542 2889//554 2888//309
f 2787//588 2788//528 2889//554
f 2889//554 2788//528 2890//573
f 2788//528 2789//309 2891//553
f 2788//528 2891//553 2890//573
f 2789//309 2790//309 2891//553
f 2891//553 2790//309 2892//554
f 2790//309 2791//309 2892//554
f 2892//554 2791//309 2893//309
f 2791//309 2792//309 2893//309
f 2893//309 2792//309 2894//309
f 2792//309 2793//309 2894//309
f 2894//309 2793//309 2895//309
f 2793//309 2794//309 2895//309
f 2895//309 2794//309 2896//309
f 2794//309 2795//542 2896//309
f 2896//309 2795//542 2897//309
f 2795//542 2796//541 2898//540
f 2795//542 2898//540 2897//309
f 2796//541 2797//309 2899//540
f 2796//541 2899//540 2898//540
f 2797//309 2798//309 2899//540
f 2899//540 2798//309 2900//309
f 2798//309 2799//309 2900//309
f 2900//309 2799//309 2901//309
f 2799//309 2800//309 2901//309
f 2901//309 2800//309 2902//309
f 2800//309 2801//309 2902//309
f 2902//309 2801//309 2903//309
f 2801//309 2802//309 2903//309
f 2903//309 2802//309 2904//309
f 2802//309 2803//309 2904//309
f 2904//309 2803//309 2905//309
f 2803//309 2804//309 2905//309
f 2905//309 2804//309 2906//309
f 2804//309 2805//309 2906//309
f 2906//309 2805//309 2907//309
f 2805//309 2806//309 2907//309
f 2907//309 2806//309 2908//309
f 2806//309 2807//309 2908//309
f 2908//309 2807//309 2909//309
f 2807//309 2808//309 2909//309
f 2909//309 2808//309 2910//309
f 2808//309 2809//309 2910//309
f 2910//309 2809//309 2911//308
f 2809//309 2810//576 2911//308
f 2911//308 2810//576 2912//375
f 2810//576 2811//635 2912//375
f 2912//375 2811//635 2913//647
f 2811//635 2812//642 2913//647
f 2913//647 2812//642 2914//636
f 2813//643 2814//644 2915//648
f 2915//648 2814//644 2916//644
f 2814//644 2815//645 2916//644
f 2916//644 2815//645 2917//649
f 2815//645 2816//625 2917//649
f 2917//649 2816//625 2918//543
f 2816//625 2817//309 2918//543
f 2918//543 2817//309 2919//309
f 2817//309 2818//309 2919//309
f 2919//309 2818//309 2920//446
f 2818//309 2819//543 2920//446
f 2920//446 2819//543 2921//375
f 2819//543 2820//375 2921//375
f 2921//375 2820//375 2922//543
f 2820//375 2821//308 2922//543
f 2922//543 2821//308 2923//309
f 2821//308 2822//309 2923//309
f 2923//309 2822//309 2924//309
f 2822//309 2823//309 2924//309
f 2924//309 2823//309 2925//309
f 2823//309 2824//309 2925//309
f 2925//309 2824//309 2926//375
f 2824//309 2825//375 2926//375
f 2926//375 2825//375 2927//498
f 2825//375 2826//375 2927//498
f 2927//498 2826//375 2928//309
f 2826//375 2827//309 2928//309
f 2928//309 2827//309 2929//309
f 2827//309 2828//309 2929//309
f 2929//309 2828//309 2930//309
f 2828//309 2829//309 2930//309
f 2930//309 2829//309 2931//309
f 2829//309 2830//309 2931//309
f 2931//309 2830//309 2932//309
f 2830//309 2831//309 2932//309
f 2932//309 2831//309 2933//309
f 2831//309 2832//309 2933//309
f 2933//309 2832//309 2934//570
f 2832//309 2833//537 2934//570
f 2934//570 2833//537 2935//537
f 2833//537 2834//537 2935//537
f 2935//537 2834//537 2936//309
f 2834//537 2835//309 2936//309
f 2936//309 2835//309 2937//309
f 2835//309 2836//309 2937//309
f 2937//309 2836//309 2938//581
f 2836//309 2837//526 2938//581
f 2938//581 2837//526 2939//537
f 2837//526 2838//537 2939//537
f 2939//537 2838//537 2940//526
f 2838//537 2839//581 2940//526
f 2940//526 2839//581 2941//309
f 2839//581 2840//536 2941//309
f 2941//309 2840//536 2942//550
f 2840//536 2841//551 2942//550
f 2942//550 2841//551 2943//640
f 2841//551 2842//646 2944//639
f 2841//551 2944//639 2943//640
f 2842//646 2843//536 2944//639
f 2944//639 2843//536 2945//570
f 2843//536 2844//549 2945//570
f 2945//570 2844//549 2946//537
f 2844//549 2845//536 2946//537
f 2946//537 2845//536 2947//309
f 2845//536 2846//309 2947//309
f 2947//309 2846//309 2948//537
f 2846//309 2847//550 2948//537
f 2948//537 2847//550 2949//537
f 2847//550 2848//550 2949//537
f 2949//537 2848//550 2950//560
f 2848//550 2849//550 2950//560
f 2950//560 2849//550 2951//560
f 2849//550 2850//309 2951//560
f 2951//560 2850//309 2952//537
f 2850//309 2851//550 2952//537
f 2952//537 2851//550 2953//537
f 2851//550 2852//550 2953//537
f 2953//537 2852//550 2954//560
f 2852//550 2853//550 2954//560
f 2954//560 2853//550 2955//560
f 2853//550 2854//309 2955//560
f 2955//560 2854//309 2956//639
f 2854//309 2855//309 2956//639
f 2956//639 2855//309 2957//309
f 2855//309 2856//554 2957//309
f 2957//309 2856//554 2958//526
f 2856//554 2857//527 2958//526
f 2958//526 2857//527 2959//527
f 2857//527 2858//527 2959//527
f 2959//527 2858//527 2960//527
f 2858//527 2859//573 2960//527
f 2960//527 2859//573 2961//584
f 2859//573 2860//539 2962//562
f 2859//573 2962//562 2961//584
f 2860//539 2861//552 2962//562
f 2962//562 2861//552 2963//607
f 2861//552 2862//539 2964//552
f 2861//552 2964//552 2963//607
f 2862//539 2863//552 2964//552
f 2964//552 2863//552 2965//607
f 2863//552 2864//612 2966//612
f 2863//552 2966//612 2965//607
f 2864//612 2865//539 2967//563
f 2864//612 2967//563 2966//612
f 2865//539 2866//562 2967//563
f 2967//563 2866//562 2968//563
f 2866//562 2867//539 2969//600
f 2866//562 2969//600 2968//563
f 2867//539 2868//552 2970//600
f 2867//539 2970//600 2969//600
f 2868//552 2869//539 2971//539
f 2868//552 2971//539 2970//600
f 2869//539 2870//539 2972//574
f 2869//539 2972//574 2971//539
f 2870//539 2871//574 2972//574
f 2972//574 2871//574 2973//606
f 2871//574 2872//563 2973//606
f 2973//606 2872//563 2974//600
f 2872//563 2873//539 2975//586
f 2872//563 2975//586 2974//600
f 2873//539 2874//562 2975//586
f 2975//586 2874//562 2976//573
f 2874//562 2875//539 2977//600
f 2874//562 2977//600 2976//573
f 2875//539 2876//600 2978//600
f 2875//539 2978//600 2977//600
f 2876//600 2877//600 2979//600
f 2876//600 2979//600 2978//600
f 2877//600 2878//553 2980//631
f 2877//600 2980//631 2979//600
f 2878//553 2879//599 2980//631
f 2980//631 2879//599 2981//573
f 2879//599 2880//631 2982//553
f 2879//599 2982//553 2981//573
f 2880//631 2881//573 2982//553
f 2982//553 2881//573 2983//641
f 2881//573 2882//553 2984//631
f 2881//573 2984//631 2983//641
f 2882//553 2883//554 2984//631
f 2984//631 2883//554 2985//553
f 2883//554 2884//309 2986//540
f 2883//554 2986//540 2985//553
f 2884//309 2885//540 2986//540
f 2986//540 2885//540 2987//309
f 2885//540 2886//553 2988//554
f 2885//540 2988//554 2987//309
f 2886//553 2887//554 2988//554
f 2988//554 2887//554 2989//597
f 2887//554 2888//309 2990//542
f 2887//554 2990//542 2989//597
f 2888//309 2889//554 2990//542
f 2990//542 2889//554 2991//309
f 2889//554 2890//573 2991//309
f 2991//309 2890//573 2992//309
f 2890//573 2891//553 2993//554
f 2890//573 2993//554 2992//309
f 2891//553 2892//554 2993//554
f 2993//554 2892//554 2994//573
f 2892//554 2893//309 2995//540
f 2892//554 2995//540 2994//573
f 2893//309 2894//309 2995//540
f 2995//540 2894//309 2996//309
f 2894//309 2895//309 2996//309
f 2996//309 2895//309 2997//309
f 2895//309 2896//309 2997//309
f 2997//309 2896//309 2998//309
f 2896//309 2897//309 2998//309
f 2998//309 2897//309 2999//309
f 2897//309 2898//540 2999//309
f 2999//309 2898//540 3000//309
f 2898//540 2899//540 3001//555
f 2898//540 3001//555 3000//309
f 2899//540 2900//309 3002//542
f 2899//540 3002//542 3001//555
f 2900//309 2901//309 3002//542
f 3002//542 2901//309 3003//309
f 2901//309 2902//309 3003//309
f 3003//309 2902//309 3004//309
f 2902//309 2903//309 3004//309
f 3004//309 2903//309 3005//309
f 2903//309 2904//309 3005//309
f 3005//309 2904//309 3006//309
f 2904//309 2905//309 3006//309
f 3006//309 2905//309 3007//309
f 2905//309 2906//309 3007//309
f 3007//309 2906//309 3008//309
f 2906//309 2907//309 3008//309
f 3008//309 2907//309 3009//309
f 2907//309 2908//309 3009//309
f 3009//309 2908//309 3010//309
f 2908//309 2909//309 3010//309
f 3010//309 2909//309 3011//309
f 2909//309 2910//309 3011//309
f 3011//309 2910//309 3012//543
f 2910//309 2911//308 3012//543
f 3012//543 2911//308 3013//375
f 2911//308 2912//375 3013//375
f 3013//375 2912//375 3014//308
f 2912//375 2913//647 3014//308
f 3014//308 2913//647 3015//650
f 2913//647 2914//636 3015//650
f 3015//650 2914//636 3016//651
f 2915//648 2916//644 3017//652
f 3017//652 2916//644 3018//653
f 2916//644 2917//649 3018//653
f 3018//653 2917//649 3019//654
f 2917//649 2918//543 3019//654
f 3019//654 2918//543 3020//309
f 2918//543 2919//309 3020//309
f 3020//309 2919//309 3021//375
f 2919//309 2920//446 3021//375
f 3021//375 2920//446 3022//306
f 2920//446 2921//375 3022//306
f 3022//306 2921//375 3023//308
f 2921//375 2922//543 3023//308
f 3023//308 2922//543 3024//309
f 2922//543 2923//309 3024//309
f 3024//309 2923//309 3025//309
f 2923//309 2924//309 3025//309
f 3025//309 2924//309 3026//309
f 2924//309 2925//309 3026//309
f 3026//309 2925//309 3027//375
f 2925//309 2926//375 3027//375
f 3027//375 2926//375 3028//375
f 2926//375 2927//498 3028//375
f 3028//375 2927//498 3029//309
f 2927//498 2928//309 3029//309
f 3029//309 2928//309 3030//309
f 2928//309 2929//309 3030//309
f 3030//309 2929//309 3031//309
f 2929//309 2930//309 3031//309
f 3031//309 2930//309 3032//309
f 2930//309 2931//309 3032//309
f 3032//309 2931//309 3033//309
f 2931//309 2932//309 3033//309
f 3033//309 2932//309 3034//309
f 2932//309 2933//309 3034//309
f 3034//309 2933//309 3035//536
f 2933//309 2934//570 3035//536
f 3035//536 2934//570 3036//550
f 2934//570 2935//537 3036//550
f 3036//550 2935//537 3037//309
f 2935//537 2936//309 3037//309
f 3037//309 2936//309 3038//309
f 2936//309 2937//309 3038//309
f 3038//309 2937//309 3039//309
f 2937//309 2938//581 3039//309
f 3039//309 2938//581 3040//560
f 2938//581 2939//537 3040//560
f 3040//560 2939//537 3041//560
f 2939//537 2940//526 3041//560
f 3041//560 2940//526 3042//309
f 2940//526 2941//309 3042//309
f 3042//309 2941//309 3043//536
f 2941//309 2942//550 3043//536
f 3043//536 2942//550 3044//549
f 2942//550 2943//640 3044//549
f 3044//549 2943//640 3045//309
f 2943//640 2944//639 3045//309
f 3045//309 2944//639 3046//581
f 2944//639 2945//570 3046//581
f 3046//581 2945//570 3047//549
f 2945//570 2946//537 3047//549
f 3047//549 2946//537 3048//309
f 2946//537 2947//309 3048//309
f 3048//309 2947//309 3049//537
f 2947//309 2948//537 3049//537
f 3049//537 2948//537 3050//537
f 2948//537 2949//537 3050//537
f 3050//537 2949//537 3051//309
f 2949//537 2950//560 3051//309
f 3051//309 2950//560 3052//549
f 2950//560 2951//560 3052//549
f 3052//549 2951//560 3053//572
f 2951//560 2952//537 3053//572
f 3053//572 2952//537 3054//537
f 2952//537 2953//537 3054//537
f 3054//537 2953//537 3055//309
f 2953//537 2954//560 3055//309
f 3055//309 2954//560 3056//549
f 2954//560 2955//560 3056//549
f 3056//549 2955//560 3057//550
f 2955//560 2956//639 3057//550
f 3057//550 2956//639 3058//551
f 2956//639 2957//309 3059//632
f 2956//639 3059//632 3058//551
f 2957//309 2958//526 3059//632
f 3059//632 2958//526 3060//605
f 2958//526 2959//527 3060//605
f 3060//605 2959//527 3061//527
f 2959//527 2960//527 3061//527
f 3061//527 2960//527 3062//527
f 2960//527 2961//584 3062//527
f 3062//527 2961//584 3063//527
f 2961//584 2962//562 3063//527
f 3063//527 2962//562 3064//573
f 2962//562 2963//607 3065//600
f 2962//562 3065//600 3064//573
f 2963//607 2964//552 3066//600
f 2963//607 3066//600 3065//600
f 2964//552 2965//607 3067//539
f 2964//552 3067//539 3066//600
f 2965//607 2966//612 3068//552
f 2965//607 3068//552 3067//539
f 2966//612 2967//563 3069//552
f 2966//612 3069//552 3068//552
f 2967//563 2968//563 3069//552
f 3069//552 2968//563 3070//539
f 2968//563 2969//600 3071//612
f 2968//563 3071//612 3070//539
f 2969//600 2970//600 3072//539
f 2969//600 3072//539 3071//612
f 2970//600 2971//539 3073//574
f 2970//600 3073//574 3072//539
f 2971//539 2972//574 3073//574
f 3073//574 2972//574 3074//606
f 2972//574 2973//606 3074//606
f 3074//606 2973//606 3075//539
f 2973//606 2974//600 3076//587
f 2973//606 3076//587 3075//539
f 2974//600 2975//586 3076//587
f 3076//587 2975//586 3077//588
f 2975//586 2976//573 3077//588
f 3077//588 2976//573 3078//631
f 2976//573 2977//600 3079//600
f 2976//573 3079//600 3078//631
f 2977//600 2978//600 3080//600
f 2977//600 3080//600 3079//600
f 2978//600 2979//600 3081//600
f 2978//600 3081//600 3080//600
f 2979//600 2980//631 3082//553
f 2979//600 3082//553 3081//600
f 2980//631 2981//573 3082//553
f 3082//553 2981//573 3083//599
f 2981//573 2982//553 3084//631
f 2981//573 3084//631 3083//599
f 2982//553 2983//641 3084//631
f 3084//631 2983//641 3085//573
f 2983//641 2984//631 3086//540
f 2983//641 3086//540 3085//573
f 2984//631 2985//553 3086//540
f 3086//540 2985//553 3087//309
f 2985//553 2986//540 3088//540
f 2985//553 3088//540 3087//309
f 2986//540 2987//309 3089//540
f 2986//540 3089//540 3088//540
f 2987//309 2988//554 3089//540
f 3089//540 2988//554 3090//309
f 2988//554 2989//597 3090//309
f 3090//309 2989//597 3091//542
f 2989//597 2990//542 3091//542
f 3091//542 2990//542 3092//597
f 2990//542 2991//309 3092//597
f 3092//597 2991//309 3093//554
f 2991//309 2992//309 3093//554
f 3093//554 2992//309 3094//309
f 2992//309 2993//554 3094//309
f 3094//309 2993//554 3095//309
f 2993//554 2994//573 3095//309
f 3095//309 2994//573 3096//309
f 2994//573 2995//540 3097//540
f 2994//573 3097//540 3096//309
f 2995//540 2996//309 3098//540
f 2995//540 3098//540 3097//540
f 2996//309 2997//309 3098//540
f 3098//540 2997//309 3099//309
f 2997//309 2998//309 3099//309
f 3099//309 2998//309 3100//309
f 2998//309 2999//309 3100//309
f 3100//309 2999//309 3101//309
f 2999//309 3000//309 3101//309
f 3101//309 3000//309 3102//309
f 3000//309 3001//555 3102//309
f 3102//309 3001//555 3103//542
f 3001//555 3002//542 3103//542
f 3103//542 3002//542 3104//555
f 3002//542 3003//309 3104//555
f 3104//555 3003//309 3105//309
f 3003//309 3004//309 3105//309
f 3105//309 3004//309 3106//309
f 3004//309 3005//309 3106//309
f 3106//309 3005//309 3107//309
f 3005//309 3006//309 3107//309
f 3107//309 3006//309 3108//309
f 3006//309 3007//309 3108//309
f 3108//309 3007//309 3109//309
f 3007//309 3008//309 3109//309
f 3109//309 3008//309 3110//309
f 3008//309 3009//309 3110//309
f 3110//309 3009//309 3111//309
f 3009//309 3010//309 3111//309
f 3111//309 3010//309 3112//309
f 3010//309 3011//309 3112//309
f 3112//309 3011//309 3113//309
f 3011//309 3012//543 3113//309
f 3113//309 3012//543 3114//576
f 3012//543 3013//375 3114//576
f 3114//576 3013//375 3115//576
f 3013//375 3014//308 3115//576
f 3115//576 3014//308 3116//309
f 3014//308 3015//650 3116//309
f 3116//309 3015//650 3117//655
f 3015//650 3016//651 3117//655
f 3117//655 3016//651 3118//656
f 3017//652 3018//653 3119//657
f 3119//657 3018//653 3120//658
f 3018//653 3019//654 3120//658
f 3120//658 3019//654 3121//659
f 3019//654 3020//309 3121//659
f 3121//659 3020//309 3122//498
f 3020//309 3021//375 3122//498
f 3122//498 3021//375 3123//375
f 3021//375 3022//306 3123//375
f 3123//375 3022//306 3124//309
f 3022//306 3023//308 3124//309
f 3124//309 3023//308 3125//309
f 3023//308 3024//309 3125//309
f 3125//309 3024//309 3126//309
f 3024//309 3025//309 3126//309
f 3126//309 3025//309 3127//309
f 3025//309 3026//309 3127//309
f 3127//309 3026//309 3128//375
f 3026//309 3027//375 3128//375
f 3128//375 3027//375 3129//375
f 3027//375 3028//375 3129//375
f 3129//375 3028//375 3130//309
f 3028//375 3029//309 3130//309
f 3130//309 3029//309 3131//309
f 3029//309 3030//309 3131//309
f 3131//309 3030//309 3132//309
f 3030//309 3031//309 3132//309
f 3132//309 3031//309 3133//309
f 3031//309 3032//309 3133//309
f 3133//309 3032//309 3134//309
f 3032//309 3033//309 3134//309
f 3134//309 3033//309 3135//309
f 3033//309 3034//309 3135//309
f 3135//309 3034//309 3136//309
f 3034//309 3035//536 3136//309
f 3136//309 3035//536 3137//560
f 3035//536 3036//550 3137//560
f 3137//560 3036//550 3138//560
f 3036//550 3037//309 3138//560
f 3138//560 3037//309 3139//309
f 3037//309 3038//309 3139//309
f 3139//309 3038//309 3140//309
f 3038//309 3039//309 3140//309
f 3140//309 3039//309 3141//309
f 3039//309 3040//560 3141//309
f 3141//309 3040//560 3142//549
f 3040//560 3041//560 3142//549
f 3142//549 3041//560 3143//581
f 3041//560 3042//309 3143//581
f 3143//581 3042//309 3144//526
f 3042//309 3043//536 3144//526
f 3144//526 3043//536 3145//537
f 3043//536 3044//549 3145//537
f 3145//537 3044//549 3146//536
f 3044//549 3045//309 3146//536
f 3146//536 3045//309 3147//526
f 3045//309 3046//581 3147//526
f 3147//526 3046//581 3148//537
f 3046//581 3047//549 3148//537
f 3148//537 3047//549 3149//581
f 3047//549 3048//309 3149//581
f 3149//581 3048//309 3150//536
f 3048//309 3049//537 3150//536
f 3150//536 3049//537 3151//549
f 3049//537 3050//537 3151//549
f 3151//549 3050//537 3152//309
f 3050//537 3051//309 3152//309
f 3152//309 3051//309 3153//537
f 3051//309 3052//549 3153//537
f 3153//537 3052//549 3154//572
f 3052//549 3053//572 3154//572
f 3154//572 3053//572 3155//549
f 3053//572 3054//537 3155//549
f 3155//549 3054//537 3156//309
f 3054//537 3055//309 3156//309
f 3156//309 3055//309 3157//537
f 3055//309 3056//549 3157//537
f 3157//537 3056//549 3158//537
f 3056//549 3057//550 3158//537
f 3158//537 3057//550 3159//550
f 3057//550 3058//551 3159//550
f 3159//550 3058//551 3160//640
f 3058//551 3059//632 3161//639
f 3058//551 3161//639 3160//640
f 3059//632 3060//605 3161//639
f 3161//639 3060//605 3162//309
f 3060//605 3061//527 3162//309
f 3162//309 3061//527 3163//526
f 3061//527 3062//527 3163//526
f 3163//526 3062//527 3164//527
f 3062//527 3063//527 3164//527
f 3164//527 3063//527 3165//527
f 3063//527 3064//573 3165//527
f 3165//527 3064//573 3166//599
f 3064//573 3065//600 3167//600
f 3064//573 3167//600 3166//599
f 3065//600 3066//600 3168//539
f 3065//600 3168//539 3167//600
f 3066//600 3067//539 3169//562
f 3066//600 3169//562 3168//539
f 3067//539 3068//552 3169//562
f 3169//562 3068//552 3170//607
f 3068//552 3069//552 3171//612
f 3068//552 3171//612 3170//607
f 3069//552 3070//539 3172//598
f 3069//552 3172//598 3171//612
f 3070//539 3071//612 3173//600
f 3070//539 3173//600 3172//598
f 3071//612 3072//539 3174//563
f 3071//612 3174//563 3173//600
f 3072//539 3073//574 3174//563
f 3174//563 3073//574 3175//606
f 3073//574 3074//606 3175//606
f 3175//606 3074//606 3176//539
f 3074//606 3075//539 3177//539
f 3074//606 3177//539 3176//539
f 3075//539 3076//587 3178//552
f 3075//539 3178//552 3177//539
f 3076//587 3077//588 3179//563
f 3076//587 3179//563 3178//552
f 3077//588 3078//631 3179//563
f 3179//563 3078//631 3180//563
f 3078//631 3079//600 3181//598
f 3078//631 3181//598 3180//563
f 3079//600 3080//600 3182//600
f 3079//600 3182//600 3181//598
f 3080//600 3081//600 3183//600
f 3080//600 3183//600 3182//600
f 3081//600 3082//553 3184//631
f 3081//600 3184//631 3183//600
f 3082//553 3083//599 3184//631
f 3184//631 3083//599 3185//573
f 3083//599 3084//631 3186//553
f 3083//599 3186//553 3185//573
f 3084//631 3085//573 3186//553
f 3186//553 3085//573 3187//641
f 3085//573 3086//540 3188//600
f 3085//573 3188//600 3187//641
f 3086//540 3087//309 3189//553
f 3086//540 3189//553 3188//600
f 3087//309 3088//540 3189//553
f 3189//553 3088//540 3190//641
f 3088//540 3089//540 3191//600
f 3088//540 3191//600 3190//641
f 3089//540 3090//309 3192//553
f 3089//540 3192//553 3191//600
f 3090//309 3091//542 3192//553
f 3192//553 3091//542 3193//599
f 3091//542 3092//597 3194//631
f 3091//542 3194//631 3193//599
f 3092//597 3093//554 3194//631
f 3194//631 3093//554 3195//553
f 3093//554 3094//309 3196//540
f 3093//554 3196//540 3195//553
f 3094//309 3095//309 3196//540
f 3196//540 3095//309 3197//309
f 3095//309 3096//309 3197//309
f 3197//309 3096//309 3198//309
f 3096//309 3097//540 3198//309
f 3198//309 3097//540 3199//309
f 3097//540 3098//540 3200//540
f 3097//540 3200//540 3199//309
f 3098//540 3099//309 3201//540
f 3098//540 3201//540 3200//540
f 3099//309 3100//309 3201//540
f 3201//540 3100//309 3202//309
f 3100//309 3101//309 3202//309
f 3202//309 3101//309 3203//309
f 3101//309 3102//309 3203//309
f 3203//309 3102//309 3204//309
f 3102//309 3103//542 3204//309
f 3204//309 3103//542 3205//309
f 3103//542 3104//555 3206//540
f 3103//542 3206//540 3205//309
f 3104//555 3105//309 3207//540
f 3104//555 3207//540 3206//540
f 3105//309 3106//309 3207//540
f 3207//540 3106//309 3208//309
f 3106//309 3107//309 3208//309
f 3208//309 3107//309 3209//309
f 3107//309 3108//309 3209//309
f 3209//309 3108//309 3210//309
f 3108//309 3109//309 3210//309
f 3210//309 3109//309 3211//309
f 3109//309 3110//309 3211//309
f 3211//309 3110//309 3212//309
f 3110//309 3111//309 3212//309
f 3212//309 3111//309 3213//309
f 3111//309 3112//309 3213//309
f 3213//309 3112//309 3214//309
f 3112//309 3113//309 3214//309
f 3214//309 3113//309 3215//309
f 3113//309 3114//576 3215//309
f 3215//309 3114//576 3216//576
f 3114//576 3115//576 3216//576
f 3216//576 3115//576 3217//576
f 3115//576 3116//309 3217//576
f 3217//576 3116//309 3218//660
f 3116//309 3117//655 3218//660
f 3218//660 3117//655 3219//661
f 3117//655 3118//656 3219//661
f 3119//657 3120//658 3220//662
f 3120//658 3121//659 3221//663
f 3120//658 3221//663 3220//662
f 3121//659 3122//498 3221//663
f 3221//663 3122//498 3222//535
f 3122//498 3123//375 3222//535
f 3222//535 3123//375 3223//309
f 3123//375 3124//309 3223//309
f 3223//309 3124//309 3224//309
f 3124//309 3125//309 3224//309
f 3224//309 3125//309 3225//309
f 3125//309 3126//309 3225//309
f 3225//309 3126//309 3226//309
f 3126//309 3127//309 3226//309
f 3226//309 3127//309 3227//375
f 3127//309 3128//375 3227//375
f 3227//375 3128//375 3228//498
f 3128//375 3129//375 3228//498
f 3228//498 3129//375 3229//309
f 3129//375 3130//309 3229//309
f 3229//309 3130//309 3230//309
f 3130//309 3131//309 3230//309
f 3230//309 3131//309 3231//309
f 3131//309 3132//309 3231//309
f 3231//309 3132//309 3232//309
f 3132//309 3133//309 3232//309
f 3232//309 3133//309 3233//309
f 3133//309 3134//309 3233//309
f 3233//309 3134//309 3234//309
f 3134//309 3135//309 3234//309
f 3234//309 3135//309 3235//309
f 3135//309 3136//309 3235//309
f 3235//309 3136//309 3236//309
f 3136//309 3137//560 3236//309
f 3236//309 3137//560 3237//549
f 3137//560 3138//560 3237//549
f 3237//549 3138//560 3238//581
f 3138//560 3139//309 3238//581
f 3238//581 3139//309 3239//309
f 3139//309 3140//309 3239//309
f 3239//309 3140//309 3240//309
f 3140//309 3141//309 3240//309
f 3240//309 3141//309 3241//536
f 3141//309 3142//549 3241//536
f 3241//536 3142//549 3242//550
f 3142//549 3143//581 3242//550
f 3242//550 3143//581 3243//536
f 3143//581 3144//526 3243//536
f 3243//536 3144//526 3244//537
f 3144//526 3145//537 3244//537
f 3244//537 3145//537 3245//611
f 3145//537 3146//536 3245//611
f 3245//611 3146//536 3246//536
f 3146//536 3147//526 3246//536
f 3246//536 3147//526 3247//537
f 3147//526 3148//537 3247//537
f 3247//537 3148//537 3248//611
f 3148//537 3149//581 3248//611
f 3248//611 3149//581 3249//526
f 3149//581 3150//536 3249//526
f 3249//526 3150//536 3250//537
f 3150//536 3151//549 3250//537
f 3250//537 3151//549 3251//536
f 3151//549 3152//309 3251//536
f 3251//536 3152//309 3252//537
f 3152//309 3153//537 3252//537
f 3252//537 3153//537 3253//570
f 3153//537 3154//572 3253//570
f 3253//570 3154//572 3254//560
f 3154//572 3155//549 3254//560
f 3254//560 3155//549 3255//560
f 3155//549 3156//309 3255//560
f 3255//560 3156//309 3256//537
f 3156//309 3157//537 3256//537
f 3256//537 3157//537 3257//537
f 3157//537 3158//537 3257//537
f 3257//537 3158//537 3258//536
f 3158//537 3159//550 3258//536
f 3258//536 3159//550 3259//550
f 3159//550 3160//640 3259//550
f 3259//550 3160//640 3260//309
f 3160//640 3161//639 3260//309
f 3260//309 3161//639 3261//309
f 3161//639 3162//309 3261//309
f 3261//309 3162//309 3262//537
f 3162//309 3163//526 3262//537
f 3262//537 3163//526 3263//605
f 3163//526 3164//527 3263//605
f 3263//605 3164//527 3264//527
f 3164//527 3165//527 3264//527
f 3264//527 3165//527 3265//527
f 3165//527 3166//599 3265//527
f 3265//527 3166//599 3266//573
f 3166//599 3167//600 3267//539
f 3166//599 3267//539 3266//573
f 3167//600 3168//539 3268//574
f 3167//600 3268//574 3267//539
f 3168//539 3169//562 3268//574
f 3268//574 3169//562 3269//563
f 3169//562 3170//607 3270//539
f 3169//562 3270//539 3269//563
f 3170//607 3171//612 3271//552
f 3170//607 3271//552 3270//539
f 3171//612 3172//598 3272//612
f 3171//612 3272//612 3271//552
f 3172//598 3173//600 3273//539
f 3172//598 3273//539 3272//612
f 3173//600 3174//563 3274//574
f 3173//600 3274//574 3273//539
f 3174//563 3175//606 3274//574
f 3274//574 3175//606 3275//563
f 3175//606 3176//539 3276//600
f 3175//606 3276//600 3275//563
f 3176//539 3177//539 3277//631
f 3176//539 3277//631 3276//600
f 3177//539 3178//552 3277//631
f 3277//631 3178//552 3278//573
f 3178//552 3179//563 3279//552
f 3178//552 3279//552 3278//573
f 3179//563 3180//563 3279//552
f 3279//552 3180//563 3280//539
f 3180//563 3181//598 3281//612
f 3180//563 3281//612 3280//539
f 3181//598 3182//600 3282//539
f 3181//598 3282//539 3281//612
f 3182//600 3183//600 3283//552
f 3182//600 3283//552 3282//539
f 3183//600 3184//631 3284//553
f 3183//600 3284//553 3283//552
f 3184//631 3185//573 3284//553
f 3284//553 3185//573 3285//599
f 3185//573 3186//553 3286//631
f 3185//573 3286//631 3285//599
f 3186//553 3187//641 3286//631
f 3286//631 3187//641 3287//573
f 3187//641 3188//600 3288//600
f 3187//641 3288//600 3287//573
f 3188//600 3189//553 3289//631
f 3188//600 3289//631 3288//600
f 3189//553 3190//641 3289//631
f 3289//631 3190//641 3290//664
f 3190//641 3191//600 3291//665
f 3190//641 3291//665 3290//664
f 3191//600 3192//553 3292//554
f 3191//600 3292//554 3291//665
f 3192//553 3193//599 3292//554
f 3292//554 3193//599 3293//664
f 3193//599 3194//631 3294//542
f 3193//599 3294//542 3293//664
f 3194//631 3195//553 3294//542
f 3294//542 3195//553 3295//309
f 3195//553 3196//540 3296//540
f 3195//553 3296//540 3295//309
f 3196//540 3197//309 3297//540
f 3196//540 3297//540 3296//540
f 3197//309 3198//309 3297//540
f 3297//540 3198//309 3298//309
f 3198//309 3199//309 3298//309
f 3298//309 3199//309 3299//309
f 3199//309 3200//540 3299//309
f 3299//309 3200//540 3300//309
f 3200//540 3201//540 3301//540
f 3200//540 3301//540 3300//309
f 3201//540 3202//309 3302//540
f 3201//540 3302//540 3301//540
f 3202//309 3203//309 3302//540
f 3302//540 3203//309 3303//309
f 3203//309 3204//309 3303//309
f 3303//309 3204//309 3304//309
f 3204//309 3205//309 3304//309
f 3304//309 3205//309 3305//309
f 3205//309 3206//540 3305//309
f 3305//309 3206//540 3306//309
f 3206//540 3207//540 3307//555
f 3206//540 3307//555 3306//309
f 3207//540 3208//309 3308//634
f 3207//540 3308//634 3307//555
f 3208//309 3209//309 3308//634
f 3308//634 3209//309 3309//309
f 3209//309 3210//309 3309//309
f 3309//309 3210//309 3310//309
f 3210//309 3211//309 3310//309
f 3310//309 3211//309 3311//309
f 3211//309 3212//309 3311//309
f 3311//309 3212//309 3312//309
f 3212//309 3213//309 3312//309
f 3312//309 3213//309 3313//309
f 3213//309 3214//309 3313//309
f 3313//309 3214//309 3314//309
f 3214//309 3215//309 3314//309
f 3314//309 3215//309 3315//309
f 3215//309 3216//576 3315//309
f 3315//309 3216//576 3316//576
f 3216//576 3217//576 3316//576
f 3316//576 3217//576 3317//576
f 3217//576 3218//660 3317//576
f 3317//576 3218//660 3318//650
f 3218//660 3219//661 3318//650
f 3318//650 3219//661 3319//666
f 3220//662 3221//663 3320//667
f 3320//667 3221//663 3321//668
f 3221//663 3222//535 3321//668
f 3321//668 3222//535 3322//659
f 3222//535 3223//309 3322//659
f 3322//659 3223//309 3323//309
f 3223//309 3224//309 3323//309
f 3323//309 3224//309 3324//309
f 3224//309 3225//309 3324//309
f 3324//309 3225//309 3325//309
f 3225//309 3226//309 3325//309
f 3325//309 3226//309 3326//565
f 3226//309 3227//375 3326//565
f 3326//565 3227//375 3327//535
f 3227//375 3228//498 3327//535
f 3327//535 3228//498 3328//309
f 3228//498 3229//309 3328//309
f 3328//309 3229//309 3329//309
f 3229//309 3230//309 3329//309
f 3329//309 3230//309 3330//309
f 3230//309 3231//309 3330//309
f 3330//309 3231//309 3331//309
f 3231//309 3232//309 3331//309
f 3331//309 3232//309 3332//309
f 3232//309 3233//309 3332//309
f 3332//309 3233//309 3333//309
f 3233//309 3234//309 3333//309
f 3333//309 3234//309 3334//309
f 3234//309 3235//309 3334//309
f 3334//309 3235//309 3335//309
f 3235//309 3236//309 3335//309
f 3335//309 3236//309 3336//536
f 3236//309 3237//549 3336//536
f 3336//536 3237//549 3337//550
f 3237//549 3238//581 3337//550
f 3337//550 3238//581 3338//309
f 3238//581 3239//309 3338//309
f 3338//309 3239//309 3339//309
f 3239//309 3240//309 3339//309
f 3339//309 3240//309 3340//309
f 3240//309 3241//536 3340//309
f 3340//309 3241//536 3341//560
f 3241//536 3242//550 3341//560
f 3341//560 3242//550 3342//560
f 3242//550 3243//536 3342//560
f 3342//560 3243//536 3343//560
f 3243//536 3244//537 3343//560
f 3343//560 3244//537 3344//560
f 3244//537 3245//611 3344//560
f 3344//560 3245//611 3345//309
f 3245//611 3246//536 3345//309
f 3345//309 3246//536 3346//550
f 3246//536 3247//537 3346//550
f 3346//550 3247//537 3347//581
f 3247//537 3248//611 3347//581
f 3347//581 3248//611 3348//536
f 3248//611 3249//526 3348//536
f 3348//536 3249//526 3349//537
f 3249//526 3250//537 3349//537
f 3349//537 3250//537 3350//526
f 3250//537 3251//536 3350//526
f 3350//526 3251//536 3351//537
f 3251//536 3252//537 3351//537
f 3351//537 3252//537 3352//537
f 3252//537 3253//570 3352//537
f 3352//537 3253//570 3353//526
f 3253//570 3254//560 3353//526
f 3353//526 3254//560 3354//537
f 3254//560 3255//560 3354//537
f 3354//537 3255//560 3355//572
f 3255//560 3256//537 3355//572
f 3355//572 3256//537 3356//537
f 3256//537 3257//537 3356//537
f 3356//537 3257//537 3357//526
f 3257//537 3258//536 3357//526
f 3357//526 3258//536 3358//537
f 3258//536 3259//550 3358//537
f 3358//537 3259//550 3359//536
f 3259//550 3260//309 3359//536
f 3359//536 3260//309 3360//526
f 3260//309 3261//309 3360//526
f 3360//526 3261//309 3361//605
f 3261//309 3262//537 3361//605
f 3361//605 3262//537 3362//537
f 3262//537 3263//605 3362//537
f 3362//537 3263//605 3363//309
f 3263//605 3264//527 3363//309
f 3363//309 3264//527 3364//309
f 3264//527 3265//527 3364//309
f 3364//309 3265//527 3365//309
f 3265//527 3266//573 3365//309
f 3365//309 3266//573 3366//309
f 3266//573 3267//539 3367//554
f 3266//573 3367//554 3366//309
f 3267//539 3268//574 3367//554
f 3367//554 3268//574 3368//527
f 3268//574 3269//563 3368//527
f 3368//527 3269//563 3369//573
f 3269//563 3270//539 3370//552
f 3269//563 3370//552 3369//573
f 3270//539 3271//552 3370//552
f 3370//552 3271//552 3371//600
f 3271//552 3272//612 3372//587
f 3271//552 3372//587 3371//600
f 3272//612 3273//539 3373//563
f 3272//612 3373//563 3372//587
f 3273//539 3274//574 3373//563
f 3373//563 3274//574 3374//606
f 3274//574 3275//563 3374//606
f 3374//606 3275//563 3375//600
f 3275//563 3276//600 3376//587
f 3275//563 3376//587 3375//600
f 3276//600 3277//631 3377//540
f 3276//600 3377//540 3376//587
f 3277//631 3278//573 3377//540
f 3377//540 3278//573 3378//309
f 3278//573 3279//552 3379//540
f 3278//573 3379//540 3378//309
f 3279//552 3280//539 3380//600
f 3279//552 3380//600 3379//540
f 3280//539 3281//612 3381//600
f 3280//539 3381//600 3380//600
f 3281//612 3282//539 3382//552
f 3281//612 3382//552 3381//600
f 3282//539 3283//552 3382//552
f 3382//552 3283//552 3383//600
f 3283//552 3284//553 3384//586
f 3283//552 3384//586 3383//600
f 3284//553 3285//599 3384//586
f 3384//586 3285//599 3385//573
f 3285//599 3286//631 3386//553
f 3285//599 3386//553 3385//573
f 3286//631 3287//573 3386//553
f 3386//553 3287//573 3387//641
f 3287//573 3288//600 3388//600
f 3287//573 3388//600 3387//641
f 3288//600 3289//631 3389//540
f 3288//600 3389//540 3388//600
f 3289//631 3290//664 3389//540
f 3389//540 3290//664 3390//665
f 3290//664 3291//665 3390//665
f 3390//665 3291//665 3391//588
f 3291//665 3292//554 3391//588
f 3391//588 3292//554 3392//528
f 3292//554 3293//664 3392//528
f 3392//528 3293//664 3393//669
f 3293//664 3294//542 3393//669
f 3393//669 3294//542 3394//541
f 3294//542 3295//309 3394//541
f 3394//541 3295//309 3395//309
f 3295//309 3296//540 3395//309
f 3395//309 3296//540 3396//309
f 3296//540 3297//540 3397//540
f 3296//540 3397//540 3396//309
f 3297//540 3298//309 3398//553
f 3297//540 3398//553 3397//540
f 3298//309 3299//309 3398//553
f 3398//553 3299//309 3399//528
f 3299//309 3300//309 3399//528
f 3399//528 3300//309 3400//309
f 3300//309 3301//540 3400//309
f 3400//309 3301//540 3401//309
f 3301//540 3302//540 3402//540
f 3301//540 3402//540 3401//309
f 3302//540 3303//309 3403//540
f 3302//540 3403//540 3402//540
f 3303//309 3304//309 3403//540
f 3403//540 3304//309 3404//309
f 3304//309 3305//309 3404//309
f 3404//309 3305//309 3405//309
f 3305//309 3306//309 3405//309
f 3405//309 3306//309 3406//309
f 3306//309 3307//555 3406//309
f 3406//309 3307//555 3407//542
f 3307//555 3308//634 3407//542
f 3407//542 3308//634 3408//541
f 3308//634 3309//309 3408//541
f 3408//541 3309//309 3409//309
f 3309//309 3310//309 3409//309
f 3409//309 3310//309 3410//309
f 3310//309 3311//309 3410//309
f 3410//309 3311//309 3411//309
f 3311//309 3312//309 3411//309
f 3411//309 3312//309 3412//309
f 3312//309 3313//309 3412//309
f 3412//309 3313//309 3413//309
f 3313//309 3314//309 3413//309
f 3413//309 3314//309 3414//309
f 3314//309 3315//309 3414//309
f 3414//309 3315//309 3415//309
f 3315//309 3316//576 3415//309
f 3415//309 3316//576 3416//576
f 3316//576 3317//576 3416//576
f 3416//576 3317//576 3417//576
f 3317//576 3318//650 3417//576
f 3417//576 3318//650 3418//670
f 3318//650 3319//666 3418//670
f 3418//670 3319//666 3419//671
f 3320//667 3321//668 3420//672
f 3321//668 3322//659 3421//673
f 3321//668 3421//673 3420//672
f 3322//659 3323//309 3421//673
f 3421//673 3323//309 3422//309
f 3323//309 3324//309 3422//309
f 3422//309 3324//309 3423//309
f 3324//309 3325//309 3423//309
f 3423//309 3325//309 3424//308
f 3325//309 3326//565 3424//308
f 3424//308 3326//565 3425//375
f 3326//565 3327//535 3425//375
f 3425//375 3327//535 3426//543
f 3327//535 3328//309 3426//543
f 3426//543 3328//309 3427//309
f 3328//309 3329//309 3427//309
f 3427//309 3329//309 3428//309
f 3329//309 3330//309 3428//309
f 3428//309 3330//309 3429//309
f 3330//309 3331//309 3429//309
f 3429//309 3331//309 3430//309
f 3331//309 3332//309 3430//309
f 3430//309 3332//309 3431//309
f 3332//309 3333//309 3431//309
f 3431//309 3333//309 3432//309
f 3333//309 3334//309 3432//309
f 3432//309 3334//309 3433//309
f 3334//309 3335//309 3433//309
f 3433//309 3335//309 3434//309
f 3335//309 3336//536 3434//309
f 3434//309 3336//536 3435//560
f 3336//536 3337//550 3435//560
f 3435//560 3337//550 3436//560
f 3337//550 3338//309 3436//560
f 3436//560 3338//309 3437//309
f 3338//309 3339//309 3437//309
f 3437//309 3339//309 3438//309
f 3339//309 3340//309 3438//309
f 3438//309 3340//309 3439//309
f 3340//309 3341//560 3439//309
f 3439//309 3341//560 3440//560
f 3341//560 3342//560 3440//560
f 3440//560 3342//560 3441//560
f 3342//560 3343//560 3441//560
f 3441//560 3343//560 3442//560
f 3343//560 3344//560 3442//560
f 3442//560 3344//560 3443//560
f 3344//560 3345//309 3443//560
f 3443//560 3345//309 3444//536
f 3345//309 3346//550 3444//536
f 3444//536 3346//550 3445//550
f 3346//550 3347//581 3445//550
f 3445//550 3347//581 3446//309
f 3347//581 3348//536 3446//309
f 3446//309 3348//536 3447//550
f 3348//536 3349//537 3447//550
f 3447//550 3349//537 3448//581
f 3349//537 3350//526 3448//581
f 3448//581 3350//526 3449//536
f 3350//526 3351//537 3449//536
f 3449//536 3351//537 3450//550
f 3351//537 3352//537 3450//550
f 3450//550 3352//537 3451//536
f 3352//537 3353//526 3451//536
f 3451//536 3353//526 3452//537
f 3353//526 3354//537 3452//537
f 3452//537 3354//537 3453//537
f 3354//537 3355//572 3453//537
f 3453//537 3355//572 3454//550
f 3355//572 3356//537 3454//550
f 3454//550 3356//537 3455//536
f 3356//537 3357//526 3455//536
f 3455//536 3357//526 3456//537
f 3357//526 3358//537 3456//537
f 3456//537 3358//537 3457//611
f 3358//537 3359//536 3457//611
f 3457//611 3359//536 3458//536
f 3359//536 3360//526 3458//536
f 3458//536 3360//526 3459//537
f 3360//526 3361//605 3459//537
f 3459//537 3361//605 3460//611
f 3361//605 3362//537 3460//611
f 3460//611 3362//537 3461//309
f 3362//537 3363//309 3461//309
f 3461//309 3363//309 3462//309
f 3363//309 3364//309 3462//309
f 3462//309 3364//309 3463//674
f 3364//309 3365//309 3463//674
f 3463//674 3365//309 3464//675
f 3365//309 3366//309 3464//675
f 3464//675 3366//309 3465//675
f 3366//309 3367//554 3465//675
f 3465//675 3367//554 3466//675
f 3367//554 3368//527 3466//675
f 3466//675 3368//527 3467//676
f 3368//527 3369//573 3467//676
f 3467//676 3369//573 3468//309
f 3369//573 3370//552 3469//540
f 3369//573 3469//540 3468//309
f 3370//552 3371//600 3470//587
f 3370//552 3470//587 3469//540
f 3371//600 3372//587 3470//587
f 3470//587 3372//587 3471//598
f 3372//587 3373//563 3472//562
f 3372//587 3472//562 3471//598
f 3373//563 3374//606 3472//562
f 3472//562 3374//606 3473//539
f 3374//606 3375//600 3474//587
f 3374//606 3474//587 3473//539
f 3375//600 3376//587 3474//587
f 3474//587 3376//587 3475//598
f 3376//587 3377//540 3476//552
f 3376//587 3476//552 3475//598
f 3377//540 3378//309 3477//553
f 3377//540 3477//553 3476//552
f 3378//309 3379//540 3477//553
f 3477//553 3379//540 3478//599
f 3379//540 3380//600 3479//677
f 3379//540 3479//677 3478//599
f 3380//600 3381//600 3480//665
f 3380//600 3480//665 3479//677
f 3381//600 3382//552 3481//540
f 3381//600 3481//540 3480//665
f 3382//552 3383//600 3482//587
f 3382//552 3482//587 3481//540
f 3383//600 3384//586 3482//587
f 3482//587 3384//586 3483//664
f 3384//586 3385//573 3483//664
f 3483//664 3385//573 3484//599
f 3385//573 3386//553 3485//631
f 3385//573 3485//631 3484//599
f 3386//553 3387//641 3485//631
f 3485//631 3387//641 3486//573
f 3387//641 3388//600 3487//600
f 3387//641 3487//600 3486//573
f 3388//600 3389//540 3488//600
f 3388//600 3488//600 3487//600
f 3389//540 3390//665 3489//600
f 3389//540 3489//600 3488//600
f 3390//665 3391//588 3490//631
f 3390//665 3490//631 3489//600
f 3391//588 3392//528 3490//631
f 3490//631 3392//528 3491//573
f 3392//528 3393//669 3492//600
f 3392//528 3492//600 3491//573
f 3393//669 3394//541 3493//600
f 3393//669 3493//600 3492//600
f 3394//541 3395//309 3494//540
f 3394//541 3494//540 3493//600
f 3395//309 3396//309 3494//540
f 3494//540 3396//309 3495//309
f 3396//309 3397//540 3495//309
f 3495//309 3397//540 3496//309
f 3397//540 3398//553 3497//554
f 3397//540 3497//554 3496//309
f 3398//553 3399//528 3497//554
f 3497//554 3399//528 3498//664
f 3399//528 3400//309 3499//634
f 3399//528 3499//634 3498//664
f 3400//309 3401//309 3499//634
f 3499//634 3401//309 3500//309
f 3401//309 3402//540 3500//309
f 3500//309 3402//540 3501//309
f 3402//540 3403//540 3502//540
f 3402//540 3502//540 3501//309
f 3403//540 3404//309 3503//540
f 3403//540 3503//540 3502//540
f 3404//309 3405//309 3503//540
f 3503//540 3405//309 3504//309
f 3405//309 3406//309 3504//309
f 3504//309 3406//309 3505//309
f 3406//309 3407//542 3505//309
f 3505//309 3407//542 3506//309
f 3407//542 3408//541 3507//540
f 3407//542 3507//540 3506//309
f 3408//541 3409//309 3508//540
f 3408//541 3508//540 3507//540
f 3409//309 3410//309 3508//540
f 3508//540 3410//309 3509//309
f 3410//309 3411//309 3509//309
f 3509//309 3411//309 3510//309
f 3411//309 3412//309 3510//309
f 3510//309 3412//309 3511//309
f 3412//309 3413//309 3511//309
f 3511//309 3413//309 3512//309
f 3413//309 3414//309 3512//309
f 3512//309 3414//309 3513//309
f 3414//309 3415//309 3513//309
f 3513//309 3415//309 3514//309
f 3415//309 3416//576 3514//309
f 3514//309 3416//576 3515//542
f 3416//576 3417//576 3515//542
f 3515//542 3417//576 3516//555
f 3417//576 3418//670 3516//555
f 3516//555 3418//670 3517//678
f 3418//670 3419//671 3517//678
f 3517//678 3419//671 3518//679
f 3420//672 3421//673 3519//680
f 3519//680 3421//673 3520//681
f 3421//673 3422//309 3520//681
f 3520//681 3422//309 3521//309
f 3422//309 3423//309 3521//309
f 3521//309 3423//309 3522//375
f 3423//309 3424//308 3522//375
f 3522//375 3424//308 3523//306
f 3424//308 3425//375 3523//306
f 3523//306 3425//375 3524//308
f 3425//375 3426//543 3524//308
f 3524//308 3426//543 3525//309
f 3426//543 3427//309 3525//309
f 3525//309 3427//309 3526//309
f 3427//309 3428//309 3526//309
f 3526//309 3428//309 3527//309
f 3428//309 3429//309 3527//309
f 3527//309 3429//309 3528//309
f 3429//309 3430//309 3528//309
f 3528//309 3430//309 3529//309
f 3430//309 3431//309 3529//309
f 3529//309 3431//309 3530//309
f 3431//309 3432//309 3530//309
f 3530//309 3432//309 3531//309
f 3432//309 3433//309 3531//309
f 3531//309 3433//309 3532//309
f 3433//309 3434//309 3532//309
f 3532//309 3434//309 3533//309
f 3434//309 3435//560 3533//309
f 3533//309 3435//560 3534//560
f 3435//560 3436//560 3534//560
f 3534//560 3436//560 3535//560
f 3436//560 3437//309 3535//560
f 3535//560 3437//309 3536//309
f 3437//309 3438//309 3536//309
f 3536//309 3438//309 3537//309
f 3438//309 3439//309 3537//309
f 3537//309 3439//309 3538//309
f 3439//309 3440//560 3538//309
f 3538//309 3440//560 3539//550
f 3440//560 3441//560 3539//550
f 3539//550 3441//560 3540//536
f 3441//560 3442//560 3540//536
f 3540//536 3442//560 3541//560
f 3442//560 3443//560 3541//560
f 3541//560 3443//560 3542//560
f 3443//560 3444//536 3542//560
f 3542//560 3444//536 3543//550
f 3444//536 3445//550 3543//550
f 3543//550 3445//550 3544//536
f 3445//550 3446//309 3544//536
f 3544//536 3446//309 3545//536
f 3446//309 3447//550 3545//536
f 3545//536 3447//550 3546//549
f 3447//550 3448//581 3546//549
f 3546//549 3448//581 3547//309
f 3448//581 3449//536 3547//309
f 3547//309 3449//536 3548//560
f 3449//536 3450//550 3548//560
f 3548//560 3450//550 3549//560
f 3450//550 3451//536 3549//560
f 3549//560 3451//536 3550//560
f 3451//536 3452//537 3550//560
f 3550//560 3452//537 3551//560
f 3452//537 3453//537 3551//560
f 3551//560 3453//537 3552//560
f 3453//537 3454//550 3552//560
f 3552//560 3454//550 3553//560
f 3454//550 3455//536 3553//560
f 3553//560 3455//536 3554//549
f 3455//536 3456//537 3554//549
f 3554//549 3456//537 3555//536
f 3456//537 3457//611 3555//536
f 3555//536 3457//611 3556//309
f 3457//611 3458//536 3556//309
f 3556//309 3458//536 3557//550
f 3458//536 3459//537 3557//550
f 3557//550 3459//537 3558//581
f 3459//537 3460//611 3558//581
f 3558//581 3460//611 3559//309
f 3460//611 3461//309 3559//309
f 3559//309 3461//309 3560//309
f 3461//309 3462//309 3560//309
f 3560//309 3462//309 3561//682
f 3462//309 3463//674 3561//682
f 3561//682 3463//674 3562//683
f 3463//674 3464//675 3562//683
f 3562//683 3464//675 3563//675
f 3464//675 3465//675 3563//675
f 3563//675 3465//675 3564//675
f 3465//675 3466//675 3564//675
f 3564//675 3466//675 3565//675
f 3466//675 3467//676 3565//675
f 3565//675 3467//676 3566//684
f 3467//676 3468//309 3567//684
f 3467//676 3567//684 3566//684
f 3468//309 3469//540 3567//684
f 3567//684 3469//540 3568//685
f 3469//540 3470//587 3569//600
f 3469//540 3569//600 3568//685
f 3470//587 3471//598 3570//552
f 3470//587 3570//552 3569//600
f 3471//598 3472//562 3570//552
f 3570//552 3472//562 3571//539
f 3472//562 3473//539 3572//539
f 3472//562 3572//539 3571//539
f 3473//539 3474//587 3573//552
f 3473//539 3573//552 3572//539
f 3474//587 3475//598 3574//552
f 3474//587 3574//552 3573//552
f 3475//598 3476//552 3574//552
f 3574//552 3476//552 3575//539
f 3476//552 3477//553 3576//563
f 3476//552 3576//563 3575//539
f 3477//553 3478//599 3576//563
f 3576//563 3478//599 3577//686
f 3478//599 3479//677 3578//687
f 3478//599 3578//687 3577//686
f 3479//677 3480//665 3578//687
f 3578//687 3480//665 3579//664
f 3480//665 3481//540 3579//664
f 3579//664 3481//540 3580//631
f 3481//540 3482//587 3581//600
f 3481//540 3581//600 3580//631
f 3482//587 3483//664 3582//563
f 3482//587 3582//563 3581//600
f 3483//664 3484//599 3582//563
f 3582//563 3484//599 3583//563
f 3484//599 3485//631 3584//553
f 3484//599 3584//553 3583//563
f 3485//631 3486//573 3584//553
f 3584//553 3486//573 3585//641
f 3486//573 3487//600 3586//677
f 3486//573 3586//677 3585//641
f 3487//600 3488//600 3587//688
f 3487//600 3587//688 3586//677
f 3488//600 3489//600 3588//540
f 3488//600 3588//540 3587//688
f 3489//600 3490//631 3589//540
f 3489//600 3589//540 3588//540
f 3490//631 3491//573 3589//540
f 3589//540 3491//573 3590//309
f 3491//573 3492//600 3591//540
f 3491//573 3591//540 3590//309
f 3492//600 3493//600 3592//600
f 3492//600 3592//600 3591//540
f 3493//600 3494//540 3593//600
f 3493//600 3593//600 3592//600
f 3494//540 3495//309 3594//553
f 3494//540 3594//553 3593//600
f 3495//309 3496//309 3594//553
f 3594//553 3496//309 3595//528
f 3496//309 3497//554 3595//528
f 3595//528 3497//554 3596//309
f 3497//554 3498//664 3596//309
f 3596//309 3498//664 3597//542
f 3498//664 3499//634 3597//542
f 3597//542 3499//634 3598//541
f 3499//634 3500//309 3598//541
f 3598//541 3500//309 3599//309
f 3500//309 3501//309 3599//309
f 3599//309 3501//309 3600//309
f 3501//309 3502//540 3600//309
f 3600//309 3502//540 3601//309
f 3502//540 3503//540 3602//540
f 3502//540 3602//540 3601//309
f 3503//540 3504//309 3603//540
f 3503//540 3603//540 3602//540
f 3504//309 3505//309 3603//540
f 3603//540 3505//309 3604//309
f 3505//309 3506//309 3604//309
f 3604//309 3506//309 3605//309
f 3506//309 3507//540 3605//309
f 3605//309 3507//540 3606//309
f 3507//540 3508//540 3607//540
f 3507//540 3607//540 3606//309
f 3508//540 3509//309 3608//540
f 3508//540 3608//540 3607//540
f 3509//309 3510//309 3608//540
f 3608//540 3510//309 3609//309
f 3510//309 3511//309 3609//309
f 3609//309 3511//309 3610//309
f 3511//309 3512//309 3610//309
f 3610//309 3512//309 3611//309
f 3512//309 3513//309 3611//309
f 3611//309 3513//309 3612//309
f 3513//309 3514//309 3612//309
f 3612//309 3514//309 3613//309
f 3514//309 3515//542 3613//309
f 3613//309 3515//542 3614//309
f 3515//542 3516//555 3615//540
f 3515//542 3615//540 3614//309
f 3516//555 3517//678 3616//689
f 3516//555 3616//689 3615//540
f 3517//678 3518//679 3616//689
f 3616//689 3518//679 3617//690
f 3519//680 3520//681 3618//691
f 3618//691 3520//681 3619//681
f 3520//681 3521//309 3619//681
f 3619//681 3521//309 3620//375
f 3521//309 3522//375 3620//375
f 3620//375 3522//375 3621//375
f 3522//375 3523//306 3621//375
f 3621//375 3523//306 3622//309
f 3523//306 3524//308 3622//309
f 3622//309 3524//308 3623//309
f 3524//308 3525//309 3623//309
f 3623//309 3525//309 3624//309
f 3525//309 3526//309 3624//309
f 3624//309 3526//309 3625//309
f 3526//309 3527//309 3625//309
f 3625//309 3527//309 3626//309
f 3527//309 3528//309 3626//309
f 3626//309 3528//309 3627//309
f 3528//309 3529//309 3627//309
f 3627//309 3529//309 3628//309
f 3529//309 3530//309 3628//309
f 3628//309 3530//309 3629//309
f 3530//309 3531//309 3629//309
f 3629//309 3531//309 3630//309
f 3531//309 3532//309 3630//309
f 3630//309 3532//309 3631//309
f 3532//309 3533//309 3631//309
f 3631//309 3533//309 3632//309
f 3533//309 3534//560 3632//309
f 3632//309 3534//560 3633//550
f 3534//560 3535//560 3633//550
f 3633//550 3535//560 3634//581
f 3535//560 3536//309 3634//581
f 3634//581 3536//309 3635//309
f 3536//309 3537//309 3635//309
f 3635//309 3537//309 3636//309
f 3537//309 3538//309 3636//309
f 3636//309 3538//309 3637//570
f 3538//309 3539//550 3637//570
f 3637//570 3539//550 3638//537
f 3539//550 3540//536 3638//537
f 3638//537 3540//536 3639//309
f 3540//536 3541//560 3639//309
f 3639//309 3541//560 3640//549
f 3541//560 3542//560 3640//549
f 3640//549 3542//560 3641//550
f 3542//560 3543//550 3641//550
f 3641//550 3543//550 3642//549
f 3543//550 3544//536 3642//549
f 3642//549 3544//536 3643//309
f 3544//536 3545//536 3643//309
f 3643//309 3545//536 3644//549
f 3545//536 3546//549 3644//549
f 3644//549 3546//549 3645//536
f 3546//549 3547//309 3645//536
f 3645//536 3547//309 3646//309
f 3547//309 3548//560 3646//309
f 3646//309 3548//560 3647//550
f 3548//560 3549//560 3647//550
f 3647//550 3549//560 3648//536
f 3549//560 3550//560 3648//536
f 3648//536 3550//560 3649//560
f 3550//560 3551//560 3649//560
f 3649//560 3551//560 3650//560
f 3551//560 3552//560 3650//560
f 3650//560 3552//560 3651//549
f 3552//560 3553//560 3651//549
f 3651//549 3553//560 3652//550
f 3553//560 3554//549 3652//550
f 3652//550 3554//549 3653//549
f 3554//549 3555//536 3653//549
f 3653//549 3555//536 3654//309
f 3555//536 3556//309 3654//309
f 3654//309 3556//309 3655//536
f 3556//309 3557//550 3655//536
f 3655//536 3557//550 3656//550
f 3557//550 3558//581 3656//550
f 3656//550 3558//581 3657//309
f 3558//581 3559//309 3657//309
f 3657//309 3559//309 3658//309
f 3559//309 3560//309 3658//309
f 3658//309 3560//309 3659//682
f 3560//309 3561//682 3659//682
f 3659//682 3561//682 3660//682
f 3561//682 3562//683 3660//682
f 3660//682 3562//683 3661//309
f 3562//683 3563//675 3661//309
f 3661//309 3563//675 3662//309
f 3563//675 3564//675 3662//309
f 3662//309 3564//675 3663//309
f 3564//675 3565//675 3663//309
f 3663//309 3565//675 3664//309
f 3565//675 3566//684 3664//309
f 3664//309 3566//684 3665//692
f 3566//684 3567//684 3666//693
f 3566//684 3666//693 3665//692
f 3567//684 3568//685 3666//693
f 3666//693 3568//685 3667//694
f 3568//685 3569//600 3668//695
f 3568//685 3668//695 3667//694
f 3569//600 3570//552 3669//696
f 3569//600 3669//696 3668//695
f 3570//552 3571//539 3670//539
f 3570//552 3670//539 3669//696
f 3571//539 3572//539 3671//574
f 3571//539 3671//574 3670//539
f 3572//539 3573//552 3671//574
f 3671//574 3573//552 3672//563
f 3573//552 3574//552 3673//612
f 3573//552 3673//612 3672//563
f 3574//552 3575//539 3674//539
f 3574//552 3674//539 3673//612
f 3575//539 3576//563 3675//562
f 3575//539 3675//562 3674//539
f 3576//563 3577//686 3675//562
f 3675//562 3577//686 3676//697
f 3577//686 3578//687 3677//697
f 3577//686 3677//697 3676//697
f 3578//687 3579//664 3678//562
f 3578//687 3678//562 3677//697
f 3579//664 3580//631 3678//562
f 3678//562 3580//631 3679//607
f 3580//631 3581//600 3680//600
f 3580//631 3680//600 3679//607
f 3581//600 3582//563 3681//631
f 3581//600 3681//631 3680//600
f 3582//563 3583//563 3681//631
f 3681//631 3583//563 3682//573
f 3583//563 3584//553 3683//552
f 3583//563 3683//552 3682//573
f 3584//553 3585//641 3683//552
f 3683//552 3585//641 3684//539
f 3585//641 3586//677 3685//587
f 3585//641 3685//587 3684//539
f 3586//677 3587//688 3685//587
f 3685//587 3587//688 3686//664
f 3587//688 3588//540 3686//664
f 3686//664 3588//540 3687//631
f 3588//540 3589//540 3688//600
f 3588//540 3688//600 3687//631
f 3589//540 3590//309 3689//540
f 3589//540 3689//540 3688//600
f 3590//309 3591//540 3689//540
f 3689//540 3591//540 3690//309
f 3591//540 3592//600 3691//540
f 3591//540 3691//540 3690//309
f 3592//600 3593//600 3692//600
f 3592//600 3692//600 3691//540
f 3593//600 3594//553 3693//631
f 3593//600 3693//631 3692//600
f 3594//553 3595//528 3693//631
f 3693//631 3595//528 3694//573
f 3595//528 3596//309 3695//553
f 3595//528 3695//553 3694//573
f 3596//309 3597//542 3695//553
f 3695//553 3597//542 3696//599
f 3597//542 3598//541 3697//600
f 3597//542 3697//600 3696//599
f 3598//541 3599//309 3698//553
f 3598//541 3698//553 3697//600
f 3599//309 3600//309 3698//553
f 3698//553 3600//309 3699//554
f 3600//309 3601//309 3699//554
f 3699//554 3601//309 3700//309
f 3601//309 3602//540 3700//309
f 3700//309 3602//540 3701//309
f 3602//540 3603//540 3702//540
f 3602//540 3702//540 3701//309
f 3603//540 3604//309 3703//540
f 3603//540 3703//540 3702//540
f 3604//309 3605//309 3703//540
f 3703//540 3605//309 3704//309
f 3605//309 3606//309 3704//309
f 3704//309 3606//309 3705//309
f 3606//309 3607//540 3705//309
f 3705//309 3607//540 3706//309
f 3607//540 3608//540 3707//540
f 3607//540 3707//540 3706//309
f 3608//540 3609//309 3708//553
f 3608//540 3708//553 3707//540
f 3609//309 3610//309 3708//553
f 3708//553 3610//309 3709//554
f 3610//309 3611//309 3709//554
f 3709//554 3611//309 3710//309
f 3611//309 3612//309 3710//309
f 3710//309 3612//309 3711//309
f 3612//309 3613//309 3711//309
f 3711//309 3613//309 3712//309
f 3613//309 3614//309 3712//309
f 3712//309 3614//309 3713//309
f 3614//309 3615//540 3713//309
f 3713//309 3615//540 3714//309
f 3615//540 3616//689 3715//698
f 3615//540 3715//698 3714//309
f 3616//689 3617//690 3716//699
f 3616//689 3716//699 3715//698
f 3617//690 3717//700 3716//699
f 3618//691 3619//681 3718//701
f 3718//701 3619//681 3719//702
f 3619//681 3620//375 3719//702
f 3719//702 3620//375 3720//535
f 3620//375 3621//375 3720//535
f 3720//535 3621//375 3721//309
f 3621//375 3622//309 3721//309
f 3721//309 3622//309 3722//309
f 3622//309 3623//309 3722//309
f 3722//309 3623//309 3723//309
f 3623//309 3624//309 3723//309
f 3723//309 3624//309 3724//309
f 3624//309 3625//309 3724//309
f 3724//309 3625//309 3725//309
f 3625//309 3626//309 3725//309
f 3725//309 3626//309 3726//309
f 3626//309 3627//309 3726//309
f 3726//309 3627//309 3727//309
f 3627//309 3628//309 3727//309
f 3727//309 3628//309 3728//309
f 3628//309 3629//309 3728//309
f 3728//309 3629//309 3729//309
f 3629//309 3630//309 3729//309
f 3729//309 3630//309 3730//309
f 3630//309 3631//309 3730//309
f 3730//309 3631//309 3731//309
f 3631//309 3632//309 3731//309
f 3731//309 3632//309 3732//536
f 3632//309 3633//550 3732//536
f 3732//536 3633//550 3733//549
f 3633//550 3634//581 3733//549
f 3733//549 3634//581 3734//309
f 3634//581 3635//309 3734//309
f 3734//309 3635//309 3735//309
f 3635//309 3636//309 3735//309
f 3735//309 3636//309 3736//536
f 3636//309 3637//570 3736//536
f 3736//536 3637//570 3737//549
f 3637//570 3638//537 3737//549
f 3737//549 3638//537 3738//309
f 3638//537 3639//309 3738//309
f 3738//309 3639//309 3739//536
f 3639//309 3640//549 3739//536
f 3739//536 3640//549 3740//550
f 3640//549 3641//550 3740//550
f 3740//550 3641//550 3741//560
f 3641//550 3642//549 3741//560
f 3741//560 3642//549 3742//560
f 3642//549 3643//309 3742//560
f 3742//560 3643//309 3743//536
f 3643//309 3644//549 3743//536
f 3743//536 3644//549 3744//550
f 3644//549 3645//536 3744//550
f 3744//550 3645//536 3745//309
f 3645//536 3646//309 3745//309
f 3745//309 3646//309 3746//536
f 3646//309 3647//550 3746//536
f 3746//536 3647//550 3747//550
f 3647//550 3648//536 3747//550
f 3747//550 3648//536 3748//309
f 3648//536 3649//560 3748//309
f 3748//309 3649//560 3749//550
f 3649//560 3650//560 3749//550
f 3749//550 3650//560 3750//550
f 3650//560 3651//549 3750//550
f 3750//550 3651//549 3751//550
f 3651//549 3652//550 3751//550
f 3751//550 3652//550 3752//550
f 3652//550 3653//549 3752//550
f 3752//550 3653//549 3753//581
f 3653//549 3654//309 3753//581
f 3753//581 3654//309 3754//526
f 3654//309 3655//536 3754//526
f 3754//526 3655//536 3755//537
f 3655//536 3656//550 3755//537
f 3755//537 3656//550 3756//536
f 3656//550 3657//309 3756//536
f 3756//536 3657//309 3757//309
f 3657//309 3658//309 3757//309
f 3757//309 3658//309 3758//682
f 3658//309 3659//682 3758//682
f 3758//682 3659//682 3759//682
f 3659//682 3660//682 3759//682
f 3759//682 3660//682 3760//309
f 3660//682 3661//309 3760//309
f 3760//309 3661//309 3761//309
f 3661//309 3662//309 3761//309
f 3761//309 3662//309 3762//703
f 3662//309 3663//309 3762//703
f 3762//703 3663//309 3763//704
f 3663//309 3664//309 3763//704
f 3763//704 3664//309 3764//705
f 3664//309 3665//692 3764//705
f 3764//705 3665//692 3765//705
f 3665//692 3666//693 3765//705
f 3765//705 3666//693 3766//706
f 3666//693 3667//694 3767//707
f 3666//693 3767//707 3766//706
f 3667//694 3668//695 3768//708
f 3667//694 3768//708 3767//707
f 3668//695 3669//696 3768//708
f 3768//708 3669//696 3769//709
f 3669//696 3670//539 3770//710
f 3669//696 3770//710 3769//709
f 3670//539 3671//574 3770//710
f 3770//710 3671//574 3771//711
f 3671//574 3672//563 3771//711
f 3771//711 3672//563 3772//712
f 3672//563 3673//612 3773//612
f 3672//563 3773//612 3772//712
f 3673//612 3674//539 3774//563
f 3673//612 3774//563 3773//612
f 3674//539 3675//562 3774//563
f 3774//563 3675//562 3775//563
f 3675//562 3676//697 3776//713
f 3675//562 3776//713 3775//563
f 3676//697 3677//697 3777//686
f 3676//697 3777//686 3776//713
f 3677//697 3678//562 3777//686
f 3777//686 3678//562 3778//563
f 3678//562 3679//607 3779//539
f 3678//562 3779//539 3778//563
f 3679//607 3680//600 3780//552
f 3679//607 3780//552 3779//539
f 3680//600 3681//631 3781//553
f 3680//600 3781//553 3780//552
f 3681//631 3682//573 3781//553
f 3781//553 3682//573 3782//641
f 3682//573 3683//552 3783//600
f 3682//573 3783//600 3782//641
f 3683//552 3684//539 3784//598
f 3683//552 3784//598 3783//600
f 3684//539 3685//587 3785//600
f 3684//539 3785//600 3784//598
f 3685//587 3686//664 3786//563
f 3685//587 3786//563 3785//600
f 3686//664 3687//631 3786//563
f 3786//563 3687//631 3787//563
f 3687//631 3688//600 3788//600
f 3687//631 3788//600 3787//563
f 3688//600 3689//540 3789//598
f 3688//600 3789//598 3788//600
f 3689//540 3690//309 3790//553
f 3689//540 3790//553 3789//598
f 3690//309 3691//540 3790//553
f 3790//553 3691//540 3791//641
f 3691//540 3692//600 3792//600
f 3691//540 3792//600 3791//641
f 3692//600 3693//631 3793//573
f 3692//600 3793//573 3792//600
f 3693//631 3694//573 3793//573
f 3793//573 3694//573 3794//641
f 3694//573 3695//553 3795//631
f 3694//573 3795//631 3794//641
f 3695//553 3696//599 3795//631
f 3795//631 3696//599 3796//573
f 3696//599 3697//600 3797//598
f 3696//599 3797//598 3796//573
f 3697//600 3698//553 3798//631
f 3697//600 3798//631 3797//598
f 3698//553 3699//554 3798//631
f 3798//631 3699//554 3799//573
f 3699//554 3700//309 3800//540
f 3699//554 3800//540 3799//573
f 3700//309 3701//309 3800//540
f 3800//540 3701//309 3801//309
f 3701//309 3702//540 3801//309
f 3801//309 3702//540 3802//309
f 3702//540 3703//540 3803//540
f 3702//540 3803//540 3802//309
f 3703//540 3704//309 3804//573
f 3703//540 3804//573 3803//540
f 3704//309 3705//309 3804//573
f 3804//573 3705//309 3805//528
f 3705//309 3706//309 3805//528
f 3805//528 3706//309 3806//309
f 3706//309 3707//540 3806//309
f 3806//309 3707//540 3807//309
f 3707//540 3708//553 3808//554
f 3707//540 3808//554 3807//309
f 3708//553 3709//554 3808//554
f 3808//554 3709//554 3809//553
f 3709//554 3710//309 3810//540
f 3709//554 3810//540 3809//553
f 3710//309 3711//309 3810//540
f 3810//540 3711//309 3811//309
f 3711//309 3712//309 3811//309
f 3811//309 3712//309 3812//309
f 3712//309 3713//309 3812//309
f 3812//309 3713//309 3813//309
f 3713//309 3714//309 3813//309
f 3813//309 3714//309 3814//309
f 3714//309 3715//698 3814//309
f 3814//309 3715//698 3815//309
f 3715//698 3716//699 3815//309
f 3815//309 3716//699 3816//714
f 3716//699 3717//700 3817//715
f 3716//699 3817//715 3816//714
f 3717//700 3818//716 3817//715
f 3718//701 3719//702 3819//717
f 3819//717 3719//702 3820//718
f 3719//702 3720//535 3820//718
f 3820//718 3720//535 3821//576
f 3720//535 3721//309 3821//576
f 3821//576 3721//309 3822//309
f 3721//309 3722//309 3822//309
f 3822//309 3722//309 3823//309
f 3722//309 3723//309 3823//309
f 3823//309 3723//309 3824//309
f 3723//309 3724//309 3824//309
f 3824//309 3724//309 3825//309
f 3724//309 3725//309 3825//309
f 3825//309 3725//309 3826//309
f 3725//309 3726//309 3826//309
f 3826//309 3726//309 3827//309
f 3726//309 3727//309 3827//309
f 3827//309 3727//309 3828//309
f 3727//309 3728//309 3828//309
f 3828//309 3728//309 3829//309
f 3728//309 3729//309 3829//309
f 3829//309 3729//309 3830//309
f 3729//309 3730//309 3830//309
f 3830//309 3730//309 3831//309
f 3730//309 3731//309 3831//309
f 3831//309 3731//309 3832//309
f 3731//309 3732//536 3832//309
f 3832//309 3732//536 3833//560
f 3732//536 3733//549 3833//560
f 3833//560 3733//549 3834//560
f 3733//549 3734//309 3834//560
f 3834//560 3734//309 3835//309
f 3734//309 3735//309 3835//309
f 3835//309 3735//309 3836//309
f 3735//309 3736//536 3836//309
f 3836//309 3736//536 3837//560
f 3736//536 3737//549 3837//560
f 3837//560 3737//549 3838//560
f 3737//549 3738//309 3838//560
f 3838//560 3738//309 3839//309
f 3738//309 3739//536 3839//309
f 3839//309 3739//536 3840//560
f 3739//536 3740//550 3840//560
f 3840//560 3740//550 3841//560
f 3740//550 3741//560 3841//560
f 3841//560 3741//560 3842//560
f 3741//560 3742//560 3842//560
f 3842//560 3742//560 3843//560
f 3742//560 3743//536 3843//560
f 3843//560 3743//536 3844//550
f 3743//536 3744//550 3844//550
f 3844//550 3744//550 3845//581
f 3744//550 3745//309 3845//581
f 3845//581 3745//309 3846//309
f 3745//309 3746//536 3846//309
f 3846//309 3746//536 3847//549
f 3746//536 3747//550 3847//549
f 3847//549 3747//550 3848//581
f 3747//550 3748//309 3848//581
f 3848//581 3748//309 3849//536
f 3748//309 3749//550 3849//536
f 3849//536 3749//550 3850//550
f 3749//550 3750//550 3850//550
f 3850//550 3750//550 3851//550
f 3750//550 3751//550 3851//550
f 3851//550 3751//550 3852//550
f 3751//550 3752//550 3852//550
f 3852//550 3752//550 3853//550
f 3752//550 3753//581 3853//550
f 3853//550 3753//581 3854//537
f 3753//581 3754//526 3854//537
f 3854//537 3754//526 3855//596
f 3754//526 3755//537 3855//596
f 3855//596 3755//537 3856//611
f 3755//537 3756//536 3856//611
f 3856//611 3756//536 3857//674
f 3756//536 3757//309 3857//674
f 3857//674 3757//309 3858//683
f 3757//309 3758//682 3858//683
f 3858//683 3758//682 3859//682
f 3758//682 3759//682 3859//682
f 3859//682 3759//682 3860//309
f 3759//682 3760//309 3860//309
f 3860//309 3760//309 3861//703
f 3760//309 3761//309 3861//703
f 3861//703 3761//309 3862//719
f 3761//309 3762//703 3862//719
f 3862//719 3762//703 3863//705
f 3762//703 3763//704 3863//705
f 3863//705 3763//704 3864//704
f 3763//704 3764//705 3864//704
f 3864//704 3764//705 3865//703
f 3764//705 3765//705 3865//703
f 3865//703 3765//705 3866//703
f 3765//705 3766//706 3866//703
f 3866//703 3766//706 3867//720
f 3766//706 3767//707 3868//721
f 3766//706 3868//721 3867//720
f 3767//707 3768//708 3868//721
f 3868//721 3768//708 3869//722
f 3768//708 3769//709 3869//722
f 3869//722 3769//709 3870//707
f 3769//709 3770//710 3871//723
f 3769//709 3871//723 3870//707
f 3770//710 3771//711 3871//723
f 3871//723 3771//711 3872//724
f 3771//711 3772//712 3872//724
f 3872//724 3772//712 3873//684
f 3772//712 3773//612 3874//725
f 3772//712 3874//725 3873//684
f 3773//612 3774//563 3875//563
f 3773//612 3875//563 3874//725
f 3774//563 3775//563 3875//563
f 3875//563 3775//563 3876//686
f 3775//563 3776//713 3877//713
f 3775//563 3877//713 3876//686
f 3776//713 3777//686 3878//563
f 3776//713 3878//563 3877//713
f 3777//686 3778//563 3878//563
f 3878//563 3778//563 3879//563
f 3778//563 3779//539 3880//563
f 3778//563 3880//563 3879//563
f 3779//539 3780//552 3880//563
f 3880//563 3780//552 3881//563
f 3780//552 3781//553 3882//552
f 3780//552 3882//552 3881//563
f 3781//553 3782//641 3882//552
f 3882//552 3782//641 3883//539
f 3782//641 3783//600 3884//539
f 3782//641 3884//539 3883//539
f 3783//600 3784//598 3885//552
f 3783//600 3885//552 3884//539
f 3784//598 3785//600 3886//600
f 3784//598 3886//600 3885//552
f 3785//600 3786//563 3887//631
f 3785//600 3887//631 3886//600
f 3786//563 3787//563 3887//631
f 3887//631 3787//563 3888//573
f 3787//563 3788//600 3889//612
f 3787//563 3889//612 3888//573
f 3788//600 3789//598 3890//539
f 3788//600 3890//539 3889//612
f 3789//598 3790//553 3891//562
f 3789//598 3891//562 3890//539
f 3790//553 3791//641 3891//562
f 3891//562 3791//641 3892//539
f 3791//641 3792//600 3893//600
f 3791//641 3893//600 3892//539
f 3792//600 3793//573 3894//631
f 3792//600 3894//631 3893//600
f 3793//573 3794//641 3894//631
f 3894//631 3794//641 3895//573
f 3794//641 3795//631 3896//553
f 3794//641 3896//553 3895//573
f 3795//631 3796//573 3896//553
f 3896//553 3796//573 3897//599
f 3796//573 3797//598 3898//600
f 3796//573 3898//600 3897//599
f 3797//598 3798//631 3899//553
f 3797//598 3899//553 3898//600
f 3798//631 3799//573 3899//553
f 3899//553 3799//573 3900//599
f 3799//573 3800//540 3901//600
f 3799//573 3901//600 3900//599
f 3800//540 3801//309 3902//540
f 3800//540 3902//540 3901//600
f 3801//309 3802//309 3902//540
f 3902//540 3802//309 3903//309
f 3802//309 3803//540 3903//309
f 3903//309 3803//540 3904//309
f 3803//540 3804//573 3905//554
f 3803//540 3905//554 3904//309
f 3804//573 3805//528 3905//554
f 3905//554 3805//528 3906//573
f 3805//528 3806//309 3907//540
f 3805//528 3907//540 3906//573
f 3806//309 3807//309 3907//540
f 3907//540 3807//309 3908//309
f 3807//309 3808//554 3908//309
f 3908//309 3808//554 3909//309
f 3808//554 3809//553 3909//309
f 3909//309 3809//553 3910//309
f 3809//553 3810//540 3911//540
f 3809//553 3911//540 3910//309
f 3810//540 3811//309 3912//553
f 3810//540 3912//553 3911//540
f 3811//309 3812//309 3912//553
f 3912//553 3812//309 3913//527
f 3812//309 3813//309 3913//527
f 3913//527 3813//309 3914//554
f 3813//309 3814//309 3914//554
f 3914//554 3814//309 3915//309
f 3814//309 3815//309 3915//309
f 3915//309 3815//309 3916//309
f 3815//309 3816//714 3916//309
f 3916//309 3816//714 3917//309
f 3816//714 3817//715 3918//726
f 3816//714 3918//726 3917//309
f 3817//715 3818//716 3918//726
f 3918//726 3818//716 3919//727
f 3819//717 3820//718 3920//728
f 3920//728 3820//718 3921//729
f 3820//718 3821//576 3921//729
f 3921//729 3821//576 3922//659
f 3821//576 3822//309 3922//659
f 3922//659 3822//309 3923//309
f 3822//309 3823//309 3923//309
f 3923//309 3823//309 3924//309
f 3823//309 3824//309 3924//309
f 3924//309 3824//309 3925//309
f 3824//309 3825//309 3925//309
f 3925//309 3825//309 3926//309
f 3825//309 3826//309 3926//309
f 3926//309 3826//309 3927//309
f 3826//309 3827//309 3927//309
f 3927//309 3827//309 3928//309
f 3827//309 3828//309 3928//309
f 3928//309 3828//309 3929//309
f 3828//309 3829//309 3929//309
f 3929//309 3829//309 3930//309
f 3829//309 3830//309 3930//309
f 3930//309 3830//309 3931//309
f 3830//309 3831//309 3931//309
f 3931//309 3831//309 3932//309
f 3831//309 3832//309 3932//309
f 3932//309 3832//309 3933//309
f 3832//309 3833//560 3933//309
f 3933//309 3833//560 3934//560
f 3833//560 3834//560 3934//560
f 3934//560 3834//560 3935//560
f 3834//560 3835//309 3935//560
f 3935//560 3835//309 3936//309
f 3835//309 3836//309 3936//309
f 3936//309 3836//309 3937//309
f 3836//309 3837//560 3937//309
f 3937//309 3837//560 3938//550
f 3837//560 3838//560 3938//550
f 3938//550 3838//560 3939//536
f 3838//560 3839//309 3939//536
f 3939//536 3839//309 3940//309
f 3839//309 3840//560 3940//309
f 3940//309 3840//560 3941//550
f 3840//560 3841//560 3941//550
f 3941//550 3841//560 3942//581
f 3841//560 3842//560 3942//581
f 3942//581 3842//560 3943//550
f 3842//560 3843//560 3943//550
f 3943//550 3843//560 3944//550
f 3843//560 3844//550 3944//550
f 3944//550 3844//550 3945//549
f 3844//550 3845//581 3945//549
f 3945//549 3845//581 3946//309
f 3845//581 3846//309 3946//309
f 3946//309 3846//309 3947//570
f 3846//309 3847//549 3947//570
f 3947//570 3847//549 3948//537
f 3847//549 3848//581 3948//537
f 3948//537 3848//581 3949//309
f 3848//581 3849//536 3949//309
f 3949//309 3849//536 3950//550
f 3849//536 3850//550 3950//550
f 3950//550 3850//550 3951//550
f 3850//550 3851//550 3951//550
f 3951//550 3851//550 3952//549
f 3851//550 3852//550 3952//549
f 3952//549 3852//550 3953//549
f 3852//550 3853//550 3953//549
f 3953//549 3853//550 3954//572
f 3853//550 3854//537 3954//572
f 3954//572 3854//537 3955//570
f 3854//537 3855//596 3955//570
f 3955//570 3855//596 3956//309
f 3855//596 3856//611 3956//309
f 3956//309 3856//611 3957//682
f 3856//611 3857//674 3957//682
f 3957//682 3857//674 3958//683
f 3857//674 3858//683 3958//683
f 3958//683 3858//683 3959//674
f 3858//683 3859//682 3959//674
f 3959//674 3859//682 3960//309
f 3859//682 3860//309 3960//309
f 3960//309 3860//309 3961//730
f 3860//309 3861//703 3961//730
f 3961//730 3861//703 3962//705
f 3861//703 3862//719 3962//705
f 3962//705 3862//719 3963//703
f 3862//719 3863//705 3963//703
f 3963//703 3863//705 3964//309
f 3863//705 3864//704 3964//309
f 3964//309 3864//704 3965//703
f 3864//704 3865//703 3965//703
f 3965//703 3865//703 3966//705
f 3865//703 3866//703 3966//705
f 3966//705 3866//703 3967//705
f 3866//703 3867//720 3967//705
f 3967//705 3867//720 3968//704
f 3867//720 3868//721 3968//704
f 3968//704 3868//721 3969//704
f 3868//721 3869//722 3969//704
f 3969//704 3869//722 3970//706
f 3869//722 3870//707 3971//707
f 3869//722 3971//707 3970//706
f 3870//707 3871//723 3972//731
f 3870//707 3972//731 3971//707
f 3871//723 3872//724 3973//706
f 3871//723 3973//706 3972//731
f 3872//724 3873//684 3973//706
f 3973//706 3873//684 3974//732
f 3873//684 3874//725 3975//733
f 3873//684 3975//733 3974//732
f 3874//725 3875//563 3976//710
f 3874//725 3976//710 3975//733
f 3875//563 3876//686 3976//710
f 3976//710 3876//686 3977//734
f 3876//686 3877//713 3978//697
f 3876//686 3978//697 3977//734
f 3877//713 3878//563 3979//562
f 3877//713 3979//562 3978//697
f 3878//563 3879//563 3979//562
f 3979//562 3879//563 3980//607
f 3879//563 3880//563 3981//563
f 3879//563 3981//563 3980//607
f 3880//563 3881//563 3981//563
f 3981//563 3881//563 3982//563
f 3881//563 3882//552 3983//735
f 3881//563 3983//735 3982//563
f 3882//552 3883//539 3984//736
f 3882//552 3984//736 3983//735
f 3883//539 3884//539 3985//737
f 3883//539 3985//737 3984//736
f 3884//539 3885//552 3985//737
f 3985//737 3885//552 3986//563
f 3885//552 3886//600 3987//612
f 3885//552 3987//612 3986//563
f 3886//600 3887//631 3988//553
f 3886//600 3988//553 3987//612
f 3887//631 3888//573 3988//553
f 3988//553 3888//573 3989//631
f 3888//573 3889//612 3990//600
f 3888//573 3990//600 3989//631
f 3889//612 3890//539 3991//552
f 3889//612 3991//552 3990//600
f 3890//539 3891//562 3991//552
f 3991//552 3891//562 3992//607
f 3891//562 3892//539 3993//600
f 3891//562 3993//600 3992//607
f 3892//539 3893//600 3994//600
f 3892//539 3994//600 3993//600
f 3893//600 3894//631 3995//553
f 3893//600 3995//553 3994//600
f 3894//631 3895//573 3995//553
f 3995//553 3895//573 3996//564
f 3895//573 3896//553 3997//574
f 3895//573 3997//574 3996//564
f 3896//553 3897//599 3997//574
f 3997//574 3897//599 3998//563
f 3897//599 3898//600 3999//598
f 3897//599 3999//598 3998//563
f 3898//600 3899//553 4000//631
f 3898//600 4000//631 3999//598
f 3899//553 3900//599 4000//631
f 4000//631 3900//599 4001//585
f 3900//599 3901//600 4002//688
f 3900//599 4002//688 4001//585
f 3901//600 3902//540 4003//540
f 3901//600 4003//540 4002//688
f 3902//540 3903//309 4004//553
f 3902//540 4004//553 4003//540
f 3903//309 3904//309 4004//553
f 4004//553 3904//309 4005//527
f 3904//309 3905//554 4005//527
f 4005//527 3905//554 4006//528
f 3905//554 3906//573 4006//528
f 4006//528 3906//573 4007//309
f 3906//573 3907//540 4008//540
f 3906//573 4008//540 4007//309
f 3907//540 3908//309 4009//540
f 3907//540 4009//540 4008//540
f 3908//309 3909//309 4009//540
f 4009//540 3909//309 4010//309
f 3909//309 3910//309 4010//309
f 4010//309 3910//309 4011//309
f 3910//309 3911//540 4011//309
f 4011//309 3911//540 4012//309
f 3911//540 3912//553 4013//554
f 3911//540 4013//554 4012//309
f 3912//553 3913//527 4013//554
f 4013//554 3913//527 4014//527
f 3913//527 3914//554 4014//527
f 4014//527 3914//554 4015//553
f 3914//554 3915//309 4016//540
f 3914//554 4016//540 4015//553
f 3915//309 3916//309 4016//540
f 4016//540 3916//309 4017//309
f 3916//309 3917//309 4017//309
f 4017//309 3917//309 4018//309
f 3917//309 3918//726 4018//309
f 4018//309 3918//726 4019//601
f 3918//726 3919//727 4019//601
f 4019//601 3919//727 4020//738
f 3920//728 3921//729 4021//739
f 3921//729 3922//659 4022//740
f 3921//729 4022//740 4021//739
f 3922//659 3923//309 4022//740
f 4022//740 3923//309 4023//309
f 3923//309 3924//309 4023//309
f 4023//309 3924//309 4024//309
f 3924//309 3925//309 4024//309
f 4024//309 3925//309 4025//309
f 3925//309 3926//309 4025//309
f 4025//309 3926//309 4026//309
f 3926//309 3927//309 4026//309
f 4026//309 3927//309 4027//309
f 3927//309 3928//309 4027//309
f 4027//309 3928//309 4028//309
f 3928//309 3929//309 4028//309
f 4028//309 3929//309 4029//309
f 3929//309 3930//309 4029//309
f 4029//309 3930//309 4030//309
f 3930//309 3931//309 4030//309
f 4030//309 3931//309 4031//309
f 3931//309 3932//309 4031//309
f 4031//309 3932//309 4032//309
f 3932//309 3933//309 4032//309
f 4032//309 3933//309 4033//309
f 3933//309 3934//560 4033//309
f 4033//309 3934//560 4034//549
f 3934//560 3935//560 4034//549
f 4034//549 3935//560 4035//581
f 3935//560 3936//309 4035//581
f 4035//581 3936//309 4036//309
f 3936//309 3937//309 4036//309
f 4036//309 3937//309 4037//536
f 3937//309 3938//550 4037//536
f 4037//536 3938//550 4038//549
f 3938//550 3939//536 4038//549
f 4038//549 3939//536 4039//309
f 3939//536 3940//309 4039//309
f 4039//309 3940//309 4040//536
f 3940//309 3941//550 4040//536
f 4040//536 3941//550 4041//550
f 3941//550 3942//581 4041//550
f 4041//550 3942//581 4042//536
f 3942//581 3943//550 4042//536
f 4042//536 3943//550 4043//550
f 3943//550 3944//550 4043//550
f 4043//550 3944//550 4044//560
f 3944//550 3945//549 4044//560
f 4044//560 3945//549 4045//560
f 3945//549 3946//309 4045//560
f 4045//560 3946//309 4046//536
f 3946//309 3947//570 4046//536
f 4046//536 3947//570 4047//550
f 3947//570 3948//537 4047//550
f 4047//550 3948//537 4048//309
f 3948//537 3949//309 4048//309
f 4048//309 3949//309 4049//537
f 3949//309 3950//550 4049//537
f 4049//537 3950//550 4050//537
f 3950//550 3951//550 4050//537
f 4050//537 3951//550 4051//560
f 3951//550 3952//549 4051//560
f 4051//560 3952//549 4052//595
f 3952//549 3953//549 4052//595
f 4052//595 3953//549 4053//572
f 3953//549 3954//572 4053//572
f 4053//572 3954//572 4054//550
f 3954//572 3955//570 4054//550
f 4054//550 3955//570 4055//309
f 3955//570 3956//309 4055//309
f 4055//309 3956//309 4056//682
f 3956//309 3957//682 4056//682
f 4056//682 3957//682 4057//682
f 3957//682 3958//683 4057//682
f 4057//682 3958//683 4058//309
f 3958//683 3959//674 4058//309
f 4058//309 3959//674 4059//309
f 3959//674 3960//309 4059//309
f 4059//309 3960//309 4060//730
f 3960//309 3961//730 4060//730
f 4060//730 3961//730 4061//730
f 3961//730 3962//705 4061//730
f 4061//730 3962//705 4062//309
f 3962//705 3963//703 4062//309
f 4062//309 3963//703 4063//703
f 3963//703 3964//309 4063//703
f 4063//703 3964//309 4064//719
f 3964//309 3965//703 4064//719
f 4064//719 3965//703 4065//705
f 3965//703 3966//705 4065//705
f 4065//705 3966//705 4066//703
f 3966//705 3967//705 4066//703
f 4066//703 3967//705 4067//309
f 3967//705 3968//704 4067//309
f 4067//309 3968//704 4068//309
f 3968//704 3969//704 4068//309
f 4068//309 3969//704 4069//309
f 3969//704 3970//706 4069//309
f 4069//309 3970//706 4070//692
f 3970//706 3971//707 4071//741
f 3970//706 4071//741 4070//692
f 3971//707 3972//731 4071//741
f 4071//741 3972//731 4072//707
f 3972//731 3973//706 4073//742
f 3972//731 4073//742 4072//707
f 3973//706 3974//732 4073//742
f 4073//742 3974//732 4074//742
f 3974//732 3975//733 4075//707
f 3974//732 4075//707 4074//742
f 3975//733 3976//710 4076//743
f 3975//733 4076//743 4075//707
f 3976//710 3977//734 4076//743
f 4076//743 3977//734 4077//744
f 3977//734 3978//697 4078//745
f 3977//734 4078//745 4077//744
f 3978//697 3979//562 4078//745
f 4078//745 3979//562 4079//563
f 3979//562 3980//607 4080//539
f 3979//562 4080//539 4079//563
f 3980//607 3981//563 4081//562
f 3980//607 4081//562 4080//539
f 3981//563 3982//563 4081//562
f 4081//562 3982//563 4082//539
f 3982//563 3983//735 4083//686
f 3982//563 4083//686 4082//539
f 3983//735 3984//736 4084//736
f 3983//735 4084//736 4083//686
f 3984//736 3985//737 4085//746
f 3984//736 4085//746 4084//736
f 3985//737 3986//563 4085//746
f 4085//746 3986//563 4086//539
f 3986//563 3987//612 4087//735
f 3986//563 4087//735 4086//539
f 3987//612 3988//553 4088//747
f 3987//612 4088//747 4087//735
f 3988//553 3989//631 4088//747
f 4088//747 3989//631 4089//748
f 3989//631 3990//600 4090//539
f 3989//631 4090//539 4089//748
f 3990//600 3991//552 4091//552
f 3990//600 4091//552 4090//539
f 3991//552 3992//607 4092//600
f 3991//552 4092//600 4091//552
f 3992//607 3993//600 4093//600
f 3992//607 4093//600 4092//600
f 3993//600 3994//600 4094//539
f 3993//600 4094//539 4093//600
f 3994//600 3995//553 4095//562
f 3994//600 4095//562 4094//539
f 3995//553 3996//564 4095//562
f 4095//562 3996//564 4096//584
f 3996//564 3997//574 4096//584
f 4096//584 3997//574 4097//527
f 3997//574 3998//563 4097//527
f 4097//527 3998//563 4098//664
f 3998//563 3999//598 4099//587
f 3998//563 4099//587 4098//664
f 3999//598 4000//631 4100//540
f 3999//598 4100//540 4099//587
f 4000//631 4001//585 4100//540
f 4100//540 4001//585 4101//665
f 4001//585 4002//688 4101//665
f 4101//665 4002//688 4102//664
f 4002//688 4003//540 4102//664
f 4102//664 4003//540 4103//599
f 4003//540 4004//553 4104//631
f 4003//540 4104//631 4103//599
f 4004//553 4005//527 4104//631
f 4104//631 4005//527 4105//527
f 4005//527 4006//528 4105//527
f 4105//527 4006//528 4106//573
f 4006//528 4007//309 4107//540
f 4006//528 4107//540 4106//573
f 4007//309 4008//540 4107//540
f 4107//540 4008//540 4108//309
f 4008//540 4009//540 4109//540
f 4008//540 4109//540 4108//309
f 4009//540 4010//309 4110//553
f 4009//540 4110//553 4109//540
f 4010//309 4011//309 4110//553
f 4110//553 4011//309 4111//554
f 4011//309 4012//309 4111//554
f 4111//554 4012//309 4112//309
f 4012//309 4013//554 4112//309
f 4112//309 4013//554 4113//309
f 4013//554 4014//527 4113//309
f 4113//309 4014//527 4114//309
f 4014//527 4015//553 4114//309
f 4114//309 4015//553 4115//309
f 4015//553 4016//540 4116//540
f 4015//553 4116//540 4115//309
f 4016//540 4017//309 4117//553
f 4016//540 4117//553 4116//540
f 4017//309 4018//309 4117//553
f 4117//553 4018//309 4118//527
f 4018//309 4019//601 4118//527
f 4118//527 4019//601 4119//749
f 4019//601 4020//738 4119//749
f 4119//749 4020//738 4120//750
f 4021//739 4022//740 4122//751
f 4021//739 4122//751 4121//752
f 4022//740 4023//309 4123//542
f 4022//740 4123//542 4122//751
f 4023//309 4024//309 4123//542
f 4123//542 4024//309 4124//309
f 4024//309 4025//309 4124//309
f 4124//309 4025//309 4125//309
f 4025//309 4026//309 4125//309
f 4125//309 4026//309 4126//309
f 4026//309 4027//309 4126//309
f 4126//309 4027//309 4127//309
f 4027//309 4028//309 4127//309
f 4127//309 4028//309 4128//309
f 4028//309 4029//309 4128//309
f 4128//309 4029//309 4129//309
f 4029//309 4030//309 4129//309
f 4129//309 4030//309 4130//309
f 4030//309 4031//309 4130//309
f 4130//309 4031//309 4131//309
f 4031//309 4032//309 4131//309
f 4131//309 4032//309 4132//309
f 4032//309 4033//309 4132//309
f 4132//309 4033//309 4133//581
f 4033//309 4034//549 4133//581
f 4133//581 4034//549 4134//550
f 4034//549 4035//581 4134//550
f 4134//550 4035//581 4135//309
f 4035//581 4036//309 4135//309
f 4135//309 4036//309 4136//309
f 4036//309 4037//536 4136//309
f 4136//309 4037//536 4137//549
f 4037//536 4038//549 4137//549
f 4137//549 4038//549 4138//581
f 4038//549 4039//309 4138//581
f 4138//581 4039//309 4139//309
f 4039//309 4040//536 4139//309
f 4139//309 4040//536 4140//550
f 4040//536 4041//550 4140//550
f 4140//550 4041//550 4141//536
f 4041//550 4042//536 4141//536
f 4141//536 4042//536 4142//560
f 4042//536 4043//550 4142//560
f 4142//560 4043//550 4143//560
f 4043//550 4044//560 4143//560
f 4143//560 4044//560 4144//550
f 4044//560 4045//560 4144//550
f 4144//550 4045//560 4145//536
f 4045//560 4046//536 4145//536
f 4145//536 4046//536 4146//550
f 4046//536 4047//550 4146//550
f 4146//550 4047//550 4147//581
f 4047//550 4048//309 4147//581
f 4147//581 4048//309 4148//570
f 4048//309 4049//537 4148//570
f 4148//570 4049//537 4149//537
f 4049//537 4050//537 4149//537
f 4149//537 4050//537 4150//309
f 4050//537 4051//560 4150//309
f 4150//309 4051//560 4151//753
f 4051//560 4052//595 4151//753
f 4151//753 4052//595 4152//754
f 4052//595 4053//572 4152//754
f 4152//754 4053//572 4153//550
f 4053//572 4054//550 4153//550
f 4153//550 4054//550 4154//536
f 4054//550 4055//309 4154//536
f 4154//536 4055//309 4155//682
f 4055//309 4056//682 4155//682
f 4155//682 4056//682 4156//682
f 4056//682 4057//682 4156//682
f 4156//682 4057//682 4157//309
f 4057//682 4058//309 4157//309
f 4157//309 4058//309 4158//703
f 4058//309 4059//309 4158//703
f 4158//703 4059//309 4159//705
f 4059//309 4060//730 4159//705
f 4159//705 4060//730 4160//730
f 4060//730 4061//730 4160//730
f 4160//730 4061//730 4161//309
f 4061//730 4062//309 4161//309
f 4161//309 4062//309 4162//730
f 4062//309 4063//703 4162//730
f 4162//730 4063//703 4163//705
f 4063//703 4064//719 4163//705
f 4163//705 4064//719 4164//703
f 4064//719 4065//705 4164//703
f 4164//703 4065//705 4165//309
f 4065//705 4066//703 4165//309
f 4165//309 4066//703 4166//309
f 4066//703 4067//309 4166//309
f 4166//309 4067//309 4167//703
f 4067//309 4068//309 4167//703
f 4167//703 4068//309 4168//704
f 4068//309 4069//309 4168//704
f 4168//704 4069//309 4169//705
f 4069//309 4070//692 4169//705
f 4169//705 4070//692 4170//705
f 4070//692 4071//741 4170//705
f 4170//705 4071//741 4171//706
f 4071//741 4072//707 4172//755
f 4071//741 4172//755 4171//706
f 4072//707 4073//742 4173//756
f 4072//707 4173//756 4172//755
f 4073//742 4074//742 4173//756
f 4173//756 4074//742 4174//706
f 4074//742 4075//707 4175//757
f 4074//742 4175//757 4174//706
f 4075//707 4076//743 4175//757
f 4175//757 4076//743 4176//707
f 4076//743 4077//744 4177//758
f 4076//743 4177//758 4176//707
f 4077//744 4078//745 4178//759
f 4077//744 4178//759 4177//758
f 4078//745 4079//563 4178//759
f 4178//759 4079//563 4179//539
f 4079//563 4080//539 4180//563
f 4079//563 4180//563 4179//539
f 4080//539 4081//562 4180//563
f 4180//563 4081//562 4181//563
f 4081//562 4082//539 4182//539
f 4081//562 4182//539 4181//563
f 4082//539 4083//686 4183//552
f 4082//539 4183//552 4182//539
f 4083//686 4084//736 4184//539
f 4083//686 4184//539 4183//552
f 4084//736 4085//746 4185//552
f 4084//736 4185//552 4184//539
f 4085//746 4086//539 4186//598
f 4085//746 4186//598 4185//552
f 4086//539 4087//735 4187//760
f 4086//539 4187//760 4186//598
f 4087//735 4088//747 4188//761
f 4087//735 4188//761 4187//760
f 4088//747 4089//748 4189//735
f 4088//747 4189//735 4188//761
f 4089//748 4090//539 4190//552
f 4089//748 4190//552 4189//735
f 4090//539 4091//552 4190//552
f 4190//552 4091//552 4191//600
f 4091//552 4092//600 4192//587
f 4091//552 4192//587 4191//600
f 4092//600 4093//600 4193//539
f 4092//600 4193//539 4192//587
f 4093//600 4094//539 4194//562
f 4093//600 4194//562 4193//539
f 4094//539 4095//562 4194//562
f 4194//562 4095//562 4195//607
f 4095//562 4096//584 4196//762
f 4095//562 4196//762 4195//607
f 4096//584 4097//527 4196//762
f 4196//762 4097//527 4197//527
f 4097//527 4098//664 4197//527
f 4197//527 4098//664 4198//586
f 4098//664 4099//587 4198//586
f 4198//586 4099//587 4199//677
f 4099//587 4100//540 4200//600
f 4099//587 4200//600 4199//677
f 4100//540 4101//665 4201//539
f 4100//540 4201//539 4200//600
f 4101//665 4102//664 4202//562
f 4101//665 4202//562 4201//539
f 4102//664 4103//599 4202//562
f 4202//562 4103//599 4203//607
f 4103//599 4104//631 4204//540
f 4103//599 4204//540 4203//607
f 4104//631 4105//527 4204//540
f 4204//540 4105//527 4205//309
f 4105//527 4106//573 4205//309
f 4205//309 4106//573 4206//763
f 4106//573 4107//540 4207//600
f 4106//573 4207//600 4206//763
f 4107//540 4108//309 4208//553
f 4107//540 4208//553 4207//600
f 4108//309 4109//540 4208//553
f 4208//553 4109//540 4209//641
f 4109//540 4110//553 4210//631
f 4109//540 4210//631 4209//641
f 4110//553 4111//554 4210//631
f 4210//631 4111//554 4211//573
f 4111//554 4112//309 4212//540
f 4111//554 4212//540 4211//573
f 4112//309 4113//309 4212//540
f 4212//540 4113//309 4213//309
f 4113//309 4114//309 4213//309
f 4213//309 4114//309 4214//309
f 4114//309 4115//309 4214//309
f 4214//309 4115//309 4215//309
f 4115//309 4116//540 4215//309
f 4215//309 4116//540 4216//309
f 4116//540 4117//553 4217//764
f 4116//540 4217//764 4216//309
f 4117//553 4118//527 4217//764
f 4217//764 4118//527 4218//527
f 4118//527 4119//749 4218//527
f 4218//527 4119//749 4219//765
f 4119//749 4120//750 4219//765
f 4219//765 4120//750 4220//766
f 4121//752 4122//751 4221//767
f 4221//767 4122//751 4222//768
f 4122//751 4123//542 4222//768
f 4222//768 4123//542 4223//659
f 4123//542 4124//309 4223//659
f 4223//659 4124//309 4224//309
f 4124//309 4125//309 4224//309
f 4224//309 4125//309 4225//309
f 4125//309 4126//309 4225//309
f 4225//309 4126//309 4226//309
f 4126//309 4127//309 4226//309
f 4226//309 4127//309 4227//309
f 4127//309 4128//309 4227//309
f 4227//309 4128//309 4228//309
f 4128//309 4129//309 4228//309
f 4228//309 4129//309 4229//309
f 4129//309 4130//309 4229//309
f 4229//309 4130//309 4230//309
f 4130//309 4131//309 4230//309
f 4230//309 4131//309 4231//309
f 4131//309 4132//309 4231//309
f 4231//309 4132//309 4232//309
f 4132//309 4133//581 4232//309
f 4232//309 4133//581 4233//550
f 4133//581 4134//550 4233//550
f 4233//550 4134//550 4234//581
f 4134//550 4135//309 4234//581
f 4234//581 4135//309 4235//309
f 4135//309 4136//309 4235//309
f 4235//309 4136//309 4236//537
f 4136//309 4137//549 4236//537
f 4236//537 4137//549 4237//570
f 4137//549 4138//581 4237//570
f 4237//570 4138//581 4238//309
f 4138//581 4139//309 4238//309
f 4238//309 4139//309 4239//536
f 4139//309 4140//550 4239//536
f 4239//536 4140//550 4240//550
f 4140//550 4141//536 4240//550
f 4240//550 4141//536 4241//309
f 4141//536 4142//560 4241//309
f 4241//309 4142//560 4242//560
f 4142//560 4143//560 4242//560
f 4242//560 4143//560 4243//769
f 4143//560 4144//550 4243//769
f 4243//769 4144//550 4244//550
f 4144//550 4145//536 4244//550
f 4244//550 4145//536 4245//570
f 4145//536 4146//550 4245//570
f 4245//570 4146//550 4246//537
f 4146//550 4147//581 4246//537
f 4246//537 4147//581 4247//536
f 4147//581 4148//570 4247//536
f 4247//536 4148//570 4248//550
f 4148//570 4149//537 4248//550
f 4248//550 4149//537 4249//309
f 4149//537 4150//309 4249//309
f 4249//309 4150//309 4250//309
f 4150//309 4151//753 4250//309
f 4250//309 4151//753 4251//754
f 4151//753 4152//754 4251//754
f 4251//754 4152//754 4252//770
f 4152//754 4153//550 4252//770
f 4252//770 4153//550 4253//550
f 4153//550 4154//536 4253//550
f 4253//550 4154//536 4254//682
f 4154//536 4155//682 4254//682
f 4254//682 4155//682 4255//682
f 4155//682 4156//682 4255//682
f 4255//682 4156//682 4256//309
f 4156//682 4157//309 4256//309
f 4256//309 4157//309 4257//730
f 4157//309 4158//703 4257//730
f 4257//730 4158//703 4258//705
f 4158//703 4159//705 4258//705
f 4258//705 4159//705 4259//703
f 4159//705 4160//730 4259//703
f 4259//703 4160//730 4260//309
f 4160//730 4161//309 4260//309
f 4260//309 4161//309 4261//730
f 4161//309 4162//730 4261//730
f 4261//730 4162//730 4262//730
f 4162//730 4163//705 4262//730
f 4262//730 4163//705 4263//309
f 4163//705 4164//703 4263//309
f 4263//309 4164//703 4264//309
f 4164//703 4165//309 4264//309
f 4264//309 4165//309 4265//309
f 4165//309 4166//309 4265//309
f 4265//309 4166//309 4266//730
f 4166//309 4167//703 4266//730
f 4266//730 4167//703 4267//705
f 4167//703 4168//704 4267//705
f 4267//705 4168//704 4268//704
f 4168//704 4169//705 4268//704
f 4268//704 4169//705 4269//703
f 4169//705 4170//705 4269//703
f 4269//703 4170//705 4270//309
f 4170//705 4171//706 4270//309
f 4270//309 4171//706 4271//309
f 4171//706 4172//755 4272//771
f 4171//706 4272//771 4271//309
f 4172//755 4173//756 4273//706
f 4172//755 4273//706 4272//771
f 4173//756 4174//706 4273//706
f 4273//706 4174//706 4274//732
f 4174//706 4175//757 4275//755
f 4174//706 4275//755 4274//732
f 4175//757 4176//707 4276//755
f 4175//757 4276//755 4275//755
f 4176//707 4177//758 4277//755
f 4176//707 4277//755 4276//755
f 4177//758 4178//759 4278//772
f 4177//758 4278//772 4277//755
f 4178//759 4179//539 4279//695
f 4178//759 4279//695 4278//772
f 4179//539 4180//563 4280//773
f 4179//539 4280//773 4279//695
f 4180//563 4181//563 4280//773
f 4280//773 4181//563 4281//712
f 4181//563 4182//539 4282//552
f 4181//563 4282//552 4281//712
f 4182//539 4183//552 4282//552
f 4282//552 4183//552 4283//539
f 4183//552 4184//539 4284//552
f 4183//552 4284//552 4283//539
f 4184//539 4185//552 4284//552
f 4284//552 4185//552 4285//600
f 4185//552 4186//598 4286//587
f 4185//552 4286//587 4285//600
f 4186//598 4187//760 4287//553
f 4186//598 4287//553 4286//587
f 4187//760 4188//761 4287//553
f 4287//553 4188//761 4288//599
f 4188//761 4189//735 4289//677
f 4188//761 4289//677 4288//599
f 4189//735 4190//552 4290//587
f 4189//735 4290//587 4289//677
f 4190//552 4191//600 4291//587
f 4190//552 4291//587 4290//587
f 4191//600 4192//587 4291//587
f 4291//587 4192//587 4292//677
f 4192//587 4193//539 4293//631
f 4192//587 4293//631 4292//677
f 4193//539 4194//562 4293//631
f 4293//631 4194//562 4294//774
f 4194//562 4195//607 4295//600
f 4194//562 4295//600 4294//774
f 4195//607 4196//762 4296//631
f 4195//607 4296//631 4295//600
f 4196//762 4197//527 4296//631
f 4296//631 4197//527 4297//538
f 4197//527 4198//586 4297//538
f 4297//538 4198//586 4298//539
f 4198//586 4199//677 4299//612
f 4198//586 4299//612 4298//539
f 4199//677 4200//600 4300//600
f 4199//677 4300//600 4299//612
f 4200//600 4201//539 4301//631
f 4200//600 4301//631 4300//600
f 4201//539 4202//562 4301//631
f 4301//631 4202//562 4302//573
f 4202//562 4203//607 4303//600
f 4202//562 4303//600 4302//573
f 4203//607 4204//540 4304//600
f 4203//607 4304//600 4303//600
f 4204//540 4205//309 4305//775
f 4204//540 4305//775 4304//600
f 4205//309 4206//763 4305//775
f 4305//775 4206//763 4306//564
f 4206//763 4207//600 4307//665
f 4206//763 4307//665 4306//564
f 4207//600 4208//553 4308//554
f 4207//600 4308//554 4307//665
f 4208//553 4209//641 4308//554
f 4308//554 4209//641 4309//573
f 4209//641 4210//631 4310//540
f 4209//641 4310//540 4309//573
f 4210//631 4211//573 4310//540
f 4310//540 4211//573 4311//309
f 4211//573 4212//540 4312//540
f 4211//573 4312//540 4311//309
f 4212//540 4213//309 4313//553
f 4212//540 4313//553 4312//540
f 4213//309 4214//309 4313//553
f 4313//553 4214//309 4314//528
f 4214//309 4215//309 4314//528
f 4314//528 4215//309 4315//309
f 4215//309 4216//309 4315//309
f 4315//309 4216//309 4316//309
f 4216//309 4217//764 4316//309
f 4316//309 4217//764 4317//309
f 4217//764 4218//527 4317//309
f 4317//309 4218//527 4318//309
f 4218//527 4219//765 4318//309
f 4318//309 4219//765 4319//776
f 4219//765 4220//766 4319//776
f 4319//776 4220//766 4320//777
f 4221//767 4222//768 4322//778
f 4221//767 4322//778 4321//779
f 4222//768 4223//659 4323//780
f 4222//768 4323//780 4322//778
f 4223//659 4224//309 4323//780
f 4323//780 4224//309 4324//309
f 4224//309 4225//309 4324//309
f 4324//309 4225//309 4325//309
f 4225//309 4226//309 4325//309
f 4325//309 4226//309 4326//309
f 4226//309 4227//309 4326//309
f 4326//309 4227//309 4327//309
f 4227//309 4228//309 4327//309
f 4327//309 4228//309 4328//309
f 4228//309 4229//309 4328//309
f 4328//309 4229//309 4329//309
f 4229//309 4230//309 4329//309
f 4329//309 4230//309 4330//309
f 4230//309 4231//309 4330//309
f 4330//309 4231//309 4331//309
f 4231//309 4232//309 4331//309
f 4331//309 4232//309 4332//570
f 4232//309 4233//550 4332//570
f 4332//570 4233//550 4333//537
f 4233//550 4234//581 4333//537
f 4333//537 4234//581 4334//309
f 4234//581 4235//309 4334//309
f 4334//309 4235//309 4335//581
f 4235//309 4236//537 4335//581
f 4335//581 4236//537 4336//550
f 4236//537 4237//570 4336//550
f 4336//550 4237//570 4337//309
f 4237//570 4238//309 4337//309
f 4337//309 4238//309 4338//309
f 4238//309 4239//536 4338//309
f 4338//309 4239//536 4339//550
f 4239//536 4240//550 4339//550
f 4339//550 4240//550 4340//581
f 4240//550 4241//309 4340//581
f 4340//581 4241//309 4341//309
f 4241//309 4242//560 4341//309
f 4341//309 4242//560 4342//550
f 4242//560 4243//769 4342//550
f 4342//550 4243//769 4343//769
f 4243//769 4244//550 4343//769
f 4343//769 4244//550 4344//769
f 4244//550 4245//570 4344//769
f 4344//769 4245//570 4345//549
f 4245//570 4246//537 4345//549
f 4345//549 4246//537 4346//309
f 4246//537 4247//536 4346//309
f 4346//309 4247//536 4347//560
f 4247//536 4248//550 4347//560
f 4347//560 4248//550 4348//560
f 4248//550 4249//309 4348//560
f 4348//560 4249//309 4349//309
f 4249//309 4250//309 4349//309
f 4349//309 4250//309 4350//537
f 4250//309 4251//754 4350//537
f 4350//537 4251//754 4351//595
f 4251//754 4252//770 4351//595
f 4351//595 4252//770 4352//781
f 4252//770 4253//550 4352//781
f 4352//781 4253//550 4353//782
f 4253//550 4254//682 4353//782
f 4353//782 4254//682 4354//783
f 4254//682 4255//682 4354//783
f 4354//783 4255//682 4355//309
f 4255//682 4256//309 4355//309
f 4355//309 4256//309 4356//730
f 4256//309 4257//730 4356//730
f 4356//730 4257//730 4357//730
f 4257//730 4258//705 4357//730
f 4357//730 4258//705 4358//309
f 4258//705 4259//703 4358//309
f 4358//309 4259//703 4359//309
f 4259//703 4260//309 4359//309
f 4359//309 4260//309 4360//730
f 4260//309 4261//730 4360//730
f 4360//730 4261//730 4361//730
f 4261//730 4262//730 4361//730
f 4361//730 4262//730 4362//309
f 4262//730 4263//309 4362//309
f 4362//309 4263//309 4363//309
f 4263//309 4264//309 4363//309
f 4363//309 4264//309 4364//309
f 4264//309 4265//309 4364//309
f 4364//309 4265//309 4365//730
f 4265//309 4266//730 4365//730
f 4365//730 4266//730 4366//730
f 4266//730 4267//705 4366//730
f 4366//730 4267//705 4367//309
f 4267//705 4268//704 4367//309
f 4367//309 4268//704 4368//309
f 4268//704 4269//703 4368//309
f 4368//309 4269//703 4369//309
f 4269//703 4270//309 4369//309
f 4369//309 4270//309 4370//703
f 4270//309 4271//309 4370//703
f 4370//703 4271//309 4371//704
f 4271//309 4272//771 4371//704
f 4371//704 4272//771 4372//720
f 4272//771 4273//706 4373//741
f 4272//771 4373//741 4372//720
f 4273//706 4274//732 4373//741
f 4373//741 4274//732 4374//707
f 4274//732 4275//755 4375//707
f 4274//732 4375//707 4374//707
f 4275//755 4276//755 4376//731
f 4275//755 4376//731 4375//707
f 4276//755 4277//755 4377//707
f 4276//755 4377//707 4376//731
f 4277//755 4278//772 4378//731
f 4277//755 4378//731 4377//707
f 4278//772 4279//695 4379//784
f 4278//772 4379//784 4378//731
f 4279//695 4280//773 4379//784
f 4379//784 4280//773 4380//785
f 4280//773 4281//712 4380//785
f 4380//785 4281//712 4381//786
f 4281//712 4282//552 4382//725
f 4281//712 4382//725 4381//786
f 4282//552 4283//539 4383//598
f 4282//552 4383//598 4382//725
f 4283//539 4284//552 4384//600
f 4283//539 4384//600 4383//598
f 4284//552 4285//600 4385//587
f 4284//552 4385//587 4384//600
f 4285//600 4286//587 4385//587
f 4385//587 4286//587 4386//600
f 4286//587 4287//553 4387//574
f 4286//587 4387//574 4386//600
f 4287//553 4288//599 4387//574
f 4387//574 4288//599 4388//563
f 4288//599 4289//677 4389//587
f 4288//599 4389//587 4388//563
f 4289//677 4290//587 4389//587
f 4389//587 4290//587 4390//600
f 4290//587 4291//587 4391//552
f 4290//587 4391//552 4390//600
f 4291//587 4292//677 4392//735
f 4291//587 4392//735 4391//552
f 4292//677 4293//631 4393//787
f 4292//677 4393//787 4392//735
f 4293//631 4294//774 4393//787
f 4393//787 4294//774 4394//788
f 4294//774 4295//600 4395//713
f 4294//774 4395//713 4394//788
f 4295//600 4296//631 4396//775
f 4295//600 4396//775 4395//713
f 4296//631 4297//538 4396//775
f 4396//775 4297//538 4397//575
f 4297//538 4298//539 4398//598
f 4297//538 4398//598 4397//575
f 4298//539 4299//612 4399//600
f 4298//539 4399//600 4398//598
f 4299//612 4300//600 4400//612
f 4299//612 4400//612 4399//600
f 4300//600 4301//631 4401//540
f 4300//600 4401//540 4400//612
f 4301//631 4302//573 4401//540
f 4401//540 4302//573 4402//309
f 4302//573 4303//600 4403//540
f 4302//573 4403//540 4402//309
f 4303//600 4304//600 4404//600
f 4303//600 4404//600 4403//540
f 4304//600 4305//775 4405//763
f 4304//600 4405//763 4404//600
f 4305//775 4306//564 4405//763
f 4405//763 4306//564 4406//542
f 4306//564 4307//665 4406//542
f 4406//542 4307//665 4407//588
f 4307//665 4308//554 4407//588
f 4407//588 4308//554 4408//527
f 4308//554 4309//573 4408//527
f 4408//527 4309//573 4409//641
f 4309//573 4310//540 4410//600
f 4309//573 4410//600 4409//641
f 4310//540 4311//309 4411//540
f 4310//540 4411//540 4410//600
f 4311//309 4312//540 4411//540
f 4411//540 4312//540 4412//309
f 4312//540 4313//553 4413//764
f 4312//540 4413//764 4412//309
f 4313//553 4314//528 4413//764
f 4413//764 4314//528 4414//573
f 4314//528 4315//309 4415//553
f 4314//528 4415//553 4414//573
f 4315//309 4316//309 4415//553
f 4415//553 4316//309 4416//527
f 4316//309 4317//309 4416//527
f 4416//527 4317//309 4417//528
f 4317//309 4318//309 4417//528
f 4417//528 4318//309 4418//309
f 4318//309 4319//776 4418//309
f 4418//309 4319//776 4419//789
f 4319//776 4320//777 4419//789
f 4419//789 4320//777 4420//790
f 4321//779 4322//778 4421//791
f 4421//791 4322//778 4422//792
f 4322//778 4323//780 4422//792
f 4422//792 4323//780 4423//793
f 4323//780 4324//309 4423//793
f 4423//793 4324//309 4424//309
f 4324//309 4325//309 4424//309
f 4424//309 4325//309 4425//309
f 4325//309 4326//309 4425//309
f 4425//309 4326//309 4426//309
f 4326//309 4327//309 4426//309
f 4426//309 4327//309 4427//309
f 4327//309 4328//309 4427//309
f 4427//309 4328//309 4428//309
f 4328//309 4329//309 4428//309
f 4428//309 4329//309 4429//309
f 4329//309 4330//309 4429//309
f 4429//309 4330//309 4430//309
f 4330//309 4331//309 4430//309
f 4430//309 4331//309 4431//536
f 4331//309 4332//570 4431//536
f 4431//536 4332//570 4432//550
f 4332//570 4333//537 4432//550
f 4432//550 4333//537 4433//309
f 4333//537 4334//309 4433//309
f 4433//309 4334//309 4434//309
f 4334//309 4335//581 4434//309
f 4434//309 4335//581 4435//560
f 4335//581 4336//550 4435//560
f 4435//560 4336//550 4436//560
f 4336//550 4337//309 4436//560
f 4436//560 4337//309 4437//309
f 4337//309 4338//309 4437//309
f 4437//309 4338//309 4438//537
f 4338//309 4339//550 4438//537
f 4438//537 4339//550 4439//537
f 4339//550 4340//581 4439//537
f 4439//537 4340//581 4440//309
f 4340//581 4341//309 4440//309
f 4440//309 4341//309 4441//537
f 4341//309 4342//550 4441//537
f 4441//537 4342//550 4442//537
f 4342//550 4343//769 4442//537
f 4442//537 4343//769 4443//560
f 4343//769 4344//769 4443//560
f 4443//560 4344//769 4444//781
f 4344//769 4345//549 4444//781
f 4444//781 4345//549 4445//560
f 4345//549 4346//309 4445//560
f 4445//560 4346//309 4446//309
f 4346//309 4347//560 4446//309
f 4446//309 4347//560 4447//550
f 4347//560 4348//560 4447//550
f 4447//550 4348//560 4448//581
f 4348//560 4349//309 4448//581
f 4448//581 4349//309 4449//537
f 4349//309 4350//537 4449//537
f 4449//537 4350//537 4450//537
f 4350//537 4351//595 4450//537
f 4450//537 4351//595 4451//560
f 4351//595 4352//781 4451//560
f 4451//560 4352//781 4452//781
f 4352//781 4353//782 4452//781
f 4452//781 4353//782 4453//794
f 4353//782 4354//783 4453//794
f 4453//794 4354//783 4454//795
f 4354//783 4355//309 4454//795
f 4454//795 4355//309 4455//730
f 4355//309 4356//730 4455//730
f 4455//730 4356//730 4456//730
f 4356//730 4357//730 4456//730
f 4456//730 4357//730 4457//309
f 4357//730 4358//309 4457//309
f 4457//309 4358//309 4458//309
f 4358//309 4359//309 4458//309
f 4458//309 4359//309 4459//730
f 4359//309 4360//730 4459//730
f 4459//730 4360//730 4460//730
f 4360//730 4361//730 4460//730
f 4460//730 4361//730 4461//309
f 4361//730 4362//309 4461//309
f 4461//309 4362//309 4462//309
f 4362//309 4363//309 4462//309
f 4462//309 4363//309 4463//703
f 4363//309 4364//309 4463//703
f 4463//703 4364//309 4464//719
f 4364//309 4365//730 4464//719
f 4464//719 4365//730 4465//730
f 4365//730 4366//730 4465//730
f 4465//730 4366//730 4466//309
f 4366//730 4367//309 4466//309
f 4466//309 4367//309 4467//309
f 4367//309 4368//309 4467//309
f 4467//309 4368//309 4468//309
f 4368//309 4369//309 4468//309
f 4468//309 4369//309 4469//730
f 4369//309 4370//703 4469//730
f 4469//730 4370//703 4470//705
f 4370//703 4371//704 4470//705
f 4470//705 4371//704 4471//704
f 4371//704 4372//720 4471//704
f 4471//704 4372//720 4472//704
f 4372//720 4373//741 4472//704
f 4472//704 4373//741 4473//706
f 4373//741 4374//707 4474//707
f 4373//741 4474//707 4473//706
f 4374//707 4375//707 4475//741
f 4374//707 4475//741 4474//707
f 4375//707 4376//731 4475//741
f 4475//741 4376//731 4476//707
f 4376//731 4377//707 4477//731
f 4376//731 4477//731 4476//707
f 4377//707 4378//731 4477//731
f 4477//731 4378//731 4478//707
f 4378//731 4379//784 4479//731
f 4378//731 4479//731 4478//707
f 4379//784 4380//785 4479//731
f 4479//731 4380//785 4480//707
f 4380//785 4381//786 4481//707
f 4380//785 4481//707 4480//707
f 4381//786 4382//725 4482//796
f 4381//786 4482//796 4481//707
f 4382//725 4383//598 4483//725
f 4382//725 4483//725 4482//796
f 4383//598 4384//600 4484//539
f 4383//598 4484//539 4483//725
f 4384//600 4385//587 4485//552
f 4384//600 4485//552 4484//539
f 4385//587 4386//600 4486//563
f 4385//587 4486//563 4485//552
f 4386//600 4387//574 4486//563
f 4486//563 4387//574 4487//606
f 4387//574 4388//563 4487//606
f 4487//606 4388//563 4488//600
f 4388//563 4389//587 4489//587
f 4388//563 4489//587 4488//600
f 4389//587 4390//600 4490//552
f 4389//587 4490//552 4489//587
f 4390//600 4391//552 4490//552
f 4490//552 4391//552 4491//539
f 4391//552 4392//735 4492//748
f 4391//552 4492//748 4491//539
f 4392//735 4393//787 4493//797
f 4392//735 4493//797 4492//748
f 4393//787 4394//788 4493//797
f 4493//797 4394//788 4494//697
f 4394//788 4395//713 4495//697
f 4394//788 4495//697 4494//697
f 4395//713 4396//775 4496//798
f 4395//713 4496//798 4495//697
f 4396//775 4397//575 4496//798
f 4496//798 4397//575 4497//564
f 4397//575 4398//598 4498//587
f 4397//575 4498//587 4497//564
f 4398//598 4399//600 4499//600
f 4398//598 4499//600 4498//587
f 4399//600 4400//612 4500//677
f 4399//600 4500//677 4499//600
f 4400//612 4401//540 4501//587
f 4400//612 4501//587 4500//677
f 4401//540 4402//309 4502//553
f 4401//540 4502//553 4501//587
f 4402//309 4403//540 4502//553
f 4502//553 4403//540 4503//599
f 4403//540 4404//600 4504//600
f 4403//540 4504//600 4503//599
f 4404//600 4405//763 4505//553
f 4404//600 4505//553 4504//600
f 4405//763 4406//542 4505//553
f 4505//553 4406//542 4506//599
f 4406//542 4407//588 4507//631
f 4406//542 4507//631 4506//599
f 4407//588 4408//527 4507//631
f 4507//631 4408//527 4508//527
f 4408//527 4409//641 4508//527
f 4508//527 4409//641 4509//573
f 4409//641 4410//600 4510//600
f 4409//641 4510//600 4509//573
f 4410//600 4411//540 4511//598
f 4410//600 4511//598 4510//600
f 4411//540 4412//309 4512//553
f 4411//540 4512//553 4511//598
f 4412//309 4413//764 4512//553
f 4512//553 4413//764 4513//554
f 4413//764 4414//573 4513//554
f 4513//554 4414//573 4514//309
f 4414//573 4415//553 4515//554
f 4414//573 4515//554 4514//309
f 4415//553 4416//527 4515//554
f 4515//554 4416//527 4516//527
f 4416//527 4417//528 4516//527
f 4516//527 4417//528 4517//573
f 4417//528 4418//309 4518//573
f 4417//528 4518//573 4517//573
f 4418//309 4419//789 4518//573
f 4518//573 4419//789 4519//599
f 4419//789 4420//790 4520//799
f 4419//789 4520//799 4519//599
f 4420//790 4521//800 4520//799
f 4421//791 4422//792 4522//801
f 4522//801 4422//792 4523//802
f 4422//792 4423//793 4523//802
f 4523//802 4423//793 4524//803
f 4423//793 4424//309 4524//803
f 4524//803 4424//309 4525//309
f 4424//309 4425//309 4525//309
f 4525//309 4425//309 4526//309
f 4425//309 4426//309 4526//309
f 4526//309 4426//309 4527//309
f 4426//309 4427//309 4527//309
f 4527//309 4427//309 4528//309
f 4427//309 4428//309 4528//309
f 4528//309 4428//309 4529//309
f 4428//309 4429//309 4529//309
f 4529//309 4429//309 4530//309
f 4429//309 4430//309 4530//309
f 4530//309 4430//309 4531//309
f 4430//309 4431//536 4531//309
f 4531//309 4431//536 4532//560
f 4431//536 4432//550 4532//560
f 4532//560 4432//550 4533//560
f 4432//550 4433//309 4533//560
f 4533//560 4433//309 4534//309
f 4433//309 4434//309 4534//309
f 4534//309 4434//309 4535//309
f 4434//309 4435//560 4535//309
f 4535//309 4435//560 4536//550
f 4435//560 4436//560 4536//550
f 4536//550 4436//560 4537//581
f 4436//560 4437//309 4537//581
f 4537//581 4437//309 4538//536
f 4437//309 4438//537 4538//536
f 4538//536 4438//537 4539//549
f 4438//537 4439//537 4539//549
f 4539//549 4439//537 4540//309
f 4439//537 4440//309 4540//309
f 4540//309 4440//309 4541//536
f 4440//309 4441//537 4541//536
f 4541//536 4441//537 4542//549
f 4441//537 4442//537 4542//549
f 4542//549 4442//537 4543//309
f 4442//537 4443//560 4543//309
f 4543//309 4443//560 4544//550
f 4443//560 4444//781 4544//550
f 4544//550 4444//781 4545//769
f 4444//781 4445//560 4545//769
f 4545//769 4445//560 4546//560
f 4445//560 4446//309 4546//560
f 4546//560 4446//309 4547//536
f 4446//309 4447//550 4547//536
f 4547//536 4447//550 4548//549
f 4447//550 4448//581 4548//549
f 4548//549 4448//581 4549//536
f 4448//581 4449//537 4549//536
f 4549//536 4449//537 4550//550
f 4449//537 4450//537 4550//550
f 4550//550 4450//537 4551//309
f 4450//537 4451//560 4551//309
f 4551//309 4451//560 4552//549
f 4451//560 4452//781 4552//549
f 4552//549 4452//781 4553//804
f 4452//781 4453//794 4553//804
f 4553//804 4453//794 4554//805
f 4453//794 4454//795 4554//805
f 4554//805 4454//795 4555//806
f 4454//795 4455//730 4555//806
f 4555//806 4455//730 4556//807
f 4455//730 4456//730 4556//807
f 4556//807 4456//730 4557//309
f 4456//730 4457//309 4557//309
f 4557//309 4457//309 4558//309
f 4457//309 4458//309 4558//309
f 4558//309 4458//309 4559//730
f 4458//309 4459//730 4559//730
f 4559//730 4459//730 4560//730
f 4459//730 4460//730 4560//730
f 4560//730 4460//730 4561//309
f 4460//730 4461//309 4561//309
f 4561//309 4461//309 4562//309
f 4461//309 4462//309 4562//309
f 4562//309 4462//309 4563//730
f 4462//309 4463//703 4563//730
f 4563//730 4463//703 4564//705
f 4463//703 4464//719 4564//705
f 4564//705 4464//719 4565//703
f 4464//719 4465//730 4565//703
f 4565//703 4465//730 4566//309
f 4465//730 4466//309 4566//309
f 4566//309 4466//309 4567//309
f 4466//309 4467//309 4567//309
f 4567//309 4467//309 4568//703
f 4467//309 4468//309 4568//703
f 4568//703 4468//309 4569//705
f 4468//309 4469//730 4569//705
f 4569//705 4469//730 4570//730
f 4469//730 4470//705 4570//730
f 4570//730 4470//705 4571//309
f 4470//705 4471//704 4571//309
f 4571//309 4471//704 4572//309
f 4471//704 4472//704 4572//309
f 4572//309 4472//704 4573//309
f 4472//704 4473//706 4573//309
f 4573//309 4473//706 4574//309
f 4473//706 4474//707 4575//808
f 4473//706 4575//808 4574//309
f 4474//707 4475//741 4575//808
f 4575//808 4475//741 4576//706
f 4475//741 4476//707 4577//755
f 4475//741 4577//755 4576//706
f 4476//707 4477//731 4578//755
f 4476//707 4578//755 4577//755
f 4477//731 4478//707 4579//755
f 4477//731 4579//755 4578//755
f 4478//707 4479//731 4580//755
f 4478//707 4580//755 4579//755
f 4479//731 4480//707 4581//707
f 4479//731 4581//707 4580//755
f 4480//707 4481//707 4582//741
f 4480//707 4582//741 4581//707
f 4481//707 4482//796 4582//741
f 4582//741 4482//796 4583//755
f 4482//796 4483//725 4584//809
f 4482//796 4584//809 4583//755
f 4483//725 4484//539 4585//810
f 4483//725 4585//810 4584//809
f 4484//539 4485//552 4585//810
f 4585//810 4485//552 4586//607
f 4485//552 4486//563 4587//563
f 4485//552 4587//563 4586//607
f 4486//563 4487//606 4587//563
f 4587//563 4487//606 4588//563
f 4487//606 4488//600 4589//587
f 4487//606 4589//587 4588//563
f 4488//600 4489//587 4589//587
f 4589//587 4489//587 4590//677
f 4489//587 4490//552 4591//600
f 4489//587 4591//600 4590//677
f 4490//552 4491//539 4592//539
f 4490//552 4592//539 4591//600
f 4491//539 4492//748 4593//606
f 4491//539 4593//606 4592//539
f 4492//748 4493//797 4593//606
f 4593//606 4493//797 4594//563
f 4493//797 4494//697 4595//811
f 4493//797 4595//811 4594//563
f 4494//697 4495//697 4596//812
f 4494//697 4596//812 4595//811
f 4495//697 4496//798 4596//812
f 4596//812 4496//798 4597//526
f 4496//798 4497//564 4597//526
f 4597//526 4497//564 4598//540
f 4497//564 4498//587 4598//540
f 4598//540 4498//587 4599//677
f 4498//587 4499//600 4600//600
f 4498//587 4600//600 4599//677
f 4499//600 4500//677 4601//587
f 4499//600 4601//587 4600//600
f 4500//677 4501//587 4601//587
f 4601//587 4501//587 4602//677
f 4501//587 4502//553 4603//631
f 4501//587 4603//631 4602//677
f 4502//553 4503//599 4603//631
f 4603//631 4503//599 4604//553
f 4503//599 4504//600 4605//600
f 4503//599 4605//600 4604//553
f 4504//600 4505//553 4606//599
f 4504//600 4606//599 4605//600
f 4505//553 4506//599 4606//599
f 4606//599 4506//599 4607//573
f 4506//599 4507//631 4608//553
f 4506//599 4608//553 4607//573
f 4507//631 4508//527 4608//553
f 4608//553 4508//527 4609//528
f 4508//527 4509//573 4609//528
f 4609//528 4509//573 4610//309
f 4509//573 4510//600 4611//540
f 4509//573 4611//540 4610//309
f 4510//600 4511//598 4612//600
f 4510//600 4612//600 4611//540
f 4511//598 4512//553 4613//631
f 4511//598 4613//631 4612//600
f 4512//553 4513//554 4613//631
f 4613//631 4513//554 4614//573
f 4513//554 4514//309 4615//540
f 4513//554 4615//540 4614//573
f 4514//309 4515//554 4615//540
f 4615//540 4515//554 4616//309
f 4515//554 4516//527 4616//309
f 4616//309 4516//527 4617//309
f 4516//527 4517//573 4617//309
f 4617//309 4517//573 4618//309
f 4517//573 4518//573 4619//554
f 4517//573 4619//554 4618//309
f 4518//573 4519//599 4619//554
f 4619//554 4519//599 4620//573
f 4519//599 4520//799 4621//813
f 4519//599 4621//813 4620//573
f 4520//799 4521//800 4621//813
f 4621//813 4521//800 4622//814
f 4522//801 4523//802 4623//815
f 4523//802 4524//803 4624//816
f 4523//802 4624//816 4623//815
f 4524//803 4525//309 4625//817
f 4524//803 4625//817 4624//816
f 4525//309 4526//309 4625//817
f 4625//817 4526//309 4626//309
f 4526//309 4527//309 4626//309
f 4626//309 4527//309 4627//309
f 4527//309 4528//309 4627//309
f 4627//309 4528//309 4628//309
f 4528//309 4529//309 4628//309
f 4628//309 4529//309 4629//309
f 4529//309 4530//309 4629//309
f 4629//309 4530//309 4630//309
f 4530//309 4531//309 4630//309
f 4630//309 4531//309 4631//309
f 4531//309 4532//560 4631//309
f 4631//309 4532//560 4632//560
f 4532//560 4533//560 4632//560
f 4632//560 4533//560 4633//560
f 4533//560 4534//309 4633//560
f 4633//560 4534//309 4634//309
f 4534//309 4535//309 4634//309
f 4634//309 4535//309 4635//536
f 4535//309 4536//550 4635//536
f 4635//536 4536//550 4636//550
f 4536//550 4537//581 4636//550
f 4636//550 4537//581 4637//309
f 4537//581 4538//536 4637//309
f 4637//309 4538//536 4638//560
f 4538//536 4539//549 4638//560
f 4638//560 4539//549 4639//560
f 4539//549 4540//309 4639//560
f 4639//560 4540//309 4640//309
f 4540//309 4541//536 4640//309
f 4640//309 4541//536 4641//560
f 4541//536 4542//549 4641//560
f 4641//560 4542//549 4642//560
f 4542//549 4543//309 4642//560
f 4642//560 4543//309 4643//536
f 4543//309 4544//550 4643//536
f 4643//536 4544//550 4644//549
f 4544//550 4545//769 4644//549
f 4644//549 4545//769 4645//560
f 4545//769 4546//560 4645//560
f 4645//560 4546//560 4646//560
f 4546//560 4547//536 4646//560
f 4646//560 4547//536 4647//560
f 4547//536 4548//549 4647//560
f 4647//560 4548//549 4648//560
f 4548//549 4549//536 4648//560
f 4648//560 4549//536 4649//549
f 4549//536 4550//550 4649//549
f 4649//549 4550//550 4650//581
f 4550//550 4551//309 4650//581
f 4650//581 4551//309 4651//537
f 4551//309 4552//549 4651//537
f 4651//537 4552//549 4652//572
f 4552//549 4553//804 4652//572
f 4652//572 4553//804 4653//818
f 4553//804 4554//805 4653//818
f 4653//818 4554//805 4654//819
f 4554//805 4555//806 4654//819
f 4654//819 4555//806 4655//807
f 4555//806 4556//807 4655//807
f 4655//807 4556//807 4656//806
f 4556//807 4557//309 4656//806
f 4656//806 4557//309 4657//309
f 4557//309 4558//309 4657//309
f 4657//309 4558//309 4658//730
f 4558//309 4559//730 4658//730
f 4658//730 4559//730 4659//730
f 4559//730 4560//730 4659//730
f 4659//730 4560//730 4660//309
f 4560//730 4561//309 4660//309
f 4660//309 4561//309 4661//309
f 4561//309 4562//309 4661//309
f 4661//309 4562//309 4662//806
f 4562//309 4563//730 4662//806
f 4662//806 4563//730 4663//807
f 4563//730 4564//705 4663//807
f 4663//807 4564//705 4664//309
f 4564//705 4565//703 4664//309
f 4664//309 4565//703 4665//309
f 4565//703 4566//309 4665//309
f 4665//309 4566//309 4666//309
f 4566//309 4567//309 4666//309
f 4666//309 4567//309 4667//730
f 4567//309 4568//703 4667//730
f 4667//730 4568//703 4668//705
f 4568//703 4569//705 4668//705
f 4668//705 4569//705 4669//703
f 4569//705 4570//730 4669//703
f 4669//703 4570//730 4670//309
f 4570//730 4571//309 4670//309
f 4670//309 4571//309 4671//309
f 4571//309 4572//309 4671//309
f 4671//309 4572//309 4672//309
f 4572//309 4573//309 4672//309
f 4672//309 4573//309 4673//703
f 4573//309 4574//309 4673//703
f 4673//703 4574//309 4674//808
f 4574//309 4575//808 4674//808
f 4674//808 4575//808 4675//309
f 4575//808 4576//706 4675//309
f 4675//309 4576//706 4676//309
f 4576//706 4577//755 4677//771
f 4576//706 4677//771 4676//309
f 4577//755 4578//755 4678//755
f 4577//755 4678//755 4677//771
f 4578//755 4579//755 4679//755
f 4578//755 4679//755 4678//755
f 4579//755 4580//755 4680//707
f 4579//755 4680//707 4679//755
f 4580//755 4581//707 4681//741
f 4580//755 4681//741 4680//707
f 4581//707 4582//741 4681//741
f 4681//741 4582//741 4682//707
f 4582//741 4583//755 4683//820
f 4582//741 4683//820 4682//707
f 4583//755 4584//809 4683//820
f 4683//820 4584//809 4684//755
f 4584//809 4585//810 4685//796
f 4584//809 4685//796 4684//755
f 4585//810 4586//607 4686//695
f 4585//810 4686//695 4685//796
f 4586//607 4587//563 4687//821
f 4586//607 4687//821 4686//695
f 4587//563 4588//563 4687//821
f 4687//821 4588//563 4688//600
f 4588//563 4589//587 4689//587
f 4588//563 4689//587 4688//600
f 4589//587 4590//677 4690//612
f 4589//587 4690//612 4689//587
f 4590//677 4591//600 4691//539
f 4590//677 4691//539 4690//612
f 4591//600 4592//539 4692//562
f 4591//600 4692//562 4691//539
f 4592//539 4593//606 4692//562
f 4692//562 4593//606 4693//584
f 4593//606 4594//563 4693//584
f 4693//584 4594//563 4694//664
f 4594//563 4595//811 4695//822
f 4594//563 4695//822 4694//664
f 4595//811 4596//812 4696//823
f 4595//811 4696//823 4695//822
f 4596//812 4597//526 4696//823
f 4696//823 4597//526 4697//824
f 4597//526 4598//540 4697//824
f 4697//824 4598//540 4698//825
f 4598//540 4599//677 4699//587
f 4598//540 4699//587 4698//825
f 4599//677 4600//600 4700//600
f 4599//677 4700//600 4699//587
f 4600//600 4601//587 4701//600
f 4600//600 4701//600 4700//600
f 4601//587 4602//677 4702//612
f 4601//587 4702//612 4701//600
f 4602//677 4603//631 4703//553
f 4602//677 4703//553 4702//612
f 4603//631 4604//553 4703//553
f 4703//553 4604//553 4704//599
f 4604//553 4605//600 4705//600
f 4604//553 4705//600 4704//599
f 4605//600 4606//599 4706//540
f 4605//600 4706//540 4705//600
f 4606//599 4607//573 4706//540
f 4706//540 4607//573 4707//309
f 4607//573 4608//553 4708//554
f 4607//573 4708//554 4707//309
f 4608//553 4609//528 4708//554
f 4708//554 4609//528 4709//573
f 4609//528 4610//309 4710//540
f 4609//528 4710//540 4709//573
f 4610//309 4611//540 4710//540
f 4710//540 4611//540 4711//309
f 4611//540 4612//600 4712//540
f 4611//540 4712//540 4711//309
f 4612//600 4613//631 4713//540
f 4612//600 4713//540 4712//540
f 4613//631 4614//573 4713//540
f 4713//540 4614//573 4714//309
f 4614//573 4615//540 4715//540
f 4614//573 4715//540 4714//309
f 4615//540 4616//309 4716//553
f 4615//540 4716//553 4715//540
f 4616//309 4617//309 4716//553
f 4716//553 4617//309 4717//527
f 4617//309 4618//309 4717//527
f 4717//527 4618//309 4718//554
f 4618//309 4619//554 4718//554
f 4718//554 4619//554 4719//309
f 4619//554 4620//573 4719//309
f 4719//309 4620//573 4720//309
f 4620//573 4621//813 4721//826
f 4620//573 4721//826 4720//309
f 4621//813 4622//814 4721//826
f 4721//826 4622//814 4722//827
f 4624//816 4625//817 4723//828
f 4723//828 4625//817 4724//829
f 4625//817 4626//309 4724//829
f 4724//829 4626//309 4725//309
f 4626//309 4627//309 4725//309
f 4725//309 4627//309 4726//309
f 4627//309 4628//309 4726//309
f 4726//309 4628//309 4727//309
f 4628//309 4629//309 4727//309
f 4727//309 4629//309 4728//309
f 4629//309 4630//309 4728//309
f 4728//309 4630//309 4729//309
f 4630//309 4631//309 4729//309
f 4729//309 4631//309 4730//309
f 4631//309 4632//560 4730//309
f 4730//309 4632//560 4731//550
f 4632//560 4633//560 4731//550
f 4731//550 4633//560 4732//581
f 4633//560 4634//309 4732//581
f 4732//581 4634//309 4733//309
f 4634//309 4635//536 4733//309
f 4733//309 4635//536 4734//560
f 4635//536 4636//550 4734//560
f 4734//560 4636//550 4735//560
f 4636//550 4637//309 4735//560
f 4735//560 4637//309 4736//309
f 4637//309 4638//560 4736//309
f 4736//309 4638//560 4737//560
f 4638//560 4639//560 4737//560
f 4737//560 4639//560 4738//560
f 4639//560 4640//309 4738//560
f 4738//560 4640//309 4739//309
f 4640//309 4641//560 4739//309
f 4739//309 4641//560 4740//550
f 4641//560 4642//560 4740//550
f 4740//550 4642//560 4741//581
f 4642//560 4643//536 4741//581
f 4741//581 4643//536 4742//550
f 4643//536 4644//549 4742//550
f 4742//550 4644//549 4743//536
f 4644//549 4645//560 4743//536
f 4743//536 4645//560 4744//550
f 4645//560 4646//560 4744//550
f 4744//550 4646//560 4745//581
f 4646//560 4647//560 4745//581
f 4745//581 4647//560 4746//560
f 4647//560 4648//560 4746//560
f 4746//560 4648//560 4747//769
f 4648//560 4649//549 4747//769
f 4747//769 4649//549 4748//549
f 4649//549 4650//581 4748//549
f 4748//549 4650//581 4749//537
f 4650//581 4651//537 4749//537
f 4749//537 4651//537 4750//537
f 4651//537 4652//572 4750//537
f 4750//537 4652//572 4751//550
f 4652//572 4653//818 4751//550
f 4751//550 4653//818 4752//805
f 4653//818 4654//819 4752//805
f 4752//805 4654//819 4753//830
f 4654//819 4655//807 4753//830
f 4753//830 4655//807 4754//807
f 4655//807 4656//806 4754//807
f 4754//807 4656//806 4755//309
f 4656//806 4657//309 4755//309
f 4755//309 4657//309 4756//806
f 4657//309 4658//730 4756//806
f 4756//806 4658//730 4757//807
f 4658//730 4659//730 4757//807
f 4757//807 4659//730 4758//309
f 4659//730 4660//309 4758//309
f 4758//309 4660//309 4759//309
f 4660//309 4661//309 4759//309
f 4759//309 4661//309 4760//309
f 4661//309 4662//806 4760//309
f 4760//309 4662//806 4761//831
f 4662//806 4663//807 4761//831
f 4761//831 4663//807 4762//806
f 4663//807 4664//309 4762//806
f 4762//806 4664//309 4763//309
f 4664//309 4665//309 4763//309
f 4763//309 4665//309 4764//309
f 4665//309 4666//309 4764//309
f 4764//309 4666//309 4765//806
f 4666//309 4667//730 4765//806
f 4765//806 4667//730 4766//807
f 4667//730 4668//705 4766//807
f 4766//807 4668//705 4767//309
f 4668//705 4669//703 4767//309
f 4767//309 4669//703 4768//309
f 4669//703 4670//309 4768//309
f 4768//309 4670//309 4769//309
f 4670//309 4671//309 4769//309
f 4769//309 4671//309 4770//309
f 4671//309 4672//309 4770//309
f 4770//309 4672//309 4771//730
f 4672//309 4673//703 4771//730
f 4771//730 4673//703 4772//705
f 4673//703 4674//808 4772//705
f 4772//705 4674//808 4773//706
f 4674//808 4675//309 4774//706
f 4674//808 4774//706 4773//706
f 4675//309 4676//309 4774//706
f 4774//706 4676//309 4775//704
f 4676//309 4677//771 4775//704
f 4775//704 4677//771 4776//756
f 4677//771 4678//755 4777//755
f 4677//771 4777//755 4776//756
f 4678//755 4679//755 4778//707
f 4678//755 4778//707 4777//755
f 4679//755 4680//707 4779//741
f 4679//755 4779//741 4778//707
f 4680//707 4681//741 4779//741
f 4779//741 4681//741 4780//707
f 4681//741 4682//707 4781//707
f 4681//741 4781//707 4780//707
f 4682//707 4683//820 4782//731
f 4682//707 4782//731 4781//707
f 4683//820 4684//755 4783//731
f 4683//820 4783//731 4782//731
f 4684//755 4685//796 4783//731
f 4783//731 4685//796 4784//707
f 4685//796 4686//695 4785//784
f 4685//796 4785//784 4784//707
f 4686//695 4687//821 4785//784
f 4785//784 4687//821 4786//709
f 4687//821 4688//600 4787//832
f 4687//821 4787//832 4786//709
f 4688//600 4689//587 4787//832
f 4787//832 4689//587 4788//600
f 4689//587 4690//612 4789//552
f 4689//587 4789//552 4788//600
f 4690//612 4691//539 4790//552
f 4690//612 4790//552 4789//552
f 4691//539 4692//562 4790//552
f 4790//552 4692//562 4791//607
f 4692//562 4693//584 4792//540
f 4692//562 4792//540 4791//607
f 4693//584 4694//664 4792//540
f 4792//540 4694//664 4793//833
f 4694//664 4695//822 4793//833
f 4793//833 4695//822 4794//834
f 4695//822 4696//823 4795//835
f 4695//822 4795//835 4794//834
f 4696//823 4697//824 4795//835
f 4795//835 4697//824 4796//836
f 4697//824 4698//825 4796//836
f 4796//836 4698//825 4797//811
f 4698//825 4699//587 4797//811
f 4797//811 4699//587 4798//677
f 4699//587 4700//600 4799//600
f 4699//587 4799//600 4798//677
f 4700//600 4701//600 4800//598
f 4700//600 4800//598 4799//600
f 4701//600 4702//612 4801//600
f 4701//600 4801//600 4800//598
f 4702//612 4703//553 4802//552
f 4702//612 4802//552 4801//600
f 4703//553 4704//599 4802//552
f 4802//552 4704//599 4803//607
f 4704//599 4705//600 4804//600
f 4704//599 4804//600 4803//607
f 4705//600 4706//540 4805//600
f 4705//600 4805//600 4804//600
f 4706//540 4707//309 4806//573
f 4706//540 4806//573 4805//600
f 4707//309 4708//554 4806//573
f 4806//573 4708//554 4807//527
f 4708//554 4709//573 4807//527
f 4807//527 4709//573 4808//641
f 4709//573 4710//540 4809//600
f 4709//573 4809//600 4808//641
f 4710//540 4711//309 4810//553
f 4710//540 4810//553 4809//600
f 4711//309 4712//540 4810//553
f 4810//553 4712//540 4811//641
f 4712//540 4713//540 4812//600
f 4712//540 4812//600 4811//641
f 4713//540 4714//309 4813//540
f 4713//540 4813//540 4812//600
f 4714//309 4715//540 4813//540
f 4813//540 4715//540 4814//309
f 4715//540 4716//553 4815//554
f 4715//540 4815//554 4814//309
f 4716//553 4717//527 4815//554
f 4815//554 4717//527 4816//527
f 4717//527 4718//554 4816//527
f 4816//527 4718//554 4817//553
f 4718//554 4719//309 4818//540
f 4718//554 4818//540 4817//553
f 4719//309 4720//309 4818//540
f 4818//540 4720//309 4819//309
f 4720//309 4721//826 4819//309
f 4819//309 4721//826 4820//837
f 4721//826 4722//827 4820//837
f 4820//837 4722//827 4821//838
f 4723//828 4724//829 4822//839
f 4724//829 4725//309 4823//840
f 4724//829 4823//840 4822//839
f 4725//309 4726//309 4823//840
f 4823//840 4726//309 4824//309
f 4726//309 4727//309 4824//309
f 4824//309 4727//309 4825//309
f 4727//309 4728//309 4825//309
f 4825//309 4728//309 4826//309
f 4728//309 4729//309 4826//309
f 4826//309 4729//309 4827//309
f 4729//309 4730//309 4827//309
f 4827//309 4730//309 4828//536
f 4730//309 4731//550 4828//536
f 4828//536 4731//550 4829//550
f 4731//550 4732//581 4829//550
f 4829//550 4732//581 4830//309
f 4732//581 4733//309 4830//309
f 4830//309 4733//309 4831//309
f 4733//309 4734//560 4831//309
f 4831//309 4734//560 4832//549
f 4734//560 4735//560 4832//549
f 4832//549 4735//560 4833//581
f 4735//560 4736//309 4833//581
f 4833//581 4736//309 4834//309
f 4736//309 4737//560 4834//309
f 4834//309 4737//560 4835//550
f 4737//560 4738//560 4835//550
f 4835//550 4738//560 4836//581
f 4738//560 4739//309 4836//581
f 4836//581 4739//309 4837//537
f 4739//309 4740//550 4837//537
f 4837//537 4740//550 4838//537
f 4740//550 4741//581 4838//537
f 4838//537 4741//581 4839//536
f 4741//581 4742//550 4839//536
f 4839//536 4742//550 4840//550
f 4742//550 4743//536 4840//550
f 4840//550 4743//536 4841//536
f 4743//536 4744//550 4841//536
f 4841//536 4744//550 4842//550
f 4744//550 4745//581 4842//550
f 4842//550 4745//581 4843//309
f 4745//581 4746//560 4843//309
f 4843//309 4746//560 4844//549
f 4746//560 4747//769 4844//549
f 4844//549 4747//769 4845//769
f 4747//769 4748//549 4845//769
f 4845//769 4748//549 4846//769
f 4748//549 4749//537 4846//769
f 4846//769 4749//537 4847//550
f 4749//537 4750//537 4847//550
f 4847//550 4750//537 4848//536
f 4750//537 4751//550 4848//536
f 4848//536 4751//550 4849//841
f 4751//550 4752//805 4849//841
f 4849//841 4752//805 4850//783
f 4752//805 4753//830 4850//783
f 4850//783 4753//830 4851//831
f 4753//830 4754//807 4851//831
f 4851//831 4754//807 4852//806
f 4754//807 4755//309 4852//806
f 4852//806 4755//309 4853//309
f 4755//309 4756//806 4853//309
f 4853//309 4756//806 4854//807
f 4756//806 4757//807 4854//807
f 4854//807 4757//807 4855//806
f 4757//807 4758//309 4855//806
f 4855//806 4758//309 4856//309
f 4758//309 4759//309 4856//309
f 4856//309 4759//309 4857//309
f 4759//309 4760//309 4857//309
f 4857//309 4760//309 4858//730
f 4760//309 4761//831 4858//730
f 4858//730 4761//831 4859//730
f 4761//831 4762//806 4859//730
f 4859//730 4762//806 4860//309
f 4762//806 4763//309 4860//309
f 4860//309 4763//309 4861//309
f 4763//309 4764//309 4861//309
f 4861//309 4764//309 4862//703
f 4764//309 4765//806 4862//703
f 4862//703 4765//806 4863//730
f 4765//806 4766//807 4863//730
f 4863//730 4766//807 4864//806
f 4766//807 4767//309 4864//806
f 4864//806 4767//309 4865//309
f 4767//309 4768//309 4865//309
f 4865//309 4768//309 4866//309
f 4768//309 4769//309 4866//309
f 4866//309 4769//309 4867//309
f 4769//309 4770//309 4867//309
f 4867//309 4770//309 4868//730
f 4770//309 4771//730 4868//730
f 4868//730 4771//730 4869//730
f 4771//730 4772//705 4869//730
f 4869//730 4772//705 4870//309
f 4772//705 4773//706 4870//309
f 4870//309 4773//706 4871//309
f 4773//706 4774//706 4872//808
f 4773//706 4872//808 4871//309
f 4774//706 4775//704 4872//808
f 4872//808 4775//704 4873//704
f 4775//704 4776//756 4873//704
f 4873//704 4776//756 4874//706
f 4776//756 4777//755 4875//755
f 4776//756 4875//755 4874//706
f 4777//755 4778//707 4876//732
f 4777//755 4876//732 4875//755
f 4778//707 4779//741 4876//732
f 4876//732 4779//741 4877//706
f 4779//741 4780//707 4878//707
f 4779//741 4878//707 4877//706
f 4780//707 4781//707 4879//721
f 4780//707 4879//721 4878//707
f 4781//707 4782//731 4879//721
f 4879//721 4782//731 4880//742
f 4782//731 4783//731 4881//842
f 4782//731 4881//842 4880//742
f 4783//731 4784//707 4882//707
f 4783//731 4882//707 4881//842
f 4784//707 4785//784 4883//721
f 4784//707 4883//721 4882//707
f 4785//784 4786//709 4883//721
f 4883//721 4786//709 4884//843
f 4786//709 4787//832 4885//844
f 4786//709 4885//844 4884//843
f 4787//832 4788//600 4886//710
f 4787//832 4886//710 4885//844
f 4788//600 4789//552 4886//710
f 4886//710 4789//552 4887//712
f 4789//552 4790//552 4888//612
f 4789//552 4888//612 4887//712
f 4790//552 4791//607 4889//539
f 4790//552 4889//539 4888//612
f 4791//607 4792//540 4890//552
f 4791//607 4890//552 4889//539
f 4792//540 4793//833 4891//587
f 4792//540 4891//587 4890//552
f 4793//833 4794//834 4891//587
f 4891//587 4794//834 4892//598
f 4794//834 4795//835 4893//538
f 4794//834 4893//538 4892//598
f 4795//835 4796//836 4893//538
f 4893//538 4796//836 4894//599
f 4796//836 4797//811 4895//600
f 4796//836 4895//600 4894//599
f 4797//811 4798//677 4896//612
f 4797//811 4896//612 4895//600
f 4798//677 4799//600 4897//539
f 4798//677 4897//539 4896//612
f 4799//600 4800//598 4898//552
f 4799//600 4898//552 4897//539
f 4800//598 4801//600 4899//600
f 4800//598 4899//600 4898//552
f 4801//600 4802//552 4900//600
f 4801//600 4900//600 4899//600
f 4802//552 4803//607 4901//539
f 4802//552 4901//539 4900//600
f 4803//607 4804//600 4902//552
f 4803//607 4902//552 4901//539
f 4804//600 4805//600 4903//598
f 4804//600 4903//598 4902//552
f 4805//600 4806//573 4904//631
f 4805//600 4904//631 4903//598
f 4806//573 4807//527 4904//631
f 4904//631 4807//527 4905//527
f 4807//527 4808//641 4905//527
f 4905//527 4808//641 4906//664
f 4808//641 4809//600 4907//665
f 4808//641 4907//665 4906//664
f 4809//600 4810//553 4908//554
f 4809//600 4908//554 4907//665
f 4810//553 4811//641 4908//554
f 4908//554 4811//641 4909//573
f 4811//641 4812//600 4910//600
f 4811//641 4910//600 4909//573
f 4812//600 4813//540 4911//600
f 4812//600 4911//600 4910//600
f 4813//540 4814//309 4912//573
f 4813//540 4912//573 4911//600
f 4814//309 4815//554 4912//573
f 4912//573 4815//554 4913//527
f 4815//554 4816//527 4913//527
f 4913//527 4816//527 4914//528
f 4816//527 4817//553 4914//528
f 4914//528 4817//553 4915//309
f 4817//553 4818//540 4916//540
f 4817//553 4916//540 4915//309
f 4818//540 4819//309 4917//553
f 4818//540 4917//553 4916//540
f 4819//309 4820//837 4917//553
f 4917//553 4820//837 4918//845
f 4820//837 4821//838 4918//845
f 4918//845 4821//838 4919//846
f 4822//839 4823//840 4920//847
f 4920//847 4823//840 4921//718
f 4823//840 4824//309 4921//718
f 4921//718 4824//309 4922//309
f 4824//309 4825//309 4922//309
f 4922//309 4825//309 4923//309
f 4825//309 4826//309 4923//309
f 4923//309 4826//309 4924//309
f 4826//309 4827//309 4924//309
f 4924//309 4827//309 4925//309
f 4827//309 4828//536 4925//309
f 4925//309 4828//536 4926//560
f 4828//536 4829//550 4926//560
f 4926//560 4829//550 4927//560
f 4829//550 4830//309 4927//560
f 4927//560 4830//309 4928//309
f 4830//309 4831//309 4928//309
f 4928//309 4831//309 4929//581
f 4831//309 4832//549 4929//581
f 4929//581 4832//549 4930//550
f 4832//549 4833//581 4930//550
f 4930//550 4833//581 4931//309
f 4833//581 4834//309 4931//309
f 4931//309 4834//309 4932//536
f 4834//309 4835//550 4932//536
f 4932//536 4835//550 4933//549
f 4835//550 4836//581 4933//549
f 4933//549 4836//581 4934//536
f 4836//581 4837//537 4934//536
f 4934//536 4837//537 4935//549
f 4837//537 4838//537 4935//549
f 4935//549 4838//537 4936//309
f 4838//537 4839//536 4936//309
f 4936//309 4839//536 4937//560
f 4839//536 4840//550 4937//560
f 4937//560 4840//550 4938//560
f 4840//550 4841//536 4938//560
f 4938//560 4841//536 4939//560
f 4841//536 4842//550 4939//560
f 4939//560 4842//550 4940//560
f 4842//550 4843//309 4940//560
f 4940//560 4843//309 4941//570
f 4843//309 4844//549 4941//570
f 4941//570 4844//549 4942//537
f 4844//549 4845//769 4942//537
f 4942//537 4845//769 4943//550
f 4845//769 4846//769 4943//550
f 4943//550 4846//769 4944//769
f 4846//769 4847//550 4944//769
f 4944//769 4847//550 4945//560
f 4847//550 4848//536 4945//560
f 4945//560 4848//536 4946//550
f 4848//536 4849//841 4946//550
f 4946//550 4849//841 4947//848
f 4849//841 4850//783 4947//848
f 4947//848 4850//783 4948//849
f 4850//783 4851//831 4948//849
f 4948//849 4851//831 4949//807
f 4851//831 4852//806 4949//807
f 4949//807 4852//806 4950//309
f 4852//806 4853//309 4950//309
f 4950//309 4853//309 4951//730
f 4853//309 4854//807 4951//730
f 4951//730 4854//807 4952//730
f 4854//807 4855//806 4952//730
f 4952//730 4855//806 4953//309
f 4855//806 4856//309 4953//309
f 4953//309 4856//309 4954//309
f 4856//309 4857//309 4954//309
f 4954//309 4857//309 4955//730
f 4857//309 4858//730 4955//730
f 4955//730 4858//730 4956//730
f 4858//730 4859//730 4956//730
f 4956//730 4859//730 4957//309
f 4859//730 4860//309 4957//309
f 4957//309 4860//309 4958//309
f 4860//309 4861//309 4958//309
f 4958//309 4861//309 4959//730
f 4861//309 4862//703 4959//730
f 4959//730 4862//703 4960//705
f 4862//703 4863//730 4960//705
f 4960//705 4863//730 4961//703
f 4863//730 4864//806 4961//703
f 4961//703 4864//806 4962//309
f 4864//806 4865//309 4962//309
f 4962//309 4865//309 4963//309
f 4865//309 4866//309 4963//309
f 4963//309 4866//309 4964//703
f 4866//309 4867//309 4964//703
f 4964//703 4867//309 4965//705
f 4867//309 4868//730 4965//705
f 4965//705 4868//730 4966//730
f 4868//730 4869//730 4966//730
f 4966//730 4869//730 4967//309
f 4869//730 4870//309 4967//309
f 4967//309 4870//309 4968//309
f 4870//309 4871//309 4968//309
f 4968//309 4871//309 4969//309
f 4871//309 4872//808 4969//309
f 4969//309 4872//808 4970//703
f 4872//808 4873//704 4970//703
f 4970//703 4873//704 4971//704
f 4873//704 4874//706 4971//704
f 4971//704 4874//706 4972//756
f 4874//706 4875//755 4973//755
f 4874//706 4973//755 4972//756
f 4875//755 4876//732 4974//706
f 4875//755 4974//706 4973//755
f 4876//732 4877//706 4974//706
f 4974//706 4877//706 4975//732
f 4877//706 4878//707 4976//756
f 4877//706 4976//756 4975//732
f 4878//707 4879//721 4976//756
f 4976//756 4879//721 4977//704
f 4879//721 4880//742 4977//704
f 4977//704 4880//742 4978//850
f 4880//742 4881//842 4979//842
f 4880//742 4979//842 4978//850
f 4881//842 4882//707 4980//742
f 4881//842 4980//742 4979//842
f 4882//707 4883//721 4980//742
f 4980//742 4883//721 4981//721
f 4883//721 4884//843 4981//721
f 4981//721 4884//843 4982//851
f 4884//843 4885//844 4983//852
f 4884//843 4983//852 4982//851
f 4885//844 4886//710 4984//743
f 4885//844 4984//743 4983//852
f 4886//710 4887//712 4984//743
f 4984//743 4887//712 4985//786
f 4887//712 4888//612 4986//725
f 4887//712 4986//725 4985//786
f 4888//612 4889//539 4987//563
f 4888//612 4987//563 4986//725
f 4889//539 4890//552 4987//563
f 4987//563 4890//552 4988//563
f 4890//552 4891//587 4989//612
f 4890//552 4989//612 4988//563
f 4891//587 4892//598 4990//563
f 4891//587 4990//563 4989//612
f 4892//598 4893//538 4990//563
f 4990//563 4893//538 4991//575
f 4893//538 4894//599 4991//575
f 4991//575 4894//599 4992//563
f 4894//599 4895//600 4993//539
f 4894//599 4993//539 4992//563
f 4895//600 4896//612 4994//746
f 4895//600 4994//746 4993//539
f 4896//612 4897//539 4995//853
f 4896//612 4995//853 4994//746
f 4897//539 4898//552 4995//853
f 4995//853 4898//552 4996//539
f 4898//552 4899//600 4997//612
f 4898//552 4997//612 4996//539
f 4899//600 4900//600 4998//539
f 4899//600 4998//539 4997//612
f 4900//600 4901//539 4999//562
f 4900//600 4999//562 4998//539
f 4901//539 4902//552 4999//562
f 4999//562 4902//552 5000//539
f 4902//552 4903//598 5001//612
f 4902//552 5001//612 5000//539
f 4903//598 4904//631 5002//573
f 4903//598 5002//573 5001//612
f 4904//631 4905//527 5002//573
f 5002//573 4905//527 5003//527
f 4905//527 4906//664 5003//527
f 5003//527 4906//664 5004//586
f 4906//664 4907//665 5004//586
f 5004//586 4907//665 5005//664
f 4907//665 4908//554 5005//664
f 5005//664 4908//554 5006//527
f 4908//554 4909//573 5006//527
f 5006//527 4909//573 5007//641
f 4909//573 4910//600 5008//600
f 4909//573 5008//600 5007//641
f 4910//600 4911//600 5009//539
f 4910//600 5009//539 5008//600
f 4911//600 4912//573 5010//562
f 4911//600 5010//562 5009//539
f 4912//573 4913//527 5010//562
f 5010//562 4913//527 5011//584
f 4913//527 4914//528 5011//584
f 5011//584 4914//528 5012//573
f 4914//528 4915//309 5013//553
f 4914//528 5013//553 5012//573
f 4915//309 4916//540 5013//553
f 5013//553 4916//540 5014//641
f 4916//540 4917//553 5015//854
f 4916//540 5015//854 5014//641
f 4917//553 4918//845 5015//854
f 5015//854 4918//845 5016//855
f 4918//845 4919//846 5016//855
f 4920//847 4921//718 5017//856
f 5017//856 4921//718 5018//718
f 4921//718 4922//309 5018//718
f 5018//718 4922//309 5019//309
f 4922//309 4923//309 5019//309
f 5019//309 4923//309 5020//309
f 4923//309 4924//309 5020//309
f 5020//309 4924//309 5021//309
f 4924//309 4925//309 5021//309
f 5021//309 4925//309 5022//309
f 4925//309 4926//560 5022//309
f 5022//309 4926//560 5023//549
f 4926//560 4927//560 5023//549
f 5023//549 4927//560 5024//581
f 4927//560 4928//309 5024//581
f 5024//581 4928//309 5025//309
f 4928//309 4929//581 5025//309
f 5025//309 4929//581 5026//560
f 4929//581 4930//550 5026//560
f 5026//560 4930//550 5027//560
f 4930//550 4931//309 5027//560
f 5027//560 4931//309 5028//309
f 4931//309 4932//536 5028//309
f 5028//309 4932//536 5029//549
f 4932//536 4933//549 5029//549
f 5029//549 4933//549 5030//536
f 4933//549 4934//536 5030//536
f 5030//536 4934//536 5031//549
f 4934//536 4935//549 5031//549
f 5031//549 4935//549 5032//536
f 4935//549 4936//309 5032//536
f 5032//536 4936//309 5033//309
f 4936//309 4937//560 5033//309
f 5033//309 4937//560 5034//550
f 4937//560 4938//560 5034//550
f 5034//550 4938//560 5035//581
f 4938//560 4939//560 5035//581
f 5035//581 4939//560 5036//550
f 4939//560 4940//560 5036//550
f 5036//550 4940//560 5037//550
f 4940//560 4941//570 5037//550
f 5037//550 4941//570 5038//549
f 4941//570 4942//537 5038//549
f 5038//549 4942//537 5039//536
f 4942//537 4943//550 5039//536
f 5039//536 4943//550 5040//549
f 4943//550 4944//769 5040//549
f 5040//549 4944//769 5041//549
f 4944//769 4945//560 5041//549
f 5041//549 4945//560 5042//550
f 4945//560 4946//550 5042//550
f 5042//550 4946//550 5043//549
f 4946//550 4947//848 5043//549
f 5043//549 4947//848 5044//783
f 4947//848 4948//849 5044//783
f 5044//783 4948//849 5045//857
f 4948//849 4949//807 5045//857
f 5045//857 4949//807 5046//858
f 4949//807 4950//309 5046//858
f 5046//858 4950//309 5047//730
f 4950//309 4951//730 5047//730
f 5047//730 4951//730 5048//730
f 4951//730 4952//730 5048//730
f 5048//730 4952//730 5049//309
f 4952//730 4953//309 5049//309
f 5049//309 4953//309 5050//309
f 4953//309 4954//309 5050//309
f 5050//309 4954//309 5051//730
f 4954//309 4955//730 5051//730
f 5051//730 4955//730 5052//730
f 4955//730 4956//730 5052//730
f 5052//730 4956//730 5053//309
f 4956//730 4957//309 5053//309
f 5053//309 4957//309 5054//309
f 4957//309 4958//309 5054//309
f 5054//309 4958//309 5055//806
f 4958//309 4959//730 5055//806
f 5055//806 4959//730 5056//807
f 4959//730 4960//705 5056//807
f 5056//807 4960//705 5057//309
f 4960//705 4961//703 5057//309
f 5057//309 4961//703 5058//309
f 4961//703 4962//309 5058//309
f 5058//309 4962//309 5059//309
f 4962//309 4963//309 5059//309
f 5059//309 4963//309 5060//730
f 4963//309 4964//703 5060//730
f 5060//730 4964//703 5061//705
f 4964//703 4965//705 5061//705
f 5061//705 4965//705 5062//703
f 4965//705 4966//730 5062//703
f 5062//703 4966//730 5063//309
f 4966//730 4967//309 5063//309
f 5063//309 4967//309 5064//703
f 4967//309 4968//309 5064//703
f 5064//703 4968//309 5065//704
f 4968//309 4969//309 5065//704
f 5065//704 4969//309 5066//719
f 4969//309 4970//703 5066//719
f 5066//719 4970//703 5067//705
f 4970//703 4971//704 5067//705
f 5067//705 4971//704 5068//704
f 4971//704 4972//756 5068//704
f 5068//704 4972//756 5069//706
f 4972//756 4973//755 5070//755
f 4972//756 5070//755 5069//706
f 4973//755 4974//706 5071//732
f 4973//755 5071//732 5070//755
f 4974//706 4975//732 5071//732
f 5071//732 4975//732 5072//706
f 4975//732 4976//756 5073//706
f 4975//732 5073//706 5072//706
f 4976//756 4977//704 5073//706
f 5073//706 4977//704 5074//719
f 4977//704 4978//850 5074//719
f 5074//719 4978//850 5075//720
f 4978//850 4979//842 5076//859
f 4978//850 5076//859 5075//720
f 4979//842 4980//742 5077//742
f 4979//842 5077//742 5076//859
f 4980//742 4981//721 5077//742
f 5077//742 4981//721 5078//742
f 4981//721 4982//851 5079//860
f 4981//721 5079//860 5078//742
f 4982//851 4983//852 5080//843
f 4982//851 5080//843 5079//860
f 4983//852 4984//743 5080//843
f 5080//843 4984//743 5081//742
f 4984//743 4985//786 5082//755
f 4984//743 5082//755 5081//742
f 4985//786 4986//725 5083//733
f 4985//786 5083//733 5082//755
f 4986//725 4987//563 5084//710
f 4986//725 5084//710 5083//733
f 4987//563 4988//563 5084//710
f 5084//710 4988//563 5085//712
f 4988//563 4989//612 5086//612
f 4988//563 5086//612 5085//712
f 4989//612 4990//563 5087//563
f 4989//612 5087//563 5086//612
f 4990//563 4991//575 5087//563
f 5087//563 4991//575 5088//575
f 4991//575 4992//563 5088//575
f 5088//575 4992//563 5089//563
f 4992//563 4993//539 5090//563
f 4992//563 5090//563 5089//563
f 4993//539 4994//746 5090//563
f 5090//563 4994//746 5091//861
f 4994//746 4995//853 5092//612
f 4994//746 5092//612 5091//861
f 4995//853 4996//539 5093//862
f 4995//853 5093//862 5092//612
f 4996//539 4997//612 5094//552
f 4996//539 5094//552 5093//862
f 4997//612 4998//539 5095//563
f 4997//612 5095//563 5094//552
f 4998//539 4999//562 5095//563
f 5095//563 4999//562 5096//563
f 4999//562 5000//539 5097//539
f 4999//562 5097//539 5096//563
f 5000//539 5001//612 5098//552
f 5000//539 5098//552 5097//539
f 5001//612 5002//573 5099//563
f 5001//612 5099//563 5098//552
f 5002//573 5003//527 5099//563
f 5099//563 5003//527 5100//606
f 5003//527 5004//586 5100//606
f 5100//606 5004//586 5101//539
f 5004//586 5005//664 5102//552
f 5004//586 5102//552 5101//539
f 5005//664 5006//527 5102//552
f 5102//552 5006//527 5103//584
f 5006//527 5007//641 5103//584
f 5103//584 5007//641 5104//553
f 5007//641 5008//600 5105//539
f 5007//641 5105//539 5104//553
f 5008//600 5009//539 5106//562
f 5008//600 5106//562 5105//539
f 5009//539 5010//562 5106//562
f 5106//562 5010//562 5107//539
f 5010//562 5011//584 5108//553
f 5010//562 5108//553 5107//539
f 5011//584 5012//573 5108//553
f 5108//553 5012//573 5109//631
f 5012//573 5013//553 5110//631
f 5012//573 5110//631 5109//631
f 5013//553 5014//641 5110//631
f 5110//631 5014//641 5111//573
f 5014//641 5015//854 5112//863
f 5014//641 5112//863 5111//573
f 5015//854 5016//855 5112//863
f 5112//863 5016//855 5113//864
f 5017//856 5018//718 5114//865
f 5114//865 5018//718 5115//718
f 5018//718 5019//309 5115//718
f 5115//718 5019//309 5116//309
f 5019//309 5020//309 5116//309
f 5116//309 5020//309 5117//309
f 5020//309 5021//309 5117//309
f 5117//309 5021//309 5118//309
f 5021//309 5022//309 5118//309
f 5118//309 5022//309 5119//570
f 5022//309 5023//549 5119//570
f 5119//570 5023//549 5120//537
f 5023//549 5024//581 5120//537
f 5120//537 5024//581 5121//309
f 5024//581 5025//309 5121//309
f 5121//309 5025//309 5122//309
f 5025//309 5026//560 5122//309
f 5122//309 5026//560 5123//550
f 5026//560 5027//560 5123//550
f 5123//550 5027//560 5124//581
f 5027//560 5028//309 5124//581
f 5124//581 5028//309 5125//536
f 5028//309 5029//549 5125//536
f 5125//536 5029//549 5126//549
f 5029//549 5030//536 5126//549
f 5126//549 5030//536 5127//536
f 5030//536 5031//549 5127//536
f 5127//536 5031//549 5128//550
f 5031//549 5032//536 5128//550
f 5128//550 5032//536 5129//309
f 5032//536 5033//309 5129//309
f 5129//309 5033//309 5130//537
f 5033//309 5034//550 5130//537
f 5130//537 5034//550 5131//537
f 5034//550 5035//581 5131//537
f 5131//537 5035//581 5132//536
f 5035//581 5036//550 5132//536
f 5132//536 5036//550 5133//550
f 5036//550 5037//550 5133//550
f 5133//550 5037//550 5134//549
f 5037//550 5038//549 5134//549
f 5134//549 5038//549 5135//581
f 5038//549 5039//536 5135//581
f 5135//581 5039//536 5136//549
f 5039//536 5040//549 5136//549
f 5136//549 5040//549 5137//550
f 5040//549 5041//549 5137//550
f 5137//550 5041//549 5138//550
f 5041//549 5042//550 5138//550
f 5138//550 5042//550 5139//549
f 5042//550 5043//549 5139//549
f 5139//549 5043//549 5140//866
f 5043//549 5044//783 5140//866
f 5140//866 5044//783 5141//682
f 5044//783 5045//857 5141//682
f 5141//682 5045//857 5142//807
f 5045//857 5046//858 5142//807
f 5142//807 5046//858 5143//807
f 5046//858 5047//730 5143//807
f 5143//807 5047//730 5144//807
f 5047//730 5048//730 5144//807
f 5144//807 5048//730 5145//309
f 5048//730 5049//309 5145//309
f 5145//309 5049//309 5146//309
f 5049//309 5050//309 5146//309
f 5146//309 5050//309 5147//806
f 5050//309 5051//730 5147//806
f 5147//806 5051//730 5148//807
f 5051//730 5052//730 5148//807
f 5148//807 5052//730 5149//309
f 5052//730 5053//309 5149//309
f 5149//309 5053//309 5150//309
f 5053//309 5054//309 5150//309
f 5150//309 5054//309 5151//309
f 5054//309 5055//806 5151//309
f 5151//309 5055//806 5152//807
f 5055//806 5056//807 5152//807
f 5152//807 5056//807 5153//806
f 5056//807 5057//309 5153//806
f 5153//806 5057//309 5154//309
f 5057//309 5058//309 5154//309
f 5154//309 5058//309 5155//309
f 5058//309 5059//309 5155//309
f 5155//309 5059//309 5156//806
f 5059//309 5060//730 5156//806
f 5156//806 5060//730 5157//807
f 5060//730 5061//705 5157//807
f 5157//807 5061//705 5158//309
f 5061//705 5062//703 5158//309
f 5158//309 5062//703 5159//309
f 5062//703 5063//309 5159//309
f 5159//309 5063//309 5160//730
f 5063//309 5064//703 5160//730
f 5160//730 5064//703 5161//705
f 5064//703 5065//704 5161//705
f 5161//705 5065//704 5162//704
f 5065//704 5066//719 5162//704
f 5162//704 5066//719 5163//703
f 5066//719 5067//705 5163//703
f 5163//703 5067//705 5164//309
f 5067//705 5068//704 5164//309
f 5164//309 5068//704 5165//867
f 5068//704 5069//706 5165//867
f 5165//867 5069//706 5166//309
f 5069//706 5070//755 5167//771
f 5069//706 5167//771 5166//309
f 5070//755 5071//732 5168//706
f 5070//755 5168//706 5167//771
f 5071//732 5072//706 5168//706
f 5168//706 5072//706 5169//720
f 5072//706 5073//706 5170//741
f 5072//706 5170//741 5169//720
f 5073//706 5074//719 5170//741
f 5170//741 5074//719 5171//692
f 5074//719 5075//720 5171//692
f 5171//692 5075//720 5172//868
f 5075//720 5076//859 5172//868
f 5172//868 5076//859 5173//755
f 5076//859 5077//742 5174//741
f 5076//859 5174//741 5173//755
f 5077//742 5078//742 5174//741
f 5174//741 5078//742 5175//707
f 5078//742 5079//860 5176//869
f 5078//742 5176//869 5175//707
f 5079//860 5080//843 5177//870
f 5079//860 5177//870 5176//869
f 5080//843 5081//742 5177//870
f 5177//870 5081//742 5178//871
f 5081//742 5082//755 5179//842
f 5081//742 5179//842 5178//871
f 5082//755 5083//733 5180//707
f 5082//755 5180//707 5179//842
f 5083//733 5084//710 5181//872
f 5083//733 5181//872 5180//707
f 5084//710 5085//712 5181//872
f 5181//872 5085//712 5182//873
f 5085//712 5086//612 5183//874
f 5085//712 5183//874 5182//873
f 5086//612 5087//563 5184//875
f 5086//612 5184//875 5183//874
f 5087//563 5088//575 5184//875
f 5184//875 5088//575 5185//737
f 5088//575 5089//563 5185//737
f 5185//737 5089//563 5186//539
f 5089//563 5090//563 5187//563
f 5089//563 5187//563 5186//539
f 5090//563 5091//861 5187//563
f 5187//563 5091//861 5188//563
f 5091//861 5092//612 5189//713
f 5091//861 5189//713 5188//563
f 5092//612 5093//862 5190//686
f 5092//612 5190//686 5189//713
f 5093//862 5094//552 5190//686
f 5190//686 5094//552 5191//563
f 5094//552 5095//563 5192//563
f 5094//552 5192//563 5191//563
f 5095//563 5096//563 5192//563
f 5192//563 5096//563 5193//563
f 5096//563 5097//539 5194//563
f 5096//563 5194//563 5193//563
f 5097//539 5098//552 5194//563
f 5194//563 5098//552 5195//563
f 5098//552 5099//563 5196//552
f 5098//552 5196//552 5195//563
f 5099//563 5100//606 5196//552
f 5196//552 5100//606 5197//539
f 5100//606 5101//539 5198//539
f 5100//606 5198//539 5197//539
f 5101//539 5102//552 5199//552
f 5101//539 5199//552 5198//539
f 5102//552 5103//584 5200//553
f 5102//552 5200//553 5199//552
f 5103//584 5104//553 5200//553
f 5200//553 5104//553 5201//599
f 5104//553 5105//539 5202//631
f 5104//553 5202//631 5201//599
f 5105//539 5106//562 5202//631
f 5202//631 5106//562 5203//573
f 5106//562 5107//539 5204//539
f 5106//562 5204//539 5203//573
f 5107//539 5108//553 5205//562
f 5107//539 5205//562 5204//539
f 5108//553 5109//631 5205//562
f 5205//562 5109//631 5206//539
f 5109//631 5110//631 5207//553
f 5109//631 5207//553 5206//539
f 5110//631 5111//573 5207//553
f 5207//553 5111//573 5208//599
f 5111//573 5112//863 5209//760
f 5111//573 5209//760 5208//599
f 5112//863 5113//864 5210//876
f 5112//863 5210//876 5209//760
f 5113//864 5211//877 5210//876
f 5114//865 5115//718 5212//878
f 5212//878 5115//718 5213//718
f 5115//718 5116//309 5213//718
f 5213//718 5116//309 5214//309
f 5116//309 5117//309 5214//309
f 5214//309 5117//309 5215//309
f 5117//309 5118//309 5215//309
f 5215//309 5118//309 5216//536
f 5118//309 5119//570 5216//536
f 5216//536 5119//570 5217//549
f 5119//570 5120//537 5217//549
f 5217//549 5120//537 5218//309
f 5120//537 5121//309 5218//309
f 5218//309 5121//309 5219//309
f 5121//309 5122//309 5219//309
f 5219//309 5122//309 5220//536
f 5122//309 5123//550 5220//536
f 5220//536 5123//550 5221//549
f 5123//550 5124//581 5221//549
f 5221//549 5124//581 5222//309
f 5124//581 5125//536 5222//309
f 5222//309 5125//536 5223//560
f 5125//536 5126//549 5223//560
f 5223//560 5126//549 5224//560
f 5126//549 5127//536 5224//560
f 5224//560 5127//536 5225//560
f 5127//536 5128//550 5225//560
f 5225//560 5128//550 5226//560
f 5128//550 5129//309 5226//560
f 5226//560 5129//309 5227//581
f 5129//309 5130//537 5227//581
f 5227//581 5130//537 5228//550
f 5130//537 5131//537 5228//550
f 5228//550 5131//537 5229//309
f 5131//537 5132//536 5229//309
f 5229//309 5132//536 5230//560
f 5132//536 5133//550 5230//560
f 5230//560 5133//550 5231//769
f 5133//550 5134//549 5231//769
f 5231//769 5134//549 5232//549
f 5134//549 5135//581 5232//549
f 5232//549 5135//581 5233//581
f 5135//581 5136//549 5233//581
f 5233//581 5136//549 5234//550
f 5136//549 5137//550 5234//550
f 5234//550 5137//550 5235//550
f 5137//550 5138//550 5235//550
f 5235//550 5138//550 5236//572
f 5138//550 5139//549 5236//572
f 5236//572 5139//549 5237//879
f 5139//549 5140//866 5237//879
f 5237//879 5140//866 5238//783
f 5140//866 5141//682 5238//783
f 5238//783 5141//682 5239//730
f 5141//682 5142//807 5239//730
f 5239//730 5142//807 5240//730
f 5142//807 5143//807 5240//730
f 5240//730 5143//807 5241//831
f 5143//807 5144//807 5241//831
f 5241//831 5144//807 5242//806
f 5144//807 5145//309 5242//806
f 5242//806 5145//309 5243//309
f 5145//309 5146//309 5243//309
f 5243//309 5146//309 5244//309
f 5146//309 5147//806 5244//309
f 5244//309 5147//806 5245//831
f 5147//806 5148//807 5245//831
f 5245//831 5148//807 5246//806
f 5148//807 5149//309 5246//806
f 5246//806 5149//309 5247//309
f 5149//309 5150//309 5247//309
f 5247//309 5150//309 5248//309
f 5150//309 5151//309 5248//309
f 5248//309 5151//309 5249//730
f 5151//309 5152//807 5249//730
f 5249//730 5152//807 5250//730
f 5152//807 5153//806 5250//730
f 5250//730 5153//806 5251//309
f 5153//806 5154//309 5251//309
f 5251//309 5154//309 5252//309
f 5154//309 5155//309 5252//309
f 5252//309 5155//309 5253//309
f 5155//309 5156//806 5253//309
f 5253//309 5156//806 5254//807
f 5156//806 5157//807 5254//807
f 5254//807 5157//807 5255//806
f 5157//807 5158//309 5255//806
f 5255//806 5158//309 5256//309
f 5158//309 5159//309 5256//309
f 5256//309 5159//309 5257//730
f 5159//309 5160//730 5257//730
f 5257//730 5160//730 5258//730
f 5160//730 5161//705 5258//730
f 5258//730 5161//705 5259//309
f 5161//705 5162//704 5259//309
f 5259//309 5162//704 5260//309
f 5162//704 5163//703 5260//309
f 5260//309 5163//703 5261//703
f 5163//703 5164//309 5261//703
f 5261//703 5164//309 5262//705
f 5164//309 5165//867 5262//705
f 5262//705 5165//867 5263//880
f 5165//867 5166//309 5264//706
f 5165//867 5264//706 5263//880
f 5166//309 5167//771 5264//706
f 5264//706 5167//771 5265//720
f 5167//771 5168//706 5266//721
f 5167//771 5266//721 5265//720
f 5168//706 5169//720 5266//721
f 5266//721 5169//720 5267//721
f 5169//720 5170//741 5267//721
f 5267//721 5170//741 5268//707
f 5170//741 5171//692 5269//706
f 5170//741 5269//706 5268//707
f 5171//692 5172//868 5269//706
f 5269//706 5172//868 5270//720
f 5172//868 5173//755 5271//741
f 5172//868 5271//741 5270//720
f 5173//755 5174//741 5271//741
f 5271//741 5174//741 5272//707
f 5174//741 5175//707 5273//707
f 5174//741 5273//707 5272//707
f 5175//707 5176//869 5274//881
f 5175//707 5274//881 5273//707
f 5176//869 5177//870 5275//882
f 5176//869 5275//882 5274//881
f 5177//870 5178//871 5276//883
f 5177//870 5276//883 5275//882
f 5178//871 5179//842 5277//842
f 5178//871 5277//842 5276//883
f 5179//842 5180//707 5278//742
f 5179//842 5278//742 5277//842
f 5180//707 5181//872 5278//742
f 5278//742 5181//872 5279//884
f 5181//872 5182//873 5279//884
f 5279//884 5182//873 5280//881
f 5182//873 5183//874 5281//885
f 5182//873 5281//885 5280//881
f 5183//874 5184//875 5282//886
f 5183//874 5282//886 5281//885
f 5184//875 5185//737 5283//887
f 5184//875 5283//887 5282//886
f 5185//737 5186//539 5284//888
f 5185//737 5284//888 5283//887
f 5186//539 5187//563 5285//889
f 5186//539 5285//889 5284//888
f 5187//563 5188//563 5285//889
f 5285//889 5188//563 5286//539
f 5188//563 5189//713 5287//612
f 5188//563 5287//612 5286//539
f 5189//713 5190//686 5288//552
f 5189//713 5288//552 5287//612
f 5190//686 5191//563 5288//552
f 5288//552 5191//563 5289//539
f 5191//563 5192//563 5290//563
f 5191//563 5290//563 5289//539
f 5192//563 5193//563 5290//563
f 5290//563 5193//563 5291//563
f 5193//563 5194//563 5292//563
f 5193//563 5292//563 5291//563
f 5194//563 5195//563 5292//563
f 5292//563 5195//563 5293//563
f 5195//563 5196//552 5294//612
f 5195//563 5294//612 5293//563
f 5196//552 5197//539 5295//600
f 5196//552 5295//600 5294//612
f 5197//539 5198//539 5296//631
f 5197//539 5296//631 5295//600
f 5198//539 5199//552 5296//631
f 5296//631 5199//552 5297//553
f 5199//552 5200//553 5298//552
f 5199//552 5298//552 5297//553
f 5200//553 5201//599 5298//552
f 5298//552 5201//599 5299//539
f 5201//599 5202//631 5300//553
f 5201//599 5300//553 5299//539
f 5202//631 5203//573 5300//553
f 5300//553 5203//573 5301//641
f 5203//573 5204//539 5302//631
f 5203//573 5302//631 5301//641
f 5204//539 5205//562 5302//631
f 5302//631 5205//562 5303//553
f 5205//562 5206//539 5304//539
f 5205//562 5304//539 5303//553
f 5206//539 5207//553 5305//574
f 5206//539 5305//574 5304//539
f 5207//553 5208//599 5305//574
f 5305//574 5208//599 5306//563
f 5208//599 5209//760 5307//553
f 5208//599 5307//553 5306//563
f 5209//760 5210//876 5307//553
f 5307//553 5210//876 5308//564
f 5210//876 5211//877 5309//890
f 5210//876 5309//890 5308//564
f 5211//877 5310//891 5309//890
f 5212//878 5213//718 5311//828
f 5311//828 5213//718 5312//892
f 5213//718 5214//309 5312//892
f 5312//892 5214//309 5313//893
f 5214//309 5215//309 5313//893
f 5313//893 5215//309 5314//527
f 5215//309 5216//536 5314//527
f 5314//527 5216//536 5315//537
f 5216//536 5217//549 5315//537
f 5315//537 5217//549 5316//536
f 5217//549 5218//309 5316//536
f 5316//536 5218//309 5317//309
f 5218//309 5219//309 5317//309
f 5317//309 5219//309 5318//526
f 5219//309 5220//536 5318//526
f 5318//526 5220//536 5319//537
f 5220//536 5221//549 5319//537
f 5319//537 5221//549 5320//581
f 5221//549 5222//309 5320//581
f 5320//581 5222//309 5321//309
f 5222//309 5223//560 5321//309
f 5321//309 5223//560 5322//550
f 5223//560 5224//560 5322//550
f 5322//550 5224//560 5323//581
f 5224//560 5225//560 5323//581
f 5323//581 5225//560 5324//550
f 5225//560 5226//560 5324//550
f 5324//550 5226//560 5325//581
f 5226//560 5227//581 5325//581
f 5325//581 5227//581 5326//560
f 5227//581 5228//550 5326//560
f 5326//560 5228//550 5327//560
f 5228//550 5229//309 5327//560
f 5327//560 5229//309 5328//309
f 5229//309 5230//560 5328//309
f 5328//309 5230//560 5329//549
f 5230//560 5231//769 5329//549
f 5329//549 5231//769 5330//595
f 5231//769 5232//549 5330//595
f 5330//595 5232//549 5331//581
f 5232//549 5233//581 5331//581
f 5331//581 5233//581 5332//550
f 5233//581 5234//550 5332//550
f 5332//550 5234//550 5333//572
f 5234//550 5235//550 5333//572
f 5333//572 5235//550 5334//572
f 5235//550 5236//572 5334//572
f 5334//572 5236//572 5335//550
f 5236//572 5237//879 5335//550
f 5335//550 5237//879 5336//783
f 5237//879 5238//783 5336//783
f 5336//783 5238//783 5337//894
f 5238//783 5239//730 5337//894
f 5337//894 5239//730 5338//730
f 5239//730 5240//730 5338//730
f 5338//730 5240//730 5339//730
f 5240//730 5241//831 5339//730
f 5339//730 5241//831 5340//730
f 5241//831 5242//806 5340//730
f 5340//730 5242//806 5341//309
f 5242//806 5243//309 5341//309
f 5341//309 5243//309 5342//309
f 5243//309 5244//309 5342//309
f 5342//309 5244//309 5343//730
f 5244//309 5245//831 5343//730
f 5343//730 5245//831 5344//730
f 5245//831 5246//806 5344//730
f 5344//730 5246//806 5345//309
f 5246//806 5247//309 5345//309
f 5345//309 5247//309 5346//309
f 5247//309 5248//309 5346//309
f 5346//309 5248//309 5347//730
f 5248//309 5249//730 5347//730
f 5347//730 5249//730 5348//730
f 5249//730 5250//730 5348//730
f 5348//730 5250//730 5349//309
f 5250//730 5251//309 5349//309
f 5349//309 5251//309 5350//309
f 5251//309 5252//309 5350//309
f 5350//309 5252//309 5351//703
f 5252//309 5253//309 5351//703
f 5351//703 5253//309 5352//719
f 5253//309 5254//807 5352//719
f 5352//719 5254//807 5353//730
f 5254//807 5255//806 5353//730
f 5353//730 5255//806 5354//309
f 5255//806 5256//309 5354//309
f 5354//309 5256//309 5355//730
f 5256//309 5257//730 5355//730
f 5355//730 5257//730 5356//730
f 5257//730 5258//730 5356//730
f 5356//730 5258//730 5357//309
f 5258//730 5259//309 5357//309
f 5357//309 5259//309 5358//703
f 5259//309 5260//309 5358//703
f 5358//703 5260//309 5359//719
f 5260//309 5261//703 5359//719
f 5359//719 5261//703 5360//705
f 5261//703 5262//705 5360//705
f 5360//705 5262//705 5361//703
f 5262//705 5263//880 5361//703
f 5361//703 5263//880 5362//309
f 5263//880 5264//706 5363//808
f 5263//880 5363//808 5362//309
f 5264//706 5265//720 5363//808
f 5363//808 5265//720 5364//704
f 5265//720 5266//721 5364//704
f 5364//704 5266//721 5365//704
f 5266//721 5267//721 5365//704
f 5365//704 5267//721 5366//706
f 5267//721 5268//707 5367//755
f 5267//721 5367//755 5366//706
f 5268//707 5269//706 5368//732
f 5268//707 5368//732 5367//755
f 5269//706 5270//720 5368//732
f 5368//732 5270//720 5369//704
f 5270//720 5271//741 5369//704
f 5369//704 5271//741 5370//706
f 5271//741 5272//707 5371//707
f 5271//741 5371//707 5370//706
f 5272//707 5273//707 5372//721
f 5272//707 5372//721 5371//707
f 5273//707 5274//881 5372//721
f 5372//721 5274//881 5373//722
f 5274//881 5275//882 5373//722
f 5373//722 5275//882 5374//755
f 5275//882 5276//883 5375//895
f 5275//882 5375//895 5374//755
f 5276//883 5277//842 5376//859
f 5276//883 5376//859 5375//895
f 5277//842 5278//742 5377//742
f 5277//842 5377//742 5376//859
f 5278//742 5279//884 5377//742
f 5377//742 5279//884 5378//721
f 5279//884 5280//881 5378//721
f 5378//721 5280//881 5379//707
f 5280//881 5281//885 5380//755
f 5280//881 5380//755 5379//707
f 5281//885 5282//886 5381//755
f 5281//885 5381//755 5380//755
f 5282//886 5283//887 5382//896
f 5282//886 5382//896 5381//755
f 5283//887 5284//888 5383//897
f 5283//887 5383//897 5382//896
f 5284//888 5285//889 5384//898
f 5284//888 5384//898 5383//897
f 5285//889 5286//539 5385//600
f 5285//889 5385//600 5384//898
f 5286//539 5287//612 5386//677
f 5286//539 5386//677 5385//600
f 5287//612 5288//552 5387//587
f 5287//612 5387//587 5386//677
f 5288//552 5289//539 5388//539
f 5288//552 5388//539 5387//587
f 5289//539 5290//563 5389//562
f 5289//539 5389//562 5388//539
f 5290//563 5291//563 5389//562
f 5389//562 5291//563 5390//539
f 5291//563 5292//563 5391//552
f 5291//563 5391//552 5390//539
f 5292//563 5293//563 5391//552
f 5391//552 5293//563 5392//539
f 5293//563 5294//612 5393//899
f 5293//563 5393//899 5392//539
f 5294//612 5295//600 5394//713
f 5294//612 5394//713 5393//899
f 5295//600 5296//631 5395//553
f 5295//600 5395//553 5394//713
f 5296//631 5297//553 5395//553
f 5395//553 5297//553 5396//599
f 5297//553 5298//552 5397//600
f 5297//553 5397//600 5396//599
f 5298//552 5299//539 5398//600
f 5298//552 5398//600 5397//600
f 5299//539 5300//553 5399//631
f 5299//539 5399//631 5398//600
f 5300//553 5301//641 5399//631
f 5399//631 5301//641 5400//573
f 5301//641 5302//631 5401//573
f 5301//641 5401//573 5400//573
f 5302//631 5303//553 5401//573
f 5401//573 5303//553 5402//599
f 5303//553 5304//539 5403//631
f 5303//553 5403//631 5402//599
f 5304//539 5305//574 5403//631
f 5403//631 5305//574 5404//527
f 5305//574 5306//563 5404//527
f 5404//527 5306//563 5405//573
f 5306//563 5307//553 5406//552
f 5306//563 5406//552 5405//573
f 5307//553 5308//564 5406//552
f 5406//552 5308//564 5407//900
f 5308//564 5309//890 5407//900
f 5407//900 5309//890 5408//901
f 5309//890 5310//891 5408//901
f 5311//828 5312//892 5409//902
f 5312//892 5313//893 5410//903
f 5312//892 5410//903 5409//902
f 5313//893 5314//527 5410//903
f 5410//903 5314//527 5411//584
f 5314//527 5315//537 5411//584
f 5411//584 5315//537 5412//526
f 5315//537 5316//536 5412//526
f 5412//526 5316//536 5413//309
f 5316//536 5317//309 5413//309
f 5413//309 5317//309 5414//536
f 5317//309 5318//526 5414//536
f 5414//536 5318//526 5415//537
f 5318//526 5319//537 5415//537
f 5415//537 5319//537 5416//611
f 5319//537 5320//581 5416//611
f 5416//611 5320//581 5417//309
f 5320//581 5321//309 5417//309
f 5417//309 5321//309 5418//537
f 5321//309 5322//550 5418//537
f 5418//537 5322//550 5419//537
f 5322//550 5323//581 5419//537
f 5419//537 5323//581 5420//537
f 5323//581 5324//550 5420//537
f 5420//537 5324//550 5421//537
f 5324//550 5325//581 5421//537
f 5421//537 5325//581 5422//309
f 5325//581 5326//560 5422//309
f 5422//309 5326//560 5423//550
f 5326//560 5327//560 5423//550
f 5423//550 5327//560 5424//581
f 5327//560 5328//309 5424//581
f 5424//581 5328//309 5425//537
f 5328//309 5329//549 5425//537
f 5425//537 5329//549 5426//572
f 5329//549 5330//595 5426//572
f 5426//572 5330//595 5427//549
f 5330//595 5331//581 5427//549
f 5427//549 5331//581 5428//570
f 5331//581 5332//550 5428//570
f 5428//570 5332//550 5429//572
f 5332//550 5333//572 5429//572
f 5429//572 5333//572 5430//549
f 5333//572 5334//572 5430//549
f 5430//549 5334//572 5431//550
f 5334//572 5335//550 5431//550
f 5431//550 5335//550 5432//904
f 5335//550 5336//783 5432//904
f 5432//904 5336//783 5433//905
f 5336//783 5337//894 5433//905
f 5433//905 5337//894 5434//807
f 5337//894 5338//730 5434//807
f 5434//807 5338//730 5435//806
f 5338//730 5339//730 5435//806
f 5435//806 5339//730 5436//807
f 5339//730 5340//730 5436//807
f 5436//807 5340//730 5437//309
f 5340//730 5341//309 5437//309
f 5437//309 5341//309 5438//309
f 5341//309 5342//309 5438//309
f 5438//309 5342//309 5439//806
f 5342//309 5343//730 5439//806
f 5439//806 5343//730 5440//807
f 5343//730 5344//730 5440//807
f 5440//807 5344//730 5441//309
f 5344//730 5345//309 5441//309
f 5441//309 5345//309 5442//309
f 5345//309 5346//309 5442//309
f 5442//309 5346//309 5443//806
f 5346//309 5347//730 5443//806
f 5443//806 5347//730 5444//807
f 5347//730 5348//730 5444//807
f 5444//807 5348//730 5445//309
f 5348//730 5349//309 5445//309
f 5445//309 5349//309 5446//309
f 5349//309 5350//309 5446//309
f 5446//309 5350//309 5447//806
f 5350//309 5351//703 5447//806
f 5447//806 5351//703 5448//730
f 5351//703 5352//719 5448//730
f 5448//730 5352//719 5449//703
f 5352//719 5353//730 5449//703
f 5449//703 5353//730 5450//309
f 5353//730 5354//309 5450//309
f 5450//309 5354//309 5451//806
f 5354//309 5355//730 5451//806
f 5451//806 5355//730 5452//807
f 5355//730 5356//730 5452//807
f 5452//807 5356//730 5453//309
f 5356//730 5357//309 5453//309
f 5453//309 5357//309 5454//730
f 5357//309 5358//703 5454//730
f 5454//730 5358//703 5455//705
f 5358//703 5359//719 5455//705
f 5455//705 5359//719 5456//703
f 5359//719 5360//705 5456//703
f 5456//703 5360//705 5457//309
f 5360//705 5361//703 5457//309
f 5457//309 5361//703 5458//309
f 5361//703 5362//309 5458//309
f 5458//309 5362//309 5459//309
f 5362//309 5363//808 5459//309
f 5459//309 5363//808 5460//309
f 5363//808 5364//704 5460//309
f 5460//309 5364//704 5461//309
f 5364//704 5365//704 5461//309
f 5461//309 5365//704 5462//309
f 5365//704 5366//706 5462//309
f 5462//309 5366//706 5463//309
f 5366//706 5367//755 5464//906
f 5366//706 5464//906 5463//309
f 5367//755 5368//732 5465//706
f 5367//755 5465//706 5464//906
f 5368//732 5369//704 5465//706
f 5465//706 5369//704 5466//808
f 5369//704 5370//706 5466//808
f 5466//808 5370//706 5467//309
f 5370//706 5371//707 5468//907
f 5370//706 5468//907 5467//309
f 5371//707 5372//721 5468//907
f 5468//907 5372//721 5469//720
f 5372//721 5373//722 5469//720
f 5469//720 5373//722 5470//706
f 5373//722 5374//755 5471//859
f 5373//722 5471//859 5470//706
f 5374//755 5375//895 5471//859
f 5471//859 5375//895 5472//895
f 5375//895 5376//859 5472//895
f 5472//895 5376//859 5473//755
f 5376//859 5377//742 5474//741
f 5376//859 5474//741 5473//755
f 5377//742 5378//721 5474//741
f 5474//741 5378//721 5475//755
f 5378//721 5379//707 5476//908
f 5378//721 5476//908 5475//755
f 5379//707 5380//755 5477//771
f 5379//707 5477//771 5476//908
f 5380//755 5381//755 5478//707
f 5380//755 5478//707 5477//771
f 5381//755 5382//896 5479//731
f 5381//755 5479//731 5478//707
f 5382//896 5383//897 5480//755
f 5382//896 5480//755 5479//731
f 5383//897 5384//898 5481//909
f 5383//897 5481//909 5480//755
f 5384//898 5385//600 5482//910
f 5384//898 5482//910 5481//909
f 5385//600 5386//677 5483//587
f 5385//600 5483//587 5482//910
f 5386//677 5387//587 5483//587
f 5483//587 5387//587 5484//600
f 5387//587 5388//539 5485//562
f 5387//587 5485//562 5484//600
f 5388//539 5389//562 5485//562
f 5485//562 5389//562 5486//607
f 5389//562 5390//539 5487//539
f 5389//562 5487//539 5486//607
f 5390//539 5391//552 5488//552
f 5390//539 5488//552 5487//539
f 5391//552 5392//539 5489//539
f 5391//552 5489//539 5488//552
f 5392//539 5393//899 5490//911
f 5392//539 5490//911 5489//539
f 5393//899 5394//713 5491//697
f 5393//899 5491//697 5490//911
f 5394//713 5395//553 5492//606
f 5394//713 5492//606 5491//697
f 5395//553 5396//599 5492//606
f 5492//606 5396//599 5493//563
f 5396//599 5397//600 5494//539
f 5396//599 5494//539 5493//563
f 5397//600 5398//600 5495//552
f 5397//600 5495//552 5494//539
f 5398//600 5399//631 5496//553
f 5398//600 5496//553 5495//552
f 5399//631 5400//573 5496//553
f 5496//553 5400//573 5497//584
f 5400//573 5401//573 5498//562
f 5400//573 5498//562 5497//584
f 5401//573 5402//599 5498//562
f 5498//562 5402//599 5499//607
f 5402//599 5403//631 5500//573
f 5402//599 5500//573 5499//607
f 5403//631 5404//527 5500//573
f 5500//573 5404//527 5501//527
f 5404//527 5405//573 5501//527
f 5501//527 5405//573 5502//641
f 5405//573 5406//552 5503//600
f 5405//573 5503//600 5502//641
f 5406//552 5407//900 5504//600
f 5406//552 5504//600 5503//600
f 5407//900 5408//901 5505//912
f 5407//900 5505//912 5504//600
f 5408//901 5506//913 5505//912
f 5409//902 5410//903 5507//914
f 5410//903 5411//584 5508//915
f 5410//903 5508//915 5507//914
f 5411//584 5412//526 5508//915
f 5508//915 5412//526 5509//309
f 5412//526 5413//309 5509//309
f 5509//309 5413//309 5510//309
f 5413//309 5414//536 5510//309
f 5510//309 5414//536 5511//549
f 5414//536 5415//537 5511//549
f 5511//549 5415//537 5512//536
f 5415//537 5416//611 5512//536
f 5512//536 5416//611 5513//309
f 5416//611 5417//309 5513//309
f 5513//309 5417//309 5514//536
f 5417//309 5418//537 5514//536
f 5514//536 5418//537 5515//549
f 5418//537 5419//537 5515//549
f 5515//549 5419//537 5516//581
f 5419//537 5420//537 5516//581
f 5516//581 5420//537 5517//549
f 5420//537 5421//537 5517//549
f 5517//549 5421//537 5518//309
f 5421//537 5422//309 5518//309
f 5518//309 5422//309 5519//536
f 5422//309 5423//550 5519//536
f 5519//536 5423//550 5520//550
f 5423//550 5424//581 5520//550
f 5520//550 5424//581 5521//536
f 5424//581 5425//537 5521//536
f 5521//536 5425//537 5522//550
f 5425//537 5426//572 5522//550
f 5522//550 5426//572 5523//560
f 5426//572 5427//549 5523//560
f 5523//560 5427//549 5524//769
f 5427//549 5428//570 5524//769
f 5524//769 5428//570 5525//549
f 5428//570 5429//572 5525//549
f 5525//549 5429//572 5526//550
f 5429//572 5430//549 5526//550
f 5526//550 5430//549 5527//550
f 5430//549 5431//550 5527//550
f 5527//550 5431//550 5528//550
f 5431//550 5432//904 5528//550
f 5528//550 5432//904 5529//783
f 5432//904 5433//905 5529//783
f 5529//783 5433//905 5530//857
f 5433//905 5434//807 5530//857
f 5530//857 5434//807 5531//858
f 5434//807 5435//806 5531//858
f 5531//858 5435//806 5532//831
f 5435//806 5436//807 5532//831
f 5532//831 5436//807 5533//806
f 5436//807 5437//309 5533//806
f 5533//806 5437//309 5534//309
f 5437//309 5438//309 5534//309
f 5534//309 5438//309 5535//309
f 5438//309 5439//806 5535//309
f 5535//309 5439//806 5536//831
f 5439//806 5440//807 5536//831
f 5536//831 5440//807 5537//806
f 5440//807 5441//309 5537//806
f 5537//806 5441//309 5538//309
f 5441//309 5442//309 5538//309
f 5538//309 5442//309 5539//309
f 5442//309 5443//806 5539//309
f 5539//309 5443//806 5540//831
f 5443//806 5444//807 5540//831
f 5540//831 5444//807 5541//806
f 5444//807 5445//309 5541//806
f 5541//806 5445//309 5542//309
f 5445//309 5446//309 5542//309
f 5542//309 5446//309 5543//309
f 5446//309 5447//806 5543//309
f 5543//309 5447//806 5544//831
f 5447//806 5448//730 5544//831
f 5544//831 5448//730 5545//806
f 5448//730 5449//703 5545//806
f 5545//806 5449//703 5546//309
f 5449//703 5450//309 5546//309
f 5546//309 5450//309 5547//309
f 5450//309 5451//806 5547//309
f 5547//309 5451//806 5548//831
f 5451//806 5452//807 5548//831
f 5548//831 5452//807 5549//806
f 5452//807 5453//309 5549//806
f 5549//806 5453//309 5550//806
f 5453//309 5454//730 5550//806
f 5550//806 5454//730 5551//807
f 5454//730 5455//705 5551//807
f 5551//807 5455//705 5552//309
f 5455//705 5456//703 5552//309
f 5552//309 5456//703 5553//309
f 5456//703 5457//309 5553//309
f 5553//309 5457//309 5554//309
f 5457//309 5458//309 5554//309
f 5554//309 5458//309 5555//703
f 5458//309 5459//309 5555//703
f 5555//703 5459//309 5556//704
f 5459//309 5460//309 5556//704
f 5556//704 5460//309 5557//704
f 5460//309 5461//309 5557//704
f 5557//704 5461//309 5558//704
f 5461//309 5462//309 5558//704
f 5558//704 5462//309 5559//704
f 5462//309 5463//309 5559//704
f 5559//704 5463//309 5560//704
f 5463//309 5464//906 5560//704
f 5560//704 5464//906 5561//720
f 5464//906 5465//706 5562//741
f 5464//906 5562//741 5561//720
f 5465//706 5466//808 5562//741
f 5562//741 5466//808 5563//707
f 5466//808 5467//309 5564//880
f 5466//808 5564//880 5563//707
f 5467//309 5468//907 5564//880
f 5564//880 5468//907 5565//916
f 5468//907 5469//720 5566//906
f 5468//907 5566//906 5565//916
f 5469//720 5470//706 5566//906
f 5566//906 5470//706 5567//309
f 5470//706 5471//859 5568//771
f 5470//706 5568//771 5567//309
f 5471//859 5472//895 5569//869
f 5471//859 5569//869 5568//771
f 5472//895 5473//755 5570//870
f 5472//895 5570//870 5569//869
f 5473//755 5474//741 5570//870
f 5570//870 5474//741 5571//871
f 5474//741 5475//755 5572//820
f 5474//741 5572//820 5571//871
f 5475//755 5476//908 5572//820
f 5572//820 5476//908 5573//917
f 5476//908 5477//771 5573//917
f 5573//917 5477//771 5574//720
f 5477//771 5478//707 5575//721
f 5477//771 5575//721 5574//720
f 5478//707 5479//731 5575//721
f 5575//721 5479//731 5576//742
f 5479//731 5480//755 5577//842
f 5479//731 5577//842 5576//742
f 5480//755 5481//909 5578//918
f 5480//755 5578//918 5577//842
f 5481//909 5482//910 5578//918
f 5578//918 5482//910 5579//733
f 5482//910 5483//587 5580//696
f 5482//910 5580//696 5579//733
f 5483//587 5484//600 5581//563
f 5483//587 5581//563 5580//696
f 5484//600 5485//562 5581//563
f 5581//563 5485//562 5582//919
f 5485//562 5486//607 5583//736
f 5485//562 5583//736 5582//919
f 5486//607 5487//539 5584//737
f 5486//607 5584//737 5583//736
f 5487//539 5488//552 5584//737
f 5584//737 5488//552 5585//563
f 5488//552 5489//539 5586//552
f 5488//552 5586//552 5585//563
f 5489//539 5490//911 5586//552
f 5586//552 5490//911 5587//920
f 5490//911 5491//697 5588//921
f 5490//911 5588//921 5587//920
f 5491//697 5492//606 5588//921
f 5588//921 5492//606 5589//575
f 5492//606 5493//563 5589//575
f 5589//575 5493//563 5590//563
f 5493//563 5494//539 5591//552
f 5493//563 5591//552 5590//563
f 5494//539 5495//552 5591//552
f 5591//552 5495//552 5592//539
f 5495//552 5496//553 5593//563
f 5495//552 5593//563 5592//539
f 5496//553 5497//584 5593//563
f 5593//563 5497//584 5594//606
f 5497//584 5498//562 5594//606
f 5594//606 5498//562 5595//539
f 5498//562 5499//607 5596//539
f 5498//562 5596//539 5595//539
f 5499//607 5500//573 5597//562
f 5499//607 5597//562 5596//539
f 5500//573 5501//527 5597//562
f 5597//562 5501//527 5598//584
f 5501//527 5502//641 5598//584
f 5598//584 5502//641 5599//573
f 5502//641 5503//600 5600//539
f 5502//641 5600//539 5599//573
f 5503//600 5504//600 5601//552
f 5503//600 5601//552 5600//539
f 5504//600 5505//912 5602//539
f 5504//600 5602//539 5601//552
f 5505//912 5506//913 5603//922
f 5505//912 5603//922 5602//539
f 5506//913 5604//923 5603//922
f 5507//914 5508//915 5605//728
f 5605//728 5508//915 5606//924
f 5508//915 5509//309 5606//924
f 5606//924 5509//309 5607//309
f 5509//309 5510//309 5607//309
f 5607//309 5510//309 5608//536
f 5510//309 5511//549 5608//536
f 5608//536 5511//549 5609//550
f 5511//549 5512//536 5609//550
f 5609//550 5512//536 5610//309
f 5512//536 5513//309 5610//309
f 5610//309 5513//309 5611//309
f 5513//309 5514//536 5611//309
f 5611//309 5514//536 5612//550
f 5514//536 5515//549 5612//550
f 5612//550 5515//549 5613//581
f 5515//549 5516//581 5613//581
f 5613//581 5516//581 5614//560
f 5516//581 5517//549 5614//560
f 5614//560 5517//549 5615//560
f 5517//549 5518//309 5615//560
f 5615//560 5518//309 5616//309
f 5518//309 5519//536 5616//309
f 5616//309 5519//536 5617//549
f 5519//536 5520//550 5617//549
f 5617//549 5520//550 5618//536
f 5520//550 5521//536 5618//536
f 5618//536 5521//536 5619//550
f 5521//536 5522//550 5619//550
f 5619//550 5522//550 5620//536
f 5522//550 5523//560 5620//536
f 5620//536 5523//560 5621//549
f 5523//560 5524//769 5621//549
f 5621//549 5524//769 5622//595
f 5524//769 5525//549 5622//595
f 5622//595 5525//549 5623//572
f 5525//549 5526//550 5623//572
f 5623//572 5526//550 5624//537
f 5526//550 5527//550 5624//537
f 5624//537 5527//550 5625//550
f 5527//550 5528//550 5625//550
f 5625//550 5528//550 5626//904
f 5528//550 5529//783 5626//904
f 5626//904 5529//783 5627//783
f 5529//783 5530//857 5627//783
f 5627//783 5530//857 5628//831
f 5530//857 5531//858 5628//831
f 5628//831 5531//858 5629//807
f 5531//858 5532//831 5629//807
f 5629//807 5532//831 5630//807
f 5532//831 5533//806 5630//807
f 5630//807 5533//806 5631//309
f 5533//806 5534//309 5631//309
f 5631//309 5534//309 5632//309
f 5534//309 5535//309 5632//309
f 5632//309 5535//309 5633//730
f 5535//309 5536//831 5633//730
f 5633//730 5536//831 5634//730
f 5536//831 5537//806 5634//730
f 5634//730 5537//806 5635//309
f 5537//806 5538//309 5635//309
f 5635//309 5538//309 5636//309
f 5538//309 5539//309 5636//309
f 5636//309 5539//309 5637//806
f 5539//309 5540//831 5637//806
f 5637//806 5540//831 5638//807
f 5540//831 5541//806 5638//807
f 5638//807 5541//806 5639//309
f 5541//806 5542//309 5639//309
f 5639//309 5542//309 5640//309
f 5542//309 5543//309 5640//309
f 5640//309 5543//309 5641//730
f 5543//309 5544//831 5641//730
f 5641//730 5544//831 5642//730
f 5544//831 5545//806 5642//730
f 5642//730 5545//806 5643//309
f 5545//806 5546//309 5643//309
f 5643//309 5546//309 5644//309
f 5546//309 5547//309 5644//309
f 5644//309 5547//309 5645//730
f 5547//309 5548//831 5645//730
f 5645//730 5548//831 5646//730
f 5548//831 5549//806 5646//730
f 5646//730 5549//806 5647//309
f 5549//806 5550//806 5647//309
f 5647//309 5550//806 5648//831
f 5550//806 5551//807 5648//831
f 5648//831 5551//807 5649//806
f 5551//807 5552//309 5649//806
f 5649//806 5552//309 5650//309
f 5552//309 5553//309 5650//309
f 5650//309 5553//309 5651//309
f 5553//309 5554//309 5651//309
f 5651//309 5554//309 5652//730
f 5554//309 5555//703 5652//730
f 5652//730 5555//703 5653//705
f 5555//703 5556//704 5653//705
f 5653//705 5556//704 5654//704
f 5556//704 5557//704 5654//704
f 5654//704 5557//704 5655//704
f 5557//704 5558//704 5655//704
f 5655//704 5558//704 5656//704
f 5558//704 5559//704 5656//704
f 5656//704 5559//704 5657//704
f 5559//704 5560//704 5657//704
f 5657//704 5560//704 5658//704
f 5560//704 5561//720 5658//704
f 5658//704 5561//720 5659//704
f 5561//720 5562//741 5659//704
f 5659//704 5562//741 5660//706
f 5562//741 5563//707 5661//707
f 5562//741 5661//707 5660//706
f 5563//707 5564//880 5662//925
f 5563//707 5662//925 5661//707
f 5564//880 5565//916 5662//925
f 5662//925 5565//916 5663//756
f 5565//916 5566//906 5664//755
f 5565//916 5664//755 5663//756
f 5566//906 5567//309 5665//926
f 5566//906 5665//926 5664//755
f 5567//309 5568//771 5665//926
f 5665//926 5568//771 5666//732
f 5568//771 5569//869 5667//927
f 5568//771 5667//927 5666//732
f 5569//869 5570//870 5668//928
f 5569//869 5668//928 5667//927
f 5570//870 5571//871 5669//883
f 5570//870 5669//883 5668//928
f 5571//871 5572//820 5670//869
f 5571//871 5670//869 5669//883
f 5572//820 5573//917 5671//929
f 5572//820 5671//929 5670//869
f 5573//917 5574//720 5671//929
f 5671//929 5574//720 5672//930
f 5574//720 5575//721 5672//930
f 5672//930 5575//721 5673//931
f 5575//721 5576//742 5673//931
f 5673//931 5576//742 5674//871
f 5576//742 5577//842 5675//932
f 5576//742 5675//932 5674//871
f 5577//842 5578//918 5676//852
f 5577//842 5676//852 5675//932
f 5578//918 5579//733 5677//933
f 5578//918 5677//933 5676//852
f 5579//733 5580//696 5677//933
f 5677//933 5580//696 5678//934
f 5580//696 5581//563 5679//935
f 5580//696 5679//935 5678//934
f 5581//563 5582//919 5679//935
f 5679//935 5582//919 5680//936
f 5582//919 5583//736 5681//748
f 5582//919 5681//748 5680//936
f 5583//736 5584//737 5682//937
f 5583//736 5682//937 5681//748
f 5584//737 5585//563 5682//937
f 5682//937 5585//563 5683//774
f 5585//563 5586//552 5684//612
f 5585//563 5684//612 5683//774
f 5586//552 5587//920 5685//539
f 5586//552 5685//539 5684//612
f 5587//920 5588//921 5686//853
f 5587//920 5686//853 5685//539
f 5588//921 5589//575 5687//919
f 5588//921 5687//919 5686//853
f 5589//575 5590//563 5687//919
f 5687//919 5590//563 5688//563
f 5590//563 5591//552 5689//612
f 5590//563 5689//612 5688//563
f 5591//552 5592//539 5690//539
f 5591//552 5690//539 5689//612
f 5592//539 5593//563 5691//574
f 5592//539 5691//574 5690//539
f 5593//563 5594//606 5691//574
f 5691//574 5594//606 5692//563
f 5594//606 5595//539 5693//539
f 5594//606 5693//539 5692//563
f 5595//539 5596//539 5694//574
f 5595//539 5694//574 5693//539
f 5596//539 5597//562 5694//574
f 5694//574 5597//562 5695//563
f 5597//562 5598//584 5696//553
f 5597//562 5696//553 5695//563
f 5598//584 5599//573 5696//553
f 5696//553 5599//573 5697//584
f 5599//573 5600//539 5698//562
f 5599//573 5698//562 5697//584
f 5600//539 5601//552 5698//562
f 5698//562 5601//552 5699//607
f 5601//552 5602//539 5700//938
f 5601//552 5700//938 5699//607
f 5602//539 5603//922 5700//938
f 5700//938 5603//922 5701//939
f 5603//922 5604//923 5701//939
f 5605//728 5606//924 5702//940
f 5606//924 5607//309 5703//941
f 5606//924 5703//941 5702//940
f 5607//309 5608//536 5703//941
f 5703//941 5608//536 5704//537
f 5608//536 5609//550 5704//537
f 5704//537 5609//550 5705//581
f 5609//550 5610//309 5705//581
f 5705//581 5610//309 5706//309
f 5610//309 5611//309 5706//309
f 5706//309 5611//309 5707//537
f 5611//309 5612//550 5707//537
f 5707//537 5612//550 5708//537
f 5612//550 5613//581 5708//537
f 5708//537 5613//581 5709//309
f 5613//581 5614//560 5709//309
f 5709//309 5614//560 5710//550
f 5614//560 5615//560 5710//550
f 5710//550 5615//560 5711//581
f 5615//560 5616//309 5711//581
f 5711//581 5616//309 5712//536
f 5616//309 5617//549 5712//536
f 5712//536 5617//549 5713//550
f 5617//549 5618//536 5713//550
f 5713//550 5618//536 5714//536
f 5618//536 5619//550 5714//536
f 5714//536 5619//550 5715//550
f 5619//550 5620//536 5715//550
f 5715//550 5620//536 5716//536
f 5620//536 5621//549 5716//536
f 5716//536 5621//549 5717//595
f 5621//549 5622//595 5717//595
f 5717//595 5622//595 5718//595
f 5622//595 5623//572 5718//595
f 5718//595 5623//572 5719//550
f 5623//572 5624//537 5719//550
f 5719//550 5624//537 5720//536
f 5624//537 5625//550 5720//536
f 5720//536 5625//550 5721//550
f 5625//550 5626//904 5721//550
f 5721//550 5626//904 5722//783
f 5626//904 5627//783 5722//783
f 5722//783 5627//783 5723//830
f 5627//783 5628//831 5723//830
f 5723//830 5628//831 5724//807
f 5628//831 5629//807 5724//807
f 5724//807 5629//807 5725//858
f 5629//807 5630//807 5725//858
f 5725//858 5630//807 5726//858
f 5630//807 5631//309 5726//858
f 5726//858 5631//309 5727//309
f 5631//309 5632//309 5727//309
f 5727//309 5632//309 5728//806
f 5632//309 5633//730 5728//806
f 5728//806 5633//730 5729//807
f 5633//730 5634//730 5729//807
f 5729//807 5634//730 5730//309
f 5634//730 5635//309 5730//309
f 5730//309 5635//309 5731//309
f 5635//309 5636//309 5731//309
f 5731//309 5636//309 5732//309
f 5636//309 5637//806 5732//309
f 5732//309 5637//806 5733//807
f 5637//806 5638//807 5733//807
f 5733//807 5638//807 5734//806
f 5638//807 5639//309 5734//806
f 5734//806 5639//309 5735//309
f 5639//309 5640//309 5735//309
f 5735//309 5640//309 5736//730
f 5640//309 5641//730 5736//730
f 5736//730 5641//730 5737//730
f 5641//730 5642//730 5737//730
f 5737//730 5642//730 5738//309
f 5642//730 5643//309 5738//309
f 5738//309 5643//309 5739//309
f 5643//309 5644//309 5739//309
f 5739//309 5644//309 5740//730
f 5644//309 5645//730 5740//730
f 5740//730 5645//730 5741//730
f 5645//730 5646//730 5741//730
f 5741//730 5646//730 5742//309
f 5646//730 5647//309 5742//309
f 5742//309 5647//309 5743//730
f 5647//309 5648//831 5743//730
f 5743//730 5648//831 5744//730
f 5648//831 5649//806 5744//730
f 5744//730 5649//806 5745//309
f 5649//806 5650//309 5745//309
f 5745//309 5650//309 5746//309
f 5650//309 5651//309 5746//309
f 5746//309 5651//309 5747//730
f 5651//309 5652//730 5747//730
f 5747//730 5652//730 5748//730
f 5652//730 5653//705 5748//730
f 5748//730 5653//705 5749//309
f 5653//705 5654//704 5749//309
f 5749//309 5654//704 5750//309
f 5654//704 5655//704 5750//309
f 5750//309 5655//704 5751//309
f 5655//704 5656//704 5751//309
f 5751//309 5656//704 5752//309
f 5656//704 5657//704 5752//309
f 5752//309 5657//704 5753//309
f 5657//704 5658//704 5753//309
f 5753//309 5658//704 5754//309
f 5658//704 5659//704 5754//309
f 5754//309 5659//704 5755//309
f 5659//704 5660//706 5755//309
f 5755//309 5660//706 5756//309
f 5660//706 5661//707 5757//808
f 5660//706 5757//808 5756//309
f 5661//707 5662//925 5757//808
f 5757//808 5662//925 5758//704
f 5662//925 5663//756 5758//704
f 5758//704 5663//756 5759//706
f 5663//756 5664//755 5760//755
f 5663//756 5760//755 5759//706
f 5664//755 5665//926 5761//732
f 5664//755 5761//732 5760//755
f 5665//926 5666//732 5761//732
f 5761//732 5666//732 5762//706
f 5666//732 5667//927 5763//706
f 5666//732 5763//706 5762//706
f 5667//927 5668//928 5763//706
f 5763//706 5668//928 5764//720
f 5668//928 5669//883 5765//731
f 5668//928 5765//731 5764//720
f 5669//883 5670//869 5766//871
f 5669//883 5766//871 5765//731
f 5670//869 5671//929 5767//931
f 5670//869 5767//931 5766//871
f 5671//929 5672//930 5767//931
f 5767//931 5672//930 5768//930
f 5672//930 5673//931 5768//930
f 5768//930 5673//931 5769//929
f 5673//931 5674//871 5770//883
f 5673//931 5770//883 5769//929
f 5674//871 5675//932 5771//942
f 5674//871 5771//942 5770//883
f 5675//932 5676//852 5772//943
f 5675//932 5772//943 5771//942
f 5676//852 5677//933 5772//943
f 5772//943 5677//933 5773//944
f 5677//933 5678//934 5773//944
f 5773//944 5678//934 5774//929
f 5678//934 5679//935 5775//945
f 5678//934 5775//945 5774//929
f 5679//935 5680//936 5776//946
f 5679//935 5776//946 5775//945
f 5680//936 5681//748 5777//947
f 5680//936 5777//947 5776//946
f 5681//748 5682//937 5777//947
f 5777//947 5682//937 5778//948
f 5682//937 5683//774 5778//948
f 5778//948 5683//774 5779//949
f 5683//774 5684//612 5780//735
f 5683//774 5780//735 5779//949
f 5684//612 5685//539 5781//950
f 5684//612 5781//950 5780//735
f 5685//539 5686//853 5781//950
f 5781//950 5686//853 5782//748
f 5686//853 5687//919 5783//563
f 5686//853 5783//563 5782//748
f 5687//919 5688//563 5783//563
f 5783//563 5688//563 5784//563
f 5688//563 5689//612 5785//612
f 5688//563 5785//612 5784//563
f 5689//612 5690//539 5786//563
f 5689//612 5786//563 5785//612
f 5690//539 5691//574 5786//563
f 5786//563 5691//574 5787//575
f 5691//574 5692//563 5787//575
f 5787//575 5692//563 5788//563
f 5692//563 5693//539 5789//563
f 5692//563 5789//563 5788//563
f 5693//539 5694//574 5789//563
f 5789//563 5694//574 5790//606
f 5694//574 5695//563 5790//606
f 5790//606 5695//563 5791//539
f 5695//563 5696//553 5792//563
f 5695//563 5792//563 5791//539
f 5696//553 5697//584 5792//563
f 5792//563 5697//584 5793//575
f 5697//584 5698//562 5793//575
f 5793//575 5698//562 5794//563
f 5698//562 5699//607 5795//539
f 5698//562 5795//539 5794//563
f 5699//607 5700//938 5796//861
f 5699//607 5796//861 5795//539
f 5700//938 5701//939 5797//951
f 5700//938 5797//951 5796//861
f 5701//939 5798//952 5797//951
f 5702//940 5703//941 5800//953
f 5702//940 5800//953 5799//954
f 5703//941 5704//537 5800//953
f 5800//953 5704//537 5801//526
f 5704//537 5705//581 5801//526
f 5801//526 5705//581 5802//309
f 5705//581 5706//309 5802//309
f 5802//309 5706//309 5803//570
f 5706//309 5707//537 5803//570
f 5803//570 5707//537 5804//537
f 5707//537 5708//537 5804//537
f 5804//537 5708//537 5805//309
f 5708//537 5709//309 5805//309
f 5805//309 5709//309 5806//536
f 5709//309 5710//550 5806//536
f 5806//536 5710//550 5807//549
f 5710//550 5711//581 5807//549
f 5807//549 5711//581 5808//309
f 5711//581 5712//536 5808//309
f 5808//309 5712//536 5809//550
f 5712//536 5713//550 5809//550
f 5809//550 5713//550 5810//581
f 5713//550 5714//536 5810//581
f 5810//581 5714//536 5811//560
f 5714//536 5715//550 5811//560
f 5811//560 5715//550 5812//560
f 5715//550 5716//536 5812//560
f 5812//560 5716//536 5813//560
f 5716//536 5717//595 5813//560
f 5813//560 5717//595 5814//781
f 5717//595 5718//595 5814//781
f 5814//781 5718//595 5815//781
f 5718//595 5719//550 5815//781
f 5815//781 5719//550 5816//560
f 5719//550 5720//536 5816//560
f 5816//560 5720//536 5817//549
f 5720//536 5721//550 5817//549
f 5817//549 5721//550 5818//904
f 5721//550 5722//783 5818//904
f 5818//904 5722//783 5819//783
f 5722//783 5723//830 5819//783
f 5819//783 5723//830 5820//831
f 5723//830 5724//807 5820//831
f 5820//831 5724//807 5821//806
f 5724//807 5725//858 5821//806
f 5821//806 5725//858 5822//807
f 5725//858 5726//858 5822//807
f 5822//807 5726//858 5823//806
f 5726//858 5727//309 5823//806
f 5823//806 5727//309 5824//703
f 5727//309 5728//806 5824//703
f 5824//703 5728//806 5825//730
f 5728//806 5729//807 5825//730
f 5825//730 5729//807 5826//806
f 5729//807 5730//309 5826//806
f 5826//806 5730//309 5827//309
f 5730//309 5731//309 5827//309
f 5827//309 5731//309 5828//309
f 5731//309 5732//309 5828//309
f 5828//309 5732//309 5829//730
f 5732//309 5733//807 5829//730
f 5829//730 5733//807 5830//730
f 5733//807 5734//806 5830//730
f 5830//730 5734//806 5831//309
f 5734//806 5735//309 5831//309
f 5831//309 5735//309 5832//806
f 5735//309 5736//730 5832//806
f 5832//806 5736//730 5833//807
f 5736//730 5737//730 5833//807
f 5833//807 5737//730 5834//309
f 5737//730 5738//309 5834//309
f 5834//309 5738//309 5835//309
f 5738//309 5739//309 5835//309
f 5835//309 5739//309 5836//806
f 5739//309 5740//730 5836//806
f 5836//806 5740//730 5837//807
f 5740//730 5741//730 5837//807
f 5837//807 5741//730 5838//309
f 5741//730 5742//309 5838//309
f 5838//309 5742//309 5839//806
f 5742//309 5743//730 5839//806
f 5839//806 5743//730 5840//807
f 5743//730 5744//730 5840//807
f 5840//807 5744//730 5841//309
f 5744//730 5745//309 5841//309
f 5841//309 5745//309 5842//309
f 5745//309 5746//309 5842//309
f 5842//309 5746//309 5843//730
f 5746//309 5747//730 5843//730
f 5843//730 5747//730 5844//730
f 5747//730 5748//730 5844//730
f 5844//730 5748//730 5845//309
f 5748//730 5749//309 5845//309
f 5845//309 5749//309 5846//309
f 5749//309 5750//309 5846//309
f 5846//309 5750//309 5847//309
f 5750//309 5751//309 5847//309
f 5847//309 5751//309 5848//703
f 5751//309 5752//309 5848//703
f 5848//703 5752//309 5849//704
f 5752//309 5753//309 5849//704
f 5849//704 5753//309 5850//704
f 5753//309 5754//309 5850//704
f 5850//704 5754//309 5851//704
f 5754//309 5755//309 5851//704
f 5851//704 5755//309 5852//704
f 5755//309 5756//309 5852//704
f 5852//704 5756//309 5853//704
f 5756//309 5757//808 5853//704
f 5853//704 5757//808 5854//704
f 5757//808 5758//704 5854//704
f 5854//704 5758//704 5855//808
f 5758//704 5759//706 5855//808
f 5855//808 5759//706 5856//309
f 5759//706 5760//755 5857//906
f 5759//706 5857//906 5856//309
f 5760//755 5761//732 5858//706
f 5760//755 5858//706 5857//906
f 5761//732 5762//706 5858//706
f 5858//706 5762//706 5859//732
f 5762//706 5763//706 5860//756
f 5762//706 5860//756 5859//732
f 5763//706 5764//720 5860//756
f 5860//756 5764//720 5861//704
f 5764//720 5765//731 5861//704
f 5861//704 5765//731 5862//706
f 5765//731 5766//871 5863//757
f 5765//731 5863//757 5862//706
f 5766//871 5767//931 5863//757
f 5863//757 5767//931 5864//720
f 5767//931 5768//930 5864//720
f 5864//720 5768//930 5865//704
f 5768//930 5769//929 5865//704
f 5865//704 5769//929 5866//917
f 5769//929 5770//883 5867//895
f 5769//929 5867//895 5866//917
f 5770//883 5771//942 5868//859
f 5770//883 5868//859 5867//895
f 5771//942 5772//943 5869//929
f 5771//942 5869//929 5868//859
f 5772//943 5773//944 5869//929
f 5869//929 5773//944 5870//884
f 5773//944 5774//929 5870//884
f 5870//884 5774//929 5871//742
f 5774//929 5775//945 5872//842
f 5774//929 5872//842 5871//742
f 5775//945 5776//946 5873//842
f 5775//945 5873//842 5872//842
f 5776//946 5777//947 5874//955
f 5776//946 5874//955 5873//842
f 5777//947 5778//948 5875//956
f 5777//947 5875//956 5874//955
f 5778//948 5779//949 5875//956
f 5875//956 5779//949 5876//709
f 5779//949 5780//735 5877//957
f 5779//949 5877//957 5876//709
f 5780//735 5781//950 5878//958
f 5780//735 5878//958 5877//957
f 5781//950 5782//748 5879//735
f 5781//950 5879//735 5878//958
f 5782//748 5783//563 5880//563
f 5782//748 5880//563 5879//735
f 5783//563 5784//563 5880//563
f 5880//563 5784//563 5881//563
f 5784//563 5785//612 5882//612
f 5784//563 5882//612 5881//563
f 5785//612 5786//563 5883//563
f 5785//612 5883//563 5882//612
f 5786//563 5787//575 5883//563
f 5883//563 5787//575 5884//606
f 5787//575 5788//563 5884//606
f 5884//606 5788//563 5885//607
f 5788//563 5789//563 5886//563
f 5788//563 5886//563 5885//607
f 5789//563 5790//606 5886//563
f 5886//563 5790//606 5887//563
f 5790//606 5791//539 5888//539
f 5790//606 5888//539 5887//563
f 5791//539 5792//563 5889//574
f 5791//539 5889//574 5888//539
f 5792//563 5793//575 5889//574
f 5889//574 5793//575 5890//606
f 5793//575 5794//563 5890//606
f 5890//606 5794//563 5891//607
f 5794//563 5795//539 5892//563
f 5794//563 5892//563 5891//607
f 5795//539 5796//861 5892//563
f 5892//563 5796//861 5893//959
f 5796//861 5797//951 5893//959
f 5893//959 5797//951 5894//960
f 5797//951 5798//952 5895//961
f 5797//951 5895//961 5894//960
f 5798//952 5896//962 5895//961
f 5799//954 5800//953 5897//963
f 5897//963 5800//953 5898//964
f 5800//953 5801//526 5898//964
f 5898//964 5801//526 5899//309
f 5801//526 5802//309 5899//309
f 5899//309 5802//309 5900//536
f 5802//309 5803//570 5900//536
f 5900//536 5803//570 5901//550
f 5803//570 5804//537 5901//550
f 5901//550 5804//537 5902//309
f 5804//537 5805//309 5902//309
f 5902//309 5805//309 5903//309
f 5805//309 5806//536 5903//309
f 5903//309 5806//536 5904//549
f 5806//536 5807//549 5904//549
f 5904//549 5807//549 5905//581
f 5807//549 5808//309 5905//581
f 5905//581 5808//309 5906//537
f 5808//309 5809//550 5906//537
f 5906//537 5809//550 5907//537
f 5809//550 5810//581 5907//537
f 5907//537 5810//581 5908//309
f 5810//581 5811//560 5908//309
f 5908//309 5811//560 5909//550
f 5811//560 5812//560 5909//550
f 5909//550 5812//560 5910//537
f 5812//560 5813//560 5910//537
f 5910//537 5813//560 5911//537
f 5813//560 5814//781 5911//537
f 5911//537 5814//781 5912//595
f 5814//781 5815//781 5912//595
f 5912//595 5815//781 5913//595
f 5815//781 5816//560 5913//595
f 5913//595 5816//560 5914//572
f 5816//560 5817//549 5914//572
f 5914//572 5817//549 5915//570
f 5817//549 5818//904 5915//570
f 5915//570 5818//904 5916//783
f 5818//904 5819//783 5916//783
f 5916//783 5819//783 5917//965
f 5819//783 5820//831 5917//965
f 5917//965 5820//831 5918//807
f 5820//831 5821//806 5918//807
f 5918//807 5821//806 5919//806
f 5821//806 5822//807 5919//806
f 5919//806 5822//807 5920//807
f 5822//807 5823//806 5920//807
f 5920//807 5823//806 5921//806
f 5823//806 5824//703 5921//806
f 5921//806 5824//703 5922//730
f 5824//703 5825//730 5922//730
f 5922//730 5825//730 5923//703
f 5825//730 5826//806 5923//703
f 5923//703 5826//806 5924//309
f 5826//806 5827//309 5924//309
f 5924//309 5827//309 5925//309
f 5827//309 5828//309 5925//309
f 5925//309 5828//309 5926//730
f 5828//309 5829//730 5926//730
f 5926//730 5829//730 5927//730
f 5829//730 5830//730 5927//730
f 5927//730 5830//730 5928//309
f 5830//730 5831//309 5928//309
f 5928//309 5831//309 5929//309
f 5831//309 5832//806 5929//309
f 5929//309 5832//806 5930//807
f 5832//806 5833//807 5930//807
f 5930//807 5833//807 5931//806
f 5833//807 5834//309 5931//806
f 5931//806 5834//309 5932//309
f 5834//309 5835//309 5932//309
f 5932//309 5835//309 5933//309
f 5835//309 5836//806 5933//309
f 5933//309 5836//806 5934//807
f 5836//806 5837//807 5934//807
f 5934//807 5837//807 5935//806
f 5837//807 5838//309 5935//806
f 5935//806 5838//309 5936//309
f 5838//309 5839//806 5936//309
f 5936//309 5839//806 5937//831
f 5839//806 5840//807 5937//831
f 5937//831 5840//807 5938//806
f 5840//807 5841//309 5938//806
f 5938//806 5841//309 5939//309
f 5841//309 5842//309 5939//309
f 5939//309 5842//309 5940//806
f 5842//309 5843//730 5940//806
f 5940//806 5843//730 5941//807
f 5843//730 5844//730 5941//807
f 5941//807 5844//730 5942//309
f 5844//730 5845//309 5942//309
f 5942//309 5845//309 5943//309
f 5845//309 5846//309 5943//309
f 5943//309 5846//309 5944//703
f 5846//309 5847//309 5944//703
f 5944//703 5847//309 5945//719
f 5847//309 5848//703 5945//719
f 5945//719 5848//703 5946//705
f 5848//703 5849//704 5946//705
f 5946//705 5849//704 5947//704
f 5849//704 5850//704 5947//704
f 5947//704 5850//704 5948//704
f 5850//704 5851//704 5948//704
f 5948//704 5851//704 5949//704
f 5851//704 5852//704 5949//704
f 5949//704 5852//704 5950//704
f 5852//704 5853//704 5950//704
f 5950//704 5853//704 5951//704
f 5853//704 5854//704 5951//704
f 5951//704 5854//704 5952//704
f 5854//704 5855//808 5952//704
f 5952//704 5855//808 5953//706
f 5855//808 5856//309 5954//706
f 5855//808 5954//706 5953//706
f 5856//309 5857//906 5954//706
f 5954//706 5857//906 5955//732
f 5857//906 5858//706 5956//732
f 5857//906 5956//732 5955//732
f 5858//706 5859//732 5956//732
f 5956//732 5859//732 5957//706
f 5859//732 5860//756 5958//706
f 5859//732 5958//706 5957//706
f 5860//756 5861//704 5958//706
f 5958//706 5861//704 5959//704
f 5861//704 5862//706 5959//704
f 5959//704 5862//706 5960//732
f 5862//706 5863//757 5961//755
f 5862//706 5961//755 5960//732
f 5863//757 5864//720 5962//771
f 5863//757 5962//771 5961//755
f 5864//720 5865//704 5962//771
f 5962//771 5865//704 5963//309
f 5865//704 5866//917 5963//309
f 5963//309 5866//917 5964//868
f 5866//917 5867//895 5964//868
f 5964//868 5867//895 5965//895
f 5867//895 5868//859 5965//895
f 5965//895 5868//859 5966//755
f 5868//859 5869//929 5967//721
f 5868//859 5967//721 5966//755
f 5869//929 5870//884 5967//721
f 5967//721 5870//884 5968//722
f 5870//884 5871//742 5968//722
f 5968//722 5871//742 5969//707
f 5871//742 5872//842 5970//932
f 5871//742 5970//932 5969//707
f 5872//842 5873//842 5971//860
f 5872//842 5971//860 5970//932
f 5873//842 5874//955 5972//742
f 5873//842 5972//742 5971//860
f 5874//955 5875//956 5972//742
f 5972//742 5875//956 5973//966
f 5875//956 5876//709 5973//966
f 5973//966 5876//709 5974//707
f 5876//709 5877//957 5975//967
f 5876//709 5975//967 5974//707
f 5877//957 5878//958 5975//967
f 5975//967 5878//958 5976//709
f 5878//958 5879//735 5977//725
f 5878//958 5977//725 5976//709
f 5879//735 5880//563 5978//552
f 5879//735 5978//552 5977//725
f 5880//563 5881//563 5978//552
f 5978//552 5881//563 5979//600
f 5881//563 5882//612 5980//587
f 5881//563 5980//587 5979//600
f 5882//612 5883//563 5981//563
f 5882//612 5981//563 5980//587
f 5883//563 5884//606 5981//563
f 5981//563 5884//606 5982//563
f 5884//606 5885//607 5983//539
f 5884//606 5983//539 5982//563
f 5885//607 5886//563 5984//574
f 5885//607 5984//574 5983//539
f 5886//563 5887//563 5984//574
f 5984//574 5887//563 5985//563
f 5887//563 5888//539 5986//563
f 5887//563 5986//563 5985//563
f 5888//539 5889//574 5986//563
f 5986//563 5889//574 5987//606
f 5889//574 5890//606 5987//606
f 5987//606 5890//606 5988//539
f 5890//606 5891//607 5989//600
f 5890//606 5989//600 5988//539
f 5891//607 5892//563 5990//631
f 5891//607 5990//631 5989//600
f 5892//563 5893//959 5990//631
f 5990//631 5893//959 5991//968
f 5893//959 5894//960 5991//968
f 5991//968 5894//960 5992//605
f 5894//960 5895//961 5992//605
f 5992//605 5895//961 5993//969
f 5895//961 5896//962 5994//749
f 5895//961 5994//749 5993//969
f 5896//962 5995//970 5994//749
f 5897//963 5898//964 5996//667
f 5996//667 5898//964 5997//971
f 5898//964 5899//309 5997//971
f 5997//971 5899//309 5998//309
f 5899//309 5900//536 5998//309
f 5998//309 5900//536 5999//549
f 5900//536 5901//550 5999//549
f 5999//549 5901//550 6000//536
f 5901//550 5902//309 6000//536
f 6000//536 5902//309 6001//309
f 5902//309 5903//309 6001//309
f 6001//309 5903//309 6002//537
f 5903//309 5904//549 6002//537
f 6002//537 5904//549 6003//537
f 5904//549 5905//581 6003//537
f 6003//537 5905//581 6004//536
f 5905//581 5906//537 6004//536
f 6004//536 5906//537 6005//549
f 5906//537 5907//537 6005//549
f 6005//549 5907//537 6006//309
f 5907//537 5908//309 6006//309
f 6006//309 5908//309 6007//537
f 5908//309 5909//550 6007//537
f 6007//537 5909//550 6008//572
f 5909//550 5910//537 6008//572
f 6008//572 5910//537 6009//537
f 5910//537 5911//537 6009//537
f 6009//537 5911//537 6010//537
f 5911//537 5912//595 6010//537
f 6010//537 5912//595 6011//595
f 5912//595 5913//595 6011//595
f 6011//595 5913//595 6012//595
f 5913//595 5914//572 6012//595
f 6012//595 5914//572 6013//550
f 5914//572 5915//570 6013//550
f 6013//550 5915//570 6014//795
f 5915//570 5916//783 6014//795
f 6014//795 5916//783 6015//783
f 5916//783 5917//965 6015//783
f 6015//783 5917//965 6016//858
f 5917//965 5918//807 6016//858
f 6016//858 5918//807 6017//858
f 5918//807 5919//806 6017//858
f 6017//858 5919//806 6018//831
f 5919//806 5920//807 6018//831
f 6018//831 5920//807 6019//806
f 5920//807 5921//806 6019//806
f 6019//806 5921//806 6020//831
f 5921//806 5922//730 6020//831
f 6020//831 5922//730 6021//806
f 5922//730 5923//703 6021//806
f 6021//806 5923//703 6022//309
f 5923//703 5924//309 6022//309
f 6022//309 5924//309 6023//703
f 5924//309 5925//309 6023//703
f 6023//703 5925//309 6024//705
f 5925//309 5926//730 6024//705
f 6024//705 5926//730 6025//730
f 5926//730 5927//730 6025//730
f 6025//730 5927//730 6026//309
f 5927//730 5928//309 6026//309
f 6026//309 5928//309 6027//309
f 5928//309 5929//309 6027//309
f 6027//309 5929//309 6028//806
f 5929//309 5930//807 6028//806
f 6028//806 5930//807 6029//807
f 5930//807 5931//806 6029//807
f 6029//807 5931//806 6030//309
f 5931//806 5932//309 6030//309
f 6030//309 5932//309 6031//309
f 5932//309 5933//309 6031//309
f 6031//309 5933//309 6032//730
f 5933//309 5934//807 6032//730
f 6032//730 5934//807 6033//730
f 5934//807 5935//806 6033//730
f 6033//730 5935//806 6034//309
f 5935//806 5936//309 6034//309
f 6034//309 5936//309 6035//730
f 5936//309 5937//831 6035//730
f 6035//730 5937//831 6036//730
f 5937//831 5938//806 6036//730
f 6036//730 5938//806 6037//309
f 5938//806 5939//309 6037//309
f 6037//309 5939//309 6038//309
f 5939//309 5940//806 6038//309
f 6038//309 5940//806 6039//831
f 5940//806 5941//807 6039//831
f 6039//831 5941//807 6040//806
f 5941//807 5942//309 6040//806
f 6040//806 5942//309 6041//309
f 5942//309 5943//309 6041//309
f 6041//309 5943//309 6042//806
f 5943//309 5944//703 6042//806
f 6042//806 5944//703 6043//730
f 5944//703 5945//719 6043//730
f 6043//730 5945//719 6044//703
f 5945//719 5946//705 6044//703
f 6044//703 5946//705 6045//309
f 5946//705 5947//704 6045//309
f 6045//309 5947//704 6046//309
f 5947//704 5948//704 6046//309
f 6046//309 5948//704 6047//309
f 5948//704 5949//704 6047//309
f 6047//309 5949//704 6048//309
f 5949//704 5950//704 6048//309
f 6048//309 5950//704 6049//309
f 5950//704 5951//704 6049//309
f 6049//309 5951//704 6050//309
f 5951//704 5952//704 6050//309
f 6050//309 5952//704 6051//309
f 5952//704 5953//706 6051//309
f 6051//309 5953//706 6052//309
f 5953//706 5954//706 6053//808
f 5953//706 6053//808 6052//309
f 5954//706 5955//732 6053//808
f 6053//808 5955//732 6054//706
f 5955//732 5956//732 6055//706
f 5955//732 6055//706 6054//706
f 5956//732 5957//706 6055//706
f 6055//706 5957//706 6056//732
f 5957//706 5958//706 6057//756
f 5957//706 6057//756 6056//732
f 5958//706 5959//704 6057//756
f 6057//756 5959//704 6058//704
f 5959//704 5960//732 6058//704
f 6058//704 5960//732 6059//706
f 5960//732 5961//755 6060//755
f 5960//732 6060//755 6059//706
f 5961//755 5962//771 6061//755
f 5961//755 6061//755 6060//755
f 5962//771 5963//309 6062//706
f 5962//771 6062//706 6061//755
f 5963//309 5964//868 6062//706
f 6062//706 5964//868 6063//732
f 5964//868 5965//895 6064//755
f 5964//868 6064//755 6063//732
f 5965//895 5966//755 6065//742
f 5965//895 6065//742 6064//755
f 5966//755 5967//721 6065//742
f 6065//742 5967//721 6066//721
f 5967//721 5968//722 6066//721
f 6066//721 5968//722 6067//707
f 5968//722 5969//707 6068//755
f 5968//722 6068//755 6067//707
f 5969//707 5970//932 6069//895
f 5969//707 6069//895 6068//755
f 5970//932 5971//860 6070//972
f 5970//932 6070//972 6069//895
f 5971//860 5972//742 6071//973
f 5971//860 6071//973 6070//972
f 5972//742 5973//966 6071//973
f 6071//973 5973//966 6072//742
f 5973//966 5974//707 6073//860
f 5973//966 6073//860 6072//742
f 5974//707 5975//967 6074//756
f 5974//707 6074//756 6073//860
f 5975//967 5976//709 6074//756
f 6074//756 5976//709 6075//706
f 5976//709 5977//725 6076//974
f 5976//709 6076//974 6075//706
f 5977//725 5978//552 6077//874
f 5977//725 6077//874 6076//974
f 5978//552 5979//600 6078//975
f 5978//552 6078//975 6077//874
f 5979//600 5980//587 6078//975
f 6078//975 5980//587 6079//600
f 5980//587 5981//563 6080//574
f 5980//587 6080//574 6079//600
f 5981//563 5982//563 6080//574
f 6080//574 5982//563 6081//563
f 5982//563 5983//539 6082//563
f 5982//563 6082//563 6081//563
f 5983//539 5984//574 6082//563
f 6082//563 5984//574 6083//606
f 5984//574 5985//563 6083//606
f 6083//606 5985//563 6084//539
f 5985//563 5986//563 6085//563
f 5985//563 6085//563 6084//539
f 5986//563 5987//606 6085//563
f 6085//563 5987//606 6086//563
f 5987//606 5988//539 6087//539
f 5987//606 6087//539 6086//563
f 5988//539 5989//600 6088//552
f 5988//539 6088//552 6087//539
f 5989//600 5990//631 6089//775
f 5989//600 6089//775 6088//552
f 5990//631 5991//968 6089//775
f 6089//775 5991//968 6090//537
f 5991//968 5992//605 6090//537
f 6090//537 5992//605 6091//550
f 5992//605 5993//969 6091//550
f 6091//550 5993//969 6092//976
f 5993//969 5994//749 6092//976
f 6092//976 5994//749 6093//977
f 5994//749 5995//970 6093//977
f 5996//667 5997//971 6094//978
f 5997//971 5998//309 6095//979
f 5997//971 6095//979 6094//978
f 5998//309 5999//549 6095//979
f 6095//979 5999//549 6096//537
f 5999//549 6000//536 6096//537
f 6096//537 6000//536 6097//309
f 6000//536 6001//309 6097//309
f 6097//309 6001//309 6098//537
f 6001//309 6002//537 6098//537
f 6098//537 6002//537 6099//537
f 6002//537 6003//537 6099//537
f 6099//537 6003//537 6100//309
f 6003//537 6004//536 6100//309
f 6100//309 6004//536 6101//550
f 6004//536 6005//549 6101//550
f 6101//550 6005//549 6102//581
f 6005//549 6006//309 6102//581
f 6102//581 6006//309 6103//537
f 6006//309 6007//537 6103//537
f 6103//537 6007//537 6104//537
f 6007//537 6008//572 6104//537
f 6104//537 6008//572 6105//550
f 6008//572 6009//537 6105//550
f 6105//550 6009//537 6106//581
f 6009//537 6010//537 6106//581
f 6106//581 6010//537 6107//560
f 6010//537 6011//595 6107//560
f 6107//560 6011//595 6108//781
f 6011//595 6012//595 6108//781
f 6108//781 6012//595 6109//781
f 6012//595 6013//550 6109//781
f 6109//781 6013//550 6110//560
f 6013//550 6014//795 6110//560
f 6110//560 6014//795 6111//819
f 6014//795 6015//783 6111//819
f 6111//819 6015//783 6112//819
f 6015//783 6016//858 6112//819
f 6112//819 6016//858 6113//858
f 6016//858 6017//858 6113//858
f 6113//858 6017//858 6114//980
f 6017//858 6018//831 6114//980
f 6114//980 6018//831 6115//807
f 6018//831 6019//806 6115//807
f 6115//807 6019//806 6116//806
f 6019//806 6020//831 6116//806
f 6116//806 6020//831 6117//807
f 6020//831 6021//806 6117//807
f 6117//807 6021//806 6118//309
f 6021//806 6022//309 6118//309
f 6118//309 6022//309 6119//806
f 6022//309 6023//703 6119//806
f 6119//806 6023//703 6120//730
f 6023//703 6024//705 6120//730
f 6120//730 6024//705 6121//703
f 6024//705 6025//730 6121//703
f 6121//703 6025//730 6122//309
f 6025//730 6026//309 6122//309
f 6122//309 6026//309 6123//309
f 6026//309 6027//309 6123//309
f 6123//309 6027//309 6124//309
f 6027//309 6028//806 6124//309
f 6124//309 6028//806 6125//831
f 6028//806 6029//807 6125//831
f 6125//831 6029//807 6126//806
f 6029//807 6030//309 6126//806
f 6126//806 6030//309 6127//309
f 6030//309 6031//309 6127//309
f 6127//309 6031//309 6128//806
f 6031//309 6032//730 6128//806
f 6128//806 6032//730 6129//807
f 6032//730 6033//730 6129//807
f 6129//807 6033//730 6130//309
f 6033//730 6034//309 6130//309
f 6130//309 6034//309 6131//806
f 6034//309 6035//730 6131//806
f 6131//806 6035//730 6132//807
f 6035//730 6036//730 6132//807
f 6132//807 6036//730 6133//309
f 6036//730 6037//309 6133//309
f 6133//309 6037//309 6134//309
f 6037//309 6038//309 6134//309
f 6134//309 6038//309 6135//806
f 6038//309 6039//831 6135//806
f 6135//806 6039//831 6136//807
f 6039//831 6040//806 6136//807
f 6136//807 6040//806 6137//309
f 6040//806 6041//309 6137//309
f 6137//309 6041//309 6138//309
f 6041//309 6042//806 6138//309
f 6138//309 6042//806 6139//831
f 6042//806 6043//730 6139//831
f 6139//831 6043//730 6140//806
f 6043//730 6044//703 6140//806
f 6140//806 6044//703 6141//309
f 6044//703 6045//309 6141//309
f 6141//309 6045//309 6142//309
f 6045//309 6046//309 6142//309
f 6142//309 6046//309 6143//309
f 6046//309 6047//309 6143//309
f 6143//309 6047//309 6144//309
f 6047//309 6048//309 6144//309
f 6144//309 6048//309 6145//309
f 6048//309 6049//309 6145//309
f 6145//309 6049//309 6146//309
f 6049//309 6050//309 6146//309
f 6146//309 6050//309 6147//309
f 6050//309 6051//309 6147//309
f 6147//309 6051//309 6148//309
f 6051//309 6052//309 6148//309
f 6148//309 6052//309 6149//309
f 6052//309 6053//808 6149//309
f 6149//309 6053//808 6150//309
f 6053//808 6054//706 6150//309
f 6150//309 6054//706 6151//309
f 6054//706 6055//706 6152//808
f 6054//706 6152//808 6151//309
f 6055//706 6056//732 6152//808
f 6152//808 6056//732 6153//706
f 6056//732 6057//756 6154//706
f 6056//732 6154//706 6153//706
f 6057//756 6058//704 6154//706
f 6154//706 6058//704 6155//808
f 6058//704 6059//706 6155//808
f 6155//808 6059//706 6156//309
f 6059//706 6060//755 6157//981
f 6059//706 6157//981 6156//309
f 6060//755 6061//755 6158//982
f 6060//755 6158//982 6157//981
f 6061//755 6062//706 6159//808
f 6061//755 6159//808 6158//982
f 6062//706 6063//732 6159//808
f 6159//808 6063//732 6160//706
f 6063//732 6064//755 6161//755
f 6063//732 6161//755 6160//706
f 6064//755 6065//742 6162//732
f 6064//755 6162//732 6161//755
f 6065//742 6066//721 6162//732
f 6162//732 6066//721 6163//706
f 6066//721 6067//707 6164//707
f 6066//721 6164//707 6163//706
f 6067//707 6068//755 6165//757
f 6067//707 6165//757 6164//707
f 6068//755 6069//895 6166//860
f 6068//755 6166//860 6165//757
f 6069//895 6070//972 6167//843
f 6069//895 6167//843 6166//860
f 6070//972 6071//973 6167//843
f 6167//843 6071//973 6168//925
f 6071//973 6072//742 6168//925
f 6168//925 6072//742 6169//983
f 6072//742 6073//860 6170//984
f 6072//742 6170//984 6169//983
f 6073//860 6074//756 6171//706
f 6073//860 6171//706 6170//984
f 6074//756 6075//706 6171//706
f 6171//706 6075//706 6172//720
f 6075//706 6076//974 6173//881
f 6075//706 6173//881 6172//720
f 6076//974 6077//874 6174//985
f 6076//974 6174//985 6173//881
f 6077//874 6078//975 6175//986
f 6077//874 6175//986 6174//985
f 6078//975 6079//600 6176//987
f 6078//975 6176//987 6175//986
f 6079//600 6080//574 6176//987
f 6176//987 6080//574 6177//988
f 6080//574 6081//563 6177//988
f 6177//988 6081//563 6178//748
f 6081//563 6082//563 6179//552
f 6081//563 6179//552 6178//748
f 6082//563 6083//606 6179//552
f 6179//552 6083//606 6180//539
f 6083//606 6084//539 6181//539
f 6083//606 6181//539 6180//539
f 6084//539 6085//563 6182//574
f 6084//539 6182//574 6181//539
f 6085//563 6086//563 6182//574
f 6182//574 6086//563 6183//563
f 6086//563 6087//539 6184//563
f 6086//563 6184//563 6183//563
f 6087//539 6088//552 6184//563
f 6184//563 6088//552 6185//563
f 6088//552 6089//775 6186//774
f 6088//552 6186//774 6185//563
f 6089//775 6090//537 6186//774
f 6186//774 6090//537 6187//527
f 6090//537 6091//550 6187//527
f 6187//527 6091//550 6188//989
f 6091//550 6092//976 6188//989
f 6188//989 6092//976 6189//990
f 6092//976 6093//977 6190//991
f 6092//976 6190//991 6189//990
f 6093//977 6191//992 6190//991
f 6094//978 6095//979 6193//993
f 6094//978 6193//993 6192//994
f 6095//979 6096//537 6193//993
f 6193//993 6096//537 6194//309
f 6096//537 6097//309 6194//309
f 6194//309 6097//309 6195//536
f 6097//309 6098//537 6195//536
f 6195//536 6098//537 6196//550
f 6098//537 6099//537 6196//550
f 6196//550 6099//537 6197//309
f 6099//537 6100//309 6197//309
f 6197//309 6100//309 6198//536
f 6100//309 6101//550 6198//536
f 6198//536 6101//550 6199//549
f 6101//550 6102//581 6199//549
f 6199//549 6102//581 6200//536
f 6102//581 6103//537 6200//536
f 6200//536 6103//537 6201//549
f 6103//537 6104//537 6201//549
f 6201//549 6104//537 6202//536
f 6104//537 6105//550 6202//536
f 6202//536 6105//550 6203//549
f 6105//550 6106//581 6203//549
f 6203//549 6106//581 6204//309
f 6106//581 6107//560 6204//309
f 6204//309 6107//560 6205//550
f 6107//560 6108//781 6205//550
f 6205//550 6108//781 6206//769
f 6108//781 6109//781 6206//769
f 6206//769 6109//781 6207//781
f 6109//781 6110//560 6207//781
f 6207//781 6110//560 6208//560
f 6110//560 6111//819 6208//560
f 6208//560 6111//819 6209//819
f 6111//819 6112//819 6209//819
f 6209//819 6112//819 6210//819
f 6112//819 6113//858 6210//819
f 6210//819 6113//858 6211//807
f 6113//858 6114//980 6211//807
f 6211//807 6114//980 6212//980
f 6114//980 6115//807 6212//980
f 6212//980 6115//807 6213//858
f 6115//807 6116//806 6213//858
f 6213//858 6116//806 6214//807
f 6116//806 6117//807 6214//807
f 6214//807 6117//807 6215//806
f 6117//807 6118//309 6215//806
f 6215//806 6118//309 6216//309
f 6118//309 6119//806 6216//309
f 6216//309 6119//806 6217//831
f 6119//806 6120//730 6217//831
f 6217//831 6120//730 6218//806
f 6120//730 6121//703 6218//806
f 6218//806 6121//703 6219//309
f 6121//703 6122//309 6219//309
f 6219//309 6122//309 6220//309
f 6122//309 6123//309 6220//309
f 6220//309 6123//309 6221//309
f 6123//309 6124//309 6221//309
f 6221//309 6124//309 6222//730
f 6124//309 6125//831 6222//730
f 6222//730 6125//831 6223//730
f 6125//831 6126//806 6223//730
f 6223//730 6126//806 6224//309
f 6126//806 6127//309 6224//309
f 6224//309 6127//309 6225//309
f 6127//309 6128//806 6225//309
f 6225//309 6128//806 6226//807
f 6128//806 6129//807 6226//807
f 6226//807 6129//807 6227//806
f 6129//807 6130//309 6227//806
f 6227//806 6130//309 6228//309
f 6130//309 6131//806 6228//309
f 6228//309 6131//806 6229//831
f 6131//806 6132//807 6229//831
f 6229//831 6132//807 6230//806
f 6132//807 6133//309 6230//806
f 6230//806 6133//309 6231//309
f 6133//309 6134//309 6231//309
f 6231//309 6134//309 6232//309
f 6134//309 6135//806 6232//309
f 6232//309 6135//806 6233//858
f 6135//806 6136//807 6233//858
f 6233//858 6136//807 6234//858
f 6136//807 6137//309 6234//858
f 6234//858 6137//309 6235//309
f 6137//309 6138//309 6235//309
f 6235//309 6138//309 6236//730
f 6138//309 6139//831 6236//730
f 6236//730 6139//831 6237//730
f 6139//831 6140//806 6237//730
f 6237//730 6140//806 6238//309
f 6140//806 6141//309 6238//309
f 6238//309 6141//309 6239//309
f 6141//309 6142//309 6239//309
f 6239//309 6142//309 6240//309
f 6142//309 6143//309 6240//309
f 6240//309 6143//309 6241//309
f 6143//309 6144//309 6241//309
f 6241//309 6144//309 6242//703
f 6144//309 6145//309 6242//703
f 6242//703 6145//309 6243//704
f 6145//309 6146//309 6243//704
f 6243//704 6146//309 6244//704
f 6146//309 6147//309 6244//704
f 6244//704 6147//309 6245//704
f 6147//309 6148//309 6245//704
f 6245//704 6148//309 6246//704
f 6148//309 6149//309 6246//704
f 6246//704 6149//309 6247//704
f 6149//309 6150//309 6247//704
f 6247//704 6150//309 6248//808
f 6150//309 6151//309 6248//808
f 6248//808 6151//309 6249//309
f 6151//309 6152//808 6249//309
f 6249//309 6152//808 6250//309
f 6152//808 6153//706 6250//309
f 6250//309 6153//706 6251//309
f 6153//706 6154//706 6252//808
f 6153//706 6252//808 6251//309
f 6154//706 6155//808 6252//808
f 6252//808 6155//808 6253//706
f 6155//808 6156//309 6254//771
f 6155//808 6254//771 6253//706
f 6156//309 6157//981 6254//771
f 6254//771 6157//981 6255//982
f 6157//981 6158//982 6255//982
f 6255//982 6158//982 6256//995
f 6158//982 6159//808 6256//995
f 6256//995 6159//808 6257//808
f 6159//808 6160//706 6257//808
f 6257//808 6160//706 6258//309
f 6160//706 6161//755 6259//771
f 6160//706 6259//771 6258//309
f 6161//755 6162//732 6260//706
f 6161//755 6260//706 6259//771
f 6162//732 6163//706 6260//706
f 6260//706 6163//706 6261//732
f 6163//706 6164//707 6262//756
f 6163//706 6262//756 6261//732
f 6164//707 6165//757 6262//756
f 6262//756 6165//757 6263//706
f 6165//757 6166//860 6264//842
f 6165//757 6264//842 6263//706
f 6166//860 6167//843 6265//742
f 6166//860 6265//742 6264//842
f 6167//843 6168//925 6265//742
f 6265//742 6168//925 6266//742
f 6168//925 6169//983 6267//707
f 6168//925 6267//707 6266//742
f 6169//983 6170//984 6268//731
f 6169//983 6268//731 6267//707
f 6170//984 6171//706 6269//731
f 6170//984 6269//731 6268//731
f 6171//706 6172//720 6269//731
f 6269//731 6172//720 6270//720
f 6172//720 6173//881 6270//720
f 6270//720 6173//881 6271//704
f 6173//881 6174//985 6271//704
f 6271//704 6174//985 6272//996
f 6174//985 6175//986 6273//997
f 6174//985 6273//997 6272//996
f 6175//986 6176//987 6274//998
f 6175//986 6274//998 6273//997
f 6176//987 6177//988 6274//998
f 6274//998 6177//988 6275//999
f 6177//988 6178//748 6276//1000
f 6177//988 6276//1000 6275//999
f 6178//748 6179//552 6277//612
f 6178//748 6277//612 6276//1000
f 6179//552 6180//539 6278//539
f 6179//552 6278//539 6277//612
f 6180//539 6181//539 6279//574
f 6180//539 6279//574 6278//539
f 6181//539 6182//574 6279//574
f 6279//574 6182//574 6280//575
f 6182//574 6183//563 6280//575
f 6280//575 6183//563 6281//1001
f 6183//563 6184//563 6282//950
f 6183//563 6282//950 6281//1001
f 6184//563 6185//563 6282//950
f 6282//950 6185//563 6283//1002
f 6185//563 6186//774 6284//950
f 6185//563 6284//950 6283//1002
f 6186//774 6187//527 6284//950
f 6284//950 6187//527 6285//575
f 6187//527 6188//989 6285//575
f 6285//575 6188//989 6286//1003
f 6188//989 6189//990 6286//1003
f 6286//1003 6189//990 6287//1004
f 6189//990 6190//991 6287//1004
f 6287//1004 6190//991 6288//1005
f 6190//991 6191//992 6289//1006
f 6190//991 6289//1006 6288//1005
f 6192//994 6193//993 6290//1007
f 6290//1007 6193//993 6291//1008
f 6193//993 6194//309 6291//1008
f 6291//1008 6194//309 6292//893
f 6194//309 6195//536 6292//893
f 6292//893 6195//536 6293//537
f 6195//536 6196//550 6293//537
f 6293//537 6196//550 6294//581
f 6196//550 6197//309 6294//581
f 6294//581 6197//309 6295//309
f 6197//309 6198//536 6295//309
f 6295//309 6198//536 6296//549
f 6198//536 6199//549 6296//549
f 6296//549 6199//549 6297//536
f 6199//549 6200//536 6297//536
f 6297//536 6200//536 6298//560
f 6200//536 6201//549 6298//560
f 6298//560 6201//549 6299//560
f 6201//549 6202//536 6299//560
f 6299//560 6202//536 6300//560
f 6202//536 6203//549 6300//560
f 6300//560 6203//549 6301//560
f 6203//549 6204//309 6301//560
f 6301//560 6204//309 6302//537
f 6204//309 6205//550 6302//537
f 6302//537 6205//550 6303//537
f 6205//550 6206//769 6303//537
f 6303//537 6206//769 6304//549
f 6206//769 6207//781 6304//549
f 6304//549 6207//781 6305//769
f 6207//781 6208//560 6305//769
f 6305//769 6208//560 6306//560
f 6208//560 6209//819 6306//560
f 6306//560 6209//819 6307//783
f 6209//819 6210//819 6307//783
f 6307//783 6210//819 6308//965
f 6210//819 6211//807 6308//965
f 6308//965 6211//807 6309//807
f 6211//807 6212//980 6309//807
f 6309//807 6212//980 6310//831
f 6212//980 6213//858 6310//831
f 6310//831 6213//858 6311//807
f 6213//858 6214//807 6311//807
f 6311//807 6214//807 6312//807
f 6214//807 6215//806 6312//807
f 6312//807 6215//806 6313//309
f 6215//806 6216//309 6313//309
f 6313//309 6216//309 6314//730
f 6216//309 6217//831 6314//730
f 6314//730 6217//831 6315//730
f 6217//831 6218//806 6315//730
f 6315//730 6218//806 6316//309
f 6218//806 6219//309 6316//309
f 6316//309 6219//309 6317//309
f 6219//309 6220//309 6317//309
f 6317//309 6220//309 6318//703
f 6220//309 6221//309 6318//703
f 6318//703 6221//309 6319//719
f 6221//309 6222//730 6319//719
f 6319//719 6222//730 6320//730
f 6222//730 6223//730 6320//730
f 6320//730 6223//730 6321//309
f 6223//730 6224//309 6321//309
f 6321//309 6224//309 6322//309
f 6224//309 6225//309 6322//309
f 6322//309 6225//309 6323//730
f 6225//309 6226//807 6323//730
f 6323//730 6226//807 6324//730
f 6226//807 6227//806 6324//730
f 6324//730 6227//806 6325//309
f 6227//806 6228//309 6325//309
f 6325//309 6228//309 6326//806
f 6228//309 6229//831 6326//806
f 6326//806 6229//831 6327//807
f 6229//831 6230//806 6327//807
f 6327//807 6230//806 6328//309
f 6230//806 6231//309 6328//309
f 6328//309 6231//309 6329//309
f 6231//309 6232//309 6329//309
f 6329//309 6232//309 6330//309
f 6232//309 6233//858 6330//309
f 6330//309 6233//858 6331//831
f 6233//858 6234//858 6331//831
f 6331//831 6234//858 6332//806
f 6234//858 6235//309 6332//806
f 6332//806 6235//309 6333//806
f 6235//309 6236//730 6333//806
f 6333//806 6236//730 6334//807
f 6236//730 6237//730 6334//807
f 6334//807 6237//730 6335//309
f 6237//730 6238//309 6335//309
f 6335//309 6238//309 6336//309
f 6238//309 6239//309 6336//309
f 6336//309 6239//309 6337//309
f 6239//309 6240//309 6337//309
f 6337//309 6240//309 6338//703
f 6240//309 6241//309 6338//703
f 6338//703 6241//309 6339//719
f 6241//309 6242//703 6339//719
f 6339//719 6242//703 6340//705
f 6242//703 6243//704 6340//705
f 6340//705 6243//704 6341//704
f 6243//704 6244//704 6341//704
f 6341//704 6244//704 6342//704
f 6244//704 6245//704 6342//704
f 6342//704 6245//704 6343//704
f 6245//704 6246//704 6343//704
f 6343//704 6246//704 6344//704
f 6246//704 6247//704 6344//704
f 6344//704 6247//704 6345//704
f 6247//704 6248//808 6345//704
f 6345//704 6248//808 6346//706
f 6248//808 6249//309 6347//706
f 6248//808 6347//706 6346//706
f 6249//309 6250//309 6347//706
f 6347//706 6250//309 6348//704
f 6250//309 6251//309 6348//704
f 6348//704 6251//309 6349//704
f 6251//309 6252//808 6349//704
f 6349//704 6252//808 6350//808
f 6252//808 6253//706 6350//808
f 6350//808 6253//706 6351//309
f 6253//706 6254//771 6352//771
f 6253//706 6352//771 6351//309
f 6254//771 6255//982 6353//755
f 6254//771 6353//755 6352//771
f 6255//982 6256//995 6354//732
f 6255//982 6354//732 6353//755
f 6256//995 6257//808 6354//732
f 6354//732 6257//808 6355//706
f 6257//808 6258//309 6356//706
f 6257//808 6356//706 6355//706
f 6258//309 6259//771 6356//706
f 6356//706 6259//771 6357//720
f 6259//771 6260//706 6358//741
f 6259//771 6358//741 6357//720
f 6260//706 6261//732 6358//741
f 6358//741 6261//732 6359//707
f 6261//732 6262//756 6360//706
f 6261//732 6360//706 6359//707
f 6262//756 6263//706 6360//706
f 6360//706 6263//706 6361//732
f 6263//706 6264//842 6362//755
f 6263//706 6362//755 6361//732
f 6264//842 6265//742 6363//731
f 6264//842 6363//731 6362//755
f 6265//742 6266//742 6363//731
f 6363//731 6266//742 6364//707
f 6266//742 6267//707 6365//742
f 6266//742 6365//742 6364//707
f 6267//707 6268//731 6365//742
f 6365//742 6268//731 6366//742
f 6268//731 6269//731 6367//842
f 6268//731 6367//842 6366//742
f 6269//731 6270//720 6368//706
f 6269//731 6368//706 6367//842
f 6270//720 6271//704 6368//706
f 6368//706 6271//704 6369//808
f 6271//704 6272//996 6369//808
f 6369//808 6272//996 6370//309
f 6272//996 6273//997 6371//1009
f 6272//996 6371//1009 6370//309
f 6273//997 6274//998 6372//1010
f 6273//997 6372//1010 6371//1009
f 6274//998 6275//999 6372//1010
f 6372//1010 6275//999 6373//1011
f 6275//999 6276//1000 6374//772
f 6275//999 6374//772 6373//1011
f 6276//1000 6277//612 6375//1012
f 6276//1000 6375//1012 6374//772
f 6277//612 6278//539 6376//563
f 6277//612 6376//563 6375//1012
f 6278//539 6279//574 6376//563
f 6376//563 6279//574 6377//575
f 6279//574 6280//575 6377//575
f 6377//575 6280//575 6378//575
f 6280//575 6281//1001 6378//575
f 6378//575 6281//1001 6379//575
f 6281//1001 6282//950 6380//950
f 6281//1001 6380//950 6379//575
f 6282//950 6283//1002 6381//1002
f 6282//950 6381//1002 6380//950
f 6283//1002 6284//950 6382//1013
f 6283//1002 6382//1013 6381//1002
f 6284//950 6285//575 6383//1014
f 6284//950 6383//1014 6382//1013
f 6285//575 6286//1003 6383//1014
f 6383//1014 6286//1003 6384//1015
f 6286//1003 6287//1004 6384//1015
f 6384//1015 6287//1004 6385//1016
f 6287//1004 6288//1005 6385//1016
f 6385//1016 6288//1005 6386//1017
f 6288//1005 6289//1006 6386//1017
f 6290//1007 6291//1008 6387//1018
f 6291//1008 6292//893 6388//1019
f 6291//1008 6388//1019 6387//1018
f 6292//893 6293//537 6388//1019
f 6388//1019 6293//537 6389//526
f 6293//537 6294//581 6389//526
f 6389//526 6294//581 6390//309
f 6294//581 6295//309 6390//309
f 6390//309 6295//309 6391//570
f 6295//309 6296//549 6391//570
f 6391//570 6296//549 6392//537
f 6296//549 6297//536 6392//537
f 6392//537 6297//536 6393//309
f 6297//536 6298//560 6393//309
f 6393//309 6298//560 6394//550
f 6298//560 6299//560 6394//550
f 6394//550 6299//560 6395//581
f 6299//560 6300//560 6395//581
f 6395//581 6300//560 6396//549
f 6300//560 6301//560 6396//549
f 6396//549 6301//560 6397//550
f 6301//560 6302//537 6397//550
f 6397//550 6302//537 6398//550
f 6302//537 6303//537 6398//550
f 6398//550 6303//537 6399//536
f 6303//537 6304//549 6399//536
f 6399//536 6304//549 6400//550
f 6304//549 6305//769 6400//550
f 6400//550 6305//769 6401//560
f 6305//769 6306//560 6401//560
f 6401//560 6306//560 6402//782
f 6306//560 6307//783 6402//782
f 6402//782 6307//783 6403//783
f 6307//783 6308//965 6403//783
f 6403//783 6308//965 6404//831
f 6308//965 6309//807 6404//831
f 6404//831 6309//807 6405//807
f 6309//807 6310//831 6405//807
f 6405//807 6310//831 6406//807
f 6310//831 6311//807 6406//807
f 6406//807 6311//807 6407//858
f 6311//807 6312//807 6407//858
f 6407//858 6312//807 6408//858
f 6312//807 6313//309 6408//858
f 6408//858 6313//309 6409//730
f 6313//309 6314//730 6409//730
f 6409//730 6314//730 6410//730
f 6314//730 6315//730 6410//730
f 6410//730 6315//730 6411//309
f 6315//730 6316//309 6411//309
f 6411//309 6316//309 6412//309
f 6316//309 6317//309 6412//309
f 6412//309 6317//309 6413//806
f 6317//309 6318//703 6413//806
f 6413//806 6318//703 6414//730
f 6318//703 6319//719 6414//730
f 6414//730 6319//719 6415//703
f 6319//719 6320//730 6415//703
f 6415//703 6320//730 6416//309
f 6320//730 6321//309 6416//309
f 6416//309 6321//309 6417//309
f 6321//309 6322//309 6417//309
f 6417//309 6322//309 6418//730
f 6322//309 6323//730 6418//730
f 6418//730 6323//730 6419//730
f 6323//730 6324//730 6419//730
f 6419//730 6324//730 6420//309
f 6324//730 6325//309 6420//309
f 6420//309 6325//309 6421//309
f 6325//309 6326//806 6421//309
f 6421//309 6326//806 6422//807
f 6326//806 6327//807 6422//807
f 6422//807 6327//807 6423//806
f 6327//807 6328//309 6423//806
f 6423//806 6328//309 6424//309
f 6328//309 6329//309 6424//309
f 6424//309 6329//309 6425//309
f 6329//309 6330//309 6425//309
f 6425//309 6330//309 6426//730
f 6330//309 6331//831 6426//730
f 6426//730 6331//831 6427//730
f 6331//831 6332//806 6427//730
f 6427//730 6332//806 6428//309
f 6332//806 6333//806 6428//309
f 6428//309 6333//806 6429//831
f 6333//806 6334//807 6429//831
f 6429//831 6334//807 6430//806
f 6334//807 6335//309 6430//806
f 6430//806 6335//309 6431//309
f 6335//309 6336//309 6431//309
f 6431//309 6336//309 6432//703
f 6336//309 6337//309 6432//703
f 6432//703 6337//309 6433//705
f 6337//309 6338//703 6433//705
f 6433//705 6338//703 6434//705
f 6338//703 6339//719 6434//705
f 6434//705 6339//719 6435//703
f 6339//719 6340//705 6435//703
f 6435//703 6340//705 6436//309
f 6340//705 6341//704 6436//309
f 6436//309 6341//704 6437//309
f 6341//704 6342//704 6437//309
f 6437//309 6342//704 6438//309
f 6342//704 6343//704 6438//309
f 6438//309 6343//704 6439//309
f 6343//704 6344//704 6439//309
f 6439//309 6344//704 6440//309
f 6344//704 6345//704 6440//309
f 6440//309 6345//704 6441//309
f 6345//704 6346//706 6441//309
f 6441//309 6346//706 6442//309
f 6346//706 6347//706 6443//808
f 6346//706 6443//808 6442//309
f 6347//706 6348//704 6443//808
f 6443//808 6348//704 6444//704
f 6348//704 6349//704 6444//704
f 6444//704 6349//704 6445//704
f 6349//704 6350//808 6445//704
f 6445//704 6350//808 6446//706
f 6350//808 6351//309 6447//706
f 6350//808 6447//706 6446//706
f 6351//309 6352//771 6447//706
f 6447//706 6352//771 6448//720
f 6352//771 6353//755 6449//731
f 6352//771 6449//731 6448//720
f 6353//755 6354//732 6450//706
f 6353//755 6450//706 6449//731
f 6354//732 6355//706 6450//706
f 6450//706 6355//706 6451//720
f 6355//706 6356//706 6452//741
f 6355//706 6452//741 6451//720
f 6356//706 6357//720 6452//741
f 6452//741 6357//720 6453//720
f 6357//720 6358//741 6453//720
f 6453//720 6358//741 6454//706
f 6358//741 6359//707 6455//707
f 6358//741 6455//707 6454//706
f 6359//707 6360//706 6456//741
f 6359//707 6456//741 6455//707
f 6360//706 6361//732 6456//741
f 6456//741 6361//732 6457//707
f 6361//732 6362//755 6458//707
f 6361//732 6458//707 6457//707
f 6362//755 6363//731 6459//731
f 6362//755 6459//731 6458//707
f 6363//731 6364//707 6460//755
f 6363//731 6460//755 6459//731
f 6364//707 6365//742 6461//756
f 6364//707 6461//756 6460//755
f 6365//742 6366//742 6461//756
f 6461//756 6366//742 6462//706
f 6366//742 6367//842 6463//842
f 6366//742 6463//842 6462//706
f 6367//842 6368//706 6464//742
f 6367//842 6464//742 6463//842
f 6368//706 6369//808 6464//742
f 6464//742 6369//808 6465//742
f 6369//808 6370//309 6466//706
f 6369//808 6466//706 6465//742
f 6370//309 6371//1009 6466//706
f 6466//706 6371//1009 6467//732
f 6371//1009 6372//1010 6468//755
f 6371//1009 6468//755 6467//732
f 6372//1010 6373//1011 6469//707
f 6372//1010 6469//707 6468//755
f 6373//1011 6374//772 6470//1020
f 6373//1011 6470//1020 6469//707
f 6374//772 6375//1012 6471//946
f 6374//772 6471//946 6470//1020
f 6375//1012 6376//563 6472//710
f 6375//1012 6472//710 6471//946
f 6376//563 6377//575 6472//710
f 6472//710 6377//575 6473//711
f 6377//575 6378//575 6473//711
f 6473//711 6378//575 6474//1021
f 6378//575 6379//575 6474//1021
f 6474//1021 6379//575 6475//948
f 6379//575 6380//950 6475//948
f 6475//948 6380//950 6476//712
f 6380//950 6381//1002 6477//563
f 6380//950 6477//563 6476//712
f 6381//1002 6382//1013 6477//563
f 6477//563 6382//1013 6478//575
f 6382//1013 6383//1014 6479//1022
f 6382//1013 6479//1022 6478//575
f 6383//1014 6384//1015 6479//1022
f 6479//1022 6384//1015 6480//1023
f 6384//1015 6385//1016 6480//1023
f 6480//1023 6385//1016 6481//1024
f 6385//1016 6386//1017 6481//1024
f 6387//1018 6388//1019 6482//648
f 6482//648 6388//1019 6483//1025
f 6388//1019 6389//526 6483//1025
f 6483//1025 6389//526 6484//309
f 6389//526 6390//309 6484//309
f 6484//309 6390//309 6485//537
f 6390//309 6391//570 6485//537
f 6485//537 6391//570 6486//537
f 6391//570 6392//537 6486//537
f 6486//537 6392//537 6487//309
f 6392//537 6393//309 6487//309
f 6487//309 6393//309 6488//570
f 6393//309 6394//550 6488//570
f 6488//570 6394//550 6489//537
f 6394//550 6395//581 6489//537
f 6489//537 6395//581 6490//537
f 6395//581 6396//549 6490//537
f 6490//537 6396//549 6491//537
f 6396//549 6397//550 6491//537
f 6491//537 6397//550 6492//550
f 6397//550 6398//550 6492//550
f 6492//550 6398//550 6493//581
f 6398//550 6399//536 6493//581
f 6493//581 6399//536 6494//560
f 6399//536 6400//550 6494//560
f 6494//560 6400//550 6495//560
f 6400//550 6401//560 6495//560
f 6495//560 6401//560 6496//550
f 6401//560 6402//782 6496//550
f 6496//550 6402//782 6497//848
f 6402//782 6403//783 6497//848
f 6497//848 6403//783 6498//849
f 6403//783 6404//831 6498//849
f 6498//849 6404//831 6499//807
f 6404//831 6405//807 6499//807
f 6499//807 6405//807 6500//858
f 6405//807 6406//807 6500//858
f 6500//858 6406//807 6501//858
f 6406//807 6407//858 6501//858
f 6501//858 6407//858 6502//831
f 6407//858 6408//858 6502//831
f 6502//831 6408//858 6503//807
f 6408//858 6409//730 6503//807
f 6503//807 6409//730 6504//807
f 6409//730 6410//730 6504//807
f 6504//807 6410//730 6505//309
f 6410//730 6411//309 6505//309
f 6505//309 6411//309 6506//309
f 6411//309 6412//309 6506//309
f 6506//309 6412//309 6507//703
f 6412//309 6413//806 6507//703
f 6507//703 6413//806 6508//730
f 6413//806 6414//730 6508//730
f 6508//730 6414//730 6509//806
f 6414//730 6415//703 6509//806
f 6509//806 6415//703 6510//309
f 6415//703 6416//309 6510//309
f 6510//309 6416//309 6511//309
f 6416//309 6417//309 6511//309
f 6511//309 6417//309 6512//730
f 6417//309 6418//730 6512//730
f 6512//730 6418//730 6513//730
f 6418//730 6419//730 6513//730
f 6513//730 6419//730 6514//309
f 6419//730 6420//309 6514//309
f 6514//309 6420//309 6515//309
f 6420//309 6421//309 6515//309
f 6515//309 6421//309 6516//730
f 6421//309 6422//807 6516//730
f 6516//730 6422//807 6517//730
f 6422//807 6423//806 6517//730
f 6517//730 6423//806 6518//309
f 6423//806 6424//309 6518//309
f 6518//309 6424//309 6519//309
f 6424//309 6425//309 6519//309
f 6519//309 6425//309 6520//730
f 6425//309 6426//730 6520//730
f 6520//730 6426//730 6521//730
f 6426//730 6427//730 6521//730
f 6521//730 6427//730 6522//309
f 6427//730 6428//309 6522//309
f 6522//309 6428//309 6523//806
f 6428//309 6429//831 6523//806
f 6523//806 6429//831 6524//807
f 6429//831 6430//806 6524//807
f 6524//807 6430//806 6525//309
f 6430//806 6431//309 6525//309
f 6525//309 6431//309 6526//806
f 6431//309 6432//703 6526//806
f 6526//806 6432//703 6527//730
f 6432//703 6433//705 6527//730
f 6527//730 6433//705 6528//703
f 6433//705 6434//705 6528//703
f 6528//703 6434//705 6529//309
f 6434//705 6435//703 6529//309
f 6529//309 6435//703 6530//309
f 6435//703 6436//309 6530//309
f 6530//309 6436//309 6531//309
f 6436//309 6437//309 6531//309
f 6531//309 6437//309 6532//703
f 6437//309 6438//309 6532//703
f 6532//703 6438//309 6533//704
f 6438//309 6439//309 6533//704
f 6533//704 6439//309 6534//704
f 6439//309 6440//309 6534//704
f 6534//704 6440//309 6535//704
f 6440//309 6441//309 6535//704
f 6535//704 6441//309 6536//704
f 6441//309 6442//309 6536//704
f 6536//704 6442//309 6537//704
f 6442//309 6443//808 6537//704
f 6537//704 6443//808 6538//704
f 6443//808 6444//704 6538//704
f 6538//704 6444//704 6539//808
f 6444//704 6445//704 6539//808
f 6539//808 6445//704 6540//309
f 6445//704 6446//706 6540//309
f 6540//309 6446//706 6541//1026
f 6446//706 6447//706 6542//732
f 6446//706 6542//732 6541//1026
f 6447//706 6448//720 6542//732
f 6542//732 6448//720 6543//704
f 6448//720 6449//731 6543//704
f 6543//704 6449//731 6544//706
f 6449//731 6450//706 6545//742
f 6449//731 6545//742 6544//706
f 6450//706 6451//720 6545//742
f 6545//742 6451//720 6546//721
f 6451//720 6452//741 6546//721
f 6546//721 6452//741 6547//707
f 6452//741 6453//720 6548//706
f 6452//741 6548//706 6547//707
f 6453//720 6454//706 6548//706
f 6548//706 6454//706 6549//732
f 6454//706 6455//707 6550//732
f 6454//706 6550//732 6549//732
f 6455//707 6456//741 6550//732
f 6550//732 6456//741 6551//706
f 6456//741 6457//707 6552//707
f 6456//741 6552//707 6551//706
f 6457//707 6458//707 6553//741
f 6457//707 6553//741 6552//707
f 6458//707 6459//731 6553//741
f 6553//741 6459//731 6554//707
f 6459//731 6460//755 6555//842
f 6459//731 6555//842 6554//707
f 6460//755 6461//756 6556//706
f 6460//755 6556//706 6555//842
f 6461//756 6462//706 6556//706
f 6556//706 6462//706 6557//720
f 6462//706 6463//842 6558//731
f 6462//706 6558//731 6557//720
f 6463//842 6464//742 6559//742
f 6463//842 6559//742 6558//731
f 6464//742 6465//742 6559//742
f 6559//742 6465//742 6560//742
f 6465//742 6466//706 6561//742
f 6465//742 6561//742 6560//742
f 6466//706 6467//732 6561//742
f 6561//742 6467//732 6562//742
f 6467//732 6468//755 6563//707
f 6467//732 6563//707 6562//742
f 6468//755 6469//707 6564//721
f 6468//755 6564//721 6563//707
f 6469//707 6470//1020 6564//721
f 6564//721 6470//1020 6565//742
f 6470//1020 6471//946 6566//869
f 6470//1020 6566//869 6565//742
f 6471//946 6472//710 6567//1027
f 6471//946 6567//1027 6566//869
f 6472//710 6473//711 6567//1027
f 6567//1027 6473//711 6568//1028
f 6473//711 6474//1021 6568//1028
f 6568//1028 6474//1021 6569//1029
f 6474//1021 6475//948 6570//1030
f 6474//1021 6570//1030 6569//1029
f 6475//948 6476//712 6570//1030
f 6570//1030 6476//712 6571//1031
f 6476//712 6477//563 6572//1032
f 6476//712 6572//1032 6571//1031
f 6477//563 6478//575 6572//1032
f 6572//1032 6478//575 6573//1033
f 6478//575 6479//1022 6573//1033
f 6573//1033 6479//1022 6574//1034
f 6479//1022 6480//1023 6574//1034
f 6482//648 6483//1025 6575//1035
f 6575//1035 6483//1025 6576//1025
f 6483//1025 6484//309 6576//1025
f 6576//1025 6484//309 6577//536
f 6484//309 6485//537 6577//536
f 6577//536 6485//537 6578//549
f 6485//537 6486//537 6578//549
f 6578//549 6486//537 6579//526
f 6486//537 6487//309 6579//526
f 6579//526 6487//309 6580//605
f 6487//309 6488//570 6580//605
f 6580//605 6488//570 6581//537
f 6488//570 6489//537 6581//537
f 6581//537 6489//537 6582//536
f 6489//537 6490//537 6582//536
f 6582//536 6490//537 6583//549
f 6490//537 6491//537 6583//549
f 6583//549 6491//537 6584//536
f 6491//537 6492//550 6584//536
f 6584//536 6492//550 6585//549
f 6492//550 6493//581 6585//549
f 6585//549 6493//581 6586//309
f 6493//581 6494//560 6586//309
f 6586//309 6494//560 6587//550
f 6494//560 6495//560 6587//550
f 6587//550 6495//560 6588//572
f 6495//560 6496//550 6588//572
f 6588//572 6496//550 6589//537
f 6496//550 6497//848 6589//537
f 6589//537 6497//848 6590//783
f 6497//848 6498//849 6590//783
f 6590//783 6498//849 6591//1036
f 6498//849 6499//807 6591//1036
f 6591//1036 6499//807 6592//806
f 6499//807 6500//858 6592//806
f 6592//806 6500//858 6593//807
f 6500//858 6501//858 6593//807
f 6593//807 6501//858 6594//807
f 6501//858 6502//831 6594//807
f 6594//807 6502//831 6595//807
f 6502//831 6503//807 6595//807
f 6595//807 6503//807 6596//807
f 6503//807 6504//807 6596//807
f 6596//807 6504//807 6597//806
f 6504//807 6505//309 6597//806
f 6597//806 6505//309 6598//309
f 6505//309 6506//309 6598//309
f 6598//309 6506//309 6599//806
f 6506//309 6507//703 6599//806
f 6599//806 6507//703 6600//730
f 6507//703 6508//730 6600//730
f 6600//730 6508//730 6601//703
f 6508//730 6509//806 6601//703
f 6601//703 6509//806 6602//309
f 6509//806 6510//309 6602//309
f 6602//309 6510//309 6603//309
f 6510//309 6511//309 6603//309
f 6603//309 6511//309 6604//730
f 6511//309 6512//730 6604//730
f 6604//730 6512//730 6605//730
f 6512//730 6513//730 6605//730
f 6605//730 6513//730 6606//309
f 6513//730 6514//309 6606//309
f 6606//309 6514//309 6607//309
f 6514//309 6515//309 6607//309
f 6607//309 6515//309 6608//730
f 6515//309 6516//730 6608//730
f 6608//730 6516//730 6609//730
f 6516//730 6517//730 6609//730
f 6609//730 6517//730 6610//309
f 6517//730 6518//309 6610//309
f 6610//309 6518//309 6611//309
f 6518//309 6519//309 6611//309
f 6611//309 6519//309 6612//730
f 6519//309 6520//730 6612//730
f 6612//730 6520//730 6613//730
f 6520//730 6521//730 6613//730
f 6613//730 6521//730 6614//309
f 6521//730 6522//309 6614//309
f 6614//309 6522//309 6615//309
f 6522//309 6523//806 6615//309
f 6615//309 6523//806 6616//807
f 6523//806 6524//807 6616//807
f 6616//807 6524//807 6617//806
f 6524//807 6525//309 6617//806
f 6617//806 6525//309 6618//309
f 6525//309 6526//806 6618//309
f 6618//309 6526//806 6619//831
f 6526//806 6527//730 6619//831
f 6619//831 6527//730 6620//806
f 6527//730 6528//703 6620//806
f 6620//806 6528//703 6621//309
f 6528//703 6529//309 6621//309
f 6621//309 6529//309 6622//703
f 6529//309 6530//309 6622//703
f 6622//703 6530//309 6623//704
f 6530//309 6531//309 6623//704
f 6623//704 6531//309 6624//705
f 6531//309 6532//703 6624//705
f 6624//705 6532//703 6625//705
f 6532//703 6533//704 6625//705
f 6625//705 6533//704 6626//704
f 6533//704 6534//704 6626//704
f 6626//704 6534//704 6627//704
f 6534//704 6535//704 6627//704
f 6627//704 6535//704 6628//704
f 6535//704 6536//704 6628//704
f 6628//704 6536//704 6629//704
f 6536//704 6537//704 6629//704
f 6629//704 6537//704 6630//704
f 6537//704 6538//704 6630//704
f 6630//704 6538//704 6631//704
f 6538//704 6539//808 6631//704
f 6631//704 6539//808 6632//706
f 6539//808 6540//309 6633//916
f 6539//808 6633//916 6632//706
f 6540//309 6541//1026 6633//916
f 6633//916 6541//1026 6634//880
f 6541//1026 6542//732 6635//771
f 6541//1026 6635//771 6634//880
f 6542//732 6543//704 6635//771
f 6635//771 6543//704 6636//309
f 6543//704 6544//706 6636//309
f 6636//309 6544//706 6637//309
f 6544//706 6545//742 6638//808
f 6544//706 6638//808 6637//309
f 6545//742 6546//721 6638//808
f 6638//808 6546//721 6639//917
f 6546//721 6547//707 6640//908
f 6546//721 6640//908 6639//917
f 6547//707 6548//706 6641//808
f 6547//707 6641//808 6640//908
f 6548//706 6549//732 6641//808
f 6641//808 6549//732 6642//706
f 6549//732 6550//732 6643//706
f 6549//732 6643//706 6642//706
f 6550//732 6551//706 6643//706
f 6643//706 6551//706 6644//732
f 6551//706 6552//707 6645//756
f 6551//706 6645//756 6644//732
f 6552//707 6553//741 6645//756
f 6645//756 6553//741 6646//706
f 6553//741 6554//707 6647//755
f 6553//741 6647//755 6646//706
f 6554//707 6555//842 6648//755
f 6554//707 6648//755 6647//755
f 6555//842 6556//706 6649//731
f 6555//842 6649//731 6648//755
f 6556//706 6557//720 6649//731
f 6649//731 6557//720 6650//720
f 6557//720 6558//731 6650//720
f 6650//720 6558//731 6651//706
f 6558//731 6559//742 6652//731
f 6558//731 6652//731 6651//706
f 6559//742 6560//742 6652//731
f 6652//731 6560//742 6653//707
f 6560//742 6561//742 6654//742
f 6560//742 6654//742 6653//707
f 6561//742 6562//742 6654//742
f 6654//742 6562//742 6655//742
f 6562//742 6563//707 6656//742
f 6562//742 6656//742 6655//742
f 6563//707 6564//721 6656//742
f 6656//742 6564//721 6657//884
f 6564//721 6565//742 6657//884
f 6657//884 6565//742 6658//1037
f 6565//742 6566//869 6659//1038
f 6565//742 6659//1038 6658//1037
f 6566//869 6567//1027 6660//1039
f 6566//869 6660//1039 6659//1038
f 6567//1027 6568//1028 6660//1039
f 6660//1039 6568//1028 6661//1040
f 6568//1028 6569//1029 6661//1040
f 6661//1040 6569//1029 6662//1041
f 6569//1029 6570//1030 6663//1042
f 6569//1029 6663//1042 6662//1041
f 6570//1030 6571//1031 6663//1042
f 6663//1042 6571//1031 6664//1043
f 6571//1031 6572//1032 6665//1044
f 6571//1031 6665//1044 6664//1043
f 6572//1032 6573//1033 6665//1044
f 6665//1044 6573//1033 6666//1045
f 6573//1033 6574//1034 6666//1045
f 6575//1035 6576//1025 6667//1046
f 6667//1046 6576//1025 6668//1047
f 6576//1025 6577//536 6668//1047
f 6668//1047 6577//536 6669//1048
f 6577//536 6578//549 6669//1048
f 6669//1048 6578//549 6670//550
f 6578//549 6579//526 6670//550
f 6670//550 6579//526 6671//537
f 6579//526 6580//605 6671//537
f 6671//537 6580//605 6672//611
f 6580//605 6581//537 6672//611
f 6672//611 6581//537 6673//526
f 6581//537 6582//536 6673//526
f 6673//526 6582//536 6674//537
f 6582//536 6583//549 6674//537
f 6674//537 6583//549 6675//537
f 6583//549 6584//536 6675//537
f 6675//537 6584//536 6676//537
f 6584//536 6585//549 6676//537
f 6676//537 6585//549 6677//536
f 6585//549 6586//309 6677//536
f 6677//536 6586//309 6678//537
f 6586//309 6587//550 6678//537
f 6678//537 6587//550 6679//572
f 6587//550 6588//572 6679//572
f 6679//572 6588//572 6680//549
f 6588//572 6589//537 6680//549
f 6680//549 6589//537 6681//682
f 6589//537 6590//783 6681//682
f 6681//682 6590//783 6682//1049
f 6590//783 6591//1036 6682//1049
f 6682//1049 6591//1036 6683//807
f 6591//1036 6592//806 6683//807
f 6683//807 6592//806 6684//806
f 6592//806 6593//807 6684//806
f 6684//806 6593//807 6685//807
f 6593//807 6594//807 6685//807
f 6685//807 6594//807 6686//858
f 6594//807 6595//807 6686//858
f 6686//858 6595//807 6687//980
f 6595//807 6596//807 6687//980
f 6687//980 6596//807 6688//807
f 6596//807 6597//806 6688//807
f 6688//807 6597//806 6689//309
f 6597//806 6598//309 6689//309
f 6689//309 6598//309 6690//703
f 6598//309 6599//806 6690//703
f 6690//703 6599//806 6691//730
f 6599//806 6600//730 6691//730
f 6691//730 6600//730 6692//806
f 6600//730 6601//703 6692//806
f 6692//806 6601//703 6693//309
f 6601//703 6602//309 6693//309
f 6693//309 6602//309 6694//703
f 6602//309 6603//309 6694//703
f 6694//703 6603//309 6695//719
f 6603//309 6604//730 6695//719
f 6695//719 6604//730 6696//730
f 6604//730 6605//730 6696//730
f 6696//730 6605//730 6697//309
f 6605//730 6606//309 6697//309
f 6697//309 6606//309 6698//309
f 6606//309 6607//309 6698//309
f 6698//309 6607//309 6699//730
f 6607//309 6608//730 6699//730
f 6699//730 6608//730 6700//730
f 6608//730 6609//730 6700//730
f 6700//730 6609//730 6701//309
f 6609//730 6610//309 6701//309
f 6701//309 6610//309 6702//309
f 6610//309 6611//309 6702//309
f 6702//309 6611//309 6703//730
f 6611//309 6612//730 6703//730
f 6703//730 6612//730 6704//730
f 6612//730 6613//730 6704//730
f 6704//730 6613//730 6705//309
f 6613//730 6614//309 6705//309
f 6705//309 6614//309 6706//309
f 6614//309 6615//309 6706//309
f 6706//309 6615//309 6707//730
f 6615//309 6616//807 6707//730
f 6707//730 6616//807 6708//730
f 6616//807 6617//806 6708//730
f 6708//730 6617//806 6709//309
f 6617//806 6618//309 6709//309
f 6709//309 6618//309 6710//730
f 6618//309 6619//831 6710//730
f 6710//730 6619//831 6711//730
f 6619//831 6620//806 6711//730
f 6711//730 6620//806 6712//309
f 6620//806 6621//309 6712//309
f 6712//309 6621//309 6713//730
f 6621//309 6622//703 6713//730
f 6713//730 6622//703 6714//705
f 6622//703 6623//704 6714//705
f 6714//705 6623//704 6715//704
f 6623//704 6624//705 6715//704
f 6715//704 6624//705 6716//703
f 6624//705 6625//705 6716//703
f 6716//703 6625//705 6717//309
f 6625//705 6626//704 6717//309
f 6717//309 6626//704 6718//309
f 6626//704 6627//704 6718//309
f 6718//309 6627//704 6719//309
f 6627//704 6628//704 6719//309
f 6719//309 6628//704 6720//309
f 6628//704 6629//704 6720//309
f 6720//309 6629//704 6721//309
f 6629//704 6630//704 6721//309
f 6721//309 6630//704 6722//309
f 6630//704 6631//704 6722//309
f 6722//309 6631//704 6723//309
f 6631//704 6632//706 6723//309
f 6723//309 6632//706 6724//309
f 6632//706 6633//916 6725//867
f 6632//706 6725//867 6724//309
f 6633//916 6634//880 6725//867
f 6725//867 6634//880 6726//309
f 6634//880 6635//771 6727//771
f 6634//880 6727//771 6726//309
f 6635//771 6636//309 6728//706
f 6635//771 6728//706 6727//771
f 6636//309 6637//309 6728//706
f 6728//706 6637//309 6729//704
f 6637//309 6638//808 6729//704
f 6729//704 6638//808 6730//808
f 6638//808 6639//917 6730//808
f 6730//808 6639//917 6731//982
f 6639//917 6640//908 6731//982
f 6731//982 6640//908 6732//917
f 6640//908 6641//808 6732//917
f 6732//917 6641//808 6733//808
f 6641//808 6642//706 6733//808
f 6733//808 6642//706 6734//309
f 6642//706 6643//706 6735//808
f 6642//706 6735//808 6734//309
f 6643//706 6644//732 6735//808
f 6735//808 6644//732 6736//706
f 6644//732 6645//756 6737//706
f 6644//732 6737//706 6736//706
f 6645//756 6646//706 6737//706
f 6737//706 6646//706 6738//732
f 6646//706 6647//755 6739//755
f 6646//706 6739//755 6738//732
f 6647//755 6648//755 6740//707
f 6647//755 6740//707 6739//755
f 6648//755 6649//731 6741//731
f 6648//755 6741//731 6740//707
f 6649//731 6650//720 6742//906
f 6649//731 6742//906 6741//731
f 6650//720 6651//706 6742//906
f 6742//906 6651//706 6743//309
f 6651//706 6652//731 6744//771
f 6651//706 6744//771 6743//309
f 6652//731 6653//707 6745//707
f 6652//731 6745//707 6744//771
f 6653//707 6654//742 6746//741
f 6653//707 6746//741 6745//707
f 6654//742 6655//742 6746//741
f 6746//741 6655//742 6747//707
f 6655//742 6656//742 6748//742
f 6655//742 6748//742 6747//707
f 6656//742 6657//884 6748//742
f 6748//742 6657//884 6749//722
f 6657//884 6658//1037 6749//722
f 6749//722 6658//1037 6750//704
f 6658//1037 6659//1038 6751//1050
f 6658//1037 6751//1050 6750//704
f 6659//1038 6660//1039 6752//1051
f 6659//1038 6752//1051 6751//1050
f 6660//1039 6661//1040 6752//1051
f 6752//1051 6661//1040 6753//1052
f 6661//1040 6662//1041 6753//1052
f 6753//1052 6662//1041 6754//1053
f 6662//1041 6663//1042 6754//1053
f 6754//1053 6663//1042 6755//1054
f 6663//1042 6664//1043 6755//1054
f 6755//1054 6664//1043 6756//1055
f 6664//1043 6665//1044 6756//1055
f 6756//1055 6665//1044 6757//1056
f 6665//1044 6666//1045 6757//1056
f 6758//1057 6667//1046 6759//1058
f 6667//1046 6668//1047 6759//1058
f 6759//1058 6668//1047 6760//1059
f 6668//1047 6669//1048 6761//1060
f 6668//1047 6761//1060 6760//1059
f 6669//1048 6670//550 6761//1060
f 6761//1060 6670//550 6762//537
f 6670//550 6671//537 6762//537
f 6762//537 6671//537 6763//537
f 6671//537 6672//611 6763//537
f 6763//537 6672//611 6764//605
f 6672//611 6673//526 6764//605
f 6764//605 6673//526 6765//605
f 6673//526 6674//537 6765//605
f 6765//605 6674//537 6766//537
f 6674//537 6675//537 6766//537
f 6766//537 6675//537 6767//537
f 6675//537 6676//537 6767//537
f 6767//537 6676//537 6768//526
f 6676//537 6677//536 6768//526
f 6768//526 6677//536 6769//570
f 6677//536 6678//537 6769//570
f 6769//570 6678//537 6770//537
f 6678//537 6679//572 6770//537
f 6770//537 6679//572 6771//550
f 6679//572 6680//549 6771//550
f 6771//550 6680//549 6772//904
f 6680//549 6681//682 6772//904
f 6772//904 6681//682 6773//783
f 6681//682 6682//1049 6773//783
f 6773//783 6682//1049 6774//858
f 6682//1049 6683//807 6774//858
f 6774//858 6683//807 6775//858
f 6683//807 6684//806 6775//858
f 6775//858 6684//806 6776//831
f 6684//806 6685//807 6776//831
f 6776//831 6685//807 6777//806
f 6685//807 6686//858 6777//806
f 6777//806 6686//858 6778//831
f 6686//858 6687//980 6778//831
f 6778//831 6687//980 6779//980
f 6687//980 6688//807 6779//980
f 6779//980 6688//807 6780//858
f 6688//807 6689//309 6780//858
f 6780//858 6689//309 6781//806
f 6689//309 6690//703 6781//806
f 6781//806 6690//703 6782//730
f 6690//703 6691//730 6782//730
f 6782//730 6691//730 6783//703
f 6691//730 6692//806 6783//703
f 6783//703 6692//806 6784//309
f 6692//806 6693//309 6784//309
f 6784//309 6693//309 6785//806
f 6693//309 6694//703 6785//806
f 6785//806 6694//703 6786//730
f 6694//703 6695//719 6786//730
f 6786//730 6695//719 6787//703
f 6695//719 6696//730 6787//703
f 6787//703 6696//730 6788//309
f 6696//730 6697//309 6788//309
f 6788//309 6697//309 6789//309
f 6697//309 6698//309 6789//309
f 6789//309 6698//309 6790//730
f 6698//309 6699//730 6790//730
f 6790//730 6699//730 6791//730
f 6699//730 6700//730 6791//730
f 6791//730 6700//730 6792//309
f 6700//730 6701//309 6792//309
f 6792//309 6701//309 6793//309
f 6701//309 6702//309 6793//309
f 6793//309 6702//309 6794//730
f 6702//309 6703//730 6794//730
f 6794//730 6703//730 6795//730
f 6703//730 6704//730 6795//730
f 6795//730 6704//730 6796//309
f 6704//730 6705//309 6796//309
f 6796//309 6705//309 6797//309
f 6705//309 6706//309 6797//309
f 6797//309 6706//309 6798//730
f 6706//309 6707//730 6798//730
f 6798//730 6707//730 6799//730
f 6707//730 6708//730 6799//730
f 6799//730 6708//730 6800//309
f 6708//730 6709//309 6800//309
f 6800//309 6709//309 6801//730
f 6709//309 6710//730 6801//730
f 6801//730 6710//730 6802//730
f 6710//730 6711//730 6802//730
f 6802//730 6711//730 6803//703
f 6711//730 6712//309 6803//703
f 6803//703 6712//309 6804//705
f 6712//309 6713//730 6804//705
f 6804//705 6713//730 6805//730
f 6713//730 6714//705 6805//730
f 6805//730 6714//705 6806//309
f 6714//705 6715//704 6806//309
f 6806//309 6715//704 6807//309
f 6715//704 6716//703 6807//309
f 6807//309 6716//703 6808//703
f 6716//703 6717//309 6808//703
f 6808//703 6717//309 6809//704
f 6717//309 6718//309 6809//704
f 6809//704 6718//309 6810//704
f 6718//309 6719//309 6810//704
f 6810//704 6719//309 6811//704
f 6719//309 6720//309 6811//704
f 6811//704 6720//309 6812//704
f 6720//309 6721//309 6812//704
f 6812//704 6721//309 6813//704
f 6721//309 6722//309 6813//704
f 6813//704 6722//309 6814//704
f 6722//309 6723//309 6814//704
f 6814//704 6723//309 6815//808
f 6723//309 6724//309 6815//808
f 6815//808 6724//309 6816//309
f 6724//309 6725//867 6816//309
f 6816//309 6725//867 6817//309
f 6725//867 6726//309 6817//309
f 6817//309 6726//309 6818//867
f 6726//309 6727//771 6818//867
f 6818//867 6727//771 6819//309
f 6727//771 6728//706 6820//808
f 6727//771 6820//808 6819//309
f 6728//706 6729//704 6820//808
f 6820//808 6729//704 6821//704
f 6729//704 6730//808 6821//704
f 6821//704 6730//808 6822//706
f 6730//808 6731//982 6823//755
f 6730//808 6823//755 6822//706
f 6731//982 6732//917 6824//756
f 6731//982 6824//756 6823//755
f 6732//917 6733//808 6824//756
f 6824//756 6733//808 6825//706
f 6733//808 6734//309 6826//706
f 6733//808 6826//706 6825//706
f 6734//309 6735//808 6826//706
f 6826//706 6735//808 6827//704
f 6735//808 6736//706 6827//704
f 6827//704 6736//706 6828//732
f 6736//706 6737//706 6829//756
f 6736//706 6829//756 6828//732
f 6737//706 6738//732 6829//756
f 6829//756 6738//732 6830//706
f 6738//732 6739//755 6831//755
f 6738//732 6831//755 6830//706
f 6739//755 6740//707 6832//756
f 6739//755 6832//756 6831//755
f 6740//707 6741//731 6832//756
f 6832//756 6741//731 6833//706
f 6741//731 6742//906 6834//842
f 6741//731 6834//842 6833//706
f 6742//906 6743//309 6835//771
f 6742//906 6835//771 6834//842
f 6743//309 6744//771 6835//771
f 6835//771 6744//771 6836//309
f 6744//771 6745//707 6837//808
f 6744//771 6837//808 6836//309
f 6745//707 6746//741 6837//808
f 6837//808 6746//741 6838//706
f 6746//741 6747//707 6839//707
f 6746//741 6839//707 6838//706
f 6747//707 6748//742 6840//721
f 6747//707 6840//721 6839//707
f 6748//742 6749//722 6840//721
f 6840//721 6749//722 6841//742
f 6749//722 6750//704 6842//706
f 6749//722 6842//706 6841//742
f 6750//704 6751//1050 6842//706
f 6842//706 6751//1050 6843//1061
f 6751//1050 6752//1051 6843//1061
f 6843//1061 6752//1051 6844//1062
f 6752//1051 6753//1052 6844//1062
f 6844//1062 6753//1052 6845//1063
f 6753//1052 6754//1053 6845//1063
f 6845//1063 6754//1053 6846//1064
f 6754//1053 6755//1054 6847//1065
f 6754//1053 6847//1065 6846//1064
f 6755//1054 6756//1055 6847//1065
f 6847//1065 6756//1055 6848//1066
f 6756//1055 6757//1056 6848//1066
f 6758//1057 6759//1058 6849//1067
f 6759//1058 6760//1059 6850//1068
f 6759//1058 6850//1068 6849//1067
f 6760//1059 6761//1060 6851//552
f 6760//1059 6851//552 6850//1068
f 6761//1060 6762//537 6851//552
f 6851//552 6762//537 6852//1069
f 6762//537 6763//537 6852//1069
f 6852//1069 6763//537 6853//537
f 6763//537 6764//605 6853//537
f 6853//537 6764//605 6854//611
f 6764//605 6765//605 6854//611
f 6854//611 6765//605 6855//309
f 6765//605 6766//537 6855//309
f 6855//309 6766//537 6856//549
f 6766//537 6767//537 6856//549
f 6856//549 6767//537 6857//581
f 6767//537 6768//526 6857//581
f 6857//581 6768//526 6858//537
f 6768//526 6769//570 6858//537
f 6858//537 6769//570 6859//537
f 6769//570 6770//537 6859//537
f 6859//537 6770//537 6860//536
f 6770//537 6771//550 6860//536
f 6860//536 6771//550 6861//550
f 6771//550 6772//904 6861//550
f 6861//550 6772//904 6862//783
f 6772//904 6773//783 6862//783
f 6862//783 6773//783 6863//795
f 6773//783 6774//858 6863//795
f 6863//795 6774//858 6864//831
f 6774//858 6775//858 6864//831
f 6864//831 6775//858 6865//807
f 6775//858 6776//831 6865//807
f 6865//807 6776//831 6866//807
f 6776//831 6777//806 6866//807
f 6866//807 6777//806 6867//806
f 6777//806 6778//831 6867//806
f 6867//806 6778//831 6868//807
f 6778//831 6779//980 6868//807
f 6868//807 6779//980 6869//858
f 6779//980 6780//858 6869//858
f 6869//858 6780//858 6870//858
f 6780//858 6781//806 6870//858
f 6870//858 6781//806 6871//831
f 6781//806 6782//730 6871//831
f 6871//831 6782//730 6872//806
f 6782//730 6783//703 6872//806
f 6872//806 6783//703 6873//309
f 6783//703 6784//309 6873//309
f 6873//309 6784//309 6874//309
f 6784//309 6785//806 6874//309
f 6874//309 6785//806 6875//831
f 6785//806 6786//730 6875//831
f 6875//831 6786//730 6876//806
f 6786//730 6787//703 6876//806
f 6876//806 6787//703 6877//309
f 6787//703 6788//309 6877//309
f 6877//309 6788//309 6878//309
f 6788//309 6789//309 6878//309
f 6878//309 6789//309 6879//730
f 6789//309 6790//730 6879//730
f 6879//730 6790//730 6880//730
f 6790//730 6791//730 6880//730
f 6880//730 6791//730 6881//309
f 6791//730 6792//309 6881//309
f 6881//309 6792//309 6882//309
f 6792//309 6793//309 6882//309
f 6882//309 6793//309 6883//730
f 6793//309 6794//730 6883//730
f 6883//730 6794//730 6884//730
f 6794//730 6795//730 6884//730
f 6884//730 6795//730 6885//309
f 6795//730 6796//309 6885//309
f 6885//309 6796//309 6886//309
f 6796//309 6797//309 6886//309
f 6886//309 6797//309 6887//730
f 6797//309 6798//730 6887//730
f 6887//730 6798//730 6888//730
f 6798//730 6799//730 6888//730
f 6888//730 6799//730 6889//309
f 6799//730 6800//309 6889//309
f 6889//309 6800//309 6890//730
f 6800//309 6801//730 6890//730
f 6890//730 6801//730 6891//730
f 6801//730 6802//730 6891//730
f 6891//730 6802//730 6892//730
f 6802//730 6803//703 6892//730
f 6892//730 6803//703 6893//705
f 6803//703 6804//705 6893//705
f 6893//705 6804//705 6894//703
f 6804//705 6805//730 6894//703
f 6894//703 6805//730 6895//309
f 6805//730 6806//309 6895//309
f 6895//309 6806//309 6896//309
f 6806//309 6807//309 6896//309
f 6896//309 6807//309 6897//730
f 6807//309 6808//703 6897//730
f 6897//730 6808//703 6898//705
f 6808//703 6809//704 6898//705
f 6898//705 6809//704 6899//704
f 6809//704 6810//704 6899//704
f 6899//704 6810//704 6900//704
f 6810//704 6811//704 6900//704
f 6900//704 6811//704 6901//704
f 6811//704 6812//704 6901//704
f 6901//704 6812//704 6902//704
f 6812//704 6813//704 6902//704
f 6902//704 6813//704 6903//704
f 6813//704 6814//704 6903//704
f 6903//704 6814//704 6904//704
f 6814//704 6815//808 6904//704
f 6904//704 6815//808 6905//706
f 6815//808 6816//309 6906//706
f 6815//808 6906//706 6905//706
f 6816//309 6817//309 6906//706
f 6906//706 6817//309 6907//719
f 6817//309 6818//867 6907//719
f 6907//719 6818//867 6908//916
f 6818//867 6819//309 6909//906
f 6818//867 6909//906 6908//916
f 6819//309 6820//808 6909//906
f 6909//906 6820//808 6910//309
f 6820//808 6821//704 6910//309
f 6910//309 6821//704 6911//309
f 6821//704 6822//706 6911//309
f 6911//309 6822//706 6912//309
f 6822//706 6823//755 6913//771
f 6822//706 6913//771 6912//309
f 6823//755 6824//756 6914//706
f 6823//755 6914//706 6913//771
f 6824//756 6825//706 6914//706
f 6914//706 6825//706 6915//732
f 6825//706 6826//706 6916//732
f 6825//706 6916//732 6915//732
f 6826//706 6827//704 6916//732
f 6916//732 6827//704 6917//704
f 6827//704 6828//732 6917//704
f 6917//704 6828//732 6918//706
f 6828//732 6829//756 6919//771
f 6828//732 6919//771 6918//706
f 6829//756 6830//706 6919//771
f 6919//771 6830//706 6920//309
f 6830//706 6831//755 6921//771
f 6830//706 6921//771 6920//309
f 6831//755 6832//756 6922//706
f 6831//755 6922//706 6921//771
f 6832//756 6833//706 6922//706
f 6922//706 6833//706 6923//732
f 6833//706 6834//842 6924//755
f 6833//706 6924//755 6923//732
f 6834//842 6835//771 6925//842
f 6834//842 6925//842 6924//755
f 6835//771 6836//309 6926//706
f 6835//771 6926//706 6925//842
f 6836//309 6837//808 6926//706
f 6926//706 6837//808 6927//704
f 6837//808 6838//706 6927//704
f 6927//704 6838//706 6928//720
f 6838//706 6839//707 6929//741
f 6838//706 6929//741 6928//720
f 6839//707 6840//721 6929//741
f 6929//741 6840//721 6930//720
f 6840//721 6841//742 6930//720
f 6930//720 6841//742 6931//917
f 6841//742 6842//706 6932//1070
f 6841//742 6932//1070 6931//917
f 6842//706 6843//1061 6932//1070
f 6932//1070 6843//1061 6933//1071
f 6843//1061 6844//1062 6933//1071
f 6933//1071 6844//1062 6934//1072
f 6844//1062 6845//1063 6934//1072
f 6849//1067 6850//1068 6935//1073
f 6850//1068 6851//552 6936//1074
f 6850//1068 6936//1074 6935//1073
f 6851//552 6852//1069 6937//551
f 6851//552 6937//551 6936//1074
f 6852//1069 6853//537 6937//551
f 6937//551 6853//537 6938//537
f 6853//537 6854//611 6938//537
f 6938//537 6854//611 6939//527
f 6854//611 6855//309 6939//527
f 6939//527 6855//309 6940//605
f 6855//309 6856//549 6940//605
f 6940//605 6856//549 6941//537
f 6856//549 6857//581 6941//537
f 6941//537 6857//581 6942//570
f 6857//581 6858//537 6942//570
f 6942//570 6858//537 6943//537
f 6858//537 6859//537 6943//537
f 6943//537 6859//537 6944//309
f 6859//537 6860//536 6944//309
f 6944//309 6860//536 6945//550
f 6860//536 6861//550 6945//550
f 6945//550 6861//550 6946//1075
f 6861//550 6862//783 6946//1075
f 6946//1075 6862//783 6947//682
f 6862//783 6863//795 6947//682
f 6947//682 6863//795 6948//730
f 6863//795 6864//831 6948//730
f 6948//730 6864//831 6949//730
f 6864//831 6865//807 6949//730
f 6949//730 6865//807 6950//807
f 6865//807 6866//807 6950//807
f 6950//807 6866//807 6951//806
f 6866//807 6867//806 6951//806
f 6951//806 6867//806 6952//807
f 6867//806 6868//807 6952//807
f 6952//807 6868//807 6953//806
f 6868//807 6869//858 6953//806
f 6953//806 6869//858 6954//831
f 6869//858 6870//858 6954//831
f 6954//831 6870//858 6955//807
f 6870//858 6871//831 6955//807
f 6955//807 6871//831 6956//807
f 6871//831 6872//806 6956//807
f 6956//807 6872//806 6957//309
f 6872//806 6873//309 6957//309
f 6957//309 6873//309 6958//309
f 6873//309 6874//309 6958//309
f 6958//309 6874//309 6959//730
f 6874//309 6875//831 6959//730
f 6959//730 6875//831 6960//730
f 6875//831 6876//806 6960//730
f 6960//730 6876//806 6961//309
f 6876//806 6877//309 6961//309
f 6961//309 6877//309 6962//309
f 6877//309 6878//309 6962//309
f 6962//309 6878//309 6963//730
f 6878//309 6879//730 6963//730
f 6963//730 6879//730 6964//730
f 6879//730 6880//730 6964//730
f 6964//730 6880//730 6965//309
f 6880//730 6881//309 6965//309
f 6965//309 6881//309 6966//309
f 6881//309 6882//309 6966//309
f 6966//309 6882//309 6967//730
f 6882//309 6883//730 6967//730
f 6967//730 6883//730 6968//730
f 6883//730 6884//730 6968//730
f 6968//730 6884//730 6969//309
f 6884//730 6885//309 6969//309
f 6969//309 6885//309 6970//309
f 6885//309 6886//309 6970//309
f 6970//309 6886//309 6971//730
f 6886//309 6887//730 6971//730
f 6971//730 6887//730 6972//730
f 6887//730 6888//730 6972//730
f 6972//730 6888//730 6973//309
f 6888//730 6889//309 6973//309
f 6973//309 6889//309 6974//730
f 6889//309 6890//730 6974//730
f 6974//730 6890//730 6975//730
f 6890//730 6891//730 6975//730
f 6975//730 6891//730 6976//806
f 6891//730 6892//730 6976//806
f 6976//806 6892//730 6977//807
f 6892//730 6893//705 6977//807
f 6977//807 6893//705 6978//309
f 6893//705 6894//703 6978//309
f 6978//309 6894//703 6979//309
f 6894//703 6895//309 6979//309
f 6979//309 6895//309 6980//309
f 6895//309 6896//309 6980//309
f 6980//309 6896//309 6981//730
f 6896//309 6897//730 6981//730
f 6981//730 6897//730 6982//730
f 6897//730 6898//705 6982//730
f 6982//730 6898//705 6983//309
f 6898//705 6899//704 6983//309
f 6983//309 6899//704 6984//309
f 6899//704 6900//704 6984//309
f 6984//309 6900//704 6985//309
f 6900//704 6901//704 6985//309
f 6985//309 6901//704 6986//309
f 6901//704 6902//704 6986//309
f 6986//309 6902//704 6987//309
f 6902//704 6903//704 6987//309
f 6987//309 6903//704 6988//309
f 6903//704 6904//704 6988//309
f 6988//309 6904//704 6989//309
f 6904//704 6905//706 6989//309
f 6989//309 6905//706 6990//309
f 6905//706 6906//706 6991//808
f 6905//706 6991//808 6990//309
f 6906//706 6907//719 6991//808
f 6991//808 6907//719 6992//703
f 6907//719 6908//916 6992//703
f 6992//703 6908//916 6993//309
f 6908//916 6909//906 6994//771
f 6908//916 6994//771 6993//309
f 6909//906 6910//309 6995//706
f 6909//906 6995//706 6994//771
f 6910//309 6911//309 6995//706
f 6995//706 6911//309 6996//704
f 6911//309 6912//309 6996//704
f 6996//704 6912//309 6997//808
f 6912//309 6913//771 6997//808
f 6997//808 6913//771 6998//309
f 6913//771 6914//706 6999//808
f 6913//771 6999//808 6998//309
f 6914//706 6915//732 6999//808
f 6999//808 6915//732 7000//706
f 6915//732 6916//732 7001//706
f 6915//732 7001//706 7000//706
f 6916//732 6917//704 7001//706
f 7001//706 6917//704 7002//808
f 6917//704 6918//706 7002//808
f 7002//808 6918//706 7003//309
f 6918//706 6919//771 7004//906
f 6918//706 7004//906 7003//309
f 6919//771 6920//309 7005//771
f 6919//771 7005//771 7004//906
f 6920//309 6921//771 7005//771
f 7005//771 6921//771 7006//309
f 6921//771 6922//706 7007//808
f 6921//771 7007//808 7006//309
f 6922//706 6923//732 7007//808
f 7007//808 6923//732 7008//917
f 6923//732 6924//755 7009//982
f 6923//732 7009//982 7008//917
f 6924//755 6925//842 7010//906
f 6924//755 7010//906 7009//982
f 6925//842 6926//706 7011//742
f 6925//842 7011//742 7010//906
f 6926//706 6927//704 7011//742
f 7011//742 6927//704 7012//1076
f 6927//704 6928//720 7012//1076
f 7012//1076 6928//720 7013//1077
f 6928//720 6929//741 7013//1077
f 7013//1077 6929//741 7014//1078
f 6929//741 6930//720 7015//1079
f 6929//741 7015//1079 7014//1078
f 6930//720 6931//917 7015//1079
f 7015//1079 6931//917 7016//1080
f 6931//917 6932//1070 7016//1080
f 7016//1080 6932//1070 7017//1081
f 6932//1070 6933//1071 7017//1081
f 6935//1073 6936//1074 7018//1082
f 6936//1074 6937//551 7019//1083
f 6936//1074 7019//1083 7018//1082
f 6937//551 6938//537 7019//1083
f 7019//1083 6938//537 7020//537
f 6938//537 6939//527 7020//537
f 7020//537 6939//527 7021//538
f 6939//527 6940//605 7021//538
f 7021//538 6940//605 7022//583
f 6940//605 6941//537 7022//583
f 7022//583 6941//537 7023//537
f 6941//537 6942//570 7023//537
f 7023//537 6942//570 7024//537
f 6942//570 6943//537 7024//537
f 7024//537 6943//537 7025//526
f 6943//537 6944//309 7025//526
f 7025//526 6944//309 7026//605
f 6944//309 6945//550 7026//605
f 7026//605 6945//550 7027//879
f 6945//550 6946//1075 7027//879
f 7027//879 6946//1075 7028//783
f 6946//1075 6947//682 7028//783
f 7028//783 6947//682 7029//806
f 6947//682 6948//730 7029//806
f 7029//806 6948//730 7030//807
f 6948//730 6949//730 7030//807
f 7030//807 6949//730 7031//806
f 6949//730 6950//807 7031//806
f 7031//806 6950//807 7032//807
f 6950//807 6951//806 7032//807
f 7032//807 6951//806 7033//806
f 6951//806 6952//807 7033//806
f 7033//806 6952//807 7034//807
f 6952//807 6953//806 7034//807
f 7034//807 6953//806 7035//806
f 6953//806 6954//831 7035//806
f 7035//806 6954//831 7036//807
f 6954//831 6955//807 7036//807
f 7036//807 6955//807 7037//858
f 6955//807 6956//807 7037//858
f 7037//858 6956//807 7038//858
f 6956//807 6957//309 7038//858
f 7038//858 6957//309 7039//309
f 6957//309 6958//309 7039//309
f 7039//309 6958//309 7040//730
f 6958//309 6959//730 7040//730
f 7040//730 6959//730 7041//730
f 6959//730 6960//730 7041//730
f 7041//730 6960//730 7042//309
f 6960//730 6961//309 7042//309
f 7042//309 6961//309 7043//309
f 6961//309 6962//309 7043//309
f 7043//309 6962//309 7044//806
f 6962//309 6963//730 7044//806
f 7044//806 6963//730 7045//807
f 6963//730 6964//730 7045//807
f 7045//807 6964//730 7046//309
f 6964//730 6965//309 7046//309
f 7046//309 6965//309 7047//309
f 6965//309 6966//309 7047//309
f 7047//309 6966//309 7048//730
f 6966//309 6967//730 7048//730
f 7048//730 6967//730 7049//730
f 6967//730 6968//730 7049//730
f 7049//730 6968//730 7050//309
f 6968//730 6969//309 7050//309
f 7050//309 6969//309 7051//309
f 6969//309 6970//309 7051//309
f 7051//309 6970//309 7052//730
f 6970//309 6971//730 7052//730
f 7052//730 6971//730 7053//730
f 6971//730 6972//730 7053//730
f 7053//730 6972//730 7054//309
f 6972//730 6973//309 7054//309
f 7054//309 6973//309 7055//730
f 6973//309 6974//730 7055//730
f 7055//730 6974//730 7056//730
f 6974//730 6975//730 7056//730
f 7056//730 6975//730 7057//309
f 6975//730 6976//806 7057//309
f 7057//309 6976//806 7058//831
f 6976//806 6977//807 7058//831
f 7058//831 6977//807 7059//806
f 6977//807 6978//309 7059//806
f 7059//806 6978//309 7060//309
f 6978//309 6979//309 7060//309
f 7060//309 6979//309 7061//703
f 6979//309 6980//309 7061//703
f 7061//703 6980//309 7062//719
f 6980//309 6981//730 7062//719
f 7062//719 6981//730 7063//730
f 6981//730 6982//730 7063//730
f 7063//730 6982//730 7064//309
f 6982//730 6983//309 7064//309
f 7064//309 6983//309 7065//309
f 6983//309 6984//309 7065//309
f 7065//309 6984//309 7066//309
f 6984//309 6985//309 7066//309
f 7066//309 6985//309 7067//309
f 6985//309 6986//309 7067//309
f 7067//309 6986//309 7068//309
f 6986//309 6987//309 7068//309
f 7068//309 6987//309 7069//309
f 6987//309 6988//309 7069//309
f 7069//309 6988//309 7070//309
f 6988//309 6989//309 7070//309
f 7070//309 6989//309 7071//309
f 6989//309 6990//309 7071//309
f 7071//309 6990//309 7072//309
f 6990//309 6991//808 7072//309
f 7072//309 6991//808 7073//309
f 6991//808 6992//703 7073//309
f 7073//309 6992//703 7074//309
f 6992//703 6993//309 7074//309
f 7074//309 6993//309 7075//309
f 6993//309 6994//771 7075//309
f 7075//309 6994//771 7076//309
f 6994//771 6995//706 7077//808
f 6994//771 7077//808 7076//309
f 6995//706 6996//704 7077//808
f 7077//808 6996//704 7078//704
f 6996//704 6997//808 7078//704
f 7078//704 6997//808 7079//706
f 6997//808 6998//309 7080//906
f 6997//808 7080//906 7079//706
f 6998//309 6999//808 7080//906
f 7080//906 6999//808 7081//309
f 6999//808 7000//706 7081//309
f 7081//309 7000//706 7082//309
f 7000//706 7001//706 7083//808
f 7000//706 7083//808 7082//309
f 7001//706 7002//808 7083//808
f 7083//808 7002//808 7084//706
f 7002//808 7003//309 7085//771
f 7002//808 7085//771 7084//706
f 7003//309 7004//906 7085//771
f 7085//771 7004//906 7086//309
f 7004//906 7005//771 7087//771
f 7004//906 7087//771 7086//309
f 7005//771 7006//309 7088//706
f 7005//771 7088//706 7087//771
f 7006//309 7007//808 7088//706
f 7088//706 7007//808 7089//808
f 7007//808 7008//917 7089//808
f 7089//808 7008//917 7090//908
f 7008//917 7009//982 7090//908
f 7090//908 7009//982 7091//981
f 7009//982 7010//906 7091//981
f 7091//981 7010//906 7092//309
f 7010//906 7011//742 7093//1084
f 7010//906 7093//1084 7092//309
f 7011//742 7012//1076 7093//1084
f 7093//1084 7012//1076 7094//1085
f 7012//1076 7013//1077 7094//1085
f 7094//1085 7013//1077 7095//1086
f 7013//1077 7014//1078 7095//1086
f 7095//1086 7014//1078 7096//1087
f 7014//1078 7015//1079 7097//1088
f 7014//1078 7097//1088 7096//1087
f 7015//1079 7016//1080 7098//1089
f 7015//1079 7098//1089 7097//1088
f 7016//1080 7017//1081 7098//1089
f 7099//1090 7018//1082 7100//1091
f 7018//1082 7019//1083 7100//1091
f 7100//1091 7019//1083 7101//760
f 7019//1083 7020//537 7101//760
f 7101//760 7020//537 7102//550
f 7020//537 7021//538 7102//550
f 7102//550 7021//538 7103//646
f 7021//538 7022//583 7104//775
f 7021//538 7104//775 7103//646
f 7022//583 7023//537 7104//775
f 7104//775 7023//537 7105//537
f 7023//537 7024//537 7105//537
f 7105//537 7024//537 7106//570
f 7024//537 7025//526 7106//570
f 7106//570 7025//526 7107//596
f 7025//526 7026//605 7107//596
f 7107//596 7026//605 7108//611
f 7026//605 7027//879 7108//611
f 7108//611 7027//879 7109//819
f 7027//879 7028//783 7109//819
f 7109//819 7028//783 7110//819
f 7028//783 7029//806 7110//819
f 7110//819 7029//806 7111//831
f 7029//806 7030//807 7111//831
f 7111//831 7030//807 7112//806
f 7030//807 7031//806 7112//806
f 7112//806 7031//806 7113//831
f 7031//806 7032//807 7113//831
f 7113//831 7032//807 7114//806
f 7032//807 7033//806 7114//806
f 7114//806 7033//806 7115//858
f 7033//806 7034//807 7115//858
f 7115//858 7034//807 7116//858
f 7034//807 7035//806 7116//858
f 7116//858 7035//806 7117//831
f 7035//806 7036//807 7117//831
f 7117//831 7036//807 7118//806
f 7036//807 7037//858 7118//806
f 7118//806 7037//858 7119//807
f 7037//858 7038//858 7119//807
f 7119//807 7038//858 7120//806
f 7038//858 7039//309 7120//806
f 7120//806 7039//309 7121//730
f 7039//309 7040//730 7121//730
f 7121//730 7040//730 7122//730
f 7040//730 7041//730 7122//730
f 7122//730 7041//730 7123//309
f 7041//730 7042//309 7123//309
f 7123//309 7042//309 7124//309
f 7042//309 7043//309 7124//309
f 7124//309 7043//309 7125//703
f 7043//309 7044//806 7125//703
f 7125//703 7044//806 7126//730
f 7044//806 7045//807 7126//730
f 7126//730 7045//807 7127//806
f 7045//807 7046//309 7127//806
f 7127//806 7046//309 7128//309
f 7046//309 7047//309 7128//309
f 7128//309 7047//309 7129//730
f 7047//309 7048//730 7129//730
f 7129//730 7048//730 7130//730
f 7048//730 7049//730 7130//730
f 7130//730 7049//730 7131//309
f 7049//730 7050//309 7131//309
f 7131//309 7050//309 7132//309
f 7050//309 7051//309 7132//309
f 7132//309 7051//309 7133//730
f 7051//309 7052//730 7133//730
f 7133//730 7052//730 7134//730
f 7052//730 7053//730 7134//730
f 7134//730 7053//730 7135//309
f 7053//730 7054//309 7135//309
f 7135//309 7054//309 7136//806
f 7054//309 7055//730 7136//806
f 7136//806 7055//730 7137//807
f 7055//730 7056//730 7137//807
f 7137//807 7056//730 7138//309
f 7056//730 7057//309 7138//309
f 7138//309 7057//309 7139//730
f 7057//309 7058//831 7139//730
f 7139//730 7058//831 7140//730
f 7058//831 7059//806 7140//730
f 7140//730 7059//806 7141//309
f 7059//806 7060//309 7141//309
f 7141//309 7060//309 7142//730
f 7060//309 7061//703 7142//730
f 7142//730 7061//703 7143//705
f 7061//703 7062//719 7143//705
f 7143//705 7062//719 7144//703
f 7062//719 7063//730 7144//703
f 7144//703 7063//730 7145//309
f 7063//730 7064//309 7145//309
f 7145//309 7064//309 7146//309
f 7064//309 7065//309 7146//309
f 7146//309 7065//309 7147//309
f 7065//309 7066//309 7147//309
f 7147//309 7066//309 7148//703
f 7066//309 7067//309 7148//703
f 7148//703 7067//309 7149//704
f 7067//309 7068//309 7149//704
f 7149//704 7068//309 7150//704
f 7068//309 7069//309 7150//704
f 7150//704 7069//309 7151//704
f 7069//309 7070//309 7151//704
f 7151//704 7070//309 7152//704
f 7070//309 7071//309 7152//704
f 7152//704 7071//309 7153//704
f 7071//309 7072//309 7153//704
f 7153//704 7072//309 7154//808
f 7072//309 7073//309 7154//808
f 7154//808 7073//309 7155//309
f 7073//309 7074//309 7155//309
f 7155//309 7074//309 7156//309
f 7074//309 7075//309 7156//309
f 7156//309 7075//309 7157//309
f 7075//309 7076//309 7157//309
f 7157//309 7076//309 7158//309
f 7076//309 7077//808 7158//309
f 7158//309 7077//808 7159//309
f 7077//808 7078//704 7159//309
f 7159//309 7078//704 7160//309
f 7078//704 7079//706 7160//309
f 7160//309 7079//706 7161//309
f 7079//706 7080//906 7162//771
f 7079//706 7162//771 7161//309
f 7080//906 7081//309 7163//771
f 7080//906 7163//771 7162//771
f 7081//309 7082//309 7163//771
f 7163//771 7082//309 7164//309
f 7082//309 7083//808 7164//309
f 7164//309 7083//808 7165//309
f 7083//808 7084//706 7165//309
f 7165//309 7084//706 7166//309
f 7084//706 7085//771 7167//906
f 7084//706 7167//906 7166//309
f 7085//771 7086//309 7168//771
f 7085//771 7168//771 7167//906
f 7086//309 7087//771 7168//771
f 7168//771 7087//771 7169//309
f 7087//771 7088//706 7170//808
f 7087//771 7170//808 7169//309
f 7088//706 7089//808 7170//808
f 7170//808 7089//808 7171//1092
f 7089//808 7090//908 7172//1093
f 7089//808 7172//1093 7171//1092
f 7090//908 7091//981 7173//1094
f 7090//908 7173//1094 7172//1093
f 7091//981 7092//309 7174//1095
f 7091//981 7174//1095 7173//1094
f 7092//309 7093//1084 7174//1095
f 7174//1095 7093//1084 7175//1096
f 7093//1084 7094//1085 7175//1096
f 7099//1090 7100//1091 7176//1097
f 7100//1091 7101//760 7177//1098
f 7100//1091 7177//1098 7176//1097
f 7101//760 7102//550 7177//1098
f 7177//1098 7102//550 7178//550
f 7102//550 7103//646 7178//550
f 7178//550 7103//646 7179//1099
f 7103//646 7104//775 7180//763
f 7103//646 7180//763 7179//1099
f 7104//775 7105//537 7180//763
f 7180//763 7105//537 7181//537
f 7105//537 7106//570 7181//537
f 7181//537 7106//570 7182//537
f 7106//570 7107//596 7182//537
f 7182//537 7107//596 7183//674
f 7107//596 7108//611 7183//674
f 7183//674 7108//611 7184//675
f 7108//611 7109//819 7184//675
f 7184//675 7109//819 7185//682
f 7109//819 7110//819 7185//682
f 7185//682 7110//819 7186//894
f 7110//819 7111//831 7186//894
f 7186//894 7111//831 7187//730
f 7111//831 7112//806 7187//730
f 7187//730 7112//806 7188//730
f 7112//806 7113//831 7188//730
f 7188//730 7113//831 7189//730
f 7113//831 7114//806 7189//730
f 7189//730 7114//806 7190//703
f 7114//806 7115//858 7190//703
f 7190//703 7115//858 7191//730
f 7115//858 7116//858 7191//730
f 7191//730 7116//858 7192//807
f 7116//858 7117//831 7192//807
f 7192//807 7117//831 7193//807
f 7117//831 7118//806 7193//807
f 7193//807 7118//806 7194//806
f 7118//806 7119//807 7194//806
f 7194//806 7119//807 7195//807
f 7119//807 7120//806 7195//807
f 7195//807 7120//806 7196//806
f 7120//806 7121//730 7196//806
f 7196//806 7121//730 7197//807
f 7121//730 7122//730 7197//807
f 7197//807 7122//730 7198//309
f 7122//730 7123//309 7198//309
f 7198//309 7123//309 7199//309
f 7123//309 7124//309 7199//309
f 7199//309 7124//309 7200//730
f 7124//309 7125//703 7200//730
f 7200//730 7125//703 7201//705
f 7125//703 7126//730 7201//705
f 7201//705 7126//730 7202//703
f 7126//730 7127//806 7202//703
f 7202//703 7127//806 7203//309
f 7127//806 7128//309 7203//309
f 7203//309 7128//309 7204//806
f 7128//309 7129//730 7204//806
f 7204//806 7129//730 7205//831
f 7129//730 7130//730 7205//831
f 7205//831 7130//730 7206//309
f 7130//730 7131//309 7206//309
f 7206//309 7131//309 7207//309
f 7131//309 7132//309 7207//309
f 7207//309 7132//309 7208//730
f 7132//309 7133//730 7208//730
f 7208//730 7133//730 7209//730
f 7133//730 7134//730 7209//730
f 7209//730 7134//730 7210//309
f 7134//730 7135//309 7210//309
f 7210//309 7135//309 7211//309
f 7135//309 7136//806 7211//309
f 7211//309 7136//806 7212//831
f 7136//806 7137//807 7212//831
f 7212//831 7137//807 7213//806
f 7137//807 7138//309 7213//806
f 7213//806 7138//309 7214//730
f 7138//309 7139//730 7214//730
f 7214//730 7139//730 7215//730
f 7139//730 7140//730 7215//730
f 7215//730 7140//730 7216//309
f 7140//730 7141//309 7216//309
f 7216//309 7141//309 7217//730
f 7141//309 7142//730 7217//730
f 7217//730 7142//730 7218//730
f 7142//730 7143//705 7218//730
f 7218//730 7143//705 7219//309
f 7143//705 7144//703 7219//309
f 7219//309 7144//703 7220//309
f 7144//703 7145//309 7220//309
f 7220//309 7145//309 7221//309
f 7145//309 7146//309 7221//309
f 7221//309 7146//309 7222//703
f 7146//309 7147//309 7222//703
f 7222//703 7147//309 7223//719
f 7147//309 7148//703 7223//719
f 7223//719 7148//703 7224//705
f 7148//703 7149//704 7224//705
f 7224//705 7149//704 7225//704
f 7149//704 7150//704 7225//704
f 7225//704 7150//704 7226//704
f 7150//704 7151//704 7226//704
f 7226//704 7151//704 7227//704
f 7151//704 7152//704 7227//704
f 7227//704 7152//704 7228//704
f 7152//704 7153//704 7228//704
f 7228//704 7153//704 7229//704
f 7153//704 7154//808 7229//704
f 7229//704 7154//808 7230//706
f 7154//808 7155//309 7231//706
f 7154//808 7231//706 7230//706
f 7155//309 7156//309 7231//706
f 7231//706 7156//309 7232//808
f 7156//309 7157//309 7232//808
f 7232//808 7157//309 7233//309
f 7157//309 7158//309 7233//309
f 7233//309 7158//309 7234//309
f 7158//309 7159//309 7234//309
f 7234//309 7159//309 7235//309
f 7159//309 7160//309 7235//309
f 7235//309 7160//309 7236//309
f 7160//309 7161//309 7236//309
f 7236//309 7161//309 7237//309
f 7161//309 7162//771 7237//309
f 7237//309 7162//771 7238//309
f 7162//771 7163//771 7239//981
f 7162//771 7239//981 7238//309
f 7163//771 7164//309 7240//868
f 7163//771 7240//868 7239//981
f 7164//309 7165//309 7240//868
f 7240//868 7165//309 7241//309
f 7165//309 7166//309 7241//309
f 7241//309 7166//309 7242//309
f 7166//309 7167//906 7242//309
f 7242//309 7167//906 7243//309
f 7167//906 7168//771 7244//981
f 7167//906 7244//981 7243//309
f 7168//771 7169//309 7245//1100
f 7168//771 7245//1100 7244//981
f 7169//309 7170//808 7245//1100
f 7245//1100 7170//808 7246//1101
f 7170//808 7171//1092 7246//1101
f 7246//1101 7171//1092 7247//1102
f 7171//1092 7172//1093 7248//1103
f 7171//1092 7248//1103 7247//1102
f 7172//1093 7173//1094 7248//1103
f 7248//1103 7173//1094 7249//1104
f 7173//1094 7174//1095 7250//1105
f 7173//1094 7250//1105 7249//1104
f 7174//1095 7175//1096 7250//1105
f 7251//1106 7176//1097 7252//1107
f 7176//1097 7177//1098 7252//1107
f 7252//1107 7177//1098 7253//564
f 7177//1098 7178//550 7253//564
f 7253//564 7178//550 7254//1108
f 7178//550 7179//1099 7254//1108
f 7254//1108 7179//1099 7255//633
f 7179//1099 7180//763 7256//775
f 7179//1099 7256//775 7255//633
f 7180//763 7181//537 7256//775
f 7256//775 7181//537 7257//1109
f 7181//537 7182//537 7257//1109
f 7257//1109 7182//537 7258//1110
f 7182//537 7183//674 7258//1110
f 7258//1110 7183//674 7259//682
f 7183//674 7184//675 7259//682
f 7259//682 7184//675 7260//675
f 7184//675 7185//682 7260//675
f 7260//675 7185//682 7261//1111
f 7185//682 7186//894 7261//1111
f 7261//1111 7186//894 7262//730
f 7186//894 7187//730 7262//730
f 7262//730 7187//730 7263//806
f 7187//730 7188//730 7263//806
f 7263//806 7188//730 7264//807
f 7188//730 7189//730 7264//807
f 7264//807 7189//730 7265//806
f 7189//730 7190//703 7265//806
f 7265//806 7190//703 7266//730
f 7190//703 7191//730 7266//730
f 7266//730 7191//730 7267//703
f 7191//730 7192//807 7267//703
f 7267//703 7192//807 7268//807
f 7192//807 7193//807 7268//807
f 7268//807 7193//807 7269//806
f 7193//807 7194//806 7269//806
f 7269//806 7194//806 7270//831
f 7194//806 7195//807 7270//831
f 7270//831 7195//807 7271//806
f 7195//807 7196//806 7271//806
f 7271//806 7196//806 7272//831
f 7196//806 7197//807 7272//831
f 7272//831 7197//807 7273//806
f 7197//807 7198//309 7273//806
f 7273//806 7198//309 7274//309
f 7198//309 7199//309 7274//309
f 7274//309 7199//309 7275//806
f 7199//309 7200//730 7275//806
f 7275//806 7200//730 7276//807
f 7200//730 7201//705 7276//807
f 7276//807 7201//705 7277//309
f 7201//705 7202//703 7277//309
f 7277//309 7202//703 7278//309
f 7202//703 7203//309 7278//309
f 7278//309 7203//309 7279//309
f 7203//309 7204//806 7279//309
f 7279//309 7204//806 7280//858
f 7204//806 7205//831 7280//858
f 7280//858 7205//831 7281//858
f 7205//831 7206//309 7281//858
f 7281//858 7206//309 7282//309
f 7206//309 7207//309 7282//309
f 7282//309 7207//309 7283//730
f 7207//309 7208//730 7283//730
f 7283//730 7208//730 7284//730
f 7208//730 7209//730 7284//730
f 7284//730 7209//730 7285//309
f 7209//730 7210//309 7285//309
f 7285//309 7210//309 7286//703
f 7210//309 7211//309 7286//703
f 7286//703 7211//309 7287//705
f 7211//309 7212//831 7287//705
f 7287//705 7212//831 7288//730
f 7212//831 7213//806 7288//730
f 7288//730 7213//806 7289//730
f 7213//806 7214//730 7289//730
f 7289//730 7214//730 7290//730
f 7214//730 7215//730 7290//730
f 7290//730 7215//730 7291//309
f 7215//730 7216//309 7291//309
f 7291//309 7216//309 7292//730
f 7216//309 7217//730 7292//730
f 7292//730 7217//730 7293//730
f 7217//730 7218//730 7293//730
f 7293//730 7218//730 7294//309
f 7218//730 7219//309 7294//309
f 7294//309 7219//309 7295//309
f 7219//309 7220//309 7295//309
f 7295//309 7220//309 7296//309
f 7220//309 7221//309 7296//309
f 7296//309 7221//309 7297//806
f 7221//309 7222//703 7297//806
f 7297//806 7222//703 7298//730
f 7222//703 7223//719 7298//730
f 7298//730 7223//719 7299//703
f 7223//719 7224//705 7299//703
f 7299//703 7224//705 7300//309
f 7224//705 7225//704 7300//309
f 7300//309 7225//704 7301//309
f 7225//704 7226//704 7301//309
f 7301//309 7226//704 7302//309
f 7226//704 7227//704 7302//309
f 7302//309 7227//704 7303//309
f 7227//704 7228//704 7303//309
f 7303//309 7228//704 7304//309
f 7228//704 7229//704 7304//309
f 7304//309 7229//704 7305//309
f 7229//704 7230//706 7305//309
f 7305//309 7230//706 7306//309
f 7230//706 7231//706 7307//808
f 7230//706 7307//808 7306//309
f 7231//706 7232//808 7307//808
f 7307//808 7232//808 7308//706
f 7232//808 7233//309 7309//771
f 7232//808 7309//771 7308//706
f 7233//309 7234//309 7309//771
f 7309//771 7234//309 7310//309
f 7234//309 7235//309 7310//309
f 7310//309 7235//309 7311//309
f 7235//309 7236//309 7311//309
f 7311//309 7236//309 7312//309
f 7236//309 7237//309 7312//309
f 7312//309 7237//309 7313//309
f 7237//309 7238//309 7313//309
f 7313//309 7238//309 7314//309
f 7238//309 7239//981 7314//309
f 7314//309 7239//981 7315//1112
f 7239//981 7240//868 7315//1112
f 7315//1112 7240//868 7316//1112
f 7240//868 7241//309 7316//1112
f 7316//1112 7241//309 7317//309
f 7241//309 7242//309 7317//309
f 7317//309 7242//309 7318//1113
f 7242//309 7243//309 7318//1113
f 7318//1113 7243//309 7319//1114
f 7243//309 7244//981 7319//1114
f 7319//1114 7244//981 7320//1115
f 7244//981 7245//1100 7320//1115
f 7320//1115 7245//1100 7321//1116
f 7245//1100 7246//1101 7321//1116
f 7321//1116 7246//1101 7322//1117
f 7246//1101 7247//1102 7322//1117
f 7251//1106 7252//1107 7323//1118
f 7323//1118 7252//1107 7324//1119
f 7252//1107 7253//564 7325//1120
f 7252//1107 7325//1120 7324//1119
f 7253//564 7254//1108 7325//1120
f 7325//1120 7254//1108 7326//1121
f 7254//1108 7255//633 7326//1121
f 7326//1121 7255//633 7327//1122
f 7255//633 7256//775 7328//1123
f 7255//633 7328//1123 7327//1122
f 7256//775 7257//1109 7328//1123
f 7328//1123 7257//1109 7329//704
f 7257//1109 7258//1110 7330//1124
f 7257//1109 7330//1124 7329//704
f 7258//1110 7259//682 7330//1124
f 7330//1124 7259//682 7331//1125
f 7259//682 7260//675 7331//1125
f 7331//1125 7260//675 7332//719
f 7260//675 7261//1111 7332//719
f 7332//719 7261//1111 7333//730
f 7261//1111 7262//730 7333//730
f 7333//730 7262//730 7334//309
f 7262//730 7263//806 7334//309
f 7334//309 7263//806 7335//831
f 7263//806 7264//807 7335//831
f 7335//831 7264//807 7336//806
f 7264//807 7265//806 7336//806
f 7336//806 7265//806 7337//831
f 7265//806 7266//730 7337//831
f 7337//831 7266//730 7338//806
f 7266//730 7267//703 7338//806
f 7338//806 7267//703 7339//730
f 7267//703 7268//807 7339//730
f 7339//730 7268//807 7340//730
f 7268//807 7269//806 7340//730
f 7340//730 7269//806 7341//806
f 7269//806 7270//831 7341//806
f 7341//806 7270//831 7342//807
f 7270//831 7271//806 7342//807
f 7342//807 7271//806 7343//806
f 7271//806 7272//831 7343//806
f 7343//806 7272//831 7344//807
f 7272//831 7273//806 7344//807
f 7344//807 7273//806 7345//309
f 7273//806 7274//309 7345//309
f 7345//309 7274//309 7346//309
f 7274//309 7275//806 7346//309
f 7346//309 7275//806 7347//807
f 7275//806 7276//807 7347//807
f 7347//807 7276//807 7348//806
f 7276//807 7277//309 7348//806
f 7348//806 7277//309 7349//309
f 7277//309 7278//309 7349//309
f 7349//309 7278//309 7350//309
f 7278//309 7279//309 7350//309
f 7350//309 7279//309 7351//309
f 7279//309 7280//858 7351//309
f 7351//309 7280//858 7352//831
f 7280//858 7281//858 7352//831
f 7352//831 7281//858 7353//730
f 7281//858 7282//309 7353//730
f 7353//730 7282//309 7354//719
f 7282//309 7283//730 7354//719
f 7354//719 7283//730 7355//730
f 7283//730 7284//730 7355//730
f 7355//730 7284//730 7356//703
f 7284//730 7285//309 7356//703
f 7356//703 7285//309 7357//719
f 7285//309 7286//703 7357//719
f 7357//719 7286//703 7358//705
f 7286//703 7287//705 7358//705
f 7358//705 7287//705 7359//703
f 7287//705 7288//730 7359//703
f 7359//703 7288//730 7360//730
f 7288//730 7289//730 7360//730
f 7360//730 7289//730 7361//730
f 7289//730 7290//730 7361//730
f 7361//730 7290//730 7362//309
f 7290//730 7291//309 7362//309
f 7362//309 7291//309 7363//730
f 7291//309 7292//730 7363//730
f 7363//730 7292//730 7364//730
f 7292//730 7293//730 7364//730
f 7364//730 7293//730 7365//309
f 7293//730 7294//309 7365//309
f 7365//309 7294//309 7366//309
f 7294//309 7295//309 7366//309
f 7366//309 7295//309 7367//703
f 7295//309 7296//309 7367//703
f 7367//703 7296//309 7368//704
f 7296//309 7297//806 7368//704
f 7368//704 7297//806 7369//730
f 7297//806 7298//730 7369//730
f 7369//730 7298//730 7370//806
f 7298//730 7299//703 7370//806
f 7370//806 7299//703 7371//309
f 7299//703 7300//309 7371//309
f 7371//309 7300//309 7372//309
f 7300//309 7301//309 7372//309
f 7372//309 7301//309 7373//309
f 7301//309 7302//309 7373//309
f 7373//309 7302//309 7374//309
f 7302//309 7303//309 7374//309
f 7374//309 7303//309 7375//309
f 7303//309 7304//309 7375//309
f 7375//309 7304//309 7376//309
f 7304//309 7305//309 7376//309
f 7376//309 7305//309 7377//309
f 7305//309 7306//309 7377//309
f 7377//309 7306//309 7378//309
f 7306//309 7307//808 7378//309
f 7378//309 7307//808 7379//309
f 7307//808 7308//706 7379//309
f 7379//309 7308//706 7380//309
f 7308//706 7309//771 7381//981
f 7308//706 7381//981 7380//309
f 7309//771 7310//309 7382//868
f 7309//771 7382//868 7381//981
f 7310//309 7311//309 7382//868
f 7382//868 7311//309 7383//309
f 7311//309 7312//309 7383//309
f 7383//309 7312//309 7384//309
f 7312//309 7313//309 7384//309
f 7384//309 7313//309 7385//309
f 7313//309 7314//309 7385//309
f 7385//309 7314//309 7386//1126
f 7314//309 7315//1112 7386//1126
f 7386//1126 7315//1112 7387//1127
f 7315//1112 7316//1112 7387//1127
f 7387//1127 7316//1112 7388//1128
f 7316//1112 7317//309 7388//1128
f 7388//1128 7317//309 7389//1129
f 7317//309 7318//1113 7389//1129
f 7389//1129 7318//1113 7390//1130
f 7318//1113 7319//1114 7390//1130
f 7390//1130 7319//1114 7391//1131
f 7319//1114 7320//1115 7392//1132
f 7319//1114 7392//1132 7391//1131
f 7320//1115 7321//1116 7392//1132
f 7323//1118 7324//1119 7393//1133
f 7393//1133 7324//1119 7394//1134
f 7324//1119 7325//1120 7394//1134
f 7394//1134 7325//1120 7395//1135
f 7325//1120 7326//1121 7395//1135
f 7395//1135 7326//1121 7396//1136
f 7326//1121 7327//1122 7396//1136
f 7396//1136 7327//1122 7397//785
f 7327//1122 7328//1123 7397//785
f 7397//785 7328//1123 7398//1137
f 7328//1123 7329//704 7398//1137
f 7398//1137 7329//704 7399//309
f 7329//704 7330//1124 7400//1138
f 7329//704 7400//1138 7399//309
f 7330//1124 7331//1125 7400//1138
f 7400//1138 7331//1125 7401//730
f 7331//1125 7332//719 7401//730
f 7401//730 7332//719 7402//703
f 7332//719 7333//730 7402//703
f 7402//703 7333//730 7403//703
f 7333//730 7334//309 7403//703
f 7403//703 7334//309 7404//719
f 7334//309 7335//831 7404//719
f 7404//719 7335//831 7405//1139
f 7335//831 7336//806 7405//1139
f 7405//1139 7336//806 7406//719
f 7336//806 7337//831 7406//719
f 7406//719 7337//831 7407//730
f 7337//831 7338//806 7407//730
f 7407//730 7338//806 7408//730
f 7338//806 7339//730 7408//730
f 7408//730 7339//730 7409//730
f 7339//730 7340//730 7409//730
f 7409//730 7340//730 7410//309
f 7340//730 7341//806 7410//309
f 7410//309 7341//806 7411//831
f 7341//806 7342//807 7411//831
f 7411//831 7342//807 7412//806
f 7342//807 7343//806 7412//806
f 7412//806 7343//806 7413//807
f 7343//806 7344//807 7413//807
f 7413//807 7344//807 7414//806
f 7344//807 7345//309 7414//806
f 7414//806 7345//309 7415//703
f 7345//309 7346//309 7415//703
f 7415//703 7346//309 7416//719
f 7346//309 7347//807 7416//719
f 7416//719 7347//807 7417//730
f 7347//807 7348//806 7417//730
f 7417//730 7348//806 7418//309
f 7348//806 7349//309 7418//309
f 7418//309 7349//309 7419//309
f 7349//309 7350//309 7419//309
f 7419//309 7350//309 7420//703
f 7350//309 7351//309 7420//703
f 7420//703 7351//309 7421//719
f 7351//309 7352//831 7421//719
f 7421//719 7352//831 7422//1140
f 7352//831 7353//730 7422//1140
f 7422//1140 7353//730 7423//730
f 7353//730 7354//719 7423//730
f 7423//730 7354//719 7424//705
f 7354//719 7355//730 7424//705
f 7424//705 7355//730 7425//719
f 7355//730 7356//703 7425//719
f 7425//719 7356//703 7426//705
f 7356//703 7357//719 7426//705
f 7426//705 7357//719 7427//703
f 7357//719 7358//705 7427//703
f 7427//703 7358//705 7428//309
f 7358//705 7359//703 7428//309
f 7428//309 7359//703 7429//730
f 7359//703 7360//730 7429//730
f 7429//730 7360//730 7430//730
f 7360//730 7361//730 7430//730
f 7430//730 7361//730 7431//309
f 7361//730 7362//309 7431//309
f 7431//309 7362//309 7432//730
f 7362//309 7363//730 7432//730
f 7432//730 7363//730 7433//730
f 7363//730 7364//730 7433//730
f 7433//730 7364//730 7434//309
f 7364//730 7365//309 7434//309
f 7434//309 7365//309 7435//309
f 7365//309 7366//309 7435//309
f 7435//309 7366//309 7436//730
f 7366//309 7367//703 7436//730
f 7436//730 7367//703 7437//705
f 7367//703 7368//704 7437//705
f 7437//705 7368//704 7438//704
f 7368//704 7369//730 7438//704
f 7438//704 7369//730 7439//703
f 7369//730 7370//806 7439//703
f 7439//703 7370//806 7440//309
f 7370//806 7371//309 7440//309
f 7440//309 7371//309 7441//309
f 7371//309 7372//309 7441//309
f 7441//309 7372//309 7442//309
f 7372//309 7373//309 7442//309
f 7442//309 7373//309 7443//309
f 7373//309 7374//309 7443//309
f 7443//309 7374//309 7444//309
f 7374//309 7375//309 7444//309
f 7444//309 7375//309 7445//309
f 7375//309 7376//309 7445//309
f 7445//309 7376//309 7446//309
f 7376//309 7377//309 7446//309
f 7446//309 7377//309 7447//309
f 7377//309 7378//309 7447//309
f 7447//309 7378//309 7448//1141
f 7378//309 7379//309 7448//1141
f 7448//1141 7379//309 7449//1142
f 7379//309 7380//309 7449//1142
f 7449//1142 7380//309 7450//1143
f 7380//309 7381//981 7450//1143
f 7450//1143 7381//981 7451//1144
f 7381//981 7382//868 7451//1144
f 7451//1144 7382//868 7452//1112
f 7382//868 7383//309 7452//1112
f 7452//1112 7383//309 7453//309
f 7383//309 7384//309 7453//309
f 7453//309 7384//309 7454//1126
f 7384//309 7385//309 7454//1126
f 7454//1126 7385//309 7455//1145
f 7385//309 7386//1126 7455//1145
f 7455//1145 7386//1126 7456//1146
f 7386//1126 7387//1127 7456//1146
f 7456//1146 7387//1127 7457//1147
f 7387//1127 7388//1128 7458//1148
f 7387//1127 7458//1148 7457//1147
f 7388//1128 7389//1129 7458//1148
f 7458//1148 7389//1129 7459//1149
f 7389//1129 7390//1130 7459//1149
f 7393//1133 7394//1134 7460//1150
f 7394//1134 7395//1135 7461//1151
f 7394//1134 7461//1151 7460//1150
f 7395//1135 7396//1136 7461//1151
f 7461//1151 7396//1136 7462//705
f 7396//1136 7397//785 7462//705
f 7462//705 7397//785 7463//850
f 7397//785 7398//1137 7464//706
f 7397//785 7464//706 7463//850
f 7398//1137 7399//309 7464//706
f 7464//706 7399//309 7465//704
f 7399//309 7400//1138 7465//704
f 7465//704 7400//1138 7466//730
f 7400//1138 7401//730 7466//730
f 7466//730 7401//730 7467//730
f 7401//730 7402//703 7467//730
f 7467//730 7402//703 7468//705
f 7402//703 7403//703 7468//705
f 7468//705 7403//703 7469//705
f 7403//703 7404//719 7469//705
f 7469//705 7404//719 7470//730
f 7404//719 7405//1139 7470//730
f 7470//730 7405//1139 7471//730
f 7405//1139 7406//719 7471//730
f 7471//730 7406//719 7472//703
f 7406//719 7407//730 7472//703
f 7472//703 7407//730 7473//730
f 7407//730 7408//730 7473//730
f 7473//730 7408//730 7474//730
f 7408//730 7409//730 7474//730
f 7474//730 7409//730 7475//309
f 7409//730 7410//309 7475//309
f 7475//309 7410//309 7476//730
f 7410//309 7411//831 7476//730
f 7476//730 7411//831 7477//730
f 7411//831 7412//806 7477//730
f 7477//730 7412//806 7478//730
f 7412//806 7413//807 7478//730
f 7478//730 7413//807 7479//730
f 7413//807 7414//806 7479//730
f 7479//730 7414//806 7480//730
f 7414//806 7415//703 7480//730
f 7480//730 7415//703 7481//705
f 7415//703 7416//719 7481//705
f 7481//705 7416//719 7482//703
f 7416//719 7417//730 7482//703
f 7482//703 7417//730 7483//309
f 7417//730 7418//309 7483//309
f 7483//309 7418//309 7484//703
f 7418//309 7419//309 7484//703
f 7484//703 7419//309 7485//719
f 7419//309 7420//703 7485//719
f 7485//719 7420//703 7486//705
f 7420//703 7421//719 7486//705
f 7486//705 7421//719 7487//705
f 7421//719 7422//1140 7487//705
f 7487//705 7422//1140 7488//730
f 7422//1140 7423//730 7488//730
f 7488//730 7423//730 7489//1140
f 7423//730 7424//705 7489//1140
f 7489//1140 7424//705 7490//705
f 7424//705 7425//719 7490//705
f 7490//705 7425//719 7491//703
f 7425//719 7426//705 7491//703
f 7491//703 7426//705 7492//309
f 7426//705 7427//703 7492//309
f 7492//309 7427//703 7493//703
f 7427//703 7428//309 7493//703
f 7493//703 7428//309 7494//705
f 7428//309 7429//730 7494//705
f 7494//705 7429//730 7495//730
f 7429//730 7430//730 7495//730
f 7495//730 7430//730 7496//309
f 7430//730 7431//309 7496//309
f 7496//309 7431//309 7497//730
f 7431//309 7432//730 7497//730
f 7497//730 7432//730 7498//730
f 7432//730 7433//730 7498//730
f 7498//730 7433//730 7499//309
f 7433//730 7434//309 7499//309
f 7499//309 7434//309 7500//309
f 7434//309 7435//309 7500//309
f 7500//309 7435//309 7501//730
f 7435//309 7436//730 7501//730
f 7501//730 7436//730 7502//730
f 7436//730 7437//705 7502//730
f 7502//730 7437//705 7503//309
f 7437//705 7438//704 7503//309
f 7503//309 7438//704 7504//309
f 7438//704 7439//703 7504//309
f 7504//309 7439//703 7505//309
f 7439//703 7440//309 7505//309
f 7505//309 7440//309 7506//309
f 7440//309 7441//309 7506//309
f 7506//309 7441//309 7507//309
f 7441//309 7442//309 7507//309
f 7507//309 7442//309 7508//309
f 7442//309 7443//309 7508//309
f 7508//309 7443//309 7509//309
f 7443//309 7444//309 7509//309
f 7509//309 7444//309 7510//1141
f 7444//309 7445//309 7510//1141
f 7510//1141 7445//309 7511//1142
f 7445//309 7446//309 7511//1142
f 7511//1142 7446//309 7512//1152
f 7446//309 7447//309 7512//1152
f 7512//1152 7447//309 7513//1153
f 7447//309 7448//1141 7513//1153
f 7513//1153 7448//1141 7514//1154
f 7448//1141 7449//1142 7514//1154
f 7514//1154 7449//1142 7515//1155
f 7449//1142 7450//1143 7515//1155
f 7515//1155 7450//1143 7516//1156
f 7450//1143 7451//1144 7517//1157
f 7450//1143 7517//1157 7516//1156
f 7451//1144 7452//1112 7517//1157
f 7517//1157 7452//1112 7518//1158
f 7452//1112 7453//309 7518//1158
f 7518//1158 7453//309 7519//1159
f 7453//309 7454//1126 7519//1159
f 7519//1159 7454//1126 7520//1160
f 7454//1126 7455//1145 7520//1160
f 7520//1160 7455//1145 7521//1161
f 7455//1145 7456//1146 7521//1161
f 7460//1150 7461//1151 7523//1162
f 7460//1150 7523//1162 7522//1163
f 7461//1151 7462//705 7523//1162
f 7523//1162 7462//705 7524//719
f 7462//705 7463//850 7524//719
f 7524//719 7463//850 7525//884
f 7463//850 7464//706 7526//742
f 7463//850 7526//742 7525//884
f 7464//706 7465//704 7526//742
f 7526//742 7465//704 7527//884
f 7465//704 7466//730 7527//884
f 7527//884 7466//730 7528//1164
f 7466//730 7467//730 7528//1164
f 7528//1164 7467//730 7529//705
f 7467//730 7468//705 7529//705
f 7529//705 7468//705 7530//705
f 7468//705 7469//705 7530//705
f 7530//705 7469//705 7531//704
f 7469//705 7470//730 7531//704
f 7531//704 7470//730 7532//730
f 7470//730 7471//730 7532//730
f 7532//730 7471//730 7533//730
f 7471//730 7472//703 7533//730
f 7533//730 7472//703 7534//719
f 7472//703 7473//730 7534//719
f 7534//719 7473//730 7535//1139
f 7473//730 7474//730 7535//1139
f 7535//1139 7474//730 7536//704
f 7474//730 7475//309 7536//704
f 7536//704 7475//309 7537//719
f 7475//309 7476//730 7537//719
f 7537//719 7476//730 7538//1139
f 7476//730 7477//730 7538//1139
f 7538//1139 7477//730 7539//719
f 7477//730 7478//730 7539//719
f 7539//719 7478//730 7540//730
f 7478//730 7479//730 7540//730
f 7540//730 7479//730 7541//730
f 7479//730 7480//730 7541//730
f 7541//730 7480//730 7542//730
f 7480//730 7481//705 7542//730
f 7542//730 7481//705 7543//309
f 7481//705 7482//703 7543//309
f 7543//309 7482//703 7544//703
f 7482//703 7483//309 7544//703
f 7544//703 7483//309 7545//719
f 7483//309 7484//703 7545//719
f 7545//719 7484//703 7546//705
f 7484//703 7485//719 7546//705
f 7546//705 7485//719 7547//703
f 7485//719 7486//705 7547//703
f 7547//703 7486//705 7548//730
f 7486//705 7487//705 7548//730
f 7548//730 7487//705 7549//705
f 7487//705 7488//730 7549//705
f 7549//705 7488//730 7550//1139
f 7488//730 7489//1140 7550//1139
f 7550//1139 7489//1140 7551//730
f 7489//1140 7490//705 7551//730
f 7551//730 7490//705 7552//309
f 7490//705 7491//703 7552//309
f 7552//309 7491//703 7553//703
f 7491//703 7492//309 7553//703
f 7553//703 7492//309 7554//719
f 7492//309 7493//703 7554//719
f 7554//719 7493//703 7555//705
f 7493//703 7494//705 7555//705
f 7555//705 7494//705 7556//703
f 7494//705 7495//730 7556//703
f 7556//703 7495//730 7557//309
f 7495//730 7496//309 7557//309
f 7557//309 7496//309 7558//806
f 7496//309 7497//730 7558//806
f 7558//806 7497//730 7559//807
f 7497//730 7498//730 7559//807
f 7559//807 7498//730 7560//309
f 7498//730 7499//309 7560//309
f 7560//309 7499//309 7561//309
f 7499//309 7500//309 7561//309
f 7561//309 7500//309 7562//806
f 7500//309 7501//730 7562//806
f 7562//806 7501//730 7563//807
f 7501//730 7502//730 7563//807
f 7563//807 7502//730 7564//309
f 7502//730 7503//309 7564//309
f 7564//309 7503//309 7565//309
f 7503//309 7504//309 7565//309
f 7565//309 7504//309 7566//386
f 7504//309 7505//309 7566//386
f 7566//386 7505//309 7567//397
f 7505//309 7506//309 7567//397
f 7567//397 7506//309 7568//397
f 7506//309 7507//309 7568//397
f 7568//397 7507//309 7569//397
f 7507//309 7508//309 7569//397
f 7569//397 7508//309 7570//397
f 7508//309 7509//309 7570//397
f 7570//397 7509//309 7571//1165
f 7509//309 7510//1141 7571//1165
f 7571//1165 7510//1141 7572//1166
f 7510//1141 7511//1142 7572//1166
f 7572//1166 7511//1142 7573//1167
f 7511//1142 7512//1152 7573//1167
f 7573//1167 7512//1152 7574//1168
f 7512//1152 7513//1153 7575//1169
f 7512//1152 7575//1169 7574//1168
f 7513//1153 7514//1154 7576//1170
f 7513//1153 7576//1170 7575//1169
f 7514//1154 7515//1155 7576//1170
f 7516//1156 7517//1157 7577//1171
f 7577//1171 7517//1157 7578//1172
f 7517//1157 7518//1158 7579//1173
f 7517//1157 7579//1173 7578//1172
f 7518//1158 7519//1159 7579//1173
f 7579//1173 7519//1159 7580//1174
f 7519//1159 7520//1160 7581//1175
f 7519//1159 7581//1175 7580//1174
f 7520//1160 7521//1161 7581//1175
f 7522//1163 7523//1162 7583//1176
f 7522//1163 7583//1176 7582//1177
f 7523//1162 7524//719 7583//1176
f 7583//1176 7524//719 7584//1178
f 7524//719 7525//884 7584//1178
f 7584//1178 7525//884 7585//1179
f 7525//884 7526//742 7586//1180
f 7525//884 7586//1180 7585//1179
f 7526//742 7527//884 7586//1180
f 7586//1180 7527//884 7587//884
f 7527//884 7528//1164 7587//884
f 7587//884 7528//1164 7588//1179
f 7528//1164 7529//705 7588//1179
f 7588//1179 7529//705 7589//705
f 7529//705 7530//705 7589//705
f 7589//705 7530//705 7590//1164
f 7530//705 7531//704 7590//1164
f 7590//1164 7531//704 7591//884
f 7531//704 7532//730 7591//884
f 7591//884 7532//730 7592//1164
f 7532//730 7533//730 7592//1164
f 7592//1164 7533//730 7593//1164
f 7533//730 7534//719 7593//1164
f 7593//1164 7534//719 7594//1164
f 7534//719 7535//1139 7594//1164
f 7594//1164 7535//1139 7595//1164
f 7535//1139 7536//704 7595//1164
f 7595//1164 7536//704 7596//884
f 7536//704 7537//719 7596//884
f 7596//884 7537//719 7597//1164
f 7537//719 7538//1139 7597//1164
f 7597//1164 7538//1139 7598//705
f 7538//1139 7539//719 7598//705
f 7598//705 7539//719 7599//705
f 7539//719 7540//730 7599//705
f 7599//705 7540//730 7600//705
f 7540//730 7541//730 7600//705
f 7600//705 7541//730 7601//730
f 7541//730 7542//730 7601//730
f 7601//730 7542//730 7602//309
f 7542//730 7543//309 7602//309
f 7602//309 7543//309 7603//730
f 7543//309 7544//703 7603//730
f 7603//730 7544//703 7604//705
f 7544//703 7545//719 7604//705
f 7604//705 7545//719 7605//703
f 7545//719 7546//705 7605//703
f 7605//703 7546//705 7606//703
f 7546//705 7547//703 7606//703
f 7606//703 7547//703 7607//705
f 7547//703 7548//730 7607//705
f 7607//705 7548//730 7608//730
f 7548//730 7549//705 7608//730
f 7608//730 7549//705 7609//806
f 7549//705 7550//1139 7609//806
f 7609//806 7550//1139 7610//807
f 7550//1139 7551//730 7610//807
f 7610//807 7551//730 7611//309
f 7551//730 7552//309 7611//309
f 7611//309 7552//309 7612//806
f 7552//309 7553//703 7612//806
f 7612//806 7553//703 7613//730
f 7553//703 7554//719 7613//730
f 7613//730 7554//719 7614//703
f 7554//719 7555//705 7614//703
f 7614//703 7555//705 7615//309
f 7555//705 7556//703 7615//309
f 7615//309 7556//703 7616//309
f 7556//703 7557//309 7616//309
f 7616//309 7557//309 7617//309
f 7557//309 7558//806 7617//309
f 7617//309 7558//806 7618//1181
f 7558//806 7559//807 7618//1181
f 7618//1181 7559//807 7619//1182
f 7559//807 7560//309 7619//1182
f 7619//1182 7560//309 7620//1183
f 7560//309 7561//309 7620//1183
f 7620//1183 7561//309 7621//1184
f 7561//309 7562//806 7621//1184
f 7621//1184 7562//806 7622//1185
f 7562//806 7563//807 7622//1185
f 7622//1185 7563//807 7623//1186
f 7563//807 7564//309 7623//1186
f 7623//1186 7564//309 7624//1187
f 7564//309 7565//309 7624//1187
f 7624//1187 7565//309 7625//1188
f 7565//309 7566//386 7625//1188
f 7625//1188 7566//386 7626//1189
f 7566//386 7567//397 7626//1189
f 7626//1189 7567//397 7627//1190
f 7567//397 7568//397 7627//1190
f 7627//1190 7568//397 7628//1191
f 7568//397 7569//397 7628//1191
f 7628//1191 7569//397 7629//1191
f 7569//397 7570//397 7629//1191
f 7629//1191 7570//397 7630//1192
f 7570//397 7571//1165 7630//1192
f 7630//1192 7571//1165 7631//1193
f 7571//1165 7572//1166 7631//1193
f 7582//1177 7583//1176 7632//1194
f 7583//1176 7584//1178 7633//1195
f 7583//1176 7633//1195 7632//1194
f 7584//1178 7585//1179 7633//1195
f 7633//1195 7585//1179 7634//1164
f 7585//1179 7586//1180 7635//742
f 7585//1179 7635//742 7634//1164
f 7586//1180 7587//884 7635//742
f 7635//742 7587//884 7636//884
f 7587//884 7588//1179 7636//884
f 7636//884 7588//1179 7637//884
f 7588//1179 7589//705 7637//884
f 7637//884 7589//705 7638//1196
f 7589//705 7590//1164 7638//1196
f 7638//1196 7590//1164 7639//1197
f 7590//1164 7591//884 7639//1197
f 7639//1197 7591//884 7640//884
f 7591//884 7592//1164 7640//884
f 7640//884 7592//1164 7641//1164
f 7592//1164 7593//1164 7641//1164
f 7641//1164 7593//1164 7642//705
f 7593//1164 7594//1164 7642//705
f 7642//705 7594//1164 7643//1139
f 7594//1164 7595//1164 7643//1139
f 7643//1139 7595//1164 7644//705
f 7595//1164 7596//884 7644//705
f 7644//705 7596//884 7645//704
f 7596//884 7597//1164 7645//704
f 7645//704 7597//1164 7646//703
f 7597//1164 7598//705 7646//703
f 7646//703 7598//705 7647//730
f 7598//705 7599//705 7647//730
f 7647//730 7599//705 7648//705
f 7599//705 7600//705 7648//705
f 7648//705 7600//705 7649//703
f 7600//705 7601//730 7649//703
f 7649//703 7601//730 7650//309
f 7601//730 7602//309 7650//309
f 7650//309 7602//309 7651//730
f 7602//309 7603//730 7651//730
f 7651//730 7603//730 7652//730
f 7603//730 7604//705 7652//730
f 7652//730 7604//705 7653//309
f 7604//705 7605//703 7653//309
f 7653//309 7605//703 7654//806
f 7605//703 7606//703 7654//806
f 7654//806 7606//703 7655//730
f 7606//703 7607//705 7655//730
f 7655//730 7607//705 7656//703
f 7607//705 7608//730 7656//703
f 7656//703 7608//730 7657//309
f 7608//730 7609//806 7657//309
f 7657//309 7609//806 7658//858
f 7609//806 7610//807 7658//858
f 7658//858 7610//807 7659//858
f 7610//807 7611//309 7659//858
f 7659//858 7611//309 7660//309
f 7611//309 7612//806 7660//309
f 7660//309 7612//806 7661//858
f 7612//806 7613//730 7661//858
f 7661//858 7613//730 7662//858
f 7613//730 7614//703 7662//858
f 7662//858 7614//703 7663//309
f 7614//703 7615//309 7663//309
f 7663//309 7615//309 7664//1113
f 7615//309 7616//309 7664//1113
f 7664//1113 7616//309 7665//1198
f 7616//309 7617//309 7665//1198
f 7665//1198 7617//309 7666//1199
f 7617//309 7618//1181 7666//1199
f 7666//1199 7618//1181 7667//1200
f 7618//1181 7619//1182 7668//1201
f 7618//1181 7668//1201 7667//1200
f 7619//1182 7620//1183 7668//1201
f 7668//1201 7620//1183 7669//1202
f 7620//1183 7621//1184 7669//1202
f 7669//1202 7621//1184 7670//1203
f 7621//1184 7622//1185 7670//1203
f 7670//1203 7622//1185 7671//1204
f 7622//1185 7623//1186 7671//1204
f 7671//1204 7623//1186 7672//1205
f 7623//1186 7624//1187 7673//1191
f 7623//1186 7673//1191 7672//1205
f 7624//1187 7625//1188 7673//1191
f 7673//1191 7625//1188 7674//1206
f 7625//1188 7626//1189 7675//1207
f 7625//1188 7675//1207 7674//1206
f 7626//1189 7627//1190 7676//1208
f 7626//1189 7676//1208 7675//1207
f 7627//1190 7628//1191 7676//1208
f 7676//1208 7628//1191 7677//1209
f 7628//1191 7629//1191 7677//1209
f 7677//1209 7629//1191 7678//1210
f 7629//1191 7630//1192 7678//1210
f 7678//1210 7630//1192 7679//1211
f 7630//1192 7631//1193 7680//1212
f 7630//1192 7680//1212 7679//1211
f 7681//1213 7632//1194 7682//1214
f 7632//1194 7633//1195 7682//1214
f 7682//1214 7633//1195 7683//1215
f 7633//1195 7634//1164 7683//1215
f 7683//1215 7634//1164 7684//1216
f 7634//1164 7635//742 7685//742
f 7634//1164 7685//742 7684//1216
f 7635//742 7636//884 7685//742
f 7685//742 7636//884 7686//884
f 7636//884 7637//884 7686//884
f 7686//884 7637//884 7687//1197
f 7637//884 7638//1196 7687//1197
f 7687//1197 7638//1196 7688//1217
f 7638//1196 7639//1197 7688//1217
f 7688//1217 7639//1197 7689//704
f 7639//1197 7640//884 7689//704
f 7689//704 7640//884 7690//1179
f 7640//884 7641//1164 7690//1179
f 7690//1179 7641//1164 7691//1179
f 7641//1164 7642//705 7691//1179
f 7691//1179 7642//705 7692//705
f 7642//705 7643//1139 7692//705
f 7692//705 7643//1139 7693//730
f 7643//1139 7644//705 7693//730
f 7693//730 7644//705 7694//309
f 7644//705 7645//704 7694//309
f 7694//309 7645//704 7695//703
f 7645//704 7646//703 7695//703
f 7695//703 7646//703 7696//705
f 7646//703 7647//730 7696//705
f 7696//705 7647//730 7697//1218
f 7647//730 7648//705 7697//1218
f 7697//1218 7648//705 7698//1219
f 7648//705 7649//703 7698//1219
f 7698//1219 7649//703 7699//1219
f 7649//703 7650//309 7699//1219
f 7699//1219 7650//309 7700//1220
f 7650//309 7651//730 7700//1220
f 7700//1220 7651//730 7701//1221
f 7651//730 7652//730 7701//1221
f 7701//1221 7652//730 7702//1222
f 7652//730 7653//309 7702//1222
f 7702//1222 7653//309 7703//1223
f 7653//309 7654//806 7703//1223
f 7703//1223 7654//806 7704//1224
f 7654//806 7655//730 7704//1224
f 7704//1224 7655//730 7705//1225
f 7655//730 7656//703 7705//1225
f 7705//1225 7656//703 7706//309
f 7656//703 7657//309 7706//309
f 7706//309 7657//309 7707//1226
f 7657//309 7658//858 7707//1226
f 7707//1226 7658//858 7708//1227
f 7658//858 7659//858 7708//1227
f 7708//1227 7659//858 7709//1228
f 7659//858 7660//309 7709//1228
f 7709//1228 7660//309 7710//309
f 7660//309 7661//858 7710//309
f 7710//309 7661//858 7711//1229
f 7661//858 7662//858 7711//1229
f 7711//1229 7662//858 7712//1230
f 7662//858 7663//309 7712//1230
f 7712//1230 7663//309 7713//1231
f 7663//309 7664//1113 7713//1231
f 7713//1231 7664//1113 7714//1232
f 7664//1113 7665//1198 7714//1232
f 7714//1232 7665//1198 7715//1233
f 7665//1198 7666//1199 7716//1234
f 7665//1198 7716//1234 7715//1233
f 7666//1199 7667//1200 7716//1234
f 7716//1234 7667//1200 7717//1235
f 7667//1200 7668//1201 7717//1235
f 7717//1235 7668//1201 7718//1149
f 7668//1201 7669//1202 7718//1149
f 7672//1205 7673//1191 7719//1236
f 7719//1236 7673//1191 7720//1237
f 7673//1191 7674//1206 7721//1175
f 7673//1191 7721//1175 7720//1237
f 7674//1206 7675//1207 7721//1175
f 7681//1213 7682//1214 7722//1238
f 7682//1214 7683//1215 7722//1238
f 7722//1238 7683//1215 7723//1239
f 7683//1215 7684//1216 7724//1240
f 7683//1215 7724//1240 7723//1239
f 7684//1216 7685//742 7725//742
f 7684//1216 7725//742 7724//1240
f 7685//742 7686//884 7725//742
f 7725//742 7686//884 7726//884
f 7686//884 7687//1197 7726//884
f 7726//884 7687//1197 7727//1179
f 7687//1197 7688//1217 7727//1179
f 7727//1179 7688//1217 7728//704
f 7688//1217 7689//704 7728//704
f 7728//704 7689//704 7729//1241
f 7689//704 7690//1179 7729//1241
f 7729//1241 7690//1179 7730//1242
f 7690//1179 7691//1179 7730//1242
f 7730//1242 7691//1179 7731//1243
f 7691//1179 7692//705 7731//1243
f 7731//1243 7692//705 7732//1244
f 7692//705 7693//730 7732//1244
f 7732//1244 7693//730 7733//1077
f 7693//730 7694//309 7733//1077
f 7733//1077 7694//309 7734//1245
f 7694//309 7695//703 7734//1245
f 7734//1245 7695//703 7735//1246
f 7695//703 7696//705 7735//1246
f 7735//1246 7696//705 7736//1247
f 7696//705 7697//1218 7736//1247
f 7736//1247 7697//1218 7737//1248
f 7697//1218 7698//1219 7737//1248
f 7737//1248 7698//1219 7738//1249
f 7698//1219 7699//1219 7738//1249
f 7738//1249 7699//1219 7739//1250
f 7699//1219 7700//1220 7739//1250
f 7739//1250 7700//1220 7740//1251
f 7700//1220 7701//1221 7740//1251
f 7740//1251 7701//1221 7741//1252
f 7701//1221 7702//1222 7742//1253
f 7701//1221 7742//1253 7741//1252
f 7702//1222 7703//1223 7742//1253
f 7742//1253 7703//1223 7743//1254
f 7703//1223 7704//1224 7743//1254
f 7743//1254 7704//1224 7744//1255
f 7704//1224 7705//1225 7745//1256
f 7704//1224 7745//1256 7744//1255
f 7705//1225 7706//309 7745//1256
f 7745//1256 7706//309 7746//1257
f 7706//309 7707//1226 7746//1257
f 7746//1257 7707//1226 7747//1258
f 7707//1226 7708//1227 7747//1258
f 7747//1258 7708//1227 7748//1259
f 7708//1227 7709//1228 7748//1259
f 7748//1259 7709//1228 7749//1260
f 7709//1228 7710//309 7750//1261
f 7709//1228 7750//1261 7749//1260
f 7710//309 7711//1229 7750//1261
f 7750//1261 7711//1229 7751//1262
f 7711//1229 7712//1230 7751//1262
f 7751//1262 7712//1230 7752//1131
f 7712//1230 7713//1231 7753//1263
f 7712//1230 7753//1263 7752//1131
f 7713//1231 7714//1232 7753//1263
f 7723//1239 7724//1240 7754//1264
f 7724//1240 7725//742 7755//1265
f 7724//1240 7755//1265 7754//1264
f 7725//742 7726//884 7755//1265
f 7755//1265 7726//884 7756//720
f 7726//884 7727//1179 7756//720
f 7756//720 7727//1179 7757//1266
f 7727//1179 7728//704 7757//1266
f 7757//1266 7728//704 7758//1267
f 7728//704 7729//1241 7758//1267
f 7758//1267 7729//1241 7759//1268
f 7729//1241 7730//1242 7759//1268
f 7759//1268 7730//1242 7760//1269
f 7730//1242 7731//1243 7760//1269
f 7760//1269 7731//1243 7761//1270
f 7731//1243 7732//1244 7761//1270
f 7761//1270 7732//1244 7762//1271
f 7732//1244 7733//1077 7762//1271
f 7762//1271 7733//1077 7763//1272
f 7733//1077 7734//1245 7763//1272
f 7763//1272 7734//1245 7764//1273
f 7734//1245 7735//1246 7765//1274
f 7734//1245 7765//1274 7764//1273
f 7735//1246 7736//1247 7765//1274
f 7765//1274 7736//1247 7766//1275
f 7736//1247 7737//1248 7766//1275
f 7743//1254 7744//1255 7767//1276
f 7767//1276 7744//1255 7768//1277
f 7744//1255 7745//1256 7768//1277
f 7768//1277 7745//1256 7769//1278
f 7745//1256 7746//1257 7769//1278
f 7769//1278 7746//1257 7770//1279
f 7746//1257 7747//1258 7770//1279
f 7749//1260 7750//1261 7771//1280
f 7750//1261 7751//1262 7771//1280
f 7754//1264 7755//1265 7772//1281
f 7755//1265 7756//720 7773//1282
f 7755//1265 7773//1282 7772//1281
f 7756//720 7757//1266 7773//1282
f 7773//1282 7757//1266 7774//1283
f 7757//1266 7758//1267 7774//1283
f 7774//1283 7758//1267 7775//1284
f 7758//1267 7759//1268 7775//1284
f 7764//1273 7765//1274 7776//1285
f 7765//1274 7766//1275 7776//1285
f 7768//1277 7769//1278 7777//1286
f 7769//1278 7770//1279 7777//1286
f 7772//1281 7773//1282 7778//1287
f 7773//1282 7774//1283 7778//1287
f 7460//1150 7632//1194 7759//1268
f 7723//1239 7754//1264 7759//1268
f 7632//1194 7722//1238 7723//1239
f 7176//1097 7460//1150 7759//1268
f 7632//1194 7681//1213 7722//1238
f 7460//1150 7522//1163 7632//1194
f 7522//1163 7582//1177 7632//1194
f 7176//1097 7323//1118 7460//1150
f 7323//1118 7393//1133 7460//1150
f 7018//1082 7099//1090 7176//1097
f 7176//1097 7251//1106 7323//1118
f 6667//1046 6849//1067 6935//1073
f 6667//1046 6935//1073 7018//1082
f 6667//1046 6758//1057 6849//1067
f 6575//1035 6667//1046 7018//1082
f 6387//1018 6482//648 7018//1082
f 6482//648 6575//1035 7018//1082
f 6192//994 6290//1007 6387//1018
f 6094//978 6192//994 6387//1018
f 5799//954 5897//963 6094//978
f 5897//963 5996//667 6094//978
f 5507//914 5605//728 5702//940
f 5702//940 5799//954 6094//978
f 5212//878 5311//828 5409//902
f 5409//902 5507//914 5114//865
f 7774//1283 7759//1268 7754//1264
f 5114//865 5212//878 5409//902
f 6387//1018 7742//1253 6094//978
f 7772//1281 7774//1283 7754//1264
f 7762//1271 7737//1248 7018//1082
f 7772//1281 7778//1287 7774//1283
f 4822//839 4920//847 5507//914
f 5702//940 4822//839 5507//914
f 4920//847 5017//856 5507//914
f 5017//856 5114//865 5507//914
f 7774//1283 7775//1284 7759//1268
f 7759//1268 7760//1269 7176//1097
f 7761//1270 7762//1271 7176//1097
f 7176//1097 7762//1271 7018//1082
f 7763//1272 7764//1273 7737//1248
f 7760//1269 7761//1270 7176//1097
f 7764//1273 7766//1275 7737//1248
f 7762//1271 7763//1272 7737//1248
f 7764//1273 7776//1285 7766//1275
f 7739//1250 7742//1253 6387//1018
f 7738//1249 7739//1250 7018//1082
f 7018//1082 7739//1250 6387//1018
f 7739//1250 7740//1251 7742//1253
f 7737//1248 7738//1249 7018//1082
f 7740//1251 7741//1252 7742//1253
f 7714//1232 5702//940 6094//978
f 7743//1254 7747//1258 7742//1253
f 7742//1253 7747//1258 6094//978
f 4624//816 4723//828 4822//839
f 7768//1277 7747//1258 7743//1254
f 7743//1254 7767//1276 7768//1277
f 4421//791 4623//815 4624//816
f 7777//1286 7770//1279 7768//1277
f 7770//1279 7747//1258 7768//1277
f 4321//779 4421//791 4624//816
f 4421//791 4522//801 4623//815
f 7747//1258 7714//1232 6094//978
f 4021//739 4121//752 4624//816
f 453//316 1172//505 1587//533
f 7714//1232 7747//1258 7748//1259
f 4221//767 4321//779 4624//816
f 2711//637 3220//662 3420//672
f 3819//717 3920//728 4021//739
f 4121//752 4221//767 4624//816
f 3618//691 3718//701 4021//739
f 3718//701 3819//717 4021//739
f 3420//672 3519//680 4021//739
f 3519//680 3618//691 4021//739
f 2915//648 3017//652 3220//662
f 3220//662 3320//667 3420//672
f 2813//643 2915//648 3220//662
f 3017//652 3119//657 3220//662
f 2199//603 2505//623 2711//637
f 2711//637 2813//643 3220//662
f 1791//558 1893//568 2199//603
f 1689//546 2199//603 364//335
f 2505//623 2608//628 2711//637
f 2199//603 2402//616 2505//623
f 1995//579 2097//591 2199//603
f 2199//603 2300//609 2402//616
f 1689//546 1791//558 2199//603
f 1893//568 1995//579 2199//603
f 1380//518 1484//522 1587//533
f 1587//533 1689//546 364//335
f 1172//505 1276//512 1587//533
f 1276//512 1380//518 1587//533
f 7749//1260 7771//1280 7751//1262
f 7749//1260 7714//1232 7748//1259
f 7752//1131 7714//1232 7751//1262
f 7751//1262 7714//1232 7749//1260
f 964//479 1068//494 453//316
f 1068//494 1172//505 453//316
f 453//316 653//412 964//479
f 653//412 860//456 964//479
f 371//348 2199//603 2711//637
f 7752//1131 7753//1263 7714//1232
f 653//412 756//435 860//456
f 453//316 551//378 653//412
f 452//381 451//379 551//378
f 453//316 452//381 551//378
f 7714//1232 7669//1202 5702//940
f 357//323 453//316 1587//533
f 7716//1234 7669//1202 7714//1232
f 7714//1232 7715//1233 7716//1234
f 7717//1235 7669//1202 7716//1234
f 3420//672 371//348 2711//637
f 357//323 356//321 453//316
f 364//335 361//330 1587//533
f 356//321 355//319 453//316
f 355//319 354//317 453//316
f 359//327 358//325 1587//533
f 358//325 357//323 1587//533
f 361//330 360//328 1587//533
f 360//328 359//327 1587//533
f 382//359 4624//816 4822//839
f 364//335 362//332 361//330
f 364//335 363//333 362//332
f 7717//1235 7718//1149 7669//1202
f 4624//816 382//359 4021//739
f 4021//739 381//280 3420//672
f 7675//1207 7676//1208 7672//1205
f 371//348 366//339 2199//603
f 7719//1236 7720//1237 7672//1205
f 7720//1237 7675//1207 7672//1205
f 7676//1208 7677//1209 7572//1166
f 7720//1237 7721//1175 7675//1207
f 365//337 364//335 2199//603
f 368//343 366//339 371//348
f 368//343 367//341 366//339
f 366//339 365//337 2199//603
f 371//348 370//346 369//345
f 369//345 368//343 371//348
f 372//263 371//348 3420//672
f 5702//940 384//281 4822//839
f 7678//1210 7679//1211 7631//1193
f 7677//1209 7678//1210 7631//1193
f 7572//1166 7672//1205 7676//1208
f 381//280 372//263 3420//672
f 7631//1193 7572//1166 7677//1209
f 7669//1202 384//281 5702//940
f 281//266 280//264 372//263
f 7679//1211 7680//1212 7631//1193
f 283//270 372//263 381//280
f 282//268 281//266 372//263
f 283//270 282//268 372//263
f 7573//1167 7515//1155 7572//1166
f 286//276 285//274 284//272
f 284//272 283//270 381//280
f 7670//1203 7572//1166 7669//1202
f 381//280 286//276 284//272
f 7671//1204 7572//1166 7670//1203
f 382//359 381//280 4021//739
f 7572//1166 7671//1204 7672//1205
f 381//280 287//278 286//276
f 7572//1166 291//234 7669//1202
f 383//361 382//359 4822//839
f 7574//1168 7575//1169 7573//1167
f 7575//1169 7515//1155 7573//1167
f 7516//1156 7577//1171 7578//1172
f 7575//1169 7576//1170 7515//1155
f 384//281 383//361 4822//839
f 7516//1156 7456//1146 7515//1155
f 7579//1173 7456//1146 7516//1156
f 291//234 384//281 7669//1202
f 291//234 290//286 384//281
f 7578//1172 7579//1173 7516//1156
f 290//286 289//284 384//281
f 289//284 288//282 384//281
f 7094//1085 6933//1071 5113//864
f 6845//1063 6847//1065 6666//1045
f 7390//1130 7247//1102 3617//690
f 7247//1102 7094//1085 5016//855
f 7456//1146 7458//1148 7390//1130
f 7390//1130 7321//1116 7247//1102
f 7521//1161 7456//1146 7579//1173
f 7580//1174 7521//1161 7579//1173
f 7456//1146 7457//1147 7458//1148
f 7581//1175 7521//1161 7580//1174
f 7390//1130 7391//1131 7321//1116
f 7458//1148 7459//1149 7390//1130
f 7321//1116 7322//1117 7247//1102
f 7391//1131 7392//1132 7321//1116
f 7248//1103 7094//1085 7247//1102
f 7248//1103 7249//1104 7175//1096
f 7250//1105 7175//1096 7249//1104
f 7175//1096 7094//1085 7248//1103
f 7094//1085 7095//1086 6933//1071
f 7095//1086 7096//1087 6933//1071
f 7017//1081 6933//1071 7096//1087
f 7096//1087 7097//1088 7017//1081
f 6933//1071 6934//1072 6845//1063
f 7098//1089 7017//1081 7097//1088
f 5701//939 6845//1063 6666//1045
f 6845//1063 6846//1064 6847//1065
f 6757//1056 6666//1045 6847//1065
f 6845//1063 5408//901 6933//1071
f 6574//1034 6480//1023 5701//939
f 6848//1066 6757//1056 6847//1065
f 6480//1023 6386//1017 6093//977
f 6666//1045 6574//1034 5701//939
f 6191//992 6093//977 6386//1017
f 6481//1024 6386//1017 6480//1023
f 6093//977 5995//970 5896//962
f 6289//1006 6191//992 6386//1017
f 5798//952 5701//939 6480//1023
f 6093//977 5798//952 6480//1023
f 5701//939 5506//913 5408//901
f 5896//962 5798//952 6093//977
f 5408//901 5113//864 6933//1071
f 5408//901 6845//1063 5701//939
f 5408//901 5211//877 5113//864
f 5701//939 5604//923 5506//913
f 5408//901 5310//891 5211//877
f 3617//690 7456//1146 7390//1130
f 5113//864 5016//855 7094//1085
f 7456//1146 3617//690 7515//1155
f 159//185 158//183 218//180
f 291//234 159//185 218//180
f 7572//1166 170//206 291//234
f 158//183 157//181 218//180
f 5016//855 4420//790 7247//1102
f 4420//790 3617//690 7247//1102
f 5016//855 4919//846 4821//838
f 5016//855 4821//838 4420//790
f 4821//838 4722//827 4420//790
f 4722//827 4622//814 4420//790
f 4420//790 4320//777 3617//690
f 4622//814 4521//800 4420//790
f 4320//777 4220//766 3617//690
f 4220//766 4120//750 3617//690
f 4020//738 3617//690 4120//750
f 4020//738 3919//727 3717//700
f 3818//716 3717//700 3919//727
f 3717//700 3617//690 4020//738
f 160//187 159//185 291//234
f 171//138 7515//1155 3617//690
f 7515//1155 171//138 7572//1166
f 161//189 160//187 291//234
f 164//195 163//193 291//234
f 117//100 3617//690 3518//679
f 163//193 162//191 291//234
f 162//191 161//189 291//234
f 3016//651 2914//636 3219//661
f 117//100 3518//679 3419//671
f 2914//636 2812//642 3219//661
f 3118//656 3016//651 3219//661
f 166//198 165//197 291//234
f 165//197 164//195 291//234
f 3319//666 117//100 3419//671
f 170//206 166//198 291//234
f 170//206 167//200 166//198
f 171//138 170//206 7572//1166
f 2401//615 3219//661 2812//642
f 117//100 171//138 3617//690
f 170//206 169//204 168//202
f 170//206 168//202 167//200
f 112//143 111//141 171//138
f 111//141 110//139 171//138
f 2710//636 2401//615 2812//642
f 116//151 112//143 171//138
f 114//147 113//145 112//143
f 2607//627 2401//615 2710//636
f 3219//661 117//100 3319//666
f 116//151 114//147 112//143
f 117//100 116//151 171//138
f 2607//627 2504//622 2401//615
f 75//65 117//100 3219//661
f 116//151 115//149 114//147
f 2401//615 2299//608 49//40
f 2401//615 75//65 3219//661
f 2198//602 2096//590 49//40
f 49//40 2299//608 2198//602
f 49//40 75//65 2401//615
f 75//65 74//105 117//100
f 74//105 73//103 117//100
f 73//103 72//101 117//100
f 49//40 42//28 75//65
f 42//28 41//70 75//65
f 41//70 40//68 75//65
f 40//68 39//66 75//65
f 17//33 16//31 42//28
f 16//31 15//29 42//28
f 1994//578 50//79 2096//590
f 49//40 17//33 42//28
f 49//40 18//35 17//33
f 1892//567 51//81 1994//578
f 1790//557 52//41 1892//567
f 49//40 19//31 18//35
f 49//40 20//38 19//31
f 50//79 49//40 2096//590
f 1790//557 1688//545 52//41
f 1688//545 1586//532 52//41
f 1275//511 1171//504 1586//532
f 1586//532 1483//521 1379//517
f 51//81 50//79 1994//578
f 1379//517 1275//511 1586//532
f 963//478 859//455 550//377
f 52//41 51//81 1892//567
f 1171//504 1067//493 1586//532
f 1067//493 963//478 550//377
f 550//377 1586//532 1067//493
f 859//455 755//434 550//377
f 755//434 652//411 550//377
f 1586//532 25//13 52//41
f 22//44 21//42 52//41
f 25//13 24//48 52//41
f 550//377 28//18 1586//532
f 24//48 22//44 52//41
f 24//48 23//46 22//44
f 28//18 25//13 1586//532
f 29//54 28//18 550//377
f 28//18 6//14 25//13
f 450//315 30//19 550//377
f 28//18 7//16 6//14
f 353//262 279//233 450//315
f 450//315 279//233 30//19
f 30//19 29//54 550//377
f 217//179 155//134 109//99
f 155//137 156//136 109//135
f 217//179 71//64 279//233
f 279//233 38//27 30//19
f 38//27 14//12 8//1
f 109//99 71//64 217//179
f 71//64 38//27 279//233
f 2//4 1//2 8//1
f 8//1 30//19 38//27
f 3//6 2//4 8//1
f 14//12 3//6 8//1
f 4//8 3//6 14//12
f 14//12 5//10 4//8
f 7632//1194 7723//1239 7759//1268
