# Blender 4.5.3 LTS
# www.blender.org
mtllib kelimok380Front.mtl
o mesh
v -1.935000 -2.865000 0.057224
v -1.925000 -2.865000 0.057224
v -1.915000 -2.865000 0.057224
v -1.975000 -2.855000 0.173538
v -1.965000 -2.855000 0.178228
v -1.955000 -2.855000 0.057224
v -1.945000 -2.855000 0.057224
v -1.935000 -2.855000 0.317416
v -1.925000 -2.855000 0.308208
v -1.915000 -2.855000 0.299000
v -1.905000 -2.855000 0.057224
v -1.985000 -2.845000 0.057224
v -1.975000 -2.845000 0.354247
v -1.965000 -2.845000 0.354247
v -1.955000 -2.845000 0.345039
v -1.945000 -2.845000 0.335832
v -1.935000 -2.845000 0.326624
v -1.925000 -2.845000 0.308208
v -1.915000 -2.845000 0.299000
v -1.905000 -2.845000 0.295483
v -1.895000 -2.845000 0.159467
v -1.995000 -2.835000 0.057224
v -1.985000 -2.835000 0.381871
v -1.975000 -2.835000 0.372663
v -1.965000 -2.835000 0.372663
v -1.955000 -2.835000 0.354247
v -1.945000 -2.835000 0.335832
v -1.935000 -2.835000 0.317416
v -1.925000 -2.835000 0.299000
v -1.915000 -2.835000 0.295483
v -1.905000 -2.835000 0.290792
v -1.895000 -2.835000 0.057224
v -2.015000 -2.825000 0.057224
v -2.005000 -2.825000 0.057224
v -1.995000 -2.825000 0.391079
v -1.985000 -2.825000 0.400286
v -1.975000 -2.825000 0.381871
v -1.965000 -2.825000 0.372663
v -1.955000 -2.825000 0.345039
v -1.945000 -2.825000 0.317416
v -1.935000 -2.825000 0.308208
v -1.925000 -2.825000 0.295483
v -1.915000 -2.825000 0.290792
v -1.905000 -2.825000 0.286102
v -1.895000 -2.825000 0.057224
v -1.885000 -2.825000 0.057224
v -2.025000 -2.815000 0.057224
v -2.015000 -2.815000 0.409494
v -2.005000 -2.815000 0.409494
v -1.995000 -2.815000 0.409494
v -1.985000 -2.815000 0.400286
v -1.975000 -2.815000 0.391079
v -1.945000 -2.815000 0.281412
v -1.935000 -2.815000 0.281412
v -1.925000 -2.815000 0.286102
v -1.915000 -2.815000 0.286102
v -1.905000 -2.815000 0.281412
v -1.895000 -2.815000 0.276722
v -1.885000 -2.815000 0.272032
v -1.875000 -2.815000 0.057224
v -2.025000 -2.805000 0.057224
v -2.015000 -2.805000 0.427910
v -2.005000 -2.805000 0.418702
v -1.995000 -2.805000 0.418702
v -1.985000 -2.805000 0.409494
v -1.945000 -2.805000 0.262651
v -1.935000 -2.805000 0.267341
v -1.925000 -2.805000 0.276722
v -1.915000 -2.805000 0.276722
v -1.905000 -2.805000 0.276722
v -1.895000 -2.805000 0.272032
v -1.885000 -2.805000 0.267341
v -1.875000 -2.805000 0.272032
v -1.865000 -2.805000 0.057224
v -2.145000 -2.795000 0.057224
v -2.035000 -2.795000 0.057224
v -2.025000 -2.795000 0.427910
v -2.015000 -2.795000 0.437118
v -2.005000 -2.795000 0.437118
v -1.995000 -2.795000 0.427910
v -1.985000 -2.795000 0.427910
v -1.955000 -2.795000 0.253271
v -1.945000 -2.795000 0.253271
v -1.935000 -2.795000 0.262651
v -1.925000 -2.795000 0.267341
v -1.915000 -2.795000 0.267341
v -1.905000 -2.795000 0.267341
v -1.895000 -2.795000 0.267341
v -1.885000 -2.795000 0.262651
v -1.875000 -2.795000 0.262651
v -1.865000 -2.795000 0.057224
v -2.165000 -2.785000 0.057224
v -2.155000 -2.785000 0.057224
v -2.145000 -2.785000 0.299000
v -2.135000 -2.785000 0.057224
v -2.125000 -2.785000 0.057224
v -2.115000 -2.785000 0.057224
v -2.105000 -2.785000 0.057224
v -2.065000 -2.785000 0.057224
v -2.055000 -2.785000 0.057224
v -2.045000 -2.785000 0.057224
v -2.035000 -2.785000 0.446326
v -2.025000 -2.785000 0.446326
v -2.015000 -2.785000 0.446326
v -2.005000 -2.785000 0.437118
v -1.995000 -2.785000 0.437118
v -1.975000 -2.785000 0.243890
v -1.965000 -2.785000 0.248581
v -1.955000 -2.785000 0.248581
v -1.945000 -2.785000 0.248581
v -1.935000 -2.785000 0.253271
v -1.925000 -2.785000 0.257961
v -1.915000 -2.785000 0.257961
v -1.905000 -2.785000 0.262651
v -1.895000 -2.785000 0.262651
v -1.885000 -2.785000 0.257961
v -1.875000 -2.785000 0.257961
v -1.865000 -2.785000 0.257961
v -1.855000 -2.785000 0.057224
v -2.185000 -2.775000 0.057224
v -2.175000 -2.775000 0.057224
v -2.165000 -2.775000 0.057224
v -2.155000 -2.775000 0.057224
v -2.145000 -2.775000 0.308208
v -2.135000 -2.775000 0.299000
v -2.125000 -2.775000 0.308208
v -2.115000 -2.775000 0.345039
v -2.105000 -2.775000 0.345039
v -2.095000 -2.775000 0.057224
v -2.075000 -2.775000 0.057224
v -2.065000 -2.775000 0.409494
v -2.055000 -2.775000 0.418702
v -2.045000 -2.775000 0.437118
v -2.035000 -2.775000 0.446326
v -2.025000 -2.775000 0.446326
v -2.015000 -2.775000 0.446326
v -2.005000 -2.775000 0.437118
v -1.975000 -2.775000 0.243890
v -1.965000 -2.775000 0.243890
v -1.955000 -2.775000 0.243890
v -1.945000 -2.775000 0.243890
v -1.935000 -2.775000 0.248581
v -1.925000 -2.775000 0.248581
v -1.915000 -2.775000 0.253271
v -1.905000 -2.775000 0.257961
v -1.895000 -2.775000 0.257961
v -1.885000 -2.775000 0.257961
v -1.875000 -2.775000 0.253271
v -1.865000 -2.775000 0.253271
v -1.855000 -2.775000 0.057224
v -2.215000 -2.765000 0.057224
v -2.205000 -2.765000 0.154777
v -2.195000 -2.765000 0.057224
v -2.185000 -2.765000 0.057224
v -2.175000 -2.765000 0.335832
v -2.165000 -2.765000 0.335832
v -2.155000 -2.765000 0.335832
v -2.145000 -2.765000 0.345039
v -2.135000 -2.765000 0.317416
v -2.125000 -2.765000 0.345039
v -2.115000 -2.765000 0.354247
v -2.105000 -2.765000 0.354247
v -2.095000 -2.765000 0.345039
v -2.085000 -2.765000 0.057224
v -2.075000 -2.765000 0.057224
v -2.065000 -2.765000 0.418702
v -2.055000 -2.765000 0.427910
v -2.045000 -2.765000 0.437118
v -2.035000 -2.765000 0.455534
v -2.025000 -2.765000 0.455534
v -2.015000 -2.765000 0.446326
v -2.005000 -2.765000 0.446326
v -1.985000 -2.765000 0.239200
v -1.975000 -2.765000 0.243890
v -1.965000 -2.765000 0.239200
v -1.955000 -2.765000 0.239200
v -1.945000 -2.765000 0.239200
v -1.935000 -2.765000 0.243890
v -1.925000 -2.765000 0.243890
v -1.915000 -2.765000 0.248581
v -1.905000 -2.765000 0.248581
v -1.895000 -2.765000 0.253271
v -1.885000 -2.765000 0.253271
v -1.875000 -2.765000 0.253271
v -1.865000 -2.765000 0.248581
v -1.855000 -2.765000 0.253271
v -1.845000 -2.765000 0.150087
v -2.225000 -2.755000 0.057224
v -2.215000 -2.755000 0.354247
v -2.205000 -2.755000 0.345039
v -2.195000 -2.755000 0.345039
v -2.185000 -2.755000 0.335832
v -2.175000 -2.755000 0.345039
v -2.165000 -2.755000 0.345039
v -2.155000 -2.755000 0.345039
v -2.145000 -2.755000 0.354247
v -2.135000 -2.755000 0.345039
v -2.125000 -2.755000 0.354247
v -2.115000 -2.755000 0.354247
v -2.105000 -2.755000 0.354247
v -2.095000 -2.755000 0.057224
v -2.085000 -2.755000 0.057224
v -2.075000 -2.755000 0.400286
v -2.065000 -2.755000 0.418702
v -2.055000 -2.755000 0.437118
v -2.045000 -2.755000 0.455534
v -2.035000 -2.755000 0.455534
v -2.025000 -2.755000 0.455534
v -2.015000 -2.755000 0.446326
v -1.995000 -2.755000 0.234510
v -1.985000 -2.755000 0.234510
v -1.975000 -2.755000 0.239200
v -1.965000 -2.755000 0.234510
v -1.955000 -2.755000 0.234510
v -1.945000 -2.755000 0.239200
v -1.935000 -2.755000 0.239200
v -1.925000 -2.755000 0.239200
v -1.915000 -2.755000 0.239200
v -1.905000 -2.755000 0.243890
v -1.895000 -2.755000 0.248581
v -1.885000 -2.755000 0.248581
v -1.875000 -2.755000 0.248581
v -1.865000 -2.755000 0.243890
v -1.855000 -2.755000 0.243890
v -1.845000 -2.755000 0.057224
v -2.275000 -2.745000 0.057224
v -2.265000 -2.745000 0.057224
v -2.255000 -2.745000 0.057224
v -2.245000 -2.745000 0.057224
v -2.235000 -2.745000 0.057224
v -2.225000 -2.745000 0.345039
v -2.215000 -2.745000 0.345039
v -2.205000 -2.745000 0.345039
v -2.195000 -2.745000 0.345039
v -2.185000 -2.745000 0.345039
v -2.175000 -2.745000 0.345039
v -2.165000 -2.745000 0.354247
v -2.155000 -2.745000 0.354247
v -2.145000 -2.745000 0.354247
v -2.135000 -2.745000 0.354247
v -2.125000 -2.745000 0.354247
v -2.115000 -2.745000 0.354247
v -2.105000 -2.745000 0.354247
v -2.095000 -2.745000 0.363455
v -2.085000 -2.745000 0.409494
v -2.075000 -2.745000 0.418702
v -2.065000 -2.745000 0.418702
v -2.055000 -2.745000 0.446326
v -2.045000 -2.745000 0.455534
v -2.035000 -2.745000 0.464741
v -2.025000 -2.745000 0.455534
v -1.995000 -2.745000 0.234510
v -1.985000 -2.745000 0.234510
v -1.975000 -2.745000 0.239200
v -1.965000 -2.745000 0.234510
v -1.955000 -2.745000 0.234510
v -1.945000 -2.745000 0.234510
v -1.935000 -2.745000 0.234510
v -1.925000 -2.745000 0.234510
v -1.915000 -2.745000 0.234510
v -1.905000 -2.745000 0.234510
v -1.895000 -2.745000 0.243890
v -1.885000 -2.745000 0.243890
v -1.875000 -2.745000 0.239200
v -1.865000 -2.745000 0.239200
v -1.855000 -2.745000 0.057224
v -2.345000 -2.735000 0.159467
v -2.335000 -2.735000 0.057224
v -2.325000 -2.735000 0.057224
v -2.315000 -2.735000 0.057224
v -2.305000 -2.735000 0.173538
v -2.295000 -2.735000 0.057224
v -2.285000 -2.735000 0.057224
v -2.275000 -2.735000 0.345039
v -2.265000 -2.735000 0.345039
v -2.255000 -2.735000 0.345039
v -2.245000 -2.735000 0.345039
v -2.235000 -2.735000 0.345039
v -2.225000 -2.735000 0.345039
v -2.215000 -2.735000 0.345039
v -2.205000 -2.735000 0.354247
v -2.195000 -2.735000 0.354247
v -2.185000 -2.735000 0.354247
v -2.175000 -2.735000 0.354247
v -2.165000 -2.735000 0.354247
v -2.155000 -2.735000 0.354247
v -2.145000 -2.735000 0.354247
v -2.135000 -2.735000 0.354247
v -2.125000 -2.735000 0.354247
v -2.115000 -2.735000 0.354247
v -2.105000 -2.735000 0.372663
v -2.095000 -2.735000 0.381871
v -2.085000 -2.735000 0.409494
v -2.075000 -2.735000 0.418702
v -2.065000 -2.735000 0.427910
v -2.055000 -2.735000 0.446326
v -2.045000 -2.735000 0.464741
v -2.035000 -2.735000 0.473949
v -2.005000 -2.735000 0.229820
v -1.995000 -2.735000 0.229820
v -1.985000 -2.735000 0.229820
v -1.975000 -2.735000 0.234510
v -1.965000 -2.735000 0.234510
v -1.955000 -2.735000 0.229820
v -1.945000 -2.735000 0.229820
v -1.935000 -2.735000 0.225130
v -1.925000 -2.735000 0.229820
v -1.915000 -2.735000 0.229820
v -1.905000 -2.735000 0.229820
v -1.895000 -2.735000 0.239200
v -1.885000 -2.735000 0.234510
v -1.875000 -2.735000 0.234510
v -1.865000 -2.735000 0.234510
v -1.855000 -2.735000 0.057224
v -1.845000 -2.735000 0.057224
v -2.385000 -2.725000 0.154777
v -2.375000 -2.725000 0.159467
v -2.365000 -2.725000 0.057224
v -2.355000 -2.725000 0.057224
v -2.345000 -2.725000 0.335832
v -2.335000 -2.725000 0.345039
v -2.325000 -2.725000 0.326624
v -2.315000 -2.725000 0.345039
v -2.305000 -2.725000 0.354247
v -2.295000 -2.725000 0.354247
v -2.285000 -2.725000 0.363455
v -2.275000 -2.725000 0.363455
v -2.265000 -2.725000 0.354247
v -2.255000 -2.725000 0.354247
v -2.245000 -2.725000 0.345039
v -2.235000 -2.725000 0.345039
v -2.225000 -2.725000 0.354247
v -2.215000 -2.725000 0.354247
v -2.205000 -2.725000 0.363455
v -2.195000 -2.725000 0.372663
v -2.185000 -2.725000 0.363455
v -2.175000 -2.725000 0.372663
v -2.165000 -2.725000 0.363455
v -2.155000 -2.725000 0.363455
v -2.145000 -2.725000 0.354247
v -2.135000 -2.725000 0.354247
v -2.125000 -2.725000 0.354247
v -2.115000 -2.725000 0.354247
v -2.105000 -2.725000 0.381871
v -2.095000 -2.725000 0.391079
v -2.085000 -2.725000 0.418702
v -2.075000 -2.725000 0.427910
v -2.065000 -2.725000 0.446326
v -2.055000 -2.725000 0.455534
v -2.045000 -2.725000 0.473949
v -2.035000 -2.725000 0.473949
v -2.015000 -2.725000 0.225130
v -2.005000 -2.725000 0.225130
v -1.995000 -2.725000 0.225130
v -1.985000 -2.725000 0.225130
v -1.975000 -2.725000 0.234510
v -1.965000 -2.725000 0.229820
v -1.955000 -2.725000 0.225130
v -1.945000 -2.725000 0.225130
v -1.935000 -2.725000 0.220439
v -1.925000 -2.725000 0.220439
v -1.915000 -2.725000 0.220439
v -1.905000 -2.725000 0.225130
v -1.895000 -2.725000 0.229820
v -1.885000 -2.725000 0.229820
v -1.875000 -2.725000 0.229820
v -1.865000 -2.725000 0.229820
v -1.855000 -2.725000 0.229820
v -1.845000 -2.725000 0.248581
v -1.835000 -2.725000 0.150087
v -2.445000 -2.715000 0.057224
v -2.435000 -2.715000 0.154777
v -2.425000 -2.715000 0.154777
v -2.415000 -2.715000 0.164157
v -2.405000 -2.715000 0.057224
v -2.395000 -2.715000 0.057224
v -2.385000 -2.715000 0.326624
v -2.375000 -2.715000 0.335832
v -2.365000 -2.715000 0.354247
v -2.355000 -2.715000 0.345039
v -2.345000 -2.715000 0.345039
v -2.335000 -2.715000 0.345039
v -2.325000 -2.715000 0.335832
v -2.315000 -2.715000 0.345039
v -2.305000 -2.715000 0.354247
v -2.295000 -2.715000 0.354247
v -2.285000 -2.715000 0.363455
v -2.275000 -2.715000 0.363455
v -2.265000 -2.715000 0.354247
v -2.255000 -2.715000 0.363455
v -2.245000 -2.715000 0.354247
v -2.235000 -2.715000 0.354247
v -2.225000 -2.715000 0.354247
v -2.215000 -2.715000 0.363455
v -2.205000 -2.715000 0.372663
v -2.195000 -2.715000 0.381871
v -2.185000 -2.715000 0.372663
v -2.175000 -2.715000 0.381871
v -2.165000 -2.715000 0.381871
v -2.125000 -2.715000 0.354247
v -2.115000 -2.715000 0.363455
v -2.105000 -2.715000 0.400286
v -2.095000 -2.715000 0.409494
v -2.085000 -2.715000 0.427910
v -2.075000 -2.715000 0.446326
v -2.065000 -2.715000 0.455534
v -2.055000 -2.715000 0.464741
v -2.045000 -2.715000 0.473949
v -2.035000 -2.715000 0.473949
v -2.005000 -2.715000 0.220439
v -1.995000 -2.715000 0.220439
v -1.985000 -2.715000 0.225130
v -1.975000 -2.715000 0.229820
v -1.965000 -2.715000 0.229820
v -1.955000 -2.715000 0.225130
v -1.945000 -2.715000 0.220439
v -1.935000 -2.715000 0.220439
v -1.925000 -2.715000 0.220439
v -1.915000 -2.715000 0.220439
v -1.905000 -2.715000 0.220439
v -1.895000 -2.715000 0.225130
v -1.885000 -2.715000 0.220439
v -1.875000 -2.715000 0.225130
v -1.865000 -2.715000 0.225130
v -1.855000 -2.715000 0.225130
v -1.845000 -2.715000 0.234510
v -1.835000 -2.715000 0.150087
v -2.495000 -2.705000 0.308208
v -2.485000 -2.705000 0.057224
v -2.475000 -2.705000 0.057224
v -2.465000 -2.705000 0.057224
v -2.455000 -2.705000 0.057224
v -2.445000 -2.705000 0.057224
v -2.435000 -2.705000 0.335832
v -2.425000 -2.705000 0.326624
v -2.415000 -2.705000 0.335832
v -2.405000 -2.705000 0.345039
v -2.395000 -2.705000 0.335832
v -2.385000 -2.705000 0.345039
v -2.375000 -2.705000 0.354247
v -2.365000 -2.705000 0.354247
v -2.355000 -2.705000 0.345039
v -2.345000 -2.705000 0.354247
v -2.335000 -2.705000 0.354247
v -2.325000 -2.705000 0.354247
v -2.315000 -2.705000 0.345039
v -2.305000 -2.705000 0.354247
v -2.295000 -2.705000 0.354247
v -2.285000 -2.705000 0.372663
v -2.275000 -2.705000 0.372663
v -2.265000 -2.705000 0.363455
v -2.255000 -2.705000 0.372663
v -2.245000 -2.705000 0.372663
v -2.235000 -2.705000 0.363455
v -2.225000 -2.705000 0.363455
v -2.215000 -2.705000 0.372663
v -2.205000 -2.705000 0.381871
v -2.195000 -2.705000 0.391079
v -2.185000 -2.705000 0.381871
v -2.175000 -2.705000 0.391079
v -2.105000 -2.705000 0.400286
v -2.095000 -2.705000 0.418702
v -2.085000 -2.705000 0.437118
v -2.075000 -2.705000 0.455534
v -2.065000 -2.705000 0.464741
v -2.055000 -2.705000 0.464741
v -2.045000 -2.705000 0.473949
v -2.035000 -2.705000 0.473949
v -2.025000 -2.705000 0.220439
v -2.015000 -2.705000 0.220439
v -2.005000 -2.705000 0.220439
v -1.995000 -2.705000 0.220439
v -1.985000 -2.705000 0.220439
v -1.975000 -2.705000 0.225130
v -1.965000 -2.705000 0.220439
v -1.955000 -2.705000 0.220439
v -1.945000 -2.705000 0.215749
v -1.935000 -2.705000 0.215749
v -1.925000 -2.705000 0.215749
v -1.915000 -2.705000 0.215749
v -1.905000 -2.705000 0.220439
v -1.895000 -2.705000 0.215749
v -1.885000 -2.705000 0.220439
v -1.875000 -2.705000 0.220439
v -1.865000 -2.705000 0.220439
v -1.855000 -2.705000 0.220439
v -1.845000 -2.705000 0.225130
v -1.835000 -2.705000 0.150087
v -2.495000 -2.695000 0.317416
v -2.485000 -2.695000 0.317416
v -2.475000 -2.695000 0.326624
v -2.465000 -2.695000 0.326624
v -2.455000 -2.695000 0.326624
v -2.445000 -2.695000 0.335832
v -2.435000 -2.695000 0.335832
v -2.425000 -2.695000 0.345039
v -2.415000 -2.695000 0.354247
v -2.405000 -2.695000 0.354247
v -2.395000 -2.695000 0.354247
v -2.385000 -2.695000 0.354247
v -2.375000 -2.695000 0.363455
v -2.365000 -2.695000 0.354247
v -2.355000 -2.695000 0.363455
v -2.345000 -2.695000 0.363455
v -2.335000 -2.695000 0.354247
v -2.325000 -2.695000 0.363455
v -2.315000 -2.695000 0.354247
v -2.305000 -2.695000 0.363455
v -2.295000 -2.695000 0.372663
v -2.285000 -2.695000 0.372663
v -2.275000 -2.695000 0.381871
v -2.265000 -2.695000 0.381871
v -2.255000 -2.695000 0.372663
v -2.245000 -2.695000 0.381871
v -2.235000 -2.695000 0.381871
v -2.225000 -2.695000 0.372663
v -2.215000 -2.695000 0.391079
v -2.205000 -2.695000 0.391079
v -2.195000 -2.695000 0.391079
v -2.185000 -2.695000 0.391079
v -2.175000 -2.695000 0.400286
v -2.115000 -2.695000 0.391079
v -2.105000 -2.695000 0.409494
v -2.095000 -2.695000 0.418702
v -2.085000 -2.695000 0.446326
v -2.075000 -2.695000 0.464741
v -2.065000 -2.695000 0.473949
v -2.055000 -2.695000 0.473949
v -2.045000 -2.695000 0.483157
v -2.025000 -2.695000 0.215749
v -2.015000 -2.695000 0.215749
v -2.005000 -2.695000 0.215749
v -1.995000 -2.695000 0.215749
v -1.985000 -2.695000 0.220439
v -1.975000 -2.695000 0.220439
v -1.965000 -2.695000 0.220439
v -1.955000 -2.695000 0.220439
v -1.945000 -2.695000 0.215749
v -1.935000 -2.695000 0.215749
v -1.925000 -2.695000 0.215749
v -1.915000 -2.695000 0.215749
v -1.905000 -2.695000 0.215749
v -1.895000 -2.695000 0.215749
v -1.885000 -2.695000 0.215749
v -1.875000 -2.695000 0.215749
v -1.865000 -2.695000 0.215749
v -1.855000 -2.695000 0.215749
v -1.845000 -2.695000 0.220439
v -1.835000 -2.695000 0.150087
v -2.495000 -2.685000 0.335832
v -2.485000 -2.685000 0.335832
v -2.475000 -2.685000 0.335832
v -2.465000 -2.685000 0.335832
v -2.455000 -2.685000 0.335832
v -2.445000 -2.685000 0.345039
v -2.435000 -2.685000 0.354247
v -2.425000 -2.685000 0.354247
v -2.415000 -2.685000 0.354247
v -2.405000 -2.685000 0.354247
v -2.395000 -2.685000 0.354247
v -2.385000 -2.685000 0.363455
v -2.375000 -2.685000 0.372663
v -2.365000 -2.685000 0.363455
v -2.355000 -2.685000 0.372663
v -2.345000 -2.685000 0.363455
v -2.335000 -2.685000 0.363455
v -2.325000 -2.685000 0.363455
v -2.315000 -2.685000 0.363455
v -2.305000 -2.685000 0.372663
v -2.295000 -2.685000 0.381871
v -2.285000 -2.685000 0.381871
v -2.275000 -2.685000 0.381871
v -2.265000 -2.685000 0.381871
v -2.255000 -2.685000 0.391079
v -2.245000 -2.685000 0.391079
v -2.235000 -2.685000 0.391079
v -2.225000 -2.685000 0.381871
v -2.215000 -2.685000 0.391079
v -2.205000 -2.685000 0.400286
v -2.195000 -2.685000 0.400286
v -2.185000 -2.685000 0.400286
v -2.175000 -2.685000 0.400286
v -2.165000 -2.685000 0.409494
v -2.155000 -2.685000 0.418702
v -2.145000 -2.685000 0.418702
v -2.125000 -2.685000 0.409494
v -2.115000 -2.685000 0.409494
v -2.105000 -2.685000 0.409494
v -2.095000 -2.685000 0.418702
v -2.085000 -2.685000 0.455534
v -2.075000 -2.685000 0.464741
v -2.065000 -2.685000 0.473949
v -2.055000 -2.685000 0.483157
v -2.045000 -2.685000 0.483157
v -2.025000 -2.685000 0.215749
v -2.015000 -2.685000 0.215749
v -2.005000 -2.685000 0.215749
v -1.995000 -2.685000 0.215749
v -1.985000 -2.685000 0.215749
v -1.975000 -2.685000 0.215749
v -1.965000 -2.685000 0.220439
v -1.955000 -2.685000 0.220439
v -1.945000 -2.685000 0.215749
v -1.935000 -2.685000 0.215749
v -1.925000 -2.685000 0.211059
v -1.915000 -2.685000 0.211059
v -1.905000 -2.685000 0.211059
v -1.895000 -2.685000 0.211059
v -1.885000 -2.685000 0.215749
v -1.875000 -2.685000 0.215749
v -1.865000 -2.685000 0.215749
v -1.855000 -2.685000 0.215749
v -1.845000 -2.685000 0.215749
v -1.835000 -2.685000 0.150087
v -2.495000 -2.675000 0.345039
v -2.485000 -2.675000 0.345039
v -2.475000 -2.675000 0.345039
v -2.465000 -2.675000 0.345039
v -2.455000 -2.675000 0.345039
v -2.445000 -2.675000 0.354247
v -2.435000 -2.675000 0.354247
v -2.425000 -2.675000 0.354247
v -2.415000 -2.675000 0.363455
v -2.405000 -2.675000 0.363455
v -2.395000 -2.675000 0.363455
v -2.385000 -2.675000 0.372663
v -2.375000 -2.675000 0.372663
v -2.365000 -2.675000 0.372663
v -2.355000 -2.675000 0.372663
v -2.345000 -2.675000 0.372663
v -2.335000 -2.675000 0.372663
v -2.325000 -2.675000 0.372663
v -2.315000 -2.675000 0.372663
v -2.305000 -2.675000 0.381871
v -2.295000 -2.675000 0.391079
v -2.285000 -2.675000 0.391079
v -2.275000 -2.675000 0.391079
v -2.265000 -2.675000 0.391079
v -2.255000 -2.675000 0.391079
v -2.245000 -2.675000 0.400286
v -2.235000 -2.675000 0.400286
v -2.225000 -2.675000 0.391079
v -2.215000 -2.675000 0.400286
v -2.205000 -2.675000 0.400286
v -2.195000 -2.675000 0.409494
v -2.185000 -2.675000 0.400286
v -2.175000 -2.675000 0.409494
v -2.165000 -2.675000 0.409494
v -2.155000 -2.675000 0.418702
v -2.145000 -2.675000 0.409494
v -2.135000 -2.675000 0.418702
v -2.125000 -2.675000 0.409494
v -2.115000 -2.675000 0.418702
v -2.105000 -2.675000 0.427910
v -2.095000 -2.675000 0.437118
v -2.085000 -2.675000 0.455534
v -2.075000 -2.675000 0.473949
v -2.065000 -2.675000 0.483157
v -2.055000 -2.675000 0.492365
v -2.045000 -2.675000 0.492365
v -2.025000 -2.675000 0.211059
v -2.015000 -2.675000 0.215749
v -2.005000 -2.675000 0.211059
v -1.995000 -2.675000 0.211059
v -1.985000 -2.675000 0.215749
v -1.975000 -2.675000 0.211059
v -1.965000 -2.675000 0.215749
v -1.955000 -2.675000 0.215749
v -1.945000 -2.675000 0.211059
v -1.935000 -2.675000 0.211059
v -1.925000 -2.675000 0.206369
v -1.915000 -2.675000 0.206369
v -1.905000 -2.675000 0.206369
v -1.895000 -2.675000 0.211059
v -1.885000 -2.675000 0.211059
v -1.875000 -2.675000 0.211059
v -1.865000 -2.675000 0.211059
v -1.855000 -2.675000 0.211059
v -1.845000 -2.675000 0.211059
v -1.835000 -2.675000 0.057224
v -2.495000 -2.665000 0.345039
v -2.485000 -2.665000 0.354247
v -2.475000 -2.665000 0.354247
v -2.465000 -2.665000 0.354247
v -2.455000 -2.665000 0.354247
v -2.445000 -2.665000 0.363455
v -2.435000 -2.665000 0.363455
v -2.425000 -2.665000 0.363455
v -2.415000 -2.665000 0.372663
v -2.405000 -2.665000 0.372663
v -2.395000 -2.665000 0.372663
v -2.385000 -2.665000 0.372663
v -2.375000 -2.665000 0.372663
v -2.365000 -2.665000 0.372663
v -2.355000 -2.665000 0.381871
v -2.345000 -2.665000 0.372663
v -2.335000 -2.665000 0.372663
v -2.325000 -2.665000 0.381871
v -2.315000 -2.665000 0.381871
v -2.305000 -2.665000 0.391079
v -2.295000 -2.665000 0.391079
v -2.285000 -2.665000 0.391079
v -2.275000 -2.665000 0.391079
v -2.265000 -2.665000 0.400286
v -2.255000 -2.665000 0.400286
v -2.245000 -2.665000 0.400286
v -2.235000 -2.665000 0.409494
v -2.225000 -2.665000 0.400286
v -2.215000 -2.665000 0.400286
v -2.205000 -2.665000 0.409494
v -2.195000 -2.665000 0.409494
v -2.185000 -2.665000 0.409494
v -2.175000 -2.665000 0.409494
v -2.165000 -2.665000 0.409494
v -2.155000 -2.665000 0.418702
v -2.145000 -2.665000 0.418702
v -2.135000 -2.665000 0.418702
v -2.125000 -2.665000 0.418702
v -2.115000 -2.665000 0.427910
v -2.105000 -2.665000 0.437118
v -2.095000 -2.665000 0.455534
v -2.085000 -2.665000 0.464741
v -2.075000 -2.665000 0.473949
v -2.065000 -2.665000 0.483157
v -2.055000 -2.665000 0.501573
v -2.045000 -2.665000 0.501573
v -2.035000 -2.665000 0.206369
v -2.025000 -2.665000 0.211059
v -2.015000 -2.665000 0.211059
v -2.005000 -2.665000 0.211059
v -1.995000 -2.665000 0.211059
v -1.985000 -2.665000 0.211059
v -1.975000 -2.665000 0.211059
v -1.965000 -2.665000 0.215749
v -1.955000 -2.665000 0.215749
v -1.945000 -2.665000 0.211059
v -1.935000 -2.665000 0.206369
v -1.925000 -2.665000 0.201679
v -1.915000 -2.665000 0.206369
v -1.905000 -2.665000 0.206369
v -1.895000 -2.665000 0.206369
v -1.885000 -2.665000 0.211059
v -1.875000 -2.665000 0.206369
v -1.865000 -2.665000 0.206369
v -1.855000 -2.665000 0.206369
v -1.845000 -2.665000 0.057224
v -2.495000 -2.655000 0.354247
v -2.485000 -2.655000 0.354247
v -2.475000 -2.655000 0.363455
v -2.465000 -2.655000 0.363455
v -2.455000 -2.655000 0.363455
v -2.445000 -2.655000 0.372663
v -2.435000 -2.655000 0.372663
v -2.425000 -2.655000 0.372663
v -2.415000 -2.655000 0.372663
v -2.405000 -2.655000 0.372663
v -2.395000 -2.655000 0.372663
v -2.385000 -2.655000 0.381871
v -2.375000 -2.655000 0.381871
v -2.365000 -2.655000 0.372663
v -2.355000 -2.655000 0.381871
v -2.345000 -2.655000 0.381871
v -2.335000 -2.655000 0.381871
v -2.325000 -2.655000 0.381871
v -2.315000 -2.655000 0.391079
v -2.305000 -2.655000 0.400286
v -2.295000 -2.655000 0.391079
v -2.285000 -2.655000 0.400286
v -2.275000 -2.655000 0.400286
v -2.265000 -2.655000 0.400286
v -2.255000 -2.655000 0.409494
v -2.245000 -2.655000 0.409494
v -2.235000 -2.655000 0.409494
v -2.225000 -2.655000 0.409494
v -2.215000 -2.655000 0.409494
v -2.205000 -2.655000 0.418702
v -2.195000 -2.655000 0.418702
v -2.185000 -2.655000 0.409494
v -2.175000 -2.655000 0.409494
v -2.165000 -2.655000 0.418702
v -2.155000 -2.655000 0.418702
v -2.145000 -2.655000 0.418702
v -2.135000 -2.655000 0.409494
v -2.125000 -2.655000 0.418702
v -2.115000 -2.655000 0.437118
v -2.105000 -2.655000 0.446326
v -2.095000 -2.655000 0.455534
v -2.085000 -2.655000 0.464741
v -2.075000 -2.655000 0.473949
v -2.065000 -2.655000 0.492365
v -2.055000 -2.655000 0.501573
v -2.045000 -2.655000 0.501573
v -2.035000 -2.655000 0.206369
v -2.025000 -2.655000 0.211059
v -2.015000 -2.655000 0.211059
v -2.005000 -2.655000 0.211059
v -1.995000 -2.655000 0.211059
v -1.985000 -2.655000 0.211059
v -1.975000 -2.655000 0.211059
v -1.965000 -2.655000 0.211059
v -1.955000 -2.655000 0.211059
v -1.945000 -2.655000 0.206369
v -1.935000 -2.655000 0.206369
v -1.925000 -2.655000 0.201679
v -1.915000 -2.655000 0.201679
v -1.905000 -2.655000 0.201679
v -1.895000 -2.655000 0.206369
v -1.885000 -2.655000 0.206369
v -1.875000 -2.655000 0.201679
v -1.865000 -2.655000 0.206369
v -1.855000 -2.655000 0.206369
v -1.845000 -2.655000 0.057224
v -1.835000 -2.655000 0.057224
v -1.825000 -2.655000 0.150086
v -2.495000 -2.645000 0.354247
v -2.485000 -2.645000 0.363455
v -2.475000 -2.645000 0.363455
v -2.465000 -2.645000 0.363455
v -2.455000 -2.645000 0.372663
v -2.445000 -2.645000 0.372663
v -2.435000 -2.645000 0.372663
v -2.425000 -2.645000 0.372663
v -2.415000 -2.645000 0.381871
v -2.405000 -2.645000 0.381871
v -2.395000 -2.645000 0.381871
v -2.385000 -2.645000 0.381871
v -2.375000 -2.645000 0.381871
v -2.365000 -2.645000 0.381871
v -2.355000 -2.645000 0.381871
v -2.345000 -2.645000 0.381871
v -2.335000 -2.645000 0.381871
v -2.325000 -2.645000 0.391079
v -2.315000 -2.645000 0.400286
v -2.305000 -2.645000 0.400286
v -2.295000 -2.645000 0.391079
v -2.285000 -2.645000 0.409494
v -2.275000 -2.645000 0.400286
v -2.265000 -2.645000 0.409494
v -2.255000 -2.645000 0.409494
v -2.245000 -2.645000 0.418702
v -2.235000 -2.645000 0.418702
v -2.225000 -2.645000 0.409494
v -2.215000 -2.645000 0.409494
v -2.205000 -2.645000 0.418702
v -2.195000 -2.645000 0.418702
v -2.185000 -2.645000 0.409494
v -2.175000 -2.645000 0.418702
v -2.165000 -2.645000 0.427910
v -2.155000 -2.645000 0.427910
v -2.145000 -2.645000 0.427910
v -2.135000 -2.645000 0.418702
v -2.125000 -2.645000 0.427910
v -2.115000 -2.645000 0.437118
v -2.105000 -2.645000 0.455534
v -2.095000 -2.645000 0.464741
v -2.085000 -2.645000 0.473949
v -2.075000 -2.645000 0.483157
v -2.065000 -2.645000 0.492365
v -2.055000 -2.645000 0.501573
v -2.035000 -2.645000 0.206369
v -2.025000 -2.645000 0.206369
v -2.015000 -2.645000 0.206369
v -2.005000 -2.645000 0.206369
v -1.995000 -2.645000 0.211059
v -1.985000 -2.645000 0.206369
v -1.975000 -2.645000 0.206369
v -1.965000 -2.645000 0.206369
v -1.955000 -2.645000 0.206369
v -1.945000 -2.645000 0.206369
v -1.935000 -2.645000 0.201679
v -1.925000 -2.645000 0.196988
v -1.915000 -2.645000 0.196988
v -1.905000 -2.645000 0.196988
v -1.895000 -2.645000 0.201679
v -1.885000 -2.645000 0.201679
v -1.875000 -2.645000 0.196988
v -1.865000 -2.645000 0.201679
v -1.855000 -2.645000 0.201679
v -1.845000 -2.645000 0.201679
v -1.835000 -2.645000 0.211059
v -1.825000 -2.645000 0.150086
v -2.495000 -2.635000 0.363455
v -2.485000 -2.635000 0.372663
v -2.475000 -2.635000 0.372663
v -2.465000 -2.635000 0.372663
v -2.455000 -2.635000 0.372663
v -2.445000 -2.635000 0.381871
v -2.435000 -2.635000 0.381871
v -2.425000 -2.635000 0.381871
v -2.415000 -2.635000 0.381871
v -2.405000 -2.635000 0.381871
v -2.395000 -2.635000 0.381871
v -2.385000 -2.635000 0.381871
v -2.375000 -2.635000 0.391079
v -2.365000 -2.635000 0.391079
v -2.355000 -2.635000 0.391079
v -2.345000 -2.635000 0.391079
v -2.335000 -2.635000 0.391079
v -2.325000 -2.635000 0.391079
v -2.315000 -2.635000 0.400286
v -2.305000 -2.635000 0.400286
v -2.295000 -2.635000 0.400286
v -2.285000 -2.635000 0.409494
v -2.275000 -2.635000 0.409494
v -2.265000 -2.635000 0.409494
v -2.255000 -2.635000 0.418702
v -2.245000 -2.635000 0.418702
v -2.235000 -2.635000 0.418702
v -2.225000 -2.635000 0.418702
v -2.215000 -2.635000 0.418702
v -2.205000 -2.635000 0.418702
v -2.195000 -2.635000 0.418702
v -2.185000 -2.635000 0.418702
v -2.175000 -2.635000 0.418702
v -2.165000 -2.635000 0.427910
v -2.155000 -2.635000 0.437118
v -2.145000 -2.635000 0.437118
v -2.135000 -2.635000 0.427910
v -2.125000 -2.635000 0.437118
v -2.115000 -2.635000 0.437118
v -2.105000 -2.635000 0.455534
v -2.095000 -2.635000 0.473949
v -2.085000 -2.635000 0.483157
v -2.075000 -2.635000 0.483157
v -2.065000 -2.635000 0.501573
v -2.035000 -2.635000 0.206369
v -2.025000 -2.635000 0.206369
v -2.015000 -2.635000 0.206369
v -2.005000 -2.635000 0.206369
v -1.995000 -2.635000 0.206369
v -1.985000 -2.635000 0.206369
v -1.975000 -2.635000 0.206369
v -1.965000 -2.635000 0.206369
v -1.955000 -2.635000 0.206369
v -1.945000 -2.635000 0.201679
v -1.935000 -2.635000 0.201679
v -1.925000 -2.635000 0.196988
v -1.915000 -2.635000 0.196988
v -1.905000 -2.635000 0.196988
v -1.895000 -2.635000 0.196988
v -1.885000 -2.635000 0.196988
v -1.875000 -2.635000 0.196988
v -1.865000 -2.635000 0.201679
v -1.855000 -2.635000 0.201679
v -1.845000 -2.635000 0.196988
v -1.835000 -2.635000 0.206369
v -1.825000 -2.635000 0.150086
v -2.495000 -2.625000 0.372663
v -2.485000 -2.625000 0.381871
v -2.475000 -2.625000 0.372663
v -2.465000 -2.625000 0.372663
v -2.455000 -2.625000 0.381871
v -2.445000 -2.625000 0.381871
v -2.435000 -2.625000 0.391079
v -2.425000 -2.625000 0.381871
v -2.415000 -2.625000 0.381871
v -2.405000 -2.625000 0.391079
v -2.395000 -2.625000 0.391079
v -2.385000 -2.625000 0.391079
v -2.375000 -2.625000 0.391079
v -2.365000 -2.625000 0.391079
v -2.355000 -2.625000 0.391079
v -2.345000 -2.625000 0.400286
v -2.335000 -2.625000 0.391079
v -2.325000 -2.625000 0.400286
v -2.315000 -2.625000 0.400286
v -2.305000 -2.625000 0.400286
v -2.295000 -2.625000 0.409494
v -2.285000 -2.625000 0.418702
v -2.275000 -2.625000 0.418702
v -2.265000 -2.625000 0.418702
v -2.255000 -2.625000 0.427910
v -2.245000 -2.625000 0.418702
v -2.235000 -2.625000 0.418702
v -2.225000 -2.625000 0.427910
v -2.215000 -2.625000 0.427910
v -2.205000 -2.625000 0.418702
v -2.195000 -2.625000 0.427910
v -2.185000 -2.625000 0.427910
v -2.175000 -2.625000 0.427910
v -2.165000 -2.625000 0.437118
v -2.155000 -2.625000 0.437118
v -2.145000 -2.625000 0.437118
v -2.135000 -2.625000 0.437118
v -2.125000 -2.625000 0.437118
v -2.115000 -2.625000 0.446326
v -2.105000 -2.625000 0.473949
v -2.095000 -2.625000 0.483157
v -2.085000 -2.625000 0.492365
v -2.075000 -2.625000 0.492365
v -2.065000 -2.625000 0.501573
v -2.055000 -2.625000 0.510781
v -2.035000 -2.625000 0.206369
v -2.025000 -2.625000 0.206369
v -2.015000 -2.625000 0.206369
v -2.005000 -2.625000 0.206369
v -1.995000 -2.625000 0.206369
v -1.985000 -2.625000 0.206369
v -1.975000 -2.625000 0.201679
v -1.965000 -2.625000 0.201679
v -1.955000 -2.625000 0.201679
v -1.945000 -2.625000 0.201679
v -1.935000 -2.625000 0.196988
v -1.925000 -2.625000 0.192298
v -1.915000 -2.625000 0.192298
v -1.905000 -2.625000 0.192298
v -1.895000 -2.625000 0.192298
v -1.885000 -2.625000 0.192298
v -1.875000 -2.625000 0.192298
v -1.865000 -2.625000 0.196988
v -1.855000 -2.625000 0.192298
v -1.845000 -2.625000 0.196988
v -1.835000 -2.625000 0.201679
v -1.825000 -2.625000 0.150086
v -2.495000 -2.615000 0.372663
v -2.485000 -2.615000 0.381871
v -2.475000 -2.615000 0.372663
v -2.465000 -2.615000 0.381871
v -2.455000 -2.615000 0.381871
v -2.445000 -2.615000 0.381871
v -2.435000 -2.615000 0.391079
v -2.425000 -2.615000 0.391079
v -2.415000 -2.615000 0.391079
v -2.405000 -2.615000 0.400286
v -2.395000 -2.615000 0.391079
v -2.385000 -2.615000 0.391079
v -2.375000 -2.615000 0.400286
v -2.365000 -2.615000 0.400286
v -2.355000 -2.615000 0.400286
v -2.345000 -2.615000 0.400286
v -2.335000 -2.615000 0.400286
v -2.325000 -2.615000 0.409494
v -2.315000 -2.615000 0.409494
v -2.305000 -2.615000 0.409494
v -2.295000 -2.615000 0.418702
v -2.285000 -2.615000 0.427910
v -2.275000 -2.615000 0.418702
v -2.265000 -2.615000 0.418702
v -2.255000 -2.615000 0.427910
v -2.245000 -2.615000 0.427910
v -2.235000 -2.615000 0.427910
v -2.225000 -2.615000 0.437118
v -2.215000 -2.615000 0.437118
v -2.205000 -2.615000 0.427910
v -2.195000 -2.615000 0.427910
v -2.185000 -2.615000 0.437118
v -2.175000 -2.615000 0.437118
v -2.165000 -2.615000 0.446326
v -2.155000 -2.615000 0.437118
v -2.145000 -2.615000 0.437118
v -2.135000 -2.615000 0.446326
v -2.125000 -2.615000 0.446326
v -2.115000 -2.615000 0.455534
v -2.105000 -2.615000 0.473949
v -2.095000 -2.615000 0.492365
v -2.085000 -2.615000 0.501573
v -2.075000 -2.615000 0.501573
v -2.065000 -2.615000 0.510781
v -2.045000 -2.615000 0.206369
v -2.035000 -2.615000 0.206369
v -2.025000 -2.615000 0.206369
v -2.015000 -2.615000 0.206369
v -2.005000 -2.615000 0.206369
v -1.995000 -2.615000 0.206369
v -1.985000 -2.615000 0.201679
v -1.975000 -2.615000 0.201679
v -1.965000 -2.615000 0.201679
v -1.955000 -2.615000 0.196988
v -1.945000 -2.615000 0.196988
v -1.935000 -2.615000 0.192298
v -1.925000 -2.615000 0.192298
v -1.915000 -2.615000 0.187608
v -1.905000 -2.615000 0.192298
v -1.895000 -2.615000 0.192298
v -1.885000 -2.615000 0.187608
v -1.875000 -2.615000 0.192298
v -1.865000 -2.615000 0.192298
v -1.855000 -2.615000 0.192298
v -1.845000 -2.615000 0.192298
v -1.835000 -2.615000 0.196988
v -1.825000 -2.615000 0.150086
v -2.495000 -2.605000 0.381871
v -2.485000 -2.605000 0.381871
v -2.475000 -2.605000 0.372663
v -2.465000 -2.605000 0.381871
v -2.455000 -2.605000 0.391079
v -2.445000 -2.605000 0.381871
v -2.435000 -2.605000 0.391079
v -2.425000 -2.605000 0.400286
v -2.415000 -2.605000 0.400286
v -2.405000 -2.605000 0.400286
v -2.395000 -2.605000 0.400286
v -2.385000 -2.605000 0.400286
v -2.375000 -2.605000 0.400286
v -2.365000 -2.605000 0.400286
v -2.355000 -2.605000 0.400286
v -2.345000 -2.605000 0.409494
v -2.335000 -2.605000 0.409494
v -2.325000 -2.605000 0.409494
v -2.315000 -2.605000 0.409494
v -2.305000 -2.605000 0.418702
v -2.295000 -2.605000 0.418702
v -2.285000 -2.605000 0.427910
v -2.275000 -2.605000 0.427910
v -2.265000 -2.605000 0.427910
v -2.255000 -2.605000 0.427910
v -2.245000 -2.605000 0.437118
v -2.235000 -2.605000 0.437118
v -2.225000 -2.605000 0.437118
v -2.215000 -2.605000 0.437118
v -2.205000 -2.605000 0.437118
v -2.195000 -2.605000 0.437118
v -2.185000 -2.605000 0.437118
v -2.175000 -2.605000 0.437118
v -2.165000 -2.605000 0.446326
v -2.155000 -2.605000 0.437118
v -2.145000 -2.605000 0.437118
v -2.135000 -2.605000 0.455534
v -2.125000 -2.605000 0.455534
v -2.115000 -2.605000 0.473949
v -2.105000 -2.605000 0.483157
v -2.095000 -2.605000 0.492365
v -2.085000 -2.605000 0.501573
v -2.075000 -2.605000 0.510781
v -2.045000 -2.605000 0.206369
v -2.035000 -2.605000 0.206369
v -2.025000 -2.605000 0.206369
v -2.015000 -2.605000 0.206369
v -2.005000 -2.605000 0.201679
v -1.995000 -2.605000 0.201679
v -1.985000 -2.605000 0.201679
v -1.975000 -2.605000 0.201679
v -1.965000 -2.605000 0.201679
v -1.955000 -2.605000 0.196988
v -1.945000 -2.605000 0.196988
v -1.935000 -2.605000 0.192298
v -1.925000 -2.605000 0.187608
v -1.915000 -2.605000 0.187608
v -1.905000 -2.605000 0.187608
v -1.895000 -2.605000 0.187608
v -1.885000 -2.605000 0.187608
v -1.875000 -2.605000 0.187608
v -1.865000 -2.605000 0.187608
v -1.855000 -2.605000 0.187608
v -1.845000 -2.605000 0.187608
v -1.835000 -2.605000 0.057224
v -1.825000 -2.605000 0.150086
v -2.495000 -2.595000 0.381871
v -2.485000 -2.595000 0.381871
v -2.475000 -2.595000 0.381871
v -2.465000 -2.595000 0.391079
v -2.455000 -2.595000 0.391079
v -2.445000 -2.595000 0.391079
v -2.435000 -2.595000 0.391079
v -2.425000 -2.595000 0.400286
v -2.415000 -2.595000 0.400286
v -2.405000 -2.595000 0.400286
v -2.395000 -2.595000 0.400286
v -2.385000 -2.595000 0.400286
v -2.375000 -2.595000 0.409494
v -2.365000 -2.595000 0.409494
v -2.355000 -2.595000 0.409494
v -2.345000 -2.595000 0.409494
v -2.335000 -2.595000 0.409494
v -2.325000 -2.595000 0.418702
v -2.315000 -2.595000 0.418702
v -2.305000 -2.595000 0.418702
v -2.295000 -2.595000 0.418702
v -2.285000 -2.595000 0.427910
v -2.275000 -2.595000 0.427910
v -2.265000 -2.595000 0.427910
v -2.255000 -2.595000 0.437118
v -2.245000 -2.595000 0.437118
v -2.235000 -2.595000 0.437118
v -2.225000 -2.595000 0.437118
v -2.215000 -2.595000 0.437118
v -2.205000 -2.595000 0.437118
v -2.195000 -2.595000 0.437118
v -2.185000 -2.595000 0.446326
v -2.175000 -2.595000 0.437118
v -2.165000 -2.595000 0.437118
v -2.155000 -2.595000 0.437118
v -2.145000 -2.595000 0.437118
v -2.135000 -2.595000 0.455534
v -2.125000 -2.595000 0.473949
v -2.115000 -2.595000 0.492365
v -2.105000 -2.595000 0.492365
v -2.095000 -2.595000 0.492365
v -2.085000 -2.595000 0.501573
v -2.075000 -2.595000 0.519988
v -2.065000 -2.595000 0.529196
v -2.045000 -2.595000 0.206369
v -2.035000 -2.595000 0.206369
v -2.025000 -2.595000 0.206369
v -2.015000 -2.595000 0.201679
v -2.005000 -2.595000 0.201679
v -1.995000 -2.595000 0.201679
v -1.985000 -2.595000 0.201679
v -1.975000 -2.595000 0.201679
v -1.965000 -2.595000 0.196988
v -1.955000 -2.595000 0.196988
v -1.945000 -2.595000 0.192298
v -1.935000 -2.595000 0.187608
v -1.925000 -2.595000 0.187608
v -1.915000 -2.595000 0.187608
v -1.905000 -2.595000 0.187608
v -1.895000 -2.595000 0.187608
v -1.885000 -2.595000 0.187608
v -1.875000 -2.595000 0.187608
v -1.865000 -2.595000 0.187608
v -1.855000 -2.595000 0.187608
v -1.845000 -2.595000 0.187608
v -1.835000 -2.595000 0.057224
v -2.495000 -2.585000 0.381871
v -2.485000 -2.585000 0.381871
v -2.475000 -2.585000 0.381871
v -2.465000 -2.585000 0.391079
v -2.455000 -2.585000 0.391079
v -2.445000 -2.585000 0.391079
v -2.435000 -2.585000 0.391079
v -2.425000 -2.585000 0.400286
v -2.415000 -2.585000 0.400286
v -2.405000 -2.585000 0.400286
v -2.395000 -2.585000 0.409494
v -2.385000 -2.585000 0.409494
v -2.375000 -2.585000 0.409494
v -2.365000 -2.585000 0.409494
v -2.355000 -2.585000 0.409494
v -2.345000 -2.585000 0.409494
v -2.335000 -2.585000 0.409494
v -2.325000 -2.585000 0.418702
v -2.315000 -2.585000 0.418702
v -2.305000 -2.585000 0.418702
v -2.295000 -2.585000 0.427910
v -2.285000 -2.585000 0.427910
v -2.275000 -2.585000 0.437118
v -2.265000 -2.585000 0.437118
v -2.255000 -2.585000 0.437118
v -2.245000 -2.585000 0.437118
v -2.235000 -2.585000 0.437118
v -2.225000 -2.585000 0.437118
v -2.215000 -2.585000 0.446326
v -2.205000 -2.585000 0.446326
v -2.195000 -2.585000 0.437118
v -2.185000 -2.585000 0.446326
v -2.175000 -2.585000 0.437118
v -2.165000 -2.585000 0.437118
v -2.155000 -2.585000 0.437118
v -2.145000 -2.585000 0.446326
v -2.135000 -2.585000 0.455534
v -2.125000 -2.585000 0.473949
v -2.115000 -2.585000 0.492365
v -2.105000 -2.585000 0.501573
v -2.095000 -2.585000 0.501573
v -2.085000 -2.585000 0.510781
v -2.075000 -2.585000 0.529196
v -2.045000 -2.585000 0.206369
v -2.035000 -2.585000 0.206369
v -2.025000 -2.585000 0.201679
v -2.015000 -2.585000 0.201679
v -2.005000 -2.585000 0.201679
v -1.995000 -2.585000 0.201679
v -1.985000 -2.585000 0.196988
v -1.975000 -2.585000 0.196988
v -1.965000 -2.585000 0.196988
v -1.955000 -2.585000 0.196988
v -1.945000 -2.585000 0.192298
v -1.935000 -2.585000 0.187608
v -1.925000 -2.585000 0.187608
v -1.915000 -2.585000 0.182918
v -1.905000 -2.585000 0.182918
v -1.895000 -2.585000 0.182918
v -1.885000 -2.585000 0.182918
v -1.875000 -2.585000 0.182918
v -1.865000 -2.585000 0.182918
v -1.855000 -2.585000 0.182918
v -1.845000 -2.585000 0.182918
v -1.835000 -2.585000 0.154777
v -2.495000 -2.575000 0.381871
v -2.485000 -2.575000 0.381871
v -2.475000 -2.575000 0.381871
v -2.465000 -2.575000 0.391079
v -2.455000 -2.575000 0.391079
v -2.445000 -2.575000 0.391079
v -2.435000 -2.575000 0.391079
v -2.425000 -2.575000 0.400286
v -2.415000 -2.575000 0.400286
v -2.405000 -2.575000 0.400286
v -2.395000 -2.575000 0.409494
v -2.385000 -2.575000 0.409494
v -2.375000 -2.575000 0.409494
v -2.365000 -2.575000 0.409494
v -2.355000 -2.575000 0.418702
v -2.345000 -2.575000 0.418702
v -2.335000 -2.575000 0.418702
v -2.325000 -2.575000 0.418702
v -2.315000 -2.575000 0.418702
v -2.305000 -2.575000 0.427910
v -2.295000 -2.575000 0.427910
v -2.285000 -2.575000 0.427910
v -2.275000 -2.575000 0.437118
v -2.265000 -2.575000 0.437118
v -2.255000 -2.575000 0.437118
v -2.245000 -2.575000 0.446326
v -2.235000 -2.575000 0.437118
v -2.225000 -2.575000 0.437118
v -2.215000 -2.575000 0.446326
v -2.205000 -2.575000 0.446326
v -2.195000 -2.575000 0.057224
v -2.185000 -2.575000 0.446326
v -2.175000 -2.575000 0.437118
v -2.165000 -2.575000 0.437118
v -2.155000 -2.575000 0.446326
v -2.145000 -2.575000 0.446326
v -2.135000 -2.575000 0.455534
v -2.125000 -2.575000 0.483157
v -2.115000 -2.575000 0.501573
v -2.105000 -2.575000 0.501573
v -2.095000 -2.575000 0.510781
v -2.085000 -2.575000 0.510781
v -2.055000 -2.575000 0.206369
v -2.045000 -2.575000 0.206369
v -2.035000 -2.575000 0.201679
v -2.025000 -2.575000 0.201679
v -2.015000 -2.575000 0.201679
v -2.005000 -2.575000 0.201679
v -1.995000 -2.575000 0.201679
v -1.985000 -2.575000 0.196988
v -1.975000 -2.575000 0.196988
v -1.965000 -2.575000 0.196988
v -1.955000 -2.575000 0.196988
v -1.945000 -2.575000 0.192298
v -1.935000 -2.575000 0.187608
v -1.925000 -2.575000 0.182918
v -1.915000 -2.575000 0.182918
v -1.905000 -2.575000 0.182918
v -1.895000 -2.575000 0.182918
v -1.885000 -2.575000 0.182918
v -1.875000 -2.575000 0.182918
v -1.865000 -2.575000 0.182918
v -1.855000 -2.575000 0.182918
v -1.845000 -2.575000 0.182918
v -1.835000 -2.575000 0.154777
v -2.495000 -2.565000 0.381871
v -2.485000 -2.565000 0.381871
v -2.475000 -2.565000 0.381871
v -2.465000 -2.565000 0.391079
v -2.455000 -2.565000 0.391079
v -2.445000 -2.565000 0.391079
v -2.435000 -2.565000 0.391079
v -2.425000 -2.565000 0.400286
v -2.415000 -2.565000 0.400286
v -2.405000 -2.565000 0.400286
v -2.395000 -2.565000 0.409494
v -2.385000 -2.565000 0.409494
v -2.375000 -2.565000 0.409494
v -2.365000 -2.565000 0.418702
v -2.355000 -2.565000 0.418702
v -2.345000 -2.565000 0.418702
v -2.335000 -2.565000 0.418702
v -2.325000 -2.565000 0.418702
v -2.315000 -2.565000 0.418702
v -2.305000 -2.565000 0.427910
v -2.295000 -2.565000 0.427910
v -2.285000 -2.565000 0.427910
v -2.275000 -2.565000 0.437118
v -2.265000 -2.565000 0.437118
v -2.255000 -2.565000 0.437118
v -2.245000 -2.565000 0.446326
v -2.235000 -2.565000 0.437118
v -2.225000 -2.565000 0.446326
v -2.215000 -2.565000 0.446326
v -2.205000 -2.565000 0.446326
v -2.195000 -2.565000 0.455533
v -2.185000 -2.565000 0.446326
v -2.175000 -2.565000 0.446326
v -2.165000 -2.565000 0.446326
v -2.155000 -2.565000 0.446326
v -2.145000 -2.565000 0.455533
v -2.135000 -2.565000 0.455533
v -2.125000 -2.565000 0.492365
v -2.115000 -2.565000 0.501573
v -2.105000 -2.565000 0.510781
v -2.095000 -2.565000 0.510781
v -2.085000 -2.565000 0.519988
v -2.055000 -2.565000 0.206369
v -2.045000 -2.565000 0.206369
v -2.035000 -2.565000 0.201679
v -2.025000 -2.565000 0.201679
v -2.015000 -2.565000 0.201679
v -2.005000 -2.565000 0.201679
v -1.995000 -2.565000 0.201679
v -1.985000 -2.565000 0.196988
v -1.975000 -2.565000 0.196988
v -1.965000 -2.565000 0.196988
v -1.955000 -2.565000 0.192298
v -1.945000 -2.565000 0.192298
v -1.935000 -2.565000 0.187608
v -1.925000 -2.565000 0.182918
v -1.915000 -2.565000 0.182918
v -1.905000 -2.565000 0.182918
v -1.895000 -2.565000 0.182918
v -1.885000 -2.565000 0.182918
v -1.875000 -2.565000 0.182918
v -1.865000 -2.565000 0.182918
v -1.855000 -2.565000 0.182918
v -1.845000 -2.565000 0.178228
v -1.835000 -2.565000 0.150086
v -2.495000 -2.555000 0.381871
v -2.485000 -2.555000 0.381871
v -2.475000 -2.555000 0.381871
v -2.465000 -2.555000 0.391079
v -2.455000 -2.555000 0.391079
v -2.445000 -2.555000 0.391079
v -2.435000 -2.555000 0.400286
v -2.425000 -2.555000 0.409494
v -2.415000 -2.555000 0.400286
v -2.405000 -2.555000 0.409494
v -2.395000 -2.555000 0.418702
v -2.385000 -2.555000 0.409494
v -2.375000 -2.555000 0.418702
v -2.365000 -2.555000 0.418702
v -2.355000 -2.555000 0.418702
v -2.345000 -2.555000 0.418702
v -2.335000 -2.555000 0.418702
v -2.325000 -2.555000 0.418702
v -2.315000 -2.555000 0.427910
v -2.305000 -2.555000 0.427910
v -2.295000 -2.555000 0.437118
v -2.285000 -2.555000 0.437118
v -2.275000 -2.555000 0.437118
v -2.265000 -2.555000 0.437118
v -2.255000 -2.555000 0.446326
v -2.245000 -2.555000 0.446326
v -2.235000 -2.555000 0.446326
v -2.225000 -2.555000 0.446326
v -2.215000 -2.555000 0.446326
v -2.205000 -2.555000 0.455533
v -2.195000 -2.555000 0.455533
v -2.185000 -2.555000 0.446326
v -2.175000 -2.555000 0.446326
v -2.165000 -2.555000 0.455533
v -2.155000 -2.555000 0.455533
v -2.145000 -2.555000 0.455533
v -2.135000 -2.555000 0.464741
v -2.125000 -2.555000 0.492365
v -2.115000 -2.555000 0.501573
v -2.105000 -2.555000 0.510781
v -2.095000 -2.555000 0.519988
v -2.085000 -2.555000 0.529196
v -2.075000 -2.555000 0.538404
v -2.045000 -2.555000 0.201679
v -2.035000 -2.555000 0.201679
v -2.025000 -2.555000 0.201679
v -2.015000 -2.555000 0.201679
v -2.005000 -2.555000 0.201679
v -1.995000 -2.555000 0.196988
v -1.985000 -2.555000 0.196988
v -1.975000 -2.555000 0.196988
v -1.965000 -2.555000 0.192298
v -1.955000 -2.555000 0.192298
v -1.945000 -2.555000 0.192298
v -1.935000 -2.555000 0.187608
v -1.925000 -2.555000 0.182918
v -1.915000 -2.555000 0.178228
v -1.905000 -2.555000 0.182918
v -1.895000 -2.555000 0.178228
v -1.885000 -2.555000 0.178228
v -1.875000 -2.555000 0.178228
v -1.865000 -2.555000 0.178228
v -1.855000 -2.555000 0.178228
v -1.845000 -2.555000 0.178228
v -1.835000 -2.555000 0.150086
v -2.495000 -2.545000 0.381871
v -2.485000 -2.545000 0.381871
v -2.475000 -2.545000 0.391079
v -2.465000 -2.545000 0.391079
v -2.455000 -2.545000 0.400286
v -2.445000 -2.545000 0.400286
v -2.435000 -2.545000 0.400286
v -2.425000 -2.545000 0.409494
v -2.415000 -2.545000 0.409494
v -2.405000 -2.545000 0.409494
v -2.395000 -2.545000 0.418702
v -2.385000 -2.545000 0.418702
v -2.375000 -2.545000 0.418702
v -2.365000 -2.545000 0.418702
v -2.355000 -2.545000 0.418702
v -2.345000 -2.545000 0.418702
v -2.335000 -2.545000 0.427910
v -2.325000 -2.545000 0.427910
v -2.315000 -2.545000 0.427910
v -2.305000 -2.545000 0.437118
v -2.295000 -2.545000 0.437118
v -2.285000 -2.545000 0.437118
v -2.275000 -2.545000 0.437118
v -2.265000 -2.545000 0.437118
v -2.255000 -2.545000 0.437118
v -2.245000 -2.545000 0.446326
v -2.235000 -2.545000 0.446326
v -2.225000 -2.545000 0.446326
v -2.215000 -2.545000 0.446326
v -2.205000 -2.545000 0.455533
v -2.195000 -2.545000 0.455533
v -2.185000 -2.545000 0.455533
v -2.175000 -2.545000 0.455533
v -2.165000 -2.545000 0.455533
v -2.155000 -2.545000 0.455533
v -2.145000 -2.545000 0.464741
v -2.135000 -2.545000 0.464741
v -2.125000 -2.545000 0.483157
v -2.115000 -2.545000 0.501573
v -2.105000 -2.545000 0.519988
v -2.095000 -2.545000 0.519988
v -2.085000 -2.545000 0.529196
v -2.075000 -2.545000 0.538404
v -2.065000 -2.545000 0.201679
v -2.055000 -2.545000 0.201679
v -2.045000 -2.545000 0.201679
v -2.035000 -2.545000 0.201679
v -2.025000 -2.545000 0.201679
v -2.015000 -2.545000 0.201679
v -2.005000 -2.545000 0.201679
v -1.995000 -2.545000 0.196988
v -1.985000 -2.545000 0.196988
v -1.975000 -2.545000 0.192298
v -1.965000 -2.545000 0.192298
v -1.955000 -2.545000 0.192298
v -1.945000 -2.545000 0.187608
v -1.935000 -2.545000 0.182918
v -1.925000 -2.545000 0.178228
v -1.915000 -2.545000 0.178228
v -1.905000 -2.545000 0.178228
v -1.895000 -2.545000 0.178228
v -1.885000 -2.545000 0.178228
v -1.875000 -2.545000 0.178228
v -1.865000 -2.545000 0.178228
v -1.855000 -2.545000 0.178228
v -1.845000 -2.545000 0.173537
v -1.835000 -2.545000 0.150086
v -2.495000 -2.535000 0.381871
v -2.485000 -2.535000 0.391079
v -2.475000 -2.535000 0.381871
v -2.465000 -2.535000 0.391079
v -2.455000 -2.535000 0.400286
v -2.445000 -2.535000 0.400286
v -2.435000 -2.535000 0.400286
v -2.425000 -2.535000 0.418702
v -2.415000 -2.535000 0.409494
v -2.405000 -2.535000 0.409494
v -2.395000 -2.535000 0.418702
v -2.385000 -2.535000 0.418702
v -2.375000 -2.535000 0.418702
v -2.365000 -2.535000 0.427910
v -2.355000 -2.535000 0.427910
v -2.345000 -2.535000 0.427910
v -2.335000 -2.535000 0.427910
v -2.325000 -2.535000 0.427910
v -2.315000 -2.535000 0.427910
v -2.305000 -2.535000 0.437118
v -2.295000 -2.535000 0.437118
v -2.285000 -2.535000 0.437118
v -2.275000 -2.535000 0.437118
v -2.265000 -2.535000 0.446326
v -2.255000 -2.535000 0.446326
v -2.245000 -2.535000 0.446326
v -2.235000 -2.535000 0.446326
v -2.225000 -2.535000 0.446326
v -2.215000 -2.535000 0.455533
v -2.205000 -2.535000 0.455533
v -2.195000 -2.535000 0.455533
v -2.185000 -2.535000 0.455533
v -2.175000 -2.535000 0.455533
v -2.165000 -2.535000 0.455533
v -2.155000 -2.535000 0.464741
v -2.145000 -2.535000 0.464741
v -2.135000 -2.535000 0.483157
v -2.125000 -2.535000 0.492365
v -2.115000 -2.535000 0.501573
v -2.105000 -2.535000 0.519988
v -2.095000 -2.535000 0.529196
v -2.085000 -2.535000 0.538404
v -2.065000 -2.535000 0.201679
v -2.055000 -2.535000 0.201679
v -2.045000 -2.535000 0.201679
v -2.035000 -2.535000 0.201679
v -2.025000 -2.535000 0.201679
v -2.015000 -2.535000 0.201679
v -2.005000 -2.535000 0.196988
v -1.995000 -2.535000 0.196988
v -1.985000 -2.535000 0.192298
v -1.975000 -2.535000 0.192298
v -1.965000 -2.535000 0.192298
v -1.955000 -2.535000 0.192298
v -1.945000 -2.535000 0.187608
v -1.935000 -2.535000 0.182918
v -1.925000 -2.535000 0.178228
v -1.915000 -2.535000 0.173537
v -1.905000 -2.535000 0.173537
v -1.895000 -2.535000 0.173537
v -1.885000 -2.535000 0.173537
v -1.875000 -2.535000 0.173537
v -1.865000 -2.535000 0.173537
v -1.855000 -2.535000 0.178228
v -1.845000 -2.535000 0.164157
v -1.835000 -2.535000 0.150086
v -2.495000 -2.525000 0.391079
v -2.485000 -2.525000 0.391079
v -2.475000 -2.525000 0.381871
v -2.465000 -2.525000 0.391079
v -2.455000 -2.525000 0.400286
v -2.445000 -2.525000 0.400286
v -2.435000 -2.525000 0.400286
v -2.425000 -2.525000 0.409494
v -2.415000 -2.525000 0.409494
v -2.405000 -2.525000 0.409494
v -2.395000 -2.525000 0.418702
v -2.385000 -2.525000 0.418702
v -2.375000 -2.525000 0.418702
v -2.365000 -2.525000 0.427910
v -2.355000 -2.525000 0.427910
v -2.345000 -2.525000 0.427910
v -2.335000 -2.525000 0.427910
v -2.325000 -2.525000 0.427910
v -2.315000 -2.525000 0.427910
v -2.305000 -2.525000 0.437118
v -2.295000 -2.525000 0.437118
v -2.285000 -2.525000 0.437118
v -2.275000 -2.525000 0.446326
v -2.265000 -2.525000 0.446326
v -2.255000 -2.525000 0.446326
v -2.245000 -2.525000 0.446326
v -2.235000 -2.525000 0.455533
v -2.225000 -2.525000 0.455533
v -2.215000 -2.525000 0.455533
v -2.205000 -2.525000 0.455533
v -2.195000 -2.525000 0.455533
v -2.185000 -2.525000 0.455533
v -2.175000 -2.525000 0.455533
v -2.165000 -2.525000 0.464741
v -2.155000 -2.525000 0.464741
v -2.145000 -2.525000 0.473949
v -2.135000 -2.525000 0.492365
v -2.125000 -2.525000 0.492365
v -2.115000 -2.525000 0.510781
v -2.105000 -2.525000 0.519988
v -2.095000 -2.525000 0.538404
v -2.085000 -2.525000 0.538404
v -2.055000 -2.525000 0.201679
v -2.045000 -2.525000 0.201679
v -2.035000 -2.525000 0.201679
v -2.025000 -2.525000 0.201679
v -2.015000 -2.525000 0.196988
v -2.005000 -2.525000 0.196988
v -1.995000 -2.525000 0.196988
v -1.985000 -2.525000 0.192298
v -1.975000 -2.525000 0.192298
v -1.965000 -2.525000 0.187608
v -1.955000 -2.525000 0.187608
v -1.945000 -2.525000 0.182918
v -1.935000 -2.525000 0.178228
v -1.925000 -2.525000 0.173537
v -1.915000 -2.525000 0.173537
v -1.905000 -2.525000 0.173537
v -1.895000 -2.525000 0.173537
v -1.885000 -2.525000 0.173537
v -1.875000 -2.525000 0.173537
v -1.865000 -2.525000 0.173537
v -1.855000 -2.525000 0.173537
v -1.845000 -2.525000 0.154777
v -2.495000 -2.515000 0.391079
v -2.485000 -2.515000 0.391079
v -2.475000 -2.515000 0.391079
v -2.465000 -2.515000 0.391079
v -2.455000 -2.515000 0.400286
v -2.445000 -2.515000 0.400286
v -2.435000 -2.515000 0.400286
v -2.425000 -2.515000 0.409494
v -2.415000 -2.515000 0.409494
v -2.405000 -2.515000 0.409494
v -2.395000 -2.515000 0.418702
v -2.385000 -2.515000 0.418702
v -2.375000 -2.515000 0.427910
v -2.365000 -2.515000 0.427910
v -2.355000 -2.515000 0.427910
v -2.345000 -2.515000 0.427910
v -2.335000 -2.515000 0.427910
v -2.325000 -2.515000 0.427910
v -2.315000 -2.515000 0.437118
v -2.305000 -2.515000 0.437118
v -2.295000 -2.515000 0.437118
v -2.285000 -2.515000 0.437118
v -2.275000 -2.515000 0.446326
v -2.265000 -2.515000 0.446326
v -2.255000 -2.515000 0.446326
v -2.245000 -2.515000 0.455533
v -2.235000 -2.515000 0.455533
v -2.225000 -2.515000 0.455533
v -2.215000 -2.515000 0.455533
v -2.205000 -2.515000 0.455533
v -2.195000 -2.515000 0.455533
v -2.185000 -2.515000 0.455533
v -2.175000 -2.515000 0.464741
v -2.165000 -2.515000 0.464741
v -2.155000 -2.515000 0.464741
v -2.145000 -2.515000 0.492365
v -2.135000 -2.515000 0.492365
v -2.125000 -2.515000 0.501573
v -2.115000 -2.515000 0.510781
v -2.105000 -2.515000 0.529196
v -2.095000 -2.515000 0.538404
v -2.085000 -2.515000 0.538404
v -2.055000 -2.515000 0.201679
v -2.045000 -2.515000 0.201679
v -2.035000 -2.515000 0.201679
v -2.025000 -2.515000 0.201679
v -2.015000 -2.515000 0.196988
v -2.005000 -2.515000 0.196988
v -1.995000 -2.515000 0.192298
v -1.985000 -2.515000 0.192298
v -1.975000 -2.515000 0.187608
v -1.965000 -2.515000 0.187608
v -1.955000 -2.515000 0.182918
v -1.945000 -2.515000 0.182918
v -1.935000 -2.515000 0.178228
v -1.925000 -2.515000 0.173537
v -1.915000 -2.515000 0.173537
v -1.905000 -2.515000 0.168847
v -1.895000 -2.515000 0.168847
v -1.885000 -2.515000 0.168847
v -1.875000 -2.515000 0.168847
v -1.865000 -2.515000 0.173537
v -1.855000 -2.515000 0.173537
v -1.845000 -2.515000 0.150086
v -2.495000 -2.505000 0.391079
v -2.485000 -2.505000 0.400286
v -2.475000 -2.505000 0.391079
v -2.465000 -2.505000 0.391079
v -2.455000 -2.505000 0.400286
v -2.445000 -2.505000 0.400286
v -2.435000 -2.505000 0.391079
v -2.425000 -2.505000 0.409494
v -2.415000 -2.505000 0.409494
v -2.405000 -2.505000 0.409494
v -2.395000 -2.505000 0.418702
v -2.385000 -2.505000 0.427910
v -2.375000 -2.505000 0.427910
v -2.365000 -2.505000 0.427910
v -2.355000 -2.505000 0.427910
v -2.345000 -2.505000 0.427910
v -2.335000 -2.505000 0.427910
v -2.325000 -2.505000 0.437118
v -2.315000 -2.505000 0.437118
v -2.305000 -2.505000 0.437118
v -2.295000 -2.505000 0.437118
v -2.285000 -2.505000 0.437118
v -2.275000 -2.505000 0.446326
v -2.265000 -2.505000 0.446326
v -2.255000 -2.505000 0.446326
v -2.245000 -2.505000 0.455533
v -2.235000 -2.505000 0.455533
v -2.225000 -2.505000 0.455533
v -2.215000 -2.505000 0.455533
v -2.205000 -2.505000 0.455533
v -2.195000 -2.505000 0.464741
v -2.185000 -2.505000 0.464741
v -2.175000 -2.505000 0.464741
v -2.165000 -2.505000 0.464741
v -2.155000 -2.505000 0.464741
v -2.145000 -2.505000 0.492365
v -2.135000 -2.505000 0.501573
v -2.125000 -2.505000 0.501573
v -2.115000 -2.505000 0.510781
v -2.105000 -2.505000 0.519988
v -2.095000 -2.505000 0.538404
v -2.075000 -2.505000 0.201679
v -2.065000 -2.505000 0.201679
v -2.055000 -2.505000 0.201679
v -2.045000 -2.505000 0.201679
v -2.035000 -2.505000 0.201679
v -2.025000 -2.505000 0.201679
v -2.015000 -2.505000 0.196988
v -2.005000 -2.505000 0.192298
v -1.995000 -2.505000 0.192298
v -1.985000 -2.505000 0.192298
v -1.975000 -2.505000 0.187608
v -1.965000 -2.505000 0.187608
v -1.955000 -2.505000 0.182918
v -1.945000 -2.505000 0.178228
v -1.935000 -2.505000 0.173537
v -1.925000 -2.505000 0.168847
v -1.915000 -2.505000 0.168847
v -1.905000 -2.505000 0.168847
v -1.895000 -2.505000 0.168847
v -1.885000 -2.505000 0.168847
v -1.875000 -2.505000 0.168847
v -1.865000 -2.505000 0.168847
v -1.855000 -2.505000 0.168847
v -1.845000 -2.505000 0.150086
v -2.495000 -2.495000 0.381871
v -2.485000 -2.495000 0.400286
v -2.475000 -2.495000 0.400286
v -2.465000 -2.495000 0.400286
v -2.455000 -2.495000 0.400286
v -2.445000 -2.495000 0.409494
v -2.435000 -2.495000 0.391079
v -2.425000 -2.495000 0.409494
v -2.415000 -2.495000 0.409494
v -2.405000 -2.495000 0.409494
v -2.395000 -2.495000 0.418702
v -2.385000 -2.495000 0.427910
v -2.375000 -2.495000 0.427910
v -2.365000 -2.495000 0.437118
v -2.355000 -2.495000 0.437118
v -2.345000 -2.495000 0.437118
v -2.335000 -2.495000 0.437118
v -2.325000 -2.495000 0.437118
v -2.315000 -2.495000 0.437118
v -2.305000 -2.495000 0.437118
v -2.295000 -2.495000 0.446326
v -2.285000 -2.495000 0.446326
v -2.275000 -2.495000 0.446326
v -2.265000 -2.495000 0.455533
v -2.255000 -2.495000 0.455533
v -2.245000 -2.495000 0.455533
v -2.235000 -2.495000 0.455533
v -2.225000 -2.495000 0.455533
v -2.215000 -2.495000 0.455533
v -2.205000 -2.495000 0.464741
v -2.195000 -2.495000 0.464741
v -2.185000 -2.495000 0.464741
v -2.175000 -2.495000 0.464741
v -2.165000 -2.495000 0.464741
v -2.155000 -2.495000 0.464741
v -2.145000 -2.495000 0.492365
v -2.135000 -2.495000 0.501573
v -2.125000 -2.495000 0.510781
v -2.115000 -2.495000 0.510781
v -2.105000 -2.495000 0.519988
v -2.095000 -2.495000 0.538404
v -2.065000 -2.495000 0.201679
v -2.055000 -2.495000 0.201679
v -2.045000 -2.495000 0.201679
v -2.035000 -2.495000 0.201679
v -2.025000 -2.495000 0.196988
v -2.015000 -2.495000 0.196988
v -2.005000 -2.495000 0.192298
v -1.995000 -2.495000 0.192298
v -1.985000 -2.495000 0.187608
v -1.975000 -2.495000 0.182918
v -1.965000 -2.495000 0.182918
v -1.955000 -2.495000 0.178228
v -1.945000 -2.495000 0.178228
v -1.935000 -2.495000 0.173537
v -1.925000 -2.495000 0.168847
v -1.915000 -2.495000 0.168847
v -1.905000 -2.495000 0.168847
v -1.895000 -2.495000 0.168847
v -1.885000 -2.495000 0.168847
v -1.875000 -2.495000 0.164157
v -1.865000 -2.495000 0.168847
v -1.855000 -2.495000 0.168847
v -1.845000 -2.495000 0.150086
v -2.495000 -2.485000 0.391079
v -2.485000 -2.485000 0.400286
v -2.475000 -2.485000 0.400286
v -2.465000 -2.485000 0.400286
v -2.455000 -2.485000 0.400286
v -2.445000 -2.485000 0.409494
v -2.435000 -2.485000 0.400286
v -2.425000 -2.485000 0.409494
v -2.415000 -2.485000 0.418702
v -2.405000 -2.485000 0.418702
v -2.395000 -2.485000 0.418702
v -2.385000 -2.485000 0.427910
v -2.375000 -2.485000 0.427910
v -2.365000 -2.485000 0.437118
v -2.355000 -2.485000 0.437118
v -2.345000 -2.485000 0.437118
v -2.335000 -2.485000 0.437118
v -2.325000 -2.485000 0.437118
v -2.315000 -2.485000 0.437118
v -2.305000 -2.485000 0.437118
v -2.295000 -2.485000 0.446326
v -2.285000 -2.485000 0.446326
v -2.275000 -2.485000 0.446326
v -2.265000 -2.485000 0.455533
v -2.255000 -2.485000 0.455533
v -2.245000 -2.485000 0.455533
v -2.235000 -2.485000 0.455533
v -2.225000 -2.485000 0.455533
v -2.215000 -2.485000 0.464741
v -2.205000 -2.485000 0.464741
v -2.195000 -2.485000 0.464741
v -2.185000 -2.485000 0.464741
v -2.175000 -2.485000 0.464741
v -2.165000 -2.485000 0.464741
v -2.155000 -2.485000 0.464741
v -2.145000 -2.485000 0.492365
v -2.135000 -2.485000 0.510781
v -2.125000 -2.485000 0.510781
v -2.115000 -2.485000 0.519988
v -2.105000 -2.485000 0.529196
v -2.095000 -2.485000 0.547612
v -2.065000 -2.485000 0.201679
v -2.055000 -2.485000 0.201679
v -2.045000 -2.485000 0.201679
v -2.035000 -2.485000 0.196988
v -2.025000 -2.485000 0.196988
v -2.015000 -2.485000 0.192298
v -2.005000 -2.485000 0.192298
v -1.995000 -2.485000 0.187608
v -1.985000 -2.485000 0.182918
v -1.975000 -2.485000 0.182918
v -1.965000 -2.485000 0.182918
v -1.955000 -2.485000 0.178228
v -1.945000 -2.485000 0.173537
v -1.935000 -2.485000 0.173537
v -1.925000 -2.485000 0.164157
v -1.915000 -2.485000 0.164157
v -1.905000 -2.485000 0.164157
v -1.895000 -2.485000 0.164157
v -1.885000 -2.485000 0.164157
v -1.875000 -2.485000 0.164157
v -1.865000 -2.485000 0.168847
v -1.855000 -2.485000 0.168847
v -1.845000 -2.485000 0.150086
v -2.495000 -2.475000 0.391079
v -2.485000 -2.475000 0.400286
v -2.475000 -2.475000 0.400286
v -2.465000 -2.475000 0.409494
v -2.455000 -2.475000 0.409494
v -2.445000 -2.475000 0.409494
v -2.435000 -2.475000 0.400286
v -2.425000 -2.475000 0.418702
v -2.415000 -2.475000 0.418702
v -2.405000 -2.475000 0.418702
v -2.395000 -2.475000 0.427910
v -2.385000 -2.475000 0.427910
v -2.375000 -2.475000 0.437118
v -2.365000 -2.475000 0.437118
v -2.355000 -2.475000 0.437118
v -2.345000 -2.475000 0.437118
v -2.335000 -2.475000 0.437118
v -2.325000 -2.475000 0.437118
v -2.315000 -2.475000 0.437118
v -2.305000 -2.475000 0.446326
v -2.295000 -2.475000 0.446326
v -2.285000 -2.475000 0.446326
v -2.275000 -2.475000 0.455533
v -2.265000 -2.475000 0.455533
v -2.255000 -2.475000 0.455533
v -2.245000 -2.475000 0.455533
v -2.235000 -2.475000 0.464741
v -2.225000 -2.475000 0.464741
v -2.215000 -2.475000 0.464741
v -2.205000 -2.475000 0.464741
v -2.195000 -2.475000 0.464741
v -2.185000 -2.475000 0.464741
v -2.175000 -2.475000 0.464741
v -2.165000 -2.475000 0.464741
v -2.155000 -2.475000 0.473949
v -2.145000 -2.475000 0.492365
v -2.135000 -2.475000 0.510781
v -2.125000 -2.475000 0.519988
v -2.115000 -2.475000 0.519988
v -2.105000 -2.475000 0.529196
v -2.095000 -2.475000 0.547612
v -2.065000 -2.475000 0.201679
v -2.055000 -2.475000 0.201679
v -2.045000 -2.475000 0.201679
v -2.035000 -2.475000 0.196988
v -2.025000 -2.475000 0.196988
v -2.015000 -2.475000 0.192298
v -2.005000 -2.475000 0.187608
v -1.995000 -2.475000 0.182918
v -1.985000 -2.475000 0.182918
v -1.975000 -2.475000 0.178228
v -1.965000 -2.475000 0.178228
v -1.955000 -2.475000 0.178228
v -1.945000 -2.475000 0.173537
v -1.935000 -2.475000 0.168847
v -1.925000 -2.475000 0.164157
v -1.915000 -2.475000 0.164157
v -1.905000 -2.475000 0.164157
v -1.895000 -2.475000 0.164157
v -1.885000 -2.475000 0.164157
v -1.875000 -2.475000 0.164157
v -1.865000 -2.475000 0.164157
v -1.855000 -2.475000 0.164157
v -1.845000 -2.475000 0.150086
v -2.495000 -2.465000 0.400286
v -2.485000 -2.465000 0.409494
v -2.475000 -2.465000 0.409494
v -2.465000 -2.465000 0.400286
v -2.455000 -2.465000 0.409494
v -2.445000 -2.465000 0.409494
v -2.435000 -2.465000 0.400286
v -2.425000 -2.465000 0.418702
v -2.415000 -2.465000 0.427910
v -2.405000 -2.465000 0.427910
v -2.395000 -2.465000 0.427910
v -2.385000 -2.465000 0.437118
v -2.375000 -2.465000 0.437118
v -2.365000 -2.465000 0.437118
v -2.355000 -2.465000 0.437118
v -2.345000 -2.465000 0.437118
v -2.335000 -2.465000 0.437118
v -2.325000 -2.465000 0.446326
v -2.315000 -2.465000 0.446326
v -2.305000 -2.465000 0.446326
v -2.295000 -2.465000 0.455533
v -2.285000 -2.465000 0.455533
v -2.275000 -2.465000 0.455533
v -2.265000 -2.465000 0.455533
v -2.255000 -2.465000 0.455533
v -2.245000 -2.465000 0.455533
v -2.235000 -2.465000 0.464741
v -2.225000 -2.465000 0.464741
v -2.215000 -2.465000 0.464741
v -2.205000 -2.465000 0.464741
v -2.195000 -2.465000 0.464741
v -2.185000 -2.465000 0.464741
v -2.175000 -2.465000 0.464741
v -2.165000 -2.465000 0.464741
v -2.155000 -2.465000 0.473949
v -2.145000 -2.465000 0.501573
v -2.135000 -2.465000 0.519988
v -2.125000 -2.465000 0.519988
v -2.115000 -2.465000 0.519988
v -2.105000 -2.465000 0.529196
v -2.075000 -2.465000 0.201679
v -2.065000 -2.465000 0.201679
v -2.055000 -2.465000 0.201679
v -2.045000 -2.465000 0.201679
v -2.035000 -2.465000 0.196988
v -2.025000 -2.465000 0.192298
v -2.015000 -2.465000 0.187608
v -2.005000 -2.465000 0.182918
v -1.995000 -2.465000 0.182918
v -1.985000 -2.465000 0.178228
v -1.975000 -2.465000 0.178228
v -1.965000 -2.465000 0.178228
v -1.955000 -2.465000 0.173537
v -1.945000 -2.465000 0.173537
v -1.935000 -2.465000 0.168847
v -1.925000 -2.465000 0.164157
v -1.915000 -2.465000 0.164157
v -1.905000 -2.465000 0.164157
v -1.895000 -2.465000 0.164157
v -1.885000 -2.465000 0.164157
v -1.875000 -2.465000 0.164157
v -1.865000 -2.465000 0.164157
v -1.855000 -2.465000 0.164157
v -1.845000 -2.465000 0.150086
v -2.495000 -2.455000 0.400286
v -2.485000 -2.455000 0.409494
v -2.475000 -2.455000 0.409494
v -2.465000 -2.455000 0.400286
v -2.455000 -2.455000 0.409494
v -2.445000 -2.455000 0.418702
v -2.435000 -2.455000 0.409494
v -2.425000 -2.455000 0.418702
v -2.415000 -2.455000 0.427910
v -2.405000 -2.455000 0.427910
v -2.395000 -2.455000 0.427910
v -2.385000 -2.455000 0.437118
v -2.375000 -2.455000 0.437118
v -2.365000 -2.455000 0.437118
v -2.355000 -2.455000 0.437118
v -2.345000 -2.455000 0.437118
v -2.335000 -2.455000 0.446326
v -2.325000 -2.455000 0.446326
v -2.315000 -2.455000 0.446326
v -2.305000 -2.455000 0.446326
v -2.295000 -2.455000 0.455533
v -2.285000 -2.455000 0.455533
v -2.275000 -2.455000 0.455533
v -2.265000 -2.455000 0.455533
v -2.255000 -2.455000 0.455533
v -2.245000 -2.455000 0.464741
v -2.235000 -2.455000 0.464741
v -2.225000 -2.455000 0.464741
v -2.215000 -2.455000 0.464741
v -2.205000 -2.455000 0.464741
v -2.195000 -2.455000 0.464741
v -2.185000 -2.455000 0.473949
v -2.175000 -2.455000 0.473949
v -2.165000 -2.455000 0.473949
v -2.155000 -2.455000 0.473949
v -2.145000 -2.455000 0.501573
v -2.135000 -2.455000 0.519988
v -2.125000 -2.455000 0.519988
v -2.115000 -2.455000 0.529196
v -2.105000 -2.455000 0.529196
v -2.095000 -2.455000 0.547612
v -2.075000 -2.455000 0.201679
v -2.065000 -2.455000 0.201679
v -2.055000 -2.455000 0.201679
v -2.045000 -2.455000 0.196988
v -2.035000 -2.455000 0.196988
v -2.025000 -2.455000 0.192298
v -2.015000 -2.455000 0.182918
v -2.005000 -2.455000 0.182918
v -1.995000 -2.455000 0.178228
v -1.985000 -2.455000 0.178228
v -1.975000 -2.455000 0.178228
v -1.965000 -2.455000 0.178228
v -1.955000 -2.455000 0.173537
v -1.945000 -2.455000 0.173537
v -1.935000 -2.455000 0.164157
v -1.925000 -2.455000 0.159467
v -1.915000 -2.455000 0.164157
v -1.905000 -2.455000 0.164157
v -1.895000 -2.455000 0.164157
v -1.885000 -2.455000 0.159467
v -1.875000 -2.455000 0.159467
v -1.865000 -2.455000 0.164157
v -1.855000 -2.455000 0.159467
v -1.845000 -2.455000 0.150086
v -2.495000 -2.445000 0.400286
v -2.485000 -2.445000 0.409494
v -2.475000 -2.445000 0.409494
v -2.465000 -2.445000 0.409494
v -2.455000 -2.445000 0.418702
v -2.445000 -2.445000 0.418702
v -2.435000 -2.445000 0.418702
v -2.425000 -2.445000 0.427910
v -2.415000 -2.445000 0.427910
v -2.405000 -2.445000 0.427910
v -2.395000 -2.445000 0.427910
v -2.385000 -2.445000 0.437118
v -2.375000 -2.445000 0.437118
v -2.365000 -2.445000 0.437118
v -2.355000 -2.445000 0.446326
v -2.345000 -2.445000 0.446326
v -2.335000 -2.445000 0.446326
v -2.325000 -2.445000 0.446326
v -2.315000 -2.445000 0.446326
v -2.305000 -2.445000 0.455533
v -2.295000 -2.445000 0.455533
v -2.285000 -2.445000 0.455533
v -2.275000 -2.445000 0.455533
v -2.265000 -2.445000 0.455533
v -2.255000 -2.445000 0.464741
v -2.245000 -2.445000 0.464741
v -2.235000 -2.445000 0.464741
v -2.225000 -2.445000 0.464741
v -2.215000 -2.445000 0.464741
v -2.205000 -2.445000 0.464741
v -2.195000 -2.445000 0.473949
v -2.185000 -2.445000 0.473949
v -2.175000 -2.445000 0.473949
v -2.165000 -2.445000 0.473949
v -2.155000 -2.445000 0.473949
v -2.145000 -2.445000 0.492365
v -2.135000 -2.445000 0.519988
v -2.125000 -2.445000 0.519988
v -2.115000 -2.445000 0.529196
v -2.105000 -2.445000 0.529196
v -2.095000 -2.445000 0.556820
v -2.085000 -2.445000 0.196988
v -2.075000 -2.445000 0.201679
v -2.065000 -2.445000 0.201679
v -2.055000 -2.445000 0.201679
v -2.045000 -2.445000 0.196988
v -2.035000 -2.445000 0.192298
v -2.025000 -2.445000 0.187608
v -2.015000 -2.445000 0.182918
v -2.005000 -2.445000 0.178228
v -1.995000 -2.445000 0.178228
v -1.985000 -2.445000 0.178228
v -1.975000 -2.445000 0.178228
v -1.965000 -2.445000 0.178228
v -1.955000 -2.445000 0.173537
v -1.945000 -2.445000 0.173537
v -1.935000 -2.445000 0.164157
v -1.925000 -2.445000 0.159467
v -1.915000 -2.445000 0.159467
v -1.905000 -2.445000 0.159467
v -1.895000 -2.445000 0.159467
v -1.885000 -2.445000 0.159467
v -1.875000 -2.445000 0.159467
v -1.865000 -2.445000 0.159467
v -1.855000 -2.445000 0.159467
v -1.845000 -2.445000 0.150086
v -2.495000 -2.435000 0.409494
v -2.485000 -2.435000 0.418702
v -2.475000 -2.435000 0.418702
v -2.465000 -2.435000 0.409494
v -2.455000 -2.435000 0.418702
v -2.445000 -2.435000 0.427910
v -2.435000 -2.435000 0.427910
v -2.425000 -2.435000 0.427910
v -2.415000 -2.435000 0.427910
v -2.405000 -2.435000 0.427910
v -2.395000 -2.435000 0.427910
v -2.385000 -2.435000 0.437118
v -2.375000 -2.435000 0.437118
v -2.365000 -2.435000 0.437118
v -2.355000 -2.435000 0.446326
v -2.345000 -2.435000 0.446326
v -2.335000 -2.435000 0.446326
v -2.325000 -2.435000 0.446326
v -2.315000 -2.435000 0.455533
v -2.305000 -2.435000 0.455533
v -2.295000 -2.435000 0.455533
v -2.285000 -2.435000 0.455533
v -2.275000 -2.435000 0.455533
v -2.265000 -2.435000 0.455533
v -2.255000 -2.435000 0.464741
v -2.245000 -2.435000 0.464741
v -2.235000 -2.435000 0.464741
v -2.225000 -2.435000 0.464741
v -2.215000 -2.435000 0.464741
v -2.205000 -2.435000 0.473949
v -2.195000 -2.435000 0.473949
v -2.185000 -2.435000 0.473949
v -2.175000 -2.435000 0.473949
v -2.165000 -2.435000 0.473949
v -2.155000 -2.435000 0.473949
v -2.145000 -2.435000 0.492365
v -2.135000 -2.435000 0.519988
v -2.125000 -2.435000 0.529196
v -2.115000 -2.435000 0.529196
v -2.105000 -2.435000 0.529196
v -2.095000 -2.435000 0.556820
v -2.085000 -2.435000 0.196988
v -2.075000 -2.435000 0.201679
v -2.065000 -2.435000 0.196988
v -2.055000 -2.435000 0.196988
v -2.045000 -2.435000 0.192298
v -2.035000 -2.435000 0.187608
v -2.025000 -2.435000 0.182918
v -2.015000 -2.435000 0.178228
v -2.005000 -2.435000 0.178228
v -1.995000 -2.435000 0.178228
v -1.985000 -2.435000 0.178228
v -1.975000 -2.435000 0.178228
v -1.965000 -2.435000 0.173537
v -1.955000 -2.435000 0.173537
v -1.945000 -2.435000 0.173537
v -1.935000 -2.435000 0.164157
v -1.925000 -2.435000 0.159467
v -1.915000 -2.435000 0.159467
v -1.905000 -2.435000 0.159467
v -1.895000 -2.435000 0.159467
v -1.885000 -2.435000 0.159467
v -1.875000 -2.435000 0.159467
v -1.865000 -2.435000 0.159467
v -1.855000 -2.435000 0.159467
v -1.845000 -2.435000 0.150086
v -2.495000 -2.425000 0.409494
v -2.485000 -2.425000 0.418702
v -2.475000 -2.425000 0.427910
v -2.465000 -2.425000 0.418702
v -2.455000 -2.425000 0.418702
v -2.445000 -2.425000 0.427910
v -2.435000 -2.425000 0.427910
v -2.425000 -2.425000 0.427910
v -2.415000 -2.425000 0.437118
v -2.405000 -2.425000 0.437118
v -2.395000 -2.425000 0.437118
v -2.385000 -2.425000 0.437118
v -2.375000 -2.425000 0.437118
v -2.365000 -2.425000 0.437118
v -2.355000 -2.425000 0.446326
v -2.345000 -2.425000 0.446326
v -2.335000 -2.425000 0.446326
v -2.325000 -2.425000 0.455533
v -2.315000 -2.425000 0.455533
v -2.305000 -2.425000 0.455533
v -2.295000 -2.425000 0.455533
v -2.285000 -2.425000 0.455533
v -2.275000 -2.425000 0.455533
v -2.265000 -2.425000 0.464741
v -2.255000 -2.425000 0.464741
v -2.245000 -2.425000 0.464741
v -2.235000 -2.425000 0.464741
v -2.225000 -2.425000 0.464741
v -2.215000 -2.425000 0.464741
v -2.205000 -2.425000 0.473949
v -2.195000 -2.425000 0.473949
v -2.185000 -2.425000 0.473949
v -2.175000 -2.425000 0.473949
v -2.165000 -2.425000 0.473949
v -2.155000 -2.425000 0.473949
v -2.145000 -2.425000 0.492365
v -2.135000 -2.425000 0.519988
v -2.125000 -2.425000 0.529196
v -2.115000 -2.425000 0.529196
v -2.105000 -2.425000 0.529196
v -2.095000 -2.425000 0.566028
v -2.085000 -2.425000 0.196988
v -2.075000 -2.425000 0.201679
v -2.065000 -2.425000 0.196988
v -2.055000 -2.425000 0.196988
v -2.045000 -2.425000 0.192298
v -2.035000 -2.425000 0.187608
v -2.025000 -2.425000 0.182918
v -2.015000 -2.425000 0.178228
v -2.005000 -2.425000 0.178228
v -1.995000 -2.425000 0.178228
v -1.985000 -2.425000 0.178228
v -1.975000 -2.425000 0.173537
v -1.965000 -2.425000 0.173537
v -1.955000 -2.425000 0.173537
v -1.945000 -2.425000 0.173537
v -1.935000 -2.425000 0.159467
v -1.925000 -2.425000 0.159467
v -1.915000 -2.425000 0.159467
v -1.905000 -2.425000 0.159467
v -1.895000 -2.425000 0.159467
v -1.885000 -2.425000 0.159467
v -1.875000 -2.425000 0.159467
v -1.865000 -2.425000 0.159467
v -1.855000 -2.425000 0.159467
v -1.845000 -2.425000 0.150086
v -2.495000 -2.415000 0.409494
v -2.485000 -2.415000 0.418702
v -2.475000 -2.415000 0.427910
v -2.465000 -2.415000 0.427910
v -2.455000 -2.415000 0.418702
v -2.445000 -2.415000 0.427910
v -2.435000 -2.415000 0.427910
v -2.425000 -2.415000 0.427910
v -2.415000 -2.415000 0.437118
v -2.405000 -2.415000 0.437118
v -2.395000 -2.415000 0.437118
v -2.385000 -2.415000 0.437118
v -2.375000 -2.415000 0.437118
v -2.365000 -2.415000 0.446326
v -2.355000 -2.415000 0.446326
v -2.345000 -2.415000 0.446326
v -2.335000 -2.415000 0.446326
v -2.325000 -2.415000 0.455533
v -2.315000 -2.415000 0.455533
v -2.305000 -2.415000 0.455533
v -2.295000 -2.415000 0.455533
v -2.285000 -2.415000 0.455533
v -2.275000 -2.415000 0.455533
v -2.265000 -2.415000 0.455533
v -2.255000 -2.415000 0.464741
v -2.245000 -2.415000 0.464741
v -2.235000 -2.415000 0.464741
v -2.225000 -2.415000 0.464741
v -2.215000 -2.415000 0.464741
v -2.205000 -2.415000 0.473949
v -2.195000 -2.415000 0.473949
v -2.185000 -2.415000 0.473949
v -2.175000 -2.415000 0.473949
v -2.165000 -2.415000 0.483157
v -2.155000 -2.415000 0.483157
v -2.145000 -2.415000 0.492365
v -2.135000 -2.415000 0.519988
v -2.125000 -2.415000 0.529196
v -2.115000 -2.415000 0.529196
v -2.105000 -2.415000 0.529196
v -2.095000 -2.415000 0.556820
v -2.085000 -2.415000 0.196988
v -2.075000 -2.415000 0.196988
v -2.065000 -2.415000 0.196988
v -2.055000 -2.415000 0.192298
v -2.045000 -2.415000 0.192298
v -2.035000 -2.415000 0.182918
v -2.025000 -2.415000 0.178228
v -2.015000 -2.415000 0.178228
v -2.005000 -2.415000 0.178228
v -1.995000 -2.415000 0.178228
v -1.985000 -2.415000 0.178228
v -1.975000 -2.415000 0.173537
v -1.965000 -2.415000 0.173537
v -1.955000 -2.415000 0.173537
v -1.945000 -2.415000 0.173537
v -1.935000 -2.415000 0.159467
v -1.925000 -2.415000 0.159467
v -1.915000 -2.415000 0.159467
v -1.905000 -2.415000 0.159467
v -1.895000 -2.415000 0.159467
v -1.885000 -2.415000 0.159467
v -1.875000 -2.415000 0.159467
v -1.865000 -2.415000 0.159467
v -1.855000 -2.415000 0.154777
v -1.845000 -2.415000 0.150086
v -2.495000 -2.405000 0.418702
v -2.485000 -2.405000 0.418702
v -2.475000 -2.405000 0.427910
v -2.465000 -2.405000 0.418702
v -2.455000 -2.405000 0.427910
v -2.445000 -2.405000 0.427910
v -2.435000 -2.405000 0.427910
v -2.425000 -2.405000 0.427910
v -2.415000 -2.405000 0.437118
v -2.405000 -2.405000 0.437118
v -2.395000 -2.405000 0.437118
v -2.385000 -2.405000 0.437118
v -2.375000 -2.405000 0.446326
v -2.365000 -2.405000 0.446326
v -2.355000 -2.405000 0.446326
v -2.345000 -2.405000 0.446326
v -2.335000 -2.405000 0.446326
v -2.325000 -2.405000 0.455533
v -2.315000 -2.405000 0.455533
v -2.305000 -2.405000 0.455533
v -2.295000 -2.405000 0.455533
v -2.285000 -2.405000 0.455533
v -2.275000 -2.405000 0.455533
v -2.265000 -2.405000 0.455533
v -2.255000 -2.405000 0.464741
v -2.245000 -2.405000 0.464741
v -2.235000 -2.405000 0.464741
v -2.225000 -2.405000 0.464741
v -2.215000 -2.405000 0.464741
v -2.205000 -2.405000 0.473949
v -2.195000 -2.405000 0.473949
v -2.185000 -2.405000 0.473949
v -2.175000 -2.405000 0.473949
v -2.165000 -2.405000 0.483157
v -2.155000 -2.405000 0.483157
v -2.145000 -2.405000 0.492365
v -2.135000 -2.405000 0.519988
v -2.125000 -2.405000 0.529196
v -2.115000 -2.405000 0.529196
v -2.105000 -2.405000 0.529196
v -2.095000 -2.405000 0.566028
v -2.085000 -2.405000 0.192298
v -2.075000 -2.405000 0.196988
v -2.065000 -2.405000 0.196988
v -2.055000 -2.405000 0.192298
v -2.045000 -2.405000 0.187608
v -2.035000 -2.405000 0.182918
v -2.025000 -2.405000 0.178228
v -2.015000 -2.405000 0.178228
v -2.005000 -2.405000 0.178228
v -1.995000 -2.405000 0.178228
v -1.985000 -2.405000 0.178228
v -1.975000 -2.405000 0.173537
v -1.965000 -2.405000 0.173537
v -1.955000 -2.405000 0.173537
v -1.945000 -2.405000 0.173537
v -1.935000 -2.405000 0.159467
v -1.925000 -2.405000 0.159467
v -1.915000 -2.405000 0.159467
v -1.905000 -2.405000 0.159467
v -1.895000 -2.405000 0.159467
v -1.885000 -2.405000 0.159467
v -1.875000 -2.405000 0.159467
v -1.865000 -2.405000 0.159467
v -1.855000 -2.405000 0.154777
v -1.845000 -2.405000 0.150086
v -2.495000 -2.395000 0.418702
v -2.485000 -2.395000 0.418702
v -2.475000 -2.395000 0.427910
v -2.465000 -2.395000 0.427910
v -2.455000 -2.395000 0.427910
v -2.445000 -2.395000 0.427910
v -2.435000 -2.395000 0.437118
v -2.425000 -2.395000 0.437118
v -2.415000 -2.395000 0.437118
v -2.405000 -2.395000 0.437118
v -2.395000 -2.395000 0.437118
v -2.385000 -2.395000 0.437118
v -2.375000 -2.395000 0.446326
v -2.365000 -2.395000 0.446326
v -2.355000 -2.395000 0.446326
v -2.345000 -2.395000 0.446326
v -2.335000 -2.395000 0.446326
v -2.325000 -2.395000 0.455533
v -2.315000 -2.395000 0.455533
v -2.305000 -2.395000 0.455533
v -2.295000 -2.395000 0.455533
v -2.285000 -2.395000 0.455533
v -2.275000 -2.395000 0.455533
v -2.265000 -2.395000 0.455533
v -2.255000 -2.395000 0.464741
v -2.245000 -2.395000 0.464741
v -2.235000 -2.395000 0.464741
v -2.225000 -2.395000 0.464741
v -2.215000 -2.395000 0.464741
v -2.205000 -2.395000 0.473949
v -2.195000 -2.395000 0.473949
v -2.185000 -2.395000 0.473949
v -2.175000 -2.395000 0.473949
v -2.165000 -2.395000 0.483157
v -2.155000 -2.395000 0.483157
v -2.145000 -2.395000 0.492365
v -2.135000 -2.395000 0.519988
v -2.125000 -2.395000 0.529196
v -2.115000 -2.395000 0.529196
v -2.105000 -2.395000 0.529196
v -2.095000 -2.395000 0.566028
v -2.085000 -2.395000 0.192298
v -2.075000 -2.395000 0.196988
v -2.065000 -2.395000 0.192298
v -2.055000 -2.395000 0.192298
v -2.045000 -2.395000 0.182918
v -2.035000 -2.395000 0.178228
v -2.025000 -2.395000 0.178228
v -2.015000 -2.395000 0.178228
v -2.005000 -2.395000 0.178228
v -1.995000 -2.395000 0.178228
v -1.985000 -2.395000 0.178228
v -1.975000 -2.395000 0.173537
v -1.965000 -2.395000 0.173537
v -1.955000 -2.395000 0.173537
v -1.945000 -2.395000 0.173537
v -1.935000 -2.395000 0.159467
v -1.925000 -2.395000 0.159467
v -1.915000 -2.395000 0.159467
v -1.905000 -2.395000 0.159467
v -1.895000 -2.395000 0.159467
v -1.885000 -2.395000 0.159467
v -1.875000 -2.395000 0.159467
v -1.865000 -2.395000 0.159467
v -1.855000 -2.395000 0.154777
v -1.845000 -2.395000 0.150086
v -2.495000 -2.385000 0.418702
v -2.485000 -2.385000 0.418702
v -2.475000 -2.385000 0.427910
v -2.465000 -2.385000 0.427910
v -2.455000 -2.385000 0.427910
v -2.445000 -2.385000 0.427910
v -2.435000 -2.385000 0.437118
v -2.425000 -2.385000 0.437118
v -2.415000 -2.385000 0.437118
v -2.405000 -2.385000 0.437118
v -2.395000 -2.385000 0.437118
v -2.385000 -2.385000 0.446326
v -2.375000 -2.385000 0.446326
v -2.365000 -2.385000 0.446326
v -2.355000 -2.385000 0.446326
v -2.345000 -2.385000 0.446326
v -2.335000 -2.385000 0.446326
v -2.325000 -2.385000 0.455533
v -2.315000 -2.385000 0.455533
v -2.305000 -2.385000 0.455533
v -2.295000 -2.385000 0.455533
v -2.285000 -2.385000 0.455533
v -2.275000 -2.385000 0.455533
v -2.265000 -2.385000 0.455533
v -2.255000 -2.385000 0.455533
v -2.245000 -2.385000 0.464741
v -2.235000 -2.385000 0.464741
v -2.225000 -2.385000 0.464741
v -2.215000 -2.385000 0.464741
v -2.205000 -2.385000 0.473949
v -2.195000 -2.385000 0.473949
v -2.185000 -2.385000 0.473949
v -2.175000 -2.385000 0.473949
v -2.165000 -2.385000 0.473949
v -2.155000 -2.385000 0.483157
v -2.145000 -2.385000 0.492365
v -2.135000 -2.385000 0.519988
v -2.125000 -2.385000 0.529196
v -2.115000 -2.385000 0.529196
v -2.105000 -2.385000 0.529196
v -2.095000 -2.385000 0.566028
v -2.085000 -2.385000 0.192298
v -2.075000 -2.385000 0.192298
v -2.065000 -2.385000 0.192298
v -2.055000 -2.385000 0.187608
v -2.045000 -2.385000 0.178228
v -2.035000 -2.385000 0.178228
v -2.025000 -2.385000 0.178228
v -2.015000 -2.385000 0.178228
v -2.005000 -2.385000 0.178228
v -1.995000 -2.385000 0.178228
v -1.985000 -2.385000 0.178228
v -1.975000 -2.385000 0.173537
v -1.965000 -2.385000 0.173537
v -1.955000 -2.385000 0.173537
v -1.945000 -2.385000 0.168847
v -1.935000 -2.385000 0.159467
v -1.925000 -2.385000 0.159467
v -1.915000 -2.385000 0.159467
v -1.905000 -2.385000 0.159467
v -1.895000 -2.385000 0.159467
v -1.885000 -2.385000 0.154777
v -1.875000 -2.385000 0.154777
v -1.865000 -2.385000 0.154777
v -1.855000 -2.385000 0.154777
v -1.845000 -2.385000 0.150086
v -2.495000 -2.375000 0.427910
v -2.485000 -2.375000 0.418702
v -2.475000 -2.375000 0.427910
v -2.465000 -2.375000 0.427910
v -2.455000 -2.375000 0.427910
v -2.445000 -2.375000 0.427910
v -2.435000 -2.375000 0.437118
v -2.425000 -2.375000 0.437118
v -2.415000 -2.375000 0.437118
v -2.405000 -2.375000 0.437118
v -2.395000 -2.375000 0.437118
v -2.385000 -2.375000 0.446326
v -2.375000 -2.375000 0.446326
v -2.365000 -2.375000 0.446326
v -2.355000 -2.375000 0.446326
v -2.345000 -2.375000 0.446326
v -2.335000 -2.375000 0.446326
v -2.325000 -2.375000 0.455533
v -2.315000 -2.375000 0.455533
v -2.305000 -2.375000 0.455533
v -2.295000 -2.375000 0.455533
v -2.285000 -2.375000 0.455533
v -2.275000 -2.375000 0.455533
v -2.265000 -2.375000 0.455533
v -2.255000 -2.375000 0.455533
v -2.245000 -2.375000 0.455533
v -2.235000 -2.375000 0.464741
v -2.225000 -2.375000 0.464741
v -2.215000 -2.375000 0.464741
v -2.205000 -2.375000 0.473949
v -2.195000 -2.375000 0.473949
v -2.185000 -2.375000 0.473949
v -2.175000 -2.375000 0.473949
v -2.165000 -2.375000 0.483157
v -2.155000 -2.375000 0.483157
v -2.145000 -2.375000 0.492365
v -2.135000 -2.375000 0.519988
v -2.125000 -2.375000 0.529196
v -2.115000 -2.375000 0.529196
v -2.085000 -2.375000 0.187608
v -2.075000 -2.375000 0.192298
v -2.065000 -2.375000 0.187608
v -2.055000 -2.375000 0.178228
v -2.045000 -2.375000 0.178228
v -2.035000 -2.375000 0.178228
v -2.025000 -2.375000 0.178228
v -2.015000 -2.375000 0.178228
v -2.005000 -2.375000 0.178228
v -1.995000 -2.375000 0.178228
v -1.985000 -2.375000 0.178228
v -1.975000 -2.375000 0.173537
v -1.965000 -2.375000 0.173537
v -1.955000 -2.375000 0.173537
v -1.945000 -2.375000 0.164157
v -1.935000 -2.375000 0.159467
v -1.925000 -2.375000 0.154777
v -1.915000 -2.375000 0.154777
v -1.905000 -2.375000 0.154777
v -1.895000 -2.375000 0.154777
v -1.885000 -2.375000 0.154777
v -1.875000 -2.375000 0.154777
v -1.865000 -2.375000 0.154777
v -1.855000 -2.375000 0.154777
v -1.845000 -2.375000 0.150086
v -2.495000 -2.365000 0.427910
v -2.485000 -2.365000 0.427910
v -2.475000 -2.365000 0.427910
v -2.465000 -2.365000 0.427910
v -2.455000 -2.365000 0.427910
v -2.445000 -2.365000 0.437118
v -2.435000 -2.365000 0.437118
v -2.425000 -2.365000 0.437118
v -2.415000 -2.365000 0.437118
v -2.405000 -2.365000 0.437118
v -2.395000 -2.365000 0.437118
v -2.385000 -2.365000 0.446326
v -2.375000 -2.365000 0.446326
v -2.365000 -2.365000 0.446326
v -2.355000 -2.365000 0.446326
v -2.345000 -2.365000 0.446326
v -2.335000 -2.365000 0.446326
v -2.325000 -2.365000 0.455533
v -2.315000 -2.365000 0.455533
v -2.305000 -2.365000 0.455533
v -2.295000 -2.365000 0.455533
v -2.285000 -2.365000 0.455533
v -2.275000 -2.365000 0.455533
v -2.265000 -2.365000 0.455533
v -2.255000 -2.365000 0.455533
v -2.245000 -2.365000 0.464741
v -2.235000 -2.365000 0.464741
v -2.225000 -2.365000 0.464741
v -2.215000 -2.365000 0.464741
v -2.205000 -2.365000 0.464741
v -2.195000 -2.365000 0.473949
v -2.185000 -2.365000 0.473949
v -2.175000 -2.365000 0.473949
v -2.165000 -2.365000 0.473949
v -2.155000 -2.365000 0.483157
v -2.145000 -2.365000 0.492365
v -2.135000 -2.365000 0.519988
v -2.125000 -2.365000 0.529196
v -2.115000 -2.365000 0.529196
v -2.105000 -2.365000 0.529196
v -2.085000 -2.365000 0.187608
v -2.075000 -2.365000 0.187608
v -2.065000 -2.365000 0.182918
v -2.055000 -2.365000 0.178228
v -2.045000 -2.365000 0.178228
v -2.035000 -2.365000 0.178228
v -2.025000 -2.365000 0.178228
v -2.015000 -2.365000 0.178228
v -2.005000 -2.365000 0.178228
v -1.995000 -2.365000 0.178228
v -1.985000 -2.365000 0.178228
v -1.975000 -2.365000 0.178228
v -1.965000 -2.365000 0.173537
v -1.955000 -2.365000 0.173537
v -1.945000 -2.365000 0.159467
v -1.935000 -2.365000 0.154777
v -1.925000 -2.365000 0.154777
v -1.915000 -2.365000 0.154777
v -1.905000 -2.365000 0.154777
v -1.895000 -2.365000 0.154777
v -1.885000 -2.365000 0.154777
v -1.875000 -2.365000 0.154777
v -1.865000 -2.365000 0.154777
v -1.855000 -2.365000 0.154777
v -1.845000 -2.365000 0.150086
v -2.495000 -2.355000 0.427910
v -2.485000 -2.355000 0.427910
v -2.475000 -2.355000 0.427910
v -2.465000 -2.355000 0.427910
v -2.455000 -2.355000 0.427910
v -2.445000 -2.355000 0.437118
v -2.435000 -2.355000 0.437118
v -2.425000 -2.355000 0.437118
v -2.415000 -2.355000 0.437118
v -2.405000 -2.355000 0.437118
v -2.395000 -2.355000 0.437118
v -2.385000 -2.355000 0.437118
v -2.375000 -2.355000 0.446326
v -2.365000 -2.355000 0.446326
v -2.355000 -2.355000 0.446326
v -2.345000 -2.355000 0.446326
v -2.335000 -2.355000 0.446326
v -2.325000 -2.355000 0.446326
v -2.315000 -2.355000 0.455533
v -2.305000 -2.355000 0.455533
v -2.295000 -2.355000 0.455533
v -2.285000 -2.355000 0.455533
v -2.275000 -2.355000 0.455533
v -2.265000 -2.355000 0.455533
v -2.255000 -2.355000 0.455533
v -2.245000 -2.355000 0.455533
v -2.235000 -2.355000 0.464741
v -2.225000 -2.355000 0.464741
v -2.215000 -2.355000 0.464741
v -2.205000 -2.355000 0.464741
v -2.195000 -2.355000 0.473949
v -2.185000 -2.355000 0.473949
v -2.175000 -2.355000 0.473949
v -2.165000 -2.355000 0.473949
v -2.155000 -2.355000 0.483157
v -2.145000 -2.355000 0.492365
v -2.135000 -2.355000 0.519988
v -2.125000 -2.355000 0.529196
v -2.115000 -2.355000 0.529196
v -2.105000 -2.355000 0.529196
v -2.085000 -2.355000 0.182918
v -2.075000 -2.355000 0.182918
v -2.065000 -2.355000 0.178228
v -2.055000 -2.355000 0.178228
v -2.045000 -2.355000 0.178228
v -2.035000 -2.355000 0.178228
v -2.025000 -2.355000 0.178228
v -2.015000 -2.355000 0.178228
v -2.005000 -2.355000 0.178228
v -1.995000 -2.355000 0.178228
v -1.985000 -2.355000 0.178228
v -1.975000 -2.355000 0.178228
v -1.965000 -2.355000 0.173537
v -1.955000 -2.355000 0.173537
v -1.945000 -2.355000 0.159467
v -1.935000 -2.355000 0.154777
v -1.925000 -2.355000 0.154777
v -1.915000 -2.355000 0.154777
v -1.905000 -2.355000 0.154777
v -1.895000 -2.355000 0.154777
v -1.885000 -2.355000 0.154777
v -1.875000 -2.355000 0.154777
v -1.865000 -2.355000 0.154777
v -1.855000 -2.355000 0.154777
v -1.845000 -2.355000 0.150086
v -2.495000 -2.345000 0.427910
v -2.485000 -2.345000 0.427910
v -2.475000 -2.345000 0.427910
v -2.465000 -2.345000 0.427910
v -2.455000 -2.345000 0.427910
v -2.445000 -2.345000 0.437118
v -2.435000 -2.345000 0.437118
v -2.425000 -2.345000 0.437118
v -2.415000 -2.345000 0.437118
v -2.405000 -2.345000 0.437118
v -2.395000 -2.345000 0.437118
v -2.385000 -2.345000 0.437118
v -2.375000 -2.345000 0.446326
v -2.365000 -2.345000 0.446326
v -2.355000 -2.345000 0.446326
v -2.345000 -2.345000 0.446326
v -2.335000 -2.345000 0.446326
v -2.325000 -2.345000 0.446326
v -2.315000 -2.345000 0.455533
v -2.305000 -2.345000 0.455533
v -2.295000 -2.345000 0.455533
v -2.285000 -2.345000 0.455533
v -2.275000 -2.345000 0.455533
v -2.265000 -2.345000 0.455533
v -2.255000 -2.345000 0.455533
v -2.245000 -2.345000 0.455533
v -2.235000 -2.345000 0.464741
v -2.225000 -2.345000 0.464741
v -2.215000 -2.345000 0.464741
v -2.205000 -2.345000 0.464741
v -2.195000 -2.345000 0.464741
v -2.185000 -2.345000 0.473949
v -2.175000 -2.345000 0.473949
v -2.165000 -2.345000 0.483157
v -2.155000 -2.345000 0.483157
v -2.145000 -2.345000 0.492365
v -2.135000 -2.345000 0.519988
v -2.125000 -2.345000 0.529196
v -2.115000 -2.345000 0.529196
v -2.105000 -2.345000 0.529196
v -2.085000 -2.345000 0.182918
v -2.075000 -2.345000 0.178228
v -2.065000 -2.345000 0.178228
v -2.055000 -2.345000 0.178228
v -2.045000 -2.345000 0.178228
v -2.035000 -2.345000 0.178228
v -2.025000 -2.345000 0.178228
v -2.015000 -2.345000 0.178228
v -2.005000 -2.345000 0.178228
v -1.995000 -2.345000 0.178228
v -1.985000 -2.345000 0.178228
v -1.975000 -2.345000 0.178228
v -1.965000 -2.345000 0.178228
v -1.955000 -2.345000 0.178228
v -1.945000 -2.345000 0.154777
v -1.935000 -2.345000 0.154777
v -1.925000 -2.345000 0.154777
v -1.915000 -2.345000 0.154777
v -1.905000 -2.345000 0.154777
v -1.895000 -2.345000 0.154777
v -1.885000 -2.345000 0.154777
v -1.875000 -2.345000 0.154777
v -1.865000 -2.345000 0.154777
v -1.855000 -2.345000 0.150086
v -1.845000 -2.345000 0.150086
v -2.495000 -2.335000 0.418702
v -2.485000 -2.335000 0.418702
v -2.475000 -2.335000 0.427910
v -2.465000 -2.335000 0.427910
v -2.455000 -2.335000 0.427910
v -2.445000 -2.335000 0.437118
v -2.435000 -2.335000 0.437118
v -2.425000 -2.335000 0.437118
v -2.415000 -2.335000 0.437118
v -2.405000 -2.335000 0.437118
v -2.395000 -2.335000 0.437118
v -2.385000 -2.335000 0.437118
v -2.375000 -2.335000 0.446326
v -2.365000 -2.335000 0.446326
v -2.355000 -2.335000 0.446326
v -2.345000 -2.335000 0.446326
v -2.335000 -2.335000 0.446326
v -2.325000 -2.335000 0.446326
v -2.315000 -2.335000 0.455533
v -2.305000 -2.335000 0.455533
v -2.295000 -2.335000 0.455533
v -2.285000 -2.335000 0.455533
v -2.275000 -2.335000 0.455533
v -2.265000 -2.335000 0.455533
v -2.255000 -2.335000 0.455533
v -2.245000 -2.335000 0.455533
v -2.235000 -2.335000 0.464741
v -2.225000 -2.335000 0.464741
v -2.215000 -2.335000 0.464741
v -2.205000 -2.335000 0.464741
v -2.195000 -2.335000 0.464741
v -2.185000 -2.335000 0.464741
v -2.175000 -2.335000 0.473949
v -2.165000 -2.335000 0.483157
v -2.155000 -2.335000 0.483157
v -2.145000 -2.335000 0.492365
v -2.135000 -2.335000 0.519988
v -2.125000 -2.335000 0.529196
v -2.115000 -2.335000 0.529196
v -2.105000 -2.335000 0.529196
v -2.085000 -2.335000 0.178228
v -2.075000 -2.335000 0.178228
v -2.065000 -2.335000 0.178228
v -2.055000 -2.335000 0.178228
v -2.045000 -2.335000 0.178228
v -2.035000 -2.335000 0.178228
v -2.025000 -2.335000 0.178228
v -2.015000 -2.335000 0.178228
v -2.005000 -2.335000 0.178228
v -1.995000 -2.335000 0.178228
v -1.985000 -2.335000 0.178228
v -1.975000 -2.335000 0.178228
v -1.965000 -2.335000 0.178228
v -1.955000 -2.335000 0.178228
v -1.945000 -2.335000 0.154777
v -1.935000 -2.335000 0.154777
v -1.925000 -2.335000 0.154777
v -1.915000 -2.335000 0.154777
v -1.905000 -2.335000 0.154777
v -1.895000 -2.335000 0.154777
v -1.885000 -2.335000 0.154777
v -1.875000 -2.335000 0.154777
v -1.865000 -2.335000 0.154777
v -1.855000 -2.335000 0.150086
v -2.495000 -2.325000 0.418702
v -2.485000 -2.325000 0.418702
v -2.475000 -2.325000 0.427910
v -2.465000 -2.325000 0.427910
v -2.455000 -2.325000 0.427910
v -2.445000 -2.325000 0.427910
v -2.435000 -2.325000 0.437118
v -2.425000 -2.325000 0.437118
v -2.415000 -2.325000 0.437118
v -2.405000 -2.325000 0.437118
v -2.395000 -2.325000 0.437118
v -2.385000 -2.325000 0.437118
v -2.375000 -2.325000 0.437118
v -2.365000 -2.325000 0.446326
v -2.355000 -2.325000 0.446326
v -2.345000 -2.325000 0.446326
v -2.335000 -2.325000 0.446326
v -2.325000 -2.325000 0.446326
v -2.315000 -2.325000 0.446326
v -2.305000 -2.325000 0.455533
v -2.295000 -2.325000 0.455533
v -2.285000 -2.325000 0.455533
v -2.275000 -2.325000 0.455533
v -2.265000 -2.325000 0.455533
v -2.255000 -2.325000 0.455533
v -2.245000 -2.325000 0.455533
v -2.235000 -2.325000 0.455533
v -2.225000 -2.325000 0.455533
v -2.215000 -2.325000 0.464741
v -2.205000 -2.325000 0.464741
v -2.195000 -2.325000 0.464741
v -2.185000 -2.325000 0.464741
v -2.175000 -2.325000 0.473949
v -2.165000 -2.325000 0.483157
v -2.155000 -2.325000 0.483157
v -2.145000 -2.325000 0.492365
v -2.135000 -2.325000 0.519988
v -2.125000 -2.325000 0.529196
v -2.115000 -2.325000 0.529196
v -2.105000 -2.325000 0.529196
v -2.085000 -2.325000 0.178228
v -2.075000 -2.325000 0.178228
v -2.065000 -2.325000 0.178228
v -2.055000 -2.325000 0.178228
v -2.045000 -2.325000 0.178228
v -2.035000 -2.325000 0.178228
v -2.025000 -2.325000 0.178228
v -2.015000 -2.325000 0.178228
v -2.005000 -2.325000 0.178228
v -1.995000 -2.325000 0.178228
v -1.985000 -2.325000 0.178228
v -1.975000 -2.325000 0.178228
v -1.965000 -2.325000 0.178228
v -1.955000 -2.325000 0.178228
v -1.945000 -2.325000 0.154777
v -1.935000 -2.325000 0.154777
v -1.925000 -2.325000 0.154777
v -1.915000 -2.325000 0.154777
v -1.905000 -2.325000 0.154777
v -1.895000 -2.325000 0.154777
v -1.885000 -2.325000 0.154777
v -1.875000 -2.325000 0.154777
v -1.865000 -2.325000 0.154777
v -1.855000 -2.325000 0.154777
v -2.495000 -2.315000 0.418702
v -2.485000 -2.315000 0.418702
v -2.475000 -2.315000 0.418702
v -2.465000 -2.315000 0.427910
v -2.455000 -2.315000 0.427910
v -2.445000 -2.315000 0.427910
v -2.435000 -2.315000 0.437118
v -2.425000 -2.315000 0.427910
v -2.415000 -2.315000 0.437118
v -2.405000 -2.315000 0.437118
v -2.395000 -2.315000 0.437118
v -2.385000 -2.315000 0.437118
v -2.375000 -2.315000 0.437118
v -2.365000 -2.315000 0.437118
v -2.355000 -2.315000 0.446326
v -2.345000 -2.315000 0.446326
v -2.335000 -2.315000 0.446326
v -2.325000 -2.315000 0.446326
v -2.315000 -2.315000 0.446326
v -2.305000 -2.315000 0.446326
v -2.295000 -2.315000 0.455533
v -2.285000 -2.315000 0.455533
v -2.275000 -2.315000 0.455533
v -2.265000 -2.315000 0.455533
v -2.255000 -2.315000 0.455533
v -2.245000 -2.315000 0.455533
v -2.235000 -2.315000 0.455533
v -2.225000 -2.315000 0.455533
v -2.215000 -2.315000 0.464741
v -2.205000 -2.315000 0.464741
v -2.195000 -2.315000 0.464741
v -2.185000 -2.315000 0.464741
v -2.175000 -2.315000 0.473949
v -2.165000 -2.315000 0.473949
v -2.155000 -2.315000 0.473949
v -2.145000 -2.315000 0.492365
v -2.135000 -2.315000 0.510781
v -2.125000 -2.315000 0.519988
v -2.115000 -2.315000 0.519988
v -2.105000 -2.315000 0.529196
v -2.085000 -2.315000 0.178228
v -2.075000 -2.315000 0.178228
v -2.065000 -2.315000 0.178228
v -2.055000 -2.315000 0.178228
v -2.045000 -2.315000 0.178228
v -2.035000 -2.315000 0.178228
v -2.025000 -2.315000 0.178228
v -2.015000 -2.315000 0.178228
v -2.005000 -2.315000 0.178228
v -1.995000 -2.315000 0.178228
v -1.985000 -2.315000 0.178228
v -1.975000 -2.315000 0.178228
v -1.965000 -2.315000 0.178228
v -1.955000 -2.315000 0.178228
v -1.945000 -2.315000 0.154777
v -1.935000 -2.315000 0.154777
v -1.925000 -2.315000 0.154777
v -1.915000 -2.315000 0.154777
v -1.905000 -2.315000 0.154777
v -1.895000 -2.315000 0.154777
v -1.885000 -2.315000 0.154777
v -1.875000 -2.315000 0.154777
v -1.865000 -2.315000 0.154777
v -1.855000 -2.315000 0.150086
v -2.495000 -2.305000 0.418702
v -2.485000 -2.305000 0.418702
v -2.475000 -2.305000 0.418702
v -2.465000 -2.305000 0.418702
v -2.455000 -2.305000 0.418702
v -2.445000 -2.305000 0.427910
v -2.435000 -2.305000 0.427910
v -2.425000 -2.305000 0.427910
v -2.415000 -2.305000 0.437118
v -2.405000 -2.305000 0.437118
v -2.395000 -2.305000 0.437118
v -2.385000 -2.305000 0.437118
v -2.375000 -2.305000 0.437118
v -2.365000 -2.305000 0.437118
v -2.355000 -2.305000 0.446326
v -2.345000 -2.305000 0.446326
v -2.335000 -2.305000 0.446326
v -2.325000 -2.305000 0.446326
v -2.315000 -2.305000 0.446326
v -2.305000 -2.305000 0.446326
v -2.295000 -2.305000 0.455533
v -2.285000 -2.305000 0.455533
v -2.275000 -2.305000 0.455533
v -2.265000 -2.305000 0.455533
v -2.255000 -2.305000 0.455533
v -2.245000 -2.305000 0.455533
v -2.235000 -2.305000 0.455533
v -2.225000 -2.305000 0.455533
v -2.215000 -2.305000 0.455533
v -2.205000 -2.305000 0.464741
v -2.195000 -2.305000 0.455533
v -2.185000 -2.305000 0.455533
v -2.175000 -2.305000 0.473949
v -2.165000 -2.305000 0.473949
v -2.155000 -2.305000 0.473949
v -2.145000 -2.305000 0.492365
v -2.135000 -2.305000 0.510781
v -2.125000 -2.305000 0.519988
v -2.115000 -2.305000 0.519988
v -2.105000 -2.305000 0.529196
v -2.085000 -2.305000 0.178228
v -2.075000 -2.305000 0.178228
v -2.065000 -2.305000 0.182918
v -2.055000 -2.305000 0.178228
v -2.045000 -2.305000 0.178228
v -2.035000 -2.305000 0.178228
v -2.025000 -2.305000 0.178228
v -2.015000 -2.305000 0.178228
v -2.005000 -2.305000 0.178228
v -1.995000 -2.305000 0.178228
v -1.985000 -2.305000 0.178228
v -1.975000 -2.305000 0.178228
v -1.965000 -2.305000 0.178228
v -1.955000 -2.305000 0.178228
v -1.945000 -2.305000 0.154777
v -1.935000 -2.305000 0.154777
v -1.925000 -2.305000 0.154777
v -1.915000 -2.305000 0.154777
v -1.905000 -2.305000 0.154777
v -1.895000 -2.305000 0.154777
v -1.885000 -2.305000 0.154777
v -1.875000 -2.305000 0.154777
v -1.865000 -2.305000 0.154777
v -1.855000 -2.305000 0.150086
v -2.495000 -2.295000 0.409494
v -2.485000 -2.295000 0.409494
v -2.475000 -2.295000 0.418702
v -2.465000 -2.295000 0.418702
v -2.455000 -2.295000 0.418702
v -2.445000 -2.295000 0.427910
v -2.435000 -2.295000 0.427910
v -2.425000 -2.295000 0.427910
v -2.415000 -2.295000 0.427910
v -2.405000 -2.295000 0.437118
v -2.395000 -2.295000 0.437118
v -2.385000 -2.295000 0.437118
v -2.375000 -2.295000 0.437118
v -2.365000 -2.295000 0.437118
v -2.355000 -2.295000 0.437118
v -2.345000 -2.295000 0.437118
v -2.335000 -2.295000 0.446326
v -2.325000 -2.295000 0.446326
v -2.315000 -2.295000 0.446326
v -2.305000 -2.295000 0.446326
v -2.295000 -2.295000 0.455533
v -2.285000 -2.295000 0.455533
v -2.275000 -2.295000 0.455533
v -2.265000 -2.295000 0.455533
v -2.255000 -2.295000 0.455533
v -2.245000 -2.295000 0.455533
v -2.235000 -2.295000 0.455533
v -2.225000 -2.295000 0.455533
v -2.215000 -2.295000 0.455533
v -2.205000 -2.295000 0.455533
v -2.195000 -2.295000 0.455533
v -2.185000 -2.295000 0.455533
v -2.175000 -2.295000 0.473949
v -2.165000 -2.295000 0.473949
v -2.155000 -2.295000 0.473949
v -2.145000 -2.295000 0.492365
v -2.135000 -2.295000 0.510781
v -2.125000 -2.295000 0.519988
v -2.115000 -2.295000 0.519988
v -2.105000 -2.295000 0.529196
v -2.085000 -2.295000 0.178228
v -2.075000 -2.295000 0.182918
v -2.065000 -2.295000 0.182918
v -2.055000 -2.295000 0.182918
v -2.045000 -2.295000 0.182918
v -2.035000 -2.295000 0.182918
v -2.025000 -2.295000 0.182918
v -2.015000 -2.295000 0.182918
v -2.005000 -2.295000 0.182918
v -1.995000 -2.295000 0.178228
v -1.985000 -2.295000 0.178228
v -1.975000 -2.295000 0.178228
v -1.965000 -2.295000 0.178228
v -1.955000 -2.295000 0.178228
v -1.945000 -2.295000 0.154777
v -1.935000 -2.295000 0.154777
v -1.925000 -2.295000 0.154777
v -1.915000 -2.295000 0.154777
v -1.905000 -2.295000 0.154777
v -1.895000 -2.295000 0.154777
v -1.885000 -2.295000 0.154777
v -1.875000 -2.295000 0.154777
v -1.865000 -2.295000 0.154777
v -1.855000 -2.295000 0.150086
v -2.495000 -2.285000 0.409494
v -2.485000 -2.285000 0.409494
v -2.475000 -2.285000 0.409494
v -2.465000 -2.285000 0.409494
v -2.455000 -2.285000 0.418702
v -2.445000 -2.285000 0.418702
v -2.435000 -2.285000 0.427910
v -2.425000 -2.285000 0.427910
v -2.415000 -2.285000 0.427910
v -2.405000 -2.285000 0.427910
v -2.395000 -2.285000 0.437118
v -2.385000 -2.285000 0.437118
v -2.375000 -2.285000 0.437118
v -2.365000 -2.285000 0.437118
v -2.355000 -2.285000 0.437118
v -2.345000 -2.285000 0.437118
v -2.335000 -2.285000 0.437118
v -2.325000 -2.285000 0.446326
v -2.315000 -2.285000 0.446326
v -2.305000 -2.285000 0.446326
v -2.295000 -2.285000 0.446326
v -2.285000 -2.285000 0.446326
v -2.275000 -2.285000 0.455533
v -2.265000 -2.285000 0.455533
v -2.255000 -2.285000 0.455533
v -2.245000 -2.285000 0.455533
v -2.235000 -2.285000 0.455533
v -2.225000 -2.285000 0.455533
v -2.215000 -2.285000 0.455533
v -2.205000 -2.285000 0.455533
v -2.195000 -2.285000 0.455533
v -2.185000 -2.285000 0.455533
v -2.175000 -2.285000 0.473949
v -2.165000 -2.285000 0.473949
v -2.155000 -2.285000 0.473949
v -2.145000 -2.285000 0.492365
v -2.135000 -2.285000 0.510781
v -2.125000 -2.285000 0.519988
v -2.115000 -2.285000 0.519988
v -2.105000 -2.285000 0.529196
v -2.085000 -2.285000 0.182918
v -2.075000 -2.285000 0.182918
v -2.065000 -2.285000 0.182918
v -2.055000 -2.285000 0.182918
v -2.045000 -2.285000 0.182918
v -2.035000 -2.285000 0.182918
v -2.025000 -2.285000 0.182918
v -2.015000 -2.285000 0.182918
v -2.005000 -2.285000 0.182918
v -1.995000 -2.285000 0.178228
v -1.985000 -2.285000 0.178228
v -1.975000 -2.285000 0.178228
v -1.965000 -2.285000 0.178228
v -1.955000 -2.285000 0.178228
v -1.945000 -2.285000 0.154777
v -1.935000 -2.285000 0.154777
v -1.925000 -2.285000 0.154777
v -1.915000 -2.285000 0.154777
v -1.905000 -2.285000 0.154777
v -1.895000 -2.285000 0.154777
v -1.885000 -2.285000 0.154777
v -1.875000 -2.285000 0.154777
v -1.865000 -2.285000 0.154777
v -1.855000 -2.285000 0.150086
v -2.495000 -2.275000 0.400286
v -2.485000 -2.275000 0.409494
v -2.475000 -2.275000 0.400286
v -2.465000 -2.275000 0.400286
v -2.455000 -2.275000 0.409494
v -2.445000 -2.275000 0.418702
v -2.435000 -2.275000 0.418702
v -2.425000 -2.275000 0.418702
v -2.415000 -2.275000 0.427910
v -2.405000 -2.275000 0.427910
v -2.395000 -2.275000 0.427910
v -2.385000 -2.275000 0.437118
v -2.375000 -2.275000 0.437118
v -2.365000 -2.275000 0.437118
v -2.355000 -2.275000 0.437118
v -2.345000 -2.275000 0.437118
v -2.335000 -2.275000 0.437118
v -2.325000 -2.275000 0.446326
v -2.315000 -2.275000 0.446326
v -2.305000 -2.275000 0.446326
v -2.295000 -2.275000 0.446326
v -2.285000 -2.275000 0.446326
v -2.275000 -2.275000 0.446326
v -2.265000 -2.275000 0.455533
v -2.255000 -2.275000 0.455533
v -2.245000 -2.275000 0.455533
v -2.235000 -2.275000 0.455533
v -2.225000 -2.275000 0.455533
v -2.215000 -2.275000 0.455533
v -2.205000 -2.275000 0.455533
v -2.195000 -2.275000 0.455533
v -2.185000 -2.275000 0.455533
v -2.175000 -2.275000 0.464741
v -2.165000 -2.275000 0.473949
v -2.155000 -2.275000 0.473949
v -2.145000 -2.275000 0.492365
v -2.135000 -2.275000 0.510781
v -2.125000 -2.275000 0.519988
v -2.115000 -2.275000 0.519988
v -2.105000 -2.275000 0.529196
v -2.085000 -2.275000 0.182918
v -2.075000 -2.275000 0.182918
v -2.065000 -2.275000 0.182918
v -2.055000 -2.275000 0.182918
v -2.045000 -2.275000 0.182918
v -2.035000 -2.275000 0.182918
v -2.025000 -2.275000 0.182918
v -2.015000 -2.275000 0.182918
v -2.005000 -2.275000 0.182918
v -1.995000 -2.275000 0.182918
v -1.985000 -2.275000 0.182918
v -1.975000 -2.275000 0.182918
v -1.965000 -2.275000 0.178228
v -1.955000 -2.275000 0.178228
v -1.945000 -2.275000 0.159467
v -1.935000 -2.275000 0.159467
v -1.925000 -2.275000 0.159467
v -1.915000 -2.275000 0.154777
v -1.905000 -2.275000 0.154777
v -1.895000 -2.275000 0.154777
v -1.885000 -2.275000 0.154777
v -1.875000 -2.275000 0.154777
v -1.865000 -2.275000 0.154777
v -1.855000 -2.275000 0.150086
v -2.495000 -2.265000 0.400286
v -2.485000 -2.265000 0.400286
v -2.475000 -2.265000 0.391079
v -2.465000 -2.265000 0.391079
v -2.455000 -2.265000 0.400286
v -2.445000 -2.265000 0.400286
v -2.435000 -2.265000 0.400286
v -2.425000 -2.265000 0.409494
v -2.415000 -2.265000 0.418702
v -2.405000 -2.265000 0.418702
v -2.395000 -2.265000 0.427910
v -2.385000 -2.265000 0.427910
v -2.375000 -2.265000 0.427910
v -2.365000 -2.265000 0.437118
v -2.355000 -2.265000 0.437118
v -2.345000 -2.265000 0.437118
v -2.335000 -2.265000 0.437118
v -2.325000 -2.265000 0.437118
v -2.315000 -2.265000 0.446326
v -2.305000 -2.265000 0.446326
v -2.295000 -2.265000 0.446326
v -2.285000 -2.265000 0.446326
v -2.275000 -2.265000 0.446326
v -2.265000 -2.265000 0.455533
v -2.255000 -2.265000 0.446326
v -2.245000 -2.265000 0.455533
v -2.235000 -2.265000 0.455533
v -2.225000 -2.265000 0.455533
v -2.215000 -2.265000 0.455533
v -2.205000 -2.265000 0.455533
v -2.195000 -2.265000 0.446326
v -2.185000 -2.265000 0.455533
v -2.175000 -2.265000 0.464741
v -2.165000 -2.265000 0.473949
v -2.155000 -2.265000 0.473949
v -2.145000 -2.265000 0.492365
v -2.135000 -2.265000 0.510781
v -2.125000 -2.265000 0.519988
v -2.115000 -2.265000 0.510781
v -2.105000 -2.265000 0.529196
v -2.085000 -2.265000 0.182918
v -2.075000 -2.265000 0.182918
v -2.065000 -2.265000 0.182918
v -2.055000 -2.265000 0.182918
v -2.045000 -2.265000 0.182918
v -2.035000 -2.265000 0.182918
v -2.025000 -2.265000 0.182918
v -2.015000 -2.265000 0.182918
v -2.005000 -2.265000 0.182918
v -1.995000 -2.265000 0.182918
v -1.985000 -2.265000 0.182918
v -1.975000 -2.265000 0.182918
v -1.965000 -2.265000 0.182918
v -1.955000 -2.265000 0.178228
v -1.945000 -2.265000 0.159467
v -1.935000 -2.265000 0.159467
v -1.925000 -2.265000 0.159467
v -1.915000 -2.265000 0.159467
v -1.905000 -2.265000 0.159467
v -1.895000 -2.265000 0.154777
v -1.885000 -2.265000 0.154777
v -1.875000 -2.265000 0.154777
v -1.865000 -2.265000 0.154777
v -1.855000 -2.265000 0.150086
v -2.495000 -2.255000 0.391079
v -2.485000 -2.255000 0.391079
v -2.475000 -2.255000 0.381871
v -2.465000 -2.255000 0.391079
v -2.455000 -2.255000 0.391079
v -2.445000 -2.255000 0.381871
v -2.435000 -2.255000 0.391079
v -2.425000 -2.255000 0.409494
v -2.415000 -2.255000 0.409494
v -2.405000 -2.255000 0.409494
v -2.395000 -2.255000 0.427910
v -2.385000 -2.255000 0.427910
v -2.375000 -2.255000 0.427910
v -2.365000 -2.255000 0.427910
v -2.355000 -2.255000 0.437118
v -2.345000 -2.255000 0.437118
v -2.335000 -2.255000 0.437118
v -2.325000 -2.255000 0.437118
v -2.315000 -2.255000 0.437118
v -2.305000 -2.255000 0.446326
v -2.295000 -2.255000 0.446326
v -2.285000 -2.255000 0.446326
v -2.275000 -2.255000 0.446326
v -2.265000 -2.255000 0.455533
v -2.255000 -2.255000 0.446326
v -2.245000 -2.255000 0.446326
v -2.235000 -2.255000 0.455533
v -2.225000 -2.255000 0.455533
v -2.215000 -2.255000 0.455533
v -2.205000 -2.255000 0.455533
v -2.195000 -2.255000 0.446326
v -2.185000 -2.255000 0.455533
v -2.175000 -2.255000 0.464741
v -2.165000 -2.255000 0.473949
v -2.155000 -2.255000 0.473949
v -2.145000 -2.255000 0.492365
v -2.135000 -2.255000 0.510781
v -2.125000 -2.255000 0.510781
v -2.115000 -2.255000 0.510781
v -2.105000 -2.255000 0.519988
v -2.085000 -2.255000 0.182918
v -2.075000 -2.255000 0.182918
v -2.065000 -2.255000 0.182918
v -2.055000 -2.255000 0.182918
v -2.045000 -2.255000 0.182918
v -2.035000 -2.255000 0.182918
v -2.025000 -2.255000 0.182918
v -2.015000 -2.255000 0.182918
v -2.005000 -2.255000 0.182918
v -1.995000 -2.255000 0.182918
v -1.985000 -2.255000 0.182918
v -1.975000 -2.255000 0.182918
v -1.965000 -2.255000 0.182918
v -1.955000 -2.255000 0.173537
v -1.945000 -2.255000 0.159467
v -1.935000 -2.255000 0.159467
v -1.925000 -2.255000 0.159467
v -1.915000 -2.255000 0.159467
v -1.905000 -2.255000 0.159467
v -1.895000 -2.255000 0.159467
v -1.885000 -2.255000 0.159467
v -1.875000 -2.255000 0.154777
v -1.865000 -2.255000 0.150086
v -2.495000 -2.245000 0.381871
v -2.485000 -2.245000 0.381871
v -2.475000 -2.245000 0.372663
v -2.465000 -2.245000 0.381871
v -2.455000 -2.245000 0.381871
v -2.445000 -2.245000 0.381871
v -2.435000 -2.245000 0.391079
v -2.425000 -2.245000 0.391079
v -2.415000 -2.245000 0.400286
v -2.405000 -2.245000 0.409494
v -2.395000 -2.245000 0.418702
v -2.385000 -2.245000 0.427910
v -2.375000 -2.245000 0.418702
v -2.365000 -2.245000 0.427910
v -2.355000 -2.245000 0.427910
v -2.345000 -2.245000 0.427910
v -2.335000 -2.245000 0.437118
v -2.325000 -2.245000 0.437118
v -2.315000 -2.245000 0.437118
v -2.305000 -2.245000 0.437118
v -2.295000 -2.245000 0.446326
v -2.285000 -2.245000 0.446326
v -2.275000 -2.245000 0.446326
v -2.265000 -2.245000 0.446326
v -2.255000 -2.245000 0.446326
v -2.245000 -2.245000 0.446326
v -2.235000 -2.245000 0.446326
v -2.225000 -2.245000 0.446326
v -2.215000 -2.245000 0.455533
v -2.205000 -2.245000 0.446326
v -2.195000 -2.245000 0.446326
v -2.185000 -2.245000 0.455533
v -2.175000 -2.245000 0.464741
v -2.165000 -2.245000 0.473949
v -2.155000 -2.245000 0.473949
v -2.145000 -2.245000 0.492365
v -2.135000 -2.245000 0.510781
v -2.125000 -2.245000 0.510781
v -2.115000 -2.245000 0.510781
v -2.105000 -2.245000 0.519988
v -2.085000 -2.245000 0.182918
v -2.075000 -2.245000 0.182918
v -2.065000 -2.245000 0.182918
v -2.055000 -2.245000 0.187608
v -2.045000 -2.245000 0.187608
v -2.035000 -2.245000 0.187608
v -2.025000 -2.245000 0.187608
v -2.015000 -2.245000 0.187608
v -2.005000 -2.245000 0.187608
v -1.995000 -2.245000 0.182918
v -1.985000 -2.245000 0.182918
v -1.975000 -2.245000 0.182918
v -1.965000 -2.245000 0.182918
v -1.955000 -2.245000 0.173537
v -1.945000 -2.245000 0.159467
v -1.935000 -2.245000 0.159467
v -1.925000 -2.245000 0.159467
v -1.915000 -2.245000 0.159467
v -1.905000 -2.245000 0.159467
v -1.895000 -2.245000 0.159467
v -1.885000 -2.245000 0.159467
v -1.875000 -2.245000 0.159467
v -1.865000 -2.245000 0.150086
v -2.495000 -2.235000 0.372663
v -2.485000 -2.235000 0.372663
v -2.475000 -2.235000 0.372663
v -2.465000 -2.235000 0.381871
v -2.455000 -2.235000 0.372663
v -2.445000 -2.235000 0.372663
v -2.435000 -2.235000 0.381871
v -2.425000 -2.235000 0.381871
v -2.415000 -2.235000 0.391079
v -2.405000 -2.235000 0.400286
v -2.395000 -2.235000 0.409494
v -2.385000 -2.235000 0.418702
v -2.375000 -2.235000 0.418702
v -2.365000 -2.235000 0.418702
v -2.355000 -2.235000 0.427910
v -2.345000 -2.235000 0.427910
v -2.335000 -2.235000 0.427910
v -2.325000 -2.235000 0.437118
v -2.315000 -2.235000 0.437118
v -2.305000 -2.235000 0.437118
v -2.295000 -2.235000 0.437118
v -2.285000 -2.235000 0.437118
v -2.275000 -2.235000 0.446326
v -2.265000 -2.235000 0.446326
v -2.255000 -2.235000 0.446326
v -2.245000 -2.235000 0.446326
v -2.235000 -2.235000 0.446326
v -2.225000 -2.235000 0.446326
v -2.215000 -2.235000 0.455533
v -2.205000 -2.235000 0.446326
v -2.195000 -2.235000 0.446326
v -2.185000 -2.235000 0.455533
v -2.175000 -2.235000 0.464741
v -2.165000 -2.235000 0.464741
v -2.155000 -2.235000 0.473949
v -2.145000 -2.235000 0.492365
v -2.135000 -2.235000 0.501573
v -2.125000 -2.235000 0.501573
v -2.115000 -2.235000 0.510781
v -2.105000 -2.235000 0.519988
v -2.085000 -2.235000 0.182918
v -2.075000 -2.235000 0.182918
v -2.065000 -2.235000 0.187608
v -2.055000 -2.235000 0.187608
v -2.045000 -2.235000 0.187608
v -2.035000 -2.235000 0.187608
v -2.025000 -2.235000 0.187608
v -2.015000 -2.235000 0.187608
v -2.005000 -2.235000 0.187608
v -1.995000 -2.235000 0.187608
v -1.985000 -2.235000 0.187608
v -1.975000 -2.235000 0.187608
v -1.965000 -2.235000 0.187608
v -1.955000 -2.235000 0.173537
v -1.945000 -2.235000 0.159467
v -1.935000 -2.235000 0.159467
v -1.925000 -2.235000 0.159467
v -1.915000 -2.235000 0.159467
v -1.905000 -2.235000 0.159467
v -1.895000 -2.235000 0.159467
v -1.885000 -2.235000 0.159467
v -1.875000 -2.235000 0.159467
v -1.865000 -2.235000 0.150086
v -2.495000 -2.225000 0.372663
v -2.485000 -2.225000 0.363455
v -2.475000 -2.225000 0.363455
v -2.465000 -2.225000 0.372663
v -2.455000 -2.225000 0.363455
v -2.445000 -2.225000 0.372663
v -2.435000 -2.225000 0.372663
v -2.425000 -2.225000 0.372663
v -2.415000 -2.225000 0.381871
v -2.405000 -2.225000 0.391079
v -2.395000 -2.225000 0.409494
v -2.385000 -2.225000 0.409494
v -2.375000 -2.225000 0.409494
v -2.365000 -2.225000 0.418702
v -2.355000 -2.225000 0.418702
v -2.345000 -2.225000 0.418702
v -2.335000 -2.225000 0.427910
v -2.325000 -2.225000 0.427910
v -2.315000 -2.225000 0.427910
v -2.305000 -2.225000 0.437118
v -2.295000 -2.225000 0.437118
v -2.285000 -2.225000 0.437118
v -2.275000 -2.225000 0.437118
v -2.265000 -2.225000 0.446326
v -2.255000 -2.225000 0.437118
v -2.245000 -2.225000 0.446326
v -2.235000 -2.225000 0.446326
v -2.225000 -2.225000 0.446326
v -2.215000 -2.225000 0.446326
v -2.205000 -2.225000 0.446326
v -2.195000 -2.225000 0.446326
v -2.185000 -2.225000 0.455533
v -2.175000 -2.225000 0.464741
v -2.165000 -2.225000 0.464741
v -2.155000 -2.225000 0.473949
v -2.145000 -2.225000 0.492365
v -2.135000 -2.225000 0.501573
v -2.125000 -2.225000 0.501573
v -2.115000 -2.225000 0.501573
v -2.105000 -2.225000 0.519988
v -2.085000 -2.225000 0.182918
v -2.075000 -2.225000 0.182918
v -2.065000 -2.225000 0.187608
v -2.055000 -2.225000 0.187608
v -2.045000 -2.225000 0.187608
v -2.035000 -2.225000 0.187608
v -2.025000 -2.225000 0.187608
v -2.015000 -2.225000 0.187608
v -2.005000 -2.225000 0.187608
v -1.995000 -2.225000 0.187608
v -1.985000 -2.225000 0.187608
v -1.975000 -2.225000 0.187608
v -1.965000 -2.225000 0.187608
v -1.955000 -2.225000 0.168847
v -1.945000 -2.225000 0.164157
v -1.935000 -2.225000 0.164157
v -1.925000 -2.225000 0.164157
v -1.915000 -2.225000 0.164157
v -1.905000 -2.225000 0.159467
v -1.895000 -2.225000 0.164157
v -1.885000 -2.225000 0.164157
v -1.875000 -2.225000 0.164157
v -1.865000 -2.225000 0.150086
v -2.495000 -2.215000 0.363455
v -2.485000 -2.215000 0.354247
v -2.475000 -2.215000 0.354247
v -2.465000 -2.215000 0.363455
v -2.455000 -2.215000 0.354247
v -2.445000 -2.215000 0.363455
v -2.435000 -2.215000 0.363455
v -2.425000 -2.215000 0.363455
v -2.415000 -2.215000 0.372663
v -2.405000 -2.215000 0.381871
v -2.395000 -2.215000 0.400286
v -2.385000 -2.215000 0.409494
v -2.375000 -2.215000 0.409494
v -2.365000 -2.215000 0.409494
v -2.355000 -2.215000 0.409494
v -2.345000 -2.215000 0.418702
v -2.335000 -2.215000 0.427910
v -2.325000 -2.215000 0.427910
v -2.315000 -2.215000 0.427910
v -2.305000 -2.215000 0.427910
v -2.295000 -2.215000 0.427910
v -2.285000 -2.215000 0.427910
v -2.275000 -2.215000 0.437118
v -2.265000 -2.215000 0.446326
v -2.255000 -2.215000 0.437118
v -2.245000 -2.215000 0.446326
v -2.235000 -2.215000 0.437118
v -2.225000 -2.215000 0.446326
v -2.215000 -2.215000 0.446326
v -2.205000 -2.215000 0.437118
v -2.195000 -2.215000 0.437118
v -2.185000 -2.215000 0.455533
v -2.175000 -2.215000 0.464741
v -2.165000 -2.215000 0.464741
v -2.155000 -2.215000 0.473949
v -2.145000 -2.215000 0.492365
v -2.135000 -2.215000 0.501573
v -2.125000 -2.215000 0.501573
v -2.115000 -2.215000 0.501573
v -2.105000 -2.215000 0.519988
v -2.085000 -2.215000 0.182918
v -2.075000 -2.215000 0.182918
v -2.065000 -2.215000 0.187608
v -2.055000 -2.215000 0.187608
v -2.045000 -2.215000 0.187608
v -2.035000 -2.215000 0.187608
v -2.025000 -2.215000 0.187608
v -2.015000 -2.215000 0.187608
v -2.005000 -2.215000 0.187608
v -1.995000 -2.215000 0.187608
v -1.985000 -2.215000 0.187608
v -1.975000 -2.215000 0.187608
v -1.965000 -2.215000 0.187608
v -1.955000 -2.215000 0.164157
v -1.945000 -2.215000 0.164157
v -1.935000 -2.215000 0.164157
v -1.925000 -2.215000 0.164157
v -1.915000 -2.215000 0.164157
v -1.905000 -2.215000 0.164157
v -1.895000 -2.215000 0.164157
v -1.885000 -2.215000 0.164157
v -1.875000 -2.215000 0.159467
v -1.865000 -2.215000 0.150086
v -2.495000 -2.205000 0.363455
v -2.485000 -2.205000 0.354247
v -2.475000 -2.205000 0.354247
v -2.465000 -2.205000 0.354247
v -2.455000 -2.205000 0.354247
v -2.445000 -2.205000 0.363455
v -2.435000 -2.205000 0.363455
v -2.425000 -2.205000 0.363455
v -2.415000 -2.205000 0.363455
v -2.405000 -2.205000 0.381871
v -2.395000 -2.205000 0.400286
v -2.385000 -2.205000 0.400286
v -2.375000 -2.205000 0.400286
v -2.365000 -2.205000 0.400286
v -2.355000 -2.205000 0.400286
v -2.345000 -2.205000 0.409494
v -2.335000 -2.205000 0.418702
v -2.325000 -2.205000 0.418702
v -2.315000 -2.205000 0.427910
v -2.305000 -2.205000 0.427910
v -2.295000 -2.205000 0.427910
v -2.285000 -2.205000 0.427910
v -2.275000 -2.205000 0.437118
v -2.265000 -2.205000 0.437118
v -2.255000 -2.205000 0.437118
v -2.245000 -2.205000 0.437118
v -2.235000 -2.205000 0.437118
v -2.225000 -2.205000 0.437118
v -2.215000 -2.205000 0.446326
v -2.205000 -2.205000 0.437118
v -2.195000 -2.205000 0.437118
v -2.185000 -2.205000 0.455533
v -2.175000 -2.205000 0.464741
v -2.165000 -2.205000 0.464741
v -2.155000 -2.205000 0.473949
v -2.145000 -2.205000 0.492365
v -2.135000 -2.205000 0.501573
v -2.125000 -2.205000 0.501573
v -2.115000 -2.205000 0.501573
v -2.105000 -2.205000 0.519988
v -2.085000 -2.205000 0.187608
v -2.075000 -2.205000 0.182918
v -2.065000 -2.205000 0.187608
v -2.055000 -2.205000 0.187608
v -2.045000 -2.205000 0.187608
v -2.035000 -2.205000 0.187608
v -2.025000 -2.205000 0.192298
v -2.015000 -2.205000 0.192298
v -2.005000 -2.205000 0.192298
v -1.995000 -2.205000 0.192298
v -1.985000 -2.205000 0.192298
v -1.975000 -2.205000 0.192298
v -1.965000 -2.205000 0.187608
v -1.955000 -2.205000 0.164157
v -1.945000 -2.205000 0.164157
v -1.935000 -2.205000 0.164157
v -1.925000 -2.205000 0.164157
v -1.915000 -2.205000 0.164157
v -1.905000 -2.205000 0.164157
v -1.895000 -2.205000 0.164157
v -1.885000 -2.205000 0.164157
v -1.875000 -2.205000 0.150086
v -2.495000 -2.195000 0.354247
v -2.485000 -2.195000 0.345039
v -2.475000 -2.195000 0.354247
v -2.465000 -2.195000 0.354247
v -2.455000 -2.195000 0.354247
v -2.445000 -2.195000 0.363455
v -2.435000 -2.195000 0.354247
v -2.425000 -2.195000 0.354247
v -2.415000 -2.195000 0.354247
v -2.405000 -2.195000 0.372663
v -2.395000 -2.195000 0.381871
v -2.385000 -2.195000 0.391079
v -2.375000 -2.195000 0.391079
v -2.365000 -2.195000 0.391079
v -2.355000 -2.195000 0.400286
v -2.345000 -2.195000 0.409494
v -2.335000 -2.195000 0.409494
v -2.325000 -2.195000 0.409494
v -2.315000 -2.195000 0.418702
v -2.305000 -2.195000 0.427910
v -2.295000 -2.195000 0.418702
v -2.285000 -2.195000 0.427910
v -2.275000 -2.195000 0.437118
v -2.265000 -2.195000 0.437118
v -2.255000 -2.195000 0.437118
v -2.245000 -2.195000 0.437118
v -2.235000 -2.195000 0.437118
v -2.225000 -2.195000 0.437118
v -2.215000 -2.195000 0.437118
v -2.205000 -2.195000 0.427910
v -2.195000 -2.195000 0.437118
v -2.185000 -2.195000 0.446326
v -2.175000 -2.195000 0.455533
v -2.165000 -2.195000 0.464741
v -2.155000 -2.195000 0.473949
v -2.145000 -2.195000 0.492365
v -2.135000 -2.195000 0.501573
v -2.125000 -2.195000 0.501573
v -2.115000 -2.195000 0.501573
v -2.105000 -2.195000 0.519988
v -2.085000 -2.195000 0.187608
v -2.075000 -2.195000 0.187608
v -2.065000 -2.195000 0.187608
v -2.055000 -2.195000 0.192298
v -2.045000 -2.195000 0.192298
v -2.035000 -2.195000 0.192298
v -2.025000 -2.195000 0.192298
v -2.015000 -2.195000 0.192298
v -2.005000 -2.195000 0.192298
v -1.995000 -2.195000 0.192298
v -1.985000 -2.195000 0.192298
v -1.975000 -2.195000 0.192298
v -1.965000 -2.195000 0.192298
v -1.955000 -2.195000 0.164157
v -1.945000 -2.195000 0.164157
v -1.935000 -2.195000 0.164157
v -1.925000 -2.195000 0.164157
v -1.915000 -2.195000 0.164157
v -1.905000 -2.195000 0.164157
v -1.895000 -2.195000 0.164157
v -1.885000 -2.195000 0.164157
v -1.875000 -2.195000 0.150086
v -2.495000 -2.185000 0.354247
v -2.485000 -2.185000 0.345039
v -2.475000 -2.185000 0.345039
v -2.465000 -2.185000 0.345039
v -2.455000 -2.185000 0.354247
v -2.445000 -2.185000 0.354247
v -2.435000 -2.185000 0.354247
v -2.425000 -2.185000 0.354247
v -2.415000 -2.185000 0.354247
v -2.405000 -2.185000 0.354247
v -2.395000 -2.185000 0.363455
v -2.385000 -2.185000 0.381871
v -2.375000 -2.185000 0.372663
v -2.365000 -2.185000 0.372663
v -2.355000 -2.185000 0.391079
v -2.345000 -2.185000 0.400286
v -2.335000 -2.185000 0.409494
v -2.325000 -2.185000 0.409494
v -2.315000 -2.185000 0.409494
v -2.305000 -2.185000 0.418702
v -2.295000 -2.185000 0.418702
v -2.285000 -2.185000 0.418702
v -2.275000 -2.185000 0.427910
v -2.265000 -2.185000 0.437118
v -2.255000 -2.185000 0.427910
v -2.245000 -2.185000 0.437118
v -2.235000 -2.185000 0.437118
v -2.225000 -2.185000 0.437118
v -2.215000 -2.185000 0.437118
v -2.205000 -2.185000 0.427910
v -2.195000 -2.185000 0.437118
v -2.185000 -2.185000 0.446326
v -2.175000 -2.185000 0.455533
v -2.165000 -2.185000 0.464741
v -2.155000 -2.185000 0.473949
v -2.145000 -2.185000 0.492365
v -2.135000 -2.185000 0.501573
v -2.125000 -2.185000 0.492365
v -2.115000 -2.185000 0.501573
v -2.105000 -2.185000 0.519988
v -2.095000 -2.185000 0.182918
v -2.085000 -2.185000 0.187608
v -2.075000 -2.185000 0.187608
v -2.065000 -2.185000 0.187608
v -2.055000 -2.185000 0.192298
v -2.045000 -2.185000 0.192298
v -2.035000 -2.185000 0.192298
v -2.025000 -2.185000 0.192298
v -2.015000 -2.185000 0.192298
v -2.005000 -2.185000 0.192298
v -1.995000 -2.185000 0.192298
v -1.985000 -2.185000 0.192298
v -1.975000 -2.185000 0.192298
v -1.965000 -2.185000 0.192298
v -1.955000 -2.185000 0.164157
v -1.945000 -2.185000 0.168847
v -1.935000 -2.185000 0.168847
v -1.925000 -2.185000 0.168847
v -1.915000 -2.185000 0.168847
v -1.905000 -2.185000 0.168847
v -1.895000 -2.185000 0.168847
v -1.885000 -2.185000 0.168847
v -1.875000 -2.185000 0.150086
v -2.495000 -2.175000 0.345039
v -2.485000 -2.175000 0.345039
v -2.475000 -2.175000 0.345039
v -2.465000 -2.175000 0.335832
v -2.455000 -2.175000 0.345039
v -2.445000 -2.175000 0.345039
v -2.435000 -2.175000 0.345039
v -2.425000 -2.175000 0.345039
v -2.415000 -2.175000 0.345039
v -2.405000 -2.175000 0.354247
v -2.395000 -2.175000 0.354247
v -2.385000 -2.175000 0.363455
v -2.375000 -2.175000 0.354247
v -2.365000 -2.175000 0.354247
v -2.355000 -2.175000 0.372663
v -2.345000 -2.175000 0.391079
v -2.335000 -2.175000 0.391079
v -2.325000 -2.175000 0.400286
v -2.315000 -2.175000 0.409494
v -2.305000 -2.175000 0.409494
v -2.295000 -2.175000 0.409494
v -2.285000 -2.175000 0.418702
v -2.275000 -2.175000 0.427910
v -2.265000 -2.175000 0.427910
v -2.255000 -2.175000 0.427910
v -2.245000 -2.175000 0.427910
v -2.235000 -2.175000 0.427910
v -2.225000 -2.175000 0.437118
v -2.215000 -2.175000 0.427910
v -2.205000 -2.175000 0.418702
v -2.195000 -2.175000 0.427910
v -2.185000 -2.175000 0.446326
v -2.175000 -2.175000 0.446326
v -2.165000 -2.175000 0.455533
v -2.155000 -2.175000 0.473949
v -2.145000 -2.175000 0.483157
v -2.135000 -2.175000 0.492365
v -2.125000 -2.175000 0.492365
v -2.095000 -2.175000 0.182918
v -2.085000 -2.175000 0.187608
v -2.075000 -2.175000 0.187608
v -2.065000 -2.175000 0.187608
v -2.055000 -2.175000 0.192298
v -2.045000 -2.175000 0.192298
v -2.035000 -2.175000 0.192298
v -2.025000 -2.175000 0.192298
v -2.015000 -2.175000 0.192298
v -2.005000 -2.175000 0.192298
v -1.995000 -2.175000 0.192298
v -1.985000 -2.175000 0.192298
v -1.975000 -2.175000 0.196988
v -1.965000 -2.175000 0.187608
v -1.955000 -2.175000 0.168847
v -1.945000 -2.175000 0.168847
v -1.935000 -2.175000 0.168847
v -1.925000 -2.175000 0.168847
v -1.915000 -2.175000 0.168847
v -1.905000 -2.175000 0.168847
v -1.895000 -2.175000 0.168847
v -1.885000 -2.175000 0.168847
v -1.875000 -2.175000 0.150086
v -2.495000 -2.165000 0.335832
v -2.485000 -2.165000 0.335832
v -2.475000 -2.165000 0.326624
v -2.465000 -2.165000 0.326624
v -2.455000 -2.165000 0.335832
v -2.445000 -2.165000 0.345039
v -2.435000 -2.165000 0.335832
v -2.425000 -2.165000 0.345039
v -2.415000 -2.165000 0.345039
v -2.405000 -2.165000 0.345039
v -2.395000 -2.165000 0.354247
v -2.385000 -2.165000 0.354247
v -2.375000 -2.165000 0.354247
v -2.365000 -2.165000 0.345039
v -2.355000 -2.165000 0.354247
v -2.345000 -2.165000 0.381871
v -2.335000 -2.165000 0.381871
v -2.325000 -2.165000 0.400286
v -2.315000 -2.165000 0.409494
v -2.305000 -2.165000 0.409494
v -2.295000 -2.165000 0.409494
v -2.285000 -2.165000 0.418702
v -2.275000 -2.165000 0.418702
v -2.265000 -2.165000 0.418702
v -2.255000 -2.165000 0.418702
v -2.245000 -2.165000 0.427910
v -2.235000 -2.165000 0.427910
v -2.225000 -2.165000 0.427910
v -2.215000 -2.165000 0.409494
v -2.205000 -2.165000 0.409494
v -2.195000 -2.165000 0.427910
v -2.185000 -2.165000 0.437118
v -2.175000 -2.165000 0.446326
v -2.165000 -2.165000 0.455533
v -2.155000 -2.165000 0.464741
v -2.145000 -2.165000 0.483157
v -2.135000 -2.165000 0.492365
v -2.125000 -2.165000 0.492365
v -2.095000 -2.165000 0.182918
v -2.085000 -2.165000 0.187608
v -2.075000 -2.165000 0.187608
v -2.065000 -2.165000 0.192298
v -2.055000 -2.165000 0.192298
v -2.045000 -2.165000 0.192298
v -2.035000 -2.165000 0.192298
v -2.025000 -2.165000 0.196988
v -2.015000 -2.165000 0.196988
v -2.005000 -2.165000 0.196988
v -1.995000 -2.165000 0.196988
v -1.985000 -2.165000 0.196988
v -1.975000 -2.165000 0.196988
v -1.965000 -2.165000 0.182918
v -1.955000 -2.165000 0.168847
v -1.945000 -2.165000 0.173537
v -1.935000 -2.165000 0.173537
v -1.925000 -2.165000 0.173537
v -1.915000 -2.165000 0.168847
v -1.905000 -2.165000 0.168847
v -1.895000 -2.165000 0.173537
v -1.885000 -2.165000 0.168847
v -1.875000 -2.165000 0.150086
v -2.495000 -2.155000 0.326624
v -2.485000 -2.155000 0.335832
v -2.475000 -2.155000 0.326624
v -2.465000 -2.155000 0.317416
v -2.455000 -2.155000 0.335832
v -2.445000 -2.155000 0.335832
v -2.435000 -2.155000 0.326624
v -2.425000 -2.155000 0.335832
v -2.415000 -2.155000 0.335832
v -2.405000 -2.155000 0.345039
v -2.395000 -2.155000 0.345039
v -2.385000 -2.155000 0.345039
v -2.375000 -2.155000 0.345039
v -2.365000 -2.155000 0.345039
v -2.355000 -2.155000 0.354247
v -2.345000 -2.155000 0.363455
v -2.335000 -2.155000 0.372663
v -2.325000 -2.155000 0.391079
v -2.315000 -2.155000 0.400286
v -2.305000 -2.155000 0.400286
v -2.295000 -2.155000 0.409494
v -2.285000 -2.155000 0.409494
v -2.275000 -2.155000 0.418702
v -2.265000 -2.155000 0.418702
v -2.255000 -2.155000 0.418702
v -2.245000 -2.155000 0.418702
v -2.235000 -2.155000 0.427910
v -2.225000 -2.155000 0.418702
v -2.215000 -2.155000 0.409494
v -2.205000 -2.155000 0.409494
v -2.195000 -2.155000 0.427910
v -2.185000 -2.155000 0.437118
v -2.175000 -2.155000 0.437118
v -2.165000 -2.155000 0.446326
v -2.155000 -2.155000 0.464741
v -2.145000 -2.155000 0.483157
v -2.135000 -2.155000 0.483157
v -2.125000 -2.155000 0.483157
v -2.095000 -2.155000 0.182918
v -2.085000 -2.155000 0.187608
v -2.075000 -2.155000 0.192298
v -2.065000 -2.155000 0.192298
v -2.055000 -2.155000 0.192298
v -2.045000 -2.155000 0.192298
v -2.035000 -2.155000 0.196988
v -2.025000 -2.155000 0.196988
v -2.015000 -2.155000 0.196988
v -2.005000 -2.155000 0.196988
v -1.995000 -2.155000 0.196988
v -1.985000 -2.155000 0.196988
v -1.975000 -2.155000 0.196988
v -1.965000 -2.155000 0.182918
v -1.955000 -2.155000 0.173537
v -1.945000 -2.155000 0.173537
v -1.935000 -2.155000 0.178228
v -1.925000 -2.155000 0.178228
v -1.915000 -2.155000 0.173537
v -1.905000 -2.155000 0.173537
v -1.895000 -2.155000 0.173537
v -1.885000 -2.155000 0.168847
v -1.875000 -2.155000 0.150086
v -2.495000 -2.145000 0.317416
v -2.485000 -2.145000 0.326624
v -2.475000 -2.145000 0.317416
v -2.465000 -2.145000 0.317416
v -2.455000 -2.145000 0.326624
v -2.445000 -2.145000 0.326624
v -2.435000 -2.145000 0.326624
v -2.425000 -2.145000 0.326624
v -2.415000 -2.145000 0.326624
v -2.405000 -2.145000 0.345039
v -2.395000 -2.145000 0.345039
v -2.385000 -2.145000 0.335832
v -2.375000 -2.145000 0.345039
v -2.365000 -2.145000 0.345039
v -2.355000 -2.145000 0.345039
v -2.345000 -2.145000 0.354247
v -2.335000 -2.145000 0.381871
v -2.325000 -2.145000 0.391079
v -2.315000 -2.145000 0.391079
v -2.305000 -2.145000 0.391079
v -2.295000 -2.145000 0.400286
v -2.285000 -2.145000 0.409494
v -2.275000 -2.145000 0.409494
v -2.265000 -2.145000 0.409494
v -2.255000 -2.145000 0.418702
v -2.245000 -2.145000 0.418702
v -2.235000 -2.145000 0.418702
v -2.225000 -2.145000 0.418702
v -2.215000 -2.145000 0.409494
v -2.205000 -2.145000 0.409494
v -2.195000 -2.145000 0.427910
v -2.185000 -2.145000 0.437118
v -2.175000 -2.145000 0.437118
v -2.165000 -2.145000 0.446326
v -2.155000 -2.145000 0.464741
v -2.145000 -2.145000 0.483157
v -2.135000 -2.145000 0.483157
v -2.125000 -2.145000 0.483157
v -2.095000 -2.145000 0.182918
v -2.085000 -2.145000 0.192298
v -2.075000 -2.145000 0.192298
v -2.065000 -2.145000 0.192298
v -2.055000 -2.145000 0.196988
v -2.045000 -2.145000 0.196988
v -2.035000 -2.145000 0.196988
v -2.025000 -2.145000 0.196988
v -2.015000 -2.145000 0.196988
v -2.005000 -2.145000 0.196988
v -1.995000 -2.145000 0.196988
v -1.985000 -2.145000 0.196988
v -1.975000 -2.145000 0.196988
v -1.965000 -2.145000 0.182918
v -1.955000 -2.145000 0.178228
v -1.945000 -2.145000 0.178228
v -1.935000 -2.145000 0.182918
v -1.925000 -2.145000 0.182918
v -1.915000 -2.145000 0.178228
v -1.905000 -2.145000 0.173537
v -1.895000 -2.145000 0.178228
v -1.885000 -2.145000 0.173537
v -1.875000 -2.145000 0.150086
v -2.495000 -2.135000 0.317416
v -2.485000 -2.135000 0.308208
v -2.475000 -2.135000 0.308208
v -2.465000 -2.135000 0.317416
v -2.455000 -2.135000 0.317416
v -2.445000 -2.135000 0.308208
v -2.435000 -2.135000 0.317416
v -2.425000 -2.135000 0.317416
v -2.415000 -2.135000 0.317416
v -2.405000 -2.135000 0.335832
v -2.395000 -2.135000 0.335832
v -2.385000 -2.135000 0.326624
v -2.375000 -2.135000 0.326624
v -2.365000 -2.135000 0.335832
v -2.355000 -2.135000 0.345039
v -2.345000 -2.135000 0.345039
v -2.335000 -2.135000 0.372663
v -2.325000 -2.135000 0.372663
v -2.315000 -2.135000 0.381871
v -2.305000 -2.135000 0.381871
v -2.295000 -2.135000 0.391079
v -2.285000 -2.135000 0.400286
v -2.275000 -2.135000 0.400286
v -2.265000 -2.135000 0.409494
v -2.255000 -2.135000 0.409494
v -2.245000 -2.135000 0.409494
v -2.235000 -2.135000 0.418702
v -2.225000 -2.135000 0.409494
v -2.215000 -2.135000 0.409494
v -2.205000 -2.135000 0.409494
v -2.195000 -2.135000 0.427910
v -2.185000 -2.135000 0.427910
v -2.175000 -2.135000 0.437118
v -2.165000 -2.135000 0.446326
v -2.155000 -2.135000 0.473949
v -2.145000 -2.135000 0.483157
v -2.135000 -2.135000 0.483157
v -2.125000 -2.135000 0.483157
v -2.095000 -2.135000 0.187608
v -2.085000 -2.135000 0.192298
v -2.075000 -2.135000 0.192298
v -2.065000 -2.135000 0.192298
v -2.055000 -2.135000 0.196988
v -2.045000 -2.135000 0.196988
v -2.035000 -2.135000 0.196988
v -2.025000 -2.135000 0.196988
v -2.015000 -2.135000 0.196988
v -2.005000 -2.135000 0.196988
v -1.995000 -2.135000 0.201679
v -1.985000 -2.135000 0.201679
v -1.975000 -2.135000 0.196988
v -1.965000 -2.135000 0.182918
v -1.955000 -2.135000 0.182918
v -1.945000 -2.135000 0.182918
v -1.935000 -2.135000 0.182918
v -1.925000 -2.135000 0.182918
v -1.915000 -2.135000 0.182918
v -1.905000 -2.135000 0.178228
v -1.895000 -2.135000 0.182918
v -1.885000 -2.135000 0.173537
v -1.875000 -2.135000 0.150086
v -2.495000 -2.125000 0.299000
v -2.485000 -2.125000 0.308208
v -2.475000 -2.125000 0.308208
v -2.465000 -2.125000 0.308208
v -2.455000 -2.125000 0.308208
v -2.445000 -2.125000 0.308208
v -2.435000 -2.125000 0.308208
v -2.425000 -2.125000 0.308208
v -2.415000 -2.125000 0.308208
v -2.405000 -2.125000 0.326624
v -2.395000 -2.125000 0.326624
v -2.385000 -2.125000 0.317416
v -2.375000 -2.125000 0.317416
v -2.365000 -2.125000 0.326624
v -2.355000 -2.125000 0.335832
v -2.345000 -2.125000 0.345039
v -2.335000 -2.125000 0.363455
v -2.325000 -2.125000 0.363455
v -2.315000 -2.125000 0.363455
v -2.305000 -2.125000 0.372663
v -2.295000 -2.125000 0.391079
v -2.285000 -2.125000 0.400286
v -2.275000 -2.125000 0.400286
v -2.265000 -2.125000 0.409494
v -2.255000 -2.125000 0.409494
v -2.245000 -2.125000 0.409494
v -2.235000 -2.125000 0.409494
v -2.225000 -2.125000 0.400286
v -2.215000 -2.125000 0.400286
v -2.205000 -2.125000 0.409494
v -2.195000 -2.125000 0.427910
v -2.185000 -2.125000 0.427910
v -2.175000 -2.125000 0.427910
v -2.165000 -2.125000 0.446326
v -2.155000 -2.125000 0.473949
v -2.145000 -2.125000 0.483157
v -2.135000 -2.125000 0.483157
v -2.125000 -2.125000 0.483157
v -2.095000 -2.125000 0.187608
v -2.085000 -2.125000 0.192298
v -2.075000 -2.125000 0.192298
v -2.065000 -2.125000 0.192298
v -2.055000 -2.125000 0.196988
v -2.045000 -2.125000 0.196988
v -2.035000 -2.125000 0.196988
v -2.025000 -2.125000 0.201679
v -2.015000 -2.125000 0.201679
v -2.005000 -2.125000 0.201679
v -1.995000 -2.125000 0.201679
v -1.985000 -2.125000 0.201679
v -1.975000 -2.125000 0.196988
v -1.965000 -2.125000 0.187608
v -1.955000 -2.125000 0.182918
v -1.945000 -2.125000 0.182918
v -1.935000 -2.125000 0.182918
v -1.925000 -2.125000 0.182918
v -1.915000 -2.125000 0.182918
v -1.905000 -2.125000 0.182918
v -1.895000 -2.125000 0.187608
v -1.885000 -2.125000 0.178228
v -1.875000 -2.125000 0.150086
v -2.495000 -2.115000 0.299000
v -2.485000 -2.115000 0.299000
v -2.475000 -2.115000 0.299000
v -2.465000 -2.115000 0.299000
v -2.455000 -2.115000 0.299000
v -2.445000 -2.115000 0.299000
v -2.435000 -2.115000 0.308208
v -2.425000 -2.115000 0.299000
v -2.415000 -2.115000 0.308208
v -2.405000 -2.115000 0.317416
v -2.395000 -2.115000 0.308208
v -2.385000 -2.115000 0.308208
v -2.375000 -2.115000 0.317416
v -2.365000 -2.115000 0.317416
v -2.355000 -2.115000 0.317416
v -2.345000 -2.115000 0.326624
v -2.335000 -2.115000 0.345039
v -2.325000 -2.115000 0.345039
v -2.315000 -2.115000 0.363455
v -2.305000 -2.115000 0.372663
v -2.295000 -2.115000 0.381871
v -2.285000 -2.115000 0.391079
v -2.275000 -2.115000 0.391079
v -2.265000 -2.115000 0.400286
v -2.255000 -2.115000 0.400286
v -2.245000 -2.115000 0.400286
v -2.235000 -2.115000 0.400286
v -2.225000 -2.115000 0.400286
v -2.215000 -2.115000 0.400286
v -2.205000 -2.115000 0.409494
v -2.195000 -2.115000 0.418702
v -2.185000 -2.115000 0.418702
v -2.175000 -2.115000 0.427910
v -2.165000 -2.115000 0.446326
v -2.155000 -2.115000 0.464741
v -2.145000 -2.115000 0.473949
v -2.135000 -2.115000 0.483157
v -2.125000 -2.115000 0.483157
v -2.095000 -2.115000 0.192298
v -2.085000 -2.115000 0.192298
v -2.075000 -2.115000 0.192298
v -2.065000 -2.115000 0.196988
v -2.055000 -2.115000 0.196988
v -2.045000 -2.115000 0.196988
v -2.035000 -2.115000 0.196988
v -2.025000 -2.115000 0.201679
v -2.015000 -2.115000 0.201679
v -2.005000 -2.115000 0.201679
v -1.995000 -2.115000 0.201679
v -1.985000 -2.115000 0.206369
v -1.975000 -2.115000 0.196988
v -1.965000 -2.115000 0.187608
v -1.955000 -2.115000 0.187608
v -1.945000 -2.115000 0.187608
v -1.935000 -2.115000 0.187608
v -1.925000 -2.115000 0.187608
v -1.915000 -2.115000 0.187608
v -1.905000 -2.115000 0.182918
v -1.895000 -2.115000 0.187608
v -1.885000 -2.115000 0.178228
v -1.875000 -2.115000 0.150086
v -2.495000 -2.105000 0.295483
v -2.485000 -2.105000 0.295483
v -2.475000 -2.105000 0.295483
v -2.465000 -2.105000 0.299000
v -2.455000 -2.105000 0.299000
v -2.445000 -2.105000 0.299000
v -2.435000 -2.105000 0.299000
v -2.425000 -2.105000 0.299000
v -2.415000 -2.105000 0.299000
v -2.405000 -2.105000 0.299000
v -2.395000 -2.105000 0.299000
v -2.385000 -2.105000 0.299000
v -2.375000 -2.105000 0.308208
v -2.365000 -2.105000 0.308208
v -2.355000 -2.105000 0.308208
v -2.345000 -2.105000 0.317416
v -2.335000 -2.105000 0.317416
v -2.325000 -2.105000 0.326624
v -2.315000 -2.105000 0.354247
v -2.305000 -2.105000 0.363455
v -2.295000 -2.105000 0.381871
v -2.285000 -2.105000 0.381871
v -2.275000 -2.105000 0.372663
v -2.265000 -2.105000 0.391079
v -2.255000 -2.105000 0.400286
v -2.245000 -2.105000 0.400286
v -2.235000 -2.105000 0.391079
v -2.225000 -2.105000 0.400286
v -2.215000 -2.105000 0.400286
v -2.205000 -2.105000 0.400286
v -2.195000 -2.105000 0.409494
v -2.185000 -2.105000 0.418702
v -2.175000 -2.105000 0.418702
v -2.165000 -2.105000 0.446326
v -2.155000 -2.105000 0.464741
v -2.145000 -2.105000 0.473949
v -2.135000 -2.105000 0.473949
v -2.125000 -2.105000 0.483157
v -2.115000 -2.105000 0.492365
v -2.085000 -2.105000 0.192298
v -2.075000 -2.105000 0.196988
v -2.065000 -2.105000 0.196988
v -2.055000 -2.105000 0.196988
v -2.045000 -2.105000 0.196988
v -2.035000 -2.105000 0.196988
v -2.025000 -2.105000 0.201679
v -2.015000 -2.105000 0.201679
v -2.005000 -2.105000 0.201679
v -1.995000 -2.105000 0.206369
v -1.985000 -2.105000 0.206369
v -1.975000 -2.105000 0.196988
v -1.965000 -2.105000 0.187608
v -1.955000 -2.105000 0.187608
v -1.945000 -2.105000 0.187608
v -1.935000 -2.105000 0.187608
v -1.925000 -2.105000 0.187608
v -1.915000 -2.105000 0.187608
v -1.905000 -2.105000 0.187608
v -1.895000 -2.105000 0.192298
v -1.885000 -2.105000 0.187608
v -1.875000 -2.105000 0.057224
v -2.495000 -2.095000 0.290792
v -2.485000 -2.095000 0.290792
v -2.475000 -2.095000 0.295483
v -2.465000 -2.095000 0.295483
v -2.455000 -2.095000 0.295483
v -2.445000 -2.095000 0.295483
v -2.435000 -2.095000 0.299000
v -2.425000 -2.095000 0.299000
v -2.415000 -2.095000 0.299000
v -2.405000 -2.095000 0.295483
v -2.395000 -2.095000 0.295483
v -2.385000 -2.095000 0.299000
v -2.375000 -2.095000 0.299000
v -2.365000 -2.095000 0.299000
v -2.355000 -2.095000 0.299000
v -2.345000 -2.095000 0.317416
v -2.335000 -2.095000 0.308208
v -2.325000 -2.095000 0.326624
v -2.315000 -2.095000 0.354247
v -2.305000 -2.095000 0.363455
v -2.295000 -2.095000 0.372663
v -2.285000 -2.095000 0.363455
v -2.275000 -2.095000 0.372663
v -2.265000 -2.095000 0.381871
v -2.255000 -2.095000 0.391079
v -2.245000 -2.095000 0.391079
v -2.235000 -2.095000 0.391079
v -2.225000 -2.095000 0.400286
v -2.215000 -2.095000 0.400286
v -2.205000 -2.095000 0.400286
v -2.195000 -2.095000 0.409494
v -2.185000 -2.095000 0.409494
v -2.175000 -2.095000 0.418702
v -2.165000 -2.095000 0.446326
v -2.155000 -2.095000 0.464741
v -2.145000 -2.095000 0.473949
v -2.135000 -2.095000 0.473949
v -2.125000 -2.095000 0.473949
v -2.115000 -2.095000 0.483157
v -2.105000 -2.095000 0.187608
v -2.095000 -2.095000 0.192298
v -2.085000 -2.095000 0.196988
v -2.075000 -2.095000 0.196988
v -2.065000 -2.095000 0.196988
v -2.055000 -2.095000 0.196988
v -2.045000 -2.095000 0.201679
v -2.035000 -2.095000 0.201679
v -2.025000 -2.095000 0.201679
v -2.015000 -2.095000 0.206369
v -2.005000 -2.095000 0.201679
v -1.995000 -2.095000 0.206369
v -1.985000 -2.095000 0.206369
v -1.975000 -2.095000 0.192298
v -1.965000 -2.095000 0.192298
v -1.955000 -2.095000 0.192298
v -1.945000 -2.095000 0.192298
v -1.935000 -2.095000 0.192298
v -1.925000 -2.095000 0.192298
v -1.915000 -2.095000 0.192298
v -1.905000 -2.095000 0.192298
v -1.895000 -2.095000 0.192298
v -1.885000 -2.095000 0.057224
v -2.495000 -2.085000 0.290792
v -2.485000 -2.085000 0.290792
v -2.475000 -2.085000 0.290792
v -2.465000 -2.085000 0.290792
v -2.455000 -2.085000 0.290792
v -2.445000 -2.085000 0.295483
v -2.435000 -2.085000 0.295483
v -2.425000 -2.085000 0.295483
v -2.415000 -2.085000 0.295483
v -2.405000 -2.085000 0.290792
v -2.395000 -2.085000 0.290792
v -2.385000 -2.085000 0.295483
v -2.375000 -2.085000 0.299000
v -2.365000 -2.085000 0.295483
v -2.355000 -2.085000 0.299000
v -2.345000 -2.085000 0.308208
v -2.335000 -2.085000 0.308208
v -2.325000 -2.085000 0.317416
v -2.315000 -2.085000 0.345039
v -2.305000 -2.085000 0.354247
v -2.295000 -2.085000 0.363455
v -2.285000 -2.085000 0.363455
v -2.275000 -2.085000 0.372663
v -2.265000 -2.085000 0.381871
v -2.255000 -2.085000 0.372663
v -2.245000 -2.085000 0.381871
v -2.235000 -2.085000 0.391079
v -2.225000 -2.085000 0.391079
v -2.215000 -2.085000 0.400286
v -2.205000 -2.085000 0.400286
v -2.195000 -2.085000 0.409494
v -2.185000 -2.085000 0.409494
v -2.175000 -2.085000 0.418702
v -2.165000 -2.085000 0.437118
v -2.155000 -2.085000 0.455533
v -2.145000 -2.085000 0.464741
v -2.135000 -2.085000 0.473949
v -2.125000 -2.085000 0.473949
v -2.115000 -2.085000 0.483157
v -2.105000 -2.085000 0.187608
v -2.095000 -2.085000 0.192298
v -2.085000 -2.085000 0.196988
v -2.075000 -2.085000 0.196988
v -2.065000 -2.085000 0.196988
v -2.055000 -2.085000 0.196988
v -2.045000 -2.085000 0.201679
v -2.035000 -2.085000 0.201679
v -2.025000 -2.085000 0.206369
v -2.015000 -2.085000 0.206369
v -2.005000 -2.085000 0.206369
v -1.995000 -2.085000 0.206369
v -1.985000 -2.085000 0.211059
v -1.975000 -2.085000 0.192298
v -1.965000 -2.085000 0.192298
v -1.955000 -2.085000 0.192298
v -1.945000 -2.085000 0.196988
v -1.935000 -2.085000 0.192298
v -1.925000 -2.085000 0.196988
v -1.915000 -2.085000 0.192298
v -1.905000 -2.085000 0.192298
v -1.895000 -2.085000 0.057224
v -2.495000 -2.075000 0.286102
v -2.485000 -2.075000 0.286102
v -2.475000 -2.075000 0.290792
v -2.465000 -2.075000 0.290792
v -2.455000 -2.075000 0.290792
v -2.445000 -2.075000 0.295483
v -2.435000 -2.075000 0.295483
v -2.425000 -2.075000 0.295483
v -2.415000 -2.075000 0.290792
v -2.405000 -2.075000 0.286102
v -2.395000 -2.075000 0.290792
v -2.385000 -2.075000 0.290792
v -2.375000 -2.075000 0.290792
v -2.365000 -2.075000 0.290792
v -2.355000 -2.075000 0.295483
v -2.345000 -2.075000 0.299000
v -2.335000 -2.075000 0.308208
v -2.325000 -2.075000 0.317416
v -2.315000 -2.075000 0.335832
v -2.305000 -2.075000 0.345039
v -2.295000 -2.075000 0.354247
v -2.285000 -2.075000 0.354247
v -2.275000 -2.075000 0.363455
v -2.265000 -2.075000 0.372663
v -2.255000 -2.075000 0.372663
v -2.245000 -2.075000 0.381871
v -2.235000 -2.075000 0.391079
v -2.225000 -2.075000 0.391079
v -2.215000 -2.075000 0.391079
v -2.205000 -2.075000 0.400286
v -2.195000 -2.075000 0.400286
v -2.185000 -2.075000 0.409494
v -2.175000 -2.075000 0.427910
v -2.165000 -2.075000 0.437118
v -2.155000 -2.075000 0.455533
v -2.145000 -2.075000 0.464741
v -2.135000 -2.075000 0.464741
v -2.125000 -2.075000 0.473949
v -2.115000 -2.075000 0.483157
v -2.105000 -2.075000 0.192298
v -2.095000 -2.075000 0.196988
v -2.085000 -2.075000 0.196988
v -2.075000 -2.075000 0.196988
v -2.065000 -2.075000 0.196988
v -2.055000 -2.075000 0.201679
v -2.045000 -2.075000 0.201679
v -2.035000 -2.075000 0.201679
v -2.025000 -2.075000 0.206369
v -2.015000 -2.075000 0.206369
v -2.005000 -2.075000 0.206369
v -1.995000 -2.075000 0.211059
v -1.985000 -2.075000 0.211059
v -1.975000 -2.075000 0.192298
v -1.965000 -2.075000 0.192298
v -1.955000 -2.075000 0.196988
v -1.945000 -2.075000 0.196988
v -1.935000 -2.075000 0.196988
v -1.925000 -2.075000 0.196988
v -1.915000 -2.075000 0.196988
v -1.905000 -2.075000 0.196988
v -1.895000 -2.075000 0.057224
v -2.495000 -2.065000 0.281412
v -2.485000 -2.065000 0.286102
v -2.475000 -2.065000 0.286102
v -2.465000 -2.065000 0.286102
v -2.455000 -2.065000 0.290792
v -2.445000 -2.065000 0.290792
v -2.435000 -2.065000 0.290792
v -2.425000 -2.065000 0.290792
v -2.415000 -2.065000 0.286102
v -2.405000 -2.065000 0.286102
v -2.395000 -2.065000 0.286102
v -2.385000 -2.065000 0.286102
v -2.375000 -2.065000 0.286102
v -2.365000 -2.065000 0.286102
v -2.355000 -2.065000 0.295483
v -2.345000 -2.065000 0.299000
v -2.335000 -2.065000 0.299000
v -2.325000 -2.065000 0.308208
v -2.315000 -2.065000 0.326624
v -2.305000 -2.065000 0.335832
v -2.295000 -2.065000 0.345039
v -2.285000 -2.065000 0.354247
v -2.275000 -2.065000 0.372663
v -2.265000 -2.065000 0.363455
v -2.255000 -2.065000 0.363455
v -2.245000 -2.065000 0.372663
v -2.235000 -2.065000 0.381871
v -2.225000 -2.065000 0.381871
v -2.215000 -2.065000 0.391079
v -2.205000 -2.065000 0.400286
v -2.195000 -2.065000 0.400286
v -2.185000 -2.065000 0.409494
v -2.175000 -2.065000 0.418702
v -2.165000 -2.065000 0.437118
v -2.155000 -2.065000 0.455533
v -2.145000 -2.065000 0.464741
v -2.135000 -2.065000 0.464741
v -2.125000 -2.065000 0.473949
v -2.115000 -2.065000 0.473949
v -2.105000 -2.065000 0.196988
v -2.095000 -2.065000 0.196988
v -2.085000 -2.065000 0.196988
v -2.075000 -2.065000 0.201679
v -2.065000 -2.065000 0.201679
v -2.055000 -2.065000 0.201679
v -2.045000 -2.065000 0.206369
v -2.035000 -2.065000 0.206369
v -2.025000 -2.065000 0.206369
v -2.015000 -2.065000 0.211059
v -2.005000 -2.065000 0.211059
v -1.995000 -2.065000 0.211059
v -1.985000 -2.065000 0.211059
v -1.975000 -2.065000 0.192298
v -1.965000 -2.065000 0.196988
v -1.955000 -2.065000 0.196988
v -1.945000 -2.065000 0.201679
v -1.935000 -2.065000 0.201679
v -1.925000 -2.065000 0.201679
v -1.915000 -2.065000 0.201679
v -1.905000 -2.065000 0.201679
v -1.895000 -2.065000 0.057224
v -2.495000 -2.055000 0.276722
v -2.485000 -2.055000 0.286102
v -2.475000 -2.055000 0.286102
v -2.465000 -2.055000 0.286102
v -2.455000 -2.055000 0.286102
v -2.445000 -2.055000 0.290792
v -2.435000 -2.055000 0.290792
v -2.425000 -2.055000 0.290792
v -2.415000 -2.055000 0.281412
v -2.405000 -2.055000 0.286102
v -2.395000 -2.055000 0.286102
v -2.385000 -2.055000 0.281412
v -2.375000 -2.055000 0.281412
v -2.365000 -2.055000 0.286102
v -2.355000 -2.055000 0.295483
v -2.345000 -2.055000 0.295483
v -2.335000 -2.055000 0.299000
v -2.325000 -2.055000 0.308208
v -2.315000 -2.055000 0.317416
v -2.305000 -2.055000 0.326624
v -2.295000 -2.055000 0.345039
v -2.285000 -2.055000 0.354247
v -2.275000 -2.055000 0.354247
v -2.265000 -2.055000 0.354247
v -2.255000 -2.055000 0.363455
v -2.245000 -2.055000 0.372663
v -2.235000 -2.055000 0.372663
v -2.225000 -2.055000 0.372663
v -2.215000 -2.055000 0.391079
v -2.205000 -2.055000 0.391079
v -2.195000 -2.055000 0.391079
v -2.185000 -2.055000 0.400286
v -2.175000 -2.055000 0.418702
v -2.165000 -2.055000 0.437118
v -2.155000 -2.055000 0.455533
v -2.145000 -2.055000 0.455533
v -2.135000 -2.055000 0.464741
v -2.125000 -2.055000 0.464741
v -2.115000 -2.055000 0.464741
v -2.105000 -2.055000 0.196988
v -2.095000 -2.055000 0.196988
v -2.085000 -2.055000 0.196988
v -2.075000 -2.055000 0.201679
v -2.065000 -2.055000 0.201679
v -2.055000 -2.055000 0.206369
v -2.045000 -2.055000 0.211059
v -2.035000 -2.055000 0.211059
v -2.025000 -2.055000 0.211059
v -2.015000 -2.055000 0.211059
v -2.005000 -2.055000 0.211059
v -1.995000 -2.055000 0.211059
v -1.985000 -2.055000 0.211059
v -1.975000 -2.055000 0.196988
v -1.965000 -2.055000 0.201679
v -1.955000 -2.055000 0.206369
v -1.945000 -2.055000 0.211059
v -1.935000 -2.055000 0.206369
v -1.925000 -2.055000 0.201679
v -1.915000 -2.055000 0.201679
v -1.905000 -2.055000 0.206369
v -1.895000 -2.055000 0.057224
v -2.495000 -2.045000 0.272032
v -2.485000 -2.045000 0.276722
v -2.475000 -2.045000 0.281412
v -2.465000 -2.045000 0.281412
v -2.455000 -2.045000 0.286102
v -2.445000 -2.045000 0.286102
v -2.435000 -2.045000 0.286102
v -2.425000 -2.045000 0.281412
v -2.415000 -2.045000 0.281412
v -2.405000 -2.045000 0.281412
v -2.395000 -2.045000 0.281412
v -2.385000 -2.045000 0.276722
v -2.375000 -2.045000 0.281412
v -2.365000 -2.045000 0.286102
v -2.355000 -2.045000 0.290792
v -2.345000 -2.045000 0.295483
v -2.335000 -2.045000 0.295483
v -2.325000 -2.045000 0.299000
v -2.315000 -2.045000 0.317416
v -2.305000 -2.045000 0.326624
v -2.295000 -2.045000 0.335832
v -2.285000 -2.045000 0.354247
v -2.275000 -2.045000 0.345039
v -2.265000 -2.045000 0.354247
v -2.255000 -2.045000 0.354247
v -2.245000 -2.045000 0.372663
v -2.235000 -2.045000 0.363455
v -2.225000 -2.045000 0.363455
v -2.215000 -2.045000 0.381871
v -2.205000 -2.045000 0.381871
v -2.195000 -2.045000 0.381871
v -2.185000 -2.045000 0.400286
v -2.175000 -2.045000 0.418702
v -2.165000 -2.045000 0.437118
v -2.155000 -2.045000 0.446326
v -2.145000 -2.045000 0.455533
v -2.135000 -2.045000 0.455533
v -2.125000 -2.045000 0.464741
v -2.115000 -2.045000 0.464741
v -2.105000 -2.045000 0.201679
v -2.095000 -2.045000 0.201679
v -2.085000 -2.045000 0.201679
v -2.075000 -2.045000 0.201679
v -2.065000 -2.045000 0.206369
v -2.055000 -2.045000 0.206369
v -2.045000 -2.045000 0.211059
v -2.035000 -2.045000 0.211059
v -2.025000 -2.045000 0.215749
v -2.015000 -2.045000 0.215749
v -2.005000 -2.045000 0.220439
v -1.995000 -2.045000 0.215749
v -1.985000 -2.045000 0.211059
v -1.975000 -2.045000 0.201679
v -1.965000 -2.045000 0.206369
v -1.955000 -2.045000 0.206369
v -1.945000 -2.045000 0.211059
v -1.935000 -2.045000 0.211059
v -1.925000 -2.045000 0.211059
v -1.915000 -2.045000 0.206369
v -1.905000 -2.045000 0.206369
v -1.895000 -2.045000 0.057224
v -2.495000 -2.035000 0.262651
v -2.485000 -2.035000 0.272032
v -2.475000 -2.035000 0.276722
v -2.465000 -2.035000 0.281412
v -2.455000 -2.035000 0.281412
v -2.445000 -2.035000 0.281412
v -2.435000 -2.035000 0.272032
v -2.425000 -2.035000 0.276722
v -2.415000 -2.035000 0.281412
v -2.405000 -2.035000 0.281412
v -2.395000 -2.035000 0.276722
v -2.385000 -2.035000 0.272032
v -2.375000 -2.035000 0.281412
v -2.365000 -2.035000 0.281412
v -2.355000 -2.035000 0.286102
v -2.345000 -2.035000 0.286102
v -2.335000 -2.035000 0.290792
v -2.325000 -2.035000 0.299000
v -2.315000 -2.035000 0.308208
v -2.305000 -2.035000 0.308208
v -2.295000 -2.035000 0.326624
v -2.285000 -2.035000 0.335832
v -2.275000 -2.035000 0.335832
v -2.265000 -2.035000 0.345039
v -2.255000 -2.035000 0.354247
v -2.245000 -2.035000 0.363455
v -2.235000 -2.035000 0.354247
v -2.225000 -2.035000 0.363455
v -2.215000 -2.035000 0.372663
v -2.205000 -2.035000 0.372663
v -2.195000 -2.035000 0.381871
v -2.185000 -2.035000 0.391079
v -2.175000 -2.035000 0.418702
v -2.165000 -2.035000 0.437118
v -2.155000 -2.035000 0.446326
v -2.145000 -2.035000 0.446326
v -2.135000 -2.035000 0.455533
v -2.125000 -2.035000 0.464741
v -2.115000 -2.035000 0.455533
v -2.105000 -2.035000 0.206369
v -2.095000 -2.035000 0.206369
v -2.085000 -2.035000 0.206369
v -2.075000 -2.035000 0.206369
v -2.065000 -2.035000 0.211059
v -2.055000 -2.035000 0.215749
v -2.045000 -2.035000 0.215749
v -2.035000 -2.035000 0.220439
v -2.025000 -2.035000 0.220439
v -2.015000 -2.035000 0.220439
v -2.005000 -2.035000 0.225130
v -1.995000 -2.035000 0.220439
v -1.985000 -2.035000 0.211059
v -1.975000 -2.035000 0.206369
v -1.965000 -2.035000 0.211059
v -1.955000 -2.035000 0.211059
v -1.945000 -2.035000 0.215749
v -1.935000 -2.035000 0.220439
v -1.925000 -2.035000 0.215749
v -1.915000 -2.035000 0.215749
v -1.905000 -2.035000 0.211059
v -1.895000 -2.035000 0.206369
v -1.885000 -2.035000 0.057224
v -1.875000 -2.035000 0.057224
v -2.485000 -2.025000 0.262651
v -2.475000 -2.025000 0.267341
v -2.465000 -2.025000 0.267341
v -2.455000 -2.025000 0.276722
v -2.445000 -2.025000 0.272032
v -2.435000 -2.025000 0.267341
v -2.425000 -2.025000 0.267341
v -2.415000 -2.025000 0.276722
v -2.405000 -2.025000 0.276722
v -2.395000 -2.025000 0.267341
v -2.385000 -2.025000 0.272032
v -2.375000 -2.025000 0.281412
v -2.365000 -2.025000 0.276722
v -2.355000 -2.025000 0.281412
v -2.345000 -2.025000 0.281412
v -2.335000 -2.025000 0.286102
v -2.325000 -2.025000 0.290792
v -2.315000 -2.025000 0.295483
v -2.305000 -2.025000 0.299000
v -2.295000 -2.025000 0.308208
v -2.285000 -2.025000 0.317416
v -2.275000 -2.025000 0.317416
v -2.265000 -2.025000 0.335832
v -2.255000 -2.025000 0.345039
v -2.245000 -2.025000 0.354247
v -2.235000 -2.025000 0.354247
v -2.225000 -2.025000 0.363455
v -2.215000 -2.025000 0.363455
v -2.205000 -2.025000 0.372663
v -2.195000 -2.025000 0.372663
v -2.185000 -2.025000 0.391079
v -2.175000 -2.025000 0.409494
v -2.165000 -2.025000 0.427910
v -2.155000 -2.025000 0.437118
v -2.145000 -2.025000 0.446326
v -2.135000 -2.025000 0.455533
v -2.125000 -2.025000 0.464741
v -2.115000 -2.025000 0.446326
v -2.105000 -2.025000 0.211059
v -2.095000 -2.025000 0.215749
v -2.085000 -2.025000 0.211059
v -2.075000 -2.025000 0.211059
v -2.065000 -2.025000 0.215749
v -2.055000 -2.025000 0.220439
v -2.045000 -2.025000 0.220439
v -2.035000 -2.025000 0.220439
v -2.025000 -2.025000 0.225130
v -2.015000 -2.025000 0.225130
v -2.005000 -2.025000 0.229820
v -1.995000 -2.025000 0.220439
v -1.985000 -2.025000 0.211059
v -1.975000 -2.025000 0.211059
v -1.965000 -2.025000 0.215749
v -1.955000 -2.025000 0.220439
v -1.945000 -2.025000 0.220439
v -1.935000 -2.025000 0.220439
v -1.925000 -2.025000 0.220439
v -1.915000 -2.025000 0.220439
v -1.905000 -2.025000 0.215749
v -1.895000 -2.025000 0.206369
v -1.885000 -2.025000 0.150086
v -2.485000 -2.015000 0.057224
v -2.475000 -2.015000 0.262651
v -2.465000 -2.015000 0.262651
v -2.455000 -2.015000 0.257961
v -2.445000 -2.015000 0.267341
v -2.435000 -2.015000 0.262651
v -2.425000 -2.015000 0.257961
v -2.415000 -2.015000 0.267341
v -2.405000 -2.015000 0.267341
v -2.395000 -2.015000 0.262651
v -2.385000 -2.015000 0.267341
v -2.375000 -2.015000 0.272032
v -2.365000 -2.015000 0.272032
v -2.355000 -2.015000 0.272032
v -2.345000 -2.015000 0.276722
v -2.335000 -2.015000 0.276722
v -2.325000 -2.015000 0.281412
v -2.315000 -2.015000 0.290792
v -2.305000 -2.015000 0.295483
v -2.295000 -2.015000 0.299000
v -2.285000 -2.015000 0.299000
v -2.275000 -2.015000 0.299000
v -2.265000 -2.015000 0.308208
v -2.255000 -2.015000 0.335832
v -2.245000 -2.015000 0.345039
v -2.235000 -2.015000 0.345039
v -2.225000 -2.015000 0.354247
v -2.215000 -2.015000 0.363455
v -2.205000 -2.015000 0.363455
v -2.195000 -2.015000 0.372663
v -2.185000 -2.015000 0.381871
v -2.175000 -2.015000 0.400286
v -2.165000 -2.015000 0.418702
v -2.155000 -2.015000 0.427910
v -2.145000 -2.015000 0.437118
v -2.135000 -2.015000 0.446326
v -2.125000 -2.015000 0.455533
v -2.115000 -2.015000 0.446326
v -2.105000 -2.015000 0.215749
v -2.095000 -2.015000 0.220439
v -2.085000 -2.015000 0.220439
v -2.075000 -2.015000 0.220439
v -2.065000 -2.015000 0.220439
v -2.055000 -2.015000 0.220439
v -2.045000 -2.015000 0.225130
v -2.035000 -2.015000 0.225130
v -2.025000 -2.015000 0.229820
v -2.015000 -2.015000 0.229820
v -2.005000 -2.015000 0.229820
v -1.995000 -2.015000 0.220439
v -1.985000 -2.015000 0.215749
v -1.975000 -2.015000 0.215749
v -1.965000 -2.015000 0.220439
v -1.955000 -2.015000 0.225130
v -1.945000 -2.015000 0.225130
v -1.935000 -2.015000 0.225130
v -1.925000 -2.015000 0.225130
v -1.915000 -2.015000 0.229820
v -1.905000 -2.015000 0.220439
v -1.895000 -2.015000 0.057224
v -1.885000 -2.015000 0.150086
v -2.475000 -2.005000 0.057224
v -2.465000 -2.005000 0.057224
v -2.455000 -2.005000 0.057224
v -2.445000 -2.005000 0.267341
v -2.435000 -2.005000 0.257961
v -2.425000 -2.005000 0.257961
v -2.415000 -2.005000 0.257961
v -2.405000 -2.005000 0.257961
v -2.395000 -2.005000 0.262651
v -2.385000 -2.005000 0.262651
v -2.375000 -2.005000 0.267341
v -2.365000 -2.005000 0.267341
v -2.355000 -2.005000 0.267341
v -2.345000 -2.005000 0.272032
v -2.335000 -2.005000 0.272032
v -2.325000 -2.005000 0.276722
v -2.315000 -2.005000 0.286102
v -2.305000 -2.005000 0.290792
v -2.295000 -2.005000 0.295483
v -2.285000 -2.005000 0.295483
v -2.275000 -2.005000 0.295483
v -2.265000 -2.005000 0.299000
v -2.255000 -2.005000 0.317416
v -2.245000 -2.005000 0.326624
v -2.235000 -2.005000 0.335832
v -2.225000 -2.005000 0.345039
v -2.215000 -2.005000 0.354247
v -2.205000 -2.005000 0.354247
v -2.195000 -2.005000 0.363455
v -2.185000 -2.005000 0.381871
v -2.175000 -2.005000 0.391079
v -2.165000 -2.005000 0.400286
v -2.155000 -2.005000 0.418702
v -2.145000 -2.005000 0.437118
v -2.135000 -2.005000 0.446326
v -2.125000 -2.005000 0.455533
v -2.115000 -2.005000 0.446326
v -2.105000 -2.005000 0.220439
v -2.095000 -2.005000 0.220439
v -2.085000 -2.005000 0.225130
v -2.075000 -2.005000 0.225130
v -2.065000 -2.005000 0.220439
v -2.055000 -2.005000 0.225130
v -2.045000 -2.005000 0.229820
v -2.035000 -2.005000 0.229820
v -2.025000 -2.005000 0.234510
v -2.015000 -2.005000 0.234510
v -2.005000 -2.005000 0.229820
v -1.995000 -2.005000 0.225130
v -1.985000 -2.005000 0.220439
v -1.975000 -2.005000 0.220439
v -1.965000 -2.005000 0.225130
v -1.955000 -2.005000 0.229820
v -1.945000 -2.005000 0.225130
v -1.935000 -2.005000 0.229820
v -1.925000 -2.005000 0.229820
v -1.915000 -2.005000 0.229820
v -1.905000 -2.005000 0.057224
v -2.445000 -1.995000 0.057224
v -2.435000 -1.995000 0.262651
v -2.425000 -1.995000 0.257961
v -2.415000 -1.995000 0.257961
v -2.405000 -1.995000 0.253271
v -2.395000 -1.995000 0.257961
v -2.385000 -1.995000 0.262651
v -2.375000 -1.995000 0.262651
v -2.365000 -1.995000 0.262651
v -2.355000 -1.995000 0.267341
v -2.345000 -1.995000 0.267341
v -2.335000 -1.995000 0.267341
v -2.325000 -1.995000 0.276722
v -2.315000 -1.995000 0.276722
v -2.305000 -1.995000 0.281412
v -2.295000 -1.995000 0.290792
v -2.285000 -1.995000 0.290792
v -2.275000 -1.995000 0.295483
v -2.265000 -1.995000 0.299000
v -2.255000 -1.995000 0.308208
v -2.245000 -1.995000 0.317416
v -2.235000 -1.995000 0.326624
v -2.225000 -1.995000 0.335832
v -2.215000 -1.995000 0.345039
v -2.205000 -1.995000 0.354247
v -2.195000 -1.995000 0.363455
v -2.185000 -1.995000 0.372663
v -2.175000 -1.995000 0.381871
v -2.165000 -1.995000 0.400286
v -2.155000 -1.995000 0.418702
v -2.145000 -1.995000 0.427910
v -2.135000 -1.995000 0.446326
v -2.125000 -1.995000 0.446326
v -2.115000 -1.995000 0.446326
v -2.105000 -1.995000 0.225130
v -2.095000 -1.995000 0.225130
v -2.085000 -1.995000 0.225130
v -2.075000 -1.995000 0.225130
v -2.065000 -1.995000 0.225130
v -2.055000 -1.995000 0.229820
v -2.045000 -1.995000 0.234510
v -2.035000 -1.995000 0.234510
v -2.025000 -1.995000 0.234510
v -2.015000 -1.995000 0.234510
v -2.005000 -1.995000 0.229820
v -1.995000 -1.995000 0.225130
v -1.985000 -1.995000 0.225130
v -1.975000 -1.995000 0.225130
v -1.965000 -1.995000 0.229820
v -1.955000 -1.995000 0.229820
v -1.945000 -1.995000 0.229820
v -1.935000 -1.995000 0.229820
v -1.925000 -1.995000 0.229820
v -1.915000 -1.995000 0.229820
v -1.905000 -1.995000 0.234510
v -1.895000 -1.995000 0.057224
v -2.435000 -1.985000 0.057224
v -2.425000 -1.985000 0.057224
v -2.415000 -1.985000 0.057224
v -2.405000 -1.985000 0.239200
v -2.395000 -1.985000 0.257961
v -2.385000 -1.985000 0.257961
v -2.375000 -1.985000 0.257961
v -2.365000 -1.985000 0.262651
v -2.355000 -1.985000 0.262651
v -2.345000 -1.985000 0.262651
v -2.335000 -1.985000 0.267341
v -2.325000 -1.985000 0.272032
v -2.315000 -1.985000 0.272032
v -2.305000 -1.985000 0.276722
v -2.295000 -1.985000 0.281412
v -2.285000 -1.985000 0.290792
v -2.275000 -1.985000 0.295483
v -2.265000 -1.985000 0.295483
v -2.255000 -1.985000 0.295483
v -2.245000 -1.985000 0.308208
v -2.235000 -1.985000 0.326624
v -2.225000 -1.985000 0.335832
v -2.215000 -1.985000 0.335832
v -2.205000 -1.985000 0.345039
v -2.195000 -1.985000 0.354247
v -2.185000 -1.985000 0.363455
v -2.175000 -1.985000 0.381871
v -2.165000 -1.985000 0.391079
v -2.155000 -1.985000 0.409494
v -2.145000 -1.985000 0.427910
v -2.135000 -1.985000 0.437118
v -2.125000 -1.985000 0.446326
v -2.115000 -1.985000 0.437118
v -2.105000 -1.985000 0.229820
v -2.095000 -1.985000 0.229820
v -2.085000 -1.985000 0.229820
v -2.075000 -1.985000 0.229820
v -2.065000 -1.985000 0.229820
v -2.055000 -1.985000 0.234510
v -2.045000 -1.985000 0.239200
v -2.035000 -1.985000 0.234510
v -2.025000 -1.985000 0.234510
v -2.015000 -1.985000 0.234510
v -2.005000 -1.985000 0.229820
v -1.995000 -1.985000 0.229820
v -1.985000 -1.985000 0.225130
v -1.975000 -1.985000 0.229820
v -1.965000 -1.985000 0.229820
v -1.955000 -1.985000 0.234510
v -1.945000 -1.985000 0.234510
v -1.935000 -1.985000 0.234510
v -1.925000 -1.985000 0.234510
v -1.915000 -1.985000 0.229820
v -1.905000 -1.985000 0.057224
v -2.405000 -1.975000 0.057224
v -2.395000 -1.975000 0.057224
v -2.385000 -1.975000 0.257961
v -2.375000 -1.975000 0.257961
v -2.365000 -1.975000 0.257961
v -2.355000 -1.975000 0.262651
v -2.345000 -1.975000 0.262651
v -2.335000 -1.975000 0.267341
v -2.325000 -1.975000 0.267341
v -2.315000 -1.975000 0.267341
v -2.305000 -1.975000 0.272032
v -2.295000 -1.975000 0.276722
v -2.285000 -1.975000 0.286102
v -2.275000 -1.975000 0.290792
v -2.265000 -1.975000 0.290792
v -2.255000 -1.975000 0.290792
v -2.245000 -1.975000 0.299000
v -2.235000 -1.975000 0.317416
v -2.225000 -1.975000 0.326624
v -2.215000 -1.975000 0.326624
v -2.205000 -1.975000 0.335832
v -2.195000 -1.975000 0.345039
v -2.185000 -1.975000 0.354247
v -2.175000 -1.975000 0.363455
v -2.165000 -1.975000 0.391079
v -2.155000 -1.975000 0.400286
v -2.145000 -1.975000 0.418702
v -2.135000 -1.975000 0.437118
v -2.125000 -1.975000 0.437118
v -2.115000 -1.975000 0.437118
v -2.105000 -1.975000 0.239200
v -2.095000 -1.975000 0.239200
v -2.085000 -1.975000 0.239200
v -2.075000 -1.975000 0.239200
v -2.065000 -1.975000 0.239200
v -2.055000 -1.975000 0.239200
v -2.045000 -1.975000 0.243890
v -2.035000 -1.975000 0.243890
v -2.025000 -1.975000 0.239200
v -2.015000 -1.975000 0.234510
v -2.005000 -1.975000 0.229820
v -1.995000 -1.975000 0.229820
v -1.985000 -1.975000 0.229820
v -1.975000 -1.975000 0.234510
v -1.965000 -1.975000 0.239200
v -1.955000 -1.975000 0.239200
v -1.945000 -1.975000 0.234510
v -1.935000 -1.975000 0.239200
v -1.925000 -1.975000 0.234510
v -1.915000 -1.975000 0.057224
v -2.395000 -1.965000 0.057224
v -2.385000 -1.965000 0.257961
v -2.375000 -1.965000 0.257961
v -2.365000 -1.965000 0.257961
v -2.355000 -1.965000 0.262651
v -2.345000 -1.965000 0.262651
v -2.335000 -1.965000 0.267341
v -2.325000 -1.965000 0.262651
v -2.315000 -1.965000 0.262651
v -2.305000 -1.965000 0.267341
v -2.295000 -1.965000 0.272032
v -2.285000 -1.965000 0.281412
v -2.275000 -1.965000 0.290792
v -2.265000 -1.965000 0.290792
v -2.255000 -1.965000 0.290792
v -2.245000 -1.965000 0.295483
v -2.235000 -1.965000 0.308208
v -2.225000 -1.965000 0.317416
v -2.215000 -1.965000 0.317416
v -2.205000 -1.965000 0.326624
v -2.195000 -1.965000 0.335832
v -2.185000 -1.965000 0.345039
v -2.175000 -1.965000 0.363455
v -2.165000 -1.965000 0.391079
v -2.155000 -1.965000 0.400286
v -2.145000 -1.965000 0.418702
v -2.135000 -1.965000 0.437118
v -2.125000 -1.965000 0.437118
v -2.115000 -1.965000 0.437118
v -2.105000 -1.965000 0.239200
v -2.095000 -1.965000 0.253271
v -2.085000 -1.965000 0.248581
v -2.075000 -1.965000 0.248581
v -2.065000 -1.965000 0.248581
v -2.055000 -1.965000 0.248581
v -2.045000 -1.965000 0.248581
v -2.035000 -1.965000 0.248581
v -2.025000 -1.965000 0.243890
v -2.015000 -1.965000 0.239200
v -2.005000 -1.965000 0.234510
v -1.995000 -1.965000 0.234510
v -1.985000 -1.965000 0.239200
v -1.975000 -1.965000 0.243890
v -1.965000 -1.965000 0.243890
v -1.955000 -1.965000 0.243890
v -1.945000 -1.965000 0.243890
v -1.935000 -1.965000 0.239200
v -1.925000 -1.965000 0.234510
v -1.915000 -1.965000 0.057224
v -2.385000 -1.955000 0.057224
v -2.375000 -1.955000 0.057224
v -2.365000 -1.955000 0.057224
v -2.355000 -1.955000 0.257961
v -2.345000 -1.955000 0.257961
v -2.335000 -1.955000 0.267341
v -2.325000 -1.955000 0.262651
v -2.315000 -1.955000 0.262651
v -2.305000 -1.955000 0.267341
v -2.295000 -1.955000 0.272032
v -2.285000 -1.955000 0.276722
v -2.275000 -1.955000 0.286102
v -2.265000 -1.955000 0.286102
v -2.255000 -1.955000 0.290792
v -2.245000 -1.955000 0.295483
v -2.235000 -1.955000 0.299000
v -2.225000 -1.955000 0.308208
v -2.215000 -1.955000 0.317416
v -2.205000 -1.955000 0.326624
v -2.195000 -1.955000 0.326624
v -2.185000 -1.955000 0.335832
v -2.175000 -1.955000 0.354247
v -2.165000 -1.955000 0.381871
v -2.155000 -1.955000 0.391079
v -2.145000 -1.955000 0.418702
v -2.135000 -1.955000 0.427910
v -2.125000 -1.955000 0.427910
v -2.115000 -1.955000 0.437118
v -2.095000 -1.955000 0.257961
v -2.085000 -1.955000 0.257961
v -2.075000 -1.955000 0.253271
v -2.065000 -1.955000 0.253271
v -2.055000 -1.955000 0.253271
v -2.045000 -1.955000 0.253271
v -2.035000 -1.955000 0.248581
v -2.025000 -1.955000 0.243890
v -2.015000 -1.955000 0.243890
v -2.005000 -1.955000 0.243890
v -1.995000 -1.955000 0.243890
v -1.985000 -1.955000 0.248581
v -1.975000 -1.955000 0.248581
v -1.965000 -1.955000 0.248581
v -1.955000 -1.955000 0.248581
v -1.945000 -1.955000 0.243890
v -1.935000 -1.955000 0.243890
v -1.925000 -1.955000 0.239200
v -1.915000 -1.955000 0.057224
v -2.355000 -1.945000 0.057224
v -2.345000 -1.945000 0.057224
v -2.335000 -1.945000 0.057224
v -2.325000 -1.945000 0.257961
v -2.315000 -1.945000 0.262651
v -2.305000 -1.945000 0.262651
v -2.295000 -1.945000 0.267341
v -2.285000 -1.945000 0.272032
v -2.275000 -1.945000 0.281412
v -2.265000 -1.945000 0.286102
v -2.255000 -1.945000 0.290792
v -2.245000 -1.945000 0.290792
v -2.235000 -1.945000 0.290792
v -2.225000 -1.945000 0.295483
v -2.215000 -1.945000 0.317416
v -2.205000 -1.945000 0.317416
v -2.195000 -1.945000 0.317416
v -2.185000 -1.945000 0.326624
v -2.175000 -1.945000 0.354247
v -2.165000 -1.945000 0.381871
v -2.155000 -1.945000 0.391079
v -2.145000 -1.945000 0.409494
v -2.135000 -1.945000 0.418702
v -2.125000 -1.945000 0.418702
v -2.115000 -1.945000 0.427910
v -2.095000 -1.945000 0.257961
v -2.085000 -1.945000 0.257961
v -2.075000 -1.945000 0.257961
v -2.065000 -1.945000 0.257961
v -2.055000 -1.945000 0.257961
v -2.045000 -1.945000 0.257961
v -2.035000 -1.945000 0.248581
v -2.025000 -1.945000 0.248581
v -2.015000 -1.945000 0.248581
v -2.005000 -1.945000 0.248581
v -1.995000 -1.945000 0.248581
v -1.985000 -1.945000 0.257961
v -1.975000 -1.945000 0.253271
v -1.965000 -1.945000 0.253271
v -1.955000 -1.945000 0.253271
v -1.945000 -1.945000 0.248581
v -1.935000 -1.945000 0.248581
v -1.925000 -1.945000 0.057224
v -2.325000 -1.935000 0.057224
v -2.315000 -1.935000 0.057224
v -2.305000 -1.935000 0.057224
v -2.295000 -1.935000 0.267341
v -2.285000 -1.935000 0.267341
v -2.275000 -1.935000 0.276722
v -2.265000 -1.935000 0.281412
v -2.255000 -1.935000 0.286102
v -2.245000 -1.935000 0.290792
v -2.235000 -1.935000 0.286102
v -2.225000 -1.935000 0.295483
v -2.215000 -1.935000 0.299000
v -2.205000 -1.935000 0.308208
v -2.195000 -1.935000 0.317416
v -2.185000 -1.935000 0.317416
v -2.175000 -1.935000 0.345039
v -2.165000 -1.935000 0.381871
v -2.155000 -1.935000 0.381871
v -2.145000 -1.935000 0.400286
v -2.135000 -1.935000 0.400286
v -2.125000 -1.935000 0.409494
v -2.115000 -1.935000 0.427910
v -2.105000 -1.935000 0.437118
v -2.095000 -1.935000 0.262651
v -2.085000 -1.935000 0.262651
v -2.075000 -1.935000 0.262651
v -2.065000 -1.935000 0.257961
v -2.055000 -1.935000 0.257961
v -2.045000 -1.935000 0.257961
v -2.035000 -1.935000 0.253271
v -2.025000 -1.935000 0.253271
v -2.015000 -1.935000 0.253271
v -2.005000 -1.935000 0.257961
v -1.995000 -1.935000 0.257961
v -1.985000 -1.935000 0.262651
v -1.975000 -1.935000 0.262651
v -1.965000 -1.935000 0.257961
v -1.955000 -1.935000 0.253271
v -1.945000 -1.935000 0.248581
v -1.935000 -1.935000 0.253271
v -1.925000 -1.935000 0.057224
v -2.295000 -1.925000 0.057224
v -2.285000 -1.925000 0.057224
v -2.275000 -1.925000 0.057224
v -2.265000 -1.925000 0.286102
v -2.255000 -1.925000 0.281412
v -2.245000 -1.925000 0.290792
v -2.235000 -1.925000 0.286102
v -2.225000 -1.925000 0.290792
v -2.215000 -1.925000 0.295483
v -2.205000 -1.925000 0.299000
v -2.195000 -1.925000 0.317416
v -2.185000 -1.925000 0.317416
v -2.175000 -1.925000 0.326624
v -2.165000 -1.925000 0.335832
v -2.155000 -1.925000 0.381871
v -2.145000 -1.925000 0.381871
v -2.135000 -1.925000 0.381871
v -2.125000 -1.925000 0.409494
v -2.115000 -1.925000 0.418702
v -2.105000 -1.925000 0.427910
v -2.095000 -1.925000 0.262651
v -2.085000 -1.925000 0.267341
v -2.075000 -1.925000 0.267341
v -2.065000 -1.925000 0.262651
v -2.055000 -1.925000 0.262651
v -2.045000 -1.925000 0.262651
v -2.035000 -1.925000 0.257961
v -2.025000 -1.925000 0.257961
v -2.015000 -1.925000 0.262651
v -2.005000 -1.925000 0.267341
v -1.995000 -1.925000 0.267341
v -1.985000 -1.925000 0.267341
v -1.975000 -1.925000 0.267341
v -1.965000 -1.925000 0.257961
v -1.955000 -1.925000 0.257961
v -1.945000 -1.925000 0.253271
v -1.935000 -1.925000 0.057224
v -2.265000 -1.915000 0.057224
v -2.255000 -1.915000 0.057224
v -2.245000 -1.915000 0.057224
v -2.235000 -1.915000 0.286102
v -2.225000 -1.915000 0.290792
v -2.215000 -1.915000 0.290792
v -2.205000 -1.915000 0.295483
v -2.195000 -1.915000 0.317416
v -2.185000 -1.915000 0.317416
v -2.175000 -1.915000 0.326624
v -2.165000 -1.915000 0.057224
v -2.155000 -1.915000 0.057224
v -2.145000 -1.915000 0.372663
v -2.135000 -1.915000 0.381871
v -2.125000 -1.915000 0.400286
v -2.115000 -1.915000 0.418702
v -2.105000 -1.915000 0.427910
v -2.095000 -1.915000 0.262651
v -2.085000 -1.915000 0.272032
v -2.075000 -1.915000 0.272032
v -2.065000 -1.915000 0.267341
v -2.055000 -1.915000 0.267341
v -2.045000 -1.915000 0.262651
v -2.035000 -1.915000 0.272032
v -2.025000 -1.915000 0.267341
v -2.015000 -1.915000 0.272032
v -2.005000 -1.915000 0.281412
v -1.995000 -1.915000 0.276722
v -1.985000 -1.915000 0.272032
v -1.975000 -1.915000 0.267341
v -1.965000 -1.915000 0.262651
v -1.955000 -1.915000 0.262651
v -1.945000 -1.915000 0.057224
v -2.235000 -1.905000 0.057224
v -2.225000 -1.905000 0.057224
v -2.215000 -1.905000 0.057224
v -2.205000 -1.905000 0.057224
v -2.195000 -1.905000 0.057224
v -2.185000 -1.905000 0.326624
v -2.175000 -1.905000 0.326624
v -2.165000 -1.905000 0.308208
v -2.155000 -1.905000 0.057224
v -2.145000 -1.905000 0.057224
v -2.135000 -1.905000 0.372663
v -2.125000 -1.905000 0.391079
v -2.115000 -1.905000 0.400286
v -2.105000 -1.905000 0.409494
v -2.075000 -1.905000 0.281412
v -2.065000 -1.905000 0.276722
v -2.055000 -1.905000 0.272032
v -2.045000 -1.905000 0.272032
v -2.035000 -1.905000 0.281412
v -2.025000 -1.905000 0.290792
v -2.015000 -1.905000 0.286102
v -2.005000 -1.905000 0.281412
v -1.995000 -1.905000 0.281412
v -1.985000 -1.905000 0.272032
v -1.975000 -1.905000 0.272032
v -1.965000 -1.905000 0.267341
v -1.955000 -1.905000 0.267341
v -1.945000 -1.905000 0.057224
v -2.185000 -1.895000 0.057224
v -2.175000 -1.895000 0.057224
v -2.165000 -1.895000 0.057224
v -2.135000 -1.895000 0.057224
v -2.125000 -1.895000 0.381871
v -2.115000 -1.895000 0.391079
v -2.105000 -1.895000 0.400286
v -2.085000 -1.895000 0.057224
v -2.075000 -1.895000 0.299000
v -2.065000 -1.895000 0.308208
v -2.055000 -1.895000 0.290792
v -2.045000 -1.895000 0.295483
v -2.035000 -1.895000 0.290792
v -2.025000 -1.895000 0.290792
v -2.015000 -1.895000 0.290792
v -2.005000 -1.895000 0.286102
v -1.995000 -1.895000 0.286102
v -1.985000 -1.895000 0.276722
v -1.975000 -1.895000 0.276722
v -1.965000 -1.895000 0.272032
v -1.955000 -1.895000 0.276722
v -1.945000 -1.895000 0.150086
v -2.125000 -1.885000 0.057224
v -2.115000 -1.885000 0.391079
v -2.105000 -1.885000 0.391079
v -2.095000 -1.885000 0.391079
v -2.085000 -1.885000 0.363455
v -2.075000 -1.885000 0.345039
v -2.065000 -1.885000 0.326624
v -2.055000 -1.885000 0.317416
v -2.045000 -1.885000 0.299000
v -2.035000 -1.885000 0.295483
v -2.025000 -1.885000 0.295483
v -2.015000 -1.885000 0.290792
v -2.005000 -1.885000 0.290792
v -1.995000 -1.885000 0.290792
v -1.985000 -1.885000 0.286102
v -1.975000 -1.885000 0.276722
v -1.965000 -1.885000 0.276722
v -1.955000 -1.885000 0.057224
v -2.115000 -1.875000 0.057224
v -2.105000 -1.875000 0.391079
v -2.095000 -1.875000 0.391079
v -2.085000 -1.875000 0.363455
v -2.075000 -1.875000 0.354247
v -2.065000 -1.875000 0.345039
v -2.055000 -1.875000 0.326624
v -2.045000 -1.875000 0.308208
v -2.035000 -1.875000 0.295483
v -2.025000 -1.875000 0.295483
v -2.015000 -1.875000 0.290792
v -2.005000 -1.875000 0.290792
v -1.995000 -1.875000 0.290792
v -1.985000 -1.875000 0.057224
v -1.975000 -1.875000 0.057224
v -1.965000 -1.875000 0.057224
v -2.105000 -1.865000 0.057224
v -2.095000 -1.865000 0.372663
v -2.085000 -1.865000 0.363455
v -2.075000 -1.865000 0.354247
v -2.065000 -1.865000 0.335832
v -2.055000 -1.865000 0.326624
v -2.045000 -1.865000 0.308208
v -2.035000 -1.865000 0.295483
v -2.025000 -1.865000 0.290792
v -2.015000 -1.865000 0.290792
v -2.005000 -1.865000 0.290792
v -1.995000 -1.865000 0.057224
v -2.095000 -1.855000 0.057224
v -2.085000 -1.855000 0.354247
v -2.075000 -1.855000 0.345039
v -2.065000 -1.855000 0.326624
v -2.055000 -1.855000 0.326624
v -2.045000 -1.855000 0.295483
v -2.035000 -1.855000 0.290792
v -2.025000 -1.855000 0.290792
v -2.015000 -1.855000 0.057224
v -2.005000 -1.855000 0.057224
v -2.085000 -1.845000 0.057224
v -2.075000 -1.845000 0.057224
v -2.065000 -1.845000 0.057224
v -2.055000 -1.845000 0.299000
v -2.045000 -1.845000 0.057224
v -2.035000 -1.845000 0.057224
v -2.025000 -1.845000 0.150086
v -2.055000 -1.835000 0.057224
vn -0.1726 -0.9530 0.2490
vn -0.4413 0.5505 0.7087
vn -0.5009 -0.8632 0.0633
vn -0.5360 0.6204 0.5726
vn 0.0481 -0.9967 0.0653
vn -0.8644 0.4077 -0.2942
vn 0.4667 -0.8821 0.0635
vn -0.8886 -0.4129 0.1996
vn -0.3352 0.1764 0.9255
vn -0.6609 -0.6599 0.3575
vn -0.5475 -0.8350 0.0557
vn 0.0452 -0.9972 0.0595
vn 0.0872 -0.9860 0.1421
vn -0.6297 0.5396 -0.5588
vn 0.2225 -0.9720 0.0758
vn -0.2525 -0.9652 0.0678
vn 0.8274 -0.0000 0.5616
vn 0.7862 0.1572 0.5977
vn 0.4826 0.2706 0.8330
vn 0.7470 -0.6593 0.0853
vn 0.6217 0.1156 0.7747
vn -0.1389 -0.9208 0.3645
vn -0.6585 -0.7509 0.0502
vn 0.2792 -0.7445 0.6064
vn 0.5608 -0.5608 0.6091
vn 0.8695 -0.1449 0.4722
vn 0.8193 0.3151 0.4791
vn 0.7547 0.4802 0.4470
vn 0.6791 0.3940 0.6194
vn 0.3549 0.3549 0.8650
vn 0.9755 0.1986 0.0948
vn -0.7417 -0.6149 -0.2679
vn -0.3359 -0.8805 0.3346
vn -0.6844 -0.7280 0.0407
vn 0.3858 -0.6753 0.6286
vn 0.6542 -0.5608 0.5075
vn 0.6992 0.6444 0.3095
vn 0.2985 0.9381 0.1756
vn 0.5834 0.7479 0.3168
vn 0.4414 0.7902 0.4251
vn 0.3760 0.6399 0.6702
vn 0.3243 0.4541 0.8298
vn 0.9596 -0.2650 0.0945
vn 0.5764 -0.8148 0.0623
vn -0.6077 -0.1023 -0.7876
vn 0.0162 -0.9955 0.0931
vn -0.3403 -0.2833 0.8966
vn -0.6942 -0.7183 0.0456
vn -0.4098 -0.9101 0.0613
vn 0.1784 -0.7133 0.6778
vn 0.6416 -0.3208 0.6968
vn 0.7887 0.6000 0.1338
vn 0.0305 0.9591 0.2814
vn -0.0515 0.8575 0.5120
vn -0.0715 0.6434 0.7622
vn 0.1884 0.5651 0.8032
vn 0.3108 0.4662 0.8283
vn 0.5110 -0.8510 0.1215
vn 0.4577 -0.8861 0.0730
vn -0.8153 0.0745 0.5743
vn -0.5427 -0.7678 0.3407
vn -0.8528 -0.5175 0.0699
vn 0.2323 -0.7743 0.5886
vn 0.2399 -0.7198 0.6514
vn 0.8878 0.4603 0.0045
vn -0.3463 0.6925 0.6328
vn 0.4020 0.5420 0.7380
vn -0.2644 0.6874 0.6765
vn 0.0591 0.6508 0.7569
vn 0.0684 0.4789 0.8752
vn 0.8406 -0.5376 0.0662
vn -0.9423 0.0541 0.3303
vn -0.1140 -0.9021 0.4163
vn -0.6924 -0.7206 0.0368
vn -0.1122 -0.6731 0.7310
vn 0.3207 -0.6415 0.6969
vn 0.7215 0.6924 -0.0017
vn 0.7511 0.3370 0.5677
vn -0.3045 0.5481 0.7790
vn -0.4420 0.5525 0.7067
vn -0.2307 0.6344 0.7378
vn -0.0504 0.6560 0.7531
vn 0.0781 0.5472 0.8334
vn 0.2077 0.4154 0.8856
vn 0.2469 0.4115 0.8773
vn 0.9597 -0.2523 0.1236
vn -0.9061 0.4192 -0.0577
vn -0.2072 -0.9731 -0.1005
vn -0.7551 0.4589 0.4683
vn -0.3082 -0.9482 0.0765
vn -0.8220 -0.4627 -0.3320
vn -0.2784 -0.8917 0.3570
vn -0.7011 -0.7122 0.0362
vn -0.1209 -0.6042 0.7876
vn 0.3270 -0.3270 0.8866
vn 0.4141 -0.1381 0.8997
vn 0.7237 0.6869 0.0668
vn 0.8459 0.5228 0.1059
vn -0.0000 0.4247 0.9054
vn -0.2077 0.4154 0.8856
vn -0.3582 0.5372 0.7636
vn -0.1981 0.6438 0.7391
vn -0.2290 0.5343 0.8137
vn -0.1359 0.4756 0.8691
vn 0.1476 0.2952 0.9440
vn 0.0875 0.3500 0.9327
vn 0.8429 -0.5316 0.0832
vn -0.9322 0.0779 0.3535
vn -0.2036 -0.8877 0.4129
vn 0.6730 -0.3182 0.6677
vn -0.0000 -0.9974 0.0716
vn -0.6597 -0.7496 0.0532
vn -0.7633 -0.6385 0.0985
vn 0.2951 -0.9526 0.0733
vn -0.9545 -0.1854 -0.2334
vn -0.1342 -0.9887 0.0673
vn -0.9642 -0.1952 -0.1794
vn -0.0897 -0.9939 0.0649
vn -0.9438 -0.2448 -0.2219
vn 0.5478 -0.8347 0.0562
vn -0.5677 -0.7971 -0.2058
vn 0.3848 -0.4850 -0.7853
vn -0.7468 0.6150 -0.2531
vn -0.7066 -0.7066 0.0392
vn -0.9691 -0.1564 -0.1905
vn -0.0569 -0.9970 0.0529
vn -0.5068 -0.8594 0.0671
vn -0.5061 -0.2531 0.8245
vn 0.1214 -0.3643 0.9233
vn 0.4142 -0.1381 0.8997
vn 0.9129 0.4080 0.0065
vn 0.7594 0.6113 0.2227
vn -0.0000 0.3177 0.9482
vn 0.5635 -0.1243 0.8167
vn -0.2469 0.4115 0.8773
vn -0.2237 0.5032 0.8347
vn -0.2562 0.5125 0.8196
vn 0.1476 0.2951 0.9440
vn 0.9520 -0.2847 0.1123
vn -0.7992 0.6008 -0.0181
vn -0.8705 -0.1963 0.4512
vn 0.0665 -0.7964 0.6011
vn -0.5540 -0.8310 0.0497
vn -0.4467 -0.8934 0.0474
vn -0.0000 -0.9976 0.0694
vn -0.3960 -0.9140 0.0883
vn 0.2507 -0.8776 0.4086
vn -0.0000 -0.9403 0.3404
vn -0.6440 -0.6935 0.3228
vn -0.2531 -0.5061 0.8245
vn 0.3267 -0.3267 0.8868
vn 0.9987 -0.0078 0.0509
vn 0.3097 -0.6026 -0.7355
vn -0.8973 -0.4399 0.0379
vn -0.8986 -0.4331 0.0701
vn -0.7229 -0.3615 0.5888
vn -0.7127 -0.4751 0.5160
vn -0.4378 -0.5473 0.7133
vn 0.3268 -0.3268 0.8868
vn 0.7133 0.6704 -0.2043
vn 0.7276 0.4246 0.5388
vn -0.0000 0.2709 0.9626
vn -0.0620 0.3723 0.9260
vn -0.1777 0.2666 0.9473
vn -0.2563 0.5125 0.8195
vn 0.0726 0.3631 0.9289
vn 0.7262 -0.6812 0.0924
vn 0.5053 -0.5452 0.6689
vn -0.1276 -0.9252 0.3573
vn -0.4318 0.3381 0.8362
vn -0.5377 -0.8418 0.0480
vn -0.4990 -0.8416 0.2069
vn 0.0491 -0.9899 0.1332
vn 0.1487 -0.9849 0.0889
vn -0.3035 -0.9506 0.0654
vn -0.1209 -0.6043 0.7875
vn -0.3208 -0.6416 0.6968
vn -0.0000 -0.5231 0.8523
vn -0.0000 -0.8378 0.5460
vn -0.3858 -0.3858 0.8380
vn -0.0000 -0.0000 1.0000
vn 0.9927 -0.0308 0.1169
vn 0.9975 -0.0416 0.0566
vn -0.4754 -0.8789 0.0389
vn -0.7125 -0.7005 0.0391
vn -0.7820 -0.2606 0.5662
vn -0.8045 -0.4023 0.4369
vn -0.6486 -0.4633 0.6039
vn -0.0000 -0.2544 0.9671
vn 0.4835 -0.0000 0.8754
vn 0.7689 0.6381 0.0411
vn 0.9740 0.0729 0.2144
vn -0.1813 0.1813 0.9666
vn -0.0646 0.2583 0.9639
vn 0.2226 0.2226 0.9492
vn -0.1505 0.2257 0.9625
vn -0.0000 0.4246 0.9054
vn -0.1647 0.5491 0.8194
vn 0.2563 0.5125 0.8195
vn 0.1613 0.4840 0.8600
vn 0.7948 0.6009 0.0851
vn -0.5313 -0.8450 0.0614
vn -0.3340 -0.8841 0.3268
vn -0.7138 -0.6987 0.0491
vn 0.1451 0.2903 0.9459
vn -0.1452 -0.2903 0.9459
vn -0.0000 -0.4835 0.8753
vn -0.0000 -0.5495 0.8355
vn -0.5101 -0.5101 0.6926
vn 0.1709 -0.9830 0.0675
vn -0.5431 -0.8369 0.0677
vn -0.5473 -0.4378 0.7133
vn -0.7820 -0.2607 0.5662
vn -0.8583 -0.2146 0.4661
vn -0.6416 -0.3208 0.6968
vn -0.1342 -0.6712 0.7290
vn 0.8299 0.5160 0.2120
vn 0.8458 0.0234 0.5330
vn -0.2506 0.2506 0.9351
vn 0.0918 0.1836 0.9787
vn 0.1540 0.0770 0.9851
vn -0.0000 0.5164 0.8564
vn -0.3727 0.4792 0.7947
vn -0.3243 0.4541 0.8298
vn 0.8574 0.4950 0.1413
vn -0.5868 -0.1177 -0.8011
vn -0.3345 -0.8982 0.2851
vn -0.5171 0.5461 0.6591
vn -0.4218 -0.9052 0.0522
vn -0.9633 -0.1565 -0.2182
vn -0.0000 -0.9984 0.0566
vn -0.9597 -0.1657 -0.2268
vn 0.0103 -0.9969 0.0783
vn -0.9577 -0.1707 -0.2315
vn -0.0000 -0.9983 0.0578
vn -0.4453 -0.8906 0.0927
vn -0.0000 -0.7639 0.6453
vn -0.0000 -0.6774 0.7356
vn -0.0903 -0.7219 0.6861
vn -0.0000 -0.3456 0.9384
vn 0.1215 -0.3643 0.9233
vn -0.5061 -0.2530 0.8245
vn -0.6960 -0.5568 0.4535
vn -0.8257 -0.4129 0.3843
vn -0.7547 -0.4802 0.4470
vn -0.7727 -0.3864 0.5036
vn 0.9478 0.2325 0.2181
vn 0.8186 0.3627 0.4454
vn -0.2796 0.3495 0.8942
vn 0.1359 0.4756 0.8691
vn 0.0638 0.5742 0.8162
vn -0.1268 0.5708 0.8113
vn -0.0556 0.5558 0.8295
vn -0.3783 0.4540 0.8067
vn -0.2477 0.5575 0.7924
vn 0.1883 0.5651 0.8032
vn 0.9560 -0.2657 0.1247
vn -0.4925 0.1080 -0.8636
vn 0.7519 0.6578 0.0445
vn -0.6450 -0.4394 0.6252
vn -0.6568 -0.7519 0.0571
vn -0.6541 0.7528 -0.0739
vn 0.1655 -0.9822 0.0892
vn -0.9003 -0.3134 -0.3021
vn -0.0000 -0.9986 0.0529
vn -0.9817 -0.0059 -0.1906
vn -0.2292 -0.9704 0.0760
vn -0.1119 -0.9773 0.1801
vn -0.0755 -0.9878 0.1366
vn -0.6718 0.4002 -0.6233
vn 0.0900 -0.9939 0.0643
vn -0.4455 -0.8913 0.0846
vn 0.2843 -0.5686 0.7719
vn 0.3131 -0.5219 0.7935
vn 0.2366 -0.5915 0.7708
vn 0.2686 -0.4028 0.8750
vn -0.4633 -0.6486 0.6038
vn -0.0000 -0.7753 0.6316
vn -0.0000 -0.7754 0.6315
vn -0.0896 -0.8067 0.5841
vn 0.1771 -0.7972 0.5772
vn 0.4436 0.1938 0.8751
vn 0.1025 -0.3874 0.9162
vn -0.0234 0.3973 0.9174
vn -0.7833 -0.4820 0.3926
vn -0.7338 -0.5503 0.3984
vn -0.7547 -0.4802 0.4471
vn -0.6294 -0.6294 0.4557
vn -0.7127 -0.4752 0.5160
vn -0.6415 -0.3208 0.6969
vn 0.9346 0.0001 0.3557
vn 0.7247 0.3414 0.5986
vn -0.0621 0.3723 0.9260
vn -0.4115 0.2469 0.8773
vn -0.2184 0.2912 0.9314
vn 0.3495 0.2796 0.8942
vn 0.2796 0.3495 0.8942
vn 0.1777 0.2666 0.9473
vn -0.0605 0.4238 0.9037
vn -0.1441 0.3602 0.9217
vn -0.3244 0.4541 0.8298
vn -0.1950 0.5200 0.8316
vn 0.2476 -0.9569 0.1519
vn -0.3753 -0.9215 0.1001
vn 0.4081 -0.9072 0.1024
vn 0.2729 -0.7653 0.5829
vn 0.6765 0.7220 0.1451
vn -0.3026 -0.5118 0.8040
vn -0.5633 -0.8241 0.0592
vn -0.2492 -0.9566 0.1513
vn -0.1550 -0.9806 0.1202
vn -0.3912 0.7838 0.4824
vn 0.1053 -0.9916 0.0754
vn -0.2730 -0.9590 0.0761
vn 0.2366 -0.5914 0.7709
vn -0.0000 -0.6774 0.7357
vn -0.4182 -0.0000 0.9084
vn 0.4221 -0.4221 0.8023
vn -0.0000 -0.4836 0.8753
vn -0.1040 -0.7280 0.6777
vn 0.3215 -0.7234 0.6110
vn -0.1467 -0.5867 0.7964
vn -0.5608 -0.5608 0.6091
vn -0.3765 -0.6275 0.6815
vn 0.7635 -0.3265 0.5572
vn -0.1514 -0.3434 0.9269
vn -0.8129 0.0174 0.5822
vn -0.8055 -0.4394 0.3976
vn -0.6959 -0.5568 0.4535
vn 0.9829 -0.0877 0.1619
vn -0.6567 0.2425 0.7141
vn -0.3495 0.2796 0.8942
vn -0.0000 0.2283 0.9736
vn -0.0759 0.2276 0.9708
vn -0.1476 0.2951 0.9440
vn -0.0638 0.5742 0.8162
vn -0.0684 0.4789 0.8752
vn 0.9455 0.2123 0.2468
vn 0.6053 0.0549 -0.7941
vn -0.3345 -0.1571 0.9292
vn -0.6477 0.3748 0.6633
vn -0.5495 -0.8340 0.0496
vn -0.8383 -0.4866 -0.2460
vn -0.6425 -0.7640 0.0597
vn -0.8846 -0.4446 -0.1409
vn -0.0252 -0.9952 0.0950
vn -0.1006 -0.9843 0.1448
vn -0.1139 -0.9858 0.1237
vn -0.4427 0.7591 0.4773
vn 0.1315 -0.9876 0.0862
vn -0.2861 -0.9561 0.0638
vn -0.3864 -0.7728 0.5035
vn -0.3610 -0.6317 0.6860
vn -0.1208 -0.6043 0.7876
vn -0.0963 -0.6742 0.7322
vn -0.0000 -0.4182 0.9084
vn 0.1670 -0.6678 0.7253
vn -0.1701 -0.3406 0.9247
vn 0.1122 -0.6731 0.7310
vn -0.1466 -0.5866 0.7965
vn 0.1674 -0.7532 0.6362
vn -0.5614 -0.6416 0.5226
vn -0.0000 -0.5232 0.8522
vn 0.6901 -0.4224 0.5876
vn -0.9835 -0.0906 0.1565
vn -0.8211 -0.2986 0.4864
vn -0.8454 -0.3252 0.4238
vn -0.3858 -0.3858 0.8381
vn 0.7667 0.6015 0.2242
vn 0.9123 0.2013 0.3566
vn 0.7084 0.4808 0.5167
vn -0.2226 0.2226 0.9492
vn -0.0000 0.3318 0.9433
vn 0.9533 0.1450 0.2650
vn 0.6166 0.0257 -0.7869
vn -0.4168 -0.9067 0.0642
vn 0.4657 0.7435 0.4799
vn 0.2619 -0.9619 0.0790
vn -0.7761 -0.4233 0.4674
vn -0.3083 0.4815 0.8204
vn -0.0218 -0.9972 0.0708
vn -0.3073 0.4850 0.8188
vn -0.0218 -0.9972 0.0710
vn -0.4619 -0.8823 0.0905
vn -0.2047 -0.7164 0.6670
vn -0.3207 -0.6415 0.6968
vn -0.0000 -0.6195 0.7850
vn 0.1209 -0.6043 0.7876
vn -0.2623 -0.6995 0.6647
vn 0.3068 -0.4602 0.8331
vn -0.3068 -0.4602 0.8331
vn 0.2147 -0.5366 0.8161
vn -0.1208 -0.6042 0.7876
vn -0.2399 -0.7198 0.6514
vn 0.3215 -0.7233 0.6111
vn -0.2791 -0.7445 0.6064
vn -0.0000 -0.4835 0.8754
vn -0.2022 -0.6067 0.7688
vn 0.4482 -0.7880 0.4221
vn -0.2780 -0.8031 0.5270
vn -0.8577 -0.0780 0.5081
vn -0.8896 -0.2780 0.3623
vn 0.9134 0.1746 0.3676
vn 0.6531 -0.2024 0.7297
vn -0.0562 0.2808 0.9581
vn 0.2283 -0.0000 0.9736
vn 0.0770 0.1540 0.9851
vn -0.0759 0.2277 0.9708
vn 0.9526 0.1107 0.2833
vn 0.6902 0.0078 -0.7236
vn -0.6206 -0.6354 0.4595
vn -0.0965 -0.7717 0.6286
vn -0.0000 -0.6773 0.7357
vn -0.3207 -0.6415 0.6969
vn -0.1451 -0.2903 0.9459
vn -0.2023 -0.6067 0.7688
vn 0.3208 -0.6416 0.6968
vn -0.1703 -0.3406 0.9247
vn -0.4602 -0.3068 0.8331
vn -0.2927 -0.9176 0.2690
vn 0.2497 -0.9185 0.3067
vn -0.8257 -0.4129 0.3844
vn -0.8776 -0.2507 0.4086
vn -0.7165 -0.2047 0.6669
vn 0.9884 -0.0275 0.1494
vn 0.6662 -0.0992 0.7392
vn 0.9364 0.1115 0.3327
vn 0.8507 0.3640 -0.3793
vn -0.5150 -0.4215 0.7464
vn -0.0000 -0.2934 0.9560
vn 0.1381 -0.4141 0.8997
vn -0.2530 -0.5061 0.8246
vn -0.4328 -0.9014 0.0106
vn -0.1304 -0.0000 0.9915
vn -0.1305 -0.8379 0.5300
vn -0.3176 -0.8037 0.5032
vn -0.4752 -0.7127 0.5160
vn -0.7728 -0.3864 0.5036
vn 0.9833 -0.1717 0.0604
vn -0.0000 0.2984 0.9544
vn 0.0250 -0.1187 0.9926
vn 0.1234 0.3702 0.9207
vn 0.7802 0.6191 0.0896
vn -0.4302 -0.8989 -0.0833
vn -0.8846 -0.2410 0.3994
vn -0.3406 -0.1703 0.9247
vn -0.1381 -0.4142 0.8997
vn -0.3131 -0.5219 0.7935
vn -0.0000 0.2934 0.9560
vn -0.2685 -0.4028 0.8750
vn -0.6486 -0.4633 0.6038
vn -0.6416 -0.5614 0.5226
vn -0.7164 -0.2047 0.6669
vn -0.6774 -0.0000 0.7356
vn 0.9960 -0.0310 0.0842
vn 0.6089 0.6365 0.4733
vn -0.2709 -0.0000 0.9626
vn -0.0000 0.1328 0.9911
vn -0.1966 0.0655 0.9783
vn 0.0759 0.2277 0.9708
vn -0.0000 0.2985 0.9544
vn 0.8639 0.4727 0.1738
vn -0.5610 -0.1213 -0.8189
vn -0.6757 -0.2120 0.7060
vn -0.2530 -0.5061 0.8245
vn 0.2685 -0.4028 0.8750
vn -0.1380 -0.4142 0.8997
vn 0.1261 -0.2524 0.9594
vn 0.1381 -0.4142 0.8997
vn 0.3643 -0.1214 0.9233
vn 0.3446 -0.3446 0.8732
vn -0.6995 -0.2623 0.6648
vn 0.8302 0.5553 0.0492
vn 0.8866 -0.2265 0.4032
vn -0.0655 0.1966 0.9783
vn 0.2951 0.1476 0.9440
vn 0.2614 0.2615 0.9291
vn 0.9494 -0.2767 0.1485
vn -0.4460 0.0678 -0.8925
vn -0.8388 -0.2522 0.4825
vn 0.3643 -0.1215 0.9233
vn -0.4353 -0.4353 0.7880
vn -0.3652 -0.4870 0.7934
vn -0.2903 -0.1451 0.9459
vn -0.7164 -0.2047 0.6670
vn 0.6915 0.7206 0.0506
vn 0.6389 -0.3736 0.6725
vn -0.0000 0.1844 0.9829
vn 0.2797 -0.9434 0.1780
vn 0.0136 -0.9922 0.1243
vn 0.0342 -0.9857 0.1652
vn 0.3295 -0.5835 0.7422
vn 0.7265 0.0304 -0.6865
vn -0.8828 -0.3439 0.3199
vn -0.2903 -0.1452 0.9459
vn -0.4221 -0.4221 0.8023
vn -0.8046 -0.4022 0.4369
vn 0.3158 -0.9246 0.2131
vn 0.6307 -0.3616 0.6867
vn 0.2952 0.1476 0.9440
vn -0.2614 0.2615 0.9291
vn 0.9143 0.1474 0.3773
vn 0.7188 0.0427 -0.6939
vn -0.8555 -0.2489 0.4541
vn -0.1702 -0.3406 0.9247
vn -0.1156 -0.4625 0.8790
vn -0.7546 -0.4802 0.4471
vn -0.8045 -0.4022 0.4370
vn -0.6275 -0.3765 0.6815
vn -0.9191 -0.1137 -0.3772
vn 0.5570 -0.3530 0.7517
vn 0.3909 0.3909 0.8333
vn -0.0000 0.4247 0.9053
vn 0.9131 0.1217 0.3893
vn 0.7526 0.0253 -0.6579
vn -0.9015 -0.2387 0.3610
vn 0.1499 -0.1500 0.9773
vn 0.1500 -0.1500 0.9772
vn -0.4835 -0.0000 0.8754
vn -0.6046 -0.7645 -0.2235
vn 0.8432 0.0349 0.5364
vn -0.2134 0.3556 0.9099
vn 0.4797 0.8475 0.2273
vn 0.8793 -0.0001 -0.4762
vn -0.7074 -0.2490 0.6615
vn 0.1214 -0.3644 0.9233
vn -0.4141 0.1381 0.8997
vn 0.1702 0.3406 0.9247
vn 0.2903 0.1451 0.9459
vn -0.6042 -0.1208 0.7876
vn -0.6415 -0.3208 0.6968
vn -0.6161 -0.6777 0.4015
vn -0.6043 -0.1209 0.7875
vn 0.9489 -0.0563 -0.3106
vn 0.6302 -0.3850 0.6743
vn 0.8469 0.4933 0.1984
vn 0.5862 0.7975 0.1426
vn -0.0878 0.9373 -0.3373
vn -0.7057 -0.0628 0.7057
vn -0.2377 -0.3566 0.9035
vn -0.0000 0.2544 0.9671
vn -0.7349 -0.4594 0.4989
vn -0.8718 0.4802 -0.0964
vn 0.6301 -0.3852 0.6743
vn 0.4154 0.2077 0.8856
vn 0.9679 -0.1927 0.1616
vn -0.5840 -0.8097 0.0568
vn -0.7057 -0.0622 0.7057
vn -0.0123 0.9943 0.1059
vn 0.1811 -0.0000 0.9835
vn 0.4182 -0.0000 0.9084
vn -0.8100 -0.0000 0.5865
vn -0.8857 -0.1362 0.4439
vn -0.7229 -0.3614 0.5889
vn 0.8488 0.5252 -0.0605
vn 0.5467 -0.3437 0.7635
vn 0.4246 -0.0000 0.9054
vn 0.7418 0.1237 0.6591
vn 0.6946 -0.7114 -0.1070
vn -0.7057 -0.0619 0.7058
vn 0.9957 -0.0236 0.0896
vn -0.0002 -0.6774 0.7356
vn -0.9937 -0.0366 0.1059
vn 0.3267 -0.3267 0.8869
vn -0.8263 -0.1653 0.5385
vn 0.9575 0.2885 -0.0061
vn 0.8308 0.0278 0.5559
vn 0.3631 0.0726 0.9289
vn 0.8264 0.0870 0.5564
vn 0.9997 0.0142 0.0208
vn -0.7058 -0.0614 0.7058
vn -0.2377 -0.3565 0.9035
vn 0.1262 -0.2524 0.9594
vn -0.4603 -0.3068 0.8331
vn -0.0000 -0.9963 0.0865
vn -0.8583 -0.2145 0.4661
vn -0.9021 -0.1804 0.3920
vn 0.8667 -0.4959 0.0537
vn 0.5737 -0.0927 0.8138
vn 0.2665 0.1777 0.9473
vn 0.8307 0.1661 0.5314
vn 0.9120 0.0309 -0.4091
vn -0.2544 -0.0000 0.9671
vn -0.5231 -0.0000 0.8523
vn 0.3266 -0.3266 0.8869
vn -0.8719 -0.1246 0.4735
vn -0.8500 0.1546 0.5035
vn -0.6538 -0.2615 0.7100
vn 0.4145 -0.9093 0.0365
vn -0.6406 0.2107 0.7384
vn 0.1908 0.0462 -0.9805
vn -0.7160 -0.0625 0.6953
vn -0.3644 -0.1216 0.9233
vn -0.4028 -0.2685 0.8750
vn -0.4142 -0.1380 0.8997
vn -0.6646 -0.4431 0.6016
vn -0.8695 -0.1449 0.4722
vn -0.8205 -0.0743 0.5668
vn -0.7160 -0.2067 0.6668
vn 0.5492 0.7787 0.3033
vn 0.8565 0.2626 0.4444
vn 0.5980 0.2810 0.7506
vn 0.1836 0.0918 0.9787
vn 0.8297 0.2371 0.5054
vn 0.3637 0.1052 -0.9256
vn -0.8948 -0.2286 0.3836
vn -0.6162 0.1027 0.7809
vn -0.6195 -0.0000 0.7850
vn -0.4181 -0.0000 0.9084
vn 0.2544 -0.0000 0.9671
vn -0.3857 -0.3857 0.8381
vn -0.5472 -0.4379 0.7133
vn -0.8263 -0.1653 0.5384
vn 0.6803 0.1298 0.7214
vn 0.5436 -0.1985 0.8155
vn 0.4154 0.2076 0.8856
vn 0.3420 0.3421 0.8752
vn 0.8020 0.3437 0.4885
vn 0.6297 0.2747 -0.7266
vn -0.7470 -0.3330 0.5754
vn -0.3456 -0.0000 0.9384
vn -0.4535 0.2267 0.8619
vn -0.6416 -0.3207 0.6968
vn 0.9812 0.0365 0.1897
vn -0.5695 0.2169 0.7929
vn 0.5433 0.2173 0.8109
vn 0.9500 0.2050 -0.2355
vn -0.6920 -0.2057 0.6920
vn -0.7164 -0.2046 0.6670
vn -0.7639 -0.0000 0.6453
vn -0.8378 -0.0000 0.5459
vn 0.8956 0.4196 0.1480
vn 0.0935 -0.6204 0.7787
vn 0.7223 0.2064 0.6600
vn 0.6227 0.0110 -0.7824
vn -0.8602 -0.0075 0.5099
vn -0.3858 0.3858 0.8380
vn -0.6741 0.0963 0.7323
vn -0.8099 -0.0000 0.5865
vn -0.8577 -0.0780 0.5082
vn -0.5867 -0.1467 0.7964
vn -0.7972 0.1771 0.5772
vn 0.5852 0.5813 0.5654
vn 0.6054 0.2262 0.7631
vn -0.0000 0.1545 0.9880
vn 0.7084 0.1090 0.6973
vn 0.7667 -0.0000 -0.6420
vn -0.6773 -0.0000 0.7358
vn -0.8915 -0.1192 0.4370
vn -0.1383 -0.4138 0.8998
vn -0.6043 -0.1208 0.7876
vn -0.8788 -0.0000 0.4772
vn 0.6035 -0.6427 -0.4719
vn 0.8734 -0.0441 0.4850
vn -0.5695 0.2168 0.7929
vn 0.3908 0.3908 0.8334
vn 0.6841 -0.0000 0.7294
vn 0.7670 -0.0001 -0.6416
vn -0.8977 -0.1405 0.4177
vn -0.0000 -0.1811 0.9835
vn -0.8263 -0.1652 0.5385
vn -0.8856 -0.1362 0.4439
vn 0.9959 -0.0170 0.0884
vn 0.4942 -0.5366 0.6839
vn 0.4153 0.2077 0.8857
vn 0.3495 0.2796 0.8943
vn 0.6743 0.1686 0.7190
vn 0.7545 0.0871 -0.6504
vn -0.9011 -0.2396 0.3614
vn -0.2466 -0.2466 0.9372
vn -0.2902 -0.1451 0.9459
vn -0.3857 -0.3858 0.8381
vn -0.8263 -0.1652 0.5384
vn -0.8100 -0.0000 0.5864
vn 0.9533 0.3019 0.0097
vn 0.5605 -0.3565 0.7475
vn 0.4756 0.1359 0.8691
vn 0.6112 0.1223 0.7820
vn 0.8366 -0.0000 -0.5478
vn -0.8331 -0.2601 0.4882
vn 0.1703 0.3406 0.9247
vn -0.3643 0.1215 0.9233
vn -0.5686 -0.2843 0.7719
vn -0.9021 -0.1804 0.3919
vn -0.7159 -0.2067 0.6668
vn 0.9268 0.3373 -0.1652
vn 0.8416 0.0486 0.5379
vn 0.4541 0.3244 0.8298
vn 0.1303 0.1954 0.9720
vn 0.6112 0.1222 0.7820
vn 0.8669 0.0909 -0.4901
vn -0.9131 -0.0768 0.4005
vn -0.8203 0.0746 0.5670
vn -0.9104 0.1214 0.3955
vn -0.5931 -0.0000 0.8051
vn -0.5930 -0.0000 0.8052
vn 0.8062 -0.5916 0.0101
vn 0.5925 -0.2874 0.7526
vn 0.5125 0.2563 0.8195
vn 0.5651 0.1884 0.8032
vn 0.9373 -0.0000 -0.3486
vn -0.8959 -0.1928 0.4002
vn -0.8203 0.0746 0.5671
vn -0.7717 -0.0965 0.6286
vn 0.9965 -0.0289 0.0782
vn 0.5222 0.7335 0.4351
vn -0.2283 -0.0000 0.9736
vn 0.4541 0.3243 0.8298
vn 0.5754 -0.0000 0.8179
vn 0.2709 -0.0000 0.9626
vn 0.9373 -0.0000 -0.3485
vn -0.6773 -0.0000 0.7357
vn -0.9172 -0.0000 0.3984
vn 0.9986 -0.0136 0.0516
vn 0.9975 0.0001 0.0707
vn -0.0777 0.0777 0.9939
vn 0.9374 -0.0000 -0.3484
vn -0.4835 -0.0000 0.8753
vn -0.5232 -0.0000 0.8522
vn -0.9047 -0.0646 0.4211
vn 0.9982 -0.0003 0.0600
vn 0.9985 0.0034 0.0553
vn 0.5290 0.0661 0.8461
vn 0.9506 0.1261 -0.2836
vn -0.8955 -0.1934 0.4009
vn 0.5232 -0.0000 0.8522
vn -0.4028 0.2685 0.8750
vn -0.3643 0.1214 0.9233
vn -0.7414 -0.0000 0.6711
vn 0.9982 0.0036 0.0599
vn 0.9975 0.0131 0.0697
vn 0.5125 0.2562 0.8196
vn 0.9912 0.0268 -0.1293
vn -0.7009 -0.1951 0.6861
vn 0.1782 -0.1782 0.9677
vn -0.8577 -0.0779 0.5081
vn 0.9992 0.0001 0.0407
vn 0.4247 -0.0000 0.9054
vn 0.9726 -0.0000 -0.2326
vn -0.7071 -0.0000 0.7071
vn 0.9982 0.0001 0.0592
vn 0.9980 0.0042 0.0631
vn 0.5372 0.3582 0.7636
vn 0.6111 0.1222 0.7820
vn 0.5290 0.0661 0.8460
vn 0.9726 -0.0000 -0.2327
vn -0.6830 -0.1274 0.7192
vn -0.3446 0.3446 0.8732
vn -0.5495 -0.0000 0.8355
vn 0.3140 0.8760 0.3661
vn 0.7158 0.6972 0.0391
vn 0.9634 -0.0725 0.2580
vn 0.5525 0.4420 0.7067
vn 0.6344 0.2307 0.7378
vn -0.4623 -0.4598 0.7582
vn 0.8165 0.0001 0.5774
vn 0.5931 0.0048 0.8051
vn 0.4810 0.4209 0.7691
vn 0.1966 -0.0655 0.9783
vn 0.2257 -0.1505 0.9625
vn 0.9725 -0.0000 -0.2328
vn -0.7005 -0.1368 0.7005
vn -0.4028 0.2686 0.8750
vn -0.6162 0.1027 0.7808
vn 0.5328 -0.5852 0.6112
vn 0.7984 -0.2775 0.5343
vn 0.6743 0.1686 0.7189
vn 0.9725 -0.0000 -0.2329
vn -0.7057 -0.0622 0.7058
vn 0.9962 0.0002 0.0874
vn 0.6294 -0.1925 0.7528
vn 0.1813 -0.1813 0.9666
vn 0.5651 -0.1884 0.8033
vn 0.7372 0.0527 0.6736
vn 0.9186 0.3403 -0.2008
vn -0.6333 0.2817 0.7208
vn -0.1214 0.3643 0.9233
vn 0.9962 0.0001 0.0876
vn 0.9125 -0.2961 0.2822
vn 0.0655 -0.1966 0.9783
vn 0.7117 -0.0548 0.7004
vn 0.7773 0.0972 0.6216
vn -0.1225 -0.0000 0.9925
vn -0.8636 0.2040 0.4610
vn -0.3270 0.3270 0.8866
vn -0.4029 0.2685 0.8750
vn -0.1215 0.3643 0.9233
vn -0.6163 0.1027 0.7808
vn 0.9978 0.0003 0.0661
vn 0.5979 -0.2938 0.7458
vn 0.7609 -0.0001 0.6489
vn 0.7608 -0.0000 0.6490
vn 0.9578 -0.2208 -0.1839
vn -0.3268 0.3268 0.8868
vn -0.3267 0.3267 0.8868
vn -0.5219 0.3131 0.7935
vn -0.8918 0.0686 0.4471
vn -0.8125 0.2438 0.5295
vn 0.9962 0.0001 0.0868
vn 0.6463 -0.4057 0.6463
vn 0.7609 -0.0000 0.6489
vn 0.6841 -0.0025 0.7294
vn -0.2685 0.4028 0.8750
vn -0.0000 0.4836 0.8753
vn -0.0000 0.4835 0.8753
vn 0.1452 0.2903 0.9459
vn -0.5686 0.2859 0.7713
vn -0.8577 0.0780 0.5081
vn -0.4221 0.4221 0.8023
vn -0.3267 0.3267 0.8869
vn 0.9961 0.0076 0.0881
vn 0.6425 -0.4175 0.6425
vn -0.0000 -0.1328 0.9911
vn 0.9113 0.2526 -0.3252
vn -0.6643 0.2354 0.7094
vn -0.4142 0.1381 0.8997
vn -0.1214 0.3644 0.9233
vn -0.0000 0.5231 0.8523
vn 0.2531 0.5061 0.8245
vn 0.9855 0.0001 0.1699
vn -0.2226 -0.2226 0.9492
vn -0.0000 -0.2984 0.9544
vn 0.1505 -0.2257 0.9625
vn -0.0000 -0.2283 0.9736
vn -0.8947 0.1915 0.4036
vn -0.2686 0.4028 0.8750
vn -0.4142 0.1380 0.8997
vn 0.9861 0.0001 0.1659
vn 0.4082 -0.4855 0.7731
vn 0.5601 0.0001 -0.8284
vn -0.7386 0.1350 0.6605
vn -0.0000 0.5495 0.8355
vn -0.3208 0.6416 0.6968
vn -0.3858 0.3858 0.8381
vn -0.6742 0.0963 0.7323
vn -0.5915 0.2366 0.7709
vn 0.9872 0.0004 0.1596
vn 0.6662 -0.4707 0.5784
vn 0.7857 -0.0413 0.6172
vn 0.6778 -0.1356 0.7226
vn 0.9561 -0.0000 -0.2932
vn -0.0000 0.5232 0.8522
vn -0.9095 0.1926 0.3684
vn 0.3208 0.6416 0.6968
vn -0.4633 0.6486 0.6038
vn -0.2615 0.6538 0.7101
vn -0.1493 0.7464 0.6485
vn -0.3765 0.6275 0.6815
vn -0.1381 0.4141 0.8997
vn -0.7164 0.2047 0.6669
vn 0.9846 0.0001 0.1749
vn 0.6358 -0.3751 0.6746
vn 0.1934 -0.1934 0.9619
vn 0.7449 -0.1314 0.6541
vn 0.9725 -0.0000 -0.2331
vn 0.2022 0.6067 0.7688
vn -0.6876 0.2005 0.6979
vn -0.3068 0.4602 0.8331
vn -0.0638 0.8297 0.5545
vn -0.4431 0.6649 0.6013
vn -0.4379 0.5473 0.7133
vn -0.4378 0.5473 0.7133
vn -0.3406 0.1703 0.9247
vn -0.1499 0.1500 0.9773
vn 0.1381 0.4142 0.8997
vn -0.7612 0.0846 0.6430
vn -0.3651 0.4870 0.7934
vn 0.9953 0.0458 0.0850
vn 0.6358 -0.3750 0.6747
vn 0.7305 0.0456 0.6814
vn 0.6508 0.0592 0.7570
vn 0.9168 0.3441 -0.2028
vn -0.7185 0.4516 0.5290
vn -0.0000 0.6774 0.7356
vn 0.0963 0.6742 0.7322
vn -0.0000 0.6773 0.7357
vn -0.5858 0.5021 0.6362
vn -0.5608 0.5608 0.6092
vn -0.2147 0.5367 0.8160
vn -0.6275 0.3765 0.6815
vn -0.5917 0.2959 0.7499
vn 0.3406 0.1703 0.9247
vn 0.5061 0.2531 0.8245
vn -0.1500 0.1500 0.9772
vn -0.6774 -0.0000 0.7357
vn -0.7413 -0.0000 0.6711
vn 0.9888 0.0213 0.1475
vn 0.6407 -0.3570 0.6798
vn -0.0770 -0.1540 0.9851
vn 0.7773 0.0972 0.6215
vn 0.3701 -0.1234 0.9207
vn 0.8700 0.4116 -0.2713
vn -0.7184 0.4697 0.5131
vn -0.4127 0.6603 0.6275
vn -0.5473 0.4378 0.7133
vn -0.6486 0.4633 0.6038
vn -0.1381 0.4142 0.8997
vn -0.1262 0.2524 0.9594
vn 0.5061 0.2530 0.8245
vn -0.8613 0.0662 0.5037
vn -0.5686 0.2843 0.7719
vn 0.9992 0.0006 0.0395
vn 0.6313 -0.3932 0.6685
vn -0.1476 -0.2952 0.9440
vn 0.5088 -0.1696 0.8440
vn 0.7732 -0.0000 0.6342
vn 0.3603 -0.1441 0.9217
vn 0.8863 -0.0342 -0.4618
vn -0.8613 0.1696 0.4789
vn -0.5608 0.5608 0.6091
vn -0.2366 0.5915 0.7708
vn -0.8274 -0.0000 0.5616
vn -0.5218 0.3131 0.7936
vn -0.6505 0.2788 0.7065
vn 0.9929 -0.0004 0.1189
vn 0.6445 -0.4113 0.6445
vn -0.1540 -0.0770 0.9851
vn -0.2951 -0.1476 0.9440
vn 0.4840 -0.1614 0.8601
vn 0.8145 0.0388 0.5789
vn 0.4789 -0.0684 0.8752
vn 0.9389 -0.0000 -0.3443
vn -0.5171 0.5239 0.6769
vn -0.1027 0.6162 0.7808
vn -0.7127 0.4752 0.5160
vn -0.6415 0.3208 0.6968
vn -0.1861 0.5583 0.8085
vn -0.4141 0.1380 0.8997
vn -0.0000 0.4182 0.9084
vn -0.4602 0.3068 0.8331
vn -0.5915 0.2366 0.7708
vn 0.9932 0.0023 0.1161
vn 0.6455 -0.4081 0.6456
vn 0.6508 0.0591 0.7569
vn 0.8077 0.1346 0.5741
vn 0.1526 -0.1526 0.9764
vn 0.5488 -0.0000 0.8359
vn 0.7796 0.1292 -0.6128
vn -0.6232 0.3258 0.7110
vn 0.3858 0.3858 0.8380
vn -0.7484 0.3207 0.5806
vn -0.7585 0.3034 0.5767
vn -0.1027 0.6162 0.7809
vn -0.5726 0.3817 0.7255
vn -0.5583 0.1861 0.8085
vn -0.1261 0.2524 0.9594
vn -0.7936 0.0793 0.6033
vn 0.9927 0.0001 0.1205
vn 0.5963 -0.4208 0.6836
vn 0.7943 0.0567 0.6049
vn 0.6473 0.3237 0.6901
vn 0.8556 0.3513 -0.3802
vn -0.4172 0.3669 0.8314
vn 0.2377 0.3565 0.9035
vn -0.7968 0.3320 0.5048
vn -0.1209 0.6043 0.7875
vn -0.0000 0.6774 0.7357
vn -0.1027 0.6163 0.7808
vn 0.2377 0.3566 0.9035
vn -0.7280 0.1040 0.6777
vn -0.7445 0.2792 0.6064
vn 0.9927 0.0001 0.1204
vn -0.0759 -0.2277 0.9708
vn 0.6210 -0.6139 0.4874
vn 0.8339 -0.1088 0.5411
vn 0.4755 0.1359 0.8691
vn 0.7527 0.0983 -0.6510
vn -0.5555 0.3738 0.7428
vn -0.4635 0.4635 0.7552
vn -0.6294 0.6294 0.4557
vn -0.5568 0.6959 0.4535
vn -0.2047 0.7165 0.6669
vn 0.0965 0.7717 0.6286
vn -0.3387 0.7621 0.5518
vn -0.6043 0.1208 0.7875
vn -0.7165 0.2047 0.6669
vn -0.6416 0.3208 0.6968
vn 0.9870 -0.1479 0.0632
vn 0.6099 -0.2920 0.7368
vn 0.7085 -0.1090 0.6972
vn 0.8383 -0.0365 0.5440
vn 0.6493 -0.1499 0.7456
vn 0.9880 -0.0000 0.1543
vn -0.4173 0.3670 0.8314
vn -0.5567 0.6960 0.4535
vn -0.2437 0.8126 0.5295
vn 0.2146 0.8583 0.4661
vn -0.4023 0.8046 0.4369
vn -0.2959 0.5918 0.7498
vn -0.1703 0.3406 0.9247
vn -0.1156 0.4625 0.8790
vn -0.6043 0.1209 0.7875
vn -0.8067 0.0896 0.5841
vn 0.2643 0.9626 0.0595
vn 0.5672 0.8225 0.0428
vn 0.8715 0.4119 0.2662
vn 0.8416 0.0421 0.5384
vn 0.7341 -0.1049 0.6709
vn 0.5935 -0.1484 0.7910
vn 0.9727 -0.0491 -0.2267
vn -0.6446 0.4387 0.6261
vn 0.3208 0.6415 0.6969
vn -0.1040 0.7280 0.6777
vn -0.3817 0.5726 0.7255
vn -0.0000 0.4835 0.8754
vn -0.0896 0.8067 0.5841
vn 0.2047 0.7164 0.6670
vn -0.3614 0.7229 0.5889
vn -0.7130 0.6033 0.3574
vn -0.5256 0.6308 0.5709
vn -0.5101 0.5101 0.6925
vn 0.5614 0.6416 0.5226
vn -0.2203 0.6607 0.7176
vn -0.7229 0.3615 0.5888
vn -0.6415 0.3207 0.6968
vn -0.7234 0.3215 0.6110
vn -0.7820 0.2607 0.5662
vn -0.7198 0.2399 0.6514
vn 0.8805 0.4646 0.0948
vn 0.4766 -0.2707 0.8364
vn -0.2952 -0.1475 0.9440
vn 0.1527 -0.1526 0.9764
vn 0.8477 0.1211 0.5164
vn 0.6147 -0.0615 0.7864
vn 0.7475 -0.0000 0.6642
vn 0.9871 -0.0000 -0.1599
vn -0.7804 0.3250 0.5342
vn 0.2843 0.5686 0.7719
vn 0.4378 0.5473 0.7133
vn -0.3652 0.4870 0.7934
vn -0.7577 0.4420 0.4801
vn -0.5824 0.6471 0.4920
vn -0.6307 0.5257 0.5709
vn 0.4587 0.5505 0.6975
vn 0.5608 0.5608 0.6091
vn -0.8102 0.2025 0.5500
vn -0.7464 0.1493 0.6485
vn 0.9966 0.0326 0.0755
vn 0.5141 -0.2849 0.8090
vn 0.3397 -0.2548 0.9054
vn -0.0726 -0.3631 0.9289
vn 0.2077 -0.4154 0.8856
vn -0.0000 -0.2709 0.9626
vn 0.7081 -0.0472 0.7046
vn 0.9871 -0.0001 -0.1602
vn -0.8829 0.2909 0.3687
vn 0.5473 0.4378 0.7133
vn -0.6542 0.5608 0.5075
vn -0.7403 0.2468 0.6253
vn 0.6416 0.3208 0.6968
vn -0.8613 0.0663 0.5037
vn -0.7414 -0.0000 0.6710
vn 0.9954 0.0297 0.0907
vn 0.5146 -0.2820 0.8098
vn -0.4154 -0.2077 0.8856
vn 0.7372 -0.0527 0.6736
vn 0.4086 -0.2724 0.8711
vn -0.2076 -0.4154 0.8856
vn 0.2076 -0.4154 0.8856
vn 0.2413 -0.3620 0.9004
vn -0.0918 -0.1836 0.9787
vn 0.8263 -0.0870 0.5564
vn 1.0000 -0.0000 -0.0005
vn 0.0902 0.7219 0.6861
vn -0.9555 -0.0234 0.2942
vn -0.5718 0.3431 0.7452
vn 0.1040 0.7280 0.6777
vn -0.8193 0.3151 0.4791
vn -0.8263 0.1653 0.5385
vn -0.3765 0.6274 0.6816
vn -0.3208 0.6415 0.6968
vn -0.1381 0.4140 0.8997
vn 0.9932 0.0001 0.1162
vn 0.3312 -0.4161 0.8468
vn -0.4153 -0.2077 0.8857
vn 0.6451 -0.0001 0.7641
vn 0.6508 -0.0592 0.7569
vn 0.2796 -0.3495 0.8942
vn -0.2077 -0.4154 0.8856
vn 0.3909 -0.3909 0.8333
vn 0.0726 -0.3631 0.9289
vn 0.7612 -0.1757 0.6243
vn 0.9285 -0.0684 -0.3650
vn -0.5580 0.6703 0.4892
vn -0.2047 0.7164 0.6670
vn -0.5608 0.5609 0.6091
vn 0.3765 0.6275 0.6815
vn -0.3215 0.7234 0.6110
vn -0.7820 0.2606 0.5662
vn -0.7732 0.4296 0.4665
vn -0.2323 0.7743 0.5886
vn -0.8754 -0.0875 0.4754
vn -0.8856 -0.1363 0.4440
vn 0.9933 0.0003 0.1160
vn 0.4943 -0.4119 0.7655
vn 0.6318 -0.0903 0.7699
vn 0.5422 -0.1549 0.8258
vn 0.0759 -0.2276 0.9708
vn -0.0000 -0.4246 0.9054
vn 0.8629 -0.0996 0.4954
vn 0.9977 -0.0141 -0.0662
vn -0.9685 0.1752 0.1767
vn 0.1209 0.6043 0.7875
vn 0.3615 0.7229 0.5888
vn -0.4751 0.7127 0.5160
vn -0.6416 0.5614 0.5226
vn -0.5906 0.5906 0.5498
vn -0.1903 0.7612 0.6200
vn -0.6603 0.4127 0.6275
vn -0.7234 0.3215 0.6111
vn -0.6537 0.2615 0.7101
vn -0.8961 0.0995 0.4326
vn -0.8126 0.2438 0.5295
vn 0.9933 0.0003 0.1159
vn 0.4116 -0.3880 0.8246
vn 0.2567 -0.1284 0.9579
vn 0.5857 -0.1597 0.7947
vn -0.1505 -0.2257 0.9625
vn 0.0918 -0.1836 0.9787
vn 0.8358 -0.1254 0.5346
vn 0.9270 -0.0680 -0.3688
vn -0.1147 0.4756 0.8721
vn -0.7032 0.1246 0.7000
vn -0.0440 0.4784 0.8770
vn -0.4379 0.5472 0.7133
vn 0.2607 0.7820 0.5662
vn -0.1208 0.6043 0.7875
vn -0.4802 0.7547 0.4470
vn -0.3675 0.8400 0.3991
vn -0.5542 0.7127 0.4300
vn -0.2792 0.7445 0.6064
vn 0.1156 0.4625 0.8790
vn -0.4816 0.4816 0.7322
vn -0.3068 0.4603 0.8331
vn -0.8027 0.2189 0.5548
vn -0.8500 0.1545 0.5036
vn 0.9419 -0.3281 0.0723
vn 0.5799 -0.4016 0.7088
vn 0.1777 -0.2666 0.9473
vn 0.6560 -0.0505 0.7531
vn 0.4904 -0.0000 0.8715
vn 0.2463 -0.3079 0.9190
vn 0.8881 -0.1615 0.4304
vn 0.7133 0.6678 -0.2127
vn -0.6967 0.2717 0.6639
vn -0.0631 0.3312 0.9415
vn -0.1364 0.2047 0.9693
vn -0.1147 0.1721 0.9784
vn -0.0000 0.1732 0.9849
vn -0.0576 0.1729 0.9833
vn -0.1451 0.2903 0.9459
vn 0.0375 0.6642 0.7466
vn -0.0439 0.4785 0.8770
vn -0.4353 0.4353 0.7880
vn -0.3907 0.7032 0.5940
vn -0.6702 0.5864 0.4549
vn -0.8619 0.2652 0.4321
vn 0.1674 0.7532 0.6362
vn -0.3858 0.6753 0.6286
vn -0.7707 0.2202 0.5979
vn -0.9116 0.0536 0.4076
vn 0.1796 -0.9379 0.2967
vn -0.7176 -0.0274 0.6959
vn -0.1836 -0.0918 0.9787
vn 0.7085 0.1090 0.6972
vn 0.2976 -0.0744 0.9518
vn -0.1234 -0.3702 0.9207
vn 0.7952 0.5931 0.1258
vn -0.8404 0.1173 0.5292
vn -0.8150 0.1117 0.5685
vn -0.0474 0.3314 0.9423
vn 0.1134 0.2268 0.9673
vn 0.1791 0.3581 0.9163
vn -0.1779 0.3736 0.9104
vn -0.1707 0.1707 0.9704
vn -0.0000 0.4436 0.8962
vn -0.8925 0.2100 0.3991
vn 0.1208 0.6042 0.7876
vn -0.2332 0.6996 0.6754
vn -0.8435 0.1205 0.5235
vn -0.8900 0.1907 0.4142
vn 0.9930 0.0495 0.1075
vn 0.3419 0.7483 0.5685
vn 0.3815 0.4672 0.7976
vn -0.2952 -0.1476 0.9440
vn -0.0000 -0.2985 0.9544
vn 0.5924 -0.0539 0.8038
vn 0.5985 0.0748 0.7976
vn -0.0000 -0.3177 0.9482
vn 0.7113 0.6951 0.1041
vn -0.1097 -0.7806 0.6153
vn -0.6426 0.1340 0.7544
vn -0.2276 0.0759 0.9708
vn -0.0496 0.1489 0.9876
vn 0.2665 0.3198 0.9092
vn -0.2860 0.4206 0.8610
vn -0.0000 0.3641 0.9314
vn -0.0706 0.4236 0.9031
vn -0.4168 0.2843 0.8634
vn -0.8466 0.1954 0.4951
vn -0.8045 0.4023 0.4369
vn -0.1467 0.5867 0.7964
vn -0.8102 -0.2026 0.5500
vn -0.8764 0.0730 0.4759
vn 0.9981 -0.0041 0.0608
vn 0.9961 -0.0162 0.0862
vn 0.4763 -0.2382 0.8464
vn 0.7080 -0.0472 0.7046
vn 0.9465 0.2794 0.1616
vn -0.3168 0.5524 -0.7710
vn -0.7510 0.2192 0.6228
vn -0.2277 0.0759 0.9708
vn -0.0726 0.3631 0.9289
vn -0.0000 0.4949 0.8690
vn -0.3618 0.2128 0.9076
vn -0.4460 0.3638 0.8178
vn -0.7902 0.2963 0.5364
vn -0.7728 0.3864 0.5035
vn -0.7280 0.1040 0.6776
vn -0.1380 0.4141 0.8997
vn -0.7171 0.0797 0.6924
vn 0.9970 0.0327 0.0708
vn 0.9980 -0.0123 0.0613
vn 0.0620 -0.3723 0.9260
vn 0.9887 -0.0547 0.1397
vn -0.4028 -0.0080 -0.9152
vn -0.1836 0.0918 0.9787
vn -0.8383 0.0882 0.5380
vn 0.2506 0.2506 0.9351
vn -0.4154 0.2077 0.8856
vn -0.4748 0.0898 0.8755
vn -0.2046 0.1364 0.9693
vn -0.7127 0.4751 0.5160
vn -0.6678 0.1670 0.7254
vn -0.4353 0.4353 0.7881
vn -0.5367 0.2147 0.8160
vn 0.9953 0.0493 0.0833
vn 0.9973 -0.0002 0.0732
vn -0.1476 -0.2951 0.9440
vn -0.2796 -0.3495 0.8942
vn -0.1106 -0.5532 0.8257
vn 0.9897 -0.0428 0.1370
vn -0.3798 -0.0079 -0.9251
vn -0.8623 0.4922 -0.1194
vn -0.8794 0.2291 0.4174
vn -0.8207 0.2949 0.4893
vn -0.2195 -0.8807 -0.4197
vn -0.3495 0.3495 0.8693
vn 0.1441 0.3602 0.9217
vn -0.5032 0.1006 0.8583
vn -0.4186 0.1675 0.8926
vn -0.4647 0.2406 0.8521
vn -0.7743 0.2323 0.5886
vn -0.0893 0.6249 0.7756
vn 0.9978 0.0128 0.0649
vn 0.9955 -0.0175 0.0929
vn -0.3495 -0.2796 0.8942
vn -0.0000 -0.3730 0.9278
vn 0.0770 -0.1540 0.9851
vn 0.5985 -0.0748 0.7976
vn 0.4540 -0.3244 0.8299
vn -0.3243 -0.4541 0.8298
vn 0.2562 -0.5125 0.8196
vn 0.1833 -0.3667 0.9121
vn -0.1777 -0.2666 0.9473
vn 0.9842 -0.0479 0.1703
vn -0.4748 -0.0039 -0.8801
vn -0.4209 0.4810 0.7691
vn -0.1791 0.4178 0.8907
vn 0.2307 0.6344 0.7378
vn 0.1140 0.5130 0.8508
vn -0.3151 0.1260 0.9407
vn -0.3908 0.3909 0.8334
vn -0.2888 0.2526 0.9235
vn -0.6775 0.3388 0.6528
vn -0.6308 0.5256 0.5709
vn -0.8636 0.1851 0.4690
vn 0.9951 0.0342 0.0929
vn 0.9977 -0.0135 0.0669
vn -0.1359 -0.4756 0.8691
vn -0.0000 -0.5302 0.8479
vn 0.4756 -0.1359 0.8691
vn -0.2614 -0.2614 0.9292
vn 0.0589 -0.4716 0.8798
vn 0.1883 -0.5651 0.8032
vn 0.1140 -0.5130 0.8508
vn 0.9364 -0.3283 0.1241
vn -0.5493 -0.0791 -0.8319
vn -0.2943 0.5886 0.7530
vn 0.2943 0.5886 0.7530
vn 0.1981 0.6438 0.7391
vn -0.4257 0.4967 0.7564
vn 0.4209 0.4810 0.7691
vn -0.2548 0.3397 0.9054
vn -0.4788 0.0684 0.8752
vn -0.1872 0.3120 0.9314
vn -0.2236 0.5031 0.8348
vn -0.3986 0.4752 0.7844
vn -0.5299 0.4165 0.7387
vn -0.4499 0.5918 0.6689
vn -0.5568 0.6960 0.4535
vn -0.2438 0.8125 0.5295
vn -0.8583 0.2146 0.4661
vn -0.8810 0.2203 0.4186
vn 0.9964 0.0401 0.0749
vn 0.9965 -0.0194 0.0813
vn -0.0000 -0.5164 0.8563
vn -0.2563 -0.5125 0.8195
vn 0.5343 -0.2290 0.8137
vn 0.5130 -0.1140 0.8508
vn -0.2562 -0.5125 0.8196
vn 0.1613 -0.4840 0.8601
vn 0.2237 -0.5032 0.8347
vn 0.7884 -0.6082 0.0922
vn -0.1404 -0.9674 -0.2108
vn -0.3330 0.8757 0.3497
vn -0.2196 0.5856 0.7803
vn -0.1857 0.6965 0.6931
vn -0.1798 0.7193 0.6710
vn 0.4257 0.4967 0.7564
vn -0.2990 0.5979 0.7437
vn 0.1696 0.5089 0.8439
vn -0.5574 0.2478 0.7924
vn -0.1675 0.4186 0.8926
vn -0.0000 0.5302 0.8479
vn -0.2237 0.5031 0.8348
vn -0.1613 0.4840 0.8601
vn -0.4374 0.5361 0.7220
vn -0.3707 0.5694 0.7338
vn -0.3543 0.5796 0.7339
vn -0.2146 0.8583 0.4661
vn -0.3252 0.8454 0.4238
vn -0.6161 0.6777 0.4015
vn -0.8211 0.2986 0.4864
vn -0.8454 0.3251 0.4238
vn 0.4353 0.4354 0.7880
vn 0.9974 0.0183 0.0702
vn 0.9924 -0.0606 0.1075
vn -0.0638 -0.5742 0.8162
vn 0.1268 -0.5707 0.8113
vn -0.1884 -0.5651 0.8032
vn -0.3244 -0.4541 0.8298
vn 0.6318 -0.0903 0.7698
vn 0.4154 -0.2077 0.8856
vn 0.0621 -0.3723 0.9260
vn 0.1950 -0.5200 0.8316
vn 0.5110 -0.3650 0.7782
vn 0.5702 0.7984 0.1935
vn 0.9719 0.0530 0.2294
vn -0.5487 0.8323 0.0792
vn 0.0150 0.9967 0.0797
vn -0.3308 0.9382 0.1013
vn -0.0000 0.4800 0.8773
vn -0.1358 0.4756 0.8691
vn -0.3236 0.6473 0.6901
vn -0.3909 0.3909 0.8333
vn -0.2237 0.5033 0.8347
vn -0.4987 0.4987 0.7089
vn -0.4810 0.4208 0.7691
vn -0.3549 0.3549 0.8649
vn -0.2706 0.4826 0.8330
vn -0.0894 0.7281 0.6796
vn -0.2570 0.6631 0.7030
vn -0.6601 0.6601 0.3585
vn -0.3215 0.7234 0.6111
vn -0.7547 0.4802 0.4470
vn -0.6960 0.5567 0.4535
vn -0.0000 0.3671 0.9302
vn 0.9965 -0.0066 0.0838
vn 0.9956 -0.0342 0.0875
vn -0.0000 -0.5164 0.8564
vn -0.0000 -0.4724 0.8814
vn -0.3909 -0.3909 0.8333
vn -0.1359 -0.4755 0.8691
vn 0.1675 -0.4186 0.8926
vn 0.7548 0.6484 0.0993
vn -0.0440 -0.9926 -0.1135
vn -0.0730 0.9150 -0.3967
vn 0.7310 -0.1522 -0.6652
vn 0.0109 -0.4375 -0.8992
vn -0.5988 -0.5465 -0.5855
vn -0.6995 0.7101 0.0799
vn -0.1234 0.3701 0.9208
vn -0.0606 0.4239 0.9037
vn -0.2666 0.1777 0.9473
vn -0.4541 0.3243 0.8298
vn -0.1951 0.3724 0.9073
vn -0.6515 0.3084 0.6931
vn -0.6959 0.5568 0.4535
vn -0.4752 0.7127 0.5160
vn -0.7350 0.4593 0.4989
vn -0.7743 0.2323 0.5887
vn 0.9962 0.0065 0.0865
vn 0.9957 -0.0274 0.0881
vn 0.3631 -0.0726 0.9289
vn 0.4178 -0.1791 0.8907
vn 0.9798 -0.0394 0.1960
vn -0.6222 -0.0673 -0.7800
vn 0.3258 -0.3184 -0.8902
vn -0.5386 0.8398 0.0687
vn 0.0154 0.9932 0.1154
vn -0.2662 0.9579 0.1080
vn -0.2874 0.5749 0.7661
vn -0.1099 0.3298 0.9376
vn -0.2832 0.4531 0.8453
vn -0.4420 0.5524 0.7067
vn -0.2928 0.0976 0.9512
vn -0.4279 0.3322 0.8406
vn -0.6470 0.5052 0.5711
vn -0.8343 0.2567 0.4879
vn -0.8102 0.2026 0.5500
vn 0.9931 0.0404 0.1099
vn 0.9967 -0.0162 0.0796
vn -0.3908 -0.3908 0.8334
vn 0.3723 -0.0621 0.9260
vn 0.2666 -0.1777 0.9473
vn 0.9962 -0.0000 0.0865
vn -0.1055 -0.8155 -0.5690
vn 0.7341 -0.1477 -0.6628
vn -0.0000 -0.4352 -0.9003
vn -0.5378 -0.5104 -0.6710
vn -0.4462 0.8924 0.0675
vn -0.5008 0.8567 0.1237
vn -0.3908 0.3908 0.8334
vn -0.5524 0.4420 0.7067
vn -0.4531 0.2832 0.8453
vn -0.0552 0.3313 0.9419
vn -0.4405 0.5370 0.7194
vn -0.7307 0.4777 0.4877
vn -0.7233 0.3215 0.6111
vn -0.8046 0.4023 0.4369
vn 0.9965 0.0158 0.0820
vn 0.9898 -0.0783 0.1193
vn -0.0000 -0.5754 0.8179
vn -0.0684 -0.4789 0.8752
vn -0.2077 -0.4153 0.8856
vn -0.0606 -0.4238 0.9037
vn 0.2226 -0.2226 0.9492
vn 0.7102 0.6976 0.0943
vn 0.2226 -0.7619 -0.6083
vn 0.5235 -0.1112 -0.8447
vn 0.7830 -0.1475 -0.6042
vn -0.9430 0.3144 0.1096
vn -0.2257 0.1505 0.9625
vn -0.5372 0.3582 0.7636
vn -0.5886 0.2943 0.7530
vn -0.3252 0.1987 0.9245
vn -0.7390 0.3695 0.5634
vn -0.8046 0.4022 0.4369
vn -0.8695 0.1449 0.4722
vn -0.7279 0.1040 0.6777
vn 0.9921 0.0001 0.1253
vn 0.9956 -0.0350 0.0870
vn -0.0973 -0.6809 0.7259
vn -0.0000 -0.6842 0.7293
vn -0.0592 -0.6508 0.7569
vn -0.1613 -0.4840 0.8601
vn 0.2236 -0.5031 0.8348
vn 0.3243 -0.4541 0.8298
vn 0.3620 -0.2413 0.9004
vn -0.1744 -0.4652 0.8679
vn -0.2943 -0.5886 0.7530
vn -0.1883 -0.5651 0.8032
vn 0.1359 -0.4756 0.8691
vn 0.0621 -0.3722 0.9261
vn 0.8989 0.4044 0.1685
vn -0.4928 -0.1195 -0.8619
vn -0.0334 -0.8621 -0.5057
vn -0.7044 0.7044 0.0877
vn -0.0000 0.9951 0.0990
vn -0.3317 0.9372 0.1081
vn -0.1814 0.1814 0.9665
vn -0.3120 0.1872 0.9315
vn -0.0000 0.0934 0.9956
vn -0.5032 0.2237 0.8347
vn -0.6473 0.3237 0.6901
vn -0.3556 0.2134 0.9100
vn -0.5806 0.1840 0.7931
vn -0.6765 0.4690 0.5678
vn -0.8925 0.2100 0.3992
vn -0.8500 0.1546 0.5036
vn -0.8578 0.0780 0.5081
vn 0.9965 0.0002 0.0839
vn 0.3119 -0.8457 0.4330
vn -0.2640 -0.6598 0.7035
vn 0.1450 -0.6769 0.7216
vn -0.0000 -0.6002 0.7999
vn -0.0661 -0.5291 0.8460
vn 0.3620 -0.2414 0.9004
vn 0.3244 -0.4541 0.8298
vn -0.1223 -0.6112 0.7819
vn -0.3237 -0.6473 0.6901
vn -0.0000 -0.4247 0.9054
vn 0.2077 -0.4153 0.8857
vn 0.3027 -0.3027 0.9037
vn 0.9965 -0.0129 0.0827
vn -0.2558 0.0001 -0.9667
vn 0.7256 -0.1432 -0.6730
vn -0.0000 -0.4494 -0.8934
vn -0.5862 -0.4736 -0.6573
vn -0.5485 0.8322 0.0811
vn -0.0228 0.9971 0.0729
vn -0.4348 0.8888 0.1448
vn -0.3990 0.3420 0.8508
vn -0.3298 0.1099 0.9376
vn -0.2959 0.3170 0.9011
vn -0.4885 0.5420 0.6838
vn -0.7730 0.3867 0.5029
vn -0.8883 0.2221 0.4020
vn -0.8131 0.2710 0.5152
vn -0.8211 0.2986 0.4865
vn 0.9729 0.2171 0.0793
vn -0.0845 -0.7470 0.6594
vn 0.3151 -0.1260 0.9407
vn 0.0556 -0.5558 0.8295
vn -0.2109 -0.5799 0.7869
vn 0.2134 -0.3556 0.9099
vn 0.8517 0.5163 0.0897
vn -0.4039 -0.2731 -0.8731
vn 0.7296 -0.1492 -0.6674
vn -0.0000 -0.2796 -0.9601
vn 0.1209 -0.4927 -0.8618
vn -0.4401 0.8956 0.0652
vn -0.0224 0.9926 0.1194
vn -0.3354 0.9362 0.1047
vn -0.5372 0.3581 0.7636
vn -0.3620 0.2414 0.9004
vn -0.0918 0.1836 0.9787
vn -0.2245 0.3891 0.8934
vn -0.6388 0.5043 0.5811
vn -0.5957 0.5620 0.5739
vn -0.9319 0.1331 0.3374
vn -0.3215 0.7233 0.6111
vn 0.9416 -0.3028 0.1474
vn 0.5503 -0.5293 0.6458
vn 0.1099 -0.3298 0.9376
vn 0.3556 -0.2134 0.9100
vn 0.4115 -0.2469 0.8773
vn -0.1817 -0.6056 0.7747
vn 0.1647 -0.5490 0.8194
vn 0.2506 -0.2506 0.9351
vn 0.9560 0.2696 0.1156
vn -0.4795 0.0701 -0.8747
vn 0.5333 -0.1265 -0.8364
vn -0.0042 -0.5423 -0.8402
vn -0.5847 -0.5513 -0.5951
vn -0.5606 0.8255 0.0659
vn -0.0273 0.9963 0.0812
vn -0.5073 0.8541 0.1143
vn -0.4231 0.0846 0.9021
vn -0.3620 0.2413 0.9004
vn -0.4903 0.2452 0.8364
vn -0.5363 0.5592 0.6322
vn -0.6815 0.3407 0.6477
vn -0.7967 0.5311 0.2884
vn -0.7812 0.5371 0.3182
vn -0.5607 0.6542 0.5076
vn -0.4094 0.7505 0.5187
vn -0.6486 0.4633 0.6039
vn -0.2401 -0.8786 0.4127
vn 0.9932 -0.0094 0.1159
vn 0.2184 -0.2912 0.9314
vn -0.1686 -0.6744 0.7189
vn -0.2307 -0.6344 0.7378
vn 0.2832 -0.4531 0.8453
vn 0.2791 -0.3492 0.8945
vn 0.8350 0.5456 0.0721
vn -0.7763 0.6277 -0.0571
vn 0.7323 -0.1551 -0.6631
vn -0.0000 -0.2877 -0.9577
vn 0.2053 -0.6235 -0.7544
vn -0.5612 0.8244 0.0734
vn -0.0102 0.9978 0.0652
vn -0.4470 0.8849 0.1312
vn -0.4178 0.1791 0.8907
vn -0.3550 0.3550 0.8649
vn -0.7476 0.2888 0.5981
vn -0.6042 0.1208 0.7876
vn -0.7229 0.3614 0.5889
vn 0.1218 0.9901 0.0699
vn -0.4994 0.8633 0.0734
vn -0.2623 0.6995 0.6648
vn -0.7349 0.4593 0.4990
vn 0.9873 0.0582 0.1476
vn 0.9924 -0.0096 0.1223
vn 0.0955 -0.5728 0.8141
vn -0.1484 -0.5936 0.7910
vn -0.1359 -0.7245 0.6758
vn -0.0000 -0.6159 0.7878
vn 0.7267 0.6818 0.0838
vn 0.2583 -0.9655 0.0339
vn 0.7398 -0.1613 -0.6532
vn -0.0000 -0.2985 -0.9544
vn 0.1114 -0.5008 -0.8584
vn -0.4498 0.8906 0.0674
vn -0.0200 0.9962 0.0853
vn -0.0148 0.9972 0.0736
vn -0.0754 0.9940 0.0797
vn -0.5382 0.8352 0.1136
vn -0.4602 -0.3072 0.8330
vn 0.9908 0.0343 0.1311
vn 0.9956 0.0696 0.0630
vn -0.4777 0.8775 0.0423
vn -0.6997 0.7131 0.0437
vn -0.6568 0.5108 0.5547
vn 0.9916 0.0765 0.1039
vn 0.3933 -0.6504 0.6498
vn -0.5969 -0.4024 0.6941
vn 0.2196 -0.5856 0.7803
vn -0.2418 -0.7254 0.6444
vn -0.1156 -0.8096 0.5754
vn -0.2622 -0.7866 0.5590
vn -0.0615 -0.6147 0.7864
vn 0.3582 -0.5372 0.7636
vn 0.2792 -0.3492 0.8945
vn 0.3495 -0.2796 0.8942
vn 0.9584 0.2644 0.1072
vn -0.5389 0.0554 -0.8405
vn 0.5449 -0.1448 -0.8259
vn -0.0041 -0.5578 -0.8300
vn -0.0000 -0.2908 -0.9568
vn -0.0065 -0.4399 -0.8980
vn 0.0857 -0.5610 -0.8234
vn -0.5734 0.8169 0.0627
vn 0.0454 0.9971 0.0617
vn 0.9463 0.3155 0.0703
vn -0.0510 0.9386 -0.3413
vn 0.4035 -0.4035 -0.8212
vn -0.7163 0.6965 0.0431
vn -0.5614 0.6416 0.5226
vn 0.9401 0.3097 0.1429
vn -0.4591 -0.4598 0.7602
vn 0.2127 -0.8564 0.4704
vn 0.1236 -0.7419 0.6591
vn -0.2268 -0.7939 0.5642
vn -0.1358 -0.7245 0.6758
vn 0.1884 -0.5651 0.8032
vn 0.3990 -0.3420 0.8508
vn 0.9685 -0.2246 0.1072
vn -0.7148 0.6388 -0.2846
vn 0.7446 -0.1827 -0.6420
vn 0.0330 -0.4647 -0.8849
vn 0.4586 -0.4498 -0.7664
vn 0.3800 -0.3895 -0.8390
vn -0.7193 0.6934 0.0424
vn 0.8418 -0.1014 0.5302
vn 0.0484 -0.0096 0.9988
vn -0.6859 -0.7202 0.1043
vn 0.1852 -0.9138 0.3614
vn 0.2826 -0.8684 0.4074
vn -0.0645 -0.7483 0.6602
vn -0.0000 -0.4905 0.8715
vn 0.0759 -0.2277 0.9708
vn 0.4272 -0.4272 0.7969
vn 0.0684 -0.4789 0.8752
vn 0.7421 0.6655 0.0801
vn 0.6882 0.0881 -0.7202
vn 0.3724 -0.3817 -0.8459
vn -0.7129 0.7000 0.0423
vn 0.3448 -0.8130 0.4691
vn 0.4602 -0.8814 0.1064
vn 0.5141 -0.7997 0.3102
vn 0.4129 -0.8257 0.3843
vn 0.6175 -0.6732 0.4068
vn 0.5469 -0.5487 0.6323
vn 0.1843 -0.2765 0.9432
vn 0.2277 -0.0759 0.9708
vn 0.5259 0.8426 0.1164
vn 0.0284 0.9955 0.0907
vn 0.4500 0.8902 0.0716
vn -0.0109 -0.9953 0.0958
vn 0.3802 -0.3801 -0.8432
vn -0.6932 0.7191 0.0493
vn 0.8002 0.3556 0.4829
vn 0.8411 0.1869 0.5075
vn 0.7165 -0.2047 0.6669
vn 0.8126 -0.2438 0.5295
vn 0.8125 -0.2438 0.5295
vn 0.8321 -0.2319 0.5037
vn 0.5085 -0.1123 0.8537
vn 0.7105 0.7011 0.0603
vn -0.5948 -0.7996 0.0823
vn -0.0000 -0.9828 0.1849
vn 0.5118 -0.8461 -0.1487
vn 0.3678 -0.3490 -0.8619
vn -0.6566 0.7525 0.0520
vn 0.6538 0.2615 0.7100
vn 0.7229 0.3614 0.5889
vn 0.7728 0.3864 0.5035
vn 0.7717 0.0965 0.6286
vn 0.8522 0.2044 0.4817
vn 0.5154 0.3494 0.7825
vn 0.4443 0.8886 0.1141
vn 0.4465 0.8930 0.0573
vn -0.8264 -0.4949 0.2685
vn 0.3589 -0.3390 -0.8696
vn -0.5104 0.8582 0.0550
vn 0.0814 0.9945 0.0663
vn -0.2183 0.9728 0.0781
vn 0.6911 0.5822 0.4283
vn 0.5187 0.8496 0.0955
vn -0.0912 0.9925 0.0812
vn 0.6701 0.7388 0.0717
vn -0.7542 -0.6009 0.2649
vn 0.0462 -0.9927 0.1117
vn 0.6986 -0.6954 0.1683
vn 0.0306 -0.4871 -0.8728
vn -0.5409 -0.5113 -0.6678
vn 0.0297 0.9979 0.0572
vn -0.0908 -0.5642 -0.8206
vn -0.2354 -0.5282 -0.8159
vn 0.1243 0.6655 -0.7360
vn 0.9492 -0.1837 -0.2556
vn 0.0533 -0.1069 -0.9928
vn -0.7438 0.0716 0.6646
vn 0.7071 0.0757 0.7030
s 1
f 7//1 1//2 8//3
f 1//2 2//4 9//5
f 1//2 9//5 8//3
f 2//4 3//6 10//7
f 2//4 10//7 9//5
f 3//6 11//8 10//7
f 12//9 4//10 13//11
f 4//10 5//12 13//11
f 13//11 5//12 14//13
f 5//12 6//14 15//15
f 5//12 15//15 14//13
f 6//14 7//1 16//16
f 6//14 16//16 15//15
f 7//1 8//3 16//16
f 16//16 8//3 17//17
f 8//3 9//5 18//18
f 8//3 18//18 17//17
f 9//5 10//7 18//18
f 18//18 10//7 19//19
f 10//7 11//8 20//20
f 10//7 20//20 19//19
f 11//8 21//21 20//20
f 22//22 12//9 23//23
f 12//9 13//11 23//23
f 23//23 13//11 24//24
f 13//11 14//13 24//24
f 24//24 14//13 25//25
f 14//13 15//15 26//26
f 14//13 26//26 25//25
f 15//15 16//16 27//27
f 15//15 27//27 26//26
f 16//16 17//17 27//27
f 27//27 17//17 28//28
f 17//17 18//18 28//28
f 28//28 18//18 29//29
f 18//18 19//19 29//29
f 29//29 19//19 30//30
f 19//19 20//20 30//30
f 30//30 20//20 31//31
f 20//20 21//21 31//31
f 31//31 21//21 32//32
f 34//33 22//22 35//34
f 22//22 23//23 35//34
f 35//34 23//23 36//35
f 23//23 24//24 37//36
f 23//23 37//36 36//35
f 24//24 25//25 38//37
f 24//24 38//37 37//36
f 25//25 26//26 38//37
f 38//37 26//26 39//38
f 26//26 27//27 39//38
f 39//38 27//27 40//39
f 27//27 28//28 40//39
f 40//39 28//28 41//40
f 28//28 29//29 41//40
f 41//40 29//29 42//41
f 29//29 30//30 42//41
f 42//41 30//30 43//42
f 30//30 31//31 43//42
f 43//42 31//31 44//43
f 31//31 32//32 44//43
f 44//43 32//32 45//44
f 32//32 46//45 45//44
f 47//46 33//47 48//48
f 33//47 34//33 48//48
f 48//48 34//33 49//49
f 34//33 35//34 49//49
f 49//49 35//34 50//50
f 35//34 36//35 50//50
f 50//50 36//35 51//51
f 36//35 37//36 52//52
f 36//35 52//52 51//51
f 37//36 38//37 52//52
f 39//38 40//39 53//53
f 40//39 41//40 53//53
f 53//53 41//40 54//54
f 41//40 42//41 54//54
f 54//54 42//41 55//55
f 42//41 43//42 55//55
f 55//55 43//42 56//56
f 43//42 44//43 56//56
f 56//56 44//43 57//57
f 44//43 45//44 58//58
f 44//43 58//58 57//57
f 45//44 46//45 59//59
f 45//44 59//59 58//58
f 46//45 60//60 59//59
f 47//46 48//48 61//61
f 61//61 48//48 62//62
f 48//48 49//49 63//63
f 48//48 63//63 62//62
f 49//49 50//50 63//63
f 63//63 50//50 64//64
f 50//50 51//51 65//65
f 50//50 65//65 64//64
f 51//51 52//52 65//65
f 53//53 54//54 67//66
f 53//53 67//66 66//67
f 54//54 55//55 68//68
f 54//54 68//68 67//66
f 55//55 56//56 68//68
f 68//68 56//56 69//69
f 56//56 57//57 69//69
f 69//69 57//57 70//56
f 57//57 58//58 70//56
f 70//56 58//58 71//42
f 58//58 59//59 71//42
f 71//42 59//59 72//70
f 59//59 60//60 73//71
f 59//59 73//71 72//70
f 60//60 74//72 73//71
f 76//73 61//61 77//74
f 61//61 62//62 77//74
f 77//74 62//62 78//75
f 62//62 63//63 79//76
f 62//62 79//76 78//75
f 63//63 64//64 80//64
f 63//63 80//64 79//76
f 64//64 65//65 81//77
f 64//64 81//77 80//64
f 82//78 66//67 83//79
f 66//67 67//66 84//80
f 66//67 84//80 83//79
f 67//66 68//68 85//81
f 67//66 85//81 84//80
f 68//68 69//69 85//81
f 85//81 69//69 86//82
f 69//69 70//56 86//82
f 86//82 70//56 87//83
f 70//56 71//42 87//83
f 87//83 71//42 88//84
f 71//42 72//70 88//84
f 88//84 72//70 89//85
f 72//70 73//71 90//86
f 72//70 90//86 89//85
f 73//71 74//72 90//86
f 90//86 74//72 91//87
f 93//88 75//89 94//90
f 75//89 95//91 94//90
f 101//92 76//73 102//93
f 76//73 77//74 102//93
f 102//93 77//74 103//94
f 77//74 78//75 103//94
f 103//94 78//75 104//95
f 78//75 79//76 105//96
f 78//75 105//96 104//95
f 79//76 80//64 106//97
f 79//76 106//97 105//96
f 80//64 81//77 106//97
f 108//98 82//78 109//99
f 82//78 83//79 109//99
f 109//99 83//79 110//100
f 83//79 84//80 111//101
f 83//79 111//101 110//100
f 84//80 85//81 112//102
f 84//80 112//102 111//101
f 85//81 86//82 112//102
f 112//102 86//82 113//103
f 86//82 87//83 114//104
f 86//82 114//104 113//103
f 87//83 88//84 114//104
f 114//104 88//84 115//84
f 88//84 89//85 115//84
f 115//84 89//85 116//105
f 89//85 90//86 116//105
f 116//105 90//86 117//106
f 90//86 91//87 118//107
f 90//86 118//107 117//106
f 91//87 119//108 118//107
f 121//109 92//110 122//111
f 92//110 93//88 122//111
f 122//111 93//88 123//112
f 93//88 94//90 123//112
f 123//112 94//90 124//113
f 94//90 95//91 125//114
f 94//90 125//114 124//113
f 95//91 96//115 125//114
f 125//114 96//115 126//116
f 96//115 97//117 126//116
f 126//116 97//117 127//118
f 97//117 98//119 127//118
f 127//118 98//119 128//120
f 98//119 129//121 128//120
f 130//122 99//123 131//124
f 99//123 100//125 131//124
f 131//124 100//125 132//126
f 100//125 101//92 132//126
f 132//126 101//92 133//127
f 101//92 102//93 133//127
f 133//127 102//93 134//128
f 102//93 103//94 134//128
f 134//128 103//94 135//129
f 103//94 104//95 135//129
f 135//129 104//95 136//130
f 104//95 105//96 136//130
f 136//130 105//96 137//131
f 105//96 106//97 137//131
f 107//132 108//98 139//133
f 107//132 139//133 138//134
f 108//98 109//99 139//133
f 139//133 109//99 140//99
f 109//99 110//100 140//99
f 140//99 110//100 141//100
f 110//100 111//101 142//135
f 110//100 142//135 141//100
f 111//101 112//102 143//136
f 111//101 143//136 142//135
f 112//102 113//103 144//137
f 112//102 144//137 143//136
f 113//103 114//104 145//136
f 113//103 145//136 144//137
f 114//104 115//84 145//136
f 145//136 115//84 146//106
f 115//84 116//105 146//106
f 146//106 116//105 147//138
f 116//105 117//106 147//138
f 147//138 117//106 148//105
f 117//106 118//107 148//105
f 148//105 118//107 149//139
f 118//107 119//108 149//139
f 149//139 119//108 150//140
f 153//141 120//142 154//143
f 120//142 121//109 154//143
f 154//143 121//109 155//144
f 121//109 122//111 155//144
f 155//144 122//111 156//145
f 122//111 123//112 156//145
f 156//145 123//112 157//146
f 123//112 124//113 157//146
f 157//146 124//113 158//147
f 124//113 125//114 159//148
f 124//113 159//148 158//147
f 125//114 126//116 159//148
f 159//148 126//116 160//149
f 126//116 127//118 160//149
f 160//149 127//118 161//150
f 127//118 128//120 161//150
f 161//150 128//120 162//151
f 128//120 129//121 163//152
f 128//120 163//152 162//151
f 129//121 164//153 163//152
f 164//153 130//122 165//154
f 130//122 131//124 165//154
f 165//154 131//124 166//155
f 131//124 132//126 166//155
f 166//155 132//126 167//156
f 132//126 133//127 167//156
f 167//156 133//127 168//157
f 133//127 134//128 168//157
f 168//157 134//128 169//158
f 134//128 135//129 169//158
f 169//158 135//129 170//159
f 135//129 136//130 171//96
f 135//129 171//96 170//159
f 136//130 137//131 172//160
f 136//130 172//160 171//96
f 173//161 138//134 174//162
f 138//134 139//133 174//162
f 174//162 139//133 175//84
f 139//133 140//99 175//84
f 175//84 140//99 176//163
f 140//99 141//100 176//163
f 176//163 141//100 177//164
f 141//100 142//135 178//100
f 141//100 178//100 177//164
f 142//135 143//136 178//100
f 178//100 143//136 179//104
f 143//136 144//137 180//165
f 143//136 180//165 179//104
f 144//137 145//136 181//137
f 144//137 181//137 180//165
f 145//136 146//106 182//104
f 145//136 182//104 181//137
f 146//106 147//138 182//104
f 182//104 147//138 183//166
f 147//138 148//105 183//166
f 183//166 148//105 184//105
f 148//105 149//139 184//105
f 184//105 149//139 185//70
f 149//139 150//140 186//167
f 149//139 186//167 185//70
f 150//140 187//168 186//167
f 188//169 151//170 189//171
f 151//170 152//172 189//171
f 189//171 152//172 190//173
f 152//172 153//141 191//174
f 152//172 191//174 190//173
f 153//141 154//143 192//175
f 153//141 192//175 191//174
f 154//143 155//144 192//175
f 192//175 155//144 193//150
f 155//144 156//145 193//150
f 193//150 156//145 194//176
f 156//145 157//146 194//176
f 194//176 157//146 195//177
f 157//146 158//147 195//177
f 195//177 158//147 196//178
f 158//147 159//148 197//179
f 158//147 197//179 196//178
f 159//148 160//149 197//179
f 197//179 160//149 198//180
f 160//149 161//150 198//180
f 198//180 161//150 199//181
f 161//150 162//151 199//181
f 199//181 162//151 200//182
f 162//151 163//152 200//182
f 200//182 163//152 201//183
f 163//152 164//153 201//183
f 201//183 164//153 202//184
f 164//153 165//154 202//184
f 202//184 165//154 203//185
f 165//154 166//155 203//185
f 203//185 166//155 204//186
f 166//155 167//156 204//186
f 204//186 167//156 205//187
f 167//156 168//157 205//187
f 205//187 168//157 206//188
f 168//157 169//158 206//188
f 206//188 169//158 207//189
f 169//158 170//159 207//189
f 207//189 170//159 208//190
f 170//159 171//96 208//190
f 208//190 171//96 209//191
f 171//96 172//160 209//191
f 210//192 173//161 211//193
f 173//161 174//162 212//194
f 173//161 212//194 211//193
f 174//162 175//84 212//194
f 212//194 175//84 213//195
f 175//84 176//163 213//195
f 213//195 176//163 214//196
f 176//163 177//164 215//164
f 176//163 215//164 214//196
f 177//164 178//100 216//163
f 177//164 216//163 215//164
f 178//100 179//104 216//163
f 216//163 179//104 217//197
f 179//104 180//165 218//198
f 179//104 218//198 217//197
f 180//165 181//137 219//101
f 180//165 219//101 218//198
f 181//137 182//104 220//100
f 181//137 220//100 219//101
f 182//104 183//166 220//100
f 220//100 183//166 221//197
f 183//166 184//105 221//197
f 221//197 184//105 222//199
f 184//105 185//70 222//199
f 222//199 185//70 223//200
f 185//70 186//167 224//201
f 185//70 224//201 223//200
f 186//167 187//168 224//201
f 224//201 187//168 225//202
f 230//203 188//169 231//204
f 188//169 189//171 231//204
f 231//204 189//171 232//205
f 189//171 190//173 232//205
f 232//205 190//173 233//206
f 190//173 191//174 233//206
f 233//206 191//174 234//207
f 191//174 192//175 235//208
f 191//174 235//208 234//207
f 192//175 193//150 235//208
f 235//208 193//150 236//150
f 193//150 194//176 236//150
f 236//150 194//176 237//150
f 194//176 195//177 237//150
f 237//150 195//177 238//206
f 195//177 196//178 238//206
f 238//206 196//178 239//181
f 196//178 197//179 240//189
f 196//178 240//189 239//181
f 197//179 198//180 240//189
f 240//189 198//180 241//181
f 198//180 199//181 241//181
f 241//181 199//181 242//181
f 199//181 200//182 242//181
f 242//181 200//182 243//209
f 200//182 201//183 244//210
f 200//182 244//210 243//209
f 201//183 202//184 244//210
f 244//210 202//184 245//211
f 202//184 203//185 245//211
f 245//211 203//185 246//212
f 203//185 204//186 246//212
f 246//212 204//186 247//213
f 204//186 205//187 247//213
f 247//213 205//187 248//214
f 205//187 206//188 248//214
f 248//214 206//188 249//215
f 206//188 207//189 249//215
f 249//215 207//189 250//216
f 207//189 208//190 251//217
f 207//189 251//217 250//216
f 208//190 209//191 251//217
f 210//192 211//193 252//218
f 252//218 211//193 253//219
f 211//193 212//194 253//219
f 253//219 212//194 254//220
f 212//194 213//195 254//220
f 254//220 213//195 255//221
f 213//195 214//196 255//221
f 255//221 214//196 256//220
f 214//196 215//164 257//163
f 214//196 257//163 256//220
f 215//164 216//163 257//163
f 257//163 216//163 258//222
f 216//163 217//197 258//222
f 258//222 217//197 259//197
f 217//197 218//198 259//197
f 259//197 218//198 260//197
f 218//198 219//101 261//223
f 218//198 261//223 260//197
f 219//101 220//100 262//224
f 219//101 262//224 261//223
f 220//100 221//197 262//224
f 262//224 221//197 263//56
f 221//197 222//199 263//56
f 263//56 222//199 264//56
f 222//199 223//200 264//56
f 264//56 223//200 265//225
f 223//200 224//201 265//225
f 265//225 224//201 266//226
f 224//201 225//202 266//226
f 273//227 226//228 274//229
f 226//228 227//230 274//229
f 274//229 227//230 275//231
f 227//230 228//232 275//231
f 275//231 228//232 276//233
f 228//232 229//234 276//233
f 276//233 229//234 277//235
f 229//234 230//203 277//235
f 277//235 230//203 278//236
f 230//203 231//204 278//236
f 278//236 231//204 279//206
f 231//204 232//205 279//206
f 279//206 232//205 280//150
f 232//205 233//206 280//150
f 280//150 233//206 281//177
f 233//206 234//207 281//177
f 281//177 234//207 282//237
f 234//207 235//208 282//237
f 282//237 235//208 283//238
f 235//208 236//150 283//238
f 283//238 236//150 284//239
f 236//150 237//150 284//239
f 284//239 237//150 285//240
f 237//150 238//206 285//240
f 285//240 238//206 286//241
f 238//206 239//181 286//241
f 286//241 239//181 287//181
f 239//181 240//189 287//181
f 287//181 240//189 288//181
f 240//189 241//181 288//181
f 288//181 241//181 289//181
f 241//181 242//181 289//181
f 289//181 242//181 290//242
f 242//181 243//209 290//242
f 290//242 243//209 291//243
f 243//209 244//210 291//243
f 291//243 244//210 292//244
f 244//210 245//211 292//244
f 292//244 245//211 293//214
f 245//211 246//212 293//214
f 293//214 246//212 294//212
f 246//212 247//213 294//212
f 294//212 247//213 295//245
f 247//213 248//214 295//245
f 295//245 248//214 296//246
f 248//214 249//215 296//246
f 296//246 249//215 297//157
f 249//215 250//216 297//157
f 297//157 250//216 298//247
f 250//216 251//217 298//247
f 299//248 252//218 300//197
f 252//218 253//219 300//197
f 300//197 253//219 301//249
f 253//219 254//220 302//196
f 253//219 302//196 301//249
f 254//220 255//221 302//196
f 302//196 255//221 303//195
f 255//221 256//220 303//195
f 303//195 256//220 304//84
f 256//220 257//163 304//84
f 304//84 257//163 305//250
f 257//163 258//222 305//250
f 305//250 258//222 306//251
f 258//222 259//197 307//252
f 258//222 307//252 306//251
f 259//197 260//197 307//252
f 307//252 260//197 308//253
f 260//197 261//223 308//253
f 308//253 261//223 309//254
f 261//223 262//224 310//255
f 261//223 310//255 309//254
f 262//224 263//56 310//255
f 310//255 263//56 311//256
f 263//56 264//56 311//256
f 311//256 264//56 312//197
f 264//56 265//225 312//197
f 312//197 265//225 313//257
f 265//225 266//226 313//257
f 313//257 266//226 314//258
f 319//259 267//260 320//261
f 267//260 268//262 321//263
f 267//260 321//263 320//261
f 268//262 269//264 322//265
f 268//262 322//265 321//263
f 269//264 270//266 322//265
f 322//265 270//266 323//267
f 270//266 271//268 323//267
f 323//267 271//268 324//269
f 271//268 272//270 325//271
f 271//268 325//271 324//269
f 272//270 273//227 325//271
f 325//271 273//227 326//272
f 273//227 274//229 326//272
f 326//272 274//229 327//273
f 274//229 275//231 328//274
f 274//229 328//274 327//273
f 275//231 276//233 328//274
f 328//274 276//233 329//275
f 276//233 277//235 330//276
f 276//233 330//276 329//275
f 277//235 278//236 330//276
f 330//276 278//236 331//150
f 278//236 279//206 331//150
f 331//150 279//206 332//150
f 279//206 280//150 332//150
f 332//150 280//150 333//158
f 280//150 281//177 333//158
f 333//158 281//177 334//277
f 281//177 282//237 334//277
f 334//277 282//237 335//278
f 282//237 283//238 336//279
f 282//237 336//279 335//278
f 283//238 284//239 336//279
f 336//279 284//239 337//280
f 284//239 285//240 338//281
f 284//239 338//281 337//280
f 285//240 286//241 338//281
f 338//281 286//241 339//282
f 286//241 287//181 340//283
f 286//241 340//283 339//282
f 287//181 288//181 340//283
f 340//283 288//181 341//284
f 288//181 289//181 341//284
f 341//284 289//181 342//181
f 289//181 290//242 342//181
f 342//181 290//242 343//213
f 290//242 291//243 343//213
f 343//213 291//243 344//285
f 291//243 292//244 344//285
f 344//285 292//244 345//286
f 292//244 293//214 345//286
f 345//286 293//214 346//287
f 293//214 294//212 346//287
f 346//287 294//212 347//288
f 294//212 295//245 347//288
f 347//288 295//245 348//288
f 295//245 296//246 348//288
f 348//288 296//246 349//289
f 296//246 297//157 349//289
f 349//289 297//157 350//290
f 297//157 298//247 350//290
f 350//290 298//247 351//291
f 352//292 299//248 353//99
f 299//248 300//197 353//99
f 353//99 300//197 354//293
f 300//197 301//249 354//293
f 354//293 301//249 355//294
f 301//249 302//196 356//295
f 301//249 356//295 355//294
f 302//196 303//195 356//295
f 356//295 303//195 357//296
f 303//195 304//84 357//296
f 357//296 304//84 358//195
f 304//84 305//250 358//195
f 358//195 305//250 359//297
f 305//250 306//251 359//297
f 359//297 306//251 360//298
f 306//251 307//252 361//299
f 306//251 361//299 360//298
f 307//252 308//253 361//299
f 361//299 308//253 362//300
f 308//253 309//254 363//301
f 308//253 363//301 362//300
f 309//254 310//255 364//302
f 309//254 364//302 363//301
f 310//255 311//256 364//302
f 364//302 311//256 365//222
f 311//256 312//197 365//222
f 365//222 312//197 366//197
f 312//197 313//257 366//197
f 366//197 313//257 367//197
f 313//257 314//258 368//303
f 313//257 368//303 367//197
f 314//258 315//304 368//303
f 368//303 315//304 369//305
f 315//304 370//306 369//305
f 376//307 316//308 377//309
f 316//308 317//310 377//309
f 377//309 317//310 378//311
f 317//310 318//312 379//313
f 317//310 379//313 378//311
f 318//312 319//259 380//314
f 318//312 380//314 379//313
f 319//259 320//261 380//314
f 380//314 320//261 381//150
f 320//261 321//263 381//150
f 381//150 321//263 382//315
f 321//263 322//265 383//316
f 321//263 383//316 382//315
f 322//265 323//267 383//316
f 383//316 323//267 384//128
f 323//267 324//269 384//128
f 384//128 324//269 385//317
f 324//269 325//271 385//317
f 385//317 325//271 386//317
f 325//271 326//272 386//317
f 386//317 326//272 387//128
f 326//272 327//273 387//128
f 387//128 327//273 388//318
f 327//273 328//274 388//318
f 388//318 328//274 389//319
f 328//274 329//275 389//319
f 389//319 329//275 390//320
f 329//275 330//276 391//321
f 329//275 391//321 390//320
f 330//276 331//150 391//321
f 391//321 331//150 392//322
f 331//150 332//150 392//322
f 392//322 332//150 393//150
f 332//150 333//158 393//150
f 393//150 333//158 394//323
f 333//158 334//277 394//323
f 394//323 334//277 395//323
f 334//277 335//278 395//323
f 395//323 335//278 396//238
f 335//278 336//279 397//238
f 335//278 397//238 396//238
f 336//279 337//280 397//238
f 397//238 337//280 398//324
f 337//280 338//281 399//325
f 337//280 399//325 398//324
f 338//281 339//282 399//325
f 341//284 342//181 400//326
f 342//181 343//213 400//326
f 400//326 343//213 401//327
f 343//213 344//285 401//327
f 401//327 344//285 402//328
f 344//285 345//286 402//328
f 402//328 345//286 403//245
f 345//286 346//287 403//245
f 403//245 346//287 404//245
f 346//287 347//288 404//245
f 404//245 347//288 405//329
f 347//288 348//288 405//329
f 405//329 348//288 406//323
f 348//288 349//289 406//323
f 406//323 349//289 407//215
f 349//289 350//290 407//215
f 407//215 350//290 408//317
f 350//290 351//291 408//317
f 408//317 351//291 409//330
f 352//292 353//99 410//331
f 353//99 354//293 410//331
f 410//331 354//293 411//196
f 354//293 355//294 412//332
f 354//293 412//332 411//196
f 355//294 356//295 413//295
f 355//294 413//295 412//332
f 356//295 357//296 413//295
f 413//295 357//296 414//297
f 357//296 358//195 414//297
f 414//297 358//195 415//297
f 358//195 359//297 415//297
f 415//297 359//297 416//297
f 359//297 360//298 416//297
f 416//297 360//298 417//333
f 360//298 361//299 417//333
f 417//333 361//299 418//333
f 361//299 362//300 418//333
f 418//333 362//300 419//334
f 362//300 363//301 420//335
f 362//300 420//335 419//334
f 363//301 364//302 421//336
f 363//301 421//336 420//335
f 364//302 365//222 421//336
f 421//336 365//222 422//337
f 365//222 366//197 423//104
f 365//222 423//104 422//337
f 366//197 367//197 423//104
f 423//104 367//197 424//99
f 367//197 368//303 424//99
f 424//99 368//303 425//224
f 368//303 369//305 426//338
f 368//303 426//338 425//224
f 369//305 370//306 426//338
f 426//338 370//306 427//339
f 432//340 371//341 433//342
f 371//341 372//343 433//342
f 433//342 372//343 434//344
f 372//343 373//345 435//346
f 372//343 435//346 434//344
f 373//345 374//347 435//346
f 435//346 374//347 436//348
f 374//347 375//349 437//350
f 374//347 437//350 436//348
f 375//349 376//307 438//351
f 375//349 438//351 437//350
f 376//307 377//309 438//351
f 438//351 377//309 439//352
f 377//309 378//311 439//352
f 439//352 378//311 440//353
f 378//311 379//313 440//353
f 440//353 379//313 441//190
f 379//313 380//314 441//190
f 441//190 380//314 442//354
f 380//314 381//150 442//354
f 442//354 381//150 443//355
f 381//150 382//315 443//355
f 443//355 382//315 444//356
f 382//315 383//316 445//357
f 382//315 445//357 444//356
f 383//316 384//128 445//357
f 445//357 384//128 446//358
f 384//128 385//317 446//358
f 446//358 385//317 447//180
f 385//317 386//317 447//180
f 447//180 386//317 448//323
f 386//317 387//128 448//323
f 448//323 387//128 449//158
f 387//128 388//318 449//158
f 449//158 388//318 450//359
f 388//318 389//319 451//278
f 388//318 451//278 450//359
f 389//319 390//320 451//278
f 451//278 390//320 452//360
f 390//320 391//321 453//361
f 390//320 453//361 452//360
f 391//321 392//322 454//63
f 391//321 454//63 453//361
f 392//322 393//150 454//63
f 454//63 393//150 455//324
f 393//150 394//323 455//324
f 455//324 394//323 456//362
f 394//323 395//323 456//362
f 456//362 395//323 457//277
f 395//323 396//238 457//277
f 457//277 396//238 458//363
f 396//238 397//238 459//238
f 396//238 459//238 458//363
f 397//238 398//324 459//238
f 459//238 398//324 460//364
f 398//324 399//325 460//364
f 401//327 402//328 461//365
f 402//328 403//245 461//365
f 461//365 403//245 462//366
f 403//245 404//245 462//366
f 462//366 404//245 463//367
f 404//245 405//329 463//367
f 463//367 405//329 464//289
f 405//329 406//323 464//289
f 464//289 406//323 465//158
f 406//323 407//215 465//158
f 465//158 407//215 466//368
f 407//215 408//317 466//368
f 466//368 408//317 467//180
f 408//317 409//330 467//180
f 467//180 409//330 468//369
f 409//330 469//370 468//369
f 470//371 410//331 471//333
f 410//331 411//196 471//333
f 471//333 411//196 472//334
f 411//196 412//332 473//372
f 411//196 473//372 472//334
f 412//332 413//295 474//337
f 412//332 474//337 473//372
f 413//295 414//297 474//337
f 474//337 414//297 475//84
f 414//297 415//297 475//84
f 475//84 415//297 476//195
f 415//297 416//297 476//195
f 476//195 416//297 477//195
f 416//297 417//333 477//195
f 477//195 417//333 478//333
f 417//333 418//333 478//333
f 478//333 418//333 479//333
f 418//333 419//334 479//333
f 479//333 419//334 480//196
f 419//334 420//335 481//162
f 419//334 481//162 480//196
f 420//335 421//336 482//373
f 420//335 482//373 481//162
f 421//336 422//337 482//373
f 482//373 422//337 483//372
f 422//337 423//104 484//163
f 422//337 484//163 483//372
f 423//104 424//99 484//163
f 484//163 424//99 485//99
f 424//99 425//224 485//99
f 485//99 425//224 486//100
f 425//224 426//338 487//374
f 425//224 487//374 486//100
f 426//338 427//339 487//374
f 487//374 427//339 488//375
f 428//376 429//377 490//378
f 428//376 490//378 489//379
f 429//377 430//380 490//378
f 490//378 430//380 491//381
f 430//380 431//382 491//381
f 491//381 431//382 492//111
f 431//382 432//340 492//111
f 492//111 432//340 493//383
f 432//340 433//342 493//383
f 493//383 433//342 494//384
f 433//342 434//344 494//384
f 494//384 434//344 495//385
f 434//344 435//346 495//385
f 495//385 435//346 496//352
f 435//346 436//348 496//352
f 496//352 436//348 497//386
f 436//348 437//350 497//386
f 497//386 437//350 498//240
f 437//350 438//351 499//387
f 437//350 499//387 498//240
f 438//351 439//352 499//387
f 499//387 439//352 500//158
f 439//352 440//353 500//158
f 500//158 440//353 501//238
f 440//353 441//190 502//388
f 440//353 502//388 501//238
f 441//190 442//354 502//388
f 502//388 442//354 503//389
f 442//354 443//355 503//389
f 503//389 443//355 504//390
f 443//355 444//356 505//178
f 443//355 505//178 504//390
f 444//356 445//357 505//178
f 505//178 445//357 506//363
f 445//357 446//358 507//238
f 445//357 507//238 506//363
f 446//358 447//180 507//238
f 507//238 447//180 508//277
f 447//180 448//323 508//277
f 508//277 448//323 509//277
f 448//323 449//158 509//277
f 509//277 449//158 510//150
f 449//158 450//359 510//150
f 510//150 450//359 511//391
f 450//359 451//278 512//392
f 450//359 512//392 511//391
f 451//278 452//360 512//392
f 512//392 452//360 513//393
f 452//360 453//361 513//393
f 513//393 453//361 514//394
f 453//361 454//63 515//395
f 453//361 515//395 514//394
f 454//63 455//324 516//396
f 454//63 516//396 515//395
f 455//324 456//362 516//396
f 516//396 456//362 517//323
f 456//362 457//277 517//323
f 517//323 457//277 518//150
f 457//277 458//363 518//150
f 518//150 458//363 519//397
f 458//363 459//238 520//398
f 458//363 520//398 519//397
f 459//238 460//364 520//398
f 520//398 460//364 521//399
f 522//400 461//365 523//156
f 461//365 462//366 523//156
f 523//156 462//366 524//401
f 462//366 463//367 524//401
f 524//401 463//367 525//402
f 463//367 464//289 525//402
f 525//402 464//289 526//156
f 464//289 465//158 526//156
f 526//156 465//158 527//368
f 465//158 466//368 527//368
f 527//368 466//368 528//158
f 466//368 467//180 528//158
f 528//158 467//180 529//403
f 467//180 468//369 529//403
f 469//370 470//371 530//404
f 530//404 470//371 531//333
f 470//371 471//333 531//333
f 531//333 471//333 532//333
f 471//333 472//334 532//333
f 532//333 472//334 533//196
f 472//334 473//372 534//164
f 472//334 534//164 533//196
f 473//372 474//337 535//405
f 473//372 535//405 534//164
f 474//337 475//84 535//405
f 535//405 475//84 536//181
f 475//84 476//195 536//181
f 536//181 476//195 537//406
f 476//195 477//195 537//406
f 537//406 477//195 538//406
f 477//195 478//333 538//406
f 538//406 478//333 539//181
f 478//333 479//333 539//181
f 539//181 479//333 540//407
f 479//333 480//196 540//407
f 540//407 480//196 541//162
f 480//196 481//162 542//133
f 480//196 542//133 541//162
f 481//162 482//373 542//133
f 542//133 482//373 543//334
f 482//373 483//372 544//408
f 482//373 544//408 543//334
f 483//372 484//163 544//408
f 544//408 484//163 545//333
f 484//163 485//99 545//333
f 545//333 485//99 546//333
f 485//99 486//100 546//333
f 546//333 486//100 547//196
f 486//100 487//374 548//409
f 486//100 548//409 547//196
f 487//374 488//375 548//409
f 548//409 488//375 549//410
f 489//379 490//378 550//411
f 550//411 490//378 551//412
f 490//378 491//381 551//412
f 551//412 491//381 552//316
f 491//381 492//111 552//316
f 552//316 492//111 553//413
f 492//111 493//383 553//413
f 553//413 493//383 554//177
f 493//383 494//384 554//177
f 554//177 494//384 555//277
f 494//384 495//385 555//277
f 555//277 495//385 556//414
f 495//385 496//352 556//414
f 556//414 496//352 557//206
f 496//352 497//386 557//206
f 557//206 497//386 558//415
f 497//386 498//240 558//415
f 558//415 498//240 559//356
f 498//240 499//387 559//356
f 559//356 499//387 560//150
f 499//387 500//158 560//150
f 560//150 500//158 561//323
f 500//158 501//238 561//323
f 561//323 501//238 562//363
f 501//238 502//388 563//238
f 501//238 563//238 562//363
f 502//388 503//389 563//238
f 563//238 503//389 564//363
f 503//389 504//390 565//390
f 503//389 565//390 564//363
f 504//390 505//178 566//208
f 504//390 566//208 565//390
f 505//178 506//363 566//208
f 566//208 506//363 567//207
f 506//363 507//238 568//416
f 506//363 568//416 567//207
f 507//238 508//277 568//416
f 568//416 508//277 569//323
f 508//277 509//277 569//323
f 569//323 509//277 570//177
f 509//277 510//150 570//177
f 570//177 510//150 571//176
f 510//150 511//391 571//176
f 571//176 511//391 572//356
f 511//391 512//392 572//356
f 572//356 512//392 573//393
f 512//392 513//393 573//393
f 573//393 513//393 574//386
f 513//393 514//394 574//386
f 574//386 514//394 575//176
f 514//394 515//395 575//176
f 575//176 515//395 576//417
f 515//395 516//396 577//176
f 515//395 577//176 576//417
f 516//396 517//323 577//176
f 577//176 517//323 578//212
f 517//323 518//150 578//212
f 578//212 518//150 579//150
f 518//150 519//397 579//150
f 579//150 519//397 580//208
f 519//397 520//398 580//208
f 580//208 520//398 581//418
f 520//398 521//399 581//418
f 581//418 521//399 582//419
f 521//399 583//420 582//419
f 586//421 522//400 587//177
f 522//400 523//156 587//177
f 587//177 523//156 588//158
f 523//156 524//401 588//158
f 588//158 524//401 589//422
f 524//401 525//402 589//422
f 589//422 525//402 590//423
f 525//402 526//156 590//423
f 590//423 526//156 591//424
f 526//156 527//368 591//424
f 591//424 527//368 592//212
f 527//368 528//158 592//212
f 592//212 528//158 593//158
f 528//158 529//403 593//158
f 593//158 529//403 594//425
f 530//404 531//333 595//426
f 595//426 531//333 596//181
f 531//333 532//333 596//181
f 596//181 532//333 597//407
f 532//333 533//196 597//407
f 597//407 533//196 598//334
f 533//196 534//164 599//408
f 533//196 599//408 598//334
f 534//164 535//405 599//408
f 599//408 535//405 600//300
f 535//405 536//181 601//196
f 535//405 601//196 600//300
f 536//181 537//406 601//196
f 601//196 537//406 602//195
f 537//406 538//406 602//195
f 602//195 538//406 603//195
f 538//406 539//181 603//195
f 603//195 539//181 604//105
f 539//181 540//407 604//105
f 604//105 540//407 605//84
f 540//407 541//162 605//84
f 605//84 541//162 606//197
f 541//162 542//133 606//197
f 606//197 542//133 607//293
f 542//133 543//334 607//293
f 607//293 543//334 608//164
f 543//334 544//408 609//196
f 543//334 609//196 608//164
f 544//408 545//333 609//196
f 609//196 545//333 610//333
f 545//333 546//333 610//333
f 610//333 546//333 611//333
f 546//333 547//196 611//333
f 611//333 547//196 612//162
f 547//196 548//409 613//427
f 547//196 613//427 612//162
f 548//409 549//410 613//427
f 613//427 549//410 614//428
f 550//411 551//412 615//429
f 615//429 551//412 616//176
f 551//412 552//316 616//176
f 616//176 552//316 617//238
f 552//316 553//413 617//238
f 617//238 553//413 618//316
f 553//413 554//177 618//316
f 618//316 554//177 619//177
f 554//177 555//277 619//177
f 619//177 555//277 620//158
f 555//277 556//414 620//158
f 620//158 556//414 621//356
f 556//414 557//206 621//356
f 621//356 557//206 622//150
f 557//206 558//415 622//150
f 622//150 558//415 623//177
f 558//415 559//356 623//177
f 623//177 559//356 624//238
f 559//356 560//150 624//238
f 624//238 560//150 625//177
f 560//150 561//323 625//177
f 625//177 561//323 626//180
f 561//323 562//363 626//180
f 626//180 562//363 627//181
f 562//363 563//238 628//189
f 562//363 628//189 627//181
f 563//238 564//363 628//189
f 628//189 564//363 629//430
f 564//363 565//390 630//431
f 564//363 630//431 629//430
f 565//390 566//208 630//431
f 630//431 566//208 631//356
f 566//208 567//207 631//356
f 631//356 567//207 632//176
f 567//207 568//416 632//176
f 632//176 568//416 633//177
f 568//416 569//323 633//177
f 633//177 569//323 634//323
f 569//323 570//177 634//323
f 634//323 570//177 635//150
f 570//177 571//176 635//150
f 635//150 571//176 636//356
f 571//176 572//356 636//356
f 636//356 572//356 637//356
f 572//356 573//393 637//356
f 637//356 573//393 638//150
f 573//393 574//386 638//150
f 638//150 574//386 639//150
f 574//386 575//176 639//150
f 639//150 575//176 640//432
f 575//176 576//417 640//432
f 640//432 576//417 641//275
f 576//417 577//176 642//316
f 576//417 642//316 641//275
f 577//176 578//212 642//316
f 642//316 578//212 643//368
f 578//212 579//150 643//368
f 643//368 579//150 644//180
f 579//150 580//208 644//180
f 644//180 580//208 645//363
f 580//208 581//418 646//178
f 580//208 646//178 645//363
f 581//418 582//419 646//178
f 646//178 582//419 647//180
f 582//419 583//420 647//180
f 647//180 583//420 648//317
f 583//420 584//433 648//317
f 648//317 584//433 649//434
f 584//433 585//435 649//434
f 649//434 585//435 650//181
f 585//435 651//436 650//181
f 651//436 586//421 652//319
f 586//421 587//177 652//319
f 652//319 587//177 653//277
f 587//177 588//158 653//277
f 653//277 588//158 654//437
f 588//158 589//422 654//437
f 654//437 589//422 655//286
f 589//422 590//423 655//286
f 655//286 590//423 656//438
f 590//423 591//424 656//438
f 656//438 591//424 657//156
f 591//424 592//212 657//156
f 657//156 592//212 658//215
f 592//212 593//158 658//215
f 658//215 593//158 659//158
f 593//158 594//425 659//158
f 659//158 594//425 660//439
f 595//426 596//181 662//440
f 595//426 662//440 661//441
f 596//181 597//407 662//440
f 662//440 597//407 663//105
f 597//407 598//334 663//105
f 663//105 598//334 664//196
f 598//334 599//408 665//440
f 598//334 665//440 664//196
f 599//408 600//300 665//440
f 665//440 600//300 666//162
f 600//300 601//196 667//219
f 600//300 667//219 666//162
f 601//196 602//195 667//219
f 667//219 602//195 668//195
f 602//195 603//195 668//195
f 668//195 603//195 669//195
f 603//195 604//105 669//195
f 669//195 604//105 670//297
f 604//105 605//84 670//297
f 670//297 605//84 671//442
f 605//84 606//197 671//442
f 671//442 606//197 672//162
f 606//197 607//293 672//162
f 672//162 607//293 673//196
f 607//293 608//164 674//372
f 607//293 674//372 673//196
f 608//164 609//196 675//334
f 608//164 675//334 674//372
f 609//196 610//333 675//334
f 675//334 610//333 676//166
f 610//333 611//333 676//166
f 676//166 611//333 677//197
f 611//333 612//162 677//197
f 677//197 612//162 678//197
f 612//162 613//427 678//197
f 678//197 613//427 679//443
f 613//427 614//428 679//443
f 679//443 614//428 680//444
f 615//429 616//176 681//445
f 681//445 616//176 682//150
f 616//176 617//238 682//150
f 682//150 617//238 683//176
f 617//238 618//316 683//176
f 683//176 618//316 684//238
f 618//316 619//177 684//238
f 684//238 619//177 685//177
f 619//177 620//158 685//177
f 685//177 620//158 686//177
f 620//158 621//356 686//177
f 686//177 621//356 687//238
f 621//356 622//150 687//238
f 687//238 622//150 688//177
f 622//150 623//177 688//177
f 688//177 623//177 689//150
f 623//177 624//238 689//150
f 689//150 624//238 690//356
f 624//238 625//177 690//356
f 690//356 625//177 691//206
f 625//177 626//180 691//206
f 691//206 626//180 692//206
f 626//180 627//181 692//206
f 692//206 627//181 693//129
f 627//181 628//189 693//129
f 693//129 628//189 694//446
f 628//189 629//430 694//446
f 694//446 629//430 695//447
f 629//430 630//431 696//276
f 629//430 696//276 695//447
f 630//431 631//356 696//276
f 696//276 631//356 697//150
f 631//356 632//176 697//150
f 697//150 632//176 698//150
f 632//176 633//177 698//150
f 698//150 633//177 699//158
f 633//177 634//323 699//158
f 699//158 634//323 700//448
f 634//323 635//150 700//448
f 700//448 635//150 701//181
f 635//150 636//356 701//181
f 701//181 636//356 702//206
f 636//356 637//356 702//206
f 702//206 637//356 703//150
f 637//356 638//150 703//150
f 703//150 638//150 704//150
f 638//150 639//150 704//150
f 704//150 639//150 705//150
f 639//150 640//432 705//150
f 705//150 640//432 706//150
f 640//432 641//275 706//150
f 706//150 641//275 707//363
f 641//275 642//316 708//275
f 641//275 708//275 707//363
f 642//316 643//368 708//275
f 708//275 643//368 709//150
f 643//368 644//180 709//150
f 709//150 644//180 710//158
f 644//180 645//363 710//158
f 710//158 645//363 711//431
f 645//363 646//178 712//430
f 645//363 712//430 711//431
f 646//178 647//180 712//430
f 712//430 647//180 713//181
f 647//180 648//317 713//181
f 713//181 648//317 714//242
f 648//317 649//434 714//242
f 714//242 649//434 715//446
f 649//434 650//181 716//189
f 649//434 716//189 715//446
f 650//181 651//436 716//189
f 716//189 651//436 717//449
f 651//436 652//319 718//450
f 651//436 718//450 717//449
f 652//319 653//277 718//450
f 718//450 653//277 719//451
f 653//277 654//437 719//451
f 719//451 654//437 720//452
f 654//437 655//286 720//452
f 720//452 655//286 721//157
f 655//286 656//438 721//157
f 721//157 656//438 722//453
f 656//438 657//156 722//453
f 722//453 657//156 723//454
f 657//156 658//215 723//454
f 723//454 658//215 724//213
f 658//215 659//158 724//213
f 724//213 659//158 725//212
f 659//158 660//439 725//212
f 725//212 660//439 726//455
f 660//439 727//456 726//455
f 727//456 661//441 728//457
f 661//441 662//440 729//458
f 661//441 729//458 728//457
f 662//440 663//105 729//458
f 729//458 663//105 730//181
f 663//105 664//196 730//181
f 730//181 664//196 731//181
f 664//196 665//440 732//458
f 664//196 732//458 731//181
f 665//440 666//162 732//458
f 732//458 666//162 733//459
f 666//162 667//219 733//459
f 733//459 667//219 734//193
f 667//219 668//195 734//193
f 734//193 668//195 735//195
f 668//195 669//195 735//195
f 735//195 669//195 736//296
f 669//195 670//297 736//296
f 736//296 670//297 737//296
f 670//297 671//442 737//296
f 737//296 671//442 738//460
f 671//442 672//162 739//196
f 671//442 739//196 738//460
f 672//162 673//196 739//196
f 739//196 673//196 740//334
f 673//196 674//372 741//372
f 673//196 741//372 740//334
f 674//372 675//334 742//461
f 674//372 742//461 741//372
f 675//334 676//166 742//461
f 742//461 676//166 743//442
f 676//166 677//197 743//442
f 743//442 677//197 744//162
f 677//197 678//197 744//162
f 744//162 678//197 745//462
f 678//197 679//443 745//462
f 745//462 679//443 746//463
f 679//443 680//444 746//463
f 681//445 682//150 747//464
f 747//464 682//150 748//180
f 682//150 683//176 748//180
f 748//180 683//176 749//150
f 683//176 684//238 749//150
f 749//150 684//238 750//356
f 684//238 685//177 750//356
f 750//356 685//177 751//158
f 685//177 686//177 751//158
f 751//158 686//177 752//465
f 686//177 687//238 752//465
f 752//465 687//238 753//356
f 687//238 688//177 753//356
f 753//356 688//177 754//206
f 688//177 689//150 754//206
f 754//206 689//150 755//415
f 689//150 690//356 755//415
f 755//415 690//356 756//356
f 690//356 691//206 756//356
f 756//356 691//206 757//150
f 691//206 692//206 757//150
f 757//150 692//206 758//150
f 692//206 693//129 758//150
f 758//150 693//129 759//466
f 693//129 694//446 760//467
f 693//129 760//467 759//466
f 694//446 695//447 760//467
f 760//467 695//447 761//446
f 695//447 696//276 762//241
f 695//447 762//241 761//446
f 696//276 697//150 762//241
f 762//241 697//150 763//206
f 697//150 698//150 763//206
f 763//206 698//150 764//180
f 698//150 699//158 764//180
f 764//180 699//158 765//323
f 699//158 700//448 765//323
f 765//323 700//448 766//319
f 700//448 701//181 767//468
f 700//448 767//468 766//319
f 701//181 702//206 767//468
f 767//468 702//206 768//448
f 702//206 703//150 768//448
f 768//448 703//150 769//418
f 703//150 704//150 769//418
f 769//418 704//150 770//180
f 704//150 705//150 770//180
f 770//180 705//150 771//150
f 705//150 706//150 771//150
f 771//150 706//150 772//150
f 706//150 707//363 772//150
f 772//150 707//363 773//431
f 707//363 708//275 774//469
f 707//363 774//469 773//431
f 708//275 709//150 774//469
f 774//469 709//150 775//180
f 709//150 710//158 775//180
f 775//180 710//158 776//368
f 710//158 711//431 776//368
f 776//368 711//431 777//151
f 711//431 712//430 778//470
f 711//431 778//470 777//151
f 712//430 713//181 778//470
f 778//470 713//181 779//180
f 713//181 714//242 779//180
f 779//180 714//242 780//158
f 714//242 715//446 780//158
f 780//158 715//446 781//356
f 715//446 716//189 781//356
f 781//356 716//189 782//471
f 716//189 717//449 782//471
f 782//471 717//449 783//181
f 717//449 718//450 784//472
f 717//449 784//472 783//181
f 718//450 719//451 784//472
f 784//472 719//451 785//156
f 719//451 720//452 785//156
f 785//156 720//452 786//156
f 720//452 721//157 786//156
f 786//156 721//157 787//215
f 721//157 722//453 787//215
f 787//215 722//453 788//215
f 722//453 723//454 788//215
f 788//215 723//454 789//156
f 723//454 724//213 789//156
f 789//156 724//213 790//213
f 724//213 725//212 790//213
f 790//213 725//212 791//317
f 725//212 726//455 791//317
f 791//317 726//455 792//473
f 726//455 727//456 792//473
f 792//473 727//456 793//474
f 727//456 728//457 793//474
f 793//474 728//457 794//193
f 728//457 729//458 794//193
f 794//193 729//458 795//333
f 729//458 730//181 795//333
f 795//333 730//181 796//475
f 730//181 731//181 796//475
f 796//475 731//181 797//181
f 731//181 732//458 797//181
f 797//181 732//458 798//407
f 732//458 733//459 798//407
f 798//407 733//459 799//162
f 733//459 734//193 800//163
f 733//459 800//163 799//162
f 734//193 735//195 800//163
f 800//163 735//195 801//84
f 735//195 736//296 801//84
f 801//84 736//296 802//195
f 736//296 737//296 802//195
f 802//195 737//296 803//476
f 737//296 738//460 803//476
f 803//476 738//460 804//477
f 738//460 739//196 805//163
f 738//460 805//163 804//477
f 739//196 740//334 805//163
f 805//163 740//334 806//100
f 740//334 741//372 807//164
f 740//334 807//164 806//100
f 741//372 742//461 808//442
f 741//372 808//442 807//164
f 742//461 743//442 808//442
f 808//442 743//442 809//197
f 743//442 744//162 810//196
f 743//442 810//196 809//197
f 744//162 745//462 810//196
f 810//196 745//462 811//478
f 745//462 746//463 811//478
f 811//478 746//463 812//479
f 747//464 748//180 815//480
f 815//480 748//180 816//158
f 748//180 749//150 816//158
f 816//158 749//150 817//356
f 749//150 750//356 817//356
f 817//356 750//356 818//150
f 750//356 751//158 818//150
f 818//150 751//158 819//180
f 751//158 752//465 819//180
f 819//180 752//465 820//415
f 752//465 753//356 820//415
f 820//415 753//356 821//356
f 753//356 754//206 821//356
f 821//356 754//206 822//150
f 754//206 755//415 822//150
f 822//150 755//415 823//150
f 755//415 756//356 823//150
f 823//150 756//356 824//356
f 756//356 757//150 824//356
f 824//356 757//150 825//206
f 757//150 758//150 825//206
f 825//206 758//150 826//181
f 758//150 759//466 826//181
f 826//181 759//466 827//418
f 759//466 760//467 828//208
f 759//466 828//208 827//418
f 760//467 761//446 828//208
f 828//208 761//446 829//356
f 761//446 762//241 829//356
f 829//356 762//241 830//356
f 762//241 763//206 830//356
f 830//356 763//206 831//150
f 763//206 764//180 831//150
f 831//150 764//180 832//212
f 764//180 765//323 832//212
f 832//212 765//323 833//128
f 765//323 766//319 833//128
f 833//128 766//319 834//481
f 766//319 767//468 834//481
f 834//481 767//468 835//482
f 767//468 768//448 835//482
f 835//482 768//448 836//483
f 768//448 769//418 837//178
f 768//448 837//178 836//483
f 769//418 770//180 837//178
f 837//178 770//180 838//180
f 770//180 771//150 838//180
f 838//180 771//150 839//368
f 771//150 772//150 839//368
f 839//368 772//150 840//150
f 772//150 773//431 840//150
f 840//150 773//431 841//466
f 773//431 774//469 842//276
f 773//431 842//276 841//466
f 774//469 775//180 842//276
f 842//276 775//180 843//368
f 775//180 776//368 843//368
f 843//368 776//368 844//484
f 776//368 777//151 844//484
f 844//484 777//151 845//470
f 777//151 778//470 845//470
f 845//470 778//470 846//319
f 778//470 779//180 846//319
f 846//319 779//180 847//212
f 779//180 780//158 847//212
f 847//212 780//158 848//368
f 780//158 781//356 848//368
f 848//368 781//356 849//176
f 781//356 782//471 849//176
f 849//176 782//471 850//417
f 782//471 783//181 851//238
f 782//471 851//238 850//417
f 783//181 784//472 851//238
f 851//238 784//472 852//451
f 784//472 785//156 852//451
f 852//451 785//156 853//485
f 785//156 786//156 853//485
f 853//485 786//156 854//213
f 786//156 787//215 854//213
f 854//213 787//215 855//451
f 787//215 788//215 855//451
f 855//451 788//215 856//323
f 788//215 789//156 856//323
f 856//323 789//156 857//215
f 789//156 790//213 857//215
f 857//215 790//213 858//453
f 790//213 791//317 858//453
f 858//453 791//317 859//486
f 791//317 792//473 859//486
f 793//474 794//193 861//475
f 793//474 861//475 860//487
f 794//193 795//333 861//475
f 861//475 795//333 862//333
f 795//333 796//475 862//333
f 862//333 796//475 863//196
f 796//475 797//181 864//461
f 796//475 864//461 863//196
f 797//181 798//407 864//461
f 864//461 798//407 865//105
f 798//407 799//162 865//105
f 865//105 799//162 866//333
f 799//162 800//163 866//333
f 866//333 800//163 867//333
f 800//163 801//84 867//333
f 867//333 801//84 868//407
f 801//84 802//195 868//407
f 868//407 802//195 869//195
f 802//195 803//476 869//195
f 869//195 803//476 870//296
f 803//476 804//477 870//296
f 870//296 804//477 871//195
f 804//477 805//163 871//195
f 871//195 805//163 872//333
f 805//163 806//100 872//333
f 872//333 806//100 873//196
f 806//100 807//164 874//100
f 806//100 874//100 873//196
f 807//164 808//442 874//100
f 874//100 808//442 875//84
f 808//442 809//197 875//84
f 875//84 809//197 876//162
f 809//197 810//196 877//219
f 809//197 877//219 876//162
f 810//196 811//478 877//219
f 877//219 811//478 878//488
f 811//478 812//479 879//489
f 811//478 879//489 878//488
f 812//479 813//490 879//489
f 879//489 813//490 880//491
f 813//490 814//492 880//491
f 880//491 814//492 881//493
f 815//480 816//158 882//494
f 882//494 816//158 883//398
f 816//158 817//356 883//398
f 883//398 817//356 884//207
f 817//356 818//150 884//207
f 884//207 818//150 885//206
f 818//150 819//180 885//206
f 885//206 819//180 886//180
f 819//180 820//415 886//180
f 886//180 820//415 887//150
f 820//415 821//356 887//150
f 887//150 821//356 888//208
f 821//356 822//150 888//208
f 888//208 822//150 889//418
f 822//150 823//150 889//418
f 889//418 823//150 890//181
f 823//150 824//356 890//181
f 890//181 824//356 891//415
f 824//356 825//206 891//415
f 891//415 825//206 892//356
f 825//206 826//181 892//356
f 892//356 826//181 893//465
f 826//181 827//418 893//465
f 893//465 827//418 894//150
f 827//418 828//208 894//150
f 894//150 828//208 895//356
f 828//208 829//356 895//356
f 895//356 829//356 896//356
f 829//356 830//356 896//356
f 896//356 830//356 897//208
f 830//356 831//150 897//208
f 897//208 831//150 898//418
f 831//150 832//212 898//418
f 898//418 832//212 899//242
f 832//212 833//128 899//242
f 899//242 833//128 900//495
f 833//128 834//481 900//495
f 900//495 834//481 901//181
f 834//481 835//482 902//496
f 834//481 902//496 901//181
f 835//482 836//483 902//496
f 902//496 836//483 903//482
f 836//483 837//178 904//208
f 836//483 904//208 903//482
f 837//178 838//180 904//208
f 904//208 838//180 905//150
f 838//180 839//368 905//150
f 905//150 839//368 906//448
f 839//368 840//150 906//448
f 906//448 840//150 907//181
f 840//150 841//466 907//181
f 907//181 841//466 908//181
f 841//466 842//276 909//208
f 841//466 909//208 908//181
f 842//276 843//368 909//208
f 909//208 843//368 910//208
f 843//368 844//484 910//208
f 910//208 844//484 911//181
f 844//484 845//470 911//181
f 911//181 845//470 912//418
f 845//470 846//319 913//208
f 845//470 913//208 912//418
f 846//319 847//212 913//208
f 913//208 847//212 914//180
f 847//212 848//368 914//180
f 914//180 848//368 915//212
f 848//368 849//176 915//212
f 915//212 849//176 916//150
f 849//176 850//417 916//150
f 916//150 850//417 917//466
f 850//417 851//238 918//238
f 850//417 918//238 917//466
f 851//238 852//451 918//238
f 918//238 852//451 919//368
f 852//451 853//485 919//368
f 919//368 853//485 920//485
f 853//485 854//213 920//485
f 920//485 854//213 921//497
f 854//213 855//451 921//497
f 921//497 855//451 922//452
f 855//451 856//323 922//452
f 922//452 856//323 923//158
f 856//323 857//215 923//158
f 923//158 857//215 924//212
f 857//215 858//453 924//212
f 924//212 858//453 925//498
f 858//453 859//486 925//498
f 860//487 861//475 926//499
f 926//499 861//475 927//181
f 861//475 862//333 927//181
f 927//181 862//333 928//181
f 862//333 863//196 928//181
f 928//181 863//196 929//181
f 863//196 864//461 930//458
f 863//196 930//458 929//181
f 864//461 865//105 930//458
f 930//458 865//105 931//181
f 865//105 866//333 931//181
f 931//181 866//333 932//407
f 866//333 867//333 932//407
f 932//407 867//333 933//333
f 867//333 868//407 933//333
f 933//333 868//407 934//138
f 868//407 869//195 934//138
f 934//138 869//195 935//195
f 869//195 870//296 935//195
f 935//195 870//296 936//500
f 870//296 871//195 936//500
f 936//500 871//195 937//195
f 871//195 872//333 937//195
f 937//195 872//333 938//333
f 872//333 873//196 938//333
f 938//333 873//196 939//162
f 873//196 874//100 940//163
f 873//196 940//163 939//162
f 874//100 875//84 940//163
f 940//163 875//84 941//166
f 875//84 876//162 941//166
f 941//166 876//162 942//219
f 876//162 877//219 942//219
f 942//219 877//219 943//193
f 877//219 878//488 943//193
f 943//193 878//488 944//442
f 878//488 879//489 944//442
f 944//442 879//489 945//501
f 879//489 880//491 946//502
f 879//489 946//502 945//501
f 880//491 881//493 946//502
f 946//502 881//493 947//503
f 882//494 883//398 948//504
f 948//504 883//398 949//505
f 883//398 884//207 950//470
f 883//398 950//470 949//505
f 884//207 885//206 950//470
f 950//470 885//206 951//180
f 885//206 886//180 951//180
f 951//180 886//180 952//180
f 886//180 887//150 952//180
f 952//180 887//150 953//495
f 887//150 888//208 953//495
f 953//495 888//208 954//447
f 888//208 889//418 955//276
f 888//208 955//276 954//447
f 889//418 890//181 955//276
f 955//276 890//181 956//150
f 890//181 891//415 956//150
f 956//150 891//415 957//398
f 891//415 892//356 957//398
f 957//398 892//356 958//397
f 892//356 893//465 958//397
f 958//397 893//465 959//206
f 893//465 894//150 959//206
f 959//206 894//150 960//415
f 894//150 895//356 960//415
f 960//415 895//356 961//356
f 895//356 896//356 961//356
f 961//356 896//356 962//150
f 896//356 897//208 962//150
f 962//150 897//208 963//363
f 897//208 898//418 964//178
f 897//208 964//178 963//363
f 898//418 899//242 964//178
f 964//178 899//242 965//158
f 899//242 900//495 965//158
f 965//158 900//495 966//356
f 900//495 901//181 966//356
f 966//356 901//181 967//150
f 901//181 902//496 967//150
f 967//150 902//496 968//323
f 902//496 903//482 968//323
f 968//323 903//482 969//398
f 903//482 904//208 969//398
f 969//398 904//208 970//397
f 904//208 905//150 970//397
f 970//397 905//150 971//180
f 905//150 906//448 971//180
f 971//180 906//448 972//447
f 906//448 907//181 973//276
f 906//448 973//276 972//447
f 907//181 908//181 973//276
f 973//276 908//181 974//150
f 908//181 909//208 974//150
f 974//150 909//208 975//177
f 909//208 910//208 975//177
f 975//177 910//208 976//417
f 910//208 911//181 977//178
f 910//208 977//178 976//417
f 911//181 912//418 977//178
f 977//178 912//418 978//465
f 912//418 913//208 978//465
f 978//465 913//208 979//176
f 913//208 914//180 979//176
f 979//176 914//180 980//177
f 914//180 915//212 980//177
f 980//177 915//212 981//448
f 915//212 916//150 981//448
f 981//448 916//150 982//181
f 916//150 917//466 982//181
f 982//181 917//466 983//181
f 917//466 918//238 984//506
f 917//466 984//506 983//181
f 918//238 919//368 984//506
f 984//506 919//368 985//150
f 919//368 920//485 985//150
f 985//150 920//485 986//507
f 920//485 921//497 986//507
f 986//507 921//497 987//508
f 921//497 922//452 987//508
f 987//508 922//452 988//451
f 922//452 923//158 988//451
f 988//451 923//158 989//177
f 923//158 924//212 989//177
f 989//177 924//212 990//158
f 924//212 925//498 990//158
f 990//158 925//498 991//509
f 925//498 992//510 991//509
f 926//499 927//181 993//511
f 993//511 927//181 994//181
f 927//181 928//181 994//181
f 994//181 928//181 995//181
f 928//181 929//181 995//181
f 995//181 929//181 996//181
f 929//181 930//458 996//181
f 996//181 930//458 997//181
f 930//458 931//181 997//181
f 997//181 931//181 998//195
f 931//181 932//407 998//195
f 998//195 932//407 999//105
f 932//407 933//333 999//105
f 999//105 933//333 1000//333
f 933//333 934//138 1000//333
f 1000//333 934//138 1001//105
f 934//138 935//195 1001//105
f 1001//105 935//195 1002//105
f 935//195 936//500 1002//105
f 1002//105 936//500 1003//512
f 936//500 937//195 1003//512
f 1003//512 937//195 1004//105
f 937//195 938//333 1004//105
f 1004//105 938//333 1005//133
f 938//333 939//162 1005//133
f 1005//133 939//162 1006//162
f 939//162 940//163 1006//162
f 1006//162 940//163 1007//333
f 940//163 941//166 1007//333
f 1007//333 941//166 1008//133
f 941//166 942//219 1008//133
f 1008//133 942//219 1009//164
f 942//219 943//193 1010//337
f 942//219 1010//337 1009//164
f 943//193 944//442 1010//337
f 1010//337 944//442 1011//513
f 944//442 945//501 1012//249
f 944//442 1012//249 1011//513
f 945//501 946//502 1013//514
f 945//501 1013//514 1012//249
f 946//502 947//503 1013//514
f 1013//514 947//503 1014//515
f 948//504 949//505 1015//516
f 1015//516 949//505 1016//517
f 949//505 950//470 1016//517
f 1016//517 950//470 1017//518
f 950//470 951//180 1017//518
f 1017//518 951//180 1018//242
f 951//180 952//180 1018//242
f 1018//242 952//180 1019//189
f 952//180 953//495 1019//189
f 1019//189 953//495 1020//519
f 953//495 954//447 1020//519
f 1020//519 954//447 1021//519
f 954//447 955//276 1022//208
f 954//447 1022//208 1021//519
f 955//276 956//150 1022//208
f 1022//208 956//150 1023//177
f 956//150 957//398 1023//177
f 1023//177 957//398 1024//363
f 957//398 958//397 1025//276
f 957//398 1025//276 1024//363
f 958//397 959//206 1025//276
f 1025//276 959//206 1026//150
f 959//206 960//415 1026//150
f 1026//150 960//415 1027//150
f 960//415 961//356 1027//150
f 1027//150 961//356 1028//356
f 961//356 962//150 1028//356
f 1028//356 962//150 1029//206
f 962//150 963//363 1029//206
f 1029//206 963//363 1030//418
f 963//363 964//178 1031//416
f 963//363 1031//416 1030//418
f 964//178 965//158 1031//416
f 1031//416 965//158 1032//150
f 965//158 966//356 1032//150
f 1032//150 966//356 1033//356
f 966//356 967//150 1033//356
f 1033//356 967//150 1034//158
f 967//150 968//323 1034//158
f 1034//158 968//323 1035//212
f 968//323 969//398 1035//212
f 1035//212 969//398 1036//447
f 969//398 970//397 1037//276
f 969//398 1037//276 1036//447
f 970//397 971//180 1037//276
f 1037//276 971//180 1038//180
f 971//180 972//447 1038//180
f 1038//180 972//447 1039//446
f 972//447 973//276 1040//208
f 972//447 1040//208 1039//446
f 973//276 974//150 1040//208
f 1040//208 974//150 1041//177
f 974//150 975//177 1041//177
f 1041//177 975//177 1042//150
f 975//177 976//417 1042//150
f 1042//150 976//417 1043//466
f 976//417 977//178 1044//275
f 976//417 1044//275 1043//466
f 977//178 978//465 1044//275
f 1044//275 978//465 1045//150
f 978//465 979//176 1045//150
f 1045//150 979//176 1046//150
f 979//176 980//177 1046//150
f 1046//150 980//177 1047//180
f 980//177 981//448 1047//180
f 1047//180 981//448 1048//505
f 981//448 982//181 1049//470
f 981//448 1049//470 1048//505
f 982//181 983//181 1049//470
f 1049//470 983//181 1050//484
f 983//181 984//506 1050//484
f 1050//484 984//506 1051//158
f 984//506 985//150 1051//158
f 1051//158 985//150 1052//177
f 985//150 986//507 1052//177
f 1052//177 986//507 1053//287
f 986//507 987//508 1053//287
f 1053//287 987//508 1054//438
f 987//508 988//451 1054//438
f 1054//438 988//451 1055//156
f 988//451 989//177 1055//156
f 1055//156 989//177 1056//368
f 989//177 990//158 1056//368
f 1056//368 990//158 1057//158
f 990//158 991//509 1057//158
f 1057//158 991//509 1058//520
f 991//509 992//510 1058//520
f 1059//521 993//511 1060//181
f 993//511 994//181 1060//181
f 1060//181 994//181 1061//181
f 994//181 995//181 1061//181
f 1061//181 995//181 1062//181
f 995//181 996//181 1062//181
f 1062//181 996//181 1063//407
f 996//181 997//181 1063//407
f 1063//407 997//181 1064//138
f 997//181 998//195 1064//138
f 1064//138 998//195 1065//195
f 998//195 999//105 1065//195
f 1065//195 999//105 1066//181
f 999//105 1000//333 1066//181
f 1066//181 1000//333 1067//221
f 1000//333 1001//105 1067//221
f 1067//221 1001//105 1068//195
f 1001//105 1002//105 1068//195
f 1068//195 1002//105 1069//195
f 1002//105 1003//512 1069//195
f 1069//195 1003//512 1070//500
f 1003//512 1004//105 1070//500
f 1070//500 1004//105 1071//195
f 1004//105 1005//133 1071//195
f 1071//195 1005//133 1072//461
f 1005//133 1006//162 1073//196
f 1005//133 1073//196 1072//461
f 1006//162 1007//333 1073//196
f 1073//196 1007//333 1074//138
f 1007//333 1008//133 1074//138
f 1074//138 1008//133 1075//440
f 1008//133 1009//164 1076//164
f 1008//133 1076//164 1075//440
f 1009//164 1010//337 1077//133
f 1009//164 1077//133 1076//164
f 1010//337 1011//513 1077//133
f 1077//133 1011//513 1078//162
f 1011//513 1012//249 1079//522
f 1011//513 1079//522 1078//162
f 1012//249 1013//514 1080//523
f 1012//249 1080//523 1079//522
f 1013//514 1014//515 1080//523
f 1080//523 1014//515 1081//524
f 1015//516 1016//517 1082//525
f 1082//525 1016//517 1083//481
f 1016//517 1017//518 1083//481
f 1083//481 1017//518 1084//358
f 1017//518 1018//242 1084//358
f 1084//358 1018//242 1085//212
f 1018//242 1019//189 1085//212
f 1085//212 1019//189 1086//178
f 1019//189 1020//519 1087//447
f 1019//189 1087//447 1086//178
f 1020//519 1021//519 1087//447
f 1087//447 1021//519 1088//242
f 1021//519 1022//208 1088//242
f 1088//242 1022//208 1089//180
f 1022//208 1023//177 1089//180
f 1089//180 1023//177 1090//206
f 1023//177 1024//363 1090//206
f 1090//206 1024//363 1091//181
f 1024//363 1025//276 1092//526
f 1024//363 1092//526 1091//181
f 1025//276 1026//150 1092//526
f 1092//526 1026//150 1093//206
f 1026//150 1027//150 1093//206
f 1093//206 1027//150 1094//415
f 1027//150 1028//356 1094//415
f 1094//415 1028//356 1095//356
f 1028//356 1029//206 1095//356
f 1095//356 1029//206 1096//150
f 1029//206 1030//418 1096//150
f 1096//150 1030//418 1097//150
f 1030//418 1031//416 1097//150
f 1097//150 1031//416 1098//206
f 1031//416 1032//150 1098//206
f 1098//206 1032//150 1099//415
f 1032//150 1033//356 1099//415
f 1099//415 1033//356 1100//150
f 1033//356 1034//158 1100//150
f 1100//150 1034//158 1101//180
f 1034//158 1035//212 1101//180
f 1101//180 1035//212 1102//317
f 1035//212 1036//447 1102//317
f 1102//317 1036//447 1103//519
f 1036//447 1037//276 1104//129
f 1036//447 1104//129 1103//519
f 1037//276 1038//180 1104//129
f 1104//129 1038//180 1105//206
f 1038//180 1039//446 1105//206
f 1105//206 1039//446 1106//180
f 1039//446 1040//208 1106//180
f 1106//180 1040//208 1107//150
f 1040//208 1041//177 1107//150
f 1107//150 1041//177 1108//206
f 1041//177 1042//150 1108//206
f 1108//206 1042//150 1109//181
f 1042//150 1043//466 1109//181
f 1109//181 1043//466 1110//181
f 1043//466 1044//275 1111//241
f 1043//466 1111//241 1110//181
f 1044//275 1045//150 1111//241
f 1111//241 1045//150 1112//206
f 1045//150 1046//150 1112//206
f 1112//206 1046//150 1113//189
f 1046//150 1047//180 1113//189
f 1113//189 1047//180 1114//527
f 1047//180 1048//505 1114//527
f 1114//527 1048//505 1115//528
f 1048//505 1049//470 1115//528
f 1115//528 1049//470 1116//529
f 1049//470 1050//484 1116//529
f 1116//529 1050//484 1117//530
f 1050//484 1051//158 1117//530
f 1117//530 1051//158 1118//531
f 1051//158 1052//177 1118//531
f 1118//531 1052//177 1119//362
f 1052//177 1053//287 1119//362
f 1119//362 1053//287 1120//532
f 1053//287 1054//438 1120//532
f 1120//532 1054//438 1121//323
f 1054//438 1055//156 1121//323
f 1121//323 1055//156 1122//533
f 1055//156 1056//368 1122//533
f 1122//533 1056//368 1123//533
f 1056//368 1057//158 1123//533
f 1123//533 1057//158 1124//534
f 1057//158 1058//520 1124//534
f 1059//521 1060//181 1125//535
f 1125//535 1060//181 1126//181
f 1060//181 1061//181 1126//181
f 1126//181 1061//181 1127//181
f 1061//181 1062//181 1127//181
f 1127//181 1062//181 1128//195
f 1062//181 1063//407 1128//195
f 1128//195 1063//407 1129//105
f 1063//407 1064//138 1129//105
f 1129//105 1064//138 1130//407
f 1064//138 1065//195 1130//407
f 1130//407 1065//195 1131//181
f 1065//195 1066//181 1131//181
f 1131//181 1066//181 1132//181
f 1066//181 1067//221 1132//181
f 1132//181 1067//221 1133//500
f 1067//221 1068//195 1133//500
f 1133//500 1068//195 1134//221
f 1068//195 1069//195 1134//221
f 1134//221 1069//195 1135//500
f 1069//195 1070//500 1135//500
f 1135//500 1070//500 1136//296
f 1070//500 1071//195 1136//296
f 1136//296 1071//195 1137//195
f 1071//195 1072//461 1137//195
f 1137//195 1072//461 1138//181
f 1072//461 1073//196 1139//475
f 1072//461 1139//475 1138//181
f 1073//196 1074//138 1139//475
f 1139//475 1074//138 1140//407
f 1074//138 1075//440 1140//407
f 1140//407 1075//440 1141//181
f 1075//440 1076//164 1142//475
f 1075//440 1142//475 1141//181
f 1076//164 1077//133 1142//475
f 1142//475 1077//133 1143//333
f 1077//133 1078//162 1143//333
f 1143//333 1078//162 1144//333
f 1078//162 1079//522 1144//333
f 1144//333 1079//522 1145//536
f 1079//522 1080//523 1145//536
f 1145//536 1080//523 1146//537
f 1080//523 1081//524 1147//538
f 1080//523 1147//538 1146//537
f 1082//525 1083//481 1148//539
f 1148//539 1083//481 1149//181
f 1083//481 1084//358 1150//540
f 1083//481 1150//540 1149//181
f 1084//358 1085//212 1150//540
f 1150//540 1085//212 1151//128
f 1085//212 1086//178 1151//128
f 1151//128 1086//178 1152//181
f 1086//178 1087//447 1153//189
f 1086//178 1153//189 1152//181
f 1087//447 1088//242 1153//189
f 1153//189 1088//242 1154//317
f 1088//242 1089//180 1154//317
f 1154//317 1089//180 1155//317
f 1089//180 1090//206 1155//317
f 1155//317 1090//206 1156//181
f 1090//206 1091//181 1156//181
f 1156//181 1091//181 1157//181
f 1091//181 1092//526 1157//181
f 1157//181 1092//526 1158//415
f 1092//526 1093//206 1158//415
f 1158//415 1093//206 1159//150
f 1093//206 1094//415 1159//150
f 1159//150 1094//415 1160//150
f 1094//415 1095//356 1160//150
f 1160//150 1095//356 1161//356
f 1095//356 1096//150 1161//356
f 1161//356 1096//150 1162//206
f 1096//150 1097//150 1162//206
f 1162//206 1097//150 1163//181
f 1097//150 1098//206 1163//181
f 1163//181 1098//206 1164//484
f 1098//206 1099//415 1164//484
f 1164//484 1099//415 1165//368
f 1099//415 1100//150 1165//368
f 1165//368 1100//150 1166//415
f 1100//150 1101//180 1166//415
f 1166//415 1101//180 1167//181
f 1101//180 1102//317 1167//181
f 1167//181 1102//317 1168//128
f 1102//317 1103//519 1168//128
f 1168//128 1103//519 1169//495
f 1103//519 1104//129 1169//495
f 1169//495 1104//129 1170//206
f 1104//129 1105//206 1170//206
f 1170//206 1105//206 1171//150
f 1105//206 1106//180 1171//150
f 1171//150 1106//180 1172//368
f 1106//180 1107//150 1172//368
f 1172//368 1107//150 1173//181
f 1107//150 1108//206 1173//181
f 1173//181 1108//206 1174//181
f 1108//206 1109//181 1174//181
f 1174//181 1109//181 1175//181
f 1109//181 1110//181 1175//181
f 1175//181 1110//181 1176//206
f 1110//181 1111//241 1176//206
f 1176//206 1111//241 1177//129
f 1111//241 1112//206 1177//129
f 1177//129 1112//206 1178//446
f 1112//206 1113//189 1178//446
f 1178//446 1113//189 1179//505
f 1113//189 1114//527 1180//96
f 1113//189 1180//96 1179//505
f 1114//527 1115//528 1181//541
f 1114//527 1181//541 1180//96
f 1115//528 1116//529 1181//541
f 1181//541 1116//529 1182//181
f 1116//529 1117//530 1182//181
f 1182//181 1117//530 1183//485
f 1117//530 1118//531 1183//485
f 1183//485 1118//531 1184//186
f 1118//531 1119//362 1184//186
f 1184//186 1119//362 1185//497
f 1119//362 1120//532 1185//497
f 1185//497 1120//532 1186//188
f 1120//532 1121//323 1186//188
f 1186//188 1121//323 1187//150
f 1121//323 1122//533 1187//150
f 1187//150 1122//533 1188//180
f 1122//533 1123//533 1188//180
f 1188//180 1123//533 1189//156
f 1123//533 1124//534 1189//156
f 1189//156 1124//534 1190//542
f 1124//534 1191//543 1190//542
f 1125//535 1126//181 1192//544
f 1192//544 1126//181 1193//181
f 1126//181 1127//181 1193//181
f 1193//181 1127//181 1194//195
f 1127//181 1128//195 1194//195
f 1194//195 1128//195 1195//195
f 1128//195 1129//105 1195//195
f 1195//195 1129//105 1196//181
f 1129//105 1130//407 1196//181
f 1196//181 1130//407 1197//181
f 1130//407 1131//181 1197//181
f 1197//181 1131//181 1198//407
f 1131//181 1132//181 1198//407
f 1198//407 1132//181 1199//138
f 1132//181 1133//500 1199//138
f 1199//138 1133//500 1200//195
f 1133//500 1134//221 1200//195
f 1200//195 1134//221 1201//221
f 1134//221 1135//500 1201//221
f 1201//221 1135//500 1202//545
f 1135//500 1136//296 1202//545
f 1202//545 1136//296 1203//500
f 1136//296 1137//195 1203//500
f 1203//500 1137//195 1204//181
f 1137//195 1138//181 1204//181
f 1204//181 1138//181 1205//407
f 1138//181 1139//475 1205//407
f 1205//407 1139//475 1206//333
f 1139//475 1140//407 1206//333
f 1206//333 1140//407 1207//333
f 1140//407 1141//181 1207//333
f 1207//333 1141//181 1208//333
f 1141//181 1142//475 1208//333
f 1208//333 1142//475 1209//333
f 1142//475 1143//333 1209//333
f 1209//333 1143//333 1210//333
f 1143//333 1144//333 1210//333
f 1210//333 1144//333 1211//333
f 1144//333 1145//536 1211//333
f 1211//333 1145//536 1212//546
f 1145//536 1146//537 1212//546
f 1212//546 1146//537 1213//547
f 1146//537 1147//538 1213//547
f 1148//539 1149//181 1214//548
f 1214//548 1149//181 1215//181
f 1149//181 1150//540 1215//181
f 1215//181 1150//540 1216//317
f 1150//540 1151//128 1216//317
f 1216//317 1151//128 1217//317
f 1151//128 1152//181 1217//317
f 1217//317 1152//181 1218//181
f 1152//181 1153//189 1218//181
f 1218//181 1153//189 1219//181
f 1153//189 1154//317 1219//181
f 1219//181 1154//317 1220//317
f 1154//317 1155//317 1220//317
f 1220//317 1155//317 1221//317
f 1155//317 1156//181 1221//317
f 1221//317 1156//181 1222//181
f 1156//181 1157//181 1222//181
f 1222//181 1157//181 1223//495
f 1157//181 1158//415 1223//495
f 1223//495 1158//415 1224//368
f 1158//415 1159//150 1224//368
f 1224//368 1159//150 1225//206
f 1159//150 1160//150 1225//206
f 1225//206 1160//150 1226//181
f 1160//150 1161//356 1226//181
f 1226//181 1161//356 1227//181
f 1161//356 1162//206 1227//181
f 1227//181 1162//206 1228//415
f 1162//206 1163//181 1228//415
f 1228//415 1163//181 1229//356
f 1163//181 1164//484 1229//356
f 1229//356 1164//484 1230//368
f 1164//484 1165//368 1230//368
f 1230//368 1165//368 1231//484
f 1165//368 1166//415 1231//484
f 1231//484 1166//415 1232//181
f 1166//415 1167//181 1232//181
f 1232//181 1167//181 1233//180
f 1167//181 1168//128 1233//180
f 1233//180 1168//128 1234//180
f 1168//128 1169//495 1234//180
f 1234//180 1169//495 1235//484
f 1169//495 1170//206 1235//484
f 1235//484 1170//206 1236//368
f 1170//206 1171//150 1236//368
f 1236//368 1171//150 1237//206
f 1171//150 1172//368 1237//206
f 1237//206 1172//368 1238//181
f 1172//368 1173//181 1238//181
f 1238//181 1173//181 1239//189
f 1173//181 1174//181 1239//189
f 1239//189 1174//181 1240//181
f 1174//181 1175//181 1240//181
f 1240//181 1175//181 1241//484
f 1175//181 1176//206 1241//484
f 1241//484 1176//206 1242//368
f 1176//206 1177//129 1242//368
f 1242//368 1177//129 1243//151
f 1177//129 1178//446 1244//549
f 1177//129 1244//549 1243//151
f 1178//446 1179//505 1244//549
f 1244//549 1179//505 1245//550
f 1179//505 1180//96 1245//550
f 1245//550 1180//96 1246//551
f 1180//96 1181//541 1246//551
f 1246//551 1181//541 1247//181
f 1181//541 1182//181 1247//181
f 1247//181 1182//181 1248//368
f 1182//181 1183//485 1248//368
f 1248//368 1183//485 1249//215
f 1183//485 1184//186 1249//215
f 1249//215 1184//186 1250//552
f 1184//186 1185//497 1250//552
f 1250//552 1185//497 1251//553
f 1185//497 1186//188 1251//553
f 1251//553 1186//188 1252//156
f 1186//188 1187//150 1252//156
f 1252//156 1187//150 1253//465
f 1187//150 1188//180 1253//465
f 1253//465 1188//180 1254//158
f 1188//180 1189//156 1254//158
f 1254//158 1189//156 1255//554
f 1189//156 1190//542 1255//554
f 1255//554 1190//542 1256//555
f 1190//542 1191//543 1256//555
f 1192//544 1193//181 1257//556
f 1257//556 1193//181 1258//195
f 1193//181 1194//195 1258//195
f 1258//195 1194//195 1259//195
f 1194//195 1195//195 1259//195
f 1259//195 1195//195 1260//181
f 1195//195 1196//181 1260//181
f 1260//181 1196//181 1261//181
f 1196//181 1197//181 1261//181
f 1261//181 1197//181 1262//221
f 1197//181 1198//407 1262//221
f 1262//221 1198//407 1263//195
f 1198//407 1199//138 1263//195
f 1263//195 1199//138 1264//407
f 1199//138 1200//195 1264//407
f 1264//407 1200//195 1265//181
f 1200//195 1201//221 1265//181
f 1265//181 1201//221 1266//406
f 1201//221 1202//545 1266//406
f 1266//406 1202//545 1267//557
f 1202//545 1203//500 1267//557
f 1267//557 1203//500 1268//406
f 1203//500 1204//181 1268//406
f 1268//406 1204//181 1269//195
f 1204//181 1205//407 1269//195
f 1269//195 1205//407 1270//105
f 1205//407 1206//333 1270//105
f 1270//105 1206//333 1271//333
f 1206//333 1207//333 1271//333
f 1271//333 1207//333 1272//333
f 1207//333 1208//333 1272//333
f 1272//333 1208//333 1273//333
f 1208//333 1209//333 1273//333
f 1273//333 1209//333 1274//333
f 1209//333 1210//333 1274//333
f 1274//333 1210//333 1275//333
f 1210//333 1211//333 1275//333
f 1275//333 1211//333 1276//333
f 1211//333 1212//546 1276//333
f 1276//333 1212//546 1277//558
f 1212//546 1213//547 1278//559
f 1212//546 1278//559 1277//558
f 1214//548 1215//181 1279//560
f 1279//560 1215//181 1280//181
f 1215//181 1216//317 1280//181
f 1280//181 1216//317 1281//317
f 1216//317 1217//317 1281//317
f 1281//317 1217//317 1282//317
f 1217//317 1218//181 1282//317
f 1282//317 1218//181 1283//181
f 1218//181 1219//181 1283//181
f 1283//181 1219//181 1284//181
f 1219//181 1220//317 1284//181
f 1284//181 1220//317 1285//317
f 1220//317 1221//317 1285//317
f 1285//317 1221//317 1286//317
f 1221//317 1222//181 1286//317
f 1286//317 1222//181 1287//181
f 1222//181 1223//495 1287//181
f 1287//181 1223//495 1288//317
f 1223//495 1224//368 1288//317
f 1288//317 1224//368 1289//317
f 1224//368 1225//206 1289//317
f 1289//317 1225//206 1290//181
f 1225//206 1226//181 1290//181
f 1290//181 1226//181 1291//181
f 1226//181 1227//181 1291//181
f 1291//181 1227//181 1292//180
f 1227//181 1228//415 1292//180
f 1292//180 1228//415 1293//150
f 1228//415 1229//356 1293//150
f 1293//150 1229//356 1294//356
f 1229//356 1230//368 1294//356
f 1294//356 1230//368 1295//206
f 1230//368 1231//484 1295//206
f 1295//206 1231//484 1296//181
f 1231//484 1232//181 1296//181
f 1296//181 1232//181 1297//484
f 1232//181 1233//180 1297//484
f 1297//484 1233//180 1298//128
f 1233//180 1234//180 1298//128
f 1298//128 1234//180 1299//181
f 1234//180 1235//484 1299//181
f 1299//181 1235//484 1300//317
f 1235//484 1236//368 1300//317
f 1300//317 1236//368 1301//317
f 1236//368 1237//206 1301//317
f 1301//317 1237//206 1302//181
f 1237//206 1238//181 1302//181
f 1302//181 1238//181 1303//484
f 1238//181 1239//189 1303//484
f 1303//484 1239//189 1304//505
f 1239//189 1240//181 1305//470
f 1239//189 1305//470 1304//505
f 1240//181 1241//484 1305//470
f 1305//470 1241//484 1306//242
f 1241//484 1242//368 1306//242
f 1306//242 1242//368 1307//495
f 1242//368 1243//151 1307//495
f 1307//495 1243//151 1308//561
f 1243//151 1244//549 1308//561
f 1308//561 1244//549 1309//562
f 1244//549 1245//550 1310//563
f 1244//549 1310//563 1309//562
f 1245//550 1246//551 1310//563
f 1310//563 1246//551 1311//564
f 1246//551 1247//181 1311//564
f 1311//564 1247//181 1312//150
f 1247//181 1248//368 1312//150
f 1312//150 1248//368 1313//368
f 1248//368 1249//215 1313//368
f 1313//368 1249//215 1314//242
f 1249//215 1250//552 1314//242
f 1314//242 1250//552 1315//565
f 1250//552 1251//553 1315//565
f 1315//565 1251//553 1316//402
f 1251//553 1252//156 1316//402
f 1316//402 1252//156 1317//531
f 1252//156 1253//465 1317//531
f 1317//531 1253//465 1318//180
f 1253//465 1254//158 1318//180
f 1318//180 1254//158 1319//180
f 1254//158 1255//554 1319//180
f 1319//180 1255//554 1320//566
f 1255//554 1256//555 1320//566
f 1321//567 1257//556 1322//221
f 1257//556 1258//195 1322//221
f 1322//221 1258//195 1323//500
f 1258//195 1259//195 1323//500
f 1323//500 1259//195 1324//181
f 1259//195 1260//181 1324//181
f 1324//181 1260//181 1325//181
f 1260//181 1261//181 1325//181
f 1325//181 1261//181 1326//181
f 1261//181 1262//221 1326//181
f 1326//181 1262//221 1327//406
f 1262//221 1263//195 1327//406
f 1327//406 1263//195 1328//406
f 1263//195 1264//407 1328//406
f 1328//406 1264//407 1329//181
f 1264//407 1265//181 1329//181
f 1329//181 1265//181 1330//181
f 1265//181 1266//406 1330//181
f 1330//181 1266//406 1331//476
f 1266//406 1267//557 1331//476
f 1331//476 1267//557 1332//568
f 1267//557 1268//406 1332//568
f 1332//568 1268//406 1333//568
f 1268//406 1269//195 1333//568
f 1333//568 1269//195 1334//500
f 1269//195 1270//105 1334//500
f 1334//500 1270//105 1335//181
f 1270//105 1271//333 1335//181
f 1335//181 1271//333 1336//181
f 1271//333 1272//333 1336//181
f 1336//181 1272//333 1337//181
f 1272//333 1273//333 1337//181
f 1337//181 1273//333 1338//181
f 1273//333 1274//333 1338//181
f 1338//181 1274//333 1339//181
f 1274//333 1275//333 1339//181
f 1339//181 1275//333 1340//181
f 1275//333 1276//333 1340//181
f 1340//181 1276//333 1341//181
f 1276//333 1277//558 1341//181
f 1341//181 1277//558 1342//569
f 1277//558 1278//559 1342//569
f 1342//569 1278//559 1343//570
f 1279//560 1280//181 1344//571
f 1344//571 1280//181 1345//181
f 1280//181 1281//317 1345//181
f 1345//181 1281//317 1346//317
f 1281//317 1282//317 1346//317
f 1346//317 1282//317 1347//317
f 1282//317 1283//181 1347//317
f 1347//317 1283//181 1348//181
f 1283//181 1284//181 1348//181
f 1348//181 1284//181 1349//181
f 1284//181 1285//317 1349//181
f 1349//181 1285//317 1350//128
f 1285//317 1286//317 1350//128
f 1350//128 1286//317 1351//572
f 1286//317 1287//181 1351//572
f 1351//572 1287//181 1352//181
f 1287//181 1288//317 1352//181
f 1352//181 1288//317 1353//128
f 1288//317 1289//317 1353//128
f 1353//128 1289//317 1354//572
f 1289//317 1290//181 1354//572
f 1354//572 1290//181 1355//181
f 1290//181 1291//181 1355//181
f 1355//181 1291//181 1356//180
f 1291//181 1292//180 1356//180
f 1356//180 1292//180 1357//180
f 1292//180 1293//150 1357//180
f 1357//180 1293//150 1358//181
f 1293//150 1294//356 1358//181
f 1358//181 1294//356 1359//181
f 1294//356 1295//206 1359//181
f 1359//181 1295//206 1360//181
f 1295//206 1296//181 1360//181
f 1360//181 1296//181 1361//181
f 1296//181 1297//484 1361//181
f 1361//181 1297//484 1362//128
f 1297//484 1298//128 1362//128
f 1362//128 1298//128 1363//495
f 1298//128 1299//181 1363//495
f 1363//495 1299//181 1364//415
f 1299//181 1300//317 1364//415
f 1364//415 1300//317 1365//368
f 1300//317 1301//317 1365//368
f 1365//368 1301//317 1366//495
f 1301//317 1302//181 1366//495
f 1366//495 1302//181 1367//181
f 1302//181 1303//484 1367//181
f 1367//181 1303//484 1368//242
f 1303//484 1304//505 1368//242
f 1368//242 1304//505 1369//573
f 1304//505 1305//470 1369//573
f 1369//573 1305//470 1370//319
f 1305//470 1306//242 1370//319
f 1370//319 1306//242 1371//180
f 1306//242 1307//495 1371//180
f 1371//180 1307//495 1372//181
f 1307//495 1308//561 1372//181
f 1372//181 1308//561 1373//574
f 1308//561 1309//562 1374//575
f 1308//561 1374//575 1373//574
f 1309//562 1310//563 1374//575
f 1374//575 1310//563 1375//190
f 1310//563 1311//564 1376//129
f 1310//563 1376//129 1375//190
f 1311//564 1312//150 1376//129
f 1376//129 1312//150 1377//150
f 1312//150 1313//368 1377//150
f 1377//150 1313//368 1378//150
f 1313//368 1314//242 1378//150
f 1378//150 1314//242 1379//180
f 1314//242 1315//565 1379//180
f 1379//180 1315//565 1380//576
f 1315//565 1316//402 1380//576
f 1380//576 1316//402 1381//577
f 1316//402 1317//531 1381//577
f 1381//577 1317//531 1382//533
f 1317//531 1318//180 1382//533
f 1382//533 1318//180 1383//128
f 1318//180 1319//180 1383//128
f 1383//128 1319//180 1384//368
f 1319//180 1320//566 1384//368
f 1384//368 1320//566 1385//578
f 1321//567 1322//221 1386//579
f 1386//579 1322//221 1387//580
f 1322//221 1323//500 1387//580
f 1387//580 1323//500 1388//221
f 1323//500 1324//181 1388//221
f 1388//221 1324//181 1389//181
f 1324//181 1325//181 1389//181
f 1389//181 1325//181 1390//181
f 1325//181 1326//181 1390//181
f 1390//181 1326//181 1391//181
f 1326//181 1327//406 1391//181
f 1391//181 1327//406 1392//476
f 1327//406 1328//406 1392//476
f 1392//476 1328//406 1393//221
f 1328//406 1329//181 1393//221
f 1393//221 1329//181 1394//181
f 1329//181 1330//181 1394//181
f 1394//181 1330//181 1395//195
f 1330//181 1331//476 1395//195
f 1395//195 1331//476 1396//195
f 1331//476 1332//568 1396//195
f 1396//195 1332//568 1397//406
f 1332//568 1333//568 1397//406
f 1397//406 1333//568 1398//557
f 1333//568 1334//500 1398//557
f 1398//557 1334//500 1399//406
f 1334//500 1335//181 1399//406
f 1399//406 1335//181 1400//458
f 1335//181 1336//181 1400//458
f 1400//458 1336//181 1401//181
f 1336//181 1337//181 1401//181
f 1401//181 1337//181 1402//407
f 1337//181 1338//181 1402//407
f 1402//407 1338//181 1403//333
f 1338//181 1339//181 1403//333
f 1403//333 1339//181 1404//333
f 1339//181 1340//181 1404//333
f 1404//333 1340//181 1405//333
f 1340//181 1341//181 1405//333
f 1405//333 1341//181 1406//105
f 1341//181 1342//569 1406//105
f 1406//105 1342//569 1407//581
f 1342//569 1343//570 1407//581
f 1407//581 1343//570 1408//582
f 1344//571 1345//181 1409//548
f 1409//548 1345//181 1410//181
f 1345//181 1346//317 1410//181
f 1410//181 1346//317 1411//242
f 1346//317 1347//317 1411//242
f 1411//242 1347//317 1412//495
f 1347//317 1348//181 1412//495
f 1412//495 1348//181 1413//206
f 1348//181 1349//181 1413//206
f 1413//206 1349//181 1414//150
f 1349//181 1350//128 1414//150
f 1414//150 1350//128 1415//212
f 1350//128 1351//572 1415//212
f 1415//212 1351//572 1416//447
f 1351//572 1352//181 1417//178
f 1351//572 1417//178 1416//447
f 1352//181 1353//128 1417//178
f 1417//178 1353//128 1418//212
f 1353//128 1354//572 1418//212
f 1418//212 1354//572 1419//447
f 1354//572 1355//181 1420//178
f 1354//572 1420//178 1419//447
f 1355//181 1356//180 1420//178
f 1420//178 1356//180 1421//368
f 1356//180 1357//180 1421//368
f 1421//368 1357//180 1422//181
f 1357//180 1358//181 1422//181
f 1422//181 1358//181 1423//181
f 1358//181 1359//181 1423//181
f 1423//181 1359//181 1424//181
f 1359//181 1360//181 1424//181
f 1424//181 1360//181 1425//206
f 1360//181 1361//181 1425//206
f 1425//206 1361//181 1426//150
f 1361//181 1362//128 1426//150
f 1426//150 1362//128 1427//368
f 1362//128 1363//495 1427//368
f 1427//368 1363//495 1428//180
f 1363//495 1364//415 1428//180
f 1428//180 1364//415 1429//150
f 1364//415 1365//368 1429//150
f 1429//150 1365//368 1430//206
f 1365//368 1366//495 1430//206
f 1430//206 1366//495 1431//181
f 1366//495 1367//181 1431//181
f 1431//181 1367//181 1432//583
f 1367//181 1368//242 1432//583
f 1432//583 1368//242 1433//584
f 1368//242 1369//573 1433//584
f 1433//584 1369//573 1434//181
f 1369//573 1370//319 1435//189
f 1369//573 1435//189 1434//181
f 1370//319 1371//180 1435//189
f 1435//189 1371//180 1436//181
f 1371//180 1372//181 1436//181
f 1436//181 1372//181 1437//484
f 1372//181 1373//574 1437//484
f 1437//484 1373//574 1438//128
f 1373//574 1374//575 1438//128
f 1438//128 1374//575 1439//470
f 1374//575 1375//190 1439//470
f 1439//470 1375//190 1440//585
f 1375//190 1376//129 1440//585
f 1440//585 1376//129 1441//150
f 1376//129 1377//150 1441//150
f 1441//150 1377//150 1442//150
f 1377//150 1378//150 1442//150
f 1442//150 1378//150 1443//415
f 1378//150 1379//180 1443//415
f 1443//415 1379//180 1444//180
f 1379//180 1380//576 1444//180
f 1444//180 1380//576 1445//586
f 1380//576 1381//577 1445//586
f 1445//586 1381//577 1446//587
f 1381//577 1382//533 1446//587
f 1446//587 1382//533 1447//454
f 1382//533 1383//128 1447//454
f 1447//454 1383//128 1448//215
f 1383//128 1384//368 1448//215
f 1448//215 1384//368 1449//212
f 1384//368 1385//578 1449//212
f 1449//212 1385//578 1450//588
f 1385//578 1451//589 1450//588
f 1386//579 1387//580 1452//590
f 1387//580 1388//221 1452//590
f 1452//590 1388//221 1453//181
f 1388//221 1389//181 1453//181
f 1453//181 1389//181 1454//181
f 1389//181 1390//181 1454//181
f 1454//181 1390//181 1455//181
f 1390//181 1391//181 1455//181
f 1455//181 1391//181 1456//221
f 1391//181 1392//476 1456//221
f 1456//221 1392//476 1457//500
f 1392//476 1393//221 1457//500
f 1457//500 1393//221 1458//181
f 1393//221 1394//181 1458//181
f 1458//181 1394//181 1459//195
f 1394//181 1395//195 1459//195
f 1459//195 1395//195 1460//195
f 1395//195 1396//195 1460//195
f 1460//195 1396//195 1461//181
f 1396//195 1397//406 1461//181
f 1461//181 1397//406 1462//476
f 1397//406 1398//557 1462//476
f 1462//476 1398//557 1463//545
f 1398//557 1399//406 1463//545
f 1463//545 1399//406 1464//296
f 1399//406 1400//458 1464//296
f 1464//296 1400//458 1465//440
f 1400//458 1401//181 1466//461
f 1400//458 1466//461 1465//440
f 1401//181 1402//407 1466//461
f 1466//461 1402//407 1467//105
f 1402//407 1403//333 1467//105
f 1467//105 1403//333 1468//333
f 1403//333 1404//333 1468//333
f 1468//333 1404//333 1469//333
f 1404//333 1405//333 1469//333
f 1469//333 1405//333 1470//333
f 1405//333 1406//105 1470//333
f 1470//333 1406//105 1471//407
f 1406//105 1407//581 1471//407
f 1471//407 1407//581 1472//569
f 1407//581 1408//582 1472//569
f 1472//569 1408//582 1473//591
f 1409//548 1410//181 1474//592
f 1474//592 1410//181 1475//180
f 1410//181 1411//242 1475//180
f 1475//180 1411//242 1476//593
f 1411//242 1412//495 1476//593
f 1476//593 1412//495 1477//446
f 1412//495 1413//206 1477//446
f 1477//446 1413//206 1478//180
f 1413//206 1414//150 1478//180
f 1478//180 1414//150 1479//206
f 1414//150 1415//212 1479//206
f 1479//206 1415//212 1480//317
f 1415//212 1416//447 1480//317
f 1480//317 1416//447 1481//594
f 1416//447 1417//178 1482//430
f 1416//447 1482//430 1481//594
f 1417//178 1418//212 1482//430
f 1482//430 1418//212 1483//317
f 1418//212 1419//447 1483//317
f 1483//317 1419//447 1484//519
f 1419//447 1420//178 1485//189
f 1419//447 1485//189 1484//519
f 1420//178 1421//368 1485//189
f 1485//189 1421//368 1486//181
f 1421//368 1422//181 1486//181
f 1486//181 1422//181 1487//415
f 1422//181 1423//181 1487//415
f 1487//415 1423//181 1488//356
f 1423//181 1424//181 1488//356
f 1488//356 1424//181 1489//150
f 1424//181 1425//206 1489//150
f 1489//150 1425//206 1490//465
f 1425//206 1426//150 1490//465
f 1490//465 1426//150 1491//206
f 1426//150 1427//368 1491//206
f 1491//206 1427//368 1492//484
f 1427//368 1428//180 1492//484
f 1492//484 1428//180 1493//242
f 1428//180 1429//150 1493//242
f 1493//242 1429//150 1494//181
f 1429//150 1430//206 1494//181
f 1494//181 1430//206 1495//181
f 1430//206 1431//181 1495//181
f 1495//181 1431//181 1496//181
f 1431//181 1432//583 1496//181
f 1496//181 1432//583 1497//418
f 1432//583 1433//584 1498//595
f 1432//583 1498//595 1497//418
f 1433//584 1434//181 1499//583
f 1433//584 1499//583 1498//595
f 1434//181 1435//189 1499//583
f 1499//583 1435//189 1500//181
f 1435//189 1436//181 1500//181
f 1500//181 1436//181 1501//181
f 1436//181 1437//484 1501//181
f 1501//181 1437//484 1502//128
f 1437//484 1438//128 1502//128
f 1502//128 1438//128 1503//484
f 1438//128 1439//470 1503//484
f 1503//484 1439//470 1504//181
f 1439//470 1440//585 1505//241
f 1439//470 1505//241 1504//181
f 1440//585 1441//150 1505//241
f 1505//241 1441//150 1506//206
f 1441//150 1442//150 1506//206
f 1506//206 1442//150 1507//181
f 1442//150 1443//415 1507//181
f 1507//181 1443//415 1508//368
f 1443//415 1444//180 1508//368
f 1508//368 1444//180 1509//180
f 1444//180 1445//586 1509//180
f 1509//180 1445//586 1510//596
f 1445//586 1446//587 1511//597
f 1445//586 1511//597 1510//596
f 1446//587 1447//454 1512//598
f 1446//587 1512//598 1511//597
f 1447//454 1448//215 1512//598
f 1512//598 1448//215 1513//599
f 1448//215 1449//212 1513//599
f 1513//599 1449//212 1514//128
f 1449//212 1450//588 1514//128
f 1514//128 1450//588 1515//215
f 1450//588 1451//589 1515//215
f 1515//215 1451//589 1516//600
f 1451//589 1517//601 1516//600
f 1518//602 1452//590 1519//181
f 1452//590 1453//181 1519//181
f 1519//181 1453//181 1520//181
f 1453//181 1454//181 1520//181
f 1520//181 1454//181 1521//181
f 1454//181 1455//181 1521//181
f 1521//181 1455//181 1522//181
f 1455//181 1456//221 1522//181
f 1522//181 1456//221 1523//500
f 1456//221 1457//500 1523//500
f 1523//500 1457//500 1524//221
f 1457//500 1458//181 1524//221
f 1524//221 1458//181 1525//195
f 1458//181 1459//195 1525//195
f 1525//195 1459//195 1526//195
f 1459//195 1460//195 1526//195
f 1526//195 1460//195 1527//181
f 1460//195 1461//181 1527//181
f 1527//181 1461//181 1528//221
f 1461//181 1462//476 1528//221
f 1528//221 1462//476 1529//545
f 1462//476 1463//545 1529//545
f 1529//545 1463//545 1530//545
f 1463//545 1464//296 1530//545
f 1530//545 1464//296 1531//500
f 1464//296 1465//440 1531//500
f 1531//500 1465//440 1532//220
f 1465//440 1466//461 1533//133
f 1465//440 1533//133 1532//220
f 1466//461 1467//105 1533//133
f 1533//133 1467//105 1534//333
f 1467//105 1468//333 1534//333
f 1534//333 1468//333 1535//333
f 1468//333 1469//333 1535//333
f 1535//333 1469//333 1536//333
f 1469//333 1470//333 1536//333
f 1536//333 1470//333 1537//475
f 1470//333 1471//407 1537//475
f 1537//475 1471//407 1538//603
f 1471//407 1472//569 1538//603
f 1538//603 1472//569 1539//604
f 1472//569 1473//591 1539//604
f 1539//604 1473//591 1540//605
f 1474//592 1475//180 1541//606
f 1541//606 1475//180 1542//415
f 1475//180 1476//593 1542//415
f 1542//415 1476//593 1543//528
f 1476//593 1477//446 1544//607
f 1476//593 1544//607 1543//528
f 1477//446 1478//180 1544//607
f 1544//607 1478//180 1545//317
f 1478//180 1479//206 1545//317
f 1545//317 1479//206 1546//181
f 1479//206 1480//317 1546//181
f 1546//181 1480//317 1547//608
f 1480//317 1481//594 1547//608
f 1547//608 1481//594 1548//609
f 1481//594 1482//430 1549//610
f 1481//594 1549//610 1548//609
f 1482//430 1483//317 1549//610
f 1549//610 1483//317 1550//317
f 1483//317 1484//519 1550//317
f 1550//317 1484//519 1551//317
f 1484//519 1485//189 1551//317
f 1551//317 1485//189 1552//181
f 1485//189 1486//181 1552//181
f 1552//181 1486//181 1553//484
f 1486//181 1487//415 1553//484
f 1553//484 1487//415 1554//368
f 1487//415 1488//356 1554//368
f 1554//368 1488//356 1555//356
f 1488//356 1489//150 1555//356
f 1555//356 1489//150 1556//206
f 1489//150 1490//465 1556//206
f 1556//206 1490//465 1557//181
f 1490//465 1491//206 1557//181
f 1557//181 1491//206 1558//181
f 1491//206 1492//484 1558//181
f 1558//181 1492//484 1559//317
f 1492//484 1493//242 1559//317
f 1559//317 1493//242 1560//317
f 1493//242 1494//181 1560//317
f 1560//317 1494//181 1561//181
f 1494//181 1495//181 1561//181
f 1561//181 1495//181 1562//181
f 1495//181 1496//181 1562//181
f 1562//181 1496//181 1563//180
f 1496//181 1497//418 1563//180
f 1563//180 1497//418 1564//150
f 1497//418 1498//595 1564//150
f 1564//150 1498//595 1565//206
f 1498//595 1499//583 1565//206
f 1565//206 1499//583 1566//181
f 1499//583 1500//181 1566//181
f 1566//181 1500//181 1567//206
f 1500//181 1501//181 1567//206
f 1567//206 1501//181 1568//150
f 1501//181 1502//128 1568//150
f 1568//150 1502//128 1569//611
f 1502//128 1503//484 1569//611
f 1569//611 1503//484 1570//181
f 1503//484 1504//181 1570//181
f 1570//181 1504//181 1571//181
f 1504//181 1505//241 1571//181
f 1571//181 1505//241 1572//181
f 1505//241 1506//206 1572//181
f 1572//181 1506//206 1573//181
f 1506//206 1507//181 1573//181
f 1573//181 1507//181 1574//180
f 1507//181 1508//368 1574//180
f 1574//180 1508//368 1575//368
f 1508//368 1509//180 1575//368
f 1575//368 1509//180 1576//612
f 1509//180 1510//596 1576//612
f 1576//612 1510//596 1577//329
f 1510//596 1511//597 1577//329
f 1577//329 1511//597 1578//215
f 1511//597 1512//598 1578//215
f 1578//215 1512//598 1579//613
f 1512//598 1513//599 1579//613
f 1579//613 1513//599 1580//453
f 1513//599 1514//128 1580//453
f 1580//453 1514//128 1581//451
f 1514//128 1515//215 1581//451
f 1581//451 1515//215 1582//614
f 1515//215 1516//600 1582//614
f 1517//601 1518//602 1583//615
f 1583//615 1518//602 1584//181
f 1518//602 1519//181 1584//181
f 1584//181 1519//181 1585//181
f 1519//181 1520//181 1585//181
f 1585//181 1520//181 1586//181
f 1520//181 1521//181 1586//181
f 1586//181 1521//181 1587//181
f 1521//181 1522//181 1587//181
f 1587//181 1522//181 1588//195
f 1522//181 1523//500 1588//195
f 1588//195 1523//500 1589//195
f 1523//500 1524//221 1589//195
f 1589//195 1524//221 1590//221
f 1524//221 1525//195 1590//221
f 1590//221 1525//195 1591//500
f 1525//195 1526//195 1591//500
f 1591//500 1526//195 1592//181
f 1526//195 1527//181 1592//181
f 1592//181 1527//181 1593//407
f 1527//181 1528//221 1593//407
f 1593//407 1528//221 1594//195
f 1528//221 1529//545 1594//195
f 1594//195 1529//545 1595//545
f 1529//545 1530//545 1595//545
f 1595//545 1530//545 1596//616
f 1530//545 1531//500 1596//616
f 1596//616 1531//500 1597//296
f 1531//500 1532//220 1597//296
f 1597//296 1532//220 1598//105
f 1532//220 1533//133 1598//105
f 1598//105 1533//133 1599//333
f 1533//133 1534//333 1599//333
f 1599//333 1534//333 1600//333
f 1534//333 1535//333 1600//333
f 1600//333 1535//333 1601//333
f 1535//333 1536//333 1601//333
f 1601//333 1536//333 1602//333
f 1536//333 1537//475 1602//333
f 1602//333 1537//475 1603//196
f 1537//475 1538//603 1604//617
f 1537//475 1604//617 1603//196
f 1538//603 1539//604 1604//617
f 1604//617 1539//604 1605//618
f 1539//604 1540//605 1605//618
f 1605//618 1540//605 1606//619
f 1541//606 1542//415 1607//620
f 1607//620 1542//415 1608//470
f 1542//415 1543//528 1608//470
f 1608//470 1543//528 1609//358
f 1543//528 1544//607 1609//358
f 1609//358 1544//607 1610//533
f 1544//607 1545//317 1610//533
f 1610//533 1545//317 1611//317
f 1545//317 1546//181 1611//317
f 1611//317 1546//181 1612//181
f 1546//181 1547//608 1612//181
f 1612//181 1547//608 1613//621
f 1547//608 1548//609 1614//622
f 1547//608 1614//622 1613//621
f 1548//609 1549//610 1614//622
f 1614//622 1549//610 1615//181
f 1549//610 1550//317 1615//181
f 1615//181 1550//317 1616//317
f 1550//317 1551//317 1616//317
f 1616//317 1551//317 1617//317
f 1551//317 1552//181 1617//317
f 1617//317 1552//181 1618//181
f 1552//181 1553//484 1618//181
f 1618//181 1553//484 1619//128
f 1553//484 1554//368 1619//128
f 1619//128 1554//368 1620//495
f 1554//368 1555//356 1620//495
f 1620//495 1555//356 1621//181
f 1555//356 1556//206 1621//181
f 1621//181 1556//206 1622//181
f 1556//206 1557//181 1622//181
f 1622//181 1557//181 1623//181
f 1557//181 1558//181 1623//181
f 1623//181 1558//181 1624//181
f 1558//181 1559//317 1624//181
f 1624//181 1559//317 1625//128
f 1559//317 1560//317 1625//128
f 1625//128 1560//317 1626//495
f 1560//317 1561//181 1626//495
f 1626//495 1561//181 1627//181
f 1561//181 1562//181 1627//181
f 1627//181 1562//181 1628//484
f 1562//181 1563//180 1628//484
f 1628//484 1563//180 1629//242
f 1563//180 1564//150 1629//242
f 1629//242 1564//150 1630//181
f 1564//150 1565//206 1630//181
f 1630//181 1565//206 1631//181
f 1565//206 1566//181 1631//181
f 1631//181 1566//181 1632//180
f 1566//181 1567//206 1632//180
f 1632//180 1567//206 1633//150
f 1567//206 1568//150 1633//150
f 1633//150 1568//150 1634//206
f 1568//150 1569//611 1634//206
f 1634//206 1569//611 1635//181
f 1569//611 1570//181 1635//181
f 1635//181 1570//181 1636//181
f 1570//181 1571//181 1636//181
f 1636//181 1571//181 1637//181
f 1571//181 1572//181 1637//181
f 1637//181 1572//181 1638//181
f 1572//181 1573//181 1638//181
f 1638//181 1573//181 1639//368
f 1573//181 1574//180 1639//368
f 1639//368 1574//180 1640//180
f 1574//180 1575//368 1640//180
f 1640//180 1575//368 1641//484
f 1575//368 1576//612 1641//484
f 1641//484 1576//612 1642//245
f 1576//612 1577//329 1642//245
f 1642//245 1577//329 1643//212
f 1577//329 1578//215 1643//212
f 1643//212 1578//215 1644//531
f 1578//215 1579//613 1644//531
f 1644//531 1579//613 1645//186
f 1579//613 1580//453 1645//186
f 1645//186 1580//453 1646//186
f 1580//453 1581//451 1646//186
f 1646//186 1581//451 1647//623
f 1581//451 1582//614 1647//623
f 1647//623 1582//614 1648//624
f 1583//615 1584//181 1649//625
f 1584//181 1585//181 1649//625
f 1649//625 1585//181 1650//181
f 1585//181 1586//181 1650//181
f 1650//181 1586//181 1651//181
f 1586//181 1587//181 1651//181
f 1651//181 1587//181 1652//221
f 1587//181 1588//195 1652//221
f 1652//221 1588//195 1653//500
f 1588//195 1589//195 1653//500
f 1653//500 1589//195 1654//181
f 1589//195 1590//221 1654//181
f 1654//181 1590//221 1655//500
f 1590//221 1591//500 1655//500
f 1655//500 1591//500 1656//221
f 1591//500 1592//181 1656//221
f 1656//221 1592//181 1657//195
f 1592//181 1593//407 1657//195
f 1657//195 1593//407 1658//105
f 1593//407 1594//195 1658//105
f 1658//105 1594//195 1659//297
f 1594//195 1595//545 1659//297
f 1659//297 1595//545 1660//296
f 1595//545 1596//616 1660//296
f 1660//296 1596//616 1661//545
f 1596//616 1597//296 1661//545
f 1661//545 1597//296 1662//500
f 1597//296 1598//105 1662//500
f 1662//500 1598//105 1663//181
f 1598//105 1599//333 1663//181
f 1663//181 1599//333 1664//407
f 1599//333 1600//333 1664//407
f 1664//407 1600//333 1665//333
f 1600//333 1601//333 1665//333
f 1665//333 1601//333 1666//333
f 1601//333 1602//333 1666//333
f 1666//333 1602//333 1667//475
f 1602//333 1603//196 1667//475
f 1667//475 1603//196 1668//181
f 1603//196 1604//617 1669//626
f 1603//196 1669//626 1668//181
f 1604//617 1605//618 1669//626
f 1669//626 1605//618 1670//627
f 1605//618 1606//619 1670//627
f 1607//620 1608//470 1671//628
f 1671//628 1608//470 1672//430
f 1608//470 1609//358 1673//430
f 1608//470 1673//430 1672//430
f 1609//358 1610//533 1673//430
f 1673//430 1610//533 1674//317
f 1610//533 1611//317 1674//317
f 1674//317 1611//317 1675//317
f 1611//317 1612//181 1675//317
f 1675//317 1612//181 1676//181
f 1612//181 1613//621 1676//181
f 1676//181 1613//621 1677//622
f 1613//621 1614//622 1677//622
f 1677//622 1614//622 1678//621
f 1614//622 1615//181 1678//621
f 1678//621 1615//181 1679//181
f 1615//181 1616//317 1679//181
f 1679//181 1616//317 1680//317
f 1616//317 1617//317 1680//317
f 1680//317 1617//317 1681//317
f 1617//317 1618//181 1681//317
f 1681//317 1618//181 1682//180
f 1618//181 1619//128 1682//180
f 1682//180 1619//128 1683//368
f 1619//128 1620//495 1683//368
f 1683//368 1620//495 1684//181
f 1620//495 1621//181 1684//181
f 1684//181 1621//181 1685//181
f 1621//181 1622//181 1685//181
f 1685//181 1622//181 1686//181
f 1622//181 1623//181 1686//181
f 1686//181 1623//181 1687//181
f 1623//181 1624//181 1687//181
f 1687//181 1624//181 1688//180
f 1624//181 1625//128 1688//180
f 1688//180 1625//128 1689//368
f 1625//128 1626//495 1689//368
f 1689//368 1626//495 1690//181
f 1626//495 1627//181 1690//181
f 1690//181 1627//181 1691//181
f 1627//181 1628//484 1691//181
f 1691//181 1628//484 1692//317
f 1628//484 1629//242 1692//317
f 1692//317 1629//242 1693//317
f 1629//242 1630//181 1693//317
f 1693//317 1630//181 1694//181
f 1630//181 1631//181 1694//181
f 1694//181 1631//181 1695//484
f 1631//181 1632//180 1695//484
f 1695//484 1632//180 1696//128
f 1632//180 1633//150 1696//128
f 1696//128 1633//150 1697//181
f 1633//150 1634//206 1697//181
f 1697//181 1634//206 1698//181
f 1634//206 1635//181 1698//181
f 1698//181 1635//181 1699//181
f 1635//181 1636//181 1699//181
f 1699//181 1636//181 1700//181
f 1636//181 1637//181 1700//181
f 1700//181 1637//181 1701//206
f 1637//181 1638//181 1701//206
f 1701//206 1638//181 1702//150
f 1638//181 1639//368 1702//150
f 1702//150 1639//368 1703//368
f 1639//368 1640//180 1703//368
f 1703//368 1640//180 1704//181
f 1640//180 1641//484 1704//181
f 1704//181 1641//484 1705//629
f 1641//484 1642//245 1705//629
f 1705//629 1642//245 1706//366
f 1642//245 1643//212 1706//366
f 1706//366 1643//212 1707//180
f 1643//212 1644//531 1707//180
f 1707//180 1644//531 1708//215
f 1644//531 1645//186 1708//215
f 1708//215 1645//186 1709//630
f 1645//186 1646//186 1709//630
f 1709//630 1646//186 1710//631
f 1646//186 1647//623 1710//631
f 1710//631 1647//623 1711//621
f 1647//623 1648//624 1711//621
f 1711//621 1648//624 1712//632
f 1649//625 1650//181 1713//633
f 1713//633 1650//181 1714//181
f 1650//181 1651//181 1714//181
f 1714//181 1651//181 1715//181
f 1651//181 1652//221 1715//181
f 1715//181 1652//221 1716//406
f 1652//221 1653//500 1716//406
f 1716//406 1653//500 1717//406
f 1653//500 1654//181 1717//406
f 1717//406 1654//181 1718//195
f 1654//181 1655//500 1718//195
f 1718//195 1655//500 1719//195
f 1655//500 1656//221 1719//195
f 1719//195 1656//221 1720//221
f 1656//221 1657//195 1720//221
f 1720//221 1657//195 1721//500
f 1657//195 1658//105 1721//500
f 1721//500 1658//105 1722//221
f 1658//105 1659//297 1722//221
f 1722//221 1659//297 1723//500
f 1659//297 1660//296 1723//500
f 1723//500 1660//296 1724//500
f 1660//296 1661//545 1724//500
f 1724//500 1661//545 1725//545
f 1661//545 1662//500 1725//545
f 1725//545 1662//500 1726//195
f 1662//500 1663//181 1726//195
f 1726//195 1663//181 1727//138
f 1663//181 1664//407 1727//138
f 1727//138 1664//407 1728//105
f 1664//407 1665//333 1728//105
f 1728//105 1665//333 1729//333
f 1665//333 1666//333 1729//333
f 1729//333 1666//333 1730//333
f 1666//333 1667//475 1730//333
f 1730//333 1667//475 1731//196
f 1667//475 1668//181 1732//196
f 1667//475 1732//196 1731//196
f 1668//181 1669//626 1732//196
f 1732//196 1669//626 1733//634
f 1669//626 1670//627 1733//634
f 1733//634 1670//627 1734//635
f 1671//628 1672//430 1735//636
f 1735//636 1672//430 1736//319
f 1672//430 1673//430 1737//276
f 1672//430 1737//276 1736//319
f 1673//430 1674//317 1737//276
f 1737//276 1674//317 1738//180
f 1674//317 1675//317 1738//180
f 1738//180 1675//317 1739//495
f 1675//317 1676//181 1739//495
f 1739//495 1676//181 1740//470
f 1676//181 1677//622 1740//470
f 1740//470 1677//622 1741//637
f 1677//622 1678//621 1742//638
f 1677//622 1742//638 1741//637
f 1678//621 1679//181 1742//638
f 1742//638 1679//181 1743//181
f 1679//181 1680//317 1743//181
f 1743//181 1680//317 1744//317
f 1680//317 1681//317 1744//317
f 1744//317 1681//317 1745//533
f 1681//317 1682//180 1745//533
f 1745//533 1682//180 1746//128
f 1682//180 1683//368 1746//128
f 1746//128 1683//368 1747//181
f 1683//368 1684//181 1747//181
f 1747//181 1684//181 1748//415
f 1684//181 1685//181 1748//415
f 1748//415 1685//181 1749//356
f 1685//181 1686//181 1749//356
f 1749//356 1686//181 1750//356
f 1686//181 1687//181 1750//356
f 1750//356 1687//181 1751//150
f 1687//181 1688//180 1751//150
f 1751//150 1688//180 1752//180
f 1688//180 1689//368 1752//180
f 1752//180 1689//368 1753//181
f 1689//368 1690//181 1753//181
f 1753//181 1690//181 1754//181
f 1690//181 1691//181 1754//181
f 1754//181 1691//181 1755//206
f 1691//181 1692//317 1755//206
f 1755//206 1692//317 1756//368
f 1692//317 1693//317 1756//368
f 1756//368 1693//317 1757//495
f 1693//317 1694//181 1757//495
f 1757//495 1694//181 1758//415
f 1694//181 1695//484 1758//415
f 1758//415 1695//484 1759//180
f 1695//484 1696//128 1759//180
f 1759//180 1696//128 1760//495
f 1696//128 1697//181 1760//495
f 1760//495 1697//181 1761//181
f 1697//181 1698//181 1761//181
f 1761//181 1698//181 1762//181
f 1698//181 1699//181 1762//181
f 1762//181 1699//181 1763//181
f 1699//181 1700//181 1763//181
f 1763//181 1700//181 1764//180
f 1700//181 1701//206 1764//180
f 1764//180 1701//206 1765//465
f 1701//206 1702//150 1765//465
f 1765//465 1702//150 1766//206
f 1702//150 1703//368 1766//206
f 1766//206 1703//368 1767//181
f 1703//368 1704//181 1767//181
f 1767//181 1704//181 1768//181
f 1704//181 1705//629 1768//181
f 1768//181 1705//629 1769//639
f 1705//629 1706//366 1769//639
f 1769//639 1706//366 1770//640
f 1706//366 1707//180 1770//640
f 1770//640 1707//180 1771//128
f 1707//180 1708//215 1771//128
f 1771//128 1708//215 1772//128
f 1708//215 1709//630 1772//128
f 1772//128 1709//630 1773//641
f 1709//630 1710//631 1774//642
f 1709//630 1774//642 1773//641
f 1710//631 1711//621 1775//643
f 1710//631 1775//643 1774//642
f 1711//621 1712//632 1775//643
f 1777//644 1713//633 1778//181
f 1713//633 1714//181 1778//181
f 1778//181 1714//181 1779//181
f 1714//181 1715//181 1779//181
f 1779//181 1715//181 1780//181
f 1715//181 1716//406 1780//181
f 1780//181 1716//406 1781//476
f 1716//406 1717//406 1781//476
f 1781//476 1717//406 1782//500
f 1717//406 1718//195 1782//500
f 1782//500 1718//195 1783//500
f 1718//195 1719//195 1783//500
f 1783//500 1719//195 1784//181
f 1719//195 1720//221 1784//181
f 1784//181 1720//221 1785//476
f 1720//221 1721//500 1785//476
f 1785//476 1721//500 1786//195
f 1721//500 1722//221 1786//195
f 1786//195 1722//221 1787//195
f 1722//221 1723//500 1787//195
f 1787//195 1723//500 1788//296
f 1723//500 1724//500 1788//296
f 1788//296 1724//500 1789//296
f 1724//500 1725//545 1789//296
f 1789//296 1725//545 1790//545
f 1725//545 1726//195 1790//545
f 1790//545 1726//195 1791//195
f 1726//195 1727//138 1791//195
f 1791//195 1727//138 1792//407
f 1727//138 1728//105 1792//407
f 1792//407 1728//105 1793//181
f 1728//105 1729//333 1793//181
f 1793//181 1729//333 1794//181
f 1729//333 1730//333 1794//181
f 1794//181 1730//333 1795//181
f 1730//333 1731//196 1795//181
f 1795//181 1731//196 1796//645
f 1731//196 1732//196 1797//408
f 1731//196 1797//408 1796//645
f 1732//196 1733//634 1797//408
f 1797//408 1733//634 1798//646
f 1733//634 1734//635 1798//646
f 1798//646 1734//635 1799//647
f 1735//636 1736//319 1801//648
f 1735//636 1801//648 1800//649
f 1736//319 1737//276 1802//241
f 1736//319 1802//241 1801//648
f 1737//276 1738//180 1802//241
f 1802//241 1738//180 1803//206
f 1738//180 1739//495 1803//206
f 1803//206 1739//495 1804//484
f 1739//495 1740//470 1804//484
f 1804//484 1740//470 1805//466
f 1740//470 1741//637 1806//650
f 1740//470 1806//650 1805//466
f 1741//637 1742//638 1806//650
f 1806//650 1742//638 1807//651
f 1742//638 1743//181 1807//651
f 1807//651 1743//181 1808//415
f 1743//181 1744//317 1808//415
f 1808//415 1744//317 1809//368
f 1744//317 1745//533 1809//368
f 1809//368 1745//533 1810//533
f 1745//533 1746//128 1810//533
f 1810//533 1746//128 1811//317
f 1746//128 1747//181 1811//317
f 1811//317 1747//181 1812//484
f 1747//181 1748//415 1812//484
f 1812//484 1748//415 1813//180
f 1748//415 1749//356 1813//180
f 1813//180 1749//356 1814//356
f 1749//356 1750//356 1814//356
f 1814//356 1750//356 1815//356
f 1750//356 1751//150 1815//356
f 1815//356 1751//150 1816//206
f 1751//150 1752//180 1816//206
f 1816//206 1752//180 1817//181
f 1752//180 1753//181 1817//181
f 1817//181 1753//181 1818//181
f 1753//181 1754//181 1818//181
f 1818//181 1754//181 1819//484
f 1754//181 1755//206 1819//484
f 1819//484 1755//206 1820//368
f 1755//206 1756//368 1820//368
f 1820//368 1756//368 1821//206
f 1756//368 1757//495 1821//206
f 1821//206 1757//495 1822//484
f 1757//495 1758//415 1822//484
f 1822//484 1758//415 1823//180
f 1758//415 1759//180 1823//180
f 1823//180 1759//180 1824//206
f 1759//180 1760//495 1824//206
f 1824//206 1760//495 1825//181
f 1760//495 1761//181 1825//181
f 1825//181 1761//181 1826//181
f 1761//181 1762//181 1826//181
f 1826//181 1762//181 1827//181
f 1762//181 1763//181 1827//181
f 1827//181 1763//181 1828//180
f 1763//181 1764//180 1828//180
f 1828//180 1764//180 1829//180
f 1764//180 1765//465 1829//180
f 1829//180 1765//465 1830//181
f 1765//465 1766//206 1830//181
f 1830//181 1766//206 1831//181
f 1766//206 1767//181 1831//181
f 1831//181 1767//181 1832//181
f 1767//181 1768//181 1832//181
f 1832//181 1768//181 1833//181
f 1768//181 1769//639 1833//181
f 1833//181 1769//639 1834//639
f 1769//639 1770//640 1834//639
f 1834//639 1770//640 1835//652
f 1770//640 1771//128 1835//652
f 1835//652 1771//128 1836//215
f 1771//128 1772//128 1836//215
f 1836//215 1772//128 1837//368
f 1772//128 1773//641 1837//368
f 1837//368 1773//641 1838//242
f 1773//641 1774//642 1838//242
f 1838//242 1774//642 1839//213
f 1774//642 1775//643 1839//213
f 1839//213 1775//643 1840//653
f 1776//654 1777//644 1841//655
f 1777//644 1778//181 1841//655
f 1841//655 1778//181 1842//181
f 1778//181 1779//181 1842//181
f 1842//181 1779//181 1843//181
f 1779//181 1780//181 1843//181
f 1843//181 1780//181 1844//195
f 1780//181 1781//476 1844//195
f 1844//195 1781//476 1845//195
f 1781//476 1782//500 1845//195
f 1845//195 1782//500 1846//500
f 1782//500 1783//500 1846//500
f 1846//500 1783//500 1847//221
f 1783//500 1784//181 1847//221
f 1847//221 1784//181 1848//195
f 1784//181 1785//476 1848//195
f 1848//195 1785//476 1849//656
f 1785//476 1786//195 1849//656
f 1849//656 1786//195 1850//105
f 1786//195 1787//195 1850//105
f 1850//105 1787//195 1851//195
f 1787//195 1788//296 1851//195
f 1851//195 1788//296 1852//500
f 1788//296 1789//296 1852//500
f 1852//500 1789//296 1853//500
f 1789//296 1790//545 1853//500
f 1853//500 1790//545 1854//568
f 1790//545 1791//195 1854//568
f 1854//568 1791//195 1855//500
f 1791//195 1792//407 1855//500
f 1855//500 1792//407 1856//333
f 1792//407 1793//181 1856//333
f 1856//333 1793//181 1857//333
f 1793//181 1794//181 1857//333
f 1857//333 1794//181 1858//333
f 1794//181 1795//181 1858//333
f 1858//333 1795//181 1859//105
f 1795//181 1796//645 1859//105
f 1859//105 1796//645 1860//162
f 1796//645 1797//408 1861//459
f 1796//645 1861//459 1860//162
f 1797//408 1798//646 1861//459
f 1861//459 1798//646 1862//657
f 1798//646 1799//647 1862//657
f 1862//657 1799//647 1863//658
f 1800//649 1801//648 1864//659
f 1864//659 1801//648 1865//317
f 1801//648 1802//241 1865//317
f 1865//317 1802//241 1866//181
f 1802//241 1803//206 1866//181
f 1866//181 1803//206 1867//415
f 1803//206 1804//484 1867//415
f 1867//415 1804//484 1868//180
f 1804//484 1805//466 1868//180
f 1868//180 1805//466 1869//660
f 1805//466 1806//650 1870//573
f 1805//466 1870//573 1869//660
f 1806//650 1807//651 1870//573
f 1870//573 1807//651 1871//215
f 1807//651 1808//415 1871//215
f 1871//215 1808//415 1872//150
f 1808//415 1809//368 1872//150
f 1872//150 1809//368 1873//206
f 1809//368 1810//533 1873//206
f 1873//206 1810//533 1874//242
f 1810//533 1811//317 1874//242
f 1874//242 1811//317 1875//495
f 1811//317 1812//484 1875//495
f 1875//495 1812//484 1876//128
f 1812//484 1813//180 1876//128
f 1876//128 1813//180 1877//495
f 1813//180 1814//356 1877//495
f 1877//495 1814//356 1878//181
f 1814//356 1815//356 1878//181
f 1878//181 1815//356 1879//181
f 1815//356 1816//206 1879//181
f 1879//181 1816//206 1880//181
f 1816//206 1817//181 1880//181
f 1880//181 1817//181 1881//181
f 1817//181 1818//181 1881//181
f 1881//181 1818//181 1882//181
f 1818//181 1819//484 1882//181
f 1882//181 1819//484 1883//242
f 1819//484 1820//368 1883//242
f 1883//242 1820//368 1884//495
f 1820//368 1821//206 1884//495
f 1884//495 1821//206 1885//181
f 1821//206 1822//484 1885//181
f 1885//181 1822//484 1886//128
f 1822//484 1823//180 1886//128
f 1886//128 1823//180 1887//495
f 1823//180 1824//206 1887//495
f 1887//495 1824//206 1888//181
f 1824//206 1825//181 1888//181
f 1888//181 1825//181 1889//181
f 1825//181 1826//181 1889//181
f 1889//181 1826//181 1890//206
f 1826//181 1827//181 1890//206
f 1890//206 1827//181 1891//150
f 1827//181 1828//180 1891//150
f 1891//150 1828//180 1892//180
f 1828//180 1829//180 1892//180
f 1892//180 1829//180 1893//181
f 1829//180 1830//181 1893//181
f 1893//181 1830//181 1894//181
f 1830//181 1831//181 1894//181
f 1894//181 1831//181 1895//181
f 1831//181 1832//181 1895//181
f 1895//181 1832//181 1896//181
f 1832//181 1833//181 1896//181
f 1896//181 1833//181 1897//181
f 1833//181 1834//639 1897//181
f 1897//181 1834//639 1898//661
f 1834//639 1835//652 1898//661
f 1898//661 1835//652 1899//662
f 1835//652 1836//215 1899//662
f 1899//662 1836//215 1900//599
f 1836//215 1837//368 1900//599
f 1900//599 1837//368 1901//180
f 1837//368 1838//242 1901//180
f 1901//180 1838//242 1902//212
f 1838//242 1839//213 1902//212
f 1902//212 1839//213 1903//213
f 1839//213 1840//653 1903//213
f 1903//213 1840//653 1904//663
f 1841//655 1842//181 1905//664
f 1905//664 1842//181 1906//181
f 1842//181 1843//181 1906//181
f 1906//181 1843//181 1907//221
f 1843//181 1844//195 1907//221
f 1907//221 1844//195 1908//500
f 1844//195 1845//195 1908//500
f 1908//500 1845//195 1909//221
f 1845//195 1846//500 1909//221
f 1909//221 1846//500 1910//500
f 1846//500 1847//221 1910//500
f 1910//500 1847//221 1911//195
f 1847//221 1848//195 1911//195
f 1911//195 1848//195 1912//656
f 1848//195 1849//656 1912//656
f 1912//656 1849//656 1913//195
f 1849//656 1850//105 1913//195
f 1913//195 1850//105 1914//407
f 1850//105 1851//195 1914//407
f 1914//407 1851//195 1915//195
f 1851//195 1852//500 1915//195
f 1915//195 1852//500 1916//500
f 1852//500 1853//500 1916//500
f 1916//500 1853//500 1917//500
f 1853//500 1854//568 1917//500
f 1917//500 1854//568 1918//665
f 1854//568 1855//500 1918//665
f 1918//665 1855//500 1919//666
f 1855//500 1856//333 1919//666
f 1919//666 1856//333 1920//333
f 1856//333 1857//333 1920//333
f 1920//333 1857//333 1921//333
f 1857//333 1858//333 1921//333
f 1921//333 1858//333 1922//333
f 1858//333 1859//105 1922//333
f 1922//333 1859//105 1923//407
f 1859//105 1860//162 1923//407
f 1923//407 1860//162 1924//459
f 1860//162 1861//459 1924//459
f 1924//459 1861//459 1925//193
f 1861//459 1862//657 1925//193
f 1925//193 1862//657 1926//667
f 1862//657 1863//658 1926//667
f 1926//667 1863//658 1927//668
f 1864//659 1865//317 1928//669
f 1928//669 1865//317 1929//180
f 1865//317 1866//181 1929//180
f 1929//180 1866//181 1930//150
f 1866//181 1867//415 1930//150
f 1930//150 1867//415 1931//670
f 1867//415 1868//180 1931//670
f 1931//670 1868//180 1932//418
f 1868//180 1869//660 1932//418
f 1932//418 1869//660 1933//551
f 1869//660 1870//573 1933//551
f 1933//551 1870//573 1934//671
f 1870//573 1871//215 1934//671
f 1934//671 1871//215 1935//599
f 1871//215 1872//150 1935//599
f 1935//599 1872//150 1936//206
f 1872//150 1873//206 1936//206
f 1936//206 1873//206 1937//150
f 1873//206 1874//242 1937//150
f 1937//150 1874//242 1938//180
f 1874//242 1875//495 1938//180
f 1938//180 1875//495 1939//368
f 1875//495 1876//128 1939//368
f 1939//368 1876//128 1940//368
f 1876//128 1877//495 1940//368
f 1940//368 1877//495 1941//181
f 1877//495 1878//181 1941//181
f 1941//181 1878//181 1942//181
f 1878//181 1879//181 1942//181
f 1942//181 1879//181 1943//181
f 1879//181 1880//181 1943//181
f 1943//181 1880//181 1944//181
f 1880//181 1881//181 1944//181
f 1944//181 1881//181 1945//206
f 1881//181 1882//181 1945//206
f 1945//206 1882//181 1946//150
f 1882//181 1883//242 1946//150
f 1946//150 1883//242 1947//180
f 1883//242 1884//495 1947//180
f 1947//180 1884//495 1948//415
f 1884//495 1885//181 1948//415
f 1948//415 1885//181 1949//150
f 1885//181 1886//128 1949//150
f 1949//150 1886//128 1950//672
f 1886//128 1887//495 1950//672
f 1950//672 1887//495 1951//181
f 1887//495 1888//181 1951//181
f 1951//181 1888//181 1952//181
f 1888//181 1889//181 1952//181
f 1952//181 1889//181 1953//484
f 1889//181 1890//206 1953//484
f 1953//484 1890//206 1954//368
f 1890//206 1891//150 1954//368
f 1954//368 1891//150 1955//206
f 1891//150 1892//180 1955//206
f 1955//206 1892//180 1956//181
f 1892//180 1893//181 1956//181
f 1956//181 1893//181 1957//181
f 1893//181 1894//181 1957//181
f 1957//181 1894//181 1958//181
f 1894//181 1895//181 1958//181
f 1958//181 1895//181 1959//181
f 1895//181 1896//181 1959//181
f 1959//181 1896//181 1960//181
f 1896//181 1897//181 1960//181
f 1960//181 1897//181 1961//484
f 1897//181 1898//661 1961//484
f 1961//484 1898//661 1962//673
f 1898//661 1899//662 1962//673
f 1962//673 1899//662 1963//553
f 1899//662 1900//599 1963//553
f 1963//553 1900//599 1964//156
f 1900//599 1901//180 1964//156
f 1964//156 1901//180 1965//368
f 1901//180 1902//212 1965//368
f 1965//368 1902//212 1966//317
f 1902//212 1903//213 1966//317
f 1966//317 1903//213 1967//674
f 1903//213 1904//663 1967//674
f 1967//674 1904//663 1968//675
f 1905//664 1906//181 1969//676
f 1969//676 1906//181 1970//181
f 1906//181 1907//221 1970//181
f 1970//181 1907//221 1971//406
f 1907//221 1908//500 1971//406
f 1971//406 1908//500 1972//406
f 1908//500 1909//221 1972//406
f 1972//406 1909//221 1973//500
f 1909//221 1910//500 1973//500
f 1973//500 1910//500 1974//296
f 1910//500 1911//195 1974//296
f 1974//296 1911//195 1975//656
f 1911//195 1912//656 1975//656
f 1975//656 1912//656 1976//195
f 1912//656 1913//195 1976//195
f 1976//195 1913//195 1977//195
f 1913//195 1914//407 1977//195
f 1977//195 1914//407 1978//105
f 1914//407 1915//195 1978//105
f 1978//105 1915//195 1979//407
f 1915//195 1916//500 1979//407
f 1979//407 1916//500 1980//500
f 1916//500 1917//500 1980//500
f 1980//500 1917//500 1981//500
f 1917//500 1918//665 1981//500
f 1981//500 1918//665 1982//677
f 1918//665 1919//666 1982//677
f 1982//677 1919//666 1983//406
f 1919//666 1920//333 1983//406
f 1983//406 1920//333 1984//181
f 1920//333 1921//333 1984//181
f 1984//181 1921//333 1985//181
f 1921//333 1922//333 1985//181
f 1985//181 1922//333 1986//181
f 1922//333 1923//407 1986//181
f 1986//181 1923//407 1987//181
f 1923//407 1924//459 1987//181
f 1987//181 1924//459 1988//181
f 1924//459 1925//193 1989//475
f 1924//459 1989//475 1988//181
f 1925//193 1926//667 1989//475
f 1989//475 1926//667 1990//678
f 1926//667 1927//668 1990//678
f 1990//678 1927//668 1991//679
f 1928//669 1929//180 1992//680
f 1992//680 1929//180 1993//368
f 1929//180 1930//150 1993//368
f 1993//368 1930//150 1994//518
f 1930//150 1931//670 1994//518
f 1994//518 1931//670 1995//681
f 1931//670 1932//418 1996//682
f 1931//670 1996//682 1995//681
f 1932//418 1933//551 1996//682
f 1996//682 1933//551 1997//471
f 1933//551 1934//671 1997//471
f 1997//471 1934//671 1998//683
f 1934//671 1935//599 1998//683
f 1998//683 1935//599 1999//453
f 1935//599 1936//206 1999//453
f 1999//453 1936//206 2000//368
f 1936//206 1937//150 2000//368
f 2000//368 1937//150 2001//206
f 1937//150 1938//180 2001//206
f 2001//206 1938//180 2002//484
f 1938//180 1939//368 2002//484
f 2002//484 1939//368 2003//128
f 1939//368 1940//368 2003//128
f 2003//128 1940//368 2004//181
f 1940//368 1941//181 2004//181
f 2004//181 1941//181 2005//181
f 1941//181 1942//181 2005//181
f 2005//181 1942//181 2006//181
f 1942//181 1943//181 2006//181
f 2006//181 1943//181 2007//181
f 1943//181 1944//181 2007//181
f 2007//181 1944//181 2008//180
f 1944//181 1945//206 2008//180
f 2008//180 1945//206 2009//465
f 1945//206 1946//150 2009//465
f 2009//465 1946//150 2010//206
f 1946//150 1947//180 2010//206
f 2010//206 1947//180 2011//484
f 1947//180 1948//415 2011//484
f 2011//484 1948//415 2012//180
f 1948//415 1949//150 2012//180
f 2012//180 1949//150 2013//206
f 1949//150 1950//672 2013//206
f 2013//206 1950//672 2014//181
f 1950//672 1951//181 2014//181
f 2014//181 1951//181 2015//181
f 1951//181 1952//181 2015//181
f 2015//181 1952//181 2016//181
f 1952//181 1953//484 2016//181
f 2016//181 1953//484 2017//242
f 1953//484 1954//368 2017//242
f 2017//242 1954//368 2018//495
f 1954//368 1955//206 2018//495
f 2018//495 1955//206 2019//181
f 1955//206 1956//181 2019//181
f 2019//181 1956//181 2020//181
f 1956//181 1957//181 2020//181
f 2020//181 1957//181 2021//181
f 1957//181 1958//181 2021//181
f 2021//181 1958//181 2022//181
f 1958//181 1959//181 2022//181
f 2022//181 1959//181 2023//415
f 1959//181 1960//181 2023//415
f 2023//415 1960//181 2024//356
f 1960//181 1961//484 2024//356
f 2024//356 1961//484 2025//180
f 1961//484 1962//673 2025//180
f 2025//180 1962//673 2026//661
f 1962//673 1963//553 2026//661
f 2026//661 1963//553 2027//684
f 1963//553 1964//156 2027//684
f 2027//684 1964//156 2028//685
f 1964//156 1965//368 2028//685
f 2028//685 1965//368 2029//181
f 1965//368 1966//317 2029//181
f 2029//181 1966//317 2030//242
f 1966//317 1967//674 2030//242
f 2030//242 1967//674 2031//686
f 1967//674 1968//675 2031//686
f 2032//687 1969//676 2033//181
f 1969//676 1970//181 2033//181
f 2033//181 1970//181 2034//181
f 1970//181 1971//406 2034//181
f 2034//181 1971//406 2035//476
f 1971//406 1972//406 2035//476
f 2035//476 1972//406 2036//500
f 1972//406 1973//500 2036//500
f 2036//500 1973//500 2037//545
f 1973//500 1974//296 2037//545
f 2037//545 1974//296 2038//688
f 1974//296 1975//656 2038//688
f 2038//688 1975//656 2039//195
f 1975//656 1976//195 2039//195
f 2039//195 1976//195 2040//195
f 1976//195 1977//195 2040//195
f 2040//195 1977//195 2041//195
f 1977//195 1978//105 2041//195
f 2041//195 1978//105 2042//181
f 1978//105 1979//407 2042//181
f 2042//181 1979//407 2043//221
f 1979//407 1980//500 2043//221
f 2043//221 1980//500 2044//500
f 1980//500 1981//500 2044//500
f 2044//500 1981//500 2045//406
f 1981//500 1982//677 2045//406
f 2045//406 1982//677 2046//677
f 1982//677 1983//406 2046//677
f 2046//677 1983//406 2047//689
f 1983//406 1984//181 2047//689
f 2047//689 1984//181 2048//181
f 1984//181 1985//181 2048//181
f 2048//181 1985//181 2049//181
f 1985//181 1986//181 2049//181
f 2049//181 1986//181 2050//181
f 1986//181 1987//181 2050//181
f 2050//181 1987//181 2051//407
f 1987//181 1988//181 2051//407
f 2051//407 1988//181 2052//475
f 1988//181 1989//475 2052//475
f 2052//475 1989//475 2053//181
f 1989//475 1990//678 2053//181
f 2053//181 1990//678 2054//690
f 1990//678 1991//679 2054//690
f 2054//690 1991//679 2055//691
f 1992//680 1993//368 2056//692
f 2056//692 1993//368 2057//317
f 1993//368 1994//518 2057//317
f 2057//317 1994//518 2058//481
f 1994//518 1995//681 2058//481
f 2058//481 1995//681 2059//358
f 1995//681 1996//682 2059//358
f 2059//358 1996//682 2060//212
f 1996//682 1997//471 2060//212
f 2060//212 1997//471 2061//363
f 1997//471 1998//683 2062//176
f 1997//471 2062//176 2061//363
f 1998//683 1999//453 2062//176
f 2062//176 1999//453 2063//215
f 1999//453 2000//368 2063//215
f 2063//215 2000//368 2064//495
f 2000//368 2001//206 2064//495
f 2064//495 2001//206 2065//181
f 2001//206 2002//484 2065//181
f 2065//181 2002//484 2066//317
f 2002//484 2003//128 2066//317
f 2066//317 2003//128 2067//317
f 2003//128 2004//181 2067//317
f 2067//317 2004//181 2068//181
f 2004//181 2005//181 2068//181
f 2068//181 2005//181 2069//181
f 2005//181 2006//181 2069//181
f 2069//181 2006//181 2070//415
f 2006//181 2007//181 2070//415
f 2070//415 2007//181 2071//150
f 2007//181 2008//180 2071//150
f 2071//150 2008//180 2072//180
f 2008//180 2009//465 2072//180
f 2072//180 2009//465 2073//181
f 2009//465 2010//206 2073//181
f 2073//181 2010//206 2074//181
f 2010//206 2011//484 2074//181
f 2074//181 2011//484 2075//242
f 2011//484 2012//180 2075//242
f 2075//242 2012//180 2076//495
f 2012//180 2013//206 2076//495
f 2076//495 2013//206 2077//181
f 2013//206 2014//181 2077//181
f 2077//181 2014//181 2078//181
f 2014//181 2015//181 2078//181
f 2078//181 2015//181 2079//181
f 2015//181 2016//181 2079//181
f 2079//181 2016//181 2080//368
f 2016//181 2017//242 2080//368
f 2080//368 2017//242 2081//368
f 2017//242 2018//495 2081//368
f 2081//368 2018//495 2082//181
f 2018//495 2019//181 2082//181
f 2082//181 2019//181 2083//181
f 2019//181 2020//181 2083//181
f 2083//181 2020//181 2084//181
f 2020//181 2021//181 2084//181
f 2084//181 2021//181 2085//181
f 2021//181 2022//181 2085//181
f 2085//181 2022//181 2086//368
f 2022//181 2023//415 2086//368
f 2086//368 2023//415 2087//150
f 2023//415 2024//356 2087//150
f 2087//150 2024//356 2088//356
f 2024//356 2025//180 2088//356
f 2088//356 2025//180 2089//206
f 2025//180 2026//661 2089//206
f 2089//206 2026//661 2090//693
f 2026//661 2027//684 2090//693
f 2090//693 2027//684 2091//694
f 2027//684 2028//685 2091//694
f 2091//694 2028//685 2092//695
f 2028//685 2029//181 2092//695
f 2092//695 2029//181 2093//484
f 2029//181 2030//242 2093//484
f 2093//484 2030//242 2094//242
f 2030//242 2031//686 2094//242
f 2094//242 2031//686 2095//696
f 2031//686 2096//697 2095//696
f 2032//687 2033//181 2097//698
f 2097//698 2033//181 2098//181
f 2033//181 2034//181 2098//181
f 2098//181 2034//181 2099//221
f 2034//181 2035//476 2099//221
f 2099//221 2035//476 2100//500
f 2035//476 2036//500 2100//500
f 2100//500 2036//500 2101//500
f 2036//500 2037//545 2101//500
f 2101//500 2037//545 2102//699
f 2037//545 2038//688 2102//699
f 2102//699 2038//688 2103//545
f 2038//688 2039//195 2103//545
f 2103//545 2039//195 2104//195
f 2039//195 2040//195 2104//195
f 2104//195 2040//195 2105//195
f 2040//195 2041//195 2105//195
f 2105//195 2041//195 2106//181
f 2041//195 2042//181 2106//181
f 2106//181 2042//181 2107//181
f 2042//181 2043//221 2107//181
f 2107//181 2043//221 2108//406
f 2043//221 2044//500 2108//406
f 2108//406 2044//500 2109//406
f 2044//500 2045//406 2109//406
f 2109//406 2045//406 2110//568
f 2045//406 2046//677 2110//568
f 2110//568 2046//677 2111//700
f 2046//677 2047//689 2111//700
f 2111//700 2047//689 2112//460
f 2047//689 2048//181 2113//196
f 2047//689 2113//196 2112//460
f 2048//181 2049//181 2113//196
f 2113//196 2049//181 2114//333
f 2049//181 2050//181 2114//333
f 2114//333 2050//181 2115//105
f 2050//181 2051//407 2115//105
f 2115//105 2051//407 2116//105
f 2051//407 2052//475 2116//105
f 2116//105 2052//475 2117//196
f 2052//475 2053//181 2118//461
f 2052//475 2118//461 2117//196
f 2053//181 2054//690 2118//461
f 2118//461 2054//690 2119//700
f 2054//690 2055//691 2119//700
f 2119//700 2055//691 2120//701
f 2056//692 2057//317 2121//702
f 2121//702 2057//317 2122//180
f 2057//317 2058//481 2122//180
f 2122//180 2058//481 2123//431
f 2058//481 2059//358 2124//450
f 2058//481 2124//450 2123//431
f 2059//358 2060//212 2124//450
f 2124//450 2060//212 2125//242
f 2060//212 2061//363 2125//242
f 2125//242 2061//363 2126//418
f 2061//363 2062//176 2127//398
f 2061//363 2127//398 2126//418
f 2062//176 2063//215 2127//398
f 2127//398 2063//215 2128//180
f 2063//215 2064//495 2128//180
f 2128//180 2064//495 2129//181
f 2064//495 2065//181 2129//181
f 2129//181 2065//181 2130//181
f 2065//181 2066//317 2130//181
f 2130//181 2066//317 2131//317
f 2066//317 2067//317 2131//317
f 2131//317 2067//317 2132//317
f 2067//317 2068//181 2132//317
f 2132//317 2068//181 2133//181
f 2068//181 2069//181 2133//181
f 2133//181 2069//181 2134//484
f 2069//181 2070//415 2134//484
f 2134//484 2070//415 2135//368
f 2070//415 2071//150 2135//368
f 2135//368 2071//150 2136//206
f 2071//150 2072//180 2136//206
f 2136//206 2072//180 2137//181
f 2072//180 2073//181 2137//181
f 2137//181 2073//181 2138//181
f 2073//181 2074//181 2138//181
f 2138//181 2074//181 2139//180
f 2074//181 2075//242 2139//180
f 2139//180 2075//242 2140//368
f 2075//242 2076//495 2140//368
f 2140//368 2076//495 2141//181
f 2076//495 2077//181 2141//181
f 2141//181 2077//181 2142//181
f 2077//181 2078//181 2142//181
f 2142//181 2078//181 2143//181
f 2078//181 2079//181 2143//181
f 2143//181 2079//181 2144//484
f 2079//181 2080//368 2144//484
f 2144//484 2080//368 2145//128
f 2080//368 2081//368 2145//128
f 2145//128 2081//368 2146//181
f 2081//368 2082//181 2146//181
f 2146//181 2082//181 2147//181
f 2082//181 2083//181 2147//181
f 2147//181 2083//181 2148//181
f 2083//181 2084//181 2148//181
f 2148//181 2084//181 2149//181
f 2084//181 2085//181 2149//181
f 2149//181 2085//181 2150//180
f 2085//181 2086//368 2150//180
f 2150//180 2086//368 2151//368
f 2086//368 2087//150 2151//368
f 2151//368 2087//150 2152//181
f 2087//150 2088//356 2152//181
f 2152//181 2088//356 2153//181
f 2088//356 2089//206 2153//181
f 2153//181 2089//206 2154//181
f 2089//206 2090//693 2154//181
f 2154//181 2090//693 2155//695
f 2090//693 2091//694 2156//694
f 2090//693 2156//694 2155//695
f 2091//694 2092//695 2157//703
f 2091//694 2157//703 2156//694
f 2092//695 2093//484 2157//703
f 2157//703 2093//484 2158//242
f 2093//484 2094//242 2158//242
f 2158//242 2094//242 2159//495
f 2094//242 2095//696 2159//495
f 2159//495 2095//696 2160//704
f 2095//696 2096//697 2160//704
f 2160//704 2096//697 2161//705
f 2096//697 2162//706 2161//705
f 2162//706 2097//698 2163//707
f 2097//698 2098//181 2163//707
f 2163//707 2098//181 2164//407
f 2098//181 2099//221 2164//407
f 2164//407 2099//221 2165//195
f 2099//221 2100//500 2165//195
f 2165//195 2100//500 2166//296
f 2100//500 2101//500 2166//296
f 2166//296 2101//500 2167//656
f 2101//500 2102//699 2167//656
f 2167//656 2102//699 2168//708
f 2102//699 2103//545 2168//708
f 2168//708 2103//545 2169//296
f 2103//545 2104//195 2169//296
f 2169//296 2104//195 2170//195
f 2104//195 2105//195 2170//195
f 2170//195 2105//195 2171//181
f 2105//195 2106//181 2171//181
f 2171//181 2106//181 2172//181
f 2106//181 2107//181 2172//181
f 2172//181 2107//181 2173//181
f 2107//181 2108//406 2173//181
f 2173//181 2108//406 2174//500
f 2108//406 2109//406 2174//500
f 2174//500 2109//406 2175//221
f 2109//406 2110//568 2175//221
f 2175//221 2110//568 2176//557
f 2110//568 2111//700 2176//557
f 2176//557 2111//700 2177//709
f 2111//700 2112//460 2177//709
f 2177//709 2112//460 2178//710
f 2112//460 2113//196 2179//475
f 2112//460 2179//475 2178//710
f 2113//196 2114//333 2179//475
f 2179//475 2114//333 2180//333
f 2114//333 2115//105 2180//333
f 2180//333 2115//105 2181//407
f 2115//105 2116//105 2181//407
f 2181//407 2116//105 2182//181
f 2116//105 2117//196 2182//181
f 2182//181 2117//196 2183//181
f 2117//196 2118//461 2184//458
f 2117//196 2184//458 2183//181
f 2118//461 2119//700 2184//458
f 2184//458 2119//700 2185//557
f 2119//700 2120//701 2185//557
f 2185//557 2120//701 2186//711
f 2121//702 2122//180 2187//504
f 2187//504 2122//180 2188//368
f 2122//180 2123//431 2188//368
f 2188//368 2123//431 2189//275
f 2123//431 2124//450 2190//447
f 2123//431 2190//447 2189//275
f 2124//450 2125//242 2190//447
f 2190//447 2125//242 2191//242
f 2125//242 2126//418 2191//242
f 2191//242 2126//418 2192//368
f 2126//418 2127//398 2192//368
f 2192//368 2127//398 2193//206
f 2127//398 2128//180 2193//206
f 2193//206 2128//180 2194//181
f 2128//180 2129//181 2194//181
f 2194//181 2129//181 2195//415
f 2129//181 2130//181 2195//415
f 2195//415 2130//181 2196//356
f 2130//181 2131//317 2196//356
f 2196//356 2131//317 2197//368
f 2131//317 2132//317 2197//368
f 2197//368 2132//317 2198//495
f 2132//317 2133//181 2198//495
f 2198//495 2133//181 2199//181
f 2133//181 2134//484 2199//181
f 2199//181 2134//484 2200//317
f 2134//484 2135//368 2200//317
f 2200//317 2135//368 2201//317
f 2135//368 2136//206 2201//317
f 2201//317 2136//206 2202//181
f 2136//206 2137//181 2202//181
f 2202//181 2137//181 2203//181
f 2137//181 2138//181 2203//181
f 2203//181 2138//181 2204//368
f 2138//181 2139//180 2204//368
f 2204//368 2139//180 2205//368
f 2139//180 2140//368 2205//368
f 2205//368 2140//368 2206//181
f 2140//368 2141//181 2206//181
f 2206//181 2141//181 2207//181
f 2141//181 2142//181 2207//181
f 2207//181 2142//181 2208//181
f 2142//181 2143//181 2208//181
f 2208//181 2143//181 2209//181
f 2143//181 2144//484 2209//181
f 2209//181 2144//484 2210//242
f 2144//484 2145//128 2210//242
f 2210//242 2145//128 2211//495
f 2145//128 2146//181 2211//495
f 2211//495 2146//181 2212//181
f 2146//181 2147//181 2212//181
f 2212//181 2147//181 2213//181
f 2147//181 2148//181 2213//181
f 2213//181 2148//181 2214//181
f 2148//181 2149//181 2214//181
f 2214//181 2149//181 2215//484
f 2149//181 2150//180 2215//484
f 2215//484 2150//180 2216//242
f 2150//180 2151//368 2216//242
f 2216//242 2151//368 2217//181
f 2151//368 2152//181 2217//181
f 2217//181 2152//181 2218//181
f 2152//181 2153//181 2218//181
f 2218//181 2153//181 2219//181
f 2153//181 2154//181 2219//181
f 2219//181 2154//181 2220//181
f 2154//181 2155//695 2220//181
f 2220//181 2155//695 2221//712
f 2155//695 2156//694 2221//712
f 2221//712 2156//694 2222//713
f 2156//694 2157//703 2222//713
f 2222//713 2157//703 2223//640
f 2157//703 2158//242 2223//640
f 2223//640 2158//242 2224//128
f 2158//242 2159//495 2224//128
f 2224//128 2159//495 2225//181
f 2159//495 2160//704 2225//181
f 2225//181 2160//704 2226//639
f 2160//704 2161//705 2226//639
f 2226//639 2161//705 2227//714
f 2161//705 2162//706 2227//714
f 2227//714 2162//706 2228//715
f 2162//706 2163//707 2228//715
f 2228//715 2163//707 2229//716
f 2163//707 2164//407 2229//716
f 2229//716 2164//407 2230//195
f 2164//407 2165//195 2230//195
f 2230//195 2165//195 2231//195
f 2165//195 2166//296 2231//195
f 2231//195 2166//296 2232//545
f 2166//296 2167//656 2232//545
f 2232//545 2167//656 2233//545
f 2167//656 2168//708 2233//545
f 2233//545 2168//708 2234//545
f 2168//708 2169//296 2234//545
f 2234//545 2169//296 2235//500
f 2169//296 2170//195 2235//500
f 2235//500 2170//195 2236//181
f 2170//195 2171//181 2236//181
f 2236//181 2171//181 2237//181
f 2171//181 2172//181 2237//181
f 2237//181 2172//181 2238//181
f 2172//181 2173//181 2238//181
f 2238//181 2173//181 2239//195
f 2173//181 2174//500 2239//195
f 2239//195 2174//500 2240//195
f 2174//500 2175//221 2240//195
f 2240//195 2175//221 2241//181
f 2175//221 2176//557 2241//181
f 2241//181 2176//557 2242//557
f 2176//557 2177//709 2242//557
f 2242//557 2177//709 2243//678
f 2177//709 2178//710 2243//678
f 2243//678 2178//710 2244//221
f 2178//710 2179//475 2244//221
f 2244//221 2179//475 2245//181
f 2179//475 2180//333 2245//181
f 2245//181 2180//333 2246//181
f 2180//333 2181//407 2246//181
f 2246//181 2181//407 2247//181
f 2181//407 2182//181 2247//181
f 2247//181 2182//181 2248//181
f 2182//181 2183//181 2248//181
f 2248//181 2183//181 2249//181
f 2183//181 2184//458 2249//181
f 2249//181 2184//458 2250//181
f 2184//458 2185//557 2250//181
f 2250//181 2185//557 2251//557
f 2185//557 2186//711 2251//557
f 2251//557 2186//711 2252//717
f 2187//504 2188//368 2253//692
f 2253//692 2188//368 2254//533
f 2188//368 2189//275 2254//533
f 2254//533 2189//275 2255//447
f 2189//275 2190//447 2256//274
f 2189//275 2256//274 2255//447
f 2190//447 2191//242 2256//274
f 2256//274 2191//242 2257//718
f 2191//242 2192//368 2257//718
f 2257//718 2192//368 2258//317
f 2192//368 2193//206 2258//317
f 2258//317 2193//206 2259//181
f 2193//206 2194//181 2259//181
f 2259//181 2194//181 2260//495
f 2194//181 2195//415 2260//495
f 2260//495 2195//415 2261//368
f 2195//415 2196//356 2261//368
f 2261//368 2196//356 2262//356
f 2196//356 2197//368 2262//356
f 2262//356 2197//368 2263//206
f 2197//368 2198//495 2263//206
f 2263//206 2198//495 2264//181
f 2198//495 2199//181 2264//181
f 2264//181 2199//181 2265//181
f 2199//181 2200//317 2265//181
f 2265//181 2200//317 2266//242
f 2200//317 2201//317 2266//242
f 2266//242 2201//317 2267//495
f 2201//317 2202//181 2267//495
f 2267//495 2202//181 2268//181
f 2202//181 2203//181 2268//181
f 2268//181 2203//181 2269//495
f 2203//181 2204//368 2269//495
f 2269//495 2204//368 2270//128
f 2204//368 2205//368 2270//128
f 2270//128 2205//368 2271//181
f 2205//368 2206//181 2271//181
f 2271//181 2206//181 2272//181
f 2206//181 2207//181 2272//181
f 2272//181 2207//181 2273//181
f 2207//181 2208//181 2273//181
f 2273//181 2208//181 2274//181
f 2208//181 2209//181 2274//181
f 2274//181 2209//181 2275//583
f 2209//181 2210//242 2275//583
f 2275//583 2210//242 2276//719
f 2210//242 2211//495 2276//719
f 2276//719 2211//495 2277//181
f 2211//495 2212//181 2277//181
f 2277//181 2212//181 2278//181
f 2212//181 2213//181 2278//181
f 2278//181 2213//181 2279//181
f 2213//181 2214//181 2279//181
f 2279//181 2214//181 2280//181
f 2214//181 2215//484 2280//181
f 2280//181 2215//484 2281//317
f 2215//484 2216//242 2281//317
f 2281//317 2216//242 2282//317
f 2216//242 2217//181 2282//317
f 2282//317 2217//181 2283//181
f 2217//181 2218//181 2283//181
f 2283//181 2218//181 2284//181
f 2218//181 2219//181 2284//181
f 2284//181 2219//181 2285//181
f 2219//181 2220//181 2285//181
f 2285//181 2220//181 2286//206
f 2220//181 2221//712 2286//206
f 2286//206 2221//712 2287//531
f 2221//712 2222//713 2287//531
f 2287//531 2222//713 2288//720
f 2222//713 2223//640 2288//720
f 2288//720 2223//640 2289//652
f 2223//640 2224//128 2289//652
f 2289//652 2224//128 2290//317
f 2224//128 2225//181 2290//317
f 2290//317 2225//181 2291//181
f 2225//181 2226//639 2291//181
f 2291//181 2226//639 2292//652
f 2226//639 2227//714 2292//652
f 2292//652 2227//714 2293//721
f 2227//714 2228//715 2294//722
f 2227//714 2294//722 2293//721
f 2228//715 2229//716 2294//722
f 2294//722 2229//716 2295//220
f 2229//716 2230//195 2295//220
f 2295//220 2230//195 2296//221
f 2230//195 2231//195 2296//221
f 2296//221 2231//195 2297//476
f 2231//195 2232//545 2297//476
f 2297//476 2232//545 2298//568
f 2232//545 2233//545 2298//568
f 2298//568 2233//545 2299//677
f 2233//545 2234//545 2299//677
f 2299//677 2234//545 2300//545
f 2234//545 2235//500 2300//545
f 2300//545 2235//500 2301//221
f 2235//500 2236//181 2301//221
f 2301//221 2236//181 2302//181
f 2236//181 2237//181 2302//181
f 2302//181 2237//181 2303//181
f 2237//181 2238//181 2303//181
f 2303//181 2238//181 2304//221
f 2238//181 2239//195 2304//221
f 2304//221 2239//195 2305//500
f 2239//195 2240//195 2305//500
f 2305//500 2240//195 2306//181
f 2240//195 2241//181 2306//181
f 2306//181 2241//181 2307//181
f 2241//181 2242//557 2307//181
f 2307//181 2242//557 2308//723
f 2242//557 2243//678 2308//723
f 2308//723 2243//678 2309//678
f 2243//678 2244//221 2309//678
f 2309//678 2244//221 2310//181
f 2244//221 2245//181 2310//181
f 2310//181 2245//181 2311//181
f 2245//181 2246//181 2311//181
f 2311//181 2246//181 2312//181
f 2246//181 2247//181 2312//181
f 2312//181 2247//181 2313//181
f 2247//181 2248//181 2313//181
f 2313//181 2248//181 2314//181
f 2248//181 2249//181 2314//181
f 2314//181 2249//181 2315//181
f 2249//181 2250//181 2315//181
f 2315//181 2250//181 2316//181
f 2250//181 2251//557 2316//181
f 2316//181 2251//557 2317//677
f 2251//557 2252//717 2317//677
f 2317//677 2252//717 2318//724
f 2253//692 2254//533 2319//725
f 2319//725 2254//533 2320//533
f 2254//533 2255//447 2320//533
f 2320//533 2255//447 2321//519
f 2255//447 2256//274 2322//726
f 2255//447 2322//726 2321//519
f 2256//274 2257//718 2323//670
f 2256//274 2323//670 2322//726
f 2257//718 2258//317 2323//670
f 2323//670 2258//317 2324//495
f 2258//317 2259//181 2324//495
f 2324//495 2259//181 2325//181
f 2259//181 2260//495 2325//181
f 2325//181 2260//495 2326//317
f 2260//495 2261//368 2326//317
f 2326//317 2261//368 2327//317
f 2261//368 2262//356 2327//317
f 2327//317 2262//356 2328//181
f 2262//356 2263//206 2328//181
f 2328//181 2263//206 2329//181
f 2263//206 2264//181 2329//181
f 2329//181 2264//181 2330//181
f 2264//181 2265//181 2330//181
f 2330//181 2265//181 2331//180
f 2265//181 2266//242 2331//180
f 2331//180 2266//242 2332//180
f 2266//242 2267//495 2332//180
f 2332//180 2267//495 2333//181
f 2267//495 2268//181 2333//181
f 2333//181 2268//181 2334//181
f 2268//181 2269//495 2334//181
f 2334//181 2269//495 2335//317
f 2269//495 2270//128 2335//317
f 2335//317 2270//128 2336//317
f 2270//128 2271//181 2336//317
f 2336//317 2271//181 2337//181
f 2271//181 2272//181 2337//181
f 2337//181 2272//181 2338//181
f 2272//181 2273//181 2338//181
f 2338//181 2273//181 2339//181
f 2273//181 2274//181 2339//181
f 2339//181 2274//181 2340//181
f 2274//181 2275//583 2340//181
f 2340//181 2275//583 2341//181
f 2275//583 2276//719 2342//727
f 2275//583 2342//727 2341//181
f 2276//719 2277//181 2343//728
f 2276//719 2343//728 2342//727
f 2277//181 2278//181 2343//728
f 2343//728 2278//181 2344//181
f 2278//181 2279//181 2344//181
f 2344//181 2279//181 2345//181
f 2279//181 2280//181 2345//181
f 2345//181 2280//181 2346//181
f 2280//181 2281//317 2346//181
f 2346//181 2281//317 2347//317
f 2281//317 2282//317 2347//317
f 2347//317 2282//317 2348//317
f 2282//317 2283//181 2348//317
f 2348//317 2283//181 2349//181
f 2283//181 2284//181 2349//181
f 2349//181 2284//181 2350//181
f 2284//181 2285//181 2350//181
f 2350//181 2285//181 2351//484
f 2285//181 2286//206 2351//484
f 2351//484 2286//206 2352//368
f 2286//206 2287//531 2352//368
f 2352//368 2287//531 2353//128
f 2287//531 2288//720 2353//128
f 2353//128 2288//720 2354//652
f 2288//720 2289//652 2354//652
f 2354//652 2289//652 2355//652
f 2289//652 2290//317 2355//652
f 2355//652 2290//317 2356//317
f 2290//317 2291//181 2356//317
f 2356//317 2291//181 2357//181
f 2291//181 2292//652 2357//181
f 2357//181 2292//652 2358//729
f 2292//652 2293//721 2359//730
f 2292//652 2359//730 2358//729
f 2293//721 2294//722 2359//730
f 2359//730 2294//722 2360//731
f 2294//722 2295//220 2361//645
f 2294//722 2361//645 2360//731
f 2295//220 2296//221 2361//645
f 2361//645 2296//221 2362//221
f 2296//221 2297//476 2362//221
f 2362//221 2297//476 2363//500
f 2297//476 2298//568 2363//500
f 2363//500 2298//568 2364//665
f 2298//568 2299//677 2364//665
f 2364//665 2299//677 2365//732
f 2299//677 2300//545 2365//732
f 2365//732 2300//545 2366//500
f 2300//545 2301//221 2366//500
f 2366//500 2301//221 2367//181
f 2301//221 2302//181 2367//181
f 2367//181 2302//181 2368//181
f 2302//181 2303//181 2368//181
f 2368//181 2303//181 2369//181
f 2303//181 2304//221 2369//181
f 2369//181 2304//221 2370//406
f 2304//221 2305//500 2370//406
f 2370//406 2305//500 2371//406
f 2305//500 2306//181 2371//406
f 2371//406 2306//181 2372//181
f 2306//181 2307//181 2372//181
f 2372//181 2307//181 2373//181
f 2307//181 2308//723 2373//181
f 2373//181 2308//723 2374//709
f 2308//723 2309//678 2374//709
f 2374//709 2309//678 2375//709
f 2309//678 2310//181 2375//709
f 2375//709 2310//181 2376//181
f 2310//181 2311//181 2376//181
f 2376//181 2311//181 2377//181
f 2311//181 2312//181 2377//181
f 2377//181 2312//181 2378//181
f 2312//181 2313//181 2378//181
f 2378//181 2313//181 2379//181
f 2313//181 2314//181 2379//181
f 2379//181 2314//181 2380//181
f 2314//181 2315//181 2380//181
f 2380//181 2315//181 2381//181
f 2315//181 2316//181 2381//181
f 2381//181 2316//181 2382//221
f 2316//181 2317//677 2382//221
f 2382//221 2317//677 2383//677
f 2317//677 2318//724 2383//677
f 2383//677 2318//724 2384//733
f 2319//725 2320//533 2385//734
f 2385//734 2320//533 2386//317
f 2320//533 2321//519 2386//317
f 2386//317 2321//519 2387//434
f 2321//519 2322//726 2387//434
f 2387//434 2322//726 2388//735
f 2322//726 2323//670 2388//735
f 2388//735 2323//670 2389//180
f 2323//670 2324//495 2389//180
f 2389//180 2324//495 2390//181
f 2324//495 2325//181 2390//181
f 2390//181 2325//181 2391//415
f 2325//181 2326//317 2391//415
f 2391//415 2326//317 2392//180
f 2326//317 2327//317 2392//180
f 2392//180 2327//317 2393//495
f 2327//317 2328//181 2393//495
f 2393//495 2328//181 2394//181
f 2328//181 2329//181 2394//181
f 2394//181 2329//181 2395//181
f 2329//181 2330//181 2395//181
f 2395//181 2330//181 2396//484
f 2330//181 2331//180 2396//484
f 2396//484 2331//180 2397//128
f 2331//180 2332//180 2397//128
f 2397//128 2332//180 2398//181
f 2332//180 2333//181 2398//181
f 2398//181 2333//181 2399//181
f 2333//181 2334//181 2399//181
f 2399//181 2334//181 2400//181
f 2334//181 2335//317 2400//181
f 2400//181 2335//317 2401//317
f 2335//317 2336//317 2401//317
f 2401//317 2336//317 2402//317
f 2336//317 2337//181 2402//317
f 2402//317 2337//181 2403//181
f 2337//181 2338//181 2403//181
f 2403//181 2338//181 2404//181
f 2338//181 2339//181 2404//181
f 2404//181 2339//181 2405//181
f 2339//181 2340//181 2405//181
f 2405//181 2340//181 2406//181
f 2340//181 2341//181 2406//181
f 2406//181 2341//181 2407//181
f 2341//181 2342//727 2407//181
f 2407//181 2342//727 2408//317
f 2342//727 2343//728 2408//317
f 2408//317 2343//728 2409//317
f 2343//728 2344//181 2409//317
f 2409//317 2344//181 2410//181
f 2344//181 2345//181 2410//181
f 2410//181 2345//181 2411//181
f 2345//181 2346//181 2411//181
f 2411//181 2346//181 2412//181
f 2346//181 2347//317 2412//181
f 2412//181 2347//317 2413//317
f 2347//317 2348//317 2413//317
f 2413//317 2348//317 2414//317
f 2348//317 2349//181 2414//317
f 2414//317 2349//181 2415//181
f 2349//181 2350//181 2415//181
f 2415//181 2350//181 2416//181
f 2350//181 2351//484 2416//181
f 2416//181 2351//484 2417//317
f 2351//484 2352//368 2417//317
f 2417//317 2352//368 2418//317
f 2352//368 2353//128 2418//317
f 2418//317 2353//128 2419//317
f 2353//128 2354//652 2419//317
f 2419//317 2354//652 2420//652
f 2354//652 2355//652 2420//652
f 2420//652 2355//652 2421//652
f 2355//652 2356//317 2421//652
f 2421//652 2356//317 2422//317
f 2356//317 2357//181 2422//317
f 2422//317 2357//181 2423//181
f 2357//181 2358//729 2423//181
f 2423//181 2358//729 2424//736
f 2358//729 2359//730 2424//736
f 2424//736 2359//730 2425//705
f 2359//730 2360//731 2426//737
f 2359//730 2426//737 2425//705
f 2360//731 2361//645 2427//459
f 2360//731 2427//459 2426//737
f 2361//645 2362//221 2427//459
f 2427//459 2362//221 2428//500
f 2362//221 2363//500 2428//500
f 2428//500 2363//500 2429//500
f 2363//500 2364//665 2429//500
f 2429//500 2364//665 2430//699
f 2364//665 2365//732 2430//699
f 2430//699 2365//732 2431//545
f 2365//732 2366//500 2431//545
f 2431//545 2366//500 2432//221
f 2366//500 2367//181 2432//221
f 2432//221 2367//181 2433//181
f 2367//181 2368//181 2433//181
f 2433//181 2368//181 2434//181
f 2368//181 2369//181 2434//181
f 2434//181 2369//181 2435//181
f 2369//181 2370//406 2435//181
f 2435//181 2370//406 2436//406
f 2370//406 2371//406 2436//406
f 2436//406 2371//406 2437//406
f 2371//406 2372//181 2437//406
f 2437//406 2372//181 2438//181
f 2372//181 2373//181 2438//181
f 2438//181 2373//181 2439//181
f 2373//181 2374//709 2439//181
f 2439//181 2374//709 2440//709
f 2374//709 2375//709 2440//709
f 2440//709 2375//709 2441//709
f 2375//709 2376//181 2441//709
f 2441//709 2376//181 2442//181
f 2376//181 2377//181 2442//181
f 2442//181 2377//181 2443//181
f 2377//181 2378//181 2443//181
f 2443//181 2378//181 2444//181
f 2378//181 2379//181 2444//181
f 2444//181 2379//181 2445//181
f 2379//181 2380//181 2445//181
f 2445//181 2380//181 2446//181
f 2380//181 2381//181 2446//181
f 2446//181 2381//181 2447//181
f 2381//181 2382//221 2447//181
f 2447//181 2382//221 2448//406
f 2382//221 2383//677 2448//406
f 2448//406 2383//677 2449//738
f 2383//677 2384//733 2449//738
f 2449//738 2384//733 2450//739
f 2385//734 2386//317 2451//740
f 2451//740 2386//317 2452//317
f 2386//317 2387//434 2452//317
f 2452//317 2387//434 2453//519
f 2387//434 2388//735 2454//189
f 2387//434 2454//189 2453//519
f 2388//735 2389//180 2454//189
f 2454//189 2389//180 2455//181
f 2389//180 2390//181 2455//181
f 2455//181 2390//181 2456//484
f 2390//181 2391//415 2456//484
f 2456//484 2391//415 2457//368
f 2391//415 2392//180 2457//368
f 2457//368 2392//180 2458//206
f 2392//180 2393//495 2458//206
f 2458//206 2393//495 2459//181
f 2393//495 2394//181 2459//181
f 2459//181 2394//181 2460//181
f 2394//181 2395//181 2460//181
f 2460//181 2395//181 2461//181
f 2395//181 2396//484 2461//181
f 2461//181 2396//484 2462//128
f 2396//484 2397//128 2462//128
f 2462//128 2397//128 2463//495
f 2397//128 2398//181 2463//495
f 2463//495 2398//181 2464//181
f 2398//181 2399//181 2464//181
f 2464//181 2399//181 2465//181
f 2399//181 2400//181 2465//181
f 2465//181 2400//181 2466//181
f 2400//181 2401//317 2466//181
f 2466//181 2401//317 2467//317
f 2401//317 2402//317 2467//317
f 2467//317 2402//317 2468//317
f 2402//317 2403//181 2468//317
f 2468//317 2403//181 2469//181
f 2403//181 2404//181 2469//181
f 2469//181 2404//181 2470//181
f 2404//181 2405//181 2470//181
f 2470//181 2405//181 2471//181
f 2405//181 2406//181 2471//181
f 2471//181 2406//181 2472//181
f 2406//181 2407//181 2472//181
f 2472//181 2407//181 2473//181
f 2407//181 2408//317 2473//181
f 2473//181 2408//317 2474//728
f 2408//317 2409//317 2474//728
f 2474//728 2409//317 2475//727
f 2409//317 2410//181 2475//727
f 2475//727 2410//181 2476//181
f 2410//181 2411//181 2476//181
f 2476//181 2411//181 2477//181
f 2411//181 2412//181 2477//181
f 2477//181 2412//181 2478//181
f 2412//181 2413//317 2478//181
f 2478//181 2413//317 2479//317
f 2413//317 2414//317 2479//317
f 2479//317 2414//317 2480//317
f 2414//317 2415//181 2480//317
f 2480//317 2415//181 2481//181
f 2415//181 2416//181 2481//181
f 2481//181 2416//181 2482//181
f 2416//181 2417//317 2482//181
f 2482//181 2417//317 2483//728
f 2417//317 2418//317 2483//728
f 2483//728 2418//317 2484//727
f 2418//317 2419//317 2484//727
f 2484//727 2419//317 2485//718
f 2419//317 2420//652 2485//718
f 2485//718 2420//652 2486//652
f 2420//652 2421//652 2486//652
f 2486//652 2421//652 2487//652
f 2421//652 2422//317 2487//652
f 2487//652 2422//317 2488//317
f 2422//317 2423//181 2488//317
f 2488//317 2423//181 2489//181
f 2423//181 2424//736 2489//181
f 2489//181 2424//736 2490//652
f 2424//736 2425//705 2490//652
f 2490//652 2425//705 2491//741
f 2425//705 2426//737 2491//741
f 2491//741 2426//737 2492//742
f 2426//737 2427//459 2492//742
f 2492//742 2427//459 2493//162
f 2427//459 2428//500 2493//162
f 2493//162 2428//500 2494//195
f 2428//500 2429//500 2494//195
f 2494//195 2429//500 2495//665
f 2429//500 2430//699 2495//665
f 2495//665 2430//699 2496//743
f 2430//699 2431//545 2496//743
f 2496//743 2431//545 2497//195
f 2431//545 2432//221 2497//195
f 2497//195 2432//221 2498//181
f 2432//221 2433//181 2498//181
f 2498//181 2433//181 2499//181
f 2433//181 2434//181 2499//181
f 2499//181 2434//181 2500//181
f 2434//181 2435//181 2500//181
f 2500//181 2435//181 2501//181
f 2435//181 2436//406 2501//181
f 2501//181 2436//406 2502//406
f 2436//406 2437//406 2502//406
f 2502//406 2437//406 2503//406
f 2437//406 2438//181 2503//406
f 2503//406 2438//181 2504//181
f 2438//181 2439//181 2504//181
f 2504//181 2439//181 2505//181
f 2439//181 2440//709 2505//181
f 2505//181 2440//709 2506//744
f 2440//709 2441//709 2506//744
f 2506//744 2441//709 2507//745
f 2441//709 2442//181 2507//745
f 2507//745 2442//181 2508//181
f 2442//181 2443//181 2508//181
f 2508//181 2443//181 2509//181
f 2443//181 2444//181 2509//181
f 2509//181 2444//181 2510//181
f 2444//181 2445//181 2510//181
f 2510//181 2445//181 2511//181
f 2445//181 2446//181 2511//181
f 2511//181 2446//181 2512//407
f 2446//181 2447//181 2512//407
f 2512//407 2447//181 2513//333
f 2447//181 2448//406 2513//333
f 2513//333 2448//406 2514//195
f 2448//406 2449//738 2514//195
f 2514//195 2449//738 2515//568
f 2449//738 2450//739 2515//568
f 2515//568 2450//739 2516//746
f 2451//740 2452//317 2517//747
f 2517//747 2452//317 2518//718
f 2452//317 2453//519 2518//718
f 2518//718 2453//519 2519//317
f 2453//519 2454//189 2519//317
f 2519//317 2454//189 2520//181
f 2454//189 2455//181 2520//181
f 2520//181 2455//181 2521//181
f 2455//181 2456//484 2521//181
f 2521//181 2456//484 2522//317
f 2456//484 2457//368 2522//317
f 2522//317 2457//368 2523//317
f 2457//368 2458//206 2523//317
f 2523//317 2458//206 2524//181
f 2458//206 2459//181 2524//181
f 2524//181 2459//181 2525//181
f 2459//181 2460//181 2525//181
f 2525//181 2460//181 2526//181
f 2460//181 2461//181 2526//181
f 2526//181 2461//181 2527//484
f 2461//181 2462//128 2527//484
f 2527//484 2462//128 2528//128
f 2462//128 2463//495 2528//128
f 2528//128 2463//495 2529//181
f 2463//495 2464//181 2529//181
f 2529//181 2464//181 2530//181
f 2464//181 2465//181 2530//181
f 2530//181 2465//181 2531//181
f 2465//181 2466//181 2531//181
f 2531//181 2466//181 2532//181
f 2466//181 2467//317 2532//181
f 2532//181 2467//317 2533//317
f 2467//317 2468//317 2533//317
f 2533//317 2468//317 2534//317
f 2468//317 2469//181 2534//317
f 2534//317 2469//181 2535//181
f 2469//181 2470//181 2535//181
f 2535//181 2470//181 2536//181
f 2470//181 2471//181 2536//181
f 2536//181 2471//181 2537//181
f 2471//181 2472//181 2537//181
f 2537//181 2472//181 2538//181
f 2472//181 2473//181 2538//181
f 2538//181 2473//181 2539//181
f 2473//181 2474//728 2539//181
f 2539//181 2474//728 2540//181
f 2474//728 2475//727 2541//748
f 2474//728 2541//748 2540//181
f 2475//727 2476//181 2542//748
f 2475//727 2542//748 2541//748
f 2476//181 2477//181 2542//748
f 2542//748 2477//181 2543//181
f 2477//181 2478//181 2543//181
f 2543//181 2478//181 2544//181
f 2478//181 2479//317 2544//181
f 2544//181 2479//317 2545//317
f 2479//317 2480//317 2545//317
f 2545//317 2480//317 2546//317
f 2480//317 2481//181 2546//317
f 2546//317 2481//181 2547//181
f 2481//181 2482//181 2547//181
f 2547//181 2482//181 2548//181
f 2482//181 2483//728 2548//181
f 2548//181 2483//728 2549//181
f 2483//728 2484//727 2550//584
f 2483//728 2550//584 2549//181
f 2484//727 2485//718 2551//749
f 2484//727 2551//749 2550//584
f 2485//718 2486//652 2551//749
f 2551//749 2486//652 2552//652
f 2486//652 2487//652 2552//652
f 2552//652 2487//652 2553//652
f 2487//652 2488//317 2553//652
f 2553//652 2488//317 2554//317
f 2488//317 2489//181 2554//317
f 2554//317 2489//181 2555//181
f 2489//181 2490//652 2555//181
f 2555//181 2490//652 2556//750
f 2490//652 2491//741 2556//750
f 2556//750 2491//741 2557//751
f 2491//741 2492//742 2557//751
f 2557//751 2492//742 2558//752
f 2492//742 2493//162 2559//645
f 2492//742 2559//645 2558//752
f 2493//162 2494//195 2559//645
f 2559//645 2494//195 2560//195
f 2494//195 2495//665 2560//195
f 2560//195 2495//665 2561//753
f 2495//665 2496//743 2561//753
f 2561//753 2496//743 2562//296
f 2496//743 2497//195 2562//296
f 2562//296 2497//195 2563//181
f 2497//195 2498//181 2563//181
f 2563//181 2498//181 2564//181
f 2498//181 2499//181 2564//181
f 2564//181 2499//181 2565//181
f 2499//181 2500//181 2565//181
f 2565//181 2500//181 2566//181
f 2500//181 2501//181 2566//181
f 2566//181 2501//181 2567//181
f 2501//181 2502//406 2567//181
f 2567//181 2502//406 2568//406
f 2502//406 2503//406 2568//406
f 2568//406 2503//406 2569//406
f 2503//406 2504//181 2569//406
f 2569//406 2504//181 2570//181
f 2504//181 2505//181 2570//181
f 2570//181 2505//181 2571//221
f 2505//181 2506//744 2571//221
f 2571//221 2506//744 2572//754
f 2506//744 2507//745 2572//754
f 2572//754 2507//745 2573//568
f 2507//745 2508//181 2573//568
f 2573//568 2508//181 2574//407
f 2508//181 2509//181 2574//407
f 2574//407 2509//181 2575//333
f 2509//181 2510//181 2575//333
f 2575//333 2510//181 2576//333
f 2510//181 2511//181 2576//333
f 2576//333 2511//181 2577//138
f 2511//181 2512//407 2577//138
f 2577//138 2512//407 2578//105
f 2512//407 2513//333 2578//105
f 2578//105 2513//333 2579//333
f 2513//333 2514//195 2579//333
f 2579//333 2514//195 2580//407
f 2514//195 2515//568 2580//407
f 2580//407 2515//568 2581//406
f 2515//568 2516//746 2581//406
f 2581//406 2516//746 2582//746
f 2517//747 2518//718 2584//447
f 2517//747 2584//447 2583//755
f 2518//718 2519//317 2584//447
f 2584//447 2519//317 2585//495
f 2519//317 2520//181 2585//495
f 2585//495 2520//181 2586//181
f 2520//181 2521//181 2586//181
f 2586//181 2521//181 2587//181
f 2521//181 2522//317 2587//181
f 2587//181 2522//317 2588//128
f 2522//317 2523//317 2588//128
f 2588//128 2523//317 2589//484
f 2523//317 2524//181 2589//484
f 2589//484 2524//181 2590//181
f 2524//181 2525//181 2590//181
f 2590//181 2525//181 2591//181
f 2525//181 2526//181 2591//181
f 2591//181 2526//181 2592//181
f 2526//181 2527//484 2592//181
f 2592//181 2527//484 2593//317
f 2527//484 2528//128 2593//317
f 2593//317 2528//128 2594//317
f 2528//128 2529//181 2594//317
f 2594//317 2529//181 2595//181
f 2529//181 2530//181 2595//181
f 2595//181 2530//181 2596//181
f 2530//181 2531//181 2596//181
f 2596//181 2531//181 2597//181
f 2531//181 2532//181 2597//181
f 2597//181 2532//181 2598//181
f 2532//181 2533//317 2598//181
f 2598//181 2533//317 2599//317
f 2533//317 2534//317 2599//317
f 2599//317 2534//317 2600//317
f 2534//317 2535//181 2600//317
f 2600//317 2535//181 2601//181
f 2535//181 2536//181 2601//181
f 2601//181 2536//181 2602//181
f 2536//181 2537//181 2602//181
f 2602//181 2537//181 2603//181
f 2537//181 2538//181 2603//181
f 2603//181 2538//181 2604//181
f 2538//181 2539//181 2604//181
f 2604//181 2539//181 2605//181
f 2539//181 2540//181 2605//181
f 2605//181 2540//181 2606//181
f 2540//181 2541//748 2606//181
f 2606//181 2541//748 2607//181
f 2541//748 2542//748 2608//584
f 2541//748 2608//584 2607//181
f 2542//748 2543//181 2609//583
f 2542//748 2609//583 2608//584
f 2543//181 2544//181 2609//583
f 2609//583 2544//181 2610//181
f 2544//181 2545//317 2610//181
f 2610//181 2545//317 2611//728
f 2545//317 2546//317 2611//728
f 2611//728 2546//317 2612//727
f 2546//317 2547//181 2612//727
f 2612//727 2547//181 2613//181
f 2547//181 2548//181 2613//181
f 2613//181 2548//181 2614//181
f 2548//181 2549//181 2614//181
f 2614//181 2549//181 2615//583
f 2549//181 2550//584 2615//583
f 2615//583 2550//584 2616//719
f 2550//584 2551//749 2616//719
f 2616//719 2551//749 2617//718
f 2551//749 2552//652 2617//718
f 2617//718 2552//652 2618//652
f 2552//652 2553//652 2618//652
f 2618//652 2553//652 2619//652
f 2553//652 2554//317 2619//652
f 2619//652 2554//317 2620//317
f 2554//317 2555//181 2620//317
f 2620//317 2555//181 2621//756
f 2555//181 2556//750 2621//756
f 2558//752 2559//645 2623//461
f 2558//752 2623//461 2622//757
f 2559//645 2560//195 2623//461
f 2623//461 2560//195 2624//758
f 2560//195 2561//753 2624//758
f 2624//758 2561//753 2625//708
f 2561//753 2562//296 2625//708
f 2625//708 2562//296 2626//181
f 2562//296 2563//181 2626//181
f 2626//181 2563//181 2627//181
f 2563//181 2564//181 2627//181
f 2627//181 2564//181 2628//181
f 2564//181 2565//181 2628//181
f 2628//181 2565//181 2629//181
f 2565//181 2566//181 2629//181
f 2629//181 2566//181 2630//181
f 2566//181 2567//181 2630//181
f 2630//181 2567//181 2631//181
f 2567//181 2568//406 2631//181
f 2631//181 2568//406 2632//759
f 2568//406 2569//406 2632//759
f 2632//759 2569//406 2633//760
f 2569//406 2570//181 2633//760
f 2633//760 2570//181 2634//181
f 2570//181 2571//221 2634//181
f 2634//181 2571//221 2635//568
f 2571//221 2572//754 2635//568
f 2635//568 2572//754 2636//754
f 2572//754 2573//568 2636//754
f 2636//754 2573//568 2637//296
f 2573//568 2574//407 2637//296
f 2637//296 2574//407 2638//105
f 2574//407 2575//333 2638//105
f 2638//105 2575//333 2639//333
f 2575//333 2576//333 2639//333
f 2639//333 2576//333 2640//333
f 2576//333 2577//138 2640//333
f 2640//333 2577//138 2641//407
f 2577//138 2578//105 2641//407
f 2641//407 2578//105 2642//181
f 2578//105 2579//333 2642//181
f 2642//181 2579//333 2643//181
f 2579//333 2580//407 2643//181
f 2643//181 2580//407 2644//181
f 2580//407 2581//406 2644//181
f 2644//181 2581//406 2645//406
f 2581//406 2582//746 2645//406
f 2645//406 2582//746 2646//761
f 2583//755 2584//447 2648//189
f 2583//755 2648//189 2647//762
f 2584//447 2585//495 2648//189
f 2648//189 2585//495 2649//181
f 2585//495 2586//181 2649//181
f 2649//181 2586//181 2650//181
f 2586//181 2587//181 2650//181
f 2650//181 2587//181 2651//484
f 2587//181 2588//128 2651//484
f 2651//484 2588//128 2652//128
f 2588//128 2589//484 2652//128
f 2652//128 2589//484 2653//181
f 2589//484 2590//181 2653//181
f 2653//181 2590//181 2654//181
f 2590//181 2591//181 2654//181
f 2654//181 2591//181 2655//181
f 2591//181 2592//181 2655//181
f 2655//181 2592//181 2656//181
f 2592//181 2593//317 2656//181
f 2656//181 2593//317 2657//728
f 2593//317 2594//317 2657//728
f 2657//728 2594//317 2658//763
f 2594//317 2595//181 2658//763
f 2658//763 2595//181 2659//181
f 2595//181 2596//181 2659//181
f 2659//181 2596//181 2660//181
f 2596//181 2597//181 2660//181
f 2660//181 2597//181 2661//181
f 2597//181 2598//181 2661//181
f 2661//181 2598//181 2662//181
f 2598//181 2599//317 2662//181
f 2662//181 2599//317 2663//728
f 2599//317 2600//317 2663//728
f 2663//728 2600//317 2664//763
f 2600//317 2601//181 2664//763
f 2664//763 2601//181 2665//181
f 2601//181 2602//181 2665//181
f 2665//181 2602//181 2666//181
f 2602//181 2603//181 2666//181
f 2666//181 2603//181 2667//181
f 2603//181 2604//181 2667//181
f 2667//181 2604//181 2668//181
f 2604//181 2605//181 2668//181
f 2668//181 2605//181 2669//181
f 2605//181 2606//181 2669//181
f 2669//181 2606//181 2670//181
f 2606//181 2607//181 2670//181
f 2670//181 2607//181 2671//583
f 2607//181 2608//584 2671//583
f 2671//583 2608//584 2672//719
f 2608//584 2609//583 2672//719
f 2672//719 2609//583 2673//181
f 2609//583 2610//181 2673//181
f 2673//181 2610//181 2674//181
f 2610//181 2611//728 2674//181
f 2674//181 2611//728 2675//181
f 2611//728 2612//727 2676//763
f 2611//728 2676//763 2675//181
f 2612//727 2613//181 2677//682
f 2612//727 2677//682 2676//763
f 2613//181 2614//181 2677//682
f 2677//682 2614//181 2678//181
f 2614//181 2615//583 2678//181
f 2678//181 2615//583 2679//181
f 2615//583 2616//719 2680//763
f 2615//583 2680//763 2679//181
f 2616//719 2617//718 2681//764
f 2616//719 2681//764 2680//763
f 2617//718 2618//652 2681//764
f 2681//764 2618//652 2682//652
f 2618//652 2619//652 2682//652
f 2682//652 2619//652 2683//652
f 2619//652 2620//317 2683//652
f 2683//652 2620//317 2684//317
f 2620//317 2621//756 2684//317
f 2684//317 2621//756 2685//181
f 2621//756 2686//765 2685//181
f 2622//757 2623//461 2688//442
f 2622//757 2688//442 2687//766
f 2623//461 2624//758 2688//442
f 2688//442 2624//758 2689//708
f 2624//758 2625//708 2689//708
f 2689//708 2625//708 2690//221
f 2625//708 2626//181 2690//221
f 2690//221 2626//181 2691//181
f 2626//181 2627//181 2691//181
f 2691//181 2627//181 2692//181
f 2627//181 2628//181 2692//181
f 2692//181 2628//181 2693//181
f 2628//181 2629//181 2693//181
f 2693//181 2629//181 2694//181
f 2629//181 2630//181 2694//181
f 2694//181 2630//181 2695//181
f 2630//181 2631//181 2695//181
f 2695//181 2631//181 2696//181
f 2631//181 2632//759 2696//181
f 2696//181 2632//759 2697//181
f 2632//759 2633//760 2698//760
f 2632//759 2698//760 2697//181
f 2633//760 2634//181 2699//759
f 2633//760 2699//759 2698//760
f 2634//181 2635//568 2699//759
f 2699//759 2635//568 2700//723
f 2635//568 2636//754 2700//723
f 2700//723 2636//754 2701//767
f 2636//754 2637//296 2701//767
f 2701//767 2637//296 2702//500
f 2637//296 2638//105 2702//500
f 2702//500 2638//105 2703//181
f 2638//105 2639//333 2703//181
f 2703//181 2639//333 2704//181
f 2639//333 2640//333 2704//181
f 2704//181 2640//333 2705//181
f 2640//333 2641//407 2705//181
f 2705//181 2641//407 2706//181
f 2641//407 2642//181 2706//181
f 2706//181 2642//181 2707//181
f 2642//181 2643//181 2707//181
f 2707//181 2643//181 2708//181
f 2643//181 2644//181 2708//181
f 2708//181 2644//181 2709//181
f 2644//181 2645//406 2709//181
f 2709//181 2645//406 2710//406
f 2645//406 2646//761 2710//406
f 2710//406 2646//761 2711//768
f 2647//762 2648//189 2712//769
f 2712//769 2648//189 2713//181
f 2648//189 2649//181 2713//181
f 2713//181 2649//181 2714//181
f 2649//181 2650//181 2714//181
f 2714//181 2650//181 2715//181
f 2650//181 2651//484 2715//181
f 2715//181 2651//484 2716//317
f 2651//484 2652//128 2716//317
f 2716//317 2652//128 2717//317
f 2652//128 2653//181 2717//317
f 2717//317 2653//181 2718//181
f 2653//181 2654//181 2718//181
f 2718//181 2654//181 2719//181
f 2654//181 2655//181 2719//181
f 2719//181 2655//181 2720//181
f 2655//181 2656//181 2720//181
f 2720//181 2656//181 2721//181
f 2656//181 2657//728 2721//181
f 2721//181 2657//728 2722//181
f 2657//728 2658//763 2723//727
f 2657//728 2723//727 2722//181
f 2658//763 2659//181 2724//728
f 2658//763 2724//728 2723//727
f 2659//181 2660//181 2724//728
f 2724//728 2660//181 2725//181
f 2660//181 2661//181 2725//181
f 2725//181 2661//181 2726//181
f 2661//181 2662//181 2726//181
f 2726//181 2662//181 2727//181
f 2662//181 2663//728 2727//181
f 2727//181 2663//728 2728//181
f 2663//728 2664//763 2729//727
f 2663//728 2729//727 2728//181
f 2664//763 2665//181 2730//728
f 2664//763 2730//728 2729//727
f 2665//181 2666//181 2730//728
f 2730//728 2666//181 2731//181
f 2666//181 2667//181 2731//181
f 2731//181 2667//181 2732//181
f 2667//181 2668//181 2732//181
f 2732//181 2668//181 2733//181
f 2668//181 2669//181 2733//181
f 2733//181 2669//181 2734//181
f 2669//181 2670//181 2734//181
f 2734//181 2670//181 2735//181
f 2670//181 2671//583 2735//181
f 2735//181 2671//583 2736//181
f 2671//583 2672//719 2737//727
f 2671//583 2737//727 2736//181
f 2672//719 2673//181 2738//728
f 2672//719 2738//728 2737//727
f 2673//181 2674//181 2738//728
f 2738//728 2674//181 2739//181
f 2674//181 2675//181 2739//181
f 2739//181 2675//181 2740//181
f 2675//181 2676//763 2740//181
f 2740//181 2676//763 2741//728
f 2676//763 2677//682 2741//728
f 2741//728 2677//682 2742//727
f 2677//682 2678//181 2742//727
f 2742//727 2678//181 2743//181
f 2678//181 2679//181 2743//181
f 2743//181 2679//181 2744//181
f 2679//181 2680//763 2744//181
f 2744//181 2680//763 2745//128
f 2680//763 2681//764 2745//128
f 2745//128 2681//764 2746//533
f 2681//764 2682//652 2746//533
f 2746//533 2682//652 2747//652
f 2682//652 2683//652 2747//652
f 2747//652 2683//652 2748//652
f 2683//652 2684//317 2748//652
f 2748//652 2684//317 2749//317
f 2684//317 2685//181 2749//317
f 2749//317 2685//181 2750//181
f 2685//181 2686//765 2750//181
f 2750//181 2686//765 2751//770
f 2687//766 2688//442 2752//771
f 2752//771 2688//442 2753//297
f 2688//442 2689//708 2753//297
f 2753//297 2689//708 2754//195
f 2689//708 2690//221 2754//195
f 2754//195 2690//221 2755//181
f 2690//221 2691//181 2755//181
f 2755//181 2691//181 2756//181
f 2691//181 2692//181 2756//181
f 2756//181 2692//181 2757//181
f 2692//181 2693//181 2757//181
f 2757//181 2693//181 2758//181
f 2693//181 2694//181 2758//181
f 2758//181 2694//181 2759//181
f 2694//181 2695//181 2759//181
f 2759//181 2695//181 2760//181
f 2695//181 2696//181 2760//181
f 2760//181 2696//181 2761//181
f 2696//181 2697//181 2761//181
f 2761//181 2697//181 2762//181
f 2697//181 2698//760 2762//181
f 2762//181 2698//760 2763//759
f 2698//760 2699//759 2763//759
f 2763//759 2699//759 2764//772
f 2699//759 2700//723 2764//772
f 2764//772 2700//723 2765//773
f 2700//723 2701//767 2765//773
f 2765//773 2701//767 2766//774
f 2701//767 2702//500 2766//774
f 2766//774 2702//500 2767//221
f 2702//500 2703//181 2767//221
f 2767//221 2703//181 2768//181
f 2703//181 2704//181 2768//181
f 2768//181 2704//181 2769//181
f 2704//181 2705//181 2769//181
f 2769//181 2705//181 2770//181
f 2705//181 2706//181 2770//181
f 2770//181 2706//181 2771//181
f 2706//181 2707//181 2771//181
f 2771//181 2707//181 2772//181
f 2707//181 2708//181 2772//181
f 2772//181 2708//181 2773//181
f 2708//181 2709//181 2773//181
f 2773//181 2709//181 2774//181
f 2709//181 2710//406 2774//181
f 2774//181 2710//406 2775//500
f 2710//406 2711//768 2775//500
f 2775//500 2711//768 2776//775
f 2712//769 2713//181 2777//776
f 2777//776 2713//181 2778//777
f 2713//181 2714//181 2778//777
f 2778//777 2714//181 2779//181
f 2714//181 2715//181 2779//181
f 2779//181 2715//181 2780//181
f 2715//181 2716//317 2780//181
f 2780//181 2716//317 2781//317
f 2716//317 2717//317 2781//317
f 2781//317 2717//317 2782//317
f 2717//317 2718//181 2782//317
f 2782//317 2718//181 2783//181
f 2718//181 2719//181 2783//181
f 2783//181 2719//181 2784//181
f 2719//181 2720//181 2784//181
f 2784//181 2720//181 2785//181
f 2720//181 2721//181 2785//181
f 2785//181 2721//181 2786//181
f 2721//181 2722//181 2786//181
f 2786//181 2722//181 2787//181
f 2722//181 2723//727 2787//181
f 2787//181 2723//727 2788//317
f 2723//727 2724//728 2788//317
f 2788//317 2724//728 2789//317
f 2724//728 2725//181 2789//317
f 2789//317 2725//181 2790//181
f 2725//181 2726//181 2790//181
f 2790//181 2726//181 2791//181
f 2726//181 2727//181 2791//181
f 2791//181 2727//181 2792//181
f 2727//181 2728//181 2792//181
f 2792//181 2728//181 2793//181
f 2728//181 2729//727 2793//181
f 2793//181 2729//727 2794//317
f 2729//727 2730//728 2794//317
f 2794//317 2730//728 2795//317
f 2730//728 2731//181 2795//317
f 2795//317 2731//181 2796//181
f 2731//181 2732//181 2796//181
f 2796//181 2732//181 2797//181
f 2732//181 2733//181 2797//181
f 2797//181 2733//181 2798//181
f 2733//181 2734//181 2798//181
f 2798//181 2734//181 2799//181
f 2734//181 2735//181 2799//181
f 2799//181 2735//181 2800//181
f 2735//181 2736//181 2800//181
f 2800//181 2736//181 2801//181
f 2736//181 2737//727 2801//181
f 2801//181 2737//727 2802//317
f 2737//727 2738//728 2802//317
f 2802//317 2738//728 2803//317
f 2738//728 2739//181 2803//317
f 2803//317 2739//181 2804//181
f 2739//181 2740//181 2804//181
f 2804//181 2740//181 2805//181
f 2740//181 2741//728 2805//181
f 2805//181 2741//728 2806//181
f 2741//728 2742//727 2807//748
f 2741//728 2807//748 2806//181
f 2742//727 2743//181 2808//748
f 2742//727 2808//748 2807//748
f 2743//181 2744//181 2808//748
f 2808//748 2744//181 2809//446
f 2744//181 2745//128 2809//446
f 2809//446 2745//128 2810//128
f 2745//128 2746//533 2810//128
f 2810//128 2746//533 2811//317
f 2746//533 2747//652 2811//317
f 2811//317 2747//652 2812//652
f 2747//652 2748//652 2812//652
f 2812//652 2748//652 2813//652
f 2748//652 2749//317 2813//652
f 2813//652 2749//317 2814//317
f 2749//317 2750//181 2814//317
f 2814//317 2750//181 2815//181
f 2750//181 2751//770 2815//181
f 2815//181 2751//770 2816//778
f 2752//771 2753//297 2817//779
f 2817//779 2753//297 2818//195
f 2753//297 2754//195 2818//195
f 2818//195 2754//195 2819//181
f 2754//195 2755//181 2819//181
f 2819//181 2755//181 2820//181
f 2755//181 2756//181 2820//181
f 2820//181 2756//181 2821//181
f 2756//181 2757//181 2821//181
f 2821//181 2757//181 2822//181
f 2757//181 2758//181 2822//181
f 2822//181 2758//181 2823//181
f 2758//181 2759//181 2823//181
f 2823//181 2759//181 2824//181
f 2759//181 2760//181 2824//181
f 2824//181 2760//181 2825//181
f 2760//181 2761//181 2825//181
f 2825//181 2761//181 2826//181
f 2761//181 2762//181 2826//181
f 2826//181 2762//181 2827//181
f 2762//181 2763//759 2827//181
f 2827//181 2763//759 2828//181
f 2763//759 2764//772 2829//780
f 2763//759 2829//780 2828//181
f 2764//772 2765//773 2829//780
f 2829//780 2765//773 2830//781
f 2765//773 2766//774 2830//781
f 2830//781 2766//774 2831//782
f 2766//774 2767//221 2831//782
f 2831//782 2767//221 2832//181
f 2767//221 2768//181 2832//181
f 2832//181 2768//181 2833//181
f 2768//181 2769//181 2833//181
f 2833//181 2769//181 2834//181
f 2769//181 2770//181 2834//181
f 2834//181 2770//181 2835//181
f 2770//181 2771//181 2835//181
f 2835//181 2771//181 2836//181
f 2771//181 2772//181 2836//181
f 2836//181 2772//181 2837//181
f 2772//181 2773//181 2837//181
f 2837//181 2773//181 2838//181
f 2773//181 2774//181 2838//181
f 2838//181 2774//181 2839//221
f 2774//181 2775//500 2839//221
f 2839//221 2775//500 2840//500
f 2775//500 2776//775 2840//500
f 2840//500 2776//775 2841//783
f 2777//776 2778//777 2842//784
f 2842//784 2778//777 2843//785
f 2778//777 2779//181 2844//728
f 2778//777 2844//728 2843//785
f 2779//181 2780//181 2844//728
f 2844//728 2780//181 2845//181
f 2780//181 2781//317 2845//181
f 2845//181 2781//317 2846//728
f 2781//317 2782//317 2846//728
f 2846//728 2782//317 2847//727
f 2782//317 2783//181 2847//727
f 2847//727 2783//181 2848//181
f 2783//181 2784//181 2848//181
f 2848//181 2784//181 2849//181
f 2784//181 2785//181 2849//181
f 2849//181 2785//181 2850//181
f 2785//181 2786//181 2850//181
f 2850//181 2786//181 2851//181
f 2786//181 2787//181 2851//181
f 2851//181 2787//181 2852//181
f 2787//181 2788//317 2852//181
f 2852//181 2788//317 2853//728
f 2788//317 2789//317 2853//728
f 2853//728 2789//317 2854//727
f 2789//317 2790//181 2854//727
f 2854//727 2790//181 2855//181
f 2790//181 2791//181 2855//181
f 2855//181 2791//181 2856//181
f 2791//181 2792//181 2856//181
f 2856//181 2792//181 2857//181
f 2792//181 2793//181 2857//181
f 2857//181 2793//181 2858//181
f 2793//181 2794//317 2858//181
f 2858//181 2794//317 2859//728
f 2794//317 2795//317 2859//728
f 2859//728 2795//317 2860//786
f 2795//317 2796//181 2860//786
f 2860//786 2796//181 2861//181
f 2796//181 2797//181 2861//181
f 2861//181 2797//181 2862//181
f 2797//181 2798//181 2862//181
f 2862//181 2798//181 2863//181
f 2798//181 2799//181 2863//181
f 2863//181 2799//181 2864//181
f 2799//181 2800//181 2864//181
f 2864//181 2800//181 2865//181
f 2800//181 2801//181 2865//181
f 2865//181 2801//181 2866//181
f 2801//181 2802//317 2866//181
f 2866//181 2802//317 2867//728
f 2802//317 2803//317 2867//728
f 2867//728 2803//317 2868//785
f 2803//317 2804//181 2868//785
f 2868//785 2804//181 2869//787
f 2804//181 2805//181 2869//787
f 2869//787 2805//181 2870//181
f 2805//181 2806//181 2870//181
f 2870//181 2806//181 2871//181
f 2806//181 2807//748 2871//181
f 2871//181 2807//748 2872//181
f 2807//748 2808//748 2873//727
f 2807//748 2873//727 2872//181
f 2808//748 2809//446 2874//788
f 2808//748 2874//788 2873//727
f 2809//446 2810//128 2874//788
f 2874//788 2810//128 2875//317
f 2810//128 2811//317 2875//317
f 2875//317 2811//317 2876//317
f 2811//317 2812//652 2876//317
f 2876//317 2812//652 2877//652
f 2812//652 2813//652 2877//652
f 2877//652 2813//652 2878//652
f 2813//652 2814//317 2878//652
f 2878//652 2814//317 2879//317
f 2814//317 2815//181 2879//317
f 2879//317 2815//181 2880//181
f 2815//181 2816//778 2880//181
f 2880//181 2816//778 2881//789
f 2817//779 2818//195 2882//790
f 2882//790 2818//195 2883//181
f 2818//195 2819//181 2883//181
f 2883//181 2819//181 2884//181
f 2819//181 2820//181 2884//181
f 2884//181 2820//181 2885//181
f 2820//181 2821//181 2885//181
f 2885//181 2821//181 2886//181
f 2821//181 2822//181 2886//181
f 2886//181 2822//181 2887//181
f 2822//181 2823//181 2887//181
f 2887//181 2823//181 2888//181
f 2823//181 2824//181 2888//181
f 2888//181 2824//181 2889//181
f 2824//181 2825//181 2889//181
f 2889//181 2825//181 2890//181
f 2825//181 2826//181 2890//181
f 2890//181 2826//181 2891//181
f 2826//181 2827//181 2891//181
f 2891//181 2827//181 2892//181
f 2827//181 2828//181 2892//181
f 2892//181 2828//181 2893//181
f 2828//181 2829//780 2893//181
f 2893//181 2829//780 2894//181
f 2829//780 2830//781 2894//181
f 2894//181 2830//781 2895//791
f 2830//781 2831//782 2895//791
f 2895//791 2831//782 2896//792
f 2831//782 2832//181 2896//792
f 2896//792 2832//181 2897//181
f 2832//181 2833//181 2897//181
f 2897//181 2833//181 2898//181
f 2833//181 2834//181 2898//181
f 2898//181 2834//181 2899//181
f 2834//181 2835//181 2899//181
f 2899//181 2835//181 2900//181
f 2835//181 2836//181 2900//181
f 2900//181 2836//181 2901//181
f 2836//181 2837//181 2901//181
f 2901//181 2837//181 2902//181
f 2837//181 2838//181 2902//181
f 2902//181 2838//181 2903//181
f 2838//181 2839//221 2903//181
f 2903//181 2839//221 2904//759
f 2839//221 2840//500 2904//759
f 2904//759 2840//500 2905//793
f 2840//500 2841//783 2905//793
f 2842//784 2843//785 2906//740
f 2906//740 2843//785 2907//728
f 2843//785 2844//728 2907//728
f 2907//728 2844//728 2908//763
f 2844//728 2845//181 2908//763
f 2908//763 2845//181 2909//181
f 2845//181 2846//728 2909//181
f 2909//181 2846//728 2910//181
f 2846//728 2847//727 2911//763
f 2846//728 2911//763 2910//181
f 2847//727 2848//181 2912//728
f 2847//727 2912//728 2911//763
f 2848//181 2849//181 2912//728
f 2912//728 2849//181 2913//541
f 2849//181 2850//181 2913//541
f 2913//541 2850//181 2914//181
f 2850//181 2851//181 2914//181
f 2914//181 2851//181 2915//181
f 2851//181 2852//181 2915//181
f 2915//181 2852//181 2916//181
f 2852//181 2853//728 2916//181
f 2916//181 2853//728 2917//181
f 2853//728 2854//727 2918//748
f 2853//728 2918//748 2917//181
f 2854//727 2855//181 2919//748
f 2854//727 2919//748 2918//748
f 2855//181 2856//181 2919//748
f 2919//748 2856//181 2920//181
f 2856//181 2857//181 2920//181
f 2920//181 2857//181 2921//181
f 2857//181 2858//181 2921//181
f 2921//181 2858//181 2922//181
f 2858//181 2859//728 2922//181
f 2922//181 2859//728 2923//181
f 2859//728 2860//786 2924//748
f 2859//728 2924//748 2923//181
f 2860//786 2861//181 2925//748
f 2860//786 2925//748 2924//748
f 2861//181 2862//181 2925//748
f 2925//748 2862//181 2926//181
f 2862//181 2863//181 2926//181
f 2926//181 2863//181 2927//181
f 2863//181 2864//181 2927//181
f 2927//181 2864//181 2928//181
f 2864//181 2865//181 2928//181
f 2928//181 2865//181 2929//181
f 2865//181 2866//181 2929//181
f 2929//181 2866//181 2930//181
f 2866//181 2867//728 2930//181
f 2930//181 2867//728 2931//181
f 2867//728 2868//785 2932//777
f 2867//728 2932//777 2931//181
f 2868//785 2869//787 2932//777
f 2932//777 2869//787 2933//794
f 2869//787 2870//181 2934//682
f 2869//787 2934//682 2933//794
f 2870//181 2871//181 2934//682
f 2934//682 2871//181 2935//181
f 2871//181 2872//181 2935//181
f 2935//181 2872//181 2936//181
f 2872//181 2873//727 2936//181
f 2936//181 2873//727 2937//317
f 2873//727 2874//788 2937//317
f 2937//317 2874//788 2938//607
f 2874//788 2875//317 2938//607
f 2938//607 2875//317 2939//795
f 2875//317 2876//317 2939//795
f 2939//795 2876//317 2940//796
f 2876//317 2877//652 2940//796
f 2940//796 2877//652 2941//797
f 2877//652 2878//652 2941//797
f 2941//797 2878//652 2942//798
f 2878//652 2879//317 2942//798
f 2942//798 2879//317 2943//794
f 2879//317 2880//181 2943//794
f 2943//794 2880//181 2944//787
f 2880//181 2881//789 2944//787
f 2944//787 2881//789 2945//799
f 2882//790 2883//181 2946//800
f 2946//800 2883//181 2947//181
f 2883//181 2884//181 2947//181
f 2947//181 2884//181 2948//181
f 2884//181 2885//181 2948//181
f 2948//181 2885//181 2949//181
f 2885//181 2886//181 2949//181
f 2949//181 2886//181 2950//181
f 2886//181 2887//181 2950//181
f 2950//181 2887//181 2951//181
f 2887//181 2888//181 2951//181
f 2951//181 2888//181 2952//181
f 2888//181 2889//181 2952//181
f 2952//181 2889//181 2953//181
f 2889//181 2890//181 2953//181
f 2953//181 2890//181 2954//181
f 2890//181 2891//181 2954//181
f 2954//181 2891//181 2955//181
f 2891//181 2892//181 2955//181
f 2955//181 2892//181 2956//181
f 2892//181 2893//181 2956//181
f 2956//181 2893//181 2957//181
f 2893//181 2894//181 2957//181
f 2957//181 2894//181 2958//181
f 2894//181 2895//791 2958//181
f 2958//181 2895//791 2959//801
f 2895//791 2896//792 2959//801
f 2959//801 2896//792 2960//792
f 2896//792 2897//181 2960//792
f 2960//792 2897//181 2961//181
f 2897//181 2898//181 2961//181
f 2961//181 2898//181 2962//181
f 2898//181 2899//181 2962//181
f 2962//181 2899//181 2963//181
f 2899//181 2900//181 2963//181
f 2963//181 2900//181 2964//181
f 2900//181 2901//181 2964//181
f 2964//181 2901//181 2965//181
f 2901//181 2902//181 2965//181
f 2965//181 2902//181 2966//181
f 2902//181 2903//181 2966//181
f 2966//181 2903//181 2967//181
f 2903//181 2904//759 2967//181
f 2967//181 2904//759 2968//181
f 2904//759 2905//793 2969//802
f 2904//759 2969//802 2968//181
f 2906//740 2907//728 2970//740
f 2970//740 2907//728 2971//181
f 2907//728 2908//763 2972//748
f 2907//728 2972//748 2971//181
f 2908//763 2909//181 2973//803
f 2908//763 2973//803 2972//748
f 2909//181 2910//181 2973//803
f 2973//803 2910//181 2974//787
f 2910//181 2911//763 2974//787
f 2974//787 2911//763 2975//527
f 2911//763 2912//728 2975//527
f 2975//527 2912//728 2976//804
f 2912//728 2913//541 2976//804
f 2976//804 2913//541 2977//805
f 2913//541 2914//181 2978//682
f 2913//541 2978//682 2977//805
f 2914//181 2915//181 2978//682
f 2978//682 2915//181 2979//181
f 2915//181 2916//181 2979//181
f 2979//181 2916//181 2980//181
f 2916//181 2917//181 2980//181
f 2980//181 2917//181 2981//181
f 2917//181 2918//748 2981//181
f 2981//181 2918//748 2982//181
f 2918//748 2919//748 2983//727
f 2918//748 2983//727 2982//181
f 2919//748 2920//181 2984//728
f 2919//748 2984//728 2983//727
f 2920//181 2921//181 2984//728
f 2984//728 2921//181 2985//181
f 2921//181 2922//181 2985//181
f 2985//181 2922//181 2986//181
f 2922//181 2923//181 2986//181
f 2986//181 2923//181 2987//181
f 2923//181 2924//748 2987//181
f 2987//181 2924//748 2988//181
f 2924//748 2925//748 2989//727
f 2924//748 2989//727 2988//181
f 2925//748 2926//181 2990//728
f 2925//748 2990//728 2989//727
f 2926//181 2927//181 2990//728
f 2990//728 2927//181 2991//181
f 2927//181 2928//181 2991//181
f 2991//181 2928//181 2992//181
f 2928//181 2929//181 2992//181
f 2992//181 2929//181 2993//181
f 2929//181 2930//181 2993//181
f 2993//181 2930//181 2994//181
f 2930//181 2931//181 2994//181
f 2994//181 2931//181 2995//181
f 2931//181 2932//777 2995//181
f 2995//181 2932//777 2996//181
f 2932//777 2933//794 2996//181
f 2996//181 2933//794 2997//728
f 2933//794 2934//682 2997//728
f 2997//728 2934//682 2998//727
f 2934//682 2935//181 2998//727
f 2998//727 2935//181 2999//181
f 2935//181 2936//181 2999//181
f 2999//181 2936//181 3000//806
f 2936//181 2937//317 3000//806
f 3000//806 2937//317 3001//796
f 2937//317 2938//607 3001//796
f 3001//796 2938//607 3002//317
f 2938//607 2939//795 3003//777
f 2938//607 3003//777 3002//317
f 2939//795 2940//796 3003//777
f 3003//777 2940//796 3004//807
f 2940//796 2941//797 3005//808
f 2940//796 3005//808 3004//807
f 2941//797 2942//798 3006//587
f 2941//797 3006//587 3005//808
f 2942//798 2943//794 3007//809
f 2942//798 3007//809 3006//587
f 2943//794 2944//787 3007//809
f 3007//809 2944//787 3008//810
f 2944//787 2945//799 3009//811
f 2944//787 3009//811 3008//810
f 2946//800 2947//181 3010//812
f 3010//812 2947//181 3011//181
f 2947//181 2948//181 3011//181
f 3011//181 2948//181 3012//813
f 2948//181 2949//181 3012//813
f 3012//813 2949//181 3013//181
f 2949//181 2950//181 3013//181
f 3013//181 2950//181 3014//181
f 2950//181 2951//181 3014//181
f 3014//181 2951//181 3015//181
f 2951//181 2952//181 3015//181
f 3015//181 2952//181 3016//181
f 2952//181 2953//181 3016//181
f 3016//181 2953//181 3017//181
f 2953//181 2954//181 3017//181
f 3017//181 2954//181 3018//181
f 2954//181 2955//181 3018//181
f 3018//181 2955//181 3019//181
f 2955//181 2956//181 3019//181
f 3019//181 2956//181 3020//181
f 2956//181 2957//181 3020//181
f 3020//181 2957//181 3021//181
f 2957//181 2958//181 3021//181
f 3021//181 2958//181 3022//181
f 2958//181 2959//801 3022//181
f 3022//181 2959//801 3023//791
f 2959//801 2960//792 3023//791
f 3023//791 2960//792 3024//792
f 2960//792 2961//181 3024//792
f 3024//792 2961//181 3025//181
f 2961//181 2962//181 3025//181
f 3025//181 2962//181 3026//181
f 2962//181 2963//181 3026//181
f 3026//181 2963//181 3027//181
f 2963//181 2964//181 3027//181
f 3027//181 2964//181 3028//181
f 2964//181 2965//181 3028//181
f 3028//181 2965//181 3029//181
f 2965//181 2966//181 3029//181
f 3029//181 2966//181 3030//181
f 2966//181 2967//181 3030//181
f 3030//181 2967//181 3031//181
f 2967//181 2968//181 3031//181
f 3031//181 2968//181 3032//221
f 2968//181 2969//802 3032//221
f 3032//221 2969//802 3033//814
f 2970//740 2971//181 3034//815
f 3034//815 2971//181 3035//777
f 2971//181 2972//748 3035//777
f 3035//777 2972//748 3036//181
f 2972//748 2973//803 3037//777
f 2972//748 3037//777 3036//181
f 2973//803 2974//787 3037//777
f 3037//777 2974//787 3038//794
f 2974//787 2975//527 3039//816
f 2974//787 3039//816 3038//794
f 2975//527 2976//804 3040//541
f 2975//527 3040//541 3039//816
f 2976//804 2977//805 3040//541
f 3040//541 2977//805 3041//728
f 2977//805 2978//682 3041//728
f 3041//728 2978//682 3042//763
f 2978//682 2979//181 3042//763
f 3042//763 2979//181 3043//181
f 2979//181 2980//181 3043//181
f 3043//181 2980//181 3044//181
f 2980//181 2981//181 3044//181
f 3044//181 2981//181 3045//181
f 2981//181 2982//181 3045//181
f 3045//181 2982//181 3046//181
f 2982//181 2983//727 3046//181
f 3046//181 2983//727 3047//728
f 2983//727 2984//728 3047//728
f 3047//728 2984//728 3048//810
f 2984//728 2985//181 3048//810
f 3048//810 2985//181 3049//817
f 2985//181 2986//181 3049//817
f 3049//817 2986//181 3050//181
f 2986//181 2987//181 3050//181
f 3050//181 2987//181 3051//181
f 2987//181 2988//181 3051//181
f 3051//181 2988//181 3052//181
f 2988//181 2989//727 3052//181
f 3052//181 2989//727 3053//317
f 2989//727 2990//728 3053//317
f 3053//317 2990//728 3054//317
f 2990//728 2991//181 3054//317
f 3054//317 2991//181 3055//181
f 2991//181 2992//181 3055//181
f 3055//181 2992//181 3056//181
f 2992//181 2993//181 3056//181
f 3056//181 2993//181 3057//181
f 2993//181 2994//181 3057//181
f 3057//181 2994//181 3058//181
f 2994//181 2995//181 3058//181
f 3058//181 2995//181 3059//181
f 2995//181 2996//181 3059//181
f 3059//181 2996//181 3060//181
f 2996//181 2997//728 3060//181
f 3060//181 2997//728 3061//181
f 2997//728 2998//727 3062//748
f 2997//728 3062//748 3061//181
f 2998//727 2999//181 3063//818
f 2998//727 3063//818 3062//748
f 2999//181 3000//806 3063//818
f 3063//818 3000//806 3064//819
f 3000//806 3001//796 3064//819
f 3064//819 3001//796 3065//807
f 3001//796 3002//317 3066//638
f 3001//796 3066//638 3065//807
f 3002//317 3003//777 3066//638
f 3066//638 3003//777 3067//181
f 3003//777 3004//807 3067//181
f 3067//181 3004//807 3068//712
f 3004//807 3005//808 3068//712
f 3068//712 3005//808 3069//652
f 3005//808 3006//587 3069//652
f 3069//652 3006//587 3070//552
f 3006//587 3007//809 3070//552
f 3070//552 3007//809 3071//317
f 3007//809 3008//810 3071//317
f 3071//317 3008//810 3072//317
f 3008//810 3009//811 3072//317
f 3072//317 3009//811 3073//820
f 3010//812 3011//181 3074//800
f 3074//800 3011//181 3075//821
f 3011//181 3012//813 3075//821
f 3075//821 3012//813 3076//822
f 3012//813 3013//181 3077//823
f 3012//813 3077//823 3076//822
f 3013//181 3014//181 3077//823
f 3077//823 3014//181 3078//824
f 3014//181 3015//181 3078//824
f 3078//824 3015//181 3079//824
f 3015//181 3016//181 3079//824
f 3079//824 3016//181 3080//824
f 3016//181 3017//181 3080//824
f 3080//824 3017//181 3081//824
f 3017//181 3018//181 3081//824
f 3081//824 3018//181 3082//780
f 3018//181 3019//181 3082//780
f 3082//780 3019//181 3083//181
f 3019//181 3020//181 3083//181
f 3083//181 3020//181 3084//181
f 3020//181 3021//181 3084//181
f 3084//181 3021//181 3085//181
f 3021//181 3022//181 3085//181
f 3085//181 3022//181 3086//181
f 3022//181 3023//791 3086//181
f 3086//181 3023//791 3087//801
f 3023//791 3024//792 3087//801
f 3087//801 3024//792 3088//792
f 3024//792 3025//181 3088//792
f 3088//792 3025//181 3089//181
f 3025//181 3026//181 3089//181
f 3089//181 3026//181 3090//181
f 3026//181 3027//181 3090//181
f 3090//181 3027//181 3091//181
f 3027//181 3028//181 3091//181
f 3091//181 3028//181 3092//181
f 3028//181 3029//181 3092//181
f 3092//181 3029//181 3093//181
f 3029//181 3030//181 3093//181
f 3093//181 3030//181 3094//181
f 3030//181 3031//181 3094//181
f 3094//181 3031//181 3095//181
f 3031//181 3032//221 3095//181
f 3095//181 3032//221 3096//406
f 3032//221 3033//814 3096//406
f 3096//406 3033//814 3097//746
f 3034//815 3035//777 3098//825
f 3098//825 3035//777 3099//826
f 3035//777 3036//181 3100//803
f 3035//777 3100//803 3099//826
f 3036//181 3037//777 3100//803
f 3100//803 3037//777 3101//787
f 3037//777 3038//794 3101//787
f 3101//787 3038//794 3102//827
f 3038//794 3039//816 3102//827
f 3102//827 3039//816 3103//727
f 3039//816 3040//541 3103//727
f 3103//727 3040//541 3104//181
f 3040//541 3041//728 3104//181
f 3104//181 3041//728 3105//181
f 3041//728 3042//763 3106//748
f 3041//728 3106//748 3105//181
f 3042//763 3043//181 3107//748
f 3042//763 3107//748 3106//748
f 3043//181 3044//181 3107//748
f 3107//748 3044//181 3108//181
f 3044//181 3045//181 3108//181
f 3108//181 3045//181 3109//181
f 3045//181 3046//181 3109//181
f 3109//181 3046//181 3110//181
f 3046//181 3047//728 3110//181
f 3110//181 3047//728 3111//181
f 3047//728 3048//810 3112//777
f 3047//728 3112//777 3111//181
f 3048//810 3049//817 3112//777
f 3112//777 3049//817 3113//826
f 3049//817 3050//181 3114//748
f 3049//817 3114//748 3113//826
f 3050//181 3051//181 3114//748
f 3114//748 3051//181 3115//181
f 3051//181 3052//181 3115//181
f 3115//181 3052//181 3116//181
f 3052//181 3053//317 3116//181
f 3116//181 3053//317 3117//728
f 3053//317 3054//317 3117//728
f 3117//728 3054//317 3118//810
f 3054//317 3055//181 3118//810
f 3118//810 3055//181 3119//787
f 3055//181 3056//181 3119//787
f 3119//787 3056//181 3120//181
f 3056//181 3057//181 3120//181
f 3120//181 3057//181 3121//181
f 3057//181 3058//181 3121//181
f 3121//181 3058//181 3122//181
f 3058//181 3059//181 3122//181
f 3122//181 3059//181 3123//181
f 3059//181 3060//181 3123//181
f 3123//181 3060//181 3124//181
f 3060//181 3061//181 3124//181
f 3124//181 3061//181 3125//181
f 3061//181 3062//748 3125//181
f 3125//181 3062//748 3126//181
f 3062//748 3063//818 3127//541
f 3062//748 3127//541 3126//181
f 3063//818 3064//819 3127//541
f 3127//541 3064//819 3128//181
f 3064//819 3065//807 3128//181
f 3128//181 3065//807 3129//712
f 3065//807 3066//638 3129//712
f 3129//712 3066//638 3130//712
f 3066//638 3067//181 3130//712
f 3130//712 3067//181 3131//181
f 3067//181 3068//712 3131//181
f 3131//181 3068//712 3132//712
f 3068//712 3069//652 3132//712
f 3132//712 3069//652 3133//652
f 3069//652 3070//552 3133//652
f 3133//652 3070//552 3134//552
f 3070//552 3071//317 3134//552
f 3134//552 3071//317 3135//317
f 3071//317 3072//317 3135//317
f 3135//317 3072//317 3136//317
f 3072//317 3073//820 3136//317
f 3136//317 3073//820 3137//828
f 3074//800 3075//821 3138//829
f 3138//829 3075//821 3139//821
f 3075//821 3076//822 3139//821
f 3139//821 3076//822 3140//181
f 3076//822 3077//823 3141//780
f 3076//822 3141//780 3140//181
f 3077//823 3078//824 3141//780
f 3141//780 3078//824 3142//824
f 3078//824 3079//824 3142//824
f 3142//824 3079//824 3143//824
f 3079//824 3080//824 3143//824
f 3143//824 3080//824 3144//824
f 3080//824 3081//824 3144//824
f 3144//824 3081//824 3145//824
f 3081//824 3082//780 3145//824
f 3145//824 3082//780 3146//772
f 3082//780 3083//181 3147//759
f 3082//780 3147//759 3146//772
f 3083//181 3084//181 3147//759
f 3147//759 3084//181 3148//181
f 3084//181 3085//181 3148//181
f 3148//181 3085//181 3149//181
f 3085//181 3086//181 3149//181
f 3149//181 3086//181 3150//181
f 3086//181 3087//801 3150//181
f 3150//181 3087//801 3151//791
f 3087//801 3088//792 3151//791
f 3151//791 3088//792 3152//792
f 3088//792 3089//181 3152//792
f 3152//792 3089//181 3153//181
f 3089//181 3090//181 3153//181
f 3153//181 3090//181 3154//181
f 3090//181 3091//181 3154//181
f 3154//181 3091//181 3155//181
f 3091//181 3092//181 3155//181
f 3155//181 3092//181 3156//181
f 3092//181 3093//181 3156//181
f 3156//181 3093//181 3157//181
f 3093//181 3094//181 3157//181
f 3157//181 3094//181 3158//181
f 3094//181 3095//181 3158//181
f 3158//181 3095//181 3159//181
f 3095//181 3096//406 3159//181
f 3159//181 3096//406 3160//406
f 3096//406 3097//746 3160//406
f 3160//406 3097//746 3161//830
f 3098//825 3099//826 3162//831
f 3162//831 3099//826 3163//181
f 3099//826 3100//803 3164//832
f 3099//826 3164//832 3163//181
f 3100//803 3101//787 3164//832
f 3164//832 3101//787 3165//833
f 3101//787 3102//827 3166//637
f 3101//787 3166//637 3165//833
f 3102//827 3103//727 3167//834
f 3102//827 3167//834 3166//637
f 3103//727 3104//181 3168//803
f 3103//727 3168//803 3167//834
f 3104//181 3105//181 3168//803
f 3168//803 3105//181 3169//777
f 3105//181 3106//748 3169//777
f 3169//777 3106//748 3170//181
f 3106//748 3107//748 3171//748
f 3106//748 3171//748 3170//181
f 3107//748 3108//181 3172//748
f 3107//748 3172//748 3171//748
f 3108//181 3109//181 3172//748
f 3172//748 3109//181 3173//181
f 3109//181 3110//181 3173//181
f 3173//181 3110//181 3174//181
f 3110//181 3111//181 3174//181
f 3174//181 3111//181 3175//181
f 3111//181 3112//777 3175//181
f 3175//181 3112//777 3176//181
f 3112//777 3113//826 3176//181
f 3176//181 3113//826 3177//181
f 3113//826 3114//748 3178//727
f 3113//826 3178//727 3177//181
f 3114//748 3115//181 3179//682
f 3114//748 3179//682 3178//727
f 3115//181 3116//181 3179//682
f 3179//682 3116//181 3180//181
f 3116//181 3117//728 3180//181
f 3180//181 3117//728 3181//181
f 3117//728 3118//810 3182//777
f 3117//728 3182//777 3181//181
f 3118//810 3119//787 3182//777
f 3182//777 3119//787 3183//826
f 3119//787 3120//181 3184//748
f 3119//787 3184//748 3183//826
f 3120//181 3121//181 3184//748
f 3184//748 3121//181 3185//181
f 3121//181 3122//181 3185//181
f 3185//181 3122//181 3186//181
f 3122//181 3123//181 3186//181
f 3186//181 3123//181 3187//181
f 3123//181 3124//181 3187//181
f 3187//181 3124//181 3188//181
f 3124//181 3125//181 3188//181
f 3188//181 3125//181 3189//181
f 3125//181 3126//181 3189//181
f 3189//181 3126//181 3190//181
f 3126//181 3127//541 3190//181
f 3190//181 3127//541 3191//181
f 3127//541 3128//181 3191//181
f 3191//181 3128//181 3192//181
f 3128//181 3129//712 3192//181
f 3192//181 3129//712 3193//835
f 3129//712 3130//712 3193//835
f 3193//835 3130//712 3194//836
f 3130//712 3131//181 3194//836
f 3194//836 3131//181 3195//181
f 3131//181 3132//712 3195//181
f 3195//181 3132//712 3196//712
f 3132//712 3133//652 3196//712
f 3196//712 3133//652 3197//652
f 3133//652 3134//552 3197//652
f 3197//652 3134//552 3198//552
f 3134//552 3135//317 3198//552
f 3198//552 3135//317 3199//317
f 3135//317 3136//317 3199//317
f 3199//317 3136//317 3200//317
f 3136//317 3137//828 3200//317
f 3200//317 3137//828 3201//837
f 3138//829 3139//821 3202//838
f 3202//838 3139//821 3203//181
f 3139//821 3140//181 3203//181
f 3203//181 3140//181 3204//181
f 3140//181 3141//780 3204//181
f 3204//181 3141//780 3205//181
f 3141//780 3142//824 3205//181
f 3205//181 3142//824 3206//181
f 3142//824 3143//824 3206//181
f 3206//181 3143//824 3207//181
f 3143//824 3144//824 3207//181
f 3207//181 3144//824 3208//181
f 3144//824 3145//824 3208//181
f 3208//181 3145//824 3209//181
f 3145//824 3146//772 3209//181
f 3209//181 3146//772 3210//759
f 3146//772 3147//759 3210//759
f 3210//759 3147//759 3211//772
f 3147//759 3148//181 3211//772
f 3211//772 3148//181 3212//824
f 3148//181 3149//181 3212//824
f 3212//824 3149//181 3213//780
f 3149//181 3150//181 3213//780
f 3213//780 3150//181 3214//181
f 3150//181 3151//791 3214//181
f 3214//181 3151//791 3215//839
f 3151//791 3152//792 3215//839
f 3215//839 3152//792 3216//840
f 3152//792 3153//181 3216//840
f 3216//840 3153//181 3217//824
f 3153//181 3154//181 3217//824
f 3217//824 3154//181 3218//780
f 3154//181 3155//181 3218//780
f 3218//780 3155//181 3219//181
f 3155//181 3156//181 3219//181
f 3219//181 3156//181 3220//181
f 3156//181 3157//181 3220//181
f 3220//181 3157//181 3221//181
f 3157//181 3158//181 3221//181
f 3221//181 3158//181 3222//181
f 3158//181 3159//181 3222//181
f 3222//181 3159//181 3223//181
f 3159//181 3160//406 3223//181
f 3223//181 3160//406 3224//406
f 3160//406 3161//830 3224//406
f 3224//406 3161//830 3225//841
f 3162//831 3163//181 3227//842
f 3162//831 3227//842 3226//843
f 3163//181 3164//832 3227//842
f 3227//842 3164//832 3228//844
f 3164//832 3165//833 3228//844
f 3228//844 3165//833 3229//833
f 3165//833 3166//637 3230//845
f 3165//833 3230//845 3229//833
f 3166//637 3167//834 3231//846
f 3166//637 3231//846 3230//845
f 3167//834 3168//803 3232//847
f 3167//834 3232//847 3231//846
f 3168//803 3169//777 3232//847
f 3232//847 3169//777 3233//848
f 3169//777 3170//181 3234//803
f 3169//777 3234//803 3233//848
f 3170//181 3171//748 3234//803
f 3234//803 3171//748 3235//849
f 3171//748 3172//748 3236//637
f 3171//748 3236//637 3235//849
f 3172//748 3173//181 3237//803
f 3172//748 3237//803 3236//637
f 3173//181 3174//181 3237//803
f 3237//803 3174//181 3238//787
f 3174//181 3175//181 3238//787
f 3238//787 3175//181 3239//181
f 3175//181 3176//181 3239//181
f 3239//181 3176//181 3240//181
f 3176//181 3177//181 3240//181
f 3240//181 3177//181 3241//181
f 3177//181 3178//727 3241//181
f 3241//181 3178//727 3242//728
f 3178//727 3179//682 3242//728
f 3242//728 3179//682 3243//727
f 3179//682 3180//181 3243//727
f 3243//727 3180//181 3244//181
f 3180//181 3181//181 3244//181
f 3244//181 3181//181 3245//181
f 3181//181 3182//777 3245//181
f 3245//181 3182//777 3246//181
f 3182//777 3183//826 3246//181
f 3246//181 3183//826 3247//181
f 3183//826 3184//748 3248//763
f 3183//826 3248//763 3247//181
f 3184//748 3185//181 3249//682
f 3184//748 3249//682 3248//763
f 3185//181 3186//181 3249//682
f 3249//682 3186//181 3250//541
f 3186//181 3187//181 3250//541
f 3250//541 3187//181 3251//181
f 3187//181 3188//181 3251//181
f 3251//181 3188//181 3252//181
f 3188//181 3189//181 3252//181
f 3252//181 3189//181 3253//181
f 3189//181 3190//181 3253//181
f 3253//181 3190//181 3254//181
f 3190//181 3191//181 3254//181
f 3254//181 3191//181 3255//181
f 3191//181 3192//181 3255//181
f 3255//181 3192//181 3256//541
f 3192//181 3193//835 3256//541
f 3256//541 3193//835 3257//317
f 3193//835 3194//836 3258//850
f 3193//835 3258//850 3257//317
f 3194//836 3195//181 3259//682
f 3194//836 3259//682 3258//850
f 3195//181 3196//712 3259//682
f 3259//682 3196//712 3260//712
f 3196//712 3197//652 3260//712
f 3260//712 3197//652 3261//652
f 3197//652 3198//552 3261//652
f 3261//652 3198//552 3262//552
f 3198//552 3199//317 3262//552
f 3262//552 3199//317 3263//317
f 3199//317 3200//317 3263//317
f 3263//317 3200//317 3264//622
f 3200//317 3201//837 3264//622
f 3264//622 3201//837 3265//851
f 3202//838 3203//181 3266//852
f 3266//852 3203//181 3267//181
f 3203//181 3204//181 3267//181
f 3267//181 3204//181 3268//181
f 3204//181 3205//181 3268//181
f 3268//181 3205//181 3269//181
f 3205//181 3206//181 3269//181
f 3269//181 3206//181 3270//181
f 3206//181 3207//181 3270//181
f 3270//181 3207//181 3271//181
f 3207//181 3208//181 3271//181
f 3271//181 3208//181 3272//181
f 3208//181 3209//181 3272//181
f 3272//181 3209//181 3273//181
f 3209//181 3210//759 3273//181
f 3273//181 3210//759 3274//181
f 3210//759 3211//772 3275//780
f 3210//759 3275//780 3274//181
f 3211//772 3212//824 3275//780
f 3275//780 3212//824 3276//824
f 3212//824 3213//780 3276//824
f 3276//824 3213//780 3277//823
f 3213//780 3214//181 3278//853
f 3213//780 3278//853 3277//823
f 3214//181 3215//839 3278//853
f 3278//853 3215//839 3279//657
f 3215//839 3216//840 3280//854
f 3215//839 3280//854 3279//657
f 3216//840 3217//824 3280//854
f 3280//854 3217//824 3281//824
f 3217//824 3218//780 3281//824
f 3281//824 3218//780 3282//823
f 3218//780 3219//181 3283//823
f 3218//780 3283//823 3282//823
f 3219//181 3220//181 3283//823
f 3283//823 3220//181 3284//780
f 3220//181 3221//181 3284//780
f 3284//780 3221//181 3285//181
f 3221//181 3222//181 3285//181
f 3285//181 3222//181 3286//181
f 3222//181 3223//181 3286//181
f 3286//181 3223//181 3287//181
f 3223//181 3224//406 3287//181
f 3287//181 3224//406 3288//406
f 3224//406 3225//841 3288//406
f 3288//406 3225//841 3289//855
f 3226//843 3227//842 3291//856
f 3226//843 3291//856 3290//857
f 3227//842 3228//844 3291//856
f 3291//856 3228//844 3292//856
f 3228//844 3229//833 3292//856
f 3292//856 3229//833 3293//858
f 3229//833 3230//845 3294//848
f 3229//833 3294//848 3293//858
f 3230//845 3231//846 3295//859
f 3230//845 3295//859 3294//848
f 3231//846 3232//847 3295//859
f 3295//859 3232//847 3296//860
f 3232//847 3233//848 3297//861
f 3232//847 3297//861 3296//860
f 3233//848 3234//803 3298//833
f 3233//848 3298//833 3297//861
f 3234//803 3235//849 3298//833
f 3298//833 3235//849 3299//862
f 3235//849 3236//637 3300//863
f 3235//849 3300//863 3299//862
f 3236//637 3237//803 3301//777
f 3236//637 3301//777 3300//863
f 3237//803 3238//787 3301//777
f 3301//777 3238//787 3302//826
f 3238//787 3239//181 3303//748
f 3238//787 3303//748 3302//826
f 3239//181 3240//181 3303//748
f 3303//748 3240//181 3304//181
f 3240//181 3241//181 3304//181
f 3304//181 3241//181 3305//181
f 3241//181 3242//728 3305//181
f 3305//181 3242//728 3306//181
f 3242//728 3243//727 3307//748
f 3242//728 3307//748 3306//181
f 3243//727 3244//181 3308//748
f 3243//727 3308//748 3307//748
f 3244//181 3245//181 3308//748
f 3308//748 3245//181 3309//181
f 3245//181 3246//181 3309//181
f 3309//181 3246//181 3310//181
f 3246//181 3247//181 3310//181
f 3310//181 3247//181 3311//181
f 3247//181 3248//763 3311//181
f 3311//181 3248//763 3312//317
f 3248//763 3249//682 3312//317
f 3312//317 3249//682 3313//864
f 3249//682 3250//541 3313//864
f 3313//864 3250//541 3314//865
f 3250//541 3251//181 3315//748
f 3250//541 3315//748 3314//865
f 3251//181 3252//181 3315//748
f 3315//748 3252//181 3316//181
f 3252//181 3253//181 3316//181
f 3316//181 3253//181 3317//181
f 3253//181 3254//181 3317//181
f 3317//181 3254//181 3318//181
f 3254//181 3255//181 3318//181
f 3318//181 3255//181 3319//529
f 3255//181 3256//541 3319//529
f 3319//529 3256//541 3320//528
f 3256//541 3257//317 3321//788
f 3256//541 3321//788 3320//528
f 3257//317 3258//850 3321//788
f 3321//788 3258//850 3322//454
f 3258//850 3259//682 3322//454
f 3322//454 3259//682 3323//317
f 3259//682 3260//712 3323//317
f 3323//317 3260//712 3324//712
f 3260//712 3261//652 3324//712
f 3324//712 3261//652 3325//652
f 3261//652 3262//552 3325//652
f 3325//652 3262//552 3326//866
f 3262//552 3263//317 3326//866
f 3326//866 3263//317 3327//804
f 3263//317 3264//622 3327//804
f 3327//804 3264//622 3328//867
f 3264//622 3265//851 3329//868
f 3264//622 3329//868 3328//867
f 3266//852 3267//181 3330//869
f 3330//869 3267//181 3331//181
f 3267//181 3268//181 3331//181
f 3331//181 3268//181 3332//181
f 3268//181 3269//181 3332//181
f 3332//181 3269//181 3333//181
f 3269//181 3270//181 3333//181
f 3333//181 3270//181 3334//181
f 3270//181 3271//181 3334//181
f 3334//181 3271//181 3335//181
f 3271//181 3272//181 3335//181
f 3335//181 3272//181 3336//181
f 3272//181 3273//181 3336//181
f 3336//181 3273//181 3337//181
f 3273//181 3274//181 3337//181
f 3337//181 3274//181 3338//181
f 3274//181 3275//780 3338//181
f 3338//181 3275//780 3339//181
f 3275//780 3276//824 3339//181
f 3339//181 3276//824 3340//181
f 3276//824 3277//823 3340//181
f 3340//181 3277//823 3341//181
f 3277//823 3278//853 3342//760
f 3277//823 3342//760 3341//181
f 3278//853 3279//657 3343//870
f 3278//853 3343//870 3342//760
f 3279//657 3280//854 3343//870
f 3343//870 3280//854 3344//871
f 3280//854 3281//824 3344//871
f 3344//871 3281//824 3345//181
f 3281//824 3282//823 3345//181
f 3345//181 3282//823 3346//181
f 3282//823 3283//823 3347//780
f 3282//823 3347//780 3346//181
f 3283//823 3284//780 3347//780
f 3347//780 3284//780 3348//823
f 3284//780 3285//181 3349//823
f 3284//780 3349//823 3348//823
f 3285//181 3286//181 3349//823
f 3349//823 3286//181 3350//780
f 3286//181 3287//181 3350//780
f 3350//780 3287//181 3351//181
f 3287//181 3288//406 3351//181
f 3351//181 3288//406 3352//476
f 3288//406 3289//855 3352//476
f 3352//476 3289//855 3353//872
f 3290//857 3291//856 3354//873
f 3354//873 3291//856 3355//844
f 3291//856 3292//856 3355//844
f 3355//844 3292//856 3356//874
f 3292//856 3293//858 3357//858
f 3292//856 3357//858 3356//874
f 3293//858 3294//848 3358//875
f 3293//858 3358//875 3357//858
f 3294//848 3295//859 3358//875
f 3358//875 3295//859 3359//876
f 3295//859 3296//860 3360//877
f 3295//859 3360//877 3359//876
f 3296//860 3297//861 3361//878
f 3296//860 3361//878 3360//877
f 3297//861 3298//833 3362//879
f 3297//861 3362//879 3361//878
f 3298//833 3299//862 3362//879
f 3362//879 3299//862 3363//880
f 3299//862 3300//863 3364//881
f 3299//862 3364//881 3363//880
f 3300//863 3301//777 3364//881
f 3364//881 3301//777 3365//181
f 3301//777 3302//826 3365//181
f 3365//181 3302//826 3366//449
f 3302//826 3303//748 3367//637
f 3302//826 3367//637 3366//449
f 3303//748 3304//181 3368//803
f 3303//748 3368//803 3367//637
f 3304//181 3305//181 3368//803
f 3368//803 3305//181 3369//787
f 3305//181 3306//181 3369//787
f 3369//787 3306//181 3370//181
f 3306//181 3307//748 3370//181
f 3370//181 3307//748 3371//181
f 3307//748 3308//748 3372//748
f 3307//748 3372//748 3371//181
f 3308//748 3309//181 3373//748
f 3308//748 3373//748 3372//748
f 3309//181 3310//181 3373//748
f 3373//748 3310//181 3374//181
f 3310//181 3311//181 3374//181
f 3374//181 3311//181 3375//181
f 3311//181 3312//317 3375//181
f 3375//181 3312//317 3376//728
f 3312//317 3313//864 3376//728
f 3376//728 3313//864 3377//528
f 3313//864 3314//865 3377//528
f 3377//528 3314//865 3378//882
f 3314//865 3315//748 3379//748
f 3314//865 3379//748 3378//882
f 3315//748 3316//181 3380//803
f 3315//748 3380//803 3379//748
f 3316//181 3317//181 3380//803
f 3380//803 3317//181 3381//787
f 3317//181 3318//181 3381//787
f 3381//787 3318//181 3382//181
f 3318//181 3319//529 3382//181
f 3382//181 3319//529 3383//883
f 3319//529 3320//528 3383//883
f 3383//883 3320//528 3384//884
f 3320//528 3321//788 3384//884
f 3384//884 3321//788 3385//885
f 3321//788 3322//454 3385//885
f 3385//885 3322//454 3386//454
f 3322//454 3323//317 3386//454
f 3386//454 3323//317 3387//317
f 3323//317 3324//712 3387//317
f 3387//317 3324//712 3388//712
f 3324//712 3325//652 3388//712
f 3388//712 3325//652 3389//652
f 3325//652 3326//866 3389//652
f 3389//652 3326//866 3390//886
f 3326//866 3327//804 3391//541
f 3326//866 3391//541 3390//886
f 3327//804 3328//867 3391//541
f 3391//541 3328//867 3392//621
f 3328//867 3329//868 3393//887
f 3328//867 3393//887 3392//621
f 3330//869 3331//181 3394//888
f 3394//888 3331//181 3395//181
f 3331//181 3332//181 3395//181
f 3395//181 3332//181 3396//181
f 3332//181 3333//181 3396//181
f 3396//181 3333//181 3397//889
f 3333//181 3334//181 3397//889
f 3397//889 3334//181 3398//824
f 3334//181 3335//181 3398//824
f 3398//824 3335//181 3399//824
f 3335//181 3336//181 3399//824
f 3399//824 3336//181 3400//824
f 3336//181 3337//181 3400//824
f 3400//824 3337//181 3401//824
f 3337//181 3338//181 3401//824
f 3401//824 3338//181 3402//780
f 3338//181 3339//181 3402//780
f 3402//780 3339//181 3403//181
f 3339//181 3340//181 3403//181
f 3403//181 3340//181 3404//181
f 3340//181 3341//181 3404//181
f 3404//181 3341//181 3405//181
f 3341//181 3342//760 3405//181
f 3405//181 3342//760 3406//568
f 3342//760 3343//870 3406//568
f 3406//568 3343//870 3407//890
f 3343//870 3344//871 3407//890
f 3407//890 3344//871 3408//709
f 3344//871 3345//181 3408//709
f 3408//709 3345//181 3409//181
f 3345//181 3346//181 3409//181
f 3409//181 3346//181 3410//181
f 3346//181 3347//780 3410//181
f 3410//181 3347//780 3411//181
f 3347//780 3348//823 3411//181
f 3411//181 3348//823 3412//181
f 3348//823 3349//823 3413//780
f 3348//823 3413//780 3412//181
f 3349//823 3350//780 3413//780
f 3413//780 3350//780 3414//823
f 3350//780 3351//181 3415//891
f 3350//780 3415//891 3414//823
f 3351//181 3352//476 3415//891
f 3415//891 3352//476 3416//892
f 3352//476 3353//872 3416//892
f 3354//873 3355//844 3417//893
f 3417//893 3355//844 3418//844
f 3355//844 3356//874 3418//844
f 3418//844 3356//874 3419//805
f 3356//874 3357//858 3420//809
f 3356//874 3420//809 3419//805
f 3357//858 3358//875 3420//809
f 3420//809 3358//875 3421//819
f 3358//875 3359//876 3421//819
f 3421//819 3359//876 3422//809
f 3359//876 3360//877 3422//809
f 3422//809 3360//877 3423//834
f 3360//877 3361//878 3424//894
f 3360//877 3424//894 3423//834
f 3361//878 3362//879 3425//845
f 3361//878 3425//845 3424//894
f 3362//879 3363//880 3426//895
f 3362//879 3426//895 3425//845
f 3363//880 3364//881 3427//896
f 3363//880 3427//896 3426//895
f 3364//881 3365//181 3428//842
f 3364//881 3428//842 3427//896
f 3365//181 3366//449 3428//842
f 3428//842 3366//449 3429//818
f 3366//449 3367//637 3430//637
f 3366//449 3430//637 3429//818
f 3367//637 3368//803 3431//897
f 3367//637 3431//897 3430//637
f 3368//803 3369//787 3431//897
f 3431//897 3369//787 3432//826
f 3369//787 3370//181 3433//748
f 3369//787 3433//748 3432//826
f 3370//181 3371//181 3433//748
f 3433//748 3371//181 3434//181
f 3371//181 3372//748 3434//181
f 3434//181 3372//748 3435//181
f 3372//748 3373//748 3436//748
f 3372//748 3436//748 3435//181
f 3373//748 3374//181 3437//803
f 3373//748 3437//803 3436//748
f 3374//181 3375//181 3437//803
f 3437//803 3375//181 3438//787
f 3375//181 3376//728 3438//787
f 3438//787 3376//728 3439//181
f 3376//728 3377//528 3440//541
f 3376//728 3440//541 3439//181
f 3377//528 3378//882 3440//541
f 3440//541 3378//882 3441//181
f 3378//882 3379//748 3441//181
f 3441//181 3379//748 3442//181
f 3379//748 3380//803 3443//777
f 3379//748 3443//777 3442//181
f 3380//803 3381//787 3443//777
f 3443//777 3381//787 3444//794
f 3381//787 3382//181 3445//898
f 3381//787 3445//898 3444//794
f 3382//181 3383//883 3445//898
f 3445//898 3383//883 3446//899
f 3383//883 3384//884 3446//899
f 3446//899 3384//884 3447//317
f 3384//884 3385//885 3447//317
f 3447//317 3385//885 3448//885
f 3385//885 3386//454 3448//885
f 3448//885 3386//454 3449//607
f 3386//454 3387//317 3449//607
f 3449//607 3387//317 3450//727
f 3387//317 3388//712 3450//727
f 3450//727 3388//712 3451//729
f 3388//712 3389//652 3451//729
f 3451//729 3389//652 3452//900
f 3389//652 3390//886 3452//900
f 3452//900 3390//886 3453//901
f 3390//886 3391//541 3453//901
f 3453//901 3391//541 3454//777
f 3391//541 3392//621 3454//777
f 3454//777 3392//621 3455//519
f 3392//621 3393//887 3455//519
f 3455//519 3393//887 3456//902
f 3394//888 3395//181 3457//903
f 3457//903 3395//181 3458//181
f 3395//181 3396//181 3458//181
f 3458//181 3396//181 3459//821
f 3396//181 3397//889 3459//821
f 3459//821 3397//889 3460//904
f 3397//889 3398//824 3460//904
f 3460//904 3398//824 3461//824
f 3398//824 3399//824 3461//824
f 3461//824 3399//824 3462//824
f 3399//824 3400//824 3462//824
f 3462//824 3400//824 3463//824
f 3400//824 3401//824 3463//824
f 3463//824 3401//824 3464//824
f 3401//824 3402//780 3464//824
f 3464//824 3402//780 3465//823
f 3402//780 3403//181 3466//823
f 3402//780 3466//823 3465//823
f 3403//181 3404//181 3466//823
f 3466//823 3404//181 3467//824
f 3404//181 3405//181 3467//824
f 3467//824 3405//181 3468//824
f 3405//181 3406//568 3468//824
f 3468//824 3406//568 3469//905
f 3406//568 3407//890 3469//905
f 3469//905 3407//890 3470//906
f 3407//890 3408//709 3470//906
f 3470//906 3408//709 3471//709
f 3408//709 3409//181 3471//709
f 3471//709 3409//181 3472//181
f 3409//181 3410//181 3472//181
f 3472//181 3410//181 3473//181
f 3410//181 3411//181 3473//181
f 3473//181 3411//181 3474//181
f 3411//181 3412//181 3474//181
f 3474//181 3412//181 3475//181
f 3412//181 3413//780 3475//181
f 3475//181 3413//780 3476//181
f 3413//780 3414//823 3476//181
f 3476//181 3414//823 3477//181
f 3414//823 3415//891 3478//907
f 3414//823 3478//907 3477//181
f 3415//891 3416//892 3479//908
f 3415//891 3479//908 3478//907
f 3417//893 3418//844 3480//909
f 3480//909 3418//844 3481//819
f 3418//844 3419//805 3481//819
f 3481//819 3419//805 3482//809
f 3419//805 3420//809 3482//809
f 3482//809 3420//809 3483//804
f 3420//809 3421//819 3483//804
f 3483//804 3421//819 3484//856
f 3421//819 3422//809 3484//856
f 3484//856 3422//809 3485//858
f 3422//809 3423//834 3486//833
f 3422//809 3486//833 3485//858
f 3423//834 3424//894 3486//833
f 3486//833 3424//894 3487//833
f 3424//894 3425//845 3488//910
f 3424//894 3488//910 3487//833
f 3425//845 3426//895 3489//896
f 3425//845 3489//896 3488//910
f 3426//895 3427//896 3490//895
f 3426//895 3490//895 3489//896
f 3427//896 3428//842 3491//911
f 3427//896 3491//911 3490//895
f 3428//842 3429//818 3491//911
f 3491//911 3429//818 3492//849
f 3429//818 3430//637 3493//637
f 3429//818 3493//637 3492//849
f 3430//637 3431//897 3494//803
f 3430//637 3494//803 3493//637
f 3431//897 3432//826 3494//803
f 3494//803 3432//826 3495//849
f 3432//826 3433//748 3496//637
f 3432//826 3496//637 3495//849
f 3433//748 3434//181 3497//803
f 3433//748 3497//803 3496//637
f 3434//181 3435//181 3497//803
f 3497//803 3435//181 3498//787
f 3435//181 3436//748 3498//787
f 3498//787 3436//748 3499//181
f 3436//748 3437//803 3500//777
f 3436//748 3500//777 3499//181
f 3437//803 3438//787 3500//777
f 3500//777 3438//787 3501//826
f 3438//787 3439//181 3502//748
f 3438//787 3502//748 3501//826
f 3439//181 3440//541 3502//748
f 3502//748 3440//541 3503//181
f 3440//541 3441//181 3503//181
f 3503//181 3441//181 3504//541
f 3441//181 3442//181 3504//541
f 3504//541 3442//181 3505//181
f 3442//181 3443//777 3505//181
f 3505//181 3443//777 3506//181
f 3443//777 3444//794 3506//181
f 3506//181 3444//794 3507//728
f 3444//794 3445//898 3507//728
f 3507//728 3445//898 3508//528
f 3445//898 3446//899 3508//528
f 3508//528 3446//899 3509//529
f 3446//899 3447//317 3509//529
f 3509//529 3447//317 3510//317
f 3447//317 3448//885 3510//317
f 3510//317 3448//885 3511//885
f 3448//885 3449//607 3511//885
f 3511//885 3449//607 3512//519
f 3449//607 3450//727 3513//763
f 3449//607 3513//763 3512//519
f 3450//727 3451//729 3514//866
f 3450//727 3514//866 3513//763
f 3451//729 3452//900 3514//866
f 3514//866 3452//900 3515//912
f 3452//900 3453//901 3516//913
f 3452//900 3516//913 3515//912
f 3453//901 3454//777 3516//913
f 3516//913 3454//777 3517//826
f 3454//777 3455//519 3518//914
f 3454//777 3518//914 3517//826
f 3455//519 3456//902 3518//914
f 3518//914 3456//902 3519//915
f 3457//903 3458//181 3520//916
f 3520//916 3458//181 3521//917
f 3458//181 3459//821 3521//917
f 3521//917 3459//821 3522//918
f 3459//821 3460//904 3522//918
f 3522//918 3460//904 3523//181
f 3460//904 3461//824 3523//181
f 3523//181 3461//824 3524//181
f 3461//824 3462//824 3524//181
f 3524//181 3462//824 3525//181
f 3462//824 3463//824 3525//181
f 3525//181 3463//824 3526//181
f 3463//824 3464//824 3526//181
f 3526//181 3464//824 3527//181
f 3464//824 3465//823 3527//181
f 3527//181 3465//823 3528//181
f 3465//823 3466//823 3529//780
f 3465//823 3529//780 3528//181
f 3466//823 3467//824 3529//780
f 3529//780 3467//824 3530//824
f 3467//824 3468//824 3530//824
f 3530//824 3468//824 3531//824
f 3468//824 3469//905 3531//824
f 3531//824 3469//905 3532//919
f 3469//905 3470//906 3533//920
f 3469//905 3533//920 3532//919
f 3470//906 3471//709 3533//920
f 3533//920 3471//709 3534//921
f 3471//709 3472//181 3534//921
f 3534//921 3472//181 3535//824
f 3472//181 3473//181 3535//824
f 3535//824 3473//181 3536//824
f 3473//181 3474//181 3536//824
f 3536//824 3474//181 3537//780
f 3474//181 3475//181 3537//780
f 3537//780 3475//181 3538//181
f 3475//181 3476//181 3538//181
f 3538//181 3476//181 3539//889
f 3476//181 3477//181 3539//889
f 3539//889 3477//181 3540//824
f 3477//181 3478//907 3540//824
f 3540//824 3478//907 3541//905
f 3478//907 3479//908 3541//905
f 3541//905 3479//908 3542//922
f 3480//909 3481//819 3543//923
f 3543//923 3481//819 3544//844
f 3481//819 3482//809 3544//844
f 3544//844 3482//809 3545//833
f 3482//809 3483//804 3546//874
f 3482//809 3546//874 3545//833
f 3483//804 3484//856 3546//874
f 3546//874 3484//856 3547//874
f 3484//856 3485//858 3548//858
f 3484//856 3548//858 3547//874
f 3485//858 3486//833 3549//924
f 3485//858 3549//924 3548//858
f 3486//833 3487//833 3549//924
f 3549//924 3487//833 3550//833
f 3487//833 3488//910 3551//910
f 3487//833 3551//910 3550//833
f 3488//910 3489//896 3552//925
f 3488//910 3552//925 3551//910
f 3489//896 3490//895 3553//926
f 3489//896 3553//926 3552//925
f 3490//895 3491//911 3554//849
f 3490//895 3554//849 3553//926
f 3491//911 3492//849 3554//849
f 3554//849 3492//849 3555//826
f 3492//849 3493//637 3556//858
f 3492//849 3556//858 3555//826
f 3493//637 3494//803 3557//927
f 3493//637 3557//927 3556//858
f 3494//803 3495//849 3557//927
f 3557//927 3495//849 3558//637
f 3495//849 3496//637 3559//928
f 3495//849 3559//928 3558//637
f 3496//637 3497//803 3560//777
f 3496//637 3560//777 3559//928
f 3497//803 3498//787 3560//777
f 3560//777 3498//787 3561//826
f 3498//787 3499//181 3562//803
f 3498//787 3562//803 3561//826
f 3499//181 3500//777 3562//803
f 3562//803 3500//777 3563//929
f 3500//777 3501//826 3563//929
f 3563//929 3501//826 3564//849
f 3501//826 3502//748 3565//930
f 3501//826 3565//930 3564//849
f 3502//748 3503//181 3566//898
f 3502//748 3566//898 3565//930
f 3503//181 3504//541 3566//898
f 3566//898 3504//541 3567//528
f 3504//541 3505//181 3568//682
f 3504//541 3568//682 3567//528
f 3505//181 3506//181 3568//682
f 3568//682 3506//181 3569//541
f 3506//181 3507//728 3569//541
f 3569//541 3507//728 3570//181
f 3507//728 3508//528 3571//541
f 3507//728 3571//541 3570//181
f 3508//528 3509//529 3571//541
f 3571//541 3509//529 3572//806
f 3509//529 3510//317 3572//806
f 3572//806 3510//317 3573//796
f 3510//317 3511//885 3573//796
f 3573//796 3511//885 3574//885
f 3511//885 3512//519 3574//885
f 3574//885 3512//519 3575//317
f 3512//519 3513//763 3575//317
f 3575//317 3513//763 3576//317
f 3513//763 3514//866 3576//317
f 3576//317 3514//866 3577//552
f 3514//866 3515//912 3577//552
f 3577//552 3515//912 3578//552
f 3515//912 3516//913 3578//552
f 3578//552 3516//913 3579//317
f 3516//913 3517//826 3579//317
f 3579//317 3517//826 3580//181
f 3517//826 3518//914 3581//931
f 3517//826 3581//931 3580//181
f 3518//914 3519//915 3582//932
f 3518//914 3582//932 3581//931
f 3520//916 3521//917 3583//933
f 3583//933 3521//917 3584//707
f 3521//917 3522//918 3584//707
f 3584//707 3522//918 3585//707
f 3522//918 3523//181 3585//707
f 3585//707 3523//181 3586//181
f 3523//181 3524//181 3586//181
f 3586//181 3524//181 3587//181
f 3524//181 3525//181 3587//181
f 3587//181 3525//181 3588//181
f 3525//181 3526//181 3588//181
f 3588//181 3526//181 3589//181
f 3526//181 3527//181 3589//181
f 3589//181 3527//181 3590//181
f 3527//181 3528//181 3590//181
f 3590//181 3528//181 3591//181
f 3528//181 3529//780 3591//181
f 3591//181 3529//780 3592//181
f 3529//780 3530//824 3592//181
f 3592//181 3530//824 3593//181
f 3530//824 3531//824 3593//181
f 3593//181 3531//824 3594//181
f 3531//824 3532//919 3594//181
f 3594//181 3532//919 3595//934
f 3532//919 3533//920 3595//934
f 3595//934 3533//920 3596//935
f 3533//920 3534//921 3596//935
f 3596//935 3534//921 3597//936
f 3534//921 3535//824 3597//936
f 3597//936 3535//824 3598//824
f 3535//824 3536//824 3598//824
f 3598//824 3536//824 3599//824
f 3536//824 3537//780 3599//824
f 3599//824 3537//780 3600//823
f 3537//780 3538//181 3601//822
f 3537//780 3601//822 3600//823
f 3538//181 3539//889 3601//822
f 3601//822 3539//889 3602//904
f 3539//889 3540//824 3602//904
f 3602//904 3540//824 3603//824
f 3540//824 3541//905 3603//824
f 3603//824 3541//905 3604//937
f 3541//905 3542//922 3605//938
f 3541//905 3605//938 3604//937
f 3543//923 3544//844 3606//939
f 3606//939 3544//844 3607//940
f 3544//844 3545//833 3607//940
f 3607//940 3545//833 3608//826
f 3545//833 3546//874 3609//874
f 3545//833 3609//874 3608//826
f 3546//874 3547//874 3609//874
f 3609//874 3547//874 3610//804
f 3547//874 3548//858 3611//809
f 3547//874 3611//809 3610//804
f 3548//858 3549//924 3611//809
f 3611//809 3549//924 3612//929
f 3549//924 3550//833 3612//929
f 3612//929 3550//833 3613//826
f 3550//833 3551//910 3614//896
f 3550//833 3614//896 3613//826
f 3551//910 3552//925 3615//941
f 3551//910 3615//941 3614//896
f 3552//925 3553//926 3616//942
f 3552//925 3616//942 3615//941
f 3553//926 3554//849 3617//803
f 3553//926 3617//803 3616//942
f 3554//849 3555//826 3617//803
f 3617//803 3555//826 3618//805
f 3555//826 3556//858 3619//943
f 3555//826 3619//943 3618//805
f 3556//858 3557//927 3619//943
f 3619//943 3557//927 3620//833
f 3557//927 3558//637 3621//944
f 3557//927 3621//944 3620//833
f 3558//637 3559//928 3621//944
f 3621//944 3559//928 3622//795
f 3559//928 3560//777 3622//795
f 3622//795 3560//777 3623//787
f 3560//777 3561//826 3623//787
f 3623//787 3561//826 3624//181
f 3561//826 3562//803 3625//777
f 3561//826 3625//777 3624//181
f 3562//803 3563//929 3625//777
f 3625//777 3563//929 3626//929
f 3563//929 3564//849 3626//929
f 3626//929 3564//849 3627//795
f 3564//849 3565//930 3628//945
f 3564//849 3628//945 3627//795
f 3565//930 3566//898 3628//945
f 3628//945 3566//898 3629//528
f 3566//898 3567//528 3629//528
f 3629//528 3567//528 3630//946
f 3567//528 3568//682 3630//946
f 3630//946 3568//682 3631//804
f 3568//682 3569//541 3631//804
f 3631//804 3569//541 3632//818
f 3569//541 3570//181 3633//748
f 3569//541 3633//748 3632//818
f 3570//181 3571//541 3633//748
f 3633//748 3571//541 3634//882
f 3571//541 3572//806 3634//882
f 3634//882 3572//806 3635//940
f 3572//806 3573//796 3635//940
f 3635//940 3573//796 3636//807
f 3573//796 3574//885 3637//947
f 3573//796 3637//947 3636//807
f 3574//885 3575//317 3637//947
f 3637//947 3575//317 3638//317
f 3575//317 3576//317 3638//317
f 3638//317 3576//317 3639//317
f 3576//317 3577//552 3639//317
f 3639//317 3577//552 3640//674
f 3577//552 3578//552 3640//674
f 3640//674 3578//552 3641//552
f 3578//552 3579//317 3641//552
f 3641//552 3579//317 3642//317
f 3579//317 3580//181 3642//317
f 3642//317 3580//181 3643//181
f 3580//181 3581//931 3643//181
f 3643//181 3581//931 3644//712
f 3581//931 3582//932 3644//712
f 3644//712 3582//932 3645//948
f 3583//933 3584//707 3646//949
f 3646//949 3584//707 3647//457
f 3584//707 3585//707 3647//457
f 3647//457 3585//707 3648//707
f 3585//707 3586//181 3648//707
f 3648//707 3586//181 3649//181
f 3586//181 3587//181 3649//181
f 3649//181 3587//181 3650//181
f 3587//181 3588//181 3650//181
f 3650//181 3588//181 3651//181
f 3588//181 3589//181 3651//181
f 3651//181 3589//181 3652//889
f 3589//181 3590//181 3652//889
f 3652//889 3590//181 3653//824
f 3590//181 3591//181 3653//824
f 3653//824 3591//181 3654//824
f 3591//181 3592//181 3654//824
f 3654//824 3592//181 3655//824
f 3592//181 3593//181 3655//824
f 3655//824 3593//181 3656//824
f 3593//181 3594//181 3656//824
f 3656//824 3594//181 3657//780
f 3594//181 3595//934 3657//780
f 3657//780 3595//934 3658//950
f 3595//934 3596//935 3658//950
f 3658//950 3596//935 3659//782
f 3596//935 3597//936 3659//782
f 3659//782 3597//936 3660//181
f 3597//936 3598//824 3660//181
f 3660//181 3598//824 3661//181
f 3598//824 3599//824 3661//181
f 3661//181 3599//824 3662//181
f 3599//824 3600//823 3662//181
f 3662//181 3600//823 3663//181
f 3600//823 3601//822 3664//813
f 3600//823 3664//813 3663//181
f 3601//822 3602//904 3664//813
f 3664//813 3602//904 3665//181
f 3602//904 3603//824 3665//181
f 3665//181 3603//824 3666//221
f 3603//824 3604//937 3666//221
f 3666//221 3604//937 3667//951
f 3604//937 3605//938 3667//951
f 3667//951 3605//938 3668//952
f 3606//939 3607//940 3669//953
f 3669//953 3607//940 3670//954
f 3607//940 3608//826 3670//954
f 3670//954 3608//826 3671//181
f 3608//826 3609//874 3672//541
f 3608//826 3672//541 3671//181
f 3609//874 3610//804 3672//541
f 3672//541 3610//804 3673//317
f 3610//804 3611//809 3673//317
f 3673//317 3611//809 3674//317
f 3611//809 3612//929 3674//317
f 3674//317 3612//929 3675//806
f 3612//929 3613//826 3675//806
f 3675//806 3613//826 3676//804
f 3613//826 3614//896 3677//877
f 3613//826 3677//877 3676//804
f 3614//896 3615//941 3678//955
f 3614//896 3678//955 3677//877
f 3615//941 3616//942 3678//955
f 3678//955 3616//942 3679//910
f 3616//942 3617//803 3680//956
f 3616//942 3680//956 3679//910
f 3617//803 3618//805 3680//956
f 3680//956 3618//805 3681//957
f 3618//805 3619//943 3681//957
f 3681//957 3619//943 3682//958
f 3619//943 3620//833 3682//958
f 3682//958 3620//833 3683//637
f 3620//833 3621//944 3684//944
f 3620//833 3684//944 3683//637
f 3621//944 3622//795 3685//833
f 3621//944 3685//833 3684//944
f 3622//795 3623//787 3685//833
f 3685//833 3623//787 3686//833
f 3623//787 3624//181 3687//748
f 3623//787 3687//748 3686//833
f 3624//181 3625//777 3687//748
f 3687//748 3625//777 3688//181
f 3625//777 3626//929 3688//181
f 3688//181 3626//929 3689//541
f 3626//929 3627//795 3689//541
f 3689//541 3627//795 3690//718
f 3627//795 3628//945 3690//718
f 3690//718 3628//945 3691//519
f 3628//945 3629//528 3692//541
f 3628//945 3692//541 3691//519
f 3629//528 3630//946 3692//541
f 3692//541 3630//946 3693//181
f 3630//946 3631//804 3694//541
f 3630//946 3694//541 3693//181
f 3631//804 3632//818 3694//541
f 3694//541 3632//818 3695//181
f 3632//818 3633//748 3696//748
f 3632//818 3696//748 3695//181
f 3633//748 3634//882 3697//865
f 3633//748 3697//865 3696//748
f 3634//882 3635//940 3697//865
f 3697//865 3635//940 3698//959
f 3635//940 3636//807 3698//959
f 3698//959 3636//807 3699//960
f 3636//807 3637//947 3699//960
f 3699//960 3637//947 3700//961
f 3637//947 3638//317 3700//961
f 3700//961 3638//317 3701//727
f 3638//317 3639//317 3701//727
f 3701//727 3639//317 3702//718
f 3639//317 3640//674 3702//718
f 3702//718 3640//674 3703//552
f 3640//674 3641//552 3703//552
f 3703//552 3641//552 3704//552
f 3641//552 3642//317 3704//552
f 3704//552 3642//317 3705//317
f 3642//317 3643//181 3705//317
f 3705//317 3643//181 3706//181
f 3643//181 3644//712 3706//181
f 3706//181 3644//712 3707//712
f 3644//712 3645//948 3707//712
f 3707//712 3645//948 3708//962
f 3646//949 3647//457 3710//963
f 3646//949 3710//963 3709//964
f 3647//457 3648//707 3710//963
f 3710//963 3648//707 3711//917
f 3648//707 3649//181 3711//917
f 3711//917 3649//181 3712//889
f 3649//181 3650//181 3712//889
f 3712//889 3650//181 3713//824
f 3650//181 3651//181 3713//824
f 3713//824 3651//181 3714//904
f 3651//181 3652//889 3714//904
f 3714//904 3652//889 3715//904
f 3652//889 3653//824 3715//904
f 3715//904 3653//824 3716//824
f 3653//824 3654//824 3716//824
f 3716//824 3654//824 3717//824
f 3654//824 3655//824 3717//824
f 3717//824 3655//824 3718//824
f 3655//824 3656//824 3718//824
f 3718//824 3656//824 3719//824
f 3656//824 3657//780 3719//824
f 3719//824 3657//780 3720//823
f 3657//780 3658//950 3721//965
f 3657//780 3721//965 3720//823
f 3658//950 3659//782 3721//965
f 3721//965 3659//782 3722//657
f 3659//782 3660//181 3722//657
f 3722//657 3660//181 3723//181
f 3660//181 3661//181 3723//181
f 3723//181 3661//181 3724//181
f 3661//181 3662//181 3724//181
f 3724//181 3662//181 3725//181
f 3662//181 3663//181 3725//181
f 3725//181 3663//181 3726//181
f 3663//181 3664//813 3726//181
f 3726//181 3664//813 3727//181
f 3664//813 3665//181 3727//181
f 3727//181 3665//181 3728//181
f 3665//181 3666//221 3728//181
f 3728//181 3666//221 3729//966
f 3666//221 3667//951 3729//966
f 3729//966 3667//951 3730//967
f 3667//951 3668//952 3730//967
f 3669//953 3670//954 3731//968
f 3731//968 3670//954 3732//865
f 3670//954 3671//181 3733//803
f 3670//954 3733//803 3732//865
f 3671//181 3672//541 3733//803
f 3733//803 3672//541 3734//787
f 3672//541 3673//317 3734//787
f 3734//787 3673//317 3735//527
f 3673//317 3674//317 3735//527
f 3735//527 3674//317 3736//804
f 3674//317 3675//806 3736//804
f 3736//804 3675//806 3737//819
f 3675//806 3676//804 3737//819
f 3737//819 3676//804 3738//929
f 3676//804 3677//877 3738//929
f 3738//929 3677//877 3739//969
f 3677//877 3678//955 3740//970
f 3677//877 3740//970 3739//969
f 3678//955 3679//910 3741//971
f 3678//955 3741//971 3740//970
f 3679//910 3680//956 3742//972
f 3679//910 3742//972 3741//971
f 3680//956 3681//957 3742//972
f 3742//972 3681//957 3743//973
f 3681//957 3682//958 3743//973
f 3743//973 3682//958 3744//974
f 3682//958 3683//637 3745//944
f 3682//958 3745//944 3744//974
f 3683//637 3684//944 3745//944
f 3745//944 3684//944 3746//930
f 3684//944 3685//833 3747//849
f 3684//944 3747//849 3746//930
f 3685//833 3686//833 3747//849
f 3747//849 3686//833 3748//826
f 3686//833 3687//748 3749//910
f 3686//833 3749//910 3748//826
f 3687//748 3688//181 3750//842
f 3687//748 3750//842 3749//910
f 3688//181 3689//541 3750//842
f 3750//842 3689//541 3751//818
f 3689//541 3690//718 3752//944
f 3689//541 3752//944 3751//818
f 3690//718 3691//519 3752//944
f 3752//944 3691//519 3753//727
f 3691//519 3692//541 3753//727
f 3753//727 3692//541 3754//181
f 3692//541 3693//181 3754//181
f 3754//181 3693//181 3755//541
f 3693//181 3694//541 3755//541
f 3755//541 3694//541 3756//181
f 3694//541 3695//181 3756//181
f 3756//181 3695//181 3757//181
f 3695//181 3696//748 3757//181
f 3757//181 3696//748 3758//181
f 3696//748 3697//865 3759//954
f 3696//748 3759//954 3758//181
f 3697//865 3698//959 3759//954
f 3759//954 3698//959 3760//528
f 3698//959 3699//960 3761//975
f 3698//959 3761//975 3760//528
f 3699//960 3700//961 3762//976
f 3699//960 3762//976 3761//975
f 3700//961 3701//727 3763//977
f 3700//961 3763//977 3762//976
f 3701//727 3702//718 3764//788
f 3701//727 3764//788 3763//977
f 3702//718 3703//552 3764//788
f 3764//788 3703//552 3765//674
f 3703//552 3704//552 3765//674
f 3765//674 3704//552 3766//552
f 3704//552 3705//317 3766//552
f 3766//552 3705//317 3767//317
f 3705//317 3706//181 3767//317
f 3767//317 3706//181 3768//541
f 3706//181 3707//712 3768//541
f 3768//541 3707//712 3769//729
f 3707//712 3708//962 3769//729
f 3769//729 3708//962 3770//978
f 3709//964 3710//963 3772//813
f 3709//964 3772//813 3771//979
f 3710//963 3711//917 3772//813
f 3772//813 3711//917 3773//917
f 3711//917 3712//889 3773//917
f 3773//917 3712//889 3774//821
f 3712//889 3713//824 3774//821
f 3774//821 3713//824 3775//824
f 3713//824 3714//904 3775//824
f 3775//824 3714//904 3776//889
f 3714//904 3715//904 3776//889
f 3776//889 3715//904 3777//181
f 3715//904 3716//824 3777//181
f 3777//181 3716//824 3778//181
f 3716//824 3717//824 3778//181
f 3778//181 3717//824 3779//181
f 3717//824 3718//824 3779//181
f 3779//181 3718//824 3780//181
f 3718//824 3719//824 3780//181
f 3780//181 3719//824 3781//181
f 3719//824 3720//823 3781//181
f 3781//181 3720//823 3782//181
f 3720//823 3721//965 3783//980
f 3720//823 3783//980 3782//181
f 3721//965 3722//657 3784//981
f 3721//965 3784//981 3783//980
f 3722//657 3723//181 3784//981
f 3784//981 3723//181 3785//889
f 3723//181 3724//181 3785//889
f 3785//889 3724//181 3786//824
f 3724//181 3725//181 3786//824
f 3786//824 3725//181 3787//824
f 3725//181 3726//181 3787//824
f 3787//824 3726//181 3788//824
f 3726//181 3727//181 3788//824
f 3788//824 3727//181 3789//824
f 3727//181 3728//181 3789//824
f 3789//824 3728//181 3790//824
f 3728//181 3729//966 3790//824
f 3790//824 3729//966 3791//982
f 3729//966 3730//967 3791//982
f 3791//982 3730//967 3792//983
f 3731//968 3732//865 3793//984
f 3793//984 3732//865 3794//882
f 3732//865 3733//803 3795//777
f 3732//865 3795//777 3794//882
f 3733//803 3734//787 3795//777
f 3795//777 3734//787 3796//911
f 3734//787 3735//527 3797//858
f 3734//787 3797//858 3796//911
f 3735//527 3736//804 3798//832
f 3735//527 3798//832 3797//858
f 3736//804 3737//819 3798//832
f 3798//832 3737//819 3799//929
f 3737//819 3738//929 3799//929
f 3799//929 3738//929 3800//929
f 3738//929 3739//969 3800//929
f 3800//929 3739//969 3801//849
f 3739//969 3740//970 3802//862
f 3739//969 3802//862 3801//849
f 3740//970 3741//971 3803//985
f 3740//970 3803//985 3802//862
f 3741//971 3742//972 3804//986
f 3741//971 3804//986 3803//985
f 3742//972 3743//973 3804//986
f 3804//986 3743//973 3805//987
f 3743//973 3744//974 3805//987
f 3805//987 3744//974 3806//988
f 3744//974 3745//944 3807//970
f 3744//974 3807//970 3806//988
f 3745//944 3746//930 3808//845
f 3745//944 3808//845 3807//970
f 3746//930 3747//849 3809//989
f 3746//930 3809//989 3808//845
f 3747//849 3748//826 3809//989
f 3809//989 3748//826 3810//990
f 3748//826 3749//910 3811//834
f 3748//826 3811//834 3810//990
f 3749//910 3750//842 3812//911
f 3749//910 3812//911 3811//834
f 3750//842 3751//818 3812//911
f 3812//911 3751//818 3813//849
f 3751//818 3752//944 3814//930
f 3751//818 3814//930 3813//849
f 3752//944 3753//727 3815//944
f 3752//944 3815//944 3814//930
f 3753//727 3754//181 3816//842
f 3753//727 3816//842 3815//944
f 3754//181 3755//541 3816//842
f 3816//842 3755//541 3817//818
f 3755//541 3756//181 3818//803
f 3755//541 3818//803 3817//818
f 3756//181 3757//181 3818//803
f 3818//803 3757//181 3819//777
f 3757//181 3758//181 3819//777
f 3819//777 3758//181 3820//181
f 3758//181 3759//954 3820//181
f 3820//181 3759//954 3821//883
f 3759//954 3760//528 3821//883
f 3821//883 3760//528 3822//991
f 3760//528 3761//975 3822//991
f 3822//991 3761//975 3823//850
f 3761//975 3762//976 3823//850
f 3823//850 3762//976 3824//992
f 3762//976 3763//977 3824//992
f 3824//992 3763//977 3825//977
f 3763//977 3764//788 3825//977
f 3825//977 3764//788 3826//850
f 3764//788 3765//674 3826//850
f 3826//850 3765//674 3827//993
f 3765//674 3766//552 3827//993
f 3827//993 3766//552 3828//961
f 3766//552 3767//317 3828//961
f 3828//961 3767//317 3829//804
f 3767//317 3768//541 3829//804
f 3829//804 3768//541 3830//804
f 3768//541 3769//729 3831//994
f 3768//541 3831//994 3830//804
f 3769//729 3770//978 3831//994
f 3831//994 3770//978 3832//995
f 3770//978 3833//996 3832//995
f 3833//996 3771//979 3834//707
f 3771//979 3772//813 3834//707
f 3834//707 3772//813 3835//181
f 3772//813 3773//917 3835//181
f 3835//181 3773//917 3836//707
f 3773//917 3774//821 3836//707
f 3836//707 3774//821 3837//707
f 3774//821 3775//824 3837//707
f 3837//707 3775//824 3838//181
f 3775//824 3776//889 3838//181
f 3838//181 3776//889 3839//181
f 3776//889 3777//181 3839//181
f 3839//181 3777//181 3840//181
f 3777//181 3778//181 3840//181
f 3840//181 3778//181 3841//181
f 3778//181 3779//181 3841//181
f 3841//181 3779//181 3842//181
f 3779//181 3780//181 3842//181
f 3842//181 3780//181 3843//181
f 3780//181 3781//181 3843//181
f 3843//181 3781//181 3844//181
f 3781//181 3782//181 3844//181
f 3844//181 3782//181 3845//889
f 3782//181 3783//980 3845//889
f 3845//889 3783//980 3846//997
f 3783//980 3784//981 3846//997
f 3846//997 3784//981 3847//998
f 3784//981 3785//889 3847//998
f 3847//998 3785//889 3848//904
f 3785//889 3786//824 3848//904
f 3848//904 3786//824 3849//824
f 3786//824 3787//824 3849//824
f 3849//824 3787//824 3850//824
f 3787//824 3788//824 3850//824
f 3850//824 3788//824 3851//824
f 3788//824 3789//824 3851//824
f 3851//824 3789//824 3852//824
f 3789//824 3790//824 3852//824
f 3852//824 3790//824 3853//824
f 3790//824 3791//982 3853//824
f 3853//824 3791//982 3854//999
f 3791//982 3792//983 3855//1000
f 3791//982 3855//1000 3854//999
f 3793//984 3794//882 3856//1001
f 3856//1001 3794//882 3857//929
f 3794//882 3795//777 3857//929
f 3857//929 3795//777 3858//1002
f 3795//777 3796//911 3858//1002
f 3858//1002 3796//911 3859//1003
f 3796//911 3797//858 3860//1004
f 3796//911 3860//1004 3859//1003
f 3797//858 3798//832 3860//1004
f 3860//1004 3798//832 3861//1005
f 3798//832 3799//929 3861//1005
f 3861//1005 3799//929 3862//832
f 3799//929 3800//929 3862//832
f 3862//832 3800//929 3863//1005
f 3800//929 3801//849 3863//1005
f 3863//1005 3801//849 3864//826
f 3801//849 3802//862 3865//637
f 3801//849 3865//637 3864//826
f 3802//862 3803//985 3866//637
f 3802//862 3866//637 3865//637
f 3803//985 3804//986 3867//1006
f 3803//985 3867//1006 3866//637
f 3804//986 3805//987 3867//1006
f 3867//1006 3805//987 3868//1007
f 3805//987 3806//988 3868//1007
f 3868//1007 3806//988 3869//1008
f 3806//988 3807//970 3870//1009
f 3806//988 3870//1009 3869//1008
f 3807//970 3808//845 3871//1010
f 3807//970 3871//1010 3870//1009
f 3808//845 3809//989 3872//894
f 3808//845 3872//894 3871//1010
f 3809//989 3810//990 3873//1011
f 3809//989 3873//1011 3872//894
f 3810//990 3811//834 3874//928
f 3810//990 3874//928 3873//1011
f 3811//834 3812//911 3875//777
f 3811//834 3875//777 3874//928
f 3812//911 3813//849 3875//777
f 3875//777 3813//849 3876//794
f 3813//849 3814//930 3877//945
f 3813//849 3877//945 3876//794
f 3814//930 3815//944 3877//945
f 3877//945 3815//944 3878//834
f 3815//944 3816//842 3879//832
f 3815//944 3879//832 3878//834
f 3816//842 3817//818 3879//832
f 3879//832 3817//818 3880//849
f 3817//818 3818//803 3881//849
f 3817//818 3881//849 3880//849
f 3818//803 3819//777 3881//849
f 3881//849 3819//777 3882//826
f 3819//777 3820//181 3883//842
f 3819//777 3883//842 3882//826
f 3820//181 3821//883 3883//842
f 3883//842 3821//883 3884//1012
f 3821//883 3822//991 3884//1012
f 3884//1012 3822//991 3885//1013
f 3822//991 3823//850 3886//1014
f 3822//991 3886//1014 3885//1013
f 3823//850 3824//992 3887//1015
f 3823//850 3887//1015 3886//1014
f 3824//992 3825//977 3888//930
f 3824//992 3888//930 3887//1015
f 3825//977 3826//850 3889//1016
f 3825//977 3889//1016 3888//930
f 3826//850 3827//993 3890//1017
f 3826//850 3890//1017 3889//1016
f 3827//993 3828//961 3891//1018
f 3827//993 3891//1018 3890//1017
f 3828//961 3829//804 3892//748
f 3828//961 3892//748 3891//1018
f 3829//804 3830//804 3892//748
f 3892//748 3830//804 3893//1019
f 3830//804 3831//994 3893//1019
f 3833//996 3834//707 3894//1020
f 3894//1020 3834//707 3895//707
f 3834//707 3835//181 3895//707
f 3895//707 3835//181 3896//181
f 3835//181 3836//707 3896//181
f 3896//181 3836//707 3897//1021
f 3836//707 3837//707 3897//1021
f 3897//1021 3837//707 3898//917
f 3837//707 3838//181 3898//917
f 3898//917 3838//181 3899//181
f 3838//181 3839//181 3899//181
f 3899//181 3839//181 3900//181
f 3839//181 3840//181 3900//181
f 3900//181 3840//181 3901//889
f 3840//181 3841//181 3901//889
f 3901//889 3841//181 3902//824
f 3841//181 3842//181 3902//824
f 3902//824 3842//181 3903//824
f 3842//181 3843//181 3903//824
f 3903//824 3843//181 3904//824
f 3843//181 3844//181 3904//824
f 3904//824 3844//181 3905//904
f 3844//181 3845//889 3905//904
f 3905//904 3845//889 3906//1022
f 3845//889 3846//997 3906//1022
f 3906//1022 3846//997 3907//1023
f 3846//997 3847//998 3907//1023
f 3907//1023 3847//998 3908//1024
f 3847//998 3848//904 3908//1024
f 3908//1024 3848//904 3909//889
f 3848//904 3849//824 3909//889
f 3909//889 3849//824 3910//824
f 3849//824 3850//824 3910//824
f 3910//824 3850//824 3911//780
f 3850//824 3851//824 3911//780
f 3911//780 3851//824 3912//181
f 3851//824 3852//824 3912//181
f 3912//181 3852//824 3913//181
f 3852//824 3853//824 3913//181
f 3913//181 3853//824 3914//813
f 3853//824 3854//999 3914//813
f 3914//813 3854//999 3915//1025
f 3854//999 3855//1000 3915//1025
f 3915//1025 3855//1000 3916//1026
f 3856//1001 3857//929 3917//1027
f 3917//1027 3857//929 3918//1028
f 3857//929 3858//1002 3918//1028
f 3918//1028 3858//1002 3919//1029
f 3858//1002 3859//1003 3919//1029
f 3919//1029 3859//1003 3920//1030
f 3859//1003 3860//1004 3921//895
f 3859//1003 3921//895 3920//1030
f 3860//1004 3861//1005 3922//842
f 3860//1004 3922//842 3921//895
f 3861//1005 3862//832 3922//842
f 3922//842 3862//832 3923//876
f 3862//832 3863//1005 3924//803
f 3862//832 3924//803 3923//876
f 3863//1005 3864//826 3924//803
f 3924//803 3864//826 3925//849
f 3864//826 3865//637 3926//637
f 3864//826 3926//637 3925//849
f 3865//637 3866//637 3927//858
f 3865//637 3927//858 3926//637
f 3866//637 3867//1006 3928//832
f 3866//637 3928//832 3927//858
f 3867//1006 3868//1007 3928//832
f 3928//832 3868//1007 3929//819
f 3868//1007 3869//1008 3929//819
f 3929//819 3869//1008 3930//804
f 3869//1008 3870//1009 3931//1031
f 3869//1008 3931//1031 3930//804
f 3870//1009 3871//1010 3932//1032
f 3870//1009 3932//1032 3931//1031
f 3871//1010 3872//894 3932//1032
f 3932//1032 3872//894 3933//1033
f 3872//894 3873//1011 3934//1016
f 3872//894 3934//1016 3933//1033
f 3873//1011 3874//928 3934//1016
f 3934//1016 3874//928 3935//794
f 3874//928 3875//777 3935//794
f 3935//794 3875//777 3936//787
f 3875//777 3876//794 3936//787
f 3936//787 3876//794 3937//527
f 3876//794 3877//945 3937//527
f 3937//527 3877//945 3938//930
f 3877//945 3878//834 3939//849
f 3877//945 3939//849 3938//930
f 3878//834 3879//832 3939//849
f 3939//849 3879//832 3940//929
f 3879//832 3880//849 3940//929
f 3940//929 3880//849 3941//826
f 3880//849 3881//849 3942//748
f 3880//849 3942//748 3941//826
f 3881//849 3882//826 3942//748
f 3942//748 3882//826 3943//181
f 3882//826 3883//842 3944//1034
f 3882//826 3944//1034 3943//181
f 3883//842 3884//1012 3944//1034
f 3944//1034 3884//1012 3945//1035
f 3884//1012 3885//1013 3945//1035
f 3945//1035 3885//1013 3946//807
f 3885//1013 3886//1014 3947//993
f 3885//1013 3947//993 3946//807
f 3886//1014 3887//1015 3948//914
f 3886//1014 3948//914 3947//993
f 3887//1015 3888//930 3949//944
f 3887//1015 3949//944 3948//914
f 3888//930 3889//1016 3949//944
f 3949//944 3889//1016 3950//1018
f 3889//1016 3890//1017 3951//1036
f 3889//1016 3951//1036 3950//1018
f 3890//1017 3891//1018 3952//1037
f 3890//1017 3952//1037 3951//1036
f 3891//1018 3892//748 3952//1037
f 3952//1037 3892//748 3953//794
f 3892//748 3893//1019 3953//794
f 3953//794 3893//1019 3954//1038
f 3894//1020 3895//707 3955//1039
f 3955//1039 3895//707 3956//707
f 3895//707 3896//181 3956//707
f 3956//707 3896//181 3957//821
f 3896//181 3897//1021 3957//821
f 3957//821 3897//1021 3958//821
f 3897//1021 3898//917 3958//821
f 3958//821 3898//917 3959//181
f 3898//917 3899//181 3959//181
f 3959//181 3899//181 3960//181
f 3899//181 3900//181 3960//181
f 3960//181 3900//181 3961//821
f 3900//181 3901//889 3961//821
f 3961//821 3901//889 3962//904
f 3901//889 3902//824 3962//904
f 3962//904 3902//824 3963//824
f 3902//824 3903//824 3963//824
f 3963//824 3903//824 3964//824
f 3903//824 3904//824 3964//824
f 3964//824 3904//824 3965//824
f 3904//824 3905//904 3965//824
f 3965//824 3905//904 3966//889
f 3905//904 3906//1022 3966//889
f 3966//889 3906//1022 3967//723
f 3906//1022 3907//1023 3967//723
f 3967//723 3907//1023 3968//920
f 3907//1023 3908//1024 3968//920
f 3968//920 3908//1024 3969//1040
f 3908//1024 3909//889 3969//1040
f 3969//1040 3909//889 3970//904
f 3909//889 3910//824 3970//904
f 3970//904 3910//824 3971//1041
f 3910//824 3911//780 3971//1041
f 3971//1041 3911//780 3972//1042
f 3911//780 3912//181 3973//823
f 3911//780 3973//823 3972//1042
f 3912//181 3913//181 3973//823
f 3973//823 3913//181 3974//904
f 3913//181 3914//813 3974//904
f 3974//904 3914//813 3975//1043
f 3914//813 3915//1025 3976//1044
f 3914//813 3976//1044 3975//1043
f 3915//1025 3916//1026 3976//1044
f 3976//1044 3916//1026 3977//1045
f 3917//1027 3918//1028 3979//865
f 3917//1027 3979//865 3978//1046
f 3918//1028 3919//1029 3979//865
f 3979//865 3919//1029 3980//1047
f 3919//1029 3920//1030 3980//1047
f 3980//1047 3920//1030 3981//867
f 3920//1030 3921//895 3982//880
f 3920//1030 3982//880 3981//867
f 3921//895 3922//842 3983//856
f 3921//895 3983//856 3982//880
f 3922//842 3923//876 3983//856
f 3983//856 3923//876 3984//818
f 3923//876 3924//803 3985//833
f 3923//876 3985//833 3984//818
f 3924//803 3925//849 3985//833
f 3985//833 3925//849 3986//862
f 3925//849 3926//637 3987//863
f 3925//849 3987//863 3986//862
f 3926//637 3927//858 3988//777
f 3926//637 3988//777 3987//863
f 3927//858 3928//832 3988//777
f 3988//777 3928//832 3989//832
f 3928//832 3929//819 3989//832
f 3989//832 3929//819 3990//681
f 3929//819 3930//804 3990//681
f 3990//681 3930//804 3991//728
f 3930//804 3931//1031 3991//728
f 3991//728 3931//1031 3992//880
f 3931//1031 3932//1032 3993//1048
f 3931//1031 3993//1048 3992//880
f 3932//1032 3933//1033 3994//1017
f 3932//1032 3994//1017 3993//1048
f 3933//1033 3934//1016 3995//1049
f 3933//1033 3995//1049 3994//1017
f 3934//1016 3935//794 3996//833
f 3934//1016 3996//833 3995//1049
f 3935//794 3936//787 3996//833
f 3996//833 3936//787 3997//833
f 3936//787 3937//527 3998//637
f 3936//787 3998//637 3997//833
f 3937//527 3938//930 3999//637
f 3937//527 3999//637 3998//637
f 3938//930 3939//849 4000//803
f 3938//930 4000//803 3999//637
f 3939//849 3940//929 4000//803
f 4000//803 3940//929 4001//787
f 3940//929 3941//826 4001//787
f 4001//787 3941//826 4002//181
f 3941//826 3942//748 4003//748
f 3941//826 4003//748 4002//181
f 3942//748 3943//181 4004//818
f 3942//748 4004//818 4003//748
f 3943//181 3944//1034 4004//818
f 4004//818 3944//1034 4005//1050
f 3944//1034 3945//1035 4005//1050
f 4005//1050 3945//1035 4006//551
f 3945//1035 3946//807 4006//551
f 4006//551 3946//807 4007//712
f 3946//807 3947//993 4007//712
f 4007//712 3947//993 4008//552
f 3947//993 3948//914 4008//552
f 4008//552 3948//914 4009//519
f 3948//914 3949//944 4010//763
f 3948//914 4010//763 4009//519
f 3949//944 3950//1018 4011//961
f 3949//944 4011//961 4010//763
f 3950//1018 3951//1036 4012//1051
f 3950//1018 4012//1051 4011//961
f 3951//1036 3952//1037 4012//1051
f 4012//1051 3952//1037 4013//1052
f 3952//1037 3953//794 4014//777
f 3952//1037 4014//777 4013//1052
f 3953//794 3954//1038 4014//777
f 4014//777 3954//1038 4015//1053
f 3955//1039 3956//707 4016//1054
f 4016//1054 3956//707 4017//1055
f 3956//707 3957//821 4017//1055
f 4017//1055 3957//821 4018//821
f 3957//821 3958//821 4018//821
f 4018//821 3958//821 4019//181
f 3958//821 3959//181 4019//181
f 4019//181 3959//181 4020//889
f 3959//181 3960//181 4020//889
f 4020//889 3960//181 4021//904
f 3960//181 3961//821 4021//904
f 4021//904 3961//821 4022//821
f 3961//821 3962//904 4022//821
f 4022//821 3962//904 4023//181
f 3962//904 3963//824 4023//181
f 4023//181 3963//824 4024//181
f 3963//824 3964//824 4024//181
f 4024//181 3964//824 4025//181
f 3964//824 3965//824 4025//181
f 4025//181 3965//824 4026//181
f 3965//824 3966//889 4026//181
f 4026//181 3966//889 4027//181
f 3966//889 3967//723 4027//181
f 4027//181 3967//723 4028//709
f 3967//723 3968//920 4028//709
f 4028//709 3968//920 4029//1056
f 3968//920 3969//1040 4030//1057
f 3968//920 4030//1057 4029//1056
f 3969//1040 3970//904 4030//1057
f 4030//1057 3970//904 4031//904
f 3970//904 3971//1041 4031//904
f 4031//904 3971//1041 4032//1058
f 3971//1041 3972//1042 4032//1058
f 4032//1058 3972//1042 4033//1059
f 3972//1042 3973//823 4034//1060
f 3972//1042 4034//1060 4033//1059
f 3973//823 3974//904 4034//1060
f 4034//1060 3974//904 4035//1061
f 3974//904 3975//1043 4035//1061
f 4035//1061 3975//1043 4036//853
f 3975//1043 3976//1044 4036//853
f 4036//853 3976//1044 4037//1062
f 3976//1044 3977//1045 4037//1062
f 4037//1062 3977//1045 4038//1063
f 3978//1046 3979//865 4040//1064
f 3978//1046 4040//1064 4039//1065
f 3979//865 3980//1047 4040//1064
f 4040//1064 3980//1047 4041//856
f 3980//1047 3981//867 4041//856
f 4041//856 3981//867 4042//863
f 3981//867 3982//880 4043//862
f 3981//867 4043//862 4042//863
f 3982//880 3983//856 4043//862
f 4043//862 3983//856 4044//1064
f 3983//856 3984//818 4044//1064
f 4044//1064 3984//818 4045//929
f 3984//818 3985//833 4046//943
f 3984//818 4046//943 4045//929
f 3985//833 3986//862 4046//943
f 4046//943 3986//862 4047//910
f 3986//862 3987//863 4048//1066
f 3986//862 4048//1066 4047//910
f 3987//863 3988//777 4048//1066
f 4048//1066 3988//777 4049//819
f 3988//777 3989//832 4049//819
f 4049//819 3989//832 4050//1067
f 3989//832 3990//681 4051//989
f 3989//832 4051//989 4050//1067
f 3990//681 3991//728 4051//989
f 4051//989 3991//728 4052//990
f 3991//728 3992//880 4053//637
f 3991//728 4053//637 4052//990
f 3992//880 3993//1048 4054//1068
f 3992//880 4054//1068 4053//637
f 3993//1048 3994//1017 4054//1068
f 4054//1068 3994//1017 4055//1069
f 3994//1017 3995//1049 4055//1069
f 4055//1069 3995//1049 4056//1070
f 3995//1049 3996//833 4057//956
f 3995//1049 4057//956 4056//1070
f 3996//833 3997//833 4057//956
f 4057//956 3997//833 4058//1071
f 3997//833 3998//637 4059//910
f 3997//833 4059//910 4058//1071
f 3998//637 3999//637 4060//858
f 3998//637 4060//858 4059//910
f 3999//637 4000//803 4061//927
f 3999//637 4061//927 4060//858
f 4000//803 4001//787 4061//927
f 4061//927 4001//787 4062//858
f 4001//787 4002//181 4063//803
f 4001//787 4063//803 4062//858
f 4002//181 4003//748 4063//803
f 4063//803 4003//748 4064//1072
f 4003//748 4004//818 4065//449
f 4003//748 4065//449 4064//1072
f 4004//818 4005//1050 4065//449
f 4065//449 4005//1050 4066//883
f 4005//1050 4006//551 4066//883
f 4066//883 4006//551 4067//529
f 4006//551 4007//712 4067//529
f 4067//529 4007//712 4068//712
f 4007//712 4008//552 4068//712
f 4068//712 4008//552 4069//866
f 4008//552 4009//519 4069//866
f 4069//866 4009//519 4070//727
f 4009//519 4010//763 4070//727
f 4070//727 4010//763 4071//718
f 4010//763 4011//961 4071//718
f 4071//718 4011//961 4072//674
f 4011//961 4012//1051 4072//674
f 4072//674 4012//1051 4073//553
f 4012//1051 4013//1052 4073//553
f 4073//553 4013//1052 4074//651
f 4013//1052 4014//777 4074//651
f 4074//651 4014//777 4075//181
f 4014//777 4015//1053 4075//181
f 4075//181 4015//1053 4076//1073
f 4016//1054 4017//1055 4077//1074
f 4077//1074 4017//1055 4078//1075
f 4017//1055 4018//821 4078//1075
f 4078//1075 4018//821 4079//181
f 4018//821 4019//181 4079//181
f 4079//181 4019//181 4080//917
f 4019//181 4020//889 4080//917
f 4080//917 4020//889 4081//821
f 4020//889 4021//904 4081//821
f 4081//821 4021//904 4082//889
f 4021//904 4022//821 4082//889
f 4082//889 4022//821 4083//181
f 4022//821 4023//181 4083//181
f 4083//181 4023//181 4084//181
f 4023//181 4024//181 4084//181
f 4084//181 4024//181 4085//181
f 4024//181 4025//181 4085//181
f 4085//181 4025//181 4086//181
f 4025//181 4026//181 4086//181
f 4086//181 4026//181 4087//889
f 4026//181 4027//181 4087//889
f 4087//889 4027//181 4088//780
f 4027//181 4028//709 4088//780
f 4088//780 4028//709 4089//1076
f 4028//709 4029//1056 4089//1076
f 4089//1076 4029//1056 4090//1077
f 4029//1056 4030//1057 4091//1078
f 4029//1056 4091//1078 4090//1077
f 4030//1057 4031//904 4091//1078
f 4091//1078 4031//904 4092//1079
f 4031//904 4032//1058 4092//1079
f 4092//1079 4032//1058 4093//904
f 4032//1058 4033//1059 4093//904
f 4093//904 4033//1059 4094//823
f 4033//1059 4034//1060 4095//1080
f 4033//1059 4095//1080 4094//823
f 4034//1060 4035//1061 4096//822
f 4034//1060 4096//822 4095//1080
f 4035//1061 4036//853 4096//822
f 4096//822 4036//853 4097//1081
f 4036//853 4037//1062 4098//1082
f 4036//853 4098//1082 4097//1081
f 4037//1062 4038//1063 4099//1083
f 4037//1062 4099//1083 4098//1082
f 4039//1065 4040//1064 4100//1084
f 4100//1084 4040//1064 4101//1007
f 4040//1064 4041//856 4101//1007
f 4101//1007 4041//856 4102//826
f 4041//856 4042//863 4103//858
f 4041//856 4103//858 4102//826
f 4042//863 4043//862 4104//875
f 4042//863 4104//875 4103//858
f 4043//862 4044//1064 4104//875
f 4104//875 4044//1064 4105//876
f 4044//1064 4045//929 4106//1085
f 4044//1064 4106//1085 4105//876
f 4045//929 4046//943 4106//1085
f 4106//1085 4046//943 4107//874
f 4046//943 4047//910 4107//874
f 4107//874 4047//910 4108//1086
f 4047//910 4048//1066 4109//910
f 4047//910 4109//910 4108//1086
f 4048//1066 4049//819 4109//910
f 4109//910 4049//819 4110//844
f 4049//819 4050//1067 4110//844
f 4110//844 4050//1067 4111//1087
f 4050//1067 4051//989 4112//1088
f 4050//1067 4112//1088 4111//1087
f 4051//989 4052//990 4113//845
f 4051//989 4113//845 4112//1088
f 4052//990 4053//637 4114//834
f 4052//990 4114//834 4113//845
f 4053//637 4054//1068 4115//1089
f 4053//637 4115//1089 4114//834
f 4054//1068 4055//1069 4116//1090
f 4054//1068 4116//1090 4115//1089
f 4055//1069 4056//1070 4117//1091
f 4055//1069 4117//1091 4116//1090
f 4056//1070 4057//956 4118//1091
f 4056//1070 4118//1091 4117//1091
f 4057//956 4058//1071 4118//1091
f 4118//1091 4058//1071 4119//1011
f 4058//1071 4059//910 4120//880
f 4058//1071 4120//880 4119//1011
f 4059//910 4060//858 4121//809
f 4059//910 4121//809 4120//880
f 4060//858 4061//927 4121//809
f 4121//809 4061//927 4122//794
f 4061//927 4062//858 4123//816
f 4061//927 4123//816 4122//794
f 4062//858 4063//803 4124//777
f 4062//858 4124//777 4123//816
f 4063//803 4064//1072 4124//777
f 4124//777 4064//1072 4125//826
f 4064//1072 4065//449 4126//842
f 4064//1072 4126//842 4125//826
f 4065//449 4066//883 4126//842
f 4126//842 4066//883 4127//1029
f 4066//883 4067//529 4127//1029
f 4127//1029 4067//529 4128//777
f 4067//529 4068//712 4128//777
f 4128//777 4068//712 4129//729
f 4068//712 4069//866 4129//729
f 4129//729 4069//866 4130//1052
f 4069//866 4070//727 4131//748
f 4069//866 4131//748 4130//1052
f 4070//727 4071//718 4132//914
f 4070//727 4132//914 4131//748
f 4071//718 4072//674 4132//914
f 4132//914 4072//674 4133//1092
f 4072//674 4073//553 4133//1092
f 4133//1092 4073//553 4134//1093
f 4073//553 4074//651 4134//1093
f 4134//1093 4074//651 4135//317
f 4074//651 4075//181 4135//317
f 4135//317 4075//181 4136//181
f 4075//181 4076//1073 4136//181
f 4136//181 4076//1073 4137//1094
f 4077//1074 4078//1075 4138//1095
f 4138//1095 4078//1075 4139//707
f 4078//1075 4079//181 4139//707
f 4139//707 4079//181 4140//181
f 4079//181 4080//917 4140//181
f 4140//181 4080//917 4141//707
f 4080//917 4081//821 4141//707
f 4141//707 4081//821 4142//707
f 4081//821 4082//889 4142//707
f 4142//707 4082//889 4143//181
f 4082//889 4083//181 4143//181
f 4143//181 4083//181 4144//181
f 4083//181 4084//181 4144//181
f 4144//181 4084//181 4145//889
f 4084//181 4085//181 4145//889
f 4145//889 4085//181 4146//824
f 4085//181 4086//181 4146//824
f 4146//824 4086//181 4147//904
f 4086//181 4087//889 4147//904
f 4147//904 4087//889 4148//904
f 4087//889 4088//780 4148//904
f 4148//904 4088//780 4149//772
f 4088//780 4089//1076 4150//1096
f 4088//780 4150//1096 4149//772
f 4089//1076 4090//1077 4150//1096
f 4150//1096 4090//1077 4151//1097
f 4090//1077 4091//1078 4152//1098
f 4090//1077 4152//1098 4151//1097
f 4091//1078 4092//1079 4152//1098
f 4152//1098 4092//1079 4153//889
f 4092//1079 4093//904 4153//889
f 4153//889 4093//904 4154//181
f 4093//904 4094//823 4154//181
f 4154//181 4094//823 4155//181
f 4094//823 4095//1080 4156//853
f 4094//823 4156//853 4155//181
f 4095//1080 4096//822 4157//1099
f 4095//1080 4157//1099 4156//853
f 4096//822 4097//1081 4157//1099
f 4157//1099 4097//1081 4158//1042
f 4097//1081 4098//1082 4159//1100
f 4097//1081 4159//1100 4158//1042
f 4098//1082 4099//1083 4159//1100
f 4159//1100 4099//1083 4160//1101
f 4100//1084 4101//1007 4161//1102
f 4161//1102 4101//1007 4162//794
f 4101//1007 4102//826 4162//794
f 4162//794 4102//826 4163//804
f 4102//826 4103//858 4164//943
f 4102//826 4164//943 4163//804
f 4103//858 4104//875 4164//943
f 4164//943 4104//875 4165//1103
f 4104//875 4105//876 4165//1103
f 4165//1103 4105//876 4166//849
f 4105//876 4106//1085 4167//849
f 4105//876 4167//849 4166//849
f 4106//1085 4107//874 4167//849
f 4167//849 4107//874 4168//832
f 4107//874 4108//1086 4168//832
f 4168//832 4108//1086 4169//880
f 4108//1086 4109//910 4170//910
f 4108//1086 4170//910 4169//880
f 4109//910 4110//844 4170//910
f 4170//910 4110//844 4171//1104
f 4110//844 4111//1087 4171//1104
f 4171//1104 4111//1087 4172//875
f 4111//1087 4112//1088 4172//875
f 4172//875 4112//1088 4173//858
f 4112//1088 4113//845 4174//845
f 4112//1088 4174//845 4173//858
f 4113//845 4114//834 4175//1105
f 4113//845 4175//1105 4174//845
f 4114//834 4115//1089 4176//1106
f 4114//834 4176//1106 4175//1105
f 4115//1089 4116//1090 4177//1107
f 4115//1089 4177//1107 4176//1106
f 4116//1090 4117//1091 4177//1107
f 4177//1107 4117//1091 4178//1108
f 4117//1091 4118//1091 4179//848
f 4117//1091 4179//848 4178//1108
f 4118//1091 4119//1011 4180//1109
f 4118//1091 4180//1109 4179//848
f 4119//1011 4120//880 4181//1110
f 4119//1011 4181//1110 4180//1109
f 4120//880 4121//809 4181//1110
f 4181//1110 4121//809 4182//810
f 4121//809 4122//794 4182//810
f 4182//810 4122//794 4183//809
f 4122//794 4123//816 4183//809
f 4183//809 4123//816 4184//794
f 4123//816 4124//777 4184//794
f 4184//794 4124//777 4185//929
f 4124//777 4125//826 4185//929
f 4185//929 4125//826 4186//804
f 4125//826 4126//842 4187//856
f 4125//826 4187//856 4186//804
f 4126//842 4127//1029 4187//856
f 4187//856 4127//1029 4188//819
f 4127//1029 4128//777 4188//819
f 4188//819 4128//777 4189//785
f 4128//777 4129//729 4190//1037
f 4128//777 4190//1037 4189//785
f 4129//729 4130//1052 4190//1037
f 4190//1037 4130//1052 4191//901
f 4130//1052 4131//748 4191//901
f 4191//901 4131//748 4192//849
f 4131//748 4132//914 4193//1111
f 4131//748 4193//1111 4192//849
f 4132//914 4133//1092 4194//1112
f 4132//914 4194//1112 4193//1111
f 4133//1092 4134//1093 4194//1112
f 4194//1112 4134//1093 4195//1113
f 4134//1093 4135//317 4195//1113
f 4195//1113 4135//317 4196//727
f 4135//317 4136//181 4196//727
f 4196//727 4136//181 4197//181
f 4136//181 4137//1094 4197//181
f 4197//181 4137//1094 4198//1114
f 4138//1095 4139//707 4199//1115
f 4199//1115 4139//707 4200//917
f 4139//707 4140//181 4200//917
f 4200//917 4140//181 4201//181
f 4140//181 4141//707 4201//181
f 4201//181 4141//707 4202//1021
f 4141//707 4142//707 4202//1021
f 4202//1021 4142//707 4203//917
f 4142//707 4143//181 4203//917
f 4203//917 4143//181 4204//181
f 4143//181 4144//181 4204//181
f 4204//181 4144//181 4205//917
f 4144//181 4145//889 4205//917
f 4205//917 4145//889 4206//821
f 4145//889 4146//824 4206//821
f 4206//821 4146//824 4207//824
f 4146//824 4147//904 4207//824
f 4207//824 4147//904 4208//889
f 4147//904 4148//904 4208//889
f 4208//889 4148//904 4209//181
f 4148//904 4149//772 4209//181
f 4209//181 4149//772 4210//1116
f 4149//772 4150//1096 4210//1116
f 4210//1116 4150//1096 4211//709
f 4150//1096 4151//1097 4212//1117
f 4150//1096 4212//1117 4211//709
f 4151//1097 4152//1098 4213//823
f 4151//1097 4213//823 4212//1117
f 4152//1098 4153//889 4213//823
f 4213//823 4153//889 4214//824
f 4153//889 4154//181 4214//824
f 4214//824 4154//181 4215//824
f 4154//181 4155//181 4215//824
f 4215//824 4155//181 4216//824
f 4155//181 4156//853 4216//824
f 4216//824 4156//853 4217//1098
f 4156//853 4157//1099 4218//1118
f 4156//853 4218//1118 4217//1098
f 4157//1099 4158//1042 4218//1118
f 4218//1118 4158//1042 4219//1119
f 4158//1042 4159//1100 4220//1120
f 4158//1042 4220//1120 4219//1119
f 4159//1100 4160//1101 4221//1121
f 4159//1100 4221//1121 4220//1120
f 4161//1102 4162//794 4223//1122
f 4161//1102 4223//1122 4222//1123
f 4162//794 4163//804 4223//1122
f 4223//1122 4163//804 4224//1124
f 4163//804 4164//943 4224//1124
f 4224//1124 4164//943 4225//1005
f 4164//943 4165//1103 4225//1005
f 4225//1005 4165//1103 4226//929
f 4165//1103 4166//849 4226//929
f 4226//929 4166//849 4227//826
f 4166//849 4167//849 4228//842
f 4166//849 4228//842 4227//826
f 4167//849 4168//832 4228//842
f 4228//842 4168//832 4229//818
f 4168//832 4169//880 4230//1125
f 4168//832 4230//1125 4229//818
f 4169//880 4170//910 4231//1108
f 4169//880 4231//1108 4230//1125
f 4170//910 4171//1104 4231//1108
f 4231//1108 4171//1104 4232//1126
f 4171//1104 4172//875 4232//1126
f 4232//1126 4172//875 4233//833
f 4172//875 4173//858 4234//858
f 4172//875 4234//858 4233//833
f 4173//858 4174//845 4235//1127
f 4173//858 4235//1127 4234//858
f 4174//845 4175//1105 4236//1088
f 4174//845 4236//1088 4235//1127
f 4175//1105 4176//1106 4237//1128
f 4175//1105 4237//1128 4236//1088
f 4176//1106 4177//1107 4238//1129
f 4176//1106 4238//1129 4237//1128
f 4177//1107 4178//1108 4238//1129
f 4238//1129 4178//1108 4239//1130
f 4178//1108 4179//848 4240//1109
f 4178//1108 4240//1109 4239//1130
f 4179//848 4180//1109 4240//1109
f 4240//1109 4180//1109 4241//1018
f 4180//1109 4181//1110 4242//977
f 4180//1109 4242//977 4241//1018
f 4181//1110 4182//810 4243//833
f 4181//1110 4243//833 4242//977
f 4182//810 4183//809 4243//833
f 4243//833 4183//809 4244//1131
f 4183//809 4184//794 4245//1004
f 4183//809 4245//1004 4244//1131
f 4184//794 4185//929 4245//1004
f 4245//1004 4185//929 4246//1005
f 4185//929 4186//804 4246//1005
f 4246//1005 4186//804 4247//929
f 4186//804 4187//856 4247//929
f 4247//929 4187//856 4248//1132
f 4187//856 4188//819 4248//1132
f 4248//1132 4188//819 4249//181
f 4188//819 4189//785 4249//181
f 4249//181 4189//785 4250//728
f 4189//785 4190//1037 4250//728
f 4250//728 4190//1037 4251//880
f 4190//1037 4191//901 4252//1133
f 4190//1037 4252//1133 4251//880
f 4191//901 4192//849 4252//1133
f 4252//1133 4192//849 4253//1134
f 4192//849 4193//1111 4254//1135
f 4192//849 4254//1135 4253//1134
f 4193//1111 4194//1112 4254//1135
f 4254//1135 4194//1112 4255//652
f 4194//1112 4195//1113 4256//1136
f 4194//1112 4256//1136 4255//652
f 4195//1113 4196//727 4257//944
f 4195//1113 4257//944 4256//1136
f 4196//727 4197//181 4258//748
f 4196//727 4258//748 4257//944
f 4197//181 4198//1114 4258//748
f 4258//748 4198//1114 4259//1137
f 4199//1115 4200//917 4260//1138
f 4260//1138 4200//917 4261//181
f 4200//917 4201//181 4261//181
f 4261//181 4201//181 4262//821
f 4201//181 4202//1021 4262//821
f 4262//821 4202//1021 4263//821
f 4202//1021 4203//917 4263//821
f 4263//821 4203//917 4264//181
f 4203//917 4204//181 4264//181
f 4264//181 4204//181 4265//181
f 4204//181 4205//917 4265//181
f 4265//181 4205//917 4266//707
f 4205//917 4206//821 4266//707
f 4266//707 4206//821 4267//707
f 4206//821 4207//824 4267//707
f 4267//707 4207//824 4268//181
f 4207//824 4208//889 4268//181
f 4268//181 4208//889 4269//181
f 4208//889 4209//181 4269//181
f 4269//181 4209//181 4270//821
f 4209//181 4210//1116 4270//821
f 4270//821 4210//1116 4271//1139
f 4210//1116 4211//709 4272//1140
f 4210//1116 4272//1140 4271//1139
f 4211//709 4212//1117 4272//1140
f 4272//1140 4212//1117 4273//1141
f 4212//1117 4213//823 4274//780
f 4212//1117 4274//780 4273//1141
f 4213//823 4214//824 4274//780
f 4274//780 4214//824 4275//824
f 4214//824 4215//824 4275//824
f 4275//824 4215//824 4276//824
f 4215//824 4216//824 4276//824
f 4276//824 4216//824 4277//824
f 4216//824 4217//1098 4277//824
f 4277//824 4217//1098 4278//823
f 4217//1098 4218//1118 4279//963
f 4217//1098 4279//963 4278//823
f 4218//1118 4219//1119 4279//963
f 4279//963 4219//1119 4280//1142
f 4219//1119 4220//1120 4280//1142
f 4280//1142 4220//1120 4281//1143
f 4220//1120 4221//1121 4281//1143
f 4281//1143 4221//1121 4282//1144
f 4222//1123 4223//1122 4283//1145
f 4283//1145 4223//1122 4284//1146
f 4223//1122 4224//1124 4284//1146
f 4284//1146 4224//1124 4285//1147
f 4224//1124 4225//1005 4286//1148
f 4224//1124 4286//1148 4285//1147
f 4225//1005 4226//929 4286//1148
f 4286//1148 4226//929 4287//1149
f 4226//929 4227//826 4287//1149
f 4287//1149 4227//826 4288//1150
f 4227//826 4228//842 4289//449
f 4227//826 4289//449 4288//1150
f 4228//842 4229//818 4289//449
f 4289//449 4229//818 4290//181
f 4229//818 4230//1125 4291//1151
f 4229//818 4291//1151 4290//181
f 4230//1125 4231//1108 4292//1152
f 4230//1125 4292//1152 4291//1151
f 4231//1108 4232//1126 4292//1152
f 4292//1152 4232//1126 4293//1153
f 4232//1126 4233//833 4293//1153
f 4293//1153 4233//833 4294//858
f 4233//833 4234//858 4295//833
f 4233//833 4295//833 4294//858
f 4234//858 4235//1127 4295//833
f 4295//833 4235//1127 4296//874
f 4235//1127 4236//1088 4296//874
f 4296//874 4236//1088 4297//862
f 4236//1088 4237//1128 4298//1154
f 4236//1088 4298//1154 4297//862
f 4237//1128 4238//1129 4299//1155
f 4237//1128 4299//1155 4298//1154
f 4238//1129 4239//1130 4300//1156
f 4238//1129 4300//1156 4299//1155
f 4239//1130 4240//1109 4301//1157
f 4239//1130 4301//1157 4300//1156
f 4240//1109 4241//1018 4302//1016
f 4240//1109 4302//1016 4301//1157
f 4241//1018 4242//977 4303//880
f 4241//1018 4303//880 4302//1016
f 4242//977 4243//833 4304//1158
f 4242//977 4304//1158 4303//880
f 4243//833 4244//1131 4304//1158
f 4304//1158 4244//1131 4305//1159
f 4244//1131 4245//1004 4306//1106
f 4244//1131 4306//1106 4305//1159
f 4245//1004 4246//1005 4307//803
f 4245//1004 4307//803 4306//1106
f 4246//1005 4247//929 4307//803
f 4307//803 4247//929 4308//819
f 4247//929 4248//1132 4308//819
f 4308//819 4248//1132 4309//804
f 4248//1132 4249//181 4310//728
f 4248//1132 4310//728 4309//804
f 4249//181 4250//728 4310//728
f 4310//728 4250//728 4311//181
f 4250//728 4251//880 4312//727
f 4250//728 4312//727 4311//181
f 4251//880 4252//1133 4313//944
f 4251//880 4313//944 4312//727
f 4252//1133 4253//1134 4314//834
f 4252//1133 4314//834 4313//944
f 4253//1134 4254//1135 4315//1160
f 4253//1134 4315//1160 4314//834
f 4254//1135 4255//652 4316//1161
f 4254//1135 4316//1161 4315//1160
f 4255//652 4256//1136 4316//1161
f 4316//1161 4256//1136 4317//639
f 4256//1136 4257//944 4317//639
f 4317//639 4257//944 4318//519
f 4257//944 4258//748 4319//748
f 4257//944 4319//748 4318//519
f 4258//748 4259//1137 4320//895
f 4258//748 4320//895 4319//748
f 4259//1137 4321//1162 4320//895
f 4260//1138 4261//181 4322//1163
f 4261//181 4262//821 4322//1163
f 4322//1163 4262//821 4323//821
f 4262//821 4263//821 4323//821
f 4323//821 4263//821 4324//181
f 4263//821 4264//181 4324//181
f 4324//181 4264//181 4325//181
f 4264//181 4265//181 4325//181
f 4325//181 4265//181 4326//889
f 4265//181 4266//707 4326//889
f 4326//889 4266//707 4327//821
f 4266//707 4267//707 4327//821
f 4327//821 4267//707 4328//917
f 4267//707 4268//181 4328//917
f 4328//917 4268//181 4329//813
f 4268//181 4269//181 4329//813
f 4329//813 4269//181 4330//1164
f 4269//181 4270//821 4330//1164
f 4330//1164 4270//821 4331//918
f 4270//821 4271//1139 4331//918
f 4331//918 4271//1139 4332//557
f 4271//1139 4272//1140 4332//557
f 4332//557 4272//1140 4333//1165
f 4272//1140 4273//1141 4333//1165
f 4333//1165 4273//1141 4334//1166
f 4273//1141 4274//780 4334//1166
f 4334//1166 4274//780 4335//824
f 4274//780 4275//824 4335//824
f 4335//824 4275//824 4336//824
f 4275//824 4276//824 4336//824
f 4336//824 4276//824 4337//824
f 4276//824 4277//824 4337//824
f 4337//824 4277//824 4338//824
f 4277//824 4278//823 4338//824
f 4338//824 4278//823 4339//1043
f 4278//823 4279//963 4340//1167
f 4278//823 4340//1167 4339//1043
f 4279//963 4280//1142 4340//1167
f 4340//1167 4280//1142 4341//1043
f 4280//1142 4281//1143 4342//1168
f 4280//1142 4342//1168 4341//1043
f 4281//1143 4282//1144 4342//1168
f 4342//1168 4282//1144 4343//1169
f 4283//1145 4284//1146 4344//1170
f 4344//1170 4284//1146 4345//196
f 4284//1146 4285//1147 4346//164
f 4284//1146 4346//164 4345//196
f 4285//1147 4286//1148 4347//1171
f 4285//1147 4347//1171 4346//164
f 4286//1148 4287//1149 4347//1171
f 4347//1171 4287//1149 4348//1146
f 4287//1149 4288//1150 4348//1146
f 4348//1146 4288//1150 4349//1147
f 4288//1150 4289//449 4350//1148
f 4288//1150 4350//1148 4349//1147
f 4289//449 4290//181 4350//1148
f 4350//1148 4290//181 4351//1149
f 4290//181 4291//1151 4351//1149
f 4351//1149 4291//1151 4352//1172
f 4291//1151 4292//1152 4352//1172
f 4352//1172 4292//1152 4353//1173
f 4292//1152 4293//1153 4353//1173
f 4353//1173 4293//1153 4354//1174
f 4293//1153 4294//858 4355//1175
f 4293//1153 4355//1175 4354//1174
f 4294//858 4295//833 4356//849
f 4294//858 4356//849 4355//1175
f 4295//833 4296//874 4356//849
f 4356//849 4296//874 4357//1176
f 4296//874 4297//862 4357//1176
f 4357//1176 4297//862 4358//880
f 4297//862 4298//1154 4359//1030
f 4297//862 4359//1030 4358//880
f 4298//1154 4299//1155 4359//1030
f 4359//1030 4299//1155 4360//867
f 4299//1155 4300//1156 4361//1177
f 4299//1155 4361//1177 4360//867
f 4300//1156 4301//1157 4361//1177
f 4361//1177 4301//1157 4362//1113
f 4301//1157 4302//1016 4362//1113
f 4362//1113 4302//1016 4363//880
f 4302//1016 4303//880 4364//1013
f 4302//1016 4364//1013 4363//880
f 4303//880 4304//1158 4364//1013
f 4364//1013 4304//1158 4365//1178
f 4304//1158 4305//1159 4365//1178
f 4365//1178 4305//1159 4366//454
f 4305//1159 4306//1106 4367//976
f 4305//1159 4367//976 4366//454
f 4306//1106 4307//803 4368//1179
f 4306//1106 4368//1179 4367//976
f 4307//803 4308//819 4368//1179
f 4368//1179 4308//819 4369//818
f 4308//819 4309//804 4369//818
f 4369//818 4309//804 4370//816
f 4309//804 4310//728 4370//816
f 4370//816 4310//728 4371//763
f 4310//728 4311//181 4371//763
f 4371//763 4311//181 4372//181
f 4311//181 4312//727 4372//181
f 4372//181 4312//727 4373//317
f 4312//727 4313//944 4373//317
f 4373//317 4313//944 4374//519
f 4313//944 4314//834 4375//763
f 4313//944 4375//763 4374//519
f 4314//834 4315//1160 4376//1180
f 4314//834 4376//1180 4375//763
f 4315//1160 4316//1161 4376//1180
f 4376//1180 4316//1161 4377//1181
f 4316//1161 4317//639 4377//1181
f 4377//1181 4317//639 4378//961
f 4317//639 4318//519 4378//961
f 4378//961 4318//519 4379//763
f 4318//519 4319//748 4379//763
f 4379//763 4319//748 4380//181
f 4319//748 4320//895 4381//727
f 4319//748 4381//727 4380//181
f 4320//895 4321//1162 4382//1182
f 4320//895 4382//1182 4381//727
f 4321//1162 4383//1183 4382//1182
f 4384//1184 4322//1163 4385//1185
f 4322//1163 4323//821 4385//1185
f 4385//1185 4323//821 4386//181
f 4323//821 4324//181 4386//181
f 4386//181 4324//181 4387//181
f 4324//181 4325//181 4387//181
f 4387//181 4325//181 4388//917
f 4325//181 4326//889 4388//917
f 4388//917 4326//889 4389//821
f 4326//889 4327//821 4389//821
f 4389//821 4327//821 4390//889
f 4327//821 4328//917 4390//889
f 4390//889 4328//917 4391//821
f 4328//917 4329//813 4391//821
f 4391//821 4329//813 4392//1186
f 4329//813 4330//1164 4393//963
f 4329//813 4393//963 4392//1186
f 4330//1164 4331//918 4393//963
f 4393//963 4331//918 4394//917
f 4331//918 4332//557 4394//917
f 4394//917 4332//557 4395//1187
f 4332//557 4333//1165 4395//1187
f 4395//1187 4333//1165 4396//1188
f 4333//1165 4334//1166 4396//1188
f 4396//1188 4334//1166 4397//824
f 4334//1166 4335//824 4397//824
f 4397//824 4335//824 4398//824
f 4335//824 4336//824 4398//824
f 4398//824 4336//824 4399//1189
f 4336//824 4337//824 4399//1189
f 4399//1189 4337//824 4400//1043
f 4337//824 4338//824 4400//1043
f 4400//1043 4338//824 4401//1189
f 4338//824 4339//1043 4401//1189
f 4401//1189 4339//1043 4402//1043
f 4339//1043 4340//1167 4402//1043
f 4402//1043 4340//1167 4403//889
f 4340//1167 4341//1043 4403//889
f 4403//889 4341//1043 4404//1190
f 4341//1043 4342//1168 4404//1190
f 4404//1190 4342//1168 4405//1191
f 4342//1168 4343//1169 4405//1191
f 4344//1170 4345//196 4406//1192
f 4406//1192 4345//196 4407//408
f 4345//196 4346//164 4408//408
f 4345//196 4408//408 4407//408
f 4346//164 4347//1171 4408//408
f 4408//408 4347//1171 4409//333
f 4347//1171 4348//1146 4409//333
f 4409//333 4348//1146 4410//193
f 4348//1146 4349//1147 4411//1193
f 4348//1146 4411//1193 4410//193
f 4349//1147 4350//1148 4412//1194
f 4349//1147 4412//1194 4411//1193
f 4350//1148 4351//1149 4412//1194
f 4412//1194 4351//1149 4413//1149
f 4351//1149 4352//1172 4413//1149
f 4413//1149 4352//1172 4414//1195
f 4352//1172 4353//1173 4414//1195
f 4414//1195 4353//1173 4415//442
f 4353//1173 4354//1174 4415//442
f 4415//442 4354//1174 4416//164
f 4354//1174 4355//1175 4417//1196
f 4354//1174 4417//1196 4416//164
f 4355//1175 4356//849 4418//1197
f 4355//1175 4418//1197 4417//1196
f 4356//849 4357//1176 4418//1197
f 4418//1197 4357//1176 4419//1198
f 4357//1176 4358//880 4420//1199
f 4357//1176 4420//1199 4419//1198
f 4358//880 4359//1030 4421//809
f 4358//880 4421//809 4420//1199
f 4359//1030 4360//867 4421//809
f 4421//809 4360//867 4422//317
f 4360//867 4361//1177 4423//1200
f 4360//867 4423//1200 4422//317
f 4361//1177 4362//1113 4424//1201
f 4361//1177 4424//1201 4423//1200
f 4362//1113 4363//880 4425//910
f 4362//1113 4425//910 4424//1201
f 4363//880 4364//1013 4426//911
f 4363//880 4426//911 4425//910
f 4364//1013 4365//1178 4426//911
f 4426//911 4365//1178 4427//809
f 4365//1178 4366//454 4427//809
f 4427//809 4366//454 4428//977
f 4366//454 4367//976 4428//977
f 4428//977 4367//976 4429//1202
f 4367//976 4368//1179 4429//1202
f 4429//1202 4368//1179 4430//876
f 4368//1179 4369//818 4431//895
f 4368//1179 4431//895 4430//876
f 4369//818 4370//816 4432//928
f 4369//818 4432//928 4431//895
f 4370//816 4371//763 4433//748
f 4370//816 4433//748 4432//928
f 4371//763 4372//181 4434//748
f 4371//763 4434//748 4433//748
f 4372//181 4373//317 4434//748
f 4434//748 4373//317 4435//527
f 4373//317 4374//519 4435//527
f 4435//527 4374//519 4436//727
f 4374//519 4375//763 4436//727
f 4436//727 4375//763 4437//718
f 4375//763 4376//1180 4437//718
f 4437//718 4376//1180 4438//1203
f 4376//1180 4377//1181 4439//1204
f 4376//1180 4439//1204 4438//1203
f 4377//1181 4378//961 4440//798
f 4377//1181 4440//798 4439//1204
f 4378//961 4379//763 4441//944
f 4378//961 4441//944 4440//798
f 4379//763 4380//181 4442//748
f 4379//763 4442//748 4441//944
f 4380//181 4381//727 4442//748
f 4442//748 4381//727 4443//718
f 4381//727 4382//1182 4443//718
f 4443//718 4382//1182 4444//1205
f 4382//1182 4383//1183 4444//1205
f 4444//1205 4383//1183 4445//1206
f 4383//1183 4384//1184 4445//1206
f 4445//1206 4384//1184 4446//1055
f 4384//1184 4385//1185 4446//1055
f 4446//1055 4385//1185 4447//917
f 4385//1185 4386//181 4447//917
f 4447//917 4386//181 4448//181
f 4386//181 4387//181 4448//181
f 4448//181 4387//181 4449//181
f 4387//181 4388//917 4449//181
f 4449//181 4388//917 4450//1021
f 4388//917 4389//821 4450//1021
f 4450//1021 4389//821 4451//917
f 4389//821 4390//889 4451//917
f 4451//917 4390//889 4452//917
f 4390//889 4391//821 4452//917
f 4452//917 4391//821 4453//918
f 4391//821 4392//1186 4453//918
f 4453//918 4392//1186 4454//181
f 4392//1186 4393//963 4455//813
f 4392//1186 4455//813 4454//181
f 4393//963 4394//917 4455//813
f 4455//813 4394//917 4456//821
f 4394//917 4395//1187 4456//821
f 4456//821 4395//1187 4457//1207
f 4395//1187 4396//1188 4458//1208
f 4395//1187 4458//1208 4457//1207
f 4396//1188 4397//824 4458//1208
f 4458//1208 4397//824 4459//181
f 4397//824 4398//824 4459//181
f 4459//181 4398//824 4460//821
f 4398//824 4399//1189 4460//821
f 4460//821 4399//1189 4461//1186
f 4399//1189 4400//1043 4462//1186
f 4399//1189 4462//1186 4461//1186
f 4400//1043 4401//1189 4462//1186
f 4462//1186 4401//1189 4463//822
f 4401//1189 4402//1043 4464//823
f 4401//1189 4464//823 4463//822
f 4402//1043 4403//889 4464//823
f 4464//823 4403//889 4465//1209
f 4403//889 4404//1190 4465//1209
f 4465//1209 4404//1190 4466//1210
f 4404//1190 4405//1191 4466//1210
f 3606//939 4039//1065 4161//1102
f 4406//1192 4407//408 4467//1211
f 4467//1211 4407//408 4468//164
f 4407//408 4408//408 4469//196
f 4407//408 4469//196 4468//164
f 4408//408 4409//333 4469//196
f 4469//196 4409//333 4470//475
f 4409//333 4410//193 4470//475
f 4470//475 4410//193 4471//1212
f 4410//193 4411//1193 4471//1212
f 4471//1212 4411//1193 4472//193
f 4411//1193 4412//1194 4472//193
f 4472//193 4412//1194 4473//333
f 4412//1194 4413//1149 4473//333
f 4473//333 4413//1149 4474//138
f 4413//1149 4414//1195 4474//138
f 4474//138 4414//1195 4475//512
f 4414//1195 4415//442 4475//512
f 4475//512 4415//442 4476//440
f 4415//442 4416//164 4477//164
f 4415//442 4477//164 4476//440
f 4416//164 4417//1196 4478//1213
f 4416//164 4478//1213 4477//164
f 4417//1196 4418//1197 4479//1214
f 4417//1196 4479//1214 4478//1213
f 4418//1197 4419//1198 4479//1214
f 4479//1214 4419//1198 4480//249
f 4419//1198 4420//1199 4481//1215
f 4419//1198 4481//1215 4480//249
f 4420//1199 4421//809 4482//1216
f 4420//1199 4482//1216 4481//1215
f 4421//809 4422//317 4483//944
f 4421//809 4483//944 4482//1216
f 4422//317 4423//1200 4483//944
f 4483//944 4423//1200 4484//1217
f 4423//1200 4424//1201 4485//1218
f 4423//1200 4485//1218 4484//1217
f 4424//1201 4425//910 4486//910
f 4424//1201 4486//910 4485//1218
f 4425//910 4426//911 4487//1004
f 4425//910 4487//1004 4486//910
f 4426//911 4427//809 4487//1004
f 4487//1004 4427//809 4488//834
f 4427//809 4428//977 4489//1219
f 4427//809 4489//1219 4488//834
f 4428//977 4429//1202 4490//991
f 4428//977 4490//991 4489//1219
f 4429//1202 4430//876 4490//991
f 4490//991 4430//876 4491//809
f 4430//876 4431//895 4491//809
f 4491//809 4431//895 4492//977
f 4431//895 4432//928 4492//977
f 4492//977 4432//928 4493//795
f 4432//928 4433//748 4493//795
f 4493//795 4433//748 4494//1220
f 4433//748 4434//748 4495//930
f 4433//748 4495//930 4494//1220
f 4434//748 4435//527 4496//527
f 4434//748 4496//527 4495//930
f 4435//527 4436//727 4497//763
f 4435//527 4497//763 4496//527
f 4436//727 4437//718 4498//1221
f 4436//727 4498//1221 4497//763
f 4437//718 4438//1203 4498//1221
f 4498//1221 4438//1203 4499//631
f 4438//1203 4439//1204 4499//631
f 4499//631 4439//1204 4500//912
f 4439//1204 4440//798 4500//912
f 4500//912 4440//798 4501//552
f 4440//798 4441//944 4501//552
f 4501//552 4441//944 4502//519
f 4441//944 4442//748 4503//763
f 4441//944 4503//763 4502//519
f 4442//748 4443//718 4504//945
f 4442//748 4504//945 4503//763
f 4443//718 4444//1205 4504//945
f 4504//945 4444//1205 4505//1222
f 4444//1205 4445//1206 4506//1223
f 4444//1205 4506//1223 4505//1222
f 4445//1206 4446//1055 4506//1223
f 4506//1223 4446//1055 4507//821
f 4446//1055 4447//917 4507//821
f 4507//821 4447//917 4508//181
f 4447//917 4448//181 4508//181
f 4508//181 4448//181 4509//889
f 4448//181 4449//181 4509//889
f 4509//889 4449//181 4510//904
f 4449//181 4450//1021 4510//904
f 4510//904 4450//1021 4511//821
f 4450//1021 4451//917 4511//821
f 4511//821 4451//917 4512//889
f 4451//917 4452//917 4512//889
f 4512//889 4452//917 4513//821
f 4452//917 4453//918 4513//821
f 4513//821 4453//918 4514//917
f 4453//918 4454//181 4514//917
f 4514//917 4454//181 4515//889
f 4454//181 4455//813 4515//889
f 4515//889 4455//813 4516//904
f 4455//813 4456//821 4516//904
f 4516//904 4456//821 4517//821
f 4456//821 4457//1207 4517//821
f 4517//821 4457//1207 4518//657
f 4457//1207 4458//1208 4518//657
f 4518//657 4458//1208 4519//657
f 4458//1208 4459//181 4519//657
f 4519//657 4459//181 4520//821
f 4459//181 4460//821 4520//821
f 4520//821 4460//821 4521//821
f 4460//821 4461//1186 4521//821
f 4521//821 4461//1186 4522//1061
f 4461//1186 4462//1186 4523//1189
f 4461//1186 4523//1189 4522//1061
f 4462//1186 4463//822 4523//1189
f 4523//1189 4463//822 4524//1043
f 4463//822 4464//823 4525//1224
f 4463//822 4525//1224 4524//1043
f 4464//823 4465//1209 4525//1224
f 4525//1224 4465//1209 4526//1225
f 4465//1209 4466//1210 4527//1226
f 4465//1209 4527//1226 4526//1225
f 4283//1145 4344//1170 4161//1102
f 4344//1170 4406//1192 4467//1211
f 432//340 3606//939 4161//1102
f 3731//968 3978//1046 3606//939
f 3978//1046 4039//1065 3606//939
f 4039//1065 4100//1084 4161//1102
f 3917//1027 3978//1046 3731//968
f 3856//1001 3917//1027 3731//968
f 3731//968 3793//984 3856//1001
f 3606//939 3669//953 3731//968
f 3226//843 3417//893 3480//909
f 3480//909 3543//923 3606//939
f 3098//825 3226//843 2842//784
f 3480//909 2319//725 3226//843
f 3226//843 3354//873 3417//893
f 3226//843 3290//857 3354//873
f 3098//825 3162//831 3226//843
f 2970//740 3034//815 3098//825
f 1344//571 815//480 1015//516
f 4467//1211 4468//164 4529//1227
f 4467//1211 4529//1227 4528//1228
f 4468//164 4469//196 4530//475
f 4468//164 4530//475 4529//1227
f 4469//196 4470//475 4530//475
f 4530//475 4470//475 4531//196
f 4470//475 4471//1212 4532//372
f 4470//475 4532//372 4531//196
f 4471//1212 4472//193 4533//408
f 4471//1212 4533//408 4532//372
f 4472//193 4473//333 4533//408
f 4533//408 4473//333 4534//333
f 4473//333 4474//138 4534//333
f 4534//333 4474//138 4535//195
f 4474//138 4475//512 4535//195
f 4535//195 4475//512 4536//1229
f 4475//512 4476//440 4536//1229
f 4536//1229 4476//440 4537//181
f 4476//440 4477//164 4538//475
f 4476//440 4538//475 4537//181
f 4477//164 4478//1213 4538//475
f 4538//475 4478//1213 4539//166
f 4478//1213 4479//1214 4539//166
f 4539//166 4479//1214 4540//293
f 4479//1214 4480//249 4540//293
f 4540//293 4480//249 4541//1230
f 4480//249 4481//1215 4542//1231
f 4480//249 4542//1231 4541//1230
f 4481//1215 4482//1216 4542//1231
f 4542//1231 4482//1216 4543//1232
f 4482//1216 4483//944 4544//930
f 4482//1216 4544//930 4543//1232
f 4483//944 4484//1217 4545//1016
f 4483//944 4545//1016 4544//930
f 4484//1217 4485//1218 4546//1233
f 4484//1217 4546//1233 4545//1016
f 4485//1218 4486//910 4547//896
f 4485//1218 4547//896 4546//1233
f 4486//910 4487//1004 4548//880
f 4486//910 4548//880 4547//896
f 4487//1004 4488//834 4549//1234
f 4487//1004 4549//1234 4548//880
f 4488//834 4489//1219 4549//1234
f 4549//1234 4489//1219 4550//1235
f 4489//1219 4490//991 4550//1235
f 4550//1235 4490//991 4551//875
f 4490//991 4491//809 4551//875
f 4551//875 4491//809 4552//637
f 4491//809 4492//977 4553//944
f 4491//809 4553//944 4552//637
f 4492//977 4493//795 4554//833
f 4492//977 4554//833 4553//944
f 4493//795 4494//1220 4554//833
f 4554//833 4494//1220 4555//862
f 4494//1220 4495//930 4556//1236
f 4494//1220 4556//1236 4555//862
f 4495//930 4496//527 4556//1236
f 4556//1236 4496//527 4557//785
f 4496//527 4497//763 4557//785
f 4557//785 4497//763 4558//809
f 4497//763 4498//1221 4558//809
f 4558//809 4498//1221 4559//1018
f 4498//1221 4499//631 4560//1036
f 4498//1221 4560//1036 4559//1018
f 4499//631 4500//912 4561//1051
f 4499//631 4561//1051 4560//1036
f 4500//912 4501//552 4561//1051
f 4561//1051 4501//552 4562//866
f 4501//552 4502//519 4562//866
f 4562//866 4502//519 4563//727
f 4502//519 4503//763 4563//727
f 4563//727 4503//763 4564//527
f 4503//763 4504//945 4564//527
f 4564//527 4504//945 4565//834
f 4504//945 4505//1222 4566//1237
f 4504//945 4566//1237 4565//834
f 4505//1222 4506//1223 4566//1237
f 4566//1237 4506//1223 4567//1238
f 4506//1223 4507//821 4567//1238
f 4567//1238 4507//821 4568//181
f 4507//821 4508//181 4568//181
f 4568//181 4508//181 4569//917
f 4508//181 4509//889 4569//917
f 4569//917 4509//889 4570//821
f 4509//889 4510//904 4570//821
f 4570//821 4510//904 4571//889
f 4510//904 4511//821 4571//889
f 4571//889 4511//821 4572//821
f 4511//821 4512//889 4572//821
f 4572//821 4512//889 4573//1079
f 4512//889 4513//821 4573//1079
f 4573//1079 4513//821 4574//1041
f 4513//821 4514//917 4574//1041
f 4574//1041 4514//917 4575//904
f 4514//917 4515//889 4575//904
f 4575//904 4515//889 4576//1239
f 4515//889 4516//904 4576//1239
f 4576//1239 4516//904 4577//889
f 4516//904 4517//821 4577//889
f 4577//889 4517//821 4578//181
f 4517//821 4518//657 4578//181
f 4578//181 4518//657 4579//1208
f 4518//657 4519//657 4579//1208
f 4579//1208 4519//657 4580//1207
f 4519//657 4520//821 4580//1207
f 4580//1207 4520//821 4581//1240
f 4520//821 4521//821 4581//1240
f 4581//1240 4521//821 4582//1079
f 4521//821 4522//1061 4582//1079
f 4582//1079 4522//1061 4583//1241
f 4522//1061 4523//1189 4583//1241
f 4583//1241 4523//1189 4584//1081
f 4523//1189 4524//1043 4584//1081
f 4584//1081 4524//1043 4585//1043
f 4524//1043 4525//1224 4585//1043
f 4585//1043 4525//1224 4586//824
f 4525//1224 4526//1225 4586//824
f 4586//824 4526//1225 4587//1242
f 4526//1225 4527//1226 4588//1243
f 4526//1225 4588//1243 4587//1242
f 2906//740 2970//740 3098//825
f 2517//747 2712//769 2842//784
f 3606//939 432//340 3480//909
f 2319//725 2842//784 3226//843
f 2517//747 2647//762 2712//769
f 4344//1170 4528//1228 4711//1244
f 4467//1211 4528//1228 4344//1170
f 4589//1245 4711//1244 4528//1228
f 4650//1246 4711//1244 4589//1245
f 4711//1244 4835//1247 4344//1170
f 4835//1247 432//340 4161//1102
f 429//377 1800//649 3480//909
f 1541//606 1800//649 429//377
f 2319//725 2517//747 2842//784
f 2121//702 2319//725 3480//909
f 4528//1228 4529//1227 4590//1248
f 4528//1228 4590//1248 4589//1245
f 4529//1227 4530//475 4590//1248
f 4590//1248 4530//475 4591//488
f 4530//475 4531//196 4591//488
f 4591//488 4531//196 4592//334
f 4531//196 4532//372 4593//372
f 4531//196 4593//372 4592//334
f 4532//372 4533//408 4594//196
f 4532//372 4594//196 4593//372
f 4533//408 4534//333 4594//196
f 4594//196 4534//333 4595//333
f 4534//333 4535//195 4595//333
f 4595//333 4535//195 4596//656
f 4535//195 4536//1229 4596//656
f 4596//656 4536//1229 4597//1249
f 4536//1229 4537//181 4598//196
f 4536//1229 4598//196 4597//1249
f 4537//181 4538//475 4598//196
f 4598//196 4538//475 4599//138
f 4538//475 4539//166 4599//138
f 4599//138 4539//166 4600//442
f 4539//166 4540//293 4600//442
f 4600//442 4540//293 4601//372
f 4540//293 4541//1230 4602//1250
f 4540//293 4602//1250 4601//372
f 4541//1230 4542//1231 4602//1250
f 4602//1250 4542//1231 4603//1251
f 4542//1231 4543//1232 4604//1175
f 4542//1231 4604//1175 4603//1251
f 4543//1232 4544//930 4605//1252
f 4543//1232 4605//1252 4604//1175
f 4544//930 4545//1016 4605//1252
f 4605//1252 4545//1016 4606//1018
f 4545//1016 4546//1233 4607//1018
f 4545//1016 4607//1018 4606//1018
f 4546//1233 4547//896 4608//1016
f 4546//1233 4608//1016 4607//1018
f 4547//896 4548//880 4609//1253
f 4547//896 4609//1253 4608//1016
f 4548//880 4549//1234 4609//1253
f 4609//1253 4549//1234 4610//317
f 4549//1234 4550//1235 4611//1254
f 4549//1234 4611//1254 4610//317
f 4550//1235 4551//875 4611//1254
f 4611//1254 4551//875 4612//1134
f 4551//875 4552//637 4613//914
f 4551//875 4613//914 4612//1134
f 4552//637 4553//944 4613//914
f 4613//914 4553//944 4614//317
f 4553//944 4554//833 4615//832
f 4553//944 4615//832 4614//317
f 4554//833 4555//862 4615//832
f 4615//832 4555//862 4616//910
f 4555//862 4556//1236 4617//880
f 4555//862 4617//880 4616//910
f 4556//1236 4557//785 4618//924
f 4556//1236 4618//924 4617//880
f 4557//785 4558//809 4618//924
f 4618//924 4558//809 4619//862
f 4558//809 4559//1018 4620//941
f 4558//809 4620//941 4619//862
f 4559//1018 4560//1036 4621//1051
f 4559//1018 4621//1051 4620//941
f 4560//1036 4561//1051 4621//1051
f 4621//1051 4561//1051 4622//1051
f 4561//1051 4562//866 4622//1051
f 4622//1051 4562//866 4623//1111
f 4562//866 4563//727 4624//834
f 4562//866 4624//834 4623//1111
f 4563//727 4564//527 4625//637
f 4563//727 4625//637 4624//834
f 4564//527 4565//834 4626//849
f 4564//527 4626//849 4625//637
f 4565//834 4566//1237 4626//849
f 4626//849 4566//1237 4627//1255
f 4566//1237 4567//1238 4627//1255
f 4627//1255 4567//1238 4628//1256
f 4567//1238 4568//181 4628//1256
f 4628//1256 4568//181 4629//824
f 4568//181 4569//917 4629//824
f 4629//824 4569//917 4630//821
f 4569//917 4570//821 4630//821
f 4630//821 4570//821 4631//917
f 4570//821 4571//889 4631//917
f 4631//917 4571//889 4632//821
f 4571//889 4572//821 4632//821
f 4632//821 4572//821 4633//1257
f 4572//821 4573//1079 4633//1257
f 4633//1257 4573//1079 4634//821
f 4573//1079 4574//1041 4634//821
f 4634//821 4574//1041 4635//824
f 4574//1041 4575//904 4635//824
f 4635//824 4575//904 4636//904
f 4575//904 4576//1239 4636//904
f 4636//904 4576//1239 4637//824
f 4576//1239 4577//889 4637//824
f 4637//824 4577//889 4638//1258
f 4577//889 4578//181 4638//1258
f 4638//1258 4578//181 4639//1259
f 4578//181 4579//1208 4639//1259
f 4639//1259 4579//1208 4640//1260
f 4579//1208 4580//1207 4641//1261
f 4579//1208 4641//1261 4640//1260
f 4580//1207 4581//1240 4641//1261
f 4641//1261 4581//1240 4642//1262
f 4581//1240 4582//1079 4642//1262
f 4642//1262 4582//1079 4643//1262
f 4582//1079 4583//1241 4643//1262
f 4643//1262 4583//1241 4644//1041
f 4583//1241 4584//1081 4645//1263
f 4583//1241 4645//1263 4644//1041
f 4584//1081 4585//1043 4646//1264
f 4584//1081 4646//1264 4645//1263
f 4585//1043 4586//824 4646//1264
f 4646//1264 4586//824 4647//1265
f 4586//824 4587//1242 4647//1265
f 4647//1265 4587//1242 4648//1266
f 4587//1242 4588//1243 4649//1267
f 4587//1242 4649//1267 4648//1266
f 1800//649 2121//702 3480//909
f 2319//725 2451//740 2517//747
f 2121//702 2253//692 2319//725
f 1800//649 1928//669 2121//702
f 1541//606 1671//628 1800//649
f 1928//669 2056//692 2121//702
f 2121//702 2187//504 2253//692
f 1800//649 1864//659 1928//669
f 1928//669 1992//680 2056//692
f 1671//628 1735//636 1800//649
f 4589//1245 4590//1248 4651//1268
f 4589//1245 4651//1268 4650//1246
f 4590//1248 4591//488 4652//1269
f 4590//1248 4652//1269 4651//1268
f 4591//488 4592//334 4652//1269
f 4652//1269 4592//334 4653//164
f 4592//334 4593//372 4654//164
f 4592//334 4654//164 4653//164
f 4593//372 4594//196 4655//163
f 4593//372 4655//163 4654//164
f 4594//196 4595//333 4655//163
f 4655//163 4595//333 4656//1270
f 4595//333 4596//656 4656//1270
f 4656//1270 4596//656 4657//1271
f 4596//656 4597//1249 4657//1271
f 4657//1271 4597//1249 4658//181
f 4597//1249 4598//196 4659//475
f 4597//1249 4659//475 4658//181
f 4598//196 4599//138 4659//475
f 4659//475 4599//138 4660//297
f 4599//138 4600//442 4660//297
f 4660//297 4600//442 4661//1213
f 4600//442 4601//372 4662//1272
f 4600//442 4662//1272 4661//1213
f 4601//372 4602//1250 4662//1272
f 4662//1272 4602//1250 4663//294
f 4602//1250 4603//1251 4664//1273
f 4602//1250 4664//1273 4663//294
f 4603//1251 4604//1175 4665//100
f 4603//1251 4665//100 4664//1273
f 4604//1175 4605//1252 4666//1274
f 4604//1175 4666//1274 4665//100
f 4605//1252 4606//1018 4667//1275
f 4605//1252 4667//1275 4666//1274
f 4606//1018 4607//1018 4668//1109
f 4606//1018 4668//1109 4667//1275
f 4607//1018 4608//1016 4668//1109
f 4668//1109 4608//1016 4669//1276
f 4608//1016 4609//1253 4670//1233
f 4608//1016 4670//1233 4669//1276
f 4609//1253 4610//317 4671//1071
f 4609//1253 4671//1071 4670//1233
f 4610//317 4611//1254 4671//1071
f 4671//1071 4611//1254 4672//1003
f 4611//1254 4612//1134 4673//637
f 4611//1254 4673//637 4672//1003
f 4612//1134 4613//914 4674//926
f 4612//1134 4674//926 4673//637
f 4613//914 4614//317 4675//1030
f 4613//914 4675//1030 4674//926
f 4614//317 4615//832 4675//1030
f 4675//1030 4615//832 4676//856
f 4615//832 4616//910 4676//856
f 4676//856 4616//910 4677//880
f 4616//910 4617//880 4678//910
f 4616//910 4678//910 4677//880
f 4617//880 4618//924 4678//910
f 4678//910 4618//924 4679//958
f 4618//924 4619//862 4679//958
f 4679//958 4619//862 4680//880
f 4619//862 4620//941 4681//1277
f 4619//862 4681//1277 4680//880
f 4620//941 4621//1051 4681//1277
f 4681//1277 4621//1051 4682//652
f 4621//1051 4622//1051 4682//652
f 4682//652 4622//1051 4683//912
f 4622//1051 4623//1111 4684//914
f 4622//1051 4684//914 4683//912
f 4623//1111 4624//834 4685//834
f 4623//1111 4685//834 4684//914
f 4624//834 4625//637 4686//930
f 4624//834 4686//930 4685//834
f 4625//637 4626//849 4687//728
f 4625//637 4687//728 4686//930
f 4626//849 4627//1255 4687//728
f 4687//728 4627//1255 4688//1278
f 4627//1255 4628//1256 4689//1279
f 4627//1255 4689//1279 4688//1278
f 4628//1256 4629//824 4689//1279
f 4689//1279 4629//824 4690//1099
f 4629//824 4630//821 4690//1099
f 4690//1099 4630//821 4691//1041
f 4630//821 4631//917 4691//1041
f 4691//1041 4631//917 4692//904
f 4631//917 4632//821 4692//904
f 4692//904 4632//821 4693//1240
f 4632//821 4633//1257 4693//1240
f 4693//1240 4633//1257 4694//1240
f 4633//1257 4634//821 4694//1240
f 4694//1240 4634//821 4695//904
f 4634//821 4635//824 4695//904
f 4695//904 4635//824 4696//1079
f 4635//824 4636//904 4696//1079
f 4696//1079 4636//904 4697//1280
f 4636//904 4637//824 4697//1280
f 4697//1280 4637//824 4698//1280
f 4637//824 4638//1258 4698//1280
f 4698//1280 4638//1258 4699//1281
f 4638//1258 4639//1259 4700//1080
f 4638//1258 4700//1080 4699//1281
f 4639//1259 4640//1260 4701//1282
f 4639//1259 4701//1282 4700//1080
f 4640//1260 4641//1261 4702//1078
f 4640//1260 4702//1078 4701//1282
f 4641//1261 4642//1262 4702//1078
f 4702//1078 4642//1262 4703//1240
f 4642//1262 4643//1262 4703//1240
f 4703//1240 4643//1262 4704//821
f 4643//1262 4644//1041 4704//821
f 4704//821 4644//1041 4705//1283
f 4644//1041 4645//1263 4706//1284
f 4644//1041 4706//1284 4705//1283
f 4645//1263 4646//1264 4707//1285
f 4645//1263 4707//1285 4706//1284
f 4646//1264 4647//1265 4708//1286
f 4646//1264 4708//1286 4707//1285
f 4647//1265 4648//1266 4708//1286
f 4708//1286 4648//1266 4709//1287
f 4648//1266 4649//1267 4709//1287
f 4709//1287 4649//1267 4710//1288
f 1541//606 1607//620 1671//628
f 1344//571 1409//548 815//480
f 1409//548 1474//592 815//480
f 1214//548 1279//560 1015//516
f 1279//560 1344//571 1015//516
f 1148//539 1214//548 1015//516
f 1015//516 1082//525 1148//539
f 489//379 681//445 815//480
f 815//480 882//494 1015//516
f 882//494 948//504 1015//516
f 4650//1246 4651//1268 4712//80
f 4650//1246 4712//80 4711//1244
f 4651//1268 4652//1269 4713//1289
f 4651//1268 4713//1289 4712//80
f 4652//1269 4653//164 4714//137
f 4652//1269 4714//137 4713//1289
f 4653//164 4654//164 4715//1213
f 4653//164 4715//1213 4714//137
f 4654//164 4655//163 4715//1213
f 4715//1213 4655//163 4716//1290
f 4655//163 4656//1270 4716//1290
f 4716//1290 4656//1270 4717//1291
f 4656//1270 4657//1271 4717//1291
f 4717//1291 4657//1271 4718//1292
f 4657//1271 4658//181 4719//196
f 4657//1271 4719//196 4718//1292
f 4658//181 4659//475 4719//196
f 4719//196 4659//475 4720//138
f 4659//475 4660//297 4720//138
f 4720//138 4660//297 4721//1293
f 4660//297 4661//1213 4721//1293
f 4721//1293 4661//1213 4722//1294
f 4661//1213 4662//1272 4723//1295
f 4661//1213 4723//1295 4722//1294
f 4662//1272 4663//294 4724//1296
f 4662//1272 4724//1296 4723//1295
f 4663//294 4664//1273 4725//135
f 4663//294 4725//135 4724//1296
f 4664//1273 4665//100 4726//1297
f 4664//1273 4726//1297 4725//135
f 4665//100 4666//1274 4727//1298
f 4665//100 4727//1298 4726//1297
f 4666//1274 4667//1275 4728//1299
f 4666//1274 4728//1299 4727//1298
f 4667//1275 4668//1109 4729//1300
f 4667//1275 4729//1300 4728//1299
f 4668//1109 4669//1276 4730//1105
f 4668//1109 4730//1105 4729//1300
f 4669//1276 4670//1233 4731//1301
f 4669//1276 4731//1301 4730//1105
f 4670//1233 4671//1071 4732//1302
f 4670//1233 4732//1302 4731//1301
f 4671//1071 4672//1003 4732//1302
f 4732//1302 4672//1003 4733//974
f 4672//1003 4673//637 4734//910
f 4672//1003 4734//910 4733//974
f 4673//637 4674//926 4735//895
f 4673//637 4735//895 4734//910
f 4674//926 4675//1030 4736//956
f 4674//926 4736//956 4735//895
f 4675//1030 4676//856 4736//956
f 4736//956 4676//856 4737//804
f 4676//856 4677//880 4738//1236
f 4676//856 4738//1236 4737//804
f 4677//880 4678//910 4739//1133
f 4677//880 4739//1133 4738//1236
f 4678//910 4679//958 4739//1133
f 4739//1133 4679//958 4740//1134
f 4679//958 4680//880 4741//977
f 4679//958 4741//977 4740//1134
f 4680//880 4681//1277 4742//1303
f 4680//880 4742//1303 4741//977
f 4681//1277 4682//652 4743//1304
f 4681//1277 4743//1304 4742//1303
f 4682//652 4683//912 4743//1304
f 4743//1304 4683//912 4744//961
f 4683//912 4684//914 4744//961
f 4744//961 4684//914 4745//930
f 4684//914 4685//834 4746//930
f 4684//914 4746//930 4745//930
f 4685//834 4686//930 4747//788
f 4685//834 4747//788 4746//930
f 4686//930 4687//728 4747//788
f 4747//788 4687//728 4748//864
f 4687//728 4688//1278 4748//864
f 4748//864 4688//1278 4749//1305
f 4688//1278 4689//1279 4749//1305
f 4749//1305 4689//1279 4750//1306
f 4689//1279 4690//1099 4750//1306
f 4750//1306 4690//1099 4751//1307
f 4690//1099 4691//1041 4751//1307
f 4751//1307 4691//1041 4752//1099
f 4691//1041 4692//904 4752//1099
f 4752//1099 4692//904 4753//1079
f 4692//904 4693//1240 4753//1079
f 4753//1079 4693//1240 4754//1262
f 4693//1240 4694//1240 4754//1262
f 4754//1262 4694//1240 4755//1308
f 4694//1240 4695//904 4755//1308
f 4755//1308 4695//904 4756//1280
f 4695//904 4696//1079 4756//1280
f 4756//1280 4696//1079 4757//1079
f 4696//1079 4697//1280 4757//1079
f 4757//1079 4697//1280 4758//1041
f 4697//1280 4698//1280 4758//1041
f 4758//1041 4698//1280 4759//1079
f 4698//1280 4699//1281 4759//1079
f 4759//1079 4699//1281 4760//1081
f 4699//1281 4700//1080 4761//1309
f 4699//1281 4761//1309 4760//1081
f 4700//1080 4701//1282 4762//1310
f 4700//1080 4762//1310 4761//1309
f 4701//1282 4702//1078 4763//1081
f 4701//1282 4763//1081 4762//1310
f 4702//1078 4703//1240 4763//1081
f 4763//1081 4703//1240 4764//1079
f 4703//1240 4704//821 4764//1079
f 4764//1079 4704//821 4765//1311
f 4704//821 4705//1283 4765//1311
f 4765//1311 4705//1283 4766//1311
f 4705//1283 4706//1284 4766//1311
f 4766//1311 4706//1284 4767//1099
f 4706//1284 4707//1285 4768//1312
f 4706//1284 4768//1312 4767//1099
f 4707//1285 4708//1286 4769//1313
f 4707//1285 4769//1313 4768//1312
f 4708//1286 4709//1287 4770//1080
f 4708//1286 4770//1080 4769//1313
f 4709//1287 4710//1288 4771//1314
f 4709//1287 4771//1314 4770//1080
f 4710//1288 4772//1315 4771//1314
f 681//445 747//464 815//480
f 4711//1244 4774//1316 4835//1247
f 376//307 432//340 4835//1247
f 432//340 431//382 3480//909
f 550//411 615//429 681//445
f 429//377 489//379 815//480
f 489//379 550//411 681//445
f 4711//1244 4712//80 4774//1316
f 429//377 428//376 489//379
f 4712//80 4713//1289 4775//1317
f 4712//80 4775//1317 4774//1316
f 4713//1289 4714//137 4776//1318
f 4713//1289 4776//1318 4775//1317
f 4714//137 4715//1213 4777//1319
f 4714//137 4777//1319 4776//1318
f 4715//1213 4716//1290 4777//1319
f 4777//1319 4716//1290 4778//1320
f 4716//1290 4717//1291 4778//1320
f 4778//1320 4717//1291 4779//85
f 4717//1291 4718//1292 4780//1321
f 4717//1291 4780//1321 4779//85
f 4718//1292 4719//196 4781//79
f 4718//1292 4781//79 4780//1321
f 4719//196 4720//138 4781//79
f 4781//79 4720//138 4782//1290
f 4720//138 4721//1293 4782//1290
f 4782//1290 4721//1293 4783//1322
f 4721//1293 4722//1294 4783//1322
f 4783//1322 4722//1294 4784//1323
f 4722//1294 4723//1295 4784//1323
f 4784//1323 4723//1295 4785//1324
f 4723//1295 4724//1296 4785//1324
f 4785//1324 4724//1296 4786//1325
f 4724//1296 4725//135 4787//1326
f 4724//1296 4787//1326 4786//1325
f 4725//135 4726//1297 4787//1326
f 4787//1326 4726//1297 4788//1327
f 4726//1297 4727//1298 4789//101
f 4726//1297 4789//101 4788//1327
f 4727//1298 4728//1299 4790//1328
f 4727//1298 4790//1328 4789//101
f 4728//1299 4729//1300 4791//1329
f 4728//1299 4791//1329 4790//1328
f 4729//1300 4730//1105 4792//1330
f 4729//1300 4792//1330 4791//1329
f 4730//1105 4731//1301 4793//1105
f 4730//1105 4793//1105 4792//1330
f 4731//1301 4732//1302 4794//1331
f 4731//1301 4794//1331 4793//1105
f 4732//1302 4733//974 4794//1331
f 4794//1331 4733//974 4795//1332
f 4733//974 4734//910 4796//1333
f 4733//974 4796//1333 4795//1332
f 4734//910 4735//895 4797//910
f 4734//910 4797//910 4796//1333
f 4735//895 4736//956 4798//911
f 4735//895 4798//911 4797//910
f 4736//956 4737//804 4798//911
f 4798//911 4737//804 4799//809
f 4737//804 4738//1236 4799//809
f 4799//809 4738//1236 4800//930
f 4738//1236 4739//1133 4801//637
f 4738//1236 4801//637 4800//930
f 4739//1133 4740//1134 4802//637
f 4739//1133 4802//637 4801//637
f 4740//1134 4741//977 4803//926
f 4740//1134 4803//926 4802//637
f 4741//977 4742//1303 4804//1334
f 4741//977 4804//1334 4803//926
f 4742//1303 4743//1304 4805//1335
f 4742//1303 4805//1335 4804//1334
f 4743//1304 4744//961 4806//1233
f 4743//1304 4806//1233 4805//1335
f 4744//961 4745//930 4807//910
f 4744//961 4807//910 4806//1233
f 4745//930 4746//930 4808//944
f 4745//930 4808//944 4807//910
f 4746//930 4747//788 4808//944
f 4808//944 4747//788 4809//977
f 4747//788 4748//864 4809//977
f 4809//977 4748//864 4810//1336
f 4748//864 4749//1305 4810//1336
f 4810//1336 4749//1305 4811//1337
f 4749//1305 4750//1306 4811//1337
f 4811//1337 4750//1306 4812//1338
f 4750//1306 4751//1307 4812//1338
f 4812//1338 4751//1307 4813//1339
f 4751//1307 4752//1099 4814//1340
f 4751//1307 4814//1340 4813//1339
f 4752//1099 4753//1079 4814//1340
f 4814//1340 4753//1079 4815//1341
f 4753//1079 4754//1262 4815//1341
f 4815//1341 4754//1262 4816//1342
f 4754//1262 4755//1308 4816//1342
f 4816//1342 4755//1308 4817//1239
f 4755//1308 4756//1280 4817//1239
f 4817//1239 4756//1280 4818//904
f 4756//1280 4757//1079 4818//904
f 4818//904 4757//1079 4819//904
f 4757//1079 4758//1041 4819//904
f 4819//904 4758//1041 4820//1079
f 4758//1041 4759//1079 4820//1079
f 4820//1079 4759//1079 4821//1079
f 4759//1079 4760//1081 4821//1079
f 4821//1079 4760//1081 4822//1139
f 4760//1081 4761//1309 4823//1343
f 4760//1081 4823//1343 4822//1139
f 4761//1309 4762//1310 4823//1343
f 4823//1343 4762//1310 4824//1344
f 4762//1310 4763//1081 4825//1167
f 4762//1310 4825//1167 4824//1344
f 4763//1081 4764//1079 4825//1167
f 4825//1167 4764//1079 4826//1262
f 4764//1079 4765//1311 4826//1262
f 4826//1262 4765//1311 4827//1308
f 4765//1311 4766//1311 4827//1308
f 4827//1308 4766//1311 4828//1041
f 4766//1311 4767//1099 4828//1041
f 4828//1041 4767//1099 4829//1043
f 4767//1099 4768//1312 4830//1345
f 4767//1099 4830//1345 4829//1043
f 4768//1312 4769//1313 4830//1345
f 4830//1345 4769//1313 4831//1346
f 4769//1313 4770//1080 4832//1347
f 4769//1313 4832//1347 4831//1346
f 4770//1080 4771//1314 4833//1348
f 4770//1080 4833//1348 4832//1347
f 4771//1314 4772//1315 4834//1349
f 4771//1314 4834//1349 4833//1348
f 430//380 429//377 3480//909
f 4774//1316 4775//1317 4836//1350
f 4774//1316 4836//1350 4835//1247
f 4775//1317 4776//1318 4836//1350
f 4836//1350 4776//1318 4837//1351
f 4776//1318 4777//1319 4838//1352
f 4776//1318 4838//1352 4837//1351
f 4777//1319 4778//1320 4839//1353
f 4777//1319 4839//1353 4838//1352
f 4778//1320 4779//85 4839//1353
f 4839//1353 4779//85 4840//512
f 4779//85 4780//1321 4840//512
f 4840//512 4780//1321 4841//1354
f 4780//1321 4781//79 4842//1355
f 4780//1321 4842//1355 4841//1354
f 4781//79 4782//1290 4842//1355
f 4842//1355 4782//1290 4843//1270
f 4782//1290 4783//1322 4843//1270
f 4843//1270 4783//1322 4844//1213
f 4783//1322 4784//1323 4845//1356
f 4783//1322 4845//1356 4844//1213
f 4784//1323 4785//1324 4846//302
f 4784//1323 4846//302 4845//1356
f 4785//1324 4786//1325 4846//302
f 4846//302 4786//1325 4847//99
f 4786//1325 4787//1326 4848//136
f 4786//1325 4848//136 4847//99
f 4787//1326 4788//1327 4849//1327
f 4787//1326 4849//1327 4848//136
f 4788//1327 4789//101 4850//1357
f 4788//1327 4850//1357 4849//1327
f 4789//101 4790//1328 4851//1358
f 4789//101 4851//1358 4850//1357
f 4790//1328 4791//1329 4852//1359
f 4790//1328 4852//1359 4851//1358
f 4791//1329 4792//1330 4853//1360
f 4791//1329 4853//1360 4852//1359
f 4792//1330 4793//1105 4854//1361
f 4792//1330 4854//1361 4853//1360
f 4793//1105 4794//1331 4855//1362
f 4793//1105 4855//1362 4854//1361
f 4794//1331 4795//1332 4855//1362
f 4855//1362 4795//1332 4856//1363
f 4795//1332 4796//1333 4857//1364
f 4795//1332 4857//1364 4856//1363
f 4796//1333 4797//910 4858//1333
f 4796//1333 4858//1333 4857//1364
f 4797//910 4798//911 4859//1365
f 4797//910 4859//1365 4858//1333
f 4798//911 4799//809 4859//1365
f 4859//1365 4799//809 4860//848
f 4799//809 4800//930 4861//910
f 4799//809 4861//910 4860//848
f 4800//930 4801//637 4862//858
f 4800//930 4862//858 4861//910
f 4801//637 4802//637 4863//1004
f 4801//637 4863//1004 4862//858
f 4802//637 4803//926 4864//977
f 4802//637 4864//977 4863//1004
f 4803//926 4804//1334 4865//1089
f 4803//926 4865//1089 4864//977
f 4804//1334 4805//1335 4866//1366
f 4804//1334 4866//1366 4865//1089
f 4805//1335 4806//1233 4867//1367
f 4805//1335 4867//1367 4866//1366
f 4806//1233 4807//910 4868//896
f 4806//1233 4868//896 4867//1367
f 4807//910 4808//944 4869//880
f 4807//910 4869//880 4868//896
f 4808//944 4809//977 4870//977
f 4808//944 4870//977 4869//880
f 4809//977 4810//1336 4871//1368
f 4809//977 4871//1368 4870//977
f 4810//1336 4811//1337 4871//1368
f 4871//1368 4811//1337 4872//1369
f 4811//1337 4812//1338 4873//1370
f 4811//1337 4873//1370 4872//1369
f 4812//1338 4813//1339 4873//1370
f 4873//1370 4813//1339 4874//1265
f 4813//1339 4814//1340 4875//1371
f 4813//1339 4875//1371 4874//1265
f 4814//1340 4815//1341 4875//1371
f 4875//1371 4815//1341 4876//1372
f 4815//1341 4816//1342 4876//1372
f 4876//1372 4816//1342 4877//1061
f 4816//1342 4817//1239 4877//1061
f 4877//1061 4817//1239 4878//821
f 4817//1239 4818//904 4878//821
f 4878//821 4818//904 4879//1079
f 4818//904 4819//904 4879//1079
f 4879//1079 4819//904 4880//1079
f 4819//904 4820//1079 4880//1079
f 4880//1079 4820//1079 4881//1079
f 4820//1079 4821//1079 4881//1079
f 4881//1079 4821//1079 4882//1189
f 4821//1079 4822//1139 4882//1189
f 4882//1189 4822//1139 4883//921
f 4822//1139 4823//1343 4883//921
f 4883//921 4823//1343 4884//1309
f 4823//1343 4824//1344 4885//1078
f 4823//1343 4885//1078 4884//1309
f 4824//1344 4825//1167 4885//1078
f 4885//1078 4825//1167 4886//1079
f 4825//1167 4826//1262 4886//1079
f 4886//1079 4826//1262 4887//1373
f 4826//1262 4827//1308 4887//1373
f 4887//1373 4827//1308 4888//1167
f 4827//1308 4828//1041 4888//1167
f 4888//1167 4828//1041 4889//1043
f 4828//1041 4829//1043 4889//1043
f 4889//1043 4829//1043 4890//1041
f 4829//1043 4830//1345 4890//1041
f 4890//1041 4830//1345 4891//1374
f 4830//1345 4831//1346 4891//1374
f 4891//1374 4831//1346 4892//1375
f 4831//1346 4832//1347 4893//1376
f 4831//1346 4893//1376 4892//1375
f 4832//1347 4833//1348 4893//1376
f 4893//1376 4833//1348 4894//1377
f 4833//1348 4834//1349 4895//1378
f 4833//1348 4895//1378 4894//1377
f 4835//1247 4836//1350 4896//1379
f 4836//1350 4837//1351 4896//1379
f 4896//1379 4837//1351 4897//1380
f 4837//1351 4838//1352 4897//1380
f 4897//1380 4838//1352 4898//1381
f 4838//1352 4839//1353 4899//1382
f 4838//1352 4899//1382 4898//1381
f 4839//1353 4840//512 4899//1382
f 4899//1382 4840//512 4900//557
f 4840//512 4841//1354 4900//557
f 4900//557 4841//1354 4901//181
f 4841//1354 4842//1355 4902//1383
f 4841//1354 4902//1383 4901//181
f 4842//1355 4843//1270 4902//1383
f 4902//1383 4843//1270 4903//1384
f 4843//1270 4844//1213 4903//1384
f 4903//1384 4844//1213 4904//1385
f 4844//1213 4845//1356 4905//372
f 4844//1213 4905//372 4904//1385
f 4845//1356 4846//302 4906//100
f 4845//1356 4906//100 4905//372
f 4846//302 4847//99 4906//100
f 4906//100 4847//99 4907//163
f 4847//99 4848//136 4907//163
f 4907//163 4848//136 4908//164
f 4848//136 4849//1327 4909//100
f 4848//136 4909//100 4908//164
f 4849//1327 4850//1357 4909//100
f 4909//100 4850//1357 4910//249
f 4850//1357 4851//1358 4911//1386
f 4850//1357 4911//1386 4910//249
f 4851//1358 4852//1359 4912//1358
f 4851//1358 4912//1358 4911//1386
f 4852//1359 4853//1360 4913//1268
f 4852//1359 4913//1268 4912//1358
f 4853//1360 4854//1361 4914//1387
f 4853//1360 4914//1387 4913//1268
f 4854//1361 4855//1362 4914//1387
f 4914//1387 4855//1362 4915//1146
f 4855//1362 4856//1363 4915//1146
f 4915//1146 4856//1363 4916//1175
f 4856//1363 4857//1364 4917//1388
f 4856//1363 4917//1388 4916//1175
f 4857//1364 4858//1333 4918//1389
f 4857//1364 4918//1389 4917//1388
f 4858//1333 4859//1365 4919//1390
f 4858//1333 4919//1390 4918//1389
f 4859//1365 4860//848 4920//845
f 4859//1365 4920//845 4919//1390
f 4860//848 4861//910 4921//910
f 4860//848 4921//910 4920//845
f 4861//910 4862//858 4922//1004
f 4861//910 4922//1004 4921//910
f 4862//858 4863//1004 4922//1004
f 4922//1004 4863//1004 4923//637
f 4863//1004 4864//977 4924//1016
f 4863//1004 4924//1016 4923//637
f 4864//977 4865//1089 4925//1014
f 4864//977 4925//1014 4924//1016
f 4865//1089 4866//1366 4926//1014
f 4865//1089 4926//1014 4925//1014
f 4866//1366 4867//1367 4927//1391
f 4866//1366 4927//1391 4926//1014
f 4867//1367 4868//896 4928//955
f 4867//1367 4928//955 4927//1391
f 4868//896 4869//880 4929//1392
f 4868//896 4929//1392 4928//955
f 4869//880 4870//977 4929//1392
f 4929//1392 4870//977 4930//992
f 4870//977 4871//1368 4930//992
f 4930//992 4871//1368 4931//528
f 4871//1368 4872//1369 4931//528
f 4931//528 4872//1369 4932//1393
f 4872//1369 4873//1370 4933//1394
f 4872//1369 4933//1394 4932//1393
f 4873//1370 4874//1265 4933//1394
f 4933//1394 4874//1265 4934//904
f 4874//1265 4875//1371 4934//904
f 4934//904 4875//1371 4935//904
f 4875//1371 4876//1372 4935//904
f 4935//904 4876//1372 4936//823
f 4876//1372 4877//1061 4937//1186
f 4876//1372 4937//1186 4936//823
f 4877//1061 4878//821 4937//1186
f 4937//1186 4878//821 4938//1373
f 4878//821 4879//1079 4938//1373
f 4938//1373 4879//1079 4939//1079
f 4879//1079 4880//1079 4939//1079
f 4939//1079 4880//1079 4940//1079
f 4880//1079 4881//1079 4940//1079
f 4940//1079 4881//1079 4941//904
f 4881//1079 4882//1189 4941//904
f 4941//904 4882//1189 4942//772
f 4882//1189 4883//921 4943//1395
f 4882//1189 4943//1395 4942//772
f 4883//921 4884//1309 4944//1396
f 4883//921 4944//1396 4943//1395
f 4884//1309 4885//1078 4945//1042
f 4884//1309 4945//1042 4944//1396
f 4885//1078 4886//1079 4945//1042
f 4945//1042 4886//1079 4946//1079
f 4886//1079 4887//1373 4946//1079
f 4946//1079 4887//1373 4947//1373
f 4887//1373 4888//1167 4947//1373
f 4947//1373 4888//1167 4948//1186
f 4888//1167 4889//1043 4949//1186
f 4888//1167 4949//1186 4948//1186
f 4889//1043 4890//1041 4949//1186
f 4949//1186 4890//1041 4950//904
f 4890//1041 4891//1374 4950//904
f 4950//904 4891//1374 4951//889
f 4891//1374 4892//1375 4951//889
f 4951//889 4892//1375 4952//1397
f 4892//1375 4893//1376 4952//1397
f 4952//1397 4893//1376 4953//1398
f 4893//1376 4894//1377 4953//1398
f 4898//1381 4899//1382 4954//1399
f 4899//1382 4900//557 4955//1400
f 4899//1382 4955//1400 4954//1399
f 4900//557 4901//181 4956//1401
f 4900//557 4956//1401 4955//1400
f 4901//181 4902//1383 4956//1401
f 4956//1401 4902//1383 4957//1402
f 4902//1383 4903//1384 4957//1402
f 4957//1402 4903//1384 4958//1403
f 4903//1384 4904//1385 4959//332
f 4903//1384 4959//332 4958//1403
f 4904//1385 4905//372 4960//164
f 4904//1385 4960//164 4959//332
f 4905//372 4906//100 4961//1404
f 4905//372 4961//1404 4960//164
f 4906//100 4907//163 4961//1404
f 4961//1404 4907//163 4962//164
f 4907//163 4908//164 4963//164
f 4907//163 4963//164 4962//164
f 4908//164 4909//100 4964//1404
f 4908//164 4964//1404 4963//164
f 4909//100 4910//249 4964//1404
f 4964//1404 4910//249 4965//294
f 4910//249 4911//1386 4966//294
f 4910//249 4966//294 4965//294
f 4911//1386 4912//1358 4967//1405
f 4911//1386 4967//1405 4966//294
f 4912//1358 4913//1268 4968//1406
f 4912//1358 4968//1406 4967//1405
f 4913//1268 4914//1387 4969//223
f 4913//1268 4969//223 4968//1406
f 4914//1387 4915//1146 4969//223
f 4969//223 4915//1146 4970//372
f 4915//1146 4916//1175 4971//1407
f 4915//1146 4971//1407 4970//372
f 4916//1175 4917//1388 4971//1407
f 4971//1407 4917//1388 4972//1408
f 4917//1388 4918//1389 4973//1409
f 4917//1388 4973//1409 4972//1408
f 4918//1389 4919//1390 4974//896
f 4918//1389 4974//896 4973//1409
f 4919//1390 4920//845 4975//880
f 4919//1390 4975//880 4974//896
f 4920//845 4921//910 4976//944
f 4920//845 4976//944 4975//880
f 4921//910 4922//1004 4977//910
f 4921//910 4977//910 4976//944
f 4922//1004 4923//637 4978//944
f 4922//1004 4978//944 4977//910
f 4923//637 4924//1016 4978//944
f 4978//944 4924//1016 4979//880
f 4924//1016 4925//1014 4980//1014
f 4924//1016 4980//1014 4979//880
f 4925//1014 4926//1014 4981//1014
f 4925//1014 4981//1014 4980//1014
f 4926//1014 4927//1391 4982//1410
f 4926//1014 4982//1410 4981//1014
f 4927//1391 4928//955 4982//1410
f 4982//1410 4928//955 4983//1411
f 4928//955 4929//1392 4984//1017
f 4928//955 4984//1017 4983//1411
f 4929//1392 4930//992 4985//926
f 4929//1392 4985//926 4984//1017
f 4930//992 4931//528 4986//449
f 4930//992 4986//449 4985//926
f 4931//528 4932//1393 4986//449
f 4986//449 4932//1393 4987//1412
f 4932//1393 4933//1394 4988//1413
f 4932//1393 4988//1413 4987//1412
f 4933//1394 4934//904 4988//1413
f 4988//1413 4934//904 4989//1041
f 4934//904 4935//904 4989//1041
f 4989//1041 4935//904 4990//824
f 4935//904 4936//823 4990//824
f 4990//824 4936//823 4991//1043
f 4936//823 4937//1186 4992//1167
f 4936//823 4992//1167 4991//1043
f 4937//1186 4938//1373 4992//1167
f 4992//1167 4938//1373 4993//1414
f 4938//1373 4939//1079 4993//1414
f 4993//1414 4939//1079 4994//1167
f 4939//1079 4940//1079 4994//1167
f 4994//1167 4940//1079 4995//1061
f 4940//1079 4941//904 4995//1061
f 4995//1061 4941//904 4996//181
f 4941//904 4942//772 4996//181
f 4996//181 4942//772 4997//406
f 4942//772 4943//1395 4997//406
f 4997//406 4943//1395 4998//1415
f 4943//1395 4944//1396 4998//1415
f 4998//1415 4944//1396 4999//1416
f 4944//1396 4945//1042 5000//1098
f 4944//1396 5000//1098 4999//1416
f 4945//1042 4946//1079 5000//1098
f 5000//1098 4946//1079 5001//1240
f 4946//1079 4947//1373 5001//1240
f 5001//1240 4947//1373 5002//821
f 4947//1373 4948//1186 5002//821
f 5002//821 4948//1186 5003//1061
f 4948//1186 4949//1186 5004//1189
f 4948//1186 5004//1189 5003//1061
f 4949//1186 4950//904 5004//1189
f 5004//1189 4950//904 5005//824
f 4950//904 4951//889 5005//824
f 5005//824 4951//889 5006//780
f 4951//889 4952//1397 5006//780
f 5006//780 4952//1397 5007//707
f 4952//1397 4953//1398 5008//1417
f 4952//1397 5008//1417 5007//707
f 4953//1398 5009//1418 5008//1417
f 4954//1399 4955//1400 5010//1419
f 4955//1400 4956//1401 5010//1419
f 5010//1419 4956//1401 5011//1420
f 4956//1401 4957//1402 5011//1420
f 5011//1420 4957//1402 5012//1421
f 4957//1402 4958//1403 5013//1422
f 4957//1402 5013//1422 5012//1421
f 4958//1403 4959//332 5014//1423
f 4958//1403 5014//1423 5013//1422
f 4959//332 4960//164 5015//408
f 4959//332 5015//408 5014//1423
f 4960//164 4961//1404 5015//408
f 5015//408 4961//1404 5016//196
f 4961//1404 4962//164 5017//372
f 4961//1404 5017//372 5016//196
f 4962//164 4963//164 5018//334
f 4962//164 5018//334 5017//372
f 4963//164 4964//1404 5018//334
f 5018//334 4964//1404 5019//193
f 4964//1404 4965//294 5020//1272
f 4964//1404 5020//1272 5019//193
f 4965//294 4966//294 5021//249
f 4965//294 5021//249 5020//1272
f 4966//294 4967//1405 5021//249
f 5021//249 4967//1405 5022//100
f 4967//1405 4968//1406 5023//1424
f 4967//1405 5023//1424 5022//100
f 4968//1406 4969//223 5024//1425
f 4968//1406 5024//1425 5023//1424
f 4969//223 4970//372 5025//1426
f 4969//223 5025//1426 5024//1425
f 4970//372 4971//1407 5025//1426
f 5025//1426 4971//1407 5026//372
f 4971//1407 4972//1408 5027//1427
f 4971//1407 5027//1427 5026//372
f 4972//1408 4973//1409 5028//1428
f 4972//1408 5028//1428 5027//1427
f 4973//1409 4974//896 5029//1429
f 4973//1409 5029//1429 5028//1428
f 4974//896 4975//880 5030//1430
f 4974//896 5030//1430 5029//1429
f 4975//880 4976//944 5030//1430
f 5030//1430 4976//944 5031//834
f 4976//944 4977//910 5032//1004
f 4976//944 5032//1004 5031//834
f 4977//910 4978//944 5033//910
f 4977//910 5033//910 5032//1004
f 4978//944 4979//880 5034//910
f 4978//944 5034//910 5033//910
f 4979//880 4980//1014 5035//1106
f 4979//880 5035//1106 5034//910
f 4980//1014 4981//1014 5036//1218
f 4980//1014 5036//1218 5035//1106
f 4981//1014 4982//1410 5037//1017
f 4981//1014 5037//1017 5036//1218
f 4982//1410 4983//1411 5038//1431
f 4982//1410 5038//1431 5037//1017
f 4983//1411 4984//1017 5039//1017
f 4983//1411 5039//1017 5038//1431
f 4984//1017 4985//926 5040//977
f 4984//1017 5040//977 5039//1017
f 4985//926 4986//449 5041//842
f 4985//926 5041//842 5040//977
f 4986//449 4987//1412 5041//842
f 5041//842 4987//1412 5042//1432
f 4987//1412 4988//1413 5042//1432
f 5042//1432 4988//1413 5043//1433
f 4988//1413 4989//1041 5043//1433
f 5043//1433 4989//1041 5044//1434
f 4989//1041 4990//824 5044//1434
f 5044//1434 4990//824 5045//1434
f 4990//824 4991//1043 5045//1434
f 5045//1434 4991//1043 5046//1434
f 4991//1043 4992//1167 5046//1434
f 5046//1434 4992//1167 5047//1341
f 4992//1167 4993//1414 5047//1341
f 5047//1341 4993//1414 5048//1342
f 4993//1414 4994//1167 5048//1342
f 5048//1342 4994//1167 5049//1435
f 4994//1167 4995//1061 5050//1264
f 4994//1167 5050//1264 5049//1435
f 4995//1061 4996//181 5050//1264
f 5050//1264 4996//181 5051//1259
f 4996//181 4997//406 5051//1259
f 5051//1259 4997//406 5052//710
f 4997//406 4998//1415 5052//710
f 5052//710 4998//1415 5053//710
f 4998//1415 4999//1416 5054//853
f 4998//1415 5054//853 5053//710
f 4999//1416 5000//1098 5055//1186
f 4999//1416 5055//1186 5054//853
f 5000//1098 5001//1240 5055//1186
f 5055//1186 5001//1240 5056//1240
f 5001//1240 5002//821 5056//1240
f 5056//1240 5002//821 5057//1436
f 5002//821 5003//1061 5057//1436
f 5057//1436 5003//1061 5058//1437
f 5003//1061 5004//1189 5058//1437
f 5058//1437 5004//1189 5059//1043
f 5004//1189 5005//824 5059//1043
f 5059//1043 5005//824 5060//1189
f 5005//824 5006//780 5060//1189
f 5060//1189 5006//780 5061//1438
f 5006//780 5007//707 5062//1439
f 5006//780 5062//1439 5061//1438
f 5007//707 5008//1417 5062//1439
f 5062//1439 5008//1417 5063//1440
f 5008//1417 5009//1418 5063//1440
f 5012//1421 5013//1422 5064//1441
f 5013//1422 5014//1423 5065//1442
f 5013//1422 5065//1442 5064//1441
f 5014//1423 5015//408 5066//1443
f 5014//1423 5066//1443 5065//1442
f 5015//408 5016//196 5066//1443
f 5066//1443 5016//196 5067//181
f 5016//196 5017//372 5068//1444
f 5016//196 5068//1444 5067//181
f 5017//372 5018//334 5069//459
f 5017//372 5069//459 5068//1444
f 5018//334 5019//193 5069//459
f 5069//459 5019//193 5070//707
f 5019//193 5020//1272 5070//707
f 5070//707 5020//1272 5071//457
f 5020//1272 5021//249 5072//133
f 5020//1272 5072//133 5071//457
f 5021//249 5022//100 5072//133
f 5072//133 5022//100 5073//100
f 5022//100 5023//1424 5074//1356
f 5022//100 5074//1356 5073//100
f 5023//1424 5024//1425 5075//1445
f 5023//1424 5075//1445 5074//1356
f 5024//1425 5025//1426 5076//1446
f 5024//1425 5076//1446 5075//1445
f 5025//1426 5026//372 5077//295
f 5025//1426 5077//295 5076//1446
f 5026//372 5027//1427 5077//295
f 5077//295 5027//1427 5078//333
f 5027//1427 5028//1428 5078//333
f 5078//333 5028//1428 5079//1447
f 5028//1428 5029//1429 5080//1448
f 5028//1428 5080//1448 5079//1447
f 5029//1429 5030//1430 5081//1233
f 5029//1429 5081//1233 5080//1448
f 5030//1430 5031//834 5082//833
f 5030//1430 5082//833 5081//1233
f 5031//834 5032//1004 5082//833
f 5082//833 5032//1004 5083//833
f 5032//1004 5033//910 5084//910
f 5032//1004 5084//910 5083//833
f 5033//910 5034//910 5085//910
f 5033//910 5085//910 5084//910
f 5034//910 5035//1106 5086//896
f 5034//910 5086//896 5085//910
f 5035//1106 5036//1218 5087//1449
f 5035//1106 5087//1449 5086//896
f 5036//1218 5037//1017 5088//1450
f 5036//1218 5088//1450 5087//1449
f 5037//1017 5038//1431 5089//642
f 5037//1017 5089//642 5088//1450
f 5038//1431 5039//1017 5090//1303
f 5038//1431 5090//1303 5089//642
f 5039//1017 5040//977 5091//1451
f 5039//1017 5091//1451 5090//1303
f 5040//977 5041//842 5092//541
f 5040//977 5092//541 5091//1451
f 5041//842 5042//1432 5092//541
f 5092//541 5042//1432 5093//1452
f 5042//1432 5043//1433 5094//1453
f 5042//1432 5094//1453 5093//1452
f 5043//1433 5044//1434 5094//1453
f 5094//1453 5044//1434 5095//1454
f 5044//1434 5045//1434 5095//1454
f 5095//1454 5045//1434 5096//1455
f 5045//1434 5046//1434 5096//1455
f 5096//1455 5046//1434 5097//1455
f 5046//1434 5047//1341 5097//1455
f 5097//1455 5047//1341 5098//1456
f 5047//1341 5048//1342 5098//1456
f 5098//1456 5048//1342 5099//1341
f 5048//1342 5049//1435 5099//1341
f 5099//1341 5049//1435 5100//1457
f 5049//1435 5050//1264 5101//1458
f 5049//1435 5101//1458 5100//1457
f 5050//1264 5051//1259 5102//1459
f 5050//1264 5102//1459 5101//1458
f 5051//1259 5052//710 5103//1460
f 5051//1259 5103//1460 5102//1459
f 5052//710 5053//710 5103//1460
f 5103//1460 5053//710 5104//772
f 5053//710 5054//853 5104//772
f 5104//772 5054//853 5105//1043
f 5054//853 5055//1186 5106//1461
f 5054//853 5106//1461 5105//1043
f 5055//1186 5056//1240 5106//1461
f 5106//1461 5056//1240 5107//1462
f 5056//1240 5057//1436 5107//1462
f 5107//1462 5057//1436 5108//1463
f 5057//1436 5058//1437 5108//1463
f 5108//1463 5058//1437 5109//1464
f 5058//1437 5059//1043 5110//1465
f 5058//1437 5110//1465 5109//1464
f 5059//1043 5060//1189 5110//1465
f 5110//1465 5060//1189 5111//824
f 5060//1189 5061//1438 5112//1466
f 5060//1189 5112//1466 5111//824
f 5061//1438 5062//1439 5112//1466
f 5112//1466 5062//1439 5113//1467
f 5062//1439 5063//1440 5113//1467
f 5065//1442 5066//1443 5114//1468
f 5114//1468 5066//1443 5115//1469
f 5066//1443 5067//181 5115//1469
f 5115//1469 5067//181 5116//1470
f 5067//181 5068//1444 5116//1470
f 5116//1470 5068//1444 5117//1471
f 5068//1444 5069//459 5117//1471
f 5117//1471 5069//459 5118//1472
f 5069//459 5070//707 5118//1472
f 5118//1472 5070//707 5119//1473
f 5070//707 5071//457 5119//1473
f 5119//1473 5071//457 5120//1474
f 5071//457 5072//133 5120//1474
f 5120//1474 5072//133 5121//195
f 5072//133 5073//100 5121//195
f 5121//195 5073//100 5122//193
f 5073//100 5074//1356 5123//1230
f 5073//100 5123//1230 5122//193
f 5074//1356 5075//1445 5124//1475
f 5074//1356 5124//1475 5123//1230
f 5075//1445 5076//1446 5125//1476
f 5075//1445 5125//1476 5124//1475
f 5076//1446 5077//295 5126//1477
f 5076//1446 5126//1477 5125//1476
f 5077//295 5078//333 5126//1477
f 5126//1477 5078//333 5127//475
f 5078//333 5079//1447 5127//475
f 5127//475 5079//1447 5128//707
f 5079//1447 5080//1448 5129//1478
f 5079//1447 5129//1478 5128//707
f 5080//1448 5081//1233 5130//1479
f 5080//1448 5130//1479 5129//1478
f 5081//1233 5082//833 5131//1004
f 5081//1233 5131//1004 5130//1479
f 5082//833 5083//833 5131//1004
f 5131//1004 5083//833 5132//637
f 5083//833 5084//910 5133//944
f 5083//833 5133//944 5132//637
f 5084//910 5085//910 5134//910
f 5084//910 5134//910 5133//944
f 5085//910 5086//896 5135//925
f 5085//910 5135//925 5134//910
f 5086//896 5087//1449 5136//1480
f 5086//896 5136//1480 5135//925
f 5087//1449 5088//1450 5136//1480
f 5136//1480 5088//1450 5137//798
f 5088//1450 5089//642 5137//798
f 5137//798 5089//642 5138//1481
f 5089//642 5090//1303 5138//1481
f 5138//1481 5090//1303 5139//1482
f 5090//1303 5091//1451 5139//1482
f 5139//1482 5091//1451 5140//901
f 5091//1451 5092//541 5140//901
f 5140//901 5092//541 5141//787
f 5092//541 5093//1452 5141//787
f 5141//787 5093//1452 5142//1483
f 5093//1452 5094//1453 5142//1483
f 5142//1483 5094//1453 5143//1484
f 5094//1453 5095//1454 5143//1484
f 5143//1484 5095//1454 5144//1485
f 5095//1454 5096//1455 5145//1486
f 5095//1454 5145//1486 5144//1485
f 5096//1455 5097//1455 5145//1486
f 5145//1486 5097//1455 5146//1487
f 5097//1455 5098//1456 5146//1487
f 5146//1487 5098//1456 5147//1434
f 5098//1456 5099//1341 5147//1434
f 5147//1434 5099//1341 5148//1488
f 5099//1341 5100//1457 5148//1488
f 5148//1488 5100//1457 5149//1224
f 5100//1457 5101//1458 5149//1224
f 5149//1224 5101//1458 5150//1438
f 5101//1458 5102//1459 5151//1489
f 5101//1458 5151//1489 5150//1438
f 5102//1459 5103//1460 5152//1490
f 5102//1459 5152//1490 5151//1489
f 5103//1460 5104//772 5153//1346
f 5103//1460 5153//1346 5152//1490
f 5104//772 5105//1043 5153//1346
f 5153//1346 5105//1043 5154//1491
f 5105//1043 5106//1461 5154//1491
f 5154//1491 5106//1461 5155//1492
f 5106//1461 5107//1462 5155//1492
f 5155//1492 5107//1462 5156//1463
f 5107//1462 5108//1463 5156//1463
f 5156//1463 5108//1463 5157//1493
f 5108//1463 5109//1464 5157//1493
f 5157//1493 5109//1464 5158//1081
f 5109//1464 5110//1465 5159//1494
f 5109//1464 5159//1494 5158//1081
f 5110//1465 5111//824 5160//1495
f 5110//1465 5160//1495 5159//1494
f 5111//824 5112//1466 5160//1495
f 5160//1495 5112//1466 5161//1496
f 5112//1466 5113//1467 5161//1496
f 5161//1496 5113//1467 5162//1497
f 5114//1468 5115//1469 5163//1498
f 5115//1469 5116//1470 5163//1498
f 5163//1498 5116//1470 5164//1499
f 5116//1470 5117//1471 5164//1499
f 5164//1499 5117//1471 5165//1500
f 5117//1471 5118//1472 5166//1501
f 5117//1471 5166//1501 5165//1500
f 5118//1472 5119//1473 5166//1501
f 5166//1501 5119//1473 5167//1502
f 5119//1473 5120//1474 5168//1503
f 5119//1473 5168//1503 5167//1502
f 5120//1474 5121//195 5168//1503
f 5168//1503 5121//195 5169//407
f 5121//195 5122//193 5169//407
f 5169//407 5122//193 5170//1212
f 5122//193 5123//1230 5170//1212
f 5170//1212 5123//1230 5171//1230
f 5123//1230 5124//1475 5171//1230
f 5171//1230 5124//1475 5172//294
f 5124//1475 5125//1476 5173//1446
f 5124//1475 5173//1446 5172//294
f 5125//1476 5126//1477 5174//1504
f 5125//1476 5174//1504 5173//1446
f 5126//1477 5127//475 5174//1504
f 5174//1504 5127//475 5175//372
f 5127//475 5128//707 5176//1505
f 5127//475 5176//1505 5175//372
f 5128//707 5129//1478 5176//1505
f 5176//1505 5129//1478 5177//1506
f 5129//1478 5130//1479 5178//1507
f 5129//1478 5178//1507 5177//1506
f 5130//1479 5131//1004 5179//1409
f 5130//1479 5179//1409 5178//1507
f 5131//1004 5132//637 5180//1236
f 5131//1004 5180//1236 5179//1409
f 5132//637 5133//944 5180//1236
f 5180//1236 5133//944 5181//834
f 5133//944 5134//910 5182//1004
f 5133//944 5182//1004 5181//834
f 5134//910 5135//925 5183//1508
f 5134//910 5183//1508 5182//1004
f 5135//925 5136//1480 5184//1509
f 5135//925 5184//1509 5183//1508
f 5136//1480 5137//798 5185//1181
f 5136//1480 5185//1181 5184//1509
f 5137//798 5138//1481 5186//1510
f 5137//798 5186//1510 5185//1181
f 5138//1481 5139//1482 5187//1511
f 5138//1481 5187//1511 5186//1510
f 5139//1482 5140//901 5188//862
f 5139//1482 5188//862 5187//1511
f 5140//901 5141//787 5188//862
f 5188//862 5141//787 5189//833
f 5141//787 5142//1483 5190//1512
f 5141//787 5190//1512 5189//833
f 5142//1483 5143//1484 5190//1512
f 5143//1484 5144//1485 5191//1513
f 5144//1485 5145//1486 5192//1264
f 5144//1485 5192//1264 5191//1513
f 5145//1486 5146//1487 5193//1464
f 5145//1486 5193//1464 5192//1264
f 5146//1487 5147//1434 5193//1464
f 5193//1464 5147//1434 5194//1099
f 5147//1434 5148//1488 5194//1099
f 5194//1099 5148//1488 5195//1099
f 5148//1488 5149//1224 5195//1099
f 5195//1099 5149//1224 5196//1078
f 5149//1224 5150//1438 5197//1514
f 5149//1224 5197//1514 5196//1078
f 5150//1438 5151//1489 5197//1514
f 5197//1514 5151//1489 5198//1438
f 5151//1489 5152//1490 5199//1081
f 5151//1489 5199//1081 5198//1438
f 5152//1490 5153//1346 5200//1515
f 5152//1490 5200//1515 5199//1081
f 5153//1346 5154//1491 5200//1515
f 5200//1515 5154//1491 5201//1341
f 5154//1491 5155//1492 5201//1341
f 5201//1341 5155//1492 5202//1516
f 5155//1492 5156//1463 5202//1516
f 5202//1516 5156//1463 5203//1493
f 5156//1463 5157//1493 5203//1493
f 5203//1493 5157//1493 5204//1493
f 5157//1493 5158//1081 5204//1493
f 5204//1493 5158//1081 5205//1042
f 5158//1081 5159//1494 5206//1139
f 5158//1081 5206//1139 5205//1042
f 5159//1494 5160//1495 5207//1517
f 5159//1494 5207//1517 5206//1139
f 5160//1495 5161//1496 5208//1518
f 5160//1495 5208//1518 5207//1517
f 5161//1496 5162//1497 5209//1519
f 5161//1496 5209//1519 5208//1518
f 5165//1500 5166//1501 5210//1520
f 5166//1501 5167//1502 5210//1520
f 5210//1520 5167//1502 5211//1521
f 5167//1502 5168//1503 5212//1522
f 5167//1502 5212//1522 5211//1521
f 5168//1503 5169//407 5213//1523
f 5168//1503 5213//1523 5212//1522
f 5169//407 5170//1212 5214//1524
f 5169//407 5214//1524 5213//1523
f 5170//1212 5171//1230 5215//1525
f 5170//1212 5215//1525 5214//1524
f 5171//1230 5172//294 5216//332
f 5171//1230 5216//332 5215//1525
f 5172//294 5173//1446 5217//1445
f 5172//294 5217//1445 5216//332
f 5173//1446 5174//1504 5218//1526
f 5173//1446 5218//1526 5217//1445
f 5174//1504 5175//372 5219//1527
f 5174//1504 5219//1527 5218//1526
f 5175//372 5176//1505 5219//1527
f 5219//1527 5176//1505 5220//1385
f 5176//1505 5177//1506 5221//1528
f 5176//1505 5221//1528 5220//1385
f 5177//1506 5178//1507 5222//1529
f 5177//1506 5222//1529 5221//1528
f 5178//1507 5179//1409 5223//1530
f 5178//1507 5223//1530 5222//1529
f 5179//1409 5180//1236 5224//1531
f 5179//1409 5224//1531 5223//1530
f 5180//1236 5181//834 5225//879
f 5180//1236 5225//879 5224//1531
f 5181//834 5182//1004 5225//879
f 5225//879 5182//1004 5226//858
f 5182//1004 5183//1508 5227//1201
f 5182//1004 5227//1201 5226//858
f 5183//1508 5184//1509 5228//1532
f 5183//1508 5228//1532 5227//1201
f 5184//1509 5185//1181 5228//1532
f 5228//1532 5185//1181 5229//993
f 5185//1181 5186//1510 5229//993
f 5229//993 5186//1510 5230//1217
f 5186//1510 5187//1511 5231//925
f 5186//1510 5231//925 5230//1217
f 5187//1511 5188//862 5232//1533
f 5187//1511 5232//1533 5231//925
f 5188//862 5189//833 5232//1533
f 5232//1533 5189//833 5233//1011
f 5189//833 5190//1512 5234//1534
f 5189//833 5234//1534 5233//1011
f 5191//1513 5192//1264 5235//1535
f 5235//1535 5192//1264 5236//1043
f 5192//1264 5193//1464 5237//1536
f 5192//1264 5237//1536 5236//1043
f 5193//1464 5194//1099 5237//1536
f 5237//1536 5194//1099 5238//1043
f 5194//1099 5195//1099 5238//1043
f 5238//1043 5195//1099 5239//824
f 5195//1099 5196//1078 5239//824
f 5239//824 5196//1078 5240//1537
f 5196//1078 5197//1514 5241//1538
f 5196//1078 5241//1538 5240//1537
f 5197//1514 5198//1438 5242//1345
f 5197//1514 5242//1345 5241//1538
f 5198//1438 5199//1081 5242//1345
f 5242//1345 5199//1081 5243//1099
f 5199//1081 5200//1515 5243//1099
f 5243//1099 5200//1515 5244//1488
f 5200//1515 5201//1341 5244//1488
f 5244//1488 5201//1341 5245//1462
f 5201//1341 5202//1516 5245//1462
f 5245//1462 5202//1516 5246//1539
f 5202//1516 5203//1493 5247//1540
f 5202//1516 5247//1540 5246//1539
f 5203//1493 5204//1493 5247//1540
f 5247//1540 5204//1493 5248//1081
f 5204//1493 5205//1042 5248//1081
f 5248//1081 5205//1042 5249//1438
f 5205//1042 5206//1139 5250//1541
f 5205//1042 5250//1541 5249//1438
f 5206//1139 5207//1517 5250//1541
f 5250//1541 5207//1517 5251//1542
f 5207//1517 5208//1518 5251//1542
f 5251//1542 5208//1518 5252//1543
f 5208//1518 5209//1519 5252//1543
f 5212//1522 5213//1523 5253//1544
f 5213//1523 5214//1524 5254//1545
f 5213//1523 5254//1545 5253//1544
f 5214//1524 5215//1525 5254//1545
f 5254//1545 5215//1525 5255//1546
f 5215//1525 5216//332 5256//1547
f 5215//1525 5256//1547 5255//1546
f 5216//332 5217//1445 5257//1548
f 5216//332 5257//1548 5256//1547
f 5217//1445 5218//1526 5258//1549
f 5217//1445 5258//1549 5257//1548
f 5218//1526 5219//1527 5259//1550
f 5218//1526 5259//1550 5258//1549
f 5219//1527 5220//1385 5260//1551
f 5219//1527 5260//1551 5259//1550
f 5220//1385 5221//1528 5261//645
f 5220//1385 5261//645 5260//1551
f 5221//1528 5222//1529 5261//645
f 5261//645 5222//1529 5262//196
f 5222//1529 5223//1530 5263//1552
f 5222//1529 5263//1552 5262//196
f 5223//1530 5224//1531 5264//1553
f 5223//1530 5264//1553 5263//1552
f 5224//1531 5225//879 5265//910
f 5224//1531 5265//910 5264//1553
f 5225//879 5226//858 5266//863
f 5225//879 5266//863 5265//910
f 5226//858 5227//1201 5267//1554
f 5226//858 5267//1554 5266//863
f 5227//1201 5228//1532 5268//1555
f 5227//1201 5268//1555 5267//1554
f 5228//1532 5229//993 5269//1556
f 5228//1532 5269//1556 5268//1555
f 5229//993 5230//1217 5270//895
f 5229//993 5270//895 5269//1556
f 5230//1217 5231//925 5271//1557
f 5230//1217 5271//1557 5270//895
f 5231//925 5232//1533 5272//1558
f 5231//925 5272//1558 5271//1557
f 5232//1533 5233//1011 5273//1559
f 5232//1533 5273//1559 5272//1558
f 5233//1011 5234//1534 5274//1014
f 5233//1011 5274//1014 5273//1559
f 5234//1534 5275//1560 5274//1014
f 5275//1560 5235//1535 5276//1561
f 5235//1535 5236//1043 5276//1561
f 5276//1561 5236//1043 5277//1041
f 5236//1043 5237//1536 5277//1041
f 5277//1041 5237//1536 5278//1042
f 5237//1536 5238//1043 5279//823
f 5237//1536 5279//823 5278//1042
f 5238//1043 5239//824 5279//823
f 5279//823 5239//824 5280//824
f 5239//824 5240//1537 5280//824
f 5280//824 5240//1537 5281//1562
f 5240//1537 5241//1538 5282//1078
f 5240//1537 5282//1078 5281//1562
f 5241//1538 5242//1345 5282//1078
f 5282//1078 5242//1345 5283//1099
f 5242//1345 5243//1099 5283//1099
f 5283//1099 5243//1099 5284//1463
f 5243//1099 5244//1488 5284//1463
f 5284//1463 5244//1488 5285//1563
f 5244//1488 5245//1462 5285//1563
f 5285//1563 5245//1462 5286//1564
f 5245//1462 5246//1539 5286//1564
f 5286//1564 5246//1539 5287//1457
f 5246//1539 5247//1540 5288//1565
f 5246//1539 5288//1565 5287//1457
f 5247//1540 5248//1081 5289//1566
f 5247//1540 5289//1566 5288//1565
f 5248//1081 5249//1438 5290//1460
f 5248//1081 5290//1460 5289//1566
f 5249//1438 5250//1541 5290//1460
f 5290//1460 5250//1541 5291//1043
f 5250//1541 5251//1542 5291//1043
f 5291//1043 5251//1542 5292//1567
f 5251//1542 5252//1543 5293//1568
f 5251//1542 5293//1568 5292//1567
f 5255//1546 5256//1547 5294//1569
f 5256//1547 5257//1548 5294//1569
f 5294//1569 5257//1548 5295//1570
f 5257//1548 5258//1549 5296//1571
f 5257//1548 5296//1571 5295//1570
f 5258//1549 5259//1550 5297//1572
f 5258//1549 5297//1572 5296//1571
f 5259//1550 5260//1551 5297//1572
f 5297//1572 5260//1551 5298//1573
f 5260//1551 5261//645 5299//1574
f 5260//1551 5299//1574 5298//1573
f 5261//645 5262//196 5299//1574
f 5299//1574 5262//196 5300//181
f 5262//196 5263//1552 5301//1575
f 5262//196 5301//1575 5300//181
f 5263//1552 5264//1553 5302//1576
f 5263//1552 5302//1576 5301//1575
f 5264//1553 5265//910 5303//1577
f 5264//1553 5303//1577 5302//1576
f 5265//910 5266//863 5304//1578
f 5265//910 5304//1578 5303//1577
f 5266//863 5267//1554 5304//1578
f 5304//1578 5267//1554 5305//621
f 5267//1554 5268//1555 5306//1579
f 5267//1554 5306//1579 5305//621
f 5268//1555 5269//1556 5307//1580
f 5268//1555 5307//1580 5306//1579
f 5269//1556 5270//895 5308//1581
f 5269//1556 5308//1581 5307//1580
f 5270//895 5271//1557 5309//1582
f 5270//895 5309//1582 5308//1581
f 5271//1557 5272//1558 5309//1582
f 5309//1582 5272//1558 5310//1583
f 5272//1558 5273//1559 5311//1334
f 5272//1558 5311//1334 5310//1583
f 5273//1559 5274//1014 5312//1018
f 5273//1559 5312//1018 5311//1334
f 5274//1014 5275//1560 5313//1584
f 5274//1014 5313//1584 5312//1018
f 5275//1560 5276//1561 5313//1584
f 5313//1584 5276//1561 5314//1585
f 5276//1561 5277//1041 5314//1585
f 5314//1585 5277//1041 5315//1240
f 5277//1041 5278//1042 5315//1240
f 5315//1240 5278//1042 5316//1042
f 5278//1042 5279//823 5317//1042
f 5278//1042 5317//1042 5316//1042
f 5279//823 5280//824 5317//1042
f 5317//1042 5280//824 5318//1224
f 5280//824 5281//1562 5318//1224
f 5318//1224 5281//1562 5319//1438
f 5281//1562 5282//1078 5320//1586
f 5281//1562 5320//1586 5319//1438
f 5282//1078 5283//1099 5320//1586
f 5320//1586 5283//1099 5321//1587
f 5283//1099 5284//1463 5321//1587
f 5321//1587 5284//1463 5322//1492
f 5284//1463 5285//1563 5322//1492
f 5322//1492 5285//1563 5323//1588
f 5285//1563 5286//1564 5323//1588
f 5323//1588 5286//1564 5324//1589
f 5286//1564 5287//1457 5324//1589
f 5324//1589 5287//1457 5325//1081
f 5287//1457 5288//1565 5325//1081
f 5325//1081 5288//1565 5326//1538
f 5288//1565 5289//1566 5327//1538
f 5288//1565 5327//1538 5326//1538
f 5289//1566 5290//1460 5328//1517
f 5289//1566 5328//1517 5327//1538
f 5290//1460 5291//1043 5329//1590
f 5290//1460 5329//1590 5328//1517
f 5291//1043 5292//1567 5329//1590
f 5329//1590 5292//1567 5330//1591
f 5292//1567 5293//1568 5330//1591
f 5296//1571 5297//1572 5331//1592
f 5297//1572 5298//1573 5331//1592
f 5331//1592 5298//1573 5332//1593
f 5298//1573 5299//1574 5333//1594
f 5298//1573 5333//1594 5332//1593
f 5299//1574 5300//181 5334//1595
f 5299//1574 5334//1595 5333//1594
f 5300//181 5301//1575 5334//1595
f 5334//1595 5301//1575 5335//1596
f 5301//1575 5302//1576 5336//1597
f 5301//1575 5336//1597 5335//1596
f 5302//1576 5303//1577 5337//1598
f 5302//1576 5337//1598 5336//1597
f 5303//1577 5304//1578 5338//1599
f 5303//1577 5338//1599 5337//1598
f 5304//1578 5305//621 5338//1599
f 5338//1599 5305//621 5339//1600
f 5305//621 5306//1579 5339//1600
f 5339//1600 5306//1579 5340//1601
f 5306//1579 5307//1580 5340//1601
f 5340//1601 5307//1580 5341//1602
f 5307//1580 5308//1581 5342//1603
f 5307//1580 5342//1603 5341//1602
f 5308//1581 5309//1582 5343//1604
f 5308//1581 5343//1604 5342//1603
f 5309//1582 5310//1583 5344//1579
f 5309//1582 5344//1579 5343//1604
f 5310//1583 5311//1334 5345//1201
f 5310//1583 5345//1201 5344//1579
f 5311//1334 5312//1018 5346//1605
f 5311//1334 5346//1605 5345//1201
f 5312//1018 5313//1584 5346//1605
f 5346//1605 5313//1584 5347//1606
f 5313//1584 5314//1585 5347//1606
f 5347//1606 5314//1585 5348//1607
f 5314//1585 5315//1240 5348//1607
f 5348//1607 5315//1240 5349//1608
f 5315//1240 5316//1042 5349//1608
f 5349//1608 5316//1042 5350//1609
f 5316//1042 5317//1042 5351//1313
f 5316//1042 5351//1313 5350//1609
f 5317//1042 5318//1224 5351//1313
f 5351//1313 5318//1224 5352//1312
f 5318//1224 5319//1438 5353//1488
f 5318//1224 5353//1488 5352//1312
f 5319//1438 5320//1586 5353//1488
f 5353//1488 5320//1586 5354//1610
f 5320//1586 5321//1587 5355//1611
f 5320//1586 5355//1611 5354//1610
f 5321//1587 5322//1492 5355//1611
f 5355//1611 5322//1492 5356//1612
f 5322//1492 5323//1588 5356//1612
f 5356//1612 5323//1588 5357//1613
f 5323//1588 5324//1589 5358//1614
f 5323//1588 5358//1614 5357//1613
f 5324//1589 5325//1081 5359//1615
f 5324//1589 5359//1615 5358//1614
f 5325//1081 5326//1538 5360//1616
f 5325//1081 5360//1616 5359//1615
f 5326//1538 5327//1538 5361//1078
f 5326//1538 5361//1078 5360//1616
f 5327//1538 5328//1517 5361//1078
f 5361//1078 5328//1517 5362//1617
f 5328//1517 5329//1590 5362//1617
f 5362//1617 5329//1590 5363//1618
f 5329//1590 5330//1591 5363//1618
f 5333//1594 5334//1595 5364//1619
f 5334//1595 5335//1596 5365//1620
f 5334//1595 5365//1620 5364//1619
f 5335//1596 5336//1597 5365//1620
f 5365//1620 5336//1597 5366//1621
f 5336//1597 5337//1598 5367//1622
f 5336//1597 5367//1622 5366//1621
f 5337//1598 5338//1599 5368//1623
f 5337//1598 5368//1623 5367//1622
f 5338//1599 5339//1600 5369//1624
f 5338//1599 5369//1624 5368//1623
f 5339//1600 5340//1601 5369//1624
f 5369//1624 5340//1601 5370//1625
f 5340//1601 5341//1602 5371//1626
f 5340//1601 5371//1626 5370//1625
f 5341//1602 5342//1603 5372//1627
f 5341//1602 5372//1627 5371//1626
f 5342//1603 5343//1604 5373//1628
f 5342//1603 5373//1628 5372//1627
f 5343//1604 5344//1579 5374//1629
f 5343//1604 5374//1629 5373//1628
f 5344//1579 5345//1201 5375//1233
f 5344//1579 5375//1233 5374//1629
f 5345//1201 5346//1605 5376//1630
f 5345//1201 5376//1630 5375//1233
f 5346//1605 5347//1606 5377//1631
f 5346//1605 5377//1631 5376//1630
f 5347//1606 5348//1607 5377//1631
f 5349//1608 5350//1609 5378//1632
f 5350//1609 5351//1313 5379//1633
f 5350//1609 5379//1633 5378//1632
f 5351//1313 5352//1312 5380//1634
f 5351//1313 5380//1634 5379//1633
f 5352//1312 5353//1488 5381//1635
f 5352//1312 5381//1635 5380//1634
f 5353//1488 5354//1610 5381//1635
f 5381//1635 5354//1610 5382//1612
f 5354//1610 5355//1611 5382//1612
f 5382//1612 5355//1611 5383//1636
f 5355//1611 5356//1612 5383//1636
f 5383//1636 5356//1612 5384//1637
f 5356//1612 5357//1613 5384//1637
f 5384//1637 5357//1613 5385//1438
f 5357//1613 5358//1614 5386//1638
f 5357//1613 5386//1638 5385//1438
f 5358//1614 5359//1615 5387//1538
f 5358//1614 5387//1538 5386//1638
f 5359//1615 5360//1616 5388//1060
f 5359//1615 5388//1060 5387//1538
f 5360//1616 5361//1078 5389//1042
f 5360//1616 5389//1042 5388//1060
f 5361//1078 5362//1617 5389//1042
f 5389//1042 5362//1617 5390//1639
f 5362//1617 5363//1618 5391//1640
f 5362//1617 5391//1640 5390//1639
f 5368//1623 5369//1624 5392//1641
f 5369//1624 5370//1625 5392//1641
f 5392//1641 5370//1625 5393//1642
f 5370//1625 5371//1626 5393//1642
f 5393//1642 5371//1626 5394//1643
f 5371//1626 5372//1627 5394//1643
f 5373//1628 5374//1629 5395//1644
f 5374//1629 5375//1233 5396//1645
f 5374//1629 5396//1645 5395//1644
f 5375//1233 5376//1630 5397//895
f 5375//1233 5397//895 5396//1645
f 5376//1630 5377//1631 5398//1646
f 5376//1630 5398//1646 5397//895
f 5399//1647 5378//1632 5400//1648
f 5378//1632 5379//1633 5400//1648
f 5400//1648 5379//1633 5401//1649
f 5379//1633 5380//1634 5402//1650
f 5379//1633 5402//1650 5401//1649
f 5380//1634 5381//1635 5402//1650
f 5402//1650 5381//1635 5403//1651
f 5381//1635 5382//1612 5403//1651
f 5403//1651 5382//1612 5404//1652
f 5382//1612 5383//1636 5404//1652
f 5404//1652 5383//1636 5405//1653
f 5383//1636 5384//1637 5406//1438
f 5383//1636 5406//1438 5405//1653
f 5384//1637 5385//1438 5407//1042
f 5384//1637 5407//1042 5406//1438
f 5385//1438 5386//1638 5407//1042
f 5407//1042 5386//1638 5408//1459
f 5386//1638 5387//1538 5409//1654
f 5386//1638 5409//1654 5408//1459
f 5387//1538 5388//1060 5409//1654
f 5409//1654 5388//1060 5410//1139
f 5388//1060 5389//1042 5411//1655
f 5388//1060 5411//1655 5410//1139
f 5389//1042 5390//1639 5411//1655
f 5411//1655 5390//1639 5412//1656
f 5390//1639 5391//1640 5413//1657
f 5390//1639 5413//1657 5412//1656
f 5395//1644 5396//1645 5414//1658
f 5396//1645 5397//895 5415//1659
f 5396//1645 5415//1659 5414//1658
f 5397//895 5398//1646 5416//990
f 5397//895 5416//990 5415//1659
f 5398//1646 5417//1660 5416//990
f 5399//1647 5400//1648 5418//1661
f 5418//1661 5400//1648 5419//1662
f 5400//1648 5401//1649 5420//1663
f 5400//1648 5420//1663 5419//1662
f 5401//1649 5402//1650 5421//1664
f 5401//1649 5421//1664 5420//1663
f 5402//1650 5403//1651 5422//1665
f 5402//1650 5422//1665 5421//1664
f 5403//1651 5404//1652 5423//1666
f 5403//1651 5423//1666 5422//1665
f 5404//1652 5405//1653 5423//1666
f 5423//1666 5405//1653 5424//772
f 5405//1653 5406//1438 5425//1667
f 5405//1653 5425//1667 5424//772
f 5406//1438 5407//1042 5426//780
f 5406//1438 5426//780 5425//1667
f 5407//1042 5408//1459 5426//780
f 5426//780 5408//1459 5427//772
f 5408//1459 5409//1654 5428//1668
f 5408//1459 5428//1668 5427//772
f 5409//1654 5410//1139 5429//1669
f 5409//1654 5429//1669 5428//1668
f 5410//1139 5411//1655 5430//1670
f 5410//1139 5430//1670 5429//1669
f 5411//1655 5412//1656 5430//1670
f 5430//1670 5412//1656 5431//1671
f 5412//1656 5413//1657 5431//1671
f 5414//1658 5415//1659 5432//1672
f 5415//1659 5416//990 5433//1673
f 5415//1659 5433//1673 5432//1672
f 5416//990 5417//1660 5433//1673
f 5433//1673 5417//1660 5434//1674
f 5417//1660 5418//1661 5434//1674
f 5434//1674 5418//1661 5435//1675
f 5418//1661 5419//1662 5436//1676
f 5418//1661 5436//1676 5435//1675
f 5419//1662 5420//1663 5437//1677
f 5419//1662 5437//1677 5436//1676
f 5420//1663 5421//1664 5438//1678
f 5420//1663 5438//1678 5437//1677
f 5421//1664 5422//1665 5439//1679
f 5421//1664 5439//1679 5438//1678
f 5422//1665 5423//1666 5440//1680
f 5422//1665 5440//1680 5439//1679
f 5423//1666 5424//772 5440//1680
f 5440//1680 5424//772 5441//476
f 5424//772 5425//1667 5441//476
f 5441//476 5425//1667 5442//221
f 5425//1667 5426//780 5442//221
f 5442//221 5426//780 5443//181
f 5426//780 5427//772 5443//181
f 5443//181 5427//772 5444//1681
f 5427//772 5428//1668 5444//1681
f 5444//1681 5428//1668 5445//1682
f 5428//1668 5429//1669 5445//1682
f 5445//1682 5429//1669 5446//1683
f 5429//1669 5430//1670 5446//1683
f 5446//1683 5430//1670 5447//1684
f 5430//1670 5431//1671 5447//1684
f 5432//1672 5433//1673 5448//1685
f 5433//1673 5434//1674 5449//1686
f 5433//1673 5449//1686 5448//1685
f 5434//1674 5435//1675 5449//1686
f 5449//1686 5435//1675 5450//1687
f 5435//1675 5436//1676 5450//1687
f 5450//1687 5436//1676 5451//1688
f 5436//1676 5437//1677 5451//1688
f 5451//1688 5437//1677 5452//1689
f 5437//1677 5438//1678 5452//1689
f 5452//1689 5438//1678 5453//1690
f 5438//1678 5439//1679 5453//1690
f 5453//1690 5439//1679 5454//1691
f 5439//1679 5440//1680 5454//1691
f 5454//1691 5440//1680 5455//1692
f 5440//1680 5441//476 5455//1692
f 5455//1692 5441//476 5456//195
f 5441//476 5442//221 5456//195
f 5456//195 5442//221 5457//1693
f 5442//221 5443//181 5457//1693
f 5457//1693 5443//181 5458//1694
f 5443//181 5444//1681 5458//1694
f 5458//1694 5444//1681 5459//1695
f 5444//1681 5445//1682 5459//1695
f 5448//1685 5449//1686 5460//1696
f 5449//1686 5450//1687 5461//1697
f 5449//1686 5461//1697 5460//1696
f 5450//1687 5451//1688 5461//1697
f 5461//1697 5451//1688 5462//1698
f 5451//1688 5452//1689 5462//1698
f 5462//1698 5452//1689 5463//1699
f 5452//1689 5453//1690 5463//1699
f 5463//1699 5453//1690 5464//1700
f 5453//1690 5454//1691 5464//1700
f 5464//1700 5454//1691 5465//1701
f 5454//1691 5455//1692 5465//1701
f 5465//1701 5455//1692 5466//1702
f 5455//1692 5456//195 5466//1702
f 5466//1702 5456//195 5467//1703
f 5456//195 5457//1693 5467//1703
f 5467//1703 5457//1693 5468//1704
f 5457//1693 5458//1694 5468//1704
f 5468//1704 5458//1694 5469//1705
f 5458//1694 5459//1695 5469//1705
f 5460//1696 5461//1697 5470//1706
f 5461//1697 5462//1698 5470//1706
f 5470//1706 5462//1698 5471//1707
f 5462//1698 5463//1699 5471//1707
f 5471//1707 5463//1699 5472//1708
f 5463//1699 5464//1700 5473//1709
f 5463//1699 5473//1709 5472//1708
f 5464//1700 5465//1701 5473//1709
f 5473//1709 5465//1701 5474//1710
f 5465//1701 5466//1702 5474//1710
f 5474//1710 5466//1702 5475//1711
f 5466//1702 5467//1703 5476//1712
f 5466//1702 5476//1712 5475//1711
f 5467//1703 5468//1704 5476//1712
f 5472//1708 5473//1709 5477//1713
f 5473//1709 5474//1710 5477//1713
f 5333//1594 5365//1620 5366//1621
f 5296//1571 5332//1593 5333//1594
f 5366//1621 5367//1622 5333//1594
f 5296//1571 5331//1592 5332//1593
f 5333//1594 5364//1619 5365//1620
f 5368//1623 5372//1627 5333//1594
f 5255//1546 5295//1570 5296//1571
f 5255//1546 5294//1569 5295//1570
f 5367//1622 5368//1623 5333//1594
f 5392//1641 5393//1642 5368//1623
f 5393//1642 5372//1627 5368//1623
f 5212//1522 5254//1545 5255//1546
f 5393//1642 5394//1643 5372//1627
f 5445//1682 5363//1618 5395//1644
f 5065//1442 5165//1500 5212//1522
f 5165//1500 5211//1521 5212//1522
f 5363//1618 5373//1628 5395//1644
f 5165//1500 5210//1520 5211//1521
f 5212//1522 5253//1544 5254//1545
f 5114//1468 5163//1498 5164//1499
f 5164//1499 5165//1500 5065//1442
f 5414//1658 5432//1672 5445//1682
f 5065//1442 5114//1468 5164//1499
f 5448//1685 5460//1696 5472//1708
f 5395//1644 5414//1658 5445//1682
f 5460//1696 5470//1706 5471//1707
f 5432//1672 5448//1685 5468//1704
f 5471//1707 5472//1708 5460//1696
f 5472//1708 5474//1710 5448//1685
f 5474//1710 5468//1704 5448//1685
f 5468//1704 5445//1682 5432//1672
f 4954//1399 5011//1420 5012//1421
f 5012//1421 5064//1441 5065//1442
f 4954//1399 5010//1419 5011//1420
f 4898//1381 4954//1399 5012//1421
f 4835//1247 4896//1379 4897//1380
f 4898//1381 4835//1247 4897//1380
f 5474//1710 5475//1711 5468//1704
f 4161//1102 4344//1170 4835//1247
f 5475//1711 5476//1712 5468//1704
f 5472//1708 5477//1713 5474//1710
f 4898//1381 376//307 4835//1247
f 431//382 430//380 3480//909
f 2319//725 2385//734 2451//740
f 5445//1682 5446//1683 5431//1671
f 5431//1671 5391//1640 5445//1682
f 5469//1705 5459//1695 5468//1704
f 5459//1695 5445//1682 5468//1704
f 5431//1671 5413//1657 5391//1640
f 5446//1683 5447//1684 5431//1671
f 5391//1640 5363//1618 5445//1682
f 5373//1628 4953//1398 4588//1243
f 429//377 815//480 1474//592
f 5363//1618 5113//1467 5373//1628
f 2712//769 2777//776 2842//784
f 2517//747 2583//755 2647//762
f 1474//592 1541//606 429//377
f 4222//1123 4283//1145 4161//1102
f 2842//784 2906//740 3098//825
f 5252//1543 5113//1467 5363//1618
f 5330//1591 5293//1568 5252//1543
f 5363//1618 5330//1591 5252//1543
f 5113//1467 4953//1398 5373//1628
f 5255//1546 5065//1442 5212//1522
f 5162//1497 5113//1467 5252//1543
f 5113//1467 5063//1440 4953//1398
f 5063//1440 5009//1418 4953//1398
f 5209//1519 5162//1497 5252//1543
f 4953//1398 4894//1377 4710//1288
f 4834//1349 4772//1315 4894//1377
f 4466//1210 5372//1627 5373//1628
f 5372//1627 4466//1210 5296//1571
f 4895//1378 4834//1349 4894//1377
f 4772//1315 4710//1288 4894//1377
f 3730//967 5255//1546 5296//1571
f 4834//1714 4773//1715 4772//1716
f 4710//1288 4649//1267 4953//1398
f 3730//967 5065//1442 5255//1546
f 5065//1442 3416//892 5012//1421
f 5373//1628 4527//1226 4466//1210
f 4649//1267 4588//1243 4953//1398
f 4588//1243 4527//1226 5373//1628
f 4405//1191 4343//1169 4160//1101
f 4221//1121 4160//1101 4343//1169
f 4099//1083 4466//1210 4405//1191
f 4282//1144 4221//1121 4343//1169
f 4038//1063 3977//1045 4466//1210
f 4160//1101 4099//1083 4405//1191
f 4099//1083 4038//1063 4466//1210
f 4466//1210 3730//967 5296//1571
f 3977//1045 3916//1026 4466//1210
f 3916//1026 3855//1000 4466//1210
f 3730//967 3416//892 5065//1442
f 3792//983 3730//967 4466//1210
f 3605//938 3542//922 3730//967
f 3855//1000 3792//983 4466//1210
f 3668//952 3605//938 3730//967
f 3542//922 3479//908 3730//967
f 3479//908 3416//892 3730//967
f 3353//872 3289//855 3416//892
f 3225//841 3161//830 3416//892
f 3161//830 3097//746 3416//892
f 3097//746 3033//814 3416//892
f 3289//855 3225//841 3416//892
f 3033//814 2905//793 3416//892
f 3033//814 2969//802 2905//793
f 2776//775 2711//768 2905//793
f 2711//768 2646//761 2905//793
f 2582//746 2516//746 2905//793
f 2841//783 2776//775 2905//793
f 2516//746 2450//739 2905//793
f 2646//761 2582//746 2905//793
f 273//227 5012//1421 3416//892
f 2450//739 2384//733 2905//793
f 5012//1421 273//227 4898//1381
f 2905//793 273//227 3416//892
f 2252//717 230//203 2318//724
f 2318//724 230//203 2384//733
f 2186//711 230//203 2252//717
f 230//203 2905//793 2384//733
f 373//345 372//343 432//340
f 372//343 371//341 432//340
f 2055//691 230//203 2120//701
f 375//349 373//345 432//340
f 376//307 375//349 432//340
f 230//203 2186//711 2120//701
f 1991//679 230//203 2055//691
f 375//349 374//347 373//345
f 1927//668 230//203 1991//679
f 319//259 376//307 4898//1381
f 318//312 316//308 376//307
f 1863//658 164//153 1927//668
f 319//259 318//312 376//307
f 318//312 317//310 316//308
f 273//227 319//259 4898//1381
f 1606//619 1540//605 1670//627
f 269//264 268//262 319//259
f 1408//582 1213//547 1670//627
f 268//262 267//260 319//259
f 1799//647 164//153 1863//658
f 1473//591 1408//582 1670//627
f 1408//582 1343//570 1213//547
f 1343//570 1278//559 1213//547
f 1540//605 1473//591 1670//627
f 1014//515 812//479 1213//547
f 1213//547 1147//538 1081//524
f 273//227 272//270 319//259
f 1734//635 164//153 1799//647
f 270//266 269//264 319//259
f 1670//627 164//153 1734//635
f 272//270 271//268 270//266
f 272//270 270//266 319//259
f 228//232 227//230 273//227
f 227//230 226//228 273//227
f 1081//524 1014//515 1213//547
f 1014//515 947//503 812//479
f 881//493 813//490 947//503
f 813//490 812//479 947//503
f 230//203 273//227 2905//793
f 881//493 814//492 813//490
f 1213//547 164//153 1670//627
f 229//234 228//232 273//227
f 746//463 680//444 314//258
f 230//203 229//234 273//227
f 164//153 230//203 1927//668
f 812//479 164//153 1213//547
f 164//153 153//141 230//203
f 153//141 188//169 230//203
f 488//375 427//339 314//258
f 101//92 812//479 746//463
f 549//410 488//375 314//258
f 680//444 549//410 314//258
f 315//304 314//258 427//339
f 614//428 549//410 680//444
f 266//226 225//202 150//140
f 370//306 315//304 427//339
f 101//92 164//153 812//479
f 314//258 101//92 746//463
f 153//141 151//170 188//169
f 121//109 153//141 164//153
f 121//109 120//142 153//141
f 153//141 152//172 151//170
f 164//153 95//91 121//109
f 93//88 92//110 121//109
f 96//115 95//91 164//153
f 95//91 93//88 121//109
f 96//115 129//121 97//117
f 95//91 75//89 93//88
f 164//153 129//121 96//115
f 129//121 98//119 97//117
f 61//61 314//258 266//226
f 101//92 130//122 164//153
f 225//202 187//168 150//140
f 150//140 91//87 266//226
f 34//33 91//87 46//45
f 150//140 119//108 91//87
f 101//92 100//125 130//122
f 100//125 99//123 130//122
f 34//33 61//61 266//226
f 91//87 34//33 266//226
f 60//60 46//45 91//87
f 46//45 32//32 34//33
f 34//33 47//46 61//61
f 74//72 60//60 91//87
f 61//61 76//73 314//258
f 76//73 101//92 314//258
f 7//1 22//22 32//32
f 34//33 33//47 47//46
f 6//14 12//9 22//22
f 22//22 34//33 32//32
f 11//8 7//1 32//32
f 7//1 6//14 22//22
f 6//14 4//10 12//9
f 21//21 11//8 32//32
f 6//14 5//12 4//10
f 11//8 2//4 7//1
f 11//8 3//6 2//4
f 2//4 1//2 7//1
f 39//38 53//53 108//98
f 53//53 66//67 82//78
f 108//98 138//134 39//38
f 52//52 39//38 173//161
f 108//98 107//132 138//134
f 138//134 173//161 39//38
f 299//248 352//292 209//191
f 173//161 210//192 252//218
f 352//292 410//331 470//371
f 252//218 299//248 209//191
f 469//370 209//191 352//292
f 470//371 469//370 352//292
f 409//330 251//217 469//370
f 251//217 209//191 469//370
f 137//131 65//65 252//218
f 409//330 351//291 251//217
f 351//291 298//247 251//217
f 209//191 137//131 252//218
f 137//131 81//77 65//65
f 209//191 172//160 137//131
f 52//52 38//37 39//38
f 252//218 52//52 173//161
f 137//131 106//97 81//77
f 65//65 52//52 252//218
f 521//399 460//364 399//325
f 585//435 583//420 399//325
f 400//326 522//400 399//325
f 399//325 339//282 400//326
f 585//435 584//433 583//420
f 586//421 585//435 399//325
f 522//400 586//421 399//325
f 586//421 651//436 585//435
f 400//326 401//327 522//400
f 401//327 461//365 522//400
f 339//282 340//283 341//284
f 341//284 400//326 339//282
f 2162//706 2031//686 2097//698
f 2097//698 2031//686 2032//687
f 1905//664 1969//676 2031//686
f 1712//632 1776//654 2031//686
f 2031//686 1968//675 1840//653
f 1776//654 1905//664 2031//686
f 1968//675 1904//663 1840//653
f 2162//706 2096//697 2031//686
f 1840//653 1775//643 2031//686
f 1775//643 1712//632 2031//686
f 1712//632 1648//624 1776//654
f 1648//624 1583//615 1776//654
f 1713//633 1777//644 1776//654
f 1776//654 1841//655 1905//664
f 1516//600 1583//615 1648//624
f 1583//615 1713//633 1776//654
f 1516//600 1517//601 1583//615
f 1583//615 1649//625 1713//633
f 1517//601 1385//578 1320//566
f 1582//614 1516//600 1648//624
f 1386//579 1517//601 1320//566
f 1517//601 1451//589 1385//578
f 925//498 1321//567 1320//566
f 1386//579 1518//602 1517//601
f 1257//556 1321//567 925//498
f 1386//579 1452//590 1518//602
f 1125//535 1192//544 925//498
f 1192//544 1257//556 925//498
f 993//511 1059//521 925//498
f 1059//521 1125//535 925//498
f 860//487 926//499 859//486
f 926//499 993//511 925//498
f 1320//566 1124//534 925//498
f 925//498 859//486 926//499
f 859//486 792//473 860//487
f 792//473 793//474 860//487
f 1320//566 1256//555 1124//534
f 1124//534 1058//520 925//498
f 1256//555 1191//543 1124//534
f 1058//520 992//510 925//498
f 727//456 660//439 594//425
f 594//425 468//369 595//426
f 469//370 530//404 595//426
f 595//426 661//441 727//456
f 594//425 529//403 468//369
f 468//369 469//370 595//426
f 5377//1631 5348//1607 5349//1608
f 5349//1608 5378//1632 5418//1661
f 5418//1661 5417//1660 5398//1646
f 5398//1646 5377//1631 5418//1661
f 3201//837 3137//828 3393//887
f 5378//1632 5399//1647 5418//1661
f 3393//887 3329//868 3265//851
f 3265//851 3201//837 3393//887
f 2945//799 2881//789 2687//766
f 3073//820 3009//811 3393//887
f 3394//888 3456//902 3393//887
f 3009//811 2945//799 2687//766
f 2751//770 2558//752 2816//778
f 2881//789 2816//778 2558//752
f 3770//978 3708//962 3709//964
f 3708//962 3645//948 3709//964
f 3582//932 3709//964 3645//948
f 3709//964 3771//979 3770//978
f 3519//915 3709//964 3582//932
f 3771//979 3833//996 3770//978
f 2687//766 2817//779 3009//811
f 3202//838 3393//887 3009//811
f 2558//752 2687//766 2881//789
f 2686//765 2558//752 2751//770
f 2817//779 3202//838 3009//811
f 2556//750 2558//752 2686//765
f 3520//916 3583//933 3709//964
f 3583//933 3646//949 3709//964
f 3457//903 3520//916 3709//964
f 3010//812 3202//838 2817//779
f 3456//902 3709//964 3519//915
f 3709//964 3456//902 3457//903
f 3330//869 3394//888 3393//887
f 3394//888 3457//903 3456//902
f 3202//838 3266//852 3393//887
f 3266//852 3330//869 3393//887
f 3010//812 3074//800 3202//838
f 3074//800 3138//829 3202//838
f 2817//779 2882//790 2946//800
f 2946//800 3010//812 2817//779
f 2558//752 2622//757 2687//766
f 2687//766 2752//771 2817//779
f 2686//765 2621//756 2556//750
f 2556//750 2557//751 2558//752
f 4321//1162 4259//1137 4384//1184
f 4260//1138 4322//1163 4384//1184
f 4259//1137 4198//1114 4260//1138
f 4383//1183 4321//1162 4384//1184
f 4138//1095 4199//1115 4260//1138
f 4015//1053 4138//1095 4260//1138
f 4137//1094 4076//1073 4260//1138
f 4260//1138 4076//1073 4015//1053
f 4016//1054 4077//1074 4138//1095
f 4198//1114 4137//1094 4260//1138
f 3893//1019 3833//996 4015//1053
f 3833//996 3894//1020 4015//1053
f 3955//1039 4016//1054 4138//1095
f 3894//1020 4138//1095 4015//1053
f 3893//1019 3831//994 3833//996
f 3894//1020 3955//1039 4138//1095
f 4015//1053 3954//1038 3893//1019
f 3831//994 3832//995 3833//996
f 5190//1512 5143//1484 5191//1513
f 5191//1513 5235//1535 5234//1534
f 5235//1535 5275//1560 5234//1534
f 5234//1534 5190//1512 5191//1513
f 4260//1138 4384//1184 4259//1137
f 3137//828 3073//820 3393//887
f 5377//1631 5349//1608 5418//1661
f 594//425 595//426 727//456
f 1321//567 1386//579 1320//566
f 2032//687 2031//686 1969//676
f 583//420 521//399 399//325
f 82//78 108//98 53//53
f 5372//1627 5296//1571 5333//1594
