# Blender 4.5.3 LTS
# www.blender.org
mtllib kozmetika550Front.mtl
o kozmetika5
v 0.715000 0.575000 0.057223
v 0.725000 0.575000 0.057223
v 0.705000 0.585000 0.257961
v 0.715000 0.585000 0.253271
v 0.725000 0.585000 0.253271
v 0.735000 0.585000 0.057223
v 0.745000 0.585000 0.057223
v 0.705000 0.595000 0.257961
v 0.715000 0.595000 0.257961
v 0.725000 0.595000 0.257961
v 0.735000 0.595000 0.257961
v 0.745000 0.595000 0.257961
v 0.755000 0.595000 0.057223
v 0.765000 0.595000 0.057223
v 0.775000 0.595000 0.057223
v 0.785000 0.595000 0.150086
v 0.905000 0.595000 0.150086
v 0.705000 0.605000 0.257961
v 0.715000 0.605000 0.257961
v 0.725000 0.605000 0.257961
v 0.735000 0.605000 0.257961
v 0.745000 0.605000 0.257961
v 0.755000 0.605000 0.257961
v 0.765000 0.605000 0.257961
v 0.775000 0.605000 0.257961
v 0.785000 0.605000 0.257961
v 0.795000 0.605000 0.057223
v 0.805000 0.605000 0.057223
v 0.815000 0.605000 0.057223
v 0.825000 0.605000 0.057223
v 0.835000 0.605000 0.150086
v 0.845000 0.605000 0.057223
v 0.855000 0.605000 0.057223
v 0.865000 0.605000 0.057223
v 0.875000 0.605000 0.057223
v 0.885000 0.605000 0.057223
v 0.895000 0.605000 0.057223
v 0.905000 0.605000 0.248580
v 0.915000 0.605000 0.057223
v 0.925000 0.605000 0.057223
v 0.705000 0.615000 0.262651
v 0.715000 0.615000 0.257961
v 0.725000 0.615000 0.257961
v 0.735000 0.615000 0.257961
v 0.745000 0.615000 0.257961
v 0.755000 0.615000 0.257961
v 0.765000 0.615000 0.257961
v 0.775000 0.615000 0.257961
v 0.785000 0.615000 0.257961
v 0.795000 0.615000 0.257961
v 0.805000 0.615000 0.257961
v 0.815000 0.615000 0.257961
v 0.825000 0.615000 0.257961
v 0.835000 0.615000 0.257961
v 0.845000 0.615000 0.257961
v 0.855000 0.615000 0.257961
v 0.865000 0.615000 0.253271
v 0.875000 0.615000 0.253271
v 0.885000 0.615000 0.253271
v 0.895000 0.615000 0.253271
v 0.905000 0.615000 0.253271
v 0.915000 0.615000 0.248580
v 0.925000 0.615000 0.248580
v 0.935000 0.615000 0.057223
v 0.945000 0.615000 0.057223
v 0.955000 0.615000 0.150086
v 0.965000 0.615000 0.150086
v 0.975000 0.615000 0.150086
v 0.985000 0.615000 0.150086
v 0.705000 0.625000 0.262651
v 0.715000 0.625000 0.262651
v 0.725000 0.625000 0.262651
v 0.735000 0.625000 0.262651
v 0.745000 0.625000 0.262651
v 0.755000 0.625000 0.257961
v 0.765000 0.625000 0.257961
v 0.775000 0.625000 0.257961
v 0.785000 0.625000 0.257961
v 0.795000 0.625000 0.257961
v 0.805000 0.625000 0.257961
v 0.815000 0.625000 0.257961
v 0.825000 0.625000 0.257961
v 0.835000 0.625000 0.257961
v 0.845000 0.625000 0.257961
v 0.855000 0.625000 0.257961
v 0.865000 0.625000 0.257961
v 0.875000 0.625000 0.257961
v 0.885000 0.625000 0.257961
v 0.895000 0.625000 0.257961
v 0.905000 0.625000 0.253271
v 0.915000 0.625000 0.253271
v 0.925000 0.625000 0.253271
v 0.935000 0.625000 0.248580
v 0.945000 0.625000 0.248580
v 0.955000 0.625000 0.248580
v 0.965000 0.625000 0.248580
v 0.975000 0.625000 0.248580
v 0.985000 0.625000 0.248580
v 0.995000 0.625000 0.057223
v 0.705000 0.635000 0.262651
v 0.715000 0.635000 0.262651
v 0.725000 0.635000 0.262651
v 0.735000 0.635000 0.262651
v 0.745000 0.635000 0.262651
v 0.755000 0.635000 0.262651
v 0.765000 0.635000 0.262651
v 0.775000 0.635000 0.262651
v 0.785000 0.635000 0.262651
v 0.795000 0.635000 0.262651
v 0.805000 0.635000 0.262651
v 0.815000 0.635000 0.262651
v 0.825000 0.635000 0.262651
v 0.835000 0.635000 0.257961
v 0.845000 0.635000 0.257961
v 0.855000 0.635000 0.257961
v 0.865000 0.635000 0.257961
v 0.875000 0.635000 0.257961
v 0.885000 0.635000 0.257961
v 0.895000 0.635000 0.257961
v 0.905000 0.635000 0.257961
v 0.915000 0.635000 0.253271
v 0.925000 0.635000 0.253271
v 0.935000 0.635000 0.253271
v 0.945000 0.635000 0.253271
v 0.955000 0.635000 0.253271
v 0.965000 0.635000 0.253271
v 0.975000 0.635000 0.253271
v 0.985000 0.635000 0.253271
v 0.995000 0.635000 0.248580
v 1.005000 0.635000 0.057223
v 1.045000 0.635000 0.057223
v 0.705000 0.645000 0.262651
v 0.715000 0.645000 0.262651
v 0.725000 0.645000 0.262651
v 0.735000 0.645000 0.262651
v 0.745000 0.645000 0.262651
v 0.755000 0.645000 0.262651
v 0.765000 0.645000 0.262651
v 0.775000 0.645000 0.262651
v 0.785000 0.645000 0.262651
v 0.795000 0.645000 0.262651
v 0.805000 0.645000 0.262651
v 0.815000 0.645000 0.262651
v 0.825000 0.645000 0.262651
v 0.835000 0.645000 0.262651
v 0.845000 0.645000 0.262651
v 0.855000 0.645000 0.262651
v 0.865000 0.645000 0.257961
v 0.875000 0.645000 0.257961
v 0.885000 0.645000 0.257961
v 0.895000 0.645000 0.257961
v 0.905000 0.645000 0.257961
v 0.915000 0.645000 0.257961
v 0.925000 0.645000 0.257961
v 0.935000 0.645000 0.257961
v 0.945000 0.645000 0.253271
v 0.955000 0.645000 0.253271
v 0.965000 0.645000 0.253271
v 0.975000 0.645000 0.253271
v 0.985000 0.645000 0.253271
v 0.995000 0.645000 0.253271
v 1.005000 0.645000 0.253271
v 1.015000 0.645000 0.057223
v 1.025000 0.645000 0.057223
v 1.035000 0.645000 0.057223
v 1.045000 0.645000 0.248580
v 1.055000 0.645000 0.057223
v 1.065000 0.645000 0.057223
v 1.075000 0.645000 0.057223
v 1.085000 0.645000 0.057223
v 1.095000 0.645000 0.057223
v 0.705000 0.655000 0.262651
v 0.715000 0.655000 0.262651
v 0.725000 0.655000 0.262651
v 0.735000 0.655000 0.262651
v 0.745000 0.655000 0.262651
v 0.755000 0.655000 0.262651
v 0.765000 0.655000 0.262651
v 0.775000 0.655000 0.262651
v 0.785000 0.655000 0.262651
v 0.795000 0.655000 0.262651
v 0.805000 0.655000 0.262651
v 0.815000 0.655000 0.262651
v 0.825000 0.655000 0.262651
v 0.835000 0.655000 0.262651
v 0.845000 0.655000 0.262651
v 0.855000 0.655000 0.262651
v 0.865000 0.655000 0.262651
v 0.875000 0.655000 0.257961
v 0.885000 0.655000 0.262651
v 0.895000 0.655000 0.262651
v 0.905000 0.655000 0.257961
v 0.915000 0.655000 0.257961
v 0.925000 0.655000 0.257961
v 0.935000 0.655000 0.257961
v 0.945000 0.655000 0.257961
v 0.955000 0.655000 0.257961
v 0.965000 0.655000 0.257961
v 0.975000 0.655000 0.257961
v 0.985000 0.655000 0.257961
v 0.995000 0.655000 0.253271
v 1.005000 0.655000 0.257961
v 1.015000 0.655000 0.257961
v 1.025000 0.655000 0.248580
v 1.035000 0.655000 0.248580
v 1.045000 0.655000 0.253271
v 1.055000 0.655000 0.253271
v 1.065000 0.655000 0.248580
v 1.075000 0.655000 0.248580
v 1.085000 0.655000 0.248580
v 1.095000 0.655000 0.243890
v 1.105000 0.655000 0.057223
v 0.705000 0.665000 0.262651
v 0.715000 0.665000 0.262651
v 0.725000 0.665000 0.262651
v 0.735000 0.665000 0.262651
v 0.745000 0.665000 0.262651
v 0.755000 0.665000 0.262651
v 0.765000 0.665000 0.262651
v 0.775000 0.665000 0.262651
v 0.785000 0.665000 0.262651
v 0.795000 0.665000 0.262651
v 0.805000 0.665000 0.262651
v 0.815000 0.665000 0.262651
v 0.825000 0.665000 0.262651
v 0.835000 0.665000 0.262651
v 0.845000 0.665000 0.262651
v 0.855000 0.665000 0.262651
v 0.865000 0.665000 0.262651
v 0.875000 0.665000 0.262651
v 0.885000 0.665000 0.262651
v 0.895000 0.665000 0.262651
v 0.905000 0.665000 0.262651
v 0.915000 0.665000 0.262651
v 0.925000 0.665000 0.262651
v 0.935000 0.665000 0.262651
v 0.945000 0.665000 0.257961
v 0.955000 0.665000 0.257961
v 0.965000 0.665000 0.257961
v 0.975000 0.665000 0.257961
v 0.985000 0.665000 0.257961
v 0.995000 0.665000 0.257961
v 1.005000 0.665000 0.257961
v 1.015000 0.665000 0.257961
v 1.025000 0.665000 0.253271
v 1.035000 0.665000 0.253271
v 1.045000 0.665000 0.253271
v 1.055000 0.665000 0.253271
v 1.065000 0.665000 0.248580
v 1.075000 0.665000 0.248580
v 1.085000 0.665000 0.253271
v 1.095000 0.665000 0.248580
v 1.105000 0.665000 0.239200
v 1.115000 0.665000 0.057223
v 1.125000 0.665000 0.057223
v 1.135000 0.665000 0.057223
v 1.145000 0.665000 0.057223
v 1.155000 0.665000 0.057223
v 1.165000 0.665000 0.057223
v 0.705000 0.675000 0.262651
v 0.715000 0.675000 0.262651
v 0.725000 0.675000 0.262651
v 0.735000 0.675000 0.262651
v 0.745000 0.675000 0.262651
v 0.755000 0.675000 0.262651
v 0.765000 0.675000 0.262651
v 0.775000 0.675000 0.262651
v 0.785000 0.675000 0.262651
v 0.795000 0.675000 0.262651
v 0.805000 0.675000 0.262651
v 0.815000 0.675000 0.262651
v 0.825000 0.675000 0.262651
v 0.835000 0.675000 0.262651
v 0.845000 0.675000 0.262651
v 0.855000 0.675000 0.262651
v 0.865000 0.675000 0.262651
v 0.875000 0.675000 0.262651
v 0.885000 0.675000 0.262651
v 0.895000 0.675000 0.262651
v 0.905000 0.675000 0.262651
v 0.915000 0.675000 0.262651
v 0.925000 0.675000 0.262651
v 0.935000 0.675000 0.262651
v 0.945000 0.675000 0.262651
v 0.955000 0.675000 0.257961
v 0.965000 0.675000 0.262651
v 0.975000 0.675000 0.262651
v 0.985000 0.675000 0.257961
v 0.995000 0.675000 0.257961
v 1.005000 0.675000 0.262651
v 1.015000 0.675000 0.262651
v 1.025000 0.675000 0.253271
v 1.035000 0.675000 0.253271
v 1.045000 0.675000 0.257961
v 1.055000 0.675000 0.262651
v 1.065000 0.675000 0.248580
v 1.075000 0.675000 0.253271
v 1.085000 0.675000 0.257961
v 1.095000 0.675000 0.257961
v 1.105000 0.675000 0.243890
v 1.115000 0.675000 0.248580
v 1.125000 0.675000 0.253271
v 1.135000 0.675000 0.253271
v 1.145000 0.675000 0.239200
v 1.155000 0.675000 0.248580
v 1.165000 0.675000 0.253271
v 1.175000 0.675000 0.057223
v 0.705000 0.685000 0.262651
v 0.715000 0.685000 0.262651
v 0.725000 0.685000 0.262651
v 0.735000 0.685000 0.262651
v 0.745000 0.685000 0.262651
v 0.755000 0.685000 0.262651
v 0.765000 0.685000 0.262651
v 0.775000 0.685000 0.262651
v 0.785000 0.685000 0.262651
v 0.795000 0.685000 0.262651
v 0.805000 0.685000 0.262651
v 0.815000 0.685000 0.262651
v 0.825000 0.685000 0.267341
v 0.835000 0.685000 0.262651
v 0.845000 0.685000 0.267341
v 0.855000 0.685000 0.267341
v 0.865000 0.685000 0.267341
v 0.875000 0.685000 0.262651
v 0.885000 0.685000 0.267341
v 0.895000 0.685000 0.267341
v 0.905000 0.685000 0.262651
v 0.915000 0.685000 0.262651
v 0.925000 0.685000 0.262651
v 0.935000 0.685000 0.262651
v 0.945000 0.685000 0.262651
v 0.955000 0.685000 0.262651
v 0.965000 0.685000 0.262651
v 0.975000 0.685000 0.262651
v 0.985000 0.685000 0.262651
v 0.995000 0.685000 0.262651
v 1.005000 0.685000 0.262651
v 1.015000 0.685000 0.267341
v 1.025000 0.685000 0.257961
v 1.035000 0.685000 0.257961
v 1.045000 0.685000 0.262651
v 1.055000 0.685000 0.267341
v 1.065000 0.685000 0.253271
v 1.075000 0.685000 0.257961
v 1.085000 0.685000 0.262651
v 1.095000 0.685000 0.262651
v 1.105000 0.685000 0.248580
v 1.115000 0.685000 0.253271
v 1.125000 0.685000 0.257961
v 1.135000 0.685000 0.257961
v 1.145000 0.685000 0.243890
v 1.155000 0.685000 0.253271
v 1.165000 0.685000 0.253271
v 1.175000 0.685000 0.253271
v 1.185000 0.685000 0.057223
v 1.215000 0.685000 0.057223
v 1.225000 0.685000 0.057223
v 0.705000 0.695000 0.262651
v 0.715000 0.695000 0.262651
v 0.725000 0.695000 0.262651
v 0.735000 0.695000 0.262651
v 0.745000 0.695000 0.262651
v 0.755000 0.695000 0.262651
v 0.765000 0.695000 0.262651
v 0.775000 0.695000 0.262651
v 0.785000 0.695000 0.262651
v 0.795000 0.695000 0.262651
v 0.805000 0.695000 0.267341
v 0.815000 0.695000 0.267341
v 0.825000 0.695000 0.267341
v 0.835000 0.695000 0.267341
v 0.845000 0.695000 0.267341
v 0.855000 0.695000 0.267341
v 0.865000 0.695000 0.267341
v 0.875000 0.695000 0.267341
v 0.885000 0.695000 0.267341
v 0.895000 0.695000 0.267341
v 0.905000 0.695000 0.267341
v 0.915000 0.695000 0.267341
v 0.925000 0.695000 0.267341
v 0.935000 0.695000 0.267341
v 0.945000 0.695000 0.262651
v 0.955000 0.695000 0.262651
v 0.965000 0.695000 0.267341
v 0.975000 0.695000 0.267341
v 0.985000 0.695000 0.262651
v 0.995000 0.695000 0.262651
v 1.005000 0.695000 0.267341
v 1.015000 0.695000 0.267341
v 1.025000 0.695000 0.257961
v 1.035000 0.695000 0.257961
v 1.045000 0.695000 0.267341
v 1.055000 0.695000 0.272031
v 1.065000 0.695000 0.253271
v 1.075000 0.695000 0.257961
v 1.085000 0.695000 0.262651
v 1.095000 0.695000 0.267341
v 1.105000 0.695000 0.253271
v 1.115000 0.695000 0.253271
v 1.125000 0.695000 0.262651
v 1.135000 0.695000 0.262651
v 1.145000 0.695000 0.248580
v 1.155000 0.695000 0.253271
v 1.165000 0.695000 0.257961
v 1.175000 0.695000 0.257961
v 1.185000 0.695000 0.057223
v 1.195000 0.695000 0.057223
v 1.205000 0.695000 0.057223
v 1.215000 0.695000 0.248580
v 1.225000 0.695000 0.253271
v 1.235000 0.695000 0.057223
v 0.705000 0.705000 0.262651
v 0.715000 0.705000 0.262651
v 0.725000 0.705000 0.262651
v 0.735000 0.705000 0.262651
v 0.745000 0.705000 0.262651
v 0.755000 0.705000 0.262651
v 0.765000 0.705000 0.262651
v 0.775000 0.705000 0.262651
v 0.785000 0.705000 0.262651
v 0.795000 0.705000 0.262651
v 0.805000 0.705000 0.267341
v 0.815000 0.705000 0.267341
v 0.825000 0.705000 0.267341
v 0.835000 0.705000 0.267341
v 0.845000 0.705000 0.267341
v 0.855000 0.705000 0.267341
v 0.865000 0.705000 0.267341
v 0.875000 0.705000 0.267341
v 0.885000 0.705000 0.267341
v 0.895000 0.705000 0.267341
v 0.905000 0.705000 0.267341
v 0.915000 0.705000 0.267341
v 0.925000 0.705000 0.267341
v 0.935000 0.705000 0.267341
v 0.945000 0.705000 0.267341
v 0.955000 0.705000 0.267341
v 0.965000 0.705000 0.267341
v 0.975000 0.705000 0.267341
v 0.985000 0.705000 0.267341
v 0.995000 0.705000 0.267341
v 1.005000 0.705000 0.267341
v 1.015000 0.705000 0.267341
v 1.025000 0.705000 0.262651
v 1.035000 0.705000 0.262651
v 1.045000 0.705000 0.267341
v 1.055000 0.705000 0.272031
v 1.065000 0.705000 0.257961
v 1.075000 0.705000 0.257961
v 1.085000 0.705000 0.267341
v 1.095000 0.705000 0.267341
v 1.105000 0.705000 0.257961
v 1.115000 0.705000 0.257961
v 1.125000 0.705000 0.262651
v 1.135000 0.705000 0.262651
v 1.145000 0.705000 0.253271
v 1.155000 0.705000 0.257961
v 1.165000 0.705000 0.262651
v 1.175000 0.705000 0.262651
v 1.185000 0.705000 0.253271
v 1.195000 0.705000 0.253271
v 1.205000 0.705000 0.253271
v 1.215000 0.705000 0.253271
v 1.225000 0.705000 0.257961
v 1.235000 0.705000 0.057223
v 0.705000 0.715000 0.262651
v 0.715000 0.715000 0.262651
v 0.725000 0.715000 0.262651
v 0.735000 0.715000 0.262651
v 0.745000 0.715000 0.262651
v 0.755000 0.715000 0.262651
v 0.765000 0.715000 0.262651
v 0.775000 0.715000 0.262651
v 0.785000 0.715000 0.262651
v 0.795000 0.715000 0.262651
v 0.805000 0.715000 0.267341
v 0.815000 0.715000 0.267341
v 0.825000 0.715000 0.267341
v 0.835000 0.715000 0.267341
v 0.845000 0.715000 0.267341
v 0.855000 0.715000 0.267341
v 0.865000 0.715000 0.267341
v 0.875000 0.715000 0.267341
v 0.885000 0.715000 0.267341
v 0.895000 0.715000 0.267341
v 0.905000 0.715000 0.267341
v 0.915000 0.715000 0.267341
v 0.925000 0.715000 0.267341
v 0.935000 0.715000 0.267341
v 0.945000 0.715000 0.267341
v 0.955000 0.715000 0.267341
v 0.965000 0.715000 0.267341
v 0.975000 0.715000 0.267341
v 0.985000 0.715000 0.267341
v 0.995000 0.715000 0.267341
v 1.005000 0.715000 0.267341
v 1.015000 0.715000 0.272031
v 1.025000 0.715000 0.262651
v 1.035000 0.715000 0.262651
v 1.045000 0.715000 0.267341
v 1.055000 0.715000 0.272031
v 1.065000 0.715000 0.257961
v 1.075000 0.715000 0.262651
v 1.085000 0.715000 0.267341
v 1.095000 0.715000 0.267341
v 1.105000 0.715000 0.262651
v 1.115000 0.715000 0.262651
v 1.125000 0.715000 0.262651
v 1.135000 0.715000 0.262651
v 1.145000 0.715000 0.257961
v 1.155000 0.715000 0.262651
v 1.165000 0.715000 0.262651
v 1.175000 0.715000 0.267341
v 1.185000 0.715000 0.262651
v 1.195000 0.715000 0.262651
v 1.205000 0.715000 0.262651
v 1.215000 0.715000 0.257961
v 1.225000 0.715000 0.262651
v 1.235000 0.715000 0.262651
v 1.245000 0.715000 0.057223
v 1.255000 0.715000 0.057223
v 1.265000 0.715000 0.057223
v 1.275000 0.715000 0.057223
v 1.285000 0.715000 0.057223
v 1.295000 0.715000 0.057223
v 0.705000 0.725000 0.262651
v 0.715000 0.725000 0.262651
v 0.725000 0.725000 0.262651
v 0.735000 0.725000 0.262651
v 0.745000 0.725000 0.262651
v 0.755000 0.725000 0.262651
v 0.765000 0.725000 0.262651
v 0.775000 0.725000 0.262651
v 0.785000 0.725000 0.262651
v 0.795000 0.725000 0.262651
v 0.805000 0.725000 0.262651
v 0.815000 0.725000 0.267341
v 0.825000 0.725000 0.267341
v 0.835000 0.725000 0.267341
v 0.845000 0.725000 0.267341
v 0.855000 0.725000 0.267341
v 0.865000 0.725000 0.267341
v 0.875000 0.725000 0.267341
v 0.885000 0.725000 0.267341
v 0.895000 0.725000 0.267341
v 0.905000 0.725000 0.267341
v 0.915000 0.725000 0.267341
v 0.925000 0.725000 0.267341
v 0.935000 0.725000 0.267341
v 0.945000 0.725000 0.267341
v 0.955000 0.725000 0.267341
v 0.965000 0.725000 0.267341
v 0.975000 0.725000 0.267341
v 0.985000 0.725000 0.267341
v 0.995000 0.725000 0.267341
v 1.005000 0.725000 0.272031
v 1.015000 0.725000 0.272031
v 1.025000 0.725000 0.267341
v 1.035000 0.725000 0.267341
v 1.045000 0.725000 0.272031
v 1.055000 0.725000 0.272031
v 1.065000 0.725000 0.262651
v 1.075000 0.725000 0.262651
v 1.085000 0.725000 0.267341
v 1.095000 0.725000 0.272031
v 1.105000 0.725000 0.262651
v 1.115000 0.725000 0.262651
v 1.125000 0.725000 0.267341
v 1.135000 0.725000 0.267341
v 1.145000 0.725000 0.262651
v 1.155000 0.725000 0.262651
v 1.165000 0.725000 0.267341
v 1.175000 0.725000 0.267341
v 1.185000 0.725000 0.262651
v 1.195000 0.725000 0.267341
v 1.205000 0.725000 0.262651
v 1.215000 0.725000 0.262651
v 1.225000 0.725000 0.262651
v 1.235000 0.725000 0.262651
v 1.245000 0.725000 0.257961
v 1.255000 0.725000 0.257961
v 1.265000 0.725000 0.262651
v 1.275000 0.725000 0.257961
v 1.285000 0.725000 0.257961
v 1.295000 0.725000 0.257961
v 1.305000 0.725000 0.057223
v 0.705000 0.735000 0.257961
v 0.715000 0.735000 0.257961
v 0.725000 0.735000 0.262651
v 0.735000 0.735000 0.262651
v 0.745000 0.735000 0.262651
v 0.755000 0.735000 0.262651
v 0.765000 0.735000 0.262651
v 0.775000 0.735000 0.262651
v 0.785000 0.735000 0.262651
v 0.795000 0.735000 0.262651
v 0.805000 0.735000 0.262651
v 0.815000 0.735000 0.267341
v 0.825000 0.735000 0.267341
v 0.835000 0.735000 0.267341
v 0.845000 0.735000 0.267341
v 0.855000 0.735000 0.267341
v 0.865000 0.735000 0.267341
v 0.875000 0.735000 0.267341
v 0.885000 0.735000 0.267341
v 0.895000 0.735000 0.267341
v 0.905000 0.735000 0.267341
v 0.915000 0.735000 0.267341
v 0.925000 0.735000 0.267341
v 0.935000 0.735000 0.267341
v 0.945000 0.735000 0.267341
v 0.955000 0.735000 0.267341
v 0.965000 0.735000 0.267341
v 0.975000 0.735000 0.272031
v 0.985000 0.735000 0.267341
v 0.995000 0.735000 0.267341
v 1.005000 0.735000 0.272031
v 1.015000 0.735000 0.272031
v 1.025000 0.735000 0.267341
v 1.035000 0.735000 0.267341
v 1.045000 0.735000 0.272031
v 1.055000 0.735000 0.272031
v 1.065000 0.735000 0.267341
v 1.075000 0.735000 0.267341
v 1.085000 0.735000 0.267341
v 1.095000 0.735000 0.272031
v 1.105000 0.735000 0.267341
v 1.115000 0.735000 0.267341
v 1.125000 0.735000 0.267341
v 1.135000 0.735000 0.267341
v 1.145000 0.735000 0.262651
v 1.155000 0.735000 0.267341
v 1.165000 0.735000 0.267341
v 1.175000 0.735000 0.272031
v 1.185000 0.735000 0.267341
v 1.195000 0.735000 0.267341
v 1.205000 0.735000 0.262651
v 1.215000 0.735000 0.262651
v 1.225000 0.735000 0.262651
v 1.235000 0.735000 0.262651
v 1.245000 0.735000 0.262651
v 1.255000 0.735000 0.257961
v 1.265000 0.735000 0.262651
v 1.275000 0.735000 0.257961
v 1.285000 0.735000 0.257961
v 1.295000 0.735000 0.257961
v 1.305000 0.735000 0.257961
v 1.315000 0.735000 0.057223
v 0.705000 0.745000 0.257961
v 0.715000 0.745000 0.257961
v 0.725000 0.745000 0.257961
v 0.735000 0.745000 0.257961
v 0.745000 0.745000 0.262651
v 0.755000 0.745000 0.262651
v 0.765000 0.745000 0.262651
v 0.775000 0.745000 0.262651
v 0.785000 0.745000 0.262651
v 0.795000 0.745000 0.262651
v 0.805000 0.745000 0.262651
v 0.815000 0.745000 0.262651
v 0.825000 0.745000 0.267341
v 0.835000 0.745000 0.267341
v 0.845000 0.745000 0.267341
v 0.855000 0.745000 0.267341
v 0.865000 0.745000 0.267341
v 0.875000 0.745000 0.267341
v 0.885000 0.745000 0.267341
v 0.895000 0.745000 0.267341
v 0.905000 0.745000 0.267341
v 0.915000 0.745000 0.267341
v 0.925000 0.745000 0.267341
v 0.935000 0.745000 0.267341
v 0.945000 0.745000 0.267341
v 0.955000 0.745000 0.267341
v 0.965000 0.745000 0.272031
v 0.975000 0.745000 0.272031
v 0.985000 0.745000 0.272031
v 0.995000 0.745000 0.272031
v 1.005000 0.745000 0.272031
v 1.015000 0.745000 0.272031
v 1.025000 0.745000 0.272031
v 1.035000 0.745000 0.267341
v 1.045000 0.745000 0.272031
v 1.055000 0.745000 0.272031
v 1.065000 0.745000 0.272031
v 1.075000 0.745000 0.267341
v 1.085000 0.745000 0.272031
v 1.095000 0.745000 0.272031
v 1.105000 0.745000 0.272031
v 1.115000 0.745000 0.267341
v 1.125000 0.745000 0.267341
v 1.135000 0.745000 0.272031
v 1.145000 0.745000 0.262651
v 1.155000 0.745000 0.267341
v 1.165000 0.745000 0.272031
v 1.175000 0.745000 0.272031
v 1.185000 0.745000 0.272031
v 1.195000 0.745000 0.267341
v 1.205000 0.745000 0.262651
v 1.215000 0.745000 0.267341
v 1.225000 0.745000 0.267341
v 1.235000 0.745000 0.267341
v 1.245000 0.745000 0.262651
v 1.255000 0.745000 0.262651
v 1.265000 0.745000 0.262651
v 1.275000 0.745000 0.262651
v 1.285000 0.745000 0.262651
v 1.295000 0.745000 0.262651
v 1.305000 0.745000 0.262651
v 1.315000 0.745000 0.257961
v 1.325000 0.745000 0.057223
v 0.705000 0.755000 0.257961
v 0.715000 0.755000 0.257961
v 0.725000 0.755000 0.257961
v 0.735000 0.755000 0.257961
v 0.745000 0.755000 0.257961
v 0.755000 0.755000 0.257961
v 0.765000 0.755000 0.262651
v 0.775000 0.755000 0.262651
v 0.785000 0.755000 0.262651
v 0.795000 0.755000 0.262651
v 0.805000 0.755000 0.262651
v 0.815000 0.755000 0.262651
v 0.825000 0.755000 0.262651
v 0.835000 0.755000 0.267341
v 0.845000 0.755000 0.267341
v 0.855000 0.755000 0.267341
v 0.865000 0.755000 0.267341
v 0.875000 0.755000 0.267341
v 0.885000 0.755000 0.267341
v 0.895000 0.755000 0.267341
v 0.905000 0.755000 0.267341
v 0.915000 0.755000 0.267341
v 0.925000 0.755000 0.267341
v 0.935000 0.755000 0.267341
v 0.945000 0.755000 0.267341
v 0.955000 0.755000 0.267341
v 0.965000 0.755000 0.272031
v 0.975000 0.755000 0.272031
v 0.985000 0.755000 0.272031
v 0.995000 0.755000 0.272031
v 1.005000 0.755000 0.272031
v 1.015000 0.755000 0.272031
v 1.025000 0.755000 0.272031
v 1.035000 0.755000 0.272031
v 1.045000 0.755000 0.272031
v 1.055000 0.755000 0.272031
v 1.065000 0.755000 0.272031
v 1.075000 0.755000 0.272031
v 1.085000 0.755000 0.272031
v 1.095000 0.755000 0.272031
v 1.105000 0.755000 0.272031
v 1.115000 0.755000 0.272031
v 1.125000 0.755000 0.272031
v 1.135000 0.755000 0.267341
v 1.145000 0.755000 0.267341
v 1.155000 0.755000 0.267341
v 1.165000 0.755000 0.272031
v 1.175000 0.755000 0.272031
v 1.185000 0.755000 0.272031
v 1.195000 0.755000 0.272031
v 1.205000 0.755000 0.267341
v 1.215000 0.755000 0.267341
v 1.225000 0.755000 0.267341
v 1.235000 0.755000 0.267341
v 1.245000 0.755000 0.262651
v 1.255000 0.755000 0.262651
v 1.265000 0.755000 0.262651
v 1.275000 0.755000 0.262651
v 1.285000 0.755000 0.262651
v 1.295000 0.755000 0.262651
v 1.305000 0.755000 0.262651
v 1.315000 0.755000 0.257961
v 1.325000 0.755000 0.057223
v 0.705000 0.765000 0.257961
v 0.715000 0.765000 0.257961
v 0.725000 0.765000 0.257961
v 0.735000 0.765000 0.257961
v 0.745000 0.765000 0.257961
v 0.755000 0.765000 0.257961
v 0.765000 0.765000 0.257961
v 0.775000 0.765000 0.257961
v 0.785000 0.765000 0.262651
v 0.795000 0.765000 0.262651
v 0.805000 0.765000 0.262651
v 0.815000 0.765000 0.262651
v 0.825000 0.765000 0.262651
v 0.835000 0.765000 0.262651
v 0.845000 0.765000 0.267341
v 0.855000 0.765000 0.267341
v 0.865000 0.765000 0.267341
v 0.875000 0.765000 0.267341
v 0.885000 0.765000 0.267341
v 0.895000 0.765000 0.267341
v 0.905000 0.765000 0.267341
v 0.915000 0.765000 0.267341
v 0.925000 0.765000 0.267341
v 0.935000 0.765000 0.267341
v 0.945000 0.765000 0.267341
v 0.955000 0.765000 0.272031
v 0.965000 0.765000 0.272031
v 0.975000 0.765000 0.272031
v 0.985000 0.765000 0.272031
v 0.995000 0.765000 0.272031
v 1.005000 0.765000 0.272031
v 1.015000 0.765000 0.272031
v 1.025000 0.765000 0.272031
v 1.035000 0.765000 0.272031
v 1.045000 0.765000 0.272031
v 1.055000 0.765000 0.272031
v 1.065000 0.765000 0.272031
v 1.075000 0.765000 0.272031
v 1.085000 0.765000 0.272031
v 1.095000 0.765000 0.272031
v 1.105000 0.765000 0.272031
v 1.115000 0.765000 0.272031
v 1.125000 0.765000 0.272031
v 1.135000 0.765000 0.272031
v 1.145000 0.765000 0.272031
v 1.155000 0.765000 0.272031
v 1.165000 0.765000 0.272031
v 1.175000 0.765000 0.272031
v 1.185000 0.765000 0.272031
v 1.195000 0.765000 0.272031
v 1.205000 0.765000 0.267341
v 1.215000 0.765000 0.267341
v 1.225000 0.765000 0.272031
v 1.235000 0.765000 0.267341
v 1.245000 0.765000 0.267341
v 1.255000 0.765000 0.267341
v 1.265000 0.765000 0.267341
v 1.275000 0.765000 0.267341
v 1.285000 0.765000 0.262651
v 1.295000 0.765000 0.262651
v 1.305000 0.765000 0.262651
v 1.315000 0.765000 0.262651
v 1.325000 0.765000 0.262651
v 1.335000 0.765000 0.057223
v 0.705000 0.775000 0.253271
v 0.715000 0.775000 0.257961
v 0.725000 0.775000 0.257961
v 0.735000 0.775000 0.257961
v 0.745000 0.775000 0.257961
v 0.755000 0.775000 0.257961
v 0.765000 0.775000 0.257961
v 0.775000 0.775000 0.257961
v 0.785000 0.775000 0.257961
v 0.795000 0.775000 0.262651
v 0.805000 0.775000 0.262651
v 0.815000 0.775000 0.262651
v 0.825000 0.775000 0.262651
v 0.835000 0.775000 0.262651
v 0.845000 0.775000 0.262651
v 0.855000 0.775000 0.267341
v 0.865000 0.775000 0.267341
v 0.875000 0.775000 0.267341
v 0.885000 0.775000 0.267341
v 0.895000 0.775000 0.267341
v 0.905000 0.775000 0.267341
v 0.915000 0.775000 0.267341
v 0.925000 0.775000 0.267341
v 0.935000 0.775000 0.267341
v 0.945000 0.775000 0.267341
v 0.955000 0.775000 0.272031
v 0.965000 0.775000 0.272031
v 0.975000 0.775000 0.272031
v 0.985000 0.775000 0.272031
v 0.995000 0.775000 0.272031
v 1.005000 0.775000 0.272031
v 1.015000 0.775000 0.272031
v 1.025000 0.775000 0.272031
v 1.035000 0.775000 0.272031
v 1.045000 0.775000 0.272031
v 1.055000 0.775000 0.272031
v 1.065000 0.775000 0.272031
v 1.075000 0.775000 0.272031
v 1.085000 0.775000 0.272031
v 1.095000 0.775000 0.272031
v 1.105000 0.775000 0.272031
v 1.115000 0.775000 0.272031
v 1.125000 0.775000 0.272031
v 1.135000 0.775000 0.272031
v 1.145000 0.775000 0.272031
v 1.155000 0.775000 0.272031
v 1.165000 0.775000 0.272031
v 1.175000 0.775000 0.272031
v 1.185000 0.775000 0.272031
v 1.195000 0.775000 0.272031
v 1.205000 0.775000 0.272031
v 1.215000 0.775000 0.272031
v 1.225000 0.775000 0.272031
v 1.235000 0.775000 0.272031
v 1.245000 0.775000 0.267341
v 1.255000 0.775000 0.267341
v 1.265000 0.775000 0.267341
v 1.275000 0.775000 0.267341
v 1.285000 0.775000 0.262651
v 1.295000 0.775000 0.262651
v 1.305000 0.775000 0.262651
v 1.315000 0.775000 0.262651
v 1.325000 0.775000 0.057223
v 0.705000 0.785000 0.253271
v 0.715000 0.785000 0.253271
v 0.725000 0.785000 0.253271
v 0.735000 0.785000 0.257961
v 0.745000 0.785000 0.257961
v 0.755000 0.785000 0.257961
v 0.765000 0.785000 0.257961
v 0.775000 0.785000 0.257961
v 0.785000 0.785000 0.257961
v 0.795000 0.785000 0.257961
v 0.805000 0.785000 0.262651
v 0.815000 0.785000 0.262651
v 0.825000 0.785000 0.262651
v 0.835000 0.785000 0.262651
v 0.845000 0.785000 0.262651
v 0.855000 0.785000 0.262651
v 0.865000 0.785000 0.267341
v 0.875000 0.785000 0.267341
v 0.885000 0.785000 0.267341
v 0.895000 0.785000 0.267341
v 0.905000 0.785000 0.267341
v 0.915000 0.785000 0.267341
v 0.925000 0.785000 0.267341
v 0.935000 0.785000 0.267341
v 0.945000 0.785000 0.267341
v 0.955000 0.785000 0.272031
v 0.965000 0.785000 0.272031
v 0.975000 0.785000 0.272031
v 0.985000 0.785000 0.272031
v 0.995000 0.785000 0.272031
v 1.005000 0.785000 0.272031
v 1.015000 0.785000 0.272031
v 1.025000 0.785000 0.272031
v 1.035000 0.785000 0.272031
v 1.045000 0.785000 0.272031
v 1.055000 0.785000 0.272031
v 1.065000 0.785000 0.272031
v 1.075000 0.785000 0.272031
v 1.085000 0.785000 0.272031
v 1.095000 0.785000 0.272031
v 1.105000 0.785000 0.272031
v 1.115000 0.785000 0.272031
v 1.125000 0.785000 0.276722
v 1.135000 0.785000 0.276722
v 1.145000 0.785000 0.276722
v 1.155000 0.785000 0.276722
v 1.165000 0.785000 0.276722
v 1.175000 0.785000 0.276722
v 1.185000 0.785000 0.276722
v 1.195000 0.785000 0.276722
v 1.205000 0.785000 0.276722
v 1.215000 0.785000 0.272031
v 1.225000 0.785000 0.272031
v 1.235000 0.785000 0.272031
v 1.245000 0.785000 0.272031
v 1.255000 0.785000 0.272031
v 1.265000 0.785000 0.272031
v 1.275000 0.785000 0.272031
v 1.285000 0.785000 0.267341
v 1.295000 0.785000 0.262651
v 1.305000 0.785000 0.267341
v 1.315000 0.785000 0.262651
v 1.325000 0.785000 0.262651
v 1.335000 0.785000 0.057223
v 1.365000 0.785000 0.057223
v 0.705000 0.795000 0.253271
v 0.715000 0.795000 0.253271
v 0.725000 0.795000 0.253271
v 0.735000 0.795000 0.253271
v 0.745000 0.795000 0.257961
v 0.755000 0.795000 0.257961
v 0.765000 0.795000 0.257961
v 0.775000 0.795000 0.257961
v 0.785000 0.795000 0.257961
v 0.795000 0.795000 0.257961
v 0.805000 0.795000 0.257961
v 0.815000 0.795000 0.262651
v 0.825000 0.795000 0.262651
v 0.835000 0.795000 0.262651
v 0.845000 0.795000 0.262651
v 0.855000 0.795000 0.262651
v 0.865000 0.795000 0.262651
v 0.875000 0.795000 0.267341
v 0.885000 0.795000 0.267341
v 0.895000 0.795000 0.267341
v 0.905000 0.795000 0.267341
v 0.915000 0.795000 0.267341
v 0.925000 0.795000 0.267341
v 0.935000 0.795000 0.267341
v 0.945000 0.795000 0.267341
v 0.955000 0.795000 0.272031
v 0.965000 0.795000 0.272031
v 0.975000 0.795000 0.272031
v 0.985000 0.795000 0.272031
v 0.995000 0.795000 0.272031
v 1.005000 0.795000 0.272031
v 1.015000 0.795000 0.272031
v 1.025000 0.795000 0.272031
v 1.035000 0.795000 0.272031
v 1.045000 0.795000 0.272031
v 1.055000 0.795000 0.272031
v 1.065000 0.795000 0.272031
v 1.075000 0.795000 0.272031
v 1.085000 0.795000 0.272031
v 1.095000 0.795000 0.276722
v 1.105000 0.795000 0.276722
v 1.115000 0.795000 0.276722
v 1.125000 0.795000 0.276722
v 1.135000 0.795000 0.276722
v 1.145000 0.795000 0.276722
v 1.155000 0.795000 0.276722
v 1.165000 0.795000 0.276722
v 1.175000 0.795000 0.276722
v 1.185000 0.795000 0.276722
v 1.195000 0.795000 0.276722
v 1.205000 0.795000 0.276722
v 1.215000 0.795000 0.276722
v 1.225000 0.795000 0.272031
v 1.235000 0.795000 0.272031
v 1.245000 0.795000 0.272031
v 1.255000 0.795000 0.276722
v 1.265000 0.795000 0.272031
v 1.275000 0.795000 0.272031
v 1.285000 0.795000 0.272031
v 1.295000 0.795000 0.267341
v 1.305000 0.795000 0.267341
v 1.315000 0.795000 0.267341
v 1.325000 0.795000 0.267341
v 1.335000 0.795000 0.267341
v 1.345000 0.795000 0.057223
v 1.355000 0.795000 0.057223
v 1.365000 0.795000 0.220439
v 1.375000 0.795000 0.057223
v 1.385000 0.795000 0.057223
v 1.395000 0.795000 0.150086
v 1.405000 0.795000 0.150086
v 1.525000 0.795000 0.057223
v 1.535000 0.795000 0.057223
v 0.705000 0.805000 0.253271
v 0.715000 0.805000 0.253271
v 0.725000 0.805000 0.253271
v 0.735000 0.805000 0.253271
v 0.745000 0.805000 0.253271
v 0.755000 0.805000 0.253271
v 0.765000 0.805000 0.257961
v 0.775000 0.805000 0.257961
v 0.785000 0.805000 0.257961
v 0.795000 0.805000 0.257961
v 0.805000 0.805000 0.257961
v 0.815000 0.805000 0.257961
v 0.825000 0.805000 0.262651
v 0.835000 0.805000 0.262651
v 0.845000 0.805000 0.262651
v 0.855000 0.805000 0.262651
v 0.865000 0.805000 0.262651
v 0.875000 0.805000 0.262651
v 0.885000 0.805000 0.267341
v 0.895000 0.805000 0.267341
v 0.905000 0.805000 0.267341
v 0.915000 0.805000 0.267341
v 0.925000 0.805000 0.267341
v 0.935000 0.805000 0.267341
v 0.945000 0.805000 0.267341
v 0.955000 0.805000 0.272031
v 0.965000 0.805000 0.272031
v 0.975000 0.805000 0.272031
v 0.985000 0.805000 0.272031
v 0.995000 0.805000 0.272031
v 1.005000 0.805000 0.272031
v 1.015000 0.805000 0.272031
v 1.025000 0.805000 0.272031
v 1.035000 0.805000 0.272031
v 1.045000 0.805000 0.272031
v 1.055000 0.805000 0.272031
v 1.065000 0.805000 0.272031
v 1.075000 0.805000 0.272031
v 1.085000 0.805000 0.272031
v 1.095000 0.805000 0.276722
v 1.105000 0.805000 0.276722
v 1.115000 0.805000 0.276722
v 1.125000 0.805000 0.276722
v 1.135000 0.805000 0.276722
v 1.145000 0.805000 0.276722
v 1.155000 0.805000 0.276722
v 1.165000 0.805000 0.276722
v 1.175000 0.805000 0.276722
v 1.185000 0.805000 0.276722
v 1.195000 0.805000 0.276722
v 1.205000 0.805000 0.276722
v 1.215000 0.805000 0.276722
v 1.225000 0.805000 0.276722
v 1.235000 0.805000 0.276722
v 1.245000 0.805000 0.276722
v 1.255000 0.805000 0.276722
v 1.265000 0.805000 0.276722
v 1.275000 0.805000 0.276722
v 1.285000 0.805000 0.272031
v 1.295000 0.805000 0.272031
v 1.305000 0.805000 0.267341
v 1.315000 0.805000 0.267341
v 1.325000 0.805000 0.267341
v 1.335000 0.805000 0.267341
v 1.345000 0.805000 0.057223
v 1.355000 0.805000 0.057223
v 1.365000 0.805000 0.220439
v 1.375000 0.805000 0.225129
v 1.385000 0.805000 0.225129
v 1.395000 0.805000 0.229820
v 1.405000 0.805000 0.057223
v 1.415000 0.805000 0.057223
v 1.455000 0.805000 0.150086
v 1.465000 0.805000 0.150086
v 1.475000 0.805000 0.150086
v 1.485000 0.805000 0.150086
v 1.515000 0.805000 0.057223
v 1.525000 0.805000 0.215749
v 1.535000 0.805000 0.215749
v 1.545000 0.805000 0.057223
v 0.705000 0.815000 0.253271
v 0.715000 0.815000 0.253271
v 0.725000 0.815000 0.253271
v 0.735000 0.815000 0.253271
v 0.745000 0.815000 0.253271
v 0.755000 0.815000 0.253271
v 0.765000 0.815000 0.253271
v 0.775000 0.815000 0.253271
v 0.785000 0.815000 0.257961
v 0.795000 0.815000 0.257961
v 0.805000 0.815000 0.257961
v 0.815000 0.815000 0.257961
v 0.825000 0.815000 0.257961
v 0.835000 0.815000 0.262651
v 0.845000 0.815000 0.262651
v 0.855000 0.815000 0.262651
v 0.865000 0.815000 0.262651
v 0.875000 0.815000 0.262651
v 0.885000 0.815000 0.267341
v 0.895000 0.815000 0.267341
v 0.905000 0.815000 0.267341
v 0.915000 0.815000 0.267341
v 0.925000 0.815000 0.267341
v 0.935000 0.815000 0.267341
v 0.945000 0.815000 0.267341
v 0.955000 0.815000 0.272031
v 0.965000 0.815000 0.272031
v 0.975000 0.815000 0.272031
v 0.985000 0.815000 0.272031
v 0.995000 0.815000 0.272031
v 1.005000 0.815000 0.272031
v 1.015000 0.815000 0.272031
v 1.025000 0.815000 0.272031
v 1.035000 0.815000 0.272031
v 1.045000 0.815000 0.272031
v 1.055000 0.815000 0.272031
v 1.065000 0.815000 0.272031
v 1.075000 0.815000 0.272031
v 1.085000 0.815000 0.276722
v 1.095000 0.815000 0.276722
v 1.105000 0.815000 0.276722
v 1.115000 0.815000 0.276722
v 1.125000 0.815000 0.276722
v 1.135000 0.815000 0.276722
v 1.145000 0.815000 0.276722
v 1.155000 0.815000 0.276722
v 1.165000 0.815000 0.276722
v 1.175000 0.815000 0.276722
v 1.185000 0.815000 0.276722
v 1.195000 0.815000 0.276722
v 1.205000 0.815000 0.276722
v 1.215000 0.815000 0.276722
v 1.225000 0.815000 0.276722
v 1.235000 0.815000 0.276722
v 1.245000 0.815000 0.276722
v 1.255000 0.815000 0.276722
v 1.265000 0.815000 0.276722
v 1.275000 0.815000 0.276722
v 1.285000 0.815000 0.272031
v 1.295000 0.815000 0.272031
v 1.305000 0.815000 0.272031
v 1.315000 0.815000 0.267341
v 1.325000 0.815000 0.272031
v 1.335000 0.815000 0.267341
v 1.345000 0.815000 0.057223
v 1.355000 0.815000 0.206369
v 1.365000 0.815000 0.220439
v 1.375000 0.815000 0.225129
v 1.385000 0.815000 0.225129
v 1.395000 0.815000 0.229820
v 1.405000 0.815000 0.225129
v 1.415000 0.815000 0.229820
v 1.425000 0.815000 0.057223
v 1.435000 0.815000 0.057223
v 1.445000 0.815000 0.057223
v 1.455000 0.815000 0.057223
v 1.465000 0.815000 0.225129
v 1.475000 0.815000 0.225129
v 1.485000 0.815000 0.057223
v 1.495000 0.815000 0.057223
v 1.505000 0.815000 0.057223
v 1.515000 0.815000 0.057223
v 1.525000 0.815000 0.215749
v 1.535000 0.815000 0.220439
v 1.545000 0.815000 0.225129
v 1.555000 0.815000 0.057223
v 1.565000 0.815000 0.150086
v 0.705000 0.825000 0.248580
v 0.715000 0.825000 0.253271
v 0.725000 0.825000 0.253271
v 0.735000 0.825000 0.253271
v 0.745000 0.825000 0.253271
v 0.755000 0.825000 0.253271
v 0.765000 0.825000 0.253271
v 0.775000 0.825000 0.253271
v 0.785000 0.825000 0.253271
v 0.795000 0.825000 0.257961
v 0.805000 0.825000 0.257961
v 0.815000 0.825000 0.257961
v 0.825000 0.825000 0.257961
v 0.835000 0.825000 0.257961
v 0.845000 0.825000 0.262651
v 0.855000 0.825000 0.262651
v 0.865000 0.825000 0.262651
v 0.875000 0.825000 0.262651
v 0.885000 0.825000 0.262651
v 0.895000 0.825000 0.267341
v 0.905000 0.825000 0.267341
v 0.915000 0.825000 0.267341
v 0.925000 0.825000 0.267341
v 0.935000 0.825000 0.267341
v 0.945000 0.825000 0.267341
v 0.955000 0.825000 0.267341
v 0.965000 0.825000 0.272031
v 0.975000 0.825000 0.272031
v 0.985000 0.825000 0.272031
v 0.995000 0.825000 0.272031
v 1.005000 0.825000 0.272031
v 1.015000 0.825000 0.272031
v 1.025000 0.825000 0.272031
v 1.035000 0.825000 0.272031
v 1.045000 0.825000 0.272031
v 1.055000 0.825000 0.272031
v 1.065000 0.825000 0.272031
v 1.075000 0.825000 0.272031
v 1.085000 0.825000 0.276722
v 1.095000 0.825000 0.276722
v 1.105000 0.825000 0.276722
v 1.115000 0.825000 0.276722
v 1.125000 0.825000 0.276722
v 1.135000 0.825000 0.276722
v 1.145000 0.825000 0.276722
v 1.155000 0.825000 0.276722
v 1.165000 0.825000 0.276722
v 1.175000 0.825000 0.276722
v 1.185000 0.825000 0.276722
v 1.195000 0.825000 0.276722
v 1.205000 0.825000 0.276722
v 1.215000 0.825000 0.276722
v 1.225000 0.825000 0.281412
v 1.235000 0.825000 0.276722
v 1.245000 0.825000 0.276722
v 1.255000 0.825000 0.276722
v 1.265000 0.825000 0.276722
v 1.275000 0.825000 0.276722
v 1.285000 0.825000 0.276722
v 1.295000 0.825000 0.272031
v 1.305000 0.825000 0.272031
v 1.315000 0.825000 0.272031
v 1.325000 0.825000 0.272031
v 1.335000 0.825000 0.057223
v 1.345000 0.825000 0.057223
v 1.355000 0.825000 0.211059
v 1.365000 0.825000 0.225129
v 1.375000 0.825000 0.229820
v 1.385000 0.825000 0.229820
v 1.395000 0.825000 0.229820
v 1.405000 0.825000 0.229820
v 1.415000 0.825000 0.229820
v 1.425000 0.825000 0.229820
v 1.435000 0.825000 0.229820
v 1.445000 0.825000 0.225129
v 1.455000 0.825000 0.225129
v 1.465000 0.825000 0.229820
v 1.475000 0.825000 0.225129
v 1.485000 0.825000 0.225129
v 1.495000 0.825000 0.225129
v 1.505000 0.825000 0.225129
v 1.515000 0.825000 0.225129
v 1.525000 0.825000 0.220439
v 1.535000 0.825000 0.220439
v 1.545000 0.825000 0.225129
v 1.555000 0.825000 0.225129
v 1.565000 0.825000 0.150086
v 0.705000 0.835000 0.248580
v 0.715000 0.835000 0.248580
v 0.725000 0.835000 0.248580
v 0.735000 0.835000 0.248580
v 0.745000 0.835000 0.253271
v 0.755000 0.835000 0.253271
v 0.765000 0.835000 0.253271
v 0.775000 0.835000 0.253271
v 0.785000 0.835000 0.253271
v 0.795000 0.835000 0.253271
v 0.805000 0.835000 0.257961
v 0.815000 0.835000 0.257961
v 0.825000 0.835000 0.257961
v 0.835000 0.835000 0.257961
v 0.845000 0.835000 0.257961
v 0.855000 0.835000 0.262651
v 0.865000 0.835000 0.262651
v 0.875000 0.835000 0.262651
v 0.885000 0.835000 0.262651
v 0.895000 0.835000 0.262651
v 0.905000 0.835000 0.267341
v 0.915000 0.835000 0.267341
v 0.925000 0.835000 0.267341
v 0.935000 0.835000 0.267341
v 0.945000 0.835000 0.267341
v 0.955000 0.835000 0.267341
v 0.965000 0.835000 0.272031
v 0.975000 0.835000 0.272031
v 0.985000 0.835000 0.272031
v 0.995000 0.835000 0.272031
v 1.005000 0.835000 0.272031
v 1.015000 0.835000 0.272031
v 1.025000 0.835000 0.272031
v 1.035000 0.835000 0.272031
v 1.045000 0.835000 0.272031
v 1.055000 0.835000 0.272031
v 1.065000 0.835000 0.272031
v 1.075000 0.835000 0.272031
v 1.085000 0.835000 0.272031
v 1.095000 0.835000 0.276722
v 1.105000 0.835000 0.276722
v 1.115000 0.835000 0.276722
v 1.125000 0.835000 0.276722
v 1.135000 0.835000 0.276722
v 1.145000 0.835000 0.276722
v 1.155000 0.835000 0.276722
v 1.165000 0.835000 0.276722
v 1.175000 0.835000 0.276722
v 1.185000 0.835000 0.276722
v 1.195000 0.835000 0.281412
v 1.205000 0.835000 0.281412
v 1.215000 0.835000 0.281412
v 1.225000 0.835000 0.281412
v 1.235000 0.835000 0.281412
v 1.245000 0.835000 0.281412
v 1.255000 0.835000 0.276722
v 1.265000 0.835000 0.276722
v 1.275000 0.835000 0.276722
v 1.285000 0.835000 0.276722
v 1.295000 0.835000 0.276722
v 1.305000 0.835000 0.272031
v 1.315000 0.835000 0.272031
v 1.325000 0.835000 0.272031
v 1.335000 0.835000 0.272031
v 1.345000 0.835000 0.281412
v 1.355000 0.835000 0.057223
v 1.365000 0.835000 0.057223
v 1.375000 0.835000 0.229820
v 1.385000 0.835000 0.229820
v 1.395000 0.835000 0.234510
v 1.405000 0.835000 0.229820
v 1.415000 0.835000 0.229820
v 1.425000 0.835000 0.229820
v 1.435000 0.835000 0.229820
v 1.445000 0.835000 0.225129
v 1.455000 0.835000 0.225129
v 1.465000 0.835000 0.229820
v 1.475000 0.835000 0.229820
v 1.485000 0.835000 0.229820
v 1.495000 0.835000 0.229820
v 1.505000 0.835000 0.229820
v 1.515000 0.835000 0.225129
v 1.525000 0.835000 0.225129
v 1.535000 0.835000 0.225129
v 1.545000 0.835000 0.225129
v 1.555000 0.835000 0.225129
v 1.565000 0.835000 0.057223
v 1.575000 0.835000 0.057223
v 0.705000 0.845000 0.248580
v 0.715000 0.845000 0.248580
v 0.725000 0.845000 0.248580
v 0.735000 0.845000 0.248580
v 0.745000 0.845000 0.248580
v 0.755000 0.845000 0.253271
v 0.765000 0.845000 0.253271
v 0.775000 0.845000 0.253271
v 0.785000 0.845000 0.253271
v 0.795000 0.845000 0.253271
v 0.805000 0.845000 0.253271
v 0.815000 0.845000 0.257961
v 0.825000 0.845000 0.257961
v 0.835000 0.845000 0.257961
v 0.845000 0.845000 0.257961
v 0.855000 0.845000 0.257961
v 0.865000 0.845000 0.257961
v 0.875000 0.845000 0.262651
v 0.885000 0.845000 0.262651
v 0.895000 0.845000 0.262651
v 0.905000 0.845000 0.262651
v 0.915000 0.845000 0.267341
v 0.925000 0.845000 0.267341
v 0.935000 0.845000 0.267341
v 0.945000 0.845000 0.267341
v 0.955000 0.845000 0.267341
v 0.965000 0.845000 0.267341
v 0.975000 0.845000 0.267341
v 0.985000 0.845000 0.272031
v 0.995000 0.845000 0.272031
v 1.005000 0.845000 0.272031
v 1.015000 0.845000 0.272031
v 1.025000 0.845000 0.272031
v 1.035000 0.845000 0.272031
v 1.045000 0.845000 0.272031
v 1.055000 0.845000 0.272031
v 1.065000 0.845000 0.272031
v 1.075000 0.845000 0.272031
v 1.085000 0.845000 0.272031
v 1.095000 0.845000 0.276722
v 1.105000 0.845000 0.276722
v 1.115000 0.845000 0.276722
v 1.125000 0.845000 0.276722
v 1.135000 0.845000 0.276722
v 1.145000 0.845000 0.276722
v 1.155000 0.845000 0.276722
v 1.165000 0.845000 0.276722
v 1.175000 0.845000 0.276722
v 1.185000 0.845000 0.281412
v 1.195000 0.845000 0.281412
v 1.205000 0.845000 0.281412
v 1.215000 0.845000 0.281412
v 1.225000 0.845000 0.281412
v 1.235000 0.845000 0.281412
v 1.245000 0.845000 0.281412
v 1.255000 0.845000 0.281412
v 1.265000 0.845000 0.281412
v 1.275000 0.845000 0.281412
v 1.285000 0.845000 0.276722
v 1.295000 0.845000 0.276722
v 1.305000 0.845000 0.276722
v 1.315000 0.845000 0.276722
v 1.325000 0.845000 0.276722
v 1.335000 0.845000 0.276722
v 1.345000 0.845000 0.276722
v 1.355000 0.845000 0.057223
v 1.365000 0.845000 0.229820
v 1.375000 0.845000 0.229820
v 1.385000 0.845000 0.234510
v 1.395000 0.845000 0.234510
v 1.405000 0.845000 0.234510
v 1.415000 0.845000 0.234510
v 1.425000 0.845000 0.229820
v 1.435000 0.845000 0.229820
v 1.445000 0.845000 0.229820
v 1.455000 0.845000 0.225129
v 1.465000 0.845000 0.229820
v 1.475000 0.845000 0.229820
v 1.485000 0.845000 0.229820
v 1.495000 0.845000 0.229820
v 1.505000 0.845000 0.229820
v 1.515000 0.845000 0.225129
v 1.525000 0.845000 0.229820
v 1.535000 0.845000 0.225129
v 1.545000 0.845000 0.225129
v 1.555000 0.845000 0.225129
v 1.565000 0.845000 0.229820
v 1.575000 0.845000 0.225129
v 1.585000 0.845000 0.057223
v 0.705000 0.855000 0.248580
v 0.715000 0.855000 0.248580
v 0.725000 0.855000 0.248580
v 0.735000 0.855000 0.248580
v 0.745000 0.855000 0.248580
v 0.755000 0.855000 0.248580
v 0.765000 0.855000 0.248580
v 0.775000 0.855000 0.253271
v 0.785000 0.855000 0.253271
v 0.795000 0.855000 0.253271
v 0.805000 0.855000 0.253271
v 0.815000 0.855000 0.253271
v 0.825000 0.855000 0.253271
v 0.835000 0.855000 0.257961
v 0.845000 0.855000 0.257961
v 0.855000 0.855000 0.257961
v 0.865000 0.855000 0.257961
v 0.875000 0.855000 0.257961
v 0.885000 0.855000 0.262651
v 0.895000 0.855000 0.262651
v 0.905000 0.855000 0.262651
v 0.915000 0.855000 0.262651
v 0.925000 0.855000 0.267341
v 0.935000 0.855000 0.267341
v 0.945000 0.855000 0.267341
v 0.955000 0.855000 0.267341
v 0.965000 0.855000 0.267341
v 0.975000 0.855000 0.267341
v 0.985000 0.855000 0.272031
v 0.995000 0.855000 0.272031
v 1.005000 0.855000 0.272031
v 1.015000 0.855000 0.272031
v 1.025000 0.855000 0.272031
v 1.035000 0.855000 0.272031
v 1.045000 0.855000 0.272031
v 1.055000 0.855000 0.272031
v 1.065000 0.855000 0.272031
v 1.075000 0.855000 0.272031
v 1.085000 0.855000 0.272031
v 1.095000 0.855000 0.272031
v 1.105000 0.855000 0.276722
v 1.115000 0.855000 0.276722
v 1.125000 0.855000 0.276722
v 1.135000 0.855000 0.276722
v 1.145000 0.855000 0.276722
v 1.155000 0.855000 0.276722
v 1.165000 0.855000 0.276722
v 1.175000 0.855000 0.276722
v 1.185000 0.855000 0.281412
v 1.195000 0.855000 0.281412
v 1.205000 0.855000 0.281412
v 1.215000 0.855000 0.281412
v 1.225000 0.855000 0.281412
v 1.235000 0.855000 0.281412
v 1.245000 0.855000 0.281412
v 1.255000 0.855000 0.281412
v 1.265000 0.855000 0.281412
v 1.275000 0.855000 0.281412
v 1.285000 0.855000 0.281412
v 1.295000 0.855000 0.276722
v 1.305000 0.855000 0.276722
v 1.315000 0.855000 0.276722
v 1.325000 0.855000 0.276722
v 1.335000 0.855000 0.276722
v 1.345000 0.855000 0.276722
v 1.355000 0.855000 0.276722
v 1.365000 0.855000 0.229820
v 1.375000 0.855000 0.234510
v 1.385000 0.855000 0.234510
v 1.395000 0.855000 0.234510
v 1.405000 0.855000 0.234510
v 1.415000 0.855000 0.234510
v 1.425000 0.855000 0.234510
v 1.435000 0.855000 0.234510
v 1.445000 0.855000 0.229820
v 1.455000 0.855000 0.229820
v 1.465000 0.855000 0.229820
v 1.475000 0.855000 0.229820
v 1.485000 0.855000 0.229820
v 1.495000 0.855000 0.229820
v 1.505000 0.855000 0.229820
v 1.515000 0.855000 0.229820
v 1.525000 0.855000 0.229820
v 1.535000 0.855000 0.225129
v 1.545000 0.855000 0.225129
v 1.555000 0.855000 0.229820
v 1.565000 0.855000 0.229820
v 1.575000 0.855000 0.225129
v 1.585000 0.855000 0.057223
v 0.705000 0.865000 0.248580
v 0.715000 0.865000 0.248580
v 0.725000 0.865000 0.248580
v 0.735000 0.865000 0.248580
v 0.745000 0.865000 0.248580
v 0.755000 0.865000 0.248580
v 0.765000 0.865000 0.248580
v 0.775000 0.865000 0.248580
v 0.785000 0.865000 0.253271
v 0.795000 0.865000 0.253271
v 0.805000 0.865000 0.253271
v 0.815000 0.865000 0.253271
v 0.825000 0.865000 0.253271
v 0.835000 0.865000 0.253271
v 0.845000 0.865000 0.253271
v 0.855000 0.865000 0.257961
v 0.865000 0.865000 0.257961
v 0.875000 0.865000 0.257961
v 0.885000 0.865000 0.257961
v 0.895000 0.865000 0.262651
v 0.905000 0.865000 0.262651
v 0.915000 0.865000 0.262651
v 0.925000 0.865000 0.262651
v 0.935000 0.865000 0.262651
v 0.945000 0.865000 0.267341
v 0.955000 0.865000 0.267341
v 0.965000 0.865000 0.267341
v 0.975000 0.865000 0.267341
v 0.985000 0.865000 0.267341
v 0.995000 0.865000 0.272031
v 1.005000 0.865000 0.272031
v 1.015000 0.865000 0.272031
v 1.025000 0.865000 0.272031
v 1.035000 0.865000 0.272031
v 1.045000 0.865000 0.272031
v 1.055000 0.865000 0.272031
v 1.065000 0.865000 0.272031
v 1.075000 0.865000 0.272031
v 1.085000 0.865000 0.272031
v 1.095000 0.865000 0.272031
v 1.105000 0.865000 0.276722
v 1.115000 0.865000 0.276722
v 1.125000 0.865000 0.276722
v 1.135000 0.865000 0.276722
v 1.145000 0.865000 0.276722
v 1.155000 0.865000 0.276722
v 1.165000 0.865000 0.276722
v 1.175000 0.865000 0.276722
v 1.185000 0.865000 0.281412
v 1.195000 0.865000 0.281412
v 1.205000 0.865000 0.281412
v 1.215000 0.865000 0.281412
v 1.225000 0.865000 0.281412
v 1.235000 0.865000 0.281412
v 1.245000 0.865000 0.281412
v 1.255000 0.865000 0.281412
v 1.265000 0.865000 0.281412
v 1.275000 0.865000 0.281412
v 1.285000 0.865000 0.281412
v 1.295000 0.865000 0.281412
v 1.305000 0.865000 0.276722
v 1.315000 0.865000 0.276722
v 1.325000 0.865000 0.276722
v 1.335000 0.865000 0.276722
v 1.345000 0.865000 0.276722
v 1.355000 0.865000 0.276722
v 1.365000 0.865000 0.234510
v 1.375000 0.865000 0.234510
v 1.385000 0.865000 0.234510
v 1.395000 0.865000 0.234510
v 1.405000 0.865000 0.239200
v 1.415000 0.865000 0.234510
v 1.425000 0.865000 0.234510
v 1.435000 0.865000 0.234510
v 1.445000 0.865000 0.229820
v 1.455000 0.865000 0.229820
v 1.465000 0.865000 0.229820
v 1.475000 0.865000 0.229820
v 1.485000 0.865000 0.229820
v 1.495000 0.865000 0.234510
v 1.505000 0.865000 0.234510
v 1.515000 0.865000 0.229820
v 1.525000 0.865000 0.229820
v 1.535000 0.865000 0.229820
v 1.545000 0.865000 0.229820
v 1.555000 0.865000 0.229820
v 1.565000 0.865000 0.229820
v 1.575000 0.865000 0.225129
v 1.585000 0.865000 0.229820
v 1.595000 0.865000 0.057223
v 1.605000 0.865000 0.150086
v 0.705000 0.875000 0.243890
v 0.715000 0.875000 0.243890
v 0.725000 0.875000 0.243890
v 0.735000 0.875000 0.248580
v 0.745000 0.875000 0.248580
v 0.755000 0.875000 0.248580
v 0.765000 0.875000 0.248580
v 0.775000 0.875000 0.248580
v 0.785000 0.875000 0.248580
v 0.795000 0.875000 0.253271
v 0.805000 0.875000 0.253271
v 0.815000 0.875000 0.253271
v 0.825000 0.875000 0.253271
v 0.835000 0.875000 0.253271
v 0.845000 0.875000 0.253271
v 0.855000 0.875000 0.253271
v 0.865000 0.875000 0.257961
v 0.875000 0.875000 0.257961
v 0.885000 0.875000 0.257961
v 0.895000 0.875000 0.262651
v 0.905000 0.875000 0.262651
v 0.915000 0.875000 0.262651
v 0.925000 0.875000 0.262651
v 0.935000 0.875000 0.262651
v 0.945000 0.875000 0.262651
v 0.955000 0.875000 0.267341
v 0.965000 0.875000 0.267341
v 0.975000 0.875000 0.267341
v 0.985000 0.875000 0.267341
v 0.995000 0.875000 0.267341
v 1.005000 0.875000 0.272031
v 1.015000 0.875000 0.267341
v 1.025000 0.875000 0.272031
v 1.035000 0.875000 0.272031
v 1.045000 0.875000 0.272031
v 1.055000 0.875000 0.272031
v 1.065000 0.875000 0.272031
v 1.075000 0.875000 0.272031
v 1.085000 0.875000 0.272031
v 1.095000 0.875000 0.272031
v 1.105000 0.875000 0.272031
v 1.115000 0.875000 0.272031
v 1.125000 0.875000 0.276722
v 1.135000 0.875000 0.276722
v 1.145000 0.875000 0.276722
v 1.155000 0.875000 0.276722
v 1.165000 0.875000 0.276722
v 1.175000 0.875000 0.276722
v 1.185000 0.875000 0.281412
v 1.195000 0.875000 0.281412
v 1.205000 0.875000 0.281412
v 1.215000 0.875000 0.281412
v 1.225000 0.875000 0.281412
v 1.235000 0.875000 0.281412
v 1.245000 0.875000 0.281412
v 1.255000 0.875000 0.281412
v 1.265000 0.875000 0.281412
v 1.275000 0.875000 0.281412
v 1.285000 0.875000 0.281412
v 1.295000 0.875000 0.281412
v 1.305000 0.875000 0.281412
v 1.315000 0.875000 0.281412
v 1.325000 0.875000 0.276722
v 1.335000 0.875000 0.276722
v 1.345000 0.875000 0.276722
v 1.355000 0.875000 0.276722
v 1.365000 0.875000 0.234510
v 1.375000 0.875000 0.234510
v 1.385000 0.875000 0.234510
v 1.395000 0.875000 0.239200
v 1.405000 0.875000 0.239200
v 1.415000 0.875000 0.234510
v 1.425000 0.875000 0.239200
v 1.435000 0.875000 0.239200
v 1.445000 0.875000 0.234510
v 1.455000 0.875000 0.234510
v 1.465000 0.875000 0.234510
v 1.475000 0.875000 0.229820
v 1.485000 0.875000 0.234510
v 1.495000 0.875000 0.234510
v 1.505000 0.875000 0.234510
v 1.515000 0.875000 0.234510
v 1.525000 0.875000 0.229820
v 1.535000 0.875000 0.229820
v 1.545000 0.875000 0.229820
v 1.555000 0.875000 0.229820
v 1.565000 0.875000 0.229820
v 1.575000 0.875000 0.229820
v 1.585000 0.875000 0.229820
v 1.595000 0.875000 0.229820
v 1.605000 0.875000 0.150086
v 0.705000 0.885000 0.243890
v 0.715000 0.885000 0.243890
v 0.725000 0.885000 0.243890
v 0.735000 0.885000 0.243890
v 0.745000 0.885000 0.248580
v 0.755000 0.885000 0.248580
v 0.765000 0.885000 0.248580
v 0.775000 0.885000 0.248580
v 0.785000 0.885000 0.248580
v 0.795000 0.885000 0.248580
v 0.805000 0.885000 0.253271
v 0.815000 0.885000 0.253271
v 0.825000 0.885000 0.253271
v 0.835000 0.885000 0.253271
v 0.845000 0.885000 0.253271
v 0.855000 0.885000 0.253271
v 0.865000 0.885000 0.253271
v 0.875000 0.885000 0.257961
v 0.885000 0.885000 0.257961
v 0.895000 0.885000 0.257961
v 0.905000 0.885000 0.262651
v 0.915000 0.885000 0.262651
v 0.925000 0.885000 0.262651
v 0.935000 0.885000 0.262651
v 0.945000 0.885000 0.262651
v 0.955000 0.885000 0.267341
v 0.965000 0.885000 0.267341
v 0.975000 0.885000 0.267341
v 0.985000 0.885000 0.267341
v 0.995000 0.885000 0.267341
v 1.005000 0.885000 0.272031
v 1.015000 0.885000 0.267341
v 1.025000 0.885000 0.272031
v 1.035000 0.885000 0.272031
v 1.045000 0.885000 0.272031
v 1.055000 0.885000 0.272031
v 1.065000 0.885000 0.272031
v 1.075000 0.885000 0.272031
v 1.085000 0.885000 0.272031
v 1.095000 0.885000 0.272031
v 1.105000 0.885000 0.272031
v 1.115000 0.885000 0.272031
v 1.125000 0.885000 0.276722
v 1.135000 0.885000 0.276722
v 1.145000 0.885000 0.276722
v 1.155000 0.885000 0.276722
v 1.165000 0.885000 0.276722
v 1.175000 0.885000 0.276722
v 1.185000 0.885000 0.281412
v 1.195000 0.885000 0.281412
v 1.205000 0.885000 0.281412
v 1.215000 0.885000 0.281412
v 1.225000 0.885000 0.281412
v 1.235000 0.885000 0.281412
v 1.245000 0.885000 0.281412
v 1.255000 0.885000 0.281412
v 1.265000 0.885000 0.281412
v 1.275000 0.885000 0.281412
v 1.285000 0.885000 0.281412
v 1.295000 0.885000 0.281412
v 1.305000 0.885000 0.281412
v 1.315000 0.885000 0.281412
v 1.325000 0.885000 0.281412
v 1.335000 0.885000 0.276722
v 1.345000 0.885000 0.276722
v 1.355000 0.885000 0.276722
v 1.365000 0.885000 0.239200
v 1.375000 0.885000 0.239200
v 1.385000 0.885000 0.234510
v 1.395000 0.885000 0.239200
v 1.405000 0.885000 0.239200
v 1.415000 0.885000 0.239200
v 1.425000 0.885000 0.239200
v 1.435000 0.885000 0.239200
v 1.445000 0.885000 0.234510
v 1.455000 0.885000 0.234510
v 1.465000 0.885000 0.234510
v 1.475000 0.885000 0.234510
v 1.485000 0.885000 0.234510
v 1.495000 0.885000 0.234510
v 1.505000 0.885000 0.234510
v 1.515000 0.885000 0.234510
v 1.525000 0.885000 0.234510
v 1.535000 0.885000 0.229820
v 1.545000 0.885000 0.229820
v 1.555000 0.885000 0.229820
v 1.565000 0.885000 0.229820
v 1.575000 0.885000 0.229820
v 1.585000 0.885000 0.229820
v 1.595000 0.885000 0.229820
v 1.605000 0.885000 0.150086
v 0.705000 0.895000 0.243890
v 0.715000 0.895000 0.243890
v 0.725000 0.895000 0.243890
v 0.735000 0.895000 0.243890
v 0.745000 0.895000 0.243890
v 0.755000 0.895000 0.248580
v 0.765000 0.895000 0.248580
v 0.775000 0.895000 0.248580
v 0.785000 0.895000 0.248580
v 0.795000 0.895000 0.248580
v 0.805000 0.895000 0.248580
v 0.815000 0.895000 0.248580
v 0.825000 0.895000 0.253271
v 0.835000 0.895000 0.253271
v 0.845000 0.895000 0.253271
v 0.855000 0.895000 0.253271
v 0.865000 0.895000 0.253271
v 0.875000 0.895000 0.257961
v 0.885000 0.895000 0.257961
v 0.895000 0.895000 0.257961
v 0.905000 0.895000 0.257961
v 0.915000 0.895000 0.257961
v 0.925000 0.895000 0.262651
v 0.935000 0.895000 0.262651
v 0.945000 0.895000 0.262651
v 0.955000 0.895000 0.262651
v 0.965000 0.895000 0.267341
v 0.975000 0.895000 0.267341
v 0.985000 0.895000 0.267341
v 0.995000 0.895000 0.267341
v 1.005000 0.895000 0.267341
v 1.015000 0.895000 0.267341
v 1.025000 0.895000 0.267341
v 1.035000 0.895000 0.267341
v 1.045000 0.895000 0.267341
v 1.055000 0.895000 0.267341
v 1.065000 0.895000 0.272031
v 1.075000 0.895000 0.272031
v 1.085000 0.895000 0.272031
v 1.095000 0.895000 0.272031
v 1.105000 0.895000 0.272031
v 1.115000 0.895000 0.272031
v 1.125000 0.895000 0.272031
v 1.135000 0.895000 0.276722
v 1.145000 0.895000 0.276722
v 1.155000 0.895000 0.276722
v 1.165000 0.895000 0.276722
v 1.175000 0.895000 0.276722
v 1.185000 0.895000 0.281412
v 1.195000 0.895000 0.281412
v 1.205000 0.895000 0.281412
v 1.215000 0.895000 0.281412
v 1.225000 0.895000 0.281412
v 1.235000 0.895000 0.281412
v 1.245000 0.895000 0.281412
v 1.255000 0.895000 0.281412
v 1.265000 0.895000 0.281412
v 1.275000 0.895000 0.281412
v 1.285000 0.895000 0.281412
v 1.295000 0.895000 0.281412
v 1.305000 0.895000 0.281412
v 1.315000 0.895000 0.281412
v 1.325000 0.895000 0.281412
v 1.335000 0.895000 0.281412
v 1.345000 0.895000 0.276722
v 1.355000 0.895000 0.276722
v 1.365000 0.895000 0.239200
v 1.375000 0.895000 0.239200
v 1.385000 0.895000 0.239200
v 1.395000 0.895000 0.239200
v 1.405000 0.895000 0.239200
v 1.415000 0.895000 0.239200
v 1.425000 0.895000 0.239200
v 1.435000 0.895000 0.239200
v 1.445000 0.895000 0.239200
v 1.455000 0.895000 0.234510
v 1.465000 0.895000 0.234510
v 1.475000 0.895000 0.234510
v 1.485000 0.895000 0.234510
v 1.495000 0.895000 0.234510
v 1.505000 0.895000 0.234510
v 1.515000 0.895000 0.234510
v 1.525000 0.895000 0.234510
v 1.535000 0.895000 0.234510
v 1.545000 0.895000 0.229820
v 1.555000 0.895000 0.229820
v 1.565000 0.895000 0.229820
v 1.575000 0.895000 0.229820
v 1.585000 0.895000 0.229820
v 1.595000 0.895000 0.057223
v 1.605000 0.895000 0.150086
v 0.705000 0.905000 0.243890
v 0.715000 0.905000 0.243890
v 0.725000 0.905000 0.243890
v 0.735000 0.905000 0.243890
v 0.745000 0.905000 0.243890
v 0.755000 0.905000 0.243890
v 0.765000 0.905000 0.243890
v 0.775000 0.905000 0.248580
v 0.785000 0.905000 0.248580
v 0.795000 0.905000 0.248580
v 0.805000 0.905000 0.248580
v 0.815000 0.905000 0.248580
v 0.825000 0.905000 0.248580
v 0.835000 0.905000 0.248580
v 0.845000 0.905000 0.253271
v 0.855000 0.905000 0.253271
v 0.865000 0.905000 0.253271
v 0.875000 0.905000 0.253271
v 0.885000 0.905000 0.253271
v 0.895000 0.905000 0.257961
v 0.905000 0.905000 0.257961
v 0.915000 0.905000 0.257961
v 0.925000 0.905000 0.257961
v 0.935000 0.905000 0.262651
v 0.945000 0.905000 0.262651
v 0.955000 0.905000 0.262651
v 0.965000 0.905000 0.262651
v 0.975000 0.905000 0.262651
v 0.985000 0.905000 0.267341
v 0.995000 0.905000 0.267341
v 1.005000 0.905000 0.267341
v 1.015000 0.905000 0.267341
v 1.025000 0.905000 0.267341
v 1.035000 0.905000 0.267341
v 1.045000 0.905000 0.267341
v 1.055000 0.905000 0.267341
v 1.065000 0.905000 0.272031
v 1.075000 0.905000 0.272031
v 1.085000 0.905000 0.272031
v 1.095000 0.905000 0.272031
v 1.105000 0.905000 0.272031
v 1.115000 0.905000 0.272031
v 1.125000 0.905000 0.272031
v 1.135000 0.905000 0.276722
v 1.145000 0.905000 0.276722
v 1.155000 0.905000 0.276722
v 1.165000 0.905000 0.276722
v 1.175000 0.905000 0.276722
v 1.185000 0.905000 0.276722
v 1.195000 0.905000 0.276722
v 1.205000 0.905000 0.281412
v 1.215000 0.905000 0.281412
v 1.225000 0.905000 0.281412
v 1.235000 0.905000 0.281412
v 1.245000 0.905000 0.281412
v 1.255000 0.905000 0.281412
v 1.265000 0.905000 0.281412
v 1.275000 0.905000 0.281412
v 1.285000 0.905000 0.281412
v 1.295000 0.905000 0.281412
v 1.305000 0.905000 0.281412
v 1.315000 0.905000 0.281412
v 1.325000 0.905000 0.281412
v 1.335000 0.905000 0.281412
v 1.345000 0.905000 0.276722
v 1.355000 0.905000 0.276722
v 1.365000 0.905000 0.243890
v 1.375000 0.905000 0.239200
v 1.385000 0.905000 0.239200
v 1.395000 0.905000 0.239200
v 1.405000 0.905000 0.239200
v 1.415000 0.905000 0.239200
v 1.425000 0.905000 0.239200
v 1.435000 0.905000 0.239200
v 1.445000 0.905000 0.239200
v 1.455000 0.905000 0.239200
v 1.465000 0.905000 0.239200
v 1.475000 0.905000 0.234510
v 1.485000 0.905000 0.234510
v 1.495000 0.905000 0.234510
v 1.505000 0.905000 0.234510
v 1.515000 0.905000 0.234510
v 1.525000 0.905000 0.234510
v 1.535000 0.905000 0.234510
v 1.545000 0.905000 0.229820
v 1.555000 0.905000 0.229820
v 1.565000 0.905000 0.229820
v 1.575000 0.905000 0.229820
v 1.585000 0.905000 0.229820
v 1.595000 0.905000 0.057223
v 0.705000 0.915000 0.243890
v 0.715000 0.915000 0.243890
v 0.725000 0.915000 0.243890
v 0.735000 0.915000 0.243890
v 0.745000 0.915000 0.243890
v 0.755000 0.915000 0.243890
v 0.765000 0.915000 0.243890
v 0.775000 0.915000 0.248580
v 0.785000 0.915000 0.248580
v 0.795000 0.915000 0.248580
v 0.805000 0.915000 0.248580
v 0.815000 0.915000 0.248580
v 0.825000 0.915000 0.248580
v 0.835000 0.915000 0.248580
v 0.845000 0.915000 0.248580
v 0.855000 0.915000 0.253271
v 0.865000 0.915000 0.253271
v 0.875000 0.915000 0.253271
v 0.885000 0.915000 0.253271
v 0.895000 0.915000 0.257961
v 0.905000 0.915000 0.257961
v 0.915000 0.915000 0.257961
v 0.925000 0.915000 0.257961
v 0.935000 0.915000 0.257961
v 0.945000 0.915000 0.257961
v 0.955000 0.915000 0.262651
v 0.965000 0.915000 0.262651
v 0.975000 0.915000 0.262651
v 0.985000 0.915000 0.267341
v 0.995000 0.915000 0.267341
v 1.005000 0.915000 0.267341
v 1.015000 0.915000 0.267341
v 1.025000 0.915000 0.267341
v 1.035000 0.915000 0.267341
v 1.045000 0.915000 0.267341
v 1.055000 0.915000 0.267341
v 1.065000 0.915000 0.267341
v 1.075000 0.915000 0.267341
v 1.085000 0.915000 0.272031
v 1.095000 0.915000 0.272031
v 1.105000 0.915000 0.272031
v 1.115000 0.915000 0.272031
v 1.125000 0.915000 0.272031
v 1.135000 0.915000 0.272031
v 1.145000 0.915000 0.276722
v 1.155000 0.915000 0.276722
v 1.165000 0.915000 0.276722
v 1.175000 0.915000 0.276722
v 1.185000 0.915000 0.276722
v 1.195000 0.915000 0.276722
v 1.205000 0.915000 0.276722
v 1.215000 0.915000 0.281412
v 1.225000 0.915000 0.281412
v 1.235000 0.915000 0.281412
v 1.245000 0.915000 0.281412
v 1.255000 0.915000 0.281412
v 1.265000 0.915000 0.281412
v 1.275000 0.915000 0.281412
v 1.285000 0.915000 0.281412
v 1.295000 0.915000 0.276722
v 1.305000 0.915000 0.281412
v 1.315000 0.915000 0.281412
v 1.325000 0.915000 0.281412
v 1.335000 0.915000 0.281412
v 1.345000 0.915000 0.281412
v 1.355000 0.915000 0.057223
v 1.365000 0.915000 0.057223
v 1.375000 0.915000 0.239200
v 1.385000 0.915000 0.239200
v 1.395000 0.915000 0.239200
v 1.405000 0.915000 0.239200
v 1.415000 0.915000 0.239200
v 1.425000 0.915000 0.239200
v 1.435000 0.915000 0.239200
v 1.445000 0.915000 0.239200
v 1.455000 0.915000 0.239200
v 1.465000 0.915000 0.239200
v 1.475000 0.915000 0.239200
v 1.485000 0.915000 0.234510
v 1.495000 0.915000 0.234510
v 1.505000 0.915000 0.234510
v 1.515000 0.915000 0.234510
v 1.525000 0.915000 0.234510
v 1.535000 0.915000 0.234510
v 1.545000 0.915000 0.229820
v 1.555000 0.915000 0.229820
v 1.565000 0.915000 0.229820
v 1.575000 0.915000 0.229820
v 1.585000 0.915000 0.229820
v 1.595000 0.915000 0.150086
v 0.705000 0.925000 0.243890
v 0.715000 0.925000 0.243890
v 0.725000 0.925000 0.243890
v 0.735000 0.925000 0.243890
v 0.745000 0.925000 0.243890
v 0.755000 0.925000 0.243890
v 0.765000 0.925000 0.243890
v 0.775000 0.925000 0.248580
v 0.785000 0.925000 0.243890
v 0.795000 0.925000 0.248580
v 0.805000 0.925000 0.248580
v 0.815000 0.925000 0.248580
v 0.825000 0.925000 0.248580
v 0.835000 0.925000 0.248580
v 0.845000 0.925000 0.248580
v 0.855000 0.925000 0.248580
v 0.865000 0.925000 0.253271
v 0.875000 0.925000 0.253271
v 0.885000 0.925000 0.253271
v 0.895000 0.925000 0.257961
v 0.905000 0.925000 0.257961
v 0.915000 0.925000 0.257961
v 0.925000 0.925000 0.257961
v 0.935000 0.925000 0.257961
v 0.945000 0.925000 0.257961
v 0.955000 0.925000 0.262651
v 0.965000 0.925000 0.262651
v 0.975000 0.925000 0.262651
v 0.985000 0.925000 0.262651
v 0.995000 0.925000 0.267341
v 1.005000 0.925000 0.267341
v 1.015000 0.925000 0.267341
v 1.025000 0.925000 0.267341
v 1.035000 0.925000 0.267341
v 1.045000 0.925000 0.267341
v 1.055000 0.925000 0.267341
v 1.065000 0.925000 0.267341
v 1.075000 0.925000 0.267341
v 1.085000 0.925000 0.267341
v 1.095000 0.925000 0.267341
v 1.105000 0.925000 0.272031
v 1.115000 0.925000 0.272031
v 1.125000 0.925000 0.272031
v 1.135000 0.925000 0.272031
v 1.145000 0.925000 0.276722
v 1.155000 0.925000 0.276722
v 1.165000 0.925000 0.276722
v 1.175000 0.925000 0.276722
v 1.185000 0.925000 0.276722
v 1.195000 0.925000 0.276722
v 1.205000 0.925000 0.276722
v 1.215000 0.925000 0.276722
v 1.225000 0.925000 0.276722
v 1.235000 0.925000 0.276722
v 1.245000 0.925000 0.276722
v 1.255000 0.925000 0.276722
v 1.265000 0.925000 0.281412
v 1.275000 0.925000 0.276722
v 1.285000 0.925000 0.281412
v 1.295000 0.925000 0.276722
v 1.305000 0.925000 0.281412
v 1.315000 0.925000 0.276722
v 1.325000 0.925000 0.281412
v 1.335000 0.925000 0.281412
v 1.345000 0.925000 0.281412
v 1.355000 0.925000 0.057223
v 1.365000 0.925000 0.057223
v 1.375000 0.925000 0.239200
v 1.385000 0.925000 0.239200
v 1.395000 0.925000 0.239200
v 1.405000 0.925000 0.239200
v 1.415000 0.925000 0.239200
v 1.425000 0.925000 0.239200
v 1.435000 0.925000 0.239200
v 1.445000 0.925000 0.239200
v 1.455000 0.925000 0.239200
v 1.465000 0.925000 0.239200
v 1.475000 0.925000 0.234510
v 1.485000 0.925000 0.234510
v 1.495000 0.925000 0.234510
v 1.505000 0.925000 0.234510
v 1.515000 0.925000 0.234510
v 1.525000 0.925000 0.234510
v 1.535000 0.925000 0.234510
v 1.545000 0.925000 0.229820
v 1.555000 0.925000 0.229820
v 1.565000 0.925000 0.229820
v 1.575000 0.925000 0.229820
v 1.585000 0.925000 0.229820
v 1.595000 0.925000 0.150086
v 0.705000 0.935000 0.243890
v 0.715000 0.935000 0.243890
v 0.725000 0.935000 0.243890
v 0.735000 0.935000 0.243890
v 0.745000 0.935000 0.243890
v 0.755000 0.935000 0.243890
v 0.765000 0.935000 0.243890
v 0.775000 0.935000 0.243890
v 0.785000 0.935000 0.243890
v 0.795000 0.935000 0.243890
v 0.805000 0.935000 0.248580
v 0.815000 0.935000 0.248580
v 0.825000 0.935000 0.248580
v 0.835000 0.935000 0.243890
v 0.845000 0.935000 0.248580
v 0.855000 0.935000 0.248580
v 0.865000 0.935000 0.253271
v 0.875000 0.935000 0.253271
v 0.885000 0.935000 0.253271
v 0.895000 0.935000 0.253271
v 0.905000 0.935000 0.257961
v 0.915000 0.935000 0.257961
v 0.925000 0.935000 0.257961
v 0.935000 0.935000 0.257961
v 0.945000 0.935000 0.257961
v 0.955000 0.935000 0.257961
v 0.965000 0.935000 0.262651
v 0.975000 0.935000 0.262651
v 0.985000 0.935000 0.262651
v 0.995000 0.935000 0.262651
v 1.005000 0.935000 0.262651
v 1.015000 0.935000 0.262651
v 1.025000 0.935000 0.267341
v 1.035000 0.935000 0.267341
v 1.045000 0.935000 0.267341
v 1.055000 0.935000 0.267341
v 1.065000 0.935000 0.267341
v 1.075000 0.935000 0.267341
v 1.085000 0.935000 0.267341
v 1.095000 0.935000 0.267341
v 1.105000 0.935000 0.267341
v 1.115000 0.935000 0.272031
v 1.125000 0.935000 0.267341
v 1.135000 0.935000 0.272031
v 1.145000 0.935000 0.276722
v 1.155000 0.935000 0.276722
v 1.165000 0.935000 0.272031
v 1.175000 0.935000 0.276722
v 1.185000 0.935000 0.276722
v 1.195000 0.935000 0.276722
v 1.205000 0.935000 0.276722
v 1.215000 0.935000 0.276722
v 1.225000 0.935000 0.276722
v 1.235000 0.935000 0.276722
v 1.245000 0.935000 0.276722
v 1.255000 0.935000 0.276722
v 1.265000 0.935000 0.276722
v 1.275000 0.935000 0.276722
v 1.285000 0.935000 0.281412
v 1.295000 0.935000 0.276722
v 1.305000 0.935000 0.276722
v 1.315000 0.935000 0.276722
v 1.325000 0.935000 0.276722
v 1.335000 0.935000 0.276722
v 1.345000 0.935000 0.281412
v 1.355000 0.935000 0.057223
v 1.365000 0.935000 0.057223
v 1.375000 0.935000 0.239200
v 1.385000 0.935000 0.239200
v 1.395000 0.935000 0.239200
v 1.405000 0.935000 0.239200
v 1.415000 0.935000 0.239200
v 1.425000 0.935000 0.239200
v 1.435000 0.935000 0.239200
v 1.445000 0.935000 0.239200
v 1.455000 0.935000 0.239200
v 1.465000 0.935000 0.239200
v 1.475000 0.935000 0.234510
v 1.485000 0.935000 0.234510
v 1.495000 0.935000 0.234510
v 1.505000 0.935000 0.234510
v 1.515000 0.935000 0.234510
v 1.525000 0.935000 0.234510
v 1.535000 0.935000 0.234510
v 1.545000 0.935000 0.229820
v 1.555000 0.935000 0.225129
v 1.565000 0.935000 0.225129
v 1.575000 0.935000 0.229820
v 1.585000 0.935000 0.229820
v 1.595000 0.935000 0.150086
v 0.705000 0.945000 0.243890
v 0.715000 0.945000 0.243890
v 0.725000 0.945000 0.243890
v 0.735000 0.945000 0.243890
v 0.745000 0.945000 0.243890
v 0.755000 0.945000 0.243890
v 0.765000 0.945000 0.243890
v 0.775000 0.945000 0.243890
v 0.785000 0.945000 0.243890
v 0.795000 0.945000 0.243890
v 0.805000 0.945000 0.243890
v 0.815000 0.945000 0.248580
v 0.825000 0.945000 0.243890
v 0.835000 0.945000 0.243890
v 0.845000 0.945000 0.248580
v 0.855000 0.945000 0.248580
v 0.865000 0.945000 0.253271
v 0.875000 0.945000 0.253271
v 0.885000 0.945000 0.253271
v 0.895000 0.945000 0.253271
v 0.905000 0.945000 0.253271
v 0.915000 0.945000 0.253271
v 0.925000 0.945000 0.253271
v 0.935000 0.945000 0.257961
v 0.945000 0.945000 0.257961
v 0.955000 0.945000 0.257961
v 0.965000 0.945000 0.257961
v 0.975000 0.945000 0.262651
v 0.985000 0.945000 0.257961
v 0.995000 0.945000 0.262651
v 1.005000 0.945000 0.262651
v 1.015000 0.945000 0.262651
v 1.025000 0.945000 0.267341
v 1.035000 0.945000 0.267341
v 1.045000 0.945000 0.267341
v 1.055000 0.945000 0.267341
v 1.065000 0.945000 0.267341
v 1.075000 0.945000 0.267341
v 1.085000 0.945000 0.267341
v 1.095000 0.945000 0.267341
v 1.105000 0.945000 0.267341
v 1.115000 0.945000 0.272031
v 1.125000 0.945000 0.267341
v 1.135000 0.945000 0.267341
v 1.145000 0.945000 0.272031
v 1.155000 0.945000 0.272031
v 1.165000 0.945000 0.272031
v 1.175000 0.945000 0.272031
v 1.185000 0.945000 0.276722
v 1.195000 0.945000 0.276722
v 1.205000 0.945000 0.276722
v 1.215000 0.945000 0.276722
v 1.225000 0.945000 0.276722
v 1.235000 0.945000 0.276722
v 1.245000 0.945000 0.276722
v 1.255000 0.945000 0.276722
v 1.265000 0.945000 0.276722
v 1.275000 0.945000 0.272031
v 1.285000 0.945000 0.276722
v 1.295000 0.945000 0.276722
v 1.305000 0.945000 0.272031
v 1.315000 0.945000 0.272031
v 1.325000 0.945000 0.272031
v 1.335000 0.945000 0.276722
v 1.345000 0.945000 0.276722
v 1.355000 0.945000 0.272031
v 1.365000 0.945000 0.057223
v 1.375000 0.945000 0.234510
v 1.385000 0.945000 0.234510
v 1.395000 0.945000 0.239200
v 1.405000 0.945000 0.239200
v 1.415000 0.945000 0.239200
v 1.425000 0.945000 0.239200
v 1.435000 0.945000 0.239200
v 1.445000 0.945000 0.239200
v 1.455000 0.945000 0.239200
v 1.465000 0.945000 0.234510
v 1.475000 0.945000 0.234510
v 1.485000 0.945000 0.234510
v 1.495000 0.945000 0.234510
v 1.505000 0.945000 0.234510
v 1.515000 0.945000 0.234510
v 1.525000 0.945000 0.234510
v 1.535000 0.945000 0.229820
v 1.545000 0.945000 0.229820
v 1.555000 0.945000 0.220439
v 1.565000 0.945000 0.220439
v 1.575000 0.945000 0.229820
v 1.585000 0.945000 0.229820
v 1.595000 0.945000 0.150086
v 0.705000 0.955000 0.239200
v 0.715000 0.955000 0.239200
v 0.725000 0.955000 0.239200
v 0.735000 0.955000 0.239200
v 0.745000 0.955000 0.243890
v 0.755000 0.955000 0.243890
v 0.765000 0.955000 0.243890
v 0.775000 0.955000 0.243890
v 0.785000 0.955000 0.243890
v 0.795000 0.955000 0.243890
v 0.805000 0.955000 0.243890
v 0.815000 0.955000 0.243890
v 0.825000 0.955000 0.243890
v 0.835000 0.955000 0.243890
v 0.845000 0.955000 0.248580
v 0.855000 0.955000 0.248580
v 0.865000 0.955000 0.253271
v 0.875000 0.955000 0.253271
v 0.885000 0.955000 0.253271
v 0.895000 0.955000 0.253271
v 0.905000 0.955000 0.253271
v 0.915000 0.955000 0.253271
v 0.925000 0.955000 0.253271
v 0.935000 0.955000 0.257961
v 0.945000 0.955000 0.253271
v 0.955000 0.955000 0.257961
v 0.965000 0.955000 0.257961
v 0.975000 0.955000 0.257961
v 0.985000 0.955000 0.257961
v 0.995000 0.955000 0.257961
v 1.005000 0.955000 0.262651
v 1.015000 0.955000 0.262651
v 1.025000 0.955000 0.262651
v 1.035000 0.955000 0.267341
v 1.045000 0.955000 0.267341
v 1.055000 0.955000 0.267341
v 1.065000 0.955000 0.267341
v 1.075000 0.955000 0.267341
v 1.085000 0.955000 0.267341
v 1.095000 0.955000 0.267341
v 1.105000 0.955000 0.267341
v 1.115000 0.955000 0.267341
v 1.125000 0.955000 0.267341
v 1.135000 0.955000 0.267341
v 1.145000 0.955000 0.272031
v 1.155000 0.955000 0.272031
v 1.165000 0.955000 0.272031
v 1.175000 0.955000 0.272031
v 1.185000 0.955000 0.276722
v 1.195000 0.955000 0.276722
v 1.205000 0.955000 0.276722
v 1.215000 0.955000 0.276722
v 1.225000 0.955000 0.276722
v 1.235000 0.955000 0.276722
v 1.245000 0.955000 0.276722
v 1.255000 0.955000 0.276722
v 1.265000 0.955000 0.276722
v 1.275000 0.955000 0.276722
v 1.285000 0.955000 0.276722
v 1.295000 0.955000 0.272031
v 1.305000 0.955000 0.272031
v 1.315000 0.955000 0.272031
v 1.325000 0.955000 0.267341
v 1.335000 0.955000 0.272031
v 1.345000 0.955000 0.272031
v 1.355000 0.955000 0.276722
v 1.365000 0.955000 0.057223
v 1.375000 0.955000 0.234510
v 1.385000 0.955000 0.234510
v 1.395000 0.955000 0.239200
v 1.405000 0.955000 0.239200
v 1.415000 0.955000 0.239200
v 1.425000 0.955000 0.239200
v 1.435000 0.955000 0.239200
v 1.445000 0.955000 0.239200
v 1.455000 0.955000 0.234510
v 1.465000 0.955000 0.234510
v 1.475000 0.955000 0.234510
v 1.485000 0.955000 0.234510
v 1.495000 0.955000 0.234510
v 1.505000 0.955000 0.234510
v 1.515000 0.955000 0.234510
v 1.525000 0.955000 0.229820
v 1.535000 0.955000 0.229820
v 1.545000 0.955000 0.225129
v 1.555000 0.955000 0.215749
v 1.565000 0.955000 0.215749
v 1.575000 0.955000 0.225129
v 1.585000 0.955000 0.229820
v 1.595000 0.955000 0.150086
v 0.705000 0.965000 0.239200
v 0.715000 0.965000 0.239200
v 0.725000 0.965000 0.239200
v 0.735000 0.965000 0.239200
v 0.745000 0.965000 0.239200
v 0.755000 0.965000 0.243890
v 0.765000 0.965000 0.243890
v 0.775000 0.965000 0.243890
v 0.785000 0.965000 0.243890
v 0.795000 0.965000 0.243890
v 0.805000 0.965000 0.243890
v 0.815000 0.965000 0.243890
v 0.825000 0.965000 0.243890
v 0.835000 0.965000 0.243890
v 0.845000 0.965000 0.248580
v 0.855000 0.965000 0.248580
v 0.865000 0.965000 0.253271
v 0.875000 0.965000 0.253271
v 0.885000 0.965000 0.253271
v 0.895000 0.965000 0.253271
v 0.905000 0.965000 0.253271
v 0.915000 0.965000 0.253271
v 0.925000 0.965000 0.253271
v 0.935000 0.965000 0.253271
v 0.945000 0.965000 0.253271
v 0.955000 0.965000 0.253271
v 0.965000 0.965000 0.253271
v 0.975000 0.965000 0.257961
v 0.985000 0.965000 0.257961
v 0.995000 0.965000 0.257961
v 1.005000 0.965000 0.262651
v 1.015000 0.965000 0.262651
v 1.025000 0.965000 0.262651
v 1.035000 0.965000 0.262651
v 1.045000 0.965000 0.267341
v 1.055000 0.965000 0.267341
v 1.065000 0.965000 0.267341
v 1.075000 0.965000 0.267341
v 1.085000 0.965000 0.267341
v 1.095000 0.965000 0.267341
v 1.105000 0.965000 0.267341
v 1.115000 0.965000 0.267341
v 1.125000 0.965000 0.267341
v 1.135000 0.965000 0.267341
v 1.145000 0.965000 0.267341
v 1.155000 0.965000 0.267341
v 1.165000 0.965000 0.272031
v 1.175000 0.965000 0.272031
v 1.185000 0.965000 0.276722
v 1.195000 0.965000 0.276722
v 1.205000 0.965000 0.276722
v 1.215000 0.965000 0.276722
v 1.225000 0.965000 0.276722
v 1.235000 0.965000 0.272031
v 1.245000 0.965000 0.272031
v 1.255000 0.965000 0.276722
v 1.265000 0.965000 0.276722
v 1.275000 0.965000 0.276722
v 1.285000 0.965000 0.272031
v 1.295000 0.965000 0.267341
v 1.305000 0.965000 0.267341
v 1.315000 0.965000 0.267341
v 1.325000 0.965000 0.267341
v 1.335000 0.965000 0.272031
v 1.345000 0.965000 0.272031
v 1.355000 0.965000 0.272031
v 1.365000 0.965000 0.057223
v 1.375000 0.965000 0.234510
v 1.385000 0.965000 0.234510
v 1.395000 0.965000 0.234510
v 1.405000 0.965000 0.239200
v 1.415000 0.965000 0.234510
v 1.425000 0.965000 0.234510
v 1.435000 0.965000 0.234510
v 1.445000 0.965000 0.234510
v 1.455000 0.965000 0.234510
v 1.465000 0.965000 0.234510
v 1.475000 0.965000 0.234510
v 1.485000 0.965000 0.234510
v 1.495000 0.965000 0.234510
v 1.505000 0.965000 0.234510
v 1.515000 0.965000 0.229820
v 1.525000 0.965000 0.229820
v 1.535000 0.965000 0.225129
v 1.545000 0.965000 0.220439
v 1.555000 0.965000 0.211059
v 1.565000 0.965000 0.215749
v 1.575000 0.965000 0.225129
v 1.585000 0.965000 0.057223
v 1.595000 0.965000 0.150086
v 0.705000 0.975000 0.239200
v 0.715000 0.975000 0.239200
v 0.725000 0.975000 0.239200
v 0.735000 0.975000 0.239200
v 0.745000 0.975000 0.239200
v 0.755000 0.975000 0.243890
v 0.765000 0.975000 0.243890
v 0.775000 0.975000 0.243890
v 0.785000 0.975000 0.243890
v 0.795000 0.975000 0.243890
v 0.805000 0.975000 0.243890
v 0.815000 0.975000 0.239200
v 0.825000 0.975000 0.243890
v 0.835000 0.975000 0.243890
v 0.845000 0.975000 0.248580
v 0.855000 0.975000 0.248580
v 0.865000 0.975000 0.253271
v 0.875000 0.975000 0.253271
v 0.885000 0.975000 0.248580
v 0.895000 0.975000 0.253271
v 0.905000 0.975000 0.253271
v 0.915000 0.975000 0.253271
v 0.925000 0.975000 0.253271
v 0.935000 0.975000 0.253271
v 0.945000 0.975000 0.253271
v 0.955000 0.975000 0.253271
v 0.965000 0.975000 0.253271
v 0.975000 0.975000 0.257961
v 0.985000 0.975000 0.257961
v 0.995000 0.975000 0.257961
v 1.005000 0.975000 0.257961
v 1.015000 0.975000 0.262651
v 1.025000 0.975000 0.262651
v 1.035000 0.975000 0.262651
v 1.045000 0.975000 0.262651
v 1.055000 0.975000 0.262651
v 1.065000 0.975000 0.267341
v 1.075000 0.975000 0.267341
v 1.085000 0.975000 0.267341
v 1.095000 0.975000 0.267341
v 1.105000 0.975000 0.262651
v 1.115000 0.975000 0.262651
v 1.125000 0.975000 0.262651
v 1.135000 0.975000 0.262651
v 1.145000 0.975000 0.262651
v 1.155000 0.975000 0.267341
v 1.165000 0.975000 0.267341
v 1.175000 0.975000 0.272031
v 1.185000 0.975000 0.272031
v 1.195000 0.975000 0.267341
v 1.205000 0.975000 0.272031
v 1.215000 0.975000 0.272031
v 1.225000 0.975000 0.276722
v 1.235000 0.975000 0.272031
v 1.245000 0.975000 0.272031
v 1.255000 0.975000 0.276722
v 1.265000 0.975000 0.276722
v 1.275000 0.975000 0.272031
v 1.285000 0.975000 0.267341
v 1.295000 0.975000 0.262651
v 1.305000 0.975000 0.267341
v 1.315000 0.975000 0.267341
v 1.325000 0.975000 0.267341
v 1.335000 0.975000 0.272031
v 1.345000 0.975000 0.272031
v 1.355000 0.975000 0.272031
v 1.365000 0.975000 0.234510
v 1.375000 0.975000 0.234510
v 1.385000 0.975000 0.234510
v 1.395000 0.975000 0.234510
v 1.405000 0.975000 0.239200
v 1.415000 0.975000 0.234510
v 1.425000 0.975000 0.234510
v 1.435000 0.975000 0.234510
v 1.445000 0.975000 0.234510
v 1.455000 0.975000 0.234510
v 1.465000 0.975000 0.234510
v 1.475000 0.975000 0.229820
v 1.485000 0.975000 0.234510
v 1.495000 0.975000 0.229820
v 1.505000 0.975000 0.229820
v 1.515000 0.975000 0.229820
v 1.525000 0.975000 0.057223
v 1.535000 0.975000 0.215749
v 1.545000 0.975000 0.215749
v 1.555000 0.975000 0.211059
v 1.565000 0.975000 0.211059
v 1.575000 0.975000 0.220439
v 1.585000 0.975000 0.057223
v 0.705000 0.985000 0.239200
v 0.715000 0.985000 0.239200
v 0.725000 0.985000 0.239200
v 0.735000 0.985000 0.239200
v 0.745000 0.985000 0.239200
v 0.755000 0.985000 0.239200
v 0.765000 0.985000 0.239200
v 0.775000 0.985000 0.239200
v 0.785000 0.985000 0.243890
v 0.795000 0.985000 0.243890
v 0.805000 0.985000 0.243890
v 0.815000 0.985000 0.239200
v 0.825000 0.985000 0.243890
v 0.835000 0.985000 0.243890
v 0.845000 0.985000 0.248580
v 0.855000 0.985000 0.248580
v 0.865000 0.985000 0.248580
v 0.875000 0.985000 0.248580
v 0.885000 0.985000 0.248580
v 0.895000 0.985000 0.248580
v 0.905000 0.985000 0.253271
v 0.915000 0.985000 0.253271
v 0.925000 0.985000 0.253271
v 0.935000 0.985000 0.253271
v 0.945000 0.985000 0.253271
v 0.955000 0.985000 0.253271
v 0.965000 0.985000 0.253271
v 0.975000 0.985000 0.253271
v 0.985000 0.985000 0.257961
v 0.995000 0.985000 0.257961
v 1.005000 0.985000 0.257961
v 1.015000 0.985000 0.262651
v 1.025000 0.985000 0.257961
v 1.035000 0.985000 0.257961
v 1.045000 0.985000 0.262651
v 1.055000 0.985000 0.262651
v 1.065000 0.985000 0.267341
v 1.075000 0.985000 0.262651
v 1.085000 0.985000 0.262651
v 1.095000 0.985000 0.262651
v 1.105000 0.985000 0.262651
v 1.115000 0.985000 0.262651
v 1.125000 0.985000 0.262651
v 1.135000 0.985000 0.262651
v 1.145000 0.985000 0.262651
v 1.155000 0.985000 0.262651
v 1.165000 0.985000 0.267341
v 1.175000 0.985000 0.267341
v 1.185000 0.985000 0.267341
v 1.195000 0.985000 0.267341
v 1.205000 0.985000 0.272031
v 1.215000 0.985000 0.272031
v 1.225000 0.985000 0.272031
v 1.235000 0.985000 0.267341
v 1.245000 0.985000 0.272031
v 1.255000 0.985000 0.276722
v 1.265000 0.985000 0.272031
v 1.275000 0.985000 0.262651
v 1.285000 0.985000 0.262651
v 1.295000 0.985000 0.257961
v 1.305000 0.985000 0.262651
v 1.315000 0.985000 0.267341
v 1.325000 0.985000 0.267341
v 1.335000 0.985000 0.272031
v 1.345000 0.985000 0.267341
v 1.355000 0.985000 0.057223
v 1.365000 0.985000 0.234510
v 1.375000 0.985000 0.234510
v 1.385000 0.985000 0.234510
v 1.395000 0.985000 0.234510
v 1.405000 0.985000 0.234510
v 1.415000 0.985000 0.234510
v 1.425000 0.985000 0.229820
v 1.435000 0.985000 0.234510
v 1.445000 0.985000 0.234510
v 1.455000 0.985000 0.229820
v 1.465000 0.985000 0.229820
v 1.475000 0.985000 0.225129
v 1.485000 0.985000 0.229820
v 1.495000 0.985000 0.229820
v 1.505000 0.985000 0.229820
v 1.515000 0.985000 0.229820
v 1.525000 0.985000 0.225129
v 1.535000 0.985000 0.211059
v 1.545000 0.985000 0.211059
v 1.555000 0.985000 0.211059
v 1.565000 0.985000 0.211059
v 1.575000 0.985000 0.215749
v 1.585000 0.985000 0.150086
v 0.705000 0.995000 0.239200
v 0.715000 0.995000 0.239200
v 0.725000 0.995000 0.239200
v 0.735000 0.995000 0.239200
v 0.745000 0.995000 0.239200
v 0.755000 0.995000 0.239200
v 0.765000 0.995000 0.239200
v 0.775000 0.995000 0.239200
v 0.785000 0.995000 0.239200
v 0.795000 0.995000 0.243890
v 0.805000 0.995000 0.243890
v 0.815000 0.995000 0.239200
v 0.825000 0.995000 0.239200
v 0.835000 0.995000 0.243890
v 0.845000 0.995000 0.243890
v 0.855000 0.995000 0.248580
v 0.865000 0.995000 0.243890
v 0.875000 0.995000 0.248580
v 0.885000 0.995000 0.248580
v 0.895000 0.995000 0.248580
v 0.905000 0.995000 0.253271
v 0.915000 0.995000 0.248580
v 0.925000 0.995000 0.253271
v 0.935000 0.995000 0.253271
v 0.945000 0.995000 0.253271
v 0.955000 0.995000 0.253271
v 0.965000 0.995000 0.253271
v 0.975000 0.995000 0.253271
v 0.985000 0.995000 0.253271
v 0.995000 0.995000 0.257961
v 1.005000 0.995000 0.257961
v 1.015000 0.995000 0.262651
v 1.025000 0.995000 0.257961
v 1.035000 0.995000 0.257961
v 1.045000 0.995000 0.257961
v 1.055000 0.995000 0.262651
v 1.065000 0.995000 0.262651
v 1.075000 0.995000 0.262651
v 1.085000 0.995000 0.262651
v 1.095000 0.995000 0.262651
v 1.105000 0.995000 0.262651
v 1.115000 0.995000 0.262651
v 1.125000 0.995000 0.262651
v 1.135000 0.995000 0.262651
v 1.145000 0.995000 0.262651
v 1.155000 0.995000 0.262651
v 1.165000 0.995000 0.262651
v 1.175000 0.995000 0.262651
v 1.185000 0.995000 0.262651
v 1.195000 0.995000 0.267341
v 1.205000 0.995000 0.267341
v 1.215000 0.995000 0.267341
v 1.225000 0.995000 0.267341
v 1.235000 0.995000 0.267341
v 1.245000 0.995000 0.267341
v 1.255000 0.995000 0.276722
v 1.265000 0.995000 0.267341
v 1.275000 0.995000 0.257961
v 1.285000 0.995000 0.257961
v 1.295000 0.995000 0.253271
v 1.305000 0.995000 0.262651
v 1.315000 0.995000 0.267341
v 1.325000 0.995000 0.272031
v 1.335000 0.995000 0.267341
v 1.345000 0.995000 0.262651
v 1.355000 0.995000 0.057223
v 1.365000 0.995000 0.225129
v 1.375000 0.995000 0.229820
v 1.385000 0.995000 0.229820
v 1.395000 0.995000 0.234510
v 1.405000 0.995000 0.234510
v 1.415000 0.995000 0.229820
v 1.425000 0.995000 0.229820
v 1.435000 0.995000 0.229820
v 1.445000 0.995000 0.229820
v 1.455000 0.995000 0.229820
v 1.465000 0.995000 0.229820
v 1.475000 0.995000 0.225129
v 1.485000 0.995000 0.225129
v 1.495000 0.995000 0.225129
v 1.505000 0.995000 0.225129
v 1.515000 0.995000 0.225129
v 1.525000 0.995000 0.215749
v 1.535000 0.995000 0.206369
v 1.545000 0.995000 0.206369
v 1.555000 0.995000 0.206369
v 1.565000 0.995000 0.211059
v 1.575000 0.995000 0.215749
v 1.585000 0.995000 0.150086
v 0.705000 1.005000 0.239200
v 0.715000 1.005000 0.239200
v 0.725000 1.005000 0.239200
v 0.735000 1.005000 0.239200
v 0.745000 1.005000 0.239200
v 0.755000 1.005000 0.239200
v 0.765000 1.005000 0.239200
v 0.775000 1.005000 0.239200
v 0.785000 1.005000 0.239200
v 0.795000 1.005000 0.243890
v 0.805000 1.005000 0.239200
v 0.815000 1.005000 0.239200
v 0.825000 1.005000 0.243890
v 0.835000 1.005000 0.243890
v 0.845000 1.005000 0.243890
v 0.855000 1.005000 0.248580
v 0.865000 1.005000 0.243890
v 0.875000 1.005000 0.248580
v 0.885000 1.005000 0.248580
v 0.895000 1.005000 0.248580
v 0.905000 1.005000 0.248580
v 0.915000 1.005000 0.248580
v 0.925000 1.005000 0.248580
v 0.935000 1.005000 0.253271
v 0.945000 1.005000 0.253271
v 0.955000 1.005000 0.253271
v 0.965000 1.005000 0.253271
v 0.975000 1.005000 0.253271
v 0.985000 1.005000 0.253271
v 0.995000 1.005000 0.257961
v 1.005000 1.005000 0.257961
v 1.015000 1.005000 0.257961
v 1.025000 1.005000 0.257961
v 1.035000 1.005000 0.257961
v 1.045000 1.005000 0.257961
v 1.055000 1.005000 0.257961
v 1.065000 1.005000 0.257961
v 1.075000 1.005000 0.257961
v 1.085000 1.005000 0.262651
v 1.095000 1.005000 0.262651
v 1.105000 1.005000 0.262651
v 1.115000 1.005000 0.262651
v 1.125000 1.005000 0.262651
v 1.135000 1.005000 0.257961
v 1.145000 1.005000 0.262651
v 1.155000 1.005000 0.257961
v 1.165000 1.005000 0.262651
v 1.175000 1.005000 0.262651
v 1.185000 1.005000 0.262651
v 1.195000 1.005000 0.262651
v 1.205000 1.005000 0.267341
v 1.215000 1.005000 0.262651
v 1.225000 1.005000 0.267341
v 1.235000 1.005000 0.262651
v 1.245000 1.005000 0.267341
v 1.255000 1.005000 0.276722
v 1.265000 1.005000 0.262651
v 1.275000 1.005000 0.253271
v 1.285000 1.005000 0.253271
v 1.295000 1.005000 0.253271
v 1.305000 1.005000 0.257961
v 1.315000 1.005000 0.267341
v 1.325000 1.005000 0.267341
v 1.335000 1.005000 0.267341
v 1.345000 1.005000 0.262651
v 1.355000 1.005000 0.057223
v 1.365000 1.005000 0.057223
v 1.375000 1.005000 0.225129
v 1.385000 1.005000 0.229820
v 1.395000 1.005000 0.229820
v 1.405000 1.005000 0.057223
v 1.415000 1.005000 0.057223
v 1.425000 1.005000 0.057223
v 1.435000 1.005000 0.057223
v 1.445000 1.005000 0.057223
v 1.455000 1.005000 0.150086
v 1.465000 1.005000 0.150086
v 1.475000 1.005000 0.150086
v 1.485000 1.005000 0.150086
v 1.495000 1.005000 0.150086
v 1.505000 1.005000 0.150086
v 1.515000 1.005000 0.057223
v 1.525000 1.005000 0.057223
v 1.535000 1.005000 0.206369
v 1.545000 1.005000 0.206369
v 1.555000 1.005000 0.206369
v 1.565000 1.005000 0.211059
v 1.575000 1.005000 0.057223
v 1.585000 1.005000 0.150086
v 0.705000 1.015000 0.239200
v 0.715000 1.015000 0.239200
v 0.725000 1.015000 0.239200
v 0.735000 1.015000 0.239200
v 0.745000 1.015000 0.239200
v 0.755000 1.015000 0.239200
v 0.765000 1.015000 0.239200
v 0.775000 1.015000 0.239200
v 0.785000 1.015000 0.239200
v 0.795000 1.015000 0.239200
v 0.805000 1.015000 0.239200
v 0.815000 1.015000 0.239200
v 0.825000 1.015000 0.239200
v 0.835000 1.015000 0.243890
v 0.845000 1.015000 0.243890
v 0.855000 1.015000 0.248580
v 0.865000 1.015000 0.248580
v 0.875000 1.015000 0.248580
v 0.885000 1.015000 0.248580
v 0.895000 1.015000 0.248580
v 0.905000 1.015000 0.248580
v 0.915000 1.015000 0.248580
v 0.925000 1.015000 0.248580
v 0.935000 1.015000 0.253271
v 0.945000 1.015000 0.253271
v 0.955000 1.015000 0.253271
v 0.965000 1.015000 0.253271
v 0.975000 1.015000 0.253271
v 0.985000 1.015000 0.253271
v 0.995000 1.015000 0.257961
v 1.005000 1.015000 0.257961
v 1.015000 1.015000 0.253271
v 1.025000 1.015000 0.253271
v 1.035000 1.015000 0.257961
v 1.045000 1.015000 0.257961
v 1.055000 1.015000 0.257961
v 1.065000 1.015000 0.257961
v 1.075000 1.015000 0.257961
v 1.085000 1.015000 0.257961
v 1.095000 1.015000 0.257961
v 1.105000 1.015000 0.257961
v 1.115000 1.015000 0.257961
v 1.125000 1.015000 0.262651
v 1.135000 1.015000 0.257961
v 1.145000 1.015000 0.257961
v 1.155000 1.015000 0.257961
v 1.165000 1.015000 0.257961
v 1.175000 1.015000 0.257961
v 1.185000 1.015000 0.257961
v 1.195000 1.015000 0.262651
v 1.205000 1.015000 0.262651
v 1.215000 1.015000 0.262651
v 1.225000 1.015000 0.262651
v 1.235000 1.015000 0.262651
v 1.245000 1.015000 0.262651
v 1.255000 1.015000 0.262651
v 1.265000 1.015000 0.257961
v 1.275000 1.015000 0.253271
v 1.285000 1.015000 0.253271
v 1.295000 1.015000 0.253271
v 1.305000 1.015000 0.257961
v 1.315000 1.015000 0.262651
v 1.325000 1.015000 0.267341
v 1.335000 1.015000 0.262651
v 1.345000 1.015000 0.257961
v 1.355000 1.015000 0.057223
v 1.365000 1.015000 0.057223
v 1.375000 1.015000 0.215749
v 1.385000 1.015000 0.057223
v 1.395000 1.015000 0.057223
v 1.525000 1.015000 0.057223
v 1.535000 1.015000 0.211059
v 1.545000 1.015000 0.206369
v 1.555000 1.015000 0.211059
v 1.565000 1.015000 0.057223
v 1.575000 1.015000 0.057223
v 0.705000 1.025000 0.239200
v 0.715000 1.025000 0.239200
v 0.725000 1.025000 0.239200
v 0.735000 1.025000 0.239200
v 0.745000 1.025000 0.239200
v 0.755000 1.025000 0.239200
v 0.765000 1.025000 0.239200
v 0.775000 1.025000 0.239200
v 0.785000 1.025000 0.239200
v 0.795000 1.025000 0.239200
v 0.805000 1.025000 0.239200
v 0.815000 1.025000 0.239200
v 0.825000 1.025000 0.243890
v 0.835000 1.025000 0.243890
v 0.845000 1.025000 0.243890
v 0.855000 1.025000 0.243890
v 0.865000 1.025000 0.248580
v 0.875000 1.025000 0.248580
v 0.885000 1.025000 0.248580
v 0.895000 1.025000 0.248580
v 0.905000 1.025000 0.248580
v 0.915000 1.025000 0.248580
v 0.925000 1.025000 0.248580
v 0.935000 1.025000 0.248580
v 0.945000 1.025000 0.253271
v 0.955000 1.025000 0.248580
v 0.965000 1.025000 0.253271
v 0.975000 1.025000 0.253271
v 0.985000 1.025000 0.253271
v 0.995000 1.025000 0.253271
v 1.005000 1.025000 0.253271
v 1.015000 1.025000 0.253271
v 1.025000 1.025000 0.253271
v 1.035000 1.025000 0.253271
v 1.045000 1.025000 0.253271
v 1.055000 1.025000 0.253271
v 1.065000 1.025000 0.257961
v 1.075000 1.025000 0.257961
v 1.085000 1.025000 0.257961
v 1.095000 1.025000 0.257961
v 1.105000 1.025000 0.257961
v 1.115000 1.025000 0.257961
v 1.125000 1.025000 0.257961
v 1.135000 1.025000 0.257961
v 1.145000 1.025000 0.257961
v 1.155000 1.025000 0.257961
v 1.165000 1.025000 0.257961
v 1.175000 1.025000 0.257961
v 1.185000 1.025000 0.257961
v 1.195000 1.025000 0.257961
v 1.205000 1.025000 0.257961
v 1.215000 1.025000 0.262651
v 1.225000 1.025000 0.262651
v 1.235000 1.025000 0.262651
v 1.245000 1.025000 0.262651
v 1.255000 1.025000 0.262651
v 1.265000 1.025000 0.253271
v 1.275000 1.025000 0.253271
v 1.285000 1.025000 0.253271
v 1.295000 1.025000 0.253271
v 1.305000 1.025000 0.253271
v 1.315000 1.025000 0.257961
v 1.325000 1.025000 0.257961
v 1.335000 1.025000 0.262651
v 1.345000 1.025000 0.253271
v 1.355000 1.025000 0.057223
v 1.365000 1.025000 0.057223
v 1.375000 1.025000 0.211059
v 1.535000 1.025000 0.057223
v 1.545000 1.025000 0.211059
v 1.555000 1.025000 0.215749
v 1.565000 1.025000 0.057223
v 0.705000 1.035000 0.239200
v 0.715000 1.035000 0.239200
v 0.725000 1.035000 0.234510
v 0.735000 1.035000 0.234510
v 0.745000 1.035000 0.234510
v 0.755000 1.035000 0.239200
v 0.765000 1.035000 0.239200
v 0.775000 1.035000 0.239200
v 0.785000 1.035000 0.239200
v 0.795000 1.035000 0.239200
v 0.805000 1.035000 0.239200
v 0.815000 1.035000 0.239200
v 0.825000 1.035000 0.239200
v 0.835000 1.035000 0.239200
v 0.845000 1.035000 0.243890
v 0.855000 1.035000 0.243890
v 0.865000 1.035000 0.243890
v 0.875000 1.035000 0.243890
v 0.885000 1.035000 0.243890
v 0.895000 1.035000 0.248580
v 0.905000 1.035000 0.248580
v 0.915000 1.035000 0.248580
v 0.925000 1.035000 0.248580
v 0.935000 1.035000 0.248580
v 0.945000 1.035000 0.248580
v 0.955000 1.035000 0.248580
v 0.965000 1.035000 0.248580
v 0.975000 1.035000 0.253271
v 0.985000 1.035000 0.253271
v 0.995000 1.035000 0.253271
v 1.005000 1.035000 0.253271
v 1.015000 1.035000 0.253271
v 1.025000 1.035000 0.253271
v 1.035000 1.035000 0.253271
v 1.045000 1.035000 0.253271
v 1.055000 1.035000 0.253271
v 1.065000 1.035000 0.253271
v 1.075000 1.035000 0.257961
v 1.085000 1.035000 0.257961
v 1.095000 1.035000 0.253271
v 1.105000 1.035000 0.253271
v 1.115000 1.035000 0.257961
v 1.125000 1.035000 0.257961
v 1.135000 1.035000 0.257961
v 1.145000 1.035000 0.257961
v 1.155000 1.035000 0.253271
v 1.165000 1.035000 0.253271
v 1.175000 1.035000 0.257961
v 1.185000 1.035000 0.257961
v 1.195000 1.035000 0.253271
v 1.205000 1.035000 0.257961
v 1.215000 1.035000 0.262651
v 1.225000 1.035000 0.262651
v 1.235000 1.035000 0.262651
v 1.245000 1.035000 0.262651
v 1.255000 1.035000 0.262651
v 1.265000 1.035000 0.248580
v 1.275000 1.035000 0.248580
v 1.285000 1.035000 0.248580
v 1.295000 1.035000 0.248580
v 1.305000 1.035000 0.253271
v 1.315000 1.035000 0.257961
v 1.325000 1.035000 0.253271
v 1.335000 1.035000 0.253271
v 1.345000 1.035000 0.057223
v 1.535000 1.035000 0.150086
v 1.545000 1.035000 0.150086
v 1.555000 1.035000 0.150086
v 1.565000 1.035000 0.150086
v 0.705000 1.045000 0.234510
v 0.715000 1.045000 0.234510
v 0.725000 1.045000 0.234510
v 0.735000 1.045000 0.234510
v 0.745000 1.045000 0.234510
v 0.755000 1.045000 0.234510
v 0.765000 1.045000 0.234510
v 0.775000 1.045000 0.239200
v 0.785000 1.045000 0.239200
v 0.795000 1.045000 0.239200
v 0.805000 1.045000 0.239200
v 0.815000 1.045000 0.239200
v 0.825000 1.045000 0.239200
v 0.835000 1.045000 0.239200
v 0.845000 1.045000 0.239200
v 0.855000 1.045000 0.243890
v 0.865000 1.045000 0.243890
v 0.875000 1.045000 0.243890
v 0.885000 1.045000 0.243890
v 0.895000 1.045000 0.248580
v 0.905000 1.045000 0.248580
v 0.915000 1.045000 0.243890
v 0.925000 1.045000 0.248580
v 0.935000 1.045000 0.248580
v 0.945000 1.045000 0.248580
v 0.955000 1.045000 0.248580
v 0.965000 1.045000 0.248580
v 0.975000 1.045000 0.253271
v 0.985000 1.045000 0.253271
v 0.995000 1.045000 0.253271
v 1.005000 1.045000 0.253271
v 1.015000 1.045000 0.253271
v 1.025000 1.045000 0.248580
v 1.035000 1.045000 0.253271
v 1.045000 1.045000 0.253271
v 1.055000 1.045000 0.253271
v 1.065000 1.045000 0.253271
v 1.075000 1.045000 0.253271
v 1.085000 1.045000 0.253271
v 1.095000 1.045000 0.248580
v 1.105000 1.045000 0.253271
v 1.115000 1.045000 0.253271
v 1.125000 1.045000 0.253271
v 1.135000 1.045000 0.253271
v 1.145000 1.045000 0.253271
v 1.155000 1.045000 0.253271
v 1.165000 1.045000 0.253271
v 1.175000 1.045000 0.253271
v 1.185000 1.045000 0.257961
v 1.195000 1.045000 0.253271
v 1.205000 1.045000 0.257961
v 1.215000 1.045000 0.257961
v 1.225000 1.045000 0.262651
v 1.235000 1.045000 0.257961
v 1.245000 1.045000 0.262651
v 1.255000 1.045000 0.262651
v 1.265000 1.045000 0.248580
v 1.275000 1.045000 0.248580
v 1.285000 1.045000 0.243890
v 1.295000 1.045000 0.248580
v 1.305000 1.045000 0.253271
v 1.315000 1.045000 0.253271
v 1.325000 1.045000 0.248580
v 1.335000 1.045000 0.253271
v 1.345000 1.045000 0.057223
v 0.705000 1.055000 0.234510
v 0.715000 1.055000 0.234510
v 0.725000 1.055000 0.234510
v 0.735000 1.055000 0.234510
v 0.745000 1.055000 0.234510
v 0.755000 1.055000 0.234510
v 0.765000 1.055000 0.234510
v 0.775000 1.055000 0.234510
v 0.785000 1.055000 0.239200
v 0.795000 1.055000 0.239200
v 0.805000 1.055000 0.239200
v 0.815000 1.055000 0.239200
v 0.825000 1.055000 0.239200
v 0.835000 1.055000 0.239200
v 0.845000 1.055000 0.239200
v 0.855000 1.055000 0.243890
v 0.865000 1.055000 0.239200
v 0.875000 1.055000 0.243890
v 0.885000 1.055000 0.248580
v 0.895000 1.055000 0.248580
v 0.905000 1.055000 0.248580
v 0.915000 1.055000 0.243890
v 0.925000 1.055000 0.243890
v 0.935000 1.055000 0.248580
v 0.945000 1.055000 0.248580
v 0.955000 1.055000 0.248580
v 0.965000 1.055000 0.248580
v 0.975000 1.055000 0.248580
v 0.985000 1.055000 0.253271
v 0.995000 1.055000 0.248580
v 1.005000 1.055000 0.253271
v 1.015000 1.055000 0.248580
v 1.025000 1.055000 0.248580
v 1.035000 1.055000 0.248580
v 1.045000 1.055000 0.253271
v 1.055000 1.055000 0.253271
v 1.065000 1.055000 0.248580
v 1.075000 1.055000 0.248580
v 1.085000 1.055000 0.248580
v 1.095000 1.055000 0.248580
v 1.105000 1.055000 0.253271
v 1.115000 1.055000 0.248580
v 1.125000 1.055000 0.248580
v 1.135000 1.055000 0.248580
v 1.145000 1.055000 0.253271
v 1.155000 1.055000 0.253271
v 1.165000 1.055000 0.253271
v 1.175000 1.055000 0.253271
v 1.185000 1.055000 0.257961
v 1.195000 1.055000 0.253271
v 1.205000 1.055000 0.253271
v 1.215000 1.055000 0.257961
v 1.225000 1.055000 0.257961
v 1.235000 1.055000 0.253271
v 1.245000 1.055000 0.257961
v 1.255000 1.055000 0.262651
v 1.265000 1.055000 0.248580
v 1.275000 1.055000 0.243890
v 1.285000 1.055000 0.243890
v 1.295000 1.055000 0.243890
v 1.305000 1.055000 0.248580
v 1.315000 1.055000 0.253271
v 1.325000 1.055000 0.248580
v 1.335000 1.055000 0.248580
v 1.345000 1.055000 0.150086
v 0.705000 1.065000 0.239200
v 0.715000 1.065000 0.234510
v 0.725000 1.065000 0.234510
v 0.735000 1.065000 0.234510
v 0.745000 1.065000 0.234510
v 0.755000 1.065000 0.234510
v 0.765000 1.065000 0.234510
v 0.775000 1.065000 0.234510
v 0.785000 1.065000 0.239200
v 0.795000 1.065000 0.239200
v 0.805000 1.065000 0.239200
v 0.815000 1.065000 0.239200
v 0.825000 1.065000 0.239200
v 0.835000 1.065000 0.239200
v 0.845000 1.065000 0.239200
v 0.855000 1.065000 0.239200
v 0.865000 1.065000 0.239200
v 0.875000 1.065000 0.239200
v 0.885000 1.065000 0.248580
v 0.895000 1.065000 0.248580
v 0.905000 1.065000 0.243890
v 0.915000 1.065000 0.243890
v 0.925000 1.065000 0.243890
v 0.935000 1.065000 0.243890
v 0.945000 1.065000 0.243890
v 0.955000 1.065000 0.243890
v 0.965000 1.065000 0.248580
v 0.975000 1.065000 0.248580
v 0.985000 1.065000 0.248580
v 0.995000 1.065000 0.248580
v 1.005000 1.065000 0.248580
v 1.015000 1.065000 0.248580
v 1.025000 1.065000 0.248580
v 1.035000 1.065000 0.243890
v 1.045000 1.065000 0.248580
v 1.055000 1.065000 0.253271
v 1.065000 1.065000 0.248580
v 1.075000 1.065000 0.248580
v 1.085000 1.065000 0.248580
v 1.095000 1.065000 0.248580
v 1.105000 1.065000 0.248580
v 1.115000 1.065000 0.248580
v 1.125000 1.065000 0.248580
v 1.135000 1.065000 0.248580
v 1.145000 1.065000 0.253271
v 1.155000 1.065000 0.253271
v 1.165000 1.065000 0.253271
v 1.175000 1.065000 0.253271
v 1.185000 1.065000 0.253271
v 1.195000 1.065000 0.253271
v 1.205000 1.065000 0.253271
v 1.215000 1.065000 0.253271
v 1.225000 1.065000 0.253271
v 1.235000 1.065000 0.253271
v 1.245000 1.065000 0.257961
v 1.255000 1.065000 0.257961
v 1.265000 1.065000 0.248580
v 1.275000 1.065000 0.243890
v 1.285000 1.065000 0.239200
v 1.295000 1.065000 0.243890
v 1.305000 1.065000 0.248580
v 1.315000 1.065000 0.248580
v 1.325000 1.065000 0.248580
v 1.335000 1.065000 0.057223
v 0.705000 1.075000 0.239200
v 0.715000 1.075000 0.234510
v 0.725000 1.075000 0.234510
v 0.735000 1.075000 0.234510
v 0.745000 1.075000 0.234510
v 0.755000 1.075000 0.234510
v 0.765000 1.075000 0.234510
v 0.775000 1.075000 0.234510
v 0.785000 1.075000 0.239200
v 0.795000 1.075000 0.239200
v 0.805000 1.075000 0.239200
v 0.815000 1.075000 0.239200
v 0.825000 1.075000 0.239200
v 0.835000 1.075000 0.239200
v 0.845000 1.075000 0.239200
v 0.855000 1.075000 0.239200
v 0.865000 1.075000 0.239200
v 0.875000 1.075000 0.239200
v 0.885000 1.075000 0.243890
v 0.895000 1.075000 0.243890
v 0.905000 1.075000 0.243890
v 0.915000 1.075000 0.243890
v 0.925000 1.075000 0.243890
v 0.935000 1.075000 0.243890
v 0.945000 1.075000 0.243890
v 0.955000 1.075000 0.243890
v 0.965000 1.075000 0.248580
v 0.975000 1.075000 0.248580
v 0.985000 1.075000 0.248580
v 0.995000 1.075000 0.248580
v 1.005000 1.075000 0.248580
v 1.015000 1.075000 0.243890
v 1.025000 1.075000 0.248580
v 1.035000 1.075000 0.248580
v 1.045000 1.075000 0.248580
v 1.055000 1.075000 0.248580
v 1.065000 1.075000 0.248580
v 1.075000 1.075000 0.248580
v 1.085000 1.075000 0.248580
v 1.095000 1.075000 0.248580
v 1.105000 1.075000 0.248580
v 1.115000 1.075000 0.248580
v 1.125000 1.075000 0.248580
v 1.135000 1.075000 0.248580
v 1.145000 1.075000 0.248580
v 1.155000 1.075000 0.253271
v 1.165000 1.075000 0.248580
v 1.175000 1.075000 0.253271
v 1.185000 1.075000 0.253271
v 1.195000 1.075000 0.253271
v 1.205000 1.075000 0.248580
v 1.215000 1.075000 0.253271
v 1.225000 1.075000 0.248580
v 1.235000 1.075000 0.248580
v 1.245000 1.075000 0.257961
v 1.255000 1.075000 0.253271
v 1.265000 1.075000 0.243890
v 1.275000 1.075000 0.243890
v 1.285000 1.075000 0.239200
v 1.295000 1.075000 0.243890
v 1.305000 1.075000 0.243890
v 1.315000 1.075000 0.248580
v 1.325000 1.075000 0.057223
v 1.335000 1.075000 0.057223
v 0.705000 1.085000 0.239200
v 0.715000 1.085000 0.234510
v 0.725000 1.085000 0.234510
v 0.735000 1.085000 0.234510
v 0.745000 1.085000 0.234510
v 0.755000 1.085000 0.234510
v 0.765000 1.085000 0.234510
v 0.775000 1.085000 0.234510
v 0.785000 1.085000 0.234510
v 0.795000 1.085000 0.234510
v 0.805000 1.085000 0.239200
v 0.815000 1.085000 0.239200
v 0.825000 1.085000 0.234510
v 0.835000 1.085000 0.239200
v 0.845000 1.085000 0.239200
v 0.855000 1.085000 0.234510
v 0.865000 1.085000 0.239200
v 0.875000 1.085000 0.239200
v 0.885000 1.085000 0.243890
v 0.895000 1.085000 0.243890
v 0.905000 1.085000 0.243890
v 0.915000 1.085000 0.239200
v 0.925000 1.085000 0.243890
v 0.935000 1.085000 0.243890
v 0.945000 1.085000 0.243890
v 0.955000 1.085000 0.243890
v 0.965000 1.085000 0.248580
v 0.975000 1.085000 0.248580
v 0.985000 1.085000 0.248580
v 0.995000 1.085000 0.248580
v 1.005000 1.085000 0.248580
v 1.015000 1.085000 0.243890
v 1.025000 1.085000 0.243890
v 1.035000 1.085000 0.243890
v 1.045000 1.085000 0.243890
v 1.055000 1.085000 0.243890
v 1.065000 1.085000 0.243890
v 1.075000 1.085000 0.248580
v 1.085000 1.085000 0.248580
v 1.095000 1.085000 0.248580
v 1.105000 1.085000 0.248580
v 1.115000 1.085000 0.243890
v 1.125000 1.085000 0.248580
v 1.135000 1.085000 0.248580
v 1.145000 1.085000 0.248580
v 1.155000 1.085000 0.248580
v 1.165000 1.085000 0.248580
v 1.175000 1.085000 0.248580
v 1.185000 1.085000 0.253271
v 1.195000 1.085000 0.248580
v 1.205000 1.085000 0.248580
v 1.215000 1.085000 0.253271
v 1.225000 1.085000 0.243890
v 1.235000 1.085000 0.248580
v 1.245000 1.085000 0.253271
v 1.255000 1.085000 0.243890
v 1.265000 1.085000 0.239200
v 1.275000 1.085000 0.243890
v 1.285000 1.085000 0.239200
v 1.295000 1.085000 0.239200
v 1.305000 1.085000 0.243890
v 1.315000 1.085000 0.243890
v 1.325000 1.085000 0.057223
v 0.705000 1.095000 0.234510
v 0.715000 1.095000 0.229820
v 0.725000 1.095000 0.234510
v 0.735000 1.095000 0.234510
v 0.745000 1.095000 0.234510
v 0.755000 1.095000 0.234510
v 0.765000 1.095000 0.229820
v 0.775000 1.095000 0.234510
v 0.785000 1.095000 0.234510
v 0.795000 1.095000 0.234510
v 0.805000 1.095000 0.234510
v 0.815000 1.095000 0.234510
v 0.825000 1.095000 0.234510
v 0.835000 1.095000 0.234510
v 0.845000 1.095000 0.234510
v 0.855000 1.095000 0.234510
v 0.865000 1.095000 0.239200
v 0.875000 1.095000 0.239200
v 0.885000 1.095000 0.239200
v 0.895000 1.095000 0.239200
v 0.905000 1.095000 0.239200
v 0.915000 1.095000 0.239200
v 0.925000 1.095000 0.243890
v 0.935000 1.095000 0.239200
v 0.945000 1.095000 0.243890
v 0.955000 1.095000 0.243890
v 0.965000 1.095000 0.243890
v 0.975000 1.095000 0.243890
v 0.985000 1.095000 0.243890
v 0.995000 1.095000 0.057223
v 1.005000 1.095000 0.057223
v 1.015000 1.095000 0.150086
v 1.025000 1.095000 0.057223
v 1.035000 1.095000 0.057223
v 1.045000 1.095000 0.243890
v 1.055000 1.095000 0.243890
v 1.065000 1.095000 0.243890
v 1.075000 1.095000 0.243890
v 1.085000 1.095000 0.239200
v 1.095000 1.095000 0.239200
v 1.105000 1.095000 0.243890
v 1.115000 1.095000 0.239200
v 1.125000 1.095000 0.243890
v 1.135000 1.095000 0.248580
v 1.145000 1.095000 0.248580
v 1.155000 1.095000 0.248580
v 1.165000 1.095000 0.248580
v 1.175000 1.095000 0.248580
v 1.185000 1.095000 0.248580
v 1.195000 1.095000 0.248580
v 1.205000 1.095000 0.248580
v 1.215000 1.095000 0.253271
v 1.225000 1.095000 0.225129
v 1.235000 1.095000 0.234510
v 1.245000 1.095000 0.239200
v 1.255000 1.095000 0.229820
v 1.265000 1.095000 0.234510
v 1.275000 1.095000 0.229820
v 1.285000 1.095000 0.234510
v 1.295000 1.095000 0.234510
v 1.305000 1.095000 0.239200
v 1.315000 1.095000 0.057223
v 0.705000 1.105000 0.234510
v 0.715000 1.105000 0.229820
v 0.725000 1.105000 0.229820
v 0.735000 1.105000 0.229820
v 0.745000 1.105000 0.229820
v 0.755000 1.105000 0.229820
v 0.765000 1.105000 0.229820
v 0.775000 1.105000 0.229820
v 0.785000 1.105000 0.234510
v 0.795000 1.105000 0.229820
v 0.805000 1.105000 0.234510
v 0.815000 1.105000 0.234510
v 0.825000 1.105000 0.234510
v 0.835000 1.105000 0.234510
v 0.845000 1.105000 0.229820
v 0.855000 1.105000 0.234510
v 0.865000 1.105000 0.239200
v 0.875000 1.105000 0.239200
v 0.885000 1.105000 0.239200
v 0.895000 1.105000 0.057223
v 0.905000 1.105000 0.239200
v 0.915000 1.105000 0.239200
v 0.925000 1.105000 0.239200
v 0.935000 1.105000 0.239200
v 0.945000 1.105000 0.239200
v 0.955000 1.105000 0.239200
v 0.965000 1.105000 0.239200
v 0.975000 1.105000 0.239200
v 0.985000 1.105000 0.057223
v 0.995000 1.105000 0.057223
v 1.005000 1.105000 0.057223
v 1.035000 1.105000 0.057223
v 1.045000 1.105000 0.057223
v 1.055000 1.105000 0.239200
v 1.065000 1.105000 0.239200
v 1.075000 1.105000 0.239200
v 1.085000 1.105000 0.057223
v 1.095000 1.105000 0.234510
v 1.105000 1.105000 0.234510
v 1.115000 1.105000 0.234510
v 1.125000 1.105000 0.057223
v 1.135000 1.105000 0.057223
v 1.145000 1.105000 0.057223
v 1.155000 1.105000 0.150086
v 1.165000 1.105000 0.150086
v 1.175000 1.105000 0.057223
v 1.185000 1.105000 0.057223
v 1.195000 1.105000 0.057223
v 1.205000 1.105000 0.057223
v 1.215000 1.105000 0.057223
v 1.225000 1.105000 0.220439
v 1.235000 1.105000 0.057223
v 1.245000 1.105000 0.057223
v 1.255000 1.105000 0.057223
v 1.265000 1.105000 0.225129
v 1.275000 1.105000 0.220439
v 1.285000 1.105000 0.220439
v 1.295000 1.105000 0.229820
v 1.305000 1.105000 0.234510
v 1.315000 1.105000 0.057223
v 0.705000 1.115000 0.229820
v 0.715000 1.115000 0.229820
v 0.725000 1.115000 0.229820
v 0.735000 1.115000 0.229820
v 0.745000 1.115000 0.229820
v 0.755000 1.115000 0.229820
v 0.765000 1.115000 0.229820
v 0.775000 1.115000 0.229820
v 0.785000 1.115000 0.229820
v 0.795000 1.115000 0.229820
v 0.805000 1.115000 0.229820
v 0.815000 1.115000 0.229820
v 0.825000 1.115000 0.229820
v 0.835000 1.115000 0.229820
v 0.845000 1.115000 0.229820
v 0.855000 1.115000 0.234510
v 0.865000 1.115000 0.239200
v 0.875000 1.115000 0.239200
v 0.885000 1.115000 0.239200
v 0.895000 1.115000 0.057223
v 0.905000 1.115000 0.057223
v 0.915000 1.115000 0.057223
v 0.925000 1.115000 0.057223
v 0.935000 1.115000 0.057223
v 0.945000 1.115000 0.239200
v 0.955000 1.115000 0.239200
v 0.965000 1.115000 0.239200
v 0.975000 1.115000 0.057223
v 0.985000 1.115000 0.057223
v 1.055000 1.115000 0.150086
v 1.065000 1.115000 0.150086
v 1.075000 1.115000 0.057223
v 1.085000 1.115000 0.057223
v 1.095000 1.115000 0.057223
v 1.105000 1.115000 0.057223
v 1.115000 1.115000 0.150086
v 1.125000 1.115000 0.150086
v 1.225000 1.115000 0.057223
v 1.265000 1.115000 0.215749
v 1.275000 1.115000 0.215749
v 1.285000 1.115000 0.057223
v 1.295000 1.115000 0.057223
v 1.305000 1.115000 0.057223
v 0.705000 1.125000 0.229820
v 0.715000 1.125000 0.229820
v 0.725000 1.125000 0.229820
v 0.735000 1.125000 0.229820
v 0.745000 1.125000 0.229820
v 0.755000 1.125000 0.229820
v 0.765000 1.125000 0.229820
v 0.775000 1.125000 0.229820
v 0.785000 1.125000 0.229820
v 0.795000 1.125000 0.229820
v 0.805000 1.125000 0.229820
v 0.815000 1.125000 0.229820
v 0.825000 1.125000 0.225129
v 0.835000 1.125000 0.229820
v 0.845000 1.125000 0.229820
v 0.855000 1.125000 0.234510
v 0.865000 1.125000 0.234510
v 0.875000 1.125000 0.234510
v 0.885000 1.125000 0.057223
v 0.895000 1.125000 0.057223
v 0.935000 1.125000 0.057223
v 0.945000 1.125000 0.234510
v 0.955000 1.125000 0.234510
v 0.965000 1.125000 0.057223
v 0.975000 1.125000 0.057223
v 1.265000 1.125000 0.057223
v 1.275000 1.125000 0.057223
v 0.705000 1.135000 0.225129
v 0.715000 1.135000 0.225129
v 0.725000 1.135000 0.225129
v 0.735000 1.135000 0.225129
v 0.745000 1.135000 0.229820
v 0.755000 1.135000 0.225129
v 0.765000 1.135000 0.229820
v 0.775000 1.135000 0.229820
v 0.785000 1.135000 0.229820
v 0.795000 1.135000 0.225129
v 0.805000 1.135000 0.057223
v 0.815000 1.135000 0.057223
v 0.825000 1.135000 0.057223
v 0.835000 1.135000 0.225129
v 0.845000 1.135000 0.225129
v 0.855000 1.135000 0.229820
v 0.865000 1.135000 0.229820
v 0.875000 1.135000 0.057223
v 0.885000 1.135000 0.057223
v 0.945000 1.135000 0.057223
v 0.955000 1.135000 0.150086
v 0.705000 1.145000 0.225129
v 0.715000 1.145000 0.225129
v 0.725000 1.145000 0.225129
v 0.735000 1.145000 0.225129
v 0.745000 1.145000 0.225129
v 0.755000 1.145000 0.225129
v 0.765000 1.145000 0.225129
v 0.775000 1.145000 0.057223
v 0.785000 1.145000 0.057223
v 0.795000 1.145000 0.150086
v 0.805000 1.145000 0.150086
v 0.815000 1.145000 0.150086
v 0.825000 1.145000 0.057223
v 0.835000 1.145000 0.057223
v 0.845000 1.145000 0.220439
v 0.855000 1.145000 0.225129
v 0.865000 1.145000 0.057223
v 0.875000 1.145000 0.057223
v 0.705000 1.155000 0.225129
v 0.715000 1.155000 0.225129
v 0.725000 1.155000 0.225129
v 0.735000 1.155000 0.225129
v 0.745000 1.155000 0.225129
v 0.755000 1.155000 0.225129
v 0.765000 1.155000 0.057223
v 0.775000 1.155000 0.057223
v 0.825000 1.155000 0.057223
v 0.835000 1.155000 0.057223
v 0.845000 1.155000 0.220439
v 0.855000 1.155000 0.057223
v 0.865000 1.155000 0.057223
v 0.715000 1.165000 0.150086
v 0.725000 1.165000 0.150086
v 0.735000 1.165000 0.150086
v 0.745000 1.165000 0.150086
v 0.755000 1.165000 0.150086
v 0.765000 1.165000 0.150086
v 0.835000 1.165000 0.057223
v 0.845000 1.165000 0.057223
v 0.855000 1.165000 0.057223
vn 0.6185 -0.1792 0.7651
vn -0.8621 0.4913 0.1241
vn -0.5451 -0.8360 -0.0625
vn 0.5408 -0.8371 0.0827
vn -0.1884 0.9676 -0.1683
vn 0.0659 -0.9978 -0.0071
vn 0.0655 -0.1966 0.9783
vn -0.9761 -0.0000 0.2175
vn -0.0000 -0.1844 0.9829
vn 0.3055 -0.9459 0.1091
vn -0.7034 0.1979 0.6826
vn 0.5528 -0.8292 0.0826
vn -0.6043 0.7957 -0.0414
vn -0.9919 0.1179 0.0474
vn -0.0000 -0.0000 1.0000
vn 0.3144 -0.9430 0.1096
vn -0.9516 -0.1696 -0.2562
vn -0.0000 -0.9951 0.0990
vn -0.2810 -0.5010 0.8186
vn -0.1782 -0.9773 0.1150
vn -0.3535 -0.8021 0.4813
vn 0.6903 -0.7161 0.1032
vn -0.7861 0.3727 0.4932
vn -0.4921 0.2689 0.8280
vn -0.2185 -0.9722 0.0837
vn 0.0079 -0.9949 0.1007
vn -0.5122 0.8585 0.0239
vn 0.1505 -0.2257 0.9625
vn -0.5574 -0.2574 0.7894
vn -0.0000 -0.2283 0.9736
vn -0.4471 -0.8850 0.1301
vn -0.4462 -0.8827 0.1472
vn 0.0444 0.9339 0.3548
vn -0.3410 -0.9382 -0.0587
vn -0.0000 -0.9742 0.2257
vn 0.8072 -0.5674 0.1626
vn 0.1291 -0.9869 0.0973
vn -0.3883 -0.9122 0.1311
vn 0.0228 -0.9890 0.1461
vn -0.9627 0.0068 0.2705
vn 0.0119 -0.9971 0.0749
vn 0.6718 0.6825 0.2879
vn -0.0000 -0.9951 0.0992
vn -0.5906 0.6142 0.5234
vn -0.4088 -0.8997 0.1532
vn 0.1777 -0.2666 0.9473
vn 0.3214 -0.9420 0.0961
vn -0.6469 0.5365 0.5419
vn 0.5481 -0.8321 0.0849
vn -0.8298 0.2428 0.5025
vn -0.7071 -0.0000 0.7071
vn 0.2226 -0.2226 0.9492
vn 0.0759 -0.2276 0.9708
vn 0.0496 0.9251 0.3764
vn -0.1830 -0.9760 0.1182
vn -0.4152 -0.7965 0.4395
vn -0.0000 -0.9817 0.1903
vn -0.8110 -0.5751 -0.1070
vn -0.7946 -0.6015 -0.0826
vn -0.2930 -0.8832 -0.3663
vn 0.6896 -0.7163 0.1068
vn -0.1613 0.8627 0.4793
vn -0.7348 -0.0443 0.6768
vn 0.1934 -0.1934 0.9619
vn -0.0000 -0.2709 0.9626
vn 0.1099 -0.3298 0.9376
vn 0.6996 -0.7109 0.0720
vn -0.9670 0.2344 -0.0993
vn -0.7460 0.0210 0.6656
vn -0.0770 -0.1540 0.9851
vn 0.0918 -0.1836 0.9787
vn 0.6877 -0.7212 0.0831
vn -0.8967 -0.4250 -0.1241
vn -0.3061 -0.8874 0.3447
vn -0.5892 0.6705 0.4508
vn -0.0060 -0.9970 0.0769
vn -0.7672 -0.6000 -0.2267
vn -0.7766 0.0216 0.6297
vn 0.1933 -0.1933 0.9619
vn -0.0000 -0.2984 0.9544
vn -0.1476 -0.2952 0.9440
vn 0.0759 -0.2277 0.9708
vn -0.1777 -0.2666 0.9473
vn 0.4659 -0.8723 0.1486
vn -0.9031 -0.3114 -0.2956
vn 0.0238 -0.9968 0.0763
vn -0.4433 -0.8865 0.1325
vn 0.4474 -0.8843 0.1337
vn -0.2644 -0.9600 0.0922
vn 0.0182 -0.9957 0.0904
vn -0.5880 0.6165 0.5236
vn -0.0000 -0.9946 0.1038
vn -0.4429 0.6757 0.5892
vn 0.0235 -0.9885 0.1495
vn -0.8254 0.2950 -0.4813
vn 0.4592 -0.8855 0.0704
vn -0.5447 -0.7995 -0.2532
vn -0.7863 -0.0000 0.6179
vn -0.0000 -0.1328 0.9911
vn 0.2912 -0.2184 0.9314
vn 0.3028 -0.3028 0.9037
vn 0.1844 -0.0000 0.9829
vn -0.2226 -0.2226 0.9492
vn -0.0684 -0.4789 0.8752
vn 0.5524 -0.4420 0.7067
vn 0.7022 -0.7080 0.0747
vn -0.7686 -0.5028 -0.3956
vn -0.1476 -0.2951 0.9440
vn 0.3421 -0.3421 0.8752
vn 0.3556 -0.2134 0.9100
vn -0.3243 -0.4541 0.8298
vn 0.3694 -0.4927 0.7879
vn 0.3420 -0.3421 0.8752
vn -0.3909 -0.3909 0.8333
vn -0.2469 -0.4115 0.8773
vn 0.4976 -0.4479 0.7428
vn 0.4403 -0.4404 0.7824
vn 0.2548 -0.9604 0.1124
vn -0.9485 -0.1834 -0.2582
vn -0.0233 -0.9948 0.0991
vn -0.6604 -0.0624 0.7483
vn 0.1011 -0.9844 0.1438
vn -0.8605 0.3700 0.3502
vn 0.0123 -0.9968 0.0787
vn -0.5735 0.6135 0.5429
vn -0.0628 -0.9930 0.1005
vn -0.6444 0.5380 0.5434
vn 0.5405 -0.8371 0.0847
vn -0.8238 0.0598 0.5637
vn 0.4597 -0.2299 0.8578
vn -0.4541 -0.3243 0.8298
vn 0.4541 -0.3244 0.8298
vn 0.4085 -0.2724 0.8712
vn -0.4154 -0.2077 0.8856
vn 0.5033 -0.3146 0.8048
vn 0.3907 -0.3909 0.8334
vn -0.3495 -0.2796 0.8942
vn -0.2796 -0.3495 0.8942
vn 0.5372 -0.3581 0.7636
vn 0.2077 -0.4154 0.8856
vn -0.0918 -0.1836 0.9787
vn 0.8863 -0.4564 0.0786
vn -0.2529 -0.3627 -0.8969
vn -0.1540 -0.0770 0.9851
vn 0.4238 -0.0605 0.9037
vn 0.3460 -0.1730 0.9221
vn -0.3495 -0.2796 0.8943
vn -0.5125 -0.2563 0.8195
vn 0.5200 -0.1950 0.8316
vn -0.3631 -0.0726 0.9289
vn 0.4085 -0.2724 0.8711
vn -0.2077 -0.4154 0.8856
vn 0.8748 -0.4674 0.1277
vn 0.8311 -0.5518 0.0695
vn -0.6587 0.5937 -0.4623
vn -0.3130 -0.8751 0.3692
vn -0.6985 0.0206 0.7153
vn -0.4461 -0.8924 0.0683
vn -0.6398 0.5417 0.5451
vn 0.8156 -0.5724 0.0845
vn -0.2738 -0.3597 -0.8920
vn -0.7791 -0.0165 0.6267
vn -0.2283 -0.0000 0.9736
vn 0.2257 -0.1505 0.9625
vn -0.2951 -0.1476 0.9440
vn -0.4246 -0.0000 0.9054
vn 0.2709 -0.0000 0.9626
vn 0.6232 -0.1039 0.7751
vn -0.4153 -0.2077 0.8856
vn -0.4153 -0.2077 0.8857
vn 0.3631 -0.0726 0.9289
vn 0.4540 -0.3244 0.8298
vn 0.3630 -0.0726 0.9290
vn 0.2796 -0.3495 0.8942
vn -0.3908 -0.3908 0.8334
vn 0.2724 -0.4086 0.8711
vn 0.3364 -0.9372 0.0920
vn -0.0000 -0.9953 0.0970
vn -0.3941 -0.9071 0.1478
vn 0.8534 -0.5043 0.1321
vn -0.5491 0.1226 -0.8267
vn -0.1966 0.0655 0.9783
vn -0.2257 0.1505 0.9625
vn 0.2184 -0.2912 0.9314
vn 0.5129 -0.1140 0.8508
vn 0.3397 -0.2548 0.9054
vn 0.2257 -0.1504 0.9625
vn 0.0726 -0.3631 0.9289
vn 0.2902 -0.4064 0.8664
vn -0.0000 -0.4723 0.8814
vn 0.1674 -0.4186 0.8926
vn 0.7049 -0.7048 0.0800
vn -0.8111 -0.4614 -0.3595
vn -0.6426 0.1340 0.7544
vn -0.0655 0.1966 0.9783
vn -0.2952 -0.1476 0.9440
vn 0.3120 -0.1872 0.9315
vn 0.1813 -0.1813 0.9666
vn 0.2277 -0.0759 0.9708
vn 0.1540 -0.0770 0.9851
vn 0.3357 -0.9358 0.1071
vn -0.7709 -0.2294 0.5942
vn -0.0154 -0.9965 0.0821
vn -0.9839 -0.0697 -0.1644
vn -0.0114 -0.9926 0.1208
vn -0.8994 -0.3167 -0.3014
vn 0.0173 -0.9961 0.0863
vn -0.9498 -0.1739 -0.2601
vn -0.9228 -0.2779 -0.2668
vn -0.5239 -0.8104 -0.2621
vn -0.8809 0.1741 0.4401
vn -0.1505 0.2257 0.9625
vn -0.0000 -0.2985 0.9544
vn 0.1966 -0.0655 0.9783
vn -0.2709 -0.0000 0.9626
vn -0.2952 -0.1475 0.9440
vn -0.0000 -0.1545 0.9880
vn 0.2567 -0.1284 0.9579
vn -0.0000 -0.0934 0.9956
vn 0.1872 -0.3120 0.9314
vn 0.2283 -0.0000 0.9736
vn -0.0759 -0.2276 0.9708
vn 0.0662 -0.1325 0.9890
vn 0.6993 -0.7102 0.0806
vn -0.9250 -0.3768 0.0491
vn -0.1933 0.1933 0.9619
vn -0.1934 0.1934 0.9619
vn 0.2698 -0.0899 0.9587
vn 0.1316 -0.1317 0.9825
vn 0.3620 -0.2413 0.9004
vn 0.8322 -0.5485 0.0811
vn -0.9299 0.0765 0.3598
vn 0.0663 -0.1325 0.9890
vn 0.3500 -0.0875 0.9327
vn -0.0726 -0.3631 0.9289
vn 0.1933 -0.1934 0.9619
vn 0.2276 -0.0759 0.9708
vn 0.9395 -0.3299 0.0922
vn -0.9479 0.3176 0.0259
vn -0.6872 0.0787 0.7222
vn 0.0770 -0.1540 0.9851
vn 0.9973 -0.0056 0.0732
vn -0.3075 0.1777 -0.9348
vn -0.9268 0.1963 0.3202
vn 0.2506 -0.2506 0.9351
vn 0.9895 0.0002 0.1445
vn -0.6693 0.0001 -0.7430
vn -0.8299 -0.0277 0.5572
vn -0.0000 -0.3177 0.9482
vn 0.3908 -0.3908 0.8334
vn 0.6943 -0.7154 0.0788
vn -0.5999 -0.7790 -0.1823
vn 0.8246 -0.5601 0.0790
vn -0.3620 -0.7912 -0.4928
vn -0.1496 -0.9880 -0.0386
vn -0.0000 -0.6660 0.7460
vn -0.3195 -0.9407 0.1142
vn -0.7764 -0.4896 -0.3968
vn 0.9969 0.0001 0.0789
vn 0.9955 0.0001 0.0946
vn -0.9028 -0.4216 0.0848
vn -0.9121 -0.3888 0.1303
vn 0.2814 -0.9505 0.1320
vn -0.1330 -0.6712 0.7293
vn -0.2366 -0.9617 0.1388
vn -0.3303 -0.8118 0.4815
vn 0.8081 -0.5645 0.1683
vn 0.8604 -0.0706 -0.5047
vn -0.3233 0.9371 -0.1314
vn -0.0828 -0.9963 0.0208
vn -0.9889 -0.1176 0.0911
vn -0.7043 -0.7043 0.0889
vn -0.9087 -0.2953 -0.2951
vn 0.5256 -0.8446 0.1025
vn -0.5238 -0.8108 -0.2613
vn -0.7289 0.0667 0.6814
vn 0.8969 0.4361 0.0735
vn 0.8187 0.4093 0.4028
vn -0.8990 -0.4298 0.0838
vn -0.6744 -0.1686 0.7189
vn 0.3143 -0.9430 0.1093
vn -0.6730 0.4914 0.5527
vn 0.5382 -0.8373 0.0961
vn -0.8435 0.1895 0.5025
vn -0.8587 0.2843 0.4263
vn -0.9822 0.1173 -0.1466
vn -0.7219 -0.6836 0.1075
vn -0.6696 -0.7427 0.0093
vn -0.7242 -0.6676 0.1725
vn -0.7499 -0.6552 -0.0916
vn 0.8217 -0.5508 0.1468
vn 0.8734 -0.0472 -0.4847
vn -0.2922 0.9228 0.2509
vn -0.5122 -0.8208 0.2528
vn -0.6840 -0.7244 0.0863
vn -0.8592 -0.4860 0.1602
vn -0.3397 -0.2548 0.9054
vn 0.6834 -0.7233 0.0996
vn -0.6234 -0.7687 0.1429
vn -0.9167 0.2079 0.3413
vn -0.0000 0.2283 0.9736
vn 0.9872 -0.0106 0.1591
vn 0.9969 -0.0145 0.0779
vn -0.4227 -0.8980 0.1223
vn -0.6009 0.7926 0.1032
vn -0.5487 0.8219 0.1531
vn 0.3137 -0.9410 0.1272
vn -0.3661 0.7004 0.6127
vn 0.0269 -0.9893 0.1432
vn 0.0208 -0.9945 0.1029
vn -0.4563 -0.8763 0.1544
vn -0.0759 -0.2277 0.9708
vn 0.3059 -0.9435 0.1275
vn -0.8721 0.3963 0.2870
vn -0.0000 -0.9934 0.1151
vn 0.0090 -0.9910 0.1339
vn -0.3917 -0.9065 0.1575
vn 0.0875 -0.3500 0.9327
vn -0.1836 -0.0918 0.9787
vn 0.5487 -0.8184 0.1706
vn 0.3077 -0.6249 0.7175
vn 0.9641 0.1258 -0.2337
vn -0.8296 -0.0292 0.5575
vn -0.1813 0.1813 0.9666
vn 0.2803 -0.9547 0.1001
vn 0.6933 -0.7161 0.0805
vn 0.9792 0.1678 0.1143
vn -0.9594 0.2606 0.1082
vn -0.9805 -0.0131 0.1961
vn 0.0562 -0.2808 0.9581
vn 0.9675 -0.1899 0.1667
vn -0.8412 0.4938 0.2202
vn 0.9485 -0.3005 0.1001
vn 0.1511 -0.9852 0.0805
vn -0.6383 -0.7655 0.0813
vn -0.2666 -0.1777 0.9473
vn 0.4274 -0.8911 0.1527
vn -0.8710 0.0599 0.4877
vn 0.5643 -0.8199 0.0968
vn -0.7172 -0.2646 -0.6447
vn 0.3761 -0.9119 0.1642
vn 0.8517 -0.1420 0.5044
vn 0.1814 -0.1814 0.9665
vn 0.9400 -0.3162 0.1282
vn -0.5160 -0.0927 -0.8516
vn -0.0000 0.1328 0.9911
vn 0.8604 -0.0000 0.5097
vn 0.9225 -0.0512 0.3825
vn 0.6909 -0.7165 0.0960
vn -0.4861 -0.8559 0.1765
vn -0.8974 0.1646 0.4093
vn -0.0662 0.1325 0.9890
vn 0.0918 0.1836 0.9787
vn 0.9196 -0.0262 0.3921
vn 0.8565 -0.0952 0.5073
vn 0.5618 -0.8108 0.1643
vn 0.2976 -0.6377 0.7105
vn 0.6482 0.0001 -0.7615
vn -0.8348 -0.0000 0.5505
vn 0.8322 -0.0000 0.5545
vn 0.9080 -0.0826 0.4107
vn 0.6713 0.7264 0.1472
vn 0.7356 0.0001 -0.6774
vn 0.9006 -0.0291 0.4336
vn 0.7955 -0.0936 0.5987
vn 0.8838 0.4419 0.1536
vn 0.6895 0.7168 0.1038
vn 0.0626 0.8930 -0.4456
vn -0.8342 -0.0073 0.5515
vn -0.1814 0.1814 0.9665
vn 0.5526 0.8280 0.0952
vn -0.1173 0.9860 0.1182
vn 0.9816 -0.1525 0.1149
vn -0.9784 -0.0772 -0.1918
vn 0.1836 0.0918 0.9787
vn 0.8984 0.4167 0.1388
vn 0.7466 0.6623 0.0635
vn -0.6949 0.7128 0.0954
vn -0.9384 0.3236 0.1212
vn 0.2985 -0.0000 0.9544
vn 0.1328 -0.0000 0.9911
vn 0.9542 -0.0000 0.2992
vn 0.7899 0.0260 -0.6127
vn -0.0000 0.2709 0.9626
vn -0.0000 0.2985 0.9544
vn -0.0000 0.0668 0.9978
vn -0.0000 0.0669 0.9978
vn 0.9973 0.0002 0.0740
vn 0.9961 -0.0004 0.0888
vn -0.9940 -0.0000 0.1092
vn 0.1540 0.0770 0.9851
vn 0.2952 0.1476 0.9440
vn 0.0770 0.1540 0.9851
vn 0.9700 0.0001 0.2433
vn 0.3093 -0.0014 -0.9510
vn 0.2226 0.2226 0.9492
vn -0.1505 0.2258 0.9625
vn -0.0000 0.1545 0.9880
vn -0.0759 0.2277 0.9708
vn 0.0759 0.2277 0.9708
vn -0.3620 0.2413 0.9004
vn 0.1476 0.2952 0.9440
vn -0.0000 0.2984 0.9544
vn -0.1934 0.1933 0.9619
vn 0.0646 0.2584 0.9639
vn -0.1099 0.3298 0.9376
vn -0.1777 0.2666 0.9473
vn 0.9529 -0.2862 0.0999
vn 0.8369 -0.5420 0.0757
vn -0.9966 -0.0000 0.0825
vn -0.9904 0.0255 0.1360
vn 0.2951 0.1476 0.9440
vn 0.2796 0.3495 0.8942
vn -0.2796 0.3495 0.8942
vn -0.1540 0.0770 0.9851
vn 0.4290 -0.0236 -0.9030
vn -0.6708 0.1632 0.7235
vn -0.2506 0.2506 0.9351
vn -0.1317 0.1317 0.9825
vn -0.1441 0.3602 0.9217
vn 0.0726 0.3631 0.9289
vn 0.8959 -0.4384 0.0714
vn 0.3221 -0.9221 0.2146
vn -0.9950 0.0196 0.0975
vn 0.4153 0.2077 0.8857
vn 0.3908 0.3909 0.8333
vn -0.3908 0.3909 0.8334
vn -0.3667 0.1833 0.9121
vn 0.9788 0.0001 0.2046
vn 0.6485 0.0001 -0.7612
vn -0.8922 0.1491 0.4264
vn -0.0663 0.1325 0.9890
vn 0.9957 0.0001 0.0927
vn 0.9791 -0.0001 0.2035
vn -0.9937 -0.0000 0.1121
vn 0.5372 0.3581 0.7636
vn 0.2968 0.3562 0.8860
vn -0.4154 0.2077 0.8856
vn -0.6056 0.1817 0.7748
vn 0.6474 0.7430 0.1698
vn 0.7391 0.0001 -0.6736
vn -0.8374 -0.0000 0.5466
vn -0.2277 0.0759 0.9708
vn -0.0000 0.3730 0.9278
vn -0.0000 0.1844 0.9828
vn 0.3909 0.3909 0.8333
vn 0.1234 0.3702 0.9207
vn 0.9648 -0.2375 0.1131
vn -0.2745 -0.9522 0.1343
vn -0.8844 -0.4422 0.1496
vn 0.1476 0.2951 0.9440
vn 0.0640 0.9795 0.1908
vn 0.3650 0.5110 0.7782
vn 0.4810 0.4208 0.7691
vn 0.2184 0.2912 0.9314
vn -0.5433 0.2173 0.8109
vn 0.8559 0.4986 0.1371
vn 0.6634 0.7408 0.1059
vn -0.0759 0.2276 0.9708
vn -0.2226 0.2226 0.9492
vn 0.0606 0.4239 0.9037
vn -0.0000 0.4246 0.9054
vn -0.1872 0.3121 0.9314
vn 0.1303 0.1954 0.9720
vn 0.4209 0.4810 0.7691
vn 0.3243 0.4541 0.8298
vn 0.2389 0.9619 0.1329
vn 0.2987 -0.9410 0.1591
vn 0.9805 0.0132 0.1961
vn 0.5652 0.1884 0.8032
vn -0.9653 0.1233 0.2301
vn 0.9833 -0.1283 0.1294
vn -0.7328 0.6729 -0.1005
vn -0.2276 0.0759 0.9708
vn -0.0562 0.2808 0.9581
vn -0.0777 0.0777 0.9939
vn -0.0620 0.3723 0.9260
vn -0.0000 0.3177 0.9482
vn -0.4178 0.1791 0.8907
vn -0.0000 0.0934 0.9956
vn 0.5372 0.3582 0.7636
vn 0.4208 0.4810 0.7691
vn 0.2077 0.4154 0.8856
vn -0.0726 0.3631 0.9289
vn -0.4115 0.2469 0.8773
vn 0.8704 0.4774 0.1202
vn 0.2244 0.9657 0.1305
vn -0.7916 0.5862 0.1722
vn -0.0000 0.1844 0.9829
vn 0.1777 0.2665 0.9473
vn 0.1898 -0.9573 0.2178
vn 0.4809 0.4209 0.7691
vn 0.8714 0.0758 0.4847
vn 0.8345 -0.1250 -0.5366
vn -0.2984 -0.0000 0.9544
vn -0.1545 -0.0000 0.9880
vn -0.4186 0.1674 0.8926
vn -0.1316 0.1316 0.9825
vn 0.6874 0.2644 0.6764
vn 0.3908 0.3909 0.8334
vn -0.2184 0.2912 0.9314
vn -0.5490 0.1647 0.8194
vn -0.0930 0.0930 0.9913
vn 0.3495 0.2796 0.8942
vn 0.9955 0.0147 0.0941
vn 0.8439 0.5051 0.1805
vn -0.8844 0.4603 0.0770
vn -0.1791 0.4178 0.8907
vn 0.4425 0.8849 0.1458
vn 0.0263 0.9933 0.1121
vn -0.0000 0.9954 0.0961
vn -0.0087 0.9914 0.1305
vn -0.1429 0.9832 0.1134
vn -0.0000 0.9542 0.2992
vn 0.0570 0.9684 0.2429
vn 0.0398 0.9764 0.2124
vn -0.0188 0.9596 0.2808
vn -0.0000 0.9699 0.2433
vn 0.2590 0.9566 0.1336
vn -0.1868 0.9732 0.1340
vn 0.3397 0.2548 0.9054
vn -0.3723 0.0621 0.9260
vn 0.6079 0.7754 0.1712
vn 0.7897 0.0001 -0.6135
vn -0.8358 -0.0126 0.5489
vn -0.1328 -0.0000 0.9911
vn -0.2985 -0.0000 0.9544
vn -0.0000 -0.0668 0.9978
vn -0.4453 0.3340 0.8308
vn 0.2992 0.5237 0.7976
vn 0.6527 0.4017 0.6423
vn -0.1844 -0.0000 0.9829
vn -0.5491 0.1648 0.8193
vn -0.4153 0.2077 0.8857
vn 0.9953 0.0222 0.0947
vn 0.9967 0.0077 0.0814
vn -0.8829 0.4602 0.0933
vn -0.8657 0.4851 0.1237
vn 0.3791 0.9127 0.1524
vn 0.4334 0.8968 0.0891
vn -0.1099 -0.5844 -0.8040
vn 0.1313 -0.8624 -0.4889
vn -0.0000 -0.9799 0.1993
vn -0.0000 -0.9694 0.2455
vn -0.8890 -0.4577 -0.0084
vn -0.0728 0.8708 -0.4861
vn 0.1410 0.3803 -0.9140
vn -0.0000 0.0634 -0.9980
vn -0.1063 0.3035 -0.9469
vn -0.0000 0.7145 -0.6996
vn 0.1963 0.9567 -0.2151
vn -0.0749 -0.7177 -0.6924
vn -0.5249 -0.8469 0.0849
vn -0.9328 0.3176 0.1703
vn 0.6931 0.7148 0.0929
vn 0.2495 0.9630 0.1022
vn 0.0007 0.9130 -0.4080
vn -0.2666 0.1777 0.9473
vn -0.0770 0.1540 0.9851
vn 0.1745 0.4651 0.8679
vn 0.5125 0.2563 0.8195
vn 0.9950 0.0299 0.0954
vn 0.9950 0.0078 0.0999
vn -0.9919 0.0098 0.1264
vn -0.6358 0.7396 0.2210
vn -0.1682 -0.4478 -0.8782
vn 0.4731 -0.3884 -0.7907
vn -0.0842 -0.8443 -0.5292
vn -0.8351 0.5423 0.0923
vn 0.9494 0.2765 0.1486
vn 0.8287 0.5525 0.0898
vn -0.8800 -0.3958 0.2626
vn 0.3631 0.0726 0.9289
vn 0.5125 0.2563 0.8196
vn -0.2912 0.2184 0.9314
vn -0.0518 0.4660 0.8833
vn 0.2469 0.4115 0.8773
vn 0.8894 0.4524 0.0661
vn -0.0797 0.0633 -0.9948
vn -0.8565 -0.3795 -0.3499
vn 0.0031 0.9866 0.1632
vn 0.3124 -0.5955 -0.7401
vn -0.7880 0.5826 0.1988
vn 0.9828 0.0927 0.1598
vn -0.7113 0.0694 -0.6995
vn -0.6497 0.1888 0.7364
vn -0.3298 0.1099 0.9376
vn 0.5290 0.0661 0.8460
vn 0.5650 0.1884 0.8033
vn 0.1441 0.3602 0.9217
vn 0.8675 0.4799 0.1312
vn -0.5289 -0.1188 -0.8403
vn -0.9350 -0.0810 -0.3454
vn -0.0000 0.8065 -0.5913
vn -0.0625 0.7048 -0.7067
vn 0.9030 -0.0289 -0.4286
vn -0.8963 0.1656 0.4113
vn -0.0000 0.4247 0.9054
vn -0.0621 0.3723 0.9260
vn 0.6451 -0.0001 0.7641
vn 0.5753 -0.0000 0.8179
vn -0.3620 0.2414 0.9004
vn 0.1505 0.2257 0.9625
vn 0.9881 -0.1149 0.1021
vn -0.5115 0.3892 -0.7661
vn -0.8252 -0.1965 0.5296
vn -0.3702 0.1234 0.9207
vn -0.1872 0.3120 0.9314
vn 0.4702 0.2015 0.8593
vn 0.6112 0.1222 0.7820
vn 0.6953 0.7105 0.1087
vn 0.9136 0.0821 -0.3982
vn -0.5204 -0.2014 0.8298
vn -0.3556 0.2134 0.9100
vn 0.1545 -0.0000 0.9880
vn -0.3120 0.1872 0.9314
vn 0.4127 0.2358 0.8798
vn 0.5651 0.1883 0.8032
vn 0.7052 0.7052 0.0737
vn 0.1404 -0.9840 -0.1099
vn -0.5363 0.0125 0.8439
vn -0.3120 0.1872 0.9315
vn 0.1872 0.3120 0.9314
vn -0.4113 0.2469 0.8774
vn 0.5525 0.4420 0.7067
vn 0.8675 0.4774 0.1394
vn 0.8889 0.4527 0.0701
vn -0.6287 -0.4901 0.6038
vn -0.4886 0.2204 0.8442
vn 0.4299 0.8923 0.1381
vn -0.1166 0.9878 0.1035
vn 0.0489 0.9768 0.2083
vn 0.1784 0.9737 0.1416
vn -0.3072 0.9447 0.1150
vn -0.0606 0.4238 0.9037
vn 0.1777 0.2666 0.9473
vn 0.3125 0.6771 0.6663
vn -0.2943 0.5886 0.7530
vn 0.0614 0.6147 0.7864
vn 0.4664 0.6530 0.5967
vn -0.0782 0.5472 0.8333
vn 0.1173 0.4691 0.8753
vn 0.0846 0.4231 0.9021
vn -0.2414 0.3620 0.9004
vn 0.8834 0.4612 0.0833
vn 0.0408 0.5989 -0.7998
vn -0.6698 0.1738 0.7219
vn 0.0646 0.2583 0.9639
vn -0.0000 0.9833 0.1821
vn 0.6904 0.7196 0.0746
vn 0.4395 0.8955 0.0706
vn -0.4336 0.8935 0.1167
vn -0.0958 0.9751 -0.2001
vn -0.2056 -0.8724 -0.4435
vn -0.5532 0.8298 0.0740
vn -0.6984 0.7103 0.0880
vn 0.0606 0.4238 0.9037
vn 0.0345 0.9845 0.1717
vn -0.1484 0.5936 0.7910
vn 0.0638 0.5742 0.8162
vn -0.0000 0.4905 0.8715
vn 0.2533 0.9605 0.1152
vn -0.0240 0.9879 0.1530
vn -0.1360 0.9854 0.1024
vn -0.0000 0.9693 0.2460
vn -0.0000 0.9800 0.1990
vn 0.1885 0.9768 0.1015
vn -0.0000 0.9929 0.1191
vn -0.0000 0.9946 0.1038
vn -0.0182 0.9957 0.0904
vn -0.2468 0.9591 0.1384
vn 0.5198 0.6500 0.5543
vn 0.2148 0.9698 0.1154
vn 0.0331 0.9894 0.1414
vn -0.2590 0.9587 0.1180
vn -0.0715 0.6434 0.7622
vn 0.0910 0.7282 0.6793
vn -0.2392 0.5980 0.7650
vn -0.2469 0.4115 0.8773
vn 0.8482 0.5094 0.1454
vn -0.8450 -0.5255 0.0988
vn -0.5071 0.1967 0.8392
vn -0.3723 0.0620 0.9260
vn 0.8848 0.4425 0.1458
vn 0.3145 0.9436 0.1037
vn -0.5523 0.8287 0.0910
vn -0.0000 0.9958 0.0912
vn -0.0000 0.9922 0.1250
vn -0.3145 0.9436 0.1035
vn 0.6960 0.7139 0.0765
vn 0.7020 0.7080 0.0764
vn 0.6459 -0.5850 0.4905
vn -0.8922 -0.3311 0.3073
vn 0.7856 -0.2957 0.5435
vn 0.4010 -0.2137 -0.8908
vn -0.6882 0.7166 0.1135
vn -0.0000 0.9780 0.2086
vn 0.5806 0.8107 0.0755
vn 0.0129 0.9965 0.0827
vn -0.5430 0.8362 0.0766
vn -0.1415 0.9824 0.1220
vn 0.7824 0.6082 0.1342
vn 0.8795 0.4654 0.0992
vn -0.3595 -0.8739 0.3272
vn -0.5968 -0.7935 0.1189
vn 0.0252 0.8581 -0.5129
vn 0.1112 0.9616 -0.2509
vn -0.4723 -0.5152 -0.7152
vn 0.1525 -0.8877 -0.4344
vn -0.0000 -0.9727 0.2323
vn 0.1433 -0.0717 -0.9871
vn 0.2113 -0.5291 -0.8218
vn 0.0264 0.9961 0.0844
vn 0.0754 -0.5201 -0.8508
vn 0.0131 -0.5331 -0.8460
vn -0.7497 -0.3397 -0.5680
vn -0.8204 0.5515 0.1507
vn 0.1484 0.5936 0.7910
vn 0.2403 0.9627 0.1245
vn -0.0512 0.9927 0.1091
vn 0.8135 0.5740 0.0934
vn 0.7812 -0.0402 -0.6230
vn -0.7687 0.0854 0.6338
vn 0.8885 0.4529 0.0736
vn 0.8878 0.4438 0.1219
vn 0.8734 -0.1332 -0.4684
vn -0.1359 -0.8036 -0.5795
vn -0.0000 -0.4563 -0.8898
vn -0.7649 -0.2826 -0.5788
vn -0.8759 0.4605 0.1444
vn 0.6989 0.7111 0.0773
vn 0.7050 0.7050 0.0774
vn -0.0000 -0.7860 0.6183
vn -0.4384 0.7794 -0.4477
vn 0.3286 0.8346 -0.4422
vn -0.5436 -0.2141 -0.8116
vn -0.0000 -0.0000 -1.0000
vn 0.8721 -0.1476 -0.4665
vn -0.7801 -0.6255 0.0138
vn -0.1913 0.8440 -0.5010
vn 0.8859 0.0827 -0.4565
vn 0.9445 -0.1053 -0.3112
vn -0.8124 0.5755 0.0938
vn 0.4379 0.8952 0.0829
vn -0.0159 -0.9885 -0.1505
vn -0.2850 -0.9372 0.2012
vn 0.1755 -0.5799 0.7956
vn -0.6496 0.1888 0.7364
vn 0.4276 0.8910 0.1527
vn 0.0178 0.9933 0.1140
vn -0.3042 0.9464 0.1087
vn 0.6894 0.7201 0.0784
vn 0.7019 0.7080 0.0784
vn -0.6201 -0.3980 0.6761
vn -0.8083 0.5819 0.0899
vn 0.4461 -0.7990 -0.4034
vn 0.8025 0.5852 0.1159
vn -0.8773 -0.3947 -0.2731
vn -0.2963 -0.7308 0.6149
vn -0.8796 -0.0742 -0.4698
vn -0.2222 0.6850 0.6939
vn -0.7299 -0.4620 -0.5038
vn -0.8134 0.2770 0.5115
vn 0.4276 0.8910 0.1528
vn -0.1375 0.9838 0.1151
vn 0.8137 0.5638 0.1414
vn 0.7071 0.6993 0.1054
vn 0.3703 0.8902 0.2656
vn -0.5528 0.8292 0.0823
vn -0.6909 0.7165 0.0960
vn -0.2077 0.4154 0.8856
vn 0.6889 0.7204 0.0805
vn 0.7017 0.7079 0.0805
vn -0.3235 -0.6629 0.6752
vn 0.4886 -0.8091 0.3266
vn 0.5735 0.5739 -0.5845
vn -0.0000 -0.0366 0.9993
vn 0.6908 0.7166 0.0969
vn 0.4385 0.8953 0.0783
vn -0.2481 0.8543 -0.4568
vn 0.9482 0.1293 -0.2901
vn 0.6731 -0.3988 0.6228
vn 0.1807 0.8331 -0.5228
vn -0.8231 0.5591 0.0998
vn -0.9363 0.3326 0.1126
vn 0.6771 0.7294 0.0976
vn 0.7015 0.7079 0.0827
vn -0.4683 -0.6386 0.6106
vn -0.4434 -0.2602 -0.8577
vn -0.6905 0.7064 0.1556
vn 0.2323 -0.4852 0.8430
vn -0.0000 0.9663 0.2575
vn 0.7367 0.6585 0.1535
vn 0.9540 0.2843 0.0947
vn -0.5092 -0.8594 0.0464
vn 0.3073 0.7231 0.6187
vn -0.9423 0.3141 0.1154
vn -0.0094 0.9949 0.1006
vn 0.7012 0.7079 0.0851
vn -0.4692 -0.6385 0.6101
vn -0.0000 0.6126 -0.7904
vn -0.0088 0.6234 -0.7818
vn -0.0000 0.6639 -0.7478
vn -0.0000 0.7546 -0.6562
vn 0.9000 0.0423 -0.4339
vn 0.5980 -0.5224 0.6079
vn 0.8590 -0.5118 -0.0120
s 1
f 1//1 2//2 4//3
f 4//3 2//2 5//4
f 2//2 6//5 5//4
f 3//6 4//3 9//7
f 3//6 9//7 8//8
f 4//3 5//4 9//7
f 9//7 5//4 10//9
f 5//4 6//5 11//10
f 5//4 11//10 10//9
f 6//5 7//11 11//10
f 11//10 7//11 12//12
f 7//11 13//13 12//12
f 8//8 9//7 18//14
f 18//14 9//7 19//15
f 9//7 10//9 19//15
f 19//15 10//9 20//15
f 10//9 11//10 20//15
f 20//15 11//10 21//15
f 11//10 12//12 21//15
f 21//15 12//12 22//15
f 12//12 13//13 23//16
f 12//12 23//16 22//15
f 13//13 14//17 23//16
f 23//16 14//17 24//18
f 14//17 15//19 24//18
f 24//18 15//19 25//20
f 15//19 16//21 25//20
f 25//20 16//21 26//22
f 16//21 27//23 26//22
f 37//24 17//25 38//26
f 17//25 39//27 38//26
f 18//14 19//15 42//28
f 18//14 42//28 41//29
f 19//15 20//15 42//28
f 42//28 20//15 43//30
f 20//15 21//15 43//30
f 43//30 21//15 44//30
f 21//15 22//15 44//30
f 44//30 22//15 45//7
f 22//15 23//16 45//7
f 45//7 23//16 46//15
f 23//16 24//18 46//15
f 46//15 24//18 47//15
f 24//18 25//20 47//15
f 47//15 25//20 48//15
f 25//20 26//22 48//15
f 48//15 26//22 49//15
f 26//22 27//23 50//16
f 26//22 50//16 49//15
f 27//23 28//31 50//16
f 50//16 28//31 51//18
f 28//31 29//32 51//18
f 51//18 29//32 52//18
f 29//32 30//33 52//18
f 52//18 30//33 53//20
f 30//33 31//34 53//20
f 53//20 31//34 54//35
f 31//34 32//36 55//37
f 31//34 55//37 54//35
f 32//36 33//38 55//37
f 55//37 33//38 56//39
f 33//38 34//40 57//41
f 33//38 57//41 56//39
f 34//40 35//42 57//41
f 57//41 35//42 58//43
f 35//42 36//44 58//43
f 58//43 36//44 59//43
f 36//44 37//24 59//43
f 59//43 37//24 60//45
f 37//24 38//26 60//45
f 60//45 38//26 61//46
f 38//26 39//27 62//47
f 38//26 62//47 61//46
f 39//27 40//48 62//47
f 62//47 40//48 63//49
f 40//48 64//50 63//49
f 41//29 42//28 71//7
f 41//29 71//7 70//51
f 42//28 43//30 71//7
f 71//7 43//30 72//30
f 43//30 44//30 72//30
f 72//30 44//30 73//30
f 44//30 45//7 73//30
f 73//30 45//7 74//28
f 45//7 46//15 75//28
f 45//7 75//28 74//28
f 46//15 47//15 75//28
f 75//28 47//15 76//30
f 47//15 48//15 76//30
f 76//30 48//15 77//30
f 48//15 49//15 77//30
f 77//30 49//15 78//30
f 49//15 50//16 78//30
f 78//30 50//16 79//30
f 50//16 51//18 79//30
f 79//30 51//18 80//30
f 51//18 52//18 80//30
f 80//30 52//18 81//30
f 52//18 53//20 81//30
f 81//30 53//20 82//7
f 53//20 54//35 82//7
f 82//7 54//35 83//15
f 54//35 55//37 83//15
f 83//15 55//37 84//15
f 55//37 56//39 84//15
f 84//15 56//39 85//15
f 56//39 57//41 86//7
f 56//39 86//7 85//15
f 57//41 58//43 86//7
f 86//7 58//43 87//30
f 58//43 59//43 87//30
f 87//30 59//43 88//30
f 59//43 60//45 88//30
f 88//30 60//45 89//28
f 60//45 61//46 90//52
f 60//45 90//52 89//28
f 61//46 62//47 91//53
f 61//46 91//53 90//52
f 62//47 63//49 91//53
f 91//53 63//49 92//28
f 63//49 64//50 93//47
f 63//49 93//47 92//28
f 64//50 65//54 93//47
f 93//47 65//54 94//55
f 65//54 66//56 94//55
f 94//55 66//56 95//57
f 66//56 67//58 95//57
f 95//57 67//58 96//57
f 67//58 68//59 96//57
f 96//57 68//59 97//57
f 68//59 69//60 97//57
f 97//57 69//60 98//61
f 69//60 99//62 98//61
f 70//51 71//7 100//63
f 100//63 71//7 101//15
f 71//7 72//30 101//15
f 101//15 72//30 102//15
f 72//30 73//30 102//15
f 102//15 73//30 103//15
f 73//30 74//28 103//15
f 103//15 74//28 104//15
f 74//28 75//28 105//7
f 74//28 105//7 104//15
f 75//28 76//30 105//7
f 105//7 76//30 106//30
f 76//30 77//30 106//30
f 106//30 77//30 107//30
f 77//30 78//30 107//30
f 107//30 78//30 108//30
f 78//30 79//30 108//30
f 108//30 79//30 109//30
f 79//30 80//30 109//30
f 109//30 80//30 110//30
f 80//30 81//30 110//30
f 110//30 81//30 111//30
f 81//30 82//7 111//30
f 111//30 82//7 112//28
f 82//7 83//15 113//28
f 82//7 113//28 112//28
f 83//15 84//15 113//28
f 113//28 84//15 114//30
f 84//15 85//15 114//30
f 114//30 85//15 115//7
f 85//15 86//7 115//7
f 115//7 86//7 116//15
f 86//7 87//30 116//15
f 116//15 87//30 117//15
f 87//30 88//30 117//15
f 117//15 88//30 118//15
f 88//30 89//28 118//15
f 118//15 89//28 119//15
f 89//28 90//52 120//64
f 89//28 120//64 119//15
f 90//52 91//53 121//28
f 90//52 121//28 120//64
f 91//53 92//28 121//28
f 121//28 92//28 122//65
f 92//28 93//47 123//66
f 92//28 123//66 122//65
f 93//47 94//55 123//66
f 123//66 94//55 124//65
f 94//55 95//57 124//65
f 124//65 95//57 125//30
f 95//57 96//57 125//30
f 125//30 96//57 126//30
f 96//57 97//57 126//30
f 126//30 97//57 127//30
f 97//57 98//61 127//30
f 127//30 98//61 128//28
f 98//61 99//62 129//67
f 98//61 129//67 128//28
f 99//62 130//68 129//67
f 100//63 101//15 132//69
f 132//69 101//15 133//15
f 101//15 102//15 133//15
f 133//15 102//15 134//15
f 102//15 103//15 134//15
f 134//15 103//15 135//15
f 103//15 104//15 135//15
f 135//15 104//15 136//15
f 104//15 105//7 136//15
f 136//15 105//7 137//15
f 105//7 106//30 137//15
f 137//15 106//30 138//15
f 106//30 107//30 138//15
f 138//15 107//30 139//15
f 107//30 108//30 139//15
f 139//15 108//30 140//15
f 108//30 109//30 140//15
f 140//15 109//30 141//15
f 109//30 110//30 141//15
f 141//15 110//30 142//15
f 110//30 111//30 142//15
f 142//15 111//30 143//15
f 111//30 112//28 143//15
f 143//15 112//28 144//15
f 112//28 113//28 145//7
f 112//28 145//7 144//15
f 113//28 114//30 145//7
f 145//7 114//30 146//30
f 114//30 115//7 146//30
f 146//30 115//7 147//28
f 115//7 116//15 148//64
f 115//7 148//64 147//28
f 116//15 117//15 148//64
f 148//64 117//15 149//15
f 117//15 118//15 149//15
f 149//15 118//15 150//70
f 118//15 119//15 150//70
f 150//70 119//15 151//7
f 119//15 120//64 151//7
f 151//7 120//64 152//15
f 120//64 121//28 153//7
f 120//64 153//7 152//15
f 121//28 122//65 153//7
f 153//7 122//65 154//30
f 122//65 123//66 154//30
f 154//30 123//66 155//28
f 123//66 124//65 156//28
f 123//66 156//28 155//28
f 124//65 125//30 156//28
f 156//28 125//30 157//30
f 125//30 126//30 157//30
f 157//30 126//30 158//30
f 126//30 127//30 158//30
f 158//30 127//30 159//30
f 127//30 128//28 159//30
f 159//30 128//28 160//53
f 128//28 129//67 161//71
f 128//28 161//71 160//53
f 129//67 130//68 162//72
f 129//67 162//72 161//71
f 130//68 163//73 162//72
f 165//74 131//75 166//76
f 131//75 167//77 166//76
f 132//69 133//15 172//78
f 172//78 133//15 173//15
f 133//15 134//15 173//15
f 173//15 134//15 174//15
f 134//15 135//15 174//15
f 174//15 135//15 175//15
f 135//15 136//15 175//15
f 175//15 136//15 176//15
f 136//15 137//15 176//15
f 176//15 137//15 177//15
f 137//15 138//15 177//15
f 177//15 138//15 178//15
f 138//15 139//15 178//15
f 178//15 139//15 179//15
f 139//15 140//15 179//15
f 179//15 140//15 180//15
f 140//15 141//15 180//15
f 180//15 141//15 181//15
f 141//15 142//15 181//15
f 181//15 142//15 182//15
f 142//15 143//15 182//15
f 182//15 143//15 183//15
f 143//15 144//15 183//15
f 183//15 144//15 184//15
f 144//15 145//7 184//15
f 184//15 145//7 185//15
f 145//7 146//30 185//15
f 185//15 146//30 186//15
f 146//30 147//28 186//15
f 186//15 147//28 187//15
f 147//28 148//64 188//79
f 147//28 188//79 187//15
f 148//64 149//15 189//80
f 148//64 189//80 188//79
f 149//15 150//70 189//80
f 189//80 150//70 190//81
f 150//70 151//7 190//81
f 190//81 151//7 191//28
f 151//7 152//15 192//28
f 151//7 192//28 191//28
f 152//15 153//7 192//28
f 192//28 153//7 193//30
f 153//7 154//30 193//30
f 193//30 154//30 194//30
f 154//30 155//28 194//30
f 194//30 155//28 195//82
f 155//28 156//28 196//53
f 155//28 196//53 195//82
f 156//28 157//30 196//53
f 196//53 157//30 197//30
f 157//30 158//30 197//30
f 197//30 158//30 198//30
f 158//30 159//30 198//30
f 198//30 159//30 199//30
f 159//30 160//53 199//30
f 199//30 160//53 200//28
f 160//53 161//71 201//80
f 160//53 201//80 200//28
f 161//71 162//72 201//80
f 201//80 162//72 202//83
f 162//72 163//73 203//84
f 162//72 203//84 202//83
f 163//73 164//85 204//86
f 163//73 204//86 203//84
f 164//85 165//74 204//86
f 204//86 165//74 205//87
f 165//74 166//76 205//87
f 205//87 166//76 206//83
f 166//76 167//77 207//88
f 166//76 207//88 206//83
f 167//77 168//89 208//90
f 167//77 208//90 207//88
f 168//89 169//91 208//90
f 208//90 169//91 209//92
f 169//91 170//93 209//92
f 209//92 170//93 210//94
f 170//93 171//95 211//96
f 170//93 211//96 210//94
f 171//95 212//97 211//96
f 172//78 173//15 213//98
f 213//98 173//15 214//15
f 173//15 174//15 214//15
f 214//15 174//15 215//15
f 174//15 175//15 215//15
f 215//15 175//15 216//15
f 175//15 176//15 216//15
f 216//15 176//15 217//15
f 176//15 177//15 217//15
f 217//15 177//15 218//15
f 177//15 178//15 218//15
f 218//15 178//15 219//15
f 178//15 179//15 219//15
f 219//15 179//15 220//15
f 179//15 180//15 220//15
f 220//15 180//15 221//15
f 180//15 181//15 221//15
f 221//15 181//15 222//15
f 181//15 182//15 222//15
f 222//15 182//15 223//15
f 182//15 183//15 223//15
f 223//15 183//15 224//15
f 183//15 184//15 224//15
f 224//15 184//15 225//15
f 184//15 185//15 225//15
f 225//15 185//15 226//15
f 185//15 186//15 226//15
f 226//15 186//15 227//15
f 186//15 187//15 227//15
f 227//15 187//15 228//15
f 187//15 188//79 228//15
f 228//15 188//79 229//15
f 188//79 189//80 230//99
f 188//79 230//99 229//15
f 189//80 190//81 230//99
f 230//99 190//81 231//15
f 190//81 191//28 231//15
f 231//15 191//28 232//15
f 191//28 192//28 233//7
f 191//28 233//7 232//15
f 192//28 193//30 233//7
f 233//7 193//30 234//30
f 193//30 194//30 234//30
f 234//30 194//30 235//30
f 194//30 195//82 235//30
f 235//30 195//82 236//28
f 195//82 196//53 237//64
f 195//82 237//64 236//28
f 196//53 197//30 237//64
f 237//64 197//30 238//15
f 197//30 198//30 238//15
f 238//15 198//30 239//70
f 198//30 199//30 239//70
f 239//70 199//30 240//7
f 199//30 200//28 240//7
f 240//7 200//28 241//15
f 200//28 201//80 242//99
f 200//28 242//99 241//15
f 201//80 202//83 242//99
f 242//99 202//83 243//70
f 202//83 203//84 243//70
f 243//70 203//84 244//100
f 203//84 204//86 245//100
f 203//84 245//100 244//100
f 204//86 205//87 245//100
f 245//100 205//87 246//70
f 205//87 206//83 246//70
f 246//70 206//83 247//70
f 206//83 207//88 247//70
f 247//70 207//88 248//101
f 207//88 208//90 248//101
f 248//101 208//90 249//102
f 208//90 209//92 249//102
f 249//102 209//92 250//103
f 209//92 210//94 250//103
f 250//103 210//94 251//104
f 210//94 211//96 252//105
f 210//94 252//105 251//104
f 211//96 212//97 253//106
f 211//96 253//106 252//105
f 212//97 254//107 253//106
f 213//98 214//15 260//98
f 260//98 214//15 261//15
f 214//15 215//15 261//15
f 261//15 215//15 262//15
f 215//15 216//15 262//15
f 262//15 216//15 263//15
f 216//15 217//15 263//15
f 263//15 217//15 264//15
f 217//15 218//15 264//15
f 264//15 218//15 265//15
f 218//15 219//15 265//15
f 265//15 219//15 266//15
f 219//15 220//15 266//15
f 266//15 220//15 267//15
f 220//15 221//15 267//15
f 267//15 221//15 268//15
f 221//15 222//15 268//15
f 268//15 222//15 269//15
f 222//15 223//15 269//15
f 269//15 223//15 270//15
f 223//15 224//15 270//15
f 270//15 224//15 271//15
f 224//15 225//15 271//15
f 271//15 225//15 272//99
f 225//15 226//15 272//99
f 272//99 226//15 273//15
f 226//15 227//15 273//15
f 273//15 227//15 274//70
f 227//15 228//15 274//70
f 274//70 228//15 275//30
f 228//15 229//15 275//30
f 275//30 229//15 276//7
f 229//15 230//99 276//7
f 276//7 230//99 277//15
f 230//99 231//15 277//15
f 277//15 231//15 278//70
f 231//15 232//15 278//70
f 278//70 232//15 279//7
f 232//15 233//7 279//7
f 279//7 233//7 280//15
f 233//7 234//30 280//15
f 280//15 234//30 281//15
f 234//30 235//30 281//15
f 281//15 235//30 282//15
f 235//30 236//28 282//15
f 282//15 236//28 283//15
f 236//28 237//64 284//64
f 236//28 284//64 283//15
f 237//64 238//15 285//80
f 237//64 285//80 284//64
f 238//15 239//70 285//80
f 285//80 239//70 286//108
f 239//70 240//7 286//108
f 286//108 240//7 287//28
f 240//7 241//15 288//28
f 240//7 288//28 287//28
f 241//15 242//99 288//28
f 288//28 242//99 289//81
f 242//99 243//70 289//81
f 289//81 243//70 290//108
f 243//70 244//100 290//108
f 290//108 244//100 291//109
f 244//100 245//100 292//110
f 244//100 292//110 291//109
f 245//100 246//70 292//110
f 292//110 246//70 293//81
f 246//70 247//70 293//81
f 293//81 247//70 294//111
f 247//70 248//101 294//111
f 294//111 248//101 295//112
f 248//101 249//102 296//113
f 248//101 296//113 295//112
f 249//102 250//103 296//113
f 296//113 250//103 297//114
f 250//103 251//104 297//114
f 297//114 251//104 298//115
f 251//104 252//105 299//116
f 251//104 299//116 298//115
f 252//105 253//106 300//117
f 252//105 300//117 299//116
f 253//106 254//107 301//118
f 253//106 301//118 300//117
f 254//107 255//119 301//118
f 301//118 255//119 302//120
f 255//119 256//121 302//120
f 302//120 256//121 303//122
f 256//121 257//123 304//124
f 256//121 304//124 303//122
f 257//123 258//125 304//124
f 304//124 258//125 305//126
f 258//125 259//127 305//126
f 305//126 259//127 306//128
f 259//127 307//129 306//128
f 260//98 261//15 308//98
f 308//98 261//15 309//15
f 261//15 262//15 309//15
f 309//15 262//15 310//15
f 262//15 263//15 310//15
f 310//15 263//15 311//15
f 263//15 264//15 311//15
f 311//15 264//15 312//15
f 264//15 265//15 312//15
f 312//15 265//15 313//15
f 265//15 266//15 313//15
f 313//15 266//15 314//15
f 266//15 267//15 314//15
f 314//15 267//15 315//15
f 267//15 268//15 315//15
f 315//15 268//15 316//15
f 268//15 269//15 316//15
f 316//15 269//15 317//15
f 269//15 270//15 317//15
f 317//15 270//15 318//70
f 270//15 271//15 318//70
f 318//70 271//15 319//81
f 271//15 272//99 319//81
f 319//81 272//99 320//80
f 272//99 273//15 321//80
f 272//99 321//80 320//80
f 273//15 274//70 321//80
f 321//80 274//70 322//108
f 274//70 275//30 322//108
f 322//108 275//30 323//30
f 275//30 276//7 323//30
f 323//30 276//7 324//28
f 276//7 277//15 325//80
f 276//7 325//80 324//28
f 277//15 278//70 325//80
f 325//80 278//70 326//108
f 278//70 279//7 326//108
f 326//108 279//7 327//28
f 279//7 280//15 328//28
f 279//7 328//28 327//28
f 280//15 281//15 328//28
f 328//28 281//15 329//30
f 281//15 282//15 329//30
f 329//30 282//15 330//30
f 282//15 283//15 330//30
f 330//30 283//15 331//7
f 283//15 284//64 331//7
f 331//7 284//64 332//15
f 284//64 285//80 333//99
f 284//64 333//99 332//15
f 285//80 286//108 333//99
f 333//99 286//108 334//70
f 286//108 287//28 334//70
f 334//70 287//28 335//53
f 287//28 288//28 336//53
f 287//28 336//53 335//53
f 288//28 289//81 336//53
f 336//53 289//81 337//70
f 289//81 290//108 337//70
f 337//70 290//108 338//103
f 290//108 291//109 338//103
f 338//103 291//109 339//46
f 291//109 292//110 340//130
f 291//109 340//130 339//46
f 292//110 293//81 340//130
f 340//130 293//81 341//103
f 293//81 294//111 341//103
f 341//103 294//111 342//131
f 294//111 295//112 342//131
f 342//131 295//112 343//132
f 295//112 296//113 344//133
f 295//112 344//133 343//132
f 296//113 297//114 344//133
f 344//133 297//114 345//134
f 297//114 298//115 345//134
f 345//134 298//115 346//103
f 298//115 299//116 346//103
f 346//103 299//116 347//135
f 299//116 300//117 348//136
f 299//116 348//136 347//135
f 300//117 301//118 348//136
f 348//136 301//118 349//137
f 301//118 302//120 349//137
f 349//137 302//120 350//138
f 302//120 303//122 350//138
f 350//138 303//122 351//139
f 303//122 304//124 352//140
f 303//122 352//140 351//139
f 304//124 305//126 352//140
f 352//140 305//126 353//134
f 305//126 306//128 353//134
f 353//134 306//128 354//141
f 306//128 307//129 355//142
f 306//128 355//142 354//141
f 307//129 356//143 355//142
f 308//98 309//15 359//98
f 359//98 309//15 360//15
f 309//15 310//15 360//15
f 360//15 310//15 361//15
f 310//15 311//15 361//15
f 361//15 311//15 362//15
f 311//15 312//15 362//15
f 362//15 312//15 363//15
f 312//15 313//15 363//15
f 363//15 313//15 364//15
f 313//15 314//15 364//15
f 364//15 314//15 365//15
f 314//15 315//15 365//15
f 365//15 315//15 366//15
f 315//15 316//15 366//15
f 366//15 316//15 367//15
f 316//15 317//15 367//15
f 367//15 317//15 368//144
f 317//15 318//70 368//144
f 368//144 318//70 369//103
f 318//70 319//81 369//103
f 369//103 319//81 370//70
f 319//81 320//80 370//70
f 370//70 320//80 371//15
f 320//80 321//80 372//99
f 320//80 372//99 371//15
f 321//80 322//108 372//99
f 372//99 322//108 373//15
f 322//108 323//30 373//15
f 373//15 323//30 374//15
f 323//30 324//28 374//15
f 374//15 324//28 375//15
f 324//28 325//80 376//99
f 324//28 376//99 375//15
f 325//80 326//108 376//99
f 376//99 326//108 377//15
f 326//108 327//28 377//15
f 377//15 327//28 378//15
f 327//28 328//28 379//7
f 327//28 379//7 378//15
f 328//28 329//30 379//7
f 379//7 329//30 380//30
f 329//30 330//30 380//30
f 380//30 330//30 381//30
f 330//30 331//7 381//30
f 381//30 331//7 382//28
f 331//7 332//15 383//28
f 331//7 383//28 382//28
f 332//15 333//99 383//28
f 383//28 333//99 384//81
f 333//99 334//70 384//81
f 384//81 334//70 385//81
f 334//70 335//53 385//81
f 385//81 335//53 386//28
f 335//53 336//53 387//28
f 335//53 387//28 386//28
f 336//53 337//70 387//28
f 387//28 337//70 388//81
f 337//70 338//103 388//81
f 388//81 338//103 389//103
f 338//103 339//46 389//103
f 389//103 339//46 390//145
f 339//46 340//130 390//145
f 390//145 340//130 391//146
f 340//130 341//103 391//146
f 391//146 341//103 392//147
f 341//103 342//131 392//147
f 392//147 342//131 393//148
f 342//131 343//132 393//148
f 393//148 343//132 394//149
f 343//132 344//133 395//149
f 343//132 395//149 394//149
f 344//133 345//134 395//149
f 395//149 345//134 396//150
f 345//134 346//103 396//150
f 396//150 346//103 397//134
f 346//103 347//135 397//134
f 397//134 347//135 398//151
f 347//135 348//136 399//135
f 347//135 399//135 398//151
f 348//136 349//137 399//135
f 399//135 349//137 400//147
f 349//137 350//138 400//147
f 400//147 350//138 401//137
f 350//138 351//139 401//137
f 401//137 351//139 402//149
f 351//139 352//140 403//113
f 351//139 403//113 402//149
f 352//140 353//134 403//113
f 403//113 353//134 404//137
f 353//134 354//141 404//137
f 404//137 354//141 405//152
f 354//141 355//142 405//152
f 405//152 355//142 406//153
f 355//142 356//143 407//154
f 355//142 407//154 406//153
f 356//143 408//155 407//154
f 409//156 357//157 410//158
f 357//157 358//159 410//158
f 410//158 358//159 411//160
f 358//159 412//161 411//160
f 359//98 360//15 413//162
f 413//162 360//15 414//15
f 360//15 361//15 414//15
f 414//15 361//15 415//15
f 361//15 362//15 415//15
f 415//15 362//15 416//15
f 362//15 363//15 416//15
f 416//15 363//15 417//15
f 363//15 364//15 417//15
f 417//15 364//15 418//15
f 364//15 365//15 418//15
f 418//15 365//15 419//15
f 365//15 366//15 419//15
f 419//15 366//15 420//15
f 366//15 367//15 420//15
f 420//15 367//15 421//15
f 367//15 368//144 421//15
f 421//15 368//144 422//163
f 368//144 369//103 422//163
f 422//163 369//103 423//163
f 369//103 370//70 423//163
f 423//163 370//70 424//15
f 370//70 371//15 424//15
f 424//15 371//15 425//15
f 371//15 372//99 425//15
f 425//15 372//99 426//15
f 372//99 373//15 426//15
f 426//15 373//15 427//15
f 373//15 374//15 427//15
f 427//15 374//15 428//15
f 374//15 375//15 428//15
f 428//15 375//15 429//15
f 375//15 376//99 429//15
f 429//15 376//99 430//15
f 376//99 377//15 430//15
f 430//15 377//15 431//15
f 377//15 378//15 431//15
f 431//15 378//15 432//15
f 378//15 379//7 432//15
f 432//15 379//7 433//15
f 379//7 380//30 433//15
f 433//15 380//30 434//15
f 380//30 381//30 434//15
f 434//15 381//30 435//15
f 381//30 382//28 435//15
f 435//15 382//28 436//15
f 382//28 383//28 437//7
f 382//28 437//7 436//15
f 383//28 384//81 437//7
f 437//7 384//81 438//70
f 384//81 385//81 438//70
f 438//70 385//81 439//15
f 385//81 386//28 439//15
f 439//15 386//28 440//15
f 386//28 387//28 441//7
f 386//28 441//7 440//15
f 387//28 388//81 441//7
f 441//7 388//81 442//70
f 388//81 389//103 442//70
f 442//70 389//103 443//15
f 389//103 390//145 443//15
f 443//15 390//145 444//164
f 390//145 391//146 445//100
f 390//145 445//100 444//164
f 391//146 392//147 445//100
f 445//100 392//147 446//165
f 392//147 393//148 446//165
f 446//165 393//148 447//166
f 393//148 394//149 447//166
f 447//166 394//149 448//167
f 394//149 395//149 449//168
f 394//149 449//168 448//167
f 395//149 396//150 449//168
f 449//168 396//150 450//169
f 396//150 397//134 450//169
f 450//169 397//134 451//170
f 397//134 398//151 451//170
f 451//170 398//151 452//171
f 398//151 399//135 453//172
f 398//151 453//172 452//171
f 399//135 400//147 453//172
f 453//172 400//147 454//138
f 400//147 401//137 454//138
f 454//138 401//137 455//144
f 401//137 402//149 455//144
f 455//144 402//149 456//173
f 402//149 403//113 457//174
f 402//149 457//174 456//173
f 403//113 404//137 457//174
f 457//174 404//137 458//175
f 404//137 405//152 458//175
f 458//175 405//152 459//108
f 405//152 406//153 459//108
f 459//108 406//153 460//176
f 406//153 407//154 461//177
f 406//153 461//177 460//176
f 407//154 408//155 461//177
f 461//177 408//155 462//178
f 408//155 409//156 462//178
f 462//178 409//156 463//179
f 409//156 410//158 463//179
f 463//179 410//158 464//115
f 410//158 411//160 464//115
f 464//115 411//160 465//180
f 411//160 412//161 466//181
f 411//160 466//181 465//180
f 413//162 414//15 467//51
f 467//51 414//15 468//15
f 414//15 415//15 468//15
f 468//15 415//15 469//15
f 415//15 416//15 469//15
f 469//15 416//15 470//15
f 416//15 417//15 470//15
f 470//15 417//15 471//15
f 417//15 418//15 471//15
f 471//15 418//15 472//15
f 418//15 419//15 472//15
f 472//15 419//15 473//15
f 419//15 420//15 473//15
f 473//15 420//15 474//15
f 420//15 421//15 474//15
f 474//15 421//15 475//15
f 421//15 422//163 475//15
f 475//15 422//163 476//182
f 422//163 423//163 476//182
f 476//182 423//163 477//183
f 423//163 424//15 477//183
f 477//183 424//15 478//15
f 424//15 425//15 478//15
f 478//15 425//15 479//15
f 425//15 426//15 479//15
f 479//15 426//15 480//15
f 426//15 427//15 480//15
f 480//15 427//15 481//15
f 427//15 428//15 481//15
f 481//15 428//15 482//15
f 428//15 429//15 482//15
f 482//15 429//15 483//15
f 429//15 430//15 483//15
f 483//15 430//15 484//15
f 430//15 431//15 484//15
f 484//15 431//15 485//15
f 431//15 432//15 485//15
f 485//15 432//15 486//15
f 432//15 433//15 486//15
f 486//15 433//15 487//15
f 433//15 434//15 487//15
f 487//15 434//15 488//15
f 434//15 435//15 488//15
f 488//15 435//15 489//15
f 435//15 436//15 489//15
f 489//15 436//15 490//15
f 436//15 437//7 490//15
f 490//15 437//7 491//15
f 437//7 438//70 491//15
f 491//15 438//70 492//15
f 438//70 439//15 492//15
f 492//15 439//15 493//15
f 439//15 440//15 493//15
f 493//15 440//15 494//15
f 440//15 441//7 494//15
f 494//15 441//7 495//15
f 441//7 442//70 495//15
f 495//15 442//70 496//15
f 442//70 443//15 496//15
f 496//15 443//15 497//103
f 443//15 444//164 497//103
f 497//103 444//164 498//184
f 444//164 445//100 499//110
f 444//164 499//110 498//184
f 445//100 446//165 499//110
f 499//110 446//165 500//103
f 446//165 447//166 500//103
f 500//103 447//166 501//134
f 447//166 448//167 501//134
f 501//134 448//167 502//185
f 448//167 449//168 502//185
f 502//185 449//168 503//186
f 449//168 450//169 503//186
f 503//186 450//169 504//134
f 450//169 451//170 504//134
f 504//134 451//170 505//163
f 451//170 452//171 505//163
f 505//163 452//171 506//187
f 452//171 453//172 507//100
f 452//171 507//100 506//187
f 453//172 454//138 507//100
f 507//100 454//138 508//70
f 454//138 455//144 508//70
f 508//70 455//144 509//70
f 455//144 456//173 509//70
f 509//70 456//173 510//184
f 456//173 457//174 511//188
f 456//173 511//188 510//184
f 457//174 458//175 511//188
f 511//188 458//175 512//103
f 458//175 459//108 512//103
f 512//103 459//108 513//103
f 459//108 460//176 513//103
f 513//103 460//176 514//65
f 460//176 461//177 515//189
f 460//176 515//189 514//65
f 461//177 462//178 515//189
f 515//189 462//178 516//190
f 462//178 463//179 516//190
f 516//190 463//179 517//191
f 463//179 464//115 518//104
f 463//179 518//104 517//191
f 464//115 465//180 518//104
f 518//104 465//180 519//83
f 465//180 466//181 520//192
f 465//180 520//192 519//83
f 466//181 521//193 520//192
f 467//51 468//15 527//194
f 527//194 468//15 528//195
f 468//15 469//15 528//195
f 528//195 469//15 529//15
f 469//15 470//15 529//15
f 529//15 470//15 530//15
f 470//15 471//15 530//15
f 530//15 471//15 531//15
f 471//15 472//15 531//15
f 531//15 472//15 532//15
f 472//15 473//15 532//15
f 532//15 473//15 533//15
f 473//15 474//15 533//15
f 533//15 474//15 534//15
f 474//15 475//15 534//15
f 534//15 475//15 535//15
f 475//15 476//182 535//15
f 535//15 476//182 536//15
f 476//182 477//183 537//183
f 476//182 537//183 536//15
f 477//183 478//15 538//182
f 477//183 538//182 537//183
f 478//15 479//15 538//182
f 538//182 479//15 539//15
f 479//15 480//15 539//15
f 539//15 480//15 540//15
f 480//15 481//15 540//15
f 540//15 481//15 541//15
f 481//15 482//15 541//15
f 541//15 482//15 542//15
f 482//15 483//15 542//15
f 542//15 483//15 543//15
f 483//15 484//15 543//15
f 543//15 484//15 544//15
f 484//15 485//15 544//15
f 544//15 485//15 545//15
f 485//15 486//15 545//15
f 545//15 486//15 546//15
f 486//15 487//15 546//15
f 546//15 487//15 547//15
f 487//15 488//15 547//15
f 547//15 488//15 548//15
f 488//15 489//15 548//15
f 548//15 489//15 549//15
f 489//15 490//15 549//15
f 549//15 490//15 550//15
f 490//15 491//15 550//15
f 550//15 491//15 551//15
f 491//15 492//15 551//15
f 551//15 492//15 552//15
f 492//15 493//15 552//15
f 552//15 493//15 553//15
f 493//15 494//15 553//15
f 553//15 494//15 554//99
f 494//15 495//15 554//99
f 554//99 495//15 555//15
f 495//15 496//15 555//15
f 555//15 496//15 556//144
f 496//15 497//103 556//144
f 556//144 497//103 557//196
f 497//103 498//184 557//196
f 557//196 498//184 558//102
f 498//184 499//110 559//197
f 498//184 559//197 558//102
f 499//110 500//103 559//197
f 559//197 500//103 560//103
f 500//103 501//134 560//103
f 560//103 501//134 561//196
f 501//134 502//185 561//196
f 561//196 502//185 562//171
f 502//185 503//186 563//133
f 502//185 563//133 562//171
f 503//186 504//134 563//133
f 563//133 504//134 564//103
f 504//134 505//163 564//103
f 564//103 505//163 565//196
f 505//163 506//187 565//196
f 565//196 506//187 566//28
f 506//187 507//100 567//110
f 506//187 567//110 566//28
f 507//100 508//70 567//110
f 567//110 508//70 568//81
f 508//70 509//70 568//81
f 568//81 509//70 569//108
f 509//70 510//184 569//108
f 569//108 510//184 570//198
f 510//184 511//188 571//64
f 510//184 571//64 570//198
f 511//188 512//103 571//64
f 571//64 512//103 572//103
f 512//103 513//103 572//103
f 572//103 513//103 573//103
f 513//103 514//65 573//103
f 573//103 514//65 574//79
f 514//65 515//189 574//79
f 574//79 515//189 575//65
f 515//189 516//190 575//65
f 575//65 516//190 576//65
f 516//190 517//191 577//199
f 516//190 577//199 576//65
f 517//191 518//104 578//99
f 517//191 578//99 577//199
f 518//104 519//83 578//99
f 578//99 519//83 579//15
f 519//83 520//192 579//15
f 579//15 520//192 580//200
f 520//192 521//193 581//201
f 520//192 581//201 580//200
f 521//193 522//202 581//201
f 581//201 522//202 582//203
f 522//202 523//204 582//203
f 582//203 523//204 583//205
f 523//204 524//206 584//207
f 523//204 584//207 583//205
f 524//206 525//208 584//207
f 584//207 525//208 585//18
f 525//208 526//209 585//18
f 585//18 526//209 586//12
f 526//209 587//210 586//12
f 527//194 528//195 588//211
f 588//211 528//195 589//212
f 528//195 529//15 590//212
f 528//195 590//212 589//212
f 529//15 530//15 590//212
f 590//212 530//15 591//195
f 530//15 531//15 591//195
f 591//195 531//15 592//15
f 531//15 532//15 592//15
f 592//15 532//15 593//15
f 532//15 533//15 593//15
f 593//15 533//15 594//15
f 533//15 534//15 594//15
f 594//15 534//15 595//15
f 534//15 535//15 595//15
f 595//15 535//15 596//15
f 535//15 536//15 596//15
f 596//15 536//15 597//15
f 536//15 537//183 597//15
f 597//15 537//183 598//182
f 537//183 538//182 598//182
f 598//182 538//182 599//183
f 538//182 539//15 599//183
f 599//183 539//15 600//15
f 539//15 540//15 600//15
f 600//15 540//15 601//15
f 540//15 541//15 601//15
f 601//15 541//15 602//15
f 541//15 542//15 602//15
f 602//15 542//15 603//15
f 542//15 543//15 603//15
f 603//15 543//15 604//15
f 543//15 544//15 604//15
f 604//15 544//15 605//15
f 544//15 545//15 605//15
f 605//15 545//15 606//15
f 545//15 546//15 606//15
f 606//15 546//15 607//15
f 546//15 547//15 607//15
f 607//15 547//15 608//15
f 547//15 548//15 608//15
f 608//15 548//15 609//15
f 548//15 549//15 609//15
f 609//15 549//15 610//15
f 549//15 550//15 610//15
f 610//15 550//15 611//15
f 550//15 551//15 611//15
f 611//15 551//15 612//15
f 551//15 552//15 612//15
f 612//15 552//15 613//15
f 552//15 553//15 613//15
f 613//15 553//15 614//103
f 553//15 554//99 614//103
f 614//103 554//99 615//213
f 554//99 555//15 616//28
f 554//99 616//28 615//213
f 555//15 556//144 616//28
f 616//28 556//144 617//103
f 556//144 557//196 617//103
f 617//103 557//196 618//144
f 557//196 558//102 618//144
f 618//144 558//102 619//214
f 558//102 559//197 619//214
f 619//214 559//197 620//164
f 559//197 560//103 620//164
f 620//164 560//103 621//215
f 560//103 561//196 621//215
f 621//215 561//196 622//163
f 561//196 562//171 622//163
f 622//163 562//171 623//200
f 562//171 563//133 624//101
f 562//171 624//101 623//200
f 563//133 564//103 624//101
f 624//101 564//103 625//141
f 564//103 565//196 625//141
f 625//141 565//196 626//216
f 565//196 566//28 626//216
f 626//216 566//28 627//217
f 566//28 567//110 628//101
f 566//28 628//101 627//217
f 567//110 568//81 628//101
f 628//101 568//81 629//141
f 568//81 569//108 629//141
f 629//141 569//108 630//15
f 569//108 570//198 630//15
f 630//15 570//198 631//218
f 570//198 571//64 631//218
f 631//218 571//64 632//219
f 571//64 572//103 632//219
f 632//219 572//103 633//196
f 572//103 573//103 633//196
f 633//196 573//103 634//103
f 573//103 574//79 634//103
f 634//103 574//79 635//213
f 574//79 575//65 636//220
f 574//79 636//220 635//213
f 575//65 576//65 636//220
f 636//220 576//65 637//167
f 576//65 577//199 637//167
f 637//167 577//199 638//221
f 577//199 578//99 638//221
f 638//221 578//99 639//70
f 578//99 579//15 639//70
f 639//70 579//15 640//30
f 579//15 580//200 640//30
f 640//30 580//200 641//82
f 580//200 581//201 642//52
f 580//200 642//52 641//82
f 581//201 582//203 643//222
f 581//201 643//222 642//52
f 582//203 583//205 643//222
f 643//222 583//205 644//223
f 583//205 584//207 644//223
f 644//223 584//207 645//198
f 584//207 585//18 645//198
f 645//198 585//18 646//30
f 585//18 586//12 646//30
f 646//30 586//12 647//65
f 586//12 587//210 648//224
f 586//12 648//224 647//65
f 587//210 649//225 648//224
f 588//211 589//212 650//51
f 650//51 589//212 651//15
f 589//212 590//212 652//195
f 589//212 652//195 651//15
f 590//212 591//195 652//195
f 652//195 591//195 653//212
f 591//195 592//15 654//212
f 591//195 654//212 653//212
f 592//15 593//15 654//212
f 654//212 593//15 655//195
f 593//15 594//15 655//195
f 655//195 594//15 656//15
f 594//15 595//15 656//15
f 656//15 595//15 657//15
f 595//15 596//15 657//15
f 657//15 596//15 658//15
f 596//15 597//15 658//15
f 658//15 597//15 659//15
f 597//15 598//182 659//15
f 659//15 598//182 660//15
f 598//182 599//183 661//226
f 598//182 661//226 660//15
f 599//183 600//15 662//227
f 599//183 662//227 661//226
f 600//15 601//15 662//227
f 662//227 601//15 663//15
f 601//15 602//15 663//15
f 663//15 602//15 664//15
f 602//15 603//15 664//15
f 664//15 603//15 665//15
f 603//15 604//15 665//15
f 665//15 604//15 666//15
f 604//15 605//15 666//15
f 666//15 605//15 667//15
f 605//15 606//15 667//15
f 667//15 606//15 668//15
f 606//15 607//15 668//15
f 668//15 607//15 669//15
f 607//15 608//15 669//15
f 669//15 608//15 670//15
f 608//15 609//15 670//15
f 670//15 609//15 671//15
f 609//15 610//15 671//15
f 671//15 610//15 672//15
f 610//15 611//15 672//15
f 672//15 611//15 673//15
f 611//15 612//15 673//15
f 673//15 612//15 674//15
f 612//15 613//15 674//15
f 674//15 613//15 675//144
f 613//15 614//103 675//144
f 675//144 614//103 676//196
f 614//103 615//213 676//196
f 676//196 615//213 677//15
f 615//213 616//28 678//7
f 615//213 678//7 677//15
f 616//28 617//103 678//7
f 678//7 617//103 679//70
f 617//103 618//144 679//70
f 679//70 618//144 680//15
f 618//144 619//214 680//15
f 680//15 619//214 681//15
f 619//214 620//164 682//79
f 619//214 682//79 681//15
f 620//164 621//215 683//222
f 620//164 683//222 682//79
f 621//215 622//163 683//222
f 683//222 622//163 684//144
f 622//163 623//200 684//144
f 684//144 623//200 685//15
f 623//200 624//101 686//64
f 623//200 686//64 685//15
f 624//101 625//141 687//213
f 624//101 687//213 686//64
f 625//141 626//216 687//213
f 687//213 626//216 688//103
f 626//216 627//217 688//103
f 688//103 627//217 689//15
f 627//217 628//101 690//64
f 627//217 690//64 689//15
f 628//101 629//141 691//28
f 628//101 691//28 690//64
f 629//141 630//15 691//28
f 691//28 630//15 692//81
f 630//15 631//218 692//81
f 692//81 631//218 693//228
f 631//218 632//219 694//229
f 631//218 694//229 693//228
f 632//219 633//196 694//229
f 694//229 633//196 695//196
f 633//196 634//103 695//196
f 695//196 634//103 696//165
f 634//103 635//213 696//165
f 696//165 635//213 697//15
f 635//213 636//220 698//64
f 635//213 698//64 697//15
f 636//220 637//167 699//230
f 636//220 699//230 698//64
f 637//167 638//221 699//230
f 699//230 638//221 700//65
f 638//221 639//70 700//65
f 700//65 639//70 701//108
f 639//70 640//30 701//108
f 701//108 640//30 702//30
f 640//30 641//82 702//30
f 702//30 641//82 703//198
f 641//82 642//52 704//199
f 641//82 704//199 703//198
f 642//52 643//222 705//99
f 642//52 705//99 704//199
f 643//222 644//223 705//99
f 705//99 644//223 706//15
f 644//223 645//198 707//7
f 644//223 707//7 706//15
f 645//198 646//30 707//7
f 707//7 646//30 708//30
f 646//30 647//65 708//30
f 708//30 647//65 709//30
f 647//65 648//224 709//30
f 709//30 648//224 710//198
f 648//224 649//225 711//231
f 648//224 711//231 710//198
f 649//225 712//232 711//231
f 650//51 651//15 713//51
f 713//51 651//15 714//15
f 651//15 652//195 714//15
f 714//15 652//195 715//15
f 652//195 653//212 715//15
f 715//15 653//212 716//15
f 653//212 654//212 717//195
f 653//212 717//195 716//15
f 654//212 655//195 717//195
f 717//195 655//195 718//212
f 655//195 656//15 719//212
f 655//195 719//212 718//212
f 656//15 657//15 719//212
f 719//212 657//15 720//195
f 657//15 658//15 720//195
f 720//195 658//15 721//15
f 658//15 659//15 721//15
f 721//15 659//15 722//15
f 659//15 660//15 722//15
f 722//15 660//15 723//15
f 660//15 661//226 723//15
f 723//15 661//226 724//15
f 661//226 662//227 725//227
f 661//226 725//227 724//15
f 662//227 663//15 726//226
f 662//227 726//226 725//227
f 663//15 664//15 726//226
f 726//226 664//15 727//15
f 664//15 665//15 727//15
f 727//15 665//15 728//15
f 665//15 666//15 728//15
f 728//15 666//15 729//15
f 666//15 667//15 729//15
f 729//15 667//15 730//15
f 667//15 668//15 730//15
f 730//15 668//15 731//15
f 668//15 669//15 731//15
f 731//15 669//15 732//15
f 669//15 670//15 732//15
f 732//15 670//15 733//15
f 670//15 671//15 733//15
f 733//15 671//15 734//15
f 671//15 672//15 734//15
f 734//15 672//15 735//15
f 672//15 673//15 735//15
f 735//15 673//15 736//15
f 673//15 674//15 736//15
f 736//15 674//15 737//15
f 674//15 675//144 737//15
f 737//15 675//144 738//216
f 675//144 676//196 738//216
f 738//216 676//196 739//144
f 676//196 677//15 739//144
f 739//144 677//15 740//15
f 677//15 678//7 740//15
f 740//15 678//7 741//15
f 678//7 679//70 741//15
f 741//15 679//70 742//15
f 679//70 680//15 742//15
f 742//15 680//15 743//15
f 680//15 681//15 743//15
f 743//15 681//15 744//15
f 681//15 682//79 744//15
f 744//15 682//79 745//15
f 682//79 683//222 746//99
f 682//79 746//99 745//15
f 683//222 684//144 746//99
f 746//99 684//144 747//15
f 684//144 685//15 747//15
f 747//15 685//15 748//15
f 685//15 686//64 748//15
f 748//15 686//64 749//15
f 686//64 687//213 750//99
f 686//64 750//99 749//15
f 687//213 688//103 750//99
f 750//99 688//103 751//15
f 688//103 689//15 751//15
f 751//15 689//15 752//15
f 689//15 690//64 752//15
f 752//15 690//64 753//15
f 690//64 691//28 754//7
f 690//64 754//7 753//15
f 691//28 692//81 754//7
f 754//7 692//81 755//233
f 692//81 693//228 755//233
f 755//233 693//228 756//234
f 693//228 694//229 756//234
f 756//234 694//229 757//235
f 694//229 695//196 757//235
f 757//235 695//196 758//103
f 695//196 696//165 758//103
f 758//103 696//165 759//144
f 696//165 697//15 759//144
f 759//144 697//15 760//15
f 697//15 698//64 760//15
f 760//15 698//64 761//15
f 698//64 699//230 762//164
f 698//64 762//164 761//15
f 699//230 700//65 763//236
f 699//230 763//236 762//164
f 700//65 701//108 763//236
f 763//236 701//108 764//15
f 701//108 702//30 764//15
f 764//15 702//30 765//99
f 702//30 703//198 765//99
f 765//99 703//198 766//237
f 703//198 704//199 766//237
f 766//237 704//199 767//198
f 704//199 705//99 767//198
f 767//198 705//99 768//30
f 705//99 706//15 768//30
f 768//30 706//15 769//30
f 706//15 707//7 769//30
f 769//30 707//7 770//7
f 707//7 708//30 770//7
f 770//7 708//30 771//15
f 708//30 709//30 771//15
f 771//15 709//30 772//15
f 709//30 710//198 772//15
f 772//15 710//198 773//214
f 710//198 711//231 773//214
f 773//214 711//231 774//238
f 711//231 712//232 774//238
f 774//238 712//232 775//239
f 713//51 714//15 776//240
f 776//240 714//15 777//15
f 714//15 715//15 777//15
f 777//15 715//15 778//15
f 715//15 716//15 778//15
f 778//15 716//15 779//15
f 716//15 717//195 779//15
f 779//15 717//195 780//15
f 717//195 718//212 780//15
f 780//15 718//212 781//15
f 718//212 719//212 782//195
f 718//212 782//195 781//15
f 719//212 720//195 782//195
f 782//195 720//195 783//212
f 720//195 721//15 784//227
f 720//195 784//227 783//212
f 721//15 722//15 784//227
f 784//227 722//15 785//15
f 722//15 723//15 785//15
f 785//15 723//15 786//15
f 723//15 724//15 786//15
f 786//15 724//15 787//15
f 724//15 725//227 787//15
f 787//15 725//227 788//15
f 725//227 726//226 789//227
f 725//227 789//227 788//15
f 726//226 727//15 790//227
f 726//226 790//227 789//227
f 727//15 728//15 790//227
f 790//227 728//15 791//15
f 728//15 729//15 791//15
f 791//15 729//15 792//15
f 729//15 730//15 792//15
f 792//15 730//15 793//15
f 730//15 731//15 793//15
f 793//15 731//15 794//15
f 731//15 732//15 794//15
f 794//15 732//15 795//15
f 732//15 733//15 795//15
f 795//15 733//15 796//15
f 733//15 734//15 796//15
f 796//15 734//15 797//15
f 734//15 735//15 797//15
f 797//15 735//15 798//15
f 735//15 736//15 798//15
f 798//15 736//15 799//15
f 736//15 737//15 799//15
f 799//15 737//15 800//144
f 737//15 738//216 800//144
f 800//144 738//216 801//165
f 738//216 739//144 801//165
f 801//165 739//144 802//15
f 739//144 740//15 802//15
f 802//15 740//15 803//15
f 740//15 741//15 803//15
f 803//15 741//15 804//15
f 741//15 742//15 804//15
f 804//15 742//15 805//15
f 742//15 743//15 805//15
f 805//15 743//15 806//15
f 743//15 744//15 806//15
f 806//15 744//15 807//15
f 744//15 745//15 807//15
f 807//15 745//15 808//15
f 745//15 746//99 808//15
f 808//15 746//99 809//15
f 746//99 747//15 809//15
f 809//15 747//15 810//15
f 747//15 748//15 810//15
f 810//15 748//15 811//15
f 748//15 749//15 811//15
f 811//15 749//15 812//15
f 749//15 750//99 812//15
f 812//15 750//99 813//15
f 750//99 751//15 813//15
f 813//15 751//15 814//15
f 751//15 752//15 814//15
f 814//15 752//15 815//15
f 752//15 753//15 815//15
f 815//15 753//15 816//15
f 753//15 754//7 816//15
f 816//15 754//7 817//15
f 754//7 755//233 817//15
f 817//15 755//233 818//15
f 755//233 756//234 819//7
f 755//233 819//7 818//15
f 756//234 757//235 819//7
f 819//7 757//235 820//30
f 757//235 758//103 820//30
f 820//30 758//103 821//70
f 758//103 759//144 821//70
f 821//70 759//144 822//15
f 759//144 760//15 822//15
f 822//15 760//15 823//15
f 760//15 761//15 823//15
f 823//15 761//15 824//15
f 761//15 762//164 824//15
f 824//15 762//164 825//214
f 762//164 763//236 825//214
f 825//214 763//236 826//198
f 763//236 764//15 826//198
f 826//198 764//15 827//81
f 764//15 765//99 827//81
f 827//81 765//99 828//213
f 765//99 766//237 829//52
f 765//99 829//52 828//213
f 766//237 767//198 830//53
f 766//237 830//53 829//52
f 767//198 768//30 830//53
f 830//53 768//30 831//30
f 768//30 769//30 831//30
f 831//30 769//30 832//30
f 769//30 770//7 832//30
f 832//30 770//7 833//198
f 770//7 771//15 834//214
f 770//7 834//214 833//198
f 771//15 772//15 834//214
f 834//214 772//15 835//15
f 772//15 773//214 835//15
f 835//15 773//214 836//15
f 773//214 774//238 837//241
f 773//214 837//241 836//15
f 774//238 775//239 838//242
f 774//238 838//242 837//241
f 775//239 839//243 838//242
f 776//240 777//15 841//212
f 776//240 841//212 840//244
f 777//15 778//15 841//212
f 841//212 778//15 842//195
f 778//15 779//15 842//195
f 842//195 779//15 843//15
f 779//15 780//15 843//15
f 843//15 780//15 844//15
f 780//15 781//15 844//15
f 844//15 781//15 845//15
f 781//15 782//195 845//15
f 845//15 782//195 846//15
f 782//195 783//212 846//15
f 846//15 783//212 847//15
f 783//212 784//227 848//227
f 783//212 848//227 847//15
f 784//227 785//15 849//227
f 784//227 849//227 848//227
f 785//15 786//15 849//227
f 849//227 786//15 850//15
f 786//15 787//15 850//15
f 850//15 787//15 851//15
f 787//15 788//15 851//15
f 851//15 788//15 852//15
f 788//15 789//227 852//15
f 852//15 789//227 853//15
f 789//227 790//227 854//226
f 789//227 854//226 853//15
f 790//227 791//15 855//226
f 790//227 855//226 854//226
f 791//15 792//15 855//226
f 855//226 792//15 856//15
f 792//15 793//15 856//15
f 856//15 793//15 857//15
f 793//15 794//15 857//15
f 857//15 794//15 858//15
f 794//15 795//15 858//15
f 858//15 795//15 859//15
f 795//15 796//15 859//15
f 859//15 796//15 860//15
f 796//15 797//15 860//15
f 860//15 797//15 861//15
f 797//15 798//15 861//15
f 861//15 798//15 862//15
f 798//15 799//15 862//15
f 862//15 799//15 863//15
f 799//15 800//144 863//15
f 863//15 800//144 864//163
f 800//144 801//165 864//163
f 864//163 801//165 865//163
f 801//165 802//15 865//163
f 865//163 802//15 866//15
f 802//15 803//15 866//15
f 866//15 803//15 867//15
f 803//15 804//15 867//15
f 867//15 804//15 868//15
f 804//15 805//15 868//15
f 868//15 805//15 869//15
f 805//15 806//15 869//15
f 869//15 806//15 870//15
f 806//15 807//15 870//15
f 870//15 807//15 871//15
f 807//15 808//15 871//15
f 871//15 808//15 872//15
f 808//15 809//15 872//15
f 872//15 809//15 873//15
f 809//15 810//15 873//15
f 873//15 810//15 874//15
f 810//15 811//15 874//15
f 874//15 811//15 875//15
f 811//15 812//15 875//15
f 875//15 812//15 876//15
f 812//15 813//15 876//15
f 876//15 813//15 877//15
f 813//15 814//15 877//15
f 877//15 814//15 878//15
f 814//15 815//15 878//15
f 878//15 815//15 879//15
f 815//15 816//15 879//15
f 879//15 816//15 880//15
f 816//15 817//15 880//15
f 880//15 817//15 881//15
f 817//15 818//15 881//15
f 881//15 818//15 882//70
f 818//15 819//7 882//70
f 882//70 819//7 883//30
f 819//7 820//30 883//30
f 883//30 820//30 884//30
f 820//30 821//70 884//30
f 884//30 821//70 885//30
f 821//70 822//15 885//30
f 885//30 822//15 886//30
f 822//15 823//15 886//30
f 886//30 823//15 887//30
f 823//15 824//15 887//30
f 887//30 824//15 888//30
f 824//15 825//214 888//30
f 888//30 825//214 889//65
f 825//214 826//198 890//66
f 825//214 890//66 889//65
f 826//198 827//81 890//66
f 890//66 827//81 891//141
f 827//81 828//213 891//141
f 891//141 828//213 892//15
f 828//213 829//52 893//64
f 828//213 893//64 892//15
f 829//52 830//53 894//28
f 829//52 894//28 893//64
f 830//53 831//30 894//28
f 894//28 831//30 895//30
f 831//30 832//30 895//30
f 895//30 832//30 896//30
f 832//30 833//198 896//30
f 896//30 833//198 897//245
f 833//198 834//214 897//245
f 897//245 834//214 898//164
f 834//214 835//15 898//164
f 898//164 835//15 899//15
f 835//15 836//15 899//15
f 899//15 836//15 900//99
f 836//15 837//241 900//99
f 900//99 837//241 901//246
f 837//241 838//242 901//246
f 901//246 838//242 902//247
f 838//242 839//243 902//247
f 840//244 841//212 904//195
f 840//244 904//195 903//248
f 841//212 842//195 904//195
f 904//195 842//195 905//212
f 842//195 843//15 906//227
f 842//195 906//227 905//212
f 843//15 844//15 906//227
f 906//227 844//15 907//15
f 844//15 845//15 907//15
f 907//15 845//15 908//15
f 845//15 846//15 908//15
f 908//15 846//15 909//15
f 846//15 847//15 909//15
f 909//15 847//15 910//15
f 847//15 848//227 910//15
f 910//15 848//227 911//15
f 848//227 849//227 912//226
f 848//227 912//226 911//15
f 849//227 850//15 913//227
f 849//227 913//227 912//226
f 850//15 851//15 913//227
f 913//227 851//15 914//15
f 851//15 852//15 914//15
f 914//15 852//15 915//15
f 852//15 853//15 915//15
f 915//15 853//15 916//15
f 853//15 854//226 916//15
f 916//15 854//226 917//15
f 854//226 855//226 918//226
f 854//226 918//226 917//15
f 855//226 856//15 919//227
f 855//226 919//227 918//226
f 856//15 857//15 919//227
f 919//227 857//15 920//15
f 857//15 858//15 920//15
f 920//15 858//15 921//15
f 858//15 859//15 921//15
f 921//15 859//15 922//15
f 859//15 860//15 922//15
f 922//15 860//15 923//15
f 860//15 861//15 923//15
f 923//15 861//15 924//15
f 861//15 862//15 924//15
f 924//15 862//15 925//15
f 862//15 863//15 925//15
f 925//15 863//15 926//15
f 863//15 864//163 926//15
f 926//15 864//163 927//163
f 864//163 865//163 927//163
f 927//163 865//163 928//163
f 865//163 866//15 928//163
f 928//163 866//15 929//15
f 866//15 867//15 929//15
f 929//15 867//15 930//15
f 867//15 868//15 930//15
f 930//15 868//15 931//15
f 868//15 869//15 931//15
f 931//15 869//15 932//15
f 869//15 870//15 932//15
f 932//15 870//15 933//15
f 870//15 871//15 933//15
f 933//15 871//15 934//15
f 871//15 872//15 934//15
f 934//15 872//15 935//15
f 872//15 873//15 935//15
f 935//15 873//15 936//15
f 873//15 874//15 936//15
f 936//15 874//15 937//15
f 874//15 875//15 937//15
f 937//15 875//15 938//15
f 875//15 876//15 938//15
f 938//15 876//15 939//15
f 876//15 877//15 939//15
f 939//15 877//15 940//15
f 877//15 878//15 940//15
f 940//15 878//15 941//15
f 878//15 879//15 941//15
f 941//15 879//15 942//70
f 879//15 880//15 942//70
f 942//70 880//15 943//30
f 880//15 881//15 943//30
f 943//30 881//15 944//81
f 881//15 882//70 944//81
f 944//81 882//70 945//108
f 882//70 883//30 945//108
f 945//108 883//30 946//30
f 883//30 884//30 946//30
f 946//30 884//30 947//30
f 884//30 885//30 947//30
f 947//30 885//30 948//30
f 885//30 886//30 948//30
f 948//30 886//30 949//30
f 886//30 887//30 949//30
f 949//30 887//30 950//30
f 887//30 888//30 950//30
f 950//30 888//30 951//30
f 888//30 889//65 951//30
f 951//30 889//65 952//30
f 889//65 890//66 952//30
f 952//30 890//66 953//28
f 890//66 891//141 954//64
f 890//66 954//64 953//28
f 891//141 892//15 954//64
f 954//64 892//15 955//15
f 892//15 893//64 955//15
f 955//15 893//64 956//15
f 893//64 894//28 957//7
f 893//64 957//7 956//15
f 894//28 895//30 957//7
f 957//7 895//30 958//249
f 895//30 896//30 958//249
f 958//249 896//30 959//65
f 896//30 897//245 959//65
f 959//65 897//245 960//28
f 897//245 898//164 961//250
f 897//245 961//250 960//28
f 898//164 899//15 962//80
f 898//164 962//80 961//250
f 899//15 900//99 962//80
f 962//80 900//99 963//213
f 900//99 901//246 964//46
f 900//99 964//46 963//213
f 901//246 902//247 965//251
f 901//246 965//251 964//46
f 902//247 966//252 965//251
f 903//248 904//195 968//51
f 968//51 904//195 969//15
f 904//195 905//212 969//15
f 969//15 905//212 970//15
f 905//212 906//227 971//227
f 905//212 971//227 970//15
f 906//227 907//15 972//212
f 906//227 972//212 971//227
f 907//15 908//15 972//212
f 972//212 908//15 973//195
f 908//15 909//15 973//195
f 973//195 909//15 974//15
f 909//15 910//15 974//15
f 974//15 910//15 975//15
f 910//15 911//15 975//15
f 975//15 911//15 976//15
f 911//15 912//226 976//15
f 976//15 912//226 977//15
f 912//226 913//227 978//227
f 912//226 978//227 977//15
f 913//227 914//15 979//226
f 913//227 979//226 978//227
f 914//15 915//15 979//226
f 979//226 915//15 980//15
f 915//15 916//15 980//15
f 980//15 916//15 981//15
f 916//15 917//15 981//15
f 981//15 917//15 982//15
f 917//15 918//226 982//15
f 982//15 918//226 983//15
f 918//226 919//227 984//227
f 918//226 984//227 983//15
f 919//227 920//15 985//226
f 919//227 985//226 984//227
f 920//15 921//15 985//226
f 985//226 921//15 986//15
f 921//15 922//15 986//15
f 986//15 922//15 987//15
f 922//15 923//15 987//15
f 987//15 923//15 988//15
f 923//15 924//15 988//15
f 988//15 924//15 989//15
f 924//15 925//15 989//15
f 989//15 925//15 990//15
f 925//15 926//15 990//15
f 990//15 926//15 991//15
f 926//15 927//163 991//15
f 991//15 927//163 992//163
f 927//163 928//163 992//163
f 992//163 928//163 993//163
f 928//163 929//15 993//163
f 993//163 929//15 994//15
f 929//15 930//15 994//15
f 994//15 930//15 995//15
f 930//15 931//15 995//15
f 995//15 931//15 996//15
f 931//15 932//15 996//15
f 996//15 932//15 997//15
f 932//15 933//15 997//15
f 997//15 933//15 998//15
f 933//15 934//15 998//15
f 998//15 934//15 999//15
f 934//15 935//15 999//15
f 999//15 935//15 1000//15
f 935//15 936//15 1000//15
f 1000//15 936//15 1001//15
f 936//15 937//15 1001//15
f 1001//15 937//15 1002//15
f 937//15 938//15 1002//15
f 1002//15 938//15 1003//15
f 938//15 939//15 1003//15
f 1003//15 939//15 1004//15
f 939//15 940//15 1004//15
f 1004//15 940//15 1005//15
f 940//15 941//15 1005//15
f 1005//15 941//15 1006//144
f 941//15 942//70 1006//144
f 1006//144 942//70 1007//103
f 942//70 943//30 1007//103
f 1007//103 943//30 1008//30
f 943//30 944//81 1008//30
f 1008//30 944//81 1009//70
f 944//81 945//108 1009//70
f 1009//70 945//108 1010//15
f 945//108 946//30 1010//15
f 1010//15 946//30 1011//15
f 946//30 947//30 1011//15
f 1011//15 947//30 1012//15
f 947//30 948//30 1012//15
f 1012//15 948//30 1013//15
f 948//30 949//30 1013//15
f 1013//15 949//30 1014//15
f 949//30 950//30 1014//15
f 1014//15 950//30 1015//15
f 950//30 951//30 1015//15
f 1015//15 951//30 1016//15
f 951//30 952//30 1016//15
f 1016//15 952//30 1017//15
f 952//30 953//28 1017//15
f 1017//15 953//28 1018//15
f 953//28 954//64 1019//64
f 953//28 1019//64 1018//15
f 954//64 955//15 1020//28
f 954//64 1020//28 1019//64
f 955//15 956//15 1020//28
f 1020//28 956//15 1021//30
f 956//15 957//7 1021//30
f 1021//30 957//7 1022//81
f 957//7 958//249 1022//81
f 1022//81 958//249 1023//213
f 958//249 959//65 1024//28
f 958//249 1024//28 1023//213
f 959//65 960//28 1024//28
f 1024//28 960//28 1025//82
f 960//28 961//250 1026//52
f 960//28 1026//52 1025//82
f 961//250 962//80 1027//220
f 961//250 1027//220 1026//52
f 962//80 963//213 1027//220
f 1027//220 963//213 1028//15
f 963//213 964//46 1029//7
f 963//213 1029//7 1028//15
f 964//46 965//251 1029//7
f 1029//7 965//251 1030//9
f 965//251 966//252 1031//253
f 965//251 1031//253 1030//9
f 966//252 1032//254 1031//253
f 1033//255 967//256 1034//257
f 967//256 1035//258 1034//257
f 968//51 969//15 1041//51
f 1041//51 969//15 1042//15
f 969//15 970//15 1042//15
f 1042//15 970//15 1043//15
f 970//15 971//227 1043//15
f 1043//15 971//227 1044//15
f 971//227 972//212 1045//195
f 971//227 1045//195 1044//15
f 972//212 973//195 1045//195
f 1045//195 973//195 1046//212
f 973//195 974//15 1047//212
f 973//195 1047//212 1046//212
f 974//15 975//15 1047//212
f 1047//212 975//15 1048//195
f 975//15 976//15 1048//195
f 1048//195 976//15 1049//15
f 976//15 977//15 1049//15
f 1049//15 977//15 1050//15
f 977//15 978//227 1050//15
f 1050//15 978//227 1051//15
f 978//227 979//226 1052//226
f 978//227 1052//226 1051//15
f 979//226 980//15 1053//227
f 979//226 1053//227 1052//226
f 980//15 981//15 1053//227
f 1053//227 981//15 1054//15
f 981//15 982//15 1054//15
f 1054//15 982//15 1055//15
f 982//15 983//15 1055//15
f 1055//15 983//15 1056//15
f 983//15 984//227 1056//15
f 1056//15 984//227 1057//15
f 984//227 985//226 1058//183
f 984//227 1058//183 1057//15
f 985//226 986//15 1059//182
f 985//226 1059//182 1058//183
f 986//15 987//15 1059//182
f 1059//182 987//15 1060//15
f 987//15 988//15 1060//15
f 1060//15 988//15 1061//15
f 988//15 989//15 1061//15
f 1061//15 989//15 1062//15
f 989//15 990//15 1062//15
f 1062//15 990//15 1063//15
f 990//15 991//15 1063//15
f 1063//15 991//15 1064//15
f 991//15 992//163 1064//15
f 1064//15 992//163 1065//163
f 992//163 993//163 1065//163
f 1065//163 993//163 1066//163
f 993//163 994//15 1066//163
f 1066//163 994//15 1067//15
f 994//15 995//15 1067//15
f 1067//15 995//15 1068//15
f 995//15 996//15 1068//15
f 1068//15 996//15 1069//15
f 996//15 997//15 1069//15
f 1069//15 997//15 1070//15
f 997//15 998//15 1070//15
f 1070//15 998//15 1071//15
f 998//15 999//15 1071//15
f 1071//15 999//15 1072//15
f 999//15 1000//15 1072//15
f 1072//15 1000//15 1073//15
f 1000//15 1001//15 1073//15
f 1073//15 1001//15 1074//15
f 1001//15 1002//15 1074//15
f 1074//15 1002//15 1075//15
f 1002//15 1003//15 1075//15
f 1075//15 1003//15 1076//15
f 1003//15 1004//15 1076//15
f 1076//15 1004//15 1077//15
f 1004//15 1005//15 1077//15
f 1077//15 1005//15 1078//15
f 1005//15 1006//144 1078//15
f 1078//15 1006//144 1079//216
f 1006//144 1007//103 1079//216
f 1079//216 1007//103 1080//144
f 1007//103 1008//30 1080//144
f 1080//144 1008//30 1081//15
f 1008//30 1009//70 1081//15
f 1081//15 1009//70 1082//15
f 1009//70 1010//15 1082//15
f 1082//15 1010//15 1083//15
f 1010//15 1011//15 1083//15
f 1083//15 1011//15 1084//15
f 1011//15 1012//15 1084//15
f 1084//15 1012//15 1085//15
f 1012//15 1013//15 1085//15
f 1085//15 1013//15 1086//15
f 1013//15 1014//15 1086//15
f 1086//15 1014//15 1087//15
f 1014//15 1015//15 1087//15
f 1087//15 1015//15 1088//15
f 1015//15 1016//15 1088//15
f 1088//15 1016//15 1089//15
f 1016//15 1017//15 1089//15
f 1089//15 1017//15 1090//15
f 1017//15 1018//15 1090//15
f 1090//15 1018//15 1091//15
f 1018//15 1019//64 1091//15
f 1091//15 1019//64 1092//15
f 1019//64 1020//28 1093//7
f 1019//64 1093//7 1092//15
f 1020//28 1021//30 1093//7
f 1093//7 1021//30 1094//30
f 1021//30 1022//81 1094//30
f 1094//30 1022//81 1095//70
f 1022//81 1023//213 1095//70
f 1095//70 1023//213 1096//15
f 1023//213 1024//28 1097//7
f 1023//213 1097//7 1096//15
f 1024//28 1025//82 1097//7
f 1097//7 1025//82 1098//198
f 1025//82 1026//52 1099//199
f 1025//82 1099//199 1098//198
f 1026//52 1027//220 1100//79
f 1026//52 1100//79 1099//199
f 1027//220 1028//15 1101//64
f 1027//220 1101//64 1100//79
f 1028//15 1029//7 1101//64
f 1101//64 1029//7 1102//15
f 1029//7 1030//9 1102//15
f 1102//15 1030//9 1103//99
f 1030//9 1031//253 1103//99
f 1103//99 1031//253 1104//259
f 1031//253 1032//254 1104//259
f 1104//259 1032//254 1105//260
f 1032//254 1033//255 1105//260
f 1105//260 1033//255 1106//261
f 1033//255 1034//257 1106//261
f 1106//261 1034//257 1107//262
f 1034//257 1035//258 1108//263
f 1034//257 1108//263 1107//262
f 1035//258 1036//264 1108//263
f 1108//263 1036//264 1109//265
f 1036//264 1037//266 1109//265
f 1109//265 1037//266 1110//267
f 1037//266 1038//268 1110//267
f 1110//267 1038//268 1111//269
f 1117//270 1039//271 1118//272
f 1039//271 1040//273 1118//272
f 1118//272 1040//273 1119//274
f 1040//273 1120//275 1119//274
f 1041//51 1042//15 1121//276
f 1121//276 1042//15 1122//15
f 1042//15 1043//15 1122//15
f 1122//15 1043//15 1123//15
f 1043//15 1044//15 1123//15
f 1123//15 1044//15 1124//15
f 1044//15 1045//195 1124//15
f 1124//15 1045//195 1125//15
f 1045//195 1046//212 1125//15
f 1125//15 1046//212 1126//15
f 1046//212 1047//212 1127//195
f 1046//212 1127//195 1126//15
f 1047//212 1048//195 1127//195
f 1127//195 1048//195 1128//212
f 1048//195 1049//15 1129//226
f 1048//195 1129//226 1128//212
f 1049//15 1050//15 1129//226
f 1129//226 1050//15 1130//15
f 1050//15 1051//15 1130//15
f 1130//15 1051//15 1131//15
f 1051//15 1052//226 1131//15
f 1131//15 1052//226 1132//15
f 1052//226 1053//227 1133//226
f 1052//226 1133//226 1132//15
f 1053//227 1054//15 1134//226
f 1053//227 1134//226 1133//226
f 1054//15 1055//15 1134//226
f 1134//226 1055//15 1135//15
f 1055//15 1056//15 1135//15
f 1135//15 1056//15 1136//15
f 1056//15 1057//15 1136//15
f 1136//15 1057//15 1137//15
f 1057//15 1058//183 1137//15
f 1137//15 1058//183 1138//182
f 1058//183 1059//182 1138//182
f 1138//182 1059//182 1139//183
f 1059//182 1060//15 1139//183
f 1139//183 1060//15 1140//15
f 1060//15 1061//15 1140//15
f 1140//15 1061//15 1141//15
f 1061//15 1062//15 1141//15
f 1141//15 1062//15 1142//15
f 1062//15 1063//15 1142//15
f 1142//15 1063//15 1143//15
f 1063//15 1064//15 1143//15
f 1143//15 1064//15 1144//15
f 1064//15 1065//163 1144//15
f 1144//15 1065//163 1145//182
f 1065//163 1066//163 1145//182
f 1145//182 1066//163 1146//183
f 1066//163 1067//15 1146//183
f 1146//183 1067//15 1147//15
f 1067//15 1068//15 1147//15
f 1147//15 1068//15 1148//15
f 1068//15 1069//15 1148//15
f 1148//15 1069//15 1149//15
f 1069//15 1070//15 1149//15
f 1149//15 1070//15 1150//15
f 1070//15 1071//15 1150//15
f 1150//15 1071//15 1151//15
f 1071//15 1072//15 1151//15
f 1151//15 1072//15 1152//15
f 1072//15 1073//15 1152//15
f 1152//15 1073//15 1153//15
f 1073//15 1074//15 1153//15
f 1153//15 1074//15 1154//15
f 1074//15 1075//15 1154//15
f 1154//15 1075//15 1155//15
f 1075//15 1076//15 1155//15
f 1155//15 1076//15 1156//15
f 1076//15 1077//15 1156//15
f 1156//15 1077//15 1157//15
f 1077//15 1078//15 1157//15
f 1157//15 1078//15 1158//144
f 1078//15 1079//216 1158//144
f 1158//144 1079//216 1159//165
f 1079//216 1080//144 1159//165
f 1159//165 1080//144 1160//15
f 1080//144 1081//15 1160//15
f 1160//15 1081//15 1161//15
f 1081//15 1082//15 1161//15
f 1161//15 1082//15 1162//15
f 1082//15 1083//15 1162//15
f 1162//15 1083//15 1163//15
f 1083//15 1084//15 1163//15
f 1163//15 1084//15 1164//15
f 1084//15 1085//15 1164//15
f 1164//15 1085//15 1165//15
f 1085//15 1086//15 1165//15
f 1165//15 1086//15 1166//15
f 1086//15 1087//15 1166//15
f 1166//15 1087//15 1167//15
f 1087//15 1088//15 1167//15
f 1167//15 1088//15 1168//15
f 1088//15 1089//15 1168//15
f 1168//15 1089//15 1169//15
f 1089//15 1090//15 1169//15
f 1169//15 1090//15 1170//15
f 1090//15 1091//15 1170//15
f 1170//15 1091//15 1171//15
f 1091//15 1092//15 1171//15
f 1171//15 1092//15 1172//15
f 1092//15 1093//7 1172//15
f 1172//15 1093//7 1173//99
f 1093//7 1094//30 1173//99
f 1173//99 1094//30 1174//15
f 1094//30 1095//70 1174//15
f 1174//15 1095//70 1175//15
f 1095//70 1096//15 1175//15
f 1175//15 1096//15 1176//15
f 1096//15 1097//7 1176//15
f 1176//15 1097//7 1177//15
f 1097//7 1098//198 1177//15
f 1177//15 1098//198 1178//214
f 1098//198 1099//199 1178//214
f 1178//214 1099//199 1179//164
f 1099//199 1100//79 1179//164
f 1179//164 1100//79 1180//15
f 1100//79 1101//64 1181//64
f 1100//79 1181//64 1180//15
f 1101//64 1102//15 1182//80
f 1101//64 1182//80 1181//64
f 1102//15 1103//99 1182//80
f 1182//80 1103//99 1183//65
f 1103//99 1104//259 1184//277
f 1103//99 1184//277 1183//65
f 1104//259 1105//260 1184//277
f 1184//277 1105//260 1185//278
f 1105//260 1106//261 1185//278
f 1185//278 1106//261 1186//279
f 1106//261 1107//262 1186//279
f 1186//279 1107//262 1187//280
f 1107//262 1108//263 1187//280
f 1187//280 1108//263 1188//103
f 1108//263 1109//265 1188//103
f 1188//103 1109//265 1189//103
f 1109//265 1110//267 1189//103
f 1189//103 1110//267 1190//217
f 1110//267 1111//269 1191//281
f 1110//267 1191//281 1190//217
f 1111//269 1112//282 1191//281
f 1191//281 1112//282 1192//283
f 1112//282 1193//284 1192//283
f 1195//285 1113//286 1196//287
f 1113//286 1114//288 1197//289
f 1113//286 1197//289 1196//287
f 1114//288 1115//290 1197//289
f 1197//289 1115//290 1198//291
f 1115//290 1116//292 1198//291
f 1198//291 1116//292 1199//293
f 1201//294 1117//270 1202//295
f 1117//270 1118//272 1202//295
f 1202//295 1118//272 1203//296
f 1118//272 1119//274 1203//296
f 1203//296 1119//274 1204//297
f 1119//274 1120//275 1205//298
f 1119//274 1205//298 1204//297
f 1120//275 1206//299 1205//298
f 1121//276 1122//15 1209//212
f 1121//276 1209//212 1208//300
f 1122//15 1123//15 1209//212
f 1209//212 1123//15 1210//301
f 1123//15 1124//15 1210//301
f 1210//301 1124//15 1211//195
f 1124//15 1125//15 1211//195
f 1211//195 1125//15 1212//15
f 1125//15 1126//15 1212//15
f 1212//15 1126//15 1213//15
f 1126//15 1127//195 1213//15
f 1213//15 1127//195 1214//15
f 1127//195 1128//212 1214//15
f 1214//15 1128//212 1215//15
f 1128//212 1129//226 1216//227
f 1128//212 1216//227 1215//15
f 1129//226 1130//15 1217//227
f 1129//226 1217//227 1216//227
f 1130//15 1131//15 1217//227
f 1217//227 1131//15 1218//15
f 1131//15 1132//15 1218//15
f 1218//15 1132//15 1219//15
f 1132//15 1133//226 1219//15
f 1219//15 1133//226 1220//15
f 1133//226 1134//226 1221//227
f 1133//226 1221//227 1220//15
f 1134//226 1135//15 1222//227
f 1134//226 1222//227 1221//227
f 1135//15 1136//15 1222//227
f 1222//227 1136//15 1223//15
f 1136//15 1137//15 1223//15
f 1223//15 1137//15 1224//15
f 1137//15 1138//182 1224//15
f 1224//15 1138//182 1225//15
f 1138//182 1139//183 1226//226
f 1138//182 1226//226 1225//15
f 1139//183 1140//15 1227//227
f 1139//183 1227//227 1226//226
f 1140//15 1141//15 1227//227
f 1227//227 1141//15 1228//15
f 1141//15 1142//15 1228//15
f 1228//15 1142//15 1229//15
f 1142//15 1143//15 1229//15
f 1229//15 1143//15 1230//15
f 1143//15 1144//15 1230//15
f 1230//15 1144//15 1231//15
f 1144//15 1145//182 1231//15
f 1231//15 1145//182 1232//15
f 1145//182 1146//183 1233//183
f 1145//182 1233//183 1232//15
f 1146//183 1147//15 1234//182
f 1146//183 1234//182 1233//183
f 1147//15 1148//15 1234//182
f 1234//182 1148//15 1235//15
f 1148//15 1149//15 1235//15
f 1235//15 1149//15 1236//15
f 1149//15 1150//15 1236//15
f 1236//15 1150//15 1237//15
f 1150//15 1151//15 1237//15
f 1237//15 1151//15 1238//15
f 1151//15 1152//15 1238//15
f 1238//15 1152//15 1239//15
f 1152//15 1153//15 1239//15
f 1239//15 1153//15 1240//15
f 1153//15 1154//15 1240//15
f 1240//15 1154//15 1241//15
f 1154//15 1155//15 1241//15
f 1241//15 1155//15 1242//15
f 1155//15 1156//15 1242//15
f 1242//15 1156//15 1243//15
f 1156//15 1157//15 1243//15
f 1243//15 1157//15 1244//15
f 1157//15 1158//144 1244//15
f 1244//15 1158//144 1245//182
f 1158//144 1159//165 1245//182
f 1245//182 1159//165 1246//183
f 1159//165 1160//15 1246//183
f 1246//183 1160//15 1247//15
f 1160//15 1161//15 1247//15
f 1247//15 1161//15 1248//15
f 1161//15 1162//15 1248//15
f 1248//15 1162//15 1249//15
f 1162//15 1163//15 1249//15
f 1249//15 1163//15 1250//15
f 1163//15 1164//15 1250//15
f 1250//15 1164//15 1251//15
f 1164//15 1165//15 1251//15
f 1251//15 1165//15 1252//15
f 1165//15 1166//15 1252//15
f 1252//15 1166//15 1253//15
f 1166//15 1167//15 1253//15
f 1253//15 1167//15 1254//15
f 1167//15 1168//15 1254//15
f 1254//15 1168//15 1255//15
f 1168//15 1169//15 1255//15
f 1255//15 1169//15 1256//15
f 1169//15 1170//15 1256//15
f 1256//15 1170//15 1257//70
f 1170//15 1171//15 1257//70
f 1257//70 1171//15 1258//30
f 1171//15 1172//15 1258//30
f 1258//30 1172//15 1259//81
f 1172//15 1173//99 1259//81
f 1259//81 1173//99 1260//213
f 1173//99 1174//15 1261//28
f 1173//99 1261//28 1260//213
f 1174//15 1175//15 1261//28
f 1261//28 1175//15 1262//7
f 1175//15 1176//15 1262//7
f 1262//7 1176//15 1263//15
f 1176//15 1177//15 1263//15
f 1263//15 1177//15 1264//15
f 1177//15 1178//214 1264//15
f 1264//15 1178//214 1265//15
f 1178//214 1179//164 1266//64
f 1178//214 1266//64 1265//15
f 1179//164 1180//15 1267//64
f 1179//164 1267//64 1266//64
f 1180//15 1181//64 1267//64
f 1267//64 1181//64 1268//15
f 1181//64 1182//80 1269//99
f 1181//64 1269//99 1268//15
f 1182//80 1183//65 1269//99
f 1269//99 1183//65 1270//302
f 1183//65 1184//277 1270//302
f 1270//302 1184//277 1271//303
f 1184//277 1185//278 1271//303
f 1271//303 1185//278 1272//304
f 1185//278 1186//279 1272//304
f 1272//304 1186//279 1273//305
f 1186//279 1187//280 1273//305
f 1273//305 1187//280 1274//306
f 1187//280 1188//103 1274//306
f 1274//306 1188//103 1275//83
f 1188//103 1189//103 1275//83
f 1275//83 1189//103 1276//70
f 1189//103 1190//217 1276//70
f 1276//70 1190//217 1277//217
f 1190//217 1191//281 1278//217
f 1190//217 1278//217 1277//217
f 1191//281 1192//283 1278//217
f 1278//217 1192//283 1279//15
f 1192//283 1193//284 1280//307
f 1192//283 1280//307 1279//15
f 1193//284 1194//308 1280//307
f 1280//307 1194//308 1281//309
f 1194//308 1195//285 1282//310
f 1194//308 1282//310 1281//309
f 1195//285 1196//287 1282//310
f 1282//310 1196//287 1283//311
f 1196//287 1197//289 1283//311
f 1283//311 1197//289 1284//312
f 1197//289 1198//291 1285//46
f 1197//289 1285//46 1284//312
f 1198//291 1199//293 1286//313
f 1198//291 1286//313 1285//46
f 1199//293 1200//314 1286//313
f 1286//313 1200//314 1287//315
f 1200//314 1201//294 1287//315
f 1287//315 1201//294 1288//316
f 1201//294 1202//295 1288//316
f 1288//316 1202//295 1289//317
f 1202//295 1203//296 1289//317
f 1289//317 1203//296 1290//318
f 1203//296 1204//297 1290//318
f 1290//318 1204//297 1291//103
f 1204//297 1205//298 1291//103
f 1291//103 1205//298 1292//319
f 1205//298 1206//299 1293//320
f 1205//298 1293//320 1292//319
f 1206//299 1207//321 1293//320
f 1293//320 1207//321 1294//322
f 1208//300 1209//212 1296//195
f 1208//300 1296//195 1295//323
f 1209//212 1210//301 1296//195
f 1296//195 1210//301 1297//301
f 1210//301 1211//195 1297//301
f 1297//301 1211//195 1298//212
f 1211//195 1212//15 1299//226
f 1211//195 1299//226 1298//212
f 1212//15 1213//15 1299//226
f 1299//226 1213//15 1300//15
f 1213//15 1214//15 1300//15
f 1300//15 1214//15 1301//15
f 1214//15 1215//15 1301//15
f 1301//15 1215//15 1302//15
f 1215//15 1216//227 1302//15
f 1302//15 1216//227 1303//15
f 1216//227 1217//227 1304//227
f 1216//227 1304//227 1303//15
f 1217//227 1218//15 1305//226
f 1217//227 1305//226 1304//227
f 1218//15 1219//15 1305//226
f 1305//226 1219//15 1306//15
f 1219//15 1220//15 1306//15
f 1306//15 1220//15 1307//15
f 1220//15 1221//227 1307//15
f 1307//15 1221//227 1308//15
f 1221//227 1222//227 1309//226
f 1221//227 1309//226 1308//15
f 1222//227 1223//15 1310//212
f 1222//227 1310//212 1309//226
f 1223//15 1224//15 1310//212
f 1310//212 1224//15 1311//195
f 1224//15 1225//15 1311//195
f 1311//195 1225//15 1312//15
f 1225//15 1226//226 1312//15
f 1312//15 1226//226 1313//15
f 1226//226 1227//227 1314//227
f 1226//226 1314//227 1313//15
f 1227//227 1228//15 1315//227
f 1227//227 1315//227 1314//227
f 1228//15 1229//15 1315//227
f 1315//227 1229//15 1316//15
f 1229//15 1230//15 1316//15
f 1316//15 1230//15 1317//15
f 1230//15 1231//15 1317//15
f 1317//15 1231//15 1318//15
f 1231//15 1232//15 1318//15
f 1318//15 1232//15 1319//15
f 1232//15 1233//183 1319//15
f 1319//15 1233//183 1320//182
f 1233//183 1234//182 1320//182
f 1320//182 1234//182 1321//324
f 1234//182 1235//15 1321//324
f 1321//324 1235//15 1322//195
f 1235//15 1236//15 1322//195
f 1322//195 1236//15 1323//15
f 1236//15 1237//15 1323//15
f 1323//15 1237//15 1324//15
f 1237//15 1238//15 1324//15
f 1324//15 1238//15 1325//15
f 1238//15 1239//15 1325//15
f 1325//15 1239//15 1326//15
f 1239//15 1240//15 1326//15
f 1326//15 1240//15 1327//15
f 1240//15 1241//15 1327//15
f 1327//15 1241//15 1328//15
f 1241//15 1242//15 1328//15
f 1328//15 1242//15 1329//15
f 1242//15 1243//15 1329//15
f 1329//15 1243//15 1330//15
f 1243//15 1244//15 1330//15
f 1330//15 1244//15 1331//15
f 1244//15 1245//182 1331//15
f 1331//15 1245//182 1332//15
f 1245//182 1246//183 1333//183
f 1245//182 1333//183 1332//15
f 1246//183 1247//15 1334//182
f 1246//183 1334//182 1333//183
f 1247//15 1248//15 1334//182
f 1334//182 1248//15 1335//15
f 1248//15 1249//15 1335//15
f 1335//15 1249//15 1336//15
f 1249//15 1250//15 1336//15
f 1336//15 1250//15 1337//15
f 1250//15 1251//15 1337//15
f 1337//15 1251//15 1338//15
f 1251//15 1252//15 1338//15
f 1338//15 1252//15 1339//15
f 1252//15 1253//15 1339//15
f 1339//15 1253//15 1340//15
f 1253//15 1254//15 1340//15
f 1340//15 1254//15 1341//15
f 1254//15 1255//15 1341//15
f 1341//15 1255//15 1342//15
f 1255//15 1256//15 1342//15
f 1342//15 1256//15 1343//103
f 1256//15 1257//70 1343//103
f 1343//103 1257//70 1344//81
f 1257//70 1258//30 1344//81
f 1344//81 1258//30 1345//30
f 1258//30 1259//81 1345//30
f 1345//30 1259//81 1346//70
f 1259//81 1260//213 1346//70
f 1346//70 1260//213 1347//15
f 1260//213 1261//28 1348//7
f 1260//213 1348//7 1347//15
f 1261//28 1262//7 1348//7
f 1348//7 1262//7 1349//28
f 1262//7 1263//15 1350//28
f 1262//7 1350//28 1349//28
f 1263//15 1264//15 1350//28
f 1350//28 1264//15 1351//30
f 1264//15 1265//15 1351//30
f 1351//30 1265//15 1352//7
f 1265//15 1266//64 1352//7
f 1352//7 1266//64 1353//15
f 1266//64 1267//64 1354//64
f 1266//64 1354//64 1353//15
f 1267//64 1268//15 1355//28
f 1267//64 1355//28 1354//64
f 1268//15 1269//99 1355//28
f 1355//28 1269//99 1356//30
f 1269//99 1270//302 1356//30
f 1356//30 1270//302 1357//65
f 1270//302 1271//303 1358//325
f 1270//302 1358//325 1357//65
f 1271//303 1272//304 1358//325
f 1358//325 1272//304 1359//326
f 1272//304 1273//305 1360//327
f 1272//304 1360//327 1359//326
f 1273//305 1274//306 1361//328
f 1273//305 1361//328 1360//327
f 1274//306 1275//83 1362//329
f 1274//306 1362//329 1361//328
f 1275//83 1276//70 1362//329
f 1362//329 1276//70 1363//103
f 1276//70 1277//217 1363//103
f 1363//103 1277//217 1364//213
f 1277//217 1278//217 1365//28
f 1277//217 1365//28 1364//213
f 1278//217 1279//15 1365//28
f 1365//28 1279//15 1366//7
f 1279//15 1280//307 1366//7
f 1366//7 1280//307 1367//15
f 1280//307 1281//309 1367//15
f 1367//15 1281//309 1368//214
f 1281//309 1282//310 1368//214
f 1368//214 1282//310 1369//164
f 1282//310 1283//311 1369//164
f 1369//164 1283//311 1370//215
f 1283//311 1284//312 1370//215
f 1370//215 1284//312 1371//215
f 1284//312 1285//46 1372//7
f 1284//312 1372//7 1371//215
f 1285//46 1286//313 1372//7
f 1372//7 1286//313 1373//30
f 1286//313 1287//315 1373//30
f 1373//30 1287//315 1374//30
f 1287//315 1288//316 1374//30
f 1374//30 1288//316 1375//198
f 1288//316 1289//317 1376//199
f 1288//316 1376//199 1375//198
f 1289//317 1290//318 1377//330
f 1289//317 1377//330 1376//199
f 1290//318 1291//103 1377//330
f 1377//330 1291//103 1378//141
f 1291//103 1292//319 1378//141
f 1378//141 1292//319 1379//15
f 1292//319 1293//320 1379//15
f 1379//15 1293//320 1380//331
f 1293//320 1294//322 1380//331
f 1380//331 1294//322 1381//332
f 1295//323 1296//195 1383//51
f 1383//51 1296//195 1384//15
f 1296//195 1297//301 1384//15
f 1384//15 1297//301 1385//15
f 1297//301 1298//212 1385//15
f 1385//15 1298//212 1386//15
f 1298//212 1299//226 1387//227
f 1298//212 1387//227 1386//15
f 1299//226 1300//15 1388//212
f 1299//226 1388//212 1387//227
f 1300//15 1301//15 1388//212
f 1388//212 1301//15 1389//195
f 1301//15 1302//15 1389//195
f 1389//195 1302//15 1390//15
f 1302//15 1303//15 1390//15
f 1390//15 1303//15 1391//15
f 1303//15 1304//227 1391//15
f 1391//15 1304//227 1392//15
f 1304//227 1305//226 1393//227
f 1304//227 1393//227 1392//15
f 1305//226 1306//15 1394//212
f 1305//226 1394//212 1393//227
f 1306//15 1307//15 1394//212
f 1394//212 1307//15 1395//195
f 1307//15 1308//15 1395//195
f 1395//195 1308//15 1396//15
f 1308//15 1309//226 1396//15
f 1396//15 1309//226 1397//15
f 1309//226 1310//212 1398//195
f 1309//226 1398//195 1397//15
f 1310//212 1311//195 1398//195
f 1398//195 1311//195 1399//212
f 1311//195 1312//15 1400//227
f 1311//195 1400//227 1399//212
f 1312//15 1313//15 1400//227
f 1400//227 1313//15 1401//15
f 1313//15 1314//227 1401//15
f 1401//15 1314//227 1402//15
f 1314//227 1315//227 1403//226
f 1314//227 1403//226 1402//15
f 1315//227 1316//15 1404//227
f 1315//227 1404//227 1403//226
f 1316//15 1317//15 1404//227
f 1404//227 1317//15 1405//15
f 1317//15 1318//15 1405//15
f 1405//15 1318//15 1406//15
f 1318//15 1319//15 1406//15
f 1406//15 1319//15 1407//15
f 1319//15 1320//182 1407//15
f 1407//15 1320//182 1408//15
f 1320//182 1321//324 1409//195
f 1320//182 1409//195 1408//15
f 1321//324 1322//195 1409//195
f 1409//195 1322//195 1410//324
f 1322//195 1323//15 1411//182
f 1322//195 1411//182 1410//324
f 1323//15 1324//15 1411//182
f 1411//182 1324//15 1412//15
f 1324//15 1325//15 1412//15
f 1412//15 1325//15 1413//15
f 1325//15 1326//15 1413//15
f 1413//15 1326//15 1414//15
f 1326//15 1327//15 1414//15
f 1414//15 1327//15 1415//15
f 1327//15 1328//15 1415//15
f 1415//15 1328//15 1416//15
f 1328//15 1329//15 1416//15
f 1416//15 1329//15 1417//15
f 1329//15 1330//15 1417//15
f 1417//15 1330//15 1418//15
f 1330//15 1331//15 1418//15
f 1418//15 1331//15 1419//15
f 1331//15 1332//15 1419//15
f 1419//15 1332//15 1420//15
f 1332//15 1333//183 1420//15
f 1420//15 1333//183 1421//182
f 1333//183 1334//182 1421//182
f 1421//182 1334//182 1422//183
f 1334//182 1335//15 1422//183
f 1422//183 1335//15 1423//15
f 1335//15 1336//15 1423//15
f 1423//15 1336//15 1424//15
f 1336//15 1337//15 1424//15
f 1424//15 1337//15 1425//15
f 1337//15 1338//15 1425//15
f 1425//15 1338//15 1426//15
f 1338//15 1339//15 1426//15
f 1426//15 1339//15 1427//15
f 1339//15 1340//15 1427//15
f 1427//15 1340//15 1428//15
f 1340//15 1341//15 1428//15
f 1428//15 1341//15 1429//15
f 1341//15 1342//15 1429//15
f 1429//15 1342//15 1430//144
f 1342//15 1343//103 1430//144
f 1430//144 1343//103 1431//165
f 1343//103 1344//81 1431//165
f 1431//165 1344//81 1432//15
f 1344//81 1345//30 1432//15
f 1432//15 1345//30 1433//15
f 1345//30 1346//70 1433//15
f 1433//15 1346//70 1434//15
f 1346//70 1347//15 1434//15
f 1434//15 1347//15 1435//15
f 1347//15 1348//7 1435//15
f 1435//15 1348//7 1436//15
f 1348//7 1349//28 1436//15
f 1436//15 1349//28 1437//15
f 1349//28 1350//28 1438//7
f 1349//28 1438//7 1437//15
f 1350//28 1351//30 1438//7
f 1438//7 1351//30 1439//30
f 1351//30 1352//7 1439//30
f 1439//30 1352//7 1440//28
f 1352//7 1353//15 1441//64
f 1352//7 1441//64 1440//28
f 1353//15 1354//64 1441//64
f 1441//64 1354//64 1442//15
f 1354//64 1355//28 1443//7
f 1354//64 1443//7 1442//15
f 1355//28 1356//30 1443//7
f 1443//7 1356//30 1444//30
f 1356//30 1357//65 1444//30
f 1444//30 1357//65 1445//30
f 1357//65 1358//325 1445//30
f 1445//30 1358//325 1446//144
f 1358//325 1359//326 1446//144
f 1446//144 1359//326 1447//333
f 1359//326 1360//327 1447//333
f 1447//333 1360//327 1448//334
f 1360//327 1361//328 1448//334
f 1448//334 1361//328 1449//335
f 1361//328 1362//329 1449//335
f 1449//335 1362//329 1450//103
f 1362//329 1363//103 1450//103
f 1450//103 1363//103 1451//103
f 1363//103 1364//213 1451//103
f 1451//103 1364//213 1452//15
f 1364//213 1365//28 1453//7
f 1364//213 1453//7 1452//15
f 1365//28 1366//7 1453//7
f 1453//7 1366//7 1454//28
f 1366//7 1367//15 1455//28
f 1366//7 1455//28 1454//28
f 1367//15 1368//214 1455//28
f 1455//28 1368//214 1456//53
f 1368//214 1369//164 1457//52
f 1368//214 1457//52 1456//53
f 1369//164 1370//215 1458//222
f 1369//164 1458//222 1457//52
f 1370//215 1371//215 1458//222
f 1458//222 1371//215 1459//144
f 1371//215 1372//7 1459//144
f 1459//144 1372//7 1460//15
f 1372//7 1373//30 1460//15
f 1460//15 1373//30 1461//15
f 1373//30 1374//30 1461//15
f 1461//15 1374//30 1462//15
f 1374//30 1375//198 1462//15
f 1462//15 1375//198 1463//214
f 1375//198 1376//199 1463//214
f 1463//214 1376//199 1464//65
f 1376//199 1377//330 1464//65
f 1464//65 1377//330 1465//65
f 1377//330 1378//141 1466//214
f 1377//330 1466//214 1465//65
f 1378//141 1379//15 1466//214
f 1466//214 1379//15 1467//15
f 1379//15 1380//331 1467//15
f 1467//15 1380//331 1468//336
f 1380//331 1381//332 1469//337
f 1380//331 1469//337 1468//336
f 1381//332 1382//338 1470//339
f 1381//332 1470//339 1469//337
f 1382//338 1471//340 1470//339
f 1383//51 1384//15 1472//51
f 1472//51 1384//15 1473//15
f 1384//15 1385//15 1473//15
f 1473//15 1385//15 1474//15
f 1385//15 1386//15 1474//15
f 1474//15 1386//15 1475//15
f 1386//15 1387//227 1475//15
f 1475//15 1387//227 1476//15
f 1387//227 1388//212 1477//195
f 1387//227 1477//195 1476//15
f 1388//212 1389//195 1477//195
f 1477//195 1389//195 1478//212
f 1389//195 1390//15 1479//227
f 1389//195 1479//227 1478//212
f 1390//15 1391//15 1479//227
f 1479//227 1391//15 1480//15
f 1391//15 1392//15 1480//15
f 1480//15 1392//15 1481//15
f 1392//15 1393//227 1481//15
f 1481//15 1393//227 1482//15
f 1393//227 1394//212 1483//195
f 1393//227 1483//195 1482//15
f 1394//212 1395//195 1483//195
f 1483//195 1395//195 1484//212
f 1395//195 1396//15 1485//212
f 1395//195 1485//212 1484//212
f 1396//15 1397//15 1485//212
f 1485//212 1397//15 1486//195
f 1397//15 1398//195 1486//195
f 1486//195 1398//195 1487//15
f 1398//195 1399//212 1487//15
f 1487//15 1399//212 1488//15
f 1399//212 1400//227 1489//227
f 1399//212 1489//227 1488//15
f 1400//227 1401//15 1490//227
f 1400//227 1490//227 1489//227
f 1401//15 1402//15 1490//227
f 1490//227 1402//15 1491//15
f 1402//15 1403//226 1491//15
f 1491//15 1403//226 1492//15
f 1403//226 1404//227 1493//227
f 1403//226 1493//227 1492//15
f 1404//227 1405//15 1494//212
f 1404//227 1494//212 1493//227
f 1405//15 1406//15 1494//212
f 1494//212 1406//15 1495//195
f 1406//15 1407//15 1495//195
f 1495//195 1407//15 1496//15
f 1407//15 1408//15 1496//15
f 1496//15 1408//15 1497//15
f 1408//15 1409//195 1497//15
f 1497//15 1409//195 1498//15
f 1409//195 1410//324 1498//15
f 1498//15 1410//324 1499//182
f 1410//324 1411//182 1499//182
f 1499//182 1411//182 1500//183
f 1411//182 1412//15 1500//183
f 1500//183 1412//15 1501//15
f 1412//15 1413//15 1501//15
f 1501//15 1413//15 1502//15
f 1413//15 1414//15 1502//15
f 1502//15 1414//15 1503//15
f 1414//15 1415//15 1503//15
f 1503//15 1415//15 1504//15
f 1415//15 1416//15 1504//15
f 1504//15 1416//15 1505//15
f 1416//15 1417//15 1505//15
f 1505//15 1417//15 1506//15
f 1417//15 1418//15 1506//15
f 1506//15 1418//15 1507//15
f 1418//15 1419//15 1507//15
f 1507//15 1419//15 1508//15
f 1419//15 1420//15 1508//15
f 1508//15 1420//15 1509//15
f 1420//15 1421//182 1509//15
f 1509//15 1421//182 1510//15
f 1421//182 1422//183 1511//183
f 1421//182 1511//183 1510//15
f 1422//183 1423//15 1512//182
f 1422//183 1512//182 1511//183
f 1423//15 1424//15 1512//182
f 1512//182 1424//15 1513//15
f 1424//15 1425//15 1513//15
f 1513//15 1425//15 1514//15
f 1425//15 1426//15 1514//15
f 1514//15 1426//15 1515//15
f 1426//15 1427//15 1515//15
f 1515//15 1427//15 1516//15
f 1427//15 1428//15 1516//15
f 1516//15 1428//15 1517//15
f 1428//15 1429//15 1517//15
f 1517//15 1429//15 1518//15
f 1429//15 1430//144 1518//15
f 1518//15 1430//144 1519//163
f 1430//144 1431//165 1519//163
f 1519//163 1431//165 1520//163
f 1431//165 1432//15 1520//163
f 1520//163 1432//15 1521//15
f 1432//15 1433//15 1521//15
f 1521//15 1433//15 1522//15
f 1433//15 1434//15 1522//15
f 1522//15 1434//15 1523//15
f 1434//15 1435//15 1523//15
f 1523//15 1435//15 1524//15
f 1435//15 1436//15 1524//15
f 1524//15 1436//15 1525//15
f 1436//15 1437//15 1525//15
f 1525//15 1437//15 1526//15
f 1437//15 1438//7 1526//15
f 1526//15 1438//7 1527//15
f 1438//7 1439//30 1527//15
f 1527//15 1439//30 1528//15
f 1439//30 1440//28 1528//15
f 1528//15 1440//28 1529//15
f 1440//28 1441//64 1530//64
f 1440//28 1530//64 1529//15
f 1441//64 1442//15 1531//64
f 1441//64 1531//64 1530//64
f 1442//15 1443//7 1531//64
f 1531//64 1443//7 1532//15
f 1443//7 1444//30 1532//15
f 1532//15 1444//30 1533//15
f 1444//30 1445//30 1533//15
f 1533//15 1445//30 1534//15
f 1445//30 1446//144 1534//15
f 1534//15 1446//144 1535//15
f 1446//144 1447//333 1535//15
f 1535//15 1447//333 1536//15
f 1447//333 1448//334 1537//341
f 1447//333 1537//341 1536//15
f 1448//334 1449//335 1537//341
f 1537//341 1449//335 1538//342
f 1449//335 1450//103 1538//342
f 1538//342 1450//103 1539//103
f 1450//103 1451//103 1539//103
f 1539//103 1451//103 1540//15
f 1451//103 1452//15 1540//15
f 1540//15 1452//15 1541//15
f 1452//15 1453//7 1541//15
f 1541//15 1453//7 1542//99
f 1453//7 1454//28 1542//99
f 1542//99 1454//28 1543//15
f 1454//28 1455//28 1544//7
f 1454//28 1544//7 1543//15
f 1455//28 1456//53 1544//7
f 1544//7 1456//53 1545//343
f 1456//53 1457//52 1546//237
f 1456//53 1546//237 1545//343
f 1457//52 1458//222 1547//99
f 1457//52 1547//99 1546//237
f 1458//222 1459//144 1547//99
f 1547//99 1459//144 1548//15
f 1459//144 1460//15 1548//15
f 1548//15 1460//15 1549//15
f 1460//15 1461//15 1549//15
f 1549//15 1461//15 1550//15
f 1461//15 1462//15 1550//15
f 1550//15 1462//15 1551//70
f 1462//15 1463//214 1551//70
f 1551//70 1463//214 1552//82
f 1463//214 1464//65 1553//217
f 1463//214 1553//217 1552//82
f 1464//65 1465//65 1553//217
f 1553//217 1465//65 1554//214
f 1465//65 1466//214 1554//214
f 1554//214 1466//214 1555//198
f 1466//214 1467//15 1555//198
f 1555//198 1467//15 1556//81
f 1467//15 1468//336 1556//81
f 1556//81 1468//336 1557//103
f 1468//336 1469//337 1557//103
f 1557//103 1469//337 1558//221
f 1469//337 1470//339 1558//221
f 1558//221 1470//339 1559//344
f 1470//339 1471//340 1559//344
f 1559//344 1471//340 1560//345
f 1472//51 1473//15 1561//194
f 1561//194 1473//15 1562//301
f 1473//15 1474//15 1562//301
f 1562//301 1474//15 1563//195
f 1474//15 1475//15 1563//195
f 1563//195 1475//15 1564//15
f 1475//15 1476//15 1564//15
f 1564//15 1476//15 1565//15
f 1476//15 1477//195 1565//15
f 1565//15 1477//195 1566//15
f 1477//195 1478//212 1566//15
f 1566//15 1478//212 1567//15
f 1478//212 1479//227 1568//226
f 1478//212 1568//226 1567//15
f 1479//227 1480//15 1569//227
f 1479//227 1569//227 1568//226
f 1480//15 1481//15 1569//227
f 1569//227 1481//15 1570//15
f 1481//15 1482//15 1570//15
f 1570//15 1482//15 1571//15
f 1482//15 1483//195 1571//15
f 1571//15 1483//195 1572//15
f 1483//195 1484//212 1572//15
f 1572//15 1484//212 1573//15
f 1484//212 1485//212 1574//195
f 1484//212 1574//195 1573//15
f 1485//212 1486//195 1574//195
f 1574//195 1486//195 1575//212
f 1486//195 1487//15 1576//227
f 1486//195 1576//227 1575//212
f 1487//15 1488//15 1576//227
f 1576//227 1488//15 1577//15
f 1488//15 1489//227 1577//15
f 1577//15 1489//227 1578//15
f 1489//227 1490//227 1579//183
f 1489//227 1579//183 1578//15
f 1490//227 1491//15 1580//182
f 1490//227 1580//182 1579//183
f 1491//15 1492//15 1580//182
f 1580//182 1492//15 1581//15
f 1492//15 1493//227 1581//15
f 1581//15 1493//227 1582//15
f 1493//227 1494//212 1583//195
f 1493//227 1583//195 1582//15
f 1494//212 1495//195 1583//195
f 1583//195 1495//195 1584//212
f 1495//195 1496//15 1585//227
f 1495//195 1585//227 1584//212
f 1496//15 1497//15 1585//227
f 1585//227 1497//15 1586//15
f 1497//15 1498//15 1586//15
f 1586//15 1498//15 1587//15
f 1498//15 1499//182 1587//15
f 1587//15 1499//182 1588//15
f 1499//182 1500//183 1589//226
f 1499//182 1589//226 1588//15
f 1500//183 1501//15 1590//227
f 1500//183 1590//227 1589//226
f 1501//15 1502//15 1590//227
f 1590//227 1502//15 1591//15
f 1502//15 1503//15 1591//15
f 1591//15 1503//15 1592//346
f 1503//15 1504//15 1592//346
f 1592//346 1504//15 1593//15
f 1504//15 1505//15 1593//15
f 1593//15 1505//15 1594//15
f 1505//15 1506//15 1594//15
f 1594//15 1506//15 1595//15
f 1506//15 1507//15 1595//15
f 1595//15 1507//15 1596//15
f 1507//15 1508//15 1596//15
f 1596//15 1508//15 1597//15
f 1508//15 1509//15 1597//15
f 1597//15 1509//15 1598//15
f 1509//15 1510//15 1598//15
f 1598//15 1510//15 1599//15
f 1510//15 1511//183 1599//15
f 1599//15 1511//183 1600//182
f 1511//183 1512//182 1600//182
f 1600//182 1512//182 1601//324
f 1512//182 1513//15 1601//324
f 1601//324 1513//15 1602//195
f 1513//15 1514//15 1602//195
f 1602//195 1514//15 1603//15
f 1514//15 1515//15 1603//15
f 1603//15 1515//15 1604//15
f 1515//15 1516//15 1604//15
f 1604//15 1516//15 1605//15
f 1516//15 1517//15 1605//15
f 1605//15 1517//15 1606//15
f 1517//15 1518//15 1606//15
f 1606//15 1518//15 1607//15
f 1518//15 1519//163 1607//15
f 1607//15 1519//163 1608//163
f 1519//163 1520//163 1608//163
f 1608//163 1520//163 1609//163
f 1520//163 1521//15 1609//163
f 1609//163 1521//15 1610//15
f 1521//15 1522//15 1610//15
f 1610//15 1522//15 1611//15
f 1522//15 1523//15 1611//15
f 1611//15 1523//15 1612//15
f 1523//15 1524//15 1612//15
f 1612//15 1524//15 1613//15
f 1524//15 1525//15 1613//15
f 1613//15 1525//15 1614//15
f 1525//15 1526//15 1614//15
f 1614//15 1526//15 1615//15
f 1526//15 1527//15 1615//15
f 1615//15 1527//15 1616//15
f 1527//15 1528//15 1616//15
f 1616//15 1528//15 1617//15
f 1528//15 1529//15 1617//15
f 1617//15 1529//15 1618//15
f 1529//15 1530//64 1618//15
f 1618//15 1530//64 1619//15
f 1530//64 1531//64 1620//79
f 1530//64 1620//79 1619//15
f 1531//64 1532//15 1621//28
f 1531//64 1621//28 1620//79
f 1532//15 1533//15 1621//28
f 1621//28 1533//15 1622//7
f 1533//15 1534//15 1622//7
f 1622//7 1534//15 1623//15
f 1534//15 1535//15 1623//15
f 1623//15 1535//15 1624//15
f 1535//15 1536//15 1624//15
f 1624//15 1536//15 1625//15
f 1536//15 1537//341 1625//15
f 1625//15 1537//341 1626//347
f 1537//341 1538//342 1627//348
f 1537//341 1627//348 1626//347
f 1538//342 1539//103 1627//348
f 1627//348 1539//103 1628//15
f 1539//103 1540//15 1628//15
f 1628//15 1540//15 1629//15
f 1540//15 1541//15 1629//15
f 1629//15 1541//15 1630//103
f 1541//15 1542//99 1630//103
f 1630//103 1542//99 1631//65
f 1542//99 1543//15 1632//214
f 1542//99 1632//214 1631//65
f 1543//15 1544//7 1632//214
f 1632//214 1544//7 1633//70
f 1544//7 1545//343 1633//70
f 1633//70 1545//343 1634//245
f 1545//343 1546//237 1634//245
f 1634//245 1546//237 1635//343
f 1546//237 1547//99 1635//343
f 1635//343 1547//99 1636//30
f 1547//99 1548//15 1636//30
f 1636//30 1548//15 1637//7
f 1548//15 1549//15 1637//7
f 1637//7 1549//15 1638//15
f 1549//15 1550//15 1638//15
f 1638//15 1550//15 1639//103
f 1550//15 1551//70 1639//103
f 1639//103 1551//70 1640//108
f 1551//70 1552//82 1640//108
f 1640//108 1552//82 1641//28
f 1552//82 1553//217 1642//64
f 1552//82 1642//64 1641//28
f 1553//217 1554//214 1642//64
f 1642//64 1554//214 1643//15
f 1554//214 1555//198 1644//7
f 1554//214 1644//7 1643//15
f 1555//198 1556//81 1644//7
f 1644//7 1556//81 1645//70
f 1556//81 1557//103 1645//70
f 1645//70 1557//103 1646//15
f 1557//103 1558//221 1646//15
f 1646//15 1558//221 1647//214
f 1558//221 1559//344 1647//214
f 1647//214 1559//344 1648//30
f 1559//344 1560//345 1649//349
f 1559//344 1649//349 1648//30
f 1560//345 1650//350 1649//349
f 1561//194 1562//301 1652//351
f 1652//351 1562//301 1653//301
f 1562//301 1563//195 1653//301
f 1653//301 1563//195 1654//212
f 1563//195 1564//15 1655//227
f 1563//195 1655//227 1654//212
f 1564//15 1565//15 1655//227
f 1655//227 1565//15 1656//15
f 1565//15 1566//15 1656//15
f 1656//15 1566//15 1657//15
f 1566//15 1567//15 1657//15
f 1657//15 1567//15 1658//15
f 1567//15 1568//226 1658//15
f 1658//15 1568//226 1659//15
f 1568//226 1569//227 1660//227
f 1568//226 1660//227 1659//15
f 1569//227 1570//15 1661//227
f 1569//227 1661//227 1660//227
f 1570//15 1571//15 1661//227
f 1661//227 1571//15 1662//15
f 1571//15 1572//15 1662//15
f 1662//15 1572//15 1663//15
f 1572//15 1573//15 1663//15
f 1663//15 1573//15 1664//15
f 1573//15 1574//195 1664//15
f 1664//15 1574//195 1665//15
f 1574//195 1575//212 1665//15
f 1665//15 1575//212 1666//15
f 1575//212 1576//227 1667//227
f 1575//212 1667//227 1666//15
f 1576//227 1577//15 1668//227
f 1576//227 1668//227 1667//227
f 1577//15 1578//15 1668//227
f 1668//227 1578//15 1669//15
f 1578//15 1579//183 1669//15
f 1669//15 1579//183 1670//182
f 1579//183 1580//182 1670//182
f 1670//182 1580//182 1671//183
f 1580//182 1581//15 1671//183
f 1671//183 1581//15 1672//15
f 1581//15 1582//15 1672//15
f 1672//15 1582//15 1673//15
f 1582//15 1583//195 1673//15
f 1673//15 1583//195 1674//15
f 1583//195 1584//212 1674//15
f 1674//15 1584//212 1675//15
f 1584//212 1585//227 1676//183
f 1584//212 1676//183 1675//15
f 1585//227 1586//15 1677//182
f 1585//227 1677//182 1676//183
f 1586//15 1587//15 1677//182
f 1677//182 1587//15 1678//15
f 1587//15 1588//15 1678//15
f 1678//15 1588//15 1679//15
f 1588//15 1589//226 1679//15
f 1679//15 1589//226 1680//15
f 1589//226 1590//227 1681//183
f 1589//226 1681//183 1680//15
f 1590//227 1591//15 1682//352
f 1590//227 1682//352 1681//183
f 1591//15 1592//346 1682//352
f 1682//352 1592//346 1683//353
f 1592//346 1593//15 1684//182
f 1592//346 1684//182 1683//353
f 1593//15 1594//15 1684//182
f 1684//182 1594//15 1685//15
f 1594//15 1595//15 1685//15
f 1685//15 1595//15 1686//15
f 1595//15 1596//15 1686//15
f 1686//15 1596//15 1687//15
f 1596//15 1597//15 1687//15
f 1687//15 1597//15 1688//15
f 1597//15 1598//15 1688//15
f 1688//15 1598//15 1689//15
f 1598//15 1599//15 1689//15
f 1689//15 1599//15 1690//15
f 1599//15 1600//182 1690//15
f 1690//15 1600//182 1691//15
f 1600//182 1601//324 1692//195
f 1600//182 1692//195 1691//15
f 1601//324 1602//195 1692//195
f 1692//195 1602//195 1693//324
f 1602//195 1603//15 1694//182
f 1602//195 1694//182 1693//324
f 1603//15 1604//15 1694//182
f 1694//182 1604//15 1695//15
f 1604//15 1605//15 1695//15
f 1695//15 1605//15 1696//15
f 1605//15 1606//15 1696//15
f 1696//15 1606//15 1697//15
f 1606//15 1607//15 1697//15
f 1697//15 1607//15 1698//15
f 1607//15 1608//163 1698//15
f 1698//15 1608//163 1699//163
f 1608//163 1609//163 1699//163
f 1699//163 1609//163 1700//163
f 1609//163 1610//15 1700//163
f 1700//163 1610//15 1701//15
f 1610//15 1611//15 1701//15
f 1701//15 1611//15 1702//15
f 1611//15 1612//15 1702//15
f 1702//15 1612//15 1703//15
f 1612//15 1613//15 1703//15
f 1703//15 1613//15 1704//15
f 1613//15 1614//15 1704//15
f 1704//15 1614//15 1705//15
f 1614//15 1615//15 1705//15
f 1705//15 1615//15 1706//15
f 1615//15 1616//15 1706//15
f 1706//15 1616//15 1707//15
f 1616//15 1617//15 1707//15
f 1707//15 1617//15 1708//15
f 1617//15 1618//15 1708//15
f 1708//15 1618//15 1709//15
f 1618//15 1619//15 1709//15
f 1709//15 1619//15 1710//15
f 1619//15 1620//79 1710//15
f 1710//15 1620//79 1711//15
f 1620//79 1621//28 1712//7
f 1620//79 1712//7 1711//15
f 1621//28 1622//7 1712//7
f 1712//7 1622//7 1713//28
f 1622//7 1623//15 1714//64
f 1622//7 1714//64 1713//28
f 1623//15 1624//15 1714//64
f 1714//64 1624//15 1715//15
f 1624//15 1625//15 1715//15
f 1715//15 1625//15 1716//15
f 1625//15 1626//347 1716//15
f 1716//15 1626//347 1717//354
f 1626//347 1627//348 1717//354
f 1717//354 1627//348 1718//355
f 1627//348 1628//15 1718//355
f 1718//355 1628//15 1719//7
f 1628//15 1629//15 1719//7
f 1719//7 1629//15 1720//319
f 1629//15 1630//103 1720//319
f 1720//319 1630//103 1721//165
f 1630//103 1631//65 1721//165
f 1721//165 1631//65 1722//214
f 1631//65 1632//214 1722//214
f 1722//214 1632//214 1723//65
f 1632//214 1633//70 1723//65
f 1723//65 1633//70 1724//81
f 1633//70 1634//245 1724//81
f 1724//81 1634//245 1725//343
f 1634//245 1635//343 1726//245
f 1634//245 1726//245 1725//343
f 1635//343 1636//30 1726//245
f 1726//245 1636//30 1727//30
f 1636//30 1637//7 1727//30
f 1727//30 1637//7 1728//28
f 1637//7 1638//15 1729//80
f 1637//7 1729//80 1728//28
f 1638//15 1639//103 1729//80
f 1729//80 1639//103 1730//103
f 1639//103 1640//108 1730//103
f 1730//103 1640//108 1731//15
f 1640//108 1641//28 1731//15
f 1731//15 1641//28 1732//15
f 1641//28 1642//64 1733//64
f 1641//28 1733//64 1732//15
f 1642//64 1643//15 1734//64
f 1642//64 1734//64 1733//64
f 1643//15 1644//7 1734//64
f 1734//64 1644//7 1735//15
f 1644//7 1645//70 1735//15
f 1735//15 1645//70 1736//15
f 1645//70 1646//15 1736//15
f 1736//15 1646//15 1737//15
f 1646//15 1647//214 1737//15
f 1737//15 1647//214 1738//15
f 1647//214 1648//30 1739//99
f 1647//214 1739//99 1738//15
f 1648//30 1649//349 1739//99
f 1739//99 1649//349 1740//15
f 1649//349 1650//350 1741//356
f 1649//349 1741//356 1740//15
f 1650//350 1651//357 1741//356
f 1741//356 1651//357 1742//358
f 1652//351 1653//301 1743//359
f 1743//359 1653//301 1744//15
f 1653//301 1654//212 1744//15
f 1744//15 1654//212 1745//15
f 1654//212 1655//227 1746//227
f 1654//212 1746//227 1745//15
f 1655//227 1656//15 1747//226
f 1655//227 1747//226 1746//227
f 1656//15 1657//15 1747//226
f 1747//226 1657//15 1748//15
f 1657//15 1658//15 1748//15
f 1748//15 1658//15 1749//15
f 1658//15 1659//15 1749//15
f 1749//15 1659//15 1750//15
f 1659//15 1660//227 1750//15
f 1750//15 1660//227 1751//15
f 1660//227 1661//227 1752//227
f 1660//227 1752//227 1751//15
f 1661//227 1662//15 1753//212
f 1661//227 1753//212 1752//227
f 1662//15 1663//15 1753//212
f 1753//212 1663//15 1754//195
f 1663//15 1664//15 1754//195
f 1754//195 1664//15 1755//15
f 1664//15 1665//15 1755//15
f 1755//15 1665//15 1756//15
f 1665//15 1666//15 1756//15
f 1756//15 1666//15 1757//15
f 1666//15 1667//227 1757//15
f 1757//15 1667//227 1758//15
f 1667//227 1668//227 1759//183
f 1667//227 1759//183 1758//15
f 1668//227 1669//15 1760//182
f 1668//227 1760//182 1759//183
f 1669//15 1670//182 1760//182
f 1760//182 1670//182 1761//15
f 1670//182 1671//183 1762//227
f 1670//182 1762//227 1761//15
f 1671//183 1672//15 1763//212
f 1671//183 1763//212 1762//227
f 1672//15 1673//15 1763//212
f 1763//212 1673//15 1764//195
f 1673//15 1674//15 1764//195
f 1764//195 1674//15 1765//15
f 1674//15 1675//15 1765//15
f 1765//15 1675//15 1766//15
f 1675//15 1676//183 1766//15
f 1766//15 1676//183 1767//182
f 1676//183 1677//182 1767//182
f 1767//182 1677//182 1768//183
f 1677//182 1678//15 1768//183
f 1768//183 1678//15 1769//15
f 1678//15 1679//15 1769//15
f 1769//15 1679//15 1770//15
f 1679//15 1680//15 1770//15
f 1770//15 1680//15 1771//15
f 1680//15 1681//183 1771//15
f 1771//15 1681//183 1772//182
f 1681//183 1682//352 1772//182
f 1772//182 1682//352 1773//353
f 1682//352 1683//353 1773//353
f 1773//353 1683//353 1774//352
f 1683//353 1684//182 1774//352
f 1774//352 1684//182 1775//324
f 1684//182 1685//15 1775//324
f 1775//324 1685//15 1776//301
f 1685//15 1686//15 1776//301
f 1776//301 1686//15 1777//301
f 1686//15 1687//15 1777//301
f 1777//301 1687//15 1778//195
f 1687//15 1688//15 1778//195
f 1778//195 1688//15 1779//15
f 1688//15 1689//15 1779//15
f 1779//15 1689//15 1780//15
f 1689//15 1690//15 1780//15
f 1780//15 1690//15 1781//15
f 1690//15 1691//15 1781//15
f 1781//15 1691//15 1782//15
f 1691//15 1692//195 1782//15
f 1782//15 1692//195 1783//15
f 1692//195 1693//324 1783//15
f 1783//15 1693//324 1784//182
f 1693//324 1694//182 1784//182
f 1784//182 1694//182 1785//183
f 1694//182 1695//15 1785//183
f 1785//183 1695//15 1786//15
f 1695//15 1696//15 1786//15
f 1786//15 1696//15 1787//15
f 1696//15 1697//15 1787//15
f 1787//15 1697//15 1788//15
f 1697//15 1698//15 1788//15
f 1788//15 1698//15 1789//15
f 1698//15 1699//163 1789//15
f 1789//15 1699//163 1790//163
f 1699//163 1700//163 1790//163
f 1790//163 1700//163 1791//163
f 1700//163 1701//15 1791//163
f 1791//163 1701//15 1792//15
f 1701//15 1702//15 1792//15
f 1792//15 1702//15 1793//15
f 1702//15 1703//15 1793//15
f 1793//15 1703//15 1794//15
f 1703//15 1704//15 1794//15
f 1794//15 1704//15 1795//15
f 1704//15 1705//15 1795//15
f 1795//15 1705//15 1796//15
f 1705//15 1706//15 1796//15
f 1796//15 1706//15 1797//15
f 1706//15 1707//15 1797//15
f 1797//15 1707//15 1798//15
f 1707//15 1708//15 1798//15
f 1798//15 1708//15 1799//15
f 1708//15 1709//15 1799//15
f 1799//15 1709//15 1800//15
f 1709//15 1710//15 1800//15
f 1800//15 1710//15 1801//15
f 1710//15 1711//15 1801//15
f 1801//15 1711//15 1802//15
f 1711//15 1712//7 1802//15
f 1802//15 1712//7 1803//15
f 1712//7 1713//28 1803//15
f 1803//15 1713//28 1804//15
f 1713//28 1714//64 1805//64
f 1713//28 1805//64 1804//15
f 1714//64 1715//15 1806//79
f 1714//64 1806//79 1805//64
f 1715//15 1716//15 1806//79
f 1806//79 1716//15 1807//15
f 1716//15 1717//354 1807//15
f 1807//15 1717//354 1808//360
f 1717//354 1718//355 1809//361
f 1717//354 1809//361 1808//360
f 1718//355 1719//7 1809//361
f 1809//361 1719//7 1810//28
f 1719//7 1720//319 1811//222
f 1719//7 1811//222 1810//28
f 1720//319 1721//165 1811//222
f 1811//222 1721//165 1812//144
f 1721//165 1722//214 1812//144
f 1812//144 1722//214 1813//15
f 1722//214 1723//65 1814//99
f 1722//214 1814//99 1813//15
f 1723//65 1724//81 1814//99
f 1814//99 1724//81 1815//15
f 1724//81 1725//343 1815//15
f 1815//15 1725//343 1816//214
f 1725//343 1726//245 1816//214
f 1816//214 1726//245 1817//164
f 1726//245 1727//30 1817//164
f 1817//164 1727//30 1818//15
f 1727//30 1728//28 1818//15
f 1818//15 1728//28 1819//15
f 1728//28 1729//80 1820//99
f 1728//28 1820//99 1819//15
f 1729//80 1730//103 1820//99
f 1820//99 1730//103 1821//15
f 1730//103 1731//15 1821//15
f 1821//15 1731//15 1822//15
f 1731//15 1732//15 1822//15
f 1822//15 1732//15 1823//15
f 1732//15 1733//64 1823//15
f 1823//15 1733//64 1824//15
f 1733//64 1734//64 1825//64
f 1733//64 1825//64 1824//15
f 1734//64 1735//15 1826//79
f 1734//64 1826//79 1825//64
f 1735//15 1736//15 1826//79
f 1826//79 1736//15 1827//15
f 1736//15 1737//15 1827//15
f 1827//15 1737//15 1828//15
f 1737//15 1738//15 1828//15
f 1828//15 1738//15 1829//15
f 1738//15 1739//99 1829//15
f 1829//15 1739//99 1830//15
f 1739//99 1740//15 1830//15
f 1830//15 1740//15 1831//15
f 1740//15 1741//356 1831//15
f 1831//15 1741//356 1832//362
f 1741//356 1742//358 1832//362
f 1832//362 1742//358 1833//363
f 1743//359 1744//15 1834//359
f 1834//359 1744//15 1835//15
f 1744//15 1745//15 1835//15
f 1835//15 1745//15 1836//15
f 1745//15 1746//227 1836//15
f 1836//15 1746//227 1837//15
f 1746//227 1747//226 1838//227
f 1746//227 1838//227 1837//15
f 1747//226 1748//15 1839//212
f 1747//226 1839//212 1838//227
f 1748//15 1749//15 1839//212
f 1839//212 1749//15 1840//195
f 1749//15 1750//15 1840//195
f 1840//195 1750//15 1841//15
f 1750//15 1751//15 1841//15
f 1841//15 1751//15 1842//15
f 1751//15 1752//227 1842//15
f 1842//15 1752//227 1843//15
f 1752//227 1753//212 1844//195
f 1752//227 1844//195 1843//15
f 1753//212 1754//195 1844//195
f 1844//195 1754//195 1845//212
f 1754//195 1755//15 1846//212
f 1754//195 1846//212 1845//212
f 1755//15 1756//15 1846//212
f 1846//212 1756//15 1847//195
f 1756//15 1757//15 1847//195
f 1847//195 1757//15 1848//15
f 1757//15 1758//15 1848//15
f 1848//15 1758//15 1849//15
f 1758//15 1759//183 1849//15
f 1849//15 1759//183 1850//182
f 1759//183 1760//182 1850//182
f 1850//182 1760//182 1851//324
f 1760//182 1761//15 1851//324
f 1851//324 1761//15 1852//195
f 1761//15 1762//227 1852//195
f 1852//195 1762//227 1853//15
f 1762//227 1763//212 1854//195
f 1762//227 1854//195 1853//15
f 1763//212 1764//195 1854//195
f 1854//195 1764//195 1855//212
f 1764//195 1765//15 1856//227
f 1764//195 1856//227 1855//212
f 1765//15 1766//15 1856//227
f 1856//227 1766//15 1857//15
f 1766//15 1767//182 1857//15
f 1857//15 1767//182 1858//15
f 1767//182 1768//183 1859//227
f 1767//182 1859//227 1858//15
f 1768//183 1769//15 1860//212
f 1768//183 1860//212 1859//227
f 1769//15 1770//15 1860//212
f 1860//212 1770//15 1861//195
f 1770//15 1771//15 1861//195
f 1861//195 1771//15 1862//15
f 1771//15 1772//182 1862//15
f 1862//15 1772//182 1863//15
f 1772//182 1773//353 1864//346
f 1772//182 1864//346 1863//15
f 1773//353 1774//352 1864//346
f 1864//346 1774//352 1865//15
f 1774//352 1775//324 1866//195
f 1774//352 1866//195 1865//15
f 1775//324 1776//301 1866//195
f 1866//195 1776//301 1867//301
f 1776//301 1777//301 1867//301
f 1867//301 1777//301 1868//301
f 1777//301 1778//195 1868//301
f 1868//301 1778//195 1869//324
f 1778//195 1779//15 1870//182
f 1778//195 1870//182 1869//324
f 1779//15 1780//15 1870//182
f 1870//182 1780//15 1871//15
f 1780//15 1781//15 1871//15
f 1871//15 1781//15 1872//15
f 1781//15 1782//15 1872//15
f 1872//15 1782//15 1873//15
f 1782//15 1783//15 1873//15
f 1873//15 1783//15 1874//15
f 1783//15 1784//182 1874//15
f 1874//15 1784//182 1875//15
f 1784//182 1785//183 1876//183
f 1784//182 1876//183 1875//15
f 1785//183 1786//15 1877//182
f 1785//183 1877//182 1876//183
f 1786//15 1787//15 1877//182
f 1877//182 1787//15 1878//15
f 1787//15 1788//15 1878//15
f 1878//15 1788//15 1879//15
f 1788//15 1789//15 1879//15
f 1879//15 1789//15 1880//15
f 1789//15 1790//163 1880//15
f 1880//15 1790//163 1881//182
f 1790//163 1791//163 1881//182
f 1881//182 1791//163 1882//324
f 1791//163 1792//15 1882//324
f 1882//324 1792//15 1883//195
f 1792//15 1793//15 1883//195
f 1883//195 1793//15 1884//15
f 1793//15 1794//15 1884//15
f 1884//15 1794//15 1885//15
f 1794//15 1795//15 1885//15
f 1885//15 1795//15 1886//15
f 1795//15 1796//15 1886//15
f 1886//15 1796//15 1887//15
f 1796//15 1797//15 1887//15
f 1887//15 1797//15 1888//15
f 1797//15 1798//15 1888//15
f 1888//15 1798//15 1889//15
f 1798//15 1799//15 1889//15
f 1889//15 1799//15 1890//15
f 1799//15 1800//15 1890//15
f 1890//15 1800//15 1891//15
f 1800//15 1801//15 1891//15
f 1891//15 1801//15 1892//15
f 1801//15 1802//15 1892//15
f 1892//15 1802//15 1893//15
f 1802//15 1803//15 1893//15
f 1893//15 1803//15 1894//15
f 1803//15 1804//15 1894//15
f 1894//15 1804//15 1895//15
f 1804//15 1805//64 1895//15
f 1895//15 1805//64 1896//15
f 1805//64 1806//79 1897//164
f 1805//64 1897//164 1896//15
f 1806//79 1807//15 1898//214
f 1806//79 1898//214 1897//164
f 1807//15 1808//360 1898//214
f 1898//214 1808//360 1899//364
f 1808//360 1809//361 1899//364
f 1899//364 1809//361 1900//365
f 1809//361 1810//28 1900//365
f 1900//365 1810//28 1901//15
f 1810//28 1811//222 1902//99
f 1810//28 1902//99 1901//15
f 1811//222 1812//144 1902//99
f 1902//99 1812//144 1903//15
f 1812//144 1813//15 1903//15
f 1903//15 1813//15 1904//15
f 1813//15 1814//99 1904//15
f 1904//15 1814//99 1905//15
f 1814//99 1815//15 1905//15
f 1905//15 1815//15 1906//15
f 1815//15 1816//214 1906//15
f 1906//15 1816//214 1907//15
f 1816//214 1817//164 1908//79
f 1816//214 1908//79 1907//15
f 1817//164 1818//15 1909//28
f 1817//164 1909//28 1908//79
f 1818//15 1819//15 1909//28
f 1909//28 1819//15 1910//7
f 1819//15 1820//99 1910//7
f 1910//7 1820//99 1911//15
f 1820//99 1821//15 1911//15
f 1911//15 1821//15 1912//15
f 1821//15 1822//15 1912//15
f 1912//15 1822//15 1913//15
f 1822//15 1823//15 1913//15
f 1913//15 1823//15 1914//15
f 1823//15 1824//15 1914//15
f 1914//15 1824//15 1915//15
f 1824//15 1825//64 1915//15
f 1915//15 1825//64 1916//15
f 1825//64 1826//79 1917//164
f 1825//64 1917//164 1916//15
f 1826//79 1827//15 1918//214
f 1826//79 1918//214 1917//164
f 1827//15 1828//15 1918//214
f 1918//214 1828//15 1919//15
f 1828//15 1829//15 1919//15
f 1919//15 1829//15 1920//15
f 1829//15 1830//15 1920//15
f 1920//15 1830//15 1921//15
f 1830//15 1831//15 1921//15
f 1921//15 1831//15 1922//366
f 1831//15 1832//362 1922//366
f 1922//366 1832//362 1923//367
f 1832//362 1833//363 1924//368
f 1832//362 1924//368 1923//367
f 1834//359 1835//15 1925//369
f 1925//369 1835//15 1926//15
f 1835//15 1836//15 1926//15
f 1926//15 1836//15 1927//15
f 1836//15 1837//15 1927//15
f 1927//15 1837//15 1928//15
f 1837//15 1838//227 1928//15
f 1928//15 1838//227 1929//15
f 1838//227 1839//212 1930//195
f 1838//227 1930//195 1929//15
f 1839//212 1840//195 1930//195
f 1930//195 1840//195 1931//370
f 1840//195 1841//15 1932//182
f 1840//195 1932//182 1931//370
f 1841//15 1842//15 1932//182
f 1932//182 1842//15 1933//15
f 1842//15 1843//15 1933//15
f 1933//15 1843//15 1934//15
f 1843//15 1844//195 1934//15
f 1934//15 1844//195 1935//15
f 1844//195 1845//212 1935//15
f 1935//15 1845//212 1936//15
f 1845//212 1846//212 1937//195
f 1845//212 1937//195 1936//15
f 1846//212 1847//195 1937//195
f 1937//195 1847//195 1938//212
f 1847//195 1848//15 1939//227
f 1847//195 1939//227 1938//212
f 1848//15 1849//15 1939//227
f 1939//227 1849//15 1940//15
f 1849//15 1850//182 1940//15
f 1940//15 1850//182 1941//15
f 1850//182 1851//324 1942//195
f 1850//182 1942//195 1941//15
f 1851//324 1852//195 1942//195
f 1942//195 1852//195 1943//324
f 1852//195 1853//15 1944//182
f 1852//195 1944//182 1943//324
f 1853//15 1854//195 1944//182
f 1944//182 1854//195 1945//15
f 1854//195 1855//212 1945//15
f 1945//15 1855//212 1946//15
f 1855//212 1856//227 1947//226
f 1855//212 1947//226 1946//15
f 1856//227 1857//15 1948//212
f 1856//227 1948//212 1947//226
f 1857//15 1858//15 1948//212
f 1948//212 1858//15 1949//195
f 1858//15 1859//227 1949//195
f 1949//195 1859//227 1950//15
f 1859//227 1860//212 1951//195
f 1859//227 1951//195 1950//15
f 1860//212 1861//195 1951//195
f 1951//195 1861//195 1952//370
f 1861//195 1862//15 1953//182
f 1861//195 1953//182 1952//370
f 1862//15 1863//15 1953//182
f 1953//182 1863//15 1954//15
f 1863//15 1864//346 1954//15
f 1954//15 1864//346 1955//15
f 1864//346 1865//15 1955//15
f 1955//15 1865//15 1956//15
f 1865//15 1866//195 1956//15
f 1956//15 1866//195 1957//15
f 1866//195 1867//301 1957//15
f 1957//15 1867//301 1958//15
f 1867//301 1868//301 1958//15
f 1958//15 1868//301 1959//15
f 1868//301 1869//324 1959//15
f 1959//15 1869//324 1960//182
f 1869//324 1870//182 1960//182
f 1960//182 1870//182 1961//324
f 1870//182 1871//15 1961//324
f 1961//324 1871//15 1962//195
f 1871//15 1872//15 1962//195
f 1962//195 1872//15 1963//15
f 1872//15 1873//15 1963//15
f 1963//15 1873//15 1964//15
f 1873//15 1874//15 1964//15
f 1964//15 1874//15 1965//15
f 1874//15 1875//15 1965//15
f 1965//15 1875//15 1966//15
f 1875//15 1876//183 1966//15
f 1966//15 1876//183 1967//182
f 1876//183 1877//182 1967//182
f 1967//182 1877//182 1968//183
f 1877//182 1878//15 1968//183
f 1968//183 1878//15 1969//15
f 1878//15 1879//15 1969//15
f 1969//15 1879//15 1970//15
f 1879//15 1880//15 1970//15
f 1970//15 1880//15 1971//15
f 1880//15 1881//182 1971//15
f 1971//15 1881//182 1972//15
f 1881//182 1882//324 1973//195
f 1881//182 1973//195 1972//15
f 1882//324 1883//195 1973//195
f 1973//195 1883//195 1974//212
f 1883//195 1884//15 1975//226
f 1883//195 1975//226 1974//212
f 1884//15 1885//15 1975//226
f 1975//226 1885//15 1976//15
f 1885//15 1886//15 1976//15
f 1976//15 1886//15 1977//15
f 1886//15 1887//15 1977//15
f 1977//15 1887//15 1978//15
f 1887//15 1888//15 1978//15
f 1978//15 1888//15 1979//15
f 1888//15 1889//15 1979//15
f 1979//15 1889//15 1980//15
f 1889//15 1890//15 1980//15
f 1980//15 1890//15 1981//15
f 1890//15 1891//15 1981//15
f 1981//15 1891//15 1982//15
f 1891//15 1892//15 1982//15
f 1982//15 1892//15 1983//15
f 1892//15 1893//15 1983//15
f 1983//15 1893//15 1984//346
f 1893//15 1894//15 1984//346
f 1984//346 1894//15 1985//15
f 1894//15 1895//15 1985//15
f 1985//15 1895//15 1986//15
f 1895//15 1896//15 1986//15
f 1986//15 1896//15 1987//15
f 1896//15 1897//164 1987//15
f 1987//15 1897//164 1988//214
f 1897//164 1898//214 1988//214
f 1988//214 1898//214 1989//198
f 1898//214 1899//364 1989//198
f 1989//198 1899//364 1990//371
f 1899//364 1900//365 1991//372
f 1899//364 1991//372 1990//371
f 1900//365 1901//15 1992//200
f 1900//365 1992//200 1991//372
f 1901//15 1902//99 1992//200
f 1992//200 1902//99 1993//15
f 1902//99 1903//15 1993//15
f 1993//15 1903//15 1994//15
f 1903//15 1904//15 1994//15
f 1994//15 1904//15 1995//15
f 1904//15 1905//15 1995//15
f 1995//15 1905//15 1996//15
f 1905//15 1906//15 1996//15
f 1996//15 1906//15 1997//15
f 1906//15 1907//15 1997//15
f 1997//15 1907//15 1998//15
f 1907//15 1908//79 1998//15
f 1998//15 1908//79 1999//15
f 1908//79 1909//28 2000//7
f 1908//79 2000//7 1999//15
f 1909//28 1910//7 2000//7
f 2000//7 1910//7 2001//28
f 1910//7 1911//15 2002//79
f 1910//7 2002//79 2001//28
f 1911//15 1912//15 2002//79
f 2002//79 1912//15 2003//15
f 1912//15 1913//15 2003//15
f 2003//15 1913//15 2004//15
f 1913//15 1914//15 2004//15
f 2004//15 1914//15 2005//15
f 1914//15 1915//15 2005//15
f 2005//15 1915//15 2006//15
f 1915//15 1916//15 2006//15
f 2006//15 1916//15 2007//15
f 1916//15 1917//164 2007//15
f 2007//15 1917//164 2008//221
f 1917//164 1918//214 2008//221
f 2008//221 1918//214 2009//221
f 1918//214 1919//15 2009//221
f 2009//221 1919//15 2010//15
f 1919//15 1920//15 2010//15
f 2010//15 1920//15 2011//15
f 1920//15 1921//15 2011//15
f 2011//15 1921//15 2012//15
f 1921//15 1922//366 2012//15
f 2012//15 1922//366 2013//373
f 1922//366 1923//367 2013//373
f 2013//373 1923//367 2014//374
f 1923//367 1924//368 2014//374
f 1925//369 1926//15 2015//51
f 2015//51 1926//15 2016//15
f 1926//15 1927//15 2016//15
f 2016//15 1927//15 2017//15
f 1927//15 1928//15 2017//15
f 2017//15 1928//15 2018//15
f 1928//15 1929//15 2018//15
f 2018//15 1929//15 2019//15
f 1929//15 1930//195 2019//15
f 2019//15 1930//195 2020//15
f 1930//195 1931//370 2020//15
f 2020//15 1931//370 2021//163
f 1931//370 1932//182 2021//163
f 2021//163 1932//182 2022//163
f 1932//182 1933//15 2022//163
f 2022//163 1933//15 2023//346
f 1933//15 1934//15 2023//346
f 2023//346 1934//15 2024//15
f 1934//15 1935//15 2024//15
f 2024//15 1935//15 2025//15
f 1935//15 1936//15 2025//15
f 2025//15 1936//15 2026//15
f 1936//15 1937//195 2026//15
f 2026//15 1937//195 2027//15
f 1937//195 1938//212 2027//15
f 2027//15 1938//212 2028//15
f 1938//212 1939//227 2029//226
f 1938//212 2029//226 2028//15
f 1939//227 1940//15 2030//227
f 1939//227 2030//227 2029//226
f 1940//15 1941//15 2030//227
f 2030//227 1941//15 2031//15
f 1941//15 1942//195 2031//15
f 2031//15 1942//195 2032//15
f 1942//195 1943//324 2032//15
f 2032//15 1943//324 2033//163
f 1943//324 1944//182 2033//163
f 2033//163 1944//182 2034//163
f 1944//182 1945//15 2034//163
f 2034//163 1945//15 2035//15
f 1945//15 1946//15 2035//15
f 2035//15 1946//15 2036//15
f 1946//15 1947//226 2036//15
f 2036//15 1947//226 2037//15
f 1947//226 1948//212 2038//195
f 1947//226 2038//195 2037//15
f 1948//212 1949//195 2038//195
f 2038//195 1949//195 2039//324
f 1949//195 1950//15 2040//182
f 1949//195 2040//182 2039//324
f 1950//15 1951//195 2040//182
f 2040//182 1951//195 2041//15
f 1951//195 1952//370 2041//15
f 2041//15 1952//370 2042//182
f 1952//370 1953//182 2042//182
f 2042//182 1953//182 2043//183
f 1953//182 1954//15 2043//183
f 2043//183 1954//15 2044//15
f 1954//15 1955//15 2044//15
f 2044//15 1955//15 2045//15
f 1955//15 1956//15 2045//15
f 2045//15 1956//15 2046//15
f 1956//15 1957//15 2046//15
f 2046//15 1957//15 2047//15
f 1957//15 1958//15 2047//15
f 2047//15 1958//15 2048//15
f 1958//15 1959//15 2048//15
f 2048//15 1959//15 2049//15
f 1959//15 1960//182 2049//15
f 2049//15 1960//182 2050//15
f 1960//182 1961//324 2051//195
f 1960//182 2051//195 2050//15
f 1961//324 1962//195 2051//195
f 2051//195 1962//195 2052//212
f 1962//195 1963//15 2053//212
f 1962//195 2053//212 2052//212
f 1963//15 1964//15 2053//212
f 2053//212 1964//15 2054//195
f 1964//15 1965//15 2054//195
f 2054//195 1965//15 2055//15
f 1965//15 1966//15 2055//15
f 2055//15 1966//15 2056//15
f 1966//15 1967//182 2056//15
f 2056//15 1967//182 2057//15
f 1967//182 1968//183 2058//183
f 1967//182 2058//183 2057//15
f 1968//183 1969//15 2059//182
f 1968//183 2059//182 2058//183
f 1969//15 1970//15 2059//182
f 2059//182 1970//15 2060//15
f 1970//15 1971//15 2060//15
f 2060//15 1971//15 2061//15
f 1971//15 1972//15 2061//15
f 2061//15 1972//15 2062//15
f 1972//15 1973//195 2062//15
f 2062//15 1973//195 2063//15
f 1973//195 1974//212 2063//15
f 2063//15 1974//212 2064//15
f 1974//212 1975//226 2065//227
f 1974//212 2065//227 2064//15
f 1975//226 1976//15 2066//212
f 1975//226 2066//212 2065//227
f 1976//15 1977//15 2066//212
f 2066//212 1977//15 2067//301
f 1977//15 1978//15 2067//301
f 2067//301 1978//15 2068//301
f 1978//15 1979//15 2068//301
f 2068//301 1979//15 2069//301
f 1979//15 1980//15 2069//301
f 2069//301 1980//15 2070//195
f 1980//15 1981//15 2070//195
f 2070//195 1981//15 2071//15
f 1981//15 1982//15 2071//15
f 2071//15 1982//15 2072//346
f 1982//15 1983//15 2072//346
f 2072//346 1983//15 2073//375
f 1983//15 1984//346 2073//375
f 2073//375 1984//346 2074//353
f 1984//346 1985//15 2075//182
f 1984//346 2075//182 2074//353
f 1985//15 1986//15 2075//182
f 2075//182 1986//15 2076//346
f 1986//15 1987//15 2076//346
f 2076//346 1987//15 2077//15
f 1987//15 1988//214 2077//15
f 2077//15 1988//214 2078//15
f 1988//214 1989//198 2079//376
f 1988//214 2079//376 2078//15
f 1989//198 1990//371 2079//376
f 2079//376 1990//371 2080//377
f 1990//371 1991//372 2080//377
f 2080//377 1991//372 2081//378
f 1991//372 1992//200 2082//379
f 1991//372 2082//379 2081//378
f 1992//200 1993//15 2082//379
f 2082//379 1993//15 2083//15
f 1993//15 1994//15 2083//15
f 2083//15 1994//15 2084//15
f 1994//15 1995//15 2084//15
f 2084//15 1995//15 2085//15
f 1995//15 1996//15 2085//15
f 2085//15 1996//15 2086//15
f 1996//15 1997//15 2086//15
f 2086//15 1997//15 2087//15
f 1997//15 1998//15 2087//15
f 2087//15 1998//15 2088//15
f 1998//15 1999//15 2088//15
f 2088//15 1999//15 2089//15
f 1999//15 2000//7 2089//15
f 2089//15 2000//7 2090//15
f 2000//7 2001//28 2090//15
f 2090//15 2001//28 2091//15
f 2001//28 2002//79 2092//380
f 2001//28 2092//380 2091//15
f 2002//79 2003//15 2093//381
f 2002//79 2093//381 2092//380
f 2003//15 2004//15 2093//381
f 2093//381 2004//15 2094//15
f 2004//15 2005//15 2094//15
f 2094//15 2005//15 2095//15
f 2005//15 2006//15 2095//15
f 2095//15 2006//15 2096//15
f 2006//15 2007//15 2096//15
f 2096//15 2007//15 2097//15
f 2007//15 2008//221 2097//15
f 2097//15 2008//221 2098//221
f 2008//221 2009//221 2098//221
f 2098//221 2009//221 2099//221
f 2009//221 2010//15 2099//221
f 2099//221 2010//15 2100//15
f 2010//15 2011//15 2100//15
f 2100//15 2011//15 2101//15
f 2011//15 2012//15 2101//15
f 2101//15 2012//15 2102//15
f 2012//15 2013//373 2102//15
f 2102//15 2013//373 2103//382
f 2013//373 2014//374 2104//383
f 2013//373 2104//383 2103//382
f 2015//51 2016//15 2105//51
f 2105//51 2016//15 2106//15
f 2016//15 2017//15 2106//15
f 2106//15 2017//15 2107//15
f 2017//15 2018//15 2107//15
f 2107//15 2018//15 2108//15
f 2018//15 2019//15 2108//15
f 2108//15 2019//15 2109//15
f 2019//15 2020//15 2109//15
f 2109//15 2020//15 2110//15
f 2020//15 2021//163 2110//15
f 2110//15 2021//163 2111//182
f 2021//163 2022//163 2111//182
f 2111//182 2022//163 2112//384
f 2022//163 2023//346 2112//384
f 2112//384 2023//346 2113//385
f 2023//346 2024//15 2114//227
f 2023//346 2114//227 2113//385
f 2024//15 2025//15 2114//227
f 2114//227 2025//15 2115//15
f 2025//15 2026//15 2115//15
f 2115//15 2026//15 2116//15
f 2026//15 2027//15 2116//15
f 2116//15 2027//15 2117//15
f 2027//15 2028//15 2117//15
f 2117//15 2028//15 2118//346
f 2028//15 2029//226 2118//346
f 2118//346 2029//226 2119//15
f 2029//226 2030//227 2120//183
f 2029//226 2120//183 2119//15
f 2030//227 2031//15 2121//182
f 2030//227 2121//182 2120//183
f 2031//15 2032//15 2121//182
f 2121//182 2032//15 2122//15
f 2032//15 2033//163 2122//15
f 2122//15 2033//163 2123//182
f 2033//163 2034//163 2123//182
f 2123//182 2034//163 2124//183
f 2034//163 2035//15 2124//183
f 2124//183 2035//15 2125//15
f 2035//15 2036//15 2125//15
f 2125//15 2036//15 2126//15
f 2036//15 2037//15 2126//15
f 2126//15 2037//15 2127//15
f 2037//15 2038//195 2127//15
f 2127//15 2038//195 2128//15
f 2038//195 2039//324 2128//15
f 2128//15 2039//324 2129//182
f 2039//324 2040//182 2129//182
f 2129//182 2040//182 2130//183
f 2040//182 2041//15 2130//183
f 2130//183 2041//15 2131//15
f 2041//15 2042//182 2131//15
f 2131//15 2042//182 2132//15
f 2042//182 2043//183 2133//227
f 2042//182 2133//227 2132//15
f 2043//183 2044//15 2134//212
f 2043//183 2134//212 2133//227
f 2044//15 2045//15 2134//212
f 2134//212 2045//15 2135//301
f 2045//15 2046//15 2135//301
f 2135//301 2046//15 2136//195
f 2046//15 2047//15 2136//195
f 2136//195 2047//15 2137//15
f 2047//15 2048//15 2137//15
f 2137//15 2048//15 2138//15
f 2048//15 2049//15 2138//15
f 2138//15 2049//15 2139//15
f 2049//15 2050//15 2139//15
f 2139//15 2050//15 2140//15
f 2050//15 2051//195 2140//15
f 2140//15 2051//195 2141//15
f 2051//195 2052//212 2141//15
f 2141//15 2052//212 2142//15
f 2052//212 2053//212 2143//195
f 2052//212 2143//195 2142//15
f 2053//212 2054//195 2143//195
f 2143//195 2054//195 2144//212
f 2054//195 2055//15 2145//226
f 2054//195 2145//226 2144//212
f 2055//15 2056//15 2145//226
f 2145//226 2056//15 2146//15
f 2056//15 2057//15 2146//15
f 2146//15 2057//15 2147//346
f 2057//15 2058//183 2147//346
f 2147//346 2058//183 2148//215
f 2058//183 2059//182 2148//215
f 2148//215 2059//182 2149//163
f 2059//182 2060//15 2149//163
f 2149//163 2060//15 2150//15
f 2060//15 2061//15 2150//15
f 2150//15 2061//15 2151//346
f 2061//15 2062//15 2151//346
f 2151//346 2062//15 2152//15
f 2062//15 2063//15 2152//15
f 2152//15 2063//15 2153//15
f 2063//15 2064//15 2153//15
f 2153//15 2064//15 2154//15
f 2064//15 2065//227 2154//15
f 2154//15 2065//227 2155//15
f 2065//227 2066//212 2156//195
f 2065//227 2156//195 2155//15
f 2066//212 2067//301 2156//195
f 2156//195 2067//301 2157//301
f 2067//301 2068//301 2157//301
f 2157//301 2068//301 2158//301
f 2068//301 2069//301 2158//301
f 2158//301 2069//301 2159//301
f 2069//301 2070//195 2159//301
f 2159//301 2070//195 2160//212
f 2070//195 2071//15 2161//385
f 2070//195 2161//385 2160//212
f 2071//15 2072//346 2161//385
f 2161//385 2072//346 2162//384
f 2072//346 2073//375 2163//386
f 2072//346 2163//386 2162//384
f 2073//375 2074//353 2163//386
f 2163//386 2074//353 2164//387
f 2074//353 2075//182 2164//387
f 2164//387 2075//182 2165//384
f 2075//182 2076//346 2165//384
f 2165//384 2076//346 2166//385
f 2076//346 2077//15 2167//212
f 2076//346 2167//212 2166//385
f 2077//15 2078//15 2167//212
f 2167//212 2078//15 2168//195
f 2078//15 2079//376 2168//195
f 2168//195 2079//376 2169//388
f 2079//376 2080//377 2169//388
f 2169//388 2080//377 2170//389
f 2080//377 2081//378 2170//389
f 2170//389 2081//378 2171//390
f 2081//378 2082//379 2171//390
f 2171//390 2082//379 2172//390
f 2082//379 2083//15 2172//390
f 2172//390 2083//15 2173//15
f 2083//15 2084//15 2173//15
f 2173//15 2084//15 2174//15
f 2084//15 2085//15 2174//15
f 2174//15 2085//15 2175//15
f 2085//15 2086//15 2175//15
f 2175//15 2086//15 2176//15
f 2086//15 2087//15 2176//15
f 2176//15 2087//15 2177//15
f 2087//15 2088//15 2177//15
f 2177//15 2088//15 2178//15
f 2088//15 2089//15 2178//15
f 2178//15 2089//15 2179//15
f 2089//15 2090//15 2179//15
f 2179//15 2090//15 2180//15
f 2090//15 2091//15 2180//15
f 2180//15 2091//15 2181//391
f 2091//15 2092//380 2181//391
f 2181//391 2092//380 2182//392
f 2092//380 2093//381 2182//392
f 2182//392 2093//381 2183//15
f 2093//381 2094//15 2183//15
f 2183//15 2094//15 2184//15
f 2094//15 2095//15 2184//15
f 2184//15 2095//15 2185//15
f 2095//15 2096//15 2185//15
f 2185//15 2096//15 2186//15
f 2096//15 2097//15 2186//15
f 2186//15 2097//15 2187//15
f 2097//15 2098//221 2187//15
f 2187//15 2098//221 2188//221
f 2098//221 2099//221 2188//221
f 2188//221 2099//221 2189//221
f 2099//221 2100//15 2189//221
f 2189//221 2100//15 2190//393
f 2100//15 2101//15 2190//393
f 2190//393 2101//15 2191//195
f 2101//15 2102//15 2191//195
f 2191//195 2102//15 2192//15
f 2102//15 2103//382 2192//15
f 2192//15 2103//382 2193//394
f 2103//382 2104//383 2193//394
f 2193//394 2104//383 2194//395
f 2105//51 2106//15 2195//51
f 2195//51 2106//15 2196//15
f 2106//15 2107//15 2196//15
f 2196//15 2107//15 2197//15
f 2107//15 2108//15 2197//15
f 2197//15 2108//15 2198//15
f 2108//15 2109//15 2198//15
f 2198//15 2109//15 2199//15
f 2109//15 2110//15 2199//15
f 2199//15 2110//15 2200//15
f 2110//15 2111//182 2200//15
f 2200//15 2111//182 2201//15
f 2111//182 2112//384 2202//346
f 2111//182 2202//346 2201//15
f 2112//384 2113//385 2202//346
f 2202//346 2113//385 2203//15
f 2113//385 2114//227 2204//226
f 2113//385 2204//226 2203//15
f 2114//227 2115//15 2205//227
f 2114//227 2205//227 2204//226
f 2115//15 2116//15 2205//227
f 2205//227 2116//15 2206//15
f 2116//15 2117//15 2206//15
f 2206//15 2117//15 2207//396
f 2117//15 2118//346 2207//396
f 2207//396 2118//346 2208//384
f 2118//346 2119//15 2209//182
f 2118//346 2209//182 2208//384
f 2119//15 2120//183 2209//182
f 2209//182 2120//183 2210//163
f 2120//183 2121//182 2210//163
f 2210//163 2121//182 2211//163
f 2121//182 2122//15 2211//163
f 2211//163 2122//15 2212//15
f 2122//15 2123//182 2212//15
f 2212//15 2123//182 2213//15
f 2123//182 2124//183 2214//227
f 2123//182 2214//227 2213//15
f 2124//183 2125//15 2215//397
f 2124//183 2215//397 2214//227
f 2125//15 2126//15 2215//397
f 2215//397 2126//15 2216//301
f 2126//15 2127//15 2216//301
f 2216//301 2127//15 2217//195
f 2127//15 2128//15 2217//195
f 2217//195 2128//15 2218//15
f 2128//15 2129//182 2218//15
f 2218//15 2129//182 2219//15
f 2129//182 2130//183 2220//227
f 2129//182 2220//227 2219//15
f 2130//183 2131//15 2221//227
f 2130//183 2221//227 2220//227
f 2131//15 2132//15 2221//227
f 2221//227 2132//15 2222//15
f 2132//15 2133//227 2222//15
f 2222//15 2133//227 2223//398
f 2133//227 2134//212 2224//399
f 2133//227 2224//399 2223//398
f 2134//212 2135//301 2224//399
f 2224//399 2135//301 2225//301
f 2135//301 2136//195 2225//301
f 2225//301 2136//195 2226//324
f 2136//195 2137//15 2227//182
f 2136//195 2227//182 2226//324
f 2137//15 2138//15 2227//182
f 2227//182 2138//15 2228//15
f 2138//15 2139//15 2228//15
f 2228//15 2139//15 2229//15
f 2139//15 2140//15 2229//15
f 2229//15 2140//15 2230//15
f 2140//15 2141//15 2230//15
f 2230//15 2141//15 2231//15
f 2141//15 2142//15 2231//15
f 2231//15 2142//15 2232//15
f 2142//15 2143//195 2232//15
f 2232//15 2143//195 2233//15
f 2143//195 2144//212 2233//15
f 2233//15 2144//212 2234//15
f 2144//212 2145//226 2235//183
f 2144//212 2235//183 2234//15
f 2145//226 2146//15 2236//352
f 2145//226 2236//352 2235//183
f 2146//15 2147//346 2236//352
f 2236//352 2147//346 2237//400
f 2147//346 2148//215 2238//401
f 2147//346 2238//401 2237//400
f 2148//215 2149//163 2238//401
f 2238//401 2149//163 2239//324
f 2149//163 2150//15 2239//324
f 2239//324 2150//15 2240//402
f 2150//15 2151//346 2240//402
f 2240//402 2151//346 2241//403
f 2151//346 2152//15 2242//227
f 2151//346 2242//227 2241//403
f 2152//15 2153//15 2242//227
f 2242//227 2153//15 2243//15
f 2153//15 2154//15 2243//15
f 2243//15 2154//15 2244//15
f 2154//15 2155//15 2244//15
f 2244//15 2155//15 2245//15
f 2155//15 2156//195 2245//15
f 2245//15 2156//195 2246//15
f 2156//195 2157//301 2246//15
f 2246//15 2157//301 2247//15
f 2157//301 2158//301 2247//15
f 2247//15 2158//301 2248//15
f 2158//301 2159//301 2248//15
f 2248//15 2159//301 2249//15
f 2159//301 2160//212 2249//15
f 2249//15 2160//212 2250//15
f 2160//212 2161//385 2251//346
f 2160//212 2251//346 2250//15
f 2161//385 2162//384 2251//346
f 2251//346 2162//384 2252//404
f 2162//384 2163//386 2252//404
f 2252//404 2163//386 2253//353
f 2163//386 2164//387 2253//353
f 2253//353 2164//387 2254//375
f 2164//387 2165//384 2255//405
f 2164//387 2255//405 2254//375
f 2165//384 2166//385 2255//405
f 2255//405 2166//385 2256//384
f 2166//385 2167//212 2257//406
f 2166//385 2257//406 2256//384
f 2167//212 2168//195 2257//406
f 2257//406 2168//195 2258//407
f 2168//195 2169//388 2259//408
f 2168//195 2259//408 2258//407
f 2169//388 2170//389 2259//408
f 2259//408 2170//389 2260//409
f 2170//389 2171//390 2260//409
f 2260//409 2171//390 2261//410
f 2171//390 2172//390 2261//410
f 2261//410 2172//390 2262//411
f 2172//390 2173//15 2262//411
f 2262//411 2173//15 2263//195
f 2173//15 2174//15 2263//195
f 2263//195 2174//15 2264//15
f 2174//15 2175//15 2264//15
f 2264//15 2175//15 2265//15
f 2175//15 2176//15 2265//15
f 2265//15 2176//15 2266//15
f 2176//15 2177//15 2266//15
f 2266//15 2177//15 2267//15
f 2177//15 2178//15 2267//15
f 2267//15 2178//15 2268//15
f 2178//15 2179//15 2268//15
f 2268//15 2179//15 2269//15
f 2179//15 2180//15 2269//15
f 2269//15 2180//15 2270//15
f 2180//15 2181//391 2270//15
f 2270//15 2181//391 2271//412
f 2181//391 2182//392 2271//412
f 2271//412 2182//392 2272//391
f 2182//392 2183//15 2272//391
f 2272//391 2183//15 2273//15
f 2183//15 2184//15 2273//15
f 2273//15 2184//15 2274//15
f 2184//15 2185//15 2274//15
f 2274//15 2185//15 2275//15
f 2185//15 2186//15 2275//15
f 2275//15 2186//15 2276//15
f 2186//15 2187//15 2276//15
f 2276//15 2187//15 2277//15
f 2187//15 2188//221 2277//15
f 2277//15 2188//221 2278//392
f 2188//221 2189//221 2278//392
f 2278//392 2189//221 2279//392
f 2189//221 2190//393 2279//392
f 2279//392 2190//393 2280//413
f 2190//393 2191//195 2280//413
f 2280//413 2191//195 2281//414
f 2191//195 2192//15 2282//415
f 2191//195 2282//415 2281//414
f 2192//15 2193//394 2282//415
f 2282//415 2193//394 2283//394
f 2193//394 2194//395 2283//394
f 2283//394 2194//395 2284//416
f 2195//51 2196//15 2285//417
f 2285//417 2196//15 2286//301
f 2196//15 2197//15 2286//301
f 2286//301 2197//15 2287//301
f 2197//15 2198//15 2287//301
f 2287//301 2198//15 2288//195
f 2198//15 2199//15 2288//195
f 2288//195 2199//15 2289//15
f 2199//15 2200//15 2289//15
f 2289//15 2200//15 2290//15
f 2200//15 2201//15 2290//15
f 2290//15 2201//15 2291//15
f 2201//15 2202//346 2291//15
f 2291//15 2202//346 2292//15
f 2202//346 2203//15 2292//15
f 2292//15 2203//15 2293//15
f 2203//15 2204//226 2293//15
f 2293//15 2204//226 2294//15
f 2204//226 2205//227 2295//227
f 2204//226 2295//227 2294//15
f 2205//227 2206//15 2296//385
f 2205//227 2296//385 2295//227
f 2206//15 2207//396 2296//385
f 2296//385 2207//396 2297//396
f 2207//396 2208//384 2297//396
f 2297//396 2208//384 2298//163
f 2208//384 2209//182 2298//163
f 2298//163 2209//182 2299//163
f 2209//182 2210//163 2299//163
f 2299//163 2210//163 2300//163
f 2210//163 2211//163 2300//163
f 2300//163 2211//163 2301//163
f 2211//163 2212//15 2301//163
f 2301//163 2212//15 2302//15
f 2212//15 2213//15 2302//15
f 2302//15 2213//15 2303//15
f 2213//15 2214//227 2303//15
f 2303//15 2214//227 2304//15
f 2214//227 2215//397 2305//195
f 2214//227 2305//195 2304//15
f 2215//397 2216//301 2305//195
f 2305//195 2216//301 2306//301
f 2216//301 2217//195 2306//301
f 2306//301 2217//195 2307//324
f 2217//195 2218//15 2308//182
f 2217//195 2308//182 2307//324
f 2218//15 2219//15 2308//182
f 2308//182 2219//15 2309//346
f 2219//15 2220//227 2309//346
f 2309//346 2220//227 2310//15
f 2220//227 2221//227 2311//227
f 2220//227 2311//227 2310//15
f 2221//227 2222//15 2312//403
f 2221//227 2312//403 2311//227
f 2222//15 2223//398 2312//403
f 2312//403 2223//398 2313//385
f 2223//398 2224//399 2314//226
f 2223//398 2314//226 2313//385
f 2224//399 2225//301 2314//226
f 2314//226 2225//301 2315//15
f 2225//301 2226//324 2315//15
f 2315//15 2226//324 2316//182
f 2226//324 2227//182 2316//182
f 2316//182 2227//182 2317//183
f 2227//182 2228//15 2317//183
f 2317//183 2228//15 2318//15
f 2228//15 2229//15 2318//15
f 2318//15 2229//15 2319//15
f 2229//15 2230//15 2319//15
f 2319//15 2230//15 2320//15
f 2230//15 2231//15 2320//15
f 2320//15 2231//15 2321//15
f 2231//15 2232//15 2321//15
f 2321//15 2232//15 2322//15
f 2232//15 2233//15 2322//15
f 2322//15 2233//15 2323//15
f 2233//15 2234//15 2323//15
f 2323//15 2234//15 2324//15
f 2234//15 2235//183 2324//15
f 2324//15 2235//183 2325//182
f 2235//183 2236//352 2325//182
f 2325//182 2236//352 2326//353
f 2236//352 2237//400 2326//353
f 2326//353 2237//400 2327//375
f 2237//400 2238//401 2328//183
f 2237//400 2328//183 2327//375
f 2238//401 2239//324 2329//418
f 2238//401 2329//418 2328//183
f 2239//324 2240//402 2329//418
f 2329//418 2240//402 2330//393
f 2240//402 2241//403 2330//393
f 2330//393 2241//403 2331//15
f 2241//403 2242//227 2332//183
f 2241//403 2332//183 2331//15
f 2242//227 2243//15 2333//182
f 2242//227 2333//182 2332//183
f 2243//15 2244//15 2333//182
f 2333//182 2244//15 2334//15
f 2244//15 2245//15 2334//15
f 2334//15 2245//15 2335//15
f 2245//15 2246//15 2335//15
f 2335//15 2246//15 2336//15
f 2246//15 2247//15 2336//15
f 2336//15 2247//15 2337//15
f 2247//15 2248//15 2337//15
f 2337//15 2248//15 2338//15
f 2248//15 2249//15 2338//15
f 2338//15 2249//15 2339//15
f 2249//15 2250//15 2339//15
f 2339//15 2250//15 2340//15
f 2250//15 2251//346 2340//15
f 2340//15 2251//346 2341//381
f 2251//346 2252//404 2341//381
f 2341//381 2252//404 2342//15
f 2252//404 2253//353 2343//419
f 2252//404 2343//419 2342//15
f 2253//353 2254//375 2343//419
f 2343//419 2254//375 2344//396
f 2254//375 2255//405 2344//396
f 2344//396 2255//405 2345//402
f 2255//405 2256//384 2345//402
f 2345//402 2256//384 2346//301
f 2256//384 2257//406 2346//301
f 2346//301 2257//406 2347//420
f 2257//406 2258//407 2348//407
f 2257//406 2348//407 2347//420
f 2258//407 2259//408 2349//421
f 2258//407 2349//421 2348//407
f 2259//408 2260//409 2350//422
f 2259//408 2350//422 2349//421
f 2260//409 2261//410 2351//423
f 2260//409 2351//423 2350//422
f 2261//410 2262//411 2352//424
f 2261//410 2352//424 2351//423
f 2262//411 2263//195 2352//424
f 2352//424 2263//195 2353//324
f 2263//195 2264//15 2354//182
f 2263//195 2354//182 2353//324
f 2264//15 2265//15 2354//182
f 2354//182 2265//15 2355//15
f 2265//15 2266//15 2355//15
f 2355//15 2266//15 2356//15
f 2266//15 2267//15 2356//15
f 2356//15 2267//15 2357//15
f 2267//15 2268//15 2357//15
f 2357//15 2268//15 2358//15
f 2268//15 2269//15 2358//15
f 2358//15 2269//15 2359//15
f 2269//15 2270//15 2359//15
f 2359//15 2270//15 2360//396
f 2270//15 2271//412 2360//396
f 2360//396 2271//412 2361//396
f 2271//412 2272//391 2361//396
f 2361//396 2272//391 2362//15
f 2272//391 2273//15 2362//15
f 2362//15 2273//15 2363//15
f 2273//15 2274//15 2363//15
f 2363//15 2274//15 2364//15
f 2274//15 2275//15 2364//15
f 2364//15 2275//15 2365//15
f 2275//15 2276//15 2365//15
f 2365//15 2276//15 2366//15
f 2276//15 2277//15 2366//15
f 2366//15 2277//15 2367//396
f 2277//15 2278//392 2367//396
f 2367//396 2278//392 2368//396
f 2278//392 2279//392 2368//396
f 2368//396 2279//392 2369//425
f 2279//392 2280//413 2369//425
f 2369//425 2280//413 2370//426
f 2280//413 2281//414 2370//426
f 2370//426 2281//414 2371//427
f 2281//414 2282//415 2372//428
f 2281//414 2372//428 2371//427
f 2282//415 2283//394 2372//428
f 2372//428 2283//394 2373//429
f 2283//394 2284//416 2373//429
f 2373//429 2284//416 2374//430
f 2285//417 2286//301 2375//431
f 2375//431 2286//301 2376//301
f 2286//301 2287//301 2376//301
f 2376//301 2287//301 2377//301
f 2287//301 2288//195 2377//301
f 2377//301 2288//195 2378//212
f 2288//195 2289//15 2379//227
f 2288//195 2379//227 2378//212
f 2289//15 2290//15 2379//227
f 2379//227 2290//15 2380//15
f 2290//15 2291//15 2380//15
f 2380//15 2291//15 2381//15
f 2291//15 2292//15 2381//15
f 2381//15 2292//15 2382//15
f 2292//15 2293//15 2382//15
f 2382//15 2293//15 2383//15
f 2293//15 2294//15 2383//15
f 2383//15 2294//15 2384//15
f 2294//15 2295//227 2384//15
f 2384//15 2295//227 2385//15
f 2295//227 2296//385 2386//346
f 2295//227 2386//346 2385//15
f 2296//385 2297//396 2386//346
f 2386//346 2297//396 2387//15
f 2297//396 2298//163 2387//15
f 2387//15 2298//163 2388//163
f 2298//163 2299//163 2388//163
f 2388//163 2299//163 2389//163
f 2299//163 2300//163 2389//163
f 2389//163 2300//163 2390//163
f 2300//163 2301//163 2390//163
f 2390//163 2301//163 2391//163
f 2301//163 2302//15 2391//163
f 2391//163 2302//15 2392//15
f 2302//15 2303//15 2392//15
f 2392//15 2303//15 2393//15
f 2303//15 2304//15 2393//15
f 2393//15 2304//15 2394//15
f 2304//15 2305//195 2394//15
f 2394//15 2305//195 2395//15
f 2305//195 2306//301 2395//15
f 2395//15 2306//301 2396//15
f 2306//301 2307//324 2396//15
f 2396//15 2307//324 2397//182
f 2307//324 2308//182 2397//182
f 2397//182 2308//182 2398//384
f 2308//182 2309//346 2398//384
f 2398//384 2309//346 2399//403
f 2309//346 2310//15 2400//212
f 2309//346 2400//212 2399//403
f 2310//15 2311//227 2400//212
f 2400//212 2311//227 2401//399
f 2311//227 2312//403 2402//398
f 2311//227 2402//398 2401//399
f 2312//403 2313//385 2402//398
f 2402//398 2313//385 2403//15
f 2313//385 2314//226 2404//183
f 2313//385 2404//183 2403//15
f 2314//226 2315//15 2405//182
f 2314//226 2405//182 2404//183
f 2315//15 2316//182 2405//182
f 2405//182 2316//182 2406//15
f 2316//182 2317//183 2407//226
f 2316//182 2407//226 2406//15
f 2317//183 2318//15 2408//227
f 2317//183 2408//227 2407//226
f 2318//15 2319//15 2408//227
f 2408//227 2319//15 2409//15
f 2319//15 2320//15 2409//15
f 2409//15 2320//15 2410//15
f 2320//15 2321//15 2410//15
f 2410//15 2321//15 2411//15
f 2321//15 2322//15 2411//15
f 2411//15 2322//15 2412//15
f 2322//15 2323//15 2412//15
f 2412//15 2323//15 2413//15
f 2323//15 2324//15 2413//15
f 2413//15 2324//15 2414//15
f 2324//15 2325//182 2414//15
f 2414//15 2325//182 2415//15
f 2325//182 2326//353 2416//346
f 2325//182 2416//346 2415//15
f 2326//353 2327//375 2416//346
f 2416//346 2327//375 2417//15
f 2327//375 2328//183 2417//15
f 2417//15 2328//183 2418//182
f 2328//183 2329//418 2418//182
f 2418//182 2329//418 2419//324
f 2329//418 2330//393 2419//324
f 2419//324 2330//393 2420//195
f 2330//393 2331//15 2420//195
f 2420//195 2331//15 2421//15
f 2331//15 2332//183 2421//15
f 2421//15 2332//183 2422//163
f 2332//183 2333//182 2422//163
f 2422//163 2333//182 2423//163
f 2333//182 2334//15 2423//163
f 2423//163 2334//15 2424//15
f 2334//15 2335//15 2424//15
f 2424//15 2335//15 2425//15
f 2335//15 2336//15 2425//15
f 2425//15 2336//15 2426//15
f 2336//15 2337//15 2426//15
f 2426//15 2337//15 2427//15
f 2337//15 2338//15 2427//15
f 2427//15 2338//15 2428//393
f 2338//15 2339//15 2428//393
f 2428//393 2339//15 2429//195
f 2339//15 2340//15 2429//195
f 2429//195 2340//15 2430//15
f 2340//15 2341//381 2430//15
f 2430//15 2341//381 2431//15
f 2341//381 2342//15 2432//99
f 2341//381 2432//99 2431//15
f 2342//15 2343//419 2432//99
f 2432//99 2343//419 2433//396
f 2343//419 2344//396 2433//396
f 2433//396 2344//396 2434//413
f 2344//396 2345//402 2434//413
f 2434//413 2345//402 2435//301
f 2345//402 2346//301 2435//301
f 2435//301 2346//301 2436//402
f 2346//301 2347//420 2436//402
f 2436//402 2347//420 2437//384
f 2347//420 2348//407 2438//418
f 2347//420 2438//418 2437//384
f 2348//407 2349//421 2438//418
f 2438//418 2349//421 2439//432
f 2349//421 2350//422 2439//432
f 2439//432 2350//422 2440//433
f 2350//422 2351//423 2441//434
f 2350//422 2441//434 2440//433
f 2351//423 2352//424 2441//434
f 2441//434 2352//424 2442//435
f 2352//424 2353//324 2442//435
f 2442//435 2353//324 2443//182
f 2353//324 2354//182 2443//182
f 2443//182 2354//182 2444//183
f 2354//182 2355//15 2444//183
f 2444//183 2355//15 2445//15
f 2355//15 2356//15 2445//15
f 2445//15 2356//15 2446//393
f 2356//15 2357//15 2446//393
f 2446//393 2357//15 2447//301
f 2357//15 2358//15 2447//301
f 2447//301 2358//15 2448//301
f 2358//15 2359//15 2448//301
f 2448//301 2359//15 2449//402
f 2359//15 2360//396 2449//402
f 2449//402 2360//396 2450//396
f 2360//396 2361//396 2450//396
f 2450//396 2361//396 2451//15
f 2361//396 2362//15 2451//15
f 2451//15 2362//15 2452//15
f 2362//15 2363//15 2452//15
f 2452//15 2363//15 2453//15
f 2363//15 2364//15 2453//15
f 2453//15 2364//15 2454//15
f 2364//15 2365//15 2454//15
f 2454//15 2365//15 2455//15
f 2365//15 2366//15 2455//15
f 2455//15 2366//15 2456//396
f 2366//15 2367//396 2456//396
f 2456//396 2367//396 2457//396
f 2367//396 2368//396 2457//396
f 2457//396 2368//396 2458//396
f 2368//396 2369//425 2458//396
f 2458//396 2369//425 2459//436
f 2369//425 2370//426 2459//436
f 2459//436 2370//426 2460//437
f 2370//426 2371//427 2460//437
f 2460//437 2371//427 2461//438
f 2371//427 2372//428 2462//439
f 2371//427 2462//439 2461//438
f 2372//428 2373//429 2463//440
f 2372//428 2463//440 2462//439
f 2373//429 2374//430 2463//440
f 2463//440 2374//430 2464//441
f 2375//431 2376//301 2465//442
f 2465//442 2376//301 2466//15
f 2376//301 2377//301 2466//15
f 2466//15 2377//301 2467//15
f 2377//301 2378//212 2467//15
f 2467//15 2378//212 2468//15
f 2378//212 2379//227 2469//183
f 2378//212 2469//183 2468//15
f 2379//227 2380//15 2470//182
f 2379//227 2470//182 2469//183
f 2380//15 2381//15 2470//182
f 2470//182 2381//15 2471//15
f 2381//15 2382//15 2471//15
f 2471//15 2382//15 2472//15
f 2382//15 2383//15 2472//15
f 2472//15 2383//15 2473//15
f 2383//15 2384//15 2473//15
f 2473//15 2384//15 2474//15
f 2384//15 2385//15 2474//15
f 2474//15 2385//15 2475//15
f 2385//15 2386//346 2475//15
f 2475//15 2386//346 2476//346
f 2386//346 2387//15 2476//346
f 2476//346 2387//15 2477//15
f 2387//15 2388//163 2477//15
f 2477//15 2388//163 2478//163
f 2388//163 2389//163 2478//163
f 2478//163 2389//163 2479//163
f 2389//163 2390//163 2479//163
f 2479//163 2390//163 2480//163
f 2390//163 2391//163 2480//163
f 2480//163 2391//163 2481//163
f 2391//163 2392//15 2481//163
f 2481//163 2392//15 2482//15
f 2392//15 2393//15 2482//15
f 2482//15 2393//15 2483//346
f 2393//15 2394//15 2483//346
f 2483//346 2394//15 2484//15
f 2394//15 2395//15 2484//15
f 2484//15 2395//15 2485//15
f 2395//15 2396//15 2485//15
f 2485//15 2396//15 2486//15
f 2396//15 2397//182 2486//15
f 2486//15 2397//182 2487//15
f 2397//182 2398//384 2488//346
f 2397//182 2488//346 2487//15
f 2398//384 2399//403 2488//346
f 2488//346 2399//403 2489//15
f 2399//403 2400//212 2490//195
f 2399//403 2490//195 2489//15
f 2400//212 2401//399 2490//195
f 2490//195 2401//399 2491//324
f 2401//399 2402//398 2492//182
f 2401//399 2492//182 2491//324
f 2402//398 2403//15 2492//182
f 2492//182 2403//15 2493//15
f 2403//15 2404//183 2493//15
f 2493//15 2404//183 2494//182
f 2404//183 2405//182 2494//182
f 2494//182 2405//182 2495//183
f 2405//182 2406//15 2495//183
f 2495//183 2406//15 2496//15
f 2406//15 2407//226 2496//15
f 2496//15 2407//226 2497//15
f 2407//226 2408//227 2498//227
f 2407//226 2498//227 2497//15
f 2408//227 2409//15 2499//212
f 2408//227 2499//212 2498//227
f 2409//15 2410//15 2499//212
f 2499//212 2410//15 2500//195
f 2410//15 2411//15 2500//195
f 2500//195 2411//15 2501//15
f 2411//15 2412//15 2501//15
f 2501//15 2412//15 2502//15
f 2412//15 2413//15 2502//15
f 2502//15 2413//15 2503//15
f 2413//15 2414//15 2503//15
f 2503//15 2414//15 2504//15
f 2414//15 2415//15 2504//15
f 2504//15 2415//15 2505//393
f 2415//15 2416//346 2505//393
f 2505//393 2416//346 2506//301
f 2416//346 2417//15 2506//301
f 2506//301 2417//15 2507//301
f 2417//15 2418//182 2507//301
f 2507//301 2418//182 2508//384
f 2418//182 2419//324 2509//406
f 2418//182 2509//406 2508//384
f 2419//324 2420//195 2509//406
f 2509//406 2420//195 2510//407
f 2420//195 2421//15 2511//226
f 2420//195 2511//226 2510//407
f 2421//15 2422//163 2511//226
f 2511//226 2422//163 2512//443
f 2422//163 2423//163 2512//443
f 2512//443 2423//163 2513//324
f 2423//163 2424//15 2513//324
f 2513//324 2424//15 2514//444
f 2424//15 2425//15 2514//444
f 2514//444 2425//15 2515//445
f 2425//15 2426//15 2515//445
f 2515//445 2426//15 2516//195
f 2426//15 2427//15 2516//195
f 2516//195 2427//15 2517//375
f 2427//15 2428//393 2517//375
f 2517//375 2428//393 2518//396
f 2428//393 2429//195 2518//396
f 2518//396 2429//195 2519//370
f 2429//195 2430//15 2520//182
f 2429//195 2520//182 2519//370
f 2430//15 2431//15 2520//182
f 2520//182 2431//15 2521//15
f 2431//15 2432//99 2521//15
f 2521//15 2432//99 2522//396
f 2432//99 2433//396 2522//396
f 2522//396 2433//396 2523//446
f 2433//396 2434//413 2523//446
f 2523//446 2434//413 2524//447
f 2434//413 2435//301 2524//447
f 2524//447 2435//301 2525//384
f 2435//301 2436//402 2525//384
f 2525//384 2436//402 2526//393
f 2436//402 2437//384 2526//393
f 2526//393 2437//384 2527//163
f 2437//384 2438//418 2527//163
f 2527//163 2438//418 2528//163
f 2438//418 2439//432 2528//163
f 2528//163 2439//432 2529//15
f 2439//432 2440//433 2530//448
f 2439//432 2530//448 2529//15
f 2440//433 2441//434 2530//448
f 2530//448 2441//434 2531//449
f 2441//434 2442//435 2531//449
f 2531//449 2442//435 2532//450
f 2442//435 2443//182 2532//450
f 2532//450 2443//182 2533//15
f 2443//182 2444//183 2534//183
f 2443//182 2534//183 2533//15
f 2444//183 2445//15 2535//352
f 2444//183 2535//352 2534//183
f 2445//15 2446//393 2535//352
f 2535//352 2446//393 2536//396
f 2446//393 2447//301 2536//396
f 2536//396 2447//301 2537//301
f 2447//301 2448//301 2537//301
f 2537//301 2448//301 2538//301
f 2448//301 2449//402 2538//301
f 2538//301 2449//402 2539//393
f 2449//402 2450//396 2539//393
f 2539//393 2450//396 2540//15
f 2450//396 2451//15 2540//15
f 2540//15 2451//15 2541//15
f 2451//15 2452//15 2541//15
f 2541//15 2452//15 2542//346
f 2452//15 2453//15 2542//346
f 2542//346 2453//15 2543//15
f 2453//15 2454//15 2543//15
f 2543//15 2454//15 2544//393
f 2454//15 2455//15 2544//393
f 2544//393 2455//15 2545//451
f 2455//15 2456//396 2545//451
f 2545//451 2456//396 2546//396
f 2456//396 2457//396 2546//396
f 2546//396 2457//396 2547//452
f 2457//396 2458//396 2547//452
f 2547//452 2458//396 2548//453
f 2458//396 2459//436 2548//453
f 2548//453 2459//436 2549//454
f 2459//436 2460//437 2549//454
f 2549//454 2460//437 2550//455
f 2460//437 2461//438 2551//456
f 2460//437 2551//456 2550//455
f 2461//438 2462//439 2551//456
f 2551//456 2462//439 2552//457
f 2462//439 2463//440 2552//457
f 2552//457 2463//440 2553//458
f 2463//440 2464//441 2554//368
f 2463//440 2554//368 2553//458
f 2465//442 2466//15 2555//442
f 2555//442 2466//15 2556//15
f 2466//15 2467//15 2556//15
f 2556//15 2467//15 2557//15
f 2467//15 2468//15 2557//15
f 2557//15 2468//15 2558//15
f 2468//15 2469//183 2558//15
f 2558//15 2469//183 2559//182
f 2469//183 2470//182 2559//182
f 2559//182 2470//182 2560//370
f 2470//182 2471//15 2560//370
f 2560//370 2471//15 2561//301
f 2471//15 2472//15 2561//301
f 2561//301 2472//15 2562//195
f 2472//15 2473//15 2562//195
f 2562//195 2473//15 2563//15
f 2473//15 2474//15 2563//15
f 2563//15 2474//15 2564//15
f 2474//15 2475//15 2564//15
f 2564//15 2475//15 2565//391
f 2475//15 2476//346 2565//391
f 2565//391 2476//346 2566//353
f 2476//346 2477//15 2567//182
f 2476//346 2567//182 2566//353
f 2477//15 2478//163 2567//182
f 2567//182 2478//163 2568//163
f 2478//163 2479//163 2568//163
f 2568//163 2479//163 2569//163
f 2479//163 2480//163 2569//163
f 2569//163 2480//163 2570//182
f 2480//163 2481//163 2570//182
f 2570//182 2481//163 2571//370
f 2481//163 2482//15 2571//370
f 2571//370 2482//15 2572//402
f 2482//15 2483//346 2572//402
f 2572//402 2483//346 2573//385
f 2483//346 2484//15 2574//227
f 2483//346 2574//227 2573//385
f 2484//15 2485//15 2574//227
f 2574//227 2485//15 2575//15
f 2485//15 2486//15 2575//15
f 2575//15 2486//15 2576//15
f 2486//15 2487//15 2576//15
f 2576//15 2487//15 2577//15
f 2487//15 2488//346 2577//15
f 2577//15 2488//346 2578//15
f 2488//346 2489//15 2578//15
f 2578//15 2489//15 2579//15
f 2489//15 2490//195 2579//15
f 2579//15 2490//195 2580//15
f 2490//195 2491//324 2580//15
f 2580//15 2491//324 2581//182
f 2491//324 2492//182 2581//182
f 2581//182 2492//182 2582//183
f 2492//182 2493//15 2582//183
f 2582//183 2493//15 2583//15
f 2493//15 2494//182 2583//15
f 2583//15 2494//182 2584//15
f 2494//182 2495//183 2585//183
f 2494//182 2585//183 2584//15
f 2495//183 2496//15 2586//182
f 2495//183 2586//182 2585//183
f 2496//15 2497//15 2586//182
f 2586//182 2497//15 2587//393
f 2497//15 2498//227 2587//393
f 2587//393 2498//227 2588//459
f 2498//227 2499//212 2589//399
f 2498//227 2589//399 2588//459
f 2499//212 2500//195 2589//399
f 2589//399 2500//195 2590//324
f 2500//195 2501//15 2591//182
f 2500//195 2591//182 2590//324
f 2501//15 2502//15 2591//182
f 2591//182 2502//15 2592//393
f 2502//15 2503//15 2592//393
f 2592//393 2503//15 2593//301
f 2503//15 2504//15 2593//301
f 2593//301 2504//15 2594//402
f 2504//15 2505//393 2594//402
f 2594//402 2505//393 2595//402
f 2505//393 2506//301 2595//402
f 2595//402 2506//301 2596//301
f 2506//301 2507//301 2596//301
f 2596//301 2507//301 2597//301
f 2507//301 2508//384 2597//301
f 2597//301 2508//384 2598//301
f 2508//384 2509//406 2598//301
f 2598//301 2509//406 2599//212
f 2509//406 2510//407 2600//460
f 2509//406 2600//460 2599//212
f 2510//407 2511//226 2601//460
f 2510//407 2601//460 2600//460
f 2511//226 2512//443 2602//407
f 2511//226 2602//407 2601//460
f 2512//443 2513//324 2603//461
f 2512//443 2603//461 2602//407
f 2513//324 2514//444 2603//461
f 2603//461 2514//444 2604//462
f 2514//444 2515//445 2605//463
f 2514//444 2605//463 2604//462
f 2515//445 2516//195 2605//463
f 2605//463 2516//195 2606//212
f 2516//195 2517//375 2607//400
f 2516//195 2607//400 2606//212
f 2517//375 2518//396 2607//400
f 2607//400 2518//396 2608//464
f 2518//396 2519//370 2608//464
f 2608//464 2519//370 2609//215
f 2519//370 2520//182 2609//215
f 2609//215 2520//182 2610//163
f 2520//182 2521//15 2610//163
f 2610//163 2521//15 2611//396
f 2521//15 2522//396 2611//396
f 2611//396 2522//396 2612//465
f 2522//396 2523//446 2612//465
f 2612//465 2523//446 2613//466
f 2523//446 2524//447 2613//466
f 2613//466 2524//447 2614//462
f 2524//447 2525//384 2615//227
f 2524//447 2615//227 2614//462
f 2525//384 2526//393 2615//227
f 2615//227 2526//393 2616//15
f 2526//393 2527//163 2616//15
f 2616//15 2527//163 2617//163
f 2527//163 2528//163 2617//163
f 2617//163 2528//163 2618//163
f 2528//163 2529//15 2618//163
f 2618//163 2529//15 2619//393
f 2529//15 2530//448 2619//393
f 2619//393 2530//448 2620//467
f 2530//448 2531//449 2621//468
f 2530//448 2621//468 2620//467
f 2531//449 2532//450 2621//468
f 2621//468 2532//450 2622//15
f 2532//450 2533//15 2622//15
f 2622//15 2533//15 2623//15
f 2533//15 2534//183 2623//15
f 2623//15 2534//183 2624//182
f 2534//183 2535//352 2624//182
f 2624//182 2535//352 2625//353
f 2535//352 2536//396 2625//353
f 2625//353 2536//396 2626//391
f 2536//396 2537//301 2626//391
f 2626//391 2537//301 2627//346
f 2537//301 2538//301 2627//346
f 2627//346 2538//301 2628//15
f 2538//301 2539//393 2628//15
f 2628//15 2539//393 2629//15
f 2539//393 2540//15 2629//15
f 2629//15 2540//15 2630//393
f 2540//15 2541//15 2630//393
f 2630//393 2541//15 2631//402
f 2541//15 2542//346 2631//402
f 2631//402 2542//346 2632//462
f 2542//346 2543//15 2633//385
f 2542//346 2633//385 2632//462
f 2543//15 2544//393 2633//385
f 2633//385 2544//393 2634//402
f 2544//393 2545//451 2634//402
f 2634//402 2545//451 2635//393
f 2545//451 2546//396 2635//393
f 2635//393 2546//396 2636//469
f 2546//396 2547//452 2636//469
f 2636//469 2547//452 2637//470
f 2547//452 2548//453 2638//471
f 2547//452 2638//471 2637//470
f 2548//453 2549//454 2638//471
f 2638//471 2549//454 2639//413
f 2549//454 2550//455 2639//413
f 2639//413 2550//455 2640//375
f 2550//455 2551//456 2641//428
f 2550//455 2641//428 2640//375
f 2551//456 2552//457 2642//472
f 2551//456 2642//472 2641//428
f 2552//457 2553//458 2642//472
f 2642//472 2553//458 2643//473
f 2553//458 2554//368 2643//473
f 2555//442 2556//15 2644//442
f 2644//442 2556//15 2645//15
f 2556//15 2557//15 2645//15
f 2645//15 2557//15 2646//15
f 2557//15 2558//15 2646//15
f 2646//15 2558//15 2647//15
f 2558//15 2559//182 2647//15
f 2647//15 2559//182 2648//15
f 2559//182 2560//370 2649//195
f 2559//182 2649//195 2648//15
f 2560//370 2561//301 2649//195
f 2649//195 2561//301 2650//301
f 2561//301 2562//195 2650//301
f 2650//301 2562//195 2651//212
f 2562//195 2563//15 2652//226
f 2562//195 2652//226 2651//212
f 2563//15 2564//15 2652//226
f 2652//226 2564//15 2653//15
f 2564//15 2565//391 2653//15
f 2653//15 2565//391 2654//221
f 2565//391 2566//353 2654//221
f 2654//221 2566//353 2655//387
f 2566//353 2567//182 2655//387
f 2655//387 2567//182 2656//183
f 2567//182 2568//163 2656//183
f 2656//183 2568//163 2657//474
f 2568//163 2569//163 2657//474
f 2657//474 2569//163 2658//183
f 2569//163 2570//182 2658//183
f 2658//183 2570//182 2659//15
f 2570//182 2571//370 2660//475
f 2570//182 2660//475 2659//15
f 2571//370 2572//402 2660//475
f 2660//475 2572//402 2661//353
f 2572//402 2573//385 2661//353
f 2661//353 2573//385 2662//15
f 2573//385 2574//227 2663//183
f 2573//385 2663//183 2662//15
f 2574//227 2575//15 2664//182
f 2574//227 2664//182 2663//183
f 2575//15 2576//15 2664//182
f 2664//182 2576//15 2665//346
f 2576//15 2577//15 2665//346
f 2665//346 2577//15 2666//15
f 2577//15 2578//15 2666//15
f 2666//15 2578//15 2667//15
f 2578//15 2579//15 2667//15
f 2667//15 2579//15 2668//15
f 2579//15 2580//15 2668//15
f 2668//15 2580//15 2669//15
f 2580//15 2581//182 2669//15
f 2669//15 2581//182 2670//15
f 2581//182 2582//183 2671//227
f 2581//182 2671//227 2670//15
f 2582//183 2583//15 2672//227
f 2582//183 2672//227 2671//227
f 2583//15 2584//15 2672//227
f 2672//227 2584//15 2673//15
f 2584//15 2585//183 2673//15
f 2673//15 2585//183 2674//163
f 2585//183 2586//182 2674//163
f 2674//163 2586//182 2675//476
f 2586//182 2587//393 2675//476
f 2675//476 2587//393 2676//396
f 2587//393 2588//459 2676//396
f 2676//396 2588//459 2677//212
f 2588//459 2589//399 2678//227
f 2588//459 2678//227 2677//212
f 2589//399 2590//324 2678//227
f 2678//227 2590//324 2679//474
f 2590//324 2591//182 2679//474
f 2679//474 2591//182 2680//384
f 2591//182 2592//393 2680//384
f 2680//384 2592//393 2681//402
f 2592//393 2593//301 2681//402
f 2681//402 2593//301 2682//301
f 2593//301 2594//402 2682//301
f 2682//301 2594//402 2683//393
f 2594//402 2595//402 2683//393
f 2683//393 2595//402 2684//15
f 2595//402 2596//301 2684//15
f 2684//15 2596//301 2685//15
f 2596//301 2597//301 2685//15
f 2685//15 2597//301 2686//15
f 2597//301 2598//301 2686//15
f 2686//15 2598//301 2687//15
f 2598//301 2599//212 2687//15
f 2687//15 2599//212 2688//15
f 2599//212 2600//460 2689//227
f 2599//212 2689//227 2688//15
f 2600//460 2601//460 2690//407
f 2600//460 2690//407 2689//227
f 2601//460 2602//407 2691//477
f 2601//460 2691//477 2690//407
f 2602//407 2603//461 2691//477
f 2691//477 2603//461 2692//478
f 2603//461 2604//462 2692//478
f 2692//478 2604//462 2693//443
f 2604//462 2605//463 2693//443
f 2693//443 2605//463 2694//324
f 2605//463 2606//212 2694//324
f 2694//324 2606//212 2695//384
f 2606//212 2607//400 2696//447
f 2606//212 2696//447 2695//384
f 2607//400 2608//464 2696//447
f 2696//447 2608//464 2697//385
f 2608//464 2609//215 2698//479
f 2608//464 2698//479 2697//385
f 2609//215 2610//163 2698//479
f 2698//479 2610//163 2699//480
f 2610//163 2611//396 2699//480
f 2699//480 2611//396 2700//481
f 2611//396 2612//465 2700//481
f 2700//481 2612//465 2701//482
f 2612//465 2613//466 2701//482
f 2701//482 2613//466 2702//483
f 2613//466 2614//462 2702//483
f 2702//483 2614//462 2703//484
f 2614//462 2615//227 2704//485
f 2614//462 2704//485 2703//484
f 2615//227 2616//15 2705//182
f 2615//227 2705//182 2704//485
f 2616//15 2617//163 2705//182
f 2705//182 2617//163 2706//216
f 2617//163 2618//163 2706//216
f 2706//216 2618//163 2707//393
f 2618//163 2619//393 2707//393
f 2707//393 2619//393 2708//486
f 2619//393 2620//467 2708//486
f 2708//486 2620//467 2709//487
f 2620//467 2621//468 2710//488
f 2620//467 2710//488 2709//487
f 2621//468 2622//15 2710//488
f 2710//488 2622//15 2711//489
f 2622//15 2623//15 2711//489
f 2711//489 2623//15 2712//195
f 2623//15 2624//182 2712//195
f 2712//195 2624//182 2713//15
f 2624//182 2625//353 2714//346
f 2624//182 2714//346 2713//15
f 2625//353 2626//391 2714//346
f 2714//346 2626//391 2715//396
f 2626//391 2627//346 2715//396
f 2715//396 2627//346 2716//385
f 2627//346 2628//15 2717//212
f 2627//346 2717//212 2716//385
f 2628//15 2629//15 2717//212
f 2717//212 2629//15 2718//451
f 2629//15 2630//393 2718//451
f 2718//451 2630//393 2719//402
f 2630//393 2631//402 2719//402
f 2719//402 2631//402 2720//396
f 2631//402 2632//462 2720//396
f 2720//396 2632//462 2721//400
f 2632//462 2633//385 2722//420
f 2632//462 2722//420 2721//400
f 2633//385 2634//402 2722//420
f 2722//420 2634//402 2723//301
f 2634//402 2635//393 2723//301
f 2723//301 2635//393 2724//301
f 2635//393 2636//469 2724//301
f 2724//301 2636//469 2725//490
f 2636//469 2637//470 2726//491
f 2636//469 2726//491 2725//490
f 2637//470 2638//471 2726//491
f 2726//491 2638//471 2727//492
f 2638//471 2639//413 2727//492
f 2727//492 2639//413 2728//421
f 2639//413 2640//375 2728//421
f 2728//421 2640//375 2729//195
f 2640//375 2641//428 2729//195
f 2729//195 2641//428 2730//163
f 2641//428 2642//472 2731//493
f 2641//428 2731//493 2730//163
f 2642//472 2643//473 2732//494
f 2642//472 2732//494 2731//493
f 2644//442 2645//15 2733//442
f 2733//442 2645//15 2734//15
f 2645//15 2646//15 2734//15
f 2734//15 2646//15 2735//15
f 2646//15 2647//15 2735//15
f 2735//15 2647//15 2736//15
f 2647//15 2648//15 2736//15
f 2736//15 2648//15 2737//15
f 2648//15 2649//195 2737//15
f 2737//15 2649//195 2738//15
f 2649//195 2650//301 2738//15
f 2738//15 2650//301 2739//15
f 2650//301 2651//212 2739//15
f 2739//15 2651//212 2740//15
f 2651//212 2652//226 2741//183
f 2651//212 2741//183 2740//15
f 2652//226 2653//15 2742//182
f 2652//226 2742//182 2741//183
f 2653//15 2654//221 2742//182
f 2742//182 2654//221 2743//392
f 2654//221 2655//387 2743//392
f 2743//392 2655//387 2744//375
f 2655//387 2656//183 2745//495
f 2655//387 2745//495 2744//375
f 2656//183 2657//474 2746//496
f 2656//183 2746//496 2745//495
f 2657//474 2658//183 2747//183
f 2657//474 2747//183 2746//496
f 2658//183 2659//15 2748//352
f 2658//183 2748//352 2747//183
f 2659//15 2660//475 2748//352
f 2748//352 2660//475 2749//353
f 2660//475 2661//353 2750//182
f 2660//475 2750//182 2749//353
f 2661//353 2662//15 2750//182
f 2750//182 2662//15 2751//15
f 2662//15 2663//183 2751//15
f 2751//15 2663//183 2752//182
f 2663//183 2664//182 2752//182
f 2752//182 2664//182 2753//384
f 2664//182 2665//346 2753//384
f 2753//384 2665//346 2754//385
f 2665//346 2666//15 2755//227
f 2665//346 2755//227 2754//385
f 2666//15 2667//15 2755//227
f 2755//227 2667//15 2756//15
f 2667//15 2668//15 2756//15
f 2756//15 2668//15 2757//15
f 2668//15 2669//15 2757//15
f 2757//15 2669//15 2758//15
f 2669//15 2670//15 2758//15
f 2758//15 2670//15 2759//15
f 2670//15 2671//227 2759//15
f 2759//15 2671//227 2760//15
f 2671//227 2672//227 2761//183
f 2671//227 2761//183 2760//15
f 2672//227 2673//15 2762//182
f 2672//227 2762//182 2761//183
f 2673//15 2674//163 2762//182
f 2762//182 2674//163 2763//182
f 2674//163 2675//476 2763//182
f 2763//182 2675//476 2764//353
f 2675//476 2676//396 2764//353
f 2764//353 2676//396 2765//391
f 2676//396 2677//212 2765//391
f 2765//391 2677//212 2766//15
f 2677//212 2678//227 2767//226
f 2677//212 2767//226 2766//15
f 2678//227 2679//474 2768//407
f 2678//227 2768//407 2767//226
f 2679//474 2680//384 2769//478
f 2679//474 2769//478 2768//407
f 2680//384 2681//402 2769//478
f 2769//478 2681//402 2770//195
f 2681//402 2682//301 2770//195
f 2770//195 2682//301 2771//15
f 2682//301 2683//393 2771//15
f 2771//15 2683//393 2772//15
f 2683//393 2684//15 2772//15
f 2772//15 2684//15 2773//15
f 2684//15 2685//15 2773//15
f 2773//15 2685//15 2774//15
f 2685//15 2686//15 2774//15
f 2774//15 2686//15 2775//15
f 2686//15 2687//15 2775//15
f 2775//15 2687//15 2776//346
f 2687//15 2688//15 2776//346
f 2776//346 2688//15 2777//15
f 2688//15 2689//227 2777//15
f 2777//15 2689//227 2778//398
f 2689//227 2690//407 2779//399
f 2689//227 2779//399 2778//398
f 2690//407 2691//477 2779//399
f 2779//399 2691//477 2780//301
f 2691//477 2692//478 2780//301
f 2780//301 2692//478 2781//212
f 2692//478 2693//443 2782//460
f 2692//478 2782//460 2781//212
f 2693//443 2694//324 2783//399
f 2693//443 2783//399 2782//460
f 2694//324 2695//384 2783//399
f 2783//399 2695//384 2784//478
f 2695//384 2696//447 2784//478
f 2784//478 2696//447 2785//353
f 2696//447 2697//385 2785//353
f 2785//353 2697//385 2786//398
f 2697//385 2698//479 2787//497
f 2697//385 2787//497 2786//398
f 2698//479 2699//480 2788//498
f 2698//479 2788//498 2787//497
f 2699//480 2700//481 2788//498
f 2788//498 2700//481 2789//499
f 2700//481 2701//482 2789//499
f 2789//499 2701//482 2790//500
f 2701//482 2702//483 2790//500
f 2790//500 2702//483 2791//483
f 2702//483 2703//484 2791//483
f 2791//483 2703//484 2792//501
f 2703//484 2704//485 2793//502
f 2703//484 2793//502 2792//501
f 2704//485 2705//182 2793//502
f 2793//502 2705//182 2794//495
f 2705//182 2706//216 2794//495
f 2794//495 2706//216 2795//503
f 2706//216 2707//393 2795//503
f 2795//503 2707//393 2796//504
f 2707//393 2708//486 2796//504
f 2796//504 2708//486 2797//505
f 2708//486 2709//487 2797//505
f 2797//505 2709//487 2798//506
f 2709//487 2710//488 2799//507
f 2709//487 2799//507 2798//506
f 2710//488 2711//489 2800//508
f 2710//488 2800//508 2799//507
f 2711//489 2712//195 2800//508
f 2800//508 2712//195 2801//407
f 2712//195 2713//15 2802//212
f 2712//195 2802//212 2801//407
f 2713//15 2714//346 2802//212
f 2802//212 2714//346 2803//509
f 2714//346 2715//396 2803//509
f 2803//509 2715//396 2804//510
f 2715//396 2716//385 2804//510
f 2804//510 2716//385 2805//511
f 2716//385 2717//212 2806//512
f 2716//385 2806//512 2805//511
f 2717//212 2718//451 2806//512
f 2806//512 2718//451 2807//513
f 2718//451 2719//402 2807//513
f 2807//513 2719//402 2808//514
f 2719//402 2720//396 2808//514
f 2808//514 2720//396 2809//515
f 2720//396 2721//400 2809//515
f 2809//515 2721//400 2810//516
f 2721//400 2722//420 2811//517
f 2721//400 2811//517 2810//516
f 2722//420 2723//301 2811//517
f 2811//517 2723//301 2812//518
f 2723//301 2724//301 2812//518
f 2812//518 2724//301 2813//518
f 2724//301 2725//490 2813//518
f 2813//518 2725//490 2814//519
f 2725//490 2726//491 2814//519
f 2814//519 2726//491 2815//520
f 2726//491 2727//492 2815//520
f 2815//520 2727//492 2816//521
f 2727//492 2728//421 2816//521
f 2816//521 2728//421 2817//301
f 2728//421 2729//195 2817//301
f 2817//301 2729//195 2818//324
f 2729//195 2730//163 2819//522
f 2729//195 2819//522 2818//324
f 2730//163 2731//493 2819//522
f 2819//522 2731//493 2820//523
f 2731//493 2732//494 2820//523
f 2820//523 2732//494 2821//524
f 2733//442 2734//15 2822//525
f 2822//525 2734//15 2823//15
f 2734//15 2735//15 2823//15
f 2823//15 2735//15 2824//15
f 2735//15 2736//15 2824//15
f 2824//15 2736//15 2825//15
f 2736//15 2737//15 2825//15
f 2825//15 2737//15 2826//15
f 2737//15 2738//15 2826//15
f 2826//15 2738//15 2827//15
f 2738//15 2739//15 2827//15
f 2827//15 2739//15 2828//15
f 2739//15 2740//15 2828//15
f 2828//15 2740//15 2829//15
f 2740//15 2741//183 2829//15
f 2829//15 2741//183 2830//182
f 2741//183 2742//182 2830//182
f 2830//182 2742//182 2831//384
f 2742//182 2743//392 2831//384
f 2831//384 2743//392 2832//396
f 2743//392 2744//375 2832//396
f 2832//396 2744//375 2833//526
f 2744//375 2745//495 2833//526
f 2833//526 2745//495 2834//527
f 2745//495 2746//496 2834//527
f 2834//527 2746//496 2835//15
f 2746//496 2747//183 2835//15
f 2835//15 2747//183 2836//163
f 2747//183 2748//352 2836//163
f 2836//163 2748//352 2837//528
f 2748//352 2749//353 2837//528
f 2837//528 2749//353 2838//141
f 2749//353 2750//182 2838//141
f 2838//141 2750//182 2839//144
f 2750//182 2751//15 2839//144
f 2839//144 2751//15 2840//15
f 2751//15 2752//182 2840//15
f 2840//15 2752//182 2841//15
f 2752//182 2753//384 2842//346
f 2752//182 2842//346 2841//15
f 2753//384 2754//385 2842//346
f 2842//346 2754//385 2843//15
f 2754//385 2755//227 2844//183
f 2754//385 2844//183 2843//15
f 2755//227 2756//15 2845//182
f 2755//227 2845//182 2844//183
f 2756//15 2757//15 2845//182
f 2845//182 2757//15 2846//15
f 2757//15 2758//15 2846//15
f 2846//15 2758//15 2847//15
f 2758//15 2759//15 2847//15
f 2847//15 2759//15 2848//15
f 2759//15 2760//15 2848//15
f 2848//15 2760//15 2849//15
f 2760//15 2761//183 2849//15
f 2849//15 2761//183 2850//163
f 2761//183 2762//182 2850//163
f 2850//163 2762//182 2851//163
f 2762//182 2763//182 2851//163
f 2851//163 2763//182 2852//15
f 2763//182 2764//353 2853//405
f 2763//182 2853//405 2852//15
f 2764//353 2765//391 2853//405
f 2853//405 2765//391 2854//195
f 2765//391 2766//15 2854//195
f 2854//195 2766//15 2855//15
f 2766//15 2767//226 2855//15
f 2855//15 2767//226 2856//15
f 2767//226 2768//407 2857//195
f 2767//226 2857//195 2856//15
f 2768//407 2769//478 2857//195
f 2857//195 2769//478 2858//301
f 2769//478 2770//195 2858//301
f 2858//301 2770//195 2859//212
f 2770//195 2771//15 2860//212
f 2770//195 2860//212 2859//212
f 2771//15 2772//15 2860//212
f 2860//212 2772//15 2861//301
f 2772//15 2773//15 2861//301
f 2861//301 2773//15 2862//301
f 2773//15 2774//15 2862//301
f 2862//301 2774//15 2863//195
f 2774//15 2775//15 2863//195
f 2863//195 2775//15 2864//375
f 2775//15 2776//346 2864//375
f 2864//375 2776//346 2865//400
f 2776//346 2777//15 2866//403
f 2776//346 2866//403 2865//400
f 2777//15 2778//398 2866//403
f 2866//403 2778//398 2867//385
f 2778//398 2779//399 2868//212
f 2778//398 2868//212 2867//385
f 2779//399 2780//301 2868//212
f 2868//212 2780//301 2869//301
f 2780//301 2781//212 2869//301
f 2869//301 2781//212 2870//459
f 2781//212 2782//460 2871//460
f 2781//212 2871//460 2870//459
f 2782//460 2783//399 2872//385
f 2782//460 2872//385 2871//460
f 2783//399 2784//478 2872//385
f 2872//385 2784//478 2873//385
f 2784//478 2785//353 2874//403
f 2784//478 2874//403 2873//385
f 2785//353 2786//398 2874//403
f 2874//403 2786//398 2875//385
f 2786//398 2787//497 2876//529
f 2786//398 2876//529 2875//385
f 2787//497 2788//498 2876//529
f 2876//529 2788//498 2877//530
f 2788//498 2789//499 2877//530
f 2877//530 2789//499 2878//531
f 2789//499 2790//500 2878//531
f 2878//531 2790//500 2879//504
f 2790//500 2791//483 2879//504
f 2879//504 2791//483 2880//393
f 2791//483 2792//501 2880//393
f 2880//393 2792//501 2881//532
f 2792//501 2793//502 2882//533
f 2792//501 2882//533 2881//532
f 2793//502 2794//495 2883//534
f 2793//502 2883//534 2882//533
f 2794//495 2795//503 2884//398
f 2794//495 2884//398 2883//534
f 2795//503 2796//504 2884//398
f 2884//398 2796//504 2885//392
f 2796//504 2797//505 2885//392
f 2885//392 2797//505 2886//535
f 2797//505 2798//506 2886//535
f 2886//535 2798//506 2887//536
f 2798//506 2799//507 2888//537
f 2798//506 2888//537 2887//536
f 2799//507 2800//508 2889//538
f 2799//507 2889//538 2888//537
f 2800//508 2801//407 2890//539
f 2800//508 2890//539 2889//538
f 2801//407 2802//212 2891//540
f 2801//407 2891//540 2890//539
f 2802//212 2803//509 2891//540
f 2891//540 2803//509 2892//541
f 2803//509 2804//510 2892//541
f 2892//541 2804//510 2893//542
f 2804//510 2805//511 2893//542
f 2893//542 2805//511 2894//543
f 2805//511 2806//512 2894//543
f 2894//543 2806//512 2895//544
f 2806//512 2807//513 2895//544
f 2895//544 2807//513 2896//545
f 2807//513 2808//514 2897//546
f 2807//513 2897//546 2896//545
f 2808//514 2809//515 2897//546
f 2897//546 2809//515 2898//547
f 2809//515 2810//516 2898//547
f 2898//547 2810//516 2899//548
f 2810//516 2811//517 2899//548
f 2899//548 2811//517 2900//549
f 2811//517 2812//518 2900//549
f 2900//549 2812//518 2901//550
f 2812//518 2813//518 2901//550
f 2901//550 2813//518 2902//551
f 2813//518 2814//519 2902//551
f 2902//551 2814//519 2903//552
f 2814//519 2815//520 2903//552
f 2903//552 2815//520 2904//553
f 2815//520 2816//521 2905//554
f 2815//520 2905//554 2904//553
f 2816//521 2817//301 2905//554
f 2905//554 2817//301 2906//15
f 2817//301 2818//324 2906//15
f 2906//15 2818//324 2907//216
f 2818//324 2819//522 2907//216
f 2907//216 2819//522 2908//555
f 2819//522 2820//523 2908//555
f 2908//555 2820//523 2909//556
f 2820//523 2821//524 2910//557
f 2820//523 2910//557 2909//556
f 2822//525 2823//15 2911//51
f 2911//51 2823//15 2912//15
f 2823//15 2824//15 2912//15
f 2912//15 2824//15 2913//15
f 2824//15 2825//15 2913//15
f 2913//15 2825//15 2914//15
f 2825//15 2826//15 2914//15
f 2914//15 2826//15 2915//15
f 2826//15 2827//15 2915//15
f 2915//15 2827//15 2916//15
f 2827//15 2828//15 2916//15
f 2916//15 2828//15 2917//15
f 2828//15 2829//15 2917//15
f 2917//15 2829//15 2918//15
f 2829//15 2830//182 2918//15
f 2918//15 2830//182 2919//15
f 2830//182 2831//384 2920//346
f 2830//182 2920//346 2919//15
f 2831//384 2832//396 2920//346
f 2920//346 2832//396 2921//15
f 2832//396 2833//526 2921//15
f 2921//15 2833//526 2922//15
f 2833//526 2834//527 2923//495
f 2833//526 2923//495 2922//15
f 2834//527 2835//15 2924//526
f 2834//527 2924//526 2923//495
f 2835//15 2836//163 2924//526
f 2924//526 2836//163 2925//182
f 2836//163 2837//528 2925//182
f 2925//182 2837//528 2926//558
f 2837//528 2838//141 2927//217
f 2837//528 2927//217 2926//558
f 2838//141 2839//144 2927//217
f 2927//217 2839//144 2928//15
f 2839//144 2840//15 2928//15
f 2928//15 2840//15 2929//15
f 2840//15 2841//15 2929//15
f 2929//15 2841//15 2930//15
f 2841//15 2842//346 2930//15
f 2930//15 2842//346 2931//15
f 2842//346 2843//15 2931//15
f 2931//15 2843//15 2932//15
f 2843//15 2844//183 2932//15
f 2932//15 2844//183 2933//182
f 2844//183 2845//182 2933//182
f 2933//182 2845//182 2934//183
f 2845//182 2846//15 2934//183
f 2934//183 2846//15 2935//15
f 2846//15 2847//15 2935//15
f 2935//15 2847//15 2936//346
f 2847//15 2848//15 2936//346
f 2936//346 2848//15 2937//15
f 2848//15 2849//15 2937//15
f 2937//15 2849//15 2938//15
f 2849//15 2850//163 2938//15
f 2938//15 2850//163 2939//182
f 2850//163 2851//163 2939//182
f 2939//182 2851//163 2940//324
f 2851//163 2852//15 2940//324
f 2940//324 2852//15 2941//402
f 2852//15 2853//405 2941//402
f 2941//402 2853//405 2942//402
f 2853//405 2854//195 2942//402
f 2942//402 2854//195 2943//212
f 2854//195 2855//15 2944//212
f 2854//195 2944//212 2943//212
f 2855//15 2856//15 2944//212
f 2944//212 2856//15 2945//301
f 2856//15 2857//195 2945//301
f 2945//301 2857//195 2946//195
f 2857//195 2858//301 2946//195
f 2946//195 2858//301 2947//15
f 2858//301 2859//212 2947//15
f 2947//15 2859//212 2948//15
f 2859//212 2860//212 2949//195
f 2859//212 2949//195 2948//15
f 2860//212 2861//301 2949//195
f 2949//195 2861//301 2950//301
f 2861//301 2862//301 2950//301
f 2950//301 2862//301 2951//301
f 2862//301 2863//195 2951//301
f 2951//301 2863//195 2952//212
f 2863//195 2864//375 2953//400
f 2863//195 2953//400 2952//212
f 2864//375 2865//400 2953//400
f 2953//400 2865//400 2954//375
f 2865//400 2866//403 2955//346
f 2865//400 2955//346 2954//375
f 2866//403 2867//385 2955//346
f 2955//346 2867//385 2956//15
f 2867//385 2868//212 2957//195
f 2867//385 2957//195 2956//15
f 2868//212 2869//301 2957//195
f 2957//195 2869//301 2958//301
f 2869//301 2870//459 2958//301
f 2958//301 2870//459 2959//212
f 2870//459 2871//460 2960//407
f 2870//459 2960//407 2959//212
f 2871//460 2872//385 2961//475
f 2871//460 2961//475 2960//407
f 2872//385 2873//385 2961//475
f 2961//475 2873//385 2962//15
f 2873//385 2874//403 2963//346
f 2873//385 2963//346 2962//15
f 2874//403 2875//385 2963//346
f 2963//346 2875//385 2964//15
f 2875//385 2876//529 2965//559
f 2875//385 2965//559 2964//15
f 2876//529 2877//530 2966//560
f 2876//529 2966//560 2965//559
f 2877//530 2878//531 2966//560
f 2966//560 2878//531 2967//561
f 2878//531 2879//504 2967//561
f 2967//561 2879//504 2968//391
f 2879//504 2880//393 2968//391
f 2968//391 2880//393 2969//15
f 2880//393 2881//532 2969//15
f 2969//15 2881//532 2970//182
f 2881//532 2882//533 2970//182
f 2970//182 2882//533 2971//485
f 2882//533 2883//534 2972//427
f 2882//533 2972//427 2971//485
f 2883//534 2884//398 2973//462
f 2883//534 2973//462 2972//427
f 2884//398 2885//392 2973//462
f 2973//462 2885//392 2974//413
f 2885//392 2886//535 2974//413
f 2974//413 2886//535 2975//562
f 2886//535 2887//536 2975//562
f 2975//562 2887//536 2976//563
f 2887//536 2888//537 2976//563
f 2976//563 2888//537 2977//564
f 2888//537 2889//538 2978//565
f 2888//537 2978//565 2977//564
f 2889//538 2890//539 2978//565
f 2978//565 2890//539 2979//566
f 2890//539 2891//540 2979//566
f 2979//566 2891//540 2980//567
f 2891//540 2892//541 2980//567
f 2904//553 2905//554 2981//568
f 2981//568 2905//554 2982//569
f 2905//554 2906//15 2983//213
f 2905//554 2983//213 2982//569
f 2906//15 2907//216 2983//213
f 2983//213 2907//216 2984//570
f 2907//216 2908//555 2984//570
f 2984//570 2908//555 2985//571
f 2908//555 2909//556 2985//571
f 2985//571 2909//556 2986//572
f 2909//556 2910//557 2986//572
f 2911//51 2912//15 2987//51
f 2987//51 2912//15 2988//15
f 2912//15 2913//15 2988//15
f 2988//15 2913//15 2989//393
f 2913//15 2914//15 2989//393
f 2989//393 2914//15 2990//301
f 2914//15 2915//15 2990//301
f 2990//301 2915//15 2991//195
f 2915//15 2916//15 2991//195
f 2991//195 2916//15 2992//15
f 2916//15 2917//15 2992//15
f 2992//15 2917//15 2993//15
f 2917//15 2918//15 2993//15
f 2993//15 2918//15 2994//15
f 2918//15 2919//15 2994//15
f 2994//15 2919//15 2995//15
f 2919//15 2920//346 2995//15
f 2995//15 2920//346 2996//15
f 2920//346 2921//15 2996//15
f 2996//15 2921//15 2997//15
f 2921//15 2922//15 2997//15
f 2997//15 2922//15 2998//526
f 2922//15 2923//495 2998//526
f 2998//526 2923//495 2999//215
f 2923//495 2924//526 2999//215
f 2999//215 2924//526 3000//195
f 2924//526 2925//182 3000//195
f 3000//195 2925//182 3001//15
f 2925//182 2926//558 3002//227
f 2925//182 3002//227 3001//15
f 2926//558 2927//217 3003//212
f 2926//558 3003//212 3002//227
f 2927//217 2928//15 3003//212
f 3003//212 2928//15 3004//301
f 2928//15 2929//15 3004//301
f 3004//301 2929//15 3005//195
f 2929//15 2930//15 3005//195
f 3005//195 2930//15 3006//15
f 2930//15 2931//15 3006//15
f 3006//15 2931//15 3007//15
f 2931//15 2932//15 3007//15
f 3007//15 2932//15 3008//15
f 2932//15 2933//182 3008//15
f 3008//15 2933//182 3009//15
f 2933//182 2934//183 3010//227
f 2933//182 3010//227 3009//15
f 2934//183 2935//15 3011//385
f 2934//183 3011//385 3010//227
f 2935//15 2936//346 3011//385
f 3011//385 2936//346 3012//385
f 2936//346 2937//15 3013//227
f 2936//346 3013//227 3012//385
f 2937//15 2938//15 3013//227
f 3013//227 2938//15 3014//15
f 2938//15 2939//182 3014//15
f 3014//15 2939//182 3015//15
f 2939//182 2940//324 3016//195
f 2939//182 3016//195 3015//15
f 2940//324 2941//402 3016//195
f 3016//195 2941//402 3017//393
f 2941//402 2942//402 3017//393
f 3017//393 2942//402 3018//15
f 2942//402 2943//212 3018//15
f 3018//15 2943//212 3019//15
f 2943//212 2944//212 3020//195
f 2943//212 3020//195 3019//15
f 2944//212 2945//301 3020//195
f 3020//195 2945//301 3021//301
f 2945//301 2946//195 3021//301
f 3021//301 2946//195 3022//212
f 2946//195 2947//15 3023//226
f 2946//195 3023//226 3022//212
f 2947//15 2948//15 3023//226
f 3023//226 2948//15 3024//15
f 2948//15 2949//195 3024//15
f 3024//15 2949//195 3025//15
f 2949//195 2950//301 3025//15
f 3025//15 2950//301 3026//393
f 2950//301 2951//301 3026//393
f 3026//393 2951//301 3027//195
f 2951//301 2952//212 3027//195
f 3027//195 2952//212 3028//15
f 2952//212 2953//400 3029//346
f 2952//212 3029//346 3028//15
f 2953//400 2954//375 3029//346
f 3029//346 2954//375 3030//15
f 2954//375 2955//346 3030//15
f 3030//15 2955//346 3031//15
f 2955//346 2956//15 3031//15
f 3031//15 2956//15 3032//393
f 2956//15 2957//195 3032//393
f 3032//393 2957//195 3033//195
f 2957//195 2958//301 3033//195
f 3033//195 2958//301 3034//15
f 2958//301 2959//212 3034//15
f 3034//15 2959//212 3035//15
f 2959//212 2960//407 3036//475
f 2959//212 3036//475 3035//15
f 2960//407 2961//475 3036//475
f 3036//475 2961//475 3037//460
f 2961//475 2962//15 3038//182
f 2961//475 3038//182 3037//460
f 2962//15 2963//346 3038//182
f 3038//182 2963//346 3039//15
f 2963//346 2964//15 3039//15
f 3039//15 2964//15 3040//15
f 2964//15 2965//559 3040//15
f 3040//15 2965//559 3041//15
f 2965//559 2966//560 3041//15
f 3041//15 2966//560 3042//573
f 2966//560 2967//561 3042//573
f 3042//573 2967//561 3043//574
f 2967//561 2968//391 3043//574
f 3043//574 2968//391 3044//301
f 2968//391 2969//15 3044//301
f 3044//301 2969//15 3045//301
f 2969//15 2970//182 3045//301
f 3045//301 2970//182 3046//459
f 2970//182 2971//485 3047//558
f 2970//182 3047//558 3046//459
f 2971//485 2972//427 3048//575
f 2971//485 3048//575 3047//558
f 2972//427 2973//462 3049//576
f 2972//427 3049//576 3048//575
f 2973//462 2974//413 3049//576
f 3049//576 2974//413 3050//577
f 2974//413 2975//562 3050//577
f 3050//577 2975//562 3051//578
f 2975//562 2976//563 3051//578
f 3051//578 2976//563 3052//579
f 2976//563 2977//564 3052//579
f 3052//579 2977//564 3053//580
f 2977//564 2978//565 3054//581
f 2977//564 3054//581 3053//580
f 2978//565 2979//566 3054//581
f 2981//568 2982//569 3055//582
f 2982//569 2983//213 3056//583
f 2982//569 3056//583 3055//582
f 2983//213 2984//570 3056//583
f 3056//583 2984//570 3057//584
f 2984//570 2985//571 3058//585
f 2984//570 3058//585 3057//584
f 2985//571 2986//572 3058//585
f 2987//51 2988//15 3059//586
f 3059//586 2988//15 3060//402
f 2988//15 2989//393 3060//402
f 3060//402 2989//393 3061//402
f 2989//393 2990//301 3061//402
f 3061//402 2990//301 3062//301
f 2990//301 2991//195 3062//301
f 3062//301 2991//195 3063//212
f 2991//195 2992//15 3064//212
f 2991//195 3064//212 3063//212
f 2992//15 2993//15 3064//212
f 3064//212 2993//15 3065//195
f 2993//15 2994//15 3065//195
f 3065//195 2994//15 3066//15
f 2994//15 2995//15 3066//15
f 3066//15 2995//15 3067//15
f 2995//15 2996//15 3067//15
f 3067//15 2996//15 3068//15
f 2996//15 2997//15 3068//15
f 3068//15 2997//15 3069//15
f 2997//15 2998//526 3069//15
f 3069//15 2998//526 3070//15
f 2998//526 2999//215 3071//195
f 2998//526 3071//195 3070//15
f 2999//215 3000//195 3071//195
f 3071//195 3000//195 3072//212
f 3000//195 3001//15 3073//227
f 3000//195 3073//227 3072//212
f 3001//15 3002//227 3073//227
f 3073//227 3002//227 3074//15
f 3002//227 3003//212 3075//195
f 3002//227 3075//195 3074//15
f 3003//212 3004//301 3075//195
f 3075//195 3004//301 3076//301
f 3004//301 3005//195 3076//301
f 3076//301 3005//195 3077//324
f 3005//195 3006//15 3078//182
f 3005//195 3078//182 3077//324
f 3006//15 3007//15 3078//182
f 3078//182 3007//15 3079//15
f 3007//15 3008//15 3079//15
f 3079//15 3008//15 3080//346
f 3008//15 3009//15 3080//346
f 3080//346 3009//15 3081//15
f 3009//15 3010//227 3081//15
f 3081//15 3010//227 3082//15
f 3010//227 3011//385 3083//346
f 3010//227 3083//346 3082//15
f 3011//385 3012//385 3083//346
f 3083//346 3012//385 3084//15
f 3012//385 3013//227 3085//183
f 3012//385 3085//183 3084//15
f 3013//227 3014//15 3086//182
f 3013//227 3086//182 3085//183
f 3014//15 3015//15 3086//182
f 3086//182 3015//15 3087//15
f 3015//15 3016//195 3087//15
f 3087//15 3016//195 3088//15
f 3016//195 3017//393 3088//15
f 3088//15 3017//393 3089//15
f 3017//393 3018//15 3089//15
f 3089//15 3018//15 3090//15
f 3018//15 3019//15 3090//15
f 3090//15 3019//15 3091//346
f 3019//15 3020//195 3091//346
f 3091//346 3020//195 3092//15
f 3020//195 3021//301 3092//15
f 3092//15 3021//301 3093//15
f 3021//301 3022//212 3093//15
f 3093//15 3022//212 3094//15
f 3022//212 3023//226 3095//226
f 3022//212 3095//226 3094//15
f 3023//226 3024//15 3096//212
f 3023//226 3096//212 3095//226
f 3024//15 3025//15 3096//212
f 3096//212 3025//15 3097//402
f 3025//15 3026//393 3097//402
f 3097//402 3026//393 3098//447
f 3026//393 3027//195 3098//447
f 3098//447 3027//195 3099//407
f 3027//195 3028//15 3100//212
f 3027//195 3100//212 3099//407
f 3028//15 3029//346 3100//212
f 3100//212 3029//346 3101//301
f 3029//346 3030//15 3101//301
f 3101//301 3030//15 3102//301
f 3030//15 3031//15 3102//301
f 3102//301 3031//15 3103//402
f 3031//15 3032//393 3103//402
f 3103//402 3032//393 3104//402
f 3032//393 3033//195 3104//402
f 3104//402 3033//195 3105//212
f 3033//195 3034//15 3106//227
f 3033//195 3106//227 3105//212
f 3034//15 3035//15 3106//227
f 3106//227 3035//15 3107//375
f 3035//15 3036//475 3107//375
f 3107//375 3036//475 3108//353
f 3036//475 3037//460 3109//587
f 3036//475 3109//587 3108//353
f 3037//460 3038//182 3109//587
f 3109//587 3038//182 3110//183
f 3038//182 3039//15 3110//183
f 3110//183 3039//15 3111//15
f 3039//15 3040//15 3111//15
f 3111//15 3040//15 3112//346
f 3040//15 3041//15 3112//346
f 3112//346 3041//15 3113//15
f 3041//15 3042//573 3113//15
f 3113//15 3042//573 3114//588
f 3042//573 3043//574 3114//588
f 3114//588 3043//574 3115//589
f 3043//574 3044//301 3115//589
f 3115//589 3044//301 3116//301
f 3044//301 3045//301 3116//301
f 3116//301 3045//301 3117//478
f 3045//301 3046//459 3117//478
f 3117//478 3046//459 3118//460
f 3046//459 3047//558 3119//587
f 3046//459 3119//587 3118//460
f 3047//558 3048//575 3119//587
f 3119//587 3048//575 3120//384
f 3048//575 3049//576 3120//384
f 3120//384 3049//576 3121//590
f 3049//576 3050//577 3122//591
f 3049//576 3122//591 3121//590
f 3050//577 3051//578 3122//591
f 3122//591 3051//578 3123//592
f 3051//578 3052//579 3123//592
f 3055//582 3056//583 3124//593
f 3124//593 3056//583 3125//594
f 3056//583 3057//584 3126//595
f 3056//583 3126//595 3125//594
f 3057//584 3058//585 3127//596
f 3057//584 3127//596 3126//595
f 3059//586 3060//402 3128//597
f 3128//597 3060//402 3129//393
f 3060//402 3061//402 3129//393
f 3129//393 3061//402 3130//15
f 3061//402 3062//301 3130//15
f 3130//15 3062//301 3131//15
f 3062//301 3063//212 3131//15
f 3131//15 3063//212 3132//15
f 3063//212 3064//212 3133//195
f 3063//212 3133//195 3132//15
f 3064//212 3065//195 3133//195
f 3133//195 3065//195 3134//212
f 3065//195 3066//15 3135//227
f 3065//195 3135//227 3134//212
f 3066//15 3067//15 3135//227
f 3135//227 3067//15 3136//15
f 3067//15 3068//15 3136//15
f 3136//15 3068//15 3137//15
f 3068//15 3069//15 3137//15
f 3137//15 3069//15 3138//15
f 3069//15 3070//15 3138//15
f 3138//15 3070//15 3139//15
f 3070//15 3071//195 3139//15
f 3139//15 3071//195 3140//15
f 3071//195 3072//212 3140//15
f 3140//15 3072//212 3141//15
f 3072//212 3073//227 3142//183
f 3072//212 3142//183 3141//15
f 3073//227 3074//15 3143//182
f 3073//227 3143//182 3142//183
f 3074//15 3075//195 3143//182
f 3143//182 3075//195 3144//346
f 3075//195 3076//301 3144//346
f 3144//346 3076//301 3145//15
f 3076//301 3077//324 3145//15
f 3145//15 3077//324 3146//216
f 3077//324 3078//182 3146//216
f 3146//216 3078//182 3147//144
f 3078//182 3079//15 3147//144
f 3147//144 3079//15 3148//391
f 3079//15 3080//346 3148//391
f 3148//391 3080//346 3149//400
f 3080//346 3081//15 3150//227
f 3080//346 3150//227 3149//400
f 3081//15 3082//15 3150//227
f 3150//227 3082//15 3151//15
f 3082//15 3083//346 3151//15
f 3151//15 3083//346 3152//15
f 3083//346 3084//15 3152//15
f 3152//15 3084//15 3153//15
f 3084//15 3085//183 3153//15
f 3153//15 3085//183 3154//182
f 3085//183 3086//182 3154//182
f 3154//182 3086//182 3155//183
f 3086//182 3087//15 3155//183
f 3155//183 3087//15 3156//15
f 3087//15 3088//15 3156//15
f 3156//15 3088//15 3157//346
f 3088//15 3089//15 3157//346
f 3157//346 3089//15 3158//15
f 3089//15 3090//15 3158//15
f 3158//15 3090//15 3159//396
f 3090//15 3091//346 3159//396
f 3159//396 3091//346 3160//385
f 3091//346 3092//15 3161//226
f 3091//346 3161//226 3160//385
f 3092//15 3093//15 3161//226
f 3161//226 3093//15 3162//15
f 3093//15 3094//15 3162//15
f 3162//15 3094//15 3163//15
f 3094//15 3095//226 3163//15
f 3163//15 3095//226 3164//353
f 3095//226 3096//212 3165//477
f 3095//226 3165//477 3164//353
f 3096//212 3097//402 3165//477
f 3165//477 3097//402 3166//483
f 3097//402 3098//447 3166//483
f 3166//483 3098//447 3167//384
f 3098//447 3099//407 3168//474
f 3098//447 3168//474 3167//384
f 3099//407 3100//212 3169//478
f 3099//407 3169//478 3168//474
f 3100//212 3101//301 3169//478
f 3169//478 3101//301 3170//598
f 3101//301 3102//301 3170//598
f 3170//598 3102//301 3171//599
f 3102//301 3103//402 3171//599
f 3171//599 3103//402 3172//353
f 3103//402 3104//402 3172//353
f 3172//353 3104//402 3173//15
f 3104//402 3105//212 3173//15
f 3173//15 3105//212 3174//15
f 3105//212 3106//227 3175//183
f 3105//212 3175//183 3174//15
f 3106//227 3107//375 3176//386
f 3106//227 3176//386 3175//183
f 3107//375 3108//353 3176//386
f 3176//386 3108//353 3177//386
f 3108//353 3109//587 3177//386
f 3177//386 3109//587 3178//558
f 3109//587 3110//183 3179//460
f 3109//587 3179//460 3178//558
f 3110//183 3111//15 3180//403
f 3110//183 3180//403 3179//460
f 3111//15 3112//346 3180//403
f 3180//403 3112//346 3181//462
f 3112//346 3113//15 3182//226
f 3112//346 3182//226 3181//462
f 3113//15 3114//588 3182//226
f 3182//226 3114//588 3183//600
f 3114//588 3115//589 3183//600
f 3183//600 3115//589 3184//601
f 3115//589 3116//301 3184//601
f 3184//601 3116//301 3185//396
f 3116//301 3117//478 3185//396
f 3185//396 3117//478 3186//385
f 3117//478 3118//460 3187//602
f 3117//478 3187//602 3186//385
f 3118//460 3119//587 3187//602
f 3187//602 3119//587 3188//558
f 3119//587 3120//384 3189//603
f 3119//587 3189//603 3188//558
f 3120//384 3121//590 3189//603
f 3189//603 3121//590 3190//400
f 3121//590 3122//591 3191//604
f 3121//590 3191//604 3190//400
f 3122//591 3123//592 3191//604
f 3191//604 3123//592 3192//605
f 3128//597 3129//393 3193//606
f 3193//606 3129//393 3194//15
f 3129//393 3130//15 3194//15
f 3194//15 3130//15 3195//15
f 3130//15 3131//15 3195//15
f 3195//15 3131//15 3196//15
f 3131//15 3132//15 3196//15
f 3196//15 3132//15 3197//15
f 3132//15 3133//195 3197//15
f 3197//15 3133//195 3198//15
f 3133//195 3134//212 3198//15
f 3198//15 3134//212 3199//15
f 3134//212 3135//227 3200//183
f 3134//212 3200//183 3199//15
f 3135//227 3136//15 3201//182
f 3135//227 3201//182 3200//183
f 3136//15 3137//15 3201//182
f 3201//182 3137//15 3202//15
f 3137//15 3138//15 3202//15
f 3202//15 3138//15 3203//15
f 3138//15 3139//15 3203//15
f 3203//15 3139//15 3204//15
f 3139//15 3140//15 3204//15
f 3204//15 3140//15 3205//15
f 3140//15 3141//15 3205//15
f 3205//15 3141//15 3206//15
f 3141//15 3142//183 3206//15
f 3206//15 3142//183 3207//182
f 3142//183 3143//182 3207//182
f 3207//182 3143//182 3208//384
f 3143//182 3144//346 3208//384
f 3208//384 3144//346 3209//403
f 3144//346 3145//15 3210//607
f 3144//346 3210//607 3209//403
f 3145//15 3146//216 3210//607
f 3210//607 3146//216 3211//336
f 3146//216 3147//144 3211//336
f 3211//336 3147//144 3212//15
f 3147//144 3148//391 3212//15
f 3212//15 3148//391 3213//412
f 3148//391 3149//400 3213//412
f 3213//412 3149//400 3214//375
f 3149//400 3150//227 3215//226
f 3149//400 3215//226 3214//375
f 3150//227 3151//15 3216//212
f 3150//227 3216//212 3215//226
f 3151//15 3152//15 3216//212
f 3216//212 3152//15 3217//301
f 3152//15 3153//15 3217//301
f 3217//301 3153//15 3218//195
f 3153//15 3154//182 3218//195
f 3218//195 3154//182 3219//15
f 3154//182 3155//183 3220//227
f 3154//182 3220//227 3219//15
f 3155//183 3156//15 3221//385
f 3155//183 3221//385 3220//227
f 3156//15 3157//346 3221//385
f 3221//385 3157//346 3222//403
f 3157//346 3158//15 3223//385
f 3157//346 3223//385 3222//403
f 3158//15 3159//396 3223//385
f 3223//385 3159//396 3224//396
f 3159//396 3160//385 3224//396
f 3224//396 3160//385 3225//15
f 3160//385 3161//226 3226//608
f 3160//385 3226//608 3225//15
f 3161//226 3162//15 3227//227
f 3161//226 3227//227 3226//608
f 3162//15 3163//15 3227//227
f 3227//227 3163//15 3228//375
f 3163//15 3164//353 3228//375
f 3228//375 3164//353 3229//396
f 3164//353 3165//477 3229//396
f 3229//396 3165//477 3230//301
f 3165//477 3166//483 3230//301
f 3230//301 3166//483 3231//393
f 3166//483 3167//384 3231//393
f 3231//393 3167//384 3232//182
f 3167//384 3168//474 3232//182
f 3232//182 3168//474 3233//384
f 3168//474 3169//478 3233//384
f 3233//384 3169//478 3234//402
f 3169//478 3170//598 3234//402
f 3234//402 3170//598 3235//301
f 3170//598 3171//599 3235//301
f 3235//301 3171//599 3236//324
f 3171//599 3172//353 3237//182
f 3171//599 3237//182 3236//324
f 3172//353 3173//15 3237//182
f 3237//182 3173//15 3238//15
f 3173//15 3174//15 3238//15
f 3238//15 3174//15 3239//15
f 3174//15 3175//183 3239//15
f 3239//15 3175//183 3240//182
f 3175//183 3176//386 3240//182
f 3240//182 3176//386 3241//353
f 3176//386 3177//386 3241//353
f 3241//353 3177//386 3242//375
f 3177//386 3178//558 3243//227
f 3177//386 3243//227 3242//375
f 3178//558 3179//460 3244//407
f 3178//558 3244//407 3243//227
f 3179//460 3180//403 3245//447
f 3179//460 3245//447 3244//407
f 3180//403 3181//462 3245//447
f 3245//447 3181//462 3246//384
f 3181//462 3182//226 3247//401
f 3181//462 3247//401 3246//384
f 3182//226 3183//600 3248//609
f 3182//226 3248//609 3247//401
f 3183//600 3184//601 3248//609
f 3248//609 3184//601 3249//610
f 3184//601 3185//396 3249//610
f 3249//610 3185//396 3250//392
f 3185//396 3186//385 3250//392
f 3250//392 3186//385 3251//398
f 3186//385 3187//602 3252//558
f 3186//385 3252//558 3251//398
f 3187//602 3188//558 3253//401
f 3187//602 3253//401 3252//558
f 3188//558 3189//603 3254//400
f 3188//558 3254//400 3253//401
f 3189//603 3190//400 3254//400
f 3254//400 3190//400 3255//375
f 3190//400 3191//604 3256//611
f 3190//400 3256//611 3255//375
f 3191//604 3192//605 3257//612
f 3191//604 3257//612 3256//611
f 3193//606 3194//15 3259//214
f 3193//606 3259//214 3258//613
f 3194//15 3195//15 3259//214
f 3259//214 3195//15 3260//15
f 3195//15 3196//15 3260//15
f 3260//15 3196//15 3261//15
f 3196//15 3197//15 3261//15
f 3261//15 3197//15 3262//15
f 3197//15 3198//15 3262//15
f 3262//15 3198//15 3263//15
f 3198//15 3199//15 3263//15
f 3263//15 3199//15 3264//15
f 3199//15 3200//183 3264//15
f 3264//15 3200//183 3265//163
f 3200//183 3201//182 3265//163
f 3265//163 3201//182 3266//163
f 3201//182 3202//15 3266//163
f 3266//163 3202//15 3267//15
f 3202//15 3203//15 3267//15
f 3267//15 3203//15 3268//15
f 3203//15 3204//15 3268//15
f 3268//15 3204//15 3269//15
f 3204//15 3205//15 3269//15
f 3269//15 3205//15 3270//15
f 3205//15 3206//15 3270//15
f 3270//15 3206//15 3271//15
f 3206//15 3207//182 3271//15
f 3271//15 3207//182 3272//15
f 3207//182 3208//384 3273//346
f 3207//182 3273//346 3272//15
f 3208//384 3209//403 3273//346
f 3273//346 3209//403 3274//15
f 3209//403 3210//607 3275//428
f 3209//403 3275//428 3274//15
f 3210//607 3211//336 3276//614
f 3210//607 3276//614 3275//428
f 3211//336 3212//15 3276//614
f 3276//614 3212//15 3277//451
f 3212//15 3213//412 3277//451
f 3277//451 3213//412 3278//396
f 3213//412 3214//375 3278//396
f 3278//396 3214//375 3279//15
f 3214//375 3215//226 3279//15
f 3279//15 3215//226 3280//15
f 3215//226 3216//212 3281//195
f 3215//226 3281//195 3280//15
f 3216//212 3217//301 3281//195
f 3281//195 3217//301 3282//301
f 3217//301 3218//195 3282//301
f 3282//301 3218//195 3283//370
f 3218//195 3219//15 3284//182
f 3218//195 3284//182 3283//370
f 3219//15 3220//227 3284//182
f 3284//182 3220//227 3285//15
f 3220//227 3221//385 3286//346
f 3220//227 3286//346 3285//15
f 3221//385 3222//403 3286//346
f 3286//346 3222//403 3287//15
f 3222//403 3223//385 3288//346
f 3222//403 3288//346 3287//15
f 3223//385 3224//396 3288//346
f 3288//346 3224//396 3289//346
f 3224//396 3225//15 3289//346
f 3289//346 3225//15 3290//615
f 3225//15 3226//608 3290//615
f 3290//615 3226//608 3291//15
f 3226//608 3227//227 3292//616
f 3226//608 3292//616 3291//15
f 3227//227 3228//375 3293//400
f 3227//227 3293//400 3292//616
f 3228//375 3229//396 3293//400
f 3293//400 3229//396 3294//391
f 3229//396 3230//301 3294//391
f 3294//391 3230//301 3295//15
f 3230//301 3231//393 3295//15
f 3295//15 3231//393 3296//15
f 3231//393 3232//182 3296//15
f 3296//15 3232//182 3297//15
f 3232//182 3233//384 3298//346
f 3232//182 3298//346 3297//15
f 3233//384 3234//402 3298//346
f 3298//346 3234//402 3299//15
f 3234//402 3235//301 3299//15
f 3299//15 3235//301 3300//15
f 3235//301 3236//324 3300//15
f 3300//15 3236//324 3301//182
f 3236//324 3237//182 3301//182
f 3301//182 3237//182 3302//183
f 3237//182 3238//15 3302//183
f 3302//183 3238//15 3303//15
f 3238//15 3239//15 3303//15
f 3303//15 3239//15 3304//346
f 3239//15 3240//182 3304//346
f 3304//346 3240//182 3305//15
f 3240//182 3241//353 3306//346
f 3240//182 3306//346 3305//15
f 3241//353 3242//375 3306//346
f 3306//346 3242//375 3307//15
f 3242//375 3243//227 3307//15
f 3307//15 3243//227 3308//398
f 3243//227 3244//407 3309//459
f 3243//227 3309//459 3308//398
f 3244//407 3245//447 3309//459
f 3309//459 3245//447 3310//402
f 3245//447 3246//384 3310//402
f 3310//402 3246//384 3311//616
f 3246//384 3247//401 3311//616
f 3311//616 3247//401 3312//163
f 3247//401 3248//609 3313//617
f 3247//401 3313//617 3312//163
f 3248//609 3249//610 3313//617
f 3313//617 3249//610 3314//618
f 3249//610 3250//392 3314//618
f 3314//618 3250//392 3315//392
f 3250//392 3251//398 3315//392
f 3315//392 3251//398 3316//353
f 3251//398 3252//558 3317//587
f 3251//398 3317//587 3316//353
f 3252//558 3253//401 3317//587
f 3317//587 3253//401 3318//558
f 3253//401 3254//400 3319//398
f 3253//401 3319//398 3318//558
f 3254//400 3255//375 3319//398
f 3319//398 3255//375 3320//619
f 3255//375 3256//611 3320//619
f 3320//619 3256//611 3321//620
f 3256//611 3257//612 3321//620
f 3258//613 3259//214 3322//621
f 3322//621 3259//214 3323//221
f 3259//214 3260//15 3323//221
f 3323//221 3260//15 3324//15
f 3260//15 3261//15 3324//15
f 3324//15 3261//15 3325//15
f 3261//15 3262//15 3325//15
f 3325//15 3262//15 3326//15
f 3262//15 3263//15 3326//15
f 3326//15 3263//15 3327//15
f 3263//15 3264//15 3327//15
f 3327//15 3264//15 3328//15
f 3264//15 3265//163 3328//15
f 3328//15 3265//163 3329//182
f 3265//163 3266//163 3329//182
f 3329//182 3266//163 3330//324
f 3266//163 3267//15 3330//324
f 3330//324 3267//15 3331//195
f 3267//15 3268//15 3331//195
f 3331//195 3268//15 3332//15
f 3268//15 3269//15 3332//15
f 3332//15 3269//15 3333//15
f 3269//15 3270//15 3333//15
f 3333//15 3270//15 3334//346
f 3270//15 3271//15 3334//346
f 3334//346 3271//15 3335//15
f 3271//15 3272//15 3335//15
f 3335//15 3272//15 3336//15
f 3272//15 3273//346 3336//15
f 3336//15 3273//346 3337//346
f 3273//346 3274//15 3337//346
f 3337//346 3274//15 3338//15
f 3274//15 3275//428 3338//15
f 3338//15 3275//428 3339//532
f 3275//428 3276//614 3340//622
f 3275//428 3340//622 3339//532
f 3276//614 3277//451 3340//622
f 3340//622 3277//451 3341//393
f 3277//451 3278//396 3341//393
f 3341//393 3278//396 3342//15
f 3278//396 3279//15 3342//15
f 3342//15 3279//15 3343//346
f 3279//15 3280//15 3343//346
f 3343//346 3280//15 3344//15
f 3280//15 3281//195 3344//15
f 3344//15 3281//195 3345//15
f 3281//195 3282//301 3345//15
f 3345//15 3282//301 3346//15
f 3282//301 3283//370 3346//15
f 3346//15 3283//370 3347//163
f 3283//370 3284//182 3347//163
f 3347//163 3284//182 3348//163
f 3284//182 3285//15 3348//163
f 3348//163 3285//15 3349//15
f 3285//15 3286//346 3349//15
f 3349//15 3286//346 3350//15
f 3286//346 3287//15 3350//15
f 3350//15 3287//15 3351//15
f 3287//15 3288//346 3351//15
f 3351//15 3288//346 3352//391
f 3288//346 3289//346 3352//391
f 3352//391 3289//346 3353//400
f 3289//346 3290//615 3354//407
f 3289//346 3354//407 3353//400
f 3290//615 3291//15 3355//387
f 3290//615 3355//387 3354//407
f 3291//15 3292//616 3355//387
f 3355//387 3292//616 3356//384
f 3292//616 3293//400 3357//478
f 3292//616 3357//478 3356//384
f 3293//400 3294//391 3357//478
f 3357//478 3294//391 3358//195
f 3294//391 3295//15 3358//195
f 3358//195 3295//15 3359//15
f 3295//15 3296//15 3359//15
f 3359//15 3296//15 3360//15
f 3296//15 3297//15 3360//15
f 3360//15 3297//15 3361//15
f 3297//15 3298//346 3361//15
f 3361//15 3298//346 3362//15
f 3298//346 3299//15 3362//15
f 3362//15 3299//15 3363//346
f 3299//15 3300//15 3363//346
f 3363//346 3300//15 3364//15
f 3300//15 3301//182 3364//15
f 3364//15 3301//182 3365//15
f 3301//182 3302//183 3366//227
f 3301//182 3366//227 3365//15
f 3302//183 3303//15 3367//385
f 3302//183 3367//385 3366//227
f 3303//15 3304//346 3367//385
f 3367//385 3304//346 3368//385
f 3304//346 3305//15 3369//227
f 3304//346 3369//227 3368//385
f 3305//15 3306//346 3369//227
f 3369//227 3306//346 3370//15
f 3306//346 3307//15 3370//15
f 3370//15 3307//15 3371//396
f 3307//15 3308//398 3371//396
f 3371//396 3308//398 3372//384
f 3308//398 3309//459 3373//352
f 3308//398 3373//352 3372//384
f 3309//459 3310//402 3373//352
f 3373//352 3310//402 3374//623
f 3310//402 3311//616 3374//623
f 3374//623 3311//616 3375//624
f 3311//616 3312//163 3376//501
f 3311//616 3376//501 3375//624
f 3312//163 3313//617 3376//501
f 3376//501 3313//617 3377//625
f 3313//617 3314//618 3377//625
f 3377//625 3314//618 3378//437
f 3314//618 3315//392 3378//437
f 3378//437 3315//392 3379//167
f 3315//392 3316//353 3379//167
f 3379//167 3316//353 3380//387
f 3316//353 3317//587 3380//387
f 3380//387 3317//587 3381//558
f 3317//587 3318//558 3382//460
f 3317//587 3382//460 3381//558
f 3318//558 3319//398 3383//626
f 3318//558 3383//626 3382//460
f 3319//398 3320//619 3383//626
f 3383//626 3320//619 3384//627
f 3320//619 3321//620 3384//627
f 3384//627 3321//620 3385//628
f 3322//621 3323//221 3386//629
f 3386//629 3323//221 3387//464
f 3323//221 3324//15 3387//464
f 3387//464 3324//15 3388//15
f 3324//15 3325//15 3388//15
f 3388//15 3325//15 3389//15
f 3325//15 3326//15 3389//15
f 3389//15 3326//15 3390//15
f 3326//15 3327//15 3390//15
f 3390//15 3327//15 3391//15
f 3327//15 3328//15 3391//15
f 3391//15 3328//15 3392//346
f 3328//15 3329//182 3392//346
f 3392//346 3329//182 3393//15
f 3329//182 3330//324 3394//195
f 3329//182 3394//195 3393//15
f 3330//324 3331//195 3394//195
f 3394//195 3331//195 3395//212
f 3331//195 3332//15 3396//212
f 3331//195 3396//212 3395//212
f 3332//15 3333//15 3396//212
f 3396//212 3333//15 3397//451
f 3333//15 3334//346 3397//451
f 3397//451 3334//346 3398//385
f 3334//346 3335//15 3399//212
f 3334//346 3399//212 3398//385
f 3335//15 3336//15 3399//212
f 3399//212 3336//15 3400//451
f 3336//15 3337//346 3400//451
f 3400//451 3337//346 3401//384
f 3337//346 3338//15 3402//182
f 3337//346 3402//182 3401//384
f 3338//15 3339//532 3402//182
f 3402//182 3339//532 3403//182
f 3339//532 3340//622 3403//182
f 3403//182 3340//622 3404//324
f 3340//622 3341//393 3404//324
f 3404//324 3341//393 3405//301
f 3341//393 3342//15 3405//301
f 3405//301 3342//15 3406//451
f 3342//15 3343//346 3406//451
f 3406//451 3343//346 3407//384
f 3343//346 3344//15 3408//182
f 3343//346 3408//182 3407//384
f 3344//15 3345//15 3408//182
f 3408//182 3345//15 3409//346
f 3345//15 3346//15 3409//346
f 3409//346 3346//15 3410//15
f 3346//15 3347//163 3410//15
f 3410//15 3347//163 3411//182
f 3347//163 3348//163 3411//182
f 3411//182 3348//163 3412//324
f 3348//163 3349//15 3412//324
f 3412//324 3349//15 3413//301
f 3349//15 3350//15 3413//301
f 3413//301 3350//15 3414//301
f 3350//15 3351//15 3414//301
f 3414//301 3351//15 3415//630
f 3351//15 3352//391 3415//630
f 3415//630 3352//391 3416//631
f 3352//391 3353//400 3416//631
f 3416//631 3353//400 3417//632
f 3353//400 3354//407 3418//633
f 3353//400 3418//633 3417//632
f 3354//407 3355//387 3418//633
f 3418//633 3355//387 3419//634
f 3355//387 3356//384 3419//634
f 3419//634 3356//384 3420//384
f 3356//384 3357//478 3420//384
f 3420//384 3357//478 3421//301
f 3357//478 3358//195 3421//301
f 3421//301 3358//195 3422//212
f 3358//195 3359//15 3423//212
f 3358//195 3423//212 3422//212
f 3359//15 3360//15 3423//212
f 3423//212 3360//15 3424//421
f 3360//15 3361//15 3424//421
f 3424//421 3361//15 3425//635
f 3361//15 3362//15 3425//635
f 3425//635 3362//15 3426//636
f 3362//15 3363//346 3426//636
f 3426//636 3363//346 3427//462
f 3363//346 3364//15 3428//226
f 3363//346 3428//226 3427//462
f 3364//15 3365//15 3428//226
f 3428//226 3365//15 3429//15
f 3365//15 3366//227 3429//15
f 3429//15 3366//227 3430//15
f 3366//227 3367//385 3431//346
f 3366//227 3431//346 3430//15
f 3367//385 3368//385 3431//346
f 3431//346 3368//385 3432//15
f 3368//385 3369//227 3433//227
f 3368//385 3433//227 3432//15
f 3369//227 3370//15 3434//385
f 3369//227 3434//385 3433//227
f 3370//15 3371//396 3434//385
f 3434//385 3371//396 3435//396
f 3371//396 3372//384 3435//396
f 3435//396 3372//384 3436//163
f 3372//384 3373//352 3436//163
f 3436//163 3373//352 3437//391
f 3373//352 3374//623 3437//391
f 3437//391 3374//623 3438//637
f 3374//623 3375//624 3439//638
f 3374//623 3439//638 3438//637
f 3375//624 3376//501 3440//639
f 3375//624 3440//639 3439//638
f 3376//501 3377//625 3440//639
f 3440//639 3377//625 3441//640
f 3377//625 3378//437 3441//640
f 3441//640 3378//437 3442//641
f 3378//437 3379//167 3443//642
f 3378//437 3443//642 3442//641
f 3379//167 3380//387 3443//642
f 3443//642 3380//387 3444//643
f 3380//387 3381//558 3445//644
f 3380//387 3445//644 3444//643
f 3381//558 3382//460 3446//407
f 3381//558 3446//407 3445//644
f 3382//460 3383//626 3447//645
f 3382//460 3447//645 3446//407
f 3383//626 3384//627 3447//645
f 3447//645 3384//627 3448//646
f 3384//627 3385//628 3448//646
f 3386//629 3387//464 3449//647
f 3449//647 3387//464 3450//400
f 3387//464 3388//15 3451//212
f 3387//464 3451//212 3450//400
f 3388//15 3389//15 3451//212
f 3451//212 3389//15 3452//301
f 3389//15 3390//15 3452//301
f 3452//301 3390//15 3453//301
f 3390//15 3391//15 3453//301
f 3453//301 3391//15 3454//402
f 3391//15 3392//346 3454//402
f 3454//402 3392//346 3455//403
f 3392//346 3393//15 3456//227
f 3392//346 3456//227 3455//403
f 3393//15 3394//195 3456//227
f 3456//227 3394//195 3457//15
f 3394//195 3395//212 3457//15
f 3457//15 3395//212 3458//398
f 3395//212 3396//212 3459//399
f 3395//212 3459//399 3458//398
f 3396//212 3397//451 3459//399
f 3459//399 3397//451 3460//393
f 3397//451 3398//385 3460//393
f 3460//393 3398//385 3461//15
f 3398//385 3399//212 3462//195
f 3398//385 3462//195 3461//15
f 3399//212 3400//451 3462//195
f 3462//195 3400//451 3463//648
f 3400//451 3401//384 3463//648
f 3463//648 3401//384 3464//215
f 3401//384 3402//182 3464//215
f 3464//215 3402//182 3465//163
f 3402//182 3403//182 3465//163
f 3465//163 3403//182 3466//15
f 3403//182 3404//324 3467//195
f 3403//182 3467//195 3466//15
f 3404//324 3405//301 3467//195
f 3467//195 3405//301 3468//649
f 3405//301 3406//451 3468//649
f 3468//649 3406//451 3469//353
f 3406//451 3407//384 3469//353
f 3469//353 3407//384 3470//182
f 3407//384 3408//182 3470//182
f 3470//182 3408//182 3471//384
f 3408//182 3409//346 3471//384
f 3471//384 3409//346 3472//403
f 3409//346 3410//15 3473//212
f 3409//346 3473//212 3472//403
f 3410//15 3411//182 3473//212
f 3473//212 3411//182 3474//384
f 3411//182 3412//324 3475//477
f 3411//182 3475//477 3474//384
f 3412//324 3413//301 3475//477
f 3475//477 3413//301 3476//462
f 3413//301 3414//301 3476//462
f 3476//462 3414//301 3477//650
f 3414//301 3415//630 3477//650
f 3477//650 3415//630 3478//651
f 3415//630 3416//631 3478//651
f 3478//651 3416//631 3479//652
f 3416//631 3417//632 3480//653
f 3416//631 3480//653 3479//652
f 3417//632 3418//633 3480//653
f 3480//653 3418//633 3481//654
f 3418//633 3419//634 3481//654
f 3481//654 3419//634 3482//655
f 3419//634 3420//384 3483//656
f 3419//634 3483//656 3482//655
f 3420//384 3421//301 3483//656
f 3483//656 3421//301 3484//489
f 3421//301 3422//212 3484//489
f 3484//489 3422//212 3485//384
f 3422//212 3423//212 3486//657
f 3422//212 3486//657 3485//384
f 3423//212 3424//421 3486//657
f 3486//657 3424//421 3487//658
f 3424//421 3425//635 3487//658
f 3487//658 3425//635 3488//659
f 3425//635 3426//636 3489//660
f 3425//635 3489//660 3488//659
f 3426//636 3427//462 3489//660
f 3489//660 3427//462 3490//661
f 3427//462 3428//226 3491//662
f 3427//462 3491//662 3490//661
f 3428//226 3429//15 3492//663
f 3428//226 3492//663 3491//662
f 3429//15 3430//15 3492//663
f 3492//663 3430//15 3493//664
f 3430//15 3431//346 3493//664
f 3493//664 3431//346 3494//665
f 3431//346 3432//15 3494//665
f 3494//665 3432//15 3495//666
f 3432//15 3433//227 3495//666
f 3495//666 3433//227 3496//667
f 3433//227 3434//385 3497//668
f 3433//227 3497//668 3496//667
f 3434//385 3435//396 3497//668
f 3497//668 3435//396 3498//669
f 3435//396 3436//163 3498//669
f 3498//669 3436//163 3499//670
f 3436//163 3437//391 3499//670
f 3499//670 3437//391 3500//671
f 3437//391 3438//637 3500//671
f 3500//671 3438//637 3501//672
f 3438//637 3439//638 3502//673
f 3438//637 3502//673 3501//672
f 3439//638 3440//639 3503//674
f 3439//638 3503//674 3502//673
f 3440//639 3441//640 3503//674
f 3503//674 3441//640 3504//675
f 3441//640 3442//641 3504//675
f 3504//675 3442//641 3505//676
f 3442//641 3443//642 3505//676
f 3505//676 3443//642 3506//677
f 3443//642 3444//643 3506//677
f 3506//677 3444//643 3507//678
f 3444//643 3445//644 3507//678
f 3507//678 3445//644 3508//679
f 3445//644 3446//407 3509//680
f 3445//644 3509//680 3508//679
f 3446//407 3447//645 3509//680
f 3509//680 3447//645 3510//681
f 3447//645 3448//646 3510//681
f 3449//647 3450//400 3511//682
f 3511//682 3450//400 3512//375
f 3450//400 3451//212 3513//195
f 3450//400 3513//195 3512//375
f 3451//212 3452//301 3513//195
f 3513//195 3452//301 3514//301
f 3452//301 3453//301 3514//301
f 3514//301 3453//301 3515//301
f 3453//301 3454//402 3515//301
f 3515//301 3454//402 3516//393
f 3454//402 3455//403 3516//393
f 3516//393 3455//403 3517//15
f 3455//403 3456//227 3518//227
f 3455//403 3518//227 3517//15
f 3456//227 3457//15 3519//385
f 3456//227 3519//385 3518//227
f 3457//15 3458//398 3519//385
f 3519//385 3458//398 3520//385
f 3458//398 3459//399 3521//212
f 3458//398 3521//212 3520//385
f 3459//399 3460//393 3521//212
f 3521//212 3460//393 3522//301
f 3460//393 3461//15 3522//301
f 3522//301 3461//15 3523//301
f 3461//15 3462//195 3523//301
f 3523//301 3462//195 3524//451
f 3462//195 3463//648 3524//451
f 3524//451 3463//648 3525//384
f 3463//648 3464//215 3526//683
f 3463//648 3526//683 3525//384
f 3464//215 3465//163 3526//683
f 3526//683 3465//163 3527//163
f 3465//163 3466//15 3527//163
f 3527//163 3466//15 3528//15
f 3466//15 3467//195 3528//15
f 3528//15 3467//195 3529//684
f 3467//195 3468//649 3529//684
f 3529//684 3468//649 3530//685
f 3468//649 3469//353 3531//686
f 3468//649 3531//686 3530//685
f 3469//353 3470//182 3531//686
f 3531//686 3470//182 3532//687
f 3470//182 3471//384 3533//688
f 3470//182 3533//688 3532//687
f 3471//384 3472//403 3533//688
f 3533//688 3472//403 3534//689
f 3472//403 3473//212 3535//459
f 3472//403 3535//459 3534//689
f 3473//212 3474//384 3535//459
f 3535//459 3474//384 3536//301
f 3474//384 3475//477 3536//301
f 3536//301 3475//477 3537//301
f 3475//477 3476//462 3537//301
f 3537//301 3476//462 3538//690
f 3476//462 3477//650 3538//690
f 3538//690 3477//650 3539//691
f 3477//650 3478//651 3539//691
f 3539//691 3478//651 3540//692
f 3478//651 3479//652 3540//692
f 3540//692 3479//652 3541//693
f 3479//652 3480//653 3541//693
f 3481//654 3482//655 3542//694
f 3482//655 3483//656 3543//695
f 3482//655 3543//695 3542//694
f 3483//656 3484//489 3544//696
f 3483//656 3544//696 3543//695
f 3484//489 3485//384 3544//696
f 3544//696 3485//384 3545//697
f 3485//384 3486//657 3545//697
f 3545//697 3486//657 3546//698
f 3486//657 3487//658 3546//698
f 3546//698 3487//658 3547//699
f 3487//658 3488//659 3548//700
f 3487//658 3548//700 3547//699
f 3488//659 3489//660 3549//701
f 3488//659 3549//701 3548//700
f 3489//660 3490//661 3549//701
f 3549//701 3490//661 3550//702
f 3490//661 3491//662 3550//702
f 3550//702 3491//662 3551//703
f 3491//662 3492//663 3552//704
f 3491//662 3552//704 3551//703
f 3492//663 3493//664 3552//704
f 3552//704 3493//664 3553//705
f 3493//664 3494//665 3554//706
f 3493//664 3554//706 3553//705
f 3494//665 3495//666 3554//706
f 3554//706 3495//666 3555//707
f 3495//666 3496//667 3555//707
f 3555//707 3496//667 3556//708
f 3496//667 3497//668 3556//708
f 3556//708 3497//668 3557//709
f 3497//668 3498//669 3557//709
f 3557//709 3498//669 3558//710
f 3498//669 3499//670 3558//710
f 3558//710 3499//670 3559//711
f 3499//670 3500//671 3560//712
f 3499//670 3560//712 3559//711
f 3500//671 3501//672 3561//713
f 3500//671 3561//713 3560//712
f 3501//672 3502//673 3561//713
f 3561//713 3502//673 3562//714
f 3502//673 3503//674 3563//715
f 3502//673 3563//715 3562//714
f 3503//674 3504//675 3563//715
f 3563//715 3504//675 3564//716
f 3504//675 3505//676 3565//717
f 3504//675 3565//717 3564//716
f 3505//676 3506//677 3565//717
f 3565//717 3506//677 3566//718
f 3506//677 3507//678 3567//719
f 3506//677 3567//719 3566//718
f 3507//678 3508//679 3568//720
f 3507//678 3568//720 3567//719
f 3508//679 3509//680 3569//721
f 3508//679 3569//721 3568//720
f 3509//680 3510//681 3569//721
f 3569//721 3510//681 3570//722
f 3511//682 3512//375 3571//723
f 3571//723 3512//375 3572//15
f 3512//375 3513//195 3572//15
f 3572//15 3513//195 3573//15
f 3513//195 3514//301 3573//15
f 3573//15 3514//301 3574//15
f 3514//301 3515//301 3574//15
f 3574//15 3515//301 3575//15
f 3515//301 3516//393 3575//15
f 3575//15 3516//393 3576//15
f 3516//393 3517//15 3576//15
f 3576//15 3517//15 3577//15
f 3517//15 3518//227 3577//15
f 3577//15 3518//227 3578//15
f 3518//227 3519//385 3579//346
f 3518//227 3579//346 3578//15
f 3519//385 3520//385 3579//346
f 3579//346 3520//385 3580//15
f 3520//385 3521//212 3581//195
f 3520//385 3581//195 3580//15
f 3521//212 3522//301 3581//195
f 3581//195 3522//301 3582//301
f 3522//301 3523//301 3582//301
f 3582//301 3523//301 3583//478
f 3523//301 3524//451 3583//478
f 3583//478 3524//451 3584//353
f 3524//451 3525//384 3584//353
f 3584//353 3525//384 3585//163
f 3525//384 3526//683 3585//163
f 3585//163 3526//683 3586//683
f 3526//683 3527//163 3586//683
f 3586//683 3527//163 3587//370
f 3527//163 3528//15 3587//370
f 3587//370 3528//15 3588//301
f 3528//15 3529//684 3588//301
f 3588//301 3529//684 3589//724
f 3529//684 3530//685 3589//724
f 3589//724 3530//685 3590//725
f 3530//685 3531//686 3591//726
f 3530//685 3591//726 3590//725
f 3531//686 3532//687 3591//726
f 3591//726 3532//687 3592//727
f 3532//687 3533//688 3592//727
f 3592//727 3533//688 3593//728
f 3533//688 3534//689 3593//728
f 3593//728 3534//689 3594//729
f 3534//689 3535//459 3595//730
f 3534//689 3595//730 3594//729
f 3535//459 3536//301 3595//730
f 3595//730 3536//301 3596//301
f 3536//301 3537//301 3596//301
f 3596//301 3537//301 3597//731
f 3537//301 3538//690 3597//731
f 3597//731 3538//690 3598//732
f 3538//690 3539//691 3598//732
f 3598//732 3539//691 3599//733
f 3539//691 3540//692 3599//733
f 3543//695 3544//696 3600//734
f 3544//696 3545//697 3600//734
f 3600//734 3545//697 3601//735
f 3545//697 3546//698 3601//735
f 3601//735 3546//698 3602//736
f 3546//698 3547//699 3602//736
f 3602//736 3547//699 3603//737
f 3547//699 3548//700 3604//738
f 3547//699 3604//738 3603//737
f 3548//700 3549//701 3604//738
f 3604//738 3549//701 3605//739
f 3549//701 3550//702 3606//740
f 3549//701 3606//740 3605//739
f 3550//702 3551//703 3607//741
f 3550//702 3607//741 3606//740
f 3551//703 3552//704 3607//741
f 3560//712 3561//713 3608//742
f 3561//713 3562//714 3608//742
f 3564//716 3565//717 3609//743
f 3565//717 3566//718 3609//743
f 3609//743 3566//718 3610//744
f 3566//718 3567//719 3610//744
f 3610//744 3567//719 3611//745
f 3567//719 3568//720 3612//746
f 3567//719 3612//746 3611//745
f 3568//720 3569//721 3613//747
f 3568//720 3613//747 3612//746
f 3569//721 3570//722 3613//747
f 3571//723 3572//15 3614//748
f 3614//748 3572//15 3615//301
f 3572//15 3573//15 3615//301
f 3615//301 3573//15 3616//301
f 3573//15 3574//15 3616//301
f 3616//301 3574//15 3617//195
f 3574//15 3575//15 3617//195
f 3617//195 3575//15 3618//15
f 3575//15 3576//15 3618//15
f 3618//15 3576//15 3619//346
f 3576//15 3577//15 3619//346
f 3619//346 3577//15 3620//15
f 3577//15 3578//15 3620//15
f 3620//15 3578//15 3621//15
f 3578//15 3579//346 3621//15
f 3621//15 3579//346 3622//15
f 3579//346 3580//15 3622//15
f 3622//15 3580//15 3623//393
f 3580//15 3581//195 3623//393
f 3623//393 3581//195 3624//749
f 3581//195 3582//301 3624//749
f 3624//749 3582//301 3625//750
f 3582//301 3583//478 3625//750
f 3625//750 3583//478 3626//751
f 3583//478 3584//353 3627//212
f 3583//478 3627//212 3626//751
f 3584//353 3585//163 3627//212
f 3627//212 3585//163 3628//418
f 3585//163 3586//683 3628//418
f 3628//418 3586//683 3629//460
f 3586//683 3587//370 3630//477
f 3586//683 3630//477 3629//460
f 3587//370 3588//301 3630//477
f 3630//477 3588//301 3631//752
f 3588//301 3589//724 3631//752
f 3631//752 3589//724 3632//753
f 3589//724 3590//725 3632//753
f 3632//753 3590//725 3633//754
f 3590//725 3591//726 3633//754
f 3594//729 3595//730 3635//755
f 3594//729 3635//755 3634//756
f 3595//730 3596//301 3635//755
f 3635//755 3596//301 3636//757
f 3596//301 3597//731 3636//757
f 3636//757 3597//731 3637//758
f 3597//731 3598//732 3637//758
f 3637//758 3598//732 3638//759
f 3598//732 3599//733 3638//759
f 3609//743 3610//744 3639//760
f 3639//760 3610//744 3640//761
f 3610//744 3611//745 3640//761
f 1925//369 2375//431 3670//762
f 3614//748 3615//301 3641//763
f 3641//763 3615//301 3642//301
f 3615//301 3616//301 3642//301
f 3642//301 3616//301 3643//301
f 3616//301 3617//195 3643//301
f 3643//301 3617//195 3644//212
f 3617//195 3618//15 3645//403
f 3617//195 3645//403 3644//212
f 3618//15 3619//346 3645//403
f 3645//403 3619//346 3646//385
f 3619//346 3620//15 3647//212
f 3619//346 3647//212 3646//385
f 3620//15 3621//15 3647//212
f 3647//212 3621//15 3648//764
f 3621//15 3622//15 3648//764
f 3648//764 3622//15 3649//765
f 3622//15 3623//393 3649//765
f 3649//765 3623//393 3650//766
f 3623//393 3624//749 3650//766
f 3650//766 3624//749 3651//767
f 3624//749 3625//750 3651//767
f 3651//767 3625//750 3652//768
f 3625//750 3626//751 3652//768
f 3652//768 3626//751 3653//769
f 3626//751 3627//212 3654//770
f 3626//751 3654//770 3653//769
f 3627//212 3628//418 3654//770
f 3654//770 3628//418 3655//679
f 3628//418 3629//460 3656//771
f 3628//418 3656//771 3655//679
f 3629//460 3630//477 3656//771
f 3656//771 3630//477 3657//772
f 3630//477 3631//752 3657//772
f 3657//772 3631//752 3658//773
f 3631//752 3632//753 3658//773
f 3658//773 3632//753 3659//774
f 3632//753 3633//754 3659//774
f 3634//756 3635//755 3660//775
f 3635//755 3636//757 3661//776
f 3635//755 3661//776 3660//775
f 2644//442 2733//442 3670//762
f 2822//525 2911//51 3128//597
f 18//14 100//63 4//3
f 3641//763 3642//301 3662//777
f 3662//777 3642//301 3663//15
f 3642//301 3643//301 3663//15
f 3663//15 3643//301 3664//15
f 3643//301 3644//212 3664//15
f 3664//15 3644//212 3665//15
f 3644//212 3645//403 3666//346
f 3644//212 3666//346 3665//15
f 3645//403 3646//385 3666//346
f 3666//346 3646//385 3667//15
f 3646//385 3647//212 3668//778
f 3646//385 3668//778 3667//15
f 3647//212 3648//764 3668//778
f 3668//778 3648//764 3669//779
f 3648//764 3649//765 3669//779
f 3669//779 3649//765 3670//762
f 3649//765 3650//766 3671//780
f 3649//765 3671//780 3670//762
f 3650//766 3651//767 3672//781
f 3650//766 3672//781 3671//780
f 3651//767 3652//768 3672//781
f 3672//781 3652//768 3673//782
f 3652//768 3653//769 3674//783
f 3652//768 3674//783 3673//782
f 3653//769 3654//770 3675//784
f 3653//769 3675//784 3674//783
f 3654//770 3655//679 3676//785
f 3654//770 3676//785 3675//784
f 3655//679 3656//771 3677//786
f 3655//679 3677//786 3676//785
f 3656//771 3657//772 3677//786
f 3677//786 3657//772 3678//787
f 3657//772 3658//773 3678//787
f 3678//787 3658//773 3679//788
f 3658//773 3659//774 3679//788
f 2555//442 2644//442 3670//762
f 2911//51 2987//51 3128//597
f 3193//606 3449//647 3693//789
f 2987//51 3059//586 3128//597
f 3193//606 3322//621 3449//647
f 3322//621 3386//629 3449//647
f 3193//606 3258//613 3322//621
f 1834//359 1925//369 3670//762
f 1208//300 1295//323 27//23
f 2015//51 2105//51 2375//431
f 1925//369 2015//51 2375//431
f 1743//359 1834//359 3670//762
f 1472//51 1561//194 1652//351
f 3128//597 3670//762 2822//525
f 1041//51 1121//276 1208//300
f 3571//723 3693//789 3449//647
f 1652//351 27//23 1295//323
f 840//244 903//248 27//23
f 3571//723 3614//748 3641//763
f 3641//763 3662//777 3681//790
f 3641//763 3693//789 3571//723
f 3662//777 3680//791 3681//790
f 3681//790 3693//789 3641//763
f 3693//789 3670//762 3193//606
f 3670//762 1652//351 1743//359
f 3670//762 27//23 1652//351
f 4//3 8//8 18//14
f 6//5 1//1 132//69
f 4//3 100//63 1//1
f 4//3 3//6 8//8
f 100//63 132//69 1//1
f 18//14 41//29 70//51
f 70//51 100//63 18//14
f 3662//777 3663//15 3680//791
f 3680//791 3663//15 3681//790
f 3663//15 3664//15 3681//790
f 3681//790 3664//15 3682//792
f 3664//15 3665//15 3682//792
f 3682//792 3665//15 3683//792
f 3665//15 3666//346 3683//792
f 3683//792 3666//346 3684//792
f 3666//346 3667//15 3684//792
f 3684//792 3667//15 3685//793
f 3667//15 3668//778 3685//793
f 3685//793 3668//778 3686//794
f 3668//778 3669//779 3686//794
f 3686//794 3669//779 3687//795
f 3669//779 3670//762 3687//795
f 3674//783 3675//784 3688//796
f 3688//796 3675//784 3689//797
f 3675//784 3676//785 3689//797
f 3689//797 3676//785 3690//798
f 3676//785 3677//786 3690//798
f 3690//798 3677//786 3691//799
f 3677//786 3678//787 3691//799
f 3691//799 3678//787 3692//800
f 3678//787 3679//788 3692//800
f 172//78 213//98 13//13
f 413//162 588//211 13//13
f 213//98 260//98 13//13
f 968//51 1041//51 1208//300
f 903//248 968//51 1208//300
f 650//51 713//51 840//244
f 713//51 776//240 840//244
f 467//51 527//194 588//211
f 588//211 650//51 840//244
f 413//162 467//51 588//211
f 359//98 413//162 13//13
f 2733//442 2822//525 3670//762
f 3681//790 3682//792 3693//789
f 3693//789 3682//792 3694//801
f 3682//792 3683//792 3694//801
f 3694//801 3683//792 3695//802
f 3683//792 3684//792 3695//802
f 3695//802 3684//792 3696//803
f 3684//792 3685//793 3696//803
f 3696//803 3685//793 3697//804
f 3685//793 3686//794 3698//805
f 3685//793 3698//805 3697//804
f 3686//794 3687//795 3698//805
f 3688//796 3689//797 3699//806
f 3689//797 3690//798 3700//807
f 3689//797 3700//807 3699//806
f 3690//798 3691//799 3700//807
f 3700//807 3691//799 3701//759
f 3691//799 3692//800 3701//759
f 2195//51 2285//417 2375//431
f 2375//431 2465//442 3670//762
f 2465//442 2555//442 3670//762
f 1295//323 1383//51 1652//351
f 2105//51 2195//51 2375//431
f 1383//51 1472//51 1652//351
f 172//78 13//13 6//5
f 903//248 1208//300 27//23
f 3193//606 3670//762 3128//597
f 588//211 840//244 27//23
f 3449//647 3511//682 3571//723
f 132//69 172//78 6//5
f 308//98 359//98 13//13
f 260//98 308//98 13//13
f 13//13 588//211 27//23
f 3674//783 3591//726 3670//762
f 3693//789 3694//801 3670//762
f 3696//803 3687//795 3695//802
f 3694//801 3695//802 3670//762
f 3697//804 3687//795 3696//803
f 3687//795 3670//762 3695//802
f 3697//804 3698//805 3687//795
f 3670//762 3672//781 3674//783
f 3672//781 3673//782 3674//783
f 3670//762 3671//780 3672//781
f 3674//783 3700//807 3692//800
f 3674//783 3688//796 3699//806
f 3692//800 3679//788 3674//783
f 3699//806 3700//807 3674//783
f 3701//759 3692//800 3700//807
f 3633//754 3591//726 3674//783
f 3679//788 3659//774 3674//783
f 3659//774 3633//754 3674//783
f 3594//729 3634//756 3636//757
f 3660//775 3636//757 3634//756
f 3636//757 3637//758 3594//729
f 3660//775 3661//776 3636//757
f 3540//692 3593//728 3594//729
f 3599//733 3540//692 3594//729
f 3637//758 3599//733 3594//729
f 3638//759 3599//733 3637//758
f 3540//692 3541//693 3480//653
f 163//73 3540//692 3480//653
f 3481//654 3543//695 3552//704
f 3481//654 3542//694 3543//695
f 3604//738 3552//704 3543//695
f 3600//734 3601//735 3543//695
f 3601//735 3602//736 3543//695
f 3602//736 3603//737 3543//695
f 3603//737 3604//738 3543//695
f 3604//738 3605//739 3552//704
f 3605//739 3606//740 3552//704
f 163//73 3593//728 3540//692
f 3593//728 163//73 3592//727
f 3553//705 3554//706 3556//708
f 3606//740 3607//741 3552//704
f 3554//706 3555//707 3556//708
f 3564//716 3609//743 3611//745
f 3560//712 3608//742 3562//714
f 3640//761 3611//745 3609//743
f 3481//654 163//73 3480//653
f 3611//745 3612//746 3510//681
f 3639//760 3640//761 3609//743
f 3510//681 3564//716 3611//745
f 3613//747 3570//722 3510//681
f 3612//746 3613//747 3510//681
f 3510//681 3448//646 3321//620
f 3556//708 521//193 3553//705
f 3448//646 3385//628 3321//620
f 3321//620 3257//612 3192//605
f 3192//605 3123//592 3321//620
f 3557//709 902//247 3556//708
f 3591//726 27//23 3670//762
f 902//247 3557//709 3558//710
f 3052//579 3053//580 2979//566
f 3053//580 3054//581 2979//566
f 2892//541 1111//269 1033//255
f 2892//541 1032//254 2979//566
f 2979//566 2980//567 2892//541
f 2892//541 2893//542 1193//284
f 2893//542 2894//543 1193//284
f 2894//543 2895//544 1193//284
f 1193//284 1111//269 2892//541
f 2896//545 2897//546 2898//547
f 2899//548 2900//549 1199//293
f 2900//549 2903//552 1200//314
f 3055//582 3125//594 3058//585
f 2900//549 2901//550 2903//552
f 2901//550 2902//551 2903//552
f 2904//553 3055//582 3058//585
f 3055//582 3124//593 3125//594
f 2904//553 2981//568 3055//582
f 2904//553 2986//572 2732//494
f 3125//594 3126//595 3058//585
f 3126//595 3127//596 3058//585
f 3058//585 2986//572 2904//553
f 2732//494 2643//473 2904//553
f 2986//572 2910//557 2821//524
f 2643//473 2554//368 2464//441
f 2821//524 2732//494 2986//572
f 2194//395 2903//552 2904//553
f 2643//473 2284//416 2904//553
f 2284//416 2194//395 2904//553
f 2014//374 1833//363 1650//350
f 2464//441 2374//430 2643//473
f 2374//430 2284//416 2643//473
f 2194//395 2104//383 2903//552
f 2104//383 2014//374 2903//552
f 1833//363 1742//358 1650//350
f 2014//374 1924//368 1833//363
f 1650//350 1560//345 2014//374
f 1199//293 2898//547 2899//548
f 2014//374 1200//314 2903//552
f 1742//358 1651//357 1650//350
f 1560//345 1381//332 2014//374
f 1199//293 2896//545 2898//547
f 1381//332 1201//294 2014//374
f 1201//294 1200//314 2014//374
f 1382//338 1381//332 1560//345
f 1381//332 1206//299 1201//294
f 1381//332 1294//322 1206//299
f 1471//340 1382//338 1560//345
f 1294//322 1207//321 1206//299
f 1206//299 1120//275 1117//270
f 1117//270 1201//294 1206//299
f 1120//275 1040//273 1039//271
f 1199//293 1195//285 2896//545
f 1039//271 1117//270 1120//275
f 1114//288 1195//285 1199//293
f 1200//314 1199//293 2900//549
f 1199//293 1116//292 1115//290
f 1115//290 1114//288 1199//293
f 2896//545 1194//308 2895//544
f 1114//288 1113//286 1195//285
f 1195//285 1194//308 2896//545
f 1194//308 1193//284 2895//544
f 1111//269 1038//268 1037//266
f 1193//284 1112//282 1111//269
f 1037//266 1036//264 1111//269
f 1036//264 1035//258 1111//269
f 1035//258 1033//255 1111//269
f 1033//255 1032//254 2892//541
f 3321//620 3564//716 3510//681
f 1035//258 967//256 1033//255
f 1032//254 3052//579 2979//566
f 1032//254 3123//592 3052//579
f 902//247 521//193 3556//708
f 1032//254 966//252 3123//592
f 966//252 902//247 3558//710
f 775//239 649//225 902//247
f 522//202 521//193 902//247
f 649//225 587//210 524//206
f 902//247 839//243 775//239
f 587//210 526//209 525//208
f 775//239 712//232 649//225
f 525//208 524//206 587//210
f 649//225 524//206 902//247
f 524//206 523//204 902//247
f 523//204 522//202 902//247
f 3123//592 3562//714 3563//715
f 966//252 3558//710 3123//592
f 409//156 408//155 521//193
f 521//193 408//155 3553//705
f 3562//714 3123//592 3560//712
f 466//181 409//156 521//193
f 412//161 358//159 466//181
f 3559//711 3123//592 3558//710
f 358//159 357//157 466//181
f 357//157 409//156 466//181
f 3123//592 3564//716 3321//620
f 3123//592 3559//711 3560//712
f 258//125 257//123 307//129
f 307//129 257//123 356//143
f 257//123 256//121 356//143
f 307//129 259//127 258//125
f 356//143 255//119 408//155
f 254//107 212//97 169//91
f 256//121 255//119 356//143
f 255//119 254//107 408//155
f 3564//716 3123//592 3563//715
f 212//97 171//95 170//93
f 163//73 3591//726 3592//727
f 31//34 27//23 3591//726
f 64//50 31//34 3591//726
f 170//93 169//91 212//97
f 64//50 35//42 31//34
f 169//91 168//89 254//107
f 168//89 167//77 254//107
f 167//77 165//74 254//107
f 167//77 131//75 165//74
f 163//73 64//50 3591//726
f 64//50 39//27 37//24
f 163//73 66//56 64//50
f 254//107 164//85 3481//654
f 163//73 130//68 66//56
f 165//74 164//85 254//107
f 164//85 163//73 3481//654
f 99//62 69//60 68//59
f 130//68 99//62 67//58
f 68//59 67//58 99//62
f 67//58 66//56 130//68
f 64//50 40//48 39//27
f 66//56 65//54 64//50
f 36//44 35//42 64//50
f 39//27 17//25 37//24
f 34//40 33//38 31//34
f 37//24 36//44 64//50
f 33//38 32//36 31//34
f 35//42 34//40 31//34
f 29//32 28//31 31//34
f 31//34 28//31 27//23
f 27//23 16//21 15//19
f 30//33 29//32 31//34
f 15//19 14//17 27//23
f 14//17 13//13 27//23
f 6//5 2//2 1//1
f 13//13 7//11 6//5
f 3481//654 408//155 254//107
f 3553//705 408//155 3552//704
f 408//155 3481//654 3552//704
