# Blender 4.5.3 LTS
# www.blender.org
mtllib kozmetika3Rot.mtl
o kozmetika3
v -1.241809 -3.110354 -1.433104
v -1.251873 -3.051851 -1.505903
v -1.216102 -3.163981 -1.331557
v -1.241873 -3.065993 -1.515903
v -1.236873 -3.073064 -1.520903
v -1.231873 -3.080135 -1.525903
v -1.226873 -3.087206 -1.530903
v -1.221873 -3.094277 -1.535903
v -1.216873 -3.101348 -1.540903
v -1.196213 -3.161886 -1.454630
v -1.206873 -3.115491 -1.550903
v -1.201873 -3.122562 -1.555903
v -1.254738 -3.057927 -1.400175
v -1.263337 -3.018566 -1.484439
v -1.258337 -3.025638 -1.489439
v -1.253337 -3.032709 -1.494439
v -1.248337 -3.039780 -1.499439
v -1.209132 -3.163635 -1.305076
v -1.204132 -3.170706 -1.310076
v -1.197930 -3.181881 -1.308070
v -1.193445 -3.187194 -1.316072
v -1.187930 -3.196023 -1.318070
v -1.183445 -3.201336 -1.326072
v -1.177930 -3.210165 -1.328070
v -1.173445 -3.215478 -1.336072
v -1.168445 -3.222549 -1.341072
v -1.164132 -3.227275 -1.350076
v -1.159819 -3.232001 -1.359079
v -1.188337 -3.124633 -1.559439
v -1.271202 -3.017572 -1.373711
v -1.266202 -3.024643 -1.378711
v -1.274802 -2.985282 -1.462974
v -1.269802 -2.992353 -1.467974
v -1.264802 -2.999424 -1.472974
v -1.223046 -3.131988 -1.263746
v -1.216698 -3.143663 -1.260887
v -1.211697 -3.150734 -1.265887
v -1.206697 -3.157805 -1.270887
v -1.201697 -3.164876 -1.275887
v -1.196697 -3.171947 -1.280887
v -1.191697 -3.179018 -1.285887
v -1.186697 -3.186089 -1.290887
v -1.183046 -3.188556 -1.303746
v -1.178046 -3.195627 -1.308746
v -1.173046 -3.202698 -1.313746
v -1.169394 -3.205165 -1.326606
v -1.164394 -3.212236 -1.331606
v -1.159909 -3.217549 -1.339608
v -1.154909 -3.224620 -1.344608
v -1.150596 -3.229346 -1.353612
v -1.146283 -3.234071 -1.362615
v -1.174802 -3.126704 -1.562974
v -1.286266 -2.951998 -1.441510
v -1.281266 -2.959069 -1.446510
v -1.240859 -3.087028 -1.245141
v -1.235859 -3.094099 -1.250141
v -1.229510 -3.105774 -1.247282
v -1.223162 -3.117450 -1.244422
v -1.218162 -3.124521 -1.249422
v -1.213162 -3.131592 -1.254422
v -1.208162 -3.138663 -1.259422
v -1.203162 -3.145734 -1.264422
v -1.198162 -3.152805 -1.269422
v -1.193162 -3.159876 -1.274422
v -1.188162 -3.166947 -1.279422
v -1.183162 -3.174018 -1.284422
v -1.178162 -3.181089 -1.289422
v -1.173162 -3.188160 -1.294422
v -1.169510 -3.190627 -1.307282
v -1.164510 -3.197698 -1.312282
v -1.159510 -3.204769 -1.317282
v -1.155859 -3.207236 -1.330141
v -1.150859 -3.214307 -1.335141
v -1.146374 -3.219620 -1.343143
v -1.142061 -3.224346 -1.352147
v -1.137748 -3.229072 -1.361150
v -1.166266 -3.121704 -1.561510
v -1.289131 -2.958074 -1.335782
v -1.284131 -2.965145 -1.340782
v -1.279131 -2.972216 -1.345782
v -1.287731 -2.932856 -1.430045
v -1.282731 -2.939927 -1.435046
v -1.240975 -3.072490 -1.225817
v -1.235975 -3.079561 -1.230817
v -1.229627 -3.091236 -1.227958
v -1.224627 -3.098308 -1.232958
v -1.219627 -3.105379 -1.237958
v -1.214627 -3.112450 -1.242958
v -1.209627 -3.119521 -1.247958
v -1.204627 -3.126592 -1.252958
v -1.199627 -3.133663 -1.257958
v -1.194626 -3.140734 -1.262958
v -1.189626 -3.147805 -1.267958
v -1.184626 -3.154876 -1.272958
v -1.179626 -3.161947 -1.277958
v -1.174626 -3.169018 -1.282958
v -1.169626 -3.176089 -1.287958
v -1.164626 -3.183160 -1.292958
v -1.160975 -3.185627 -1.305817
v -1.155975 -3.192698 -1.310817
v -1.150975 -3.199769 -1.315817
v -1.147323 -3.202236 -1.328677
v -1.142323 -3.209307 -1.333677
v -1.137838 -3.214620 -1.341679
v -1.133525 -3.219346 -1.350683
v -1.128525 -3.226417 -1.355683
v -1.124212 -3.231143 -1.364686
v -1.152731 -3.123775 -1.565045
v -1.299195 -2.899572 -1.408581
v -1.262050 -3.016392 -1.226228
v -1.255677 -3.028153 -1.223222
v -1.249303 -3.039915 -1.220214
v -1.243788 -3.048744 -1.222212
v -1.237439 -3.060419 -1.219353
v -1.232439 -3.067490 -1.224353
v -1.227439 -3.074561 -1.229353
v -1.221091 -3.086236 -1.226493
v -1.216091 -3.093307 -1.231493
v -1.211091 -3.100379 -1.236493
v -1.206091 -3.107450 -1.241493
v -1.201091 -3.114521 -1.246493
v -1.196091 -3.121592 -1.251493
v -1.191091 -3.128663 -1.256493
v -1.184742 -3.140338 -1.253634
v -1.181091 -3.142805 -1.266493
v -1.176091 -3.149876 -1.271493
v -1.171091 -3.156947 -1.276493
v -1.166091 -3.164018 -1.281493
v -1.161091 -3.171089 -1.286493
v -1.156091 -3.178160 -1.291493
v -1.151091 -3.185231 -1.296493
v -1.147439 -3.187698 -1.309353
v -1.142439 -3.194769 -1.314353
v -1.138788 -3.197237 -1.327212
v -1.133788 -3.204308 -1.332212
v -1.129303 -3.209620 -1.340214
v -1.124990 -3.214346 -1.349218
v -1.119990 -3.221417 -1.354218
v -1.115677 -3.226143 -1.363221
v -1.144195 -3.118775 -1.563581
v -1.295660 -2.887501 -1.402117
v -1.257828 -3.006666 -1.215760
v -1.251454 -3.018427 -1.212754
v -1.245767 -3.027843 -1.213750
v -1.240252 -3.036673 -1.215748
v -1.235252 -3.043744 -1.220748
v -1.228904 -3.055419 -1.217888
v -1.223904 -3.062490 -1.222888
v -1.218904 -3.069561 -1.227888
v -1.212556 -3.081236 -1.225029
v -1.207556 -3.088307 -1.230029
v -1.202556 -3.095378 -1.235029
v -1.197556 -3.102449 -1.240029
v -1.192556 -3.109521 -1.245029
v -1.187556 -3.116592 -1.250029
v -1.182556 -3.123663 -1.255029
v -1.176207 -3.135338 -1.252169
v -1.172555 -3.137805 -1.265029
v -1.167555 -3.144876 -1.270029
v -1.162555 -3.151947 -1.275029
v -1.157555 -3.159018 -1.280029
v -1.152555 -3.166089 -1.285029
v -1.147555 -3.173160 -1.290029
v -1.142555 -3.180232 -1.295029
v -1.138904 -3.182698 -1.307888
v -1.133904 -3.189770 -1.312888
v -1.128904 -3.196841 -1.317888
v -1.125252 -3.199307 -1.330748
v -1.120252 -3.206378 -1.335748
v -1.115767 -3.211691 -1.343750
v -1.111454 -3.216417 -1.352754
v -1.107141 -3.221143 -1.361757
v -1.102141 -3.228214 -1.366757
v -1.130660 -3.120846 -1.567117
v -1.292124 -2.875429 -1.395652
v -1.254292 -2.994595 -1.209296
v -1.248605 -3.004010 -1.210293
v -1.242232 -3.015772 -1.207285
v -1.236717 -3.024602 -1.209283
v -1.231717 -3.031673 -1.214283
v -1.225368 -3.043348 -1.211424
v -1.220368 -3.050419 -1.216424
v -1.215368 -3.057490 -1.221424
v -1.210368 -3.064561 -1.226424
v -1.204020 -3.076236 -1.223564
v -1.199020 -3.083307 -1.228564
v -1.194020 -3.090378 -1.233564
v -1.189020 -3.097449 -1.238564
v -1.184020 -3.104521 -1.243564
v -1.179020 -3.111592 -1.248564
v -1.172671 -3.123266 -1.245705
v -1.167671 -3.130338 -1.250705
v -1.162671 -3.137409 -1.255705
v -1.157671 -3.144480 -1.260705
v -1.154020 -3.146947 -1.273564
v -1.149020 -3.154018 -1.278564
v -1.144020 -3.161089 -1.283564
v -1.139020 -3.168160 -1.288564
v -1.134020 -3.175231 -1.293564
v -1.130368 -3.177698 -1.306424
v -1.125368 -3.184769 -1.311424
v -1.120368 -3.191840 -1.316424
v -1.116717 -3.194307 -1.329283
v -1.111717 -3.201378 -1.334283
v -1.107232 -3.206691 -1.342285
v -1.102232 -3.213762 -1.347285
v -1.097919 -3.218488 -1.356289
v -1.093606 -3.223214 -1.365293
v -1.122124 -3.115846 -1.565652
v -1.293588 -2.856287 -1.384188
v -1.288588 -2.863358 -1.389188
v -1.250070 -2.984869 -1.198828
v -1.245070 -2.991940 -1.203828
v -1.239383 -3.001356 -1.204825
v -1.233696 -3.010772 -1.205821
v -1.228181 -3.019602 -1.207819
v -1.223181 -3.026673 -1.212819
v -1.216833 -3.038348 -1.209959
v -1.211833 -3.045419 -1.214959
v -1.206833 -3.052490 -1.219959
v -1.200484 -3.064165 -1.217100
v -1.195484 -3.071236 -1.222100
v -1.190484 -3.078307 -1.227100
v -1.185484 -3.085378 -1.232100
v -1.180484 -3.092449 -1.237100
v -1.175484 -3.099521 -1.242100
v -1.169136 -3.111196 -1.239240
v -1.164136 -3.118267 -1.244240
v -1.159136 -3.125338 -1.249240
v -1.154136 -3.132409 -1.254240
v -1.149136 -3.139480 -1.259240
v -1.145484 -3.141947 -1.272100
v -1.140484 -3.149018 -1.277100
v -1.135484 -3.156089 -1.282100
v -1.130484 -3.163160 -1.287100
v -1.125484 -3.170231 -1.292100
v -1.120484 -3.177302 -1.297100
v -1.116833 -3.179769 -1.309959
v -1.111833 -3.186840 -1.314959
v -1.106833 -3.193911 -1.319959
v -1.103181 -3.196378 -1.332819
v -1.098696 -3.201691 -1.340821
v -1.093696 -3.208762 -1.345821
v -1.089383 -3.213488 -1.354825
v -1.085070 -3.218214 -1.363828
v -1.080070 -3.225285 -1.368828
v -1.108588 -3.117917 -1.569188
v -1.305053 -2.823003 -1.362723
v -1.300053 -2.830074 -1.367723
v -1.290053 -2.844216 -1.377723
v -1.251534 -2.965726 -1.187364
v -1.247221 -2.970453 -1.196367
v -1.241534 -2.979869 -1.197364
v -1.235848 -2.989285 -1.198360
v -1.230161 -2.998701 -1.199356
v -1.225161 -3.005772 -1.204356
v -1.219646 -3.014602 -1.206354
v -1.214646 -3.021673 -1.211354
v -1.208297 -3.033348 -1.208495
v -1.203297 -3.040419 -1.213495
v -1.198297 -3.047490 -1.218495
v -1.191949 -3.059165 -1.215635
v -1.186949 -3.066236 -1.220635
v -1.181949 -3.073308 -1.225635
v -1.176949 -3.080379 -1.230635
v -1.171949 -3.087450 -1.235635
v -1.166949 -3.094521 -1.240635
v -1.160600 -3.106195 -1.237776
v -1.155600 -3.113266 -1.242776
v -1.150600 -3.120338 -1.247776
v -1.145600 -3.127409 -1.252776
v -1.140600 -3.134480 -1.257776
v -1.136949 -3.136947 -1.270635
v -1.131949 -3.144018 -1.275635
v -1.126949 -3.151089 -1.280635
v -1.121949 -3.158160 -1.285635
v -1.116949 -3.165231 -1.290635
v -1.111949 -3.172302 -1.295635
v -1.108297 -3.174769 -1.308495
v -1.103297 -3.181840 -1.313495
v -1.098297 -3.188911 -1.318495
v -1.094646 -3.191379 -1.331354
v -1.090161 -3.196691 -1.339356
v -1.085161 -3.203762 -1.344356
v -1.080848 -3.208488 -1.353360
v -1.075848 -3.215559 -1.358360
v -1.071534 -3.220285 -1.367364
v -1.068595 -3.220321 -1.384373
v -1.081453 -3.166419 -1.493460
v -1.301517 -2.810932 -1.356259
v -1.296517 -2.818003 -1.361259
v -1.262120 -2.925443 -1.194919
v -1.286517 -2.832145 -1.371259
v -1.281517 -2.839216 -1.376259
v -1.242999 -2.960726 -1.185899
v -1.237999 -2.967798 -1.190899
v -1.232999 -2.974869 -1.195899
v -1.227312 -2.984285 -1.196896
v -1.221625 -2.993701 -1.197892
v -1.216110 -3.002531 -1.199890
v -1.211110 -3.009602 -1.204890
v -1.206110 -3.016673 -1.209890
v -1.199762 -3.028348 -1.207030
v -1.194762 -3.035419 -1.212030
v -1.189762 -3.042490 -1.217030
v -1.183413 -3.054165 -1.214171
v -1.178413 -3.061236 -1.219171
v -1.173413 -3.068307 -1.224171
v -1.168413 -3.075378 -1.229171
v -1.163413 -3.082449 -1.234171
v -1.158413 -3.089520 -1.239171
v -1.152065 -3.101195 -1.236311
v -1.147065 -3.108266 -1.241311
v -1.142064 -3.115338 -1.246311
v -1.137064 -3.122409 -1.251311
v -1.132064 -3.129480 -1.256311
v -1.128413 -3.131947 -1.269171
v -1.123413 -3.139018 -1.274171
v -1.118413 -3.146089 -1.279171
v -1.113413 -3.153160 -1.284171
v -1.108413 -3.160231 -1.289171
v -1.103413 -3.167302 -1.294171
v -1.098413 -3.174373 -1.299171
v -1.094761 -3.176841 -1.312030
v -1.089761 -3.183912 -1.317030
v -1.086110 -3.186378 -1.329890
v -1.081110 -3.193449 -1.334890
v -1.076625 -3.198762 -1.342892
v -1.072312 -3.203488 -1.351896
v -1.067312 -3.210559 -1.356896
v -1.062999 -3.215285 -1.365899
v -1.058686 -3.220011 -1.374902
v -1.086517 -3.114988 -1.571259
v -1.292982 -2.805932 -1.354794
v -1.258584 -2.913372 -1.188455
v -1.252898 -2.922788 -1.189451
v -1.247211 -2.932204 -1.190448
v -1.240150 -2.946311 -1.183438
v -1.234463 -2.955726 -1.184435
v -1.229463 -2.962797 -1.189435
v -1.224463 -2.969868 -1.194435
v -1.218777 -2.979285 -1.195432
v -1.213090 -2.988701 -1.196427
v -1.207575 -2.997531 -1.198426
v -1.202574 -3.004602 -1.203426
v -1.197575 -3.011673 -1.208426
v -1.192575 -3.018744 -1.213426
v -1.186226 -3.030419 -1.210566
v -1.181226 -3.037490 -1.215566
v -1.174878 -3.049165 -1.212707
v -1.169878 -3.056236 -1.217706
v -1.164878 -3.063307 -1.222707
v -1.159878 -3.070378 -1.227706
v -1.154878 -3.077449 -1.232707
v -1.149878 -3.084521 -1.237706
v -1.143529 -3.096195 -1.234847
v -1.138529 -3.103266 -1.239847
v -1.133529 -3.110338 -1.244847
v -1.128529 -3.117409 -1.249847
v -1.123529 -3.124480 -1.254847
v -1.119878 -3.126947 -1.267707
v -1.114878 -3.134018 -1.272707
v -1.109878 -3.141089 -1.277707
v -1.104878 -3.148160 -1.282706
v -1.099878 -3.155231 -1.287707
v -1.094878 -3.162302 -1.292706
v -1.089878 -3.169374 -1.297707
v -1.086226 -3.171840 -1.310566
v -1.081226 -3.178911 -1.315566
v -1.077574 -3.181378 -1.328426
v -1.072575 -3.188449 -1.333426
v -1.068090 -3.193762 -1.341427
v -1.063090 -3.200833 -1.346428
v -1.058777 -3.205559 -1.355431
v -1.054463 -3.210285 -1.364435
v -1.049464 -3.217356 -1.369435
v -1.077982 -3.109988 -1.569794
v -1.289446 -2.793861 -1.348330
v -1.255736 -2.898956 -1.185993
v -1.249362 -2.910717 -1.182987
v -1.243675 -2.920133 -1.183984
v -1.237988 -2.929549 -1.184980
v -1.231615 -2.941310 -1.181973
v -1.225928 -2.950726 -1.182970
v -1.220928 -2.957797 -1.187970
v -1.215928 -2.964869 -1.192970
v -1.210241 -2.974285 -1.193967
v -1.204554 -2.983701 -1.194963
v -1.199554 -2.990772 -1.199963
v -1.194039 -2.999602 -1.201961
v -1.189039 -3.006673 -1.206961
v -1.184039 -3.013744 -1.211961
v -1.177691 -3.025419 -1.209101
v -1.172691 -3.032490 -1.214102
v -1.167691 -3.039561 -1.219101
v -1.161342 -3.051236 -1.216242
v -1.156342 -3.058307 -1.221242
v -1.151342 -3.065378 -1.226242
v -1.146342 -3.072449 -1.231242
v -1.141342 -3.079521 -1.236242
v -1.136342 -3.086592 -1.241242
v -1.129994 -3.098267 -1.238382
v -1.124993 -3.105338 -1.243383
v -1.119993 -3.112409 -1.248382
v -1.114993 -3.119480 -1.253383
v -1.109993 -3.126551 -1.258382
v -1.106342 -3.129018 -1.271242
v -1.101342 -3.136089 -1.276242
v -1.096342 -3.143160 -1.281242
v -1.091342 -3.150231 -1.286242
v -1.086342 -3.157302 -1.291242
v -1.081342 -3.164373 -1.296242
v -1.077690 -3.166840 -1.309102
v -1.072690 -3.173911 -1.314101
v -1.069039 -3.176378 -1.326961
v -1.064039 -3.183450 -1.331961
v -1.059039 -3.190521 -1.336961
v -1.054554 -3.195833 -1.344963
v -1.050241 -3.200559 -1.353967
v -1.045241 -3.207630 -1.358967
v -1.040928 -3.212356 -1.367970
v -1.037302 -3.214737 -1.380976
v -1.050847 -3.158490 -1.494066
v -1.280911 -2.788861 -1.346865
v -1.246513 -2.896301 -1.180526
v -1.240827 -2.905717 -1.181522
v -1.235140 -2.915133 -1.182519
v -1.228766 -2.926894 -1.179512
v -1.223079 -2.936311 -1.180509
v -1.217392 -2.945726 -1.181506
v -1.212392 -2.952797 -1.186506
v -1.207392 -2.959869 -1.191506
v -1.201706 -2.969285 -1.192503
v -1.196019 -2.978701 -1.193499
v -1.191019 -2.985772 -1.198499
v -1.185503 -2.994602 -1.200497
v -1.180504 -3.001673 -1.205497
v -1.175503 -3.008744 -1.210497
v -1.169155 -3.020419 -1.207637
v -1.164155 -3.027490 -1.212637
v -1.159155 -3.034561 -1.217637
v -1.152807 -3.046236 -1.214778
v -1.147807 -3.053308 -1.219778
v -1.142807 -3.060379 -1.224778
v -1.137807 -3.067450 -1.229778
v -1.132807 -3.074521 -1.234778
v -1.127807 -3.081592 -1.239778
v -1.122807 -3.088663 -1.244778
v -1.116458 -3.100338 -1.241918
v -1.111458 -3.107409 -1.246918
v -1.106458 -3.114480 -1.251918
v -1.101458 -3.121551 -1.256918
v -1.097807 -3.124018 -1.269778
v -1.092807 -3.131089 -1.274778
v -1.087807 -3.138160 -1.279778
v -1.082807 -3.145231 -1.284778
v -1.077807 -3.152302 -1.289778
v -1.072807 -3.159373 -1.294778
v -1.069155 -3.161840 -1.307637
v -1.064155 -3.168911 -1.312637
v -1.059155 -3.175983 -1.317637
v -1.055504 -3.178450 -1.330497
v -1.050503 -3.185521 -1.335497
v -1.046019 -3.190833 -1.343499
v -1.041706 -3.195559 -1.352503
v -1.036706 -3.202630 -1.357503
v -1.032393 -3.207356 -1.366506
v -1.028079 -3.212082 -1.375509
v -1.055911 -3.107059 -1.571865
v -1.277375 -2.776790 -1.340401
v -1.272375 -2.783861 -1.345401
v -1.237978 -2.891300 -1.179061
v -1.232291 -2.900717 -1.180058
v -1.226604 -2.910133 -1.181055
v -1.220917 -2.919549 -1.182051
v -1.215230 -2.928966 -1.183048
v -1.209544 -2.938382 -1.184044
v -1.203857 -2.947798 -1.185041
v -1.198857 -2.954869 -1.190041
v -1.193170 -2.964285 -1.191038
v -1.187483 -2.973701 -1.192034
v -1.182483 -2.980772 -1.197034
v -1.177483 -2.987843 -1.202034
v -1.171968 -2.996673 -1.204032
v -1.166968 -3.003744 -1.209032
v -1.160619 -3.015419 -1.206173
v -1.155620 -3.022490 -1.211173
v -1.150620 -3.029561 -1.216173
v -1.144271 -3.041236 -1.213313
v -1.139271 -3.048307 -1.218313
v -1.134271 -3.055378 -1.223313
v -1.129271 -3.062449 -1.228313
v -1.124271 -3.069520 -1.233313
v -1.119271 -3.076591 -1.238313
v -1.114271 -3.083663 -1.243313
v -1.107922 -3.095338 -1.240454
v -1.102922 -3.102409 -1.245454
v -1.097922 -3.109480 -1.250454
v -1.092922 -3.116551 -1.255454
v -1.087922 -3.123622 -1.260454
v -1.084271 -3.126089 -1.273313
v -1.079271 -3.133160 -1.278313
v -1.074271 -3.140231 -1.283313
v -1.069271 -3.147302 -1.288313
v -1.064271 -3.154373 -1.293313
v -1.060619 -3.156841 -1.306173
v -1.055619 -3.163912 -1.311173
v -1.050619 -3.170983 -1.316173
v -1.045619 -3.178054 -1.321173
v -1.041968 -3.180521 -1.334032
v -1.036968 -3.187592 -1.339032
v -1.032483 -3.192904 -1.347034
v -1.028170 -3.197630 -1.356038
v -1.023857 -3.202356 -1.365041
v -1.019544 -3.207082 -1.374044
v -1.047375 -3.102059 -1.570401
v -1.242877 -2.860433 -1.187613
v -1.236503 -2.872194 -1.184607
v -1.230129 -2.883956 -1.181600
v -1.223755 -2.895717 -1.178594
v -1.218069 -2.905133 -1.179590
v -1.212382 -2.914549 -1.180586
v -1.206695 -2.923965 -1.181583
v -1.201008 -2.933382 -1.182580
v -1.195321 -2.942797 -1.183577
v -1.190321 -2.949868 -1.188577
v -1.184634 -2.959285 -1.189574
v -1.178947 -2.968701 -1.190570
v -1.173947 -2.975772 -1.195570
v -1.168947 -2.982843 -1.200570
v -1.163432 -2.991673 -1.202568
v -1.158432 -2.998744 -1.207568
v -1.152084 -3.010419 -1.204708
v -1.147084 -3.017490 -1.209708
v -1.142084 -3.024561 -1.214708
v -1.137084 -3.031632 -1.219708
v -1.130735 -3.043307 -1.216849
v -1.125735 -3.050378 -1.221849
v -1.120735 -3.057449 -1.226849
v -1.115735 -3.064521 -1.231849
v -1.110735 -3.071592 -1.236849
v -1.105735 -3.078663 -1.241849
v -1.099387 -3.090338 -1.238989
v -1.094387 -3.097409 -1.243989
v -1.089387 -3.104480 -1.248989
v -1.084387 -3.111551 -1.253989
v -1.079387 -3.118622 -1.258989
v -1.075735 -3.121089 -1.271849
v -1.070735 -3.128160 -1.276849
v -1.065735 -3.135231 -1.281849
v -1.060735 -3.142303 -1.286849
v -1.055735 -3.149374 -1.291849
v -1.052084 -3.151840 -1.304708
v -1.047084 -3.158911 -1.309708
v -1.042084 -3.165982 -1.314708
v -1.037084 -3.173054 -1.319708
v -1.033432 -3.175520 -1.332568
v -1.028432 -3.182592 -1.337568
v -1.023947 -3.187904 -1.345570
v -1.019634 -3.192630 -1.354574
v -1.015321 -3.197356 -1.363577
v -1.011008 -3.202082 -1.372580
v -1.007382 -3.204463 -1.385586
v -1.020240 -3.150562 -1.494673
v -1.233654 -2.857778 -1.182146
v -1.227968 -2.867194 -1.183143
v -1.221594 -2.878956 -1.180135
v -1.215220 -2.890717 -1.177129
v -1.210220 -2.897788 -1.182129
v -1.204533 -2.907204 -1.183126
v -1.198159 -2.918965 -1.180119
v -1.192473 -2.928381 -1.181116
v -1.187473 -2.935452 -1.186116
v -1.181786 -2.944869 -1.187112
v -1.176786 -2.951940 -1.192112
v -1.171099 -2.961356 -1.193109
v -1.166099 -2.968427 -1.198109
v -1.160412 -2.977844 -1.199105
v -1.154897 -2.986673 -1.201103
v -1.149897 -2.993744 -1.206103
v -1.144897 -3.000815 -1.211103
v -1.138548 -3.012490 -1.208244
v -1.133548 -3.019561 -1.213244
v -1.128549 -3.026632 -1.218244
v -1.122200 -3.038307 -1.215384
v -1.117200 -3.045378 -1.220384
v -1.112200 -3.052449 -1.225384
v -1.107200 -3.059521 -1.230384
v -1.102200 -3.066592 -1.235384
v -1.097200 -3.073663 -1.240384
v -1.092200 -3.080734 -1.245384
v -1.085851 -3.092409 -1.242525
v -1.080851 -3.099480 -1.247525
v -1.075851 -3.106551 -1.252525
v -1.070851 -3.113622 -1.257525
v -1.067200 -3.116089 -1.270384
v -1.062200 -3.123160 -1.275384
v -1.057200 -3.130231 -1.280384
v -1.052200 -3.137302 -1.285384
v -1.047200 -3.144373 -1.290384
v -1.043548 -3.146840 -1.303244
v -1.038548 -3.153911 -1.308244
v -1.033548 -3.160983 -1.313244
v -1.028548 -3.168054 -1.318244
v -1.024897 -3.170521 -1.331103
v -1.019897 -3.177592 -1.336103
v -1.015412 -3.182904 -1.344105
v -1.010412 -3.189976 -1.349105
v -1.006099 -3.194701 -1.358109
v -1.002473 -3.197082 -1.371115
v -0.997473 -3.204153 -1.376115
v -1.025304 -3.099130 -1.572472
v -1.256768 -2.754719 -1.331007
v -1.225806 -2.850433 -1.184684
v -1.219432 -2.862194 -1.181678
v -1.213058 -2.873956 -1.178671
v -1.207371 -2.883372 -1.179668
v -1.201684 -2.892788 -1.180665
v -1.195998 -2.902204 -1.181661
v -1.190311 -2.911620 -1.182657
v -1.184624 -2.921036 -1.183654
v -1.178937 -2.930453 -1.184651
v -1.173250 -2.939869 -1.185648
v -1.168250 -2.946940 -1.190648
v -1.162563 -2.956356 -1.191645
v -1.157563 -2.963427 -1.196645
v -1.151876 -2.972843 -1.197641
v -1.146361 -2.981673 -1.199639
v -1.141361 -2.988744 -1.204639
v -1.136361 -2.995815 -1.209639
v -1.130013 -3.007490 -1.206779
v -1.125013 -3.014561 -1.211779
v -1.120013 -3.021632 -1.216779
v -1.113664 -3.033308 -1.213920
v -1.108664 -3.040379 -1.218920
v -1.103664 -3.047450 -1.223920
v -1.098664 -3.054521 -1.228920
v -1.093664 -3.061592 -1.233920
v -1.088664 -3.068663 -1.238920
v -1.083664 -3.075734 -1.243920
v -1.077316 -3.087409 -1.241060
v -1.072316 -3.094480 -1.246060
v -1.067316 -3.101551 -1.251060
v -1.062316 -3.108622 -1.256060
v -1.057316 -3.115693 -1.261060
v -1.053664 -3.118160 -1.273920
v -1.048664 -3.125231 -1.278920
v -1.043664 -3.132302 -1.283920
v -1.038664 -3.139373 -1.288920
v -1.035013 -3.141840 -1.301779
v -1.030013 -3.148911 -1.306779
v -1.025013 -3.155983 -1.311779
v -1.020013 -3.163054 -1.316779
v -1.016361 -3.165521 -1.329639
v -1.011361 -3.172592 -1.334639
v -1.006876 -3.177904 -1.342641
v -1.001876 -3.184975 -1.347641
v -0.997563 -3.189701 -1.356645
v -0.993250 -3.194427 -1.365648
v -0.988937 -3.199153 -1.374651
v -1.016769 -3.094130 -1.571007
v -1.243233 -2.756790 -1.334543
v -1.211583 -2.854849 -1.184217
v -1.205209 -2.866611 -1.181210
v -1.198836 -2.878372 -1.178203
v -1.193149 -2.887788 -1.179200
v -1.187462 -2.897204 -1.180197
v -1.181775 -2.906621 -1.181193
v -1.176088 -2.916037 -1.182190
v -1.170402 -2.925453 -1.183187
v -1.165402 -2.932524 -1.188187
v -1.159715 -2.941940 -1.189183
v -1.154028 -2.951356 -1.190180
v -1.149028 -2.958427 -1.195180
v -1.143341 -2.967843 -1.196176
v -1.138341 -2.974915 -1.201176
v -1.132826 -2.983744 -1.203174
v -1.127826 -2.990815 -1.208174
v -1.122826 -2.997886 -1.213174
v -1.116477 -3.009561 -1.210315
v -1.111477 -3.016632 -1.215315
v -1.106477 -3.023703 -1.220315
v -1.100129 -3.035378 -1.217455
v -1.095129 -3.042449 -1.222455
v -1.090129 -3.049520 -1.227455
v -1.085129 -3.056592 -1.232455
v -1.080129 -3.063663 -1.237455
v -1.075129 -3.070734 -1.242455
v -1.070129 -3.077805 -1.247455
v -1.063780 -3.089480 -1.244596
v -1.058780 -3.096551 -1.249596
v -1.053780 -3.103622 -1.254596
v -1.048780 -3.110693 -1.259596
v -1.045129 -3.113160 -1.272455
v -1.040129 -3.120231 -1.277455
v -1.035129 -3.127302 -1.282455
v -1.030129 -3.134373 -1.287455
v -1.025129 -3.141445 -1.292455
v -1.021477 -3.143912 -1.305315
v -1.016477 -3.150983 -1.310315
v -1.011477 -3.158054 -1.315315
v -1.007826 -3.160521 -1.328174
v -1.002826 -3.167592 -1.333174
v -0.998341 -3.172904 -1.341176
v -0.993341 -3.179975 -1.346176
v -0.989028 -3.184701 -1.355180
v -0.984715 -3.189427 -1.364183
v -0.980402 -3.194153 -1.373187
v -0.975402 -3.201224 -1.378187
v -1.003233 -3.096201 -1.574543
v -0.964634 -3.177988 -1.520280
v -1.234697 -2.751790 -1.333079
v -1.203048 -2.849849 -1.182752
v -1.196674 -2.861611 -1.179745
v -1.190987 -2.871027 -1.180742
v -1.185300 -2.880443 -1.181739
v -1.178927 -2.892204 -1.178733
v -1.173240 -2.901620 -1.179729
v -1.167553 -2.911036 -1.180725
v -1.162553 -2.918108 -1.185725
v -1.156866 -2.927524 -1.186722
v -1.151179 -2.936939 -1.187719
v -1.146179 -2.944010 -1.192719
v -1.140492 -2.953427 -1.193716
v -1.134805 -2.962843 -1.194712
v -1.129805 -2.969915 -1.199712
v -1.124290 -2.978744 -1.201710
v -1.119290 -2.985815 -1.206710
v -1.114290 -2.992886 -1.211710
v -1.107942 -3.004561 -1.208850
v -1.102942 -3.011632 -1.213850
v -1.097942 -3.018703 -1.218850
v -1.092942 -3.025774 -1.223850
v -1.086593 -3.037449 -1.220991
v -1.081593 -3.044521 -1.225991
v -1.076593 -3.051592 -1.230991
v -1.071593 -3.058663 -1.235991
v -1.066593 -3.065734 -1.240991
v -1.061593 -3.072805 -1.245991
v -1.055245 -3.084480 -1.243131
v -1.050245 -3.091551 -1.248131
v -1.045245 -3.098622 -1.253131
v -1.040245 -3.105693 -1.258131
v -1.036593 -3.108160 -1.270991
v -1.031593 -3.115232 -1.275991
v -1.026593 -3.122303 -1.280991
v -1.021593 -3.129374 -1.285991
v -1.016593 -3.136445 -1.290991
v -1.011593 -3.143516 -1.295991
v -1.007942 -3.145983 -1.308850
v -1.002942 -3.153054 -1.313850
v -0.997942 -3.160125 -1.318850
v -0.994290 -3.162592 -1.331710
v -0.989290 -3.169663 -1.336710
v -0.984290 -3.176734 -1.341710
v -0.979805 -3.182047 -1.349712
v -0.975492 -3.186772 -1.358716
v -0.971179 -3.191498 -1.367719
v -0.966179 -3.198569 -1.372719
v -0.994698 -3.091201 -1.573079
v -0.974698 -3.119486 -1.593079
v -0.945108 -3.210510 -1.454762
v -0.964698 -3.133628 -1.603079
v -0.949698 -3.154841 -1.618079
v -1.226162 -2.746790 -1.331614
v -1.194512 -2.844849 -1.181288
v -1.188825 -2.854265 -1.182285
v -1.182451 -2.866027 -1.179278
v -1.176765 -2.875443 -1.180274
v -1.170391 -2.887204 -1.177268
v -1.164704 -2.896620 -1.178264
v -1.159704 -2.903691 -1.183264
v -1.154017 -2.913107 -1.184261
v -1.148330 -2.922524 -1.185258
v -1.142643 -2.931940 -1.186255
v -1.137644 -2.939011 -1.191254
v -1.131957 -2.948427 -1.192251
v -1.126957 -2.955498 -1.197251
v -1.121270 -2.964915 -1.198247
v -1.116270 -2.971986 -1.203247
v -1.110755 -2.980815 -1.205245
v -1.105755 -2.987886 -1.210245
v -1.099406 -2.999561 -1.207386
v -1.094406 -3.006632 -1.212386
v -1.089406 -3.013703 -1.217386
v -1.084406 -3.020774 -1.222386
v -1.078058 -3.032449 -1.219526
v -1.073058 -3.039521 -1.224526
v -1.068058 -3.046592 -1.229526
v -1.063058 -3.053663 -1.234526
v -1.058058 -3.060734 -1.239526
v -1.053058 -3.067805 -1.244526
v -1.046709 -3.079480 -1.241667
v -1.041709 -3.086551 -1.246667
v -1.036709 -3.093622 -1.251667
v -1.031709 -3.100693 -1.256667
v -1.028058 -3.103160 -1.269526
v -1.023058 -3.110231 -1.274526
v -1.018058 -3.117302 -1.279526
v -1.013058 -3.124373 -1.284526
v -1.008058 -3.131444 -1.289526
v -1.003058 -3.138515 -1.294526
v -0.999406 -3.140983 -1.307386
v -0.994406 -3.148054 -1.312386
v -0.989406 -3.155125 -1.317386
v -0.985755 -3.157592 -1.330245
v -0.980755 -3.164663 -1.335245
v -0.975755 -3.171734 -1.340245
v -0.971270 -3.177047 -1.348247
v -0.966957 -3.181772 -1.357251
v -0.961957 -3.188843 -1.362251
v -0.991162 -3.079130 -1.566614
v -0.986162 -3.086201 -1.571614
v -0.981162 -3.093272 -1.576614
v -0.976162 -3.100343 -1.581614
v -0.971162 -3.107414 -1.586614
v -0.966162 -3.114486 -1.591614
v -0.937946 -3.200819 -1.461305
v -0.933633 -3.205545 -1.470308
v -0.951162 -3.135699 -1.606614
v -0.946162 -3.142770 -1.611614
v -0.900361 -3.289145 -1.378807
v -0.936162 -3.156912 -1.621614
v -0.931162 -3.163983 -1.626614
v -1.217626 -2.741790 -1.330150
v -1.185977 -2.839849 -1.179823
v -1.180290 -2.849265 -1.180820
v -1.174603 -2.858682 -1.181816
v -1.168229 -2.870443 -1.178810
v -1.162542 -2.879859 -1.179807
v -1.156856 -2.889275 -1.180804
v -1.151169 -2.898691 -1.181800
v -1.145482 -2.908108 -1.182796
v -1.139795 -2.917524 -1.183793
v -1.134795 -2.924595 -1.188793
v -1.129108 -2.934011 -1.189790
v -1.123421 -2.943427 -1.190787
v -1.118421 -2.950498 -1.195787
v -1.112734 -2.959914 -1.196783
v -1.107734 -2.966985 -1.201783
v -1.102219 -2.975815 -1.203781
v -1.097219 -2.982886 -1.208781
v -1.092219 -2.989957 -1.213781
v -1.085871 -3.001632 -1.210921
v -1.080871 -3.008703 -1.215921
v -1.075871 -3.015774 -1.220921
v -1.069522 -3.027450 -1.218062
v -1.064522 -3.034521 -1.223062
v -1.059522 -3.041592 -1.228062
v -1.054522 -3.048663 -1.233062
v -1.049522 -3.055734 -1.238062
v -1.044522 -3.062805 -1.243062
v -1.038174 -3.074480 -1.240202
v -1.033174 -3.081551 -1.245202
v -1.028174 -3.088622 -1.250202
v -1.023174 -3.095693 -1.255202
v -1.018174 -3.102764 -1.260202
v -1.013174 -3.109835 -1.265202
v -1.009522 -3.112302 -1.278062
v -1.004522 -3.119373 -1.283062
v -0.999522 -3.126445 -1.288062
v -0.994522 -3.133516 -1.293062
v -0.989522 -3.140587 -1.298062
v -0.984522 -3.147658 -1.303062
v -0.980871 -3.150125 -1.315921
v -0.977219 -3.152592 -1.328781
v -0.972219 -3.159663 -1.333781
v -0.967219 -3.166734 -1.338781
v -0.962219 -3.173805 -1.343781
v -0.957734 -3.179117 -1.351783
v -0.987627 -3.067059 -1.560150
v -0.982627 -3.074130 -1.565150
v -0.931432 -3.238921 -1.300905
v -0.926432 -3.245992 -1.305906
v -0.922780 -3.248459 -1.318765
v -0.919128 -3.250926 -1.331625
v -0.915477 -3.253393 -1.344484
v -0.910477 -3.260464 -1.349484
v -0.905477 -3.267535 -1.354484
v -0.901825 -3.270003 -1.367343
v -0.896825 -3.277074 -1.372343
v -0.893174 -3.279541 -1.385202
v -0.888174 -3.286612 -1.390202
v -0.884522 -3.289079 -1.403062
v -0.917627 -3.166054 -1.630150
v -1.209091 -2.736790 -1.328685
v -1.177441 -2.834849 -1.178359
v -1.171754 -2.844265 -1.179356
v -1.166067 -2.853682 -1.180352
v -1.160380 -2.863098 -1.181349
v -1.154007 -2.874859 -1.178342
v -1.148320 -2.884275 -1.179339
v -1.142633 -2.893692 -1.180335
v -1.136946 -2.903108 -1.181332
v -1.131946 -2.910179 -1.186332
v -1.126259 -2.919595 -1.187329
v -1.120573 -2.929011 -1.188326
v -1.115572 -2.936082 -1.193326
v -1.109886 -2.945498 -1.194322
v -1.104886 -2.952569 -1.199322
v -1.099199 -2.961986 -1.200318
v -1.093684 -2.970815 -1.202316
v -1.088684 -2.977886 -1.207317
v -1.083684 -2.984957 -1.212316
v -1.077335 -2.996632 -1.209457
v -1.072335 -3.003703 -1.214457
v -1.067335 -3.010774 -1.219457
v -1.062335 -3.017845 -1.224457
v -1.055987 -3.029521 -1.221597
v -1.050987 -3.036592 -1.226597
v -1.045987 -3.043663 -1.231597
v -1.040987 -3.050734 -1.236598
v -1.035987 -3.057805 -1.241597
v -1.029638 -3.069480 -1.238738
v -1.024638 -3.076551 -1.243738
v -1.019638 -3.083622 -1.248738
v -1.014638 -3.090693 -1.253738
v -1.009638 -3.097764 -1.258738
v -1.004638 -3.104835 -1.263738
v -0.999638 -3.111906 -1.268738
v -0.994638 -3.118977 -1.273738
v -0.990987 -3.121445 -1.286597
v -0.985987 -3.128516 -1.291597
v -0.979638 -3.140191 -1.288738
v -0.975987 -3.142658 -1.301597
v -0.970987 -3.149729 -1.306597
v -0.967335 -3.152196 -1.319457
v -0.962335 -3.159267 -1.324457
v -0.957335 -3.166338 -1.329457
v -0.950987 -3.178013 -1.326597
v -0.984091 -3.054988 -1.553685
v -0.979091 -3.062059 -1.558685
v -0.927896 -3.226850 -1.294441
v -0.924244 -3.229317 -1.307301
v -0.919244 -3.236388 -1.312301
v -0.914244 -3.243459 -1.317301
v -0.910593 -3.245926 -1.330160
v -0.906941 -3.248393 -1.343020
v -0.901941 -3.255464 -1.348020
v -0.896941 -3.262535 -1.353020
v -0.893290 -3.265003 -1.365878
v -0.889638 -3.267470 -1.378738
v -0.884638 -3.274541 -1.383738
v -0.879638 -3.281612 -1.388738
v -0.875987 -3.284079 -1.401597
v -0.872335 -3.286546 -1.414457
v -0.904091 -3.168125 -1.633685
v -1.195555 -2.738861 -1.332221
v -1.163906 -2.836920 -1.181895
v -1.158219 -2.846336 -1.182891
v -1.152532 -2.855753 -1.183887
v -1.145471 -2.869859 -1.176878
v -1.139785 -2.879275 -1.177875
v -1.134785 -2.886346 -1.182875
v -1.129098 -2.895762 -1.183871
v -1.123411 -2.905179 -1.184867
v -1.117724 -2.914595 -1.185864
v -1.112037 -2.924011 -1.186861
v -1.107037 -2.931082 -1.191861
v -1.101350 -2.940498 -1.192858
v -1.096350 -2.947569 -1.197858
v -1.090663 -2.956986 -1.198854
v -1.085148 -2.965815 -1.200852
v -1.080148 -2.972886 -1.205852
v -1.075148 -2.979957 -1.210852
v -1.068800 -2.991632 -1.207992
v -1.063800 -2.998703 -1.212992
v -1.058800 -3.005774 -1.217992
v -1.053800 -3.012845 -1.222992
v -1.047451 -3.024521 -1.220133
v -1.042451 -3.031592 -1.225133
v -1.037451 -3.038663 -1.230133
v -1.032451 -3.045734 -1.235133
v -1.027451 -3.052805 -1.240133
v -1.021103 -3.064480 -1.237273
v -1.016103 -3.071551 -1.242273
v -1.011103 -3.078622 -1.247273
v -1.006103 -3.085693 -1.252273
v -1.001103 -3.092764 -1.257273
v -0.996103 -3.099835 -1.262273
v -0.991103 -3.106906 -1.267273
v -0.986103 -3.113977 -1.272273
v -0.981103 -3.121048 -1.277273
v -0.976103 -3.128119 -1.282273
v -0.969754 -3.139795 -1.279414
v -0.960709 -3.160677 -1.260836
v -0.953012 -3.176956 -1.250117
v -0.948012 -3.184027 -1.255117
v -0.944361 -3.186494 -1.267977
v -0.939361 -3.193565 -1.272977
v -0.933012 -3.205241 -1.270117
v -0.928012 -3.212312 -1.275117
v -0.924361 -3.214779 -1.287977
v -0.919361 -3.221850 -1.292977
v -0.914361 -3.228921 -1.297976
v -0.910709 -3.231388 -1.310836
v -0.905709 -3.238459 -1.315836
v -0.902057 -3.240926 -1.328696
v -0.897057 -3.247997 -1.333696
v -0.893406 -3.250464 -1.346555
v -0.888406 -3.257535 -1.351555
v -0.884754 -3.260003 -1.364414
v -0.879754 -3.267074 -1.369414
v -0.876103 -3.269541 -1.382273
v -0.871103 -3.276612 -1.387273
v -0.867451 -3.279079 -1.400133
v -0.863800 -3.281546 -1.412992
v -0.858800 -3.288617 -1.417992
v -0.890556 -3.170196 -1.637221
v -1.182020 -2.740932 -1.335756
v -1.149683 -2.841336 -1.181427
v -1.143996 -2.850753 -1.182423
v -1.137623 -2.862514 -1.179417
v -1.131936 -2.871930 -1.180413
v -1.126249 -2.881346 -1.181410
v -1.120562 -2.890762 -1.182406
v -1.114875 -2.900179 -1.183403
v -1.109188 -2.909595 -1.184400
v -1.104188 -2.916666 -1.189400
v -1.098501 -2.926082 -1.190397
v -1.092815 -2.935498 -1.191393
v -1.087815 -2.942569 -1.196393
v -1.082128 -2.951986 -1.197389
v -1.077128 -2.959057 -1.202389
v -1.071613 -2.967886 -1.204388
v -1.066613 -2.974957 -1.209388
v -1.060264 -2.986632 -1.206528
v -1.055264 -2.993703 -1.211528
v -1.050264 -3.000774 -1.216528
v -1.045264 -3.007845 -1.221528
v -1.038916 -3.019521 -1.218668
v -1.033916 -3.026592 -1.223668
v -1.028916 -3.033663 -1.228668
v -1.023916 -3.040734 -1.233669
v -1.018916 -3.047805 -1.238669
v -1.012567 -3.059480 -1.235809
v -1.007567 -3.066551 -1.240809
v -1.002567 -3.073622 -1.245809
v -0.997567 -3.080693 -1.250809
v -0.992567 -3.087764 -1.255809
v -0.987567 -3.094835 -1.260809
v -0.981219 -3.106510 -1.257949
v -0.976219 -3.113581 -1.262949
v -0.969870 -3.125256 -1.260091
v -0.960825 -3.146139 -1.241512
v -0.954476 -3.157814 -1.238653
v -0.948128 -3.169489 -1.235793
v -0.943128 -3.176560 -1.240793
v -0.938128 -3.183631 -1.245793
v -0.933128 -3.190702 -1.250793
v -0.929476 -3.193170 -1.263653
v -0.924477 -3.200241 -1.268653
v -0.919477 -3.207312 -1.273653
v -0.914477 -3.214383 -1.278653
v -0.910825 -3.216850 -1.291512
v -0.905825 -3.223921 -1.296512
v -0.900825 -3.230992 -1.301512
v -0.897173 -3.233459 -1.314372
v -0.893522 -3.235926 -1.327231
v -0.888522 -3.242997 -1.332231
v -0.884870 -3.245464 -1.345091
v -0.879870 -3.252535 -1.350091
v -0.876219 -3.255003 -1.362949
v -0.871219 -3.262074 -1.367949
v -0.867567 -3.264541 -1.380809
v -0.862567 -3.271612 -1.385809
v -0.858916 -3.274079 -1.398669
v -0.855264 -3.276546 -1.411528
v -0.850264 -3.283617 -1.416528
v -0.846613 -3.286084 -1.429388
v -0.877020 -3.172267 -1.640756
v -1.168484 -2.743003 -1.339292
v -1.135461 -2.845753 -1.180958
v -1.129087 -2.857514 -1.177952
v -1.123400 -2.866930 -1.178949
v -1.117714 -2.876346 -1.179946
v -1.112027 -2.885762 -1.180942
v -1.107027 -2.892834 -1.185942
v -1.100653 -2.904595 -1.182935
v -1.095653 -2.911666 -1.187935
v -1.089966 -2.921082 -1.188932
v -1.084966 -2.928153 -1.193932
v -1.079279 -2.937569 -1.194929
v -1.073592 -2.946985 -1.195925
v -1.068592 -2.954057 -1.200925
v -1.063077 -2.962886 -1.202923
v -1.058077 -2.969957 -1.207923
v -1.053077 -2.977028 -1.212923
v -1.048077 -2.984099 -1.217923
v -1.041729 -2.995775 -1.215063
v -1.036729 -3.002846 -1.220063
v -1.030380 -3.014521 -1.217204
v -1.025380 -3.021592 -1.222204
v -1.020380 -3.028663 -1.227204
v -1.015380 -3.035734 -1.232204
v -1.009032 -3.047409 -1.229344
v -1.004032 -3.054480 -1.234344
v -0.999032 -3.061551 -1.239344
v -0.994032 -3.068622 -1.244344
v -0.989032 -3.075693 -1.249344
v -0.982683 -3.087368 -1.246485
v -0.977683 -3.094439 -1.251485
v -0.969986 -3.110718 -1.240767
v -0.960941 -3.131601 -1.222188
v -0.955941 -3.138672 -1.227188
v -0.949593 -3.150347 -1.224329
v -0.944593 -3.157418 -1.229329
v -0.939593 -3.164489 -1.234329
v -0.934593 -3.171560 -1.239329
v -0.929593 -3.178631 -1.244329
v -0.924593 -3.185702 -1.249329
v -0.919593 -3.192773 -1.254329
v -0.915941 -3.195240 -1.267188
v -0.910941 -3.202312 -1.272188
v -0.905941 -3.209383 -1.277188
v -0.902290 -3.211850 -1.290048
v -0.897290 -3.218921 -1.295048
v -0.892290 -3.225992 -1.300048
v -0.888638 -3.228459 -1.312907
v -0.884986 -3.230926 -1.325767
v -0.881335 -3.233393 -1.338626
v -0.876335 -3.240464 -1.343626
v -0.871335 -3.247535 -1.348626
v -0.867683 -3.250003 -1.361485
v -0.862683 -3.257074 -1.366485
v -0.859032 -3.259541 -1.379344
v -0.854032 -3.266612 -1.384344
v -0.850380 -3.269079 -1.397204
v -0.846729 -3.271546 -1.410064
v -0.841729 -3.278617 -1.415064
v -0.838077 -3.281084 -1.427923
v -0.868485 -3.167267 -1.639292
v -1.159949 -2.738003 -1.337827
v -1.126925 -2.840753 -1.179494
v -1.121238 -2.850169 -1.180491
v -1.115552 -2.859585 -1.181488
v -1.109865 -2.869001 -1.182484
v -1.103491 -2.880763 -1.179477
v -1.098491 -2.887834 -1.184477
v -1.092804 -2.897250 -1.185474
v -1.087117 -2.906666 -1.186471
v -1.082117 -2.913737 -1.191471
v -1.076431 -2.923153 -1.192468
v -1.070744 -2.932569 -1.193465
v -1.065744 -2.939640 -1.198465
v -1.060057 -2.949057 -1.199461
v -1.054542 -2.957886 -1.201459
v -1.049542 -2.964957 -1.206459
v -1.044542 -2.972028 -1.211459
v -1.039542 -2.979099 -1.216459
v -1.033193 -2.990774 -1.213599
v -1.028193 -2.997845 -1.218599
v -1.021845 -3.009521 -1.215739
v -1.016845 -3.016592 -1.220739
v -1.011845 -3.023663 -1.225739
v -1.005496 -3.035338 -1.222880
v -1.000496 -3.042409 -1.227880
v -0.995496 -3.049480 -1.232880
v -0.989148 -3.061155 -1.230021
v -0.984148 -3.068226 -1.235021
v -0.979148 -3.075297 -1.240021
v -0.971451 -3.091576 -1.229302
v -0.963754 -3.107855 -1.218583
v -0.956057 -3.124134 -1.207864
v -0.951057 -3.131205 -1.212864
v -0.944709 -3.142880 -1.210006
v -0.941057 -3.145347 -1.222864
v -0.934709 -3.157022 -1.220006
v -0.931057 -3.159489 -1.232864
v -0.926057 -3.166560 -1.237864
v -0.921057 -3.173631 -1.242864
v -0.916057 -3.180702 -1.247864
v -0.911057 -3.187773 -1.252864
v -0.907405 -3.190241 -1.265724
v -0.902406 -3.197312 -1.270724
v -0.897406 -3.204383 -1.275724
v -0.893754 -3.206850 -1.288583
v -0.888754 -3.213921 -1.293583
v -0.883754 -3.220992 -1.298583
v -0.880102 -3.223459 -1.311443
v -0.876451 -3.225926 -1.324302
v -0.872799 -3.228393 -1.337162
v -0.867799 -3.235464 -1.342162
v -0.862799 -3.242535 -1.347162
v -0.857799 -3.249606 -1.352162
v -0.854148 -3.252074 -1.365021
v -0.850496 -3.254541 -1.377880
v -0.845496 -3.261612 -1.382880
v -0.841845 -3.264079 -1.395740
v -0.836845 -3.271150 -1.400740
v -0.833193 -3.273617 -1.413599
v -0.829542 -3.276084 -1.426459
v -0.859949 -3.162267 -1.637827
v -0.854949 -3.169338 -1.642827
v -1.146413 -2.740074 -1.341363
v -1.113390 -2.842824 -1.183029
v -1.107703 -2.852240 -1.184026
v -1.101329 -2.864001 -1.181020
v -1.095642 -2.873417 -1.182017
v -1.089955 -2.882833 -1.183013
v -1.084269 -2.892250 -1.184010
v -1.078582 -2.901666 -1.185006
v -1.073582 -2.908737 -1.190006
v -1.067895 -2.918153 -1.191003
v -1.062895 -2.925224 -1.196003
v -1.057208 -2.934640 -1.197000
v -1.051521 -2.944057 -1.197996
v -1.046521 -2.951128 -1.202996
v -1.041006 -2.959957 -1.204994
v -1.036006 -2.967028 -1.209994
v -1.031006 -2.974099 -1.214994
v -1.024658 -2.985774 -1.212134
v -1.019658 -2.992845 -1.217134
v -1.013309 -3.004521 -1.214275
v -1.008309 -3.011592 -1.219275
v -1.003309 -3.018663 -1.224275
v -0.996961 -3.030338 -1.221416
v -0.990612 -3.042013 -1.218556
v -0.985612 -3.049084 -1.223556
v -0.977915 -3.065362 -1.212838
v -0.970218 -3.081642 -1.202119
v -0.962521 -3.097921 -1.191400
v -0.956173 -3.109595 -1.188541
v -0.951173 -3.116667 -1.193541
v -0.946173 -3.123738 -1.198541
v -0.941173 -3.130809 -1.203541
v -0.936173 -3.137880 -1.208541
v -0.931173 -3.144951 -1.213541
v -0.926173 -3.152022 -1.218541
v -0.921173 -3.159093 -1.223541
v -0.917521 -3.161560 -1.236400
v -0.912521 -3.168631 -1.241400
v -0.907521 -3.175702 -1.246400
v -0.902521 -3.182773 -1.251400
v -0.898870 -3.185241 -1.264259
v -0.893870 -3.192312 -1.269259
v -0.888870 -3.199383 -1.274259
v -0.885218 -3.201850 -1.287119
v -0.880218 -3.208921 -1.292119
v -0.875218 -3.215992 -1.297119
v -0.871567 -3.218459 -1.309978
v -0.867915 -3.220926 -1.322838
v -0.862915 -3.227997 -1.327838
v -0.859264 -3.230464 -1.340697
v -0.854264 -3.237535 -1.345697
v -0.850612 -3.240003 -1.358556
v -0.845612 -3.247074 -1.363556
v -0.841961 -3.249541 -1.376415
v -0.838309 -3.252008 -1.389275
v -0.833309 -3.259079 -1.394275
v -0.828309 -3.266150 -1.399275
v -0.824657 -3.268617 -1.412135
v -0.821006 -3.271084 -1.424994
v -0.816006 -3.278155 -1.429994
v -0.809658 -3.289830 -1.427135
v -0.841413 -3.171409 -1.646363
v -1.137878 -2.735074 -1.339898
v -1.104854 -2.837824 -1.181565
v -1.099167 -2.847240 -1.182562
v -1.092794 -2.859001 -1.179555
v -1.087107 -2.868417 -1.180552
v -1.081420 -2.877834 -1.181548
v -1.076420 -2.884905 -1.186548
v -1.070733 -2.894321 -1.187545
v -1.065046 -2.903737 -1.188542
v -1.059360 -2.913153 -1.189539
v -1.054359 -2.920224 -1.194539
v -1.048673 -2.929640 -1.195536
v -1.042986 -2.939057 -1.196532
v -1.037986 -2.946128 -1.201532
v -1.032471 -2.954957 -1.203530
v -1.027471 -2.962028 -1.208530
v -1.022471 -2.969099 -1.213530
v -1.016122 -2.980774 -1.210670
v -1.009774 -2.992450 -1.207811
v -1.004774 -2.999521 -1.212811
v -0.998425 -3.011196 -1.209951
v -0.992077 -3.022871 -1.207091
v -0.984380 -3.039149 -1.196373
v -0.975334 -3.060033 -1.177795
v -0.970334 -3.067104 -1.182795
v -0.963986 -3.078779 -1.179935
v -0.958986 -3.085850 -1.184935
v -0.952638 -3.097524 -1.182077
v -0.947638 -3.104595 -1.187077
v -0.942638 -3.111666 -1.192077
v -0.937638 -3.118737 -1.197077
v -0.932638 -3.125808 -1.202077
v -0.927638 -3.132879 -1.207077
v -0.922638 -3.139951 -1.212077
v -0.917638 -3.147022 -1.217077
v -0.912638 -3.154093 -1.222077
v -0.908986 -3.156560 -1.234935
v -0.903986 -3.163631 -1.239935
v -0.898986 -3.170702 -1.244935
v -0.893986 -3.177773 -1.249935
v -0.890334 -3.180241 -1.262795
v -0.885334 -3.187312 -1.267795
v -0.880334 -3.194383 -1.272795
v -0.876683 -3.196850 -1.285654
v -0.871683 -3.203921 -1.290654
v -0.868031 -3.206388 -1.303514
v -0.864380 -3.208855 -1.316373
v -0.859380 -3.215926 -1.321373
v -0.854380 -3.222997 -1.326373
v -0.850728 -3.225464 -1.339233
v -0.845728 -3.232535 -1.344233
v -0.840728 -3.239606 -1.349233
v -0.837077 -3.242074 -1.362092
v -0.833425 -3.244541 -1.374951
v -0.829774 -3.247008 -1.387811
v -0.824774 -3.254079 -1.392811
v -0.819774 -3.261150 -1.397811
v -0.817471 -3.259013 -1.418530
v -0.811122 -3.270688 -1.415670
v -0.807471 -3.273155 -1.428530
v -0.802986 -3.278468 -1.436532
v -0.832878 -3.166409 -1.644898
v -1.129342 -2.730074 -1.338434
v -1.097006 -2.830478 -1.184105
v -1.090632 -2.842240 -1.181097
v -1.084945 -2.851656 -1.182094
v -1.078571 -2.863417 -1.179088
v -1.073571 -2.870488 -1.184088
v -1.067884 -2.879905 -1.185084
v -1.062198 -2.889321 -1.186081
v -1.056511 -2.898737 -1.187078
v -1.050824 -2.908153 -1.188074
v -1.045824 -2.915224 -1.193074
v -1.040137 -2.924640 -1.194071
v -1.034450 -2.934057 -1.195067
v -1.029450 -2.941128 -1.200067
v -1.023935 -2.949957 -1.202065
v -1.018935 -2.957028 -1.207065
v -1.012587 -2.968704 -1.204206
v -1.006238 -2.980379 -1.201346
v -0.999890 -2.992054 -1.198487
v -0.994890 -2.999125 -1.203487
v -0.987193 -3.015403 -1.192768
v -0.978147 -3.036286 -1.174190
v -0.971799 -3.047961 -1.171330
v -0.965450 -3.059637 -1.168471
v -0.960450 -3.066708 -1.173471
v -0.954102 -3.078382 -1.170612
v -0.949102 -3.085453 -1.175612
v -0.944102 -3.092524 -1.180612
v -0.939102 -3.099595 -1.185612
v -0.934102 -3.106666 -1.190612
v -0.929102 -3.113737 -1.195612
v -0.924102 -3.120808 -1.200612
v -0.919102 -3.127880 -1.205612
v -0.914102 -3.134951 -1.210612
v -0.909102 -3.142022 -1.215612
v -0.905450 -3.144489 -1.228471
v -0.900450 -3.151560 -1.233471
v -0.895450 -3.158631 -1.238471
v -0.890450 -3.165702 -1.243471
v -0.885450 -3.172773 -1.248471
v -0.881799 -3.175241 -1.261330
v -0.876799 -3.182312 -1.266330
v -0.873147 -3.184778 -1.279190
v -0.868147 -3.191850 -1.284190
v -0.863147 -3.198921 -1.289190
v -0.859496 -3.201388 -1.302049
v -0.855844 -3.203855 -1.314909
v -0.850844 -3.210926 -1.319909
v -0.847193 -3.213393 -1.332768
v -0.842193 -3.220464 -1.337769
v -0.837193 -3.227535 -1.342768
v -0.832193 -3.234606 -1.347769
v -0.828541 -3.237074 -1.360627
v -0.823541 -3.244145 -1.365627
v -0.821238 -3.242008 -1.386346
v -0.817586 -3.244475 -1.399206
v -0.812586 -3.251546 -1.404206
v -0.808935 -3.254013 -1.417065
v -0.803935 -3.261084 -1.422065
v -0.798935 -3.268155 -1.427065
v -0.794450 -3.273468 -1.435067
v -0.824342 -3.161409 -1.643434
v -1.120807 -2.725074 -1.336969
v -1.089157 -2.823133 -1.186643
v -1.082783 -2.834895 -1.183636
v -1.076410 -2.846656 -1.180630
v -1.070723 -2.856072 -1.181627
v -1.065036 -2.865488 -1.182623
v -1.059349 -2.874905 -1.183619
v -1.053662 -2.884321 -1.184616
v -1.047975 -2.893737 -1.185613
v -1.042289 -2.903153 -1.186610
v -1.037288 -2.910224 -1.191610
v -1.031602 -2.919640 -1.192607
v -1.025915 -2.929057 -1.193603
v -1.020400 -2.937886 -1.195601
v -1.014051 -2.949561 -1.192741
v -1.009051 -2.956632 -1.197741
v -1.000006 -2.977515 -1.179163
v -0.993657 -2.989190 -1.176304
v -0.987309 -3.000865 -1.173444
v -0.980960 -3.012540 -1.170585
v -0.973264 -3.028819 -1.159866
v -0.968264 -3.035890 -1.164866
v -0.961915 -3.047565 -1.162006
v -0.956915 -3.054636 -1.167006
v -0.951915 -3.061707 -1.172006
v -0.945567 -3.073382 -1.169148
v -0.940567 -3.080453 -1.174148
v -0.935567 -3.087524 -1.179148
v -0.930567 -3.094595 -1.184148
v -0.925567 -3.101666 -1.189148
v -0.920567 -3.108737 -1.194148
v -0.915567 -3.115808 -1.199148
v -0.910567 -3.122880 -1.204148
v -0.905567 -3.129951 -1.209148
v -0.900567 -3.137022 -1.214148
v -0.896915 -3.139489 -1.227006
v -0.891915 -3.146560 -1.232006
v -0.886915 -3.153631 -1.237006
v -0.881915 -3.160702 -1.242006
v -0.876915 -3.167773 -1.247006
v -0.873263 -3.170241 -1.259866
v -0.868263 -3.177312 -1.264866
v -0.864612 -3.179779 -1.277725
v -0.859612 -3.186850 -1.282725
v -0.854612 -3.193921 -1.287725
v -0.850960 -3.196388 -1.300585
v -0.847309 -3.198855 -1.313444
v -0.842309 -3.205926 -1.318444
v -0.838657 -3.208393 -1.331304
v -0.833657 -3.215464 -1.336304
v -0.828657 -3.222535 -1.341304
v -0.823657 -3.229606 -1.346304
v -0.820006 -3.232074 -1.359163
v -0.816354 -3.234541 -1.372022
v -0.812703 -3.237008 -1.384882
v -0.809051 -3.239475 -1.397741
v -0.804051 -3.246546 -1.402741
v -0.800400 -3.249013 -1.415601
v -0.795400 -3.256084 -1.420601
v -0.790400 -3.263155 -1.425601
v -0.786602 -3.266122 -1.437607
v -0.780915 -3.275539 -1.438603
v -0.810807 -3.163481 -1.646969
v -1.107271 -2.727145 -1.340505
v -1.074248 -2.829895 -1.182172
v -1.067874 -2.841656 -1.179165
v -1.062187 -2.851072 -1.180162
v -1.057187 -2.858143 -1.185162
v -1.051500 -2.867559 -1.186159
v -1.045127 -2.879321 -1.183152
v -1.039440 -2.888737 -1.184149
v -1.033753 -2.898153 -1.185145
v -1.028066 -2.907569 -1.186142
v -1.021864 -2.918744 -1.184136
v -1.016864 -2.925815 -1.189136
v -1.007819 -2.946698 -1.170558
v -0.998773 -2.967581 -1.151980
v -0.993773 -2.974652 -1.156980
v -0.986076 -2.990931 -1.146261
v -0.981076 -2.998002 -1.151261
v -0.974728 -3.009677 -1.148401
v -0.969728 -3.016748 -1.153401
v -0.964728 -3.023819 -1.158401
v -0.958379 -3.035494 -1.155542
v -0.953379 -3.042565 -1.160542
v -0.948379 -3.049636 -1.165542
v -0.943379 -3.056707 -1.170542
v -0.937031 -3.068382 -1.167683
v -0.932031 -3.075453 -1.172683
v -0.927031 -3.082524 -1.177683
v -0.922031 -3.089595 -1.182683
v -0.917031 -3.096667 -1.187683
v -0.912031 -3.103738 -1.192683
v -0.907031 -3.110809 -1.197683
v -0.902031 -3.117880 -1.202683
v -0.897031 -3.124951 -1.207683
v -0.892031 -3.132022 -1.212683
v -0.888379 -3.134489 -1.225542
v -0.883379 -3.141560 -1.230542
v -0.878379 -3.148631 -1.235542
v -0.873379 -3.155702 -1.240542
v -0.869728 -3.158170 -1.253401
v -0.864728 -3.165241 -1.258401
v -0.859728 -3.172312 -1.263401
v -0.856076 -3.174779 -1.276261
v -0.851076 -3.181850 -1.281261
v -0.847425 -3.184317 -1.294120
v -0.842425 -3.191388 -1.299120
v -0.838773 -3.193855 -1.311980
v -0.833773 -3.200926 -1.316980
v -0.830122 -3.203393 -1.329839
v -0.825122 -3.210464 -1.334840
v -0.820122 -3.217535 -1.339839
v -0.815122 -3.224606 -1.344840
v -0.811470 -3.227074 -1.357698
v -0.807819 -3.229541 -1.370558
v -0.804167 -3.232008 -1.383417
v -0.800515 -3.234475 -1.396277
v -0.795515 -3.241546 -1.401277
v -0.790515 -3.248617 -1.406277
v -0.786864 -3.251084 -1.419136
v -0.782379 -3.256397 -1.427138
v -0.778066 -3.261122 -1.436142
v -0.773066 -3.268193 -1.441142
v -0.802271 -3.158480 -1.645505
v -1.093736 -2.729216 -1.344041
v -1.060025 -2.834311 -1.181704
v -1.053652 -2.846072 -1.178698
v -1.048652 -2.853143 -1.183698
v -1.042278 -2.864904 -1.180690
v -1.036591 -2.874321 -1.181687
v -1.030217 -2.886082 -1.178681
v -1.024530 -2.895498 -1.179678
v -1.018328 -2.906673 -1.177672
v -1.007934 -2.932160 -1.151234
v -1.001586 -2.943835 -1.148375
v -0.995238 -2.955510 -1.145515
v -0.988889 -2.967185 -1.142656
v -0.982541 -2.978860 -1.139796
v -0.977541 -2.985931 -1.144796
v -0.971192 -2.997606 -1.141937
v -0.966192 -3.004677 -1.146937
v -0.961192 -3.011748 -1.151937
v -0.954844 -3.023423 -1.149077
v -0.949844 -3.030494 -1.154077
v -0.944844 -3.037565 -1.159077
v -0.939844 -3.044636 -1.164078
v -0.934844 -3.051707 -1.169077
v -0.928495 -3.063382 -1.166219
v -0.923495 -3.070453 -1.171219
v -0.918495 -3.077524 -1.176219
v -0.913495 -3.084595 -1.181219
v -0.908495 -3.091666 -1.186219
v -0.903495 -3.098737 -1.191219
v -0.898495 -3.105808 -1.196219
v -0.893495 -3.112880 -1.201219
v -0.888495 -3.119951 -1.206219
v -0.883495 -3.127022 -1.211219
v -0.879844 -3.129489 -1.224077
v -0.874844 -3.136560 -1.229077
v -0.869844 -3.143631 -1.234077
v -0.866192 -3.146098 -1.246937
v -0.861192 -3.153169 -1.251937
v -0.856192 -3.160241 -1.256937
v -0.851192 -3.167312 -1.261937
v -0.847541 -3.169779 -1.274796
v -0.842541 -3.176850 -1.279796
v -0.838889 -3.179317 -1.292656
v -0.833889 -3.186388 -1.297656
v -0.830238 -3.188855 -1.310515
v -0.825238 -3.195926 -1.315516
v -0.821586 -3.198393 -1.328375
v -0.816586 -3.205464 -1.333375
v -0.811586 -3.212535 -1.338375
v -0.806586 -3.219606 -1.343375
v -0.802934 -3.222074 -1.356234
v -0.799283 -3.224541 -1.369093
v -0.795631 -3.227008 -1.381953
v -0.791980 -3.229475 -1.394812
v -0.786980 -3.236546 -1.399812
v -0.783328 -3.239013 -1.412672
v -0.778328 -3.246084 -1.417672
v -0.773843 -3.251397 -1.425674
v -0.768843 -3.258468 -1.430674
v -0.764530 -3.263193 -1.439678
v -0.759530 -3.270264 -1.444678
v -0.788736 -3.160551 -1.649040
v -1.085200 -2.724216 -1.342576
v -1.051490 -2.829311 -1.180239
v -1.045803 -2.838727 -1.181236
v -1.039429 -2.850488 -1.178230
v -1.033742 -2.859905 -1.179226
v -1.060200 -2.759572 -1.367576
v -1.055200 -2.766643 -1.372576
v -1.010747 -2.908414 -1.147629
v -1.004399 -2.920089 -1.144769
v -0.998051 -2.931763 -1.141911
v -0.991702 -2.943439 -1.139051
v -0.985354 -2.955113 -1.136191
v -0.980354 -2.962184 -1.141191
v -0.974005 -2.973860 -1.138332
v -0.969005 -2.980931 -1.143332
v -0.962657 -2.992606 -1.140472
v -0.957657 -2.999677 -1.145472
v -0.951308 -3.011352 -1.142613
v -0.946308 -3.018423 -1.147613
v -0.941308 -3.025494 -1.152613
v -0.936308 -3.032565 -1.157613
v -0.931308 -3.039636 -1.162613
v -0.924960 -3.051311 -1.159754
v -0.919960 -3.058382 -1.164754
v -0.914960 -3.065453 -1.169754
v -0.909960 -3.072524 -1.174754
v -0.904960 -3.079595 -1.179754
v -0.899960 -3.086666 -1.184754
v -0.894960 -3.093737 -1.189754
v -0.889960 -3.100808 -1.194754
v -0.884960 -3.107879 -1.199754
v -0.879960 -3.114950 -1.204754
v -0.874960 -3.122022 -1.209754
v -0.871308 -3.124489 -1.222613
v -0.866308 -3.131560 -1.227613
v -0.861308 -3.138631 -1.232613
v -0.857657 -3.141098 -1.245472
v -0.852657 -3.148170 -1.250472
v -0.849005 -3.150636 -1.263332
v -0.844005 -3.157707 -1.268332
v -0.839005 -3.164778 -1.273332
v -0.835354 -3.167245 -1.286191
v -0.830354 -3.174316 -1.291191
v -0.825354 -3.181388 -1.296191
v -0.821702 -3.183855 -1.309051
v -0.816702 -3.190926 -1.314051
v -0.813050 -3.193393 -1.326910
v -0.808050 -3.200464 -1.331911
v -0.803050 -3.207535 -1.336910
v -0.799399 -3.210003 -1.349769
v -0.794399 -3.217074 -1.354769
v -0.790747 -3.219541 -1.367629
v -0.787096 -3.222008 -1.380488
v -0.783444 -3.224475 -1.393348
v -0.778444 -3.231546 -1.398348
v -0.774793 -3.234013 -1.411207
v -0.768444 -3.245688 -1.408348
v -0.765308 -3.246397 -1.424209
v -0.760308 -3.253468 -1.429209
v -0.755995 -3.258193 -1.438213
v -0.750995 -3.265264 -1.443213
v -0.780200 -3.155551 -1.647576
v -1.081664 -2.712145 -1.336112
v -1.071664 -2.726287 -1.346112
v -1.066664 -2.733358 -1.351112
v -1.061664 -2.740430 -1.356112
v -1.018560 -2.877597 -1.139024
v -1.012212 -2.889272 -1.136164
v -1.005863 -2.900947 -1.133305
v -0.999515 -2.912621 -1.130446
v -0.994515 -2.919692 -1.135446
v -0.988166 -2.931367 -1.132586
v -0.983166 -2.938438 -1.137586
v -0.976818 -2.950114 -1.134727
v -0.971818 -2.957185 -1.139727
v -0.965469 -2.968860 -1.136868
v -0.960469 -2.975931 -1.141867
v -0.954121 -2.987606 -1.139008
v -0.949121 -2.994677 -1.144008
v -0.942773 -3.006352 -1.141148
v -0.937773 -3.013423 -1.146148
v -0.932773 -3.020494 -1.151148
v -0.927772 -3.027565 -1.156148
v -0.921424 -3.039240 -1.153290
v -0.916424 -3.046311 -1.158290
v -0.911424 -3.053382 -1.163290
v -0.906424 -3.060453 -1.168290
v -0.901424 -3.067524 -1.173290
v -0.896424 -3.074595 -1.178290
v -0.891424 -3.081666 -1.183290
v -0.886424 -3.088737 -1.188290
v -0.881424 -3.095808 -1.193290
v -0.876424 -3.102880 -1.198290
v -0.871424 -3.109951 -1.203290
v -0.867772 -3.112418 -1.216148
v -0.862772 -3.119489 -1.221148
v -0.857772 -3.126560 -1.226148
v -0.854121 -3.129027 -1.239008
v -0.849121 -3.136098 -1.244008
v -0.845469 -3.138565 -1.256867
v -0.840469 -3.145636 -1.261868
v -0.835469 -3.152707 -1.266867
v -0.830469 -3.159778 -1.271868
v -0.826818 -3.162246 -1.284727
v -0.821818 -3.169317 -1.289727
v -0.818166 -3.171784 -1.302586
v -0.813166 -3.178855 -1.307586
v -0.808166 -3.185926 -1.312587
v -0.804515 -3.188393 -1.325446
v -0.799515 -3.195464 -1.330446
v -0.794515 -3.202535 -1.335446
v -0.790863 -3.205003 -1.348305
v -0.785863 -3.212074 -1.353305
v -0.782212 -3.214541 -1.366164
v -0.778560 -3.217008 -1.379024
v -0.774909 -3.219475 -1.391883
v -0.769909 -3.226546 -1.396883
v -0.766257 -3.229013 -1.409743
v -0.759909 -3.240688 -1.406883
v -0.756772 -3.241397 -1.422745
v -0.751772 -3.248468 -1.427745
v -0.747459 -3.253193 -1.436749
v -0.742459 -3.260264 -1.441749
v -0.737459 -3.267335 -1.446749
v -0.766664 -3.157623 -1.651111
v -1.078129 -2.700074 -1.329647
v -1.038237 -2.826275 -1.131280
v -1.068129 -2.714216 -1.339647
v -1.063129 -2.721287 -1.344647
v -1.058129 -2.728359 -1.349647
v -1.017722 -2.856318 -1.148278
v -1.008676 -2.877201 -1.129700
v -1.002328 -2.888876 -1.126840
v -0.997328 -2.895947 -1.131840
v -0.990979 -2.907621 -1.128982
v -0.984631 -2.919297 -1.126122
v -0.979631 -2.926368 -1.131122
v -0.974631 -2.933439 -1.136122
v -0.968283 -2.945114 -1.133263
v -0.963283 -2.952185 -1.138263
v -0.956934 -2.963860 -1.135403
v -0.951934 -2.970931 -1.140403
v -0.945586 -2.982606 -1.137543
v -0.940586 -2.989677 -1.142544
v -0.934237 -3.001352 -1.139684
v -0.929237 -3.008423 -1.144684
v -0.924237 -3.015494 -1.149684
v -0.919237 -3.022565 -1.154684
v -0.912889 -3.034240 -1.151825
v -0.907889 -3.041311 -1.156825
v -0.902889 -3.048382 -1.161825
v -0.897889 -3.055453 -1.166825
v -0.892889 -3.062524 -1.171825
v -0.887889 -3.069595 -1.176825
v -0.882889 -3.076666 -1.181825
v -0.877889 -3.083737 -1.186825
v -0.872889 -3.090808 -1.191825
v -0.867889 -3.097880 -1.196825
v -0.862889 -3.104951 -1.201825
v -0.859237 -3.107418 -1.214684
v -0.854237 -3.114489 -1.219684
v -0.849237 -3.121560 -1.224684
v -0.845586 -3.124027 -1.237544
v -0.840586 -3.131098 -1.242543
v -0.836934 -3.133565 -1.255403
v -0.831934 -3.140636 -1.260403
v -0.826934 -3.147707 -1.265403
v -0.821934 -3.154778 -1.270403
v -0.818283 -3.157246 -1.283263
v -0.813283 -3.164317 -1.288262
v -0.808283 -3.171388 -1.293263
v -0.804631 -3.173855 -1.306122
v -0.799631 -3.180926 -1.311122
v -0.795979 -3.183393 -1.323982
v -0.790979 -3.190464 -1.328982
v -0.785979 -3.197535 -1.333982
v -0.783676 -3.195399 -1.354700
v -0.778676 -3.202470 -1.359700
v -0.773676 -3.209541 -1.364700
v -0.770025 -3.212008 -1.377559
v -0.766373 -3.214475 -1.390419
v -0.761373 -3.221546 -1.395419
v -0.756373 -3.228617 -1.400419
v -0.751373 -3.235688 -1.405419
v -0.748237 -3.236397 -1.421280
v -0.743237 -3.243468 -1.426280
v -0.738924 -3.248194 -1.435284
v -0.734611 -3.252919 -1.444288
v -0.729611 -3.259990 -1.449287
v -0.758129 -3.152622 -1.649647
v -1.074593 -2.688003 -1.323183
v -1.035388 -2.811858 -1.128820
v -1.029701 -2.821275 -1.129816
v -1.024701 -2.828346 -1.134816
v -1.017838 -2.841779 -1.128954
v -1.011489 -2.853455 -1.126095
v -1.005141 -2.865129 -1.123235
v -0.998792 -2.876805 -1.120376
v -0.993792 -2.883876 -1.125376
v -0.988792 -2.890947 -1.130376
v -0.982444 -2.902621 -1.127517
v -0.977444 -2.909693 -1.132517
v -0.971095 -2.921368 -1.129658
v -0.966095 -2.928439 -1.134658
v -0.959747 -2.940114 -1.131798
v -0.954747 -2.947185 -1.136798
v -0.948398 -2.958860 -1.133939
v -0.943398 -2.965931 -1.138939
v -0.937050 -2.977606 -1.136079
v -0.932050 -2.984677 -1.141079
v -0.925701 -2.996352 -1.138220
v -0.920702 -3.003423 -1.143219
v -0.915702 -3.010494 -1.148220
v -0.910701 -3.017565 -1.153220
v -0.904353 -3.029240 -1.150361
v -0.899353 -3.036311 -1.155361
v -0.894353 -3.043382 -1.160361
v -0.889353 -3.050453 -1.165361
v -0.884353 -3.057524 -1.170361
v -0.879353 -3.064595 -1.175361
v -0.874353 -3.071666 -1.180361
v -0.869353 -3.078737 -1.185361
v -0.864353 -3.085809 -1.190361
v -0.859353 -3.092880 -1.195361
v -0.854353 -3.099951 -1.200361
v -0.850701 -3.102418 -1.213220
v -0.845701 -3.109489 -1.218220
v -0.840701 -3.116560 -1.223220
v -0.837050 -3.119027 -1.236079
v -0.833398 -3.121494 -1.248939
v -0.828398 -3.128565 -1.253939
v -0.823398 -3.135637 -1.258939
v -0.818398 -3.142708 -1.263939
v -0.814747 -3.145175 -1.276798
v -0.809747 -3.152246 -1.281798
v -0.804747 -3.159317 -1.286798
v -0.799747 -3.166388 -1.291798
v -0.796095 -3.168855 -1.304658
v -0.792444 -3.171322 -1.317517
v -0.787444 -3.178393 -1.322517
v -0.782444 -3.185464 -1.327517
v -0.778792 -3.187932 -1.340376
v -0.775141 -3.190399 -1.353235
v -0.770141 -3.197470 -1.358235
v -0.766489 -3.199937 -1.371095
v -0.761489 -3.207008 -1.376095
v -0.757838 -3.209475 -1.388954
v -0.752838 -3.216546 -1.393954
v -0.747838 -3.223617 -1.398954
v -0.742838 -3.230688 -1.403954
v -0.739186 -3.233155 -1.416814
v -0.734701 -3.238468 -1.424816
v -0.730388 -3.243193 -1.433820
v -0.726075 -3.247919 -1.442823
v -0.721075 -3.254990 -1.447823
v -0.749593 -3.147622 -1.648183
v -1.071058 -2.675932 -1.316718
v -1.031853 -2.799787 -1.122355
v -1.026166 -2.809204 -1.123351
v -1.020651 -2.818033 -1.125350
v -1.015651 -2.825104 -1.130350
v -1.009302 -2.836779 -1.127490
v -1.002954 -2.848454 -1.124630
v -0.996605 -2.860130 -1.121771
v -0.990257 -2.871805 -1.118911
v -0.985257 -2.878876 -1.123911
v -0.980257 -2.885947 -1.128911
v -0.973908 -2.897621 -1.126053
v -0.968908 -2.904692 -1.131053
v -0.962560 -2.916368 -1.128193
v -0.957560 -2.923439 -1.133193
v -0.951212 -2.935113 -1.130334
v -0.946212 -2.942184 -1.135334
v -0.939863 -2.953860 -1.132474
v -0.933515 -2.965535 -1.129615
v -0.928515 -2.972606 -1.134615
v -0.922166 -2.984281 -1.131755
v -0.917166 -2.991352 -1.136755
v -0.912166 -2.998423 -1.141755
v -0.907166 -3.005494 -1.146755
v -0.902166 -3.012565 -1.151755
v -0.895818 -3.024240 -1.148896
v -0.890818 -3.031311 -1.153896
v -0.885818 -3.038382 -1.158896
v -0.880818 -3.045453 -1.163896
v -0.875818 -3.052524 -1.168896
v -0.870818 -3.059595 -1.173896
v -0.865818 -3.066666 -1.178896
v -0.860818 -3.073737 -1.183896
v -0.855818 -3.080808 -1.188896
v -0.850818 -3.087879 -1.193896
v -0.847166 -3.090347 -1.206755
v -0.842166 -3.097418 -1.211755
v -0.837166 -3.104489 -1.216755
v -0.832166 -3.111560 -1.221755
v -0.828515 -3.114028 -1.234615
v -0.824863 -3.116494 -1.247474
v -0.819863 -3.123565 -1.252474
v -0.814863 -3.130636 -1.257474
v -0.809863 -3.137707 -1.262474
v -0.806212 -3.140174 -1.275334
v -0.801212 -3.147245 -1.280334
v -0.796212 -3.154316 -1.285334
v -0.791212 -3.161388 -1.290334
v -0.788909 -3.159251 -1.311053
v -0.783908 -3.166322 -1.316053
v -0.778908 -3.173393 -1.321053
v -0.773908 -3.180464 -1.326053
v -0.770257 -3.182932 -1.338911
v -0.766605 -3.185399 -1.351771
v -0.761605 -3.192470 -1.356771
v -0.757954 -3.194937 -1.369630
v -0.752954 -3.202008 -1.374630
v -0.749302 -3.204475 -1.387490
v -0.744302 -3.211546 -1.392490
v -0.739302 -3.218617 -1.397490
v -0.734302 -3.225688 -1.402490
v -0.730651 -3.228155 -1.415349
v -0.726166 -3.233468 -1.423351
v -0.721853 -3.238193 -1.432355
v -0.717540 -3.242919 -1.441359
v -0.712540 -3.249990 -1.446359
v -0.707540 -3.257061 -1.451359
v -0.736058 -3.149693 -1.651718
v -1.067522 -2.663861 -1.310254
v -1.029004 -2.785371 -1.119894
v -1.023317 -2.794787 -1.120891
v -1.017630 -2.804204 -1.121887
v -1.012115 -2.813033 -1.123885
v -1.007115 -2.820104 -1.128885
v -1.000767 -2.831779 -1.126025
v -0.994418 -2.843455 -1.123166
v -0.989418 -2.850526 -1.128166
v -0.981721 -2.866805 -1.117447
v -0.976721 -2.873876 -1.122447
v -0.971721 -2.880947 -1.127447
v -0.965373 -2.892621 -1.124588
v -0.960373 -2.899692 -1.129588
v -0.954024 -2.911367 -1.126729
v -0.949024 -2.918438 -1.131729
v -0.942676 -2.930114 -1.128869
v -0.937676 -2.937185 -1.133869
v -0.931327 -2.948860 -1.131010
v -0.924979 -2.960535 -1.128150
v -0.919979 -2.967606 -1.133150
v -0.913630 -2.979281 -1.130291
v -0.908630 -2.986352 -1.135291
v -0.903630 -2.993423 -1.140290
v -0.898630 -3.000494 -1.145291
v -0.893630 -3.007565 -1.150291
v -0.887282 -3.019240 -1.147432
v -0.882282 -3.026311 -1.152432
v -0.877282 -3.033382 -1.157432
v -0.872282 -3.040453 -1.162432
v -0.867282 -3.047524 -1.167432
v -0.862282 -3.054595 -1.172432
v -0.857282 -3.061666 -1.177432
v -0.852282 -3.068737 -1.182432
v -0.847282 -3.075808 -1.187432
v -0.842282 -3.082880 -1.192432
v -0.837282 -3.089951 -1.197432
v -0.833630 -3.092418 -1.210291
v -0.829979 -3.094885 -1.223150
v -0.824979 -3.101956 -1.228150
v -0.819979 -3.109027 -1.233150
v -0.816327 -3.111494 -1.246010
v -0.811327 -3.118565 -1.251010
v -0.806327 -3.125636 -1.256010
v -0.801327 -3.132707 -1.261010
v -0.797676 -3.135174 -1.273869
v -0.792676 -3.142246 -1.278869
v -0.787676 -3.149317 -1.283869
v -0.782676 -3.156388 -1.288869
v -0.780373 -3.154251 -1.309588
v -0.775373 -3.161322 -1.314588
v -0.770373 -3.168393 -1.319588
v -0.766721 -3.170861 -1.332447
v -0.761721 -3.177932 -1.337447
v -0.758070 -3.180399 -1.350306
v -0.753070 -3.187470 -1.355306
v -0.749418 -3.189937 -1.368166
v -0.744418 -3.197008 -1.373166
v -0.740767 -3.199475 -1.386025
v -0.735767 -3.206546 -1.391025
v -0.730767 -3.213617 -1.396025
v -0.725767 -3.220688 -1.401025
v -0.722115 -3.223155 -1.413885
v -0.717630 -3.228468 -1.421887
v -0.713317 -3.233193 -1.430891
v -0.709004 -3.237919 -1.439894
v -0.704004 -3.244990 -1.444894
v -0.699004 -3.252062 -1.449894
v -0.727522 -3.144694 -1.650254
v -1.058987 -2.658861 -1.308789
v -1.020468 -2.780371 -1.118430
v -1.014781 -2.789787 -1.119426
v -1.009094 -2.799204 -1.120422
v -1.003579 -2.808033 -1.122421
v -0.998579 -2.815104 -1.127421
v -0.992231 -2.826780 -1.124561
v -0.985883 -2.838455 -1.121701
v -0.980883 -2.845526 -1.126701
v -0.973186 -2.861805 -1.115982
v -0.968186 -2.868876 -1.120982
v -0.963186 -2.875947 -1.125982
v -0.956837 -2.887621 -1.123124
v -0.951837 -2.894692 -1.128124
v -0.946837 -2.901763 -1.133124
v -0.940489 -2.913439 -1.130264
v -0.934140 -2.925114 -1.127405
v -0.929140 -2.932185 -1.132405
v -0.922792 -2.943860 -1.129545
v -0.916443 -2.955535 -1.126686
v -0.911443 -2.962606 -1.131686
v -0.905095 -2.974281 -1.128826
v -0.900095 -2.981352 -1.133826
v -0.895095 -2.988423 -1.138826
v -0.890095 -2.995494 -1.143826
v -0.885095 -3.002565 -1.148826
v -0.878746 -3.014240 -1.145967
v -0.873746 -3.021311 -1.150967
v -0.868746 -3.028382 -1.155967
v -0.863746 -3.035453 -1.160967
v -0.858746 -3.042524 -1.165967
v -0.853746 -3.049595 -1.170967
v -0.848746 -3.056666 -1.175967
v -0.843746 -3.063737 -1.180967
v -0.838746 -3.070808 -1.185967
v -0.833746 -3.077880 -1.190967
v -0.828746 -3.084951 -1.195967
v -0.825095 -3.087418 -1.208826
v -0.821443 -3.089885 -1.221686
v -0.816443 -3.096956 -1.226686
v -0.812792 -3.099423 -1.239545
v -0.807792 -3.106494 -1.244545
v -0.802792 -3.113565 -1.249545
v -0.797792 -3.120636 -1.254545
v -0.794140 -3.123103 -1.267405
v -0.789140 -3.130174 -1.272405
v -0.784140 -3.137246 -1.277405
v -0.779140 -3.144317 -1.282405
v -0.775489 -3.146784 -1.295264
v -0.771837 -3.149251 -1.308124
v -0.766837 -3.156322 -1.313124
v -0.761837 -3.163393 -1.318124
v -0.758186 -3.165861 -1.330982
v -0.753186 -3.172932 -1.335982
v -0.749534 -3.175399 -1.348842
v -0.744534 -3.182470 -1.353842
v -0.740883 -3.184937 -1.366701
v -0.735883 -3.192008 -1.371701
v -0.732231 -3.194475 -1.384561
v -0.727231 -3.201546 -1.389561
v -0.723579 -3.204013 -1.402421
v -0.717231 -3.215688 -1.399561
v -0.713579 -3.218155 -1.412421
v -0.709095 -3.223468 -1.420422
v -0.704782 -3.228194 -1.429426
v -0.700468 -3.232919 -1.438430
v -0.695468 -3.239990 -1.443430
v -0.690468 -3.247061 -1.448430
v -0.718987 -3.139693 -1.648789
v -1.050451 -2.653861 -1.307325
v -1.012620 -2.773026 -1.120968
v -1.006246 -2.784787 -1.117962
v -1.000559 -2.794204 -1.118958
v -0.995044 -2.803033 -1.120956
v -0.988696 -2.814708 -1.118097
v -0.983696 -2.821779 -1.123096
v -0.977347 -2.833455 -1.120237
v -0.972347 -2.840526 -1.125237
v -0.964650 -2.856805 -1.114518
v -0.959650 -2.863876 -1.119518
v -0.954650 -2.870947 -1.124518
v -0.949650 -2.878018 -1.129518
v -0.943302 -2.889693 -1.126659
v -0.936953 -2.901368 -1.123800
v -0.930605 -2.913043 -1.120940
v -0.924256 -2.924718 -1.118081
v -0.920605 -2.927185 -1.130940
v -0.914256 -2.938860 -1.128081
v -0.907908 -2.950535 -1.125221
v -0.902908 -2.957606 -1.130221
v -0.897908 -2.964677 -1.135221
v -0.891559 -2.976352 -1.132362
v -0.886559 -2.983423 -1.137362
v -0.881559 -2.990494 -1.142362
v -0.876559 -2.997565 -1.147362
v -0.871559 -3.004636 -1.152362
v -0.865211 -3.016311 -1.149503
v -0.860211 -3.023382 -1.154503
v -0.855211 -3.030453 -1.159503
v -0.850211 -3.037524 -1.164503
v -0.845211 -3.044595 -1.169503
v -0.840211 -3.051666 -1.174503
v -0.835211 -3.058738 -1.179503
v -0.830211 -3.065809 -1.184503
v -0.825211 -3.072880 -1.189503
v -0.821559 -3.075347 -1.202362
v -0.816559 -3.082418 -1.207362
v -0.812908 -3.084885 -1.220221
v -0.807908 -3.091956 -1.225221
v -0.804256 -3.094423 -1.238081
v -0.799256 -3.101494 -1.243081
v -0.795605 -3.103961 -1.255940
v -0.790605 -3.111032 -1.260940
v -0.785605 -3.118104 -1.265940
v -0.780605 -3.125175 -1.270940
v -0.775605 -3.132246 -1.275940
v -0.770605 -3.139317 -1.280940
v -0.766953 -3.141784 -1.293800
v -0.763302 -3.144251 -1.306659
v -0.759650 -3.146719 -1.319518
v -0.753302 -3.158393 -1.316659
v -0.749650 -3.160861 -1.329518
v -0.744650 -3.167932 -1.334518
v -0.740999 -3.170399 -1.347377
v -0.735999 -3.177470 -1.352378
v -0.732347 -3.179937 -1.365237
v -0.728696 -3.182404 -1.378097
v -0.723696 -3.189475 -1.383096
v -0.720044 -3.191942 -1.395956
v -0.715044 -3.199013 -1.400956
v -0.710044 -3.206084 -1.405956
v -0.705044 -3.213155 -1.410956
v -0.700559 -3.218468 -1.418958
v -0.696246 -3.223193 -1.427962
v -0.691933 -3.227919 -1.436965
v -0.686933 -3.234990 -1.441965
v -0.681933 -3.242061 -1.446965
v -0.676933 -3.249132 -1.451965
v -0.705451 -3.141764 -1.652325
v -1.041916 -2.648861 -1.305860
v -1.004084 -2.768026 -1.119504
v -0.997710 -2.779787 -1.116498
v -0.992023 -2.789204 -1.117494
v -0.986508 -2.798033 -1.119492
v -0.980160 -2.809708 -1.116632
v -0.975160 -2.816779 -1.121632
v -0.968812 -2.828454 -1.118773
v -0.962463 -2.840130 -1.115913
v -0.956115 -2.851805 -1.113053
v -0.951115 -2.858876 -1.118054
v -0.946115 -2.865947 -1.123053
v -0.941115 -2.873018 -1.128054
v -0.934766 -2.884692 -1.125195
v -0.928418 -2.896368 -1.122335
v -0.922069 -2.908042 -1.119476
v -0.915721 -2.919718 -1.116616
v -0.910721 -2.926789 -1.121616
v -0.905721 -2.933860 -1.126616
v -0.899372 -2.945535 -1.123757
v -0.894372 -2.952606 -1.128757
v -0.889372 -2.959677 -1.133757
v -0.883024 -2.971352 -1.130897
v -0.878024 -2.978423 -1.135897
v -0.873024 -2.985494 -1.140897
v -0.868024 -2.992565 -1.145897
v -0.861675 -3.004240 -1.143039
v -0.856675 -3.011311 -1.148039
v -0.851675 -3.018382 -1.153039
v -0.846675 -3.025453 -1.158039
v -0.841675 -3.032524 -1.163038
v -0.836675 -3.039595 -1.168039
v -0.831675 -3.046666 -1.173038
v -0.826675 -3.053737 -1.178039
v -0.821675 -3.060808 -1.183038
v -0.816675 -3.067879 -1.188039
v -0.813024 -3.070347 -1.200897
v -0.808024 -3.077418 -1.205897
v -0.804372 -3.079885 -1.218757
v -0.799372 -3.086956 -1.223757
v -0.795721 -3.089423 -1.236616
v -0.790721 -3.096494 -1.241616
v -0.787069 -3.098961 -1.254476
v -0.782069 -3.106032 -1.259476
v -0.777069 -3.113103 -1.264476
v -0.772069 -3.120174 -1.269476
v -0.768418 -3.122642 -1.282335
v -0.763418 -3.129713 -1.287335
v -0.758418 -3.136784 -1.292335
v -0.754766 -3.139251 -1.305195
v -0.751114 -3.141719 -1.318054
v -0.746114 -3.148790 -1.323053
v -0.741114 -3.155861 -1.328054
v -0.736115 -3.162932 -1.333053
v -0.732463 -3.165399 -1.345913
v -0.727463 -3.172470 -1.350913
v -0.725160 -3.170333 -1.371632
v -0.720160 -3.177404 -1.376632
v -0.715160 -3.184475 -1.381632
v -0.711508 -3.186942 -1.394492
v -0.706508 -3.194013 -1.399492
v -0.701508 -3.201084 -1.404492
v -0.696508 -3.208155 -1.409492
v -0.692024 -3.213468 -1.417493
v -0.687711 -3.218193 -1.426498
v -0.682711 -3.225264 -1.431497
v -0.678397 -3.229990 -1.440501
v -0.673397 -3.237062 -1.445501
v -0.668397 -3.244133 -1.450501
v -0.696916 -3.136765 -1.650860
v -1.038380 -2.636790 -1.299396
v -1.002609 -2.748920 -1.125050
v -0.995549 -2.763026 -1.118039
v -0.989862 -2.772442 -1.119036
v -0.984175 -2.781858 -1.120033
v -0.977973 -2.793033 -1.118027
v -0.971625 -2.804708 -1.115168
v -0.966625 -2.811779 -1.120168
v -0.961625 -2.818851 -1.125168
v -0.955276 -2.830526 -1.122308
v -0.948928 -2.842201 -1.119449
v -0.942579 -2.853876 -1.116589
v -0.937579 -2.860947 -1.121589
v -0.932579 -2.868018 -1.126589
v -0.926231 -2.879692 -1.123730
v -0.921231 -2.886763 -1.128730
v -0.914882 -2.898438 -1.125871
v -0.907185 -2.914718 -1.115152
v -0.902185 -2.921789 -1.120152
v -0.897185 -2.928860 -1.125152
v -0.890837 -2.940535 -1.122292
v -0.885837 -2.947606 -1.127292
v -0.880837 -2.954677 -1.132292
v -0.874488 -2.966352 -1.129433
v -0.869488 -2.973423 -1.134433
v -0.864488 -2.980494 -1.139433
v -0.859488 -2.987565 -1.144433
v -0.854488 -2.994637 -1.149433
v -0.848140 -3.006311 -1.146574
v -0.843140 -3.013382 -1.151574
v -0.838140 -3.020453 -1.156574
v -0.833140 -3.027524 -1.161574
v -0.828140 -3.034595 -1.166574
v -0.823140 -3.041666 -1.171574
v -0.818140 -3.048737 -1.176574
v -0.813140 -3.055808 -1.181574
v -0.808140 -3.062880 -1.186574
v -0.804488 -3.065347 -1.199433
v -0.799488 -3.072418 -1.204433
v -0.795837 -3.074885 -1.217292
v -0.790837 -3.081956 -1.222292
v -0.787185 -3.084423 -1.235152
v -0.782185 -3.091494 -1.240152
v -0.778534 -3.093961 -1.253011
v -0.773534 -3.101032 -1.258011
v -0.768534 -3.108103 -1.263011
v -0.763534 -3.115174 -1.268011
v -0.758534 -3.122246 -1.273011
v -0.754882 -3.124713 -1.285871
v -0.749882 -3.131784 -1.290871
v -0.746231 -3.134251 -1.303730
v -0.742579 -3.136719 -1.316589
v -0.737579 -3.143790 -1.321589
v -0.732579 -3.150861 -1.326589
v -0.727579 -3.157932 -1.331589
v -0.722579 -3.165003 -1.336589
v -0.718928 -3.167470 -1.349449
v -0.716625 -3.165333 -1.370168
v -0.711625 -3.172404 -1.375168
v -0.707973 -3.174871 -1.388027
v -0.702973 -3.181942 -1.393027
v -0.697973 -3.189013 -1.398027
v -0.692973 -3.196084 -1.403027
v -0.687973 -3.203155 -1.408027
v -0.683488 -3.208468 -1.416029
v -0.679175 -3.213193 -1.425033
v -0.674175 -3.220264 -1.430033
v -0.669862 -3.224990 -1.439036
v -0.664862 -3.232062 -1.444036
v -0.659862 -3.239133 -1.449036
v -0.654862 -3.246204 -1.454036
v -0.683380 -3.138836 -1.654396
v -1.029845 -2.631790 -1.297931
v -0.994074 -2.743920 -1.123585
v -0.987700 -2.755681 -1.120578
v -0.981326 -2.767442 -1.117572
v -0.975639 -2.776858 -1.118569
v -0.969952 -2.786275 -1.119565
v -0.964437 -2.795105 -1.121563
v -0.959437 -2.802176 -1.126563
v -0.953089 -2.813851 -1.123703
v -0.946741 -2.825526 -1.120844
v -0.940392 -2.837201 -1.117984
v -0.934044 -2.848876 -1.115125
v -0.929044 -2.855947 -1.120125
v -0.922695 -2.867621 -1.117266
v -0.917695 -2.874692 -1.122266
v -0.912695 -2.881763 -1.127266
v -0.906347 -2.893439 -1.124406
v -0.898650 -2.909718 -1.113687
v -0.893650 -2.916789 -1.118687
v -0.888650 -2.923860 -1.123687
v -0.882301 -2.935535 -1.120828
v -0.877301 -2.942606 -1.125828
v -0.872301 -2.949677 -1.130828
v -0.865953 -2.961352 -1.127968
v -0.860953 -2.968423 -1.132968
v -0.855953 -2.975494 -1.137968
v -0.850953 -2.982565 -1.142968
v -0.845953 -2.989636 -1.147968
v -0.839604 -3.001311 -1.145110
v -0.834604 -3.008382 -1.150110
v -0.829604 -3.015453 -1.155110
v -0.824604 -3.022524 -1.160110
v -0.819604 -3.029595 -1.165110
v -0.814604 -3.036666 -1.170110
v -0.809604 -3.043737 -1.175110
v -0.805953 -3.046205 -1.187968
v -0.800953 -3.053276 -1.192968
v -0.797301 -3.055743 -1.205828
v -0.792301 -3.062814 -1.210828
v -0.787301 -3.069885 -1.215828
v -0.782301 -3.076956 -1.220828
v -0.778650 -3.079423 -1.233687
v -0.773650 -3.086494 -1.238687
v -0.769998 -3.088961 -1.251547
v -0.764998 -3.096032 -1.256547
v -0.759998 -3.103103 -1.261547
v -0.754998 -3.110174 -1.266547
v -0.751347 -3.112642 -1.279406
v -0.746347 -3.119713 -1.284406
v -0.741347 -3.126784 -1.289406
v -0.739044 -3.124647 -1.310125
v -0.734043 -3.131719 -1.315125
v -0.729043 -3.138790 -1.320125
v -0.724043 -3.145861 -1.325125
v -0.719043 -3.152932 -1.330125
v -0.714043 -3.160003 -1.335125
v -0.711740 -3.157866 -1.355844
v -0.706740 -3.164937 -1.360844
v -0.703089 -3.167404 -1.373703
v -0.699437 -3.169871 -1.386563
v -0.694437 -3.176942 -1.391563
v -0.689437 -3.184013 -1.396563
v -0.684437 -3.191084 -1.401563
v -0.679437 -3.198155 -1.406563
v -0.674953 -3.203468 -1.414565
v -0.670640 -3.208194 -1.423569
v -0.665640 -3.215265 -1.428569
v -0.661326 -3.219990 -1.437572
v -0.656326 -3.227062 -1.442572
v -0.651326 -3.234133 -1.447572
v -0.646326 -3.241204 -1.452572
v -0.674845 -3.133836 -1.652931
v -1.021309 -2.626790 -1.296467
v -0.985538 -2.738920 -1.122121
v -0.979164 -2.750681 -1.119114
v -0.972791 -2.762442 -1.116107
v -0.967791 -2.769513 -1.121107
v -0.961417 -2.781275 -1.118100
v -0.955902 -2.790104 -1.120098
v -0.950902 -2.797175 -1.125098
v -0.944553 -2.808851 -1.122239
v -0.938205 -2.820526 -1.119379
v -0.931856 -2.832201 -1.116520
v -0.925508 -2.843876 -1.113660
v -0.920508 -2.850947 -1.118660
v -0.914160 -2.862621 -1.115801
v -0.909160 -2.869693 -1.120801
v -0.904160 -2.876764 -1.125801
v -0.897811 -2.888439 -1.122942
v -0.891463 -2.900114 -1.120082
v -0.885114 -2.911789 -1.117223
v -0.880114 -2.918860 -1.122223
v -0.873766 -2.930535 -1.119363
v -0.868766 -2.937606 -1.124363
v -0.863766 -2.944677 -1.129363
v -0.858766 -2.951748 -1.134363
v -0.852417 -2.963423 -1.131504
v -0.847417 -2.970494 -1.136504
v -0.842417 -2.977565 -1.141504
v -0.837417 -2.984636 -1.146504
v -0.831069 -2.996311 -1.143645
v -0.826069 -3.003382 -1.148645
v -0.821069 -3.010453 -1.153645
v -0.816069 -3.017524 -1.158645
v -0.811069 -3.024595 -1.163645
v -0.806069 -3.031667 -1.168645
v -0.801069 -3.038738 -1.173645
v -0.797417 -3.041205 -1.186504
v -0.792417 -3.048276 -1.191504
v -0.788766 -3.050743 -1.204363
v -0.783766 -3.057814 -1.209363
v -0.778766 -3.064885 -1.214363
v -0.773766 -3.071956 -1.219363
v -0.770114 -3.074423 -1.232223
v -0.765114 -3.081494 -1.237223
v -0.761463 -3.083961 -1.250082
v -0.756463 -3.091033 -1.255082
v -0.752811 -3.093500 -1.267942
v -0.747811 -3.100571 -1.272942
v -0.742811 -3.107642 -1.277942
v -0.737811 -3.114713 -1.282942
v -0.734160 -3.117180 -1.295801
v -0.730508 -3.119647 -1.308660
v -0.725508 -3.126719 -1.313660
v -0.720508 -3.133790 -1.318660
v -0.716856 -3.136257 -1.331520
v -0.711856 -3.143328 -1.336520
v -0.706856 -3.150399 -1.341520
v -0.703205 -3.152866 -1.354379
v -0.698205 -3.159937 -1.359379
v -0.695902 -3.157800 -1.380098
v -0.690902 -3.164871 -1.385098
v -0.685902 -3.171942 -1.390098
v -0.680902 -3.179013 -1.395098
v -0.675902 -3.186084 -1.400098
v -0.671417 -3.191397 -1.408100
v -0.666417 -3.198468 -1.413100
v -0.661417 -3.205539 -1.418100
v -0.657104 -3.210264 -1.427104
v -0.652791 -3.214990 -1.436107
v -0.647791 -3.222061 -1.441107
v -0.642791 -3.229132 -1.446107
v -0.637791 -3.236203 -1.451107
v -0.666309 -3.128836 -1.651467
v -1.012774 -2.621790 -1.295002
v -0.977003 -2.733920 -1.120656
v -0.970629 -2.745681 -1.117649
v -0.964942 -2.755097 -1.118646
v -0.959255 -2.764513 -1.119643
v -0.953568 -2.773929 -1.120640
v -0.947881 -2.783346 -1.121636
v -0.942366 -2.792175 -1.123634
v -0.936018 -2.803850 -1.120774
v -0.931018 -2.810922 -1.125774
v -0.923321 -2.827201 -1.115055
v -0.916973 -2.838876 -1.112196
v -0.911973 -2.845947 -1.117196
v -0.906973 -2.853018 -1.122196
v -0.901973 -2.860089 -1.127196
v -0.895624 -2.871763 -1.124337
v -0.889276 -2.883439 -1.121477
v -0.882927 -2.895113 -1.118618
v -0.876579 -2.906789 -1.115758
v -0.871579 -2.913860 -1.120758
v -0.865230 -2.925535 -1.117899
v -0.860230 -2.932606 -1.122899
v -0.855230 -2.939677 -1.127899
v -0.850230 -2.946748 -1.132899
v -0.843882 -2.958423 -1.130039
v -0.838882 -2.965494 -1.135039
v -0.833882 -2.972565 -1.140039
v -0.828882 -2.979636 -1.145039
v -0.822533 -2.991311 -1.142181
v -0.817533 -2.998382 -1.147181
v -0.812533 -3.005453 -1.152181
v -0.807533 -3.012524 -1.157181
v -0.802533 -3.019595 -1.162181
v -0.797533 -3.026666 -1.167181
v -0.792533 -3.033737 -1.172181
v -0.788882 -3.036205 -1.185039
v -0.783882 -3.043276 -1.190039
v -0.780230 -3.045743 -1.202899
v -0.775230 -3.052814 -1.207899
v -0.770230 -3.059885 -1.212899
v -0.765230 -3.066956 -1.217899
v -0.761579 -3.069423 -1.230758
v -0.756579 -3.076494 -1.235758
v -0.752927 -3.078961 -1.248618
v -0.749276 -3.081429 -1.261477
v -0.744276 -3.088500 -1.266477
v -0.739276 -3.095571 -1.271477
v -0.734276 -3.102642 -1.276477
v -0.730624 -3.105108 -1.289337
v -0.725624 -3.112180 -1.294337
v -0.721973 -3.114647 -1.307196
v -0.718321 -3.117115 -1.320055
v -0.713321 -3.124186 -1.325055
v -0.708321 -3.131257 -1.330055
v -0.703321 -3.138328 -1.335055
v -0.699669 -3.140795 -1.347915
v -0.696018 -3.143262 -1.360774
v -0.691018 -3.150333 -1.365774
v -0.687366 -3.152800 -1.378634
v -0.682366 -3.159871 -1.383634
v -0.677366 -3.166942 -1.388634
v -0.672366 -3.174013 -1.393634
v -0.667881 -3.179326 -1.401636
v -0.662881 -3.186397 -1.406636
v -0.657881 -3.193468 -1.411636
v -0.652882 -3.200539 -1.416636
v -0.648569 -3.205264 -1.425640
v -0.644255 -3.209990 -1.434643
v -0.639255 -3.217062 -1.439643
v -0.634255 -3.224133 -1.444643
v -0.629255 -3.231204 -1.449643
v -0.624942 -3.235930 -1.458646
v -0.652774 -3.130907 -1.655002
v -1.004238 -2.616790 -1.293538
v -0.968467 -2.728920 -1.119192
v -0.962780 -2.738336 -1.120188
v -0.956406 -2.750097 -1.117182
v -0.950720 -2.759513 -1.118178
v -0.945033 -2.768929 -1.119175
v -0.939346 -2.778346 -1.120171
v -0.933831 -2.787175 -1.122169
v -0.927482 -2.798851 -1.119310
v -0.922482 -2.805922 -1.124310
v -0.914785 -2.822201 -1.113591
v -0.908437 -2.833876 -1.110731
v -0.903437 -2.840947 -1.115731
v -0.898437 -2.848018 -1.120731
v -0.892089 -2.859692 -1.117872
v -0.887089 -2.866763 -1.122873
v -0.880740 -2.878438 -1.120013
v -0.874392 -2.890114 -1.117154
v -0.869392 -2.897185 -1.122153
v -0.863043 -2.908860 -1.119294
v -0.856695 -2.920535 -1.116434
v -0.851695 -2.927606 -1.121434
v -0.846695 -2.934677 -1.126434
v -0.841695 -2.941748 -1.131434
v -0.835346 -2.953423 -1.128575
v -0.830346 -2.960494 -1.133575
v -0.825346 -2.967565 -1.138575
v -0.820346 -2.974637 -1.143575
v -0.813998 -2.986311 -1.140716
v -0.808998 -2.993382 -1.145716
v -0.803998 -3.000453 -1.150716
v -0.798998 -3.007524 -1.155716
v -0.793998 -3.014595 -1.160716
v -0.788998 -3.021666 -1.165716
v -0.785346 -3.024134 -1.178575
v -0.780346 -3.031205 -1.183575
v -0.776695 -3.033672 -1.196434
v -0.771695 -3.040743 -1.201434
v -0.766695 -3.047814 -1.206434
v -0.761695 -3.054885 -1.211434
v -0.756695 -3.061956 -1.216434
v -0.751695 -3.069027 -1.221434
v -0.748043 -3.071494 -1.234294
v -0.745740 -3.069357 -1.255013
v -0.740740 -3.076428 -1.260013
v -0.735740 -3.083499 -1.265013
v -0.730740 -3.090570 -1.270013
v -0.725740 -3.097642 -1.275013
v -0.722089 -3.100109 -1.287873
v -0.718437 -3.102576 -1.300731
v -0.713437 -3.109648 -1.305731
v -0.709785 -3.112114 -1.318591
v -0.704785 -3.119185 -1.323591
v -0.699785 -3.126256 -1.328591
v -0.694785 -3.133328 -1.333591
v -0.691134 -3.135795 -1.346450
v -0.687482 -3.138262 -1.359310
v -0.682482 -3.145333 -1.364310
v -0.678831 -3.147800 -1.377169
v -0.673831 -3.154871 -1.382169
v -0.668831 -3.161942 -1.387169
v -0.663831 -3.169013 -1.392169
v -0.659346 -3.174326 -1.400171
v -0.654346 -3.181397 -1.405171
v -0.649346 -3.188468 -1.410171
v -0.645033 -3.193193 -1.419175
v -0.640033 -3.200264 -1.424175
v -0.635720 -3.204990 -1.433178
v -0.630720 -3.212062 -1.438178
v -0.625720 -3.219133 -1.443178
v -0.620720 -3.226204 -1.448178
v -0.616407 -3.230930 -1.457182
v -0.644238 -3.125907 -1.653538
v -0.995703 -2.611790 -1.292073
v -0.960619 -2.721575 -1.121731
v -0.954245 -2.733336 -1.118724
v -0.948558 -2.742752 -1.119720
v -0.942184 -2.754513 -1.116714
v -0.936497 -2.763929 -1.117711
v -0.930810 -2.773346 -1.118707
v -0.925295 -2.782176 -1.120705
v -0.920295 -2.789247 -1.125705
v -0.913947 -2.800922 -1.122845
v -0.906250 -2.817201 -1.112126
v -0.899902 -2.828876 -1.109267
v -0.894902 -2.835947 -1.114267
v -0.889902 -2.843018 -1.119267
v -0.883553 -2.854692 -1.116408
v -0.878553 -2.861763 -1.121408
v -0.872205 -2.873439 -1.118549
v -0.865856 -2.885114 -1.115689
v -0.860856 -2.892185 -1.120689
v -0.854508 -2.903860 -1.117830
v -0.848159 -2.915535 -1.114970
v -0.843159 -2.922606 -1.119970
v -0.838159 -2.929677 -1.124970
v -0.833159 -2.936748 -1.129970
v -0.826811 -2.948423 -1.127110
v -0.821811 -2.955494 -1.132110
v -0.816811 -2.962565 -1.137110
v -0.811811 -2.969636 -1.142111
v -0.806811 -2.976707 -1.147110
v -0.800462 -2.988382 -1.144252
v -0.795462 -2.995453 -1.149252
v -0.790462 -3.002524 -1.154252
v -0.785462 -3.009595 -1.159252
v -0.780462 -3.016666 -1.164252
v -0.776811 -3.019134 -1.177110
v -0.773159 -3.021601 -1.189970
v -0.768159 -3.028672 -1.194970
v -0.763159 -3.035743 -1.199970
v -0.758159 -3.042814 -1.204970
v -0.753159 -3.049885 -1.209970
v -0.748159 -3.056956 -1.214970
v -0.744508 -3.059423 -1.227829
v -0.740856 -3.061890 -1.240689
v -0.737205 -3.064357 -1.253549
v -0.732205 -3.071429 -1.258548
v -0.727205 -3.078500 -1.263548
v -0.722205 -3.085571 -1.268548
v -0.718553 -3.088038 -1.281408
v -0.714902 -3.090505 -1.294267
v -0.711250 -3.092972 -1.307126
v -0.704902 -3.104647 -1.304267
v -0.701250 -3.107115 -1.317126
v -0.696250 -3.114186 -1.322126
v -0.692598 -3.116653 -1.334986
v -0.687598 -3.123724 -1.339986
v -0.682598 -3.130795 -1.344986
v -0.677598 -3.137866 -1.349986
v -0.673947 -3.140333 -1.362845
v -0.670295 -3.142800 -1.375705
v -0.665295 -3.149871 -1.380705
v -0.660295 -3.156942 -1.385705
v -0.655810 -3.162255 -1.393707
v -0.650810 -3.169326 -1.398707
v -0.645810 -3.176397 -1.403707
v -0.640810 -3.183468 -1.408707
v -0.636497 -3.188194 -1.417711
v -0.632184 -3.192919 -1.426714
v -0.627184 -3.199991 -1.431714
v -0.622184 -3.207062 -1.436714
v -0.617871 -3.211788 -1.445717
v -0.612871 -3.218859 -1.450717
v -0.607871 -3.225930 -1.455717
v -0.635703 -3.120907 -1.652074
v -0.987167 -2.606790 -1.290609
v -0.952083 -2.716575 -1.120266
v -0.945709 -2.728336 -1.117259
v -0.940022 -2.737752 -1.118256
v -0.934335 -2.747169 -1.119253
v -0.928649 -2.756584 -1.120250
v -0.922962 -2.766001 -1.121246
v -0.917275 -2.775417 -1.122242
v -0.911760 -2.784246 -1.124240
v -0.905411 -2.795922 -1.121381
v -0.899063 -2.807597 -1.118521
v -0.892714 -2.819272 -1.115662
v -0.887714 -2.826343 -1.120662
v -0.881366 -2.838018 -1.117802
v -0.875018 -2.849693 -1.114944
v -0.870018 -2.856764 -1.119944
v -0.863669 -2.868439 -1.117084
v -0.857321 -2.880114 -1.114225
v -0.852321 -2.887185 -1.119225
v -0.845972 -2.898860 -1.116365
v -0.839624 -2.910535 -1.113505
v -0.834624 -2.917606 -1.118505
v -0.829624 -2.924677 -1.123505
v -0.823275 -2.936352 -1.120646
v -0.818275 -2.943423 -1.125646
v -0.813275 -2.950494 -1.130646
v -0.808275 -2.957565 -1.135646
v -0.803275 -2.964636 -1.140646
v -0.798275 -2.971707 -1.145646
v -0.791927 -2.983382 -1.142787
v -0.786927 -2.990453 -1.147787
v -0.783275 -2.992921 -1.160646
v -0.776927 -3.004595 -1.157787
v -0.773275 -3.007063 -1.170646
v -0.768275 -3.014134 -1.175646
v -0.764624 -3.016601 -1.188506
v -0.759624 -3.023672 -1.193506
v -0.754624 -3.030743 -1.198506
v -0.749624 -3.037814 -1.203506
v -0.744624 -3.044885 -1.208506
v -0.739624 -3.051956 -1.213506
v -0.735972 -3.054423 -1.226365
v -0.733669 -3.052286 -1.247084
v -0.728669 -3.059357 -1.252084
v -0.723669 -3.066429 -1.257084
v -0.720018 -3.068896 -1.269943
v -0.715018 -3.075967 -1.274944
v -0.710018 -3.083038 -1.279943
v -0.706366 -3.085505 -1.292802
v -0.702714 -3.087972 -1.305662
v -0.697714 -3.095043 -1.310662
v -0.692714 -3.102115 -1.315662
v -0.689063 -3.104582 -1.328521
v -0.684063 -3.111653 -1.333521
v -0.679063 -3.118724 -1.338521
v -0.674063 -3.125795 -1.343521
v -0.669063 -3.132866 -1.348521
v -0.666760 -3.130729 -1.369240
v -0.661760 -3.137800 -1.374240
v -0.656760 -3.144871 -1.379240
v -0.652275 -3.150184 -1.387242
v -0.647275 -3.157255 -1.392242
v -0.642275 -3.164326 -1.397242
v -0.637275 -3.171397 -1.402242
v -0.632275 -3.178468 -1.407242
v -0.627962 -3.183193 -1.416246
v -0.623649 -3.187919 -1.425249
v -0.618649 -3.194990 -1.430249
v -0.614336 -3.199717 -1.439253
v -0.609336 -3.206788 -1.444253
v -0.604336 -3.213859 -1.449253
v -0.599336 -3.220930 -1.454253
v -0.595022 -3.225656 -1.463256
v -0.622167 -3.122978 -1.655609
v -0.973632 -2.608861 -1.294145
v -0.937174 -2.723336 -1.115795
v -0.931487 -2.732752 -1.116791
v -0.925800 -2.742168 -1.117788
v -0.920113 -2.751584 -1.118785
v -0.914426 -2.761000 -1.119782
v -0.908739 -2.770417 -1.120778
v -0.903224 -2.779246 -1.122776
v -0.896876 -2.790922 -1.119916
v -0.890527 -2.802597 -1.117057
v -0.884179 -2.814272 -1.114197
v -0.877830 -2.825947 -1.111338
v -0.872830 -2.833018 -1.116338
v -0.867830 -2.840089 -1.121338
v -0.861482 -2.851763 -1.118479
v -0.855134 -2.863439 -1.115620
v -0.848785 -2.875113 -1.112760
v -0.843785 -2.882185 -1.117760
v -0.837437 -2.893860 -1.114901
v -0.831088 -2.905535 -1.112041
v -0.826088 -2.912606 -1.117041
v -0.821088 -2.919677 -1.122041
v -0.814740 -2.931352 -1.119181
v -0.809740 -2.938423 -1.124182
v -0.804740 -2.945494 -1.129181
v -0.799740 -2.952565 -1.134181
v -0.794740 -2.959636 -1.139182
v -0.789740 -2.966707 -1.144181
v -0.784740 -2.973778 -1.149182
v -0.779740 -2.980850 -1.154181
v -0.774740 -2.987921 -1.159182
v -0.769740 -2.994992 -1.164181
v -0.764740 -3.002063 -1.169182
v -0.759740 -3.009134 -1.174181
v -0.756088 -3.011601 -1.187041
v -0.751088 -3.018672 -1.192041
v -0.746088 -3.025743 -1.197041
v -0.741088 -3.032814 -1.202041
v -0.736088 -3.039885 -1.207041
v -0.732437 -3.042352 -1.219901
v -0.728785 -3.044819 -1.232760
v -0.725134 -3.047287 -1.245620
v -0.720134 -3.054358 -1.250620
v -0.716482 -3.056824 -1.263479
v -0.711482 -3.063895 -1.268479
v -0.706482 -3.070966 -1.273479
v -0.702830 -3.073434 -1.286338
v -0.697830 -3.080505 -1.291338
v -0.694179 -3.082972 -1.304197
v -0.689179 -3.090043 -1.309197
v -0.685527 -3.092511 -1.322057
v -0.680527 -3.099582 -1.327057
v -0.675527 -3.106653 -1.332057
v -0.670527 -3.113724 -1.337057
v -0.665527 -3.120795 -1.342057
v -0.660527 -3.127866 -1.347057
v -0.658224 -3.125729 -1.367776
v -0.653224 -3.132800 -1.372776
v -0.648739 -3.138113 -1.380778
v -0.643739 -3.145184 -1.385778
v -0.638739 -3.152255 -1.390778
v -0.633739 -3.159326 -1.395778
v -0.629426 -3.164051 -1.404782
v -0.624426 -3.171122 -1.409782
v -0.619426 -3.178193 -1.414782
v -0.615113 -3.182919 -1.423785
v -0.610113 -3.189990 -1.428785
v -0.605800 -3.194717 -1.437788
v -0.600800 -3.201788 -1.442788
v -0.595800 -3.208859 -1.447788
v -0.590800 -3.215930 -1.452788
v -0.586487 -3.220656 -1.461791
v -0.613632 -3.117978 -1.654145
v -0.960096 -2.610932 -1.297680
v -0.923638 -2.725407 -1.119330
v -0.917264 -2.737168 -1.116324
v -0.912264 -2.744239 -1.121324
v -0.906578 -2.753655 -1.122321
v -0.900204 -2.765417 -1.119313
v -0.894689 -2.774246 -1.121311
v -0.888340 -2.785922 -1.118452
v -0.881992 -2.797597 -1.115592
v -0.875643 -2.809272 -1.112733
v -0.870643 -2.816343 -1.117733
v -0.864295 -2.828018 -1.114873
v -0.859295 -2.835089 -1.119873
v -0.852947 -2.846763 -1.117015
v -0.846598 -2.858438 -1.114155
v -0.840250 -2.870114 -1.111296
v -0.835250 -2.877185 -1.116296
v -0.828901 -2.888860 -1.113436
v -0.822553 -2.900535 -1.110577
v -0.817553 -2.907606 -1.115577
v -0.812553 -2.914677 -1.120577
v -0.806204 -2.926352 -1.117717
v -0.801204 -2.933423 -1.122717
v -0.796204 -2.940494 -1.127717
v -0.791204 -2.947565 -1.132717
v -0.786204 -2.954637 -1.137717
v -0.781204 -2.961708 -1.142717
v -0.776204 -2.968779 -1.147717
v -0.771204 -2.975850 -1.152717
v -0.766204 -2.982921 -1.157717
v -0.761204 -2.989992 -1.162717
v -0.756204 -2.997063 -1.167717
v -0.751204 -3.004134 -1.172717
v -0.747553 -3.006601 -1.185577
v -0.742553 -3.013672 -1.190577
v -0.737553 -3.020743 -1.195577
v -0.732553 -3.027814 -1.200577
v -0.728901 -3.030281 -1.213436
v -0.723901 -3.037352 -1.218436
v -0.720250 -3.039819 -1.231296
v -0.716598 -3.042286 -1.244155
v -0.712947 -3.044753 -1.257015
v -0.707947 -3.051824 -1.262015
v -0.702947 -3.058895 -1.267015
v -0.697947 -3.065966 -1.272015
v -0.694295 -3.068434 -1.284873
v -0.689295 -3.075505 -1.289873
v -0.685643 -3.077972 -1.302733
v -0.680643 -3.085043 -1.307733
v -0.676992 -3.087511 -1.320592
v -0.671992 -3.094582 -1.325592
v -0.666992 -3.101653 -1.330592
v -0.661992 -3.108724 -1.335592
v -0.658340 -3.111191 -1.348452
v -0.653340 -3.118262 -1.353452
v -0.649689 -3.120729 -1.366311
v -0.644689 -3.127800 -1.371311
v -0.640204 -3.133113 -1.379313
v -0.635204 -3.140184 -1.384313
v -0.630204 -3.147255 -1.389313
v -0.625204 -3.154326 -1.394313
v -0.620891 -3.159051 -1.403317
v -0.615891 -3.166122 -1.408317
v -0.611578 -3.170848 -1.417320
v -0.606578 -3.177919 -1.422320
v -0.601578 -3.184990 -1.427320
v -0.597265 -3.189717 -1.436324
v -0.592265 -3.196788 -1.441324
v -0.587265 -3.203859 -1.446324
v -0.582265 -3.210930 -1.451324
v -0.577951 -3.215656 -1.460327
v -0.605096 -3.112978 -1.652680
v -0.951561 -2.605932 -1.296216
v -0.915103 -2.720407 -1.117866
v -0.909416 -2.729823 -1.118862
v -0.903729 -2.739239 -1.119859
v -0.898042 -2.748656 -1.120856
v -0.892355 -2.758072 -1.121853
v -0.886153 -2.769247 -1.119847
v -0.879805 -2.780922 -1.116987
v -0.873456 -2.792597 -1.114128
v -0.867108 -2.804272 -1.111268
v -0.862108 -2.811343 -1.116268
v -0.855759 -2.823018 -1.113409
v -0.850759 -2.830089 -1.118409
v -0.843063 -2.846368 -1.107691
v -0.838063 -2.853439 -1.112691
v -0.833063 -2.860510 -1.117691
v -0.826714 -2.872185 -1.114831
v -0.820366 -2.883860 -1.111972
v -0.814017 -2.895535 -1.109112
v -0.809017 -2.902606 -1.114112
v -0.804017 -2.909677 -1.119112
v -0.797669 -2.921352 -1.116253
v -0.792669 -2.928423 -1.121253
v -0.787669 -2.935494 -1.126253
v -0.782669 -2.942565 -1.131253
v -0.777669 -2.949636 -1.136253
v -0.772669 -2.956707 -1.141253
v -0.767669 -2.963778 -1.146253
v -0.762669 -2.970850 -1.151253
v -0.757669 -2.977921 -1.156253
v -0.752669 -2.984992 -1.161253
v -0.747669 -2.992063 -1.166253
v -0.744017 -2.994530 -1.179112
v -0.739017 -3.001601 -1.184112
v -0.734017 -3.008672 -1.189112
v -0.729017 -3.015743 -1.194112
v -0.724017 -3.022814 -1.199112
v -0.720366 -3.025281 -1.211972
v -0.715366 -3.032352 -1.216972
v -0.711714 -3.034819 -1.229831
v -0.708063 -3.037286 -1.242691
v -0.704411 -3.039753 -1.255550
v -0.699411 -3.046824 -1.260550
v -0.694411 -3.053895 -1.265550
v -0.689411 -3.060966 -1.270550
v -0.685759 -3.063434 -1.283409
v -0.680759 -3.070505 -1.288409
v -0.678456 -3.068368 -1.309128
v -0.673456 -3.075439 -1.314128
v -0.668456 -3.082511 -1.319128
v -0.663456 -3.089582 -1.324128
v -0.659805 -3.092049 -1.336987
v -0.654805 -3.099120 -1.341987
v -0.649805 -3.106191 -1.346987
v -0.644805 -3.113262 -1.351987
v -0.641153 -3.115729 -1.364847
v -0.636668 -3.121042 -1.372849
v -0.631668 -3.128113 -1.377849
v -0.626668 -3.135184 -1.382849
v -0.621668 -3.142255 -1.387849
v -0.617355 -3.146980 -1.396853
v -0.612355 -3.154051 -1.401853
v -0.607355 -3.161122 -1.406853
v -0.603042 -3.165848 -1.415856
v -0.598042 -3.172920 -1.420856
v -0.593729 -3.177646 -1.429859
v -0.588729 -3.184717 -1.434859
v -0.583729 -3.191788 -1.439859
v -0.578729 -3.198859 -1.444859
v -0.573729 -3.205930 -1.449859
v -0.570103 -3.208311 -1.462865
v -0.565790 -3.213037 -1.471870
v -0.591561 -3.115049 -1.656216
v -0.943025 -2.600932 -1.294751
v -0.906567 -2.715407 -1.116401
v -0.900880 -2.724823 -1.117398
v -0.895193 -2.734240 -1.118395
v -0.889507 -2.743655 -1.119392
v -0.883820 -2.753072 -1.120388
v -0.877618 -2.764246 -1.118383
v -0.872618 -2.771317 -1.123382
v -0.866269 -2.782993 -1.120523
v -0.858572 -2.799272 -1.109804
v -0.853572 -2.806343 -1.114804
v -0.847224 -2.818018 -1.111944
v -0.842224 -2.825089 -1.116944
v -0.834527 -2.841368 -1.106226
v -0.828178 -2.853043 -1.103367
v -0.823178 -2.860114 -1.108367
v -0.818178 -2.867185 -1.113367
v -0.811830 -2.878860 -1.110507
v -0.805482 -2.890535 -1.107648
v -0.800482 -2.897606 -1.112648
v -0.795482 -2.904677 -1.117648
v -0.789133 -2.916352 -1.114788
v -0.784133 -2.923423 -1.119788
v -0.779133 -2.930494 -1.124788
v -0.774133 -2.937565 -1.129788
v -0.769133 -2.944636 -1.134788
v -0.764133 -2.951707 -1.139788
v -0.759133 -2.958778 -1.144788
v -0.754133 -2.965850 -1.149788
v -0.749133 -2.972921 -1.154788
v -0.744133 -2.979992 -1.159788
v -0.739133 -2.987063 -1.164788
v -0.735482 -2.989530 -1.177648
v -0.730482 -2.996601 -1.182648
v -0.725482 -3.003672 -1.187648
v -0.720482 -3.010743 -1.192648
v -0.716830 -3.013210 -1.205507
v -0.711830 -3.020281 -1.210507
v -0.706830 -3.027352 -1.215507
v -0.703178 -3.029819 -1.228367
v -0.699527 -3.032286 -1.241226
v -0.695875 -3.034753 -1.254086
v -0.690875 -3.041825 -1.259086
v -0.685875 -3.048896 -1.264086
v -0.680875 -3.055967 -1.269086
v -0.677224 -3.058434 -1.281944
v -0.672224 -3.065505 -1.286944
v -0.669921 -3.063368 -1.307663
v -0.664921 -3.070439 -1.312663
v -0.659921 -3.077511 -1.317663
v -0.656269 -3.079978 -1.330523
v -0.651269 -3.087049 -1.335523
v -0.646269 -3.094120 -1.340523
v -0.641269 -3.101191 -1.345523
v -0.637618 -3.103658 -1.358383
v -0.633133 -3.108970 -1.366384
v -0.628133 -3.116041 -1.371385
v -0.623133 -3.123113 -1.376384
v -0.618133 -3.130184 -1.381384
v -0.613133 -3.137255 -1.386384
v -0.608820 -3.141980 -1.395388
v -0.603820 -3.149051 -1.400388
v -0.598820 -3.156122 -1.405388
v -0.594507 -3.160848 -1.414392
v -0.589507 -3.167919 -1.419392
v -0.585193 -3.172646 -1.428395
v -0.580193 -3.179717 -1.433395
v -0.575193 -3.186788 -1.438395
v -0.570193 -3.193859 -1.443395
v -0.565880 -3.198585 -1.452398
v -0.561567 -3.203311 -1.461401
v -0.557254 -3.208037 -1.470405
v -0.583025 -3.110049 -1.654751
v -0.929489 -2.603003 -1.298287
v -0.892345 -2.719823 -1.115934
v -0.887345 -2.726894 -1.120934
v -0.880971 -2.738655 -1.117927
v -0.875284 -2.748071 -1.118924
v -0.869597 -2.757488 -1.119920
v -0.864082 -2.766318 -1.121918
v -0.857734 -2.777993 -1.119058
v -0.850037 -2.794272 -1.108339
v -0.845037 -2.801343 -1.113339
v -0.838688 -2.813018 -1.110480
v -0.833688 -2.820089 -1.115480
v -0.827340 -2.831764 -1.112621
v -0.819643 -2.848042 -1.101902
v -0.814643 -2.855114 -1.106902
v -0.809643 -2.862185 -1.111902
v -0.803295 -2.873860 -1.109043
v -0.796946 -2.885535 -1.106183
v -0.791946 -2.892606 -1.111183
v -0.786946 -2.899677 -1.116183
v -0.780598 -2.911352 -1.113324
v -0.775598 -2.918423 -1.118324
v -0.770598 -2.925494 -1.123324
v -0.765597 -2.932565 -1.128324
v -0.760597 -2.939636 -1.133324
v -0.755597 -2.946707 -1.138324
v -0.750597 -2.953779 -1.143324
v -0.745597 -2.960850 -1.148324
v -0.740597 -2.967921 -1.153324
v -0.735597 -2.974992 -1.158324
v -0.730597 -2.982063 -1.163324
v -0.726946 -2.984530 -1.176183
v -0.721946 -2.991601 -1.181183
v -0.716946 -2.998672 -1.186183
v -0.713295 -3.001139 -1.199043
v -0.708295 -3.008210 -1.204043
v -0.703295 -3.015281 -1.209043
v -0.698295 -3.022352 -1.214043
v -0.694643 -3.024819 -1.226902
v -0.690991 -3.027287 -1.239762
v -0.687340 -3.029753 -1.252621
v -0.682340 -3.036824 -1.257621
v -0.677340 -3.043895 -1.262621
v -0.672340 -3.050967 -1.267621
v -0.668688 -3.053434 -1.280480
v -0.663688 -3.060505 -1.285480
v -0.661385 -3.058368 -1.306199
v -0.656385 -3.065439 -1.311199
v -0.652734 -3.067907 -1.324059
v -0.647734 -3.074978 -1.329059
v -0.642734 -3.082049 -1.334059
v -0.637734 -3.089120 -1.339059
v -0.634082 -3.091587 -1.351918
v -0.629597 -3.096899 -1.359920
v -0.624597 -3.103971 -1.364920
v -0.619597 -3.111042 -1.369920
v -0.614597 -3.118113 -1.374920
v -0.609597 -3.125184 -1.379920
v -0.605284 -3.129909 -1.388924
v -0.600284 -3.136980 -1.393924
v -0.595284 -3.144051 -1.398924
v -0.590284 -3.151122 -1.403924
v -0.585971 -3.155848 -1.412927
v -0.580971 -3.162919 -1.417927
v -0.576658 -3.167645 -1.426930
v -0.571658 -3.174717 -1.431930
v -0.566658 -3.181788 -1.436930
v -0.561658 -3.188859 -1.441930
v -0.556658 -3.195930 -1.446930
v -0.553032 -3.198311 -1.459937
v -0.548719 -3.203037 -1.468941
v -0.543719 -3.210108 -1.473941
v -0.569490 -3.112120 -1.658287
v -0.920954 -2.598003 -1.296822
v -0.884496 -2.712478 -1.118472
v -0.878809 -2.721894 -1.119469
v -0.873122 -2.731311 -1.120466
v -0.866749 -2.743072 -1.117460
v -0.861062 -2.752488 -1.118456
v -0.855547 -2.761318 -1.120454
v -0.849198 -2.772993 -1.117594
v -0.842850 -2.784668 -1.114735
v -0.836501 -2.796343 -1.111875
v -0.830153 -2.808018 -1.109015
v -0.823804 -2.819692 -1.106157
v -0.818804 -2.826763 -1.111157
v -0.812456 -2.838439 -1.108297
v -0.806107 -2.850114 -1.105438
v -0.801107 -2.857185 -1.110438
v -0.794759 -2.868860 -1.107578
v -0.788411 -2.880535 -1.104719
v -0.783411 -2.887606 -1.109719
v -0.778411 -2.894677 -1.114719
v -0.772062 -2.906352 -1.111859
v -0.767062 -2.913423 -1.116859
v -0.762062 -2.920494 -1.121859
v -0.757062 -2.927565 -1.126859
v -0.752062 -2.934637 -1.131859
v -0.747062 -2.941708 -1.136859
v -0.742062 -2.948779 -1.141859
v -0.737062 -2.955850 -1.146859
v -0.732062 -2.962921 -1.151859
v -0.727062 -2.969992 -1.156859
v -0.722062 -2.977063 -1.161859
v -0.718410 -2.979530 -1.174719
v -0.713410 -2.986601 -1.179719
v -0.708411 -2.993672 -1.184719
v -0.704759 -2.996139 -1.197578
v -0.699759 -3.003210 -1.202578
v -0.694759 -3.010281 -1.207578
v -0.689759 -3.017352 -1.212578
v -0.686107 -3.019819 -1.225438
v -0.682456 -3.022286 -1.238297
v -0.678804 -3.024753 -1.251157
v -0.673804 -3.031824 -1.256157
v -0.668804 -3.038895 -1.261157
v -0.663804 -3.045966 -1.266157
v -0.660153 -3.048434 -1.279015
v -0.655153 -3.055505 -1.284015
v -0.652850 -3.053369 -1.304734
v -0.649198 -3.055835 -1.317594
v -0.644198 -3.062907 -1.322594
v -0.639198 -3.069978 -1.327594
v -0.634198 -3.077049 -1.332594
v -0.629198 -3.084120 -1.337594
v -0.625547 -3.086587 -1.350454
v -0.621062 -3.091899 -1.358456
v -0.616062 -3.098971 -1.363456
v -0.611062 -3.106042 -1.368456
v -0.606062 -3.113113 -1.373456
v -0.601062 -3.120184 -1.378456
v -0.596749 -3.124909 -1.387460
v -0.591749 -3.131980 -1.392460
v -0.586749 -3.139051 -1.397460
v -0.581749 -3.146122 -1.402460
v -0.577436 -3.150848 -1.411463
v -0.572436 -3.157919 -1.416463
v -0.568122 -3.162646 -1.425466
v -0.563122 -3.169717 -1.430466
v -0.558122 -3.176788 -1.435466
v -0.553122 -3.183859 -1.440466
v -0.548809 -3.188585 -1.449469
v -0.544496 -3.193311 -1.458472
v -0.540183 -3.198036 -1.467476
v -0.535183 -3.205107 -1.472476
v -0.560954 -3.107120 -1.656822
v -0.912418 -2.593003 -1.295358
v -0.875960 -2.707478 -1.117008
v -0.870274 -2.716894 -1.118005
v -0.864587 -2.726311 -1.119001
v -0.858213 -2.738072 -1.115995
v -0.852526 -2.747488 -1.116991
v -0.847011 -2.756318 -1.118989
v -0.840663 -2.767993 -1.116130
v -0.834314 -2.779668 -1.113270
v -0.827966 -2.791343 -1.110410
v -0.821617 -2.803018 -1.107551
v -0.815269 -2.814692 -1.104692
v -0.810269 -2.821764 -1.109692
v -0.803920 -2.833439 -1.106833
v -0.797572 -2.845114 -1.103973
v -0.792572 -2.852185 -1.108973
v -0.786224 -2.863860 -1.106114
v -0.779875 -2.875535 -1.103254
v -0.774875 -2.882606 -1.108254
v -0.769875 -2.889677 -1.113254
v -0.763527 -2.901352 -1.110395
v -0.758527 -2.908423 -1.115395
v -0.753527 -2.915494 -1.120395
v -0.748526 -2.922565 -1.125395
v -0.743526 -2.929636 -1.130395
v -0.738526 -2.936707 -1.135395
v -0.733526 -2.943779 -1.140395
v -0.728526 -2.950850 -1.145395
v -0.723526 -2.957921 -1.150395
v -0.718526 -2.964992 -1.155395
v -0.713526 -2.972063 -1.160395
v -0.709875 -2.974530 -1.173254
v -0.704875 -2.981601 -1.178254
v -0.699875 -2.988672 -1.183254
v -0.696223 -2.991139 -1.196114
v -0.691224 -2.998210 -1.201114
v -0.686224 -3.005281 -1.206114
v -0.682572 -3.007748 -1.218973
v -0.678920 -3.010215 -1.231833
v -0.673920 -3.017286 -1.236833
v -0.670269 -3.019753 -1.249692
v -0.665269 -3.026824 -1.254692
v -0.660269 -3.033895 -1.259692
v -0.656617 -3.036363 -1.272551
v -0.651617 -3.043434 -1.277551
v -0.646617 -3.050505 -1.282551
v -0.644314 -3.048368 -1.303270
v -0.640663 -3.050835 -1.316129
v -0.635663 -3.057907 -1.321130
v -0.630663 -3.064978 -1.326130
v -0.625663 -3.072049 -1.331130
v -0.622011 -3.074516 -1.343989
v -0.617011 -3.081587 -1.348989
v -0.612526 -3.086900 -1.356991
v -0.607526 -3.093971 -1.361991
v -0.602526 -3.101042 -1.366991
v -0.598213 -3.105767 -1.375995
v -0.593213 -3.112838 -1.380995
v -0.588213 -3.119909 -1.385995
v -0.583213 -3.126980 -1.390995
v -0.578900 -3.131706 -1.399998
v -0.573900 -3.138777 -1.404998
v -0.568900 -3.145849 -1.409998
v -0.564587 -3.150575 -1.419001
v -0.559587 -3.157646 -1.424001
v -0.554587 -3.164717 -1.429001
v -0.549587 -3.171788 -1.434001
v -0.544587 -3.178859 -1.439001
v -0.540274 -3.183585 -1.448004
v -0.535961 -3.188311 -1.457008
v -0.530961 -3.195382 -1.462008
v -0.526648 -3.200108 -1.471012
v -0.521648 -3.207179 -1.476012
v -0.547418 -3.109191 -1.660358
v -0.903883 -2.588003 -1.293893
v -0.867425 -2.702478 -1.115543
v -0.861738 -2.711895 -1.116540
v -0.856051 -2.721311 -1.117537
v -0.850365 -2.730726 -1.118534
v -0.843991 -2.742488 -1.115527
v -0.838476 -2.751318 -1.117525
v -0.832127 -2.762993 -1.114665
v -0.827127 -2.770064 -1.119665
v -0.819430 -2.786343 -1.108946
v -0.813082 -2.798018 -1.106086
v -0.808082 -2.805089 -1.111086
v -0.801733 -2.816764 -1.108228
v -0.795385 -2.828439 -1.105368
v -0.789036 -2.840114 -1.102509
v -0.784036 -2.847185 -1.107509
v -0.777688 -2.858860 -1.104649
v -0.771340 -2.870535 -1.101790
v -0.766340 -2.877606 -1.106790
v -0.761340 -2.884677 -1.111790
v -0.754991 -2.896352 -1.108930
v -0.749991 -2.903423 -1.113930
v -0.744991 -2.910494 -1.118930
v -0.739991 -2.917565 -1.123930
v -0.734991 -2.924636 -1.128930
v -0.729991 -2.931707 -1.133930
v -0.724991 -2.938778 -1.138930
v -0.719991 -2.945850 -1.143930
v -0.714991 -2.952921 -1.148930
v -0.709991 -2.959992 -1.153930
v -0.706339 -2.962459 -1.166790
v -0.701339 -2.969530 -1.171790
v -0.696339 -2.976601 -1.176790
v -0.691339 -2.983672 -1.181790
v -0.687688 -2.986139 -1.194649
v -0.682688 -2.993210 -1.199649
v -0.677688 -3.000281 -1.204649
v -0.674036 -3.002748 -1.217509
v -0.670385 -3.005215 -1.230368
v -0.665385 -3.012286 -1.235368
v -0.661733 -3.014753 -1.248228
v -0.656733 -3.021825 -1.253228
v -0.651733 -3.028896 -1.258228
v -0.648082 -3.031363 -1.271086
v -0.643082 -3.038434 -1.276086
v -0.639430 -3.040901 -1.288946
v -0.635779 -3.043368 -1.301805
v -0.632127 -3.045835 -1.314665
v -0.627127 -3.052907 -1.319665
v -0.622127 -3.059978 -1.324665
v -0.617127 -3.067049 -1.329665
v -0.613476 -3.069516 -1.342525
v -0.608476 -3.076587 -1.347525
v -0.603991 -3.081899 -1.355527
v -0.598991 -3.088970 -1.360527
v -0.593991 -3.096041 -1.365527
v -0.589678 -3.100767 -1.374531
v -0.584678 -3.107838 -1.379531
v -0.579678 -3.114909 -1.384531
v -0.574678 -3.121980 -1.389531
v -0.570365 -3.126706 -1.398534
v -0.565365 -3.133777 -1.403534
v -0.561051 -3.138504 -1.412537
v -0.556051 -3.145575 -1.417537
v -0.551051 -3.152646 -1.422537
v -0.546738 -3.157372 -1.431540
v -0.541738 -3.164443 -1.436540
v -0.536051 -3.173859 -1.437537
v -0.531738 -3.178585 -1.446540
v -0.526738 -3.185656 -1.451540
v -0.522425 -3.190382 -1.460543
v -0.518112 -3.195108 -1.469547
v -0.513112 -3.202179 -1.474547
v -0.508112 -3.209250 -1.479547
v -0.519597 -3.160039 -1.580627
v -0.895347 -2.583003 -1.292429
v -0.858889 -2.697478 -1.114079
v -0.853202 -2.706894 -1.115076
v -0.847516 -2.716311 -1.116072
v -0.841829 -2.725726 -1.117069
v -0.835455 -2.737488 -1.114062
v -0.829940 -2.746317 -1.116060
v -0.824940 -2.753388 -1.121060
v -0.818591 -2.765064 -1.118201
v -0.812243 -2.776739 -1.115341
v -0.805894 -2.788414 -1.112481
v -0.799546 -2.800089 -1.109622
v -0.793198 -2.811764 -1.106763
v -0.786849 -2.823439 -1.103904
v -0.780501 -2.835114 -1.101044
v -0.775501 -2.842185 -1.106044
v -0.769152 -2.853860 -1.103185
v -0.762804 -2.865535 -1.100325
v -0.757804 -2.872606 -1.105325
v -0.752804 -2.879677 -1.110325
v -0.747804 -2.886748 -1.115325
v -0.741455 -2.898423 -1.112466
v -0.736455 -2.905494 -1.117466
v -0.731455 -2.912565 -1.122466
v -0.726455 -2.919636 -1.127466
v -0.721455 -2.926707 -1.132466
v -0.716455 -2.933778 -1.137466
v -0.711455 -2.940850 -1.142466
v -0.706455 -2.947921 -1.147466
v -0.701455 -2.954992 -1.152466
v -0.697804 -2.957459 -1.165325
v -0.692804 -2.964530 -1.170325
v -0.687804 -2.971601 -1.175325
v -0.682804 -2.978672 -1.180325
v -0.679152 -2.981139 -1.193185
v -0.674152 -2.988210 -1.198185
v -0.669152 -2.995281 -1.203185
v -0.665501 -2.997748 -1.216044
v -0.661849 -3.000215 -1.228904
v -0.656849 -3.007286 -1.233904
v -0.653198 -3.009753 -1.246763
v -0.648198 -3.016824 -1.251763
v -0.643198 -3.023896 -1.256763
v -0.639546 -3.026363 -1.269622
v -0.634546 -3.033434 -1.274622
v -0.630895 -3.035901 -1.287481
v -0.627243 -3.038368 -1.300341
v -0.623591 -3.040835 -1.313200
v -0.618591 -3.047907 -1.318201
v -0.613591 -3.054978 -1.323201
v -0.608591 -3.062049 -1.328201
v -0.604940 -3.064516 -1.341060
v -0.599940 -3.071587 -1.346060
v -0.595455 -3.076899 -1.354062
v -0.590455 -3.083970 -1.359062
v -0.586142 -3.088696 -1.368066
v -0.581142 -3.095767 -1.373066
v -0.576142 -3.102838 -1.378066
v -0.571142 -3.109909 -1.383066
v -0.566829 -3.114635 -1.392069
v -0.561829 -3.121706 -1.397069
v -0.556829 -3.128777 -1.402069
v -0.552516 -3.133503 -1.411072
v -0.547516 -3.140574 -1.416072
v -0.542516 -3.147645 -1.421072
v -0.538202 -3.152371 -1.430076
v -0.533202 -3.159442 -1.435076
v -0.528202 -3.166513 -1.440076
v -0.523202 -3.173585 -1.445076
v -0.518202 -3.180656 -1.450076
v -0.513202 -3.187727 -1.455076
v -0.509576 -3.190108 -1.468083
v -0.504576 -3.197179 -1.473083
v -0.500263 -3.201905 -1.482086
v -0.511748 -3.152693 -1.583166
v -0.850354 -2.692478 -1.112614
v -0.845354 -2.699549 -1.117614
v -0.839667 -2.708965 -1.118611
v -0.833293 -2.720726 -1.115605
v -0.826919 -2.732488 -1.112598
v -0.821404 -2.741318 -1.114596
v -0.816404 -2.748389 -1.119596
v -0.810056 -2.760064 -1.116736
v -0.803707 -2.771739 -1.113877
v -0.797359 -2.783414 -1.111017
v -0.792359 -2.790485 -1.116017
v -0.784662 -2.806763 -1.105299
v -0.778314 -2.818439 -1.102439
v -0.773314 -2.825510 -1.107439
v -0.766965 -2.837184 -1.104580
v -0.760617 -2.848860 -1.101720
v -0.755617 -2.855931 -1.106720
v -0.749268 -2.867606 -1.103861
v -0.744268 -2.874677 -1.108861
v -0.739268 -2.881748 -1.113861
v -0.734268 -2.888819 -1.118861
v -0.727920 -2.900494 -1.116001
v -0.722920 -2.907565 -1.121001
v -0.717920 -2.914636 -1.126001
v -0.712920 -2.921707 -1.131001
v -0.707920 -2.928778 -1.136001
v -0.702920 -2.935850 -1.141001
v -0.697920 -2.942921 -1.146001
v -0.692920 -2.949992 -1.151001
v -0.689268 -2.952459 -1.163861
v -0.684268 -2.959530 -1.168861
v -0.679268 -2.966601 -1.173861
v -0.674268 -2.973672 -1.178861
v -0.670617 -2.976139 -1.191720
v -0.665617 -2.983210 -1.196720
v -0.660617 -2.990281 -1.201720
v -0.656965 -2.992748 -1.214580
v -0.653314 -2.995215 -1.227439
v -0.648314 -3.002286 -1.232439
v -0.644662 -3.004753 -1.245299
v -0.639662 -3.011824 -1.250299
v -0.636011 -3.014292 -1.263157
v -0.631011 -3.021363 -1.268158
v -0.626011 -3.028434 -1.273157
v -0.622359 -3.030901 -1.286017
v -0.618708 -3.033368 -1.298877
v -0.613708 -3.040439 -1.303877
v -0.610056 -3.042907 -1.316736
v -0.606404 -3.045373 -1.329596
v -0.600056 -3.057049 -1.326736
v -0.596404 -3.059515 -1.339596
v -0.591919 -3.064828 -1.347598
v -0.586919 -3.071899 -1.352598
v -0.581919 -3.078970 -1.357598
v -0.577606 -3.083696 -1.366602
v -0.572606 -3.090767 -1.371602
v -0.567606 -3.097838 -1.376602
v -0.562606 -3.104909 -1.381602
v -0.558293 -3.109635 -1.390605
v -0.553293 -3.116706 -1.395605
v -0.548980 -3.121432 -1.404608
v -0.543980 -3.128503 -1.409608
v -0.538980 -3.135574 -1.414608
v -0.533980 -3.142645 -1.419608
v -0.529667 -3.147372 -1.428611
v -0.524667 -3.154443 -1.433611
v -0.519667 -3.161514 -1.438611
v -0.514667 -3.168585 -1.443611
v -0.510354 -3.173311 -1.452614
v -0.505354 -3.180382 -1.457614
v -0.501041 -3.185107 -1.466618
v -0.496041 -3.192178 -1.471618
v -0.491728 -3.196905 -1.480622
v -0.503212 -3.147693 -1.581702
v -0.873276 -2.580074 -1.294500
v -0.836818 -2.694549 -1.116150
v -0.831131 -2.703965 -1.117147
v -0.825444 -2.713382 -1.118143
v -0.819071 -2.725142 -1.115137
v -0.812869 -2.736318 -1.113131
v -0.807869 -2.743389 -1.118131
v -0.801520 -2.755064 -1.115272
v -0.795172 -2.766739 -1.112412
v -0.788823 -2.778414 -1.109553
v -0.783823 -2.785485 -1.114553
v -0.776127 -2.801763 -1.103834
v -0.771127 -2.808834 -1.108835
v -0.764778 -2.820510 -1.105975
v -0.759778 -2.827581 -1.110975
v -0.752081 -2.843860 -1.100256
v -0.747081 -2.850931 -1.105256
v -0.740733 -2.862606 -1.102396
v -0.735733 -2.869677 -1.107396
v -0.730733 -2.876748 -1.112396
v -0.725733 -2.883819 -1.117396
v -0.719384 -2.895494 -1.114537
v -0.714384 -2.902565 -1.119537
v -0.709384 -2.909636 -1.124537
v -0.704384 -2.916708 -1.129537
v -0.699384 -2.923779 -1.134537
v -0.694384 -2.930850 -1.139537
v -0.689384 -2.937921 -1.144537
v -0.684384 -2.944992 -1.149537
v -0.680733 -2.947459 -1.162396
v -0.675733 -2.954530 -1.167396
v -0.670733 -2.961601 -1.172396
v -0.665733 -2.968672 -1.177396
v -0.662081 -2.971139 -1.190256
v -0.657081 -2.978210 -1.195256
v -0.652081 -2.985281 -1.200256
v -0.648430 -2.987748 -1.213115
v -0.644778 -2.990215 -1.225975
v -0.639778 -2.997286 -1.230975
v -0.637475 -2.995150 -1.251693
v -0.632475 -3.002221 -1.256693
v -0.627475 -3.009292 -1.261693
v -0.622475 -3.016363 -1.266693
v -0.618823 -3.018830 -1.279553
v -0.615172 -3.021297 -1.292412
v -0.610172 -3.028368 -1.297412
v -0.605172 -3.035439 -1.302412
v -0.601520 -3.037906 -1.315272
v -0.597869 -3.040373 -1.328131
v -0.592869 -3.047444 -1.333131
v -0.587869 -3.054516 -1.338131
v -0.583384 -3.059828 -1.346133
v -0.578384 -3.066899 -1.351133
v -0.573384 -3.073971 -1.356133
v -0.569071 -3.078696 -1.365137
v -0.564071 -3.085767 -1.370137
v -0.559071 -3.092838 -1.375137
v -0.554071 -3.099909 -1.380137
v -0.549758 -3.104635 -1.389140
v -0.544758 -3.111706 -1.394140
v -0.540444 -3.116432 -1.403144
v -0.535444 -3.123503 -1.408143
v -0.530445 -3.130574 -1.413144
v -0.526131 -3.135300 -1.422147
v -0.521131 -3.142372 -1.427147
v -0.516131 -3.149443 -1.432147
v -0.511131 -3.156514 -1.437147
v -0.506818 -3.161240 -1.446150
v -0.501818 -3.168311 -1.451150
v -0.496818 -3.175382 -1.456150
v -0.492505 -3.180107 -1.465154
v -0.487505 -3.187178 -1.470154
v -0.483192 -3.191905 -1.479157
v -0.508276 -3.096262 -1.659500
v -0.864741 -2.575074 -1.293036
v -0.828283 -2.689549 -1.114685
v -0.822596 -2.698966 -1.115682
v -0.817596 -2.706037 -1.120682
v -0.810535 -2.720143 -1.113673
v -0.804848 -2.729559 -1.114669
v -0.799333 -2.738389 -1.116667
v -0.792985 -2.750064 -1.113807
v -0.786636 -2.761739 -1.110948
v -0.781636 -2.768810 -1.115948
v -0.775288 -2.780485 -1.113088
v -0.768939 -2.792160 -1.110229
v -0.762591 -2.803834 -1.107370
v -0.756243 -2.815510 -1.104510
v -0.751243 -2.822581 -1.109510
v -0.744894 -2.834256 -1.106651
v -0.738546 -2.845931 -1.103791
v -0.732197 -2.857606 -1.100932
v -0.727197 -2.864677 -1.105932
v -0.722197 -2.871748 -1.110932
v -0.717197 -2.878819 -1.115932
v -0.710849 -2.890494 -1.113072
v -0.705849 -2.897565 -1.118073
v -0.700849 -2.904636 -1.123072
v -0.695849 -2.911707 -1.128073
v -0.690849 -2.918778 -1.133072
v -0.685849 -2.925849 -1.138072
v -0.680849 -2.932920 -1.143072
v -0.675849 -2.939991 -1.148072
v -0.672197 -2.942459 -1.160932
v -0.667197 -2.949530 -1.165932
v -0.662197 -2.956601 -1.170932
v -0.657197 -2.963672 -1.175932
v -0.653546 -2.966139 -1.188792
v -0.648546 -2.973210 -1.193791
v -0.643546 -2.980281 -1.198792
v -0.639894 -2.982748 -1.211651
v -0.636243 -2.985215 -1.224510
v -0.632591 -2.987682 -1.237370
v -0.628939 -2.990150 -1.250229
v -0.623939 -2.997221 -1.255229
v -0.618939 -3.004292 -1.260229
v -0.615288 -3.006759 -1.273088
v -0.610288 -3.013830 -1.278088
v -0.606636 -3.016297 -1.290948
v -0.601636 -3.023368 -1.295948
v -0.596636 -3.030439 -1.300948
v -0.592985 -3.032907 -1.313807
v -0.589333 -3.035373 -1.326667
v -0.584333 -3.042444 -1.331667
v -0.579333 -3.049516 -1.336667
v -0.574848 -3.054828 -1.344669
v -0.569848 -3.061899 -1.349669
v -0.564848 -3.068970 -1.354669
v -0.560535 -3.073696 -1.363673
v -0.555535 -3.080767 -1.368673
v -0.550535 -3.087838 -1.373673
v -0.546222 -3.092564 -1.382676
v -0.541222 -3.099635 -1.387676
v -0.536909 -3.104361 -1.396679
v -0.531909 -3.111432 -1.401679
v -0.526909 -3.118504 -1.406679
v -0.521909 -3.125575 -1.411679
v -0.517596 -3.130301 -1.420682
v -0.512596 -3.137372 -1.425682
v -0.507596 -3.144443 -1.430682
v -0.502596 -3.151514 -1.435682
v -0.498283 -3.156240 -1.444685
v -0.493283 -3.163311 -1.449685
v -0.488283 -3.170382 -1.454685
v -0.483970 -3.175107 -1.463689
v -0.478970 -3.182178 -1.468689
v -0.474656 -3.186905 -1.477693
v -0.499741 -3.091262 -1.658036
v -0.851205 -2.577145 -1.296571
v -0.814747 -2.691620 -1.118221
v -0.809060 -2.701036 -1.119218
v -0.802687 -2.712797 -1.116211
v -0.796313 -2.724559 -1.113204
v -0.790798 -2.733388 -1.115202
v -0.784449 -2.745064 -1.112343
v -0.778101 -2.756739 -1.109483
v -0.773101 -2.763810 -1.114483
v -0.766752 -2.775485 -1.111624
v -0.760404 -2.787160 -1.108764
v -0.754056 -2.798835 -1.105906
v -0.747707 -2.810510 -1.103046
v -0.742707 -2.817581 -1.108046
v -0.736359 -2.829256 -1.105186
v -0.730010 -2.840931 -1.102327
v -0.723662 -2.852606 -1.099467
v -0.718662 -2.859677 -1.104467
v -0.713662 -2.866748 -1.109467
v -0.708662 -2.873819 -1.114467
v -0.702313 -2.885494 -1.111608
v -0.697313 -2.892565 -1.116608
v -0.692313 -2.899636 -1.121608
v -0.687313 -2.906707 -1.126608
v -0.682313 -2.913778 -1.131608
v -0.677313 -2.920850 -1.136608
v -0.672313 -2.927921 -1.141608
v -0.667313 -2.934992 -1.146608
v -0.663662 -2.937459 -1.159467
v -0.658662 -2.944530 -1.164467
v -0.653662 -2.951601 -1.169467
v -0.648662 -2.958672 -1.174467
v -0.645010 -2.961139 -1.187327
v -0.640010 -2.968210 -1.192327
v -0.636359 -2.970677 -1.205186
v -0.631359 -2.977748 -1.210186
v -0.629056 -2.975611 -1.230906
v -0.624056 -2.982682 -1.235905
v -0.620404 -2.985150 -1.248764
v -0.615404 -2.992221 -1.253764
v -0.611752 -2.994688 -1.266624
v -0.606752 -3.001759 -1.271624
v -0.601752 -3.008830 -1.276624
v -0.598101 -3.011297 -1.289483
v -0.593101 -3.018368 -1.294483
v -0.589449 -3.020835 -1.307343
v -0.584449 -3.027907 -1.312343
v -0.580798 -3.030374 -1.325202
v -0.575798 -3.037445 -1.330202
v -0.570798 -3.044516 -1.335202
v -0.566313 -3.049828 -1.343204
v -0.561313 -3.056899 -1.348204
v -0.557000 -3.061625 -1.357208
v -0.552000 -3.068696 -1.362208
v -0.547000 -3.075767 -1.367208
v -0.542000 -3.082838 -1.372208
v -0.537687 -3.087564 -1.381211
v -0.532687 -3.094635 -1.386211
v -0.528373 -3.099361 -1.395215
v -0.523373 -3.106432 -1.400215
v -0.518373 -3.113503 -1.405215
v -0.514060 -3.118229 -1.414218
v -0.509060 -3.125300 -1.419218
v -0.504060 -3.132371 -1.424218
v -0.499060 -3.139442 -1.429218
v -0.494747 -3.144168 -1.438221
v -0.489747 -3.151240 -1.443221
v -0.484747 -3.158311 -1.448221
v -0.479747 -3.165382 -1.453221
v -0.475434 -3.170108 -1.462225
v -0.470434 -3.177179 -1.467225
v -0.466121 -3.181905 -1.476228
v -0.461121 -3.188976 -1.481228
v -0.472606 -3.139764 -1.582308
v -0.842670 -2.572145 -1.295107
v -0.806212 -2.686620 -1.116756
v -0.800525 -2.696036 -1.117753
v -0.794838 -2.705452 -1.118750
v -0.788464 -2.717214 -1.115744
v -0.782777 -2.726630 -1.116740
v -0.777262 -2.735460 -1.118738
v -0.770914 -2.747135 -1.115878
v -0.765914 -2.754206 -1.120878
v -0.759565 -2.765881 -1.118019
v -0.753217 -2.777556 -1.115159
v -0.746868 -2.789231 -1.112300
v -0.739172 -2.805510 -1.101581
v -0.734172 -2.812581 -1.106581
v -0.727823 -2.824255 -1.103722
v -0.721475 -2.835931 -1.100863
v -0.715126 -2.847606 -1.098003
v -0.710126 -2.854677 -1.103003
v -0.705126 -2.861748 -1.108003
v -0.700126 -2.868819 -1.113003
v -0.695126 -2.875890 -1.118003
v -0.688778 -2.887565 -1.115144
v -0.683778 -2.894636 -1.120143
v -0.678778 -2.901707 -1.125144
v -0.673778 -2.908778 -1.130143
v -0.668778 -2.915850 -1.135144
v -0.663778 -2.922921 -1.140143
v -0.658778 -2.929992 -1.145144
v -0.655126 -2.932459 -1.158003
v -0.650126 -2.939530 -1.163003
v -0.645126 -2.946601 -1.168003
v -0.640126 -2.953672 -1.173003
v -0.636475 -2.956139 -1.185863
v -0.632823 -2.958606 -1.198722
v -0.627823 -2.965677 -1.203722
v -0.622823 -2.972748 -1.208722
v -0.620520 -2.970611 -1.229441
v -0.616868 -2.973079 -1.242300
v -0.611868 -2.980150 -1.247300
v -0.606868 -2.987221 -1.252300
v -0.603217 -2.989688 -1.265159
v -0.598217 -2.996759 -1.270159
v -0.594565 -2.999226 -1.283019
v -0.589565 -3.006297 -1.288019
v -0.584565 -3.013368 -1.293019
v -0.580914 -3.015835 -1.305878
v -0.575914 -3.022907 -1.310878
v -0.570914 -3.029978 -1.315878
v -0.567262 -3.032444 -1.328738
v -0.562262 -3.039515 -1.333738
v -0.557777 -3.044828 -1.341740
v -0.552777 -3.051899 -1.346740
v -0.548464 -3.056625 -1.355744
v -0.543464 -3.063696 -1.360744
v -0.538464 -3.070767 -1.365744
v -0.533464 -3.077838 -1.370744
v -0.529151 -3.082564 -1.379747
v -0.524151 -3.089635 -1.384747
v -0.519838 -3.094361 -1.393750
v -0.514838 -3.101432 -1.398750
v -0.509838 -3.108503 -1.403750
v -0.505525 -3.113229 -1.412753
v -0.500525 -3.120300 -1.417753
v -0.495525 -3.127372 -1.422753
v -0.490525 -3.134443 -1.427753
v -0.486212 -3.139169 -1.436756
v -0.481212 -3.146240 -1.441756
v -0.476212 -3.153311 -1.446756
v -0.471212 -3.160382 -1.451756
v -0.466899 -3.165107 -1.460760
v -0.461899 -3.172179 -1.465760
v -0.456899 -3.179250 -1.470760
v -0.452585 -3.183976 -1.479764
v -0.477670 -3.088333 -1.660107
v -0.834134 -2.567145 -1.293642
v -0.797676 -2.681620 -1.115292
v -0.792676 -2.688691 -1.120292
v -0.786989 -2.698107 -1.121289
v -0.780616 -2.709869 -1.118282
v -0.775616 -2.716940 -1.123282
v -0.768727 -2.730460 -1.117273
v -0.763727 -2.737531 -1.122273
v -0.757378 -2.749206 -1.119414
v -0.751030 -2.760881 -1.116554
v -0.744681 -2.772556 -1.113695
v -0.738333 -2.784231 -1.110835
v -0.731985 -2.795906 -1.107976
v -0.725636 -2.807581 -1.105117
v -0.719288 -2.819256 -1.102257
v -0.712939 -2.830931 -1.099398
v -0.706591 -2.842606 -1.096538
v -0.701591 -2.849677 -1.101538
v -0.696591 -2.856748 -1.106538
v -0.691591 -2.863819 -1.111538
v -0.686591 -2.870890 -1.116538
v -0.681591 -2.877961 -1.121539
v -0.675242 -2.889637 -1.118679
v -0.670242 -2.896708 -1.123679
v -0.665242 -2.903779 -1.128679
v -0.660242 -2.910850 -1.133679
v -0.655242 -2.917921 -1.138679
v -0.650242 -2.924992 -1.143679
v -0.646591 -2.927459 -1.156538
v -0.641591 -2.934530 -1.161538
v -0.636591 -2.941601 -1.166538
v -0.631591 -2.948672 -1.171538
v -0.627939 -2.951139 -1.184398
v -0.624288 -2.953606 -1.197258
v -0.619288 -2.960677 -1.202258
v -0.614288 -2.967748 -1.207258
v -0.611985 -2.965611 -1.227977
v -0.608333 -2.968079 -1.240835
v -0.603333 -2.975150 -1.245835
v -0.598333 -2.982221 -1.250835
v -0.594681 -2.984688 -1.263695
v -0.589681 -2.991759 -1.268695
v -0.586030 -2.994226 -1.281554
v -0.581030 -3.001297 -1.286554
v -0.576030 -3.008368 -1.291554
v -0.572378 -3.010835 -1.304414
v -0.567378 -3.017906 -1.309414
v -0.562378 -3.024977 -1.314414
v -0.557378 -3.032048 -1.319414
v -0.553727 -3.034516 -1.332273
v -0.548727 -3.041587 -1.337273
v -0.544242 -3.046899 -1.345275
v -0.539242 -3.053971 -1.350275
v -0.534929 -3.058696 -1.359279
v -0.529929 -3.065767 -1.364279
v -0.524929 -3.072838 -1.369279
v -0.520616 -3.077564 -1.378282
v -0.515616 -3.084635 -1.383282
v -0.510616 -3.091706 -1.388282
v -0.506302 -3.096432 -1.397286
v -0.501302 -3.103503 -1.402286
v -0.496989 -3.108229 -1.411289
v -0.491989 -3.115300 -1.416289
v -0.486989 -3.122372 -1.421289
v -0.481989 -3.129443 -1.426289
v -0.477676 -3.134169 -1.435292
v -0.472676 -3.141240 -1.440292
v -0.467676 -3.148311 -1.445292
v -0.462676 -3.155382 -1.450292
v -0.458363 -3.160107 -1.459296
v -0.453363 -3.167178 -1.464296
v -0.448363 -3.174250 -1.469296
v -0.443363 -3.181321 -1.474296
v -0.469134 -3.083333 -1.658642
v -0.820599 -2.569216 -1.297178
v -0.784141 -2.683692 -1.118827
v -0.778454 -2.693108 -1.119824
v -0.773454 -2.700179 -1.124824
v -0.767080 -2.711940 -1.121818
v -0.760706 -2.723701 -1.118811
v -0.755191 -2.732531 -1.120809
v -0.748843 -2.744206 -1.117949
v -0.742494 -2.755881 -1.115090
v -0.736146 -2.767556 -1.112230
v -0.729797 -2.779231 -1.109371
v -0.724797 -2.786302 -1.114371
v -0.717101 -2.802581 -1.103653
v -0.710752 -2.814256 -1.100793
v -0.704404 -2.825931 -1.097934
v -0.699404 -2.833002 -1.102933
v -0.693055 -2.844677 -1.100074
v -0.688055 -2.851748 -1.105074
v -0.683055 -2.858819 -1.110074
v -0.678055 -2.865890 -1.115074
v -0.673055 -2.872962 -1.120074
v -0.666707 -2.884636 -1.117215
v -0.661707 -2.891707 -1.122215
v -0.656707 -2.898778 -1.127215
v -0.651707 -2.905849 -1.132215
v -0.646707 -2.912920 -1.137215
v -0.641707 -2.919991 -1.142215
v -0.638055 -2.922459 -1.155074
v -0.633055 -2.929530 -1.160074
v -0.628055 -2.936601 -1.165074
v -0.623055 -2.943672 -1.170074
v -0.619404 -2.946139 -1.182934
v -0.615752 -2.948606 -1.195793
v -0.610752 -2.955677 -1.200793
v -0.605752 -2.962748 -1.205793
v -0.603449 -2.960611 -1.226512
v -0.599797 -2.963079 -1.239371
v -0.594797 -2.970150 -1.244371
v -0.589797 -2.977221 -1.249371
v -0.586146 -2.979688 -1.262230
v -0.581146 -2.986759 -1.267230
v -0.577494 -2.989226 -1.280090
v -0.572494 -2.996297 -1.285090
v -0.567494 -3.003368 -1.290090
v -0.562494 -3.010439 -1.295090
v -0.558843 -3.012907 -1.307949
v -0.553843 -3.019978 -1.312949
v -0.548843 -3.027049 -1.317949
v -0.545191 -3.029516 -1.330809
v -0.540191 -3.036587 -1.335809
v -0.535706 -3.041899 -1.343811
v -0.530706 -3.048970 -1.348811
v -0.526393 -3.053696 -1.357815
v -0.521393 -3.060767 -1.362815
v -0.516393 -3.067838 -1.367815
v -0.512080 -3.072564 -1.376818
v -0.507080 -3.079635 -1.381818
v -0.502080 -3.086706 -1.386818
v -0.497767 -3.091432 -1.395821
v -0.492767 -3.098504 -1.400821
v -0.488454 -3.103230 -1.409824
v -0.483454 -3.110301 -1.414824
v -0.478454 -3.117372 -1.419824
v -0.473454 -3.124443 -1.424824
v -0.468454 -3.131514 -1.429824
v -0.464141 -3.136240 -1.438827
v -0.459141 -3.143311 -1.443828
v -0.454141 -3.150382 -1.448827
v -0.449828 -3.155107 -1.457832
v -0.444828 -3.162179 -1.462831
v -0.439828 -3.169250 -1.467831
v -0.434828 -3.176321 -1.472832
v -0.429828 -3.183392 -1.477831
v -0.441999 -3.131835 -1.582915
v -0.812063 -2.564216 -1.295713
v -0.807063 -2.571287 -1.300713
v -0.770605 -2.685762 -1.122363
v -0.764918 -2.695179 -1.123360
v -0.758545 -2.706939 -1.120354
v -0.752858 -2.716356 -1.121350
v -0.747171 -2.725772 -1.122346
v -0.740307 -2.739206 -1.116485
v -0.733959 -2.750881 -1.113625
v -0.727610 -2.762556 -1.110766
v -0.722610 -2.769627 -1.115766
v -0.716262 -2.781302 -1.112906
v -0.708565 -2.797581 -1.102188
v -0.702216 -2.809256 -1.099329
v -0.695868 -2.820931 -1.096469
v -0.690868 -2.828002 -1.101469
v -0.684520 -2.839677 -1.098610
v -0.679520 -2.846748 -1.103610
v -0.674520 -2.853819 -1.108610
v -0.669520 -2.860890 -1.113610
v -0.664519 -2.867961 -1.118610
v -0.658171 -2.879636 -1.115750
v -0.653171 -2.886707 -1.120750
v -0.648171 -2.893778 -1.125750
v -0.643171 -2.900850 -1.130750
v -0.638171 -2.907921 -1.135750
v -0.634519 -2.910388 -1.148610
v -0.629519 -2.917459 -1.153610
v -0.624519 -2.924530 -1.158610
v -0.619519 -2.931601 -1.163610
v -0.615868 -2.934068 -1.176469
v -0.610868 -2.941139 -1.181469
v -0.607216 -2.943606 -1.194329
v -0.602216 -2.950677 -1.199329
v -0.597216 -2.957748 -1.204329
v -0.594913 -2.955611 -1.225048
v -0.591262 -2.958079 -1.237906
v -0.586262 -2.965150 -1.242906
v -0.582610 -2.967617 -1.255766
v -0.577610 -2.974688 -1.260766
v -0.572610 -2.981759 -1.265766
v -0.568959 -2.984226 -1.278625
v -0.563959 -2.991297 -1.283625
v -0.558959 -2.998368 -1.288625
v -0.553959 -3.005439 -1.293625
v -0.550307 -3.007907 -1.306485
v -0.545307 -3.014978 -1.311485
v -0.540307 -3.022049 -1.316485
v -0.535307 -3.029120 -1.321485
v -0.531656 -3.031587 -1.334345
v -0.526656 -3.038658 -1.339345
v -0.522171 -3.043970 -1.347346
v -0.517171 -3.051041 -1.352346
v -0.512858 -3.055767 -1.361350
v -0.507858 -3.062838 -1.366350
v -0.502858 -3.069909 -1.371350
v -0.497858 -3.076980 -1.376350
v -0.493545 -3.081706 -1.385354
v -0.489231 -3.086432 -1.394357
v -0.484231 -3.093503 -1.399357
v -0.479231 -3.100574 -1.404357
v -0.474918 -3.105300 -1.413360
v -0.469918 -3.112371 -1.418360
v -0.464918 -3.119442 -1.423360
v -0.459918 -3.126513 -1.428360
v -0.455605 -3.131240 -1.437363
v -0.450605 -3.138311 -1.442363
v -0.445605 -3.145382 -1.447363
v -0.440605 -3.152453 -1.452363
v -0.436292 -3.157179 -1.461367
v -0.431292 -3.164250 -1.466367
v -0.426292 -3.171321 -1.471367
v -0.421292 -3.178392 -1.476367
v -0.447063 -3.080404 -1.660713
v -0.442063 -3.087475 -1.665713
v -0.798527 -2.566287 -1.299249
v -0.762069 -2.680762 -1.120899
v -0.756383 -2.690179 -1.121895
v -0.750009 -2.701940 -1.118889
v -0.744322 -2.711356 -1.119886
v -0.738635 -2.720773 -1.120882
v -0.733120 -2.729602 -1.122880
v -0.725423 -2.745881 -1.112161
v -0.719075 -2.757556 -1.109301
v -0.714075 -2.764627 -1.114301
v -0.707726 -2.776302 -1.111442
v -0.700029 -2.792581 -1.100724
v -0.693681 -2.804255 -1.097864
v -0.688681 -2.811327 -1.102864
v -0.682333 -2.823002 -1.100005
v -0.675984 -2.834677 -1.097145
v -0.670984 -2.841748 -1.102145
v -0.665984 -2.848819 -1.107145
v -0.660984 -2.855890 -1.112145
v -0.655984 -2.862961 -1.117145
v -0.649635 -2.874636 -1.114286
v -0.644635 -2.881707 -1.119286
v -0.639635 -2.888778 -1.124286
v -0.634635 -2.895850 -1.129286
v -0.629635 -2.902921 -1.134286
v -0.625984 -2.905388 -1.147145
v -0.620984 -2.912459 -1.152145
v -0.615984 -2.919530 -1.157145
v -0.610984 -2.926601 -1.162145
v -0.607332 -2.929068 -1.175005
v -0.602332 -2.936139 -1.180005
v -0.598681 -2.938606 -1.192864
v -0.593681 -2.945677 -1.197864
v -0.588681 -2.952748 -1.202864
v -0.585029 -2.955215 -1.215724
v -0.581378 -2.957682 -1.228583
v -0.577726 -2.960150 -1.241442
v -0.574075 -2.962617 -1.254301
v -0.569075 -2.969688 -1.259301
v -0.564075 -2.976759 -1.264301
v -0.559075 -2.983830 -1.269301
v -0.555423 -2.986297 -1.282161
v -0.550423 -2.993368 -1.287161
v -0.545423 -3.000439 -1.292161
v -0.541772 -3.002907 -1.305020
v -0.536772 -3.009978 -1.310020
v -0.531772 -3.017049 -1.315020
v -0.526772 -3.024120 -1.320020
v -0.521772 -3.031191 -1.325020
v -0.518120 -3.033658 -1.337880
v -0.513120 -3.040729 -1.342880
v -0.508635 -3.046041 -1.350882
v -0.504322 -3.050767 -1.359886
v -0.499322 -3.057838 -1.364886
v -0.494322 -3.064909 -1.369886
v -0.489322 -3.071980 -1.374886
v -0.485009 -3.076706 -1.383889
v -0.480009 -3.083777 -1.388889
v -0.475696 -3.088503 -1.397892
v -0.470696 -3.095574 -1.402892
v -0.465696 -3.102645 -1.407892
v -0.461383 -3.107372 -1.416895
v -0.456383 -3.114443 -1.421895
v -0.451383 -3.121514 -1.426895
v -0.446383 -3.128585 -1.431895
v -0.442070 -3.133311 -1.440899
v -0.437070 -3.140382 -1.445899
v -0.432070 -3.147453 -1.450899
v -0.427757 -3.152179 -1.459903
v -0.422756 -3.159250 -1.464903
v -0.417756 -3.166321 -1.469903
v -0.412756 -3.173392 -1.474903
v -0.407756 -3.180463 -1.479903
v -0.402756 -3.187534 -1.484903
v -0.428527 -3.089546 -1.669249
v -0.784992 -2.568358 -1.302784
v -0.747847 -2.685179 -1.120431
v -0.741473 -2.696940 -1.117425
v -0.735787 -2.706356 -1.118421
v -0.730100 -2.715772 -1.119417
v -0.724585 -2.724602 -1.121415
v -0.716888 -2.740881 -1.110696
v -0.710539 -2.752556 -1.107837
v -0.705539 -2.759627 -1.112837
v -0.699191 -2.771302 -1.109977
v -0.691494 -2.787581 -1.099259
v -0.686494 -2.794652 -1.104259
v -0.680145 -2.806327 -1.101400
v -0.673797 -2.818002 -1.098540
v -0.668797 -2.825073 -1.103540
v -0.662449 -2.836748 -1.100681
v -0.657449 -2.843819 -1.105681
v -0.652449 -2.850890 -1.110681
v -0.647448 -2.857961 -1.115681
v -0.641100 -2.869637 -1.112821
v -0.636100 -2.876708 -1.117821
v -0.631100 -2.883779 -1.122821
v -0.626100 -2.890850 -1.127821
v -0.621100 -2.897921 -1.132821
v -0.617448 -2.900388 -1.145681
v -0.612448 -2.907459 -1.150681
v -0.607448 -2.914530 -1.155681
v -0.602448 -2.921601 -1.160681
v -0.598797 -2.924068 -1.173540
v -0.595145 -2.926535 -1.186400
v -0.590145 -2.933606 -1.191400
v -0.586494 -2.936073 -1.204259
v -0.581494 -2.943144 -1.209259
v -0.576494 -2.950215 -1.214259
v -0.572842 -2.952682 -1.227119
v -0.569191 -2.955150 -1.239977
v -0.564191 -2.962221 -1.244977
v -0.560539 -2.964688 -1.257837
v -0.555539 -2.971759 -1.262837
v -0.550539 -2.978830 -1.267837
v -0.546888 -2.981297 -1.280696
v -0.541888 -2.988369 -1.285696
v -0.536888 -2.995440 -1.290696
v -0.531888 -3.002511 -1.295696
v -0.528236 -3.004977 -1.308556
v -0.523236 -3.012048 -1.313556
v -0.518236 -3.019120 -1.318556
v -0.513236 -3.026191 -1.323556
v -0.508236 -3.033262 -1.328556
v -0.504585 -3.035729 -1.341416
v -0.499585 -3.042800 -1.346416
v -0.495100 -3.048113 -1.354417
v -0.490100 -3.055184 -1.359417
v -0.485787 -3.059909 -1.368421
v -0.480787 -3.066980 -1.373421
v -0.475787 -3.074051 -1.378421
v -0.471474 -3.078777 -1.387425
v -0.466474 -3.085848 -1.392425
v -0.462160 -3.090575 -1.401428
v -0.457160 -3.097646 -1.406428
v -0.452160 -3.104717 -1.411428
v -0.447847 -3.109443 -1.420431
v -0.442847 -3.116514 -1.425431
v -0.437847 -3.123585 -1.430431
v -0.432847 -3.130656 -1.435431
v -0.428534 -3.135382 -1.444434
v -0.423534 -3.142453 -1.449434
v -0.418534 -3.149524 -1.454434
v -0.413534 -3.156595 -1.459434
v -0.409221 -3.161321 -1.468438
v -0.404221 -3.168392 -1.473438
v -0.399221 -3.175463 -1.478438
v -0.394221 -3.182534 -1.483438
v -0.419992 -3.084546 -1.667784
v -0.399332 -3.145084 -1.581511
v -0.776456 -2.563359 -1.301320
v -0.739312 -2.680179 -1.118966
v -0.733625 -2.689595 -1.119963
v -0.727938 -2.699011 -1.120960
v -0.721564 -2.710772 -1.117953
v -0.716049 -2.719602 -1.119951
v -0.708352 -2.735881 -1.109232
v -0.703352 -2.742952 -1.114232
v -0.697004 -2.754627 -1.111372
v -0.690655 -2.766302 -1.108513
v -0.682958 -2.782581 -1.097795
v -0.677958 -2.789652 -1.102795
v -0.671610 -2.801327 -1.099935
v -0.665262 -2.813002 -1.097076
v -0.660262 -2.820073 -1.102076
v -0.655262 -2.827144 -1.107076
v -0.648913 -2.838819 -1.104216
v -0.643913 -2.845890 -1.109216
v -0.638913 -2.852962 -1.114216
v -0.632564 -2.864636 -1.111357
v -0.627564 -2.871707 -1.116357
v -0.622564 -2.878778 -1.121357
v -0.617564 -2.885849 -1.126357
v -0.612564 -2.892920 -1.131357
v -0.608913 -2.895388 -1.144216
v -0.603913 -2.902459 -1.149216
v -0.598913 -2.909530 -1.154216
v -0.595261 -2.911997 -1.167076
v -0.590261 -2.919068 -1.172076
v -0.586610 -2.921535 -1.184935
v -0.581610 -2.928606 -1.189935
v -0.577958 -2.931073 -1.202795
v -0.572958 -2.938144 -1.207795
v -0.567958 -2.945215 -1.212795
v -0.564307 -2.947682 -1.225654
v -0.560655 -2.950150 -1.238513
v -0.555655 -2.957221 -1.243513
v -0.550655 -2.964292 -1.248513
v -0.545655 -2.971363 -1.253513
v -0.542004 -2.973830 -1.266372
v -0.538352 -2.976297 -1.279232
v -0.533352 -2.983368 -1.284232
v -0.528352 -2.990439 -1.289232
v -0.523352 -2.997511 -1.294232
v -0.519701 -2.999978 -1.307091
v -0.514701 -3.007049 -1.312091
v -0.509701 -3.014120 -1.317091
v -0.504701 -3.021191 -1.322091
v -0.499701 -3.028262 -1.327091
v -0.496049 -3.030729 -1.339951
v -0.491049 -3.037800 -1.344951
v -0.486564 -3.043113 -1.352953
v -0.481564 -3.050184 -1.357953
v -0.477251 -3.054909 -1.366957
v -0.472251 -3.061980 -1.371957
v -0.467251 -3.069051 -1.376957
v -0.462251 -3.076122 -1.381957
v -0.457938 -3.080848 -1.390960
v -0.452938 -3.087919 -1.395960
v -0.448625 -3.092646 -1.404963
v -0.443625 -3.099717 -1.409963
v -0.438625 -3.106788 -1.414963
v -0.433625 -3.113859 -1.419963
v -0.429312 -3.118585 -1.428966
v -0.424312 -3.125656 -1.433966
v -0.419312 -3.132727 -1.438966
v -0.414999 -3.137453 -1.447970
v -0.409999 -3.144524 -1.452970
v -0.404998 -3.151595 -1.457970
v -0.400685 -3.156321 -1.466974
v -0.395685 -3.163392 -1.471974
v -0.390685 -3.170463 -1.476974
v -0.385685 -3.177534 -1.481974
v -0.380685 -3.184605 -1.486974
v -0.390796 -3.140084 -1.580047
v -0.730776 -2.675179 -1.117502
v -0.725089 -2.684595 -1.118499
v -0.719402 -2.694010 -1.119496
v -0.713716 -2.703427 -1.120493
v -0.707514 -2.714602 -1.118487
v -0.701165 -2.726277 -1.115627
v -0.694817 -2.737952 -1.112767
v -0.688468 -2.749627 -1.109908
v -0.683468 -2.756698 -1.114908
v -0.674423 -2.777581 -1.096330
v -0.669423 -2.784652 -1.101330
v -0.663074 -2.796327 -1.098471
v -0.658074 -2.803398 -1.103471
v -0.651726 -2.815073 -1.100611
v -0.646726 -2.822144 -1.105611
v -0.641726 -2.829215 -1.110611
v -0.635378 -2.840890 -1.107752
v -0.630377 -2.847961 -1.112752
v -0.624029 -2.859636 -1.109892
v -0.619029 -2.866707 -1.114892
v -0.614029 -2.873778 -1.119892
v -0.609029 -2.880850 -1.124892
v -0.604029 -2.887921 -1.129892
v -0.600377 -2.890388 -1.142752
v -0.595377 -2.897459 -1.147752
v -0.590377 -2.904530 -1.152752
v -0.586726 -2.906997 -1.165611
v -0.581726 -2.914068 -1.170611
v -0.578074 -2.916535 -1.183471
v -0.573074 -2.923606 -1.188471
v -0.569423 -2.926073 -1.201330
v -0.564423 -2.933144 -1.206330
v -0.559423 -2.940215 -1.211330
v -0.555771 -2.942682 -1.224190
v -0.552120 -2.945150 -1.237049
v -0.547120 -2.952221 -1.242048
v -0.542120 -2.959292 -1.247048
v -0.537120 -2.966363 -1.252048
v -0.533468 -2.968830 -1.264908
v -0.528468 -2.975901 -1.269908
v -0.524817 -2.978368 -1.282768
v -0.519817 -2.985439 -1.287767
v -0.514817 -2.992511 -1.292768
v -0.509817 -2.999582 -1.297768
v -0.504817 -3.006653 -1.302768
v -0.501165 -3.009120 -1.315627
v -0.496165 -3.016191 -1.320627
v -0.491165 -3.023262 -1.325627
v -0.487514 -3.025729 -1.338487
v -0.482514 -3.032800 -1.343487
v -0.478029 -3.038113 -1.351488
v -0.472514 -3.046942 -1.353487
v -0.468029 -3.052255 -1.361488
v -0.463029 -3.059326 -1.366489
v -0.458716 -3.064051 -1.375492
v -0.453716 -3.071122 -1.380493
v -0.449403 -3.075848 -1.389496
v -0.444403 -3.082919 -1.394496
v -0.439403 -3.089990 -1.399496
v -0.434403 -3.097061 -1.404496
v -0.430089 -3.101788 -1.413499
v -0.425089 -3.108859 -1.418499
v -0.420089 -3.115930 -1.423499
v -0.415776 -3.120656 -1.432502
v -0.410776 -3.127727 -1.437502
v -0.406463 -3.132453 -1.446505
v -0.401463 -3.139524 -1.451505
v -0.396463 -3.146595 -1.456505
v -0.391463 -3.153666 -1.461505
v -0.386463 -3.160737 -1.466505
v -0.381463 -3.167808 -1.471505
v -0.377150 -3.172534 -1.480509
v -0.372150 -3.179605 -1.485509
v -0.382948 -3.132739 -1.582585
v -0.722927 -2.667834 -1.120041
v -0.716554 -2.679595 -1.117034
v -0.710867 -2.689011 -1.118031
v -0.705180 -2.698427 -1.119028
v -0.699493 -2.707844 -1.120024
v -0.692630 -2.721277 -1.114162
v -0.686281 -2.732952 -1.111303
v -0.679933 -2.744627 -1.108443
v -0.674933 -2.751698 -1.113443
v -0.667236 -2.767977 -1.102725
v -0.660887 -2.779652 -1.099866
v -0.654539 -2.791327 -1.097006
v -0.649539 -2.798398 -1.102006
v -0.643190 -2.810073 -1.099147
v -0.638190 -2.817144 -1.104147
v -0.633190 -2.824215 -1.109147
v -0.626842 -2.835890 -1.106287
v -0.621842 -2.842961 -1.111287
v -0.616842 -2.850033 -1.116287
v -0.610493 -2.861707 -1.113428
v -0.605493 -2.868778 -1.118428
v -0.600493 -2.875850 -1.123428
v -0.595493 -2.882921 -1.128428
v -0.591842 -2.885388 -1.141287
v -0.586842 -2.892459 -1.146287
v -0.581842 -2.899530 -1.151287
v -0.578190 -2.901997 -1.164147
v -0.574539 -2.904464 -1.177006
v -0.569539 -2.911535 -1.182006
v -0.564539 -2.918606 -1.187006
v -0.560887 -2.921073 -1.199866
v -0.555887 -2.928144 -1.204866
v -0.550887 -2.935215 -1.209866
v -0.547236 -2.937682 -1.222725
v -0.542236 -2.944753 -1.227725
v -0.537236 -2.951824 -1.232725
v -0.533584 -2.954292 -1.245584
v -0.528584 -2.961363 -1.250584
v -0.524933 -2.963830 -1.263443
v -0.519933 -2.970901 -1.268443
v -0.514933 -2.977972 -1.273443
v -0.511281 -2.980439 -1.286303
v -0.506281 -2.987511 -1.291303
v -0.501281 -2.994582 -1.296303
v -0.496281 -3.001653 -1.301303
v -0.491281 -3.008724 -1.306303
v -0.487630 -3.011191 -1.319163
v -0.482630 -3.018262 -1.324162
v -0.477630 -3.025333 -1.329163
v -0.473978 -3.027800 -1.342022
v -0.468978 -3.034871 -1.347022
v -0.463978 -3.041942 -1.352022
v -0.459493 -3.047255 -1.360024
v -0.454493 -3.054326 -1.365024
v -0.449493 -3.061397 -1.370024
v -0.445180 -3.066122 -1.379028
v -0.440867 -3.070848 -1.388031
v -0.435867 -3.077919 -1.393031
v -0.430867 -3.084990 -1.398031
v -0.425867 -3.092062 -1.403031
v -0.420867 -3.099133 -1.408031
v -0.415867 -3.106204 -1.413031
v -0.411554 -3.110930 -1.422034
v -0.406554 -3.118001 -1.427034
v -0.402241 -3.122727 -1.436038
v -0.397241 -3.129798 -1.441037
v -0.392927 -3.134524 -1.450041
v -0.387927 -3.141595 -1.455041
v -0.382927 -3.148666 -1.460041
v -0.377927 -3.155737 -1.465041
v -0.372927 -3.162808 -1.470041
v -0.368614 -3.167534 -1.479045
v -0.363614 -3.174605 -1.484045
v -0.389385 -3.076617 -1.668391
v -0.750850 -2.548358 -1.296926
v -0.714392 -2.662834 -1.118576
v -0.708705 -2.672250 -1.119573
v -0.703018 -2.681666 -1.120570
v -0.697331 -2.691082 -1.121567
v -0.690958 -2.702843 -1.118560
v -0.684094 -2.716277 -1.112698
v -0.677746 -2.727952 -1.109839
v -0.672746 -2.735023 -1.114839
v -0.665049 -2.751302 -1.104120
v -0.658700 -2.762977 -1.101261
v -0.652352 -2.774652 -1.098401
v -0.646003 -2.786327 -1.095542
v -0.641003 -2.793398 -1.100542
v -0.634655 -2.805073 -1.097682
v -0.629655 -2.812144 -1.102682
v -0.624655 -2.819215 -1.107682
v -0.618306 -2.830890 -1.104823
v -0.613306 -2.837961 -1.109823
v -0.608306 -2.845033 -1.114823
v -0.601958 -2.856708 -1.111963
v -0.596958 -2.863779 -1.116963
v -0.591958 -2.870850 -1.121963
v -0.588306 -2.873317 -1.134823
v -0.583306 -2.880388 -1.139823
v -0.578306 -2.887459 -1.144823
v -0.573306 -2.894530 -1.149823
v -0.569655 -2.896997 -1.162682
v -0.566003 -2.899464 -1.175542
v -0.561003 -2.906535 -1.180542
v -0.556003 -2.913606 -1.185542
v -0.552352 -2.916073 -1.198401
v -0.547352 -2.923144 -1.203401
v -0.542352 -2.930215 -1.208401
v -0.538700 -2.932682 -1.221261
v -0.533700 -2.939753 -1.226261
v -0.528700 -2.946824 -1.231261
v -0.525049 -2.949292 -1.244120
v -0.520049 -2.956363 -1.249120
v -0.516397 -2.958830 -1.261979
v -0.511397 -2.965901 -1.266979
v -0.506397 -2.972972 -1.271979
v -0.501397 -2.980043 -1.276979
v -0.497745 -2.982511 -1.289839
v -0.492745 -2.989582 -1.294839
v -0.487745 -2.996653 -1.299839
v -0.482745 -3.003724 -1.304839
v -0.479094 -3.006191 -1.317698
v -0.474094 -3.013262 -1.322698
v -0.469094 -3.020333 -1.327698
v -0.464094 -3.027404 -1.332698
v -0.460442 -3.029871 -1.345558
v -0.455442 -3.036942 -1.350558
v -0.450442 -3.044013 -1.355558
v -0.445442 -3.051084 -1.360558
v -0.440958 -3.056397 -1.368560
v -0.435958 -3.063468 -1.373560
v -0.431645 -3.068193 -1.382564
v -0.426645 -3.075264 -1.387564
v -0.421645 -3.082335 -1.392564
v -0.416645 -3.089407 -1.397564
v -0.412331 -3.094133 -1.406567
v -0.407331 -3.101204 -1.411567
v -0.402331 -3.108275 -1.416567
v -0.398018 -3.113001 -1.425570
v -0.393018 -3.120072 -1.430570
v -0.388705 -3.124798 -1.439573
v -0.383705 -3.131869 -1.444573
v -0.379392 -3.136595 -1.453576
v -0.374392 -3.143666 -1.458576
v -0.369392 -3.150737 -1.463576
v -0.364392 -3.157808 -1.468576
v -0.359392 -3.164879 -1.473576
v -0.355079 -3.169605 -1.482580
v -0.380850 -3.071617 -1.666926
v -0.737314 -2.550430 -1.300462
v -0.700170 -2.667250 -1.118109
v -0.694483 -2.676666 -1.119105
v -0.688796 -2.686082 -1.120102
v -0.683109 -2.695498 -1.121099
v -0.676907 -2.706673 -1.119093
v -0.669210 -2.722952 -1.108374
v -0.664210 -2.730023 -1.113374
v -0.657862 -2.741698 -1.110515
v -0.650165 -2.757977 -1.099796
v -0.643816 -2.769652 -1.096937
v -0.637468 -2.781327 -1.094077
v -0.632468 -2.788398 -1.099077
v -0.627468 -2.795469 -1.104077
v -0.621119 -2.807144 -1.101218
v -0.616119 -2.814215 -1.106218
v -0.609771 -2.825890 -1.103358
v -0.604771 -2.832962 -1.108358
v -0.599771 -2.840033 -1.113358
v -0.594771 -2.847104 -1.118358
v -0.588422 -2.858778 -1.115499
v -0.583422 -2.865849 -1.120499
v -0.579771 -2.868317 -1.133358
v -0.574771 -2.875388 -1.138358
v -0.569771 -2.882459 -1.143358
v -0.564771 -2.889530 -1.148358
v -0.561119 -2.891997 -1.161218
v -0.557468 -2.894464 -1.174077
v -0.552468 -2.901535 -1.179077
v -0.547468 -2.908606 -1.184077
v -0.543816 -2.911073 -1.196937
v -0.538816 -2.918144 -1.201937
v -0.533816 -2.925215 -1.206937
v -0.528816 -2.932286 -1.211937
v -0.525165 -2.934753 -1.224796
v -0.520165 -2.941824 -1.229796
v -0.515165 -2.948895 -1.234796
v -0.511513 -2.951363 -1.247655
v -0.506513 -2.958434 -1.252655
v -0.501513 -2.965505 -1.257655
v -0.497862 -2.967972 -1.270514
v -0.492862 -2.975043 -1.275514
v -0.487862 -2.982115 -1.280515
v -0.482862 -2.989186 -1.285515
v -0.479210 -2.991653 -1.298374
v -0.474210 -2.998724 -1.303374
v -0.469210 -3.005795 -1.308374
v -0.464210 -3.012866 -1.313374
v -0.459210 -3.019937 -1.318374
v -0.455559 -3.022404 -1.331234
v -0.451907 -3.024871 -1.344093
v -0.446907 -3.031942 -1.349093
v -0.441907 -3.039013 -1.354093
v -0.436907 -3.046084 -1.359093
v -0.431907 -3.053155 -1.364093
v -0.426907 -3.060226 -1.369093
v -0.422422 -3.065539 -1.377095
v -0.417422 -3.072610 -1.382095
v -0.413109 -3.077336 -1.391099
v -0.408109 -3.084407 -1.396099
v -0.403109 -3.091478 -1.401099
v -0.398796 -3.096204 -1.410102
v -0.393796 -3.103275 -1.415102
v -0.388796 -3.110346 -1.420102
v -0.384483 -3.115072 -1.429105
v -0.379483 -3.122143 -1.434105
v -0.374483 -3.129214 -1.439105
v -0.370169 -3.133940 -1.448109
v -0.365169 -3.141011 -1.453109
v -0.360856 -3.145737 -1.462112
v -0.355856 -3.152808 -1.467112
v -0.350856 -3.159879 -1.472112
v -0.345856 -3.166950 -1.477112
v -0.340856 -3.174021 -1.482112
v -0.351654 -3.127155 -1.579189
v -0.723779 -2.552500 -1.303997
v -0.685947 -2.671666 -1.117641
v -0.680260 -2.681082 -1.118638
v -0.674574 -2.690498 -1.119635
v -0.668887 -2.699915 -1.120631
v -0.662023 -2.713348 -1.114769
v -0.655675 -2.725023 -1.111910
v -0.649326 -2.736698 -1.109050
v -0.642978 -2.748373 -1.106191
v -0.636629 -2.760048 -1.103332
v -0.630281 -2.771723 -1.100472
v -0.625281 -2.778794 -1.105472
v -0.618932 -2.790469 -1.102613
v -0.612584 -2.802144 -1.099753
v -0.607584 -2.809215 -1.104753
v -0.601235 -2.820890 -1.101894
v -0.596235 -2.827961 -1.106894
v -0.591235 -2.835032 -1.111894
v -0.586235 -2.842103 -1.116894
v -0.579887 -2.853778 -1.114034
v -0.574887 -2.860850 -1.119034
v -0.571235 -2.863317 -1.131894
v -0.566235 -2.870388 -1.136894
v -0.561235 -2.877459 -1.141894
v -0.557584 -2.879926 -1.154753
v -0.552584 -2.886997 -1.159753
v -0.548932 -2.889464 -1.172613
v -0.543932 -2.896535 -1.177613
v -0.538932 -2.903606 -1.182613
v -0.533932 -2.910677 -1.187613
v -0.530281 -2.913144 -1.200472
v -0.525281 -2.920215 -1.205472
v -0.520281 -2.927286 -1.210472
v -0.516629 -2.929753 -1.223332
v -0.511629 -2.936825 -1.228332
v -0.506629 -2.943896 -1.233332
v -0.501629 -2.950967 -1.238332
v -0.497978 -2.953434 -1.251191
v -0.492978 -2.960505 -1.256191
v -0.489326 -2.962972 -1.269050
v -0.484326 -2.970043 -1.274050
v -0.479326 -2.977115 -1.279050
v -0.474326 -2.984186 -1.284050
v -0.469326 -2.991257 -1.289050
v -0.464326 -2.998328 -1.294050
v -0.459326 -3.005399 -1.299050
v -0.455674 -3.007866 -1.311910
v -0.450675 -3.014937 -1.316910
v -0.447023 -3.017404 -1.329769
v -0.442023 -3.024475 -1.334769
v -0.437023 -3.031546 -1.339769
v -0.433371 -3.034013 -1.352629
v -0.428371 -3.041084 -1.357629
v -0.423371 -3.048155 -1.362629
v -0.418371 -3.055226 -1.367629
v -0.413372 -3.062297 -1.372629
v -0.408887 -3.067610 -1.380631
v -0.403887 -3.074681 -1.385631
v -0.398887 -3.081752 -1.390631
v -0.393887 -3.088823 -1.395631
v -0.389574 -3.093549 -1.404635
v -0.384574 -3.100620 -1.409635
v -0.380260 -3.105346 -1.418638
v -0.375260 -3.112417 -1.423638
v -0.370947 -3.117143 -1.432641
v -0.365947 -3.124214 -1.437641
v -0.360947 -3.131285 -1.442641
v -0.356634 -3.136011 -1.451644
v -0.351634 -3.143082 -1.456644
v -0.347321 -3.147808 -1.465647
v -0.342321 -3.154879 -1.470647
v -0.337321 -3.161951 -1.475647
v -0.332321 -3.169022 -1.480647
v -0.343806 -3.119810 -1.581728
v -0.710243 -2.554572 -1.307533
v -0.672412 -2.673737 -1.121176
v -0.666725 -2.683153 -1.122173
v -0.660351 -2.694915 -1.119166
v -0.653488 -2.708348 -1.113305
v -0.647139 -2.720023 -1.110445
v -0.640791 -2.731698 -1.107586
v -0.634442 -2.743373 -1.104726
v -0.628094 -2.755048 -1.101867
v -0.621745 -2.766723 -1.099008
v -0.616745 -2.773794 -1.104008
v -0.610397 -2.785469 -1.101148
v -0.605397 -2.792540 -1.106148
v -0.599048 -2.804215 -1.103289
v -0.592700 -2.815890 -1.100429
v -0.587700 -2.822961 -1.105429
v -0.582700 -2.830033 -1.110429
v -0.577700 -2.837104 -1.115429
v -0.571351 -2.848778 -1.112570
v -0.566351 -2.855850 -1.117570
v -0.562700 -2.858317 -1.130429
v -0.557700 -2.865388 -1.135429
v -0.552700 -2.872459 -1.140429
v -0.549048 -2.874926 -1.153289
v -0.544048 -2.881997 -1.158289
v -0.540397 -2.884464 -1.171148
v -0.535397 -2.891535 -1.176148
v -0.530397 -2.898606 -1.181148
v -0.525397 -2.905677 -1.186148
v -0.521745 -2.908144 -1.199008
v -0.516745 -2.915215 -1.204008
v -0.511745 -2.922287 -1.209008
v -0.508094 -2.924753 -1.221867
v -0.503094 -2.931824 -1.226867
v -0.498094 -2.938895 -1.231867
v -0.493094 -2.945966 -1.236867
v -0.489442 -2.948434 -1.249726
v -0.484442 -2.955505 -1.254726
v -0.479442 -2.962576 -1.259726
v -0.474442 -2.969647 -1.264726
v -0.470791 -2.972115 -1.277586
v -0.465791 -2.979186 -1.282586
v -0.460791 -2.986257 -1.287586
v -0.455791 -2.993328 -1.292586
v -0.450791 -3.000399 -1.297586
v -0.445791 -3.007470 -1.302586
v -0.440791 -3.014541 -1.307586
v -0.437139 -3.017008 -1.320445
v -0.432139 -3.024079 -1.325445
v -0.428488 -3.026546 -1.338305
v -0.423488 -3.033617 -1.343305
v -0.418488 -3.040688 -1.348305
v -0.413488 -3.047759 -1.353305
v -0.409836 -3.050226 -1.366164
v -0.404836 -3.057297 -1.371164
v -0.399836 -3.064368 -1.376164
v -0.395351 -3.069681 -1.384166
v -0.390351 -3.076752 -1.389166
v -0.385351 -3.083823 -1.394166
v -0.381038 -3.088549 -1.403170
v -0.376038 -3.095620 -1.408170
v -0.371038 -3.102691 -1.413170
v -0.366038 -3.109762 -1.418170
v -0.362412 -3.112143 -1.431176
v -0.356725 -3.121559 -1.432173
v -0.352412 -3.126285 -1.441177
v -0.347412 -3.133356 -1.446177
v -0.343098 -3.138083 -1.455180
v -0.338098 -3.145154 -1.460180
v -0.333785 -3.149879 -1.469183
v -0.328785 -3.156950 -1.474183
v -0.323785 -3.164021 -1.479183
v -0.350243 -3.063689 -1.667533
v -0.701708 -2.549572 -1.306069
v -0.663876 -2.668737 -1.119712
v -0.658189 -2.678153 -1.120709
v -0.652503 -2.687569 -1.121706
v -0.646300 -2.698744 -1.119700
v -0.638604 -2.715023 -1.108981
v -0.632255 -2.726698 -1.106121
v -0.627255 -2.733769 -1.111121
v -0.620907 -2.745444 -1.108262
v -0.614558 -2.757119 -1.105403
v -0.608210 -2.768794 -1.102543
v -0.601861 -2.780469 -1.099684
v -0.596861 -2.787540 -1.104684
v -0.590513 -2.799215 -1.101824
v -0.584164 -2.810890 -1.098965
v -0.579164 -2.817961 -1.103965
v -0.574164 -2.825033 -1.108965
v -0.569164 -2.832104 -1.113965
v -0.562816 -2.843779 -1.111105
v -0.557816 -2.850850 -1.116106
v -0.554164 -2.853317 -1.128965
v -0.549164 -2.860388 -1.133965
v -0.545513 -2.862855 -1.146824
v -0.540513 -2.869926 -1.151824
v -0.535513 -2.876997 -1.156824
v -0.531861 -2.879464 -1.169684
v -0.526861 -2.886535 -1.174684
v -0.521861 -2.893606 -1.179684
v -0.516861 -2.900677 -1.184684
v -0.513210 -2.903144 -1.197544
v -0.508210 -2.910215 -1.202543
v -0.503210 -2.917286 -1.207543
v -0.499558 -2.919753 -1.220403
v -0.493210 -2.931428 -1.217543
v -0.489558 -2.933895 -1.230403
v -0.484558 -2.940966 -1.235403
v -0.480907 -2.943434 -1.248262
v -0.475907 -2.950505 -1.253262
v -0.470907 -2.957577 -1.258262
v -0.465907 -2.964648 -1.263262
v -0.460907 -2.971719 -1.268262
v -0.455907 -2.978790 -1.273262
v -0.450907 -2.985861 -1.278262
v -0.447255 -2.988328 -1.291121
v -0.440907 -3.000003 -1.288262
v -0.437255 -3.002470 -1.301121
v -0.432255 -3.009541 -1.306121
v -0.427255 -3.016612 -1.311121
v -0.423604 -3.019079 -1.323981
v -0.418604 -3.026150 -1.328981
v -0.413604 -3.033221 -1.333981
v -0.409952 -3.035688 -1.346840
v -0.404952 -3.042759 -1.351840
v -0.399952 -3.049830 -1.356840
v -0.396300 -3.052297 -1.369700
v -0.391300 -3.059368 -1.374700
v -0.386301 -3.066439 -1.379700
v -0.381816 -3.071752 -1.387702
v -0.376816 -3.078823 -1.392702
v -0.372503 -3.083549 -1.401706
v -0.366816 -3.092965 -1.402702
v -0.362503 -3.097691 -1.411706
v -0.357503 -3.104762 -1.416706
v -0.353189 -3.109488 -1.425709
v -0.348189 -3.116559 -1.430709
v -0.343876 -3.121285 -1.439712
v -0.338876 -3.128356 -1.444712
v -0.334563 -3.133082 -1.453715
v -0.329563 -3.140153 -1.458715
v -0.324563 -3.147224 -1.463715
v -0.319563 -3.154295 -1.468715
v -0.346708 -3.051617 -1.661069
v -0.688172 -2.551643 -1.309604
v -0.649654 -2.673153 -1.119244
v -0.643967 -2.682569 -1.120241
v -0.637765 -2.693744 -1.118235
v -0.630068 -2.710023 -1.107516
v -0.623719 -2.721698 -1.104657
v -0.618719 -2.728769 -1.109657
v -0.612371 -2.740444 -1.106797
v -0.606023 -2.752119 -1.103939
v -0.599674 -2.763794 -1.101079
v -0.594674 -2.770865 -1.106079
v -0.588326 -2.782540 -1.103220
v -0.581977 -2.794215 -1.100360
v -0.575629 -2.805890 -1.097500
v -0.570629 -2.812962 -1.102501
v -0.565629 -2.820033 -1.107501
v -0.560629 -2.827104 -1.112501
v -0.554280 -2.838778 -1.109641
v -0.549280 -2.845850 -1.114641
v -0.545629 -2.848317 -1.127501
v -0.540629 -2.855388 -1.132501
v -0.536977 -2.857855 -1.145360
v -0.531977 -2.864926 -1.150360
v -0.526977 -2.871997 -1.155360
v -0.523326 -2.874464 -1.168220
v -0.518326 -2.881535 -1.173220
v -0.513326 -2.888606 -1.178220
v -0.508326 -2.895677 -1.183220
v -0.503326 -2.902748 -1.188220
v -0.499674 -2.905215 -1.201079
v -0.494674 -2.912286 -1.206079
v -0.489674 -2.919357 -1.211079
v -0.484674 -2.926429 -1.216079
v -0.481023 -2.928895 -1.228939
v -0.476023 -2.935966 -1.233938
v -0.471023 -2.943038 -1.238939
v -0.466023 -2.950109 -1.243938
v -0.461023 -2.957180 -1.248939
v -0.457371 -2.959647 -1.261797
v -0.452371 -2.966719 -1.266797
v -0.447371 -2.973790 -1.271797
v -0.442371 -2.980861 -1.276797
v -0.437371 -2.987932 -1.281797
v -0.432371 -2.995003 -1.286797
v -0.427371 -3.002074 -1.291797
v -0.422371 -3.009145 -1.296797
v -0.417371 -3.016216 -1.301797
v -0.413719 -3.018683 -1.314657
v -0.408719 -3.025754 -1.319657
v -0.405068 -3.028221 -1.332516
v -0.400068 -3.035292 -1.337516
v -0.395068 -3.042363 -1.342516
v -0.391416 -3.044830 -1.355376
v -0.386416 -3.051902 -1.360376
v -0.381416 -3.058973 -1.365376
v -0.377765 -3.061440 -1.378235
v -0.372765 -3.068511 -1.383235
v -0.368280 -3.073823 -1.391237
v -0.363280 -3.080894 -1.396237
v -0.358280 -3.087965 -1.401237
v -0.353967 -3.092691 -1.410241
v -0.348967 -3.099762 -1.415241
v -0.344654 -3.104488 -1.424244
v -0.339654 -3.111559 -1.429244
v -0.334654 -3.118630 -1.434245
v -0.330341 -3.123356 -1.443248
v -0.326027 -3.128082 -1.452251
v -0.321027 -3.135153 -1.457251
v -0.316027 -3.142224 -1.462251
v -0.311027 -3.149296 -1.467251
v -0.338172 -3.046618 -1.659604
v -0.679637 -2.546643 -1.308140
v -0.641118 -2.668153 -1.117780
v -0.635431 -2.677569 -1.118777
v -0.629229 -2.688744 -1.116771
v -0.621532 -2.705023 -1.106052
v -0.616532 -2.712094 -1.111052
v -0.610184 -2.723769 -1.108192
v -0.603835 -2.735444 -1.105333
v -0.597487 -2.747119 -1.102474
v -0.591139 -2.758794 -1.099615
v -0.586139 -2.765865 -1.104614
v -0.579790 -2.777540 -1.101755
v -0.573442 -2.789215 -1.098896
v -0.567093 -2.800890 -1.096036
v -0.562093 -2.807961 -1.101036
v -0.557093 -2.815032 -1.106036
v -0.552093 -2.822104 -1.111036
v -0.545745 -2.833778 -1.108176
v -0.540745 -2.840850 -1.113177
v -0.537093 -2.843317 -1.126036
v -0.532093 -2.850388 -1.131036
v -0.527093 -2.857459 -1.136036
v -0.523442 -2.859926 -1.148896
v -0.518442 -2.866997 -1.153896
v -0.513442 -2.874068 -1.158895
v -0.509790 -2.876535 -1.171755
v -0.504790 -2.883606 -1.176755
v -0.499790 -2.890677 -1.181755
v -0.494790 -2.897748 -1.186755
v -0.489790 -2.904819 -1.191755
v -0.486139 -2.907286 -1.204615
v -0.481139 -2.914357 -1.209615
v -0.476139 -2.921429 -1.214615
v -0.472487 -2.923896 -1.227474
v -0.467487 -2.930967 -1.232474
v -0.462487 -2.938038 -1.237474
v -0.457487 -2.945109 -1.242474
v -0.452487 -2.952180 -1.247474
v -0.447487 -2.959251 -1.252474
v -0.442487 -2.966322 -1.257474
v -0.437487 -2.973393 -1.262474
v -0.432487 -2.980464 -1.267474
v -0.428835 -2.982932 -1.280333
v -0.422487 -2.994606 -1.277474
v -0.418835 -2.997074 -1.290333
v -0.413835 -3.004145 -1.295333
v -0.408835 -3.011216 -1.300333
v -0.403835 -3.018287 -1.305333
v -0.400184 -3.020754 -1.318192
v -0.395184 -3.027825 -1.323192
v -0.391532 -3.030293 -1.336052
v -0.385184 -3.041967 -1.333192
v -0.381532 -3.044435 -1.346052
v -0.376532 -3.051506 -1.351052
v -0.371532 -3.058577 -1.356052
v -0.369229 -3.056439 -1.376771
v -0.364229 -3.063510 -1.381771
v -0.359744 -3.068823 -1.389773
v -0.354744 -3.075894 -1.394773
v -0.349744 -3.082965 -1.399773
v -0.344744 -3.090036 -1.404773
v -0.339744 -3.097108 -1.409773
v -0.335431 -3.101833 -1.418777
v -0.331118 -3.106559 -1.427780
v -0.326118 -3.113630 -1.432780
v -0.321118 -3.120701 -1.437780
v -0.316805 -3.125427 -1.446783
v -0.311805 -3.132499 -1.451783
v -0.307492 -3.137224 -1.460786
v -0.302492 -3.144296 -1.465786
v -0.329637 -3.041618 -1.658140
v -0.666101 -2.548714 -1.311675
v -0.626896 -2.672569 -1.117312
v -0.620694 -2.683744 -1.115306
v -0.612997 -2.700023 -1.104587
v -0.607997 -2.707094 -1.109587
v -0.601648 -2.718769 -1.106728
v -0.595300 -2.730444 -1.103868
v -0.588952 -2.742119 -1.101010
v -0.582603 -2.753794 -1.098150
v -0.577603 -2.760865 -1.103150
v -0.571255 -2.772540 -1.100291
v -0.564906 -2.784215 -1.097431
v -0.558558 -2.795890 -1.094571
v -0.553558 -2.802961 -1.099572
v -0.548558 -2.810033 -1.104572
v -0.543558 -2.817104 -1.109572
v -0.537209 -2.828779 -1.106712
v -0.532209 -2.835850 -1.111712
v -0.527209 -2.842921 -1.116712
v -0.522209 -2.849992 -1.121712
v -0.518558 -2.852459 -1.134572
v -0.513558 -2.859530 -1.139572
v -0.509906 -2.861997 -1.152431
v -0.504906 -2.869068 -1.157431
v -0.501255 -2.871535 -1.170291
v -0.496255 -2.878606 -1.175291
v -0.491255 -2.885677 -1.180291
v -0.486255 -2.892748 -1.185291
v -0.481255 -2.899819 -1.190291
v -0.476255 -2.906890 -1.195291
v -0.472603 -2.909358 -1.208150
v -0.467603 -2.916429 -1.213150
v -0.463952 -2.918895 -1.226010
v -0.457603 -2.930571 -1.223150
v -0.452603 -2.937642 -1.228150
v -0.448952 -2.940109 -1.241009
v -0.443952 -2.947180 -1.246010
v -0.438952 -2.954251 -1.251009
v -0.433952 -2.961322 -1.256010
v -0.428952 -2.968393 -1.261010
v -0.423952 -2.975464 -1.266010
v -0.418952 -2.982535 -1.271010
v -0.413952 -2.989606 -1.276010
v -0.408952 -2.996677 -1.281010
v -0.405300 -2.999145 -1.293868
v -0.400300 -3.006216 -1.298868
v -0.395300 -3.013287 -1.303868
v -0.391648 -3.015754 -1.316728
v -0.386648 -3.022825 -1.321728
v -0.381648 -3.029896 -1.326728
v -0.376648 -3.036967 -1.331728
v -0.371648 -3.044038 -1.336728
v -0.367997 -3.046505 -1.349587
v -0.362997 -3.053576 -1.354587
v -0.359345 -3.056043 -1.367447
v -0.355694 -3.058511 -1.380306
v -0.350694 -3.065582 -1.385306
v -0.345694 -3.072653 -1.390306
v -0.341209 -3.077965 -1.398308
v -0.336209 -3.085037 -1.403308
v -0.331209 -3.092108 -1.408308
v -0.326896 -3.096833 -1.417312
v -0.321896 -3.103904 -1.422312
v -0.317583 -3.108630 -1.431316
v -0.312583 -3.115701 -1.436316
v -0.308270 -3.120428 -1.445319
v -0.302583 -3.129843 -1.446316
v -0.298270 -3.134570 -1.455319
v -0.293956 -3.139296 -1.464322
v -0.321101 -3.036618 -1.656675
v -0.652566 -2.550785 -1.315211
v -0.612158 -2.678744 -1.113842
v -0.604461 -2.695023 -1.103123
v -0.599461 -2.702094 -1.108123
v -0.593113 -2.713769 -1.105263
v -0.586764 -2.725444 -1.102404
v -0.580416 -2.737119 -1.099545
v -0.574068 -2.748794 -1.096686
v -0.569068 -2.755865 -1.101686
v -0.562719 -2.767540 -1.098826
v -0.556371 -2.779215 -1.095967
v -0.551371 -2.786286 -1.100966
v -0.545022 -2.797961 -1.098107
v -0.540022 -2.805033 -1.103107
v -0.535022 -2.812104 -1.108107
v -0.528674 -2.823779 -1.105247
v -0.523674 -2.830850 -1.110248
v -0.518674 -2.837921 -1.115247
v -0.513674 -2.844992 -1.120248
v -0.508674 -2.852063 -1.125247
v -0.505022 -2.854530 -1.138107
v -0.501371 -2.856997 -1.150967
v -0.496371 -2.864068 -1.155967
v -0.491371 -2.871139 -1.160967
v -0.486371 -2.878210 -1.165967
v -0.482719 -2.880677 -1.178826
v -0.477719 -2.887748 -1.183826
v -0.472719 -2.894819 -1.188826
v -0.467719 -2.901890 -1.193826
v -0.462719 -2.908961 -1.198826
v -0.459068 -2.911428 -1.211686
v -0.454068 -2.918499 -1.216686
v -0.449068 -2.925570 -1.221686
v -0.444068 -2.932642 -1.226686
v -0.439068 -2.939713 -1.231686
v -0.434068 -2.946784 -1.236686
v -0.430416 -2.949251 -1.249545
v -0.424068 -2.960926 -1.246686
v -0.419068 -2.967997 -1.251686
v -0.414068 -2.975068 -1.256686
v -0.410416 -2.977535 -1.269545
v -0.405416 -2.984606 -1.274545
v -0.400416 -2.991677 -1.279545
v -0.395416 -2.998749 -1.284545
v -0.391764 -3.001216 -1.297404
v -0.386764 -3.008287 -1.302404
v -0.381764 -3.015358 -1.307404
v -0.378113 -3.017825 -1.320263
v -0.373113 -3.024896 -1.325263
v -0.368113 -3.031967 -1.330263
v -0.363113 -3.039038 -1.335263
v -0.358113 -3.046109 -1.340263
v -0.353113 -3.053180 -1.345263
v -0.349461 -3.055648 -1.358123
v -0.345810 -3.058115 -1.370982
v -0.342158 -3.060582 -1.383842
v -0.337158 -3.067653 -1.388842
v -0.332158 -3.074724 -1.393842
v -0.327158 -3.081795 -1.398842
v -0.322673 -3.087107 -1.406844
v -0.317673 -3.094178 -1.411844
v -0.313360 -3.098904 -1.420848
v -0.308360 -3.105975 -1.425848
v -0.304047 -3.110701 -1.434851
v -0.299047 -3.117772 -1.439851
v -0.294047 -3.124843 -1.444851
v -0.289047 -3.131914 -1.449851
v -0.284734 -3.136641 -1.458854
v -0.280421 -3.141366 -1.467857
v -0.307566 -3.038689 -1.660211
v -0.644030 -2.545785 -1.313746
v -0.603623 -2.673744 -1.112377
v -0.597274 -2.685419 -1.109518
v -0.590926 -2.697094 -1.106658
v -0.584577 -2.708769 -1.103799
v -0.578229 -2.720444 -1.100939
v -0.571881 -2.732119 -1.098081
v -0.566881 -2.739190 -1.103081
v -0.560532 -2.750865 -1.100221
v -0.554184 -2.762540 -1.097362
v -0.547835 -2.774215 -1.094502
v -0.542835 -2.781286 -1.099502
v -0.536487 -2.792962 -1.096643
v -0.531487 -2.800033 -1.101643
v -0.526487 -2.807104 -1.106643
v -0.520138 -2.818779 -1.103783
v -0.515138 -2.825850 -1.108783
v -0.510138 -2.832921 -1.113783
v -0.505138 -2.839992 -1.118783
v -0.500138 -2.847063 -1.123783
v -0.495138 -2.854134 -1.128783
v -0.491487 -2.856601 -1.141643
v -0.486487 -2.863672 -1.146643
v -0.482835 -2.866139 -1.159502
v -0.477835 -2.873210 -1.164502
v -0.472835 -2.880281 -1.169502
v -0.467835 -2.887352 -1.174502
v -0.462835 -2.894423 -1.179502
v -0.459184 -2.896890 -1.192362
v -0.452835 -2.908565 -1.189502
v -0.449184 -2.911032 -1.202362
v -0.444184 -2.918103 -1.207362
v -0.439184 -2.925174 -1.212362
v -0.434184 -2.932246 -1.217362
v -0.429184 -2.939317 -1.222362
v -0.425532 -2.941784 -1.235221
v -0.420532 -2.948855 -1.240221
v -0.415532 -2.955926 -1.245221
v -0.410532 -2.962997 -1.250221
v -0.405532 -2.970068 -1.255221
v -0.400532 -2.977139 -1.260221
v -0.395532 -2.984210 -1.265221
v -0.391881 -2.986677 -1.278081
v -0.386881 -2.993748 -1.283081
v -0.381881 -3.000819 -1.288081
v -0.378229 -3.003287 -1.300939
v -0.373229 -3.010358 -1.305939
v -0.368229 -3.017429 -1.310939
v -0.364577 -3.019896 -1.323799
v -0.359577 -3.026967 -1.328799
v -0.354577 -3.034038 -1.333799
v -0.349577 -3.041110 -1.338799
v -0.344577 -3.048181 -1.343799
v -0.339577 -3.055252 -1.348799
v -0.335926 -3.057719 -1.361658
v -0.332274 -3.060186 -1.374518
v -0.327274 -3.067257 -1.379518
v -0.323623 -3.069724 -1.392377
v -0.318623 -3.076795 -1.397377
v -0.314138 -3.082108 -1.405379
v -0.309138 -3.089179 -1.410379
v -0.304825 -3.093904 -1.419383
v -0.299825 -3.100975 -1.424383
v -0.294825 -3.108046 -1.429383
v -0.289825 -3.115117 -1.434383
v -0.285512 -3.119843 -1.443387
v -0.280512 -3.126914 -1.448387
v -0.275512 -3.133986 -1.453387
v -0.271885 -3.136367 -1.466393
v -0.299030 -3.033689 -1.658746
v -0.635495 -2.540785 -1.312282
v -0.595602 -2.666986 -1.113915
v -0.590087 -2.675815 -1.115913
v -0.583739 -2.687490 -1.113053
v -0.577390 -2.699165 -1.110194
v -0.571042 -2.710840 -1.107334
v -0.563345 -2.727119 -1.096616
v -0.558345 -2.734190 -1.101616
v -0.551997 -2.745865 -1.098757
v -0.546997 -2.752936 -1.103757
v -0.539300 -2.769215 -1.093038
v -0.534300 -2.776286 -1.098037
v -0.527951 -2.787961 -1.095178
v -0.522951 -2.795033 -1.100178
v -0.517951 -2.802104 -1.105178
v -0.512951 -2.809175 -1.110178
v -0.506603 -2.820850 -1.107319
v -0.501603 -2.827921 -1.112319
v -0.496603 -2.834992 -1.117319
v -0.491603 -2.842063 -1.122319
v -0.486603 -2.849134 -1.127319
v -0.482951 -2.851601 -1.140178
v -0.477951 -2.858672 -1.145178
v -0.472951 -2.865743 -1.150178
v -0.469300 -2.868210 -1.163038
v -0.464300 -2.875281 -1.168038
v -0.459300 -2.882352 -1.173038
v -0.454300 -2.889423 -1.178038
v -0.449300 -2.896494 -1.183038
v -0.444300 -2.903565 -1.188038
v -0.439300 -2.910637 -1.193038
v -0.435648 -2.913104 -1.205897
v -0.430648 -2.920175 -1.210897
v -0.425648 -2.927246 -1.215897
v -0.420648 -2.934317 -1.220897
v -0.415648 -2.941388 -1.225897
v -0.411997 -2.943855 -1.238757
v -0.405648 -2.955530 -1.235897
v -0.401996 -2.957997 -1.248757
v -0.396996 -2.965068 -1.253757
v -0.391996 -2.972139 -1.258757
v -0.386996 -2.979210 -1.263757
v -0.381996 -2.986281 -1.268757
v -0.378345 -2.988748 -1.281616
v -0.373345 -2.995819 -1.286616
v -0.368345 -3.002891 -1.291616
v -0.363345 -3.009962 -1.296616
v -0.359693 -3.012429 -1.309475
v -0.354693 -3.019500 -1.314475
v -0.349693 -3.026572 -1.319475
v -0.346042 -3.029038 -1.332334
v -0.341042 -3.036109 -1.337334
v -0.336042 -3.043180 -1.342334
v -0.331042 -3.050251 -1.347334
v -0.327390 -3.052719 -1.360194
v -0.323739 -3.055186 -1.373053
v -0.318739 -3.062257 -1.378053
v -0.313739 -3.069328 -1.383053
v -0.308739 -3.076399 -1.388053
v -0.305087 -3.078866 -1.400913
v -0.300602 -3.084179 -1.408915
v -0.296289 -3.088904 -1.417919
v -0.291289 -3.095975 -1.422919
v -0.286289 -3.103046 -1.427919
v -0.281289 -3.110117 -1.432919
v -0.276976 -3.114843 -1.441922
v -0.271976 -3.121914 -1.446922
v -0.266976 -3.128986 -1.451922
v -0.262663 -3.133712 -1.460925
v -0.290494 -3.028689 -1.657282
v -0.626959 -2.535785 -1.310817
v -0.587754 -2.659640 -1.116454
v -0.582067 -2.669057 -1.117450
v -0.576552 -2.677886 -1.119449
v -0.568855 -2.694165 -1.108729
v -0.562506 -2.705840 -1.105870
v -0.556158 -2.717515 -1.103010
v -0.549809 -2.729190 -1.100152
v -0.543461 -2.740865 -1.097292
v -0.538461 -2.747936 -1.102292
v -0.532112 -2.759611 -1.099433
v -0.525764 -2.771286 -1.096573
v -0.519415 -2.782961 -1.093714
v -0.514415 -2.790033 -1.098714
v -0.509415 -2.797104 -1.103714
v -0.504415 -2.804175 -1.108714
v -0.498067 -2.815850 -1.105854
v -0.493067 -2.822921 -1.110854
v -0.488067 -2.829992 -1.115854
v -0.483067 -2.837063 -1.120854
v -0.478067 -2.844134 -1.125854
v -0.474415 -2.846601 -1.138714
v -0.468067 -2.858276 -1.135854
v -0.464415 -2.860743 -1.148714
v -0.460764 -2.863210 -1.161573
v -0.454415 -2.874885 -1.158714
v -0.450764 -2.877352 -1.171573
v -0.445764 -2.884423 -1.176573
v -0.440764 -2.891494 -1.181573
v -0.435764 -2.898565 -1.186573
v -0.430764 -2.905637 -1.191573
v -0.425764 -2.912708 -1.196573
v -0.420764 -2.919779 -1.201573
v -0.415764 -2.926850 -1.206573
v -0.410764 -2.933921 -1.211573
v -0.407112 -2.936388 -1.224433
v -0.402112 -2.943459 -1.229433
v -0.397112 -2.950530 -1.234433
v -0.393461 -2.952997 -1.247292
v -0.388461 -2.960068 -1.252292
v -0.383461 -2.967139 -1.257292
v -0.378461 -2.974210 -1.262292
v -0.373461 -2.981281 -1.267292
v -0.368461 -2.988353 -1.272292
v -0.363461 -2.995424 -1.277292
v -0.359809 -2.997890 -1.290152
v -0.354809 -3.004961 -1.295152
v -0.351158 -3.007429 -1.308010
v -0.346158 -3.014500 -1.313010
v -0.341158 -3.021571 -1.318010
v -0.336158 -3.028642 -1.323010
v -0.331158 -3.035713 -1.328010
v -0.327506 -3.038180 -1.340870
v -0.322506 -3.045251 -1.345870
v -0.318855 -3.047719 -1.358729
v -0.313855 -3.054790 -1.363729
v -0.308855 -3.061861 -1.368729
v -0.305203 -3.064328 -1.381589
v -0.300203 -3.071399 -1.386589
v -0.296552 -3.073866 -1.399449
v -0.292067 -3.079179 -1.407450
v -0.287067 -3.086250 -1.412450
v -0.282067 -3.093321 -1.417451
v -0.277754 -3.098046 -1.426454
v -0.272754 -3.105117 -1.431455
v -0.267754 -3.112188 -1.436454
v -0.263440 -3.116914 -1.445458
v -0.258440 -3.123986 -1.450458
v -0.254127 -3.128712 -1.459461
v -0.281959 -3.023689 -1.655817
v -0.618423 -2.530785 -1.309353
v -0.579218 -2.654640 -1.114990
v -0.574218 -2.661711 -1.119990
v -0.568016 -2.672886 -1.117984
v -0.561668 -2.684561 -1.115124
v -0.553971 -2.700840 -1.104405
v -0.547622 -2.712515 -1.101546
v -0.541274 -2.724190 -1.098687
v -0.536274 -2.731261 -1.103687
v -0.529925 -2.742936 -1.100828
v -0.523577 -2.754611 -1.097968
v -0.517228 -2.766286 -1.095109
v -0.510880 -2.777961 -1.092249
v -0.505880 -2.785033 -1.097249
v -0.500880 -2.792104 -1.102249
v -0.495880 -2.799175 -1.107249
v -0.490880 -2.806246 -1.112249
v -0.484531 -2.817921 -1.109390
v -0.479531 -2.824992 -1.114390
v -0.474531 -2.832063 -1.119390
v -0.469531 -2.839134 -1.124390
v -0.464531 -2.846205 -1.129390
v -0.459531 -2.853276 -1.134390
v -0.455880 -2.855743 -1.147249
v -0.450880 -2.862814 -1.152249
v -0.445880 -2.869885 -1.157249
v -0.440880 -2.876956 -1.162249
v -0.435880 -2.884027 -1.167249
v -0.432228 -2.886494 -1.180109
v -0.427228 -2.893565 -1.185109
v -0.422228 -2.900636 -1.190109
v -0.417228 -2.907707 -1.195109
v -0.412228 -2.914778 -1.200109
v -0.407228 -2.921850 -1.205109
v -0.402228 -2.928921 -1.210109
v -0.398577 -2.931388 -1.222968
v -0.393577 -2.938459 -1.227968
v -0.388577 -2.945530 -1.232968
v -0.383577 -2.952601 -1.237968
v -0.378577 -2.959672 -1.242968
v -0.373577 -2.966743 -1.247968
v -0.369925 -2.969210 -1.260828
v -0.364925 -2.976281 -1.265828
v -0.359925 -2.983352 -1.270828
v -0.354925 -2.990423 -1.275828
v -0.351274 -2.992891 -1.288687
v -0.346274 -2.999962 -1.293687
v -0.341274 -3.007033 -1.298687
v -0.336274 -3.014104 -1.303687
v -0.332622 -3.016571 -1.316546
v -0.327622 -3.023642 -1.321546
v -0.322622 -3.030714 -1.326546
v -0.317622 -3.037785 -1.331546
v -0.313971 -3.040251 -1.344405
v -0.308971 -3.047323 -1.349405
v -0.305319 -3.049790 -1.362265
v -0.300319 -3.056861 -1.367265
v -0.295319 -3.063932 -1.372265
v -0.291668 -3.066399 -1.385124
v -0.286668 -3.073470 -1.390124
v -0.283016 -3.075937 -1.402984
v -0.278531 -3.081249 -1.410986
v -0.273531 -3.088321 -1.415986
v -0.269218 -3.093046 -1.424990
v -0.264218 -3.100117 -1.429990
v -0.259218 -3.107188 -1.434990
v -0.254218 -3.114259 -1.439990
v -0.249905 -3.118985 -1.448993
v -0.244905 -3.126056 -1.453993
v -0.240592 -3.130783 -1.462996
v -0.268423 -3.025760 -1.659353
v -0.609888 -2.525785 -1.307888
v -0.571369 -2.647295 -1.117529
v -0.565683 -2.656711 -1.118526
v -0.559996 -2.666128 -1.119521
v -0.553132 -2.679561 -1.113660
v -0.545435 -2.695840 -1.102941
v -0.539087 -2.707515 -1.100081
v -0.532738 -2.719190 -1.097223
v -0.527738 -2.726261 -1.102223
v -0.521390 -2.737936 -1.099363
v -0.515041 -2.749611 -1.096504
v -0.510041 -2.756682 -1.101504
v -0.503693 -2.768357 -1.098644
v -0.497344 -2.780033 -1.095785
v -0.492344 -2.787104 -1.100785
v -0.487344 -2.794175 -1.105785
v -0.482344 -2.801246 -1.110785
v -0.477344 -2.808317 -1.115785
v -0.470996 -2.819992 -1.112925
v -0.465996 -2.827063 -1.117925
v -0.460996 -2.834134 -1.122925
v -0.455996 -2.841205 -1.127925
v -0.450996 -2.848276 -1.132925
v -0.447344 -2.850743 -1.145785
v -0.442344 -2.857814 -1.150785
v -0.437344 -2.864885 -1.155785
v -0.432344 -2.871956 -1.160785
v -0.427344 -2.879027 -1.165785
v -0.422344 -2.886098 -1.170785
v -0.417344 -2.893169 -1.175785
v -0.412344 -2.900241 -1.180785
v -0.408693 -2.902708 -1.193644
v -0.403693 -2.909779 -1.198644
v -0.398693 -2.916850 -1.203644
v -0.393693 -2.923921 -1.208644
v -0.390041 -2.926388 -1.221504
v -0.385041 -2.933459 -1.226504
v -0.380041 -2.940530 -1.231504
v -0.375041 -2.947601 -1.236504
v -0.370041 -2.954672 -1.241504
v -0.365041 -2.961743 -1.246504
v -0.360041 -2.968814 -1.251504
v -0.355041 -2.975885 -1.256504
v -0.351390 -2.978353 -1.269363
v -0.346390 -2.985424 -1.274363
v -0.341390 -2.992495 -1.279363
v -0.336390 -2.999566 -1.284363
v -0.332738 -3.002033 -1.297223
v -0.327738 -3.009104 -1.302223
v -0.322738 -3.016175 -1.307223
v -0.317738 -3.023246 -1.312223
v -0.314087 -3.025713 -1.325081
v -0.309087 -3.032784 -1.330081
v -0.304087 -3.039855 -1.335081
v -0.300435 -3.042323 -1.347941
v -0.295435 -3.049394 -1.352941
v -0.290435 -3.056465 -1.357941
v -0.285435 -3.063536 -1.362941
v -0.283132 -3.061399 -1.383660
v -0.278132 -3.068470 -1.388660
v -0.274481 -3.070937 -1.401520
v -0.269481 -3.078008 -1.406520
v -0.264996 -3.083321 -1.414522
v -0.259996 -3.090392 -1.419522
v -0.255683 -3.095117 -1.428526
v -0.250683 -3.102188 -1.433526
v -0.245683 -3.109259 -1.438526
v -0.240683 -3.116331 -1.443526
v -0.236369 -3.121057 -1.452529
v -0.232056 -3.125783 -1.461532
v -0.259888 -3.020760 -1.657888
v -0.601352 -2.520785 -1.306424
v -0.562834 -2.642295 -1.116064
v -0.557834 -2.649366 -1.121064
v -0.551460 -2.661128 -1.118057
v -0.544597 -2.674561 -1.112195
v -0.538248 -2.686236 -1.109336
v -0.530551 -2.702515 -1.098617
v -0.525551 -2.709586 -1.103617
v -0.519203 -2.721261 -1.100758
v -0.512854 -2.732936 -1.097899
v -0.506506 -2.744611 -1.095039
v -0.501506 -2.751682 -1.100039
v -0.495157 -2.763357 -1.097180
v -0.490157 -2.770428 -1.102180
v -0.483809 -2.782104 -1.099320
v -0.478809 -2.789175 -1.104320
v -0.473809 -2.796246 -1.109320
v -0.468809 -2.803317 -1.114320
v -0.462460 -2.814992 -1.111461
v -0.457460 -2.822063 -1.116461
v -0.452460 -2.829134 -1.121461
v -0.447460 -2.836205 -1.126461
v -0.442460 -2.843276 -1.131461
v -0.437460 -2.850347 -1.136461
v -0.433809 -2.852814 -1.149320
v -0.428809 -2.859885 -1.154320
v -0.423809 -2.866956 -1.159320
v -0.418809 -2.874027 -1.164320
v -0.413809 -2.881099 -1.169320
v -0.408809 -2.888170 -1.174320
v -0.403809 -2.895241 -1.179320
v -0.398809 -2.902312 -1.184320
v -0.395157 -2.904778 -1.197180
v -0.390157 -2.911850 -1.202180
v -0.385157 -2.918921 -1.207180
v -0.380157 -2.925992 -1.212180
v -0.375157 -2.933063 -1.217180
v -0.370157 -2.940134 -1.222180
v -0.366506 -2.942601 -1.235039
v -0.361506 -2.949672 -1.240039
v -0.356506 -2.956743 -1.245039
v -0.351506 -2.963814 -1.250039
v -0.346506 -2.970885 -1.255039
v -0.341506 -2.977956 -1.260039
v -0.337854 -2.980423 -1.272899
v -0.332854 -2.987495 -1.277899
v -0.327854 -2.994566 -1.282899
v -0.322854 -3.001637 -1.287899
v -0.319203 -3.004104 -1.300758
v -0.314203 -3.011175 -1.305758
v -0.309203 -3.018246 -1.310758
v -0.304203 -3.025317 -1.315758
v -0.299203 -3.032388 -1.320758
v -0.295551 -3.034856 -1.333617
v -0.291900 -3.037323 -1.346476
v -0.286900 -3.044394 -1.351476
v -0.281900 -3.051465 -1.356476
v -0.275551 -3.063140 -1.353617
v -0.273248 -3.061003 -1.374336
v -0.269597 -3.063470 -1.387195
v -0.265945 -3.065937 -1.400055
v -0.260945 -3.073008 -1.405055
v -0.256460 -3.078321 -1.413057
v -0.251460 -3.085392 -1.418057
v -0.247147 -3.090117 -1.427061
v -0.242147 -3.097188 -1.432061
v -0.237147 -3.104259 -1.437061
v -0.232147 -3.111331 -1.442061
v -0.227834 -3.116056 -1.451064
v -0.223521 -3.120783 -1.460067
v -0.251352 -3.015760 -1.656424
v -0.587817 -2.522856 -1.309959
v -0.549298 -2.644366 -1.119600
v -0.543612 -2.653782 -1.120597
v -0.537410 -2.664957 -1.118591
v -0.529713 -2.681236 -1.107872
v -0.523364 -2.692911 -1.105012
v -0.517016 -2.704587 -1.102152
v -0.510667 -2.716261 -1.099294
v -0.504319 -2.727936 -1.096434
v -0.499319 -2.735007 -1.101434
v -0.492970 -2.746682 -1.098575
v -0.486622 -2.758357 -1.095715
v -0.481622 -2.765429 -1.100715
v -0.476622 -2.772500 -1.105715
v -0.470273 -2.784175 -1.102856
v -0.465273 -2.791246 -1.107856
v -0.460273 -2.798317 -1.112856
v -0.455273 -2.805388 -1.117856
v -0.448925 -2.817063 -1.114996
v -0.443925 -2.824134 -1.119996
v -0.438925 -2.831205 -1.124996
v -0.433925 -2.838276 -1.129996
v -0.428925 -2.845347 -1.134996
v -0.423925 -2.852418 -1.139996
v -0.418925 -2.859489 -1.144996
v -0.415273 -2.861956 -1.157856
v -0.410273 -2.869027 -1.162856
v -0.405273 -2.876098 -1.167856
v -0.400273 -2.883169 -1.172856
v -0.395273 -2.890241 -1.177856
v -0.390273 -2.897312 -1.182856
v -0.385273 -2.904383 -1.187856
v -0.381622 -2.906850 -1.200715
v -0.376622 -2.913921 -1.205715
v -0.371622 -2.920992 -1.210715
v -0.366622 -2.928063 -1.215715
v -0.361622 -2.935134 -1.220715
v -0.356622 -2.942205 -1.225715
v -0.352970 -2.944672 -1.238575
v -0.347970 -2.951743 -1.243575
v -0.342970 -2.958814 -1.248575
v -0.337970 -2.965885 -1.253575
v -0.332970 -2.972956 -1.258575
v -0.327970 -2.980027 -1.263575
v -0.322970 -2.987098 -1.268575
v -0.319319 -2.989566 -1.281434
v -0.314319 -2.996637 -1.286434
v -0.309319 -3.003708 -1.291434
v -0.305667 -3.006175 -1.304294
v -0.300667 -3.013246 -1.309294
v -0.295667 -3.020317 -1.314294
v -0.290667 -3.027388 -1.319294
v -0.285667 -3.034459 -1.324294
v -0.282016 -3.036927 -1.337152
v -0.278364 -3.039394 -1.350012
v -0.273364 -3.046465 -1.355012
v -0.267016 -3.058140 -1.352152
v -0.264713 -3.056003 -1.372872
v -0.259713 -3.063074 -1.377872
v -0.256061 -3.065541 -1.390731
v -0.252410 -3.068008 -1.403591
v -0.247410 -3.075079 -1.408591
v -0.242925 -3.080392 -1.416593
v -0.237925 -3.087463 -1.421593
v -0.233612 -3.092188 -1.430597
v -0.228612 -3.099259 -1.435597
v -0.223612 -3.106331 -1.440597
v -0.219298 -3.111057 -1.449600
v -0.214298 -3.118128 -1.454600
v -0.242817 -3.010760 -1.654959
v -0.579281 -2.517856 -1.308495
v -0.541450 -2.637021 -1.122138
v -0.535763 -2.646437 -1.123135
v -0.528874 -2.659957 -1.117126
v -0.521177 -2.676236 -1.106407
v -0.514829 -2.687911 -1.103547
v -0.508480 -2.699586 -1.100688
v -0.503480 -2.706657 -1.105688
v -0.497132 -2.718332 -1.102829
v -0.492132 -2.725403 -1.107829
v -0.485783 -2.737078 -1.104970
v -0.479435 -2.748753 -1.102111
v -0.473086 -2.760428 -1.099251
v -0.468086 -2.767499 -1.104251
v -0.463086 -2.774570 -1.109251
v -0.456738 -2.786246 -1.106391
v -0.451738 -2.793317 -1.111391
v -0.446738 -2.800388 -1.116391
v -0.441738 -2.807459 -1.121391
v -0.435389 -2.819134 -1.118532
v -0.430389 -2.826205 -1.123532
v -0.425389 -2.833276 -1.128532
v -0.420389 -2.840347 -1.133532
v -0.415389 -2.847418 -1.138532
v -0.410389 -2.854489 -1.143532
v -0.406738 -2.856956 -1.156391
v -0.401738 -2.864028 -1.161391
v -0.396738 -2.871099 -1.166391
v -0.391738 -2.878170 -1.171391
v -0.386738 -2.885241 -1.176391
v -0.381738 -2.892312 -1.181391
v -0.376738 -2.899383 -1.186391
v -0.371738 -2.906454 -1.191391
v -0.366738 -2.913525 -1.196391
v -0.363086 -2.915992 -1.209251
v -0.358086 -2.923063 -1.214251
v -0.353086 -2.930134 -1.219251
v -0.348086 -2.937205 -1.224251
v -0.344435 -2.939672 -1.237110
v -0.339435 -2.946743 -1.242110
v -0.334435 -2.953814 -1.247110
v -0.329435 -2.960885 -1.252110
v -0.324435 -2.967956 -1.257110
v -0.319435 -2.975027 -1.262110
v -0.314435 -2.982099 -1.267110
v -0.310783 -2.984566 -1.279970
v -0.305783 -2.991637 -1.284970
v -0.300783 -2.998708 -1.289970
v -0.297132 -3.001175 -1.302830
v -0.292132 -3.008246 -1.307829
v -0.287132 -3.015317 -1.312829
v -0.282132 -3.022388 -1.317829
v -0.277132 -3.029459 -1.322829
v -0.273480 -3.031927 -1.335688
v -0.268480 -3.038998 -1.340688
v -0.263480 -3.046069 -1.345688
v -0.258480 -3.053140 -1.350688
v -0.254829 -3.055607 -1.363547
v -0.251177 -3.058074 -1.376407
v -0.247526 -3.060541 -1.389266
v -0.242526 -3.067612 -1.394267
v -0.238874 -3.070079 -1.407126
v -0.234389 -3.075392 -1.415128
v -0.229389 -3.082463 -1.420128
v -0.225076 -3.087188 -1.429132
v -0.219389 -3.096605 -1.430128
v -0.215076 -3.101331 -1.439132
v -0.210763 -3.106056 -1.448135
v -0.205763 -3.113128 -1.453135
v -0.201450 -3.117854 -1.462139
v -0.229281 -3.012831 -1.658495
v -0.570746 -2.512856 -1.307030
v -0.532914 -2.632021 -1.120674
v -0.527227 -2.641437 -1.121671
v -0.520338 -2.654957 -1.115662
v -0.512641 -2.671236 -1.104943
v -0.506293 -2.682911 -1.102083
v -0.501293 -2.689982 -1.107083
v -0.494944 -2.701658 -1.104224
v -0.488596 -2.713332 -1.101365
v -0.483596 -2.720403 -1.106365
v -0.478596 -2.727474 -1.111365
v -0.470899 -2.743753 -1.100646
v -0.464551 -2.755429 -1.097786
v -0.459551 -2.762500 -1.102786
v -0.454551 -2.769571 -1.107786
v -0.449551 -2.776642 -1.112786
v -0.443202 -2.788317 -1.109927
v -0.438202 -2.795388 -1.114927
v -0.433202 -2.802459 -1.119927
v -0.428202 -2.809530 -1.124927
v -0.421854 -2.821205 -1.122067
v -0.416854 -2.828276 -1.127067
v -0.411854 -2.835347 -1.132067
v -0.406854 -2.842418 -1.137067
v -0.401854 -2.849489 -1.142067
v -0.396854 -2.856560 -1.147067
v -0.391854 -2.863631 -1.152067
v -0.388202 -2.866098 -1.164927
v -0.383202 -2.873169 -1.169927
v -0.378202 -2.880240 -1.174927
v -0.373202 -2.887311 -1.179927
v -0.368202 -2.894382 -1.184927
v -0.363202 -2.901454 -1.189927
v -0.358202 -2.908525 -1.194927
v -0.353202 -2.915596 -1.199927
v -0.349551 -2.918063 -1.212786
v -0.344551 -2.925134 -1.217786
v -0.339551 -2.932205 -1.222786
v -0.334551 -2.939276 -1.227786
v -0.329551 -2.946347 -1.232786
v -0.325899 -2.948814 -1.245646
v -0.320899 -2.955885 -1.250646
v -0.315899 -2.962956 -1.255646
v -0.310899 -2.970027 -1.260646
v -0.305899 -2.977098 -1.265646
v -0.300899 -2.984169 -1.270646
v -0.297248 -2.986637 -1.283505
v -0.292248 -2.993708 -1.288505
v -0.287248 -3.000779 -1.293505
v -0.282248 -3.007850 -1.298505
v -0.277248 -3.014921 -1.303505
v -0.273596 -3.017388 -1.316365
v -0.268596 -3.024459 -1.321365
v -0.263596 -3.031530 -1.326365
v -0.259944 -3.033998 -1.339224
v -0.254944 -3.041069 -1.344224
v -0.249944 -3.048140 -1.349223
v -0.246293 -3.050607 -1.362083
v -0.241293 -3.057678 -1.367083
v -0.237641 -3.060145 -1.379943
v -0.232641 -3.067216 -1.384943
v -0.228990 -3.069683 -1.397802
v -0.225338 -3.072150 -1.410662
v -0.220853 -3.077463 -1.418664
v -0.215853 -3.084534 -1.423664
v -0.210853 -3.091605 -1.428664
v -0.205853 -3.098676 -1.433664
v -0.201540 -3.103401 -1.442668
v -0.197227 -3.108128 -1.451671
v -0.192914 -3.112854 -1.460674
v -0.187914 -3.119925 -1.465674
v -0.215746 -3.014902 -1.662030
v -0.562210 -2.507856 -1.305566
v -0.525065 -2.624676 -1.123213
v -0.552210 -2.521998 -1.315566
v -0.547210 -2.529069 -1.320566
v -0.542210 -2.536140 -1.325566
v -0.537210 -2.543211 -1.330566
v -0.494106 -2.680378 -1.113478
v -0.486409 -2.696657 -1.102759
v -0.481409 -2.703728 -1.107759
v -0.476409 -2.710799 -1.112759
v -0.470061 -2.722474 -1.109900
v -0.462364 -2.738753 -1.099182
v -0.456015 -2.750428 -1.096322
v -0.451015 -2.757499 -1.101322
v -0.446015 -2.764570 -1.106322
v -0.441015 -2.771641 -1.111322
v -0.434667 -2.783317 -1.108462
v -0.429667 -2.790388 -1.113462
v -0.424667 -2.797459 -1.118462
v -0.419667 -2.804530 -1.123462
v -0.413318 -2.816205 -1.120603
v -0.408318 -2.823276 -1.125603
v -0.403318 -2.830347 -1.130603
v -0.398318 -2.837418 -1.135603
v -0.393318 -2.844489 -1.140603
v -0.388318 -2.851560 -1.145603
v -0.383318 -2.858631 -1.150603
v -0.378318 -2.865702 -1.155603
v -0.374667 -2.868169 -1.168462
v -0.369667 -2.875241 -1.173462
v -0.364667 -2.882312 -1.178462
v -0.359667 -2.889383 -1.183462
v -0.354667 -2.896454 -1.188462
v -0.349667 -2.903525 -1.193462
v -0.344667 -2.910596 -1.198462
v -0.339667 -2.917667 -1.203462
v -0.334667 -2.924738 -1.208462
v -0.329667 -2.931809 -1.213462
v -0.326015 -2.934276 -1.226322
v -0.321015 -2.941347 -1.231322
v -0.316015 -2.948418 -1.236322
v -0.311015 -2.955489 -1.241322
v -0.307364 -2.957956 -1.254182
v -0.302364 -2.965027 -1.259181
v -0.297364 -2.972098 -1.264181
v -0.292364 -2.979169 -1.269181
v -0.287364 -2.986240 -1.274181
v -0.283712 -2.988708 -1.287041
v -0.278712 -2.995779 -1.292041
v -0.273712 -3.002850 -1.297041
v -0.268712 -3.009921 -1.302041
v -0.265061 -3.012388 -1.314900
v -0.260061 -3.019459 -1.319901
v -0.255061 -3.026530 -1.324900
v -0.250061 -3.033601 -1.329901
v -0.246409 -3.036069 -1.342759
v -0.241409 -3.043140 -1.347759
v -0.237757 -3.045607 -1.360619
v -0.232757 -3.052678 -1.365619
v -0.229106 -3.055145 -1.378478
v -0.224106 -3.062216 -1.383478
v -0.220454 -3.064683 -1.396338
v -0.216803 -3.067150 -1.409197
v -0.211803 -3.074221 -1.414197
v -0.206803 -3.081292 -1.419197
v -0.202318 -3.086605 -1.427199
v -0.197318 -3.093676 -1.432199
v -0.193005 -3.098402 -1.441203
v -0.188005 -3.105473 -1.446203
v -0.184379 -3.107854 -1.459210
v -0.212210 -3.002831 -1.655566
v -0.553675 -2.502856 -1.304101
v -0.548675 -2.509927 -1.309101
v -0.528675 -2.538211 -1.329101
v -0.485570 -2.675378 -1.112014
v -0.477873 -2.691657 -1.101295
v -0.472873 -2.698729 -1.106295
v -0.467873 -2.705800 -1.111295
v -0.461525 -2.717474 -1.108436
v -0.453828 -2.733753 -1.097717
v -0.447480 -2.745428 -1.094857
v -0.442480 -2.752499 -1.099858
v -0.437480 -2.759570 -1.104857
v -0.432480 -2.766642 -1.109858
v -0.427480 -2.773713 -1.114857
v -0.421131 -2.785388 -1.111998
v -0.416131 -2.792459 -1.116998
v -0.411131 -2.799530 -1.121998
v -0.404783 -2.811205 -1.119138
v -0.399783 -2.818276 -1.124138
v -0.394783 -2.825347 -1.129138
v -0.389783 -2.832418 -1.134138
v -0.384783 -2.839489 -1.139138
v -0.379783 -2.846560 -1.144138
v -0.374783 -2.853631 -1.149138
v -0.369783 -2.860702 -1.154138
v -0.364783 -2.867773 -1.159138
v -0.359783 -2.874845 -1.164138
v -0.356131 -2.877312 -1.176998
v -0.349783 -2.888987 -1.174138
v -0.346131 -2.891454 -1.186998
v -0.341131 -2.898525 -1.191998
v -0.336131 -2.905596 -1.196998
v -0.331131 -2.912667 -1.201998
v -0.326131 -2.919738 -1.206998
v -0.321131 -2.926809 -1.211998
v -0.316131 -2.933880 -1.216998
v -0.312480 -2.936347 -1.229857
v -0.307480 -2.943418 -1.234858
v -0.302480 -2.950489 -1.239857
v -0.297480 -2.957560 -1.244858
v -0.293828 -2.960027 -1.257717
v -0.288828 -2.967098 -1.262717
v -0.283828 -2.974169 -1.267717
v -0.278828 -2.981241 -1.272717
v -0.273828 -2.988312 -1.277717
v -0.268828 -2.995383 -1.282717
v -0.265177 -2.997850 -1.295576
v -0.260177 -3.004921 -1.300576
v -0.255177 -3.011992 -1.305576
v -0.251525 -3.014459 -1.318436
v -0.246525 -3.021530 -1.323436
v -0.241525 -3.028601 -1.328436
v -0.236525 -3.035672 -1.333436
v -0.232873 -3.038140 -1.346295
v -0.227873 -3.045211 -1.351295
v -0.224222 -3.047678 -1.364154
v -0.219222 -3.054749 -1.369154
v -0.214222 -3.061820 -1.374154
v -0.211919 -3.059683 -1.394873
v -0.206919 -3.066754 -1.399873
v -0.203267 -3.069221 -1.412733
v -0.198267 -3.076292 -1.417733
v -0.193267 -3.083363 -1.422733
v -0.188267 -3.090435 -1.427733
v -0.184469 -3.093402 -1.439739
v -0.179469 -3.100473 -1.444739
v -0.175843 -3.102854 -1.457745
v -0.203675 -2.997831 -1.654101
v -0.525139 -2.526140 -1.322637
v -0.483383 -2.658703 -1.113409
v -0.477035 -2.670378 -1.110549
v -0.470686 -2.682053 -1.107690
v -0.464338 -2.693729 -1.104830
v -0.459338 -2.700800 -1.109830
v -0.452990 -2.712474 -1.106972
v -0.445293 -2.728753 -1.096253
v -0.440293 -2.735824 -1.101253
v -0.433944 -2.747499 -1.098393
v -0.428944 -2.754570 -1.103393
v -0.423944 -2.761642 -1.108393
v -0.418944 -2.768713 -1.113393
v -0.412596 -2.780388 -1.110533
v -0.407596 -2.787459 -1.115533
v -0.402596 -2.794530 -1.120533
v -0.396247 -2.806205 -1.117674
v -0.391247 -2.813276 -1.122674
v -0.386247 -2.820347 -1.127674
v -0.381247 -2.827418 -1.132674
v -0.376247 -2.834489 -1.137674
v -0.371247 -2.841560 -1.142674
v -0.366247 -2.848631 -1.147674
v -0.361247 -2.855702 -1.152674
v -0.356247 -2.862773 -1.157674
v -0.351247 -2.869844 -1.162674
v -0.346247 -2.876915 -1.167674
v -0.341247 -2.883986 -1.172674
v -0.336247 -2.891057 -1.177674
v -0.331247 -2.898129 -1.182674
v -0.327596 -2.900596 -1.195533
v -0.322596 -2.907667 -1.200533
v -0.317596 -2.914738 -1.205534
v -0.312596 -2.921809 -1.210533
v -0.307596 -2.928880 -1.215533
v -0.302596 -2.935951 -1.220533
v -0.297596 -2.943022 -1.225533
v -0.293944 -2.945489 -1.238393
v -0.288944 -2.952560 -1.243393
v -0.283944 -2.959631 -1.248393
v -0.278944 -2.966703 -1.253393
v -0.275293 -2.969170 -1.266253
v -0.270293 -2.976241 -1.271253
v -0.265293 -2.983312 -1.276253
v -0.260293 -2.990383 -1.281253
v -0.255293 -2.997454 -1.286252
v -0.250293 -3.004525 -1.291252
v -0.246641 -3.006992 -1.304112
v -0.241641 -3.014063 -1.309112
v -0.237990 -3.016530 -1.321971
v -0.232990 -3.023601 -1.326972
v -0.227990 -3.030672 -1.331971
v -0.222990 -3.037743 -1.336972
v -0.219338 -3.040211 -1.349830
v -0.215686 -3.042678 -1.362690
v -0.210686 -3.049749 -1.367690
v -0.205686 -3.056820 -1.372690
v -0.202035 -3.059287 -1.385549
v -0.198383 -3.061754 -1.398409
v -0.193383 -3.068825 -1.403409
v -0.188383 -3.075897 -1.408409
v -0.184732 -3.078363 -1.421268
v -0.179732 -3.085434 -1.426268
v -0.175247 -3.090747 -1.434270
v -0.170247 -3.097818 -1.439270
v -0.166621 -3.100199 -1.452277
v -0.161621 -3.107270 -1.457277
v -0.190139 -2.999902 -1.657637
v -0.521604 -2.514069 -1.316172
v -0.516604 -2.521140 -1.321172
v -0.474848 -2.653703 -1.111944
v -0.469848 -2.660774 -1.116944
v -0.463499 -2.672450 -1.114085
v -0.457151 -2.684124 -1.111225
v -0.450802 -2.695800 -1.108366
v -0.444454 -2.707474 -1.105507
v -0.436757 -2.723753 -1.094788
v -0.431757 -2.730824 -1.099788
v -0.426757 -2.737895 -1.104788
v -0.420409 -2.749571 -1.101928
v -0.415409 -2.756642 -1.106929
v -0.410409 -2.763713 -1.111928
v -0.404060 -2.775388 -1.109069
v -0.399060 -2.782459 -1.114069
v -0.394060 -2.789530 -1.119069
v -0.389060 -2.796601 -1.124069
v -0.382712 -2.808276 -1.121209
v -0.377712 -2.815347 -1.126209
v -0.372712 -2.822418 -1.131209
v -0.367712 -2.829489 -1.136209
v -0.362712 -2.836560 -1.141209
v -0.357712 -2.843631 -1.146209
v -0.352712 -2.850702 -1.151209
v -0.347712 -2.857773 -1.156209
v -0.342712 -2.864844 -1.161209
v -0.337712 -2.871915 -1.166209
v -0.332712 -2.878986 -1.171209
v -0.327712 -2.886058 -1.176209
v -0.322712 -2.893129 -1.181209
v -0.317712 -2.900200 -1.186209
v -0.312712 -2.907271 -1.191209
v -0.309060 -2.909738 -1.204069
v -0.304060 -2.916809 -1.209069
v -0.299060 -2.923880 -1.214069
v -0.294060 -2.930951 -1.219069
v -0.289060 -2.938022 -1.224069
v -0.284060 -2.945093 -1.229069
v -0.279060 -2.952165 -1.234069
v -0.275409 -2.954632 -1.246928
v -0.270409 -2.961703 -1.251929
v -0.265409 -2.968774 -1.256928
v -0.260409 -2.975845 -1.261929
v -0.256757 -2.978312 -1.274788
v -0.251757 -2.985383 -1.279788
v -0.246757 -2.992454 -1.284788
v -0.241757 -2.999525 -1.289788
v -0.238106 -3.001992 -1.302647
v -0.233106 -3.009063 -1.307647
v -0.228106 -3.016134 -1.312647
v -0.224454 -3.018601 -1.325507
v -0.219454 -3.025672 -1.330507
v -0.214454 -3.032743 -1.335507
v -0.210802 -3.035211 -1.348366
v -0.205802 -3.042282 -1.353366
v -0.200802 -3.049353 -1.358366
v -0.197151 -3.051820 -1.371225
v -0.193499 -3.054287 -1.384085
v -0.189848 -3.056754 -1.396944
v -0.184848 -3.063825 -1.401944
v -0.179848 -3.070896 -1.406944
v -0.174848 -3.077967 -1.411944
v -0.171196 -3.080434 -1.424804
v -0.166711 -3.085747 -1.432806
v -0.161196 -3.094577 -1.434804
v -0.157398 -3.097544 -1.446810
v -0.152398 -3.104615 -1.451810
v -0.181604 -2.994902 -1.656173
v -0.513068 -2.509069 -1.314708
v -0.473863 -2.632924 -1.120345
v -0.467661 -2.644099 -1.118339
v -0.461312 -2.655774 -1.115480
v -0.454964 -2.667449 -1.112620
v -0.448615 -2.679124 -1.109761
v -0.442267 -2.690799 -1.106901
v -0.435919 -2.702474 -1.104043
v -0.429570 -2.714149 -1.101183
v -0.424570 -2.721220 -1.106183
v -0.418222 -2.732895 -1.103324
v -0.411873 -2.744570 -1.100464
v -0.406873 -2.751642 -1.105464
v -0.401873 -2.758713 -1.110464
v -0.395525 -2.770388 -1.107605
v -0.390525 -2.777459 -1.112605
v -0.385525 -2.784530 -1.117604
v -0.380525 -2.791601 -1.122605
v -0.374176 -2.803276 -1.119745
v -0.369176 -2.810347 -1.124745
v -0.364176 -2.817418 -1.129745
v -0.359176 -2.824489 -1.134745
v -0.354176 -2.831560 -1.139745
v -0.349176 -2.838631 -1.144745
v -0.344176 -2.845702 -1.149745
v -0.339176 -2.852773 -1.154745
v -0.334176 -2.859844 -1.159745
v -0.329176 -2.866915 -1.164745
v -0.324176 -2.873986 -1.169745
v -0.319176 -2.881058 -1.174745
v -0.314176 -2.888129 -1.179745
v -0.309176 -2.895200 -1.184745
v -0.304176 -2.902271 -1.189745
v -0.299176 -2.909342 -1.194745
v -0.295525 -2.911809 -1.207605
v -0.290525 -2.918880 -1.212605
v -0.285525 -2.925951 -1.217605
v -0.280525 -2.933022 -1.222605
v -0.275525 -2.940094 -1.227605
v -0.270525 -2.947165 -1.232605
v -0.266873 -2.949631 -1.245464
v -0.261873 -2.956702 -1.250464
v -0.256873 -2.963773 -1.255464
v -0.251873 -2.970845 -1.260464
v -0.246873 -2.977916 -1.265464
v -0.243222 -2.980383 -1.278324
v -0.238222 -2.987454 -1.283324
v -0.233222 -2.994525 -1.288324
v -0.228222 -3.001596 -1.293324
v -0.224570 -3.004063 -1.306183
v -0.219570 -3.011134 -1.311183
v -0.214570 -3.018205 -1.316183
v -0.210919 -3.020672 -1.329043
v -0.205919 -3.027743 -1.334043
v -0.202267 -3.030211 -1.346901
v -0.197267 -3.037282 -1.351901
v -0.192267 -3.044353 -1.356901
v -0.188615 -3.046820 -1.369761
v -0.183615 -3.053891 -1.374761
v -0.179964 -3.056358 -1.387620
v -0.176312 -3.058825 -1.400480
v -0.171312 -3.065896 -1.405480
v -0.166312 -3.072967 -1.410480
v -0.162661 -3.075434 -1.423339
v -0.157661 -3.082505 -1.428339
v -0.152661 -3.089577 -1.433339
v -0.148863 -3.092544 -1.445345
v -0.143863 -3.099615 -1.450345
v -0.173068 -2.989902 -1.654708
v -0.504533 -2.504069 -1.313244
v -0.466014 -2.625579 -1.122884
v -0.459640 -2.637341 -1.119877
v -0.454125 -2.646170 -1.121875
v -0.447777 -2.657845 -1.119015
v -0.441428 -2.669521 -1.116156
v -0.435080 -2.681195 -1.113296
v -0.428731 -2.692871 -1.110437
v -0.422383 -2.704545 -1.107578
v -0.416034 -2.716220 -1.104719
v -0.409686 -2.727895 -1.101859
v -0.404686 -2.734966 -1.106859
v -0.398337 -2.746642 -1.104000
v -0.393337 -2.753713 -1.108999
v -0.388337 -2.760784 -1.114000
v -0.381989 -2.772459 -1.111140
v -0.376989 -2.779530 -1.116140
v -0.371989 -2.786601 -1.121140
v -0.366989 -2.793672 -1.126140
v -0.360641 -2.805347 -1.123281
v -0.355641 -2.812418 -1.128281
v -0.350641 -2.819489 -1.133281
v -0.345641 -2.826560 -1.138281
v -0.340641 -2.833631 -1.143281
v -0.335641 -2.840702 -1.148281
v -0.330641 -2.847773 -1.153280
v -0.325641 -2.854845 -1.158281
v -0.320641 -2.861916 -1.163280
v -0.315641 -2.868987 -1.168281
v -0.310641 -2.876058 -1.173280
v -0.305641 -2.883129 -1.178281
v -0.300641 -2.890200 -1.183280
v -0.295641 -2.897271 -1.188281
v -0.290640 -2.904342 -1.193281
v -0.286989 -2.906809 -1.206140
v -0.281989 -2.913880 -1.211140
v -0.276989 -2.920951 -1.216140
v -0.271989 -2.928022 -1.221140
v -0.266989 -2.935093 -1.226140
v -0.261989 -2.942164 -1.231140
v -0.256989 -2.949235 -1.236140
v -0.253337 -2.951703 -1.249000
v -0.248337 -2.958774 -1.253999
v -0.243337 -2.965845 -1.259000
v -0.238337 -2.972916 -1.263999
v -0.233337 -2.979987 -1.269000
v -0.229686 -2.982454 -1.281859
v -0.224686 -2.989525 -1.286859
v -0.219686 -2.996596 -1.291859
v -0.214686 -3.003667 -1.296859
v -0.211034 -3.006134 -1.309718
v -0.206034 -3.013205 -1.314719
v -0.201034 -3.020276 -1.319718
v -0.197383 -3.022743 -1.332578
v -0.193731 -3.025211 -1.345437
v -0.188731 -3.032282 -1.350437
v -0.183731 -3.039353 -1.355437
v -0.178731 -3.046424 -1.360437
v -0.175080 -3.048891 -1.373296
v -0.171428 -3.051358 -1.386156
v -0.166428 -3.058429 -1.391156
v -0.162777 -3.060896 -1.404015
v -0.157777 -3.067967 -1.409015
v -0.152777 -3.075039 -1.414015
v -0.149125 -3.077506 -1.426875
v -0.144125 -3.084577 -1.431875
v -0.139640 -3.089889 -1.439877
v -0.135327 -3.094615 -1.448881
v -0.130327 -3.101686 -1.453881
v -0.159532 -2.991973 -1.658244
v -0.495997 -2.499069 -1.311779
v -0.458165 -2.618234 -1.125423
v -0.451792 -2.629995 -1.122416
v -0.445590 -2.641170 -1.120410
v -0.439241 -2.652845 -1.117551
v -0.432893 -2.664521 -1.114691
v -0.426544 -2.676196 -1.111832
v -0.420196 -2.687871 -1.108972
v -0.413847 -2.699545 -1.106114
v -0.408847 -2.706616 -1.111114
v -0.402499 -2.718292 -1.108254
v -0.396150 -2.729966 -1.105395
v -0.389802 -2.741642 -1.102535
v -0.384802 -2.748713 -1.107535
v -0.379802 -2.755784 -1.112535
v -0.374802 -2.762855 -1.117535
v -0.368453 -2.774530 -1.114676
v -0.363453 -2.781601 -1.119676
v -0.358453 -2.788672 -1.124676
v -0.352105 -2.800347 -1.121816
v -0.347105 -2.807418 -1.126816
v -0.342105 -2.814489 -1.131816
v -0.337105 -2.821560 -1.136816
v -0.332105 -2.828631 -1.141816
v -0.327105 -2.835702 -1.146816
v -0.322105 -2.842773 -1.151816
v -0.317105 -2.849844 -1.156816
v -0.312105 -2.856915 -1.161816
v -0.307105 -2.863986 -1.166816
v -0.302105 -2.871058 -1.171816
v -0.297105 -2.878129 -1.176816
v -0.292105 -2.885200 -1.181816
v -0.287105 -2.892271 -1.186816
v -0.282105 -2.899342 -1.191816
v -0.277105 -2.906413 -1.196816
v -0.272105 -2.913484 -1.201816
v -0.268453 -2.915951 -1.214676
v -0.263453 -2.923022 -1.219676
v -0.258453 -2.930093 -1.224676
v -0.253453 -2.937165 -1.229676
v -0.248453 -2.944236 -1.234676
v -0.243453 -2.951307 -1.239676
v -0.239802 -2.953774 -1.252535
v -0.234802 -2.960845 -1.257535
v -0.229802 -2.967916 -1.262535
v -0.224802 -2.974987 -1.267535
v -0.221150 -2.977454 -1.280395
v -0.216150 -2.984525 -1.285395
v -0.211150 -2.991596 -1.290395
v -0.206150 -2.998667 -1.295395
v -0.201150 -3.005738 -1.300395
v -0.197499 -3.008205 -1.313254
v -0.193847 -3.010672 -1.326114
v -0.188847 -3.017743 -1.331114
v -0.185196 -3.020211 -1.343972
v -0.180196 -3.027282 -1.348972
v -0.175196 -3.034353 -1.353972
v -0.170196 -3.041424 -1.358972
v -0.166544 -3.043891 -1.371832
v -0.162893 -3.046358 -1.384691
v -0.157893 -3.053430 -1.389691
v -0.154241 -3.055897 -1.402551
v -0.149241 -3.062968 -1.407551
v -0.144241 -3.070039 -1.412551
v -0.140590 -3.072505 -1.425411
v -0.135590 -3.079576 -1.430411
v -0.131105 -3.084889 -1.438412
v -0.126792 -3.089615 -1.447416
v -0.121792 -3.096686 -1.452416
v -0.117479 -3.101412 -1.461420
v -0.131024 -3.045166 -1.574509
v -0.487461 -2.494069 -1.310315
v -0.449630 -2.613234 -1.123958
v -0.443943 -2.622650 -1.124955
v -0.437569 -2.634412 -1.121948
v -0.432054 -2.643241 -1.123946
v -0.425706 -2.654917 -1.121086
v -0.419357 -2.666592 -1.118227
v -0.411660 -2.682871 -1.107508
v -0.405312 -2.694545 -1.104649
v -0.400312 -2.701617 -1.109649
v -0.393963 -2.713292 -1.106790
v -0.387615 -2.724967 -1.103930
v -0.382615 -2.732038 -1.108930
v -0.376266 -2.743713 -1.106071
v -0.371266 -2.750784 -1.111071
v -0.366266 -2.757855 -1.116071
v -0.359918 -2.769530 -1.113211
v -0.354918 -2.776601 -1.118211
v -0.349918 -2.783672 -1.123211
v -0.344918 -2.790743 -1.128211
v -0.338570 -2.802418 -1.125352
v -0.333570 -2.809489 -1.130352
v -0.328570 -2.816560 -1.135352
v -0.323570 -2.823631 -1.140352
v -0.318570 -2.830702 -1.145352
v -0.313570 -2.837773 -1.150352
v -0.308570 -2.844844 -1.155352
v -0.303570 -2.851915 -1.160352
v -0.298570 -2.858986 -1.165352
v -0.293570 -2.866058 -1.170352
v -0.288570 -2.873129 -1.175352
v -0.283570 -2.880200 -1.180351
v -0.278570 -2.887271 -1.185352
v -0.273569 -2.894342 -1.190352
v -0.268569 -2.901413 -1.195352
v -0.263569 -2.908484 -1.200352
v -0.259918 -2.910951 -1.213211
v -0.254918 -2.918022 -1.218211
v -0.249918 -2.925093 -1.223211
v -0.244918 -2.932165 -1.228211
v -0.239918 -2.939236 -1.233211
v -0.234918 -2.946307 -1.238211
v -0.231266 -2.948774 -1.251071
v -0.226266 -2.955845 -1.256071
v -0.221266 -2.962916 -1.261071
v -0.216266 -2.969987 -1.266071
v -0.212615 -2.972454 -1.278930
v -0.207615 -2.979525 -1.283930
v -0.202615 -2.986596 -1.288930
v -0.197615 -2.993667 -1.293930
v -0.192615 -3.000738 -1.298930
v -0.188963 -3.003205 -1.311790
v -0.185312 -3.005672 -1.324649
v -0.180312 -3.012743 -1.329649
v -0.175312 -3.019814 -1.334649
v -0.171660 -3.022282 -1.347508
v -0.166660 -3.029353 -1.352508
v -0.161660 -3.036424 -1.357508
v -0.158009 -3.038891 -1.370367
v -0.153009 -3.045962 -1.375367
v -0.149357 -3.048429 -1.388227
v -0.144357 -3.055501 -1.393227
v -0.140706 -3.057967 -1.406086
v -0.135706 -3.065038 -1.411086
v -0.130706 -3.072109 -1.416086
v -0.127054 -3.074577 -1.428946
v -0.122569 -3.079889 -1.436948
v -0.117569 -3.086960 -1.441948
v -0.113256 -3.091686 -1.450952
v -0.108943 -3.096412 -1.459955
v -0.122488 -3.040166 -1.573045
v -0.473926 -2.496140 -1.313850
v -0.434721 -2.619995 -1.119487
v -0.429034 -2.629412 -1.120483
v -0.424034 -2.636483 -1.125483
v -0.417170 -2.649916 -1.119622
v -0.410822 -2.661592 -1.116762
v -0.403125 -2.677871 -1.106043
v -0.398125 -2.684942 -1.111043
v -0.391776 -2.696616 -1.108185
v -0.385428 -2.708292 -1.105325
v -0.380428 -2.715363 -1.110325
v -0.374079 -2.727037 -1.107466
v -0.369079 -2.734108 -1.112466
v -0.362731 -2.745784 -1.109606
v -0.357731 -2.752855 -1.114606
v -0.352731 -2.759926 -1.119606
v -0.346382 -2.771601 -1.116747
v -0.341382 -2.778672 -1.121747
v -0.336382 -2.785743 -1.126747
v -0.330034 -2.797418 -1.123887
v -0.325034 -2.804489 -1.128887
v -0.320034 -2.811560 -1.133887
v -0.315034 -2.818631 -1.138887
v -0.310034 -2.825702 -1.143887
v -0.305034 -2.832773 -1.148887
v -0.300034 -2.839844 -1.153887
v -0.295034 -2.846915 -1.158887
v -0.290034 -2.853987 -1.163887
v -0.285034 -2.861058 -1.168887
v -0.280034 -2.868129 -1.173887
v -0.275034 -2.875200 -1.178887
v -0.270034 -2.882271 -1.183887
v -0.265034 -2.889342 -1.188887
v -0.260034 -2.896413 -1.193887
v -0.255034 -2.903484 -1.198887
v -0.251382 -2.905951 -1.211747
v -0.246382 -2.913023 -1.216747
v -0.241382 -2.920094 -1.221747
v -0.236382 -2.927165 -1.226747
v -0.231382 -2.934236 -1.231747
v -0.226382 -2.941307 -1.236747
v -0.222731 -2.943774 -1.249606
v -0.217731 -2.950845 -1.254606
v -0.212731 -2.957916 -1.259606
v -0.207731 -2.964987 -1.264606
v -0.202731 -2.972058 -1.269606
v -0.199079 -2.974525 -1.282466
v -0.194079 -2.981596 -1.287466
v -0.189079 -2.988667 -1.292466
v -0.184079 -2.995738 -1.297466
v -0.180428 -2.998205 -1.310325
v -0.175428 -3.005276 -1.315325
v -0.171776 -3.007743 -1.328185
v -0.166776 -3.014814 -1.333185
v -0.161776 -3.021885 -1.338185
v -0.158125 -3.024353 -1.351043
v -0.153125 -3.031424 -1.356043
v -0.148125 -3.038495 -1.361043
v -0.144473 -3.040962 -1.373903
v -0.139473 -3.048033 -1.378903
v -0.135822 -3.050500 -1.391762
v -0.130822 -3.057571 -1.396762
v -0.125822 -3.064643 -1.401762
v -0.122170 -3.067110 -1.414622
v -0.118519 -3.069577 -1.427482
v -0.113519 -3.076648 -1.432482
v -0.109034 -3.081960 -1.440483
v -0.104721 -3.086686 -1.449487
v -0.099721 -3.093757 -1.454487
v -0.128926 -2.984044 -1.658850
v -0.465390 -2.491140 -1.312386
v -0.426872 -2.612650 -1.122026
v -0.421185 -2.622066 -1.123023
v -0.415498 -2.631483 -1.124019
v -0.409983 -2.640312 -1.126017
v -0.402286 -2.656592 -1.115298
v -0.395938 -2.668267 -1.112438
v -0.389589 -2.679942 -1.109579
v -0.384589 -2.687013 -1.114579
v -0.378241 -2.698687 -1.111720
v -0.371892 -2.710362 -1.108861
v -0.365544 -2.722038 -1.106001
v -0.360544 -2.729109 -1.111001
v -0.355544 -2.736180 -1.116001
v -0.349195 -2.747855 -1.113142
v -0.344195 -2.754926 -1.118142
v -0.337847 -2.766601 -1.115282
v -0.332847 -2.773672 -1.120282
v -0.327847 -2.780743 -1.125282
v -0.321499 -2.792418 -1.122423
v -0.316499 -2.799489 -1.127423
v -0.311499 -2.806560 -1.132423
v -0.306499 -2.813631 -1.137423
v -0.301499 -2.820702 -1.142423
v -0.296499 -2.827773 -1.147423
v -0.291499 -2.834845 -1.152423
v -0.286499 -2.841916 -1.157423
v -0.281499 -2.848987 -1.162423
v -0.276499 -2.856058 -1.167423
v -0.271499 -2.863129 -1.172423
v -0.266499 -2.870200 -1.177423
v -0.261499 -2.877271 -1.182423
v -0.256498 -2.884342 -1.187423
v -0.251498 -2.891413 -1.192423
v -0.246498 -2.898484 -1.197423
v -0.242847 -2.900951 -1.210282
v -0.237847 -2.908022 -1.215282
v -0.232847 -2.915093 -1.220282
v -0.227847 -2.922164 -1.225282
v -0.222847 -2.929235 -1.230282
v -0.217847 -2.936307 -1.235282
v -0.214195 -2.938774 -1.248142
v -0.209195 -2.945845 -1.253142
v -0.204195 -2.952916 -1.258142
v -0.199195 -2.959987 -1.263142
v -0.194195 -2.967058 -1.268142
v -0.189195 -2.974129 -1.273142
v -0.185544 -2.976596 -1.286001
v -0.180544 -2.983667 -1.291001
v -0.175544 -2.990738 -1.296001
v -0.171892 -2.993205 -1.308861
v -0.166892 -3.000276 -1.313861
v -0.163241 -3.002743 -1.326720
v -0.158241 -3.009814 -1.331720
v -0.153241 -3.016886 -1.336720
v -0.148241 -3.023957 -1.341720
v -0.144589 -3.026424 -1.354579
v -0.139589 -3.033495 -1.359579
v -0.135938 -3.035962 -1.372438
v -0.130938 -3.043033 -1.377438
v -0.127286 -3.045501 -1.390298
v -0.122286 -3.052572 -1.395298
v -0.117286 -3.059643 -1.400298
v -0.113635 -3.062110 -1.413157
v -0.108635 -3.069181 -1.418157
v -0.104983 -3.071648 -1.431017
v -0.100498 -3.076960 -1.439019
v -0.096185 -3.081686 -1.448023
v -0.091185 -3.088757 -1.453023
v -0.120390 -2.979044 -1.657386
v -0.456855 -2.486140 -1.310921
v -0.418336 -2.607650 -1.120562
v -0.412650 -2.617066 -1.121559
v -0.407650 -2.624137 -1.126558
v -0.401448 -2.635313 -1.124553
v -0.393751 -2.651592 -1.113833
v -0.387402 -2.663267 -1.110974
v -0.382402 -2.670338 -1.115974
v -0.376054 -2.682013 -1.113114
v -0.369705 -2.693687 -1.110256
v -0.363357 -2.705363 -1.107396
v -0.358357 -2.712434 -1.112396
v -0.352008 -2.724109 -1.109537
v -0.347008 -2.731180 -1.114537
v -0.340660 -2.742855 -1.111677
v -0.335660 -2.749926 -1.116677
v -0.329311 -2.761601 -1.113818
v -0.324311 -2.768672 -1.118818
v -0.319311 -2.775743 -1.123818
v -0.314311 -2.782814 -1.128818
v -0.307963 -2.794489 -1.125958
v -0.302963 -2.801560 -1.130958
v -0.297963 -2.808631 -1.135958
v -0.292963 -2.815702 -1.140958
v -0.287963 -2.822773 -1.145958
v -0.282963 -2.829844 -1.150958
v -0.277963 -2.836915 -1.155958
v -0.272963 -2.843987 -1.160958
v -0.267963 -2.851058 -1.165958
v -0.262963 -2.858129 -1.170958
v -0.257963 -2.865200 -1.175958
v -0.252963 -2.872271 -1.180958
v -0.247963 -2.879342 -1.185958
v -0.242963 -2.886413 -1.190958
v -0.237963 -2.893484 -1.195958
v -0.232963 -2.900555 -1.200958
v -0.229311 -2.903022 -1.213818
v -0.224311 -2.910093 -1.218818
v -0.219311 -2.917165 -1.223818
v -0.214311 -2.924236 -1.228818
v -0.209311 -2.931307 -1.233818
v -0.204311 -2.938378 -1.238818
v -0.200660 -2.940845 -1.251677
v -0.195660 -2.947916 -1.256677
v -0.190660 -2.954987 -1.261677
v -0.185660 -2.962058 -1.266677
v -0.180660 -2.969129 -1.271677
v -0.175660 -2.976200 -1.276677
v -0.172008 -2.978667 -1.289537
v -0.167008 -2.985738 -1.294537
v -0.163357 -2.988205 -1.307396
v -0.158357 -2.995276 -1.312396
v -0.154705 -2.997743 -1.325256
v -0.149705 -3.004814 -1.330256
v -0.144705 -3.011885 -1.335256
v -0.139705 -3.018956 -1.340256
v -0.136054 -3.021424 -1.353114
v -0.131054 -3.028495 -1.358115
v -0.127402 -3.030962 -1.370974
v -0.122402 -3.038033 -1.375974
v -0.118751 -3.040501 -1.388834
v -0.113751 -3.047572 -1.393834
v -0.108751 -3.054643 -1.398834
v -0.103751 -3.061714 -1.403834
v -0.100099 -3.064181 -1.416693
v -0.096448 -3.066648 -1.429553
v -0.091963 -3.071960 -1.437554
v -0.087650 -3.076686 -1.446559
v -0.082650 -3.083757 -1.451558
v -0.077650 -3.090828 -1.456559
v -0.091195 -3.034582 -1.569648
v -0.448319 -2.481140 -1.309457
v -0.410488 -2.600306 -1.123100
v -0.404801 -2.609721 -1.124097
v -0.399114 -2.619138 -1.125094
v -0.393427 -2.628554 -1.126090
v -0.386564 -2.641988 -1.120229
v -0.380215 -2.653663 -1.117369
v -0.373867 -2.665338 -1.114510
v -0.367518 -2.677013 -1.111650
v -0.361170 -2.688688 -1.108791
v -0.356170 -2.695759 -1.113791
v -0.349821 -2.707434 -1.110932
v -0.343473 -2.719109 -1.108072
v -0.338473 -2.726180 -1.113072
v -0.332124 -2.737855 -1.110213
v -0.327124 -2.744926 -1.115213
v -0.322124 -2.751997 -1.120213
v -0.315776 -2.763672 -1.117353
v -0.310776 -2.770743 -1.122353
v -0.305776 -2.777814 -1.127353
v -0.300776 -2.784885 -1.132353
v -0.294427 -2.796560 -1.129494
v -0.289427 -2.803631 -1.134494
v -0.284427 -2.810702 -1.139494
v -0.279427 -2.817773 -1.144494
v -0.274427 -2.824844 -1.149494
v -0.269427 -2.831915 -1.154494
v -0.264427 -2.838986 -1.159494
v -0.259427 -2.846058 -1.164494
v -0.254427 -2.853129 -1.169494
v -0.249427 -2.860200 -1.174494
v -0.244427 -2.867271 -1.179494
v -0.239427 -2.874342 -1.184494
v -0.234427 -2.881413 -1.189494
v -0.229427 -2.888484 -1.194494
v -0.224427 -2.895555 -1.199494
v -0.219427 -2.902626 -1.204494
v -0.215776 -2.905093 -1.217353
v -0.210776 -2.912165 -1.222353
v -0.205776 -2.919236 -1.227353
v -0.200776 -2.926307 -1.232353
v -0.195776 -2.933378 -1.237353
v -0.190776 -2.940449 -1.242353
v -0.185776 -2.947520 -1.247353
v -0.182124 -2.949987 -1.260213
v -0.177124 -2.957058 -1.265213
v -0.172124 -2.964129 -1.270213
v -0.167124 -2.971200 -1.275213
v -0.163473 -2.973667 -1.288072
v -0.158473 -2.980738 -1.293072
v -0.154821 -2.983205 -1.305932
v -0.149821 -2.990276 -1.310932
v -0.144821 -2.997347 -1.315932
v -0.139821 -3.004418 -1.320932
v -0.136170 -3.006885 -1.333791
v -0.131170 -3.013956 -1.338791
v -0.126170 -3.021027 -1.343791
v -0.122518 -3.023495 -1.356650
v -0.118867 -3.025962 -1.369510
v -0.113867 -3.033033 -1.374510
v -0.108867 -3.040104 -1.379510
v -0.103867 -3.047175 -1.384510
v -0.100215 -3.049643 -1.397369
v -0.095215 -3.056714 -1.402369
v -0.091564 -3.059181 -1.415229
v -0.087912 -3.061648 -1.428088
v -0.083427 -3.066960 -1.436090
v -0.079114 -3.071686 -1.445094
v -0.074114 -3.078757 -1.450094
v -0.069114 -3.085828 -1.455094
v -0.098319 -2.976115 -1.659457
v -0.439784 -2.476140 -1.307992
v -0.402639 -2.592960 -1.125639
v -0.396952 -2.602376 -1.126636
v -0.390579 -2.614137 -1.123630
v -0.384892 -2.623554 -1.124626
v -0.378028 -2.636987 -1.118764
v -0.371680 -2.648663 -1.115905
v -0.365331 -2.660338 -1.113045
v -0.358982 -2.672013 -1.110186
v -0.352634 -2.683687 -1.107327
v -0.347634 -2.690758 -1.112327
v -0.341286 -2.702434 -1.109467
v -0.334937 -2.714108 -1.106608
v -0.329937 -2.721179 -1.111608
v -0.324937 -2.728251 -1.116608
v -0.318589 -2.739926 -1.113748
v -0.313589 -2.746997 -1.118748
v -0.307240 -2.758672 -1.115889
v -0.302240 -2.765743 -1.120889
v -0.297240 -2.772814 -1.125889
v -0.292240 -2.779885 -1.130889
v -0.285892 -2.791560 -1.128029
v -0.280892 -2.798631 -1.133029
v -0.275892 -2.805702 -1.138029
v -0.270892 -2.812773 -1.143029
v -0.265892 -2.819844 -1.148029
v -0.260892 -2.826916 -1.153029
v -0.254543 -2.838590 -1.150171
v -0.249543 -2.845661 -1.155171
v -0.245892 -2.848129 -1.168029
v -0.240892 -2.855200 -1.173029
v -0.235892 -2.862271 -1.178029
v -0.230892 -2.869342 -1.183029
v -0.225892 -2.876413 -1.188029
v -0.220892 -2.883484 -1.193029
v -0.215892 -2.890555 -1.198029
v -0.210892 -2.897626 -1.203029
v -0.207240 -2.900093 -1.215889
v -0.202240 -2.907165 -1.220889
v -0.197240 -2.914236 -1.225889
v -0.192240 -2.921307 -1.230889
v -0.187240 -2.928378 -1.235889
v -0.182240 -2.935449 -1.240889
v -0.177240 -2.942520 -1.245889
v -0.173589 -2.944987 -1.258748
v -0.168589 -2.952058 -1.263748
v -0.163589 -2.959129 -1.268748
v -0.158589 -2.966200 -1.273748
v -0.154937 -2.968667 -1.286608
v -0.149937 -2.975738 -1.291608
v -0.146286 -2.978205 -1.304467
v -0.141286 -2.985276 -1.309467
v -0.136286 -2.992347 -1.314467
v -0.131286 -2.999418 -1.319467
v -0.127634 -3.001885 -1.332327
v -0.122634 -3.008956 -1.337327
v -0.117634 -3.016027 -1.342327
v -0.112634 -3.023099 -1.347327
v -0.108982 -3.025566 -1.360186
v -0.105331 -3.028033 -1.373045
v -0.100331 -3.035104 -1.378045
v -0.095331 -3.042175 -1.383045
v -0.091679 -3.044643 -1.395905
v -0.086679 -3.051714 -1.400905
v -0.083028 -3.054181 -1.413764
v -0.078028 -3.061252 -1.418764
v -0.074891 -3.061960 -1.434626
v -0.069891 -3.069031 -1.439626
v -0.065578 -3.073757 -1.448630
v -0.060578 -3.080828 -1.453630
v -0.089784 -2.971115 -1.657992
v -0.431248 -2.471140 -1.306528
v -0.395477 -2.583270 -1.132182
v -0.388417 -2.597376 -1.125171
v -0.382043 -2.609137 -1.122165
v -0.376356 -2.618554 -1.123161
v -0.369493 -2.631988 -1.117300
v -0.363144 -2.643663 -1.114440
v -0.356795 -2.655338 -1.111581
v -0.351795 -2.662409 -1.116581
v -0.344099 -2.678687 -1.105862
v -0.339099 -2.685758 -1.110862
v -0.332750 -2.697434 -1.108003
v -0.327750 -2.704505 -1.113003
v -0.321402 -2.716180 -1.110143
v -0.316402 -2.723251 -1.115143
v -0.310053 -2.734926 -1.112284
v -0.305053 -2.741997 -1.117284
v -0.300053 -2.749068 -1.122284
v -0.293705 -2.760743 -1.119424
v -0.288705 -2.767814 -1.124424
v -0.283705 -2.774885 -1.129424
v -0.277356 -2.786560 -1.126565
v -0.272356 -2.793631 -1.131565
v -0.267356 -2.800702 -1.136565
v -0.262356 -2.807773 -1.141565
v -0.257356 -2.814844 -1.146565
v -0.252356 -2.821915 -1.151565
v -0.246008 -2.833590 -1.148706
v -0.241008 -2.840661 -1.153706
v -0.236008 -2.847732 -1.158706
v -0.232356 -2.850200 -1.171565
v -0.227356 -2.857271 -1.176565
v -0.222356 -2.864342 -1.181565
v -0.217356 -2.871413 -1.186565
v -0.212356 -2.878484 -1.191565
v -0.207356 -2.885555 -1.196565
v -0.202356 -2.892626 -1.201565
v -0.198705 -2.895093 -1.214424
v -0.193705 -2.902164 -1.219424
v -0.188705 -2.909235 -1.224424
v -0.183705 -2.916307 -1.229424
v -0.178705 -2.923378 -1.234424
v -0.173705 -2.930449 -1.239424
v -0.168705 -2.937520 -1.244424
v -0.163705 -2.944591 -1.249424
v -0.160053 -2.947058 -1.262284
v -0.155053 -2.954129 -1.267284
v -0.150053 -2.961200 -1.272284
v -0.145053 -2.968271 -1.277284
v -0.141402 -2.970738 -1.290143
v -0.136402 -2.977809 -1.295143
v -0.132750 -2.980276 -1.308003
v -0.127750 -2.987347 -1.313003
v -0.122750 -2.994418 -1.318003
v -0.117750 -3.001489 -1.323003
v -0.112750 -3.008560 -1.328003
v -0.107750 -3.015631 -1.333003
v -0.104099 -3.018099 -1.345862
v -0.100447 -3.020566 -1.358721
v -0.096795 -3.023033 -1.371581
v -0.091795 -3.030104 -1.376581
v -0.086795 -3.037175 -1.381581
v -0.083144 -3.039643 -1.394440
v -0.078144 -3.046714 -1.399440
v -0.073144 -3.053785 -1.404440
v -0.068144 -3.060856 -1.409440
v -0.065841 -3.058719 -1.430159
v -0.060841 -3.065790 -1.435159
v -0.056356 -3.071102 -1.443161
v -0.052043 -3.075828 -1.452165
v -0.047043 -3.082899 -1.457165
v -0.060588 -3.026653 -1.570255
v -0.417713 -2.473211 -1.310063
v -0.412713 -2.480282 -1.315063
v -0.373507 -2.604137 -1.120701
v -0.367821 -2.613554 -1.121697
v -0.362305 -2.622383 -1.123695
v -0.354609 -2.638663 -1.112976
v -0.348260 -2.650338 -1.110116
v -0.343260 -2.657409 -1.115116
v -0.336911 -2.669084 -1.112257
v -0.330563 -2.680758 -1.109398
v -0.325563 -2.687829 -1.114398
v -0.319215 -2.699505 -1.111538
v -0.312866 -2.711179 -1.108679
v -0.307866 -2.718251 -1.113679
v -0.301518 -2.729926 -1.110819
v -0.296518 -2.736997 -1.115819
v -0.291518 -2.744068 -1.120819
v -0.285169 -2.755743 -1.117960
v -0.280169 -2.762814 -1.122960
v -0.275169 -2.769885 -1.127960
v -0.268821 -2.781560 -1.125100
v -0.263821 -2.788631 -1.130100
v -0.258821 -2.795702 -1.135100
v -0.253821 -2.802773 -1.140100
v -0.248821 -2.809844 -1.145100
v -0.243821 -2.816916 -1.150100
v -0.237472 -2.828590 -1.147242
v -0.232472 -2.835661 -1.152242
v -0.227472 -2.842732 -1.157242
v -0.223821 -2.845200 -1.170100
v -0.218821 -2.852271 -1.175100
v -0.213821 -2.859342 -1.180100
v -0.208821 -2.866413 -1.185100
v -0.203821 -2.873484 -1.190100
v -0.198821 -2.880555 -1.195100
v -0.193821 -2.887626 -1.200100
v -0.188821 -2.894697 -1.205100
v -0.183821 -2.901768 -1.210100
v -0.178821 -2.908839 -1.215100
v -0.175169 -2.911307 -1.227960
v -0.170169 -2.918378 -1.232960
v -0.165169 -2.925449 -1.237960
v -0.160169 -2.932520 -1.242960
v -0.155169 -2.939591 -1.247960
v -0.151518 -2.942058 -1.260819
v -0.146518 -2.949129 -1.265819
v -0.141518 -2.956200 -1.270819
v -0.136518 -2.963271 -1.275819
v -0.131518 -2.970342 -1.280819
v -0.127866 -2.972809 -1.293679
v -0.122866 -2.979880 -1.298679
v -0.119215 -2.982347 -1.311538
v -0.114215 -2.989418 -1.316538
v -0.109215 -2.996490 -1.321538
v -0.104215 -3.003561 -1.326538
v -0.099215 -3.010632 -1.331538
v -0.095563 -3.013099 -1.344398
v -0.091911 -3.015566 -1.357257
v -0.086911 -3.022637 -1.362257
v -0.083260 -3.025104 -1.375116
v -0.078260 -3.032175 -1.380116
v -0.073260 -3.039247 -1.385116
v -0.068260 -3.046318 -1.390116
v -0.064608 -3.048785 -1.402976
v -0.059608 -3.055856 -1.407976
v -0.057305 -3.053719 -1.428695
v -0.052305 -3.060790 -1.433695
v -0.047820 -3.066102 -1.441697
v -0.042820 -3.073174 -1.446697
v -0.038507 -3.077899 -1.455701
v -0.052053 -3.021652 -1.568790
v -0.404177 -2.475282 -1.313599
v -0.364972 -2.599137 -1.119236
v -0.359972 -2.606209 -1.124236
v -0.353770 -2.617383 -1.122230
v -0.347421 -2.629059 -1.119371
v -0.341073 -2.640734 -1.116511
v -0.334724 -2.652409 -1.113652
v -0.328376 -2.664084 -1.110792
v -0.323376 -2.671155 -1.115792
v -0.317028 -2.682830 -1.112933
v -0.310679 -2.694505 -1.110074
v -0.304331 -2.706180 -1.107214
v -0.299331 -2.713251 -1.112214
v -0.294331 -2.720322 -1.117214
v -0.287982 -2.731997 -1.114355
v -0.282982 -2.739068 -1.119355
v -0.277982 -2.746139 -1.124355
v -0.271634 -2.757814 -1.121495
v -0.266634 -2.764885 -1.126495
v -0.261634 -2.771956 -1.131495
v -0.256634 -2.779027 -1.136495
v -0.250285 -2.790702 -1.133636
v -0.245285 -2.797773 -1.138636
v -0.240285 -2.804844 -1.143636
v -0.235285 -2.811915 -1.148636
v -0.230285 -2.818986 -1.153636
v -0.223937 -2.830661 -1.150777
v -0.218937 -2.837732 -1.155777
v -0.215285 -2.840200 -1.168636
v -0.210285 -2.847271 -1.173636
v -0.205285 -2.854342 -1.178636
v -0.200285 -2.861413 -1.183636
v -0.195285 -2.868484 -1.188636
v -0.190285 -2.875555 -1.193636
v -0.185285 -2.882626 -1.198636
v -0.180285 -2.889697 -1.203636
v -0.175285 -2.896768 -1.208636
v -0.170285 -2.903839 -1.213636
v -0.166634 -2.906307 -1.226495
v -0.161634 -2.913378 -1.231495
v -0.156634 -2.920449 -1.236495
v -0.151634 -2.927520 -1.241495
v -0.146634 -2.934591 -1.246495
v -0.141634 -2.941662 -1.251495
v -0.137982 -2.944129 -1.264355
v -0.132982 -2.951200 -1.269355
v -0.127982 -2.958271 -1.274355
v -0.122982 -2.965342 -1.279355
v -0.119331 -2.967809 -1.292214
v -0.114331 -2.974880 -1.297214
v -0.109331 -2.981951 -1.302214
v -0.104331 -2.989022 -1.307214
v -0.100679 -2.991489 -1.320074
v -0.095679 -2.998560 -1.325074
v -0.090679 -3.005631 -1.330074
v -0.085679 -3.012703 -1.335074
v -0.082028 -3.015170 -1.347934
v -0.078376 -3.017637 -1.360792
v -0.073376 -3.024709 -1.365792
v -0.069724 -3.027175 -1.378652
v -0.064724 -3.034246 -1.383652
v -0.059724 -3.041317 -1.388652
v -0.056073 -3.043785 -1.401511
v -0.051073 -3.050856 -1.406511
v -0.047421 -3.053323 -1.419371
v -0.043770 -3.055790 -1.432230
v -0.039285 -3.061102 -1.440232
v -0.034285 -3.068174 -1.445232
v -0.029285 -3.075245 -1.450232
v -0.059177 -2.963186 -1.658599
v -0.395642 -2.470282 -1.312134
v -0.357810 -2.589447 -1.125778
v -0.351436 -2.601208 -1.122772
v -0.345749 -2.610625 -1.123768
v -0.340234 -2.619454 -1.125766
v -0.333886 -2.631130 -1.122906
v -0.326189 -2.647409 -1.112187
v -0.321189 -2.654480 -1.117187
v -0.314840 -2.666155 -1.114328
v -0.308492 -2.677830 -1.111469
v -0.302144 -2.689505 -1.108610
v -0.297144 -2.696576 -1.113609
v -0.290795 -2.708251 -1.110750
v -0.285795 -2.715322 -1.115750
v -0.280795 -2.722393 -1.120750
v -0.274447 -2.734068 -1.117890
v -0.269447 -2.741139 -1.122890
v -0.264447 -2.748210 -1.127890
v -0.258098 -2.759885 -1.125031
v -0.253098 -2.766956 -1.130031
v -0.248098 -2.774027 -1.135031
v -0.241750 -2.785702 -1.132171
v -0.236750 -2.792773 -1.137172
v -0.231750 -2.799845 -1.142171
v -0.226750 -2.806916 -1.147171
v -0.221750 -2.813987 -1.152171
v -0.216750 -2.821058 -1.157171
v -0.210401 -2.832732 -1.154313
v -0.206750 -2.835200 -1.167171
v -0.201750 -2.842271 -1.172171
v -0.195401 -2.853946 -1.169313
v -0.191750 -2.856413 -1.182172
v -0.186750 -2.863484 -1.187171
v -0.181750 -2.870555 -1.192172
v -0.176750 -2.877626 -1.197171
v -0.171750 -2.884697 -1.202172
v -0.166750 -2.891768 -1.207171
v -0.161750 -2.898839 -1.212172
v -0.158098 -2.901307 -1.225031
v -0.153098 -2.908378 -1.230031
v -0.148098 -2.915449 -1.235031
v -0.143098 -2.922520 -1.240031
v -0.138098 -2.929591 -1.245031
v -0.133098 -2.936662 -1.250031
v -0.129447 -2.939129 -1.262890
v -0.124447 -2.946200 -1.267890
v -0.119447 -2.953271 -1.272890
v -0.114447 -2.960342 -1.277890
v -0.109447 -2.967413 -1.282890
v -0.105795 -2.969880 -1.295750
v -0.100795 -2.976951 -1.300750
v -0.095795 -2.984022 -1.305750
v -0.090795 -2.991093 -1.310750
v -0.087144 -2.993561 -1.323609
v -0.082144 -3.000632 -1.328609
v -0.077144 -3.007703 -1.333609
v -0.073492 -3.010170 -1.346469
v -0.069840 -3.012637 -1.359328
v -0.064840 -3.019708 -1.364328
v -0.059840 -3.026779 -1.369328
v -0.056189 -3.029247 -1.382187
v -0.051189 -3.036318 -1.387187
v -0.046189 -3.043389 -1.392187
v -0.042537 -3.045856 -1.405047
v -0.038886 -3.048323 -1.417906
v -0.035234 -3.050790 -1.430766
v -0.030749 -3.056102 -1.438768
v -0.025749 -3.063174 -1.443768
v -0.020749 -3.070245 -1.448768
v -0.050642 -2.958186 -1.657134
v -0.387106 -2.465282 -1.310670
v -0.349275 -2.584447 -1.124314
v -0.343588 -2.593863 -1.125310
v -0.337214 -2.605625 -1.122303
v -0.331699 -2.614455 -1.124301
v -0.325350 -2.626130 -1.121442
v -0.319002 -2.637805 -1.118582
v -0.312653 -2.649480 -1.115723
v -0.307653 -2.656551 -1.120723
v -0.301305 -2.668226 -1.117863
v -0.294956 -2.679901 -1.115005
v -0.289956 -2.686972 -1.120005
v -0.283608 -2.698647 -1.117145
v -0.277260 -2.710322 -1.114286
v -0.272260 -2.717393 -1.119286
v -0.265911 -2.729068 -1.116426
v -0.260911 -2.736139 -1.121426
v -0.254563 -2.747814 -1.118567
v -0.249563 -2.754885 -1.123567
v -0.244563 -2.761956 -1.128567
v -0.239563 -2.769027 -1.133566
v -0.233214 -2.780702 -1.130707
v -0.228214 -2.787773 -1.135707
v -0.223214 -2.794844 -1.140707
v -0.218214 -2.801915 -1.145707
v -0.213214 -2.808986 -1.150707
v -0.208214 -2.816058 -1.155707
v -0.201866 -2.827732 -1.152848
v -0.196866 -2.834803 -1.157848
v -0.191866 -2.841874 -1.162848
v -0.186866 -2.848946 -1.167848
v -0.183214 -2.851413 -1.180707
v -0.178214 -2.858484 -1.185707
v -0.173214 -2.865555 -1.190707
v -0.168214 -2.872626 -1.195707
v -0.163214 -2.879697 -1.200707
v -0.158214 -2.886768 -1.205707
v -0.153214 -2.893839 -1.210707
v -0.148214 -2.900911 -1.215707
v -0.143214 -2.907982 -1.220707
v -0.139563 -2.910449 -1.233567
v -0.134563 -2.917520 -1.238567
v -0.129563 -2.924591 -1.243567
v -0.124563 -2.931662 -1.248567
v -0.119563 -2.938733 -1.253567
v -0.115911 -2.941200 -1.266426
v -0.110911 -2.948271 -1.271426
v -0.105911 -2.955342 -1.276426
v -0.100911 -2.962413 -1.281426
v -0.097260 -2.964880 -1.294286
v -0.092260 -2.971951 -1.299286
v -0.087260 -2.979022 -1.304286
v -0.082260 -2.986093 -1.309286
v -0.077260 -2.993164 -1.314286
v -0.072260 -3.000235 -1.319286
v -0.068608 -3.002703 -1.332145
v -0.063608 -3.009774 -1.337145
v -0.059956 -3.012241 -1.350005
v -0.056305 -3.014709 -1.362863
v -0.051305 -3.021780 -1.367863
v -0.047653 -3.024246 -1.380723
v -0.042653 -3.031317 -1.385723
v -0.037653 -3.038389 -1.390723
v -0.034002 -3.040856 -1.403582
v -0.030350 -3.043323 -1.416442
v -0.025350 -3.050394 -1.421442
v -0.021699 -3.052861 -1.434301
v -0.016699 -3.059932 -1.439301
v -0.012214 -3.065245 -1.447303
v -0.007901 -3.069970 -1.456307
v -0.037106 -2.960257 -1.660670
v -0.373571 -2.467353 -1.314206
v -0.368571 -2.474424 -1.319206
v -0.329365 -2.598279 -1.124843
v -0.323678 -2.607696 -1.125839
v -0.318163 -2.616526 -1.127837
v -0.310466 -2.632805 -1.117118
v -0.304118 -2.644480 -1.114258
v -0.299118 -2.651551 -1.119258
v -0.292769 -2.663226 -1.116399
v -0.286421 -2.674901 -1.113540
v -0.281421 -2.681972 -1.118540
v -0.275073 -2.693647 -1.115681
v -0.268724 -2.705322 -1.112821
v -0.263724 -2.712393 -1.117821
v -0.257376 -2.724068 -1.114962
v -0.252376 -2.731139 -1.119962
v -0.247376 -2.738210 -1.124962
v -0.241027 -2.749885 -1.122102
v -0.236027 -2.756956 -1.127102
v -0.231027 -2.764027 -1.132102
v -0.226027 -2.771098 -1.137102
v -0.219679 -2.782773 -1.134243
v -0.214679 -2.789845 -1.139242
v -0.209679 -2.796916 -1.144243
v -0.204679 -2.803987 -1.149242
v -0.199679 -2.811058 -1.154243
v -0.194679 -2.818129 -1.159242
v -0.188330 -2.829803 -1.156384
v -0.183330 -2.836874 -1.161384
v -0.178330 -2.843946 -1.166384
v -0.173330 -2.851017 -1.171384
v -0.169679 -2.853484 -1.184242
v -0.164679 -2.860555 -1.189243
v -0.159679 -2.867626 -1.194242
v -0.154679 -2.874697 -1.199243
v -0.149679 -2.881768 -1.204242
v -0.144679 -2.888839 -1.209243
v -0.139679 -2.895911 -1.214242
v -0.134679 -2.902982 -1.219243
v -0.131027 -2.905449 -1.232102
v -0.126027 -2.912520 -1.237102
v -0.121027 -2.919591 -1.242102
v -0.116027 -2.926662 -1.247102
v -0.111027 -2.933733 -1.252102
v -0.106027 -2.940804 -1.257102
v -0.102376 -2.943271 -1.269962
v -0.097376 -2.950342 -1.274961
v -0.092376 -2.957413 -1.279962
v -0.087376 -2.964484 -1.284961
v -0.083724 -2.966951 -1.297821
v -0.078724 -2.974022 -1.302821
v -0.073724 -2.981093 -1.307821
v -0.068724 -2.988164 -1.312821
v -0.063724 -2.995235 -1.317821
v -0.060072 -2.997703 -1.330681
v -0.055072 -3.004774 -1.335681
v -0.050072 -3.011845 -1.340681
v -0.046421 -3.014312 -1.353540
v -0.042769 -3.016779 -1.366399
v -0.039118 -3.019247 -1.379258
v -0.034118 -3.026318 -1.384258
v -0.029118 -3.033389 -1.389258
v -0.024118 -3.040460 -1.394258
v -0.020466 -3.042927 -1.407118
v -0.016815 -3.045394 -1.419977
v -0.011815 -3.052465 -1.424977
v -0.008163 -3.054932 -1.437837
v -0.003678 -3.060245 -1.445839
v 0.001322 -3.067316 -1.450839
v 0.005635 -3.072041 -1.459843
v -0.023571 -2.962328 -1.664206
v -0.360035 -2.469424 -1.317741
v -0.320830 -2.593280 -1.123378
v -0.315143 -2.602696 -1.124374
v -0.309628 -2.611526 -1.126372
v -0.301931 -2.627805 -1.115653
v -0.296931 -2.634876 -1.120653
v -0.290582 -2.646551 -1.117794
v -0.284234 -2.658226 -1.114934
v -0.279234 -2.665297 -1.119934
v -0.272885 -2.676972 -1.117076
v -0.266537 -2.688647 -1.114216
v -0.260189 -2.700322 -1.111357
v -0.255189 -2.707393 -1.116357
v -0.248840 -2.719068 -1.113497
v -0.243840 -2.726139 -1.118497
v -0.238840 -2.733210 -1.123497
v -0.232492 -2.744885 -1.120638
v -0.227492 -2.751956 -1.125638
v -0.222492 -2.759027 -1.130638
v -0.217492 -2.766098 -1.135638
v -0.211143 -2.777773 -1.132778
v -0.206143 -2.784844 -1.137778
v -0.201143 -2.791915 -1.142778
v -0.196143 -2.798986 -1.147778
v -0.191143 -2.806058 -1.152778
v -0.186143 -2.813129 -1.157778
v -0.179795 -2.824803 -1.154919
v -0.174795 -2.831874 -1.159919
v -0.169795 -2.838946 -1.164919
v -0.164795 -2.846017 -1.169919
v -0.161143 -2.848484 -1.182778
v -0.156143 -2.855555 -1.187778
v -0.151143 -2.862626 -1.192778
v -0.146143 -2.869697 -1.197778
v -0.141143 -2.876768 -1.202778
v -0.136143 -2.883839 -1.207778
v -0.131143 -2.890911 -1.212778
v -0.126143 -2.897982 -1.217778
v -0.121143 -2.905053 -1.222778
v -0.117492 -2.907520 -1.235638
v -0.112492 -2.914591 -1.240638
v -0.107492 -2.921662 -1.245638
v -0.102492 -2.928733 -1.250638
v -0.097492 -2.935804 -1.255638
v -0.092492 -2.942875 -1.260638
v -0.088840 -2.945342 -1.273497
v -0.083840 -2.952413 -1.278497
v -0.078840 -2.959484 -1.283497
v -0.073840 -2.966555 -1.288497
v -0.070189 -2.969022 -1.301357
v -0.065189 -2.976093 -1.306357
v -0.060189 -2.983164 -1.311357
v -0.055189 -2.990235 -1.316357
v -0.050188 -2.997307 -1.321357
v -0.045189 -3.004378 -1.326357
v -0.041537 -3.006845 -1.339216
v -0.037885 -3.009312 -1.352076
v -0.034234 -3.011780 -1.364934
v -0.029234 -3.018851 -1.369934
v -0.024234 -3.025922 -1.374934
v -0.019234 -3.032993 -1.379934
v -0.015582 -3.035460 -1.392794
v -0.010582 -3.042531 -1.397794
v -0.006931 -3.044998 -1.410653
v -0.003279 -3.047465 -1.423513
v 0.001721 -3.054536 -1.428513
v 0.005372 -3.057003 -1.441372
v 0.009857 -3.062316 -1.449374
v 0.014857 -3.069387 -1.454374
v -0.015035 -2.957328 -1.662741
v -0.351500 -2.464424 -1.316277
v -0.312981 -2.585934 -1.125917
v -0.306607 -2.597696 -1.122910
v -0.301092 -2.606526 -1.124908
v -0.294744 -2.618201 -1.122048
v -0.288395 -2.629876 -1.119189
v -0.282047 -2.641551 -1.116329
v -0.277047 -2.648622 -1.121329
v -0.270698 -2.660297 -1.118470
v -0.264350 -2.671972 -1.115611
v -0.258002 -2.683647 -1.112752
v -0.253002 -2.690718 -1.117752
v -0.246653 -2.702393 -1.114892
v -0.241653 -2.709464 -1.119892
v -0.235305 -2.721139 -1.117033
v -0.230305 -2.728210 -1.122033
v -0.223956 -2.739885 -1.119173
v -0.218956 -2.746956 -1.124173
v -0.213956 -2.754027 -1.129173
v -0.208956 -2.761098 -1.134173
v -0.203956 -2.768169 -1.139173
v -0.197608 -2.779845 -1.136313
v -0.192608 -2.786916 -1.141314
v -0.187608 -2.793987 -1.146313
v -0.182608 -2.801058 -1.151314
v -0.177608 -2.808129 -1.156313
v -0.171259 -2.819803 -1.153455
v -0.166259 -2.826874 -1.158455
v -0.161259 -2.833946 -1.163455
v -0.156259 -2.841017 -1.168455
v -0.151259 -2.848088 -1.173455
v -0.147608 -2.850555 -1.186314
v -0.142608 -2.857626 -1.191314
v -0.137608 -2.864697 -1.196314
v -0.132608 -2.871768 -1.201313
v -0.127608 -2.878839 -1.206314
v -0.122608 -2.885911 -1.211313
v -0.117608 -2.892982 -1.216314
v -0.112608 -2.900053 -1.221313
v -0.107608 -2.907124 -1.226314
v -0.103956 -2.909591 -1.239173
v -0.098956 -2.916662 -1.244173
v -0.093956 -2.923733 -1.249173
v -0.088956 -2.930804 -1.254173
v -0.083956 -2.937875 -1.259173
v -0.080305 -2.940342 -1.272032
v -0.075305 -2.947413 -1.277033
v -0.070305 -2.954484 -1.282032
v -0.065305 -2.961555 -1.287033
v -0.061653 -2.964022 -1.299892
v -0.056653 -2.971093 -1.304892
v -0.051653 -2.978164 -1.309892
v -0.046653 -2.985235 -1.314892
v -0.041653 -2.992307 -1.319892
v -0.036653 -2.999378 -1.324892
v -0.033001 -3.001845 -1.337752
v -0.029350 -3.004312 -1.350611
v -0.024350 -3.011383 -1.355611
v -0.019350 -3.018454 -1.360611
v -0.015698 -3.020922 -1.373470
v -0.010698 -3.027993 -1.378470
v -0.007047 -3.030460 -1.391329
v -0.002047 -3.037531 -1.396329
v 0.001605 -3.039998 -1.409189
v 0.005256 -3.042465 -1.422048
v 0.010256 -3.049536 -1.427048
v 0.013908 -3.052003 -1.439908
v 0.018393 -3.057316 -1.447910
v 0.023393 -3.064387 -1.452910
v 0.027706 -3.069112 -1.461914
v 0.014160 -3.012866 -1.575004
v -0.342964 -2.459424 -1.314812
v -0.304446 -2.580935 -1.124453
v -0.298072 -2.592696 -1.121445
v -0.293072 -2.599767 -1.126445
v -0.287557 -2.608597 -1.128444
v -0.281208 -2.620272 -1.125584
v -0.274860 -2.631947 -1.122725
v -0.268511 -2.643622 -1.119865
v -0.262163 -2.655297 -1.117005
v -0.255814 -2.666972 -1.114147
v -0.249466 -2.678647 -1.111287
v -0.244466 -2.685718 -1.116287
v -0.239466 -2.692789 -1.121287
v -0.233118 -2.704464 -1.118428
v -0.226769 -2.716139 -1.115568
v -0.221769 -2.723210 -1.120568
v -0.216769 -2.730281 -1.125568
v -0.210421 -2.741956 -1.122709
v -0.205421 -2.749027 -1.127709
v -0.200421 -2.756099 -1.132709
v -0.195421 -2.763170 -1.137709
v -0.189072 -2.774844 -1.134849
v -0.184072 -2.781915 -1.139849
v -0.179072 -2.788986 -1.144849
v -0.174072 -2.796058 -1.149849
v -0.169072 -2.803129 -1.154849
v -0.162724 -2.814803 -1.151990
v -0.157724 -2.821874 -1.156990
v -0.152724 -2.828946 -1.161990
v -0.147724 -2.836017 -1.166991
v -0.142724 -2.843088 -1.171990
v -0.137724 -2.850159 -1.176991
v -0.132724 -2.857230 -1.181990
v -0.127724 -2.864301 -1.186990
v -0.124072 -2.866768 -1.199849
v -0.119072 -2.873839 -1.204849
v -0.114072 -2.880911 -1.209849
v -0.109072 -2.887982 -1.214849
v -0.104072 -2.895053 -1.219849
v -0.099072 -2.902124 -1.224849
v -0.094072 -2.909195 -1.229849
v -0.090421 -2.911662 -1.242709
v -0.085421 -2.918733 -1.247709
v -0.080421 -2.925804 -1.252709
v -0.075421 -2.932875 -1.257709
v -0.070421 -2.939946 -1.262709
v -0.065421 -2.947017 -1.267709
v -0.061769 -2.949484 -1.280568
v -0.056769 -2.956555 -1.285568
v -0.051769 -2.963626 -1.290568
v -0.048118 -2.966093 -1.303428
v -0.043118 -2.973164 -1.308428
v -0.038118 -2.980235 -1.313428
v -0.033117 -2.987307 -1.318428
v -0.028117 -2.994378 -1.323428
v -0.023117 -3.001449 -1.328428
v -0.019466 -3.003916 -1.341287
v -0.015814 -3.006383 -1.354147
v -0.010814 -3.013454 -1.359147
v -0.005814 -3.020525 -1.364147
v -0.002163 -3.022993 -1.377005
v 0.001489 -3.025460 -1.389865
v 0.006489 -3.032531 -1.394865
v 0.010140 -3.034998 -1.407724
v 0.015140 -3.042069 -1.412724
v 0.018792 -3.044536 -1.425584
v 0.023792 -3.051607 -1.430584
v 0.027443 -3.054074 -1.443443
v 0.031928 -3.059387 -1.451445
v 0.036928 -3.066458 -1.456445
v 0.007036 -2.954399 -1.664812
v -0.334428 -2.454424 -1.313348
v -0.295910 -2.575934 -1.122988
v -0.289536 -2.587696 -1.119981
v -0.284536 -2.594767 -1.124981
v -0.279021 -2.603597 -1.126979
v -0.272673 -2.615272 -1.124120
v -0.264976 -2.631551 -1.113400
v -0.259976 -2.638622 -1.118400
v -0.253627 -2.650297 -1.115541
v -0.247279 -2.661972 -1.112682
v -0.242279 -2.669043 -1.117682
v -0.235930 -2.680718 -1.114823
v -0.230930 -2.687789 -1.119823
v -0.224582 -2.699464 -1.116963
v -0.218233 -2.711139 -1.114104
v -0.213233 -2.718210 -1.119104
v -0.208233 -2.725281 -1.124104
v -0.201885 -2.736956 -1.121244
v -0.196885 -2.744027 -1.126244
v -0.191885 -2.751098 -1.131244
v -0.186885 -2.758169 -1.136244
v -0.181885 -2.765241 -1.141244
v -0.175537 -2.776916 -1.138385
v -0.170537 -2.783987 -1.143385
v -0.165537 -2.791058 -1.148385
v -0.160537 -2.798129 -1.153385
v -0.155537 -2.805200 -1.158385
v -0.149188 -2.816875 -1.155526
v -0.144188 -2.823946 -1.160526
v -0.139188 -2.831017 -1.165526
v -0.134188 -2.838088 -1.170526
v -0.129188 -2.845159 -1.175526
v -0.124188 -2.852230 -1.180526
v -0.119188 -2.859301 -1.185526
v -0.114188 -2.866372 -1.190526
v -0.109188 -2.873443 -1.195526
v -0.105536 -2.875911 -1.208385
v -0.100536 -2.882982 -1.213385
v -0.095536 -2.890053 -1.218385
v -0.090536 -2.897124 -1.223385
v -0.085536 -2.904195 -1.228385
v -0.080536 -2.911266 -1.233385
v -0.075536 -2.918337 -1.238385
v -0.071885 -2.920804 -1.251244
v -0.066885 -2.927875 -1.256244
v -0.061885 -2.934946 -1.261244
v -0.056885 -2.942017 -1.266244
v -0.053233 -2.944484 -1.279104
v -0.048233 -2.951555 -1.284104
v -0.043233 -2.958626 -1.289104
v -0.038233 -2.965698 -1.294104
v -0.034582 -2.968164 -1.306963
v -0.028233 -2.979840 -1.304104
v -0.024582 -2.982307 -1.316963
v -0.019582 -2.989378 -1.321963
v -0.014582 -2.996449 -1.326963
v -0.010930 -2.998916 -1.339823
v -0.007279 -3.001383 -1.352682
v -0.002279 -3.008454 -1.357682
v 0.002721 -3.015525 -1.362682
v 0.006373 -3.017993 -1.375541
v 0.011373 -3.025064 -1.380541
v 0.016373 -3.032135 -1.385541
v 0.020024 -3.034602 -1.398400
v 0.025024 -3.041673 -1.403400
v 0.028676 -3.044140 -1.416260
v 0.032327 -3.046607 -1.429119
v 0.035979 -3.049074 -1.441979
v 0.040464 -3.054387 -1.449981
v 0.045464 -3.061458 -1.454981
v 0.015572 -2.949399 -1.663348
v -0.320893 -2.456496 -1.316883
v -0.281688 -2.580351 -1.122520
v -0.276001 -2.589767 -1.123517
v -0.270486 -2.598597 -1.125515
v -0.264137 -2.610272 -1.122655
v -0.257789 -2.621947 -1.119796
v -0.251440 -2.633622 -1.116936
v -0.246440 -2.640693 -1.121936
v -0.240092 -2.652368 -1.119076
v -0.233743 -2.664043 -1.116218
v -0.227395 -2.675718 -1.113358
v -0.222395 -2.682789 -1.118358
v -0.216046 -2.694464 -1.115499
v -0.211046 -2.701535 -1.120499
v -0.204698 -2.713210 -1.117639
v -0.199698 -2.720281 -1.122639
v -0.193349 -2.731956 -1.119780
v -0.188349 -2.739028 -1.124780
v -0.183349 -2.746099 -1.129780
v -0.178349 -2.753170 -1.134780
v -0.173349 -2.760241 -1.139780
v -0.168349 -2.767312 -1.144780
v -0.162001 -2.778986 -1.141920
v -0.157001 -2.786058 -1.146920
v -0.152001 -2.793129 -1.151920
v -0.147001 -2.800200 -1.156920
v -0.140653 -2.811874 -1.154061
v -0.135653 -2.818946 -1.159062
v -0.130653 -2.826017 -1.164062
v -0.125653 -2.833088 -1.169062
v -0.120653 -2.840159 -1.174062
v -0.115653 -2.847230 -1.179062
v -0.110653 -2.854301 -1.184062
v -0.105653 -2.861372 -1.189062
v -0.100653 -2.868443 -1.194062
v -0.095653 -2.875514 -1.199062
v -0.090653 -2.882585 -1.204062
v -0.087001 -2.885053 -1.216920
v -0.082001 -2.892124 -1.221920
v -0.077001 -2.899195 -1.226920
v -0.072001 -2.906266 -1.231920
v -0.067001 -2.913337 -1.236920
v -0.063349 -2.915804 -1.249780
v -0.058349 -2.922875 -1.254780
v -0.053349 -2.929946 -1.259780
v -0.048349 -2.937017 -1.264780
v -0.044698 -2.939484 -1.277639
v -0.038349 -2.951159 -1.274780
v -0.034698 -2.953626 -1.287639
v -0.029698 -2.960697 -1.292639
v -0.024698 -2.967768 -1.297639
v -0.019698 -2.974839 -1.302639
v -0.014698 -2.981911 -1.307639
v -0.011046 -2.984378 -1.320499
v -0.006046 -2.991449 -1.325499
v -0.001046 -2.998520 -1.330499
v 0.001257 -2.996383 -1.351218
v 0.006257 -3.003454 -1.356218
v 0.011257 -3.010525 -1.361218
v 0.016257 -3.017596 -1.366218
v 0.019908 -3.020064 -1.379076
v 0.024908 -3.027135 -1.384076
v 0.028560 -3.029602 -1.396936
v 0.033560 -3.036673 -1.401936
v 0.037211 -3.039140 -1.414796
v 0.042211 -3.046211 -1.419796
v 0.045863 -3.048678 -1.432655
v 0.049514 -3.051145 -1.445515
v 0.054514 -3.058216 -1.450515
v 0.058312 -3.061183 -1.462520
v 0.044767 -3.004937 -1.575610
v -0.312357 -2.451495 -1.315419
v -0.273152 -2.575351 -1.121056
v -0.267465 -2.584767 -1.122052
v -0.262465 -2.591839 -1.127052
v -0.256950 -2.600668 -1.129050
v -0.249253 -2.616947 -1.118331
v -0.244253 -2.624018 -1.123331
v -0.237905 -2.635693 -1.120471
v -0.231556 -2.647368 -1.117612
v -0.225208 -2.659043 -1.114753
v -0.220208 -2.666114 -1.119753
v -0.213859 -2.677789 -1.116894
v -0.208859 -2.684860 -1.121894
v -0.202511 -2.696535 -1.119034
v -0.197511 -2.703606 -1.124034
v -0.191162 -2.715281 -1.121175
v -0.186162 -2.722352 -1.126175
v -0.179814 -2.734027 -1.123315
v -0.174814 -2.741098 -1.128315
v -0.169814 -2.748169 -1.133315
v -0.164814 -2.755240 -1.138315
v -0.159814 -2.762311 -1.143315
v -0.153465 -2.773986 -1.140456
v -0.148465 -2.781058 -1.145456
v -0.143465 -2.788129 -1.150456
v -0.138465 -2.795200 -1.155456
v -0.132117 -2.806875 -1.152597
v -0.127117 -2.813946 -1.157597
v -0.122117 -2.821017 -1.162597
v -0.117117 -2.828088 -1.167597
v -0.112117 -2.835159 -1.172597
v -0.107117 -2.842230 -1.177597
v -0.102117 -2.849301 -1.182597
v -0.097117 -2.856372 -1.187597
v -0.092117 -2.863443 -1.192597
v -0.087117 -2.870514 -1.197597
v -0.082117 -2.877585 -1.202597
v -0.077117 -2.884656 -1.207597
v -0.072117 -2.891727 -1.212597
v -0.068465 -2.894195 -1.225456
v -0.063465 -2.901266 -1.230456
v -0.058465 -2.908337 -1.235456
v -0.053465 -2.915408 -1.240456
v -0.048465 -2.922479 -1.245456
v -0.043465 -2.929550 -1.250456
v -0.039814 -2.932017 -1.263315
v -0.034814 -2.939088 -1.268315
v -0.029814 -2.946159 -1.273315
v -0.026162 -2.948626 -1.286175
v -0.021162 -2.955697 -1.291175
v -0.016162 -2.962768 -1.296175
v -0.011162 -2.969839 -1.301175
v -0.006162 -2.976911 -1.306175
v -0.001162 -2.983982 -1.311175
v 0.002489 -2.986449 -1.324034
v 0.007489 -2.993520 -1.329034
v 0.011141 -2.995987 -1.341894
v 0.016141 -3.003058 -1.346894
v 0.019792 -3.005525 -1.359753
v 0.024792 -3.012596 -1.364753
v 0.028444 -3.015064 -1.377612
v 0.033444 -3.022135 -1.382612
v 0.037095 -3.024602 -1.395471
v 0.042095 -3.031673 -1.400471
v 0.045747 -3.034140 -1.413331
v 0.050747 -3.041211 -1.418331
v 0.054398 -3.043678 -1.431190
v 0.059398 -3.050749 -1.436190
v 0.063050 -3.053216 -1.449050
v 0.067535 -3.058529 -1.457052
v 0.053303 -2.999937 -1.574146
v -0.303822 -2.446495 -1.313954
v -0.265303 -2.568005 -1.123595
v -0.259616 -2.577422 -1.124592
v -0.253929 -2.586838 -1.125588
v -0.248930 -2.593910 -1.130588
v -0.242066 -2.607343 -1.124726
v -0.235718 -2.619018 -1.121867
v -0.229369 -2.630693 -1.119007
v -0.223021 -2.642368 -1.116148
v -0.216672 -2.654043 -1.113289
v -0.211672 -2.661114 -1.118289
v -0.205324 -2.672789 -1.115429
v -0.200324 -2.679860 -1.120429
v -0.193975 -2.691535 -1.117570
v -0.188975 -2.698606 -1.122570
v -0.182627 -2.710281 -1.119710
v -0.177627 -2.717352 -1.124710
v -0.171278 -2.729027 -1.121851
v -0.166278 -2.736098 -1.126851
v -0.161278 -2.743169 -1.131851
v -0.156278 -2.750241 -1.136851
v -0.151278 -2.757312 -1.141851
v -0.146278 -2.764383 -1.146851
v -0.139930 -2.776058 -1.143991
v -0.134930 -2.783129 -1.148991
v -0.129930 -2.790200 -1.153991
v -0.123582 -2.801874 -1.151132
v -0.118581 -2.808946 -1.156133
v -0.113581 -2.816017 -1.161133
v -0.108581 -2.823088 -1.166133
v -0.103581 -2.830159 -1.171133
v -0.098581 -2.837230 -1.176133
v -0.093581 -2.844301 -1.181133
v -0.088581 -2.851372 -1.186133
v -0.083581 -2.858443 -1.191133
v -0.078581 -2.865514 -1.196133
v -0.073582 -2.872585 -1.201133
v -0.068582 -2.879656 -1.206133
v -0.063582 -2.886727 -1.211133
v -0.058582 -2.893798 -1.216133
v -0.054930 -2.896266 -1.228991
v -0.049930 -2.903337 -1.233991
v -0.044930 -2.910408 -1.238991
v -0.039930 -2.917479 -1.243991
v -0.034930 -2.924550 -1.248991
v -0.031278 -2.927017 -1.261851
v -0.026278 -2.934088 -1.266851
v -0.021278 -2.941159 -1.271851
v -0.016278 -2.948230 -1.276851
v -0.012627 -2.950697 -1.289710
v -0.007627 -2.957768 -1.294710
v -0.002627 -2.964839 -1.299710
v 0.002373 -2.971911 -1.304710
v 0.007373 -2.978982 -1.309710
v 0.012373 -2.986053 -1.314710
v 0.016025 -2.988520 -1.327570
v 0.019676 -2.990987 -1.340429
v 0.024676 -2.998058 -1.345429
v 0.028328 -3.000525 -1.358289
v 0.033328 -3.007596 -1.363289
v 0.038328 -3.014667 -1.368289
v 0.041979 -3.017135 -1.381148
v 0.045631 -3.019602 -1.394007
v 0.050631 -3.026673 -1.399007
v 0.054282 -3.029140 -1.411867
v 0.059282 -3.036211 -1.416867
v 0.064282 -3.043282 -1.421867
v 0.067934 -3.045749 -1.434726
v 0.071585 -3.048216 -1.447586
v 0.076585 -3.055287 -1.452586
v 0.046178 -2.941470 -1.663954
v -0.295286 -2.441495 -1.312490
v -0.257455 -2.560661 -1.126133
v -0.251768 -2.570077 -1.127130
v -0.246081 -2.579493 -1.128127
v -0.240394 -2.588909 -1.129123
v -0.233530 -2.602343 -1.123262
v -0.227182 -2.614018 -1.120402
v -0.220834 -2.625693 -1.117543
v -0.214485 -2.637368 -1.114683
v -0.209485 -2.644439 -1.119683
v -0.203137 -2.656114 -1.116824
v -0.196788 -2.667789 -1.113965
v -0.191788 -2.674860 -1.118965
v -0.186788 -2.681931 -1.123965
v -0.180440 -2.693606 -1.121105
v -0.174091 -2.705281 -1.118246
v -0.169091 -2.712352 -1.123246
v -0.164091 -2.719423 -1.128246
v -0.157743 -2.731098 -1.125386
v -0.152743 -2.738169 -1.130386
v -0.147743 -2.745241 -1.135386
v -0.142743 -2.752312 -1.140386
v -0.137743 -2.759383 -1.145386
v -0.132743 -2.766454 -1.150386
v -0.126394 -2.778129 -1.147527
v -0.121394 -2.785200 -1.152527
v -0.116394 -2.792271 -1.157527
v -0.110046 -2.803946 -1.154668
v -0.105046 -2.811017 -1.159668
v -0.100046 -2.818088 -1.164668
v -0.095046 -2.825159 -1.169668
v -0.090046 -2.832230 -1.174668
v -0.085046 -2.839301 -1.179668
v -0.080046 -2.846372 -1.184668
v -0.075046 -2.853443 -1.189668
v -0.070046 -2.860514 -1.194668
v -0.065046 -2.867585 -1.199668
v -0.060046 -2.874656 -1.204668
v -0.055046 -2.881727 -1.209668
v -0.050046 -2.888798 -1.214668
v -0.045046 -2.895869 -1.219668
v -0.040046 -2.902941 -1.224668
v -0.036394 -2.905408 -1.237527
v -0.031394 -2.912479 -1.242527
v -0.026394 -2.919550 -1.247527
v -0.021394 -2.926621 -1.252527
v -0.017743 -2.929088 -1.265386
v -0.012743 -2.936159 -1.270386
v -0.007743 -2.943230 -1.275386
v -0.002743 -2.950302 -1.280386
v 0.002257 -2.957373 -1.285386
v 0.005909 -2.959840 -1.298246
v 0.010909 -2.966911 -1.303246
v 0.015909 -2.973982 -1.308246
v 0.020909 -2.981053 -1.313246
v 0.024560 -2.983520 -1.326105
v 0.029560 -2.990591 -1.331105
v 0.033212 -2.993058 -1.343965
v 0.036863 -2.995525 -1.356824
v 0.041863 -3.002596 -1.361824
v 0.046863 -3.009667 -1.366824
v 0.050515 -3.012135 -1.379683
v 0.054166 -3.014602 -1.392542
v 0.059166 -3.021673 -1.397542
v 0.064166 -3.028744 -1.402542
v 0.067818 -3.031211 -1.415402
v 0.072818 -3.038282 -1.420402
v 0.076469 -3.040749 -1.433262
v 0.081469 -3.047820 -1.438262
v 0.086469 -3.054891 -1.443262
v 0.054714 -2.936470 -1.662490
v -0.286751 -2.436496 -1.311025
v -0.250293 -2.550971 -1.132675
v -0.243232 -2.565077 -1.125666
v -0.237545 -2.574493 -1.126663
v -0.231859 -2.583910 -1.127659
v -0.226343 -2.592739 -1.129657
v -0.219995 -2.604414 -1.126797
v -0.213647 -2.616089 -1.123938
v -0.207298 -2.627764 -1.121078
v -0.200950 -2.639439 -1.118219
v -0.194601 -2.651114 -1.115360
v -0.189601 -2.658185 -1.120360
v -0.183253 -2.669860 -1.117500
v -0.178253 -2.676931 -1.122500
v -0.171904 -2.688606 -1.119641
v -0.166904 -2.695677 -1.124641
v -0.160556 -2.707352 -1.121781
v -0.155556 -2.714423 -1.126781
v -0.150556 -2.721494 -1.131781
v -0.144207 -2.733170 -1.128922
v -0.139207 -2.740241 -1.133922
v -0.134207 -2.747312 -1.138922
v -0.129207 -2.754383 -1.143922
v -0.124207 -2.761454 -1.148922
v -0.117859 -2.773129 -1.146062
v -0.112859 -2.780200 -1.151062
v -0.106511 -2.791874 -1.148203
v -0.101510 -2.798946 -1.153204
v -0.096510 -2.806017 -1.158204
v -0.091510 -2.813088 -1.163204
v -0.086510 -2.820159 -1.168204
v -0.081510 -2.827230 -1.173204
v -0.076510 -2.834301 -1.178204
v -0.071510 -2.841372 -1.183204
v -0.066510 -2.848443 -1.188204
v -0.061510 -2.855514 -1.193204
v -0.056510 -2.862585 -1.198204
v -0.051510 -2.869656 -1.203204
v -0.046511 -2.876727 -1.208204
v -0.041511 -2.883798 -1.213204
v -0.036511 -2.890869 -1.218204
v -0.031511 -2.897940 -1.223204
v -0.026511 -2.905011 -1.228204
v -0.021511 -2.912082 -1.233204
v -0.017859 -2.914550 -1.246062
v -0.012859 -2.921621 -1.251062
v -0.007859 -2.928692 -1.256062
v -0.004207 -2.931159 -1.268922
v 0.000793 -2.938231 -1.273922
v 0.005793 -2.945302 -1.278922
v 0.010793 -2.952373 -1.283922
v 0.015793 -2.959444 -1.288922
v 0.019444 -2.961911 -1.301781
v 0.024444 -2.968982 -1.306781
v 0.029444 -2.976053 -1.311781
v 0.033096 -2.978520 -1.324641
v 0.038096 -2.985591 -1.329641
v 0.041747 -2.988058 -1.342500
v 0.046747 -2.995129 -1.347500
v 0.051747 -3.002200 -1.352500
v 0.056747 -3.009271 -1.357500
v 0.060399 -3.011738 -1.370360
v 0.064050 -3.014206 -1.383219
v 0.069050 -3.021277 -1.388219
v 0.072702 -3.023744 -1.401078
v 0.077702 -3.030815 -1.406078
v 0.081353 -3.033282 -1.418938
v 0.086353 -3.040353 -1.423938
v 0.090005 -3.042820 -1.436797
v 0.095005 -3.049891 -1.441797
v 0.098141 -3.050600 -1.457659
v 0.083909 -2.992008 -1.574752
v -0.278215 -2.431495 -1.309561
v -0.242444 -2.543625 -1.135215
v -0.235384 -2.557732 -1.128204
v -0.229010 -2.569493 -1.125198
v -0.223323 -2.578910 -1.126194
v -0.217808 -2.587739 -1.128192
v -0.211459 -2.599414 -1.125333
v -0.205111 -2.611089 -1.122473
v -0.198762 -2.622764 -1.119614
v -0.192414 -2.634439 -1.116754
v -0.186066 -2.646114 -1.113895
v -0.181066 -2.653185 -1.118896
v -0.174717 -2.664860 -1.116036
v -0.169717 -2.671931 -1.121036
v -0.163369 -2.683606 -1.118176
v -0.158369 -2.690677 -1.123176
v -0.152020 -2.702352 -1.120317
v -0.147020 -2.709423 -1.125317
v -0.142020 -2.716494 -1.130317
v -0.135672 -2.728169 -1.127457
v -0.130672 -2.735240 -1.132457
v -0.125672 -2.742311 -1.137457
v -0.120672 -2.749382 -1.142457
v -0.115672 -2.756454 -1.147457
v -0.109323 -2.768129 -1.144598
v -0.104323 -2.775200 -1.149598
v -0.097975 -2.786875 -1.146739
v -0.092975 -2.793946 -1.151739
v -0.087975 -2.801017 -1.156739
v -0.082975 -2.808088 -1.161739
v -0.077975 -2.815159 -1.166739
v -0.072975 -2.822230 -1.171739
v -0.067975 -2.829301 -1.176739
v -0.062975 -2.836372 -1.181739
v -0.057975 -2.843443 -1.186739
v -0.052975 -2.850514 -1.191739
v -0.047975 -2.857585 -1.196739
v -0.042975 -2.864656 -1.201739
v -0.037975 -2.871727 -1.206739
v -0.032975 -2.878798 -1.211739
v -0.027975 -2.885869 -1.216739
v -0.022975 -2.892941 -1.221739
v -0.017975 -2.900012 -1.226739
v -0.012975 -2.907083 -1.231739
v -0.009323 -2.909550 -1.244598
v -0.004323 -2.916621 -1.249598
v 0.000677 -2.923692 -1.254598
v 0.005677 -2.930763 -1.259598
v 0.010677 -2.937834 -1.264598
v 0.014328 -2.940301 -1.277457
v 0.019328 -2.947372 -1.282457
v 0.024328 -2.954443 -1.287457
v 0.029328 -2.961515 -1.292457
v 0.032980 -2.963982 -1.305317
v 0.037980 -2.971053 -1.310317
v 0.042980 -2.978124 -1.315317
v 0.046631 -2.980591 -1.328176
v 0.051631 -2.987662 -1.333176
v 0.055283 -2.990129 -1.346036
v 0.060283 -2.997200 -1.351036
v 0.065283 -3.004271 -1.356036
v 0.068934 -3.006738 -1.368896
v 0.072586 -3.009206 -1.381754
v 0.077586 -3.016277 -1.386754
v 0.082586 -3.023348 -1.391754
v 0.086238 -3.025815 -1.404614
v 0.091238 -3.032886 -1.409613
v 0.094889 -3.035353 -1.422473
v 0.099889 -3.042424 -1.427473
v 0.103541 -3.044891 -1.440333
v 0.106677 -3.045600 -1.456194
v 0.076785 -2.933541 -1.664561
v -0.264680 -2.433566 -1.313096
v -0.227535 -2.550387 -1.130743
v -0.221161 -2.562148 -1.127737
v -0.214787 -2.573910 -1.124730
v -0.209272 -2.582739 -1.126728
v -0.202924 -2.594414 -1.123868
v -0.197924 -2.601485 -1.128868
v -0.191575 -2.613160 -1.126009
v -0.185227 -2.624835 -1.123149
v -0.178878 -2.636510 -1.120290
v -0.172530 -2.648185 -1.117431
v -0.166182 -2.659860 -1.114571
v -0.161182 -2.666931 -1.119571
v -0.154833 -2.678606 -1.116712
v -0.149833 -2.685677 -1.121712
v -0.143485 -2.697352 -1.118852
v -0.138485 -2.704423 -1.123852
v -0.133485 -2.711494 -1.128852
v -0.128485 -2.718565 -1.133852
v -0.122136 -2.730241 -1.130993
v -0.117136 -2.737312 -1.135993
v -0.112136 -2.744383 -1.140993
v -0.107136 -2.751454 -1.145993
v -0.100788 -2.763129 -1.143133
v -0.094439 -2.774803 -1.140275
v -0.089439 -2.781874 -1.145275
v -0.084439 -2.788946 -1.150275
v -0.079439 -2.796017 -1.155275
v -0.074439 -2.803088 -1.160275
v -0.069439 -2.810159 -1.165275
v -0.064439 -2.817230 -1.170275
v -0.059439 -2.824301 -1.175275
v -0.053091 -2.835976 -1.172415
v -0.048091 -2.843047 -1.177415
v -0.044439 -2.845514 -1.190275
v -0.039439 -2.852585 -1.195275
v -0.034439 -2.859656 -1.200275
v -0.029439 -2.866727 -1.205275
v -0.024439 -2.873798 -1.210275
v -0.019439 -2.880869 -1.215275
v -0.014439 -2.887941 -1.220275
v -0.009439 -2.895012 -1.225275
v -0.004439 -2.902083 -1.230275
v 0.000561 -2.909154 -1.235275
v 0.005561 -2.916225 -1.240275
v 0.009212 -2.918692 -1.253133
v 0.014212 -2.925763 -1.258133
v 0.019212 -2.932834 -1.263133
v 0.024212 -2.939905 -1.268133
v 0.029212 -2.946976 -1.273133
v 0.032864 -2.949444 -1.285993
v 0.037864 -2.956515 -1.290993
v 0.042864 -2.963586 -1.295993
v 0.046515 -2.966053 -1.308852
v 0.051515 -2.973124 -1.313853
v 0.056515 -2.980195 -1.318852
v 0.060167 -2.982662 -1.331712
v 0.065167 -2.989733 -1.336712
v 0.070167 -2.996804 -1.341712
v 0.073818 -2.999271 -1.354571
v 0.078818 -3.006342 -1.359571
v 0.082470 -3.008809 -1.372431
v 0.086122 -3.011277 -1.385290
v 0.091122 -3.018348 -1.390290
v 0.096122 -3.025419 -1.395290
v 0.099773 -3.027886 -1.408149
v 0.104773 -3.034957 -1.413149
v 0.108425 -3.037424 -1.426009
v 0.112076 -3.039891 -1.438868
v 0.115728 -3.042358 -1.451728
v 0.085320 -2.928541 -1.663096
v -0.251144 -2.435638 -1.316632
v -0.212626 -2.557148 -1.126272
v -0.206939 -2.566564 -1.127269
v -0.200737 -2.577739 -1.125263
v -0.195737 -2.584810 -1.130263
v -0.189388 -2.596485 -1.127404
v -0.183040 -2.608160 -1.124544
v -0.176691 -2.619835 -1.121685
v -0.170343 -2.631510 -1.118825
v -0.163995 -2.643185 -1.115967
v -0.158995 -2.650256 -1.120966
v -0.152646 -2.661931 -1.118107
v -0.147646 -2.669002 -1.123107
v -0.141298 -2.680677 -1.120247
v -0.134949 -2.692352 -1.117388
v -0.129949 -2.699423 -1.122388
v -0.124949 -2.706494 -1.127388
v -0.119949 -2.713565 -1.132388
v -0.113601 -2.725241 -1.129528
v -0.108601 -2.732312 -1.134528
v -0.103601 -2.739383 -1.139528
v -0.097252 -2.751058 -1.136669
v -0.092252 -2.758129 -1.141669
v -0.087252 -2.765200 -1.146669
v -0.080904 -2.776874 -1.143810
v -0.075904 -2.783946 -1.148810
v -0.070904 -2.791017 -1.153810
v -0.065904 -2.798088 -1.158810
v -0.059555 -2.809763 -1.155951
v -0.055904 -2.812230 -1.168810
v -0.049555 -2.823905 -1.165951
v -0.044555 -2.830976 -1.170951
v -0.039555 -2.838047 -1.175951
v -0.035904 -2.840514 -1.188810
v -0.030904 -2.847585 -1.193810
v -0.025904 -2.854656 -1.198810
v -0.020904 -2.861727 -1.203810
v -0.015904 -2.868798 -1.208810
v -0.010904 -2.875870 -1.213810
v -0.005904 -2.882941 -1.218810
v -0.000904 -2.890012 -1.223810
v 0.004096 -2.897083 -1.228810
v 0.009096 -2.904154 -1.233810
v 0.014096 -2.911225 -1.238810
v 0.017748 -2.913692 -1.251669
v 0.022748 -2.920763 -1.256669
v 0.027748 -2.927834 -1.261669
v 0.032748 -2.934906 -1.266669
v 0.037748 -2.941977 -1.271669
v 0.041399 -2.944444 -1.284528
v 0.046399 -2.951515 -1.289528
v 0.051399 -2.958586 -1.294528
v 0.056399 -2.965657 -1.299528
v 0.060051 -2.968124 -1.312388
v 0.065051 -2.975195 -1.317388
v 0.070051 -2.982266 -1.322388
v 0.073702 -2.984733 -1.335248
v 0.078702 -2.991804 -1.340248
v 0.083702 -2.998875 -1.345248
v 0.087354 -3.001342 -1.358107
v 0.092354 -3.008413 -1.363107
v 0.096005 -3.010880 -1.375967
v 0.101005 -3.017951 -1.380966
v 0.104657 -3.020419 -1.393825
v 0.109657 -3.027490 -1.398825
v 0.113309 -3.029957 -1.411685
v 0.118309 -3.037028 -1.416685
v 0.121960 -3.039495 -1.429544
v 0.125612 -3.041962 -1.442404
v 0.129263 -3.044429 -1.455263
v 0.098856 -2.930612 -1.666632
v -0.242609 -2.430638 -1.315168
v -0.204090 -2.552148 -1.124808
v -0.198403 -2.561564 -1.125805
v -0.193403 -2.568635 -1.130805
v -0.185853 -2.584414 -1.120939
v -0.180853 -2.591485 -1.125939
v -0.174504 -2.603160 -1.123080
v -0.169504 -2.610231 -1.128080
v -0.163156 -2.621906 -1.125220
v -0.156807 -2.633581 -1.122361
v -0.150459 -2.645256 -1.119502
v -0.145459 -2.652327 -1.124502
v -0.139111 -2.664002 -1.121642
v -0.132762 -2.675677 -1.118783
v -0.127762 -2.682748 -1.123783
v -0.121414 -2.694423 -1.120924
v -0.116414 -2.701494 -1.125923
v -0.111414 -2.708565 -1.130924
v -0.105065 -2.720241 -1.128064
v -0.100065 -2.727312 -1.133064
v -0.095065 -2.734383 -1.138064
v -0.088717 -2.746058 -1.135204
v -0.083717 -2.753129 -1.140204
v -0.078717 -2.760200 -1.145204
v -0.072368 -2.771874 -1.142346
v -0.067368 -2.778946 -1.147346
v -0.062368 -2.786017 -1.152346
v -0.057368 -2.793088 -1.157346
v -0.052368 -2.800159 -1.162346
v -0.047368 -2.807230 -1.167346
v -0.042368 -2.814301 -1.172346
v -0.036020 -2.825976 -1.169486
v -0.031020 -2.833047 -1.174486
v -0.026020 -2.840118 -1.179486
v -0.021020 -2.847189 -1.184486
v -0.016020 -2.854260 -1.189486
v -0.012368 -2.856727 -1.202346
v -0.007368 -2.863798 -1.207346
v -0.002368 -2.870869 -1.212346
v 0.002632 -2.877940 -1.217346
v 0.007632 -2.885011 -1.222346
v 0.012632 -2.892082 -1.227346
v 0.017632 -2.899154 -1.232346
v 0.022632 -2.906225 -1.237346
v 0.027632 -2.913296 -1.242346
v 0.031283 -2.915763 -1.255204
v 0.036283 -2.922834 -1.260204
v 0.041283 -2.929905 -1.265204
v 0.046283 -2.936976 -1.270204
v 0.051283 -2.944047 -1.275204
v 0.054935 -2.946515 -1.288064
v 0.059935 -2.953586 -1.293064
v 0.064935 -2.960657 -1.298064
v 0.068586 -2.963124 -1.310924
v 0.073586 -2.970195 -1.315923
v 0.078586 -2.977266 -1.320924
v 0.083586 -2.984337 -1.325923
v 0.087238 -2.986804 -1.338783
v 0.092238 -2.993875 -1.343783
v 0.095889 -2.996342 -1.356642
v 0.100889 -3.003413 -1.361642
v 0.104541 -3.005880 -1.374502
v 0.109541 -3.012952 -1.379502
v 0.113193 -3.015419 -1.392361
v 0.118193 -3.022490 -1.397361
v 0.121844 -3.024957 -1.410220
v 0.125496 -3.027424 -1.423080
v 0.130496 -3.034495 -1.428080
v 0.134147 -3.036962 -1.440939
v 0.137799 -3.039429 -1.453799
v 0.107391 -2.925612 -1.665167
v -0.229073 -2.432709 -1.318703
v -0.224073 -2.439780 -1.323703
v -0.185555 -2.561290 -1.133343
v -0.178666 -2.574810 -1.127334
v -0.172317 -2.586485 -1.124475
v -0.167317 -2.593556 -1.129475
v -0.160969 -2.605231 -1.126615
v -0.154620 -2.616906 -1.123756
v -0.148272 -2.628581 -1.120896
v -0.141924 -2.640256 -1.118037
v -0.136924 -2.647327 -1.123038
v -0.130575 -2.659002 -1.120178
v -0.125575 -2.666073 -1.125178
v -0.119227 -2.677748 -1.122319
v -0.112878 -2.689423 -1.119459
v -0.107878 -2.696494 -1.124459
v -0.102878 -2.703565 -1.129459
v -0.097878 -2.710636 -1.134459
v -0.091530 -2.722311 -1.131599
v -0.086530 -2.729383 -1.136599
v -0.080181 -2.741058 -1.133740
v -0.075181 -2.748129 -1.138740
v -0.070181 -2.755200 -1.143740
v -0.063833 -2.766875 -1.140881
v -0.058833 -2.773946 -1.145881
v -0.053833 -2.781017 -1.150881
v -0.048833 -2.788088 -1.155881
v -0.043833 -2.795159 -1.160881
v -0.038833 -2.802230 -1.165881
v -0.033833 -2.809301 -1.170881
v -0.027484 -2.820976 -1.168022
v -0.022484 -2.828047 -1.173022
v -0.017484 -2.835118 -1.178022
v -0.012484 -2.842189 -1.183022
v -0.007484 -2.849260 -1.188022
v -0.003833 -2.851727 -1.200881
v 0.001167 -2.858798 -1.205881
v 0.006167 -2.865869 -1.210881
v 0.011167 -2.872941 -1.215881
v 0.016167 -2.880012 -1.220881
v 0.021167 -2.887083 -1.225881
v 0.026167 -2.894154 -1.230881
v 0.031167 -2.901225 -1.235881
v 0.036167 -2.908296 -1.240881
v 0.039819 -2.910763 -1.253740
v 0.044819 -2.917834 -1.258740
v 0.049819 -2.924905 -1.263740
v 0.054819 -2.931976 -1.268740
v 0.059819 -2.939047 -1.273740
v 0.064819 -2.946119 -1.278740
v 0.068470 -2.948586 -1.291600
v 0.073470 -2.955657 -1.296600
v 0.078470 -2.962728 -1.301600
v 0.082122 -2.965195 -1.314459
v 0.087122 -2.972266 -1.319459
v 0.092122 -2.979337 -1.324459
v 0.095773 -2.981804 -1.337319
v 0.100773 -2.988875 -1.342319
v 0.105773 -2.995946 -1.347319
v 0.109425 -2.998413 -1.360178
v 0.114425 -3.005484 -1.365178
v 0.118076 -3.007951 -1.378037
v 0.123076 -3.015023 -1.383038
v 0.126728 -3.017490 -1.395896
v 0.131728 -3.024561 -1.400896
v 0.134031 -3.022424 -1.421615
v 0.139031 -3.029495 -1.426615
v 0.142683 -3.031962 -1.439475
v 0.146334 -3.034429 -1.452334
v 0.150819 -3.039742 -1.460336
v 0.120927 -2.927683 -1.668703
v -0.215538 -2.434780 -1.322239
v -0.177019 -2.556290 -1.131879
v -0.170130 -2.569810 -1.125870
v -0.165130 -2.576881 -1.130870
v -0.158782 -2.588556 -1.128010
v -0.152433 -2.600231 -1.125151
v -0.146085 -2.611906 -1.122291
v -0.139736 -2.623581 -1.119432
v -0.134736 -2.630653 -1.124432
v -0.128388 -2.642327 -1.121573
v -0.123388 -2.649398 -1.126573
v -0.117040 -2.661073 -1.123713
v -0.110691 -2.672748 -1.120854
v -0.105691 -2.679819 -1.125854
v -0.099343 -2.691494 -1.122994
v -0.094343 -2.698565 -1.127995
v -0.089343 -2.705637 -1.132994
v -0.082994 -2.717312 -1.130135
v -0.077994 -2.724383 -1.135135
v -0.071646 -2.736058 -1.132275
v -0.066646 -2.743129 -1.137275
v -0.061646 -2.750200 -1.142275
v -0.056646 -2.757271 -1.147275
v -0.050297 -2.768946 -1.144417
v -0.045297 -2.776017 -1.149417
v -0.040297 -2.783088 -1.154417
v -0.035297 -2.790159 -1.159417
v -0.030297 -2.797230 -1.164417
v -0.025297 -2.804301 -1.169417
v -0.018949 -2.815976 -1.166557
v -0.013949 -2.823047 -1.171557
v -0.008949 -2.830118 -1.176557
v -0.003949 -2.837189 -1.181557
v 0.001051 -2.844260 -1.186557
v 0.006051 -2.851331 -1.191557
v 0.009703 -2.853798 -1.204417
v 0.014703 -2.860869 -1.209417
v 0.019703 -2.867941 -1.214417
v 0.024703 -2.875012 -1.219417
v 0.029703 -2.882083 -1.224417
v 0.034703 -2.889154 -1.229417
v 0.039703 -2.896225 -1.234417
v 0.044703 -2.903296 -1.239417
v 0.049703 -2.910367 -1.244417
v 0.053354 -2.912834 -1.257275
v 0.058354 -2.919905 -1.262275
v 0.063354 -2.926976 -1.267275
v 0.068354 -2.934047 -1.272275
v 0.073354 -2.941119 -1.277276
v 0.077006 -2.943586 -1.290135
v 0.082006 -2.950657 -1.295135
v 0.087006 -2.957728 -1.300135
v 0.090657 -2.960195 -1.312994
v 0.095657 -2.967266 -1.317995
v 0.100657 -2.974337 -1.322994
v 0.105657 -2.981408 -1.327995
v 0.109309 -2.983875 -1.340854
v 0.114309 -2.990946 -1.345854
v 0.119309 -2.998017 -1.350854
v 0.122960 -3.000484 -1.363714
v 0.127960 -3.007555 -1.368713
v 0.131612 -3.010022 -1.381573
v 0.135264 -3.012490 -1.394432
v 0.140264 -3.019561 -1.399432
v 0.143915 -3.022028 -1.412291
v 0.147567 -3.024496 -1.425151
v 0.151218 -3.026963 -1.438010
v 0.154870 -3.029429 -1.450870
v 0.159870 -3.036500 -1.455870
v 0.129462 -2.922683 -1.667238
v -0.202002 -2.436851 -1.325774
v -0.197002 -2.443922 -1.330774
v -0.156595 -2.571881 -1.129405
v -0.151595 -2.578952 -1.134405
v -0.145246 -2.590627 -1.131546
v -0.137549 -2.606906 -1.120827
v -0.131201 -2.618582 -1.117967
v -0.126201 -2.625653 -1.122967
v -0.119852 -2.637327 -1.120109
v -0.114852 -2.644398 -1.125109
v -0.108504 -2.656073 -1.122249
v -0.102156 -2.667748 -1.119390
v -0.097156 -2.674819 -1.124390
v -0.090807 -2.686494 -1.121530
v -0.085807 -2.693565 -1.126530
v -0.080807 -2.700637 -1.131530
v -0.074459 -2.712312 -1.128671
v -0.069459 -2.719383 -1.133671
v -0.064459 -2.726454 -1.138671
v -0.058110 -2.738129 -1.135811
v -0.053110 -2.745200 -1.140811
v -0.048110 -2.752271 -1.145811
v -0.041762 -2.763946 -1.142952
v -0.036762 -2.771017 -1.147952
v -0.031762 -2.778088 -1.152952
v -0.026762 -2.785159 -1.157952
v -0.021762 -2.792230 -1.162952
v -0.016762 -2.799301 -1.167952
v -0.010413 -2.810976 -1.165093
v -0.005413 -2.818047 -1.170093
v -0.000413 -2.825118 -1.175093
v 0.004587 -2.832189 -1.180093
v 0.009587 -2.839260 -1.185093
v 0.014587 -2.846331 -1.190093
v 0.019587 -2.853402 -1.195093
v 0.024587 -2.860473 -1.200093
v 0.028238 -2.862941 -1.212952
v 0.033238 -2.870012 -1.217952
v 0.038238 -2.877083 -1.222952
v 0.043238 -2.884154 -1.227952
v 0.048238 -2.891225 -1.232952
v 0.053238 -2.898296 -1.237952
v 0.058238 -2.905367 -1.242952
v 0.061890 -2.907834 -1.255811
v 0.066890 -2.914906 -1.260811
v 0.071890 -2.921977 -1.265811
v 0.076890 -2.929048 -1.270811
v 0.081890 -2.936119 -1.275811
v 0.086890 -2.943190 -1.280811
v 0.090541 -2.945657 -1.293671
v 0.095541 -2.952728 -1.298671
v 0.100541 -2.959799 -1.303671
v 0.104193 -2.962266 -1.316530
v 0.109193 -2.969337 -1.321530
v 0.114193 -2.976408 -1.326530
v 0.119193 -2.983479 -1.331530
v 0.122845 -2.985946 -1.344390
v 0.127844 -2.993017 -1.349390
v 0.132844 -3.000088 -1.354390
v 0.136496 -3.002556 -1.367249
v 0.141496 -3.009627 -1.372249
v 0.145148 -3.012094 -1.385109
v 0.148799 -3.014561 -1.397967
v 0.153799 -3.021632 -1.402967
v 0.157451 -3.024099 -1.415827
v 0.161102 -3.026567 -1.428686
v 0.164754 -3.029033 -1.441546
v 0.168405 -3.031500 -1.454405
v 0.137998 -2.917683 -1.665774
v -0.198466 -2.424780 -1.319310
v -0.161322 -2.541600 -1.136956
v -0.154948 -2.553361 -1.133950
v -0.148574 -2.565123 -1.130943
v -0.143059 -2.573952 -1.132941
v -0.135362 -2.590231 -1.122222
v -0.129014 -2.601906 -1.119362
v -0.124014 -2.608977 -1.124362
v -0.117665 -2.620652 -1.121503
v -0.111317 -2.632327 -1.118644
v -0.106317 -2.639398 -1.123644
v -0.099968 -2.651073 -1.120785
v -0.093620 -2.662748 -1.117925
v -0.088620 -2.669819 -1.122925
v -0.083620 -2.676890 -1.127925
v -0.077272 -2.688565 -1.125066
v -0.072272 -2.695637 -1.130066
v -0.067272 -2.702708 -1.135066
v -0.060923 -2.714383 -1.132206
v -0.055923 -2.721454 -1.137206
v -0.049575 -2.733129 -1.134346
v -0.044575 -2.740200 -1.139347
v -0.039575 -2.747271 -1.144346
v -0.034575 -2.754342 -1.149347
v -0.029575 -2.761413 -1.154347
v -0.024575 -2.768484 -1.159347
v -0.018226 -2.780159 -1.156488
v -0.013226 -2.787230 -1.161488
v -0.008226 -2.794301 -1.166488
v -0.003226 -2.801372 -1.171488
v 0.001774 -2.808443 -1.176488
v 0.008122 -2.820118 -1.173628
v 0.013122 -2.827189 -1.178628
v 0.018122 -2.834260 -1.183628
v 0.023122 -2.841331 -1.188628
v 0.028122 -2.848402 -1.193628
v 0.033122 -2.855473 -1.198628
v 0.038122 -2.862544 -1.203628
v 0.041774 -2.865011 -1.216488
v 0.046774 -2.872082 -1.221488
v 0.051774 -2.879154 -1.226488
v 0.056774 -2.886225 -1.231488
v 0.061774 -2.893296 -1.236488
v 0.066774 -2.900367 -1.241488
v 0.071774 -2.907438 -1.246488
v 0.075425 -2.909905 -1.259346
v 0.080425 -2.916976 -1.264347
v 0.085425 -2.924047 -1.269346
v 0.090425 -2.931119 -1.274347
v 0.095425 -2.938190 -1.279347
v 0.099077 -2.940657 -1.292206
v 0.104077 -2.947728 -1.297206
v 0.109077 -2.954799 -1.302206
v 0.114077 -2.961870 -1.307206
v 0.117729 -2.964337 -1.320066
v 0.122728 -2.971408 -1.325066
v 0.127728 -2.978479 -1.330066
v 0.132728 -2.985550 -1.335066
v 0.136380 -2.988017 -1.347925
v 0.141380 -2.995088 -1.352925
v 0.145032 -2.997556 -1.365785
v 0.150032 -3.004627 -1.370785
v 0.153683 -3.007094 -1.383644
v 0.157335 -3.009561 -1.396503
v 0.162335 -3.016632 -1.401503
v 0.165986 -3.019099 -1.414362
v 0.170986 -3.026170 -1.419362
v 0.173289 -3.024033 -1.440081
v 0.176941 -3.026500 -1.452941
v 0.181941 -3.033571 -1.457941
v 0.151533 -2.919754 -1.669310
v -0.189931 -2.419780 -1.317845
v -0.152786 -2.536600 -1.135492
v -0.146413 -2.548361 -1.132486
v -0.140039 -2.560123 -1.129478
v -0.134524 -2.568952 -1.131477
v -0.128175 -2.580627 -1.128617
v -0.120478 -2.596906 -1.117898
v -0.115478 -2.603977 -1.122898
v -0.110478 -2.611048 -1.127898
v -0.102781 -2.627327 -1.117180
v -0.097781 -2.634398 -1.122180
v -0.091433 -2.646073 -1.119320
v -0.085085 -2.657748 -1.116461
v -0.080085 -2.664819 -1.121461
v -0.075085 -2.671890 -1.126461
v -0.068736 -2.683565 -1.123601
v -0.063736 -2.690636 -1.128601
v -0.058736 -2.697707 -1.133601
v -0.052388 -2.709383 -1.130742
v -0.047388 -2.716454 -1.135742
v -0.042388 -2.723525 -1.140742
v -0.036039 -2.735200 -1.137882
v -0.031039 -2.742271 -1.142882
v -0.026039 -2.749342 -1.147882
v -0.021039 -2.756413 -1.152882
v -0.016039 -2.763484 -1.157882
v -0.009691 -2.775159 -1.155023
v -0.004691 -2.782230 -1.160023
v 0.000309 -2.789301 -1.165023
v 0.005309 -2.796372 -1.170023
v 0.010309 -2.803443 -1.175023
v 0.015309 -2.810514 -1.180023
v 0.021658 -2.822189 -1.177164
v 0.026658 -2.829260 -1.182164
v 0.031658 -2.836331 -1.187164
v 0.036658 -2.843402 -1.192164
v 0.041658 -2.850473 -1.197164
v 0.046658 -2.857544 -1.202164
v 0.050309 -2.860012 -1.215023
v 0.055309 -2.867083 -1.220023
v 0.060309 -2.874154 -1.225023
v 0.065309 -2.881225 -1.230023
v 0.070309 -2.888296 -1.235023
v 0.075309 -2.895367 -1.240023
v 0.080309 -2.902438 -1.245023
v 0.083961 -2.904905 -1.257882
v 0.088961 -2.911976 -1.262882
v 0.093961 -2.919047 -1.267882
v 0.098961 -2.926119 -1.272882
v 0.103961 -2.933190 -1.277882
v 0.108961 -2.940261 -1.282882
v 0.112613 -2.942728 -1.295742
v 0.117612 -2.949799 -1.300742
v 0.122612 -2.956870 -1.305742
v 0.127612 -2.963941 -1.310742
v 0.132612 -2.971012 -1.315742
v 0.136264 -2.973479 -1.328601
v 0.141264 -2.980550 -1.333601
v 0.144916 -2.983017 -1.346461
v 0.149916 -2.990088 -1.351461
v 0.153567 -2.992556 -1.364320
v 0.158567 -2.999627 -1.369320
v 0.162219 -3.002094 -1.382180
v 0.167219 -3.009165 -1.387180
v 0.170870 -3.011632 -1.400038
v 0.175870 -3.018703 -1.405038
v 0.179522 -3.021170 -1.417898
v 0.183173 -3.023638 -1.430757
v 0.186825 -3.026104 -1.443617
v 0.190476 -3.028571 -1.456476
v 0.160069 -2.914754 -1.667845
v -0.176395 -2.421851 -1.321381
v -0.137877 -2.543361 -1.131021
v -0.132190 -2.552777 -1.132018
v -0.126503 -2.562194 -1.133014
v -0.119640 -2.575627 -1.127152
v -0.113291 -2.587302 -1.124293
v -0.106943 -2.598977 -1.121433
v -0.101943 -2.606048 -1.126433
v -0.095594 -2.617723 -1.123574
v -0.090594 -2.624795 -1.128574
v -0.084246 -2.636469 -1.125715
v -0.077897 -2.648144 -1.122856
v -0.071549 -2.659819 -1.119996
v -0.066549 -2.666890 -1.124996
v -0.060200 -2.678565 -1.122137
v -0.055200 -2.685637 -1.127137
v -0.050200 -2.692708 -1.132137
v -0.043852 -2.704383 -1.129277
v -0.038852 -2.711454 -1.134277
v -0.033852 -2.718525 -1.139277
v -0.027503 -2.730200 -1.136418
v -0.022503 -2.737271 -1.141418
v -0.017503 -2.744342 -1.146418
v -0.012503 -2.751413 -1.151418
v -0.007503 -2.758484 -1.156418
v -0.002503 -2.765555 -1.161418
v 0.003845 -2.777230 -1.158559
v 0.008845 -2.784301 -1.163559
v 0.013845 -2.791372 -1.168559
v 0.018845 -2.798443 -1.173559
v 0.023845 -2.805514 -1.178559
v 0.030193 -2.817189 -1.175699
v 0.035193 -2.824260 -1.180699
v 0.040193 -2.831331 -1.185699
v 0.045193 -2.838402 -1.190699
v 0.050193 -2.845473 -1.195699
v 0.055193 -2.852544 -1.200699
v 0.058845 -2.855011 -1.213559
v 0.063845 -2.862082 -1.218559
v 0.068845 -2.869154 -1.223559
v 0.073845 -2.876225 -1.228559
v 0.078845 -2.883296 -1.233559
v 0.083845 -2.890367 -1.238559
v 0.088845 -2.897438 -1.243559
v 0.093845 -2.904509 -1.248559
v 0.097497 -2.906976 -1.261418
v 0.102497 -2.914047 -1.266418
v 0.107497 -2.921119 -1.271418
v 0.112497 -2.928190 -1.276418
v 0.117497 -2.935261 -1.281418
v 0.122497 -2.942332 -1.286418
v 0.126148 -2.944799 -1.299277
v 0.131148 -2.951870 -1.304277
v 0.136148 -2.958941 -1.309277
v 0.141148 -2.966012 -1.314277
v 0.144800 -2.968479 -1.327137
v 0.149800 -2.975550 -1.332137
v 0.154800 -2.982621 -1.337137
v 0.158451 -2.985088 -1.349996
v 0.162103 -2.987556 -1.362856
v 0.167103 -2.994627 -1.367856
v 0.170754 -2.997093 -1.380715
v 0.175754 -3.004164 -1.385715
v 0.180754 -3.011235 -1.390715
v 0.184406 -3.013703 -1.403574
v 0.188057 -3.016170 -1.416433
v 0.191709 -3.018637 -1.429293
v 0.195360 -3.021104 -1.442152
v 0.200360 -3.028175 -1.447152
v 0.205360 -3.035246 -1.452152
v 0.173605 -2.916826 -1.671381
v -0.167860 -2.416851 -1.319916
v -0.130028 -2.536016 -1.133560
v -0.124341 -2.545432 -1.134557
v -0.117968 -2.557194 -1.131549
v -0.112453 -2.566023 -1.133548
v -0.104756 -2.582302 -1.122828
v -0.098407 -2.593977 -1.119969
v -0.093407 -2.601048 -1.124969
v -0.087059 -2.612724 -1.122109
v -0.080710 -2.624398 -1.119251
v -0.075710 -2.631469 -1.124251
v -0.069362 -2.643144 -1.121391
v -0.063013 -2.654819 -1.118532
v -0.058013 -2.661890 -1.123532
v -0.053013 -2.668961 -1.128532
v -0.046665 -2.680636 -1.125672
v -0.041665 -2.687707 -1.130672
v -0.036665 -2.694778 -1.135672
v -0.031665 -2.701850 -1.140672
v -0.025316 -2.713525 -1.137813
v -0.020316 -2.720596 -1.142813
v -0.013968 -2.732271 -1.139953
v -0.008968 -2.739342 -1.144953
v -0.003968 -2.746413 -1.149953
v 0.001032 -2.753484 -1.154953
v 0.006032 -2.760555 -1.159953
v 0.011032 -2.767626 -1.164953
v 0.017380 -2.779301 -1.162094
v 0.022380 -2.786372 -1.167094
v 0.027380 -2.793443 -1.172094
v 0.032380 -2.800514 -1.177094
v 0.037380 -2.807585 -1.182094
v 0.043729 -2.819260 -1.179235
v 0.048729 -2.826331 -1.184235
v 0.053729 -2.833402 -1.189235
v 0.058729 -2.840473 -1.194235
v 0.063729 -2.847544 -1.199235
v 0.068729 -2.854615 -1.204235
v 0.072380 -2.857083 -1.217094
v 0.077380 -2.864154 -1.222094
v 0.082380 -2.871225 -1.227094
v 0.087380 -2.878296 -1.232094
v 0.092380 -2.885367 -1.237094
v 0.097380 -2.892438 -1.242094
v 0.102380 -2.899509 -1.247094
v 0.107380 -2.906580 -1.252094
v 0.111032 -2.909047 -1.264953
v 0.116032 -2.916119 -1.269953
v 0.121032 -2.923190 -1.274953
v 0.126032 -2.930261 -1.279953
v 0.131032 -2.937332 -1.284953
v 0.134684 -2.939799 -1.297813
v 0.139684 -2.946870 -1.302813
v 0.144684 -2.953941 -1.307813
v 0.149684 -2.961012 -1.312813
v 0.153335 -2.963479 -1.325672
v 0.158335 -2.970550 -1.330672
v 0.163335 -2.977621 -1.335672
v 0.168335 -2.984692 -1.340672
v 0.170638 -2.982556 -1.361391
v 0.175638 -2.989627 -1.366391
v 0.180638 -2.996698 -1.371391
v 0.185638 -3.003769 -1.376391
v 0.189290 -3.006236 -1.389251
v 0.192941 -3.008703 -1.402109
v 0.196593 -3.011170 -1.414969
v 0.200244 -3.013638 -1.427828
v 0.205244 -3.020709 -1.432828
v 0.208896 -3.023175 -1.445688
v 0.213896 -3.030246 -1.450688
v 0.182140 -2.911826 -1.669916
v -0.159324 -2.411851 -1.318452
v -0.122180 -2.528671 -1.136099
v -0.116493 -2.538087 -1.137095
v -0.110119 -2.549848 -1.134089
v -0.103917 -2.561023 -1.132083
v -0.097569 -2.572698 -1.129223
v -0.091220 -2.584373 -1.126364
v -0.084872 -2.596048 -1.123504
v -0.078523 -2.607723 -1.120645
v -0.072175 -2.619398 -1.117786
v -0.067175 -2.626469 -1.122786
v -0.060826 -2.638144 -1.119927
v -0.055826 -2.645215 -1.124927
v -0.049478 -2.656890 -1.122067
v -0.044478 -2.663961 -1.127067
v -0.039478 -2.671032 -1.132067
v -0.033129 -2.682708 -1.129208
v -0.028129 -2.689779 -1.134208
v -0.023129 -2.696850 -1.139208
v -0.016781 -2.708525 -1.136348
v -0.011781 -2.715596 -1.141348
v -0.005432 -2.727271 -1.138489
v -0.000432 -2.734342 -1.143489
v 0.004568 -2.741413 -1.148489
v 0.009568 -2.748484 -1.153489
v 0.014568 -2.755555 -1.158489
v 0.019568 -2.762626 -1.163489
v 0.025916 -2.774301 -1.160630
v 0.030916 -2.781372 -1.165630
v 0.035916 -2.788443 -1.170630
v 0.040916 -2.795514 -1.175630
v 0.045916 -2.802585 -1.180630
v 0.052264 -2.814260 -1.177770
v 0.057264 -2.821331 -1.182770
v 0.062264 -2.828402 -1.187770
v 0.067264 -2.835473 -1.192770
v 0.072264 -2.842544 -1.197770
v 0.075916 -2.845011 -1.210630
v 0.080916 -2.852082 -1.215630
v 0.085916 -2.859154 -1.220630
v 0.090916 -2.866225 -1.225630
v 0.095916 -2.873296 -1.230630
v 0.100916 -2.880367 -1.235630
v 0.105916 -2.887438 -1.240630
v 0.110916 -2.894509 -1.245630
v 0.115916 -2.901580 -1.250630
v 0.119568 -2.904047 -1.263489
v 0.124568 -2.911119 -1.268489
v 0.129568 -2.918190 -1.273489
v 0.134568 -2.925261 -1.278489
v 0.139568 -2.932332 -1.283489
v 0.144568 -2.939403 -1.288489
v 0.148219 -2.941870 -1.301348
v 0.153219 -2.948941 -1.306348
v 0.158219 -2.956012 -1.311348
v 0.161871 -2.958479 -1.324208
v 0.166871 -2.965550 -1.329208
v 0.171871 -2.972621 -1.334208
v 0.176871 -2.979692 -1.339208
v 0.180522 -2.982159 -1.352067
v 0.184174 -2.984627 -1.364927
v 0.189174 -2.991698 -1.369927
v 0.194174 -2.998769 -1.374927
v 0.197825 -3.001235 -1.387786
v 0.202825 -3.008307 -1.392786
v 0.206477 -3.010774 -1.405645
v 0.210128 -3.013241 -1.418504
v 0.213780 -3.015708 -1.431364
v 0.217431 -3.018175 -1.444223
v 0.222431 -3.025246 -1.449223
v 0.190676 -2.906826 -1.668452
v -0.150789 -2.406851 -1.316987
v -0.114331 -2.521326 -1.138637
v -0.108644 -2.530742 -1.139634
v -0.102270 -2.542503 -1.136628
v -0.095896 -2.554265 -1.133621
v -0.089033 -2.567698 -1.127759
v -0.082684 -2.579373 -1.124900
v -0.077684 -2.586445 -1.129900
v -0.069988 -2.602724 -1.119181
v -0.064988 -2.609795 -1.124180
v -0.058639 -2.621469 -1.121322
v -0.053639 -2.628540 -1.126322
v -0.047291 -2.640215 -1.123462
v -0.042291 -2.647286 -1.128462
v -0.035942 -2.658961 -1.125603
v -0.030942 -2.666032 -1.130603
v -0.024594 -2.677707 -1.127743
v -0.019594 -2.684778 -1.132743
v -0.014594 -2.691850 -1.137743
v -0.008245 -2.703525 -1.134884
v -0.003245 -2.710596 -1.139884
v 0.003103 -2.722271 -1.137024
v 0.008103 -2.729342 -1.142024
v 0.013103 -2.736413 -1.147024
v 0.018103 -2.743484 -1.152024
v 0.023103 -2.750555 -1.157024
v 0.028103 -2.757626 -1.162024
v 0.033103 -2.764697 -1.167024
v 0.039452 -2.776372 -1.164165
v 0.044452 -2.783443 -1.169166
v 0.049452 -2.790514 -1.174165
v 0.054452 -2.797585 -1.179166
v 0.060800 -2.809260 -1.176306
v 0.065800 -2.816331 -1.181306
v 0.070800 -2.823402 -1.186306
v 0.075800 -2.830473 -1.191306
v 0.080800 -2.837544 -1.196306
v 0.085800 -2.844615 -1.201306
v 0.089452 -2.847083 -1.214165
v 0.094452 -2.854154 -1.219166
v 0.099451 -2.861225 -1.224165
v 0.104451 -2.868296 -1.229166
v 0.109451 -2.875367 -1.234165
v 0.114451 -2.882438 -1.239166
v 0.119451 -2.889509 -1.244165
v 0.124451 -2.896580 -1.249166
v 0.129451 -2.903651 -1.254165
v 0.133103 -2.906119 -1.267024
v 0.138103 -2.913190 -1.272024
v 0.143103 -2.920261 -1.277024
v 0.148103 -2.927332 -1.282024
v 0.153103 -2.934403 -1.287024
v 0.156755 -2.936870 -1.299884
v 0.161755 -2.943941 -1.304884
v 0.166755 -2.951012 -1.309884
v 0.171755 -2.958083 -1.314884
v 0.176755 -2.965154 -1.319884
v 0.180406 -2.967621 -1.332743
v 0.185406 -2.974692 -1.337743
v 0.189058 -2.977160 -1.350603
v 0.194058 -2.984231 -1.355603
v 0.197709 -2.986698 -1.368462
v 0.202709 -2.993769 -1.373462
v 0.206361 -2.996236 -1.386322
v 0.211361 -3.003307 -1.391322
v 0.215012 -3.005774 -1.404180
v 0.218664 -3.008241 -1.417040
v 0.222315 -3.010709 -1.429899
v 0.227315 -3.017780 -1.434900
v 0.230967 -3.020247 -1.447759
v 0.235967 -3.027318 -1.452759
v 0.204211 -2.908897 -1.671987
v -0.137253 -2.408922 -1.320523
v -0.100108 -2.525742 -1.138170
v -0.093735 -2.537503 -1.135163
v -0.087361 -2.549265 -1.132156
v -0.081846 -2.558094 -1.134154
v -0.075497 -2.569769 -1.131295
v -0.069149 -2.581445 -1.128435
v -0.062801 -2.593119 -1.125576
v -0.056452 -2.604795 -1.122716
v -0.051452 -2.611866 -1.127716
v -0.045104 -2.623540 -1.124857
v -0.038755 -2.635215 -1.121998
v -0.033755 -2.642286 -1.126998
v -0.027407 -2.653961 -1.124138
v -0.022407 -2.661032 -1.129138
v -0.017407 -2.668103 -1.134138
v -0.011058 -2.679779 -1.131279
v -0.006058 -2.686850 -1.136279
v 0.000290 -2.698525 -1.133419
v 0.005290 -2.705596 -1.138419
v 0.011639 -2.717271 -1.135560
v 0.016639 -2.724342 -1.140560
v 0.021639 -2.731413 -1.145560
v 0.026639 -2.738484 -1.150560
v 0.031639 -2.745555 -1.155560
v 0.036639 -2.752626 -1.160560
v 0.041639 -2.759697 -1.165560
v 0.047987 -2.771372 -1.162701
v 0.052987 -2.778443 -1.167701
v 0.057987 -2.785514 -1.172701
v 0.062987 -2.792585 -1.177701
v 0.069336 -2.804260 -1.174842
v 0.074336 -2.811331 -1.179842
v 0.079336 -2.818402 -1.184842
v 0.084336 -2.825473 -1.189842
v 0.089336 -2.832544 -1.194842
v 0.094335 -2.839615 -1.199842
v 0.097987 -2.842083 -1.212701
v 0.102987 -2.849154 -1.217701
v 0.107987 -2.856225 -1.222701
v 0.112987 -2.863296 -1.227701
v 0.117987 -2.870367 -1.232701
v 0.122987 -2.877438 -1.237701
v 0.127987 -2.884509 -1.242701
v 0.132987 -2.891580 -1.247701
v 0.137987 -2.898651 -1.252701
v 0.142987 -2.905722 -1.257701
v 0.147987 -2.912793 -1.262701
v 0.151639 -2.915261 -1.275560
v 0.156639 -2.922332 -1.280560
v 0.161639 -2.929403 -1.285560
v 0.166639 -2.936474 -1.290560
v 0.170290 -2.938941 -1.303419
v 0.175290 -2.946012 -1.308419
v 0.180290 -2.953083 -1.313419
v 0.185290 -2.960154 -1.318419
v 0.190290 -2.967225 -1.323419
v 0.193942 -2.969692 -1.336279
v 0.197593 -2.972159 -1.349138
v 0.202593 -2.979230 -1.354138
v 0.207593 -2.986301 -1.359138
v 0.211245 -2.988769 -1.371998
v 0.216245 -2.995840 -1.376998
v 0.219896 -2.998307 -1.389857
v 0.224896 -3.005378 -1.394857
v 0.228548 -3.007845 -1.407716
v 0.232199 -3.010312 -1.420575
v 0.235851 -3.012779 -1.433435
v 0.239502 -3.015246 -1.446295
v 0.244502 -3.022318 -1.451295
v 0.212747 -2.903897 -1.670523
v -0.128718 -2.403922 -1.319058
v -0.091573 -2.520742 -1.136705
v -0.085199 -2.532503 -1.133699
v -0.079512 -2.541919 -1.134696
v -0.073825 -2.551336 -1.135692
v -0.066962 -2.564769 -1.129830
v -0.060613 -2.576445 -1.126971
v -0.055613 -2.583516 -1.131971
v -0.049265 -2.595191 -1.129111
v -0.042917 -2.606866 -1.126252
v -0.036568 -2.618540 -1.123393
v -0.030220 -2.630215 -1.120533
v -0.025220 -2.637286 -1.125533
v -0.020220 -2.644357 -1.130533
v -0.013871 -2.656032 -1.127674
v -0.008871 -2.663103 -1.132674
v -0.002523 -2.674778 -1.129814
v 0.002477 -2.681850 -1.134814
v 0.008826 -2.693525 -1.131955
v 0.013826 -2.700596 -1.136955
v 0.020174 -2.712271 -1.134095
v 0.025174 -2.719342 -1.139095
v 0.030174 -2.726413 -1.144095
v 0.035174 -2.733484 -1.149095
v 0.040174 -2.740555 -1.154095
v 0.045174 -2.747626 -1.159095
v 0.050174 -2.754697 -1.164095
v 0.056523 -2.766372 -1.161237
v 0.061523 -2.773443 -1.166237
v 0.066523 -2.780514 -1.171237
v 0.071523 -2.787585 -1.176237
v 0.077871 -2.799260 -1.173377
v 0.082871 -2.806331 -1.178377
v 0.087871 -2.813402 -1.183377
v 0.092871 -2.820473 -1.188377
v 0.097871 -2.827544 -1.193377
v 0.102871 -2.834615 -1.198377
v 0.106523 -2.837083 -1.211237
v 0.111523 -2.844154 -1.216237
v 0.116523 -2.851225 -1.221237
v 0.121523 -2.858296 -1.226237
v 0.126522 -2.865367 -1.231237
v 0.131522 -2.872438 -1.236237
v 0.136522 -2.879509 -1.241237
v 0.141522 -2.886580 -1.246237
v 0.146522 -2.893651 -1.251237
v 0.151523 -2.900722 -1.256237
v 0.156523 -2.907793 -1.261237
v 0.160174 -2.910261 -1.274095
v 0.165174 -2.917332 -1.279095
v 0.170174 -2.924403 -1.284095
v 0.175174 -2.931474 -1.289095
v 0.180174 -2.938545 -1.294095
v 0.183826 -2.941012 -1.306955
v 0.188826 -2.948083 -1.311955
v 0.193826 -2.955154 -1.316955
v 0.198826 -2.962225 -1.321955
v 0.202477 -2.964692 -1.334814
v 0.207477 -2.971764 -1.339814
v 0.211129 -2.974231 -1.352674
v 0.216129 -2.981302 -1.357674
v 0.221129 -2.988373 -1.362674
v 0.224780 -2.990840 -1.375533
v 0.229780 -2.997911 -1.380533
v 0.233432 -3.000378 -1.393393
v 0.237083 -3.002846 -1.406252
v 0.240735 -3.005312 -1.419111
v 0.244386 -3.007780 -1.431971
v 0.248038 -3.010247 -1.444830
v 0.216282 -2.891826 -1.664058
v -0.125182 -2.391851 -1.312594
v -0.090785 -2.499290 -1.146254
v -0.083724 -2.513397 -1.139244
v -0.077351 -2.525158 -1.136238
v -0.070977 -2.536919 -1.133231
v -0.065290 -2.546336 -1.134227
v -0.059775 -2.555165 -1.136225
v -0.053426 -2.566840 -1.133366
v -0.047078 -2.578516 -1.130506
v -0.040730 -2.590191 -1.127647
v -0.034381 -2.601866 -1.124787
v -0.028033 -2.613540 -1.121928
v -0.023033 -2.620611 -1.126928
v -0.016684 -2.632286 -1.124069
v -0.011684 -2.639357 -1.129069
v -0.005336 -2.651032 -1.126209
v -0.000336 -2.658103 -1.131209
v 0.006013 -2.669779 -1.128350
v 0.011013 -2.676850 -1.133350
v 0.017361 -2.688525 -1.130490
v 0.022361 -2.695596 -1.135490
v 0.027361 -2.702667 -1.140490
v 0.033710 -2.714342 -1.137631
v 0.038710 -2.721413 -1.142631
v 0.043710 -2.728484 -1.147631
v 0.048710 -2.735555 -1.152631
v 0.053710 -2.742626 -1.157631
v 0.058710 -2.749697 -1.162631
v 0.065058 -2.761372 -1.159772
v 0.070058 -2.768443 -1.164772
v 0.075058 -2.775514 -1.169772
v 0.080058 -2.782585 -1.174772
v 0.085058 -2.789656 -1.179772
v 0.091407 -2.801331 -1.176913
v 0.096407 -2.808402 -1.181913
v 0.101407 -2.815473 -1.186913
v 0.106407 -2.822544 -1.191913
v 0.111407 -2.829615 -1.196913
v 0.115058 -2.832083 -1.209772
v 0.120058 -2.839154 -1.214772
v 0.125058 -2.846225 -1.219772
v 0.130058 -2.853296 -1.224772
v 0.135058 -2.860367 -1.229772
v 0.140058 -2.867438 -1.234772
v 0.145058 -2.874509 -1.239772
v 0.150058 -2.881580 -1.244772
v 0.155058 -2.888651 -1.249772
v 0.160058 -2.895722 -1.254772
v 0.165058 -2.902793 -1.259772
v 0.170058 -2.909864 -1.264772
v 0.173710 -2.912332 -1.277631
v 0.178710 -2.919403 -1.282631
v 0.183710 -2.926474 -1.287631
v 0.188710 -2.933545 -1.292631
v 0.192361 -2.936012 -1.305490
v 0.197361 -2.943083 -1.310490
v 0.202361 -2.950154 -1.315490
v 0.207361 -2.957225 -1.320490
v 0.211013 -2.959692 -1.333350
v 0.216013 -2.966763 -1.338350
v 0.221013 -2.973835 -1.343350
v 0.224664 -2.976301 -1.356209
v 0.229664 -2.983372 -1.361209
v 0.233316 -2.985840 -1.374069
v 0.238316 -2.992911 -1.379069
v 0.243316 -2.999982 -1.384069
v 0.246967 -3.002449 -1.396928
v 0.249270 -3.000312 -1.417647
v 0.252922 -3.002779 -1.430506
v 0.219818 -2.879754 -1.657594
v -0.116647 -2.386851 -1.311129
v -0.082249 -2.494291 -1.144790
v -0.076563 -2.503707 -1.145787
v -0.069502 -2.517813 -1.138776
v -0.063128 -2.529574 -1.135770
v -0.057441 -2.538990 -1.136767
v -0.051754 -2.548407 -1.137763
v -0.044891 -2.561841 -1.131901
v -0.038542 -2.573516 -1.129042
v -0.032194 -2.585191 -1.126182
v -0.025846 -2.596866 -1.123323
v -0.019497 -2.608540 -1.120464
v -0.014497 -2.615611 -1.125464
v -0.008149 -2.627286 -1.122604
v -0.003149 -2.634357 -1.127604
v 0.003200 -2.646032 -1.124745
v 0.008200 -2.653103 -1.129745
v 0.014548 -2.664778 -1.126885
v 0.019548 -2.671850 -1.131885
v 0.025897 -2.683525 -1.129026
v 0.030897 -2.690596 -1.134026
v 0.037245 -2.702271 -1.131166
v 0.042245 -2.709342 -1.136166
v 0.047245 -2.716413 -1.141166
v 0.052245 -2.723484 -1.146166
v 0.057245 -2.730555 -1.151166
v 0.062245 -2.737626 -1.156166
v 0.068594 -2.749301 -1.153308
v 0.073594 -2.756372 -1.158308
v 0.078594 -2.763443 -1.163308
v 0.083594 -2.770514 -1.168308
v 0.088594 -2.777585 -1.173308
v 0.093594 -2.784656 -1.178308
v 0.098594 -2.791727 -1.183308
v 0.103594 -2.798798 -1.188308
v 0.108594 -2.805869 -1.193308
v 0.114942 -2.817544 -1.190448
v 0.119942 -2.824615 -1.195448
v 0.123594 -2.827083 -1.208308
v 0.128594 -2.834154 -1.213308
v 0.134942 -2.845829 -1.210448
v 0.138594 -2.848296 -1.223308
v 0.143594 -2.855367 -1.228308
v 0.148594 -2.862438 -1.233308
v 0.153593 -2.869509 -1.238308
v 0.158593 -2.876580 -1.243308
v 0.163593 -2.883651 -1.248308
v 0.168594 -2.890722 -1.253308
v 0.173594 -2.897793 -1.258308
v 0.178594 -2.904865 -1.263308
v 0.183594 -2.911936 -1.268308
v 0.187245 -2.914403 -1.281166
v 0.192245 -2.921474 -1.286166
v 0.197245 -2.928545 -1.291166
v 0.200897 -2.931012 -1.304026
v 0.205897 -2.938083 -1.309026
v 0.210897 -2.945154 -1.314026
v 0.215897 -2.952225 -1.319026
v 0.220897 -2.959296 -1.324026
v 0.224548 -2.961764 -1.336885
v 0.229548 -2.968835 -1.341885
v 0.234548 -2.975906 -1.346885
v 0.238200 -2.978373 -1.359745
v 0.243200 -2.985444 -1.364745
v 0.248200 -2.992515 -1.369745
v 0.251851 -2.994982 -1.382604
v 0.256851 -3.002053 -1.387604
v 0.218353 -2.860612 -1.646129
v 0.223353 -2.867683 -1.651129
v -0.108111 -2.381851 -1.309665
v -0.073714 -2.489290 -1.143325
v -0.068714 -2.496361 -1.148325
v -0.061653 -2.510468 -1.141315
v -0.055280 -2.522229 -1.138309
v -0.049593 -2.531645 -1.139305
v -0.043219 -2.543407 -1.136298
v -0.037704 -2.552236 -1.138296
v -0.030007 -2.568516 -1.127577
v -0.025007 -2.575587 -1.132577
v -0.018659 -2.587262 -1.129718
v -0.012310 -2.598937 -1.126858
v -0.007310 -2.606008 -1.131858
v -0.000962 -2.617682 -1.128999
v 0.005387 -2.629357 -1.126140
v 0.011735 -2.641032 -1.123280
v 0.016735 -2.648103 -1.128281
v 0.023084 -2.659779 -1.125421
v 0.029432 -2.671454 -1.122561
v 0.034432 -2.678525 -1.127561
v 0.039432 -2.685596 -1.132561
v 0.045781 -2.697271 -1.129702
v 0.050781 -2.704342 -1.134702
v 0.055781 -2.711413 -1.139702
v 0.060781 -2.718484 -1.144702
v 0.065781 -2.725555 -1.149702
v 0.070781 -2.732626 -1.154702
v 0.077129 -2.744301 -1.151843
v 0.082129 -2.751372 -1.156843
v 0.087129 -2.758443 -1.161843
v 0.092129 -2.765514 -1.166843
v 0.097129 -2.772585 -1.171843
v 0.102129 -2.779656 -1.176843
v 0.107129 -2.786727 -1.181843
v 0.112129 -2.793798 -1.186843
v 0.117129 -2.800869 -1.191843
v 0.122129 -2.807940 -1.196843
v 0.128478 -2.819615 -1.193984
v 0.132129 -2.822083 -1.206843
v 0.137129 -2.829154 -1.211843
v 0.143477 -2.840829 -1.208984
v 0.147129 -2.843296 -1.221843
v 0.152129 -2.850367 -1.226843
v 0.157129 -2.857438 -1.231843
v 0.162129 -2.864509 -1.236843
v 0.167129 -2.871580 -1.241843
v 0.172129 -2.878651 -1.246843
v 0.177129 -2.885722 -1.251843
v 0.182129 -2.892793 -1.256843
v 0.187129 -2.899864 -1.261843
v 0.192129 -2.906935 -1.266843
v 0.195781 -2.909403 -1.279702
v 0.200781 -2.916474 -1.284702
v 0.205781 -2.923545 -1.289702
v 0.210781 -2.930616 -1.294702
v 0.214432 -2.933083 -1.307561
v 0.219432 -2.940154 -1.312562
v 0.224432 -2.947225 -1.317561
v 0.229432 -2.954296 -1.322562
v 0.233084 -2.956764 -1.335421
v 0.238084 -2.963835 -1.340421
v 0.243084 -2.970906 -1.345421
v 0.246735 -2.973372 -1.358281
v 0.251735 -2.980443 -1.363280
v 0.256735 -2.987515 -1.368281
v 0.216889 -2.841470 -1.634665
v 0.221889 -2.848541 -1.639665
v -0.104576 -2.369780 -1.303201
v -0.070865 -2.474874 -1.140864
v -0.065865 -2.481946 -1.145864
v -0.060178 -2.491362 -1.146861
v -0.054491 -2.500778 -1.147858
v -0.047431 -2.514884 -1.140847
v -0.041057 -2.526645 -1.137841
v -0.035370 -2.536061 -1.138838
v -0.029168 -2.547236 -1.136832
v -0.022820 -2.558912 -1.133972
v -0.016471 -2.570587 -1.131113
v -0.010123 -2.582262 -1.128253
v -0.003774 -2.593937 -1.125394
v 0.001226 -2.601008 -1.130394
v 0.007574 -2.612682 -1.127535
v 0.013922 -2.624357 -1.124676
v 0.020271 -2.636032 -1.121816
v 0.025271 -2.643103 -1.126816
v 0.031619 -2.654778 -1.123956
v 0.036619 -2.661850 -1.128957
v 0.042968 -2.673525 -1.126097
v 0.047968 -2.680596 -1.131097
v 0.052968 -2.687667 -1.136097
v 0.059316 -2.699342 -1.133238
v 0.064316 -2.706413 -1.138237
v 0.069316 -2.713484 -1.143238
v 0.074316 -2.720555 -1.148237
v 0.079316 -2.727626 -1.153238
v 0.084316 -2.734697 -1.158237
v 0.090665 -2.746372 -1.155379
v 0.095665 -2.753443 -1.160379
v 0.100665 -2.760514 -1.165379
v 0.105665 -2.767585 -1.170379
v 0.110665 -2.774656 -1.175379
v 0.115665 -2.781727 -1.180379
v 0.120665 -2.788798 -1.185379
v 0.125665 -2.795869 -1.190379
v 0.130665 -2.802941 -1.195379
v 0.135665 -2.810012 -1.200379
v 0.140665 -2.817083 -1.205379
v 0.145665 -2.824154 -1.210379
v 0.150665 -2.831225 -1.215379
v 0.155665 -2.838296 -1.220379
v 0.160665 -2.845367 -1.225379
v 0.165665 -2.852438 -1.230379
v 0.170665 -2.859509 -1.235379
v 0.175665 -2.866580 -1.240379
v 0.180665 -2.873651 -1.245379
v 0.185665 -2.880722 -1.250379
v 0.190665 -2.887793 -1.255379
v 0.195665 -2.894865 -1.260379
v 0.200665 -2.901936 -1.265379
v 0.204316 -2.904403 -1.278238
v 0.209316 -2.911474 -1.283237
v 0.214316 -2.918545 -1.288238
v 0.219316 -2.925616 -1.293237
v 0.222968 -2.928083 -1.306097
v 0.227968 -2.935154 -1.311097
v 0.232968 -2.942225 -1.316097
v 0.237968 -2.949296 -1.321097
v 0.241619 -2.951764 -1.333956
v 0.246619 -2.958835 -1.338957
v 0.251619 -2.965906 -1.343956
v 0.256619 -2.972977 -1.348957
v 0.261619 -2.980048 -1.353956
v 0.220424 -2.829399 -1.628201
v -0.091040 -2.371851 -1.306736
v -0.057330 -2.476946 -1.144400
v -0.051643 -2.486362 -1.145396
v -0.045956 -2.495778 -1.146393
v -0.039582 -2.507539 -1.143386
v -0.033208 -2.519300 -1.140380
v -0.026835 -2.531061 -1.137373
v -0.021148 -2.540478 -1.138369
v -0.014284 -2.553911 -1.132508
v -0.007936 -2.565587 -1.129648
v -0.001587 -2.577262 -1.126789
v 0.003413 -2.584333 -1.131789
v 0.009761 -2.596008 -1.128929
v 0.016109 -2.607682 -1.126070
v 0.022458 -2.619357 -1.123211
v 0.027458 -2.626429 -1.128211
v 0.033806 -2.638103 -1.125352
v 0.040155 -2.649779 -1.122492
v 0.045155 -2.656850 -1.127492
v 0.051503 -2.668525 -1.124632
v 0.056503 -2.675596 -1.129632
v 0.061503 -2.682667 -1.134632
v 0.067852 -2.694342 -1.131773
v 0.072852 -2.701413 -1.136773
v 0.077852 -2.708484 -1.141773
v 0.082852 -2.715555 -1.146773
v 0.087852 -2.722626 -1.151773
v 0.092852 -2.729697 -1.156773
v 0.099200 -2.741372 -1.153914
v 0.104200 -2.748443 -1.158914
v 0.109200 -2.755514 -1.163914
v 0.114200 -2.762585 -1.168914
v 0.119200 -2.769656 -1.173914
v 0.124200 -2.776727 -1.178914
v 0.129200 -2.783798 -1.183914
v 0.134200 -2.790869 -1.188914
v 0.139200 -2.797940 -1.193914
v 0.144200 -2.805012 -1.198914
v 0.149200 -2.812083 -1.203914
v 0.154200 -2.819154 -1.208914
v 0.159200 -2.826225 -1.213914
v 0.164200 -2.833296 -1.218914
v 0.169200 -2.840367 -1.223914
v 0.174200 -2.847438 -1.228914
v 0.179200 -2.854509 -1.233914
v 0.184200 -2.861580 -1.238914
v 0.189200 -2.868651 -1.243914
v 0.194200 -2.875722 -1.248914
v 0.199200 -2.882793 -1.253914
v 0.204200 -2.889864 -1.258914
v 0.209200 -2.896935 -1.263914
v 0.212852 -2.899403 -1.276773
v 0.217852 -2.906474 -1.281773
v 0.222852 -2.913545 -1.286773
v 0.227852 -2.920616 -1.291773
v 0.231503 -2.923083 -1.304633
v 0.188960 -2.767831 -1.586736
v 0.193960 -2.774902 -1.591736
v 0.198960 -2.781973 -1.596736
v 0.250155 -2.946764 -1.332492
v 0.255155 -2.953835 -1.337492
v 0.213960 -2.803186 -1.611736
v 0.218960 -2.810257 -1.616736
v 0.223960 -2.817328 -1.621736
v -0.082505 -2.366851 -1.305272
v -0.048794 -2.471946 -1.142935
v -0.043107 -2.481362 -1.143932
v -0.038107 -2.488433 -1.148932
v -0.031734 -2.500194 -1.145926
v -0.025360 -2.511955 -1.142918
v -0.018986 -2.523716 -1.139912
v -0.012612 -2.535478 -1.136905
v -0.007097 -2.544307 -1.138903
v -0.000749 -2.555983 -1.136043
v 0.005600 -2.567658 -1.133184
v 0.011948 -2.579333 -1.130324
v 0.016948 -2.586404 -1.135324
v 0.023297 -2.598079 -1.132465
v 0.029645 -2.609753 -1.129606
v 0.035993 -2.621428 -1.126747
v 0.042342 -2.633103 -1.123887
v 0.047342 -2.640174 -1.128887
v 0.053690 -2.651850 -1.126028
v 0.060039 -2.663525 -1.123168
v 0.065039 -2.670596 -1.128168
v 0.070039 -2.677667 -1.133168
v 0.076387 -2.689342 -1.130309
v 0.081387 -2.696413 -1.135309
v 0.086387 -2.703484 -1.140309
v 0.091387 -2.710555 -1.145308
v 0.096387 -2.717626 -1.150309
v 0.102736 -2.729301 -1.147450
v 0.107736 -2.736372 -1.152450
v 0.112736 -2.743443 -1.157450
v 0.117736 -2.750514 -1.162450
v 0.122736 -2.757585 -1.167450
v 0.127736 -2.764656 -1.172450
v 0.132736 -2.771727 -1.177450
v 0.137736 -2.778798 -1.182450
v 0.142736 -2.785869 -1.187450
v 0.147736 -2.792941 -1.192450
v 0.152736 -2.800012 -1.197450
v 0.157736 -2.807083 -1.202450
v 0.162736 -2.814154 -1.207450
v 0.169084 -2.825829 -1.204590
v 0.172736 -2.828296 -1.217450
v 0.177736 -2.835367 -1.222450
v 0.182736 -2.842438 -1.227450
v 0.187736 -2.849509 -1.232450
v 0.192736 -2.856580 -1.237450
v 0.197736 -2.863651 -1.242450
v 0.202736 -2.870722 -1.247450
v 0.207736 -2.877793 -1.252450
v 0.212736 -2.884865 -1.257450
v 0.217736 -2.891936 -1.262450
v 0.221387 -2.894403 -1.275309
v 0.226387 -2.901474 -1.280308
v 0.230039 -2.903941 -1.293168
v 0.235039 -2.911012 -1.298168
v 0.192495 -2.755760 -1.580272
v 0.212495 -2.784044 -1.600272
v 0.217495 -2.791115 -1.605272
v -0.068969 -2.368922 -1.308807
v -0.034572 -2.476362 -1.142467
v -0.029572 -2.483433 -1.147467
v -0.023885 -2.492849 -1.148464
v -0.016824 -2.506955 -1.141454
v -0.011137 -2.516371 -1.142451
v -0.004764 -2.528132 -1.139444
v 0.001438 -2.539307 -1.137438
v 0.006438 -2.546379 -1.142438
v 0.014135 -2.562658 -1.131719
v 0.020484 -2.574333 -1.128860
v 0.025484 -2.581404 -1.133860
v 0.031832 -2.593079 -1.131000
v 0.038181 -2.604753 -1.128142
v 0.044529 -2.616428 -1.125282
v 0.049529 -2.623499 -1.130282
v 0.055877 -2.635174 -1.127423
v 0.062226 -2.646850 -1.124563
v 0.067226 -2.653921 -1.129563
v 0.073574 -2.665596 -1.126704
v 0.078574 -2.672667 -1.131703
v 0.084923 -2.684342 -1.128844
v 0.089923 -2.691413 -1.133844
v 0.094923 -2.698484 -1.138844
v 0.099923 -2.705555 -1.143844
v 0.104923 -2.712626 -1.148844
v 0.111271 -2.724301 -1.145985
v 0.116271 -2.731372 -1.150985
v 0.121271 -2.738443 -1.155985
v 0.126271 -2.745514 -1.160985
v 0.131271 -2.752585 -1.165985
v 0.136271 -2.759656 -1.170985
v 0.141271 -2.766727 -1.175985
v 0.146271 -2.773798 -1.180985
v 0.151271 -2.780869 -1.185985
v 0.156271 -2.787941 -1.190985
v 0.161271 -2.795012 -1.195985
v 0.166271 -2.802083 -1.200985
v 0.171271 -2.809154 -1.205985
v 0.176271 -2.816225 -1.210985
v 0.181271 -2.823296 -1.215985
v 0.186271 -2.830367 -1.220985
v 0.191271 -2.837438 -1.225985
v 0.196271 -2.844509 -1.230985
v 0.201271 -2.851580 -1.235985
v 0.206271 -2.858651 -1.240985
v 0.211271 -2.865722 -1.245985
v 0.216271 -2.872793 -1.250985
v 0.221271 -2.879864 -1.255985
v 0.176031 -2.715404 -1.553807
v 0.181031 -2.722475 -1.558807
v 0.186031 -2.729546 -1.563807
v 0.230484 -2.871317 -1.338860
v 0.196031 -2.743689 -1.573807
v -0.060433 -2.363922 -1.307343
v -0.026036 -2.471361 -1.141003
v -0.021036 -2.478432 -1.146003
v -0.015349 -2.487849 -1.147000
v -0.009663 -2.497265 -1.147997
v -0.003289 -2.509026 -1.144989
v 0.003772 -2.523133 -1.137980
v 0.009459 -2.532549 -1.138976
v 0.014974 -2.541378 -1.140974
v 0.021322 -2.553054 -1.138114
v 0.027671 -2.564729 -1.135255
v 0.032671 -2.571800 -1.140255
v 0.040368 -2.588079 -1.129536
v 0.046716 -2.599753 -1.126677
v 0.051716 -2.606824 -1.131677
v 0.058065 -2.618500 -1.128818
v 0.064413 -2.630174 -1.125958
v 0.069413 -2.637246 -1.130958
v 0.075761 -2.648921 -1.128098
v 0.082110 -2.660596 -1.125239
v 0.087110 -2.667667 -1.130239
v 0.092110 -2.674738 -1.135239
v 0.097110 -2.681809 -1.140239
v 0.103459 -2.693484 -1.137380
v 0.108459 -2.700555 -1.142380
v 0.113459 -2.707626 -1.147380
v 0.119807 -2.719301 -1.144521
v 0.124807 -2.726372 -1.149521
v 0.129807 -2.733443 -1.154521
v 0.134807 -2.740514 -1.159521
v 0.139807 -2.747585 -1.164521
v 0.146155 -2.759260 -1.161661
v 0.149807 -2.761727 -1.174521
v 0.154807 -2.768798 -1.179521
v 0.159807 -2.775869 -1.184521
v 0.164807 -2.782941 -1.189521
v 0.169807 -2.790012 -1.194521
v 0.174807 -2.797083 -1.199521
v 0.179807 -2.804154 -1.204521
v 0.184807 -2.811225 -1.209521
v 0.189807 -2.818296 -1.214521
v 0.194807 -2.825367 -1.219521
v 0.149567 -2.660907 -1.517343
v 0.154566 -2.667978 -1.522343
v 0.159566 -2.675049 -1.527343
v 0.214807 -2.853651 -1.239521
v 0.219807 -2.860722 -1.244521
v 0.174567 -2.696262 -1.542343
v 0.179567 -2.703333 -1.547343
v 0.194567 -2.724546 -1.562343
v 0.217974 -2.794465 -1.460056
v 0.204567 -2.738689 -1.572343
v -0.051898 -2.358922 -1.305878
v -0.017501 -2.466362 -1.139538
v -0.012501 -2.473433 -1.144538
v -0.006814 -2.482849 -1.145535
v -0.001127 -2.492265 -1.146532
v 0.005247 -2.504026 -1.143525
v 0.011620 -2.515787 -1.140519
v 0.017994 -2.527549 -1.137511
v 0.023509 -2.536378 -1.139509
v 0.028509 -2.543449 -1.144509
v 0.036206 -2.559729 -1.133790
v 0.041206 -2.566800 -1.138790
v 0.047555 -2.578475 -1.135931
v 0.053903 -2.590150 -1.133071
v 0.060252 -2.601825 -1.130213
v 0.066600 -2.613500 -1.127353
v 0.072949 -2.625175 -1.124494
v 0.077948 -2.632246 -1.129494
v 0.084297 -2.643921 -1.126634
v 0.089297 -2.650992 -1.131634
v 0.095645 -2.662667 -1.128775
v 0.100646 -2.669738 -1.133775
v 0.105646 -2.676809 -1.138775
v 0.111994 -2.688484 -1.135915
v 0.116994 -2.695555 -1.140915
v 0.121994 -2.702626 -1.145915
v 0.128342 -2.714301 -1.143056
v 0.133342 -2.721372 -1.148056
v 0.139691 -2.733047 -1.145197
v 0.143342 -2.735514 -1.158056
v 0.149691 -2.747189 -1.155197
v 0.154691 -2.754260 -1.160197
v 0.159691 -2.761331 -1.165197
v 0.163342 -2.763798 -1.178056
v 0.118102 -2.599338 -1.475878
v 0.123102 -2.606409 -1.480878
v 0.128102 -2.613480 -1.485878
v 0.133102 -2.620551 -1.490878
v 0.138102 -2.627622 -1.495878
v 0.143102 -2.634693 -1.500878
v 0.148102 -2.641764 -1.505878
v 0.153102 -2.648836 -1.510878
v 0.173102 -2.677120 -1.530878
v 0.178102 -2.684191 -1.535878
v 0.208102 -2.726618 -1.565878
v -0.038362 -2.360993 -1.309414
v -0.003965 -2.468433 -1.143074
v 0.001722 -2.477849 -1.144071
v 0.006722 -2.484920 -1.149071
v 0.013096 -2.496681 -1.146064
v 0.019469 -2.508442 -1.143057
v 0.025843 -2.520203 -1.140051
v 0.031530 -2.529620 -1.141047
v 0.037045 -2.538450 -1.143045
v 0.043393 -2.550125 -1.140185
v 0.049742 -2.561800 -1.137326
v 0.056090 -2.573475 -1.134466
v 0.061090 -2.580546 -1.139466
v 0.067439 -2.592221 -1.136607
v 0.073787 -2.603895 -1.133748
v 0.080136 -2.615571 -1.130889
v 0.085136 -2.622642 -1.135889
v 0.091484 -2.634316 -1.133029
v 0.097833 -2.645992 -1.130170
v 0.102833 -2.653063 -1.135170
v 0.109181 -2.664738 -1.132310
v 0.114181 -2.671809 -1.137310
v 0.120530 -2.683484 -1.134451
v 0.125530 -2.690555 -1.139451
v 0.130530 -2.697626 -1.144451
v 0.135530 -2.704697 -1.149451
v 0.141878 -2.716372 -1.146592
v 0.148226 -2.728047 -1.143733
v 0.101638 -2.558983 -1.449414
v 0.134661 -2.661733 -1.291080
v 0.111638 -2.573125 -1.459414
v 0.116638 -2.580196 -1.464414
v 0.121638 -2.587267 -1.469414
v -0.029827 -2.355993 -1.307949
v 0.004570 -2.463433 -1.141610
v 0.009570 -2.470504 -1.146610
v 0.015257 -2.479920 -1.147606
v 0.020944 -2.489336 -1.148603
v 0.027318 -2.501097 -1.145596
v 0.034378 -2.515203 -1.138587
v 0.040065 -2.524620 -1.139583
v 0.045580 -2.533450 -1.141581
v 0.050580 -2.540521 -1.146581
v 0.056929 -2.552196 -1.143721
v 0.063277 -2.563871 -1.140862
v 0.069626 -2.575546 -1.138002
v 0.075974 -2.587221 -1.135142
v 0.082323 -2.598895 -1.132284
v 0.087323 -2.605966 -1.137284
v 0.093671 -2.617642 -1.134424
v 0.100020 -2.629317 -1.131565
v 0.106368 -2.640992 -1.128705
v 0.111368 -2.648063 -1.133705
v 0.116368 -2.655134 -1.138705
v 0.121368 -2.662205 -1.143705
v 0.127717 -2.673880 -1.140846
v 0.134065 -2.685555 -1.137986
v 0.139065 -2.692626 -1.142986
v 0.144065 -2.699697 -1.147986
v 0.150413 -2.711372 -1.145128
v 0.105173 -2.546912 -1.442949
v 0.136823 -2.644971 -1.292623
v 0.143197 -2.656733 -1.289616
v 0.147510 -2.661458 -1.298620
v -0.016291 -2.358064 -1.311485
v 0.018106 -2.465504 -1.145145
v 0.023793 -2.474920 -1.146142
v 0.028793 -2.481991 -1.151142
v 0.035167 -2.493752 -1.148135
v 0.042227 -2.507859 -1.141125
v 0.048601 -2.519620 -1.138118
v 0.052914 -2.524346 -1.147122
v 0.059116 -2.535521 -1.145116
v 0.064116 -2.542592 -1.150116
v 0.070464 -2.554267 -1.147256
v 0.076813 -2.565942 -1.144397
v 0.083161 -2.577617 -1.141537
v 0.089510 -2.589292 -1.138678
v 0.095858 -2.600966 -1.135819
v 0.100858 -2.608038 -1.140819
v 0.107207 -2.619713 -1.137960
v 0.113555 -2.631388 -1.135100
v 0.118555 -2.638459 -1.140100
v 0.123555 -2.645530 -1.145100
v 0.128555 -2.652601 -1.150100
v 0.134904 -2.664276 -1.147241
v 0.141252 -2.675951 -1.144381
v 0.147601 -2.687626 -1.141522
v 0.152601 -2.694697 -1.146522
v 0.108709 -2.534841 -1.436485
v 0.118709 -2.548983 -1.446485
v 0.123709 -2.556054 -1.451485
v 0.128709 -2.563125 -1.456485
v -0.007756 -2.353064 -1.310020
v 0.026641 -2.460504 -1.143681
v 0.031641 -2.467575 -1.148681
v 0.037328 -2.476991 -1.149677
v 0.043015 -2.486407 -1.150674
v 0.050076 -2.500514 -1.143664
v 0.056449 -2.512275 -1.140658
v 0.060763 -2.517000 -1.149661
v 0.067136 -2.528762 -1.146654
v 0.072651 -2.537592 -1.148652
v 0.077651 -2.544663 -1.153652
v 0.085348 -2.560942 -1.142933
v 0.091697 -2.572617 -1.140073
v 0.098045 -2.584292 -1.137214
v 0.103045 -2.591363 -1.142214
v 0.109394 -2.603038 -1.139355
v 0.115742 -2.614713 -1.136495
v 0.120742 -2.621784 -1.141495
v 0.127091 -2.633459 -1.138636
v 0.132091 -2.640530 -1.143636
v 0.137091 -2.647601 -1.148636
v 0.143439 -2.659276 -1.145776
v 0.149788 -2.670951 -1.142917
v 0.154788 -2.678022 -1.147917
v 0.112244 -2.522770 -1.430020
v 0.005780 -2.355135 -1.313556
v 0.039490 -2.460230 -1.151219
v 0.045864 -2.471991 -1.148213
v 0.051551 -2.481407 -1.149210
v 0.057924 -2.493168 -1.146203
v 0.064298 -2.504930 -1.143196
v 0.069298 -2.512001 -1.148196
v 0.074985 -2.521417 -1.149193
v 0.080672 -2.530833 -1.150190
v 0.086187 -2.539663 -1.152187
v 0.092535 -2.551338 -1.149328
v 0.098884 -2.563013 -1.146468
v 0.105232 -2.574688 -1.143608
v 0.110232 -2.581759 -1.148608
v 0.116581 -2.593434 -1.145750
v 0.122929 -2.605108 -1.142890
v 0.129278 -2.616784 -1.140031
v 0.134278 -2.623855 -1.145031
v 0.140626 -2.635530 -1.142171
v 0.145626 -2.642601 -1.147171
v 0.105780 -2.496557 -1.413556
v 0.110780 -2.503628 -1.418556
v 0.141056 -2.596997 -1.276236
v 0.120780 -2.517770 -1.428556
v 0.014315 -2.350135 -1.312091
v 0.048026 -2.455230 -1.149755
v 0.053712 -2.464646 -1.150752
v 0.059399 -2.474062 -1.151748
v 0.065773 -2.485823 -1.148742
v 0.071460 -2.495240 -1.149738
v 0.077147 -2.504656 -1.150735
v 0.082834 -2.514072 -1.151732
v 0.088520 -2.523488 -1.152729
v 0.094207 -2.532904 -1.153725
v 0.099722 -2.541734 -1.155723
v 0.107419 -2.558013 -1.145004
v 0.112419 -2.565084 -1.150004
v 0.118768 -2.576759 -1.147144
v 0.125116 -2.588434 -1.144285
v 0.131465 -2.600109 -1.141426
v 0.136465 -2.607180 -1.146426
v 0.142813 -2.618855 -1.143566
v 0.149162 -2.630530 -1.140707
v 0.109315 -2.484485 -1.407091
v 0.124315 -2.505699 -1.422091
v 0.022851 -2.345135 -1.310627
v 0.056561 -2.450230 -1.148290
v 0.062935 -2.461991 -1.145284
v 0.067248 -2.466717 -1.154287
v 0.072935 -2.476133 -1.155284
v 0.079309 -2.487894 -1.152278
v 0.085682 -2.499656 -1.149271
v 0.090682 -2.506727 -1.154271
v 0.096369 -2.516143 -1.155267
v 0.102743 -2.527904 -1.152261
v 0.108258 -2.536734 -1.154258
v 0.114607 -2.548409 -1.151399
v 0.119607 -2.555480 -1.156399
v 0.125955 -2.567155 -1.153539
v 0.132303 -2.578830 -1.150680
v 0.138652 -2.590505 -1.147821
v 0.145000 -2.602180 -1.144961
v 0.107851 -2.465343 -1.395627
v 0.112851 -2.472414 -1.400627
v 0.036386 -2.347206 -1.314162
v 0.071470 -2.456991 -1.143820
v 0.074410 -2.457027 -1.160829
v 0.081470 -2.471133 -1.153820
v 0.087157 -2.480549 -1.154816
v 0.093531 -2.492311 -1.151809
v 0.099218 -2.501727 -1.152806
v 0.104905 -2.511143 -1.153803
v 0.110592 -2.520559 -1.154800
v 0.116278 -2.529975 -1.155797
v 0.121794 -2.538805 -1.157794
v 0.128142 -2.550480 -1.154934
v 0.134491 -2.562155 -1.152075
v 0.140839 -2.573830 -1.149215
v 0.147187 -2.585505 -1.146356
v 0.111386 -2.453272 -1.389162
v 0.049922 -2.349277 -1.317698
v 0.082945 -2.452027 -1.159365
v 0.089319 -2.463788 -1.156358
v 0.095006 -2.473204 -1.157355
v 0.100693 -2.482620 -1.158352
v 0.107067 -2.494382 -1.155345
v 0.112753 -2.503798 -1.156342
v 0.119127 -2.515559 -1.153335
v 0.124814 -2.524975 -1.154332
v 0.130329 -2.533805 -1.156329
v 0.136678 -2.545480 -1.153470
v 0.143026 -2.557155 -1.150610
v 0.109922 -2.434130 -1.377698
v 0.114922 -2.441201 -1.382698
v 0.058457 -2.344277 -1.316234
v 0.091481 -2.447027 -1.157900
v 0.097168 -2.456443 -1.158897
v 0.103541 -2.468204 -1.155891
v 0.108541 -2.475275 -1.160891
v 0.114915 -2.487036 -1.157884
v 0.121289 -2.498798 -1.154877
v 0.126976 -2.508214 -1.155874
v 0.133349 -2.519975 -1.152868
v 0.138865 -2.528805 -1.154865
v 0.146562 -2.545084 -1.144146
v 0.113457 -2.422059 -1.371233
v 0.071993 -2.346348 -1.319769
v 0.105017 -2.449098 -1.161436
v 0.111390 -2.460859 -1.158429
v 0.117077 -2.470275 -1.159426
v 0.122764 -2.479691 -1.160423
v 0.129138 -2.491453 -1.157416
v 0.101993 -2.388775 -1.349769
v 0.106993 -2.395846 -1.354769
v 0.147400 -2.523805 -1.153400
v 0.116993 -2.409988 -1.364769
v 0.085528 -2.348419 -1.323305
v 0.090528 -2.355490 -1.328305
v 0.095528 -2.362561 -1.333305
v 0.130613 -2.472346 -1.162962
v 0.105528 -2.376704 -1.343305
v 0.120528 -2.397917 -1.358305
v 0.104064 -2.357562 -1.331840
v 0.137088 -2.460311 -1.173507
vn 0.0862 -0.1630 0.9828
vn -0.9762 -0.0399 0.2133
vn -0.8447 -0.5303 -0.0732
vn 0.3663 0.6018 0.7097
vn -0.8880 -0.3385 0.3112
vn -0.9650 0.0444 0.2584
vn -0.7948 -0.5594 0.2355
vn -0.6133 -0.7615 -0.2094
vn 0.1054 0.5371 0.8369
vn -0.8431 -0.5295 -0.0942
vn 0.4298 0.3497 0.8325
vn -0.8315 -0.5533 -0.0490
vn 0.1471 0.5143 0.8449
vn -0.8363 -0.5408 -0.0902
vn 0.4522 0.3294 0.8289
vn -0.8341 -0.5484 -0.0586
vn -0.0072 0.2155 0.9765
vn -0.8893 -0.4569 -0.0204
vn -0.8417 -0.5311 -0.0974
vn -0.7944 -0.6074 -0.0043
vn -0.0929 0.9928 -0.0755
vn -0.7134 -0.6811 -0.1648
vn -0.7417 0.6708 -0.0024
vn -0.5255 -0.7934 -0.3072
vn -0.9938 0.1033 -0.0422
vn 0.0795 0.0846 0.9932
vn -0.7408 0.4329 0.5137
vn -0.9605 0.0574 0.2725
vn 0.5688 0.6537 0.4992
vn -0.7988 -0.5890 -0.1220
vn 0.3506 0.4118 0.8411
vn -0.8398 -0.5368 -0.0807
vn -0.2722 0.5505 0.7892
vn -0.9617 -0.2313 0.1469
vn -0.5945 -0.7001 0.3956
vn -0.6020 -0.6398 0.4778
vn -0.2737 -0.8484 0.4531
vn -0.3561 -0.8697 0.3417
vn -0.2239 -0.6633 0.7141
vn -0.1898 -0.8476 0.4956
vn -0.0800 -0.8725 0.4821
vn 0.0818 -0.6913 0.7180
vn 0.1204 -0.7510 0.6493
vn 0.1601 -0.8404 0.5178
vn -0.0423 -0.8990 -0.4358
vn -0.9680 0.1836 -0.1712
vn 0.1116 0.0804 0.9905
vn -0.6580 0.1954 0.7272
vn -0.9752 -0.0552 0.2143
vn -0.9678 -0.0845 0.2369
vn -0.8493 -0.5280 0.0006
vn 0.5070 0.6995 0.5037
vn -0.8096 -0.5761 -0.1124
vn 0.3380 0.4127 0.8458
vn -0.8514 -0.5198 -0.0698
vn -0.9654 -0.1991 0.1682
vn -0.1818 -0.5154 0.8374
vn 0.1464 -0.5000 0.8536
vn 0.1004 -0.8566 0.5061
vn 0.2138 -0.7800 0.5881
vn 0.2210 -0.8117 0.5406
vn 0.1314 -0.6682 0.7323
vn 0.2632 -0.7292 0.6317
vn 0.2688 -0.7573 0.5952
vn 0.2098 -0.8681 -0.4499
vn -0.4655 0.7759 -0.4258
vn -0.8840 -0.3855 0.2642
vn 0.0257 0.1944 0.9806
vn -0.9778 -0.1576 0.1379
vn -0.9668 -0.1816 0.1797
vn -0.6060 -0.4423 0.6612
vn -0.4608 -0.6104 0.6442
vn -0.0755 -0.6108 0.7882
vn 0.2137 -0.7800 0.5882
vn 0.1003 -0.8566 0.5061
vn 0.3421 -0.7499 0.5662
vn 0.3421 -0.7499 0.5663
vn 0.2308 -0.6149 0.7541
vn 0.3253 -0.7310 0.5999
vn 0.2764 -0.6728 0.6862
vn 0.1253 -0.7161 0.6867
vn -0.0422 -0.8990 -0.4359
vn -0.9680 0.1835 -0.1712
vn 0.1279 -0.1804 0.9752
vn -0.6630 0.1317 0.7369
vn -0.9705 -0.0259 0.2398
vn -0.8943 0.3345 0.2971
vn -0.8695 -0.4937 0.0140
vn -0.9115 -0.4093 0.0392
vn -0.8622 -0.5050 0.0396
vn -0.0269 0.9877 -0.1542
vn -0.7989 -0.5900 -0.1163
vn -0.9684 -0.1455 0.2026
vn -0.0761 -0.1585 0.9844
vn -0.1304 -0.3402 0.9313
vn -0.2404 -0.5123 0.8245
vn 0.2138 -0.7800 0.5882
vn 0.1813 -0.6427 0.7444
vn 0.1683 -0.8083 0.5642
vn 0.1254 -0.7161 0.6866
vn 0.2764 -0.6729 0.6862
vn 0.2232 -0.8709 -0.4378
vn -0.4661 0.7778 -0.4217
vn -0.8148 -0.5333 0.2272
vn -0.9472 0.1127 0.3002
vn -0.6381 -0.2460 0.7295
vn -0.4657 -0.3506 0.8125
vn -0.0889 -0.4499 0.8887
vn -0.3482 -0.1809 0.9198
vn -0.1305 -0.3403 0.9312
vn -0.0118 -0.6951 0.7188
vn 0.0144 -0.8377 0.5459
vn -0.1150 -0.7296 0.6741
vn 0.0990 -0.8026 0.5883
vn 0.1069 -0.8268 0.5522
vn 0.1204 -0.7510 0.6492
vn -0.0485 -0.8943 -0.4448
vn -0.9680 0.1835 -0.1713
vn -0.8249 -0.5197 0.2224
vn -0.9479 0.1094 0.2990
vn -0.4625 -0.1810 0.8679
vn -0.3319 -0.1941 0.9231
vn -0.0685 -0.3800 0.9224
vn -0.3483 -0.1809 0.9198
vn -0.3483 -0.1810 0.9197
vn -0.3995 -0.3391 0.8517
vn -0.1150 -0.7297 0.6741
vn 0.0143 -0.8379 0.5457
vn 0.2465 -0.6352 0.7319
vn 0.1254 -0.7162 0.6866
vn 0.2191 -0.8779 -0.4257
vn -0.4659 0.7773 -0.4228
vn -0.8428 -0.5179 0.1464
vn -0.9462 0.1154 0.3022
vn -0.3072 -0.4242 0.8519
vn -0.3824 -0.2560 0.8878
vn -0.0818 -0.2879 0.9542
vn 0.0576 -0.3700 0.9273
vn 0.2676 -0.8297 0.4898
vn 0.2308 -0.6149 0.7540
vn 0.2567 -0.6482 0.7169
vn 0.2689 -0.7573 0.5952
vn 0.1203 -0.7510 0.6492
vn -0.2209 -0.8855 -0.4087
vn -0.7758 0.3420 0.5302
vn -0.8990 -0.4269 -0.0982
vn -0.3397 0.7333 0.5890
vn -0.8812 0.2648 0.3916
vn -0.9525 -0.2912 0.0896
vn -0.1353 -0.3370 0.9317
vn -0.2553 -0.2529 0.9332
vn -0.1353 -0.3371 0.9317
vn 0.0375 -0.4426 0.8960
vn 0.3302 -0.7988 0.5028
vn 0.1314 -0.6682 0.7322
vn 0.2539 -0.8803 0.4008
vn -0.1853 -0.8951 -0.4056
vn -0.0635 -0.9500 0.3058
vn 0.1622 -0.9664 0.1996
vn -0.9445 0.1110 0.3093
vn 0.4256 0.2368 -0.8734
vn -0.8462 -0.5270 -0.0781
vn -0.8675 0.4972 0.0156
vn -0.9379 0.1414 0.3167
vn -0.8042 0.3679 0.4668
vn 0.0318 -0.5620 0.8265
vn 0.0284 -0.3254 0.9452
vn -0.0797 -0.1524 0.9851
vn -0.0748 -0.2643 0.9615
vn 0.0567 -0.1434 0.9880
vn 0.1559 -0.0184 0.9876
vn 0.3699 -0.7795 0.5054
vn 0.2024 -0.7314 0.6512
vn 0.2556 -0.7575 0.6007
vn 0.5758 -0.7055 -0.4131
vn -0.7648 0.3692 0.5280
vn -0.8364 -0.0703 0.5437
vn -0.9429 0.1182 0.3115
vn -0.4070 -0.3357 0.8495
vn -0.6952 -0.6984 -0.1702
vn -0.9664 -0.1153 0.2298
vn 0.0284 -0.3253 0.9452
vn 0.0128 -0.2131 0.9769
vn 0.1551 -0.3102 0.9379
vn 0.1560 -0.0184 0.9876
vn 0.0568 -0.1433 0.9880
vn 0.1767 -0.6239 0.7613
vn 0.1278 -0.6975 0.7051
vn 0.2084 -0.7570 0.6193
vn 0.0935 -0.9057 -0.4134
vn 0.3783 0.6805 0.6276
vn -0.8747 -0.4772 -0.0852
vn -0.8174 0.3750 0.4373
vn -0.3550 -0.1755 0.9182
vn -0.4061 -0.0357 0.9131
vn -0.1970 -0.0819 0.9770
vn 0.0055 -0.2897 0.9571
vn 0.1551 -0.3101 0.9379
vn 0.1125 -0.3637 0.9247
vn 0.2497 -0.0206 0.9681
vn 0.2634 -0.7292 0.6316
vn 0.2627 -0.8281 0.4953
vn -0.1852 -0.8951 -0.4056
vn -0.0554 -0.9488 0.3110
vn -0.9675 -0.1171 -0.2243
vn -0.4964 0.6481 0.5775
vn -0.1328 -0.0630 0.9891
vn -0.1131 0.0298 0.9931
vn 0.0993 -0.0452 0.9940
vn 0.1566 -0.2464 0.9564
vn 0.0060 -0.8526 0.5226
vn 0.0061 -0.8526 0.5226
vn 0.3449 -0.7529 0.5605
vn 0.6259 -0.6846 -0.3736
vn -0.6664 0.2469 0.7035
vn -0.7548 -0.1811 0.6305
vn -0.9296 0.1541 0.3349
vn -0.7554 0.3867 0.5290
vn 0.0055 -0.0303 0.9995
vn 0.1009 -0.3174 0.9429
vn 0.1526 -0.8145 0.5597
vn 0.2390 -0.8671 -0.4370
vn 0.1843 0.8468 0.4990
vn -0.9594 -0.0647 0.2744
vn -0.9597 -0.0998 0.2626
vn -0.1173 0.1858 0.9756
vn -0.0400 -0.0231 0.9989
vn 0.0024 -0.1688 0.9857
vn 0.0932 -0.2865 0.9535
vn 0.2057 -0.2643 0.9423
vn 0.2783 -0.3445 0.8966
vn 0.0400 -0.3432 0.9384
vn 0.2496 -0.7365 0.6287
vn 0.2491 -0.8388 0.4841
vn 0.2303 -0.8529 0.4685
vn -0.1987 -0.8941 -0.4013
vn 0.5367 -0.5590 0.6321
vn -0.1830 0.0245 0.9828
vn -0.1747 0.1125 0.9782
vn 0.0644 -0.0666 0.9957
vn 0.1571 -0.1963 0.9679
vn 0.0615 0.0503 0.9968
vn 0.2255 -0.1651 0.9602
vn 0.2056 -0.2644 0.9422
vn 0.0261 -0.2050 0.9784
vn 0.1829 -0.8850 0.4282
vn 0.1601 -0.8403 0.5179
vn 0.6159 -0.6857 -0.3878
vn -0.6665 0.2469 0.7035
vn -0.7892 -0.3411 -0.5108
vn 0.0663 0.8258 0.5601
vn -0.0445 0.1847 0.9818
vn -0.0543 0.0984 0.9937
vn 0.0216 -0.0071 0.9997
vn 0.0025 -0.1687 0.9857
vn 0.0662 -0.1806 0.9813
vn 0.0055 -0.2898 0.9571
vn 0.0126 -0.2131 0.9770
vn 0.1004 -0.8566 0.5062
vn 0.2138 -0.7799 0.5882
vn 0.3449 -0.7530 0.5604
vn 0.2193 -0.8788 -0.4238
vn -0.1738 0.8229 0.5410
vn -0.2948 -0.0520 -0.9542
vn -0.1960 0.7735 0.6027
vn -0.0446 0.1847 0.9818
vn 0.0615 0.0504 0.9968
vn 0.0948 -0.6570 0.7479
vn 0.0818 -0.7463 0.6605
vn 0.0603 -0.7433 0.6663
vn 0.0652 -0.8898 -0.4517
vn -0.8111 0.5478 -0.2052
vn -0.9589 -0.1882 -0.2122
vn -0.4719 0.6459 0.6001
vn 0.0282 0.0494 0.9984
vn -0.1090 0.0061 0.9940
vn 0.0024 -0.1687 0.9857
vn 0.0662 -0.1807 0.9813
vn 0.1067 -0.3406 0.9341
vn 0.0423 -0.6033 0.7964
vn 0.0948 -0.6569 0.7479
vn -0.1210 -0.7974 0.5912
vn 0.8891 -0.3547 -0.2893
vn -0.5636 0.5881 -0.5801
vn -0.9596 -0.1839 -0.2129
vn -0.4848 0.6594 0.5745
vn -0.0139 0.0611 0.9980
vn -0.0139 0.0610 0.9980
vn 0.1565 -0.2464 0.9564
vn 0.0931 -0.2865 0.9535
vn 0.0144 -0.8378 0.5458
vn -0.1150 -0.7297 0.6740
vn 0.3700 -0.7796 0.5053
vn 0.9598 -0.1987 -0.1982
vn 0.9634 -0.1796 -0.1991
vn -0.0850 0.9067 -0.4131
vn -0.9219 -0.1526 0.3561
vn 0.2794 0.9149 0.2914
vn -0.9782 -0.1270 0.1645
vn -0.3023 0.0357 0.9525
vn -0.9687 -0.0362 0.2455
vn -0.3412 0.9390 -0.0443
vn -0.4744 -0.8178 -0.3259
vn -0.9504 0.3012 0.0783
vn -0.8421 -0.4118 0.3482
vn 0.5547 0.3766 0.7419
vn -0.8398 -0.5329 -0.1035
vn -0.9113 0.3784 0.1625
vn -0.9569 -0.2003 -0.2102
vn -0.4816 0.6498 0.5881
vn -0.0041 0.0922 0.9957
vn 0.0931 -0.2865 0.9536
vn -0.0814 -0.8288 0.5536
vn -0.2476 -0.7496 0.6138
vn -0.1174 -0.8636 0.4903
vn 0.0667 -0.9585 0.2771
vn 0.0142 -0.8381 0.5454
vn -0.2845 -0.6794 0.6763
vn -0.4476 -0.7181 0.5329
vn 0.9517 -0.2219 -0.2124
vn 0.9633 -0.1789 -0.2000
vn -0.9496 0.1239 0.2879
vn -0.9798 -0.1524 0.1293
vn -0.5608 0.7376 0.3761
vn -0.8229 -0.5609 -0.0906
vn -0.4328 0.0788 0.8980
vn -0.8216 -0.5593 -0.1104
vn -0.8154 -0.5673 -0.1148
vn -0.8989 -0.4377 -0.0212
vn -0.8102 -0.5858 0.0182
vn -0.7921 -0.6087 -0.0460
vn -0.7347 -0.6554 -0.1750
vn -0.9654 -0.1992 0.1683
vn 0.6682 -0.4034 0.6251
vn -0.4831 -0.8273 -0.2866
vn -0.7449 0.6671 -0.0091
vn -0.5069 -0.8028 -0.3139
vn -0.9932 0.1026 -0.0552
vn -0.8306 -0.1323 -0.5409
vn 0.0644 0.8175 0.5723
vn 0.1335 -0.0242 0.9908
vn -0.0122 0.1950 0.9807
vn -0.0843 -0.0158 0.9963
vn -0.4377 -0.4864 0.7562
vn -0.5332 -0.6053 0.5910
vn -0.7149 -0.6246 0.3144
vn -0.7714 -0.6337 0.0580
vn -0.7034 -0.7105 0.0189
vn -0.7685 -0.6285 0.1202
vn -0.8253 -0.5535 0.1120
vn -0.0199 -0.9180 -0.3962
vn -0.0263 -0.8960 -0.4433
vn -0.9802 -0.0457 0.1928
vn -0.9505 0.1115 0.2901
vn 0.4567 -0.6737 0.5810
vn 0.5112 -0.4125 0.7540
vn 0.3348 -0.8775 0.3433
vn 0.3971 -0.8063 0.4384
vn 0.3864 -0.7960 0.4659
vn 0.4464 -0.8468 0.2892
vn -0.2172 -0.8871 -0.4074
vn -0.9936 0.0928 -0.0637
vn -0.2412 0.0750 -0.9676
vn 0.2522 0.8145 0.5225
vn -0.0204 0.1545 0.9878
vn -0.1818 -0.5155 0.8374
vn -0.5178 -0.7069 0.4818
vn -0.8523 -0.3741 0.3655
vn -0.8981 -0.3540 0.2609
vn -0.9241 -0.3080 0.2262
vn -0.8641 -0.4656 0.1911
vn -0.7298 -0.6830 0.0306
vn -0.7552 -0.6555 0.0003
vn -0.8536 -0.5077 0.1162
vn -0.8091 -0.5474 0.2138
vn -0.6010 -0.7629 -0.2385
vn -0.9479 -0.3128 0.0599
vn 0.3700 -0.7796 0.5054
vn -0.2282 -0.8862 -0.4033
vn -0.7266 0.4728 0.4985
vn -0.2465 0.0783 -0.9660
vn 0.2380 0.8104 0.5353
vn -0.1679 -0.0021 0.9858
vn -0.1130 0.1401 0.9837
vn 0.2455 -0.0486 0.9682
vn 0.3855 -0.1937 0.9022
vn -0.4378 -0.4863 0.7562
vn -0.7115 -0.4003 0.5774
vn -0.8453 -0.4294 0.3180
vn -0.9137 -0.2967 0.2776
vn -0.8744 -0.3490 0.3370
vn -0.7114 -0.4004 0.5775
vn -0.1576 -0.6420 0.7503
vn -0.2474 -0.8800 0.4054
vn -0.3042 -0.8307 0.4663
vn 0.5897 -0.6436 0.4878
vn 0.4075 -0.6057 0.6835
vn 0.3102 -0.7136 0.6281
vn -0.0251 -0.8962 -0.4429
vn -0.7052 0.6260 0.3330
vn -0.2992 -0.0083 -0.9542
vn -0.2024 0.7558 0.6227
vn 0.1067 -0.1051 0.9887
vn 0.0931 -0.2864 0.9536
vn 0.2454 -0.0493 0.9682
vn -0.3994 -0.3391 0.8517
vn -0.7116 -0.4002 0.5775
vn -0.8549 -0.3131 0.4137
vn -0.9170 -0.2105 0.3387
vn -0.8849 -0.3742 0.2773
vn -0.8524 -0.3741 0.3654
vn -0.6161 -0.5471 0.5667
vn -0.3238 -0.5890 0.7404
vn 0.5207 -0.7606 0.3877
vn 0.5100 -0.7447 -0.4305
vn -0.3654 0.7749 -0.5157
vn -0.8289 -0.1414 -0.5413
vn 0.0659 0.8279 0.5570
vn 0.1713 0.0683 0.9828
vn 0.1714 0.0684 0.9828
vn 0.0824 0.0807 0.9933
vn 0.0762 -0.2198 0.9726
vn -0.7116 -0.4003 0.5774
vn -0.7590 -0.5685 0.3173
vn -0.8848 -0.3749 0.2767
vn -0.9086 -0.3363 0.2476
vn -0.8549 -0.3131 0.4136
vn -0.6162 -0.5470 0.5667
vn -0.4630 -0.6259 0.6276
vn -0.2846 -0.6795 0.6763
vn -0.3218 -0.6877 0.6508
vn 0.3864 -0.7961 0.4658
vn 0.4510 -0.6180 0.6439
vn 0.3348 -0.8775 0.3434
vn 0.2272 -0.8670 -0.4435
vn 0.0521 0.8946 -0.4439
vn -0.2859 -0.0386 -0.9575
vn -0.1826 0.7788 0.6001
vn -0.5816 -0.3207 0.7476
vn -0.7703 -0.2783 0.5737
vn -0.8452 -0.4294 0.3181
vn -0.8581 -0.4456 0.2551
vn -0.9037 -0.3113 0.2941
vn -0.9037 -0.3112 0.2941
vn -0.8147 -0.4657 0.3456
vn -0.1819 -0.5154 0.8374
vn 0.5898 -0.6436 0.4878
vn 0.6966 -0.6417 0.3209
vn 0.4509 -0.6180 0.6440
vn 0.2688 -0.6634 0.6983
vn 0.6306 -0.7377 0.2410
vn 0.1598 -0.7508 0.6409
vn -0.6480 -0.7321 -0.2098
vn -0.5710 0.7996 0.1862
vn -0.2338 -0.8826 -0.4079
vn -0.3194 0.4813 0.8163
vn -0.9340 -0.3013 -0.1918
vn -0.4535 0.6378 0.6226
vn -0.0584 0.0614 0.9964
vn 0.0165 -0.1714 0.9851
vn -0.5429 -0.1885 0.8184
vn -0.5816 -0.3208 0.7476
vn -0.7703 -0.2784 0.5736
vn -0.8933 -0.2257 0.3886
vn -0.8848 -0.3748 0.2768
vn -0.8345 -0.4791 0.2722
vn -0.8221 -0.4047 0.4005
vn 0.4076 -0.6056 0.6835
vn 0.6966 -0.6416 0.3209
vn 0.2387 -0.8921 0.3837
vn 0.2812 -0.9424 0.1811
vn 0.4589 -0.4304 0.7773
vn 0.7518 -0.5247 0.3993
vn 0.6235 -0.5637 0.5417
vn 0.3301 -0.7364 0.5905
vn 0.5411 -0.7338 -0.4108
vn -0.9903 -0.0059 0.1386
vn -0.4487 0.6723 0.5887
vn -0.9565 -0.2027 -0.2099
vn -0.0042 0.0921 0.9957
vn 0.0993 -0.0453 0.9940
vn -0.2739 -0.4473 0.8514
vn -0.8060 -0.1810 0.5636
vn -0.8239 -0.3362 0.4563
vn -0.7717 -0.5105 0.3794
vn -0.8524 -0.3741 0.3655
vn -0.9146 -0.1644 0.3693
vn -0.8932 -0.2251 0.3893
vn 0.4464 -0.8468 0.2894
vn 0.5384 -0.8084 0.2379
vn 0.6449 -0.4989 0.5789
vn 0.3699 -0.7796 0.5054
vn 0.3588 -0.3564 0.8627
vn 0.2325 -0.8671 -0.4406
vn -0.4596 0.7714 -0.4402
vn -0.0624 0.8176 0.5724
vn -0.7247 0.0578 -0.6866
vn -0.0589 0.2172 0.9743
vn 0.0744 -0.0604 0.9954
vn 0.1568 -0.0736 0.9849
vn -0.3526 -0.2557 0.9002
vn -0.2376 -0.4274 0.8723
vn -0.7492 -0.2466 0.6147
vn -0.9166 -0.2547 0.3081
vn -0.8582 -0.4455 0.2551
vn -0.8910 -0.3285 0.3135
vn -0.8188 -0.2614 0.5112
vn -0.3994 -0.3392 0.8517
vn 0.4661 -0.6218 0.6293
vn 0.4663 -0.4636 0.7534
vn -0.0411 -0.8935 -0.4471
vn -0.5930 0.4421 0.6730
vn -0.2531 0.0729 -0.9647
vn 0.2234 0.8141 0.5361
vn -0.1328 -0.0631 0.9891
vn -0.2265 -0.1662 0.9597
vn -0.2825 -0.3398 0.8971
vn -0.5368 -0.2707 0.7991
vn -0.8136 -0.3035 0.4960
vn -0.8812 -0.3407 0.3276
vn -0.9236 -0.1621 0.3475
vn -0.8909 -0.3285 0.3136
vn -0.7789 -0.4426 0.4443
vn -0.7148 -0.4898 0.4991
vn 0.3484 -0.6871 0.6376
vn 0.3488 -0.7117 0.6097
vn 0.2291 -0.8695 -0.4377
vn -0.4551 0.7585 -0.4664
vn -0.2974 -0.0289 -0.9543
vn -0.1899 0.7704 0.6086
vn 0.1376 -0.0968 0.9857
vn -0.3256 -0.0962 0.9406
vn 0.9654 0.2429 0.0953
vn 0.4026 0.7584 0.5126
vn -0.7878 -0.4503 0.4202
vn -0.9010 -0.1733 0.3976
vn -0.9066 -0.2175 0.3616
vn -0.8773 -0.2942 0.3792
vn -0.8060 -0.1810 0.5635
vn -0.5816 -0.3206 0.7476
vn -0.5428 -0.1886 0.8184
vn -0.3483 -0.1809 0.9197
vn -0.1306 -0.3403 0.9312
vn 0.0213 -0.7344 0.6783
vn 0.1912 -0.6843 0.7037
vn -0.0469 -0.8990 -0.4354
vn -0.5958 0.4391 0.6724
vn -0.8280 -0.1455 -0.5415
vn 0.4355 0.7737 0.4602
vn 0.8329 0.4823 0.2715
vn 0.3618 0.7644 0.5336
vn 0.2117 -0.8929 -0.3975
vn 0.3060 -0.8438 -0.4410
vn -0.6850 0.4989 0.5309
vn -0.7247 0.4504 0.5215
vn -0.8521 -0.2471 0.4614
vn -0.6699 -0.1884 0.7182
vn -0.0760 -0.1585 0.9844
vn 0.6793 -0.3382 0.6513
vn 0.4588 -0.4304 0.7773
vn 0.0900 -0.6696 0.7372
vn -0.1778 -0.6127 0.7701
vn 0.2834 -0.8425 0.4580
vn 0.2173 -0.8724 -0.4379
vn -0.4521 0.7499 -0.4829
vn 0.1341 0.2137 -0.9677
vn 0.8600 0.4531 0.2349
vn -0.3305 0.7434 0.5815
vn -0.6714 0.5132 0.5346
vn -0.7320 -0.6596 -0.1706
vn -0.9708 -0.1596 0.1790
vn -0.1305 -0.3402 0.9313
vn 0.1693 -0.7609 0.6264
vn 0.3920 -0.8014 0.4518
vn 0.3459 -0.4625 0.8164
vn -0.0330 -0.8989 -0.4370
vn -0.5961 0.4427 0.6698
vn -0.7938 -0.5583 0.2415
vn -0.4957 0.7078 0.5032
vn -0.8451 -0.5270 -0.0898
vn -0.8419 0.5283 0.1102
vn -0.8474 -0.5265 -0.0686
vn -0.9771 -0.1667 0.1323
vn -0.9481 0.1200 0.2944
vn -0.7568 -0.0131 0.6535
vn -0.1524 -0.0292 0.9879
vn -0.1368 -0.0562 0.9890
vn 0.6966 -0.6416 0.3211
vn -0.0755 -0.6107 0.7882
vn 0.3657 -0.8305 0.4202
vn 0.2577 -0.8060 0.5328
vn 0.3796 -0.6849 0.6220
vn 0.4403 -0.5207 0.7315
vn 0.5223 -0.7408 -0.4224
vn -0.3630 0.7724 -0.5212
vn -0.8102 -0.5386 0.2314
vn -0.9451 0.1222 0.3032
vn -0.1725 -0.4106 0.8954
vn -0.6655 -0.7189 -0.2006
vn -0.8720 -0.4875 -0.0448
vn -0.9694 -0.1616 0.1847
vn -0.7235 -0.0883 0.6847
vn -0.1136 -0.0958 0.9889
vn 0.3102 -0.7136 0.6282
vn 0.3448 -0.8729 0.3450
vn 0.2177 -0.8731 -0.4362
vn -0.4572 0.7514 -0.4757
vn -0.8263 -0.5217 0.2124
vn -0.9441 0.1247 0.3051
vn -0.2271 -0.2735 0.9347
vn -0.1882 -0.1692 0.9675
vn -0.2310 0.1112 0.9666
vn -0.1061 0.0966 0.9896
vn -0.0858 0.2754 0.9575
vn -0.0354 -0.2248 0.9738
vn -0.2900 -0.0269 0.9566
vn 0.5206 -0.7607 0.3878
vn 0.6306 -0.7377 0.2411
vn 0.3920 -0.8014 0.4517
vn -0.0466 -0.8997 -0.4341
vn -0.9689 0.1892 -0.1595
vn -0.8465 -0.5266 -0.0784
vn -0.8158 0.3839 0.4326
vn -0.0542 -0.1943 0.9794
vn 0.0191 0.1511 0.9883
vn -0.1476 0.1587 0.9762
vn 0.5207 -0.7606 0.3878
vn 0.3587 -0.3564 0.8627
vn 0.5109 -0.7479 -0.4238
vn -0.3572 0.7663 -0.5340
vn 0.5969 -0.5481 0.5859
vn -0.4614 0.6494 0.6045
vn -0.0543 -0.1943 0.9794
vn -0.2309 0.1110 0.9666
vn -0.1367 -0.0562 0.9890
vn -0.3633 -0.0565 0.9299
vn -0.2908 -0.4619 0.8379
vn -0.1135 -0.0958 0.9889
vn 0.6792 -0.3381 0.6514
vn 0.6449 -0.4989 0.5790
vn 0.5713 -0.1646 0.8041
vn 0.5543 -0.3404 0.7595
vn 0.4628 -0.6821 0.5661
vn 0.2175 -0.8732 -0.4362
vn -0.4673 0.7815 -0.4134
vn -0.4806 0.6781 0.5560
vn -0.9694 -0.0859 -0.2301
vn -0.2015 -0.2099 0.9567
vn -0.4352 0.0707 0.8975
vn -0.2899 -0.0269 0.9567
vn -0.4926 -0.0551 0.8685
vn -0.4925 -0.0551 0.8685
vn -0.2908 -0.5593 0.7763
vn 0.0144 -0.3037 0.9527
vn 0.5206 -0.7607 0.3877
vn 0.5543 -0.3403 0.7596
vn -0.9689 0.1893 -0.1595
vn -0.9443 -0.0874 0.3172
vn -0.7633 0.3929 0.5129
vn 0.0407 -0.0808 0.9959
vn -0.1645 -0.0081 0.9863
vn 0.0191 0.1512 0.9883
vn -0.1760 0.2279 0.9576
vn -0.1061 0.0967 0.9896
vn 0.0551 0.2657 0.9625
vn -0.0858 0.2756 0.9574
vn -0.1367 -0.0563 0.9890
vn 0.4566 -0.6737 0.5810
vn 0.5112 -0.4124 0.7540
vn 0.5569 -0.7720 0.3063
vn 0.3253 -0.7310 0.5998
vn 0.1857 -0.6609 0.7271
vn -0.4597 0.7586 -0.4617
vn -0.8693 -0.4870 -0.0844
vn -0.8012 0.3932 0.4511
vn 0.0647 0.0241 0.9976
vn 0.0290 0.1299 0.9911
vn 0.2454 -0.0489 0.9682
vn 0.4163 -0.1452 0.8976
vn 0.1538 0.0622 0.9861
vn -0.1802 -0.3067 0.9346
vn -0.0451 0.3628 0.9308
vn 0.4589 -0.4305 0.7773
vn 0.6450 -0.4989 0.5789
vn 0.5529 -0.8231 0.1298
vn 0.3014 -0.8561 0.4198
vn 0.2567 -0.6482 0.7168
vn -0.6008 0.4394 0.6678
vn -0.9530 -0.2207 -0.2077
vn -0.4873 0.6666 0.5641
vn -0.1591 0.2069 0.9653
vn 0.0181 -0.0725 0.9972
vn 0.3407 -0.0690 0.9376
vn -0.2408 0.2991 0.9233
vn 0.6792 -0.3382 0.6513
vn 0.6966 -0.6416 0.3210
vn 0.6966 -0.6417 0.3210
vn 0.4900 -0.2451 0.8366
vn 0.7518 -0.5247 0.3994
vn 0.5266 -0.7947 0.3020
vn 0.3519 -0.5873 0.7289
vn 0.2708 -0.6907 0.6705
vn -0.9553 -0.2083 -0.2099
vn -0.4846 0.6588 0.5755
vn -0.1746 0.1125 0.9782
vn 0.0723 0.0141 0.9973
vn -0.0858 0.2755 0.9575
vn 0.2454 -0.0491 0.9682
vn 0.3854 -0.1936 0.9022
vn -0.0859 0.2755 0.9575
vn 0.7519 -0.5246 0.3993
vn 0.3732 -0.5206 0.7680
vn 0.2254 -0.8710 -0.4366
vn -0.4530 0.7655 -0.4569
vn -0.9580 -0.1924 -0.2127
vn -0.4758 0.6542 0.5879
vn 0.0164 -0.1714 0.9851
vn 0.0984 -0.1021 0.9899
vn -0.0732 -0.0782 0.9942
vn -0.1136 -0.0957 0.9889
vn 0.2529 -0.5489 0.7967
vn 0.4118 -0.6069 0.6798
vn 0.2361 -0.6218 0.7467
vn -0.0342 -0.8993 -0.4359
vn -0.9676 0.1829 -0.1738
vn -0.9306 -0.3129 -0.1900
vn -0.4620 0.6565 0.5963
vn -0.0139 0.0608 0.9981
vn -0.0543 -0.1942 0.9795
vn -0.0122 -0.0424 0.9990
vn -0.2724 0.1886 0.9435
vn -0.3191 0.2795 0.9056
vn 0.3863 -0.7960 0.4659
vn 0.6710 -0.6959 0.2560
vn 0.7182 -0.3572 0.5972
vn 0.2530 -0.5489 0.7967
vn 0.2870 -0.5629 0.7751
vn 0.4118 -0.6068 0.6798
vn 0.3142 -0.4700 0.8249
vn 0.5168 -0.7447 -0.4223
vn -0.3560 0.7651 -0.5365
vn -0.4788 0.6754 0.5609
vn -0.9708 -0.0544 -0.2337
vn 0.0992 -0.0453 0.9940
vn 0.1132 -0.0928 0.9892
vn 0.1561 -0.2718 0.9496
vn -0.1508 0.2782 0.9486
vn 0.7563 -0.6248 0.1941
vn 0.7518 -0.5248 0.3993
vn 0.5265 -0.7947 0.3020
vn 0.4640 -0.4288 0.7752
vn 0.2260 -0.8717 -0.4348
vn -0.4552 0.7729 -0.4422
vn -0.8265 -0.1533 -0.5416
vn 0.0421 0.8234 0.5660
vn -0.1520 -0.0298 0.9879
vn 0.2667 0.1083 0.9577
vn -0.0371 -0.0306 0.9988
vn 0.5714 -0.1645 0.8040
vn 0.7562 -0.6248 0.1941
vn 0.4118 -0.6069 0.6797
vn 0.2362 -0.6218 0.7467
vn -0.0337 -0.9000 -0.4346
vn -0.9673 0.1825 -0.1764
vn -0.2486 0.0914 -0.9643
vn 0.2397 0.8163 0.5255
vn -0.0491 -0.2026 0.9780
vn -0.1449 -0.0423 0.9886
vn -0.1062 0.0967 0.9896
vn 0.5108 -0.7489 -0.4222
vn -0.3548 0.7638 -0.5392
vn -0.2898 -0.0126 -0.9570
vn -0.1831 0.7774 0.6018
vn 0.0139 0.0227 0.9996
vn 0.0566 -0.1433 0.9881
vn -0.4353 0.0708 0.8975
vn 0.2519 -0.8646 -0.4349
vn -0.4522 0.7949 -0.4046
vn -0.9524 -0.2236 -0.2074
vn -0.4874 0.6670 0.5636
vn -0.0433 0.0397 0.9983
vn -0.0437 0.0647 0.9969
vn -0.4368 0.0696 0.8968
vn -0.2403 -0.5123 0.8245
vn -0.1932 -0.2260 0.9548
vn 0.5776 -0.5842 0.5702
vn 0.5147 -0.6327 0.5787
vn 0.5818 -0.6701 0.4609
vn -0.0245 -0.9010 -0.4331
vn -0.9672 0.1862 -0.1727
vn -0.8250 -0.1605 -0.5418
vn 0.0554 0.8250 0.5624
vn -0.1023 -0.0311 0.9943
vn 0.0619 -0.1361 0.9888
vn -0.0451 0.3629 0.9308
vn -0.2114 0.2796 0.9365
vn -0.4242 -0.4297 0.7971
vn 0.4463 -0.8468 0.2894
vn 0.4463 -0.8468 0.2893
vn 0.7491 -0.4696 0.4673
vn 0.2116 -0.5895 0.7796
vn 0.3893 -0.7988 0.4586
vn 0.2247 -0.8742 -0.4304
vn -0.4672 0.7804 -0.4156
vn -0.4639 -0.0652 -0.8835
vn -0.0476 0.7906 0.6105
vn 0.0020 -0.0857 0.9963
vn -0.2407 0.2991 0.9234
vn 0.0191 0.1510 0.9883
vn -0.3700 -0.2445 0.8963
vn -0.1405 0.2981 0.9441
vn 0.0665 0.1915 0.9792
vn 0.6380 -0.6459 0.4194
vn 0.3836 -0.7933 0.4727
vn -0.0458 -0.9024 -0.4284
vn -0.9664 0.1814 -0.1822
vn -0.4796 0.6765 0.5588
vn -0.9709 -0.0293 -0.2375
vn -0.1448 -0.0423 0.9886
vn 0.5603 -0.8117 0.1648
vn 0.4811 -0.7029 0.5239
vn 0.2168 -0.8705 -0.4418
vn -0.4590 0.7557 -0.4672
vn -0.9559 -0.2043 -0.2108
vn -0.4847 0.6589 0.5753
vn -0.0583 0.0613 0.9964
vn 0.5602 -0.8118 0.1648
vn 0.2687 -0.7573 0.5952
vn -0.2378 -0.8900 -0.3890
vn -0.8220 0.2281 0.5218
vn -0.9547 -0.2112 -0.2096
vn -0.4847 0.6588 0.5753
vn -0.0902 -0.0239 0.9956
vn 0.0551 0.2656 0.9625
vn 0.0022 0.3668 0.9303
vn -0.1061 0.0968 0.9896
vn 0.2584 -0.2620 0.9298
vn 0.3745 -0.4252 0.8240
vn 0.3135 -0.5733 0.7570
vn 0.0725 -0.7144 0.6960
vn 0.1865 -0.8303 0.5251
vn -0.2017 -0.9034 -0.3784
vn -0.9168 -0.3786 0.1272
vn -0.3929 -0.0885 0.9153
vn -0.4668 0.6389 0.6114
vn -0.1479 -0.0370 0.9883
vn 0.0401 -0.3432 0.9384
vn -0.0836 0.0940 0.9921
vn 0.1458 0.2330 0.9615
vn 0.0162 0.2461 0.9691
vn -0.2309 0.1111 0.9666
vn 0.3588 -0.3563 0.8627
vn 0.2585 -0.4292 0.8654
vn 0.3796 -0.6849 0.6219
vn 0.3224 -0.7277 0.6055
vn 0.5507 -0.7608 -0.3433
vn -0.6372 0.4230 -0.6442
vn -0.1444 0.9801 0.1361
vn 0.0616 0.0503 0.9968
vn -0.0275 0.0171 0.9995
vn 0.0754 -0.3966 0.9149
vn 0.2591 0.0467 0.9647
vn 0.4875 -0.6270 0.6076
vn 0.5175 -0.7811 -0.3494
vn -0.0415 -0.5666 -0.8229
vn -0.1948 0.7729 0.6039
vn -0.9345 0.2674 0.2348
vn -0.0103 0.1711 0.9852
vn 0.1140 -0.1679 0.9792
vn 0.0003 0.2379 0.9713
vn 0.0425 -0.0879 0.9952
vn 0.0665 0.1914 0.9793
vn 0.6502 -0.6627 -0.3717
vn -0.7951 0.2126 0.5680
vn 0.0635 0.8252 0.5613
vn -0.0042 0.0920 0.9957
vn -0.0880 0.2017 0.9755
vn -0.0731 -0.0782 0.9942
vn -0.0837 0.0940 0.9921
vn 0.2309 -0.6150 0.7540
vn 0.2252 -0.8751 -0.4283
vn 0.2545 0.8282 0.4994
vn -0.2883 -0.0306 -0.9570
vn -0.1849 0.7845 0.5919
vn -0.0063 -0.0472 0.9989
vn -0.0189 0.2801 0.9598
vn 0.0489 0.0701 0.9963
vn -0.0859 0.2755 0.9574
vn 0.1857 -0.6610 0.7271
vn -0.2145 -0.8956 -0.3898
vn -0.2946 -0.8198 0.4910
vn -0.4756 0.6539 0.5884
vn 0.0672 0.1868 0.9801
vn 0.2313 0.1660 0.9586
vn 0.2456 0.1129 0.9628
vn 0.2374 0.1326 0.9623
vn 0.4042 0.1935 0.8940
vn 0.5984 -0.6942 -0.4000
vn -0.7655 0.4174 0.4896
vn -0.8250 -0.1604 -0.5418
vn 0.0667 0.8317 0.5512
vn 0.1390 0.0393 0.9895
vn 0.2314 0.1660 0.9586
vn 0.1544 0.1516 0.9763
vn 0.0908 0.0201 0.9957
vn -0.0837 0.0940 0.9920
vn 0.0333 0.3975 0.9170
vn 0.4909 -0.8660 0.0956
vn 0.1003 -0.8566 0.5060
vn 0.1857 -0.6609 0.7272
vn 0.1253 -0.7161 0.6866
vn 0.0732 -0.9211 -0.3825
vn 0.5424 0.6593 0.5207
vn -0.2267 0.1585 -0.9610
vn 0.2535 0.8144 0.5220
vn 0.1535 0.0709 0.9856
vn -0.0402 0.0967 0.9945
vn 0.0536 0.1388 0.9889
vn -0.0520 0.0444 0.9977
vn 0.0003 0.2380 0.9713
vn -0.2408 0.2992 0.9233
vn 0.0775 -0.7021 0.7078
vn 0.0082 -0.6338 0.7735
vn 0.1254 -0.7161 0.6867
vn -0.2076 -0.9020 -0.3784
vn 0.2694 -0.9556 0.1194
vn -0.5195 0.8377 0.1684
vn -0.0838 -0.0343 0.9959
vn 0.0558 0.0968 0.9937
vn -0.1043 0.3028 0.9473
vn -0.2142 0.2590 0.9418
vn 0.3621 -0.8910 0.2739
vn 0.2228 -0.9693 0.1045
vn -0.0137 -0.8847 0.4659
vn 0.0774 -0.7022 0.7077
vn 0.3227 -0.8541 -0.4079
vn 0.0327 -0.8996 -0.4355
vn -0.1573 0.4565 0.8757
vn 0.1430 -0.9531 0.2667
vn -0.0595 -0.1856 0.9808
vn -0.0639 0.2499 0.9662
vn -0.3191 0.2796 0.9055
vn -0.0019 0.0836 0.9965
vn 0.3478 -0.8975 0.2710
vn 0.1490 -0.9624 0.2270
vn 0.0817 -0.6912 0.7180
vn 0.1261 -0.7925 0.5968
vn 0.0082 -0.6337 0.7735
vn 0.0725 -0.7143 0.6961
vn 0.0726 -0.7144 0.6960
vn 0.0774 -0.7021 0.7078
vn -0.6328 -0.7464 -0.2060
vn -0.2368 -0.8925 -0.3840
vn -0.3420 0.5234 0.7805
vn 0.5142 -0.8348 -0.1968
vn -0.2029 0.7654 0.6107
vn -0.2708 0.1856 0.9446
vn -0.2724 0.1887 0.9435
vn 0.0388 -0.7397 0.6718
vn 0.0235 -0.7005 0.7132
vn 0.2187 -0.8767 -0.4285
vn -0.2150 0.8732 0.4374
vn 0.3874 0.9205 0.0517
vn -0.4850 0.6599 0.5739
vn -0.2036 0.2681 0.9416
vn -0.2193 0.4265 0.8775
vn -0.1786 0.0168 0.9838
vn 0.1006 -0.7023 0.7047
vn -0.0142 -0.6529 0.7573
vn -0.0141 -0.6528 0.7574
vn 0.0236 -0.7005 0.7132
vn -0.0523 -0.6009 0.7976
vn -0.3678 -0.8811 -0.2974
vn -0.5997 -0.7564 0.2611
vn -0.1579 0.1302 -0.9788
vn -0.9175 0.3971 -0.0231
vn -0.0121 0.0352 0.9993
vn -0.0846 0.1503 0.9850
vn -0.0597 0.3032 0.9510
vn -0.0680 0.3341 0.9401
vn -0.0679 0.3341 0.9401
vn 0.3699 -0.7796 0.5053
vn -0.0330 -0.5925 0.8049
vn -0.0141 -0.6529 0.7573
vn -0.0523 -0.6010 0.7976
vn 0.5308 -0.7800 -0.3315
vn -0.1185 -0.6584 -0.7433
vn 0.8295 -0.3258 0.4536
vn -0.1235 0.1349 0.9831
vn -0.2362 0.1928 0.9524
vn -0.3750 0.1260 0.9184
vn -0.2664 0.3600 0.8941
vn 0.0460 -0.5549 0.8307
vn 0.0252 -0.6188 0.7851
vn 0.6638 -0.6429 -0.3822
vn -0.7598 0.2885 0.5827
vn -0.9366 -0.0486 -0.3471
vn 0.0569 0.8319 0.5520
vn -0.0472 0.2562 0.9655
vn -0.1181 0.3128 0.9424
vn -0.0019 0.0835 0.9965
vn -0.3390 0.3195 0.8849
vn 0.2211 -0.8117 0.5407
vn 0.0143 -0.8379 0.5456
vn -0.1527 -0.7545 0.6382
vn 0.0903 -0.8954 0.4361
vn 0.0537 -0.6563 0.7526
vn 0.0355 -0.6834 0.7292
vn -0.0259 -0.7835 0.6209
vn -0.1512 -0.6930 0.7049
vn -0.0903 -0.6168 0.7820
vn -0.0000 -0.7326 0.6807
vn -0.0565 -0.8018 0.5949
vn 0.1973 -0.8811 -0.4299
vn 0.1318 0.8503 0.5096
vn 0.9360 -0.0487 -0.3487
vn 0.2400 0.8172 0.5241
vn 0.0284 0.4256 0.9045
vn -0.1027 0.3693 0.9236
vn 0.2454 -0.0490 0.9682
vn 0.4162 -0.1451 0.8976
vn -0.1527 -0.7545 0.6383
vn -0.2651 -0.8150 0.5153
vn -0.2845 -0.6794 0.6764
vn 0.0424 -0.6033 0.7964
vn 0.0537 -0.6563 0.7525
vn -0.0415 -0.7668 0.6405
vn -0.0902 -0.6167 0.7820
vn 0.0513 -0.6240 0.7798
vn -0.2438 -0.8970 -0.3687
vn -0.6287 -0.7078 0.3222
vn -0.2516 0.0402 -0.9670
vn 0.2468 0.8171 0.5211
vn -0.1015 0.3451 0.9331
vn -0.0317 -0.9106 0.4120
vn 0.0910 -0.6670 0.7395
vn -0.0141 -0.6529 0.7574
vn 0.0483 -0.7700 0.6362
vn 0.0253 -0.8173 0.5756
vn 0.1555 -0.6399 0.7525
vn 0.0128 -0.5712 0.8207
vn 0.5298 -0.7775 -0.3387
vn -0.0300 -0.5396 -0.8414
vn -0.2784 -0.1254 -0.9522
vn -0.1858 0.7864 0.5891
vn -0.1104 -0.6247 0.7730
vn -0.1527 -0.7546 0.6382
vn -0.1916 -0.9190 0.3445
vn -0.2846 -0.6794 0.6763
vn 0.0911 -0.6670 0.7395
vn 0.0911 -0.6670 0.7394
vn 0.1289 -0.8131 0.5676
vn -0.0030 -0.7657 0.6432
vn 0.1912 -0.6843 0.7036
vn 0.9045 -0.3285 -0.2720
vn -0.9854 -0.0688 -0.1556
vn -0.8237 -0.1669 -0.5419
vn 0.0555 0.8268 0.5598
vn -0.0874 0.3464 0.9340
vn 0.2137 -0.7799 0.5882
vn -0.3217 -0.6877 0.6508
vn -0.3216 -0.6877 0.6509
vn -0.1917 -0.9190 0.3446
vn -0.0136 -0.8847 0.4660
vn 0.0911 -0.6671 0.7394
vn -0.0902 -0.6168 0.7820
vn 0.1591 -0.7246 0.6705
vn 0.8264 -0.4867 -0.2831
vn -0.5253 0.7360 -0.4270
vn -0.2986 -0.0232 -0.9541
vn -0.2032 0.7746 0.5989
vn -0.3118 0.2650 0.9124
vn -0.2737 -0.8485 0.4530
vn -0.3603 -0.7712 0.5249
vn -0.1438 -0.9399 0.3098
vn 0.1604 -0.7883 0.5940
vn 0.5113 -0.7495 -0.4206
vn -0.3491 0.7576 -0.5515
vn -0.8230 -0.1700 -0.5419
vn 0.0555 0.8275 0.5587
vn -0.1601 -0.0158 0.9870
vn -0.3217 -0.6877 0.6509
vn 0.1021 -0.9485 0.3000
vn 0.1532 -0.9413 0.3008
vn 0.0483 -0.7701 0.6361
vn -0.1004 -0.7428 0.6619
vn 0.5095 -0.7430 -0.4340
vn -0.3484 0.7569 -0.5530
vn -0.2516 0.0393 -0.9670
vn 0.2312 0.8211 0.5219
vn -0.3262 0.2938 0.8985
vn 0.0902 -0.8954 0.4361
vn -0.4377 -0.4863 0.7562
vn -0.0815 -0.8288 0.5536
vn -0.1169 -0.8984 0.4233
vn 0.0173 -0.9922 0.1232
vn -0.1150 -0.6265 0.7709
vn -0.0161 -0.8885 0.4586
vn 0.2058 -0.8769 -0.4343
vn -0.4612 0.7623 -0.4541
vn -0.3002 -0.0745 -0.9510
vn -0.2150 0.7705 0.6001
vn -0.1727 -0.8791 0.4443
vn -0.1175 -0.8636 0.4903
vn -0.3467 -0.6925 0.6327
vn -0.1091 -0.9815 0.1573
vn -0.0713 -0.6592 0.7486
vn 0.0718 -0.8982 0.4337
vn -0.0466 -0.8951 -0.4435
vn -0.9681 0.1877 -0.1658
vn -0.9158 -0.3584 -0.1809
vn -0.4556 0.6701 0.5860
vn 0.1596 0.3884 0.9076
vn -0.0137 -0.8847 0.4660
vn -0.0814 -0.8157 0.5727
vn 0.1605 -0.8070 0.5684
vn 0.4965 -0.7512 -0.4349
vn -0.2878 0.6861 -0.6682
vn -0.4629 0.6771 0.5720
vn -0.9466 -0.2503 -0.2030
vn 0.2761 0.1993 0.9403
vn 0.1074 0.2912 0.9506
vn -0.2845 -0.6795 0.6763
vn -0.1528 -0.7545 0.6383
vn 0.1920 -0.8926 0.4078
vn 0.4975 -0.7743 -0.3911
vn -0.3983 0.8019 -0.4452
vn -0.4752 0.6757 0.5636
vn -0.9686 -0.0974 -0.2288
vn 0.1830 0.0064 0.9831
vn 0.0460 0.3221 0.9456
vn 0.0144 -0.8378 0.5459
vn 0.1230 -0.9132 0.3885
vn 0.0774 -0.7023 0.7077
vn 0.2100 -0.8688 -0.4484
vn -0.4650 0.7741 -0.4295
vn -0.9208 -0.3438 -0.1840
vn -0.4649 0.6603 0.5899
vn 0.1036 -0.0798 0.9914
vn -0.0847 0.1503 0.9850
vn -0.1517 0.3992 0.9042
vn -0.0630 -0.9474 0.3137
vn 0.1605 -0.7882 0.5941
vn 0.1518 -0.8750 0.4598
vn -0.0420 -0.8997 -0.4345
vn -0.9685 0.1884 -0.1626
vn -0.4747 0.6750 0.5648
vn -0.9700 -0.0707 -0.2325
vn -0.2414 0.3291 0.9129
vn -0.1628 0.3637 0.9172
vn 0.0903 -0.8954 0.4360
vn -0.0846 -0.9665 0.2423
vn 0.1531 -0.9413 0.3008
vn 0.5107 -0.7481 -0.4238
vn -0.3563 0.7649 -0.5366
vn 0.0662 0.8339 0.5479
vn -0.0988 0.3447 0.9335
vn -0.0857 0.4001 0.9124
vn 0.0550 0.2656 0.9625
vn -0.0701 -0.7530 0.6542
vn 0.2048 -0.9764 0.0685
vn 0.4997 -0.7436 -0.4443
vn -0.2825 0.6805 -0.6761
vn -0.4541 -0.0935 -0.8860
vn -0.0370 0.7960 0.6041
vn 0.0097 0.1690 0.9856
vn -0.0692 0.3863 0.9198
vn -0.2413 0.3232 0.9151
vn 0.0550 0.2657 0.9625
vn 0.2591 0.0466 0.9647
vn 0.0144 -0.8377 0.5460
vn 0.2046 -0.8948 0.3967
vn 0.2077 -0.9481 0.2409
vn 0.0843 -0.9149 -0.3948
vn -0.2772 0.8744 -0.3984
vn -0.4805 0.6779 0.5565
vn -0.9655 -0.1348 -0.2227
vn -0.0195 0.1123 0.9935
vn -0.2972 0.3193 0.8999
vn 0.2667 0.1084 0.9577
vn 0.3377 -0.0463 0.9401
vn 0.1907 -0.9526 0.2370
vn 0.0322 -0.9061 0.4218
vn 0.1068 -0.8269 0.5522
vn -0.2257 -0.8894 -0.3975
vn -0.9927 0.1204 0.0084
vn -0.9078 -0.3808 -0.1757
vn -0.4640 0.6592 0.5917
vn 0.9573 0.2689 0.1060
vn 0.8035 0.5319 0.2673
vn 0.8189 0.5164 0.2504
vn 0.5444 0.7232 0.4251
vn 0.2046 0.2493 0.9466
vn 0.0344 0.0789 0.9963
vn -0.0429 -0.6356 0.7708
vn 0.5087 -0.7389 -0.4418
vn -0.8991 0.1741 -0.4016
vn 0.6585 0.6558 0.3692
vn 0.8875 0.3997 0.2292
vn -0.6004 0.0519 -0.7980
vn -0.5497 0.2138 -0.8075
vn -0.5538 0.2197 -0.8032
vn 0.1045 -0.2781 -0.9548
vn -0.1776 0.7965 0.5780
vn -0.1759 0.2279 0.9577
vn 0.1099 -0.9223 0.3705
vn 0.3144 -0.8815 0.3523
vn 0.1669 -0.7550 0.6342
vn 0.1921 -0.7876 0.5854
vn 0.8214 -0.4977 -0.2787
vn -0.5209 0.7431 -0.4200
vn 0.2924 -0.6206 -0.7275
vn 0.9571 -0.1464 -0.2500
vn -0.9206 -0.1304 0.3681
vn -0.7644 0.4094 0.4981
vn -0.3191 0.2795 0.9055
vn 0.1022 -0.9485 0.3000
vn 0.1360 -0.7769 0.6147
vn 0.1284 -0.7916 0.5974
vn 0.1593 -0.8689 0.4686
vn 0.2059 -0.8696 -0.4489
vn -0.4714 0.7661 -0.4369
vn -0.9282 -0.3543 -0.1136
vn -0.8086 0.3912 0.4395
vn 0.2812 -0.9424 0.1810
vn 0.1032 -0.7491 0.6544
vn 0.0368 -0.8428 0.5370
vn 0.0221 -0.9135 0.4062
vn 0.0592 -0.8900 -0.4522
vn -0.9649 -0.0489 -0.2582
vn -0.8080 0.3969 0.4354
vn -0.7687 0.4062 0.4941
vn 0.0714 0.1582 0.9848
vn 0.2227 -0.8192 0.5286
vn 0.0578 -0.7104 0.7015
vn 0.1535 -0.8502 0.5036
vn 0.4956 -0.7661 -0.4092
vn -0.4040 0.8074 -0.4301
vn -0.8646 -0.4575 0.2079
vn -0.8551 0.3148 0.4120
vn 0.2465 0.2704 0.9307
vn 0.2775 0.2152 0.9363
vn 0.2688 -0.7572 0.5952
vn 0.1763 -0.7717 0.6110
vn 0.2157 -0.8666 -0.4499
vn -0.4705 0.7926 -0.3878
vn -0.4581 0.6790 0.5737
vn -0.9563 -0.2020 -0.2115
vn 0.0747 0.1362 0.9879
vn 0.1347 0.1619 0.9776
vn 0.2147 -0.5936 0.7756
vn 0.2219 -0.8156 0.5343
vn -0.2326 -0.8876 -0.3976
vn -0.7950 0.2668 0.5448
vn -0.4744 0.6749 0.5652
vn -0.9702 -0.0676 -0.2327
vn 0.0570 0.2542 0.9655
vn -0.1930 -0.9000 -0.3908
vn -0.8135 -0.4644 0.3501
vn 0.0491 0.8331 0.5509
vn -0.0011 -0.0293 0.9996
vn 0.1201 0.2200 0.9681
vn 0.4940 -0.7768 -0.3905
vn 0.3550 -0.3065 -0.8832
vn -0.4720 -0.0694 -0.8788
vn -0.0764 0.7811 0.6197
vn 0.0914 0.0155 0.9957
vn -0.1043 0.3029 0.9473
vn -0.2413 0.3231 0.9151
vn 0.3698 -0.7796 0.5054
vn 0.6377 -0.6753 -0.3705
vn -0.7357 0.1903 0.6500
vn -0.4809 0.6785 0.5554
vn -0.9703 -0.0622 -0.2337
vn 0.1279 -0.0837 0.9883
vn -0.0676 0.3116 0.9478
vn -0.2413 0.3232 0.9150
vn 0.2677 -0.8298 0.4898
vn 0.1272 0.8358 0.5341
vn -0.9209 -0.3436 -0.1840
vn -0.4525 0.6536 0.6067
vn -0.1385 0.3291 0.9341
vn -0.2164 -0.8973 -0.3848
vn -0.0687 -0.9491 0.3075
vn -0.4563 0.6778 0.5765
vn -0.9493 -0.2385 -0.2048
vn 0.1713 0.0684 0.9828
vn 0.0363 -0.1751 0.9839
vn -0.1178 0.0944 0.9885
vn 0.1847 -0.9116 0.3672
vn 0.2404 -0.7412 0.6268
vn 0.6546 -0.6538 -0.3795
vn -0.6735 0.2646 0.6902
vn -0.4501 0.6808 0.5779
vn -0.9415 -0.2529 -0.2227
vn 0.0475 0.0854 0.9952
vn -0.2179 0.0872 0.9721
vn -0.0546 -0.9648 0.2573
vn 0.1323 -0.8930 0.4301
vn 0.2157 -0.8667 -0.4498
vn 0.0490 0.8615 0.5053
vn 0.2554 0.8205 0.5114
vn -0.7233 0.0124 -0.6905
vn 0.4623 0.7328 0.4994
vn -0.1087 0.1004 0.9890
vn 0.0425 -0.0880 0.9952
vn 0.1547 -0.9302 0.3329
vn 0.2749 -0.9336 0.2298
vn -0.2188 -0.8910 -0.3979
vn -0.4456 -0.8407 0.3077
vn 0.0331 -0.0303 -0.9990
vn 0.0447 -0.2085 -0.9770
vn -0.2029 0.7681 0.6074
vn 0.0534 -0.0513 0.9973
vn -0.0057 0.3253 0.9456
vn 0.0022 0.3667 0.9303
vn 0.3622 -0.8910 0.2738
vn 0.2067 -0.9220 0.3275
vn 0.4857 -0.7924 -0.3691
vn 0.3904 -0.3257 -0.8611
vn -0.9137 -0.3560 -0.1961
vn -0.4482 0.6702 0.5915
vn 0.0752 0.1323 0.9884
vn 0.0344 0.0788 0.9963
vn 0.2497 -0.0207 0.9681
vn 0.6415 -0.6714 -0.3710
vn -0.9532 0.3022 0.0002
vn -0.4659 0.6799 0.5663
vn -0.9686 -0.0983 -0.2283
vn 0.1131 0.1070 0.9878
vn 0.1559 -0.0183 0.9876
vn 0.2229 -0.8638 -0.4517
vn -0.4512 0.7724 -0.4470
vn -0.8229 -0.1722 -0.5415
vn 0.4354 0.7781 0.4527
vn 0.5042 0.7262 0.4673
vn -0.0598 0.3032 0.9510
vn 0.0426 -0.0880 0.9952
vn 0.0144 -0.8378 0.5457
vn 0.2211 -0.8117 0.5406
vn -0.0790 -0.8891 0.4508
vn 0.1805 -0.7263 0.6632
vn -0.2346 -0.8827 -0.4073
vn -0.7046 0.5154 0.4878
vn 0.0291 -0.0413 -0.9987
vn 0.0821 -0.2388 -0.9676
vn -0.1941 0.7864 0.5864
vn -0.0092 0.2459 0.9693
vn 0.0678 -0.8837 -0.4632
vn -0.5489 0.5118 0.6609
vn -0.9255 -0.3294 -0.1871
vn -0.4622 0.6506 0.6026
vn -0.1882 0.2197 0.9572
vn 0.3348 -0.8775 0.3432
vn 0.1921 -0.8927 0.4078
vn 0.0837 -0.9129 -0.3995
vn 0.3586 0.6988 0.6189
vn -0.4811 0.6787 0.5549
vn -0.9705 -0.0561 -0.2345
vn -0.0325 -0.0571 0.9978
vn 0.1116 0.0600 0.9919
vn 0.1568 -0.6651 0.7301
vn -0.2149 -0.8908 -0.4004
vn 0.7925 0.3796 -0.4773
vn -0.9507 -0.2315 -0.2063
vn -0.4860 0.6628 0.5697
vn -0.1176 -0.0890 0.9891
vn -0.1760 0.2280 0.9576
vn 0.1920 -0.8927 0.4078
vn -0.6971 0.3020 0.6502
vn 0.0511 0.8280 0.5583
vn 0.0778 -0.1340 0.9879
vn -0.2874 0.2175 0.9328
vn 0.1537 0.0623 0.9862
vn -0.0814 -0.8288 0.5537
vn 0.2133 -0.8720 -0.4405
vn 0.1713 0.8208 0.5449
vn -0.2978 -0.0330 -0.9541
vn 0.1322 -0.8161 0.5627
vn -0.1014 -0.9007 -0.4224
vn -0.5257 -0.8019 0.2838
vn -0.9269 -0.3249 -0.1880
vn -0.4536 0.6546 0.6048
vn 0.2025 -0.2792 0.9387
vn 0.0874 0.3675 0.9259
vn 0.0424 -0.0880 0.9952
vn 0.2112 -0.8323 0.5125
vn 0.4675 -0.8122 -0.3488
vn -0.0172 -0.4649 -0.8852
vn -0.4573 0.6784 0.5751
vn -0.9493 -0.2382 -0.2050
vn 0.2602 0.0552 0.9640
vn 0.2177 -0.2059 0.9541
vn -0.0199 -0.0172 0.9997
vn 0.5800 -0.7061 -0.4063
vn -0.8046 0.3379 0.4883
vn -0.4512 0.6813 0.5764
vn -0.9027 -0.1314 -0.4097
vn 0.1334 -0.0242 0.9908
vn 0.0135 0.3068 0.9517
vn -0.1368 -0.0561 0.9890
vn -0.0317 -0.9107 0.4119
vn 0.0813 -0.9031 -0.4216
vn 0.3594 0.6761 0.6432
vn -0.4449 0.6843 0.5778
vn 0.1363 0.7705 0.6227
vn 0.0486 0.1153 0.9921
vn 0.0567 -0.1432 0.9881
vn -0.1305 -0.3402 0.9312
vn -0.1668 -0.9001 -0.4025
vn -0.0588 -0.9433 0.3267
vn -0.0628 0.8231 0.5644
vn -0.7237 0.0300 -0.6895
vn -0.0245 0.3499 0.9365
vn -0.0139 0.0609 0.9980
vn 0.3474 -0.9004 0.2619
vn 0.6022 -0.6783 -0.4210
vn -0.7192 0.5688 0.3991
vn -0.2546 0.0535 -0.9656
vn 0.2289 0.8249 0.5169
vn -0.0098 -0.0128 0.9999
vn -0.2012 -0.1703 0.9646
vn 0.0922 -0.9727 0.2128
vn 0.0722 -0.9034 -0.4226
vn 0.0136 0.7904 0.6125
vn -0.3083 -0.0128 -0.9512
vn -0.2112 0.7806 0.5882
vn 0.0646 0.0241 0.9976
vn 0.2660 -0.0061 0.9640
vn -0.0891 0.0789 0.9929
vn -0.0392 -0.8969 -0.4406
vn -0.3309 0.4955 0.8031
vn -0.8222 -0.1753 -0.5415
vn 0.4326 0.7737 0.4628
vn 0.5479 0.7147 0.4348
vn 0.0462 0.1872 0.9812
vn -0.2223 0.0954 0.9703
vn 0.0143 -0.8378 0.5458
vn 0.6140 -0.5886 0.5259
vn 0.2326 -0.8654 -0.4438
vn -0.1547 0.8150 0.5584
vn 0.0279 -0.0447 -0.9986
vn 0.1104 -0.2560 -0.9604
vn -0.1854 0.7883 0.5867
vn 0.0055 0.3161 0.9487
vn 0.1531 -0.9413 0.3009
vn 0.3331 -0.8110 0.4810
vn 0.0736 -0.8825 -0.4646
vn -0.8290 0.5591 -0.0141
vn 0.4159 0.7801 0.4675
vn 0.5159 0.7317 0.4455
vn 0.1603 -0.7883 0.5941
vn 0.5000 -0.7615 -0.4125
vn -0.4105 0.8153 -0.4083
vn -0.7426 -0.0006 -0.6697
vn -0.4193 0.6763 0.6056
vn -0.4403 0.6498 0.6196
vn -0.1891 0.2007 0.9612
vn 0.2182 -0.8749 -0.4324
vn -0.4699 0.7911 -0.3916
vn -0.8661 -0.4928 -0.0837
vn -0.9442 0.1206 0.3065
vn -0.9663 -0.0978 0.2382
vn -0.0692 0.0551 0.9961
vn -0.1753 0.0799 0.9813
vn 0.1491 -0.9624 0.2271
vn 0.1768 -0.9778 0.1128
vn -0.0488 -0.8928 -0.4477
vn -0.8378 0.4089 0.3617
vn -0.8216 -0.1818 -0.5404
vn 0.0430 0.8261 0.5619
vn -0.1641 0.1113 0.9801
vn 0.0398 0.0070 0.9992
vn -0.0910 0.0870 0.9920
vn -0.0856 0.4002 0.9124
vn 0.1161 0.2032 0.9722
vn 0.3143 -0.8815 0.3523
vn 0.1810 -0.8782 -0.4427
vn -0.4719 0.7603 -0.4464
vn -0.4704 -0.1089 -0.8757
vn -0.0603 0.7935 0.6056
vn 0.0826 0.0807 0.9933
vn 0.0752 0.1323 0.9883
vn -0.0860 0.3287 0.9405
vn 0.1226 0.1288 0.9841
vn -0.0702 -0.7530 0.6543
vn -0.0616 -0.8972 -0.4374
vn -0.5855 0.4377 0.6823
vn -0.4564 0.6777 0.5765
vn -0.9539 -0.2155 -0.2090
vn 0.1490 0.1772 0.9728
vn 0.0199 0.0603 0.9980
vn 0.5099 -0.7447 -0.4307
vn -0.3666 0.7767 -0.5122
vn -0.4554 0.6771 0.5781
vn -0.9520 -0.2253 -0.2071
vn 0.2150 -0.8642 -0.4549
vn -0.4701 0.7917 -0.3901
vn -0.0564 0.8239 0.5638
vn -0.7234 0.0260 -0.6899
vn -0.0463 0.2209 0.9742
vn 0.0104 0.2970 0.9548
vn 0.2209 -0.8117 0.5407
vn -0.0476 -0.8968 -0.4398
vn -0.6292 0.4797 0.6116
vn -0.2972 -0.0349 -0.9542
vn -0.2091 0.7716 0.6007
vn 0.0515 0.0501 0.9974
vn 0.0613 0.2263 0.9721
vn 0.0142 -0.8380 0.5454
vn 0.8356 -0.4349 -0.3356
vn -0.8862 -0.4625 0.0283
vn -0.9296 -0.1381 0.3417
vn -0.7448 0.4127 0.5244
vn 0.9591 -0.1892 -0.2106
vn -0.5710 0.5103 -0.6430
vn -0.7954 -0.5536 0.2465
vn -0.7946 0.3992 0.4575
vn 0.0569 0.4043 0.9129
vn 0.0537 0.2745 0.9601
vn 0.1395 -0.0651 0.9881
vn 0.0027 -0.9992 0.0396
vn 0.9954 -0.0574 -0.0769
vn 0.9944 0.0873 -0.0598
vn -0.5612 0.5051 -0.6557
vn -0.9542 -0.2145 -0.2085
vn -0.4768 0.6587 0.5820
vn 0.0420 0.3464 0.9371
vn 0.1489 0.1771 0.9729
vn 0.3377 -0.0462 0.9401
vn 0.9981 0.0489 -0.0380
vn 0.9952 0.0741 -0.0644
vn -0.6457 0.1508 -0.7485
vn -0.7847 -0.5583 -0.2696
vn -0.9291 -0.1066 0.3541
vn -0.7841 0.3634 0.5032
vn 0.0320 0.4055 0.9136
vn 0.0672 0.1869 0.9801
vn 0.5112 -0.4124 0.7541
vn 0.9576 -0.1863 -0.2195
vn -0.6464 0.1969 -0.7371
vn -0.7891 -0.5623 -0.2474
vn -0.6863 -0.3943 -0.6111
vn -0.4824 0.6701 0.5641
vn -0.0260 0.2344 0.9718
vn 0.0419 0.3465 0.9371
vn -0.0019 0.0634 0.9980
vn 0.9958 0.0893 -0.0222
vn 0.8609 0.4684 0.1985
vn 0.6853 0.6439 0.3402
vn 0.9949 0.0953 -0.0321
vn 0.8672 0.4535 0.2058
vn 0.9930 0.1016 -0.0603
vn -0.5687 0.5056 -0.6488
vn -0.2852 -0.0463 -0.9573
vn -0.1939 0.7673 0.6113
vn 0.0089 0.1337 0.9910
vn -0.0190 0.2801 0.9598
vn -0.0081 0.1422 0.9898
vn 0.1537 0.0623 0.9861
vn 0.9614 -0.1717 -0.2152
vn -0.6457 0.2117 -0.7336
vn -0.5854 0.1494 -0.7968
vn -0.8764 0.3805 -0.2953
vn 0.4498 0.7774 0.4397
vn 0.9924 0.1096 -0.0563
vn -0.9645 -0.0413 0.2610
vn -0.7946 -0.6042 0.0598
vn -0.6346 -0.6829 -0.3618
vn 0.0552 0.8209 0.5684
vn -0.0123 0.1950 0.9807
vn 0.1740 0.1416 0.9745
vn 0.9969 0.0652 -0.0430
vn 0.8697 0.4566 0.1876
vn 0.7241 0.6156 0.3110
vn 0.9080 0.2096 0.3627
vn 0.9759 -0.1159 -0.1851
vn -0.5828 0.5091 -0.6334
vn 0.1048 -0.8186 -0.5648
vn -0.8101 -0.5645 0.1583
vn -0.2989 -0.0135 -0.9542
vn -0.1962 0.7671 0.6108
vn 0.0517 -0.3610 0.9311
vn -0.0205 0.1545 0.9878
vn 0.0536 0.2745 0.9601
vn -0.0104 0.1711 0.9852
vn 0.1080 -0.1154 0.9874
vn 0.1225 0.1288 0.9841
vn 0.9955 0.0916 -0.0259
vn 0.8606 0.4700 0.1958
vn 0.6597 0.6644 0.3513
vn 0.9955 0.0916 -0.0258
vn 0.9920 0.1114 -0.0593
vn -0.6301 0.2101 -0.7475
vn -0.5440 0.1928 -0.8167
vn -0.9659 0.0747 -0.2480
vn 0.8648 0.4647 0.1902
vn -0.3720 0.9091 -0.1873
vn -0.4830 0.6541 0.5821
vn 0.0172 0.1599 0.9870
vn -0.0481 0.2596 0.9645
vn 0.0863 -0.1061 0.9906
vn 0.3492 0.1051 0.9311
vn -0.6116 0.2334 -0.7559
vn -0.5318 0.2049 -0.8217
vn -0.8663 0.4038 -0.2941
vn 0.4395 0.7831 0.4400
vn 0.9920 0.1112 -0.0594
vn -0.6503 0.2091 -0.7304
vn -0.2995 -0.1852 -0.9359
vn 0.8645 0.4416 0.2399
vn -0.3259 0.5141 0.7934
vn -0.2903 0.6877 -0.6654
vn -0.8273 -0.1495 -0.5415
vn 0.0693 0.8215 0.5660
vn -0.0343 0.1317 0.9907
vn -0.0589 0.2171 0.9744
vn 0.2875 0.3724 0.8824
vn 0.9429 0.3073 0.1287
vn 0.8178 0.4737 0.3269
vn 0.9481 0.3069 0.0830
vn 0.8736 0.4513 0.1821
vn 0.9933 0.0991 -0.0593
vn -0.6637 0.2002 -0.7207
vn -0.5518 0.1848 -0.8132
vn -0.6961 -0.3152 -0.6451
vn -0.8023 -0.5950 0.0473
vn -0.8592 0.0009 -0.5117
vn -0.5464 0.1903 -0.8156
vn -0.8238 -0.2103 -0.5265
vn -0.3186 -0.1970 -0.9272
vn 0.1040 -0.3390 -0.9350
vn 0.9194 -0.3203 -0.2282
vn -0.2878 -0.0244 -0.9574
vn -0.1850 0.7616 0.6210
vn 0.4041 0.1935 0.8940
vn 0.9634 -0.1629 -0.2132
vn 0.9454 0.3089 0.1037
vn 0.8542 0.4499 0.2606
vn -0.6495 0.2748 0.7090
vn -0.7751 -0.6292 0.0575
vn -0.5926 -0.7080 -0.3841
vn 0.0674 0.8292 0.5548
vn 0.0877 -0.1845 0.9789
vn -0.0876 0.1614 0.9830
vn 0.2777 -0.2271 0.9334
vn 0.5409 -0.1959 0.8179
vn 0.5890 -0.0097 0.8081
vn 0.4893 0.1992 0.8491
vn 0.9678 -0.1478 -0.2038
vn -0.1528 -0.5622 -0.8127
vn -0.1889 0.7755 0.6024
vn 0.8517 0.4625 0.2465
vn -0.0727 -0.9928 0.0955
vn -0.2842 -0.0603 -0.9569
vn -0.1851 0.7616 0.6210
vn 0.2863 -0.0968 0.9532
vn 0.4567 -0.0673 0.8871
vn 0.1819 -0.1274 0.9750
vn 0.1595 0.3884 0.9076
vn 0.1457 0.2330 0.9615
vn 0.5409 -0.1959 0.8180
vn 0.9669 -0.1518 -0.2053
vn -0.5736 0.5153 -0.6368
vn 0.0196 -0.0591 -0.9981
vn -0.6139 0.5393 -0.5764
vn 0.0763 0.8293 0.5535
vn 0.1949 -0.0602 0.9790
vn 0.3804 -0.0882 0.9206
vn 0.2758 -0.1657 0.9468
vn 0.1385 0.1280 0.9821
vn 0.9629 0.2606 0.0701
vn 0.7219 0.6189 0.3095
vn 0.9677 -0.1681 -0.1881
vn -0.4138 0.8764 -0.2464
vn -0.2772 -0.0264 -0.9604
vn -0.1720 0.7743 0.6090
vn 0.3347 0.0434 0.9413
vn 0.2285 -0.1489 0.9621
vn 0.2521 -0.0041 0.9677
vn 0.1607 0.0052 0.9870
vn 0.2045 0.2492 0.9466
vn 0.4041 0.1934 0.8940
vn 0.9653 -0.1608 -0.2058
vn -0.5540 0.0870 -0.8279
vn 0.2895 -0.7179 -0.6331
vn 0.9748 0.2212 0.0306
vn 0.0014 0.9789 -0.2043
vn -0.9549 -0.2112 -0.2089
vn -0.4860 0.6630 0.5694
vn -0.1409 -0.0490 0.9888
vn 0.2170 0.0277 0.9758
vn 0.2045 0.2583 0.9442
vn 0.2895 -0.0746 0.9543
vn 0.2602 0.0551 0.9640
vn 0.1337 -0.0916 0.9868
vn 0.0389 0.2683 0.9626
vn 0.1075 0.2912 0.9506
vn 0.9624 0.2579 0.0852
vn 0.9939 0.0131 -0.1095
vn -0.5696 0.5109 -0.6439
vn 0.9664 -0.1629 0.1991
vn 0.0395 0.8208 0.5698
vn -0.0712 -0.3335 0.9400
vn 0.4951 -0.2403 0.8350
vn 0.1285 0.2673 0.9550
vn 0.0722 0.0140 0.9973
vn 0.9715 -0.1475 -0.1855
vn -0.5752 0.0715 -0.8149
vn -0.6685 0.3959 -0.6296
vn -0.2539 0.0626 -0.9652
vn 0.2911 0.8044 0.5179
vn 0.4044 -0.1187 0.9069
vn 0.1490 0.1771 0.9728
vn 0.0216 -0.0072 0.9997
vn 0.9613 0.2621 0.0853
vn 0.9949 0.0231 -0.0985
vn -0.3084 0.8239 0.4754
vn -0.2542 -0.0523 -0.9657
vn -0.1636 0.7734 0.6125
vn 0.1948 -0.0602 0.9790
vn 0.2046 0.2583 0.9442
vn 0.0825 0.0807 0.9933
vn 0.9681 -0.1586 -0.1942
vn -0.5413 0.0949 -0.8355
vn -0.3888 -0.8231 -0.4139
vn 0.0475 0.0855 0.9952
vn 0.9606 0.2599 0.0987
vn 0.5064 0.7166 0.4796
vn -0.3684 0.1078 0.9234
vn 0.9712 -0.1483 -0.1863
vn -0.5693 0.5106 -0.6443
vn -0.2404 0.0797 -0.9674
vn 0.5367 0.7335 0.4171
vn 0.8321 0.4912 0.2574
vn 0.5321 0.7055 0.4682
vn 0.0701 0.1672 0.9834
vn 0.9782 -0.1347 -0.1578
vn -0.5572 0.0831 -0.8262
vn -0.5655 -0.0065 -0.8247
vn 0.8495 0.4842 0.2094
vn -0.5837 0.5217 -0.6222
vn -0.4167 -0.6219 -0.6630
vn -0.5238 0.2336 -0.8192
vn -0.5761 0.2916 -0.7636
vn 0.8499 0.4525 0.2701
vn -0.5853 0.4814 -0.6524
vn -0.3254 -0.8964 -0.3010
vn 0.8653 0.4327 0.2528
vn 0.1006 -0.5260 0.8445
vn -0.1139 0.5447 -0.8308
vn 0.4321 -0.8751 0.2181
vn 0.7377 -0.0065 0.6751
vn 0.1723 -0.5362 0.8263
vn -0.2166 0.5094 -0.8328
s 1
f 2//1 1//2 3//3
f 1//2 4//4 3//3
f 17//5 2//1 18//6
f 2//1 3//3 18//6
f 18//6 3//3 19//7
f 3//3 4//4 20//8
f 3//3 20//8 19//7
f 4//4 5//9 21//10
f 4//4 21//10 20//8
f 5//9 6//11 21//10
f 21//10 6//11 22//12
f 6//11 7//13 23//14
f 6//11 23//14 22//12
f 7//13 8//15 23//14
f 23//14 8//15 24//16
f 8//15 9//17 25//18
f 8//15 25//18 24//16
f 9//17 10//19 25//18
f 25//18 10//19 26//20
f 10//19 11//21 27//22
f 10//19 27//22 26//20
f 11//21 12//23 28//24
f 11//21 28//24 27//22
f 12//23 29//25 28//24
f 34//26 13//27 35//28
f 13//27 14//29 36//30
f 13//27 36//30 35//28
f 14//29 15//31 36//30
f 36//30 15//31 37//32
f 15//31 16//33 37//32
f 37//32 16//33 38//32
f 16//33 17//5 38//32
f 38//32 17//5 39//34
f 17//5 18//6 39//34
f 39//34 18//6 40//35
f 18//6 19//7 40//35
f 40//35 19//7 41//36
f 19//7 20//8 41//36
f 41//36 20//8 42//37
f 20//8 21//10 43//38
f 20//8 43//38 42//37
f 21//10 22//12 43//38
f 43//38 22//12 44//39
f 22//12 23//14 45//40
f 22//12 45//40 44//39
f 23//14 24//16 46//41
f 23//14 46//41 45//40
f 24//16 25//18 47//42
f 24//16 47//42 46//41
f 25//18 26//20 48//42
f 25//18 48//42 47//42
f 26//20 27//22 49//43
f 26//20 49//43 48//42
f 27//22 28//24 50//44
f 27//22 50//44 49//43
f 28//24 29//25 51//45
f 28//24 51//45 50//44
f 29//25 52//46 51//45
f 54//47 30//48 55//49
f 30//48 31//50 55//49
f 55//49 31//50 56//51
f 31//50 32//52 57//53
f 31//50 57//53 56//51
f 32//52 33//54 57//53
f 57//53 33//54 58//55
f 33//54 34//26 58//55
f 58//55 34//26 59//56
f 34//26 35//28 59//56
f 59//56 35//28 60//57
f 35//28 36//30 60//57
f 60//57 36//30 61//58
f 36//30 37//32 61//58
f 61//58 37//32 62//58
f 37//32 38//32 62//58
f 62//58 38//32 63//58
f 38//32 39//34 63//58
f 63//58 39//34 64//58
f 39//34 40//35 64//58
f 64//58 40//35 65//58
f 40//35 41//36 65//58
f 65//58 41//36 66//58
f 41//36 42//37 66//58
f 66//58 42//37 67//58
f 42//37 43//38 68//59
f 42//37 68//59 67//58
f 43//38 44//39 69//60
f 43//38 69//60 68//59
f 44//39 45//40 69//60
f 69//60 45//40 70//58
f 45//40 46//41 71//59
f 45//40 71//59 70//58
f 46//41 47//42 72//61
f 46//41 72//61 71//59
f 47//42 48//42 73//62
f 47//42 73//62 72//61
f 48//42 49//43 74//63
f 48//42 74//63 73//62
f 49//43 50//44 74//63
f 74//63 50//44 75//64
f 50//44 51//45 75//64
f 75//64 51//45 76//65
f 51//45 52//46 76//65
f 76//65 52//46 77//66
f 82//67 53//68 83//69
f 53//68 54//47 83//69
f 83//69 54//47 84//70
f 54//47 55//49 84//70
f 84//70 55//49 85//71
f 55//49 56//51 85//71
f 85//71 56//51 86//72
f 56//51 57//53 86//72
f 86//72 57//53 87//57
f 57//53 58//55 87//57
f 87//57 58//55 88//58
f 58//55 59//56 88//58
f 88//58 59//56 89//58
f 59//56 60//57 89//58
f 89//58 60//57 90//58
f 60//57 61//58 90//58
f 90//58 61//58 91//58
f 61//58 62//58 91//58
f 91//58 62//58 92//73
f 62//58 63//58 92//73
f 92//73 63//58 93//58
f 63//58 64//58 93//58
f 93//58 64//58 94//58
f 64//58 65//58 94//58
f 94//58 65//58 95//58
f 65//58 66//58 95//58
f 95//58 66//58 96//58
f 66//58 67//58 96//58
f 96//58 67//58 97//58
f 67//58 68//59 97//58
f 97//58 68//59 98//74
f 68//59 69//60 98//74
f 98//74 69//60 99//75
f 69//60 70//58 99//75
f 99//75 70//58 100//58
f 70//58 71//59 100//58
f 100//58 71//59 101//76
f 71//59 72//61 101//76
f 101//76 72//61 102//77
f 72//61 73//62 102//77
f 102//77 73//62 103//78
f 73//62 74//63 103//78
f 103//78 74//63 104//79
f 74//63 75//64 104//79
f 104//79 75//64 105//80
f 75//64 76//65 106//81
f 75//64 106//81 105//80
f 76//65 77//66 107//82
f 76//65 107//82 106//81
f 77//66 108//83 107//82
f 109//84 78//85 110//86
f 78//85 79//87 110//86
f 110//86 79//87 111//88
f 79//87 80//89 111//88
f 111//88 80//89 112//90
f 80//89 81//91 113//92
f 80//89 113//92 112//90
f 81//91 82//67 113//92
f 113//92 82//67 114//93
f 82//67 83//69 114//93
f 114//93 83//69 115//58
f 83//69 84//70 115//58
f 115//58 84//70 116//94
f 84//70 85//71 116//94
f 116//94 85//71 117//94
f 85//71 86//72 117//94
f 117//94 86//72 118//58
f 86//72 87//57 118//58
f 118//58 87//57 119//58
f 87//57 88//58 119//58
f 119//58 88//58 120//58
f 88//58 89//58 120//58
f 120//58 89//58 121//58
f 89//58 90//58 121//58
f 121//58 90//58 122//58
f 90//58 91//58 122//58
f 122//58 91//58 123//95
f 91//58 92//73 123//95
f 123//95 92//73 124//96
f 92//73 93//58 125//74
f 92//73 125//74 124//96
f 93//58 94//58 125//74
f 125//74 94//58 126//58
f 94//58 95//58 126//58
f 126//58 95//58 127//58
f 95//58 96//58 127//58
f 127//58 96//58 128//58
f 96//58 97//58 128//58
f 128//58 97//58 129//58
f 97//58 98//74 129//58
f 129//58 98//74 130//58
f 98//74 99//75 131//59
f 98//74 131//59 130//58
f 99//75 100//58 132//97
f 99//75 132//97 131//59
f 100//58 101//76 132//97
f 132//97 101//76 133//74
f 101//76 102//77 133//74
f 133//74 102//77 134//75
f 102//77 103//78 134//75
f 134//75 103//78 135//98
f 103//78 104//79 135//98
f 135//98 104//79 136//99
f 104//79 105//80 136//99
f 136//99 105//80 137//100
f 105//80 106//81 137//100
f 137//100 106//81 138//101
f 106//81 107//82 138//101
f 138//101 107//82 139//102
f 107//82 108//83 139//102
f 139//102 108//83 140//103
f 141//104 109//84 142//105
f 109//84 110//86 142//105
f 142//105 110//86 143//106
f 110//86 111//88 143//106
f 143//106 111//88 144//107
f 111//88 112//90 144//107
f 144//107 112//90 145//108
f 112//90 113//92 145//108
f 145//108 113//92 146//109
f 113//92 114//93 146//109
f 146//109 114//93 147//110
f 114//93 115//58 147//110
f 147//110 115//58 148//58
f 115//58 116//94 148//58
f 148//58 116//94 149//94
f 116//94 117//94 149//94
f 149//94 117//94 150//94
f 117//94 118//58 150//94
f 150//94 118//58 151//58
f 118//58 119//58 151//58
f 151//58 119//58 152//58
f 119//58 120//58 152//58
f 152//58 120//58 153//58
f 120//58 121//58 153//58
f 153//58 121//58 154//58
f 121//58 122//58 154//58
f 154//58 122//58 155//58
f 122//58 123//95 155//58
f 155//58 123//95 156//109
f 123//95 124//96 156//109
f 156//109 124//96 157//111
f 124//96 125//74 157//111
f 157//111 125//74 158//112
f 125//74 126//58 158//112
f 158//112 126//58 159//113
f 126//58 127//58 159//113
f 159//113 127//58 160//58
f 127//58 128//58 160//58
f 160//58 128//58 161//58
f 128//58 129//58 161//58
f 161//58 129//58 162//58
f 129//58 130//58 162//58
f 162//58 130//58 163//58
f 130//58 131//59 163//58
f 163//58 131//59 164//76
f 131//59 132//97 164//76
f 164//76 132//97 165//77
f 132//97 133//74 165//77
f 165//77 133//74 166//58
f 133//74 134//75 167//59
f 133//74 167//59 166//58
f 134//75 135//98 168//61
f 134//75 168//61 167//59
f 135//98 136//99 169//62
f 135//98 169//62 168//61
f 136//99 137//100 170//114
f 136//99 170//114 169//62
f 137//100 138//101 171//115
f 137//100 171//115 170//114
f 138//101 139//102 171//115
f 171//115 139//102 172//116
f 139//102 140//103 173//117
f 139//102 173//117 172//116
f 140//103 174//118 173//117
f 175//119 141//104 176//120
f 141//104 142//105 176//120
f 176//120 142//105 177//121
f 142//105 143//106 177//121
f 177//121 143//106 178//122
f 143//106 144//107 178//122
f 178//122 144//107 179//123
f 144//107 145//108 179//123
f 179//123 145//108 180//95
f 145//108 146//109 180//95
f 180//95 146//109 181//124
f 146//109 147//110 181//124
f 181//124 147//110 182//58
f 147//110 148//58 182//58
f 182//58 148//58 183//58
f 148//58 149//94 183//58
f 183//58 149//94 184//125
f 149//94 150//94 184//125
f 184//125 150//94 185//110
f 150//94 151//58 185//110
f 185//110 151//58 186//58
f 151//58 152//58 186//58
f 186//58 152//58 187//58
f 152//58 153//58 187//58
f 187//58 153//58 188//58
f 153//58 154//58 188//58
f 188//58 154//58 189//58
f 154//58 155//58 189//58
f 189//58 155//58 190//126
f 155//58 156//109 190//126
f 190//126 156//109 191//126
f 156//109 157//111 191//126
f 191//126 157//111 192//58
f 157//111 158//112 193//127
f 157//111 193//127 192//58
f 158//112 159//113 193//127
f 193//127 159//113 194//128
f 159//113 160//58 195//97
f 159//113 195//97 194//128
f 160//58 161//58 195//97
f 195//97 161//58 196//58
f 161//58 162//58 196//58
f 196//58 162//58 197//58
f 162//58 163//58 197//58
f 197//58 163//58 198//58
f 163//58 164//76 198//58
f 198//58 164//76 199//74
f 164//76 165//77 199//74
f 199//74 165//77 200//75
f 165//77 166//58 200//75
f 200//75 166//58 201//58
f 166//58 167//59 201//58
f 201//58 167//59 202//74
f 167//59 168//61 202//74
f 202//74 168//61 203//75
f 168//61 169//62 203//75
f 203//75 169//62 204//129
f 169//62 170//114 204//129
f 204//129 170//114 205//129
f 170//114 171//115 206//130
f 170//114 206//130 205//129
f 171//115 172//116 207//44
f 171//115 207//44 206//130
f 172//116 173//117 208//131
f 172//116 208//131 207//44
f 173//117 174//118 208//131
f 208//131 174//118 209//132
f 211//133 175//119 212//134
f 175//119 176//120 212//134
f 212//134 176//120 213//135
f 176//120 177//121 213//135
f 213//135 177//121 214//136
f 177//121 178//122 214//136
f 214//136 178//122 215//137
f 178//122 179//123 215//137
f 215//137 179//123 216//138
f 179//123 180//95 216//138
f 216//138 180//95 217//94
f 180//95 181//124 217//94
f 217//94 181//124 218//94
f 181//124 182//58 218//94
f 218//94 182//58 219//58
f 182//58 183//58 219//58
f 219//58 183//58 220//95
f 183//58 184//125 220//95
f 220//95 184//125 221//125
f 184//125 185//110 221//125
f 221//125 185//110 222//58
f 185//110 186//58 222//58
f 222//58 186//58 223//58
f 186//58 187//58 223//58
f 223//58 187//58 224//58
f 187//58 188//58 224//58
f 224//58 188//58 225//58
f 188//58 189//58 225//58
f 225//58 189//58 226//95
f 189//58 190//126 226//95
f 226//95 190//126 227//125
f 190//126 191//126 227//125
f 227//125 191//126 228//58
f 191//126 192//58 228//58
f 228//58 192//58 229//58
f 192//58 193//127 229//58
f 229//58 193//127 230//58
f 193//127 194//128 230//58
f 230//58 194//128 231//76
f 194//128 195//97 231//76
f 231//76 195//97 232//77
f 195//97 196//58 232//77
f 232//77 196//58 233//58
f 196//58 197//58 233//58
f 233//58 197//58 234//58
f 197//58 198//58 234//58
f 234//58 198//58 235//58
f 198//58 199//74 235//58
f 235//58 199//74 236//58
f 199//74 200//75 237//59
f 199//74 237//59 236//58
f 200//75 201//58 238//74
f 200//75 238//74 237//59
f 201//58 202//74 238//74
f 238//74 202//74 239//58
f 202//74 203//75 240//59
f 202//74 240//59 239//58
f 203//75 204//129 241//139
f 203//75 241//139 240//59
f 204//129 205//129 241//139
f 241//139 205//129 242//140
f 205//129 206//130 242//140
f 242//140 206//130 243//141
f 206//130 207//44 243//141
f 243//141 207//44 244//142
f 207//44 208//131 244//142
f 244//142 208//131 245//143
f 208//131 209//132 246//144
f 208//131 246//144 245//143
f 209//132 247//145 246//144
f 250//146 210//147 251//148
f 210//147 211//133 252//149
f 210//147 252//149 251//148
f 211//133 212//134 252//149
f 252//149 212//134 253//150
f 212//134 213//135 253//150
f 253//150 213//135 254//151
f 213//135 214//136 254//151
f 254//151 214//136 255//152
f 214//136 215//137 255//152
f 255//152 215//137 256//123
f 215//137 216//138 256//123
f 256//123 216//138 257//153
f 216//138 217//94 257//153
f 257//153 217//94 258//94
f 217//94 218//94 258//94
f 258//94 218//94 259//94
f 218//94 219//58 259//94
f 259//94 219//58 260//58
f 219//58 220//95 260//58
f 260//58 220//95 261//94
f 220//95 221//125 261//94
f 261//94 221//125 262//94
f 221//125 222//58 262//94
f 262//94 222//58 263//58
f 222//58 223//58 263//58
f 263//58 223//58 264//58
f 223//58 224//58 264//58
f 264//58 224//58 265//58
f 224//58 225//58 265//58
f 265//58 225//58 266//58
f 225//58 226//95 266//58
f 266//58 226//95 267//94
f 226//95 227//125 267//94
f 267//94 227//125 268//94
f 227//125 228//58 268//94
f 268//94 228//58 269//58
f 228//58 229//58 269//58
f 269//58 229//58 270//58
f 229//58 230//58 270//58
f 270//58 230//58 271//58
f 230//58 231//76 271//58
f 271//58 231//76 272//76
f 231//76 232//77 272//76
f 272//76 232//77 273//77
f 232//77 233//58 273//77
f 273//77 233//58 274//58
f 233//58 234//58 274//58
f 274//58 234//58 275//58
f 234//58 235//58 275//58
f 275//58 235//58 276//58
f 235//58 236//58 276//58
f 276//58 236//58 277//58
f 236//58 237//59 277//58
f 277//58 237//59 278//74
f 237//59 238//74 278//74
f 278//74 238//74 279//75
f 238//74 239//58 279//75
f 279//75 239//58 280//58
f 239//58 240//59 280//58
f 280//58 240//59 281//76
f 240//59 241//139 281//76
f 281//76 241//139 282//154
f 241//139 242//140 282//154
f 282//154 242//140 283//155
f 242//140 243//141 283//155
f 283//155 243//141 284//101
f 243//141 244//142 284//101
f 284//101 244//142 285//80
f 244//142 245//143 286//81
f 244//142 286//81 285//80
f 245//143 246//144 287//156
f 245//143 287//156 286//81
f 246//144 247//145 288//157
f 246//144 288//157 287//156
f 247//145 289//158 288//157
f 290//58 248//159 291//160
f 248//159 249//161 291//160
f 291//160 249//161 292//162
f 249//161 293//163 292//162
f 293//163 250//146 294//164
f 250//146 251//148 294//164
f 294//164 251//148 295//165
f 251//148 252//149 296//166
f 251//148 296//166 295//165
f 252//149 253//150 296//166
f 296//166 253//150 297//167
f 253//150 254//151 297//167
f 297//167 254//151 298//168
f 254//151 255//152 298//168
f 298//168 255//152 299//169
f 255//152 256//123 299//169
f 299//169 256//123 300//123
f 256//123 257//153 300//123
f 300//123 257//153 301//58
f 257//153 258//94 301//58
f 301//58 258//94 302//170
f 258//94 259//94 302//170
f 302//170 259//94 303//171
f 259//94 260//58 303//171
f 303//171 260//58 304//58
f 260//58 261//94 304//58
f 304//58 261//94 305//94
f 261//94 262//94 305//94
f 305//94 262//94 306//94
f 262//94 263//58 306//94
f 306//94 263//58 307//58
f 263//58 264//58 307//58
f 307//58 264//58 308//58
f 264//58 265//58 308//58
f 308//58 265//58 309//58
f 265//58 266//58 309//58
f 309//58 266//58 310//58
f 266//58 267//94 310//58
f 310//58 267//94 311//94
f 267//94 268//94 311//94
f 311//94 268//94 312//94
f 268//94 269//58 312//94
f 312//94 269//58 313//58
f 269//58 270//58 313//58
f 313//58 270//58 314//58
f 270//58 271//58 314//58
f 314//58 271//58 315//58
f 271//58 272//76 315//58
f 315//58 272//76 316//76
f 272//76 273//77 316//76
f 316//76 273//77 317//77
f 273//77 274//58 317//77
f 317//77 274//58 318//58
f 274//58 275//58 318//58
f 318//58 275//58 319//58
f 275//58 276//58 319//58
f 319//58 276//58 320//58
f 276//58 277//58 320//58
f 320//58 277//58 321//58
f 277//58 278//74 321//58
f 321//58 278//74 322//58
f 278//74 279//75 323//59
f 278//74 323//59 322//58
f 279//75 280//58 324//60
f 279//75 324//60 323//59
f 280//58 281//76 324//60
f 324//60 281//76 325//76
f 281//76 282//154 325//76
f 325//76 282//154 326//172
f 282//154 283//155 327//62
f 282//154 327//62 326//172
f 283//155 284//101 328//173
f 283//155 328//173 327//62
f 284//101 285//80 328//173
f 328//173 285//80 329//100
f 285//80 286//81 329//100
f 329//100 286//81 330//101
f 286//81 287//156 330//101
f 330//101 287//156 331//174
f 287//156 288//157 332//175
f 287//156 332//175 331//174
f 288//157 289//158 332//175
f 332//175 289//158 333//176
f 290//58 291//160 334//177
f 334//177 291//160 335//178
f 291//160 292//162 335//178
f 335//178 292//162 336//179
f 292//162 293//163 337//180
f 292//162 337//180 336//179
f 293//163 294//164 337//180
f 337//180 294//164 338//181
f 294//164 295//165 338//181
f 338//181 295//165 339//182
f 295//165 296//166 339//182
f 339//182 296//166 340//58
f 296//166 297//167 340//58
f 340//58 297//167 341//167
f 297//167 298//168 341//167
f 341//167 298//168 342//168
f 298//168 299//169 342//168
f 342//168 299//169 343//183
f 299//169 300//123 343//183
f 343//183 300//123 344//184
f 300//123 301//58 344//184
f 344//184 301//58 345//58
f 301//58 302//170 345//58
f 345//58 302//170 346//58
f 302//170 303//171 347//185
f 302//170 347//185 346//58
f 303//171 304//58 348//186
f 303//171 348//186 347//185
f 304//58 305//94 348//186
f 348//186 305//94 349//170
f 305//94 306//94 349//170
f 349//170 306//94 350//171
f 306//94 307//58 350//171
f 350//171 307//58 351//58
f 307//58 308//58 351//58
f 351//58 308//58 352//58
f 308//58 309//58 352//58
f 352//58 309//58 353//58
f 309//58 310//58 353//58
f 353//58 310//58 354//58
f 310//58 311//94 354//58
f 354//58 311//94 355//170
f 311//94 312//94 355//170
f 355//170 312//94 356//171
f 312//94 313//58 356//171
f 356//171 313//58 357//58
f 313//58 314//58 357//58
f 357//58 314//58 358//58
f 314//58 315//58 358//58
f 358//58 315//58 359//58
f 315//58 316//76 359//58
f 359//58 316//76 360//74
f 316//76 317//77 360//74
f 360//74 317//77 361//75
f 317//77 318//58 361//75
f 361//75 318//58 362//58
f 318//58 319//58 362//58
f 362//58 319//58 363//58
f 319//58 320//58 363//58
f 363//58 320//58 364//58
f 320//58 321//58 364//58
f 364//58 321//58 365//58
f 321//58 322//58 365//58
f 365//58 322//58 366//58
f 322//58 323//59 366//58
f 366//58 323//59 367//76
f 323//59 324//60 367//76
f 367//76 324//60 368//77
f 324//60 325//76 368//77
f 368//77 325//76 369//76
f 325//76 326//172 369//76
f 369//76 326//172 370//77
f 326//172 327//62 370//77
f 370//77 327//62 371//187
f 327//62 328//173 371//187
f 371//187 328//173 372//188
f 328//173 329//100 373//143
f 328//173 373//143 372//188
f 329//100 330//101 374//189
f 329//100 374//189 373//143
f 330//101 331//174 374//189
f 374//189 331//174 375//116
f 331//174 332//175 376//190
f 331//174 376//190 375//116
f 332//175 333//176 377//191
f 332//175 377//191 376//190
f 378//192 334//177 379//193
f 334//177 335//178 379//193
f 379//193 335//178 380//194
f 335//178 336//179 380//194
f 380//194 336//179 381//151
f 336//179 337//180 381//151
f 381//151 337//180 382//195
f 337//180 338//181 382//195
f 382//195 338//181 383//196
f 338//181 339//182 383//196
f 383//196 339//182 384//182
f 339//182 340//58 384//182
f 384//182 340//58 385//58
f 340//58 341//167 385//58
f 385//58 341//167 386//167
f 341//167 342//168 386//167
f 386//167 342//168 387//168
f 342//168 343//183 387//168
f 387//168 343//183 388//197
f 343//183 344//184 389//198
f 343//183 389//198 388//197
f 344//184 345//58 390//199
f 344//184 390//199 389//198
f 345//58 346//58 390//199
f 390//199 346//58 391//58
f 346//58 347//185 391//58
f 391//58 347//185 392//94
f 347//185 348//186 392//94
f 392//94 348//186 393//94
f 348//186 349//170 393//94
f 393//94 349//170 394//58
f 349//170 350//171 395//185
f 349//170 395//185 394//58
f 350//171 351//58 396//186
f 350//171 396//186 395//185
f 351//58 352//58 396//186
f 396//186 352//58 397//58
f 352//58 353//58 397//58
f 397//58 353//58 398//58
f 353//58 354//58 398//58
f 398//58 354//58 399//58
f 354//58 355//170 399//58
f 399//58 355//170 400//58
f 355//170 356//171 401//200
f 355//170 401//200 400//58
f 356//171 357//58 402//200
f 356//171 402//200 401//200
f 357//58 358//58 402//200
f 402//200 358//58 403//58
f 358//58 359//58 403//58
f 403//58 359//58 404//58
f 359//58 360//74 404//58
f 404//58 360//74 405//58
f 360//74 361//75 406//59
f 360//74 406//59 405//58
f 361//75 362//58 407//97
f 361//75 407//97 406//59
f 362//58 363//58 407//97
f 407//97 363//58 408//58
f 363//58 364//58 408//58
f 408//58 364//58 409//58
f 364//58 365//58 409//58
f 409//58 365//58 410//58
f 365//58 366//58 410//58
f 410//58 366//58 411//58
f 366//58 367//76 411//58
f 411//58 367//76 412//76
f 367//76 368//77 412//76
f 412//76 368//77 413//77
f 368//77 369//76 413//77
f 413//77 369//76 414//74
f 369//76 370//77 414//74
f 414//74 370//77 415//75
f 370//77 371//187 415//75
f 415//75 371//187 416//58
f 371//187 372//188 417//62
f 371//187 417//62 416//58
f 372//188 373//143 418//201
f 372//188 418//201 417//62
f 373//143 374//189 418//201
f 418//201 374//189 419//101
f 374//189 375//116 420//130
f 374//189 420//130 419//101
f 375//116 376//190 421//202
f 375//116 421//202 420//130
f 376//190 377//191 422//203
f 376//190 422//203 421//202
f 377//191 423//204 422//203
f 378//192 379//193 424//205
f 424//205 379//193 425//206
f 379//193 380//194 425//206
f 425//206 380//194 426//168
f 380//194 381//151 426//168
f 426//168 381//151 427//207
f 381//151 382//195 427//207
f 427//207 382//195 428//208
f 382//195 383//196 428//208
f 428//208 383//196 429//209
f 383//196 384//182 429//209
f 429//209 384//182 430//210
f 384//182 385//58 430//210
f 430//210 385//58 431//58
f 385//58 386//167 431//58
f 431//58 386//167 432//167
f 386//167 387//168 432//167
f 432//167 387//168 433//168
f 387//168 388//197 433//168
f 433//168 388//197 434//167
f 388//197 389//198 434//167
f 434//167 389//198 435//199
f 389//198 390//199 435//199
f 435//199 390//199 436//184
f 390//199 391//58 436//184
f 436//184 391//58 437//58
f 391//58 392//94 437//58
f 437//58 392//94 438//94
f 392//94 393//94 438//94
f 438//94 393//94 439//94
f 393//94 394//58 439//94
f 439//94 394//58 440//58
f 394//58 395//185 440//58
f 440//58 395//185 441//94
f 395//185 396//186 441//94
f 441//94 396//186 442//94
f 396//186 397//58 442//94
f 442//94 397//58 443//58
f 397//58 398//58 443//58
f 443//58 398//58 444//58
f 398//58 399//58 444//58
f 444//58 399//58 445//58
f 399//58 400//58 445//58
f 445//58 400//58 446//58
f 400//58 401//200 446//58
f 446//58 401//200 447//58
f 401//200 402//200 448//185
f 401//200 448//185 447//58
f 402//200 403//58 449//186
f 402//200 449//186 448//185
f 403//58 404//58 449//186
f 449//186 404//58 450//58
f 404//58 405//58 450//58
f 450//58 405//58 451//58
f 405//58 406//59 451//58
f 451//58 406//59 452//74
f 406//59 407//97 452//74
f 452//74 407//97 453//75
f 407//97 408//58 453//75
f 453//75 408//58 454//58
f 408//58 409//58 454//58
f 454//58 409//58 455//58
f 409//58 410//58 455//58
f 455//58 410//58 456//58
f 410//58 411//58 456//58
f 456//58 411//58 457//58
f 411//58 412//76 457//58
f 457//58 412//76 458//76
f 412//76 413//77 458//76
f 458//76 413//77 459//77
f 413//77 414//74 459//77
f 459//77 414//74 460//58
f 414//74 415//75 461//211
f 414//74 461//211 460//58
f 415//75 416//58 462//212
f 415//75 462//212 461//211
f 416//58 417//62 462//212
f 462//212 417//62 463//98
f 417//62 418//201 463//98
f 463//98 418//201 464//99
f 418//201 419//101 464//99
f 464//99 419//101 465//100
f 419//101 420//130 465//100
f 465//100 420//130 466//101
f 420//130 421//202 466//101
f 466//101 421//202 467//213
f 421//202 422//203 468//214
f 421//202 468//214 467//213
f 422//203 423//204 468//214
f 468//214 423//204 469//215
f 470//216 424//205 471//217
f 424//205 425//206 471//217
f 471//217 425//206 472//218
f 425//206 426//168 472//218
f 472//218 426//168 473//168
f 426//168 427//207 473//168
f 473//168 427//207 474//168
f 427//207 428//208 475//219
f 427//207 475//219 474//168
f 428//208 429//209 476//209
f 428//208 476//209 475//219
f 429//209 430//210 477//209
f 429//209 477//209 476//209
f 430//210 431//58 478//220
f 430//210 478//220 477//209
f 431//58 432//167 478//220
f 478//220 432//167 479//167
f 432//167 433//168 479//167
f 479//167 433//168 480//168
f 433//168 434//167 480//168
f 480//168 434//167 481//167
f 434//167 435//199 481//167
f 481//167 435//199 482//58
f 435//199 436//184 483//198
f 435//199 483//198 482//58
f 436//184 437//58 484//199
f 436//184 484//199 483//198
f 437//58 438//94 484//199
f 484//199 438//94 485//94
f 438//94 439//94 485//94
f 485//94 439//94 486//94
f 439//94 440//58 486//94
f 486//94 440//58 487//58
f 440//58 441//94 487//58
f 487//58 441//94 488//170
f 441//94 442//94 488//170
f 488//170 442//94 489//171
f 442//94 443//58 489//171
f 489//171 443//58 490//58
f 443//58 444//58 490//58
f 490//58 444//58 491//58
f 444//58 445//58 491//58
f 491//58 445//58 492//58
f 445//58 446//58 492//58
f 492//58 446//58 493//58
f 446//58 447//58 493//58
f 493//58 447//58 494//58
f 447//58 448//185 494//58
f 494//58 448//185 495//94
f 448//185 449//186 495//94
f 495//94 449//186 496//94
f 449//186 450//58 496//94
f 496//94 450//58 497//58
f 450//58 451//58 497//58
f 497//58 451//58 498//58
f 451//58 452//74 498//58
f 498//58 452//74 499//58
f 452//74 453//75 500//59
f 452//74 500//59 499//58
f 453//75 454//58 501//74
f 453//75 501//74 500//59
f 454//58 455//58 501//74
f 501//74 455//58 502//58
f 455//58 456//58 502//58
f 502//58 456//58 503//58
f 456//58 457//58 503//58
f 503//58 457//58 504//58
f 457//58 458//76 504//58
f 504//58 458//76 505//76
f 458//76 459//77 505//76
f 505//76 459//77 506//77
f 459//77 460//58 506//77
f 506//77 460//58 507//58
f 460//58 461//211 507//58
f 507//58 461//211 508//58
f 461//211 462//212 509//59
f 461//211 509//59 508//58
f 462//212 463//98 510//61
f 462//212 510//61 509//59
f 463//98 464//99 511//62
f 463//98 511//62 510//61
f 464//99 465//100 512//221
f 464//99 512//221 511//62
f 465//100 466//101 513//142
f 465//100 513//142 512//221
f 466//101 467//213 513//142
f 513//142 467//213 514//213
f 467//213 468//214 514//213
f 514//213 468//214 515//222
f 468//214 469//215 515//222
f 515//222 469//215 516//223
f 470//216 471//217 517//224
f 517//224 471//217 518//225
f 471//217 472//218 518//225
f 518//225 472//218 519//226
f 472//218 473//168 520//227
f 472//218 520//227 519//226
f 473//168 474//168 520//227
f 520//227 474//168 521//209
f 474//168 475//219 521//209
f 521//209 475//219 522//219
f 475//219 476//209 522//219
f 522//219 476//209 523//168
f 476//209 477//209 523//168
f 523//168 477//209 524//228
f 477//209 478//220 524//228
f 524//228 478//220 525//210
f 478//220 479//167 525//210
f 525//210 479//167 526//229
f 479//167 480//168 526//229
f 526//229 480//168 527//209
f 480//168 481//167 527//209
f 527//209 481//167 528//230
f 481//167 482//58 528//230
f 528//230 482//58 529//231
f 482//58 483//198 529//231
f 529//231 483//198 530//232
f 483//198 484//199 530//232
f 530//232 484//199 531//138
f 484//199 485//94 531//138
f 531//138 485//94 532//170
f 485//94 486//94 532//170
f 532//170 486//94 533//171
f 486//94 487//58 533//171
f 533//171 487//58 534//58
f 487//58 488//170 534//58
f 534//58 488//170 535//58
f 488//170 489//171 536//185
f 488//170 536//185 535//58
f 489//171 490//58 537//186
f 489//171 537//186 536//185
f 490//58 491//58 537//186
f 537//186 491//58 538//58
f 491//58 492//58 538//58
f 538//58 492//58 539//58
f 492//58 493//58 539//58
f 539//58 493//58 540//58
f 493//58 494//58 540//58
f 540//58 494//58 541//58
f 494//58 495//94 541//58
f 541//58 495//94 542//170
f 495//94 496//94 542//170
f 542//170 496//94 543//171
f 496//94 497//58 543//171
f 543//171 497//58 544//58
f 497//58 498//58 544//58
f 544//58 498//58 545//58
f 498//58 499//58 545//58
f 545//58 499//58 546//58
f 499//58 500//59 546//58
f 546//58 500//59 547//76
f 500//59 501//74 547//76
f 547//76 501//74 548//77
f 501//74 502//58 548//77
f 548//77 502//58 549//58
f 502//58 503//58 549//58
f 549//58 503//58 550//58
f 503//58 504//58 550//58
f 550//58 504//58 551//58
f 504//58 505//76 551//58
f 551//58 505//76 552//76
f 505//76 506//77 552//76
f 552//76 506//77 553//77
f 506//77 507//58 553//77
f 553//77 507//58 554//58
f 507//58 508//58 554//58
f 554//58 508//58 555//58
f 508//58 509//59 555//58
f 555//58 509//59 556//76
f 509//59 510//61 556//76
f 556//76 510//61 557//77
f 510//61 511//62 557//77
f 557//77 511//62 558//78
f 511//62 512//221 558//78
f 558//78 512//221 559//233
f 512//221 513//142 559//233
f 559//233 513//142 560//44
f 513//142 514//213 560//44
f 560//44 514//213 561//234
f 514//213 515//222 561//234
f 561//234 515//222 562//235
f 515//222 516//223 563//236
f 515//222 563//236 562//235
f 516//223 564//158 563//236
f 517//224 518//225 565//237
f 565//237 518//225 566//238
f 518//225 519//226 566//238
f 566//238 519//226 567//239
f 519//226 520//227 567//239
f 567//239 520//227 568//240
f 520//227 521//209 569//241
f 520//227 569//241 568//240
f 521//209 522//219 570//242
f 521//209 570//242 569//241
f 522//219 523//168 571//242
f 522//219 571//242 570//242
f 523//168 524//228 571//242
f 571//242 524//228 572//241
f 524//228 525//210 573//241
f 524//228 573//241 572//241
f 525//210 526//229 574//229
f 525//210 574//229 573//241
f 526//229 527//209 575//210
f 526//229 575//210 574//229
f 527//209 528//230 576//243
f 527//209 576//243 575//210
f 528//230 529//231 576//243
f 576//243 529//231 577//244
f 529//231 530//232 578//245
f 529//231 578//245 577//244
f 530//232 531//138 578//245
f 578//245 531//138 579//138
f 531//138 532//170 579//138
f 579//138 532//170 580//58
f 532//170 533//171 581//185
f 532//170 581//185 580//58
f 533//171 534//58 582//170
f 533//171 582//170 581//185
f 534//58 535//58 582//170
f 582//170 535//58 583//58
f 535//58 536//185 583//58
f 583//58 536//185 584//94
f 536//185 537//186 584//94
f 584//94 537//186 585//94
f 537//186 538//58 585//94
f 585//94 538//58 586//58
f 538//58 539//58 586//58
f 586//58 539//58 587//58
f 539//58 540//58 587//58
f 587//58 540//58 588//58
f 540//58 541//58 588//58
f 588//58 541//58 589//58
f 541//58 542//170 589//58
f 589//58 542//170 590//58
f 542//170 543//171 591//185
f 542//170 591//185 590//58
f 543//171 544//58 592//186
f 543//171 592//186 591//185
f 544//58 545//58 592//186
f 592//186 545//58 593//58
f 545//58 546//58 593//58
f 593//58 546//58 594//58
f 546//58 547//76 594//58
f 594//58 547//76 595//74
f 547//76 548//77 595//74
f 595//74 548//77 596//75
f 548//77 549//58 596//75
f 596//75 549//58 597//58
f 549//58 550//58 597//58
f 597//58 550//58 598//58
f 550//58 551//58 598//58
f 598//58 551//58 599//58
f 551//58 552//76 599//58
f 599//58 552//76 600//76
f 552//76 553//77 600//76
f 600//76 553//77 601//77
f 553//77 554//58 601//77
f 601//77 554//58 602//58
f 554//58 555//58 602//58
f 602//58 555//58 603//58
f 555//58 556//76 603//58
f 603//58 556//76 604//76
f 556//76 557//77 604//76
f 604//76 557//77 605//77
f 557//77 558//78 605//77
f 605//77 558//78 606//140
f 558//78 559//233 606//140
f 606//140 559//233 607//129
f 559//233 560//44 608//130
f 559//233 608//130 607//129
f 560//44 561//234 609//246
f 560//44 609//246 608//130
f 561//234 562//235 610//247
f 561//234 610//247 609//246
f 562//235 563//236 611//248
f 562//235 611//248 610//247
f 563//236 564//158 611//248
f 611//248 564//158 612//249
f 613//250 565//237 614//251
f 565//237 566//238 615//252
f 565//237 615//252 614//251
f 566//238 567//239 615//252
f 615//252 567//239 616//253
f 567//239 568//240 617//254
f 567//239 617//254 616//253
f 568//240 569//241 618//255
f 568//240 618//255 617//254
f 569//241 570//242 618//255
f 618//255 570//242 619//168
f 570//242 571//242 620//219
f 570//242 620//219 619//168
f 571//242 572//241 621//209
f 571//242 621//209 620//219
f 572//241 573//241 622//256
f 572//241 622//256 621//209
f 573//241 574//229 622//256
f 622//256 574//229 623//210
f 574//229 575//210 623//210
f 623//210 575//210 624//257
f 575//210 576//243 624//257
f 624//257 576//243 625//182
f 576//243 577//244 625//182
f 625//182 577//244 626//167
f 577//244 578//245 626//167
f 626//167 578//245 627//258
f 578//245 579//138 627//258
f 627//258 579//138 628//184
f 579//138 580//58 628//184
f 628//184 580//58 629//58
f 580//58 581//185 629//58
f 629//58 581//185 630//170
f 581//185 582//170 630//170
f 630//170 582//170 631//171
f 582//170 583//58 631//171
f 631//171 583//58 632//58
f 583//58 584//94 632//58
f 632//58 584//94 633//170
f 584//94 585//94 633//170
f 633//170 585//94 634//171
f 585//94 586//58 634//171
f 634//171 586//58 635//58
f 586//58 587//58 635//58
f 635//58 587//58 636//58
f 587//58 588//58 636//58
f 636//58 588//58 637//58
f 588//58 589//58 637//58
f 637//58 589//58 638//58
f 589//58 590//58 638//58
f 638//58 590//58 639//58
f 590//58 591//185 639//58
f 639//58 591//185 640//170
f 591//185 592//186 640//170
f 640//170 592//186 641//171
f 592//186 593//58 641//171
f 641//171 593//58 642//58
f 593//58 594//58 642//58
f 642//58 594//58 643//58
f 594//58 595//74 643//58
f 643//58 595//74 644//58
f 595//74 596//75 645//259
f 595//74 645//259 644//58
f 596//75 597//58 646//260
f 596//75 646//260 645//259
f 597//58 598//58 646//260
f 646//260 598//58 647//58
f 598//58 599//58 647//58
f 647//58 599//58 648//58
f 599//58 600//76 648//58
f 648//58 600//76 649//60
f 600//76 601//77 649//60
f 649//60 601//77 650//75
f 601//77 602//58 650//75
f 650//75 602//58 651//58
f 602//58 603//58 651//58
f 651//58 603//58 652//58
f 603//58 604//76 652//58
f 652//58 604//76 653//76
f 604//76 605//77 653//76
f 653//76 605//77 654//77
f 605//77 606//140 654//77
f 654//77 606//140 655//78
f 606//140 607//129 655//78
f 655//78 607//129 656//140
f 607//129 608//130 656//140
f 656//140 608//130 657//141
f 608//130 609//246 657//141
f 657//141 609//246 658//261
f 609//246 610//247 659//234
f 609//246 659//234 658//261
f 610//247 611//248 660//262
f 610//247 660//262 659//234
f 611//248 612//249 660//262
f 660//262 612//249 661//263
f 613//250 614//251 662//264
f 614//251 615//252 663//265
f 614//251 663//265 662//264
f 615//252 616//253 664//266
f 615//252 664//266 663//265
f 616//253 617//254 665//267
f 616//253 665//267 664//266
f 617//254 618//255 665//267
f 665//267 618//255 666//219
f 618//255 619//168 666//219
f 666//219 619//168 667//168
f 619//168 620//219 667//168
f 667//168 620//219 668//168
f 620//219 621//209 668//168
f 668//168 621//209 669//228
f 621//209 622//256 669//228
f 669//228 622//256 670//241
f 622//256 623//210 671//241
f 622//256 671//241 670//241
f 623//210 624//257 672//256
f 623//210 672//256 671//241
f 624//257 625//182 672//256
f 672//256 625//182 673//210
f 625//182 626//167 673//210
f 673//210 626//167 674//257
f 626//167 627//258 674//257
f 674//257 627//258 675//197
f 627//258 628//184 676//198
f 627//258 676//198 675//197
f 628//184 629//58 677//199
f 628//184 677//199 676//198
f 629//58 630//170 677//199
f 677//199 630//170 678//58
f 630//170 631//171 679//185
f 630//170 679//185 678//58
f 631//171 632//58 680//186
f 631//171 680//186 679//185
f 632//58 633//170 680//186
f 680//186 633//170 681//58
f 633//170 634//171 682//200
f 633//170 682//200 681//58
f 634//171 635//58 683//200
f 634//171 683//200 682//200
f 635//58 636//58 683//200
f 683//200 636//58 684//58
f 636//58 637//58 684//58
f 684//58 637//58 685//58
f 637//58 638//58 685//58
f 685//58 638//58 686//58
f 638//58 639//58 686//58
f 686//58 639//58 687//58
f 639//58 640//170 687//58
f 687//58 640//170 688//58
f 640//170 641//171 689//185
f 640//170 689//185 688//58
f 641//171 642//58 690//186
f 641//171 690//186 689//185
f 642//58 643//58 690//186
f 690//186 643//58 691//58
f 643//58 644//58 691//58
f 691//58 644//58 692//58
f 644//58 645//259 692//58
f 692//58 645//259 693//76
f 645//259 646//260 693//76
f 693//76 646//260 694//77
f 646//260 647//58 694//77
f 694//77 647//58 695//58
f 647//58 648//58 695//58
f 695//58 648//58 696//58
f 648//58 649//60 696//58
f 696//58 649//60 697//58
f 649//60 650//75 698//211
f 649//60 698//211 697//58
f 650//75 651//58 699//211
f 650//75 699//211 698//211
f 651//58 652//58 699//211
f 699//211 652//58 700//58
f 652//58 653//76 700//58
f 700//58 653//76 701//74
f 653//76 654//77 701//74
f 701//74 654//77 702//259
f 654//77 655//78 702//259
f 702//259 655//78 703//98
f 655//78 656//140 703//98
f 703//98 656//140 704//268
f 656//140 657//141 704//268
f 704//268 657//141 705//269
f 657//141 658//261 705//269
f 705//269 658//261 706//44
f 658//261 659//234 706//44
f 706//44 659//234 707//44
f 659//234 660//262 707//44
f 707//44 660//262 708//270
f 660//262 661//263 709//271
f 660//262 709//271 708//270
f 661//263 710//272 709//271
f 662//264 663//265 712//273
f 712//273 663//265 713//274
f 663//265 664//266 713//274
f 713//274 664//266 714//253
f 664//266 665//267 715//254
f 664//266 715//254 714//253
f 665//267 666//219 716//275
f 665//267 716//275 715//254
f 666//219 667//168 717//276
f 666//219 717//276 716//275
f 667//168 668//168 717//276
f 717//276 668//168 718//228
f 668//168 669//228 718//228
f 718//228 669//228 719//241
f 669//228 670//241 720//241
f 669//228 720//241 719//241
f 670//241 671//241 721//277
f 670//241 721//277 720//241
f 671//241 672//256 721//277
f 721//277 672//256 722//197
f 672//256 673//210 723//210
f 672//256 723//210 722//197
f 673//210 674//257 724//278
f 673//210 724//278 723//210
f 674//257 675//197 724//278
f 724//278 675//197 725//210
f 675//197 676//198 725//210
f 725//210 676//198 726//279
f 676//198 677//199 726//279
f 726//279 677//199 727//184
f 677//199 678//58 727//184
f 727//184 678//58 728//58
f 678//58 679//185 728//58
f 728//58 679//185 729//94
f 679//185 680//186 729//94
f 729//94 680//186 730//94
f 680//186 681//58 730//94
f 730//94 681//58 731//58
f 681//58 682//200 731//58
f 731//58 682//200 732//58
f 682//200 683//200 733//171
f 682//200 733//171 732//58
f 683//200 684//58 734//170
f 683//200 734//170 733//171
f 684//58 685//58 734//170
f 734//170 685//58 735//58
f 685//58 686//58 735//58
f 735//58 686//58 736//58
f 686//58 687//58 736//58
f 736//58 687//58 737//58
f 687//58 688//58 737//58
f 737//58 688//58 738//58
f 688//58 689//185 738//58
f 738//58 689//185 739//94
f 689//185 690//186 739//94
f 739//94 690//186 740//94
f 690//186 691//58 740//94
f 740//94 691//58 741//58
f 691//58 692//58 741//58
f 741//58 692//58 742//58
f 692//58 693//76 742//58
f 742//58 693//76 743//76
f 693//76 694//77 743//76
f 743//76 694//77 744//77
f 694//77 695//58 744//77
f 744//77 695//58 745//58
f 695//58 696//58 745//58
f 745//58 696//58 746//58
f 696//58 697//58 746//58
f 746//58 697//58 747//58
f 697//58 698//211 747//58
f 747//58 698//211 748//58
f 698//211 699//211 749//259
f 698//211 749//259 748//58
f 699//211 700//58 750//260
f 699//211 750//260 749//259
f 700//58 701//74 750//260
f 750//260 701//74 751//58
f 701//74 702//259 752//259
f 701//74 752//259 751//58
f 702//259 703//98 753//61
f 702//259 753//61 752//259
f 703//98 704//268 754//280
f 703//98 754//280 753//61
f 704//268 705//269 754//280
f 754//280 705//269 755//281
f 705//269 706//44 756//221
f 705//269 756//221 755//281
f 706//44 707//44 757//115
f 706//44 757//115 756//221
f 707//44 708//270 758//282
f 707//44 758//282 757//115
f 708//270 709//271 758//282
f 758//282 709//271 759//283
f 709//271 710//272 760//284
f 709//271 760//284 759//283
f 712//273 713//274 765//285
f 765//285 713//274 766//286
f 713//274 714//253 767//287
f 713//274 767//287 766//286
f 714//253 715//254 768//288
f 714//253 768//288 767//287
f 715//254 716//275 768//288
f 768//288 716//275 769//208
f 716//275 717//276 769//208
f 769//208 717//276 770//275
f 717//276 718//228 770//275
f 770//275 718//228 771//241
f 718//228 719//241 772//241
f 718//228 772//241 771//241
f 719//241 720//241 773//255
f 719//241 773//255 772//241
f 720//241 721//277 773//255
f 773//255 721//277 774//228
f 721//277 722//197 774//228
f 774//228 722//197 775//210
f 722//197 723//210 775//210
f 775//210 723//210 776//257
f 723//210 724//278 776//257
f 776//257 724//278 777//197
f 724//278 725//210 778//289
f 724//278 778//289 777//197
f 725//210 726//279 779//290
f 725//210 779//290 778//289
f 726//279 727//184 780//198
f 726//279 780//198 779//290
f 727//184 728//58 781//199
f 727//184 781//199 780//198
f 728//58 729//94 781//199
f 781//199 729//94 782//170
f 729//94 730//94 782//170
f 782//170 730//94 783//185
f 730//94 731//58 783//185
f 783//185 731//58 784//58
f 731//58 732//58 784//58
f 784//58 732//58 785//58
f 732//58 733//171 785//58
f 785//58 733//171 786//94
f 733//171 734//170 786//94
f 786//94 734//170 787//94
f 734//170 735//58 787//94
f 787//94 735//58 788//58
f 735//58 736//58 788//58
f 788//58 736//58 789//58
f 736//58 737//58 789//58
f 789//58 737//58 790//58
f 737//58 738//58 790//58
f 790//58 738//58 791//58
f 738//58 739//94 791//58
f 791//58 739//94 792//94
f 739//94 740//94 792//94
f 792//94 740//94 793//94
f 740//94 741//58 793//94
f 793//94 741//58 794//58
f 741//58 742//58 794//58
f 794//58 742//58 795//58
f 742//58 743//76 795//58
f 795//58 743//76 796//74
f 743//76 744//77 796//74
f 796//74 744//77 797//291
f 744//77 745//58 797//291
f 797//291 745//58 798//113
f 745//58 746//58 798//113
f 798//113 746//58 799//58
f 746//58 747//58 799//58
f 799//58 747//58 800//58
f 747//58 748//58 800//58
f 800//58 748//58 801//58
f 748//58 749//259 801//58
f 801//58 749//259 802//74
f 749//259 750//260 802//74
f 802//74 750//260 803//291
f 750//260 751//58 803//291
f 803//291 751//58 804//292
f 751//58 752//259 804//292
f 804//292 752//259 805//293
f 752//259 753//61 805//293
f 805//293 753//61 806//77
f 753//61 754//280 806//77
f 806//77 754//280 807//58
f 754//280 755//281 807//58
f 807//58 755//281 808//187
f 755//281 756//221 808//187
f 808//187 756//221 809//99
f 756//221 757//115 809//99
f 809//99 757//115 810//270
f 757//115 758//282 811//294
f 757//115 811//294 810//270
f 758//282 759//283 811//294
f 811//294 759//283 812//295
f 759//283 760//284 812//295
f 812//295 760//284 813//296
f 816//297 761//298 817//299
f 761//298 762//300 818//301
f 761//298 818//301 817//299
f 762//300 763//302 819//303
f 762//300 819//303 818//301
f 763//302 820//304 819//303
f 821//305 764//306 822//307
f 764//306 823//308 822//307
f 765//285 766//286 825//309
f 825//309 766//286 826//310
f 766//286 767//287 826//310
f 826//310 767//287 827//168
f 767//287 768//288 828//288
f 767//287 828//288 827//168
f 768//288 769//208 829//311
f 768//288 829//311 828//288
f 769//208 770//275 830//254
f 769//208 830//254 829//311
f 770//275 771//241 831//209
f 770//275 831//209 830//254
f 771//241 772//241 832//277
f 771//241 832//277 831//209
f 772//241 773//255 832//277
f 832//277 773//255 833//228
f 773//255 774//228 833//228
f 833//228 774//228 834//241
f 774//228 775//210 835//241
f 774//228 835//241 834//241
f 775//210 776//257 836//256
f 775//210 836//256 835//241
f 776//257 777//197 836//256
f 836//256 777//197 837//210
f 777//197 778//289 837//210
f 837//210 778//289 838//312
f 778//289 779//290 838//312
f 838//312 779//290 839//210
f 779//290 780//198 839//210
f 839//210 780//198 840//232
f 780//198 781//199 840//232
f 840//232 781//199 841//138
f 781//199 782//170 841//138
f 841//138 782//170 842//58
f 782//170 783//185 843//171
f 782//170 843//171 842//58
f 783//185 784//58 844//170
f 783//185 844//170 843//171
f 784//58 785//58 844//170
f 844//170 785//58 845//58
f 785//58 786//94 845//58
f 845//58 786//94 846//170
f 786//94 787//94 846//170
f 846//170 787//94 847//171
f 787//94 788//58 847//171
f 847//171 788//58 848//58
f 788//58 789//58 848//58
f 848//58 789//58 849//58
f 789//58 790//58 849//58
f 849//58 790//58 850//58
f 790//58 791//58 850//58
f 850//58 791//58 851//58
f 791//58 792//94 851//58
f 851//58 792//94 852//94
f 792//94 793//94 852//94
f 852//94 793//94 853//94
f 793//94 794//58 853//94
f 853//94 794//58 854//58
f 794//58 795//58 854//58
f 854//58 795//58 855//58
f 795//58 796//74 855//58
f 855//58 796//74 856//58
f 796//74 797//291 857//292
f 796//74 857//292 856//58
f 797//291 798//113 857//292
f 857//292 798//113 858//313
f 798//113 799//58 859//313
f 798//113 859//313 858//313
f 799//58 800//58 859//313
f 859//313 800//58 860//292
f 800//58 801//58 860//292
f 860//292 801//58 861//58
f 801//58 802//74 861//58
f 861//58 802//74 862//58
f 802//74 803//291 863//314
f 802//74 863//314 862//58
f 803//291 804//292 863//314
f 863//314 804//292 864//315
f 804//292 805//293 865//316
f 804//292 865//316 864//315
f 805//293 806//77 865//316
f 865//316 806//77 866//317
f 806//77 807//58 866//317
f 866//317 807//58 867//39
f 807//58 808//187 867//39
f 867//39 808//187 868//318
f 808//187 809//99 869//319
f 808//187 869//319 868//318
f 809//99 810//270 870//320
f 809//99 870//320 869//319
f 810//270 811//294 870//320
f 870//320 811//294 871//321
f 811//294 812//295 871//321
f 871//321 812//295 872//322
f 812//295 813//296 872//322
f 872//322 813//296 873//323
f 813//296 814//324 873//323
f 873//323 814//324 874//325
f 814//324 815//326 875//327
f 814//324 875//327 874//325
f 815//326 816//297 876//328
f 815//326 876//328 875//327
f 816//297 817//299 877//329
f 816//297 877//329 876//328
f 817//299 818//301 877//329
f 877//329 818//301 878//330
f 818//301 819//303 879//331
f 818//301 879//331 878//330
f 819//303 820//304 880//332
f 819//303 880//332 879//331
f 820//304 821//305 880//332
f 880//332 821//305 881//333
f 821//305 822//307 881//333
f 881//333 822//307 882//334
f 822//307 823//308 883//335
f 822//307 883//335 882//334
f 823//308 824//336 884//337
f 823//308 884//337 883//335
f 824//336 885//338 884//337
f 825//309 826//310 886//339
f 886//339 826//310 887//340
f 826//310 827//168 887//340
f 887//340 827//168 888//209
f 827//168 828//288 888//209
f 888//209 828//288 889//341
f 828//288 829//311 890//342
f 828//288 890//342 889//341
f 829//311 830//254 891//343
f 829//311 891//343 890//342
f 830//254 831//209 891//343
f 891//343 831//209 892//228
f 831//209 832//277 892//228
f 892//228 832//277 893//209
f 832//277 833//228 893//209
f 893//209 833//228 894//241
f 833//228 834//241 895//241
f 833//228 895//241 894//241
f 834//241 835//241 896//277
f 834//241 896//277 895//241
f 835//241 836//256 896//277
f 896//277 836//256 897//197
f 836//256 837//210 898//210
f 836//256 898//210 897//197
f 837//210 838//312 899//229
f 837//210 899//229 898//210
f 838//312 839//210 900//210
f 838//312 900//210 899//229
f 839//210 840//232 901//245
f 839//210 901//245 900//210
f 840//232 841//138 901//245
f 901//245 841//138 902//138
f 841//138 842//58 902//138
f 902//138 842//58 903//58
f 842//58 843//171 903//58
f 903//58 843//171 904//94
f 843//171 844//170 904//94
f 904//94 844//170 905//94
f 844//170 845//58 905//94
f 905//94 845//58 906//58
f 845//58 846//170 906//58
f 906//58 846//170 907//58
f 846//170 847//171 908//185
f 846//170 908//185 907//58
f 847//171 848//58 909//170
f 847//171 909//170 908//185
f 848//58 849//58 909//170
f 909//170 849//58 910//58
f 849//58 850//58 910//58
f 910//58 850//58 911//58
f 850//58 851//58 911//58
f 911//58 851//58 912//58
f 851//58 852//94 912//58
f 912//58 852//94 913//94
f 852//94 853//94 913//94
f 913//94 853//94 914//94
f 853//94 854//58 914//94
f 914//94 854//58 915//58
f 854//58 855//58 915//58
f 915//58 855//58 916//58
f 855//58 856//58 916//58
f 916//58 856//58 917//58
f 856//58 857//292 917//58
f 917//58 857//292 918//58
f 857//292 858//313 918//58
f 918//58 858//313 919//58
f 858//313 859//313 920//292
f 858//313 920//292 919//58
f 859//313 860//292 920//292
f 920//292 860//292 921//313
f 860//292 861//58 922//313
f 860//292 922//313 921//313
f 861//58 862//58 922//313
f 922//313 862//58 923//344
f 862//58 863//314 923//344
f 923//344 863//314 924//345
f 863//314 864//315 925//346
f 863//314 925//346 924//345
f 864//315 865//316 926//347
f 864//315 926//347 925//346
f 865//316 866//317 927//348
f 865//316 927//348 926//347
f 866//317 867//39 927//348
f 927//348 867//39 928//349
f 867//39 868//318 928//349
f 928//349 868//318 929//350
f 868//318 869//319 929//350
f 929//350 869//319 930//351
f 869//319 870//320 930//351
f 930//351 870//320 931//352
f 870//320 871//321 931//352
f 931//352 871//321 932//353
f 871//321 872//322 932//353
f 932//353 872//322 933//354
f 872//322 873//323 933//354
f 933//354 873//323 934//355
f 873//323 874//325 934//355
f 934//355 874//325 935//356
f 874//325 875//327 935//356
f 935//356 875//327 936//76
f 875//327 876//328 936//76
f 936//76 876//328 937//357
f 876//328 877//329 937//357
f 937//357 877//329 938//259
f 877//329 878//330 938//259
f 938//259 878//330 939//58
f 878//330 879//331 939//58
f 939//58 879//331 940//77
f 879//331 880//332 940//77
f 940//77 880//332 941//358
f 880//332 881//333 941//358
f 941//358 881//333 942//359
f 881//333 882//334 942//359
f 942//359 882//334 943//58
f 882//334 883//335 943//58
f 943//58 883//335 944//76
f 883//335 884//337 944//76
f 944//76 884//337 945//360
f 884//337 885//338 946//361
f 884//337 946//361 945//360
f 885//338 947//362 946//361
f 886//339 887//340 948//363
f 887//340 888//209 949//364
f 887//340 949//364 948//363
f 888//209 889//341 950//341
f 888//209 950//341 949//364
f 889//341 890//342 951//365
f 889//341 951//365 950//341
f 890//342 891//343 952//365
f 890//342 952//365 951//365
f 891//343 892//228 952//365
f 952//365 892//228 953//241
f 892//228 893//209 954//241
f 892//228 954//241 953//241
f 893//209 894//241 955//209
f 893//209 955//209 954//241
f 894//241 895//241 956//255
f 894//241 956//255 955//209
f 895//241 896//277 956//255
f 956//255 896//277 957//228
f 896//277 897//197 957//228
f 957//228 897//197 958//210
f 897//197 898//210 958//210
f 958//210 898//210 959//257
f 898//210 899//229 959//257
f 959//257 899//229 960//182
f 899//229 900//210 960//182
f 960//182 900//210 961//167
f 900//210 901//245 961//167
f 961//167 901//245 962//183
f 901//245 902//138 962//183
f 962//183 902//138 963//184
f 902//138 903//58 963//184
f 963//184 903//58 964//58
f 903//58 904//94 964//58
f 964//58 904//94 965//94
f 904//94 905//94 965//94
f 965//94 905//94 966//94
f 905//94 906//58 966//94
f 966//94 906//58 967//58
f 906//58 907//58 967//58
f 967//58 907//58 968//58
f 907//58 908//185 968//58
f 968//58 908//185 969//94
f 908//185 909//170 969//94
f 969//94 909//170 970//94
f 909//170 910//58 970//94
f 970//94 910//58 971//58
f 910//58 911//58 971//58
f 971//58 911//58 972//58
f 911//58 912//58 972//58
f 972//58 912//58 973//58
f 912//58 913//94 973//58
f 973//58 913//94 974//94
f 913//94 914//94 974//94
f 974//94 914//94 975//94
f 914//94 915//58 975//94
f 975//94 915//58 976//58
f 915//58 916//58 976//58
f 976//58 916//58 977//58
f 916//58 917//58 977//58
f 977//58 917//58 978//58
f 917//58 918//58 978//58
f 978//58 918//58 979//58
f 918//58 919//58 979//58
f 979//58 919//58 980//58
f 919//58 920//292 980//58
f 980//58 920//292 981//366
f 920//292 921//313 981//366
f 981//366 921//313 982//318
f 921//313 922//313 983//367
f 921//313 983//367 982//318
f 922//313 923//344 983//367
f 983//367 923//344 984//368
f 923//344 924//345 984//368
f 984//368 924//345 985//369
f 924//345 925//346 985//369
f 985//369 925//346 986//370
f 925//346 926//347 986//370
f 986//370 926//347 987//371
f 926//347 927//348 988//372
f 926//347 988//372 987//371
f 927//348 928//349 989//373
f 927//348 989//373 988//372
f 928//349 929//350 989//373
f 989//373 929//350 990//374
f 929//350 930//351 990//374
f 990//374 930//351 991//375
f 930//351 931//352 992//376
f 930//351 992//376 991//375
f 931//352 932//353 993//377
f 931//352 993//377 992//376
f 932//353 933//354 993//377
f 993//377 933//354 994//58
f 933//354 934//355 995//211
f 933//354 995//211 994//58
f 934//355 935//356 996//212
f 934//355 996//212 995//211
f 935//356 936//76 996//212
f 996//212 936//76 997//172
f 936//76 937//357 997//172
f 997//172 937//357 998//293
f 937//357 938//259 999//75
f 937//357 999//75 998//293
f 938//259 939//58 1000//260
f 938//259 1000//260 999//75
f 939//58 940//77 1000//260
f 1000//260 940//77 1001//77
f 940//77 941//358 1001//77
f 1001//77 941//358 1002//293
f 941//358 942//359 1003//75
f 941//358 1003//75 1002//293
f 942//359 943//58 1004//260
f 942//359 1004//260 1003//75
f 943//58 944//76 1004//260
f 1004//260 944//76 1005//76
f 944//76 945//360 1005//76
f 1005//76 945//360 1006//360
f 945//360 946//361 1006//360
f 1006//360 946//361 1007//378
f 946//361 947//362 1008//379
f 946//361 1008//379 1007//378
f 947//362 1009//380 1008//379
f 948//363 949//364 1010//381
f 949//364 950//341 1011//382
f 949//364 1011//382 1010//381
f 950//341 951//365 1011//382
f 1011//382 951//365 1012//383
f 951//365 952//365 1013//384
f 951//365 1013//384 1012//383
f 952//365 953//241 1014//209
f 952//365 1014//209 1013//384
f 953//241 954//241 1015//228
f 953//241 1015//228 1014//209
f 954//241 955//209 1015//228
f 1015//228 955//209 1016//228
f 955//209 956//255 1016//228
f 1016//228 956//255 1017//219
f 956//255 957//228 1017//219
f 1017//219 957//228 1018//167
f 957//228 958//210 1019//210
f 957//228 1019//210 1018//167
f 958//210 959//257 1020//256
f 958//210 1020//256 1019//210
f 959//257 960//182 1020//256
f 1020//256 960//182 1021//210
f 960//182 961//167 1021//210
f 1021//210 961//167 1022//257
f 961//167 962//183 1022//257
f 1022//257 962//183 1023//197
f 962//183 963//184 1024//198
f 962//183 1024//198 1023//197
f 963//184 964//58 1025//199
f 963//184 1025//199 1024//198
f 964//58 965//94 1025//199
f 1025//199 965//94 1026//170
f 965//94 966//94 1026//170
f 1026//170 966//94 1027//385
f 966//94 967//58 1027//385
f 1027//385 967//58 1028//386
f 967//58 968//58 1028//386
f 1028//386 968//58 1029//58
f 968//58 969//94 1029//58
f 1029//58 969//94 1030//94
f 969//94 970//94 1030//94
f 1030//94 970//94 1031//94
f 970//94 971//58 1031//94
f 1031//94 971//58 1032//58
f 971//58 972//58 1032//58
f 1032//58 972//58 1033//58
f 972//58 973//58 1033//58
f 1033//58 973//58 1034//58
f 973//58 974//94 1034//58
f 1034//58 974//94 1035//125
f 974//94 975//94 1035//125
f 1035//125 975//94 1036//110
f 975//94 976//58 1036//110
f 1036//110 976//58 1037//58
f 976//58 977//58 1037//58
f 1037//58 977//58 1038//58
f 977//58 978//58 1038//58
f 1038//58 978//58 1039//58
f 978//58 979//58 1039//58
f 1039//58 979//58 1040//57
f 979//58 980//58 1040//57
f 1040//57 980//58 1041//387
f 980//58 981//366 1041//387
f 1041//387 981//366 1042//388
f 981//366 982//318 1042//388
f 1042//388 982//318 1043//389
f 982//318 983//367 1043//389
f 1043//389 983//367 1044//369
f 983//367 984//368 1044//369
f 1044//369 984//368 1045//390
f 984//368 985//369 1045//390
f 1045//390 985//369 1046//391
f 985//369 986//370 1046//391
f 1046//391 986//370 1047//392
f 986//370 987//371 1047//392
f 1047//392 987//371 1048//39
f 987//371 988//372 1048//39
f 1048//39 988//372 1049//393
f 988//372 989//373 1050//394
f 988//372 1050//394 1049//393
f 989//373 990//374 1051//395
f 989//373 1051//395 1050//394
f 990//374 991//375 1051//395
f 1051//395 991//375 1052//58
f 991//375 992//376 1052//58
f 1052//58 992//376 1053//58
f 992//376 993//377 1054//59
f 992//376 1054//59 1053//58
f 993//377 994//58 1055//60
f 993//377 1055//60 1054//59
f 994//58 995//211 1055//60
f 1055//60 995//211 1056//58
f 995//211 996//212 1057//59
f 995//211 1057//59 1056//58
f 996//212 997//172 1058//357
f 996//212 1058//357 1057//59
f 997//172 998//293 1058//357
f 1058//357 998//293 1059//77
f 998//293 999//75 1059//77
f 1059//77 999//75 1060//396
f 999//75 1000//260 1060//396
f 1060//396 1000//260 1061//397
f 1000//260 1001//77 1061//397
f 1061//397 1001//77 1062//77
f 1001//77 1002//293 1062//77
f 1062//77 1002//293 1063//76
f 1002//293 1003//75 1063//76
f 1063//76 1003//75 1064//76
f 1003//75 1004//260 1064//76
f 1064//76 1004//260 1065//77
f 1004//260 1005//76 1065//77
f 1065//77 1005//76 1066//76
f 1005//76 1006//360 1066//76
f 1066//76 1006//360 1067//360
f 1006//360 1007//378 1067//360
f 1067//360 1007//378 1068//77
f 1007//378 1008//379 1068//77
f 1068//77 1008//379 1069//398
f 1008//379 1009//380 1070//399
f 1008//379 1070//399 1069//398
f 1009//380 1071//400 1070//399
f 1010//381 1011//382 1072//401
f 1011//382 1012//383 1073//402
f 1011//382 1073//402 1072//401
f 1012//383 1013//384 1073//402
f 1073//402 1013//384 1074//275
f 1013//384 1014//209 1074//275
f 1074//275 1014//209 1075//209
f 1014//209 1015//228 1075//209
f 1075//209 1015//228 1076//219
f 1015//228 1016//228 1076//219
f 1076//219 1016//228 1077//167
f 1016//228 1017//219 1078//403
f 1016//228 1078//403 1077//167
f 1017//219 1018//167 1079//403
f 1017//219 1079//403 1078//403
f 1018//167 1019//210 1079//403
f 1079//403 1019//210 1080//404
f 1019//210 1020//256 1080//404
f 1080//404 1020//256 1081//241
f 1020//256 1021//210 1082//241
f 1020//256 1082//241 1081//241
f 1021//210 1022//257 1083//278
f 1021//210 1083//278 1082//241
f 1022//257 1023//197 1083//278
f 1083//278 1023//197 1084//210
f 1023//197 1024//198 1084//210
f 1084//210 1024//198 1085//232
f 1024//198 1025//199 1085//232
f 1085//232 1025//199 1086//138
f 1025//199 1026//170 1086//138
f 1086//138 1026//170 1087//58
f 1026//170 1027//385 1088//386
f 1026//170 1088//386 1087//58
f 1027//385 1028//386 1088//386
f 1088//386 1028//386 1089//405
f 1028//386 1029//58 1090//170
f 1028//386 1090//170 1089//405
f 1029//58 1030//94 1090//170
f 1090//170 1030//94 1091//94
f 1030//94 1031//94 1091//94
f 1091//94 1031//94 1092//94
f 1031//94 1032//58 1092//94
f 1092//94 1032//58 1093//58
f 1032//58 1033//58 1093//58
f 1093//58 1033//58 1094//58
f 1033//58 1034//58 1094//58
f 1094//58 1034//58 1095//406
f 1034//58 1035//125 1095//406
f 1095//406 1035//125 1096//126
f 1035//125 1036//110 1096//126
f 1096//126 1036//110 1097//58
f 1036//110 1037//58 1097//58
f 1097//58 1037//58 1098//57
f 1037//58 1038//58 1098//57
f 1098//57 1038//58 1099//39
f 1038//58 1039//58 1099//39
f 1099//39 1039//58 1100//387
f 1039//58 1040//57 1100//387
f 1100//387 1040//57 1101//407
f 1040//57 1041//387 1101//407
f 1101//407 1041//387 1102//408
f 1041//387 1042//388 1102//408
f 1102//408 1042//388 1103//409
f 1042//388 1043//389 1103//409
f 1103//409 1043//389 1104//410
f 1043//389 1044//369 1104//410
f 1104//410 1044//369 1105//411
f 1044//369 1045//390 1105//411
f 1105//411 1045//390 1106//412
f 1045//390 1046//391 1106//412
f 1106//412 1046//391 1107//413
f 1046//391 1047//392 1107//413
f 1107//413 1047//392 1108//58
f 1047//392 1048//39 1108//58
f 1108//58 1048//39 1109//58
f 1048//39 1049//393 1109//58
f 1109//58 1049//393 1110//58
f 1049//393 1050//394 1110//58
f 1110//58 1050//394 1111//58
f 1050//394 1051//395 1112//259
f 1050//394 1112//259 1111//58
f 1051//395 1052//58 1113//260
f 1051//395 1113//260 1112//259
f 1052//58 1053//58 1113//260
f 1113//260 1053//58 1114//58
f 1053//58 1054//59 1114//58
f 1114//58 1054//59 1115//76
f 1054//59 1055//60 1115//76
f 1115//76 1055//60 1116//76
f 1055//60 1056//58 1116//76
f 1116//76 1056//58 1117//58
f 1056//58 1057//59 1117//58
f 1117//58 1057//59 1118//76
f 1057//59 1058//357 1118//76
f 1118//76 1058//357 1119//360
f 1058//357 1059//77 1119//360
f 1119//360 1059//77 1120//414
f 1059//77 1060//396 1120//414
f 1120//414 1060//396 1121//396
f 1060//396 1061//397 1121//396
f 1121//396 1061//397 1122//58
f 1061//397 1062//77 1122//58
f 1122//58 1062//77 1123//60
f 1062//77 1063//76 1123//60
f 1123//60 1063//76 1124//75
f 1063//76 1064//76 1124//75
f 1124//75 1064//76 1125//172
f 1064//76 1065//77 1125//172
f 1125//172 1065//77 1126//77
f 1065//77 1066//76 1126//77
f 1126//77 1066//76 1127//76
f 1066//76 1067//360 1127//76
f 1127//76 1067//360 1128//357
f 1067//360 1068//77 1128//357
f 1128//357 1068//77 1129//75
f 1068//77 1069//398 1129//75
f 1129//75 1069//398 1130//172
f 1069//398 1070//399 1130//172
f 1130//172 1070//399 1131//415
f 1070//399 1071//400 1131//415
f 1131//415 1071//400 1132//416
f 1072//401 1073//402 1133//417
f 1133//417 1073//402 1134//418
f 1073//402 1074//275 1135//419
f 1073//402 1135//419 1134//418
f 1074//275 1075//209 1136//420
f 1074//275 1136//420 1135//419
f 1075//209 1076//219 1137//421
f 1075//209 1137//421 1136//420
f 1076//219 1077//167 1138//403
f 1076//219 1138//403 1137//421
f 1077//167 1078//403 1138//403
f 1138//403 1078//403 1139//167
f 1078//403 1079//403 1140//219
f 1078//403 1140//219 1139//167
f 1079//403 1080//404 1141//229
f 1079//403 1141//229 1140//219
f 1080//404 1081//241 1142//210
f 1080//404 1142//210 1141//229
f 1081//241 1082//241 1143//278
f 1081//241 1143//278 1142//210
f 1082//241 1083//278 1143//278
f 1143//278 1083//278 1144//241
f 1083//278 1084//210 1145//241
f 1083//278 1145//241 1144//241
f 1084//210 1085//232 1146//422
f 1084//210 1146//422 1145//241
f 1085//232 1086//138 1146//422
f 1146//422 1086//138 1147//184
f 1086//138 1087//58 1147//184
f 1147//184 1087//58 1148//58
f 1087//58 1088//386 1148//58
f 1148//58 1088//386 1149//58
f 1088//386 1089//405 1149//58
f 1149//58 1089//405 1150//94
f 1089//405 1090//170 1150//94
f 1150//94 1090//170 1151//94
f 1090//170 1091//94 1151//94
f 1151//94 1091//94 1152//94
f 1091//94 1092//94 1152//94
f 1152//94 1092//94 1153//94
f 1092//94 1093//58 1153//94
f 1153//94 1093//58 1154//58
f 1093//58 1094//58 1154//58
f 1154//58 1094//58 1155//95
f 1094//58 1095//406 1155//95
f 1155//95 1095//406 1156//125
f 1095//406 1096//126 1156//125
f 1156//125 1096//126 1157//57
f 1096//126 1097//58 1157//57
f 1157//57 1097//58 1158//344
f 1097//58 1098//57 1158//344
f 1158//344 1098//57 1159//423
f 1098//57 1099//39 1159//423
f 1159//423 1099//39 1160//424
f 1099//39 1100//387 1160//424
f 1160//424 1100//387 1161//425
f 1100//387 1101//407 1161//425
f 1161//425 1101//407 1162//426
f 1101//407 1102//408 1162//426
f 1162//426 1102//408 1163//390
f 1102//408 1103//409 1163//390
f 1163//390 1103//409 1164//427
f 1103//409 1104//410 1164//427
f 1164//427 1104//410 1165//428
f 1104//410 1105//411 1165//428
f 1165//428 1105//411 1166//429
f 1105//411 1106//412 1166//429
f 1166//429 1106//412 1167//430
f 1106//412 1107//413 1167//430
f 1167//430 1107//413 1168//431
f 1107//413 1108//58 1169//212
f 1107//413 1169//212 1168//431
f 1108//58 1109//58 1169//212
f 1169//212 1109//58 1170//58
f 1109//58 1110//58 1170//58
f 1170//58 1110//58 1171//58
f 1110//58 1111//58 1171//58
f 1171//58 1111//58 1172//58
f 1111//58 1112//259 1172//58
f 1172//58 1112//259 1173//76
f 1112//259 1113//260 1173//76
f 1173//76 1113//260 1174//77
f 1113//260 1114//58 1174//77
f 1174//77 1114//58 1175//58
f 1114//58 1115//76 1175//58
f 1175//58 1115//76 1176//77
f 1115//76 1116//76 1176//77
f 1176//77 1116//76 1177//77
f 1116//76 1117//58 1177//77
f 1177//77 1117//58 1178//58
f 1117//58 1118//76 1178//58
f 1178//58 1118//76 1179//76
f 1118//76 1119//360 1179//76
f 1179//76 1119//360 1180//360
f 1119//360 1120//414 1180//360
f 1180//360 1120//414 1181//357
f 1120//414 1121//396 1181//357
f 1181//357 1121//396 1182//259
f 1121//396 1122//58 1182//259
f 1182//259 1122//58 1183//58
f 1122//58 1123//60 1183//58
f 1183//58 1123//60 1184//58
f 1123//60 1124//75 1185//432
f 1123//60 1185//432 1184//58
f 1124//75 1125//172 1186//358
f 1124//75 1186//358 1185//432
f 1125//172 1126//77 1186//358
f 1186//358 1126//77 1187//77
f 1126//77 1127//76 1187//77
f 1187//77 1127//76 1188//396
f 1127//76 1128//357 1188//396
f 1188//396 1128//357 1189//433
f 1128//357 1129//75 1190//59
f 1128//357 1190//59 1189//433
f 1129//75 1130//172 1191//434
f 1129//75 1191//434 1190//59
f 1130//172 1131//415 1191//434
f 1191//434 1131//415 1192//435
f 1131//415 1132//416 1192//435
f 1192//435 1132//416 1193//436
f 1133//417 1134//418 1195//437
f 1134//418 1135//419 1196//438
f 1134//418 1196//438 1195//437
f 1135//419 1136//420 1197//275
f 1135//419 1197//275 1196//438
f 1136//420 1137//421 1198//208
f 1136//420 1198//208 1197//275
f 1137//421 1138//403 1199//219
f 1137//421 1199//219 1198//208
f 1138//403 1139//167 1200//278
f 1138//403 1200//278 1199//219
f 1139//167 1140//219 1200//278
f 1200//278 1140//219 1201//209
f 1140//219 1141//229 1201//209
f 1201//209 1141//229 1202//210
f 1141//229 1142//210 1202//210
f 1202//210 1142//210 1203//257
f 1142//210 1143//278 1203//257
f 1203//257 1143//278 1204//197
f 1143//278 1144//241 1205//210
f 1143//278 1205//210 1204//197
f 1144//241 1145//241 1206//255
f 1144//241 1206//255 1205//210
f 1145//241 1146//422 1206//255
f 1206//255 1146//422 1207//257
f 1146//422 1147//184 1208//198
f 1146//422 1208//198 1207//257
f 1147//184 1148//58 1209//199
f 1147//184 1209//199 1208//198
f 1148//58 1149//58 1209//199
f 1209//199 1149//58 1210//58
f 1149//58 1150//94 1210//58
f 1210//58 1150//94 1211//94
f 1150//94 1151//94 1211//94
f 1211//94 1151//94 1212//94
f 1151//94 1152//94 1212//94
f 1212//94 1152//94 1213//109
f 1152//94 1153//94 1213//109
f 1213//109 1153//94 1214//110
f 1153//94 1154//58 1214//110
f 1214//110 1154//58 1215//366
f 1154//58 1155//95 1215//366
f 1215//366 1155//95 1216//439
f 1155//95 1156//125 1216//439
f 1216//439 1156//125 1217//440
f 1156//125 1157//57 1217//440
f 1217//440 1157//57 1218//441
f 1157//57 1158//344 1218//441
f 1218//441 1158//344 1219//442
f 1158//344 1159//423 1219//442
f 1219//442 1159//423 1220//443
f 1159//423 1160//424 1220//443
f 1220//443 1160//424 1221//369
f 1160//424 1161//425 1221//369
f 1221//369 1161//425 1222//444
f 1161//425 1162//426 1222//444
f 1222//444 1162//426 1223//445
f 1162//426 1163//390 1223//445
f 1223//445 1163//390 1224//428
f 1163//390 1164//427 1224//428
f 1224//428 1164//427 1225//39
f 1164//427 1165//428 1225//39
f 1225//39 1165//428 1226//446
f 1165//428 1166//429 1226//446
f 1226//446 1166//429 1227//58
f 1166//429 1167//430 1228//73
f 1166//429 1228//73 1227//58
f 1167//430 1168//431 1228//73
f 1228//73 1168//431 1229//58
f 1168//431 1169//212 1230//259
f 1168//431 1230//259 1229//58
f 1169//212 1170//58 1231//97
f 1169//212 1231//97 1230//259
f 1170//58 1171//58 1231//97
f 1231//97 1171//58 1232//58
f 1171//58 1172//58 1232//58
f 1232//58 1172//58 1233//58
f 1172//58 1173//76 1233//58
f 1233//58 1173//76 1234//76
f 1173//76 1174//77 1234//76
f 1234//76 1174//77 1235//77
f 1174//77 1175//58 1235//77
f 1235//77 1175//58 1236//58
f 1175//58 1176//77 1236//58
f 1236//58 1176//77 1237//76
f 1176//77 1177//77 1237//76
f 1237//76 1177//77 1238//76
f 1177//77 1178//58 1238//76
f 1238//76 1178//58 1239//58
f 1178//58 1179//76 1239//58
f 1239//58 1179//76 1240//447
f 1179//76 1180//360 1240//447
f 1240//447 1180//360 1241//448
f 1180//360 1181//357 1241//448
f 1241//448 1181//357 1242//449
f 1181//357 1182//259 1243//75
f 1181//357 1243//75 1242//449
f 1182//259 1183//58 1244//260
f 1182//259 1244//260 1243//75
f 1183//58 1184//58 1244//260
f 1244//260 1184//58 1245//450
f 1184//58 1185//432 1245//450
f 1245//450 1185//432 1246//359
f 1185//432 1186//358 1246//359
f 1246//359 1186//358 1247//172
f 1186//358 1187//77 1247//172
f 1247//172 1187//77 1248//414
f 1187//77 1188//396 1248//414
f 1248//414 1188//396 1249//447
f 1188//396 1189//433 1249//447
f 1249//447 1189//433 1250//58
f 1189//433 1190//59 1250//58
f 1250//58 1190//59 1251//76
f 1190//59 1191//434 1251//76
f 1251//76 1191//434 1252//451
f 1191//434 1192//435 1252//451
f 1252//451 1192//435 1253//452
f 1192//435 1193//436 1254//453
f 1192//435 1254//453 1253//452
f 1193//436 1194//454 1254//453
f 1254//453 1194//454 1255//455
f 1194//454 1256//456 1255//455
f 1195//437 1196//438 1257//457
f 1257//457 1196//438 1258//458
f 1196//438 1197//275 1258//458
f 1258//458 1197//275 1259//208
f 1197//275 1198//208 1259//208
f 1259//208 1198//208 1260//459
f 1198//208 1199//219 1260//459
f 1260//459 1199//219 1261//460
f 1199//219 1200//278 1261//460
f 1261//460 1200//278 1262//241
f 1200//278 1201//209 1263//241
f 1200//278 1263//241 1262//241
f 1201//209 1202//210 1264//209
f 1201//209 1264//209 1263//241
f 1202//210 1203//257 1265//277
f 1202//210 1265//277 1264//209
f 1203//257 1204//197 1265//277
f 1265//277 1204//197 1266//182
f 1204//197 1205//210 1266//182
f 1266//182 1205//210 1267//167
f 1205//210 1206//255 1267//167
f 1267//167 1206//255 1268//168
f 1206//255 1207//257 1268//168
f 1268//168 1207//257 1269//167
f 1207//257 1208//198 1269//167
f 1269//167 1208//198 1270//138
f 1208//198 1209//199 1270//138
f 1270//138 1209//199 1271//138
f 1209//199 1210//58 1271//138
f 1271//138 1210//58 1272//58
f 1210//58 1211//94 1272//58
f 1272//58 1211//94 1273//109
f 1211//94 1212//94 1273//109
f 1273//109 1212//94 1274//461
f 1212//94 1213//109 1274//461
f 1274//461 1213//109 1275//462
f 1213//109 1214//110 1275//462
f 1275//462 1214//110 1276//387
f 1214//110 1215//366 1276//387
f 1276//387 1215//366 1277//463
f 1215//366 1216//439 1277//463
f 1277//463 1216//439 1278//464
f 1216//439 1217//440 1278//464
f 1278//464 1217//440 1279//409
f 1217//440 1218//441 1279//409
f 1279//409 1218//441 1280//465
f 1218//441 1219//442 1280//465
f 1280//465 1219//442 1281//466
f 1219//442 1220//443 1281//466
f 1281//466 1220//443 1282//467
f 1220//443 1221//369 1282//467
f 1282//467 1221//369 1283//423
f 1221//369 1222//444 1283//423
f 1283//423 1222//444 1284//126
f 1222//444 1223//445 1284//126
f 1284//126 1223//445 1285//58
f 1223//445 1224//428 1285//58
f 1285//58 1224//428 1286//58
f 1224//428 1225//39 1286//58
f 1286//58 1225//39 1287//58
f 1225//39 1226//446 1287//58
f 1287//58 1226//446 1288//58
f 1226//446 1227//58 1288//58
f 1288//58 1227//58 1289//58
f 1227//58 1228//73 1289//58
f 1289//58 1228//73 1290//58
f 1228//73 1229//58 1290//58
f 1290//58 1229//58 1291//58
f 1229//58 1230//259 1291//58
f 1291//58 1230//259 1292//396
f 1230//259 1231//97 1292//396
f 1292//396 1231//97 1293//468
f 1231//97 1232//58 1293//468
f 1293//468 1232//58 1294//58
f 1232//58 1233//58 1294//58
f 1294//58 1233//58 1295//58
f 1233//58 1234//76 1295//58
f 1295//58 1234//76 1296//76
f 1234//76 1235//77 1296//76
f 1296//76 1235//77 1297//77
f 1235//77 1236//58 1297//77
f 1297//77 1236//58 1298//58
f 1236//58 1237//76 1298//58
f 1298//58 1237//76 1299//447
f 1237//76 1238//76 1299//447
f 1299//447 1238//76 1300//468
f 1238//76 1239//58 1300//468
f 1300//468 1239//58 1301//468
f 1239//58 1240//447 1301//468
f 1301//468 1240//447 1302//469
f 1240//447 1241//448 1302//469
f 1302//469 1241//448 1303//396
f 1241//448 1242//449 1303//396
f 1303//396 1242//449 1304//58
f 1242//449 1243//75 1304//58
f 1304//58 1243//75 1305//396
f 1243//75 1244//260 1305//396
f 1305//396 1244//260 1306//397
f 1244//260 1245//450 1306//397
f 1306//397 1245//450 1307//58
f 1245//450 1246//359 1308//59
f 1245//450 1308//59 1307//58
f 1246//359 1247//172 1309//470
f 1246//359 1309//470 1308//59
f 1247//172 1248//414 1309//470
f 1309//470 1248//414 1310//471
f 1248//414 1249//447 1310//471
f 1310//471 1249//447 1311//398
f 1249//447 1250//58 1311//398
f 1311//398 1250//58 1312//472
f 1250//58 1251//76 1312//472
f 1312//472 1251//76 1313//473
f 1251//76 1252//451 1313//473
f 1313//473 1252//451 1314//474
f 1252//451 1253//452 1314//474
f 1314//474 1253//452 1315//58
f 1253//452 1254//453 1316//475
f 1253//452 1316//475 1315//58
f 1254//453 1255//455 1317//476
f 1254//453 1317//476 1316//475
f 1255//455 1256//456 1317//476
f 1317//476 1256//456 1318//477
f 1257//457 1258//458 1320//478
f 1257//457 1320//478 1319//479
f 1258//458 1259//208 1321//480
f 1258//458 1321//480 1320//478
f 1259//208 1260//459 1322//480
f 1259//208 1322//480 1321//480
f 1260//459 1261//460 1323//481
f 1260//459 1323//481 1322//480
f 1261//460 1262//241 1324//241
f 1261//460 1324//241 1323//481
f 1262//241 1263//241 1325//255
f 1262//241 1325//255 1324//241
f 1263//241 1264//209 1325//255
f 1325//255 1264//209 1326//168
f 1264//209 1265//277 1326//168
f 1326//168 1265//277 1327//168
f 1265//277 1266//182 1327//168
f 1327//168 1266//182 1328//182
f 1266//182 1267//167 1328//182
f 1328//182 1267//167 1329//167
f 1267//167 1268//168 1329//167
f 1329//167 1268//168 1330//168
f 1268//168 1269//167 1330//168
f 1330//168 1269//167 1331//167
f 1269//167 1270//138 1331//167
f 1331//167 1270//138 1332//123
f 1270//138 1271//138 1332//123
f 1332//123 1271//138 1333//482
f 1271//138 1272//58 1333//482
f 1333//482 1272//58 1334//387
f 1272//58 1273//109 1334//387
f 1334//387 1273//109 1335//483
f 1273//109 1274//461 1335//483
f 1335//483 1274//461 1336//484
f 1274//461 1275//462 1336//484
f 1336//484 1275//462 1337//485
f 1275//462 1276//387 1337//485
f 1337//485 1276//387 1338//486
f 1276//387 1277//463 1338//486
f 1338//486 1277//463 1339//487
f 1277//463 1278//464 1339//487
f 1339//487 1278//464 1340//488
f 1278//464 1279//409 1340//488
f 1340//488 1279//409 1341//483
f 1279//409 1280//465 1341//483
f 1341//483 1280//465 1342//344
f 1280//465 1281//466 1342//344
f 1342//344 1281//466 1343//126
f 1281//466 1282//467 1343//126
f 1343//126 1282//467 1344//126
f 1282//467 1283//423 1344//126
f 1344//126 1283//423 1345//57
f 1283//423 1284//126 1345//57
f 1345//57 1284//126 1346//58
f 1284//126 1285//58 1346//58
f 1346//58 1285//58 1347//58
f 1285//58 1286//58 1347//58
f 1347//58 1286//58 1348//58
f 1286//58 1287//58 1348//58
f 1348//58 1287//58 1349//58
f 1287//58 1288//58 1349//58
f 1349//58 1288//58 1350//58
f 1288//58 1289//58 1350//58
f 1350//58 1289//58 1351//58
f 1289//58 1290//58 1351//58
f 1351//58 1290//58 1352//58
f 1290//58 1291//58 1352//58
f 1352//58 1291//58 1353//468
f 1291//58 1292//396 1353//468
f 1353//468 1292//396 1354//447
f 1292//396 1293//468 1354//447
f 1354//447 1293//468 1355//58
f 1293//468 1294//58 1355//58
f 1355//58 1294//58 1356//58
f 1294//58 1295//58 1356//58
f 1356//58 1295//58 1357//58
f 1295//58 1296//76 1357//58
f 1357//58 1296//76 1358//76
f 1296//76 1297//77 1358//76
f 1358//76 1297//77 1359//77
f 1297//77 1298//58 1359//77
f 1359//77 1298//58 1360//468
f 1298//58 1299//447 1360//468
f 1360//468 1299//447 1361//396
f 1299//447 1300//468 1361//396
f 1361//396 1300//468 1362//58
f 1300//468 1301//468 1362//58
f 1362//58 1301//468 1363//76
f 1301//468 1302//469 1363//76
f 1363//76 1302//469 1364//360
f 1302//469 1303//396 1364//360
f 1364//360 1303//396 1365//77
f 1303//396 1304//58 1365//77
f 1365//77 1304//58 1366//468
f 1304//58 1305//396 1366//468
f 1366//468 1305//396 1367//396
f 1305//396 1306//397 1367//396
f 1367//396 1306//397 1368//58
f 1306//397 1307//58 1368//58
f 1368//58 1307//58 1369//58
f 1307//58 1308//59 1369//58
f 1369//58 1308//59 1370//77
f 1308//59 1309//470 1370//77
f 1370//77 1309//470 1371//172
f 1309//470 1310//471 1372//489
f 1309//470 1372//489 1371//172
f 1310//471 1311//398 1373//490
f 1310//471 1373//490 1372//489
f 1311//398 1312//472 1373//490
f 1373//490 1312//472 1374//491
f 1312//472 1313//473 1374//491
f 1374//491 1313//473 1375//447
f 1313//473 1314//474 1375//447
f 1375//447 1314//474 1376//492
f 1314//474 1315//58 1377//493
f 1314//474 1377//493 1376//492
f 1315//58 1316//475 1377//493
f 1377//493 1316//475 1378//78
f 1316//475 1317//476 1378//78
f 1378//78 1317//476 1379//494
f 1317//476 1318//477 1379//494
f 1379//494 1318//477 1380//495
f 1319//479 1320//478 1382//496
f 1319//479 1382//496 1381//497
f 1320//478 1321//480 1383//498
f 1320//478 1383//498 1382//496
f 1321//480 1322//480 1384//208
f 1321//480 1384//208 1383//498
f 1322//480 1323//481 1385//499
f 1322//480 1385//499 1384//208
f 1323//481 1324//241 1386//500
f 1323//481 1386//500 1385//499
f 1324//241 1325//255 1386//500
f 1386//500 1325//255 1387//219
f 1325//255 1326//168 1387//219
f 1387//219 1326//168 1388//168
f 1326//168 1327//168 1388//168
f 1388//168 1327//168 1389//168
f 1327//168 1328//182 1389//168
f 1389//168 1328//182 1390//182
f 1328//182 1329//167 1390//182
f 1390//182 1329//167 1391//150
f 1329//167 1330//168 1391//150
f 1391//150 1330//168 1392//501
f 1330//168 1331//167 1392//501
f 1392//501 1331//167 1393//502
f 1331//167 1332//123 1393//502
f 1393//502 1332//123 1394//503
f 1332//123 1333//482 1394//503
f 1394//503 1333//482 1395//389
f 1333//482 1334//387 1395//389
f 1395//389 1334//387 1396//465
f 1334//387 1335//483 1396//465
f 1396//465 1335//483 1397//504
f 1335//483 1336//484 1397//504
f 1397//504 1336//484 1398//505
f 1336//484 1337//485 1398//505
f 1398//505 1337//485 1399//505
f 1337//485 1338//486 1399//505
f 1399//505 1338//486 1400//506
f 1338//486 1339//487 1400//506
f 1400//506 1339//487 1401//507
f 1339//487 1340//488 1401//507
f 1401//507 1340//488 1402//439
f 1340//488 1341//483 1402//439
f 1402//439 1341//483 1403//508
f 1341//483 1342//344 1403//508
f 1403//508 1342//344 1404//58
f 1342//344 1343//126 1404//58
f 1404//58 1343//126 1405//94
f 1343//126 1344//126 1405//94
f 1405//94 1344//126 1406//94
f 1344//126 1345//57 1406//94
f 1406//94 1345//57 1407//58
f 1345//57 1346//58 1407//58
f 1407//58 1346//58 1408//58
f 1346//58 1347//58 1408//58
f 1408//58 1347//58 1409//58
f 1347//58 1348//58 1409//58
f 1409//58 1348//58 1410//58
f 1348//58 1349//58 1410//58
f 1410//58 1349//58 1411//58
f 1349//58 1350//58 1411//58
f 1411//58 1350//58 1412//58
f 1350//58 1351//58 1412//58
f 1412//58 1351//58 1413//58
f 1351//58 1352//58 1413//58
f 1413//58 1352//58 1414//58
f 1352//58 1353//468 1414//58
f 1414//58 1353//468 1415//77
f 1353//468 1354//447 1415//77
f 1415//77 1354//447 1416//76
f 1354//447 1355//58 1416//76
f 1416//76 1355//58 1417//58
f 1355//58 1356//58 1417//58
f 1417//58 1356//58 1418//58
f 1356//58 1357//58 1418//58
f 1418//58 1357//58 1419//58
f 1357//58 1358//76 1419//58
f 1419//58 1358//76 1420//447
f 1358//76 1359//77 1420//447
f 1420//447 1359//77 1421//397
f 1359//77 1360//468 1421//397
f 1421//397 1360//468 1422//77
f 1360//468 1361//396 1422//77
f 1422//77 1361//396 1423//77
f 1361//396 1362//58 1423//77
f 1423//77 1362//58 1424//58
f 1362//58 1363//76 1424//58
f 1424//58 1363//76 1425//447
f 1363//76 1364//360 1425//447
f 1425//447 1364//360 1426//414
f 1364//360 1365//77 1426//414
f 1426//414 1365//77 1427//77
f 1365//77 1366//468 1427//77
f 1427//77 1366//468 1428//76
f 1366//468 1367//396 1428//76
f 1428//76 1367//396 1429//77
f 1367//396 1368//58 1429//77
f 1429//77 1368//58 1430//58
f 1368//58 1369//58 1430//58
f 1430//58 1369//58 1431//58
f 1369//58 1370//77 1431//58
f 1431//58 1370//77 1432//77
f 1370//77 1371//172 1432//77
f 1432//77 1371//172 1433//414
f 1371//172 1372//489 1433//414
f 1433//414 1372//489 1434//451
f 1372//489 1373//490 1434//451
f 1434//451 1373//490 1435//360
f 1373//490 1374//491 1435//360
f 1435//360 1374//491 1436//77
f 1374//491 1375//447 1436//77
f 1436//77 1375//447 1437//74
f 1375//447 1376//492 1437//74
f 1437//74 1376//492 1438//75
f 1376//492 1377//493 1438//75
f 1438//75 1377//493 1439//58
f 1377//493 1378//78 1439//58
f 1439//58 1378//78 1440//509
f 1378//78 1379//494 1440//509
f 1440//509 1379//494 1441//510
f 1379//494 1380//495 1442//511
f 1379//494 1442//511 1441//510
f 1380//495 1443//512 1442//511
f 1381//497 1382//496 1444//513
f 1382//496 1383//498 1445//514
f 1382//496 1445//514 1444//513
f 1383//498 1384//208 1445//514
f 1445//514 1384//208 1446//459
f 1384//208 1385//499 1446//459
f 1446//459 1385//499 1447//167
f 1385//499 1386//500 1448//210
f 1385//499 1448//210 1447//167
f 1386//500 1387//219 1449//208
f 1386//500 1449//208 1448//210
f 1387//219 1388//168 1450//515
f 1387//219 1450//515 1449//208
f 1388//168 1389//168 1450//515
f 1450//515 1389//168 1451//516
f 1389//168 1390//182 1451//516
f 1451//516 1390//182 1452//517
f 1390//182 1391//150 1452//517
f 1452//517 1391//150 1453//518
f 1391//150 1392//501 1453//518
f 1453//518 1392//501 1454//519
f 1392//501 1393//502 1454//519
f 1454//519 1393//502 1455//520
f 1393//502 1394//503 1455//520
f 1455//520 1394//503 1456//521
f 1394//503 1395//389 1456//521
f 1456//521 1395//389 1457//465
f 1395//389 1396//465 1457//465
f 1457//465 1396//465 1458//522
f 1396//465 1397//504 1458//522
f 1458//522 1397//504 1459//467
f 1397//504 1398//505 1459//467
f 1459//467 1398//505 1460//523
f 1398//505 1399//505 1460//523
f 1460//523 1399//505 1461//524
f 1399//505 1400//506 1461//524
f 1461//524 1400//506 1462//344
f 1400//506 1401//507 1462//344
f 1462//344 1401//507 1463//126
f 1401//507 1402//439 1463//126
f 1463//126 1402//439 1464//126
f 1402//439 1403//508 1464//126
f 1464//126 1403//508 1465//58
f 1403//508 1404//58 1465//58
f 1465//58 1404//58 1466//58
f 1404//58 1405//94 1466//58
f 1466//58 1405//94 1467//94
f 1405//94 1406//94 1467//94
f 1467//94 1406//94 1468//94
f 1406//94 1407//58 1468//94
f 1468//94 1407//58 1469//58
f 1407//58 1408//58 1469//58
f 1469//58 1408//58 1470//58
f 1408//58 1409//58 1470//58
f 1470//58 1409//58 1471//58
f 1409//58 1410//58 1471//58
f 1471//58 1410//58 1472//58
f 1410//58 1411//58 1472//58
f 1472//58 1411//58 1473//58
f 1411//58 1412//58 1473//58
f 1473//58 1412//58 1474//58
f 1412//58 1413//58 1474//58
f 1474//58 1413//58 1475//58
f 1413//58 1414//58 1475//58
f 1475//58 1414//58 1476//58
f 1414//58 1415//77 1476//58
f 1476//58 1415//77 1477//77
f 1415//77 1416//76 1477//77
f 1477//77 1416//76 1478//77
f 1416//76 1417//58 1478//77
f 1478//77 1417//58 1479//58
f 1417//58 1418//58 1479//58
f 1479//58 1418//58 1480//58
f 1418//58 1419//58 1480//58
f 1480//58 1419//58 1481//491
f 1419//58 1420//447 1481//491
f 1481//491 1420//447 1482//491
f 1420//447 1421//397 1482//491
f 1482//491 1421//397 1483//58
f 1421//397 1422//77 1483//58
f 1483//58 1422//77 1484//76
f 1422//77 1423//77 1484//76
f 1484//76 1423//77 1485//77
f 1423//77 1424//58 1485//77
f 1485//77 1424//58 1486//468
f 1424//58 1425//447 1486//468
f 1486//468 1425//447 1487//396
f 1425//447 1426//414 1487//396
f 1487//396 1426//414 1488//76
f 1426//414 1427//77 1488//76
f 1488//76 1427//77 1489//77
f 1427//77 1428//76 1489//77
f 1489//77 1428//76 1490//76
f 1428//76 1429//77 1490//76
f 1490//76 1429//77 1491//77
f 1429//77 1430//58 1491//77
f 1491//77 1430//58 1492//58
f 1430//58 1431//58 1492//58
f 1492//58 1431//58 1493//58
f 1431//58 1432//77 1493//58
f 1493//58 1432//77 1494//77
f 1432//77 1433//414 1494//77
f 1494//77 1433//414 1495//360
f 1433//414 1434//451 1495//360
f 1495//360 1434//451 1496//360
f 1434//451 1435//360 1496//360
f 1496//360 1435//360 1497//360
f 1435//360 1436//77 1497//360
f 1497//360 1436//77 1498//77
f 1436//77 1437//74 1498//77
f 1498//77 1437//74 1499//58
f 1437//74 1438//75 1500//432
f 1437//74 1500//432 1499//58
f 1438//75 1439//58 1501//525
f 1438//75 1501//525 1500//432
f 1439//58 1440//509 1501//525
f 1501//525 1440//509 1502//526
f 1440//509 1441//510 1502//526
f 1502//526 1441//510 1503//116
f 1441//510 1442//511 1504//527
f 1441//510 1504//527 1503//116
f 1442//511 1443//512 1504//527
f 1504//527 1443//512 1505//528
f 1444//513 1445//514 1506//529
f 1445//514 1446//459 1507//530
f 1445//514 1507//530 1506//529
f 1446//459 1447//167 1508//531
f 1446//459 1508//531 1507//530
f 1447//167 1448//210 1508//531
f 1508//531 1448//210 1509//516
f 1448//210 1449//208 1509//516
f 1509//516 1449//208 1510//532
f 1449//208 1450//515 1510//532
f 1510//532 1450//515 1511//533
f 1450//515 1451//516 1511//533
f 1511//533 1451//516 1512//534
f 1451//516 1452//517 1512//534
f 1512//534 1452//517 1513//535
f 1452//517 1453//518 1513//535
f 1513//535 1453//518 1514//536
f 1453//518 1454//519 1514//536
f 1514//536 1454//519 1515//537
f 1454//519 1455//520 1515//537
f 1515//537 1455//520 1516//538
f 1455//520 1456//521 1516//538
f 1516//538 1456//521 1517//539
f 1456//521 1457//465 1517//539
f 1517//539 1457//465 1518//540
f 1457//465 1458//522 1518//540
f 1518//540 1458//522 1519//541
f 1458//522 1459//467 1519//541
f 1519//541 1459//467 1520//95
f 1459//467 1460//523 1520//95
f 1520//95 1460//523 1521//124
f 1460//523 1461//524 1521//124
f 1521//124 1461//524 1522//58
f 1461//524 1462//344 1522//58
f 1522//58 1462//344 1523//126
f 1462//344 1463//126 1523//126
f 1523//126 1463//126 1524//406
f 1463//126 1464//126 1524//406
f 1524//406 1464//126 1525//58
f 1464//126 1465//58 1525//58
f 1525//58 1465//58 1526//58
f 1465//58 1466//58 1526//58
f 1526//58 1466//58 1527//58
f 1466//58 1467//94 1527//58
f 1527//58 1467//94 1528//542
f 1467//94 1468//94 1528//542
f 1528//542 1468//94 1529//543
f 1468//94 1469//58 1529//543
f 1529//543 1469//58 1530//58
f 1469//58 1470//58 1530//58
f 1530//58 1470//58 1531//58
f 1470//58 1471//58 1531//58
f 1531//58 1471//58 1532//58
f 1471//58 1472//58 1532//58
f 1532//58 1472//58 1533//58
f 1472//58 1473//58 1533//58
f 1533//58 1473//58 1534//58
f 1473//58 1474//58 1534//58
f 1534//58 1474//58 1535//58
f 1474//58 1475//58 1535//58
f 1535//58 1475//58 1536//58
f 1475//58 1476//58 1536//58
f 1536//58 1476//58 1537//58
f 1476//58 1477//77 1537//58
f 1537//58 1477//77 1538//77
f 1477//77 1478//77 1538//77
f 1538//77 1478//77 1539//76
f 1478//77 1479//58 1539//76
f 1539//76 1479//58 1540//58
f 1479//58 1480//58 1540//58
f 1540//58 1480//58 1541//397
f 1480//58 1481//491 1541//397
f 1541//397 1481//491 1542//396
f 1481//491 1482//491 1542//396
f 1542//396 1482//491 1543//58
f 1482//491 1483//58 1543//58
f 1543//58 1483//58 1544//472
f 1483//58 1484//76 1544//472
f 1544//472 1484//76 1545//491
f 1484//76 1485//77 1545//491
f 1545//491 1485//77 1546//397
f 1485//77 1486//468 1546//397
f 1546//397 1486//468 1547//447
f 1486//468 1487//396 1547//447
f 1547//447 1487//396 1548//397
f 1487//396 1488//76 1548//397
f 1548//397 1488//76 1549//76
f 1488//76 1489//77 1549//76
f 1549//76 1489//77 1550//77
f 1489//77 1490//76 1550//77
f 1550//77 1490//76 1551//76
f 1490//76 1491//77 1551//76
f 1551//76 1491//77 1552//77
f 1491//77 1492//58 1552//77
f 1552//77 1492//58 1553//58
f 1492//58 1493//58 1553//58
f 1553//58 1493//58 1554//58
f 1493//58 1494//77 1554//58
f 1554//58 1494//77 1555//447
f 1494//77 1495//360 1555//447
f 1555//447 1495//360 1556//414
f 1495//360 1496//360 1556//414
f 1556//414 1496//360 1557//360
f 1496//360 1497//360 1557//360
f 1557//360 1497//360 1558//360
f 1497//360 1498//77 1558//360
f 1558//360 1498//77 1559//77
f 1498//77 1499//58 1559//77
f 1559//77 1499//58 1560//397
f 1499//58 1500//432 1560//397
f 1560//397 1500//432 1561//396
f 1500//432 1501//525 1561//396
f 1561//396 1501//525 1562//544
f 1501//525 1502//526 1562//544
f 1562//544 1502//526 1563//140
f 1502//526 1503//116 1564//100
f 1502//526 1564//100 1563//140
f 1503//116 1504//527 1565//545
f 1503//116 1565//545 1564//100
f 1504//527 1505//528 1566//546
f 1504//527 1566//546 1565//545
f 1505//528 1567//547 1566//546
f 1506//529 1507//530 1568//548
f 1568//548 1507//530 1569//549
f 1507//530 1508//531 1570//550
f 1507//530 1570//550 1569//549
f 1508//531 1509//516 1570//550
f 1570//550 1509//516 1571//551
f 1509//516 1510//532 1571//551
f 1571//551 1510//532 1572//552
f 1510//532 1511//533 1572//552
f 1572//552 1511//533 1573//553
f 1511//533 1512//534 1574//554
f 1511//533 1574//554 1573//553
f 1512//534 1513//535 1575//555
f 1512//534 1575//555 1574//554
f 1513//535 1514//536 1575//555
f 1575//555 1514//536 1576//556
f 1514//536 1515//537 1576//556
f 1576//556 1515//537 1577//557
f 1515//537 1516//538 1577//557
f 1577//557 1516//538 1578//461
f 1516//538 1517//539 1578//461
f 1578//461 1517//539 1579//125
f 1517//539 1518//540 1579//125
f 1579//125 1518//540 1580//94
f 1518//540 1519//541 1580//94
f 1580//94 1519//541 1581//94
f 1519//541 1520//95 1581//94
f 1581//94 1520//95 1582//94
f 1520//95 1521//124 1582//94
f 1582//94 1521//124 1583//558
f 1521//124 1522//58 1583//558
f 1583//558 1522//58 1584//110
f 1522//58 1523//126 1584//110
f 1584//110 1523//126 1585//125
f 1523//126 1524//406 1585//125
f 1585//125 1524//406 1586//58
f 1524//406 1525//58 1586//58
f 1586//58 1525//58 1587//58
f 1525//58 1526//58 1587//58
f 1587//58 1526//58 1588//58
f 1526//58 1527//58 1588//58
f 1588//58 1527//58 1589//126
f 1527//58 1528//542 1589//126
f 1589//126 1528//542 1590//508
f 1528//542 1529//543 1590//508
f 1590//508 1529//543 1591//58
f 1529//543 1530//58 1591//58
f 1591//58 1530//58 1592//58
f 1530//58 1531//58 1592//58
f 1592//58 1531//58 1593//58
f 1531//58 1532//58 1593//58
f 1593//58 1532//58 1594//58
f 1532//58 1533//58 1594//58
f 1594//58 1533//58 1595//58
f 1533//58 1534//58 1595//58
f 1595//58 1534//58 1596//58
f 1534//58 1535//58 1596//58
f 1596//58 1535//58 1597//58
f 1535//58 1536//58 1597//58
f 1597//58 1536//58 1598//58
f 1536//58 1537//58 1598//58
f 1598//58 1537//58 1599//58
f 1537//58 1538//77 1599//58
f 1599//58 1538//77 1600//447
f 1538//77 1539//76 1600//447
f 1600//447 1539//76 1601//397
f 1539//76 1540//58 1601//397
f 1601//397 1540//58 1602//58
f 1540//58 1541//397 1602//58
f 1602//58 1541//397 1603//396
f 1541//397 1542//396 1603//396
f 1603//396 1542//396 1604//397
f 1542//396 1543//58 1604//397
f 1604//397 1543//58 1605//491
f 1543//58 1544//472 1605//491
f 1605//491 1544//472 1606//559
f 1544//472 1545//491 1606//559
f 1606//559 1545//491 1607//560
f 1545//491 1546//397 1607//560
f 1607//560 1546//397 1608//397
f 1546//397 1547//447 1608//397
f 1608//397 1547//447 1609//396
f 1547//447 1548//397 1609//396
f 1609//396 1548//397 1610//58
f 1548//397 1549//76 1610//58
f 1610//58 1549//76 1611//396
f 1549//76 1550//77 1611//396
f 1611//396 1550//77 1612//397
f 1550//77 1551//76 1612//397
f 1612//397 1551//76 1613//76
f 1551//76 1552//77 1613//76
f 1613//76 1552//77 1614//77
f 1552//77 1553//58 1614//77
f 1614//77 1553//58 1615//58
f 1553//58 1554//58 1615//58
f 1615//58 1554//58 1616//397
f 1554//58 1555//447 1616//397
f 1616//397 1555//447 1617//396
f 1555//447 1556//414 1617//396
f 1617//396 1556//414 1618//76
f 1556//414 1557//360 1618//76
f 1618//76 1557//360 1619//360
f 1557//360 1558//360 1619//360
f 1619//360 1558//360 1620//360
f 1558//360 1559//77 1620//360
f 1620//360 1559//77 1621//77
f 1559//77 1560//397 1621//77
f 1621//77 1560//397 1622//76
f 1560//397 1561//396 1622//76
f 1622//76 1561//396 1623//561
f 1561//396 1562//544 1623//561
f 1623//561 1562//544 1624//562
f 1562//544 1563//140 1625//563
f 1562//544 1625//563 1624//562
f 1563//140 1564//100 1625//563
f 1625//563 1564//100 1626//141
f 1564//100 1565//545 1626//141
f 1626//141 1565//545 1627//141
f 1565//545 1566//546 1627//141
f 1627//141 1566//546 1628//564
f 1566//546 1567//547 1628//564
f 1628//564 1567//547 1629//565
f 1568//548 1569//549 1631//566
f 1569//549 1570//550 1632//567
f 1569//549 1632//567 1631//566
f 1570//550 1571//551 1633//568
f 1570//550 1633//568 1632//567
f 1571//551 1572//552 1634//569
f 1571//551 1634//569 1633//568
f 1572//552 1573//553 1635//570
f 1572//552 1635//570 1634//569
f 1573//553 1574//554 1635//570
f 1635//570 1574//554 1636//571
f 1574//554 1575//555 1636//571
f 1636//571 1575//555 1637//439
f 1575//555 1576//556 1637//439
f 1637//439 1576//556 1638//462
f 1576//556 1577//557 1638//462
f 1638//462 1577//557 1639//126
f 1577//557 1578//461 1639//126
f 1639//126 1578//461 1640//94
f 1578//461 1579//125 1640//94
f 1640//94 1579//125 1641//94
f 1579//125 1580//94 1641//94
f 1641//94 1580//94 1642//94
f 1580//94 1581//94 1642//94
f 1642//94 1581//94 1643//94
f 1581//94 1582//94 1643//94
f 1643//94 1582//94 1644//94
f 1582//94 1583//558 1644//94
f 1644//94 1583//558 1645//94
f 1583//558 1584//110 1645//94
f 1645//94 1584//110 1646//94
f 1584//110 1585//125 1646//94
f 1646//94 1585//125 1647//94
f 1585//125 1586//58 1647//94
f 1647//94 1586//58 1648//58
f 1586//58 1587//58 1648//58
f 1648//58 1587//58 1649//58
f 1587//58 1588//58 1649//58
f 1649//58 1588//58 1650//572
f 1588//58 1589//126 1650//572
f 1650//572 1589//126 1651//542
f 1589//126 1590//508 1651//542
f 1651//542 1590//508 1652//58
f 1590//508 1591//58 1652//58
f 1652//58 1591//58 1653//58
f 1591//58 1592//58 1653//58
f 1653//58 1592//58 1654//58
f 1592//58 1593//58 1654//58
f 1654//58 1593//58 1655//58
f 1593//58 1594//58 1655//58
f 1655//58 1594//58 1656//58
f 1594//58 1595//58 1656//58
f 1656//58 1595//58 1657//58
f 1595//58 1596//58 1657//58
f 1657//58 1596//58 1658//58
f 1596//58 1597//58 1658//58
f 1658//58 1597//58 1659//58
f 1597//58 1598//58 1659//58
f 1659//58 1598//58 1660//58
f 1598//58 1599//58 1660//58
f 1660//58 1599//58 1661//468
f 1599//58 1600//447 1661//468
f 1661//468 1600//447 1662//396
f 1600//447 1601//397 1662//396
f 1662//396 1601//397 1663//58
f 1601//397 1602//58 1663//58
f 1663//58 1602//58 1664//397
f 1602//58 1603//396 1664//397
f 1664//397 1603//396 1665//396
f 1603//396 1604//397 1665//396
f 1665//396 1604//397 1666//468
f 1604//397 1605//491 1666//468
f 1666//468 1605//491 1667//396
f 1605//491 1606//559 1667//396
f 1667//396 1606//559 1668//58
f 1606//559 1607//560 1668//58
f 1668//58 1607//560 1669//58
f 1607//560 1608//397 1669//58
f 1669//58 1608//397 1670//76
f 1608//397 1609//396 1670//76
f 1670//76 1609//396 1671//76
f 1609//396 1610//58 1671//76
f 1671//76 1610//58 1672//450
f 1610//58 1611//396 1672//450
f 1672//450 1611//396 1673//359
f 1611//396 1612//397 1673//359
f 1673//359 1612//397 1674//58
f 1612//397 1613//76 1674//58
f 1674//58 1613//76 1675//76
f 1613//76 1614//77 1675//76
f 1675//76 1614//77 1676//77
f 1614//77 1615//58 1676//77
f 1676//77 1615//58 1677//58
f 1615//58 1616//397 1677//58
f 1677//58 1616//397 1678//77
f 1616//397 1617//396 1678//77
f 1678//77 1617//396 1679//447
f 1617//396 1618//76 1679//447
f 1679//447 1618//76 1680//491
f 1618//76 1619//360 1680//491
f 1680//491 1619//360 1681//414
f 1619//360 1620//360 1681//414
f 1681//414 1620//360 1682//360
f 1620//360 1621//77 1682//360
f 1682//360 1621//77 1683//76
f 1621//77 1622//76 1683//76
f 1683//76 1622//76 1684//74
f 1622//76 1623//561 1684//74
f 1684//74 1623//561 1685//96
f 1623//561 1624//562 1685//96
f 1685//96 1624//562 1686//573
f 1624//562 1625//563 1686//573
f 1686//573 1625//563 1687//574
f 1625//563 1626//141 1687//574
f 1687//574 1626//141 1688//141
f 1626//141 1627//141 1688//141
f 1688//141 1627//141 1689//141
f 1627//141 1628//564 1689//141
f 1689//141 1628//564 1690//575
f 1628//564 1629//565 1691//576
f 1628//564 1691//576 1690//575
f 1629//565 1692//577 1691//576
f 1693//578 1630//579 1694//580
f 1630//579 1695//581 1694//580
f 1695//581 1631//566 1696//582
f 1631//566 1632//567 1696//582
f 1696//582 1632//567 1697//583
f 1632//567 1633//568 1697//583
f 1697//583 1633//568 1698//584
f 1633//568 1634//569 1698//584
f 1698//584 1634//569 1699//585
f 1634//569 1635//570 1699//585
f 1699//585 1635//570 1700//126
f 1635//570 1636//571 1700//126
f 1700//126 1636//571 1701//94
f 1636//571 1637//439 1701//94
f 1701//94 1637//439 1702//586
f 1637//439 1638//462 1702//586
f 1702//586 1638//462 1703//587
f 1638//462 1639//126 1703//587
f 1703//587 1639//126 1704//58
f 1639//126 1640//94 1704//58
f 1704//58 1640//94 1705//94
f 1640//94 1641//94 1705//94
f 1705//94 1641//94 1706//94
f 1641//94 1642//94 1706//94
f 1706//94 1642//94 1707//94
f 1642//94 1643//94 1707//94
f 1707//94 1643//94 1708//94
f 1643//94 1644//94 1708//94
f 1708//94 1644//94 1709//94
f 1644//94 1645//94 1709//94
f 1709//94 1645//94 1710//558
f 1645//94 1646//94 1710//558
f 1710//558 1646//94 1711//94
f 1646//94 1647//94 1711//94
f 1711//94 1647//94 1712//94
f 1647//94 1648//58 1712//94
f 1712//94 1648//58 1713//58
f 1648//58 1649//58 1713//58
f 1713//58 1649//58 1714//58
f 1649//58 1650//572 1714//58
f 1714//58 1650//572 1715//94
f 1650//572 1651//542 1715//94
f 1715//94 1651//542 1716//94
f 1651//542 1652//58 1716//94
f 1716//94 1652//58 1717//58
f 1652//58 1653//58 1717//58
f 1717//58 1653//58 1718//58
f 1653//58 1654//58 1718//58
f 1718//58 1654//58 1719//58
f 1654//58 1655//58 1719//58
f 1719//58 1655//58 1720//58
f 1655//58 1656//58 1720//58
f 1720//58 1656//58 1721//58
f 1656//58 1657//58 1721//58
f 1721//58 1657//58 1722//58
f 1657//58 1658//58 1722//58
f 1722//58 1658//58 1723//58
f 1658//58 1659//58 1723//58
f 1723//58 1659//58 1724//58
f 1659//58 1660//58 1724//58
f 1724//58 1660//58 1725//58
f 1660//58 1661//468 1725//58
f 1725//58 1661//468 1726//77
f 1661//468 1662//396 1726//77
f 1726//77 1662//396 1727//76
f 1662//396 1663//58 1727//76
f 1727//76 1663//58 1728//58
f 1663//58 1664//397 1728//58
f 1728//58 1664//397 1729//76
f 1664//397 1665//396 1729//76
f 1729//76 1665//396 1730//77
f 1665//396 1666//468 1730//77
f 1730//77 1666//468 1731//447
f 1666//468 1667//396 1731//447
f 1731//447 1667//396 1732//468
f 1667//396 1668//58 1732//468
f 1732//468 1668//58 1733//58
f 1668//58 1669//58 1733//58
f 1733//58 1669//58 1734//58
f 1669//58 1670//76 1734//58
f 1734//58 1670//76 1735//447
f 1670//76 1671//76 1735//447
f 1735//447 1671//76 1736//397
f 1671//76 1672//450 1736//397
f 1736//397 1672//450 1737//58
f 1672//450 1673//359 1738//59
f 1672//450 1738//59 1737//58
f 1673//359 1674//58 1739//97
f 1673//359 1739//97 1738//59
f 1674//58 1675//76 1739//97
f 1739//97 1675//76 1740//447
f 1675//76 1676//77 1740//447
f 1740//447 1676//77 1741//468
f 1676//77 1677//58 1741//468
f 1741//468 1677//58 1742//58
f 1677//58 1678//77 1742//58
f 1742//58 1678//77 1743//588
f 1678//77 1679//447 1743//588
f 1743//588 1679//447 1744//473
f 1679//447 1680//491 1744//473
f 1744//473 1680//491 1745//560
f 1680//491 1681//414 1745//560
f 1745//560 1681//414 1746//447
f 1681//414 1682//360 1746//447
f 1746//447 1682//360 1747//414
f 1682//360 1683//76 1747//414
f 1747//414 1683//76 1748//77
f 1683//76 1684//74 1748//77
f 1748//77 1684//74 1749//58
f 1684//74 1685//96 1750//589
f 1684//74 1750//589 1749//58
f 1685//96 1686//573 1750//589
f 1750//589 1686//573 1751//590
f 1686//573 1687//574 1751//590
f 1751//590 1687//574 1752//591
f 1687//574 1688//141 1752//591
f 1752//591 1688//141 1753//101
f 1688//141 1689//141 1753//101
f 1753//101 1689//141 1754//592
f 1689//141 1690//575 1754//592
f 1754//592 1690//575 1755//593
f 1690//575 1691//576 1755//593
f 1755//593 1691//576 1756//594
f 1691//576 1692//577 1756//594
f 1756//594 1692//577 1757//595
f 1758//596 1693//578 1759//597
f 1693//578 1694//580 1759//597
f 1759//597 1694//580 1760//598
f 1694//580 1695//581 1761//599
f 1694//580 1761//599 1760//598
f 1695//581 1696//582 1761//599
f 1761//599 1696//582 1762//600
f 1696//582 1697//583 1762//600
f 1762//600 1697//583 1763//601
f 1697//583 1698//584 1763//601
f 1763//601 1698//584 1764//602
f 1698//584 1699//585 1764//602
f 1764//602 1699//585 1765//125
f 1699//585 1700//126 1765//125
f 1765//125 1700//126 1766//58
f 1700//126 1701//94 1766//58
f 1766//58 1701//94 1767//94
f 1701//94 1702//586 1767//94
f 1767//94 1702//586 1768//603
f 1702//586 1703//587 1769//185
f 1702//586 1769//185 1768//603
f 1703//587 1704//58 1770//186
f 1703//587 1770//186 1769//185
f 1704//58 1705//94 1770//186
f 1770//186 1705//94 1771//94
f 1705//94 1706//94 1771//94
f 1771//94 1706//94 1772//94
f 1706//94 1707//94 1772//94
f 1772//94 1707//94 1773//94
f 1707//94 1708//94 1773//94
f 1773//94 1708//94 1774//94
f 1708//94 1709//94 1774//94
f 1774//94 1709//94 1775//125
f 1709//94 1710//558 1775//125
f 1775//125 1710//558 1776//110
f 1710//558 1711//94 1776//110
f 1776//110 1711//94 1777//125
f 1711//94 1712//94 1777//125
f 1777//125 1712//94 1778//110
f 1712//94 1713//58 1778//110
f 1778//110 1713//58 1779//58
f 1713//58 1714//58 1779//58
f 1779//58 1714//58 1780//58
f 1714//58 1715//94 1780//58
f 1780//58 1715//94 1781//94
f 1715//94 1716//94 1781//94
f 1781//94 1716//94 1782//94
f 1716//94 1717//58 1782//94
f 1782//94 1717//58 1783//58
f 1717//58 1718//58 1783//58
f 1783//58 1718//58 1784//58
f 1718//58 1719//58 1784//58
f 1784//58 1719//58 1785//58
f 1719//58 1720//58 1785//58
f 1785//58 1720//58 1786//58
f 1720//58 1721//58 1786//58
f 1786//58 1721//58 1787//58
f 1721//58 1722//58 1787//58
f 1787//58 1722//58 1788//58
f 1722//58 1723//58 1788//58
f 1788//58 1723//58 1789//58
f 1723//58 1724//58 1789//58
f 1789//58 1724//58 1790//58
f 1724//58 1725//58 1790//58
f 1790//58 1725//58 1791//58
f 1725//58 1726//77 1791//58
f 1791//58 1726//77 1792//396
f 1726//77 1727//76 1792//396
f 1792//396 1727//76 1793//397
f 1727//76 1728//58 1793//397
f 1793//397 1728//58 1794//58
f 1728//58 1729//76 1794//58
f 1794//58 1729//76 1795//76
f 1729//76 1730//77 1795//76
f 1795//76 1730//77 1796//414
f 1730//77 1731//447 1796//414
f 1796//414 1731//447 1797//396
f 1731//447 1732//468 1797//396
f 1797//396 1732//468 1798//58
f 1732//468 1733//58 1798//58
f 1798//58 1733//58 1799//58
f 1733//58 1734//58 1799//58
f 1799//58 1734//58 1800//397
f 1734//58 1735//447 1800//397
f 1800//397 1735//447 1801//396
f 1735//447 1736//397 1801//396
f 1801//396 1736//397 1802//58
f 1736//397 1737//58 1802//58
f 1802//58 1737//58 1803//58
f 1737//58 1738//59 1803//58
f 1803//58 1738//59 1804//76
f 1738//59 1739//97 1804//76
f 1804//76 1739//97 1805//469
f 1739//97 1740//447 1805//469
f 1805//469 1740//447 1806//491
f 1740//447 1741//468 1806//491
f 1806//491 1741//468 1807//58
f 1741//468 1742//58 1807//58
f 1807//58 1742//58 1808//397
f 1742//58 1743//588 1808//397
f 1808//397 1743//588 1809//451
f 1743//588 1744//473 1809//451
f 1809//451 1744//473 1810//77
f 1744//473 1745//560 1810//77
f 1810//77 1745//560 1811//397
f 1745//560 1746//447 1811//397
f 1811//397 1746//447 1812//396
f 1746//447 1747//414 1812//396
f 1812//396 1747//414 1813//76
f 1747//414 1748//77 1813//76
f 1813//76 1748//77 1814//77
f 1748//77 1749//58 1814//77
f 1814//77 1749//58 1815//58
f 1749//58 1750//589 1815//58
f 1815//58 1750//589 1816//58
f 1750//589 1751//590 1816//58
f 1816//58 1751//590 1817//604
f 1751//590 1752//591 1818//605
f 1751//590 1818//605 1817//604
f 1752//591 1753//101 1819//201
f 1752//591 1819//201 1818//605
f 1753//101 1754//592 1819//201
f 1819//201 1754//592 1820//261
f 1754//592 1755//593 1820//261
f 1820//261 1755//593 1821//141
f 1755//593 1756//594 1821//141
f 1821//141 1756//594 1822//606
f 1756//594 1757//595 1822//606
f 1822//606 1757//595 1823//607
f 1824//608 1758//596 1825//609
f 1758//596 1759//597 1825//609
f 1825//609 1759//597 1826//610
f 1759//597 1760//598 1826//610
f 1826//610 1760//598 1827//108
f 1760//598 1761//599 1827//108
f 1827//108 1761//599 1828//611
f 1761//599 1762//600 1828//611
f 1828//611 1762//600 1829//612
f 1762//600 1763//601 1829//612
f 1829//612 1763//601 1830//613
f 1763//601 1764//602 1830//613
f 1830//613 1764//602 1831//614
f 1764//602 1765//125 1831//614
f 1831//614 1765//125 1832//615
f 1765//125 1766//58 1832//615
f 1832//615 1766//58 1833//58
f 1766//58 1767//94 1833//58
f 1833//58 1767//94 1834//94
f 1767//94 1768//603 1834//94
f 1834//94 1768//603 1835//94
f 1768//603 1769//185 1835//94
f 1835//94 1769//185 1836//94
f 1769//185 1770//186 1836//94
f 1836//94 1770//186 1837//94
f 1770//186 1771//94 1837//94
f 1837//94 1771//94 1838//94
f 1771//94 1772//94 1838//94
f 1838//94 1772//94 1839//94
f 1772//94 1773//94 1839//94
f 1839//94 1773//94 1840//94
f 1773//94 1774//94 1840//94
f 1840//94 1774//94 1841//616
f 1774//94 1775//125 1841//616
f 1841//616 1775//125 1842//125
f 1775//125 1776//110 1842//125
f 1842//125 1776//110 1843//95
f 1776//110 1777//125 1843//95
f 1843//95 1777//125 1844//125
f 1777//125 1778//110 1844//125
f 1844//125 1778//110 1845//58
f 1778//110 1779//58 1845//58
f 1845//58 1779//58 1846//58
f 1779//58 1780//58 1846//58
f 1846//58 1780//58 1847//58
f 1780//58 1781//94 1847//58
f 1847//58 1781//94 1848//94
f 1781//94 1782//94 1848//94
f 1848//94 1782//94 1849//94
f 1782//94 1783//58 1849//94
f 1849//94 1783//58 1850//58
f 1783//58 1784//58 1850//58
f 1850//58 1784//58 1851//58
f 1784//58 1785//58 1851//58
f 1851//58 1785//58 1852//58
f 1785//58 1786//58 1852//58
f 1852//58 1786//58 1853//58
f 1786//58 1787//58 1853//58
f 1853//58 1787//58 1854//58
f 1787//58 1788//58 1854//58
f 1854//58 1788//58 1855//58
f 1788//58 1789//58 1855//58
f 1855//58 1789//58 1856//58
f 1789//58 1790//58 1856//58
f 1856//58 1790//58 1857//58
f 1790//58 1791//58 1857//58
f 1857//58 1791//58 1858//450
f 1791//58 1792//396 1858//450
f 1858//450 1792//396 1859//359
f 1792//396 1793//397 1859//359
f 1859//359 1793//397 1860//58
f 1793//397 1794//58 1860//58
f 1860//58 1794//58 1861//472
f 1794//58 1795//76 1861//472
f 1861//472 1795//76 1862//491
f 1795//76 1796//414 1862//491
f 1862//491 1796//414 1863//414
f 1796//414 1797//396 1863//414
f 1863//414 1797//396 1864//77
f 1797//396 1798//58 1864//77
f 1864//77 1798//58 1865//58
f 1798//58 1799//58 1865//58
f 1865//58 1799//58 1866//58
f 1799//58 1800//397 1866//58
f 1866//58 1800//397 1867//76
f 1800//397 1801//396 1867//76
f 1867//76 1801//396 1868//77
f 1801//396 1802//58 1868//77
f 1868//77 1802//58 1869//58
f 1802//58 1803//58 1869//58
f 1869//58 1803//58 1870//58
f 1803//58 1804//76 1870//58
f 1870//58 1804//76 1871//617
f 1804//76 1805//469 1871//617
f 1871//617 1805//469 1872//618
f 1805//469 1806//491 1872//618
f 1872//618 1806//491 1873//58
f 1806//491 1807//58 1873//58
f 1873//58 1807//58 1874//58
f 1807//58 1808//397 1874//58
f 1874//58 1808//397 1875//396
f 1808//397 1809//451 1875//396
f 1875//396 1809//451 1876//414
f 1809//451 1810//77 1876//414
f 1876//414 1810//77 1877//77
f 1810//77 1811//397 1877//77
f 1877//77 1811//397 1878//76
f 1811//397 1812//396 1878//76
f 1878//76 1812//396 1879//77
f 1812//396 1813//76 1879//77
f 1879//77 1813//76 1880//76
f 1813//76 1814//77 1880//76
f 1880//76 1814//77 1881//77
f 1814//77 1815//58 1881//77
f 1881//77 1815//58 1882//58
f 1815//58 1816//58 1882//58
f 1882//58 1816//58 1883//58
f 1816//58 1817//604 1883//58
f 1883//58 1817//604 1884//76
f 1817//604 1818//605 1884//76
f 1884//76 1818//605 1885//619
f 1818//605 1819//201 1885//619
f 1885//619 1819//201 1886//79
f 1819//201 1820//261 1886//79
f 1886//79 1820//261 1887//261
f 1820//261 1821//141 1887//261
f 1887//261 1821//141 1888//141
f 1821//141 1822//606 1888//141
f 1888//141 1822//606 1889//58
f 1822//606 1823//607 1890//620
f 1822//606 1890//620 1889//58
f 1823//607 1891//621 1890//620
f 1892//622 1824//608 1893//623
f 1824//608 1825//609 1893//623
f 1893//623 1825//609 1894//168
f 1825//609 1826//610 1894//168
f 1894//168 1826//610 1895//624
f 1826//610 1827//108 1895//624
f 1895//624 1827//108 1896//138
f 1827//108 1828//611 1896//138
f 1896//138 1828//611 1897//94
f 1828//611 1829//612 1897//94
f 1897//94 1829//612 1898//612
f 1829//612 1830//613 1898//612
f 1898//612 1830//613 1899//603
f 1830//613 1831//614 1900//625
f 1830//613 1900//625 1899//603
f 1831//614 1832//615 1901//626
f 1831//614 1901//626 1900//625
f 1832//615 1833//58 1901//626
f 1901//626 1833//58 1902//58
f 1833//58 1834//94 1902//58
f 1902//58 1834//94 1903//94
f 1834//94 1835//94 1903//94
f 1903//94 1835//94 1904//94
f 1835//94 1836//94 1904//94
f 1904//94 1836//94 1905//170
f 1836//94 1837//94 1905//170
f 1905//170 1837//94 1906//171
f 1837//94 1838//94 1906//171
f 1906//171 1838//94 1907//603
f 1838//94 1839//94 1907//603
f 1907//603 1839//94 1908//94
f 1839//94 1840//94 1908//94
f 1908//94 1840//94 1909//94
f 1840//94 1841//616 1909//94
f 1909//94 1841//616 1910//612
f 1841//616 1842//125 1910//612
f 1910//612 1842//125 1911//94
f 1842//125 1843//95 1911//94
f 1911//94 1843//95 1912//94
f 1843//95 1844//125 1912//94
f 1912//94 1844//125 1913//94
f 1844//125 1845//58 1913//94
f 1913//94 1845//58 1914//58
f 1845//58 1846//58 1914//58
f 1914//58 1846//58 1915//58
f 1846//58 1847//58 1915//58
f 1915//58 1847//58 1916//58
f 1847//58 1848//94 1916//58
f 1916//58 1848//94 1917//94
f 1848//94 1849//94 1917//94
f 1917//94 1849//94 1918//94
f 1849//94 1850//58 1918//94
f 1918//94 1850//58 1919//58
f 1850//58 1851//58 1919//58
f 1919//58 1851//58 1920//58
f 1851//58 1852//58 1920//58
f 1920//58 1852//58 1921//58
f 1852//58 1853//58 1921//58
f 1921//58 1853//58 1922//58
f 1853//58 1854//58 1922//58
f 1922//58 1854//58 1923//58
f 1854//58 1855//58 1923//58
f 1923//58 1855//58 1924//58
f 1855//58 1856//58 1924//58
f 1924//58 1856//58 1925//58
f 1856//58 1857//58 1925//58
f 1925//58 1857//58 1926//58
f 1857//58 1858//450 1926//58
f 1926//58 1858//450 1927//58
f 1858//450 1859//359 1928//259
f 1858//450 1928//259 1927//58
f 1859//359 1860//58 1929//358
f 1859//359 1929//358 1928//259
f 1860//58 1861//472 1929//358
f 1929//358 1861//472 1930//491
f 1861//472 1862//491 1930//491
f 1930//491 1862//491 1931//560
f 1862//491 1863//414 1931//560
f 1931//560 1863//414 1932//447
f 1863//414 1864//77 1932//447
f 1932//447 1864//77 1933//397
f 1864//77 1865//58 1933//397
f 1933//397 1865//58 1934//58
f 1865//58 1866//58 1934//58
f 1934//58 1866//58 1935//58
f 1866//58 1867//76 1935//58
f 1935//58 1867//76 1936//396
f 1867//76 1868//77 1936//396
f 1936//396 1868//77 1937//397
f 1868//77 1869//58 1937//397
f 1937//397 1869//58 1938//58
f 1869//58 1870//58 1938//58
f 1938//58 1870//58 1939//58
f 1870//58 1871//617 1939//58
f 1939//58 1871//617 1940//618
f 1871//617 1872//618 1940//618
f 1940//618 1872//618 1941//627
f 1872//618 1873//58 1941//627
f 1941//627 1873//58 1942//58
f 1873//58 1874//58 1942//58
f 1942//58 1874//58 1943//468
f 1874//58 1875//396 1943//468
f 1943//468 1875//396 1944//396
f 1875//396 1876//414 1944//396
f 1944//396 1876//414 1945//76
f 1876//414 1877//77 1945//76
f 1945//76 1877//77 1946//77
f 1877//77 1878//76 1946//77
f 1946//77 1878//76 1947//76
f 1878//76 1879//77 1947//76
f 1947//76 1879//77 1948//77
f 1879//77 1880//76 1948//77
f 1948//77 1880//76 1949//76
f 1880//76 1881//77 1949//76
f 1949//76 1881//77 1950//77
f 1881//77 1882//58 1950//77
f 1950//77 1882//58 1951//58
f 1882//58 1883//58 1951//58
f 1951//58 1883//58 1952//628
f 1883//58 1884//76 1952//628
f 1952//628 1884//76 1953//172
f 1884//76 1885//619 1953//172
f 1953//172 1885//619 1954//619
f 1885//619 1886//79 1954//619
f 1954//619 1886//79 1955//79
f 1886//79 1887//261 1955//79
f 1955//79 1887//261 1956//261
f 1887//261 1888//141 1956//261
f 1956//261 1888//141 1957//141
f 1888//141 1889//58 1957//141
f 1957//141 1889//58 1958//58
f 1889//58 1890//620 1958//58
f 1958//58 1890//620 1959//629
f 1890//620 1891//621 1959//629
f 1959//629 1891//621 1960//630
f 1892//622 1893//623 1961//631
f 1961//631 1893//623 1962//632
f 1893//623 1894//168 1962//632
f 1962//632 1894//168 1963//168
f 1894//168 1895//624 1963//168
f 1963//168 1895//624 1964//633
f 1895//624 1896//138 1964//633
f 1964//633 1896//138 1965//138
f 1896//138 1897//94 1965//138
f 1965//138 1897//94 1966//125
f 1897//94 1898//612 1966//125
f 1966//125 1898//612 1967//616
f 1898//612 1899//603 1967//616
f 1967//616 1899//603 1968//94
f 1899//603 1900//625 1968//94
f 1968//94 1900//625 1969//634
f 1900//625 1901//626 1969//634
f 1969//634 1901//626 1970//634
f 1901//626 1902//58 1970//634
f 1970//634 1902//58 1971//58
f 1902//58 1903//94 1971//58
f 1971//58 1903//94 1972//170
f 1903//94 1904//94 1972//170
f 1972//170 1904//94 1973//171
f 1904//94 1905//170 1973//171
f 1973//171 1905//170 1974//58
f 1905//170 1906//171 1975//635
f 1905//170 1975//635 1974//58
f 1906//171 1907//603 1976//636
f 1906//171 1976//636 1975//635
f 1907//603 1908//94 1976//636
f 1976//636 1908//94 1977//637
f 1908//94 1909//94 1977//637
f 1977//637 1909//94 1978//638
f 1909//94 1910//612 1978//638
f 1978//638 1910//612 1979//612
f 1910//612 1911//94 1979//612
f 1979//612 1911//94 1980//558
f 1911//94 1912//94 1980//558
f 1980//558 1912//94 1981//170
f 1912//94 1913//94 1981//170
f 1981//170 1913//94 1982//171
f 1913//94 1914//58 1982//171
f 1982//171 1914//58 1983//58
f 1914//58 1915//58 1983//58
f 1983//58 1915//58 1984//58
f 1915//58 1916//58 1984//58
f 1984//58 1916//58 1985//58
f 1916//58 1917//94 1985//58
f 1985//58 1917//94 1986//170
f 1917//94 1918//94 1986//170
f 1986//170 1918//94 1987//171
f 1918//94 1919//58 1987//171
f 1987//171 1919//58 1988//58
f 1919//58 1920//58 1988//58
f 1988//58 1920//58 1989//58
f 1920//58 1921//58 1989//58
f 1989//58 1921//58 1990//58
f 1921//58 1922//58 1990//58
f 1990//58 1922//58 1991//58
f 1922//58 1923//58 1991//58
f 1991//58 1923//58 1992//58
f 1923//58 1924//58 1992//58
f 1992//58 1924//58 1993//58
f 1924//58 1925//58 1993//58
f 1993//58 1925//58 1994//58
f 1925//58 1926//58 1994//58
f 1994//58 1926//58 1995//58
f 1926//58 1927//58 1995//58
f 1995//58 1927//58 1996//58
f 1927//58 1928//259 1996//58
f 1996//58 1928//259 1997//447
f 1928//259 1929//358 1997//447
f 1997//447 1929//358 1998//414
f 1929//358 1930//491 1998//414
f 1998//414 1930//491 1999//77
f 1930//491 1931//560 1999//77
f 1999//77 1931//560 2000//468
f 1931//560 1932//447 2000//468
f 2000//468 1932//447 2001//396
f 1932//447 1933//397 2001//396
f 2001//396 1933//397 2002//58
f 1933//397 1934//58 2002//58
f 2002//58 1934//58 2003//472
f 1934//58 1935//58 2003//472
f 2003//472 1935//58 2004//639
f 1935//58 1936//396 2004//639
f 2004//639 1936//396 2005//491
f 1936//396 1937//397 2005//491
f 2005//491 1937//397 2006//58
f 1937//397 1938//58 2006//58
f 2006//58 1938//58 2007//58
f 1938//58 1939//58 2007//58
f 2007//58 1939//58 2008//468
f 1939//58 1940//618 2008//468
f 2008//468 1940//618 2009//451
f 1940//618 1941//627 2009//451
f 2009//451 1941//627 2010//77
f 1941//627 1942//58 2010//77
f 2010//77 1942//58 2011//493
f 1942//58 1943//468 2011//493
f 2011//493 1943//468 2012//378
f 1943//468 1944//396 2012//378
f 2012//378 1944//396 2013//76
f 1944//396 1945//76 2013//76
f 2013//76 1945//76 2014//76
f 1945//76 1946//77 2014//76
f 2014//76 1946//77 2015//77
f 1946//77 1947//76 2015//77
f 2015//77 1947//76 2016//76
f 1947//76 1948//77 2016//76
f 2016//76 1948//77 2017//77
f 1948//77 1949//76 2017//77
f 2017//77 1949//76 2018//396
f 1949//76 1950//77 2018//396
f 2018//396 1950//77 2019//397
f 1950//77 1951//58 2019//397
f 2019//397 1951//58 2020//640
f 1951//58 1952//628 2020//640
f 2020//640 1952//628 2021//641
f 1952//628 1953//172 2022//642
f 1952//628 2022//642 2021//641
f 1953//172 1954//619 2022//642
f 2022//642 1954//619 2023//643
f 1954//619 1955//79 2023//643
f 2023//643 1955//79 2024//79
f 1955//79 1956//261 2024//79
f 2024//79 1956//261 2025//261
f 1956//261 1957//141 2025//261
f 2025//261 1957//141 2026//141
f 1957//141 1958//58 2026//141
f 2026//141 1958//58 2027//58
f 1958//58 1959//629 2027//58
f 2027//58 1959//629 2028//644
f 1959//629 1960//630 2028//644
f 2028//644 1960//630 2029//645
f 1961//631 1962//632 2031//646
f 1961//631 2031//646 2030//647
f 1962//632 1963//168 2032//276
f 1962//632 2032//276 2031//646
f 1963//168 1964//633 2032//276
f 2032//276 1964//633 2033//624
f 1964//633 1965//138 2033//624
f 2033//624 1965//138 2034//648
f 1965//138 1966//125 2034//648
f 2034//648 1966//125 2035//109
f 1966//125 1967//616 2035//109
f 2035//109 1967//616 2036//94
f 1967//616 1968//94 2036//94
f 2036//94 1968//94 2037//94
f 1968//94 1969//634 2037//94
f 2037//94 1969//634 2038//649
f 1969//634 1970//634 2038//649
f 2038//649 1970//634 2039//650
f 1970//634 1971//58 2039//650
f 2039//650 1971//58 2040//58
f 1971//58 1972//170 2040//58
f 2040//58 1972//170 2041//58
f 1972//170 1973//171 2042//185
f 1972//170 2042//185 2041//58
f 1973//171 1974//58 2043//586
f 1973//171 2043//586 2042//185
f 1974//58 1975//635 2043//586
f 2043//586 1975//635 2044//651
f 1975//635 1976//636 2044//651
f 2044//651 1976//636 2045//652
f 1976//636 1977//637 2045//652
f 2045//652 1977//637 2046//653
f 1977//637 1978//638 2047//653
f 1977//637 2047//653 2046//653
f 1978//638 1979//612 2047//653
f 2047//653 1979//612 2048//616
f 1979//612 1980//558 2048//616
f 2048//616 1980//558 2049//94
f 1980//558 1981//170 2049//94
f 2049//94 1981//170 2050//58
f 1981//170 1982//171 2051//185
f 1981//170 2051//185 2050//58
f 1982//171 1983//58 2052//170
f 1982//171 2052//170 2051//185
f 1983//58 1984//58 2052//170
f 2052//170 1984//58 2053//58
f 1984//58 1985//58 2053//58
f 2053//58 1985//58 2054//58
f 1985//58 1986//170 2054//58
f 2054//58 1986//170 2055//58
f 1986//170 1987//171 2056//635
f 1986//170 2056//635 2055//58
f 1987//171 1988//58 2057//654
f 1987//171 2057//654 2056//635
f 1988//58 1989//58 2057//654
f 2057//654 1989//58 2058//58
f 1989//58 1990//58 2058//58
f 2058//58 1990//58 2059//58
f 1990//58 1991//58 2059//58
f 2059//58 1991//58 2060//58
f 1991//58 1992//58 2060//58
f 2060//58 1992//58 2061//58
f 1992//58 1993//58 2061//58
f 2061//58 1993//58 2062//58
f 1993//58 1994//58 2062//58
f 2062//58 1994//58 2063//58
f 1994//58 1995//58 2063//58
f 2063//58 1995//58 2064//58
f 1995//58 1996//58 2064//58
f 2064//58 1996//58 2065//397
f 1996//58 1997//447 2065//397
f 2065//397 1997//447 2066//396
f 1997//447 1998//414 2066//396
f 2066//396 1998//414 2067//76
f 1998//414 1999//77 2067//76
f 2067//76 1999//77 2068//77
f 1999//77 2000//468 2068//77
f 2068//77 2000//468 2069//76
f 2000//468 2001//396 2069//76
f 2069//76 2001//396 2070//77
f 2001//396 2002//58 2070//77
f 2070//77 2002//58 2071//468
f 2002//58 2003//472 2071//468
f 2071//468 2003//472 2072//491
f 2003//472 2004//639 2072//491
f 2072//491 2004//639 2073//472
f 2004//639 2005//491 2073//472
f 2073//472 2005//491 2074//58
f 2005//491 2006//58 2074//58
f 2074//58 2006//58 2075//58
f 2006//58 2007//58 2075//58
f 2075//58 2007//58 2076//472
f 2007//58 2008//468 2076//472
f 2076//472 2008//468 2077//491
f 2008//468 2009//451 2077//491
f 2077//491 2009//451 2078//414
f 2009//451 2010//77 2078//414
f 2078//414 2010//77 2079//655
f 2010//77 2011//493 2079//655
f 2079//655 2011//493 2080//656
f 2011//493 2012//378 2081//642
f 2011//493 2081//642 2080//656
f 2012//378 2013//76 2081//642
f 2081//642 2013//76 2082//397
f 2013//76 2014//76 2082//397
f 2082//397 2014//76 2083//76
f 2014//76 2015//77 2083//76
f 2083//76 2015//77 2084//76
f 2015//77 2016//76 2084//76
f 2084//76 2016//76 2085//76
f 2016//76 2017//77 2085//76
f 2085//76 2017//77 2086//469
f 2017//77 2018//396 2086//469
f 2086//469 2018//396 2087//491
f 2018//396 2019//397 2087//491
f 2087//491 2019//397 2088//397
f 2019//397 2020//640 2088//397
f 2088//397 2020//640 2089//396
f 2020//640 2021//641 2089//396
f 2089//396 2021//641 2090//58
f 2021//641 2022//642 2091//493
f 2021//641 2091//493 2090//58
f 2022//642 2023//643 2091//493
f 2091//493 2023//643 2092//78
f 2023//643 2024//79 2092//78
f 2092//78 2024//79 2093//79
f 2024//79 2025//261 2093//79
f 2093//79 2025//261 2094//64
f 2025//261 2026//141 2094//64
f 2094//64 2026//141 2095//100
f 2026//141 2027//58 2095//100
f 2095//100 2027//58 2096//58
f 2027//58 2028//644 2096//58
f 2096//58 2028//644 2097//58
f 2028//644 2029//645 2098//620
f 2028//644 2098//620 2097//58
f 2029//645 2099//657 2098//620
f 2030//647 2031//646 2100//658
f 2100//658 2031//646 2101//659
f 2031//646 2032//276 2101//659
f 2101//659 2032//276 2102//275
f 2032//276 2033//624 2102//275
f 2102//275 2033//624 2103//660
f 2033//624 2034//648 2103//660
f 2103//660 2034//648 2104//661
f 2034//648 2035//109 2104//661
f 2104//661 2035//109 2105//94
f 2035//109 2036//94 2105//94
f 2105//94 2036//94 2106//170
f 2036//94 2037//94 2106//170
f 2106//170 2037//94 2107//662
f 2037//94 2038//649 2107//662
f 2107//662 2038//649 2108//663
f 2038//649 2039//650 2108//663
f 2108//663 2039//650 2109//171
f 2039//650 2040//58 2109//171
f 2109//171 2040//58 2110//58
f 2040//58 2041//58 2110//58
f 2110//58 2041//58 2111//58
f 2041//58 2042//185 2111//58
f 2111//58 2042//185 2112//94
f 2042//185 2043//586 2112//94
f 2112//94 2043//586 2113//664
f 2043//586 2044//651 2113//664
f 2113//664 2044//651 2114//665
f 2044//651 2045//652 2114//665
f 2114//665 2045//652 2115//666
f 2045//652 2046//653 2115//666
f 2115//666 2046//653 2116//94
f 2046//653 2047//653 2117//73
f 2046//653 2117//73 2116//94
f 2047//653 2048//616 2117//73
f 2117//73 2048//616 2118//94
f 2048//616 2049//94 2118//94
f 2118//94 2049//94 2119//558
f 2049//94 2050//58 2119//558
f 2119//558 2050//58 2120//58
f 2050//58 2051//185 2120//58
f 2120//58 2051//185 2121//94
f 2051//185 2052//170 2121//94
f 2121//94 2052//170 2122//94
f 2052//170 2053//58 2122//94
f 2122//94 2053//58 2123//58
f 2053//58 2054//58 2123//58
f 2123//58 2054//58 2124//58
f 2054//58 2055//58 2124//58
f 2124//58 2055//58 2125//654
f 2055//58 2056//635 2125//654
f 2125//654 2056//635 2126//667
f 2056//635 2057//654 2126//667
f 2126//667 2057//654 2127//58
f 2057//654 2058//58 2127//58
f 2127//58 2058//58 2128//58
f 2058//58 2059//58 2128//58
f 2128//58 2059//58 2129//58
f 2059//58 2060//58 2129//58
f 2129//58 2060//58 2130//58
f 2060//58 2061//58 2130//58
f 2130//58 2061//58 2131//58
f 2061//58 2062//58 2131//58
f 2131//58 2062//58 2132//58
f 2062//58 2063//58 2132//58
f 2132//58 2063//58 2133//58
f 2063//58 2064//58 2133//58
f 2133//58 2064//58 2134//58
f 2064//58 2065//397 2134//58
f 2134//58 2065//397 2135//77
f 2065//397 2066//396 2135//77
f 2135//77 2066//396 2136//76
f 2066//396 2067//76 2136//76
f 2136//76 2067//76 2137//76
f 2067//76 2068//77 2137//76
f 2137//76 2068//77 2138//77
f 2068//77 2069//76 2138//77
f 2138//77 2069//76 2139//77
f 2069//76 2070//77 2139//77
f 2139//77 2070//77 2140//77
f 2070//77 2071//468 2140//77
f 2140//77 2071//468 2141//76
f 2071//468 2072//491 2141//76
f 2141//76 2072//491 2142//77
f 2072//491 2073//472 2142//77
f 2142//77 2073//472 2143//58
f 2073//472 2074//58 2143//58
f 2143//58 2074//58 2144//58
f 2074//58 2075//58 2144//58
f 2144//58 2075//58 2145//450
f 2075//58 2076//472 2145//450
f 2145//450 2076//472 2146//668
f 2076//472 2077//491 2146//668
f 2146//668 2077//491 2147//669
f 2077//491 2078//414 2147//669
f 2147//669 2078//414 2148//76
f 2078//414 2079//655 2148//76
f 2148//76 2079//655 2149//360
f 2079//655 2080//656 2149//360
f 2149//360 2080//656 2150//293
f 2080//656 2081//642 2151//628
f 2080//656 2151//628 2150//293
f 2081//642 2082//397 2151//628
f 2151//628 2082//397 2152//58
f 2082//397 2083//76 2152//58
f 2152//58 2083//76 2153//60
f 2083//76 2084//76 2153//60
f 2153//60 2084//76 2154//75
f 2084//76 2085//76 2154//75
f 2154//75 2085//76 2155//670
f 2085//76 2086//469 2155//670
f 2155//670 2086//469 2156//618
f 2086//469 2087//491 2156//618
f 2156//618 2087//491 2157//58
f 2087//491 2088//397 2157//58
f 2157//58 2088//397 2158//447
f 2088//397 2089//396 2158//447
f 2158//447 2089//396 2159//397
f 2089//396 2090//58 2159//397
f 2159//397 2090//58 2160//58
f 2090//58 2091//493 2160//58
f 2160//58 2091//493 2161//58
f 2091//493 2092//78 2161//58
f 2161//58 2092//78 2162//140
f 2092//78 2093//79 2162//140
f 2162//140 2093//79 2163//671
f 2093//79 2094//64 2163//671
f 2163//671 2094//64 2164//101
f 2094//64 2095//100 2165//81
f 2094//64 2165//81 2164//101
f 2095//100 2096//58 2166//672
f 2095//100 2166//672 2165//81
f 2096//58 2097//58 2166//672
f 2166//672 2097//58 2167//58
f 2097//58 2098//620 2167//58
f 2167//58 2098//620 2168//644
f 2098//620 2099//657 2168//644
f 2168//644 2099//657 2169//673
f 2170//674 2100//658 2171//675
f 2100//658 2101//659 2171//675
f 2171//675 2101//659 2172//226
f 2101//659 2102//275 2173//254
f 2101//659 2173//254 2172//226
f 2102//275 2103//660 2174//676
f 2102//275 2174//676 2173//254
f 2103//660 2104//661 2175//677
f 2103//660 2175//677 2174//676
f 2104//661 2105//94 2175//677
f 2175//677 2105//94 2176//678
f 2105//94 2106//170 2176//678
f 2176//678 2106//170 2177//679
f 2106//170 2107//662 2178//680
f 2106//170 2178//680 2177//679
f 2107//662 2108//663 2179//665
f 2107//662 2179//665 2178//680
f 2108//663 2109//171 2180//665
f 2108//663 2180//665 2179//665
f 2109//171 2110//58 2181//170
f 2109//171 2181//170 2180//665
f 2110//58 2111//58 2181//170
f 2181//170 2111//58 2182//58
f 2111//58 2112//94 2182//58
f 2182//58 2112//94 2183//125
f 2112//94 2113//664 2183//125
f 2183//125 2113//664 2184//681
f 2113//664 2114//665 2185//185
f 2113//664 2185//185 2184//681
f 2114//665 2115//666 2186//682
f 2114//665 2186//682 2185//185
f 2115//666 2116//94 2187//626
f 2115//666 2187//626 2186//682
f 2116//94 2117//73 2187//626
f 2187//626 2117//73 2188//58
f 2117//73 2118//94 2188//58
f 2188//58 2118//94 2189//94
f 2118//94 2119//558 2189//94
f 2189//94 2119//558 2190//94
f 2119//558 2120//58 2190//94
f 2190//94 2120//58 2191//58
f 2120//58 2121//94 2191//58
f 2191//58 2121//94 2192//94
f 2121//94 2122//94 2192//94
f 2192//94 2122//94 2193//94
f 2122//94 2123//58 2193//94
f 2193//94 2123//58 2194//58
f 2123//58 2124//58 2194//58
f 2194//58 2124//58 2195//58
f 2124//58 2125//654 2195//58
f 2195//58 2125//654 2196//58
f 2125//654 2126//667 2197//185
f 2125//654 2197//185 2196//58
f 2126//667 2127//58 2198//170
f 2126//667 2198//170 2197//185
f 2127//58 2128//58 2198//170
f 2198//170 2128//58 2199//58
f 2128//58 2129//58 2199//58
f 2199//58 2129//58 2200//58
f 2129//58 2130//58 2200//58
f 2200//58 2130//58 2201//58
f 2130//58 2131//58 2201//58
f 2201//58 2131//58 2202//58
f 2131//58 2132//58 2202//58
f 2202//58 2132//58 2203//58
f 2132//58 2133//58 2203//58
f 2203//58 2133//58 2204//58
f 2133//58 2134//58 2204//58
f 2204//58 2134//58 2205//683
f 2134//58 2135//77 2205//683
f 2205//683 2135//77 2206//491
f 2135//77 2136//76 2206//491
f 2206//491 2136//76 2207//684
f 2136//76 2137//76 2207//684
f 2207//684 2137//76 2208//491
f 2137//76 2138//77 2208//491
f 2208//491 2138//77 2209//397
f 2138//77 2139//77 2209//397
f 2209//397 2139//77 2210//76
f 2139//77 2140//77 2210//76
f 2210//76 2140//77 2211//77
f 2140//77 2141//76 2211//77
f 2211//77 2141//76 2212//76
f 2141//76 2142//77 2212//76
f 2212//76 2142//77 2213//76
f 2142//77 2143//58 2213//76
f 2213//76 2143//58 2214//58
f 2143//58 2144//58 2214//58
f 2214//58 2144//58 2215//58
f 2144//58 2145//450 2215//58
f 2215//58 2145//450 2216//58
f 2145//450 2146//668 2217//432
f 2145//450 2217//432 2216//58
f 2146//668 2147//669 2218//450
f 2146//668 2218//450 2217//432
f 2147//669 2148//76 2218//450
f 2218//450 2148//76 2219//76
f 2148//76 2149//360 2219//76
f 2219//76 2149//360 2220//451
f 2149//360 2150//293 2220//451
f 2220//451 2150//293 2221//468
f 2150//293 2151//628 2221//468
f 2221//468 2151//628 2222//58
f 2151//628 2152//58 2222//58
f 2222//58 2152//58 2223//58
f 2152//58 2153//60 2223//58
f 2223//58 2153//60 2224//58
f 2153//60 2154//75 2225//59
f 2153//60 2225//59 2224//58
f 2154//75 2155//670 2226//685
f 2154//75 2226//685 2225//59
f 2155//670 2156//618 2226//685
f 2226//685 2156//618 2227//686
f 2156//618 2157//58 2227//686
f 2227//686 2157//58 2228//433
f 2157//58 2158//447 2228//433
f 2228//433 2158//447 2229//396
f 2158//447 2159//397 2229//396
f 2229//396 2159//397 2230//58
f 2159//397 2160//58 2230//58
f 2230//58 2160//58 2231//58
f 2160//58 2161//58 2231//58
f 2231//58 2161//58 2232//58
f 2161//58 2162//140 2232//58
f 2232//58 2162//140 2233//78
f 2162//140 2163//671 2233//78
f 2233//78 2163//671 2234//79
f 2163//671 2164//101 2234//79
f 2234//79 2164//101 2235//141
f 2164//101 2165//81 2235//141
f 2235//141 2165//81 2236//687
f 2165//81 2166//672 2236//687
f 2236//687 2166//672 2237//141
f 2166//672 2167//58 2237//141
f 2237//141 2167//58 2238//58
f 2167//58 2168//644 2238//58
f 2238//58 2168//644 2239//58
f 2168//644 2169//673 2240//620
f 2168//644 2240//620 2239//58
f 2169//673 2241//688 2240//620
f 2170//674 2171//675 2242//689
f 2242//689 2171//675 2243//690
f 2171//675 2172//226 2244//691
f 2171//675 2244//691 2243//690
f 2172//226 2173//254 2245//227
f 2172//226 2245//227 2244//691
f 2173//254 2174//676 2245//227
f 2245//227 2174//676 2246//254
f 2174//676 2175//677 2247//692
f 2174//676 2247//692 2246//254
f 2175//677 2176//678 2248//693
f 2175//677 2248//693 2247//692
f 2176//678 2177//679 2248//693
f 2248//693 2177//679 2249//678
f 2177//679 2178//680 2250//664
f 2177//679 2250//664 2249//678
f 2178//680 2179//665 2250//664
f 2250//664 2179//665 2251//612
f 2179//665 2180//665 2251//612
f 2251//612 2180//665 2252//612
f 2180//665 2181//170 2252//612
f 2252//612 2181//170 2253//94
f 2181//170 2182//58 2253//94
f 2253//94 2182//58 2254//572
f 2182//58 2183//125 2254//572
f 2254//572 2183//125 2255//542
f 2183//125 2184//681 2255//542
f 2255//542 2184//681 2256//58
f 2184//681 2185//185 2256//58
f 2256//58 2185//185 2257//94
f 2185//185 2186//682 2257//94
f 2257//94 2186//682 2258//694
f 2186//682 2187//626 2258//694
f 2258//694 2187//626 2259//625
f 2187//626 2188//58 2259//625
f 2259//625 2188//58 2260//58
f 2188//58 2189//94 2260//58
f 2260//58 2189//94 2261//94
f 2189//94 2190//94 2261//94
f 2261//94 2190//94 2262//558
f 2190//94 2191//58 2262//558
f 2262//558 2191//58 2263//58
f 2191//58 2192//94 2263//58
f 2263//58 2192//94 2264//170
f 2192//94 2193//94 2264//170
f 2264//170 2193//94 2265//185
f 2193//94 2194//58 2265//185
f 2265//185 2194//58 2266//58
f 2194//58 2195//58 2266//58
f 2266//58 2195//58 2267//58
f 2195//58 2196//58 2267//58
f 2267//58 2196//58 2268//58
f 2196//58 2197//185 2268//58
f 2268//58 2197//185 2269//94
f 2197//185 2198//170 2269//94
f 2269//94 2198//170 2270//94
f 2198//170 2199//58 2270//94
f 2270//94 2199//58 2271//58
f 2199//58 2200//58 2271//58
f 2271//58 2200//58 2272//58
f 2200//58 2201//58 2272//58
f 2272//58 2201//58 2273//58
f 2201//58 2202//58 2273//58
f 2273//58 2202//58 2274//58
f 2202//58 2203//58 2274//58
f 2274//58 2203//58 2275//58
f 2203//58 2204//58 2275//58
f 2275//58 2204//58 2276//468
f 2204//58 2205//683 2276//468
f 2276//468 2205//683 2277//491
f 2205//683 2206//491 2277//491
f 2277//491 2206//491 2278//491
f 2206//491 2207//684 2278//491
f 2278//491 2207//684 2279//491
f 2207//684 2208//491 2279//491
f 2279//491 2208//491 2280//560
f 2208//491 2209//397 2280//560
f 2280//560 2209//397 2281//58
f 2209//397 2210//76 2281//58
f 2281//58 2210//76 2282//77
f 2210//76 2211//77 2282//77
f 2282//77 2211//77 2283//77
f 2211//77 2212//76 2283//77
f 2283//77 2212//76 2284//76
f 2212//76 2213//76 2284//76
f 2284//76 2213//76 2285//77
f 2213//76 2214//58 2285//77
f 2285//77 2214//58 2286//58
f 2214//58 2215//58 2286//58
f 2286//58 2215//58 2287//472
f 2215//58 2216//58 2287//472
f 2287//472 2216//58 2288//695
f 2216//58 2217//432 2288//695
f 2288//695 2217//432 2289//491
f 2217//432 2218//450 2289//491
f 2289//491 2218//450 2290//58
f 2218//450 2219//76 2290//58
f 2290//58 2219//76 2291//696
f 2219//76 2220//451 2291//696
f 2291//696 2220//451 2292//697
f 2220//451 2221//468 2292//697
f 2292//697 2221//468 2293//58
f 2221//468 2222//58 2293//58
f 2293//58 2222//58 2294//58
f 2222//58 2223//58 2294//58
f 2294//58 2223//58 2295//472
f 2223//58 2224//58 2295//472
f 2295//472 2224//58 2296//698
f 2224//58 2225//59 2296//698
f 2296//698 2225//59 2297//699
f 2225//59 2226//685 2297//699
f 2297//699 2226//685 2298//618
f 2226//685 2227//686 2298//618
f 2298//618 2227//686 2299//317
f 2227//686 2228//433 2300//700
f 2227//686 2300//700 2299//317
f 2228//433 2229//396 2300//700
f 2300//700 2229//396 2301//468
f 2229//396 2230//58 2301//468
f 2301//468 2230//58 2302//58
f 2230//58 2231//58 2302//58
f 2302//58 2231//58 2303//58
f 2231//58 2232//58 2303//58
f 2303//58 2232//58 2304//58
f 2232//58 2233//78 2304//58
f 2304//58 2233//78 2305//701
f 2233//78 2234//79 2305//701
f 2305//701 2234//79 2306//702
f 2234//79 2235//141 2306//702
f 2306//702 2235//141 2307//100
f 2235//141 2236//687 2307//100
f 2307//100 2236//687 2308//101
f 2236//687 2237//141 2308//101
f 2308//101 2237//141 2309//141
f 2237//141 2238//58 2309//141
f 2309//141 2238//58 2310//58
f 2238//58 2239//58 2310//58
f 2310//58 2239//58 2311//58
f 2239//58 2240//620 2311//58
f 2311//58 2240//620 2312//629
f 2240//620 2241//688 2312//629
f 2312//629 2241//688 2313//595
f 2242//689 2243//690 2314//703
f 2314//703 2243//690 2315//704
f 2243//690 2244//691 2315//704
f 2315//704 2244//691 2316//705
f 2244//691 2245//227 2316//705
f 2316//705 2245//227 2317//240
f 2245//227 2246//254 2318//209
f 2245//227 2318//209 2317//240
f 2246//254 2247//692 2319//706
f 2246//254 2319//706 2318//209
f 2247//692 2248//693 2319//706
f 2319//706 2248//693 2320//184
f 2248//693 2249//678 2320//184
f 2320//184 2249//678 2321//603
f 2249//678 2250//664 2321//603
f 2321//603 2250//664 2322//613
f 2250//664 2251//612 2322//613
f 2322//613 2251//612 2323//707
f 2251//612 2252//612 2323//707
f 2323//707 2252//612 2324//612
f 2252//612 2253//94 2324//612
f 2324//612 2253//94 2325//94
f 2253//94 2254//572 2325//94
f 2325//94 2254//572 2326//170
f 2254//572 2255//542 2326//170
f 2326//170 2255//542 2327//708
f 2255//542 2256//58 2327//708
f 2327//708 2256//58 2328//709
f 2256//58 2257//94 2328//709
f 2328//709 2257//94 2329//603
f 2257//94 2258//694 2329//603
f 2329//603 2258//694 2330//612
f 2258//694 2259//625 2331//710
f 2258//694 2331//710 2330//612
f 2259//625 2260//58 2332//170
f 2259//625 2332//170 2331//710
f 2260//58 2261//94 2332//170
f 2332//170 2261//94 2333//94
f 2261//94 2262//558 2333//94
f 2333//94 2262//558 2334//94
f 2262//558 2263//58 2334//94
f 2334//94 2263//58 2335//58
f 2263//58 2264//170 2335//58
f 2335//58 2264//170 2336//58
f 2264//170 2265//185 2337//185
f 2264//170 2337//185 2336//58
f 2265//185 2266//58 2338//170
f 2265//185 2338//170 2337//185
f 2266//58 2267//58 2338//170
f 2338//170 2267//58 2339//58
f 2267//58 2268//58 2339//58
f 2339//58 2268//58 2340//58
f 2268//58 2269//94 2340//58
f 2340//58 2269//94 2341//94
f 2269//94 2270//94 2341//94
f 2341//94 2270//94 2342//94
f 2270//94 2271//58 2342//94
f 2342//94 2271//58 2343//58
f 2271//58 2272//58 2343//58
f 2343//58 2272//58 2344//58
f 2272//58 2273//58 2344//58
f 2344//58 2273//58 2345//58
f 2273//58 2274//58 2345//58
f 2345//58 2274//58 2346//58
f 2274//58 2275//58 2346//58
f 2346//58 2275//58 2347//58
f 2275//58 2276//468 2347//58
f 2347//58 2276//468 2348//77
f 2276//468 2277//491 2348//77
f 2348//77 2277//491 2349//77
f 2277//491 2278//491 2349//77
f 2349//77 2278//491 2350//76
f 2278//491 2279//491 2350//76
f 2350//76 2279//491 2351//77
f 2279//491 2280//560 2351//77
f 2351//77 2280//560 2352//58
f 2280//560 2281//58 2352//58
f 2352//58 2281//58 2353//58
f 2281//58 2282//77 2353//58
f 2353//58 2282//77 2354//76
f 2282//77 2283//77 2354//76
f 2354//76 2283//77 2355//77
f 2283//77 2284//76 2355//77
f 2355//77 2284//76 2356//76
f 2284//76 2285//77 2356//76
f 2356//76 2285//77 2357//77
f 2285//77 2286//58 2357//77
f 2357//77 2286//58 2358//640
f 2286//58 2287//472 2358//640
f 2358//640 2287//472 2359//639
f 2287//472 2288//695 2359//639
f 2359//639 2288//695 2360//472
f 2288//695 2289//491 2360//472
f 2360//472 2289//491 2361//58
f 2289//491 2290//58 2361//58
f 2361//58 2290//58 2362//640
f 2290//58 2291//696 2362//640
f 2362//640 2291//696 2363//448
f 2291//696 2292//697 2363//448
f 2363//448 2292//697 2364//77
f 2292//697 2293//58 2364//77
f 2364//77 2293//58 2365//472
f 2293//58 2294//58 2365//472
f 2365//472 2294//58 2366//695
f 2294//58 2295//472 2366//695
f 2366//695 2295//472 2367//639
f 2295//472 2296//698 2367//639
f 2367//639 2296//698 2368//698
f 2296//698 2297//699 2368//698
f 2368//698 2297//699 2369//711
f 2297//699 2298//618 2369//711
f 2369//711 2298//618 2370//491
f 2298//618 2299//317 2370//491
f 2370//491 2299//317 2371//699
f 2299//317 2300//700 2371//699
f 2371//699 2300//700 2372//448
f 2300//700 2301//468 2372//448
f 2372//448 2301//468 2373//58
f 2301//468 2302//58 2373//58
f 2373//58 2302//58 2374//58
f 2302//58 2303//58 2374//58
f 2374//58 2303//58 2375//58
f 2303//58 2304//58 2375//58
f 2375//58 2304//58 2376//712
f 2304//58 2305//701 2376//712
f 2376//712 2305//701 2377//712
f 2305//701 2306//702 2377//712
f 2377//712 2306//702 2378//58
f 2306//702 2307//100 2379//81
f 2306//702 2379//81 2378//58
f 2307//100 2308//101 2380//64
f 2307//100 2380//64 2379//81
f 2308//101 2309//141 2380//64
f 2380//64 2309//141 2381//141
f 2309//141 2310//58 2381//141
f 2381//141 2310//58 2382//58
f 2310//58 2311//58 2382//58
f 2382//58 2311//58 2383//58
f 2311//58 2312//629 2383//58
f 2383//58 2312//629 2384//713
f 2312//629 2313//595 2384//713
f 2384//713 2313//595 2385//714
f 2314//703 2315//704 2386//715
f 2386//715 2315//704 2387//716
f 2315//704 2316//705 2387//716
f 2387//716 2316//705 2388//253
f 2316//705 2317//240 2389//254
f 2316//705 2389//254 2388//253
f 2317//240 2318//209 2390//717
f 2317//240 2390//717 2389//254
f 2318//209 2319//706 2391//219
f 2318//209 2391//219 2390//717
f 2319//706 2320//184 2392//718
f 2319//706 2392//718 2391//219
f 2320//184 2321//603 2393//719
f 2320//184 2393//719 2392//718
f 2321//603 2322//613 2393//719
f 2393//719 2322//613 2394//603
f 2322//613 2323//707 2395//625
f 2322//613 2395//625 2394//603
f 2323//707 2324//612 2396//694
f 2323//707 2396//694 2395//625
f 2324//612 2325//94 2396//694
f 2396//694 2325//94 2397//94
f 2325//94 2326//170 2397//94
f 2397//94 2326//170 2398//58
f 2326//170 2327//708 2399//386
f 2326//170 2399//386 2398//58
f 2327//708 2328//709 2399//386
f 2399//386 2328//709 2400//720
f 2328//709 2329//603 2401//586
f 2328//709 2401//586 2400//720
f 2329//603 2330//612 2401//586
f 2401//586 2330//612 2402//612
f 2330//612 2331//710 2402//612
f 2402//612 2331//710 2403//613
f 2331//710 2332//170 2403//613
f 2403//613 2332//170 2404//171
f 2332//170 2333//94 2404//171
f 2404//171 2333//94 2405//638
f 2333//94 2334//94 2405//638
f 2405//638 2334//94 2406//558
f 2334//94 2335//58 2406//558
f 2406//558 2335//58 2407//58
f 2335//58 2336//58 2407//58
f 2407//58 2336//58 2408//58
f 2336//58 2337//185 2408//58
f 2408//58 2337//185 2409//94
f 2337//185 2338//170 2409//94
f 2409//94 2338//170 2410//94
f 2338//170 2339//58 2410//94
f 2410//94 2339//58 2411//58
f 2339//58 2340//58 2411//58
f 2411//58 2340//58 2412//58
f 2340//58 2341//94 2412//58
f 2412//58 2341//94 2413//94
f 2341//94 2342//94 2413//94
f 2413//94 2342//94 2414//94
f 2342//94 2343//58 2414//94
f 2414//94 2343//58 2415//58
f 2343//58 2344//58 2415//58
f 2415//58 2344//58 2416//58
f 2344//58 2345//58 2416//58
f 2416//58 2345//58 2417//58
f 2345//58 2346//58 2417//58
f 2417//58 2346//58 2418//58
f 2346//58 2347//58 2418//58
f 2418//58 2347//58 2419//58
f 2347//58 2348//77 2419//58
f 2419//58 2348//77 2420//396
f 2348//77 2349//77 2420//396
f 2420//396 2349//77 2421//397
f 2349//77 2350//76 2421//397
f 2421//397 2350//76 2422//447
f 2350//76 2351//77 2422//447
f 2422//447 2351//77 2423//397
f 2351//77 2352//58 2423//397
f 2423//397 2352//58 2424//58
f 2352//58 2353//58 2424//58
f 2424//58 2353//58 2425//58
f 2353//58 2354//76 2425//58
f 2425//58 2354//76 2426//74
f 2354//76 2355//77 2426//74
f 2426//74 2355//77 2427//59
f 2355//77 2356//76 2427//59
f 2427//59 2356//76 2428//172
f 2356//76 2357//77 2428//172
f 2428//172 2357//77 2429//469
f 2357//77 2358//640 2429//469
f 2429//469 2358//640 2430//491
f 2358//640 2359//639 2430//491
f 2430//491 2359//639 2431//58
f 2359//639 2360//472 2431//58
f 2431//58 2360//472 2432//58
f 2360//472 2361//58 2432//58
f 2432//58 2361//58 2433//397
f 2361//58 2362//640 2433//397
f 2433//397 2362//640 2434//447
f 2362//640 2363//448 2434//447
f 2434//447 2363//448 2435//396
f 2363//448 2364//77 2435//396
f 2435//396 2364//77 2436//447
f 2364//77 2365//472 2436//447
f 2436//447 2365//472 2437//491
f 2365//472 2366//695 2437//491
f 2437//491 2366//695 2438//560
f 2366//695 2367//639 2438//560
f 2438//560 2367//639 2439//58
f 2367//639 2368//698 2439//58
f 2439//58 2368//698 2440//397
f 2368//698 2369//711 2440//397
f 2440//397 2369//711 2441//469
f 2369//711 2370//491 2441//469
f 2441//469 2370//491 2442//491
f 2370//491 2371//699 2442//491
f 2442//491 2371//699 2443//447
f 2371//699 2372//448 2443//447
f 2443//447 2372//448 2444//77
f 2372//448 2373//58 2444//77
f 2444//77 2373//58 2445//58
f 2373//58 2374//58 2445//58
f 2445//58 2374//58 2446//58
f 2374//58 2375//58 2446//58
f 2446//58 2375//58 2447//721
f 2375//58 2376//712 2447//721
f 2447//721 2376//712 2448//701
f 2376//712 2377//712 2448//701
f 2448//701 2377//712 2449//58
f 2377//712 2378//58 2449//58
f 2449//58 2378//58 2450//58
f 2378//58 2379//81 2450//58
f 2450//58 2379//81 2451//722
f 2379//81 2380//64 2451//722
f 2451//722 2380//64 2452//592
f 2380//64 2381//141 2452//592
f 2452//592 2381//141 2453//141
f 2381//141 2382//58 2453//141
f 2453//141 2382//58 2454//58
f 2382//58 2383//58 2454//58
f 2454//58 2383//58 2455//58
f 2383//58 2384//713 2455//58
f 2455//58 2384//713 2456//723
f 2384//713 2385//714 2457//724
f 2384//713 2457//724 2456//723
f 2385//714 2458//725 2457//724
f 2386//715 2387//716 2459//726
f 2459//726 2387//716 2460//727
f 2387//716 2388//253 2461//480
f 2387//716 2461//480 2460//727
f 2388//253 2389//254 2462//728
f 2388//253 2462//728 2461//480
f 2389//254 2390//717 2462//728
f 2462//728 2390//717 2463//168
f 2390//717 2391//219 2463//168
f 2463//168 2391//219 2464//168
f 2391//219 2392//718 2464//168
f 2464//168 2392//718 2465//729
f 2392//718 2393//719 2465//729
f 2465//729 2393//719 2466//730
f 2393//719 2394//603 2466//730
f 2466//730 2394//603 2467//171
f 2394//603 2395//625 2467//171
f 2467//171 2395//625 2468//731
f 2395//625 2396//694 2468//731
f 2468//731 2396//694 2469//732
f 2396//694 2397//94 2469//732
f 2469//732 2397//94 2470//94
f 2397//94 2398//58 2470//94
f 2470//94 2398//58 2471//58
f 2398//58 2399//386 2471//58
f 2471//58 2399//386 2472//572
f 2399//386 2400//720 2472//572
f 2472//572 2400//720 2473//542
f 2400//720 2401//586 2473//542
f 2473//542 2401//586 2474//94
f 2401//586 2402//612 2474//94
f 2474//94 2402//612 2475//612
f 2402//612 2403//613 2475//612
f 2475//612 2403//613 2476//638
f 2403//613 2404//171 2477//171
f 2403//613 2477//171 2476//638
f 2404//171 2405//638 2478//664
f 2404//171 2478//664 2477//171
f 2405//638 2406//558 2478//664
f 2478//664 2406//558 2479//94
f 2406//558 2407//58 2479//94
f 2479//94 2407//58 2480//58
f 2407//58 2408//58 2480//58
f 2480//58 2408//58 2481//58
f 2408//58 2409//94 2481//58
f 2481//58 2409//94 2482//94
f 2409//94 2410//94 2482//94
f 2482//94 2410//94 2483//94
f 2410//94 2411//58 2483//94
f 2483//94 2411//58 2484//58
f 2411//58 2412//58 2484//58
f 2484//58 2412//58 2485//58
f 2412//58 2413//94 2485//58
f 2485//58 2413//94 2486//170
f 2413//94 2414//94 2486//170
f 2486//170 2414//94 2487//171
f 2414//94 2415//58 2487//171
f 2487//171 2415//58 2488//58
f 2415//58 2416//58 2488//58
f 2488//58 2416//58 2489//58
f 2416//58 2417//58 2489//58
f 2489//58 2417//58 2490//58
f 2417//58 2418//58 2490//58
f 2490//58 2418//58 2491//58
f 2418//58 2419//58 2491//58
f 2491//58 2419//58 2492//468
f 2419//58 2420//396 2492//468
f 2492//468 2420//396 2493//396
f 2420//396 2421//397 2493//396
f 2493//396 2421//397 2494//491
f 2421//397 2422//447 2494//491
f 2494//491 2422//447 2495//491
f 2422//447 2423//397 2495//491
f 2495//491 2423//397 2496//58
f 2423//397 2424//58 2496//58
f 2496//58 2424//58 2497//58
f 2424//58 2425//58 2497//58
f 2497//58 2425//58 2498//58
f 2425//58 2426//74 2498//58
f 2498//58 2426//74 2499//58
f 2426//74 2427//59 2500//733
f 2426//74 2500//733 2499//58
f 2427//59 2428//172 2501//734
f 2427//59 2501//734 2500//733
f 2428//172 2429//469 2501//734
f 2501//734 2429//469 2502//448
f 2429//469 2430//491 2502//448
f 2502//448 2430//491 2503//58
f 2430//491 2431//58 2503//58
f 2503//58 2431//58 2504//58
f 2431//58 2432//58 2504//58
f 2504//58 2432//58 2505//58
f 2432//58 2433//397 2505//58
f 2505//58 2433//397 2506//396
f 2433//397 2434//447 2506//396
f 2506//396 2434//447 2507//473
f 2434//447 2435//396 2507//473
f 2507//473 2435//396 2508//735
f 2435//396 2436//447 2508//735
f 2508//735 2436//447 2509//172
f 2436//447 2437//491 2509//172
f 2509//172 2437//491 2510//77
f 2437//491 2438//560 2510//77
f 2510//77 2438//560 2511//58
f 2438//560 2439//58 2511//58
f 2511//58 2439//58 2512//472
f 2439//58 2440//397 2512//472
f 2512//472 2440//397 2513//491
f 2440//397 2441//469 2513//491
f 2513//491 2441//469 2514//358
f 2441//469 2442//491 2514//358
f 2514//358 2442//491 2515//75
f 2442//491 2443//447 2515//75
f 2515//75 2443//447 2516//172
f 2443//447 2444//77 2516//172
f 2516//172 2444//77 2517//77
f 2444//77 2445//58 2517//77
f 2517//77 2445//58 2518//58
f 2445//58 2446//58 2518//58
f 2518//58 2446//58 2519//58
f 2446//58 2447//721 2519//58
f 2519//58 2447//721 2520//701
f 2447//721 2448//701 2520//701
f 2520//701 2448//701 2521//736
f 2448//701 2449//58 2521//736
f 2521//736 2449//58 2522//58
f 2449//58 2450//58 2522//58
f 2522//58 2450//58 2523//737
f 2450//58 2451//722 2523//737
f 2523//737 2451//722 2524//722
f 2451//722 2452//592 2524//722
f 2524//722 2452//592 2525//738
f 2452//592 2453//141 2525//738
f 2525//738 2453//141 2526//737
f 2453//141 2454//58 2526//737
f 2526//737 2454//58 2527//58
f 2454//58 2455//58 2527//58
f 2527//58 2455//58 2528//739
f 2455//58 2456//723 2528//739
f 2528//739 2456//723 2529//593
f 2456//723 2457//724 2529//593
f 2529//593 2457//724 2530//740
f 2457//724 2458//725 2530//740
f 2530//740 2458//725 2531//741
f 2459//726 2460//727 2533//742
f 2459//726 2533//742 2532//743
f 2460//727 2461//480 2534//208
f 2460//727 2534//208 2533//742
f 2461//480 2462//728 2535//288
f 2461//480 2535//288 2534//208
f 2462//728 2463//168 2536//267
f 2462//728 2536//267 2535//288
f 2463//168 2464//168 2536//267
f 2536//267 2464//168 2537//744
f 2464//168 2465//729 2537//744
f 2537//744 2465//729 2538//745
f 2465//729 2466//730 2538//745
f 2538//745 2466//730 2539//746
f 2466//730 2467//171 2540//680
f 2466//730 2540//680 2539//746
f 2467//171 2468//731 2541//747
f 2467//171 2541//747 2540//680
f 2468//731 2469//732 2541//747
f 2541//747 2469//732 2542//682
f 2469//732 2470//94 2542//682
f 2542//682 2470//94 2543//708
f 2470//94 2471//58 2543//708
f 2543//708 2471//58 2544//386
f 2471//58 2472//572 2544//386
f 2544//386 2472//572 2545//603
f 2472//572 2473//542 2545//603
f 2545//603 2473//542 2546//94
f 2473//542 2474//94 2546//94
f 2546//94 2474//94 2547//94
f 2474//94 2475//612 2547//94
f 2547//94 2475//612 2548//612
f 2475//612 2476//638 2548//612
f 2548//612 2476//638 2549//94
f 2476//638 2477//171 2549//94
f 2549//94 2477//171 2550//94
f 2477//171 2478//664 2550//94
f 2550//94 2478//664 2551//612
f 2478//664 2479//94 2551//612
f 2551//612 2479//94 2552//558
f 2479//94 2480//58 2552//558
f 2552//558 2480//58 2553//58
f 2480//58 2481//58 2553//58
f 2553//58 2481//58 2554//58
f 2481//58 2482//94 2554//58
f 2554//58 2482//94 2555//109
f 2482//94 2483//94 2555//109
f 2555//109 2483//94 2556//95
f 2483//94 2484//58 2556//95
f 2556//95 2484//58 2557//58
f 2484//58 2485//58 2557//58
f 2557//58 2485//58 2558//58
f 2485//58 2486//170 2558//58
f 2558//58 2486//170 2559//58
f 2486//170 2487//171 2560//185
f 2486//170 2560//185 2559//58
f 2487//171 2488//58 2561//186
f 2487//171 2561//186 2560//185
f 2488//58 2489//58 2561//186
f 2561//186 2489//58 2562//58
f 2489//58 2490//58 2562//58
f 2562//58 2490//58 2563//493
f 2490//58 2491//58 2563//493
f 2563//493 2491//58 2564//58
f 2491//58 2492//468 2564//58
f 2564//58 2492//468 2565//447
f 2492//468 2493//396 2565//447
f 2565//447 2493//396 2566//447
f 2493//396 2494//491 2566//447
f 2566//447 2494//491 2567//396
f 2494//491 2495//491 2567//396
f 2567//396 2495//491 2568//58
f 2495//491 2496//58 2568//58
f 2568//58 2496//58 2569//58
f 2496//58 2497//58 2569//58
f 2569//58 2497//58 2570//58
f 2497//58 2498//58 2570//58
f 2570//58 2498//58 2571//58
f 2498//58 2499//58 2571//58
f 2571//58 2499//58 2572//397
f 2499//58 2500//733 2572//397
f 2572//397 2500//733 2573//469
f 2500//733 2501//734 2573//469
f 2573//469 2501//734 2574//748
f 2501//734 2502//448 2574//748
f 2574//748 2502//448 2575//468
f 2502//448 2503//58 2575//468
f 2575//468 2503//58 2576//58
f 2503//58 2504//58 2576//58
f 2576//58 2504//58 2577//472
f 2504//58 2505//58 2577//472
f 2577//472 2505//58 2578//695
f 2505//58 2506//396 2578//695
f 2578//695 2506//396 2579//749
f 2506//396 2507//473 2579//749
f 2579//749 2507//473 2580//448
f 2507//473 2508//735 2580//448
f 2580//448 2508//735 2581//642
f 2508//735 2509//172 2582//642
f 2508//735 2582//642 2581//642
f 2509//172 2510//77 2582//642
f 2582//642 2510//77 2583//468
f 2510//77 2511//58 2583//468
f 2583//468 2511//58 2584//491
f 2511//58 2512//472 2584//491
f 2584//491 2512//472 2585//559
f 2512//472 2513//491 2585//559
f 2585//559 2513//491 2586//560
f 2513//491 2514//358 2586//560
f 2586//560 2514//358 2587//58
f 2514//358 2515//75 2588//59
f 2514//358 2588//59 2587//58
f 2515//75 2516//172 2589//750
f 2515//75 2589//750 2588//59
f 2516//172 2517//77 2589//750
f 2589//750 2517//77 2590//397
f 2517//77 2518//58 2590//397
f 2590//397 2518//58 2591//58
f 2518//58 2519//58 2591//58
f 2591//58 2519//58 2592//712
f 2519//58 2520//701 2592//712
f 2592//712 2520//701 2593//712
f 2520//701 2521//736 2593//712
f 2593//712 2521//736 2594//58
f 2521//736 2522//58 2594//58
f 2594//58 2522//58 2595//58
f 2522//58 2523//737 2595//58
f 2595//58 2523//737 2596//141
f 2523//737 2524//722 2596//141
f 2596//141 2524//722 2597//592
f 2524//722 2525//738 2597//592
f 2597//592 2525//738 2598//722
f 2525//738 2526//737 2598//722
f 2598//722 2526//737 2599//58
f 2526//737 2527//58 2599//58
f 2599//58 2527//58 2600//593
f 2527//58 2528//739 2600//593
f 2600//593 2528//739 2601//751
f 2528//739 2529//593 2601//751
f 2601//751 2529//593 2602//739
f 2529//593 2530//740 2602//739
f 2602//739 2530//740 2603//752
f 2530//740 2531//741 2603//752
f 2603//752 2531//741 2604//753
f 2532//743 2533//742 2605//754
f 2605//754 2533//742 2606//755
f 2533//742 2534//208 2606//755
f 2606//755 2534//208 2607//756
f 2534//208 2535//288 2607//756
f 2607//756 2535//288 2608//168
f 2535//288 2536//267 2609//219
f 2535//288 2609//219 2608//168
f 2536//267 2537//744 2610//209
f 2536//267 2610//209 2609//219
f 2537//744 2538//745 2611//209
f 2537//744 2611//209 2610//209
f 2538//745 2539//746 2612//718
f 2538//745 2612//718 2611//209
f 2539//746 2540//680 2613//719
f 2539//746 2613//719 2612//718
f 2540//680 2541//747 2613//719
f 2613//719 2541//747 2614//612
f 2541//747 2542//682 2615//707
f 2541//747 2615//707 2614//612
f 2542//682 2543//708 2616//757
f 2542//682 2616//757 2615//707
f 2543//708 2544//386 2616//757
f 2616//757 2544//386 2617//720
f 2544//386 2545//603 2618//758
f 2544//386 2618//758 2617//720
f 2545//603 2546//94 2618//758
f 2618//758 2546//94 2619//171
f 2546//94 2547//94 2619//171
f 2619//171 2547//94 2620//603
f 2547//94 2548//612 2620//603
f 2620//603 2548//612 2621//612
f 2548//612 2549//94 2621//612
f 2621//612 2549//94 2622//94
f 2549//94 2550//94 2622//94
f 2622//94 2550//94 2623//94
f 2550//94 2551//612 2623//94
f 2623//94 2551//612 2624//612
f 2551//612 2552//558 2624//612
f 2624//612 2552//558 2625//94
f 2552//558 2553//58 2625//94
f 2625//94 2553//58 2626//58
f 2553//58 2554//58 2626//58
f 2626//58 2554//58 2627//110
f 2554//58 2555//109 2627//110
f 2627//110 2555//109 2628//109
f 2555//109 2556//95 2628//109
f 2628//109 2556//95 2629//58
f 2556//95 2557//58 2629//58
f 2629//58 2557//58 2630//58
f 2557//58 2558//58 2630//58
f 2630//58 2558//58 2631//58
f 2558//58 2559//58 2631//58
f 2631//58 2559//58 2632//58
f 2559//58 2560//185 2632//58
f 2632//58 2560//185 2633//170
f 2560//185 2561//186 2633//170
f 2633//170 2561//186 2634//708
f 2561//186 2562//58 2634//708
f 2634//708 2562//58 2635//559
f 2562//58 2563//493 2635//559
f 2635//559 2563//493 2636//641
f 2563//493 2564//58 2637//759
f 2563//493 2637//759 2636//641
f 2564//58 2565//447 2637//759
f 2637//759 2565//447 2638//491
f 2565//447 2566//447 2638//491
f 2638//491 2566//447 2639//76
f 2566//447 2567//396 2639//76
f 2639//76 2567//396 2640//77
f 2567//396 2568//58 2640//77
f 2640//77 2568//58 2641//58
f 2568//58 2569//58 2641//58
f 2641//58 2569//58 2642//58
f 2569//58 2570//58 2642//58
f 2642//58 2570//58 2643//58
f 2570//58 2571//58 2643//58
f 2643//58 2571//58 2644//58
f 2571//58 2572//397 2644//58
f 2644//58 2572//397 2645//447
f 2572//397 2573//469 2645//447
f 2645//447 2573//469 2646//760
f 2573//469 2574//748 2646//760
f 2646//760 2574//748 2647//448
f 2574//748 2575//468 2647//448
f 2647//448 2575//468 2648//58
f 2575//468 2576//58 2648//58
f 2648//58 2576//58 2649//640
f 2576//58 2577//472 2649//640
f 2649//640 2577//472 2650//639
f 2577//472 2578//695 2650//639
f 2650//639 2578//695 2651//472
f 2578//695 2579//749 2651//472
f 2651//472 2579//749 2652//396
f 2579//749 2580//448 2652//396
f 2652//396 2580//448 2653//414
f 2580//448 2581//642 2653//414
f 2653//414 2581//642 2654//378
f 2581//642 2582//642 2655//493
f 2581//642 2655//493 2654//378
f 2582//642 2583//468 2655//493
f 2655//493 2583//468 2656//491
f 2583//468 2584//491 2656//491
f 2656//491 2584//491 2657//491
f 2584//491 2585//559 2657//491
f 2657//491 2585//559 2658//58
f 2585//559 2586//560 2658//58
f 2658//58 2586//560 2659//58
f 2586//560 2587//58 2659//58
f 2659//58 2587//58 2660//58
f 2587//58 2588//59 2660//58
f 2660//58 2588//59 2661//617
f 2588//59 2589//750 2661//617
f 2661//617 2589//750 2662//618
f 2589//750 2590//397 2662//618
f 2662//618 2590//397 2663//58
f 2590//397 2591//58 2663//58
f 2663//58 2591//58 2664//712
f 2591//58 2592//712 2664//712
f 2664//712 2592//712 2665//712
f 2592//712 2593//712 2665//712
f 2665//712 2593//712 2666//58
f 2593//712 2594//58 2666//58
f 2666//58 2594//58 2667//58
f 2594//58 2595//58 2667//58
f 2667//58 2595//58 2668//739
f 2595//58 2596//141 2668//739
f 2668//739 2596//141 2669//593
f 2596//141 2597//592 2669//593
f 2669//593 2597//592 2670//592
f 2597//592 2598//722 2670//592
f 2670//592 2598//722 2671//141
f 2598//722 2599//58 2671//141
f 2671//141 2599//58 2672//737
f 2599//58 2600//593 2672//737
f 2672//737 2600//593 2673//761
f 2600//593 2601//751 2673//761
f 2673//761 2601//751 2674//58
f 2601//751 2602//739 2674//58
f 2674//58 2602//739 2675//58
f 2602//739 2603//752 2675//58
f 2675//58 2603//752 2676//762
f 2603//752 2604//753 2677//763
f 2603//752 2677//763 2676//762
f 2604//753 2678//764 2677//763
f 2605//754 2606//755 2679//765
f 2606//755 2607//756 2680//766
f 2606//755 2680//766 2679//765
f 2607//756 2608//168 2680//766
f 2680//766 2608//168 2681//219
f 2608//168 2609//219 2681//219
f 2681//219 2609//219 2682//717
f 2609//219 2610//209 2682//717
f 2682//717 2610//209 2683//744
f 2610//209 2611//209 2683//744
f 2683//744 2611//209 2684//219
f 2611//209 2612//718 2684//219
f 2684//219 2612//718 2685//767
f 2612//718 2613//719 2685//767
f 2685//767 2613//719 2686//768
f 2613//719 2614//612 2686//768
f 2686//768 2614//612 2687//612
f 2614//612 2615//707 2687//612
f 2687//612 2615//707 2688//612
f 2615//707 2616//757 2688//612
f 2688//612 2616//757 2689//586
f 2616//757 2617//720 2689//586
f 2689//586 2617//720 2690//587
f 2617//720 2618//758 2690//587
f 2690//587 2618//758 2691//58
f 2618//758 2619//171 2692//171
f 2618//758 2692//171 2691//58
f 2619//171 2620//603 2693//769
f 2619//171 2693//769 2692//171
f 2620//603 2621//612 2693//769
f 2693//769 2621//612 2694//612
f 2621//612 2622//94 2694//612
f 2694//612 2622//94 2695//94
f 2622//94 2623//94 2695//94
f 2695//94 2623//94 2696//94
f 2623//94 2624//612 2696//94
f 2696//94 2624//612 2697//612
f 2624//612 2625//94 2697//612
f 2697//612 2625//94 2698//558
f 2625//94 2626//58 2698//558
f 2698//558 2626//58 2699//58
f 2626//58 2627//110 2699//58
f 2699//58 2627//110 2700//94
f 2627//110 2628//109 2700//94
f 2700//94 2628//109 2701//94
f 2628//109 2629//58 2701//94
f 2701//94 2629//58 2702//58
f 2629//58 2630//58 2702//58
f 2702//58 2630//58 2703//58
f 2630//58 2631//58 2703//58
f 2703//58 2631//58 2704//58
f 2631//58 2632//58 2704//58
f 2704//58 2632//58 2705//58
f 2632//58 2633//170 2705//58
f 2705//58 2633//170 2706//58
f 2633//170 2634//708 2707//386
f 2633//170 2707//386 2706//58
f 2634//708 2635//559 2707//386
f 2707//386 2635//559 2708//560
f 2635//559 2636//641 2708//560
f 2708//560 2636//641 2709//58
f 2636//641 2637//759 2710//493
f 2636//641 2710//493 2709//58
f 2637//759 2638//491 2710//493
f 2710//493 2638//491 2711//58
f 2638//491 2639//76 2711//58
f 2711//58 2639//76 2712//76
f 2639//76 2640//77 2712//76
f 2712//76 2640//77 2713//77
f 2640//77 2641//58 2713//77
f 2713//77 2641//58 2714//58
f 2641//58 2642//58 2714//58
f 2714//58 2642//58 2715//58
f 2642//58 2643//58 2715//58
f 2715//58 2643//58 2716//58
f 2643//58 2644//58 2716//58
f 2716//58 2644//58 2717//491
f 2644//58 2645//447 2717//491
f 2717//491 2645//447 2718//749
f 2645//447 2646//760 2718//749
f 2718//749 2646//760 2719//451
f 2646//760 2647//448 2719//451
f 2719//451 2647//448 2720//77
f 2647//448 2648//58 2720//77
f 2720//77 2648//58 2721//491
f 2648//58 2649//640 2721//491
f 2721//491 2649//640 2722//491
f 2649//640 2650//639 2722//491
f 2722//491 2650//639 2723//58
f 2650//639 2651//472 2723//58
f 2723//58 2651//472 2724//468
f 2651//472 2652//396 2724//468
f 2724//468 2652//396 2725//396
f 2652//396 2653//414 2725//396
f 2725//396 2653//414 2726//76
f 2653//414 2654//378 2726//76
f 2726//76 2654//378 2727//77
f 2654//378 2655//493 2727//77
f 2727//77 2655//493 2728//468
f 2655//493 2656//491 2728//468
f 2728//468 2656//491 2729//447
f 2656//491 2657//491 2729//447
f 2729//447 2657//491 2730//58
f 2657//491 2658//58 2730//58
f 2730//58 2658//58 2731//58
f 2658//58 2659//58 2731//58
f 2731//58 2659//58 2732//58
f 2659//58 2660//58 2732//58
f 2732//58 2660//58 2733//472
f 2660//58 2661//617 2733//472
f 2733//472 2661//617 2734//697
f 2661//617 2662//618 2734//697
f 2734//697 2662//618 2735//617
f 2662//618 2663//58 2735//617
f 2735//617 2663//58 2736//721
f 2663//58 2664//712 2736//721
f 2736//721 2664//712 2737//701
f 2664//712 2665//712 2737//701
f 2737//701 2665//712 2738//58
f 2665//712 2666//58 2738//58
f 2738//58 2666//58 2739//58
f 2666//58 2667//58 2739//58
f 2739//58 2667//58 2740//737
f 2667//58 2668//739 2740//737
f 2740//737 2668//739 2741//593
f 2668//739 2669//593 2741//593
f 2741//593 2669//593 2742//739
f 2669//593 2670//592 2742//739
f 2742//739 2670//592 2743//738
f 2670//592 2671//141 2743//738
f 2743//738 2671//141 2744//737
f 2671//141 2672//737 2744//737
f 2744//737 2672//737 2745//687
f 2672//737 2673//761 2745//687
f 2745//687 2673//761 2746//141
f 2673//761 2674//58 2746//141
f 2746//141 2674//58 2747//58
f 2674//58 2675//58 2747//58
f 2747//58 2675//58 2748//58
f 2675//58 2676//762 2748//58
f 2748//58 2676//762 2749//687
f 2676//762 2677//763 2749//687
f 2749//687 2677//763 2750//770
f 2677//763 2678//764 2750//770
f 2750//770 2678//764 2751//771
f 2679//765 2680//766 2752//772
f 2680//766 2681//219 2753//773
f 2680//766 2753//773 2752//772
f 2681//219 2682//717 2754//481
f 2681//219 2754//481 2753//773
f 2682//717 2683//744 2755//241
f 2682//717 2755//241 2754//481
f 2683//744 2684//219 2756//242
f 2683//744 2756//242 2755//241
f 2684//219 2685//767 2757//774
f 2684//219 2757//774 2756//242
f 2685//767 2686//768 2757//774
f 2757//774 2686//768 2758//661
f 2686//768 2687//612 2758//661
f 2758//661 2687//612 2759//612
f 2687//612 2688//612 2759//612
f 2759//612 2688//612 2760//612
f 2688//612 2689//586 2760//612
f 2760//612 2689//586 2761//603
f 2689//586 2690//587 2762//171
f 2689//586 2762//171 2761//603
f 2690//587 2691//58 2763//775
f 2690//587 2763//775 2762//171
f 2691//58 2692//171 2763//775
f 2763//775 2692//171 2764//94
f 2692//171 2693//769 2764//94
f 2764//94 2693//769 2765//776
f 2693//769 2694//612 2765//776
f 2765//776 2694//612 2766//586
f 2694//612 2695//94 2766//586
f 2766//586 2695//94 2767//171
f 2695//94 2696//94 2767//171
f 2767//171 2696//94 2768//603
f 2696//94 2697//612 2768//603
f 2768//603 2697//612 2769//612
f 2697//612 2698//558 2769//612
f 2769//612 2698//558 2770//94
f 2698//558 2699//58 2770//94
f 2770//94 2699//58 2771//58
f 2699//58 2700//94 2771//58
f 2771//58 2700//94 2772//94
f 2700//94 2701//94 2772//94
f 2772//94 2701//94 2773//94
f 2701//94 2702//58 2773//94
f 2773//94 2702//58 2774//58
f 2702//58 2703//58 2774//58
f 2774//58 2703//58 2775//58
f 2703//58 2704//58 2775//58
f 2775//58 2704//58 2776//58
f 2704//58 2705//58 2776//58
f 2776//58 2705//58 2777//58
f 2705//58 2706//58 2777//58
f 2777//58 2706//58 2778//58
f 2706//58 2707//386 2778//58
f 2778//58 2707//386 2779//58
f 2707//386 2708//560 2779//58
f 2779//58 2708//560 2780//58
f 2708//560 2709//58 2780//58
f 2780//58 2709//58 2781//58
f 2709//58 2710//493 2781//58
f 2781//58 2710//493 2782//58
f 2710//493 2711//58 2782//58
f 2782//58 2711//58 2783//58
f 2711//58 2712//76 2783//58
f 2783//58 2712//76 2784//447
f 2712//76 2713//77 2784//447
f 2784//447 2713//77 2785//397
f 2713//77 2714//58 2785//397
f 2785//397 2714//58 2786//58
f 2714//58 2715//58 2786//58
f 2786//58 2715//58 2787//58
f 2715//58 2716//58 2787//58
f 2787//58 2716//58 2788//468
f 2716//58 2717//491 2788//468
f 2788//468 2717//491 2789//396
f 2717//491 2718//749 2789//396
f 2789//396 2718//749 2790//76
f 2718//749 2719//451 2790//76
f 2790//76 2719//451 2791//360
f 2719//451 2720//77 2791//360
f 2791//360 2720//77 2792//655
f 2720//77 2721//491 2792//655
f 2792//655 2721//491 2793//396
f 2721//491 2722//491 2793//396
f 2793//396 2722//491 2794//58
f 2722//491 2723//58 2794//58
f 2794//58 2723//58 2795//58
f 2723//58 2724//468 2795//58
f 2795//58 2724//468 2796//77
f 2724//468 2725//396 2796//77
f 2796//77 2725//396 2797//76
f 2725//396 2726//76 2797//76
f 2797//76 2726//76 2798//76
f 2726//76 2727//77 2798//76
f 2798//76 2727//77 2799//447
f 2727//77 2728//468 2799//447
f 2799//447 2728//468 2800//491
f 2728//468 2729//447 2800//491
f 2800//491 2729//447 2801//468
f 2729//447 2730//58 2801//468
f 2801//468 2730//58 2802//58
f 2730//58 2731//58 2802//58
f 2802//58 2731//58 2803//472
f 2731//58 2732//58 2803//472
f 2803//472 2732//58 2804//695
f 2732//58 2733//472 2804//695
f 2804//695 2733//472 2805//639
f 2733//472 2734//697 2805//639
f 2805//639 2734//697 2806//447
f 2734//697 2735//617 2806//447
f 2806//447 2735//617 2807//77
f 2735//617 2736//721 2807//77
f 2807//77 2736//721 2808//701
f 2736//721 2737//701 2808//701
f 2808//701 2737//701 2809//721
f 2737//701 2738//58 2809//721
f 2809//721 2738//58 2810//58
f 2738//58 2739//58 2810//58
f 2810//58 2739//58 2811//58
f 2739//58 2740//737 2811//58
f 2811//58 2740//737 2812//722
f 2740//737 2741//593 2812//722
f 2812//722 2741//593 2813//737
f 2741//593 2742//739 2813//737
f 2813//737 2742//739 2814//737
f 2742//739 2743//738 2814//737
f 2814//737 2743//738 2815//761
f 2743//738 2744//737 2815//761
f 2815//761 2744//737 2816//58
f 2744//737 2745//687 2816//58
f 2816//58 2745//687 2817//738
f 2745//687 2746//141 2817//738
f 2817//738 2746//141 2818//737
f 2746//141 2747//58 2818//737
f 2818//737 2747//58 2819//58
f 2747//58 2748//58 2819//58
f 2819//58 2748//58 2820//58
f 2748//58 2749//687 2820//58
f 2820//58 2749//687 2821//687
f 2749//687 2750//770 2821//687
f 2821//687 2750//770 2822//777
f 2750//770 2751//771 2822//777
f 2822//777 2751//771 2823//778
f 2752//772 2753//773 2824//779
f 2824//779 2753//773 2825//780
f 2753//773 2754//481 2826//219
f 2753//773 2826//219 2825//780
f 2754//481 2755//241 2827//277
f 2754//481 2827//277 2826//219
f 2755//241 2756//242 2827//277
f 2827//277 2756//242 2828//168
f 2756//242 2757//774 2829//781
f 2756//242 2829//781 2828//168
f 2757//774 2758//661 2830//782
f 2757//774 2830//782 2829//781
f 2758//661 2759//612 2830//782
f 2830//782 2759//612 2831//665
f 2759//612 2760//612 2831//665
f 2831//665 2760//612 2832//710
f 2760//612 2761//603 2832//710
f 2832//710 2761//603 2833//615
f 2761//603 2762//171 2833//615
f 2833//615 2762//171 2834//94
f 2762//171 2763//775 2834//94
f 2834//94 2763//775 2835//94
f 2763//775 2764//94 2835//94
f 2835//94 2764//94 2836//650
f 2764//94 2765//776 2836//650
f 2836//650 2765//776 2837//783
f 2765//776 2766//586 2837//783
f 2837//783 2766//586 2838//784
f 2766//586 2767//171 2839//785
f 2766//586 2839//785 2838//784
f 2767//171 2768//603 2840//586
f 2767//171 2840//586 2839//785
f 2768//603 2769//612 2840//586
f 2840//586 2769//612 2841//612
f 2769//612 2770//94 2841//612
f 2841//612 2770//94 2842//558
f 2770//94 2771//58 2842//558
f 2842//558 2771//58 2843//58
f 2771//58 2772//94 2843//58
f 2843//58 2772//94 2844//94
f 2772//94 2773//94 2844//94
f 2844//94 2773//94 2845//94
f 2773//94 2774//58 2845//94
f 2845//94 2774//58 2846//58
f 2774//58 2775//58 2846//58
f 2846//58 2775//58 2847//58
f 2775//58 2776//58 2847//58
f 2847//58 2776//58 2848//58
f 2776//58 2777//58 2848//58
f 2848//58 2777//58 2849//58
f 2777//58 2778//58 2849//58
f 2849//58 2778//58 2850//58
f 2778//58 2779//58 2850//58
f 2850//58 2779//58 2851//58
f 2779//58 2780//58 2851//58
f 2851//58 2780//58 2852//58
f 2780//58 2781//58 2852//58
f 2852//58 2781//58 2853//58
f 2781//58 2782//58 2853//58
f 2853//58 2782//58 2854//58
f 2782//58 2783//58 2854//58
f 2854//58 2783//58 2855//397
f 2783//58 2784//447 2855//397
f 2855//397 2784//447 2856//447
f 2784//447 2785//397 2856//447
f 2856//447 2785//397 2857//58
f 2785//397 2786//58 2857//58
f 2857//58 2786//58 2858//58
f 2786//58 2787//58 2858//58
f 2858//58 2787//58 2859//58
f 2787//58 2788//468 2859//58
f 2859//58 2788//468 2860//447
f 2788//468 2789//396 2860//447
f 2860//447 2789//396 2861//397
f 2789//396 2790//76 2861//397
f 2861//397 2790//76 2862//76
f 2790//76 2791//360 2862//76
f 2862//76 2791//360 2863//360
f 2791//360 2792//655 2863//360
f 2863//360 2792//655 2864//360
f 2792//655 2793//396 2864//360
f 2864//360 2793//396 2865//77
f 2793//396 2794//58 2865//77
f 2865//77 2794//58 2866//58
f 2794//58 2795//58 2866//58
f 2866//58 2795//58 2867//58
f 2795//58 2796//77 2867//58
f 2867//58 2796//77 2868//77
f 2796//77 2797//76 2868//77
f 2868//77 2797//76 2869//76
f 2797//76 2798//76 2869//76
f 2869//76 2798//76 2870//617
f 2798//76 2799//447 2870//617
f 2870//617 2799//447 2871//696
f 2799//447 2800//491 2871//696
f 2871//696 2800//491 2872//472
f 2800//491 2801//468 2872//472
f 2872//472 2801//468 2873//58
f 2801//468 2802//58 2873//58
f 2873//58 2802//58 2874//491
f 2802//58 2803//472 2874//491
f 2874//491 2803//472 2875//559
f 2803//472 2804//695 2875//559
f 2875//559 2804//695 2876//472
f 2804//695 2805//639 2876//472
f 2876//472 2805//639 2877//58
f 2805//639 2806//447 2877//58
f 2877//58 2806//447 2878//396
f 2806//447 2807//77 2878//396
f 2878//396 2807//77 2879//786
f 2807//77 2808//701 2879//786
f 2879//786 2808//701 2880//712
f 2808//701 2809//721 2880//712
f 2880//712 2809//721 2881//58
f 2809//721 2810//58 2881//58
f 2881//58 2810//58 2882//58
f 2810//58 2811//58 2882//58
f 2882//58 2811//58 2883//737
f 2811//58 2812//722 2883//737
f 2883//737 2812//722 2884//722
f 2812//722 2813//737 2884//722
f 2884//722 2813//737 2885//58
f 2813//737 2814//737 2885//58
f 2885//58 2814//737 2886//687
f 2814//737 2815//761 2886//687
f 2886//687 2815//761 2887//141
f 2815//761 2816//58 2887//141
f 2887//141 2816//58 2888//737
f 2816//58 2817//738 2888//737
f 2888//737 2817//738 2889//722
f 2817//738 2818//737 2889//722
f 2889//722 2818//737 2890//58
f 2818//737 2819//58 2890//58
f 2890//58 2819//58 2891//58
f 2819//58 2820//58 2891//58
f 2891//58 2820//58 2892//58
f 2820//58 2821//687 2892//58
f 2892//58 2821//687 2893//787
f 2821//687 2822//777 2893//787
f 2893//787 2822//777 2894//788
f 2822//777 2823//778 2895//789
f 2822//777 2895//789 2894//788
f 2823//778 2896//790 2895//789
f 2824//779 2825//780 2897//791
f 2897//791 2825//780 2898//792
f 2825//780 2826//219 2898//792
f 2898//792 2826//219 2899//717
f 2826//219 2827//277 2899//717
f 2899//717 2827//277 2900//219
f 2827//277 2828//168 2900//219
f 2900//219 2828//168 2901//168
f 2828//168 2829//781 2901//168
f 2901//168 2829//781 2902//793
f 2829//781 2830//782 2902//793
f 2902//793 2830//782 2903//794
f 2830//782 2831//665 2904//680
f 2830//782 2904//680 2903//794
f 2831//665 2832//710 2905//795
f 2831//665 2905//795 2904//680
f 2832//710 2833//615 2906//626
f 2832//710 2906//626 2905//795
f 2833//615 2834//94 2906//626
f 2906//626 2834//94 2907//94
f 2834//94 2835//94 2907//94
f 2907//94 2835//94 2908//94
f 2835//94 2836//650 2908//94
f 2908//94 2836//650 2909//626
f 2836//650 2837//783 2909//626
f 2909//626 2837//783 2910//796
f 2837//783 2838//784 2910//796
f 2910//796 2838//784 2911//797
f 2838//784 2839//785 2911//797
f 2911//797 2839//785 2912//57
f 2839//785 2840//586 2912//57
f 2912//57 2840//586 2913//94
f 2840//586 2841//612 2913//94
f 2913//94 2841//612 2914//612
f 2841//612 2842//558 2914//612
f 2914//612 2842//558 2915//94
f 2842//558 2843//58 2915//94
f 2915//94 2843//58 2916//58
f 2843//58 2844//94 2916//58
f 2916//58 2844//94 2917//94
f 2844//94 2845//94 2917//94
f 2917//94 2845//94 2918//94
f 2845//94 2846//58 2918//94
f 2918//94 2846//58 2919//58
f 2846//58 2847//58 2919//58
f 2919//58 2847//58 2920//58
f 2847//58 2848//58 2920//58
f 2920//58 2848//58 2921//58
f 2848//58 2849//58 2921//58
f 2921//58 2849//58 2922//58
f 2849//58 2850//58 2922//58
f 2922//58 2850//58 2923//58
f 2850//58 2851//58 2923//58
f 2923//58 2851//58 2924//58
f 2851//58 2852//58 2924//58
f 2924//58 2852//58 2925//58
f 2852//58 2853//58 2925//58
f 2925//58 2853//58 2926//58
f 2853//58 2854//58 2926//58
f 2926//58 2854//58 2927//58
f 2854//58 2855//397 2927//58
f 2927//58 2855//397 2928//76
f 2855//397 2856//447 2928//76
f 2928//76 2856//447 2929//77
f 2856//447 2857//58 2929//77
f 2929//77 2857//58 2930//58
f 2857//58 2858//58 2930//58
f 2930//58 2858//58 2931//58
f 2858//58 2859//58 2931//58
f 2931//58 2859//58 2932//640
f 2859//58 2860//447 2932//640
f 2932//640 2860//447 2933//491
f 2860//447 2861//397 2933//491
f 2933//491 2861//397 2934//58
f 2861//397 2862//76 2934//58
f 2934//58 2862//76 2935//76
f 2862//76 2863//360 2935//76
f 2935//76 2863//360 2936//360
f 2863//360 2864//360 2936//360
f 2936//360 2864//360 2937//360
f 2864//360 2865//77 2937//360
f 2937//360 2865//77 2938//76
f 2865//77 2866//58 2938//76
f 2938//76 2866//58 2939//58
f 2866//58 2867//58 2939//58
f 2939//58 2867//58 2940//58
f 2867//58 2868//77 2940//58
f 2940//58 2868//77 2941//77
f 2868//77 2869//76 2941//77
f 2941//77 2869//76 2942//76
f 2869//76 2870//617 2942//76
f 2942//76 2870//617 2943//798
f 2870//617 2871//696 2943//798
f 2943//798 2871//696 2944//799
f 2871//696 2872//472 2944//799
f 2944//799 2872//472 2945//58
f 2872//472 2873//58 2945//58
f 2945//58 2873//58 2946//491
f 2873//58 2874//491 2946//491
f 2946//491 2874//491 2947//491
f 2874//491 2875//559 2947//491
f 2947//491 2875//559 2948//58
f 2875//559 2876//472 2948//58
f 2948//58 2876//472 2949//58
f 2876//472 2877//58 2949//58
f 2949//58 2877//58 2950//491
f 2877//58 2878//396 2950//491
f 2950//491 2878//396 2951//800
f 2878//396 2879//786 2951//800
f 2951//800 2879//786 2952//712
f 2879//786 2880//712 2952//712
f 2952//712 2880//712 2953//58
f 2880//712 2881//58 2953//58
f 2953//58 2881//58 2954//58
f 2881//58 2882//58 2954//58
f 2954//58 2882//58 2955//58
f 2882//58 2883//737 2955//58
f 2955//58 2883//737 2956//722
f 2883//737 2884//722 2956//722
f 2956//722 2884//722 2957//737
f 2884//722 2885//58 2957//737
f 2957//737 2885//58 2958//58
f 2885//58 2886//687 2958//58
f 2958//58 2886//687 2959//687
f 2886//687 2887//141 2959//687
f 2959//687 2887//141 2960//141
f 2887//141 2888//737 2960//141
f 2960//141 2888//737 2961//141
f 2888//737 2889//722 2961//141
f 2961//141 2889//722 2962//141
f 2889//722 2890//58 2962//141
f 2962//141 2890//58 2963//58
f 2890//58 2891//58 2963//58
f 2963//58 2891//58 2964//58
f 2891//58 2892//58 2964//58
f 2964//58 2892//58 2965//801
f 2892//58 2893//787 2965//801
f 2965//801 2893//787 2966//802
f 2893//787 2894//788 2966//802
f 2966//802 2894//788 2967//261
f 2894//788 2895//789 2967//261
f 2967//261 2895//789 2968//803
f 2895//789 2896//790 2968//803
f 2968//803 2896//790 2969//804
f 2897//791 2898//792 2970//805
f 2898//792 2899//717 2971//806
f 2898//792 2971//806 2970//805
f 2899//717 2900//219 2972//481
f 2899//717 2972//481 2971//806
f 2900//219 2901//168 2973//288
f 2900//219 2973//288 2972//481
f 2901//168 2902//793 2973//288
f 2973//288 2902//793 2974//168
f 2902//793 2903//794 2975//807
f 2902//793 2975//807 2974//168
f 2903//794 2904//680 2976//719
f 2903//794 2976//719 2975//807
f 2904//680 2905//795 2976//719
f 2976//719 2905//795 2977//808
f 2905//795 2906//626 2977//808
f 2977//808 2906//626 2978//809
f 2906//626 2907//94 2978//809
f 2978//809 2907//94 2979//638
f 2907//94 2908//94 2979//638
f 2979//638 2908//94 2980//94
f 2908//94 2909//626 2980//94
f 2980//94 2909//626 2981//810
f 2909//626 2910//796 2982//811
f 2909//626 2982//811 2981//810
f 2910//796 2911//797 2983//812
f 2910//796 2983//812 2982//811
f 2911//797 2912//57 2983//812
f 2983//812 2912//57 2984//58
f 2912//57 2913//94 2984//58
f 2984//58 2913//94 2985//94
f 2913//94 2914//612 2985//94
f 2985//94 2914//612 2986//612
f 2914//612 2915//94 2986//612
f 2986//612 2915//94 2987//558
f 2915//94 2916//58 2987//558
f 2987//558 2916//58 2988//58
f 2916//58 2917//94 2988//58
f 2988//58 2917//94 2989//94
f 2917//94 2918//94 2989//94
f 2989//94 2918//94 2990//94
f 2918//94 2919//58 2990//94
f 2990//94 2919//58 2991//58
f 2919//58 2920//58 2991//58
f 2991//58 2920//58 2992//58
f 2920//58 2921//58 2992//58
f 2992//58 2921//58 2993//58
f 2921//58 2922//58 2993//58
f 2993//58 2922//58 2994//58
f 2922//58 2923//58 2994//58
f 2994//58 2923//58 2995//58
f 2923//58 2924//58 2995//58
f 2995//58 2924//58 2996//58
f 2924//58 2925//58 2996//58
f 2996//58 2925//58 2997//58
f 2925//58 2926//58 2997//58
f 2997//58 2926//58 2998//58
f 2926//58 2927//58 2998//58
f 2998//58 2927//58 2999//58
f 2927//58 2928//76 2999//58
f 2999//58 2928//76 3000//76
f 2928//76 2929//77 3000//76
f 3000//76 2929//77 3001//77
f 2929//77 2930//58 3001//77
f 3001//77 2930//58 3002//58
f 2930//58 2931//58 3002//58
f 3002//58 2931//58 3003//397
f 2931//58 2932//640 3003//397
f 3003//397 2932//640 3004//396
f 2932//640 2933//491 3004//396
f 3004//396 2933//491 3005//58
f 2933//491 2934//58 3005//58
f 3005//58 2934//58 3006//58
f 2934//58 2935//76 3006//58
f 3006//58 2935//76 3007//76
f 2935//76 2936//360 3007//76
f 3007//76 2936//360 3008//360
f 2936//360 2937//360 3008//360
f 3008//360 2937//360 3009//360
f 2937//360 2938//76 3009//360
f 3009//360 2938//76 3010//77
f 2938//76 2939//58 3010//77
f 3010//77 2939//58 3011//58
f 2939//58 2940//58 3011//58
f 3011//58 2940//58 3012//58
f 2940//58 2941//77 3012//58
f 3012//58 2941//77 3013//77
f 2941//77 2942//76 3013//77
f 3013//77 2942//76 3014//76
f 2942//76 2943//798 3014//76
f 3014//76 2943//798 3015//799
f 2943//798 2944//799 3015//799
f 3015//799 2944//799 3016//489
f 2944//799 2945//58 3016//489
f 3016//489 2945//58 3017//491
f 2945//58 2946//491 3017//491
f 3017//491 2946//491 3018//491
f 2946//491 2947//491 3018//491
f 3018//491 2947//491 3019//58
f 2947//491 2948//58 3019//58
f 3019//58 2948//58 3020//58
f 2948//58 2949//58 3020//58
f 3020//58 2949//58 3021//468
f 2949//58 2950//491 3021//468
f 3021//468 2950//491 3022//813
f 2950//491 2951//800 3022//813
f 3022//813 2951//800 3023//701
f 2951//800 2952//712 3023//701
f 3023//701 2952//712 3024//58
f 2952//712 2953//58 3024//58
f 3024//58 2953//58 3025//58
f 2953//58 2954//58 3025//58
f 3025//58 2954//58 3026//58
f 2954//58 2955//58 3026//58
f 3026//58 2955//58 3027//737
f 2955//58 2956//722 3027//737
f 3027//737 2956//722 3028//722
f 2956//722 2957//737 3028//722
f 3028//722 2957//737 3029//58
f 2957//737 2958//58 3029//58
f 3029//58 2958//58 3030//58
f 2958//58 2959//687 3030//58
f 3030//58 2959//687 3031//687
f 2959//687 2960//141 3031//687
f 3031//687 2960//141 3032//141
f 2960//141 2961//141 3032//141
f 3032//141 2961//141 3033//687
f 2961//141 2962//141 3033//687
f 3033//687 2962//141 3034//141
f 2962//141 2963//58 3034//141
f 3034//141 2963//58 3035//58
f 2963//58 2964//58 3035//58
f 3035//58 2964//58 3036//58
f 2964//58 2965//801 3036//58
f 3036//58 2965//801 3037//58
f 2965//801 2966//802 3038//213
f 2965//801 3038//213 3037//58
f 2966//802 2967//261 3039//814
f 2966//802 3039//814 3038//213
f 2967//261 2968//803 3039//814
f 3039//814 2968//803 3040//101
f 2968//803 2969//804 3041//815
f 2968//803 3041//815 3040//101
f 2969//804 3042//816 3041//815
f 2970//805 2971//806 3044//817
f 2970//805 3044//817 3043//818
f 2971//806 2972//481 3045//717
f 2971//806 3045//717 3044//817
f 2972//481 2973//288 3046//459
f 2972//481 3046//459 3045//717
f 2973//288 2974//168 3047//276
f 2973//288 3047//276 3046//459
f 2974//168 2975//807 3047//276
f 3047//276 2975//807 3048//729
f 2975//807 2976//719 3048//729
f 3048//729 2976//719 3049//819
f 2976//719 2977//808 3049//819
f 3049//819 2977//808 3050//612
f 2977//808 2978//809 3051//707
f 2977//808 3051//707 3050//612
f 2978//809 2979//638 3052//664
f 2978//809 3052//664 3051//707
f 2979//638 2980//94 3052//664
f 3052//664 2980//94 3053//616
f 2980//94 2981//810 3053//616
f 3053//616 2981//810 3054//542
f 2981//810 2982//811 3054//542
f 3054//542 2982//811 3055//615
f 2982//811 2983//812 3056//707
f 2982//811 3056//707 3055//615
f 2983//812 2984//58 3057//170
f 2983//812 3057//170 3056//707
f 2984//58 2985//94 3057//170
f 3057//170 2985//94 3058//94
f 2985//94 2986//612 3058//94
f 3058//94 2986//612 3059//612
f 2986//612 2987//558 3059//612
f 3059//612 2987//558 3060//94
f 2987//558 2988//58 3060//94
f 3060//94 2988//58 3061//58
f 2988//58 2989//94 3061//58
f 3061//58 2989//94 3062//94
f 2989//94 2990//94 3062//94
f 3062//94 2990//94 3063//94
f 2990//94 2991//58 3063//94
f 3063//94 2991//58 3064//58
f 2991//58 2992//58 3064//58
f 3064//58 2992//58 3065//58
f 2992//58 2993//58 3065//58
f 3065//58 2993//58 3066//58
f 2993//58 2994//58 3066//58
f 3066//58 2994//58 3067//58
f 2994//58 2995//58 3067//58
f 3067//58 2995//58 3068//58
f 2995//58 2996//58 3068//58
f 3068//58 2996//58 3069//58
f 2996//58 2997//58 3069//58
f 3069//58 2997//58 3070//58
f 2997//58 2998//58 3070//58
f 3070//58 2998//58 3071//58
f 2998//58 2999//58 3071//58
f 3071//58 2999//58 3072//58
f 2999//58 3000//76 3072//58
f 3072//58 3000//76 3073//76
f 3000//76 3001//77 3073//76
f 3073//76 3001//77 3074//77
f 3001//77 3002//58 3074//77
f 3074//77 3002//58 3075//58
f 3002//58 3003//397 3075//58
f 3075//58 3003//397 3076//76
f 3003//397 3004//396 3076//76
f 3076//76 3004//396 3077//77
f 3004//396 3005//58 3077//77
f 3077//77 3005//58 3078//58
f 3005//58 3006//58 3078//58
f 3078//58 3006//58 3079//58
f 3006//58 3007//76 3079//58
f 3079//58 3007//76 3080//447
f 3007//76 3008//360 3080//447
f 3080//447 3008//360 3081//448
f 3008//360 3009//360 3081//448
f 3081//448 3009//360 3082//414
f 3009//360 3010//77 3082//414
f 3082//414 3010//77 3083//77
f 3010//77 3011//58 3083//77
f 3083//77 3011//58 3084//58
f 3011//58 3012//58 3084//58
f 3084//58 3012//58 3085//58
f 3012//58 3013//77 3085//58
f 3085//58 3013//77 3086//396
f 3013//77 3014//76 3086//396
f 3086//396 3014//76 3087//468
f 3014//76 3015//799 3087//468
f 3087//468 3015//799 3088//798
f 3015//799 3016//489 3088//798
f 3088//798 3016//489 3089//820
f 3016//489 3017//491 3089//820
f 3089//820 3017//491 3090//396
f 3017//491 3018//491 3090//396
f 3090//396 3018//491 3091//58
f 3018//491 3019//58 3091//58
f 3091//58 3019//58 3092//58
f 3019//58 3020//58 3092//58
f 3092//58 3020//58 3093//58
f 3020//58 3021//468 3093//58
f 3093//58 3021//468 3094//396
f 3021//468 3022//813 3094//396
f 3094//396 3022//813 3095//643
f 3022//813 3023//701 3095//643
f 3095//643 3023//701 3096//140
f 3023//701 3024//58 3096//140
f 3096//140 3024//58 3097//58
f 3024//58 3025//58 3097//58
f 3097//58 3025//58 3098//58
f 3025//58 3026//58 3098//58
f 3098//58 3026//58 3099//739
f 3026//58 3027//737 3099//739
f 3099//739 3027//737 3100//593
f 3027//737 3028//722 3100//593
f 3100//593 3028//722 3101//737
f 3028//722 3029//58 3101//737
f 3101//737 3029//58 3102//58
f 3029//58 3030//58 3102//58
f 3102//58 3030//58 3103//739
f 3030//58 3031//687 3103//739
f 3103//739 3031//687 3104//593
f 3031//687 3032//141 3104//593
f 3104//593 3032//141 3105//737
f 3032//141 3033//687 3105//737
f 3105//737 3033//687 3106//738
f 3033//687 3034//141 3106//738
f 3106//738 3034//141 3107//737
f 3034//141 3035//58 3107//737
f 3107//737 3035//58 3108//58
f 3035//58 3036//58 3108//58
f 3108//58 3036//58 3109//58
f 3036//58 3037//58 3109//58
f 3109//58 3037//58 3110//737
f 3037//58 3038//213 3110//737
f 3110//737 3038//213 3111//821
f 3038//213 3039//814 3111//821
f 3111//821 3039//814 3112//142
f 3039//814 3040//101 3112//142
f 3112//142 3040//101 3113//100
f 3040//101 3041//815 3113//100
f 3113//100 3041//815 3114//822
f 3041//815 3042//816 3114//822
f 3114//822 3042//816 3115//823
f 3043//818 3044//817 3116//824
f 3116//824 3044//817 3117//825
f 3044//817 3045//717 3117//825
f 3117//825 3045//717 3118//168
f 3045//717 3046//459 3118//168
f 3118//168 3046//459 3119//276
f 3046//459 3047//276 3119//276
f 3119//276 3047//276 3120//826
f 3047//276 3048//729 3120//826
f 3120//826 3048//729 3121//767
f 3048//729 3049//819 3121//767
f 3121//767 3049//819 3122//768
f 3049//819 3050//612 3122//768
f 3122//768 3050//612 3123//613
f 3050//612 3051//707 3123//613
f 3123//613 3051//707 3124//707
f 3051//707 3052//664 3124//707
f 3124//707 3052//664 3125//612
f 3052//664 3053//616 3125//612
f 3125//612 3053//616 3126//664
f 3053//616 3054//542 3126//664
f 3126//664 3054//542 3127//171
f 3054//542 3055//615 3127//171
f 3127//171 3055//615 3128//603
f 3055//615 3056//707 3128//603
f 3128//603 3056//707 3129//612
f 3056//707 3057//170 3129//612
f 3129//612 3057//170 3130//94
f 3057//170 3058//94 3130//94
f 3130//94 3058//94 3131//94
f 3058//94 3059//612 3131//94
f 3131//94 3059//612 3132//612
f 3059//612 3060//94 3132//612
f 3132//612 3060//94 3133//558
f 3060//94 3061//58 3133//558
f 3133//558 3061//58 3134//58
f 3061//58 3062//94 3134//58
f 3134//58 3062//94 3135//94
f 3062//94 3063//94 3135//94
f 3135//94 3063//94 3136//94
f 3063//94 3064//58 3136//94
f 3136//94 3064//58 3137//58
f 3064//58 3065//58 3137//58
f 3137//58 3065//58 3138//58
f 3065//58 3066//58 3138//58
f 3138//58 3066//58 3139//58
f 3066//58 3067//58 3139//58
f 3139//58 3067//58 3140//58
f 3067//58 3068//58 3140//58
f 3140//58 3068//58 3141//58
f 3068//58 3069//58 3141//58
f 3141//58 3069//58 3142//58
f 3069//58 3070//58 3142//58
f 3142//58 3070//58 3143//58
f 3070//58 3071//58 3143//58
f 3143//58 3071//58 3144//58
f 3071//58 3072//58 3144//58
f 3144//58 3072//58 3145//58
f 3072//58 3073//76 3145//58
f 3145//58 3073//76 3146//447
f 3073//76 3074//77 3146//447
f 3146//447 3074//77 3147//397
f 3074//77 3075//58 3147//397
f 3147//397 3075//58 3148//58
f 3075//58 3076//76 3148//58
f 3148//58 3076//76 3149//77
f 3076//76 3077//77 3149//77
f 3149//77 3077//77 3150//77
f 3077//77 3078//58 3150//77
f 3150//77 3078//58 3151//58
f 3078//58 3079//58 3151//58
f 3151//58 3079//58 3152//468
f 3079//58 3080//447 3152//468
f 3152//468 3080//447 3153//469
f 3080//447 3081//448 3153//469
f 3153//469 3081//448 3154//396
f 3081//448 3082//414 3154//396
f 3154//396 3082//414 3155//76
f 3082//414 3083//77 3155//76
f 3155//76 3083//77 3156//77
f 3083//77 3084//58 3156//77
f 3156//77 3084//58 3157//58
f 3084//58 3085//58 3157//58
f 3157//58 3085//58 3158//397
f 3085//58 3086//396 3158//397
f 3158//397 3086//396 3159//396
f 3086//396 3087//468 3159//396
f 3159//396 3087//468 3160//58
f 3087//468 3088//798 3160//58
f 3160//58 3088//798 3161//618
f 3088//798 3089//820 3161//618
f 3161//618 3089//820 3162//827
f 3089//820 3090//396 3162//827
f 3162//827 3090//396 3163//77
f 3090//396 3091//58 3163//77
f 3163//77 3091//58 3164//58
f 3091//58 3092//58 3164//58
f 3164//58 3092//58 3165//58
f 3092//58 3093//58 3165//58
f 3165//58 3093//58 3166//468
f 3093//58 3094//396 3166//468
f 3166//468 3094//396 3167//396
f 3094//396 3095//643 3167//396
f 3167//396 3095//643 3168//140
f 3095//643 3096//140 3168//140
f 3168//140 3096//140 3169//140
f 3096//140 3097//58 3169//140
f 3169//140 3097//58 3170//58
f 3097//58 3098//58 3170//58
f 3170//58 3098//58 3171//737
f 3098//58 3099//739 3171//737
f 3171//737 3099//739 3172//593
f 3099//739 3100//593 3172//593
f 3172//593 3100//593 3173//739
f 3100//593 3101//737 3173//739
f 3173//739 3101//737 3174//58
f 3101//737 3102//58 3174//58
f 3174//58 3102//58 3175//737
f 3102//58 3103//739 3175//737
f 3175//737 3103//739 3176//593
f 3103//739 3104//593 3176//593
f 3176//593 3104//593 3177//739
f 3104//593 3105//737 3177//739
f 3177//739 3105//737 3178//593
f 3105//737 3106//738 3178//593
f 3178//593 3106//738 3179//593
f 3106//738 3107//737 3179//593
f 3179//593 3107//737 3180//58
f 3107//737 3108//58 3180//58
f 3180//58 3108//58 3181//739
f 3108//58 3109//58 3181//739
f 3181//739 3109//58 3182//231
f 3109//58 3110//737 3182//231
f 3182//231 3110//737 3183//101
f 3110//737 3111//821 3183//101
f 3183//101 3111//821 3184//828
f 3111//821 3112//142 3184//828
f 3184//828 3112//142 3185//143
f 3112//142 3113//100 3186//43
f 3112//142 3186//43 3185//143
f 3113//100 3114//822 3187//545
f 3113//100 3187//545 3186//43
f 3114//822 3115//823 3188//829
f 3114//822 3188//829 3187//545
f 3115//823 3189//830 3188//829
f 3116//824 3117//825 3190//831
f 3190//831 3117//825 3191//832
f 3117//825 3118//168 3191//832
f 3191//832 3118//168 3192//168
f 3118//168 3119//276 3192//168
f 3192//168 3119//276 3193//168
f 3119//276 3120//826 3194//459
f 3119//276 3194//459 3193//168
f 3120//826 3121//767 3195//833
f 3120//826 3195//833 3194//459
f 3121//767 3122//768 3195//833
f 3195//833 3122//768 3196//730
f 3122//768 3123//613 3196//730
f 3196//730 3123//613 3197//680
f 3123//613 3124//707 3198//834
f 3123//613 3198//834 3197//680
f 3124//707 3125//612 3199//835
f 3124//707 3199//835 3198//834
f 3125//612 3126//664 3199//835
f 3199//835 3126//664 3200//680
f 3126//664 3127//171 3201//680
f 3126//664 3201//680 3200//680
f 3127//171 3128//603 3202//836
f 3127//171 3202//836 3201//680
f 3128//603 3129//612 3202//836
f 3202//836 3129//612 3203//612
f 3129//612 3130//94 3203//612
f 3203//612 3130//94 3204//94
f 3130//94 3131//94 3204//94
f 3204//94 3131//94 3205//94
f 3131//94 3132//612 3205//94
f 3205//94 3132//612 3206//612
f 3132//612 3133//558 3206//612
f 3206//612 3133//558 3207//94
f 3133//558 3134//58 3207//94
f 3207//94 3134//58 3208//58
f 3134//58 3135//94 3208//58
f 3208//58 3135//94 3209//170
f 3135//94 3136//94 3209//170
f 3209//170 3136//94 3210//171
f 3136//94 3137//58 3210//171
f 3210//171 3137//58 3211//58
f 3137//58 3138//58 3211//58
f 3211//58 3138//58 3212//58
f 3138//58 3139//58 3212//58
f 3212//58 3139//58 3213//58
f 3139//58 3140//58 3213//58
f 3213//58 3140//58 3214//58
f 3140//58 3141//58 3214//58
f 3214//58 3141//58 3215//58
f 3141//58 3142//58 3215//58
f 3215//58 3142//58 3216//58
f 3142//58 3143//58 3216//58
f 3216//58 3143//58 3217//58
f 3143//58 3144//58 3217//58
f 3217//58 3144//58 3218//58
f 3144//58 3145//58 3218//58
f 3218//58 3145//58 3219//468
f 3145//58 3146//447 3219//468
f 3219//468 3146//447 3220//396
f 3146//447 3147//397 3220//396
f 3220//396 3147//397 3221//58
f 3147//397 3148//58 3221//58
f 3221//58 3148//58 3222//58
f 3148//58 3149//77 3222//58
f 3222//58 3149//77 3223//76
f 3149//77 3150//77 3223//76
f 3223//76 3150//77 3224//77
f 3150//77 3151//58 3224//77
f 3224//77 3151//58 3225//58
f 3151//58 3152//468 3225//58
f 3225//58 3152//468 3226//76
f 3152//468 3153//469 3226//76
f 3226//76 3153//469 3227//360
f 3153//469 3154//396 3227//360
f 3227//360 3154//396 3228//77
f 3154//396 3155//76 3228//77
f 3228//77 3155//76 3229//76
f 3155//76 3156//77 3229//76
f 3229//76 3156//77 3230//77
f 3156//77 3157//58 3230//77
f 3230//77 3157//58 3231//58
f 3157//58 3158//397 3231//58
f 3231//58 3158//397 3232//77
f 3158//397 3159//396 3232//77
f 3232//77 3159//396 3233//76
f 3159//396 3160//58 3233//76
f 3233//76 3160//58 3234//468
f 3160//58 3161//618 3234//468
f 3234//468 3161//618 3235//451
f 3161//618 3162//827 3235//451
f 3235//451 3162//827 3236//360
f 3162//827 3163//77 3236//360
f 3236//360 3163//77 3237//77
f 3163//77 3164//58 3237//77
f 3237//77 3164//58 3238//58
f 3164//58 3165//58 3238//58
f 3238//58 3165//58 3239//58
f 3165//58 3166//468 3239//58
f 3239//58 3166//468 3240//76
f 3166//468 3167//396 3240//76
f 3240//76 3167//396 3241//77
f 3167//396 3168//140 3241//77
f 3241//77 3168//140 3242//78
f 3168//140 3169//140 3242//78
f 3242//78 3169//140 3243//140
f 3169//140 3170//58 3243//140
f 3243//140 3170//58 3244//58
f 3170//58 3171//737 3244//58
f 3244//58 3171//737 3245//722
f 3171//737 3172//593 3245//722
f 3245//722 3172//593 3246//737
f 3172//593 3173//739 3246//737
f 3246//737 3173//739 3247//58
f 3173//739 3174//58 3247//58
f 3247//58 3174//58 3248//58
f 3174//58 3175//737 3248//58
f 3248//58 3175//737 3249//738
f 3175//737 3176//593 3249//738
f 3249//738 3176//593 3250//737
f 3176//593 3177//739 3250//737
f 3250//737 3177//739 3251//737
f 3177//739 3178//593 3251//737
f 3251//737 3178//593 3252//761
f 3178//593 3179//593 3252//761
f 3252//761 3179//593 3253//58
f 3179//593 3180//58 3253//58
f 3253//58 3180//58 3254//737
f 3180//58 3181//739 3254//737
f 3254//737 3181//739 3255//593
f 3181//739 3182//231 3255//593
f 3255//593 3182//231 3256//837
f 3182//231 3183//101 3257//838
f 3182//231 3257//838 3256//837
f 3183//101 3184//828 3257//838
f 3257//838 3184//828 3258//839
f 3184//828 3185//143 3259//840
f 3184//828 3259//840 3258//839
f 3185//143 3186//43 3260//841
f 3185//143 3260//841 3259//840
f 3186//43 3187//545 3260//841
f 3260//841 3187//545 3261//723
f 3187//545 3188//829 3261//723
f 3261//723 3188//829 3262//58
f 3188//829 3189//830 3263//842
f 3188//829 3263//842 3262//58
f 3189//830 3264//843 3263//842
f 3190//831 3191//832 3265//844
f 3265//844 3191//832 3266//845
f 3191//832 3192//168 3266//845
f 3266//845 3192//168 3267//209
f 3192//168 3193//168 3267//209
f 3267//209 3193//168 3268//219
f 3193//168 3194//459 3268//219
f 3268//219 3194//459 3269//238
f 3194//459 3195//833 3269//238
f 3269//238 3195//833 3270//846
f 3195//833 3196//730 3270//846
f 3270//846 3196//730 3271//847
f 3196//730 3197//680 3272//171
f 3196//730 3272//171 3271//847
f 3197//680 3198//834 3273//848
f 3197//680 3273//848 3272//171
f 3198//834 3199//835 3274//707
f 3198//834 3274//707 3273//848
f 3199//835 3200//680 3275//849
f 3199//835 3275//849 3274//707
f 3200//680 3201//680 3276//850
f 3200//680 3276//850 3275//849
f 3201//680 3202//836 3276//850
f 3276//850 3202//836 3277//851
f 3202//836 3203//612 3277//851
f 3277//851 3203//612 3278//613
f 3203//612 3204//94 3278//613
f 3278//613 3204//94 3279//171
f 3204//94 3205//94 3279//171
f 3279//171 3205//94 3280//603
f 3205//94 3206//612 3280//603
f 3280//603 3206//612 3281//613
f 3206//612 3207//94 3281//613
f 3281//613 3207//94 3282//171
f 3207//94 3208//58 3282//171
f 3282//171 3208//58 3283//58
f 3208//58 3209//170 3283//58
f 3283//58 3209//170 3284//58
f 3209//170 3210//171 3285//200
f 3209//170 3285//200 3284//58
f 3210//171 3211//58 3286//200
f 3210//171 3286//200 3285//200
f 3211//58 3212//58 3286//200
f 3286//200 3212//58 3287//58
f 3212//58 3213//58 3287//58
f 3287//58 3213//58 3288//58
f 3213//58 3214//58 3288//58
f 3288//58 3214//58 3289//58
f 3214//58 3215//58 3289//58
f 3289//58 3215//58 3290//58
f 3215//58 3216//58 3290//58
f 3290//58 3216//58 3291//58
f 3216//58 3217//58 3291//58
f 3291//58 3217//58 3292//58
f 3217//58 3218//58 3292//58
f 3292//58 3218//58 3293//58
f 3218//58 3219//468 3293//58
f 3293//58 3219//468 3294//76
f 3219//468 3220//396 3294//76
f 3294//76 3220//396 3295//77
f 3220//396 3221//58 3295//77
f 3295//77 3221//58 3296//58
f 3221//58 3222//58 3296//58
f 3296//58 3222//58 3297//58
f 3222//58 3223//76 3297//58
f 3297//58 3223//76 3298//76
f 3223//76 3224//77 3298//76
f 3298//76 3224//77 3299//77
f 3224//77 3225//58 3299//77
f 3299//77 3225//58 3300//58
f 3225//58 3226//76 3300//58
f 3300//58 3226//76 3301//76
f 3226//76 3227//360 3301//76
f 3301//76 3227//360 3302//360
f 3227//360 3228//77 3302//360
f 3302//360 3228//77 3303//77
f 3228//77 3229//76 3303//77
f 3303//77 3229//76 3304//76
f 3229//76 3230//77 3304//76
f 3304//76 3230//77 3305//77
f 3230//77 3231//58 3305//77
f 3305//77 3231//58 3306//58
f 3231//58 3232//77 3306//58
f 3306//58 3232//77 3307//396
f 3232//77 3233//76 3307//396
f 3307//396 3233//76 3308//397
f 3233//76 3234//468 3308//397
f 3308//397 3234//468 3309//76
f 3234//468 3235//451 3309//76
f 3309//76 3235//451 3310//360
f 3235//451 3236//360 3310//360
f 3310//360 3236//360 3311//357
f 3236//360 3237//77 3311//357
f 3311//357 3237//77 3312//75
f 3237//77 3238//58 3312//75
f 3312//75 3238//58 3313//58
f 3238//58 3239//58 3313//58
f 3313//58 3239//58 3314//852
f 3239//58 3240//76 3314//852
f 3314//852 3240//76 3315//172
f 3240//76 3241//77 3315//172
f 3315//172 3241//77 3316//77
f 3241//77 3242//78 3316//77
f 3316//77 3242//78 3317//701
f 3242//78 3243//140 3317//701
f 3317//701 3243//140 3318//721
f 3243//140 3244//58 3318//721
f 3318//721 3244//58 3319//737
f 3244//58 3245//722 3319//737
f 3319//737 3245//722 3320//722
f 3245//722 3246//737 3320//722
f 3320//722 3246//737 3321//58
f 3246//737 3247//58 3321//58
f 3321//58 3247//58 3322//58
f 3247//58 3248//58 3322//58
f 3322//58 3248//58 3323//737
f 3248//58 3249//738 3323//737
f 3323//737 3249//738 3324//761
f 3249//738 3250//737 3324//761
f 3324//761 3250//737 3325//58
f 3250//737 3251//737 3325//58
f 3325//58 3251//737 3326//722
f 3251//737 3252//761 3326//722
f 3326//722 3252//761 3327//737
f 3252//761 3253//58 3327//737
f 3327//737 3253//58 3328//58
f 3253//58 3254//737 3328//58
f 3328//58 3254//737 3329//687
f 3254//737 3255//593 3329//687
f 3329//687 3255//593 3330//141
f 3255//593 3256//837 3330//141
f 3330//141 3256//837 3331//58
f 3256//837 3257//838 3332//853
f 3256//837 3332//853 3331//58
f 3257//838 3258//839 3332//853
f 3332//853 3258//839 3333//58
f 3258//839 3259//840 3333//58
f 3333//58 3259//840 3334//575
f 3259//840 3260//841 3335//854
f 3259//840 3335//854 3334//575
f 3260//841 3261//723 3336//855
f 3260//841 3336//855 3335//854
f 3261//723 3262//58 3336//855
f 3336//855 3262//58 3337//737
f 3262//58 3263//842 3337//737
f 3337//737 3263//842 3338//856
f 3263//842 3264//843 3338//856
f 3338//856 3264//843 3339//857
f 3265//844 3266//845 3340//858
f 3266//845 3267//209 3341//241
f 3266//845 3341//241 3340//858
f 3267//209 3268//219 3342//859
f 3267//209 3342//859 3341//241
f 3268//219 3269//238 3343//266
f 3268//219 3343//266 3342//859
f 3269//238 3270//846 3343//266
f 3343//266 3270//846 3344//860
f 3270//846 3271//847 3344//860
f 3344//860 3271//847 3345//861
f 3271//847 3272//171 3345//861
f 3345//861 3272//171 3346//94
f 3272//171 3273//848 3346//94
f 3346//94 3273//848 3347//612
f 3273//848 3274//707 3347//612
f 3347//612 3274//707 3348//612
f 3274//707 3275//849 3348//612
f 3348//612 3275//849 3349//603
f 3275//849 3276//850 3350//625
f 3275//849 3350//625 3349//603
f 3276//850 3277//851 3351//747
f 3276//850 3351//747 3350//625
f 3277//851 3278//613 3351//747
f 3351//747 3278//613 3352//680
f 3278//613 3279//171 3353//862
f 3278//613 3353//862 3352//680
f 3279//171 3280//603 3354//850
f 3279//171 3354//850 3353//862
f 3280//603 3281//613 3354//850
f 3354//850 3281//613 3355//94
f 3281//613 3282//171 3356//185
f 3281//613 3356//185 3355//94
f 3282//171 3283//58 3357//170
f 3282//171 3357//170 3356//185
f 3283//58 3284//58 3357//170
f 3357//170 3284//58 3358//58
f 3284//58 3285//200 3358//58
f 3358//58 3285//200 3359//58
f 3285//200 3286//200 3360//185
f 3285//200 3360//185 3359//58
f 3286//200 3287//58 3361//186
f 3286//200 3361//186 3360//185
f 3287//58 3288//58 3361//186
f 3361//186 3288//58 3362//58
f 3288//58 3289//58 3362//58
f 3362//58 3289//58 3363//58
f 3289//58 3290//58 3363//58
f 3363//58 3290//58 3364//58
f 3290//58 3291//58 3364//58
f 3364//58 3291//58 3365//58
f 3291//58 3292//58 3365//58
f 3365//58 3292//58 3366//58
f 3292//58 3293//58 3366//58
f 3366//58 3293//58 3367//58
f 3293//58 3294//76 3367//58
f 3367//58 3294//76 3368//76
f 3294//76 3295//77 3368//76
f 3368//76 3295//77 3369//77
f 3295//77 3296//58 3369//77
f 3369//77 3296//58 3370//58
f 3296//58 3297//58 3370//58
f 3370//58 3297//58 3371//58
f 3297//58 3298//76 3371//58
f 3371//58 3298//76 3372//77
f 3298//76 3299//77 3372//77
f 3372//77 3299//77 3373//77
f 3299//77 3300//58 3373//77
f 3373//77 3300//58 3374//58
f 3300//58 3301//76 3374//58
f 3374//58 3301//76 3375//76
f 3301//76 3302//360 3375//76
f 3375//76 3302//360 3376//360
f 3302//360 3303//77 3376//360
f 3376//360 3303//77 3377//77
f 3303//77 3304//76 3377//77
f 3377//77 3304//76 3378//76
f 3304//76 3305//77 3378//76
f 3378//76 3305//77 3379//447
f 3305//77 3306//58 3379//447
f 3379//447 3306//58 3380//559
f 3306//58 3307//396 3380//559
f 3380//559 3307//396 3381//640
f 3307//396 3308//397 3381//640
f 3381//640 3308//397 3382//58
f 3308//397 3309//76 3382//58
f 3382//58 3309//76 3383//447
f 3309//76 3310//360 3383//447
f 3383//447 3310//360 3384//448
f 3310//360 3311//357 3384//448
f 3384//448 3311//357 3385//433
f 3311//357 3312//75 3386//259
f 3311//357 3386//259 3385//433
f 3312//75 3313//58 3387//358
f 3312//75 3387//358 3386//259
f 3313//58 3314//852 3387//358
f 3387//358 3314//852 3388//642
f 3314//852 3315//172 3389//642
f 3314//852 3389//642 3388//642
f 3315//172 3316//77 3389//642
f 3389//642 3316//77 3390//863
f 3316//77 3317//701 3390//863
f 3390//863 3317//701 3391//701
f 3317//701 3318//721 3391//701
f 3391//701 3318//721 3392//58
f 3318//721 3319//737 3392//58
f 3392//58 3319//737 3393//141
f 3319//737 3320//722 3393//141
f 3393//141 3320//722 3394//141
f 3320//722 3321//58 3394//141
f 3394//141 3321//58 3395//58
f 3321//58 3322//58 3395//58
f 3395//58 3322//58 3396//58
f 3322//58 3323//737 3396//58
f 3396//58 3323//737 3397//687
f 3323//737 3324//761 3397//687
f 3397//687 3324//761 3398//141
f 3324//761 3325//58 3398//141
f 3398//141 3325//58 3399//737
f 3325//58 3326//722 3399//737
f 3399//737 3326//722 3400//722
f 3326//722 3327//737 3400//722
f 3400//722 3327//737 3401//58
f 3327//737 3328//58 3401//58
f 3401//58 3328//58 3402//58
f 3328//58 3329//687 3402//58
f 3402//58 3329//687 3403//738
f 3329//687 3330//141 3403//738
f 3403//738 3330//141 3404//737
f 3330//141 3331//58 3404//737
f 3404//737 3331//58 3405//58
f 3331//58 3332//853 3405//58
f 3405//58 3332//853 3406//58
f 3332//853 3333//58 3406//58
f 3406//58 3333//58 3407//593
f 3333//58 3334//575 3407//593
f 3407//593 3334//575 3408//751
f 3334//575 3335//854 3408//751
f 3408//751 3335//854 3409//722
f 3335//854 3336//855 3409//722
f 3409//722 3336//855 3410//141
f 3336//855 3337//737 3410//141
f 3410//141 3337//737 3411//141
f 3337//737 3338//856 3411//141
f 3411//141 3338//856 3412//864
f 3338//856 3339//857 3412//864
f 3412//864 3339//857 3413//865
f 3340//858 3341//241 3415//866
f 3340//858 3415//866 3414//867
f 3341//241 3342//859 3415//866
f 3415//866 3342//859 3416//717
f 3342//859 3343//266 3417//342
f 3342//859 3417//342 3416//717
f 3343//266 3344//860 3418//868
f 3343//266 3418//868 3417//342
f 3344//860 3345//861 3419//869
f 3344//860 3419//869 3418//868
f 3345//861 3346//94 3419//869
f 3419//869 3346//94 3420//603
f 3346//94 3347//612 3420//603
f 3420//603 3347//612 3421//612
f 3347//612 3348//612 3421//612
f 3421//612 3348//612 3422//613
f 3348//612 3349//603 3422//613
f 3422//613 3349//603 3423//171
f 3349//603 3350//625 3423//171
f 3423//171 3350//625 3424//663
f 3350//625 3351//747 3424//663
f 3424//663 3351//747 3425//870
f 3351//747 3352//680 3426//680
f 3351//747 3426//680 3425//870
f 3352//680 3353//862 3427//871
f 3352//680 3427//871 3426//680
f 3353//862 3354//850 3428//872
f 3353//862 3428//872 3427//871
f 3354//850 3355//94 3429//872
f 3354//850 3429//872 3428//872
f 3355//94 3356//185 3429//872
f 3429//872 3356//185 3430//603
f 3356//185 3357//170 3430//603
f 3430//603 3357//170 3431//94
f 3357//170 3358//58 3431//94
f 3431//94 3358//58 3432//58
f 3358//58 3359//58 3432//58
f 3432//58 3359//58 3433//58
f 3359//58 3360//185 3433//58
f 3433//58 3360//185 3434//94
f 3360//185 3361//186 3434//94
f 3434//94 3361//186 3435//94
f 3361//186 3362//58 3435//94
f 3435//94 3362//58 3436//58
f 3362//58 3363//58 3436//58
f 3436//58 3363//58 3437//58
f 3363//58 3364//58 3437//58
f 3437//58 3364//58 3438//58
f 3364//58 3365//58 3438//58
f 3438//58 3365//58 3439//58
f 3365//58 3366//58 3439//58
f 3439//58 3366//58 3440//58
f 3366//58 3367//58 3440//58
f 3440//58 3367//58 3441//58
f 3367//58 3368//76 3441//58
f 3441//58 3368//76 3442//76
f 3368//76 3369//77 3442//76
f 3442//76 3369//77 3443//77
f 3369//77 3370//58 3443//77
f 3443//77 3370//58 3444//58
f 3370//58 3371//58 3444//58
f 3444//58 3371//58 3445//58
f 3371//58 3372//77 3445//58
f 3445//58 3372//77 3446//76
f 3372//77 3373//77 3446//76
f 3446//76 3373//77 3447//77
f 3373//77 3374//58 3447//77
f 3447//77 3374//58 3448//58
f 3374//58 3375//76 3448//58
f 3448//58 3375//76 3449//76
f 3375//76 3376//360 3449//76
f 3449//76 3376//360 3450//360
f 3376//360 3377//77 3450//360
f 3450//360 3377//77 3451//77
f 3377//77 3378//76 3451//77
f 3451//77 3378//76 3452//696
f 3378//76 3379//447 3452//696
f 3452//696 3379//447 3453//749
f 3379//447 3380//559 3453//749
f 3453//749 3380//559 3454//472
f 3380//559 3381//640 3454//472
f 3454//472 3381//640 3455//58
f 3381//640 3382//58 3455//58
f 3455//58 3382//58 3456//491
f 3382//58 3383//447 3456//491
f 3456//491 3383//447 3457//749
f 3383//447 3384//448 3457//749
f 3457//749 3384//448 3458//396
f 3384//448 3385//433 3458//396
f 3458//396 3385//433 3459//58
f 3385//433 3386//259 3459//58
f 3459//58 3386//259 3460//76
f 3386//259 3387//358 3460//76
f 3460//76 3387//358 3461//360
f 3387//358 3388//642 3461//360
f 3461//360 3388//642 3462//378
f 3388//642 3389//642 3463//493
f 3388//642 3463//493 3462//378
f 3389//642 3390//863 3463//493
f 3463//493 3390//863 3464//78
f 3390//863 3391//701 3464//78
f 3464//78 3391//701 3465//140
f 3391//701 3392//58 3465//140
f 3465//140 3392//58 3466//58
f 3392//58 3393//141 3466//58
f 3466//58 3393//141 3467//141
f 3393//141 3394//141 3467//141
f 3467//141 3394//141 3468//141
f 3394//141 3395//58 3468//141
f 3468//141 3395//58 3469//58
f 3395//58 3396//58 3469//58
f 3469//58 3396//58 3470//58
f 3396//58 3397//687 3470//58
f 3470//58 3397//687 3471//738
f 3397//687 3398//141 3471//738
f 3471//738 3398//141 3472//737
f 3398//141 3399//737 3472//737
f 3472//737 3399//737 3473//738
f 3399//737 3400//722 3473//738
f 3473//738 3400//722 3474//737
f 3400//722 3401//58 3474//737
f 3474//737 3401//58 3475//58
f 3401//58 3402//58 3475//58
f 3475//58 3402//58 3476//737
f 3402//58 3403//738 3476//737
f 3476//737 3403//738 3477//761
f 3403//738 3404//737 3477//761
f 3477//761 3404//737 3478//58
f 3404//737 3405//58 3478//58
f 3478//58 3405//58 3479//58
f 3405//58 3406//58 3479//58
f 3479//58 3406//58 3480//737
f 3406//58 3407//593 3480//737
f 3480//737 3407//593 3481//761
f 3407//593 3408//751 3481//761
f 3481//761 3408//751 3482//58
f 3408//751 3409//722 3482//58
f 3482//58 3409//722 3483//141
f 3409//722 3410//141 3483//141
f 3483//141 3410//141 3484//141
f 3410//141 3411//141 3484//141
f 3484//141 3411//141 3485//141
f 3411//141 3412//864 3485//141
f 3485//141 3412//864 3486//873
f 3412//864 3413//865 3486//873
f 3486//873 3413//865 3487//874
f 3414//867 3415//866 3488//791
f 3488//791 3415//866 3489//875
f 3415//866 3416//717 3489//875
f 3489//875 3416//717 3490//241
f 3416//717 3417//342 3491//876
f 3416//717 3491//876 3490//241
f 3417//342 3418//868 3492//877
f 3417//342 3492//877 3491//876
f 3418//868 3419//869 3493//692
f 3418//868 3493//692 3492//877
f 3419//869 3420//603 3494//878
f 3419//869 3494//878 3493//692
f 3420//603 3421//612 3494//878
f 3494//878 3421//612 3495//612
f 3421//612 3422//613 3495//612
f 3495//612 3422//613 3496//603
f 3422//613 3423//171 3497//185
f 3422//613 3497//185 3496//603
f 3423//171 3424//663 3498//879
f 3423//171 3498//879 3497//185
f 3424//663 3425//870 3499//710
f 3424//663 3499//710 3498//879
f 3425//870 3426//680 3500//769
f 3425//870 3500//769 3499//710
f 3426//680 3427//871 3500//769
f 3500//769 3427//871 3501//94
f 3427//871 3428//872 3501//94
f 3501//94 3428//872 3502//615
f 3428//872 3429//872 3503//710
f 3428//872 3503//710 3502//615
f 3429//872 3430//603 3504//664
f 3429//872 3504//664 3503//710
f 3430//603 3431//94 3504//664
f 3504//664 3431//94 3505//558
f 3431//94 3432//58 3505//558
f 3505//558 3432//58 3506//58
f 3432//58 3433//58 3506//58
f 3506//58 3433//58 3507//58
f 3433//58 3434//94 3507//58
f 3507//58 3434//94 3508//94
f 3434//94 3435//94 3508//94
f 3508//94 3435//94 3509//94
f 3435//94 3436//58 3509//94
f 3509//94 3436//58 3510//58
f 3436//58 3437//58 3510//58
f 3510//58 3437//58 3511//58
f 3437//58 3438//58 3511//58
f 3511//58 3438//58 3512//58
f 3438//58 3439//58 3512//58
f 3512//58 3439//58 3513//58
f 3439//58 3440//58 3513//58
f 3513//58 3440//58 3514//58
f 3440//58 3441//58 3514//58
f 3514//58 3441//58 3515//58
f 3441//58 3442//76 3515//58
f 3515//58 3442//76 3516//76
f 3442//76 3443//77 3516//76
f 3516//76 3443//77 3517//77
f 3443//77 3444//58 3517//77
f 3517//77 3444//58 3518//58
f 3444//58 3445//58 3518//58
f 3518//58 3445//58 3519//58
f 3445//58 3446//76 3519//58
f 3519//58 3446//76 3520//77
f 3446//76 3447//77 3520//77
f 3520//77 3447//77 3521//77
f 3447//77 3448//58 3521//77
f 3521//77 3448//58 3522//58
f 3448//58 3449//76 3522//58
f 3522//58 3449//76 3523//396
f 3449//76 3450//360 3523//396
f 3523//396 3450//360 3524//414
f 3450//360 3451//77 3524//414
f 3524//414 3451//77 3525//469
f 3451//77 3452//696 3525//469
f 3525//469 3452//696 3526//448
f 3452//696 3453//749 3526//448
f 3526//448 3453//749 3527//76
f 3453//749 3454//472 3527//76
f 3527//76 3454//472 3528//58
f 3454//472 3455//58 3528//58
f 3528//58 3455//58 3529//491
f 3455//58 3456//491 3529//491
f 3529//491 3456//491 3530//491
f 3456//491 3457//749 3530//491
f 3530//491 3457//749 3531//76
f 3457//749 3458//396 3531//76
f 3531//76 3458//396 3532//77
f 3458//396 3459//58 3532//77
f 3532//77 3459//58 3533//58
f 3459//58 3460//76 3533//58
f 3533//58 3460//76 3534//396
f 3460//76 3461//360 3534//396
f 3534//396 3461//360 3535//414
f 3461//360 3462//378 3535//414
f 3535//414 3462//378 3536//77
f 3462//378 3463//493 3536//77
f 3536//77 3463//493 3537//58
f 3463//493 3464//78 3537//58
f 3537//58 3464//78 3538//140
f 3464//78 3465//140 3538//140
f 3538//140 3465//140 3539//880
f 3465//140 3466//58 3539//880
f 3539//880 3466//58 3540//58
f 3466//58 3467//141 3540//58
f 3540//58 3467//141 3541//722
f 3467//141 3468//141 3541//722
f 3541//722 3468//141 3542//737
f 3468//141 3469//58 3542//737
f 3542//737 3469//58 3543//58
f 3469//58 3470//58 3543//58
f 3543//58 3470//58 3544//737
f 3470//58 3471//738 3544//737
f 3544//737 3471//738 3545//761
f 3471//738 3472//737 3545//761
f 3545//761 3472//737 3546//737
f 3472//737 3473//738 3546//737
f 3546//737 3473//738 3547//761
f 3473//738 3474//737 3547//761
f 3547//761 3474//737 3548//58
f 3474//737 3475//58 3548//58
f 3548//58 3475//58 3549//58
f 3475//58 3476//737 3549//58
f 3549//58 3476//737 3550//738
f 3476//737 3477//761 3550//738
f 3550//738 3477//761 3551//737
f 3477//761 3478//58 3551//737
f 3551//737 3478//58 3552//58
f 3478//58 3479//58 3552//58
f 3552//58 3479//58 3553//58
f 3479//58 3480//737 3553//58
f 3553//58 3480//737 3554//738
f 3480//737 3481//761 3554//738
f 3554//738 3481//761 3555//737
f 3481//761 3482//58 3555//737
f 3555//737 3482//58 3556//58
f 3482//58 3483//141 3556//58
f 3556//58 3483//141 3557//141
f 3483//141 3484//141 3557//141
f 3557//141 3484//141 3558//141
f 3484//141 3485//141 3558//141
f 3558//141 3485//141 3559//687
f 3485//141 3486//873 3559//687
f 3559//687 3486//873 3560//881
f 3486//873 3487//874 3560//881
f 3560//881 3487//874 3561//882
f 3488//791 3489//875 3562//883
f 3489//875 3490//241 3563//884
f 3489//875 3563//884 3562//883
f 3490//241 3491//876 3564//885
f 3490//241 3564//885 3563//884
f 3491//876 3492//877 3565//886
f 3491//876 3565//886 3564//885
f 3492//877 3493//692 3566//706
f 3492//877 3566//706 3565//886
f 3493//692 3494//878 3566//706
f 3566//706 3494//878 3567//887
f 3494//878 3495//612 3567//887
f 3567//887 3495//612 3568//665
f 3495//612 3496//603 3568//665
f 3568//665 3496//603 3569//385
f 3496//603 3497//185 3569//385
f 3569//385 3497//185 3570//757
f 3497//185 3498//879 3570//757
f 3570//757 3498//879 3571//665
f 3498//879 3499//710 3571//665
f 3571//665 3499//710 3572//665
f 3499//710 3500//769 3572//665
f 3572//665 3500//769 3573//888
f 3500//769 3501//94 3573//888
f 3573//888 3501//94 3574//615
f 3501//94 3502//615 3574//615
f 3574//615 3502//615 3575//94
f 3502//615 3503//710 3575//94
f 3575//94 3503//710 3576//612
f 3503//710 3504//664 3576//612
f 3576//612 3504//664 3577//612
f 3504//664 3505//558 3577//612
f 3577//612 3505//558 3578//94
f 3505//558 3506//58 3578//94
f 3578//94 3506//58 3579//58
f 3506//58 3507//58 3579//58
f 3579//58 3507//58 3580//58
f 3507//58 3508//94 3580//58
f 3580//58 3508//94 3581//170
f 3508//94 3509//94 3581//170
f 3581//170 3509//94 3582//171
f 3509//94 3510//58 3582//171
f 3582//171 3510//58 3583//58
f 3510//58 3511//58 3583//58
f 3583//58 3511//58 3584//58
f 3511//58 3512//58 3584//58
f 3584//58 3512//58 3585//58
f 3512//58 3513//58 3585//58
f 3585//58 3513//58 3586//58
f 3513//58 3514//58 3586//58
f 3586//58 3514//58 3587//58
f 3514//58 3515//58 3587//58
f 3587//58 3515//58 3588//58
f 3515//58 3516//76 3588//58
f 3588//58 3516//76 3589//76
f 3516//76 3517//77 3589//76
f 3589//76 3517//77 3590//77
f 3517//77 3518//58 3590//77
f 3590//77 3518//58 3591//58
f 3518//58 3519//58 3591//58
f 3591//58 3519//58 3592//58
f 3519//58 3520//77 3592//58
f 3592//58 3520//77 3593//76
f 3520//77 3521//77 3593//76
f 3593//76 3521//77 3594//77
f 3521//77 3522//58 3594//77
f 3594//77 3522//58 3595//640
f 3522//58 3523//396 3595//640
f 3595//640 3523//396 3596//491
f 3523//396 3524//414 3596//491
f 3596//491 3524//414 3597//617
f 3524//414 3525//469 3597//617
f 3597//617 3525//469 3598//618
f 3525//469 3526//448 3598//618
f 3598//618 3526//448 3599//396
f 3526//448 3527//76 3599//396
f 3599//396 3527//76 3600//468
f 3527//76 3528//58 3600//468
f 3600//468 3528//58 3601//468
f 3528//58 3529//491 3601//468
f 3601//468 3529//491 3602//396
f 3529//491 3530//491 3602//396
f 3602//396 3530//491 3603//58
f 3530//491 3531//76 3603//58
f 3603//58 3531//76 3604//396
f 3531//76 3532//77 3604//396
f 3604//396 3532//77 3605//397
f 3532//77 3533//58 3605//397
f 3605//397 3533//58 3606//468
f 3533//58 3534//396 3606//468
f 3606//468 3534//396 3607//396
f 3534//396 3535//414 3607//396
f 3607//396 3535//414 3608//74
f 3535//414 3536//77 3608//74
f 3608//74 3536//77 3609//75
f 3536//77 3537//58 3609//75
f 3609//75 3537//58 3610//58
f 3537//58 3538//140 3610//58
f 3610//58 3538//140 3611//78
f 3538//140 3539//880 3611//78
f 3611//78 3539//880 3612//140
f 3539//880 3540//58 3612//140
f 3612//140 3540//58 3613//737
f 3540//58 3541//722 3613//737
f 3613//737 3541//722 3614//722
f 3541//722 3542//737 3614//722
f 3614//722 3542//737 3615//58
f 3542//737 3543//58 3615//58
f 3615//58 3543//58 3616//58
f 3543//58 3544//737 3616//58
f 3616//58 3544//737 3617//687
f 3544//737 3545//761 3617//687
f 3617//687 3545//761 3618//141
f 3545//761 3546//737 3618//141
f 3618//141 3546//737 3619//141
f 3546//737 3547//761 3619//141
f 3619//141 3547//761 3620//141
f 3547//761 3548//58 3620//141
f 3620//141 3548//58 3621//58
f 3548//58 3549//58 3621//58
f 3621//58 3549//58 3622//737
f 3549//58 3550//738 3622//737
f 3622//737 3550//738 3623//722
f 3550//738 3551//737 3623//722
f 3623//722 3551//737 3624//58
f 3551//737 3552//58 3624//58
f 3624//58 3552//58 3625//58
f 3552//58 3553//58 3625//58
f 3625//58 3553//58 3626//737
f 3553//58 3554//738 3626//737
f 3626//737 3554//738 3627//722
f 3554//738 3555//737 3627//722
f 3627//722 3555//737 3628//58
f 3555//737 3556//58 3628//58
f 3628//58 3556//58 3629//58
f 3556//58 3557//141 3629//58
f 3629//58 3557//141 3630//141
f 3557//141 3558//141 3630//141
f 3630//141 3558//141 3631//141
f 3558//141 3559//687 3631//141
f 3631//141 3559//687 3632//889
f 3559//687 3560//881 3632//889
f 3632//889 3560//881 3633//143
f 3560//881 3561//882 3634//890
f 3560//881 3634//890 3633//143
f 3561//882 3635//891 3634//890
f 3562//883 3563//884 3636//779
f 3636//779 3563//884 3637//892
f 3563//884 3564//885 3637//892
f 3637//892 3564//885 3638//341
f 3564//885 3565//886 3639//893
f 3564//885 3639//893 3638//341
f 3565//886 3566//706 3640//894
f 3565//886 3640//894 3639//893
f 3566//706 3567//887 3641//895
f 3566//706 3641//895 3640//894
f 3567//887 3568//665 3642//896
f 3567//887 3642//896 3641//895
f 3568//665 3569//385 3643//897
f 3568//665 3643//897 3642//896
f 3569//385 3570//757 3643//897
f 3643//897 3570//757 3644//862
f 3570//757 3571//665 3645//665
f 3570//757 3645//665 3644//862
f 3571//665 3572//665 3646//665
f 3571//665 3646//665 3645//665
f 3572//665 3573//888 3647//835
f 3572//665 3647//835 3646//665
f 3573//888 3574//615 3648//872
f 3573//888 3648//872 3647//835
f 3574//615 3575//94 3648//872
f 3648//872 3575//94 3649//638
f 3575//94 3576//612 3649//638
f 3649//638 3576//612 3650//612
f 3576//612 3577//612 3650//612
f 3650//612 3577//612 3651//612
f 3577//612 3578//94 3651//612
f 3651//612 3578//94 3652//558
f 3578//94 3579//58 3652//558
f 3652//558 3579//58 3653//58
f 3579//58 3580//58 3653//58
f 3653//58 3580//58 3654//58
f 3580//58 3581//170 3654//58
f 3654//58 3581//170 3655//58
f 3581//170 3582//171 3656//200
f 3581//170 3656//200 3655//58
f 3582//171 3583//58 3657//200
f 3582//171 3657//200 3656//200
f 3583//58 3584//58 3657//200
f 3657//200 3584//58 3658//58
f 3584//58 3585//58 3658//58
f 3658//58 3585//58 3659//58
f 3585//58 3586//58 3659//58
f 3659//58 3586//58 3660//58
f 3586//58 3587//58 3660//58
f 3660//58 3587//58 3661//58
f 3587//58 3588//58 3661//58
f 3661//58 3588//58 3662//58
f 3588//58 3589//76 3662//58
f 3662//58 3589//76 3663//76
f 3589//76 3590//77 3663//76
f 3663//76 3590//77 3664//77
f 3590//77 3591//58 3664//77
f 3664//77 3591//58 3665//58
f 3591//58 3592//58 3665//58
f 3665//58 3592//58 3666//58
f 3592//58 3593//76 3666//58
f 3666//58 3593//76 3667//77
f 3593//76 3594//77 3667//77
f 3667//77 3594//77 3668//655
f 3594//77 3595//640 3668//655
f 3668//655 3595//640 3669//396
f 3595//640 3596//491 3669//396
f 3669//396 3596//491 3670//58
f 3596//491 3597//617 3670//58
f 3670//58 3597//617 3671//489
f 3597//617 3598//618 3671//489
f 3671//489 3598//618 3672//820
f 3598//618 3599//396 3672//820
f 3672//820 3599//396 3673//396
f 3599//396 3600//468 3673//396
f 3673//396 3600//468 3674//58
f 3600//468 3601//468 3674//58
f 3674//58 3601//468 3675//76
f 3601//468 3602//396 3675//76
f 3675//76 3602//396 3676//77
f 3602//396 3603//58 3676//77
f 3676//77 3603//58 3677//397
f 3603//58 3604//396 3677//397
f 3677//397 3604//396 3678//396
f 3604//396 3605//397 3678//396
f 3678//396 3605//397 3679//58
f 3605//397 3606//468 3679//58
f 3679//58 3606//468 3680//76
f 3606//468 3607//396 3680//76
f 3680//76 3607//396 3681//77
f 3607//396 3608//74 3681//77
f 3681//77 3608//74 3682//58
f 3608//74 3609//75 3683//211
f 3608//74 3683//211 3682//58
f 3609//75 3610//58 3684//211
f 3609//75 3684//211 3683//211
f 3610//58 3611//78 3684//211
f 3684//211 3611//78 3685//98
f 3611//78 3612//140 3685//98
f 3685//98 3612//140 3686//155
f 3612//140 3613//737 3686//155
f 3686//155 3613//737 3687//545
f 3613//737 3614//722 3687//545
f 3687//545 3614//722 3688//100
f 3614//722 3615//58 3688//100
f 3688//100 3615//58 3689//58
f 3615//58 3616//58 3689//58
f 3689//58 3616//58 3690//58
f 3616//58 3617//687 3690//58
f 3690//58 3617//687 3691//687
f 3617//687 3618//141 3691//687
f 3691//687 3618//141 3692//141
f 3618//141 3619//141 3692//141
f 3692//141 3619//141 3693//672
f 3619//141 3620//141 3693//672
f 3693//672 3620//141 3694//100
f 3620//141 3621//58 3694//100
f 3694//100 3621//58 3695//58
f 3621//58 3622//737 3695//58
f 3695//58 3622//737 3696//687
f 3622//737 3623//722 3696//687
f 3696//687 3623//722 3697//141
f 3623//722 3624//58 3697//141
f 3697//141 3624//58 3698//58
f 3624//58 3625//58 3698//58
f 3698//58 3625//58 3699//58
f 3625//58 3626//737 3699//58
f 3699//58 3626//737 3700//687
f 3626//737 3627//722 3700//687
f 3700//687 3627//722 3701//141
f 3627//722 3628//58 3701//141
f 3701//141 3628//58 3702//58
f 3628//58 3629//58 3702//58
f 3702//58 3629//58 3703//58
f 3629//58 3630//141 3703//58
f 3703//58 3630//141 3704//141
f 3630//141 3631//141 3704//141
f 3704//141 3631//141 3705//141
f 3631//141 3632//889 3705//141
f 3705//141 3632//889 3706//58
f 3632//889 3633//143 3707//840
f 3632//889 3707//840 3706//58
f 3633//143 3634//890 3708//898
f 3633//143 3708//898 3707//840
f 3634//890 3635//891 3708//898
f 3708//898 3635//891 3709//899
f 3636//779 3637//892 3710//900
f 3710//900 3637//892 3711//901
f 3637//892 3638//341 3712//241
f 3637//892 3712//241 3711//901
f 3638//341 3639//893 3713//902
f 3638//341 3713//902 3712//241
f 3639//893 3640//894 3714//903
f 3639//893 3714//903 3713//902
f 3640//894 3641//895 3715//904
f 3640//894 3715//904 3714//903
f 3641//895 3642//896 3716//905
f 3641//895 3716//905 3715//904
f 3642//896 3643//897 3717//680
f 3642//896 3717//680 3716//905
f 3643//897 3644//862 3718//664
f 3643//897 3718//664 3717//680
f 3644//862 3645//665 3718//664
f 3718//664 3645//665 3719//612
f 3645//665 3646//665 3719//612
f 3719//612 3646//665 3720//612
f 3646//665 3647//835 3720//612
f 3720//612 3647//835 3721//906
f 3647//835 3648//872 3722//907
f 3647//835 3722//907 3721//906
f 3648//872 3649//638 3723//848
f 3648//872 3723//848 3722//907
f 3649//638 3650//612 3723//848
f 3723//848 3650//612 3724//612
f 3650//612 3651//612 3724//612
f 3724//612 3651//612 3725//613
f 3651//612 3652//558 3725//613
f 3725//613 3652//558 3726//171
f 3652//558 3653//58 3726//171
f 3726//171 3653//58 3727//58
f 3653//58 3654//58 3727//58
f 3727//58 3654//58 3728//58
f 3654//58 3655//58 3728//58
f 3728//58 3655//58 3729//58
f 3655//58 3656//200 3729//58
f 3729//58 3656//200 3730//58
f 3656//200 3657//200 3731//185
f 3656//200 3731//185 3730//58
f 3657//200 3658//58 3732//170
f 3657//200 3732//170 3731//185
f 3658//58 3659//58 3732//170
f 3732//170 3659//58 3733//58
f 3659//58 3660//58 3733//58
f 3733//58 3660//58 3734//58
f 3660//58 3661//58 3734//58
f 3734//58 3661//58 3735//58
f 3661//58 3662//58 3735//58
f 3735//58 3662//58 3736//58
f 3662//58 3663//76 3736//58
f 3736//58 3663//76 3737//76
f 3663//76 3664//77 3737//76
f 3737//76 3664//77 3738//77
f 3664//77 3665//58 3738//77
f 3738//77 3665//58 3739//58
f 3665//58 3666//58 3739//58
f 3739//58 3666//58 3740//58
f 3666//58 3667//77 3740//58
f 3740//58 3667//77 3741//76
f 3667//77 3668//655 3741//76
f 3741//76 3668//655 3742//360
f 3668//655 3669//396 3742//360
f 3742//360 3669//396 3743//77
f 3669//396 3670//58 3743//77
f 3743//77 3670//58 3744//58
f 3670//58 3671//489 3744//58
f 3744//58 3671//489 3745//798
f 3671//489 3672//820 3745//798
f 3745//798 3672//820 3746//908
f 3672//820 3673//396 3746//908
f 3746//908 3673//396 3747//77
f 3673//396 3674//58 3747//77
f 3747//77 3674//58 3748//58
f 3674//58 3675//76 3748//58
f 3748//58 3675//76 3749//76
f 3675//76 3676//77 3749//76
f 3749//76 3676//77 3750//77
f 3676//77 3677//397 3750//77
f 3750//77 3677//397 3751//76
f 3677//397 3678//396 3751//76
f 3751//76 3678//396 3752//76
f 3678//396 3679//58 3752//76
f 3752//76 3679//58 3753//58
f 3679//58 3680//76 3753//58
f 3753//58 3680//76 3754//74
f 3680//76 3681//77 3754//74
f 3754//74 3681//77 3755//909
f 3681//77 3682//58 3755//909
f 3755//909 3682//58 3756//58
f 3682//58 3683//211 3756//58
f 3756//58 3683//211 3757//58
f 3683//211 3684//211 3758//259
f 3683//211 3758//259 3757//58
f 3684//211 3685//98 3759//61
f 3684//211 3759//61 3758//259
f 3685//98 3686//155 3760//62
f 3685//98 3760//62 3759//61
f 3686//155 3687//545 3761//98
f 3686//155 3761//98 3760//62
f 3687//545 3688//100 3762//81
f 3687//545 3762//81 3761//98
f 3688//100 3689//58 3763//910
f 3688//100 3763//910 3762//81
f 3689//58 3690//58 3763//910
f 3763//910 3690//58 3764//58
f 3690//58 3691//687 3764//58
f 3764//58 3691//687 3765//687
f 3691//687 3692//141 3765//687
f 3765//687 3692//141 3766//141
f 3692//141 3693//672 3766//141
f 3766//141 3693//672 3767//58
f 3693//672 3694//100 3768//81
f 3693//672 3768//81 3767//58
f 3694//100 3695//58 3769//672
f 3694//100 3769//672 3768//81
f 3695//58 3696//687 3769//672
f 3769//672 3696//687 3770//687
f 3696//687 3697//141 3770//687
f 3770//687 3697//141 3771//141
f 3697//141 3698//58 3771//141
f 3771//141 3698//58 3772//58
f 3698//58 3699//58 3772//58
f 3772//58 3699//58 3773//58
f 3699//58 3700//687 3773//58
f 3773//58 3700//687 3774//672
f 3700//687 3701//141 3774//672
f 3774//672 3701//141 3775//911
f 3701//141 3702//58 3775//911
f 3775//911 3702//58 3776//58
f 3702//58 3703//58 3776//58
f 3776//58 3703//58 3777//58
f 3703//58 3704//141 3777//58
f 3777//58 3704//141 3778//141
f 3704//141 3705//141 3778//141
f 3778//141 3705//141 3779//141
f 3705//141 3706//58 3779//141
f 3779//141 3706//58 3780//58
f 3706//58 3707//840 3780//58
f 3780//58 3707//840 3781//58
f 3707//840 3708//898 3782//912
f 3707//840 3782//912 3781//58
f 3708//898 3709//899 3783//913
f 3708//898 3783//913 3782//912
f 3710//900 3711//901 3784//914
f 3711//901 3712//241 3785//915
f 3711//901 3785//915 3784//914
f 3712//241 3713//902 3785//915
f 3785//915 3713//902 3786//241
f 3713//902 3714//903 3787//916
f 3713//902 3787//916 3786//241
f 3714//903 3715//904 3788//917
f 3714//903 3788//917 3787//916
f 3715//904 3716//905 3789//918
f 3715//904 3789//918 3788//917
f 3716//905 3717//680 3790//919
f 3716//905 3790//919 3789//918
f 3717//680 3718//664 3790//919
f 3790//919 3718//664 3791//612
f 3718//664 3719//612 3791//612
f 3791//612 3719//612 3792//612
f 3719//612 3720//612 3792//612
f 3792//612 3720//612 3793//613
f 3720//612 3721//906 3793//613
f 3793//613 3721//906 3794//680
f 3721//906 3722//907 3795//920
f 3721//906 3795//920 3794//680
f 3722//907 3723//848 3796//921
f 3722//907 3796//921 3795//920
f 3723//848 3724//612 3796//921
f 3796//921 3724//612 3797//612
f 3724//612 3725//613 3797//612
f 3797//612 3725//613 3798//603
f 3725//613 3726//171 3799//185
f 3725//613 3799//185 3798//603
f 3726//171 3727//58 3800//186
f 3726//171 3800//186 3799//185
f 3727//58 3728//58 3800//186
f 3800//186 3728//58 3801//58
f 3728//58 3729//58 3801//58
f 3801//58 3729//58 3802//58
f 3729//58 3730//58 3802//58
f 3802//58 3730//58 3803//58
f 3730//58 3731//185 3803//58
f 3803//58 3731//185 3804//94
f 3731//185 3732//170 3804//94
f 3804//94 3732//170 3805//94
f 3732//170 3733//58 3805//94
f 3805//94 3733//58 3806//58
f 3733//58 3734//58 3806//58
f 3806//58 3734//58 3807//58
f 3734//58 3735//58 3807//58
f 3807//58 3735//58 3808//58
f 3735//58 3736//58 3808//58
f 3808//58 3736//58 3809//58
f 3736//58 3737//76 3809//58
f 3809//58 3737//76 3810//447
f 3737//76 3738//77 3810//447
f 3810//447 3738//77 3811//397
f 3738//77 3739//58 3811//397
f 3811//397 3739//58 3812//58
f 3739//58 3740//58 3812//58
f 3812//58 3740//58 3813//58
f 3740//58 3741//76 3813//58
f 3813//58 3741//76 3814//447
f 3741//76 3742//360 3814//447
f 3814//447 3742//360 3815//414
f 3742//360 3743//77 3815//414
f 3815//414 3743//77 3816//77
f 3743//77 3744//58 3816//77
f 3816//77 3744//58 3817//58
f 3744//58 3745//798 3817//58
f 3817//58 3745//798 3818//489
f 3745//798 3746//908 3818//489
f 3818//489 3746//908 3819//908
f 3746//908 3747//77 3819//908
f 3819//908 3747//77 3820//76
f 3747//77 3748//58 3820//76
f 3820//76 3748//58 3821//58
f 3748//58 3749//76 3821//58
f 3821//58 3749//76 3822//447
f 3749//76 3750//77 3822//447
f 3822//447 3750//77 3823//468
f 3750//77 3751//76 3823//468
f 3823//468 3751//76 3824//76
f 3751//76 3752//76 3824//76
f 3824//76 3752//76 3825//77
f 3752//76 3753//58 3825//77
f 3825//77 3753//58 3826//58
f 3753//58 3754//74 3826//58
f 3826//58 3754//74 3827//58
f 3754//74 3755//909 3828//59
f 3754//74 3828//59 3827//58
f 3755//909 3756//58 3829//60
f 3755//909 3829//60 3828//59
f 3756//58 3757//58 3829//60
f 3829//60 3757//58 3830//58
f 3757//58 3758//259 3830//58
f 3830//58 3758//259 3831//74
f 3758//259 3759//61 3831//74
f 3831//74 3759//61 3832//75
f 3759//61 3760//62 3832//75
f 3832//75 3760//62 3833//98
f 3760//62 3761//98 3833//98
f 3833//98 3761//98 3834//155
f 3761//98 3762//81 3834//155
f 3834//155 3762//81 3835//545
f 3762//81 3763//910 3835//545
f 3835//545 3763//910 3836//100
f 3763//910 3764//58 3836//100
f 3836//100 3764//58 3837//58
f 3764//58 3765//687 3837//58
f 3837//58 3765//687 3838//672
f 3765//687 3766//141 3838//672
f 3838//672 3766//141 3839//922
f 3766//141 3767//58 3839//922
f 3839//922 3767//58 3840//923
f 3767//58 3768//81 3840//923
f 3840//923 3768//81 3841//101
f 3768//81 3769//672 3841//101
f 3841//101 3769//672 3842//141
f 3769//672 3770//687 3842//141
f 3842//141 3770//687 3843//672
f 3770//687 3771//141 3843//672
f 3843//672 3771//141 3844//100
f 3771//141 3772//58 3844//100
f 3844//100 3772//58 3845//58
f 3772//58 3773//58 3845//58
f 3845//58 3773//58 3846//58
f 3773//58 3774//672 3846//58
f 3846//58 3774//672 3847//58
f 3774//672 3775//911 3848//924
f 3774//672 3848//924 3847//58
f 3775//911 3776//58 3849//672
f 3775//911 3849//672 3848//924
f 3776//58 3777//58 3849//672
f 3849//672 3777//58 3850//58
f 3777//58 3778//141 3850//58
f 3850//58 3778//141 3851//672
f 3778//141 3779//141 3851//672
f 3851//672 3779//141 3852//100
f 3779//141 3780//58 3852//100
f 3852//100 3780//58 3853//58
f 3780//58 3781//58 3853//58
f 3853//58 3781//58 3854//58
f 3781//58 3782//912 3854//58
f 3854//58 3782//912 3855//58
f 3782//912 3783//913 3856//925
f 3782//912 3856//925 3855//58
f 3783//913 3857//926 3856//925
f 3784//914 3785//915 3859//901
f 3784//914 3859//901 3858//927
f 3785//915 3786//241 3860//884
f 3785//915 3860//884 3859//901
f 3786//241 3787//916 3861//928
f 3786//241 3861//928 3860//884
f 3787//916 3788//917 3861//928
f 3861//928 3788//917 3862//238
f 3788//917 3789//918 3863//219
f 3788//917 3863//219 3862//238
f 3789//918 3790//919 3864//929
f 3789//918 3864//929 3863//219
f 3790//919 3791//612 3865//930
f 3790//919 3865//930 3864//929
f 3791//612 3792//612 3865//930
f 3865//930 3792//612 3866//612
f 3792//612 3793//613 3866//612
f 3866//612 3793//613 3867//603
f 3793//613 3794//680 3868//185
f 3793//613 3868//185 3867//603
f 3794//680 3795//920 3869//931
f 3794//680 3869//931 3868//185
f 3795//920 3796//921 3869//931
f 3869//931 3796//921 3870//732
f 3796//921 3797//612 3870//732
f 3870//732 3797//612 3871//613
f 3797//612 3798//603 3871//613
f 3871//613 3798//603 3872//171
f 3798//603 3799//185 3872//171
f 3872//171 3799//185 3873//603
f 3799//185 3800//186 3873//603
f 3873//603 3800//186 3874//94
f 3800//186 3801//58 3874//94
f 3874//94 3801//58 3875//58
f 3801//58 3802//58 3875//58
f 3875//58 3802//58 3876//58
f 3802//58 3803//58 3876//58
f 3876//58 3803//58 3877//58
f 3803//58 3804//94 3877//58
f 3877//58 3804//94 3878//94
f 3804//94 3805//94 3878//94
f 3878//94 3805//94 3879//94
f 3805//94 3806//58 3879//94
f 3879//94 3806//58 3880//58
f 3806//58 3807//58 3880//58
f 3880//58 3807//58 3881//58
f 3807//58 3808//58 3881//58
f 3881//58 3808//58 3882//58
f 3808//58 3809//58 3882//58
f 3882//58 3809//58 3883//397
f 3809//58 3810//447 3883//397
f 3883//397 3810//447 3884//396
f 3810//447 3811//397 3884//396
f 3884//396 3811//397 3885//58
f 3811//397 3812//58 3885//58
f 3885//58 3812//58 3886//58
f 3812//58 3813//58 3886//58
f 3886//58 3813//58 3887//468
f 3813//58 3814//447 3887//468
f 3887//468 3814//447 3888//396
f 3814//447 3815//414 3888//396
f 3888//396 3815//414 3889//76
f 3815//414 3816//77 3889//76
f 3889//76 3816//77 3890//77
f 3816//77 3817//58 3890//77
f 3890//77 3817//58 3891//58
f 3817//58 3818//489 3891//58
f 3891//58 3818//489 3892//932
f 3818//489 3819//908 3892//932
f 3892//932 3819//908 3893//933
f 3819//908 3820//76 3893//933
f 3893//933 3820//76 3894//909
f 3820//76 3821//58 3894//909
f 3894//909 3821//58 3895//433
f 3821//58 3822//447 3895//433
f 3895//433 3822//447 3896//396
f 3822//447 3823//468 3896//396
f 3896//396 3823//468 3897//58
f 3823//468 3824//76 3897//58
f 3897//58 3824//76 3898//60
f 3824//76 3825//77 3898//60
f 3898//60 3825//77 3899//75
f 3825//77 3826//58 3899//75
f 3899//75 3826//58 3900//58
f 3826//58 3827//58 3900//58
f 3900//58 3827//58 3901//58
f 3827//58 3828//59 3901//58
f 3901//58 3828//59 3902//76
f 3828//59 3829//60 3902//76
f 3902//76 3829//60 3903//76
f 3829//60 3830//58 3903//76
f 3903//76 3830//58 3904//58
f 3830//58 3831//74 3904//58
f 3904//58 3831//74 3905//58
f 3831//74 3832//75 3906//212
f 3831//74 3906//212 3905//58
f 3832//75 3833//98 3907//934
f 3832//75 3907//934 3906//212
f 3833//98 3834//155 3908//42
f 3833//98 3908//42 3907//934
f 3834//155 3835//545 3909//42
f 3834//155 3909//42 3908//42
f 3835//545 3836//100 3910//143
f 3835//545 3910//143 3909//42
f 3836//100 3837//58 3911//910
f 3836//100 3911//910 3910//143
f 3837//58 3838//672 3911//910
f 3911//910 3838//672 3912//58
f 3838//672 3839//922 3913//923
f 3838//672 3913//923 3912//58
f 3839//922 3840//923 3913//923
f 3913//923 3840//923 3914//935
f 3840//923 3841//101 3915//189
f 3840//923 3915//189 3914//935
f 3841//101 3842//141 3915//189
f 3915//189 3842//141 3916//911
f 3842//141 3843//672 3916//911
f 3916//911 3843//672 3917//58
f 3843//672 3844//100 3918//840
f 3843//672 3918//840 3917//58
f 3844//100 3845//58 3919//840
f 3844//100 3919//840 3918//840
f 3845//58 3846//58 3919//840
f 3919//840 3846//58 3920//58
f 3846//58 3847//58 3920//58
f 3920//58 3847//58 3921//58
f 3847//58 3848//924 3921//58
f 3921//58 3848//924 3922//672
f 3848//924 3849//672 3922//672
f 3922//672 3849//672 3923//100
f 3849//672 3850//58 3923//100
f 3923//100 3850//58 3924//58
f 3850//58 3851//672 3924//58
f 3924//58 3851//672 3925//58
f 3851//672 3852//100 3926//81
f 3851//672 3926//81 3925//58
f 3852//100 3853//58 3927//910
f 3852//100 3927//910 3926//81
f 3853//58 3854//58 3927//910
f 3927//910 3854//58 3928//58
f 3854//58 3855//58 3928//58
f 3928//58 3855//58 3929//58
f 3855//58 3856//925 3929//58
f 3929//58 3856//925 3930//936
f 3856//925 3857//926 3930//936
f 3930//936 3857//926 3931//937
f 3857//926 3932//938 3931//937
f 3858//927 3859//901 3933//939
f 3859//901 3860//884 3933//939
f 3933//939 3860//884 3934//792
f 3860//884 3861//928 3934//792
f 3934//792 3861//928 3935//238
f 3861//928 3862//238 3935//238
f 3935//238 3862//238 3936//383
f 3862//238 3863//219 3936//383
f 3936//383 3863//219 3937//168
f 3863//219 3864//929 3937//168
f 3937//168 3864//929 3938//940
f 3864//929 3865//930 3939//941
f 3864//929 3939//941 3938//940
f 3865//930 3866//612 3940//694
f 3865//930 3940//694 3939//941
f 3866//612 3867//603 3940//694
f 3940//694 3867//603 3941//94
f 3867//603 3868//185 3941//94
f 3941//94 3868//185 3942//94
f 3868//185 3869//931 3942//94
f 3942//94 3869//931 3943//942
f 3869//931 3870//732 3943//942
f 3943//942 3870//732 3944//931
f 3870//732 3871//613 3944//931
f 3944//931 3871//613 3945//680
f 3871//613 3872//171 3946//680
f 3871//613 3946//680 3945//680
f 3872//171 3873//603 3947//943
f 3872//171 3947//943 3946//680
f 3873//603 3874//94 3947//943
f 3947//943 3874//94 3948//171
f 3874//94 3875//58 3948//171
f 3948//171 3875//58 3949//58
f 3875//58 3876//58 3949//58
f 3949//58 3876//58 3950//58
f 3876//58 3877//58 3950//58
f 3950//58 3877//58 3951//58
f 3877//58 3878//94 3951//58
f 3951//58 3878//94 3952//94
f 3878//94 3879//94 3952//94
f 3952//94 3879//94 3953//94
f 3879//94 3880//58 3953//94
f 3953//94 3880//58 3954//58
f 3880//58 3881//58 3954//58
f 3954//58 3881//58 3955//58
f 3881//58 3882//58 3955//58
f 3955//58 3882//58 3956//58
f 3882//58 3883//397 3956//58
f 3956//58 3883//397 3957//76
f 3883//397 3884//396 3957//76
f 3957//76 3884//396 3958//77
f 3884//396 3885//58 3958//77
f 3958//77 3885//58 3959//58
f 3885//58 3886//58 3959//58
f 3959//58 3886//58 3960//58
f 3886//58 3887//468 3960//58
f 3960//58 3887//468 3961//77
f 3887//468 3888//396 3961//77
f 3961//77 3888//396 3962//77
f 3888//396 3889//76 3962//77
f 3962//77 3889//76 3963//396
f 3889//76 3890//77 3963//396
f 3963//396 3890//77 3964//468
f 3890//77 3891//58 3964//468
f 3964//468 3891//58 3965//472
f 3891//58 3892//932 3965//472
f 3965//472 3892//932 3966//334
f 3892//932 3893//933 3967//944
f 3892//932 3967//944 3966//334
f 3893//933 3894//909 3968//945
f 3893//933 3968//945 3967//944
f 3894//909 3895//433 3969//470
f 3894//909 3969//470 3968//945
f 3895//433 3896//396 3969//470
f 3969//470 3896//396 3970//75
f 3896//396 3897//58 3970//75
f 3970//75 3897//58 3971//58
f 3897//58 3898//60 3971//58
f 3971//58 3898//60 3972//58
f 3898//60 3899//75 3973//59
f 3898//60 3973//59 3972//58
f 3899//75 3900//58 3974//97
f 3899//75 3974//97 3973//59
f 3900//58 3901//58 3974//97
f 3974//97 3901//58 3975//58
f 3901//58 3902//76 3975//58
f 3975//58 3902//76 3976//60
f 3902//76 3903//76 3976//60
f 3976//60 3903//76 3977//75
f 3903//76 3904//58 3977//75
f 3977//75 3904//58 3978//58
f 3904//58 3905//58 3978//58
f 3978//58 3905//58 3979//58
f 3905//58 3906//212 3979//58
f 3979//58 3906//212 3980//58
f 3906//212 3907//934 3981//211
f 3906//212 3981//211 3980//58
f 3907//934 3908//42 3982//934
f 3907//934 3982//934 3981//211
f 3908//42 3909//42 3983//946
f 3908//42 3983//946 3982//934
f 3909//42 3910//143 3984//947
f 3909//42 3984//947 3983//946
f 3910//143 3911//910 3984//947
f 3984//947 3911//910 3985//922
f 3911//910 3912//58 3985//922
f 3985//922 3912//58 3986//948
f 3912//58 3913//923 3986//948
f 3986//948 3913//923 3987//58
f 3913//923 3914//935 3987//58
f 3987//58 3914//935 3988//672
f 3914//935 3915//189 3988//672
f 3988//672 3915//189 3989//143
f 3915//189 3916//911 3990//270
f 3915//189 3990//270 3989//143
f 3916//911 3917//58 3991//949
f 3916//911 3991//949 3990//270
f 3917//58 3918//840 3991//949
f 3991//949 3918//840 3992//58
f 3918//840 3919//840 3993//949
f 3918//840 3993//949 3992//58
f 3919//840 3920//58 3994//950
f 3919//840 3994//950 3993//949
f 3920//58 3921//58 3994//950
f 3994//950 3921//58 3995//58
f 3921//58 3922//672 3995//58
f 3995//58 3922//672 3996//58
f 3922//672 3923//100 3997//949
f 3922//672 3997//949 3996//58
f 3923//100 3924//58 3998//950
f 3923//100 3998//950 3997//949
f 3924//58 3925//58 3998//950
f 3998//950 3925//58 3999//58
f 3925//58 3926//81 3999//58
f 3999//58 3926//81 4000//672
f 3926//81 3927//910 4000//672
f 4000//672 3927//910 4001//951
f 3927//910 3928//58 4001//951
f 4001//951 3928//58 4002//948
f 3928//58 3929//58 4002//948
f 4002//948 3929//58 4003//58
f 3929//58 3930//936 4003//58
f 4003//58 3930//936 4004//58
f 3930//936 3931//937 4005//952
f 3930//936 4005//952 4004//58
f 3931//937 3932//938 4005//952
f 4005//952 3932//938 4006//953
f 3932//938 4007//954 4006//953
f 3933//939 3934//792 4008//955
f 3934//792 3935//238 4009//956
f 3934//792 4009//956 4008//955
f 3935//238 3936//383 4009//956
f 4009//956 3936//383 4010//275
f 3936//383 3937//168 4010//275
f 4010//275 3937//168 4011//219
f 3937//168 3938//940 4011//219
f 4011//219 3938//940 4012//767
f 3938//940 3939//941 4012//767
f 4012//767 3939//941 4013//957
f 3939//941 3940//694 4013//957
f 4013//957 3940//694 4014//931
f 3940//694 3941//94 4014//931
f 4014//931 3941//94 4015//171
f 3941//94 3942//94 4015//171
f 4015//171 3942//94 4016//603
f 3942//94 3943//942 4016//603
f 4016//603 3943//942 4017//732
f 3943//942 3944//931 4017//732
f 4017//732 3944//931 4018//958
f 3944//931 3945//680 4019//185
f 3944//931 4019//185 4018//958
f 3945//680 3946//680 4020//664
f 3945//680 4020//664 4019//185
f 3946//680 3947//943 4020//664
f 4020//664 3947//943 4021//638
f 3947//943 3948//171 4022//200
f 3947//943 4022//200 4021//638
f 3948//171 3949//58 4023//200
f 3948//171 4023//200 4022//200
f 3949//58 3950//58 4023//200
f 4023//200 3950//58 4024//58
f 3950//58 3951//58 4024//58
f 4024//58 3951//58 4025//58
f 3951//58 3952//94 4025//58
f 4025//58 3952//94 4026//94
f 3952//94 3953//94 4026//94
f 4026//94 3953//94 4027//94
f 3953//94 3954//58 4027//94
f 4027//94 3954//58 4028//58
f 3954//58 3955//58 4028//58
f 4028//58 3955//58 4029//58
f 3955//58 3956//58 4029//58
f 4029//58 3956//58 4030//58
f 3956//58 3957//76 4030//58
f 4030//58 3957//76 4031//76
f 3957//76 3958//77 4031//76
f 4031//76 3958//77 4032//77
f 3958//77 3959//58 4032//77
f 4032//77 3959//58 4033//58
f 3959//58 3960//58 4033//58
f 4033//58 3960//58 4034//58
f 3960//58 3961//77 4034//58
f 4034//58 3961//77 4035//447
f 3961//77 3962//77 4035//447
f 4035//447 3962//77 4036//447
f 3962//77 3963//396 4036//447
f 4036//447 3963//396 4037//396
f 3963//396 3964//468 4037//396
f 4037//396 3964//468 4038//397
f 3964//468 3965//472 4038//397
f 4038//397 3965//472 4039//491
f 3965//472 3966//334 4039//491
f 4039//491 3966//334 4040//560
f 3966//334 3967//944 4040//560
f 4040//560 3967//944 4041//76
f 3967//944 3968//945 4041//76
f 4041//76 3968//945 4042//360
f 3968//945 3969//470 4042//360
f 4042//360 3969//470 4043//293
f 3969//470 3970//75 4044//211
f 3969//470 4044//211 4043//293
f 3970//75 3971//58 4045//313
f 3970//75 4045//313 4044//211
f 3971//58 3972//58 4045//313
f 4045//313 3972//58 4046//292
f 3972//58 3973//59 4046//292
f 4046//292 3973//59 4047//293
f 3973//59 3974//97 4047//293
f 4047//293 3974//97 4048//77
f 3974//97 3975//58 4048//77
f 4048//77 3975//58 4049//58
f 3975//58 3976//60 4049//58
f 4049//58 3976//60 4050//58
f 3976//60 3977//75 4051//59
f 3976//60 4051//59 4050//58
f 3977//75 3978//58 4052//74
f 3977//75 4052//74 4051//59
f 3978//58 3979//58 4052//74
f 4052//74 3979//58 4053//58
f 3979//58 3980//58 4053//58
f 4053//58 3980//58 4054//58
f 3980//58 3981//211 4054//58
f 4054//58 3981//211 4055//58
f 3981//211 3982//934 4056//259
f 3981//211 4056//259 4055//58
f 3982//934 3983//946 4057//61
f 3982//934 4057//61 4056//259
f 3983//946 3984//947 4058//62
f 3983//946 4058//62 4057//61
f 3984//947 3985//922 4059//959
f 3984//947 4059//959 4058//62
f 3985//922 3986//948 4059//959
f 4059//959 3986//948 4060//951
f 3986//948 3987//58 4061//910
f 3986//948 4061//910 4060//951
f 3987//58 3988//672 4061//910
f 4061//910 3988//672 4062//58
f 3988//672 3989//143 4063//949
f 3988//672 4063//949 4062//58
f 3989//143 3990//270 4064//270
f 3989//143 4064//270 4063//949
f 3990//270 3991//949 4065//270
f 3990//270 4065//270 4064//270
f 3991//949 3992//58 4066//840
f 3991//949 4066//840 4065//270
f 3992//58 3993//949 4066//840
f 4066//840 3993//949 4067//58
f 3993//949 3994//950 4068//840
f 3993//949 4068//840 4067//58
f 3994//950 3995//58 4069//960
f 3994//950 4069//960 4068//840
f 3995//58 3996//58 4069//960
f 4069//960 3996//58 4070//923
f 3996//58 3997//949 4070//923
f 4070//923 3997//949 4071//58
f 3997//949 3998//950 4072//840
f 3997//949 4072//840 4071//58
f 3998//950 3999//58 4073//840
f 3998//950 4073//840 4072//840
f 3999//58 4000//672 4073//840
f 4073//840 4000//672 4074//58
f 4000//672 4001//951 4075//948
f 4000//672 4075//948 4074//58
f 4001//951 4002//948 4075//948
f 4075//948 4002//948 4076//935
f 4002//948 4003//58 4077//910
f 4002//948 4077//910 4076//935
f 4003//58 4004//58 4077//910
f 4077//910 4004//58 4078//58
f 4004//58 4005//952 4078//58
f 4078//58 4005//952 4079//58
f 4005//952 4006//953 4079//58
f 4079//58 4006//953 4080//961
f 4006//953 4007//954 4080//961
f 4080//961 4007//954 4081//962
f 4008//955 4009//956 4083//963
f 4083//963 4009//956 4084//964
f 4009//956 4010//275 4085//219
f 4009//956 4085//219 4084//964
f 4010//275 4011//219 4086//859
f 4010//275 4086//859 4085//219
f 4011//219 4012//767 4087//774
f 4011//219 4087//774 4086//859
f 4012//767 4013//957 4087//774
f 4087//774 4013//957 4088//965
f 4013//957 4014//931 4088//965
f 4088//965 4014//931 4089//920
f 4014//931 4015//171 4090//680
f 4014//931 4090//680 4089//920
f 4015//171 4016//603 4091//943
f 4015//171 4091//943 4090//680
f 4016//603 4017//732 4091//943
f 4091//943 4017//732 4092//966
f 4017//732 4018//958 4092//966
f 4092//966 4018//958 4093//967
f 4018//958 4019//185 4093//967
f 4093//967 4019//185 4094//94
f 4019//185 4020//664 4094//94
f 4094//94 4020//664 4095//613
f 4020//664 4021//638 4095//613
f 4095//613 4021//638 4096//185
f 4021//638 4022//200 4096//185
f 4096//185 4022//200 4097//58
f 4022//200 4023//200 4098//200
f 4022//200 4098//200 4097//58
f 4023//200 4024//58 4099//200
f 4023//200 4099//200 4098//200
f 4024//58 4025//58 4099//200
f 4099//200 4025//58 4100//58
f 4025//58 4026//94 4100//58
f 4100//58 4026//94 4101//94
f 4026//94 4027//94 4101//94
f 4101//94 4027//94 4102//94
f 4027//94 4028//58 4102//94
f 4102//94 4028//58 4103//58
f 4028//58 4029//58 4103//58
f 4103//58 4029//58 4104//58
f 4029//58 4030//58 4104//58
f 4104//58 4030//58 4105//58
f 4030//58 4031//76 4105//58
f 4105//58 4031//76 4106//76
f 4031//76 4032//77 4106//76
f 4106//76 4032//77 4107//77
f 4032//77 4033//58 4107//77
f 4107//77 4033//58 4108//58
f 4033//58 4034//58 4108//58
f 4108//58 4034//58 4109//468
f 4034//58 4035//447 4109//468
f 4109//468 4035//447 4110//447
f 4035//447 4036//447 4110//447
f 4110//447 4036//447 4111//76
f 4036//447 4037//396 4111//76
f 4111//76 4037//396 4112//77
f 4037//396 4038//397 4112//77
f 4112//77 4038//397 4113//76
f 4038//397 4039//491 4113//76
f 4113//76 4039//491 4114//77
f 4039//491 4040//560 4114//77
f 4114//77 4040//560 4115//58
f 4040//560 4041//76 4115//58
f 4115//58 4041//76 4116//76
f 4041//76 4042//360 4116//76
f 4116//76 4042//360 4117//360
f 4042//360 4043//293 4117//360
f 4117//360 4043//293 4118//76
f 4043//293 4044//211 4118//76
f 4118//76 4044//211 4119//58
f 4044//211 4045//313 4120//292
f 4044//211 4120//292 4119//58
f 4045//313 4046//292 4120//292
f 4120//292 4046//292 4121//291
f 4046//292 4047//293 4122//470
f 4046//292 4122//470 4121//291
f 4047//293 4048//77 4122//470
f 4122//470 4048//77 4123//259
f 4048//77 4049//58 4123//259
f 4123//259 4049//58 4124//58
f 4049//58 4050//58 4124//58
f 4124//58 4050//58 4125//58
f 4050//58 4051//59 4125//58
f 4125//58 4051//59 4126//74
f 4051//59 4052//74 4126//74
f 4126//74 4052//74 4127//317
f 4052//74 4053//58 4127//317
f 4127//317 4053//58 4128//292
f 4053//58 4054//58 4128//292
f 4128//292 4054//58 4129//58
f 4054//58 4055//58 4129//58
f 4129//58 4055//58 4130//58
f 4055//58 4056//259 4130//58
f 4130//58 4056//259 4131//76
f 4056//259 4057//61 4131//76
f 4131//76 4057//61 4132//77
f 4057//61 4058//62 4132//77
f 4132//77 4058//62 4133//140
f 4058//62 4059//959 4133//140
f 4133//140 4059//959 4134//140
f 4059//959 4060//951 4134//140
f 4134//140 4060//951 4135//968
f 4060//951 4061//910 4135//968
f 4135//968 4061//910 4136//951
f 4061//910 4062//58 4136//951
f 4136//951 4062//58 4137//948
f 4062//58 4063//949 4137//948
f 4137//948 4063//949 4138//58
f 4063//949 4064//270 4139//130
f 4063//949 4139//130 4138//58
f 4064//270 4065//270 4140//545
f 4064//270 4140//545 4139//130
f 4065//270 4066//840 4141//840
f 4065//270 4141//840 4140//545
f 4066//840 4067//58 4142//960
f 4066//840 4142//960 4141//840
f 4067//58 4068//840 4142//960
f 4142//960 4068//840 4143//969
f 4068//840 4069//960 4144//970
f 4068//840 4144//970 4143//969
f 4069//960 4070//923 4144//970
f 4144//970 4070//923 4145//971
f 4070//923 4071//58 4146//840
f 4070//923 4146//840 4145//971
f 4071//58 4072//840 4146//840
f 4146//840 4072//840 4147//58
f 4072//840 4073//840 4148//924
f 4072//840 4148//924 4147//58
f 4073//840 4074//58 4149//672
f 4073//840 4149//672 4148//924
f 4074//58 4075//948 4149//672
f 4149//672 4075//948 4150//58
f 4075//948 4076//935 4150//58
f 4150//58 4076//935 4151//672
f 4076//935 4077//910 4151//672
f 4151//672 4077//910 4152//922
f 4077//910 4078//58 4152//922
f 4152//922 4078//58 4153//972
f 4078//58 4079//58 4153//972
f 4153//972 4079//58 4154//948
f 4079//58 4080//961 4154//948
f 4154//948 4080//961 4155//58
f 4080//961 4081//962 4156//973
f 4080//961 4156//973 4155//58
f 4081//962 4082//974 4156//973
f 4156//973 4082//974 4157//975
f 4083//963 4084//964 4158//976
f 4084//964 4085//219 4158//976
f 4158//976 4085//219 4159//168
f 4085//219 4086//859 4159//168
f 4159//168 4086//859 4160//168
f 4086//859 4087//774 4161//977
f 4086//859 4161//977 4160//168
f 4087//774 4088//965 4162//978
f 4087//774 4162//978 4161//977
f 4088//965 4089//920 4163//979
f 4088//965 4163//979 4162//978
f 4089//920 4090//680 4164//664
f 4089//920 4164//664 4163//979
f 4090//680 4091//943 4164//664
f 4164//664 4091//943 4165//720
f 4091//943 4092//966 4166//980
f 4091//943 4166//980 4165//720
f 4092//966 4093//967 4167//981
f 4092//966 4167//981 4166//980
f 4093//967 4094//94 4167//981
f 4167//981 4094//94 4168//603
f 4094//94 4095//613 4168//603
f 4168//603 4095//613 4169//720
f 4095//613 4096//185 4170//171
f 4095//613 4170//171 4169//720
f 4096//185 4097//58 4171//170
f 4096//185 4171//170 4170//171
f 4097//58 4098//200 4171//170
f 4171//170 4098//200 4172//58
f 4098//200 4099//200 4173//171
f 4098//200 4173//171 4172//58
f 4099//200 4100//58 4174//170
f 4099//200 4174//170 4173//171
f 4100//58 4101//94 4174//170
f 4174//170 4101//94 4175//775
f 4101//94 4102//94 4175//775
f 4175//775 4102//94 4176//171
f 4102//94 4103//58 4176//171
f 4176//171 4103//58 4177//58
f 4103//58 4104//58 4177//58
f 4177//58 4104//58 4178//58
f 4104//58 4105//58 4178//58
f 4178//58 4105//58 4179//58
f 4105//58 4106//76 4179//58
f 4179//58 4106//76 4180//76
f 4106//76 4107//77 4180//76
f 4180//76 4107//77 4181//77
f 4107//77 4108//58 4181//77
f 4181//77 4108//58 4182//58
f 4108//58 4109//468 4182//58
f 4182//58 4109//468 4183//76
f 4109//468 4110//447 4183//76
f 4183//76 4110//447 4184//77
f 4110//447 4111//76 4184//77
f 4184//77 4111//76 4185//447
f 4111//76 4112//77 4185//447
f 4185//447 4112//77 4186//397
f 4112//77 4113//76 4186//397
f 4186//397 4113//76 4187//76
f 4113//76 4114//77 4187//76
f 4187//76 4114//77 4188//77
f 4114//77 4115//58 4188//77
f 4188//77 4115//58 4189//58
f 4115//58 4116//76 4189//58
f 4189//58 4116//76 4190//76
f 4116//76 4117//360 4190//76
f 4190//76 4117//360 4191//357
f 4117//360 4118//76 4191//357
f 4191//357 4118//76 4192//291
f 4118//76 4119//58 4192//291
f 4192//291 4119//58 4193//127
f 4119//58 4120//292 4193//127
f 4193//127 4120//292 4194//58
f 4120//292 4121//291 4194//58
f 4194//58 4121//291 4195//76
f 4121//291 4122//470 4195//76
f 4195//76 4122//470 4196//982
f 4122//470 4123//259 4197//211
f 4122//470 4197//211 4196//982
f 4123//259 4124//58 4198//211
f 4123//259 4198//211 4197//211
f 4124//58 4125//58 4198//211
f 4198//211 4125//58 4199//58
f 4125//58 4126//74 4199//58
f 4199//58 4126//74 4200//58
f 4126//74 4127//317 4201//127
f 4126//74 4201//127 4200//58
f 4127//317 4128//292 4201//127
f 4201//127 4128//292 4202//313
f 4128//292 4129//58 4203//211
f 4128//292 4203//211 4202//313
f 4129//58 4130//58 4203//211
f 4203//211 4130//58 4204//58
f 4130//58 4131//76 4204//58
f 4204//58 4131//76 4205//74
f 4131//76 4132//77 4205//74
f 4205//74 4132//77 4206//75
f 4132//77 4133//140 4206//75
f 4206//75 4133//140 4207//98
f 4133//140 4134//140 4207//98
f 4207//98 4134//140 4208//983
f 4134//140 4135//968 4208//983
f 4208//983 4135//968 4209//983
f 4135//968 4136//951 4210//959
f 4135//968 4210//959 4209//983
f 4136//951 4137//948 4210//959
f 4210//959 4137//948 4211//971
f 4137//948 4138//58 4212//840
f 4137//948 4212//840 4211//971
f 4138//58 4139//130 4212//840
f 4212//840 4139//130 4213//101
f 4139//130 4140//545 4213//101
f 4213//101 4140//545 4214//141
f 4140//545 4141//840 4214//141
f 4214//141 4141//840 4215//58
f 4141//840 4142//960 4216//923
f 4141//840 4216//923 4215//58
f 4142//960 4143//969 4216//923
f 4216//923 4143//969 4217//971
f 4143//969 4144//970 4218//960
f 4143//969 4218//960 4217//971
f 4144//970 4145//971 4218//960
f 4218//960 4145//971 4219//984
f 4145//971 4146//840 4220//270
f 4145//971 4220//270 4219//984
f 4146//840 4147//58 4221//949
f 4146//840 4221//949 4220//270
f 4147//58 4148//924 4221//949
f 4221//949 4148//924 4222//545
f 4148//924 4149//672 4222//545
f 4222//545 4149//672 4223//100
f 4149//672 4150//58 4223//100
f 4223//100 4150//58 4224//58
f 4150//58 4151//672 4224//58
f 4224//58 4151//672 4225//58
f 4151//672 4152//922 4226//948
f 4151//672 4226//948 4225//58
f 4152//922 4153//972 4226//948
f 4226//948 4153//972 4227//985
f 4153//972 4154//948 4227//985
f 4227//985 4154//948 4228//951
f 4154//948 4155//58 4229//910
f 4154//948 4229//910 4228//951
f 4155//58 4156//973 4229//910
f 4229//910 4156//973 4230//986
f 4156//973 4157//975 4230//986
f 4230//986 4157//975 4231//987
f 4158//976 4159//168 4233//267
f 4158//976 4233//267 4232//988
f 4159//168 4160//168 4233//267
f 4233//267 4160//168 4234//209
f 4160//168 4161//977 4234//209
f 4234//209 4161//977 4235//254
f 4161//977 4162//978 4236//989
f 4161//977 4236//989 4235//254
f 4162//978 4163//979 4237//990
f 4162//978 4237//990 4236//989
f 4163//979 4164//664 4237//990
f 4237//990 4164//664 4238//613
f 4164//664 4165//720 4238//613
f 4238//613 4165//720 4239//678
f 4165//720 4166//980 4239//678
f 4239//678 4166//980 4240//991
f 4166//980 4167//981 4241//992
f 4166//980 4241//992 4240//991
f 4167//981 4168//603 4242//664
f 4167//981 4242//664 4241//992
f 4168//603 4169//720 4242//664
f 4242//664 4169//720 4243//94
f 4169//720 4170//171 4243//94
f 4243//94 4170//171 4244//94
f 4170//171 4171//170 4244//94
f 4244//94 4171//170 4245//94
f 4171//170 4172//58 4245//94
f 4245//94 4172//58 4246//58
f 4172//58 4173//171 4246//58
f 4246//58 4173//171 4247//94
f 4173//171 4174//170 4247//94
f 4247//94 4174//170 4248//94
f 4174//170 4175//775 4248//94
f 4248//94 4175//775 4249//58
f 4175//775 4176//171 4250//185
f 4175//775 4250//185 4249//58
f 4176//171 4177//58 4251//186
f 4176//171 4251//186 4250//185
f 4177//58 4178//58 4251//186
f 4251//186 4178//58 4252//58
f 4178//58 4179//58 4252//58
f 4252//58 4179//58 4253//58
f 4179//58 4180//76 4253//58
f 4253//58 4180//76 4254//447
f 4180//76 4181//77 4254//447
f 4254//447 4181//77 4255//397
f 4181//77 4182//58 4255//397
f 4255//397 4182//58 4256//58
f 4182//58 4183//76 4256//58
f 4256//58 4183//76 4257//77
f 4183//76 4184//77 4257//77
f 4257//77 4184//77 4258//414
f 4184//77 4185//447 4258//414
f 4258//414 4185//447 4259//447
f 4185//447 4186//397 4259//447
f 4259//447 4186//397 4260//58
f 4186//397 4187//76 4260//58
f 4260//58 4187//76 4261//76
f 4187//76 4188//77 4261//76
f 4261//76 4188//77 4262//77
f 4188//77 4189//58 4262//77
f 4262//77 4189//58 4263//58
f 4189//58 4190//76 4263//58
f 4263//58 4190//76 4264//76
f 4190//76 4191//357 4264//76
f 4264//76 4191//357 4265//293
f 4191//357 4192//291 4266//127
f 4191//357 4266//127 4265//293
f 4192//291 4193//127 4266//127
f 4266//127 4193//127 4267//128
f 4193//127 4194//58 4268//97
f 4193//127 4268//97 4267//128
f 4194//58 4195//76 4268//97
f 4268//97 4195//76 4269//76
f 4195//76 4196//982 4269//76
f 4269//76 4196//982 4270//77
f 4196//982 4197//211 4270//77
f 4270//77 4197//211 4271//58
f 4197//211 4198//211 4272//211
f 4197//211 4272//211 4271//58
f 4198//211 4199//58 4273//211
f 4198//211 4273//211 4272//211
f 4199//58 4200//58 4273//211
f 4273//211 4200//58 4274//58
f 4200//58 4201//127 4274//58
f 4274//58 4201//127 4275//58
f 4201//127 4202//313 4275//58
f 4275//58 4202//313 4276//58
f 4202//313 4203//211 4277//59
f 4202//313 4277//59 4276//58
f 4203//211 4204//58 4278//97
f 4203//211 4278//97 4277//59
f 4204//58 4205//74 4278//97
f 4278//97 4205//74 4279//58
f 4205//74 4206//75 4280//211
f 4205//74 4280//211 4279//58
f 4206//75 4207//98 4281//934
f 4206//75 4281//934 4280//211
f 4207//98 4208//983 4282//993
f 4207//98 4282//993 4281//934
f 4208//983 4209//983 4282//993
f 4282//993 4209//983 4283//187
f 4209//983 4210//959 4283//187
f 4283//187 4210//959 4284//268
f 4210//959 4211//971 4284//268
f 4284//268 4211//971 4285//994
f 4211//971 4212//840 4286//270
f 4211//971 4286//270 4285//994
f 4212//840 4213//101 4287//115
f 4212//840 4287//115 4286//270
f 4213//101 4214//141 4287//115
f 4287//115 4214//141 4288//922
f 4214//141 4215//58 4288//922
f 4288//922 4215//58 4289//972
f 4215//58 4216//923 4289//972
f 4289//972 4216//923 4290//985
f 4216//923 4217//971 4290//985
f 4290//985 4217//971 4291//969
f 4217//971 4218//960 4292//970
f 4217//971 4292//970 4291//969
f 4218//960 4219//984 4292//970
f 4292//970 4219//984 4293//971
f 4219//984 4220//270 4294//270
f 4219//984 4294//270 4293//971
f 4220//270 4221//949 4295//270
f 4220//270 4295//270 4294//270
f 4221//949 4222//545 4296//270
f 4221//949 4296//270 4295//270
f 4222//545 4223//100 4297//270
f 4222//545 4297//270 4296//270
f 4223//100 4224//58 4298//840
f 4223//100 4298//840 4297//270
f 4224//58 4225//58 4298//840
f 4298//840 4225//58 4299//58
f 4225//58 4226//948 4299//58
f 4299//58 4226//948 4300//58
f 4226//948 4227//985 4300//58
f 4300//58 4227//985 4301//58
f 4227//985 4228//951 4301//58
f 4301//58 4228//951 4302//889
f 4228//951 4229//910 4302//889
f 4302//889 4229//910 4303//100
f 4229//910 4230//986 4303//100
f 4303//100 4230//986 4304//995
f 4230//986 4231//987 4304//995
f 4304//995 4231//987 4305//996
f 4306//997 4232//988 4307//998
f 4232//988 4233//267 4308//254
f 4232//988 4308//254 4307//998
f 4233//267 4234//209 4309//209
f 4233//267 4309//209 4308//254
f 4234//209 4235//254 4310//859
f 4234//209 4310//859 4309//209
f 4235//254 4236//989 4311//999
f 4235//254 4311//999 4310//859
f 4236//989 4237//990 4311//999
f 4311//999 4237//990 4312//1000
f 4237//990 4238//613 4312//1000
f 4312//1000 4238//613 4313//94
f 4238//613 4239//678 4314//1001
f 4238//613 4314//1001 4313//94
f 4239//678 4240//991 4314//1001
f 4314//1001 4240//991 4315//1002
f 4240//991 4241//992 4315//1002
f 4315//1002 4241//992 4316//851
f 4241//992 4242//664 4316//851
f 4316//851 4242//664 4317//612
f 4242//664 4243//94 4317//612
f 4317//612 4243//94 4318//94
f 4243//94 4244//94 4318//94
f 4318//94 4244//94 4319//170
f 4244//94 4245//94 4319//170
f 4319//170 4245//94 4320//171
f 4245//94 4246//58 4320//171
f 4320//171 4246//58 4321//58
f 4246//58 4247//94 4321//58
f 4321//58 4247//94 4322//94
f 4247//94 4248//94 4322//94
f 4322//94 4248//94 4323//94
f 4248//94 4249//58 4323//94
f 4323//94 4249//58 4324//58
f 4249//58 4250//185 4324//58
f 4324//58 4250//185 4325//170
f 4250//185 4251//186 4325//170
f 4325//170 4251//186 4326//171
f 4251//186 4252//58 4326//171
f 4326//171 4252//58 4327//58
f 4252//58 4253//58 4327//58
f 4327//58 4253//58 4328//468
f 4253//58 4254//447 4328//468
f 4328//468 4254//447 4329//396
f 4254//447 4255//397 4329//396
f 4329//396 4255//397 4330//58
f 4255//397 4256//58 4330//58
f 4330//58 4256//58 4331//58
f 4256//58 4257//77 4331//58
f 4331//58 4257//77 4332//76
f 4257//77 4258//414 4332//76
f 4332//76 4258//414 4333//360
f 4258//414 4259//447 4333//360
f 4333//360 4259//447 4334//77
f 4259//447 4260//58 4334//77
f 4334//77 4260//58 4335//58
f 4260//58 4261//76 4335//58
f 4335//58 4261//76 4336//76
f 4261//76 4262//77 4336//76
f 4336//76 4262//77 4337//77
f 4262//77 4263//58 4337//77
f 4337//77 4263//58 4338//58
f 4263//58 4264//76 4338//58
f 4338//58 4264//76 4339//74
f 4264//76 4265//293 4339//74
f 4339//74 4265//293 4340//909
f 4265//293 4266//127 4340//909
f 4340//909 4266//127 4341//58
f 4266//127 4267//128 4341//58
f 4341//58 4267//128 4342//74
f 4267//128 4268//97 4342//74
f 4342//74 4268//97 4343//75
f 4268//97 4269//76 4343//75
f 4343//75 4269//76 4344//1003
f 4269//76 4270//77 4344//1003
f 4344//1003 4270//77 4345//128
f 4270//77 4271//58 4345//128
f 4345//128 4271//58 4346//113
f 4271//58 4272//211 4346//113
f 4346//113 4272//211 4347//58
f 4272//211 4273//211 4348//211
f 4272//211 4348//211 4347//58
f 4273//211 4274//58 4349//313
f 4273//211 4349//313 4348//211
f 4274//58 4275//58 4349//313
f 4349//313 4275//58 4350//113
f 4275//58 4276//58 4350//113
f 4350//113 4276//58 4351//58
f 4276//58 4277//59 4351//58
f 4351//58 4277//59 4352//60
f 4277//59 4278//97 4352//60
f 4352//60 4278//97 4353//1004
f 4278//97 4279//58 4353//1004
f 4353//1004 4279//58 4354//39
f 4279//58 4280//211 4354//39
f 4354//39 4280//211 4355//1005
f 4280//211 4281//934 4356//1006
f 4280//211 4356//1006 4355//1005
f 4281//934 4282//993 4357//60
f 4281//934 4357//60 4356//1006
f 4282//993 4283//187 4357//60
f 4357//60 4283//187 4358//58
f 4283//187 4284//268 4359//280
f 4283//187 4359//280 4358//58
f 4284//268 4285//994 4359//280
f 4359//280 4285//994 4360//1007
f 4285//994 4286//270 4361//1008
f 4285//994 4361//1008 4360//1007
f 4286//270 4287//115 4362//1009
f 4286//270 4362//1009 4361//1008
f 4287//115 4288//922 4363//282
f 4287//115 4363//282 4362//1009
f 4288//922 4289//972 4363//282
f 4363//282 4289//972 4364//1010
f 4289//972 4290//985 4364//1010
f 4364//1010 4290//985 4365//1011
f 4290//985 4291//969 4365//1011
f 4365//1011 4291//969 4366//971
f 4291//969 4292//970 4367//840
f 4291//969 4367//840 4366//971
f 4292//970 4293//971 4367//840
f 4367//840 4293//971 4368//58
f 4293//971 4294//270 4369//949
f 4293//971 4369//949 4368//58
f 4294//270 4295//270 4370//270
f 4294//270 4370//270 4369//949
f 4295//270 4296//270 4371//270
f 4295//270 4371//270 4370//270
f 4296//270 4297//270 4372//1012
f 4296//270 4372//1012 4371//270
f 4297//270 4298//840 4373//1013
f 4297//270 4373//1013 4372//1012
f 4298//840 4299//58 4374//960
f 4298//840 4374//960 4373//1013
f 4299//58 4300//58 4374//960
f 4374//960 4300//58 4375//923
f 4300//58 4301//58 4375//923
f 4375//923 4301//58 4376//58
f 4301//58 4302//889 4376//58
f 4376//58 4302//889 4377//58
f 4302//889 4303//100 4378//840
f 4302//889 4378//840 4377//58
f 4303//100 4304//995 4379//1014
f 4303//100 4379//1014 4378//840
f 4304//995 4305//996 4379//1014
f 4379//1014 4305//996 4380//1015
f 3933//939 4083//963 4306//997
f 613//250 470//216 517//224
f 4306//997 4307//998 4381//1016
f 3414//867 3265//844 3340//858
f 4307//998 4308//254 4382//1017
f 4307//998 4382//1017 4381//1016
f 4308//254 4309//209 4382//1017
f 4382//1017 4309//209 4383//168
f 4309//209 4310//859 4383//168
f 4383//168 4310//859 4384//168
f 4310//859 4311//999 4385//977
f 4310//859 4385//977 4384//168
f 4311//999 4312//1000 4386//1018
f 4311//999 4386//1018 4385//977
f 4312//1000 4313//94 4387//872
f 4312//1000 4387//872 4386//1018
f 4313//94 4314//1001 4387//872
f 4387//872 4314//1001 4388//94
f 4314//1001 4315//1002 4389//1019
f 4314//1001 4389//1019 4388//94
f 4315//1002 4316//851 4390//835
f 4315//1002 4390//835 4389//1019
f 4316//851 4317//612 4390//835
f 4390//835 4317//612 4391//665
f 4317//612 4318//94 4391//665
f 4391//665 4318//94 4392//1020
f 4318//94 4319//170 4392//1020
f 4392//1020 4319//170 4393//1021
f 4319//170 4320//171 4394//680
f 4319//170 4394//680 4393//1021
f 4320//171 4321//58 4395//170
f 4320//171 4395//170 4394//680
f 4321//58 4322//94 4395//170
f 4395//170 4322//94 4396//94
f 4322//94 4323//94 4396//94
f 4396//94 4323//94 4397//94
f 4323//94 4324//58 4397//94
f 4397//94 4324//58 4398//58
f 4324//58 4325//170 4398//58
f 4398//58 4325//170 4399//58
f 4325//170 4326//171 4400//185
f 4325//170 4400//185 4399//58
f 4326//171 4327//58 4401//170
f 4326//171 4401//170 4400//185
f 4327//58 4328//468 4401//170
f 4401//170 4328//468 4402//76
f 4328//468 4329//396 4402//76
f 4402//76 4329//396 4403//77
f 4329//396 4330//58 4403//77
f 4403//77 4330//58 4404//58
f 4330//58 4331//58 4404//58
f 4404//58 4331//58 4405//58
f 4331//58 4332//76 4405//58
f 4405//58 4332//76 4406//447
f 4332//76 4333//360 4406//447
f 4406//447 4333//360 4407//414
f 4333//360 4334//77 4407//414
f 4407//414 4334//77 4408//77
f 4334//77 4335//58 4408//77
f 4408//77 4335//58 4409//58
f 4335//58 4336//76 4409//58
f 4409//58 4336//76 4410//74
f 4336//76 4337//77 4410//74
f 4410//74 4337//77 4411//75
f 4337//77 4338//58 4411//75
f 4411//75 4338//58 4412//58
f 4338//58 4339//74 4412//58
f 4412//58 4339//74 4413//58
f 4339//74 4340//909 4414//59
f 4339//74 4414//59 4413//58
f 4340//909 4341//58 4415//74
f 4340//909 4415//74 4414//59
f 4341//58 4342//74 4415//74
f 4415//74 4342//74 4416//58
f 4342//74 4343//75 4417//212
f 4342//74 4417//212 4416//58
f 4343//75 4344//1003 4418//934
f 4343//75 4418//934 4417//212
f 4344//1003 4345//128 4419//1022
f 4344//1003 4419//1022 4418//934
f 4345//128 4346//113 4419//1022
f 4419//1022 4346//113 4420//317
f 4346//113 4347//58 4421//74
f 4346//113 4421//74 4420//317
f 4347//58 4348//211 4421//74
f 4421//74 4348//211 4422//58
f 4348//211 4349//313 4423//127
f 4348//211 4423//127 4422//58
f 4349//313 4350//113 4423//127
f 4423//127 4350//113 4424//313
f 4350//113 4351//58 4425//313
f 4350//113 4425//313 4424//313
f 4351//58 4352//60 4425//313
f 4425//313 4352//60 4426//318
f 4352//60 4353//1004 4427//1023
f 4352//60 4427//1023 4426//318
f 4353//1004 4354//39 4427//1023
f 4427//1023 4354//39 4428//1024
f 4354//39 4355//1005 4428//1024
f 4428//1024 4355//1005 4429//317
f 4355//1005 4356//1006 4430//470
f 4355//1005 4430//470 4429//317
f 4356//1006 4357//60 4430//470
f 4430//470 4357//60 4431//291
f 4357//60 4358//58 4431//291
f 4431//291 4358//58 4432//292
f 4358//58 4359//280 4432//292
f 4432//292 4359//280 4433//58
f 4359//280 4360//1007 4433//58
f 4433//58 4360//1007 4434//58
f 4360//1007 4361//1008 4435//1025
f 4360//1007 4435//1025 4434//58
f 4361//1008 4362//1009 4435//1025
f 4435//1025 4362//1009 4436//1026
f 4362//1009 4363//282 4437//1027
f 4362//1009 4437//1027 4436//1026
f 4363//282 4364//1010 4437//1027
f 4437//1027 4364//1010 4438//1012
f 4364//1010 4365//1011 4439//960
f 4364//1010 4439//960 4438//1012
f 4365//1011 4366//971 4439//960
f 4439//960 4366//971 4440//1028
f 4366//971 4367//840 4441//1013
f 4366//971 4441//1013 4440//1028
f 4367//840 4368//58 4442//960
f 4367//840 4442//960 4441//1013
f 4368//58 4369//949 4442//960
f 4442//960 4369//949 4443//969
f 4369//949 4370//270 4444//270
f 4369//949 4444//270 4443//969
f 4370//270 4371//270 4445//270
f 4370//270 4445//270 4444//270
f 4371//270 4372//1012 4446//984
f 4371//270 4446//984 4445//270
f 4372//1012 4373//1013 4446//984
f 4446//984 4373//1013 4447//971
f 4373//1013 4374//960 4448//1013
f 4373//1013 4448//1013 4447//971
f 4374//960 4375//923 4448//1013
f 4448//1013 4375//923 4449//1012
f 4375//923 4376//58 4450//949
f 4375//923 4450//949 4449//1012
f 4376//58 4377//58 4450//949
f 4450//949 4377//58 4451//58
f 4377//58 4378//840 4451//58
f 4451//58 4378//840 4452//58
f 4378//840 4379//1014 4453//1029
f 4378//840 4453//1029 4452//58
f 4379//1014 4380//1015 4454//1030
f 4379//1014 4454//1030 4453//1029
f 4380//1015 4455//1031 4454//1030
f 4083//963 4158//976 4232//988
f 613//250 517//224 565//237
f 4306//997 4381//1016 3933//939
f 4381//1016 4382//1017 4456//1032
f 4382//1017 4383//168 4457//1033
f 4382//1017 4457//1033 4456//1032
f 4383//168 4384//168 4457//1033
f 4457//1033 4384//168 4458//209
f 4384//168 4385//977 4458//209
f 4458//209 4385//977 4459//254
f 4385//977 4386//1018 4460//989
f 4385//977 4460//989 4459//254
f 4386//1018 4387//872 4461//1034
f 4386//1018 4461//1034 4460//989
f 4387//872 4388//94 4462//664
f 4387//872 4462//664 4461//1034
f 4388//94 4389//1019 4462//664
f 4462//664 4389//1019 4463//612
f 4389//1019 4390//835 4464//614
f 4389//1019 4464//614 4463//612
f 4390//835 4391//665 4465//665
f 4390//835 4465//665 4464//614
f 4391//665 4392//1020 4466//757
f 4391//665 4466//757 4465//665
f 4392//1020 4393//1021 4466//757
f 4466//757 4393//1021 4467//1020
f 4393//1021 4394//680 4468//943
f 4393//1021 4468//943 4467//1020
f 4394//680 4395//170 4468//943
f 4468//943 4395//170 4469//171
f 4395//170 4396//94 4469//171
f 4469//171 4396//94 4470//603
f 4396//94 4397//94 4470//603
f 4470//603 4397//94 4471//94
f 4397//94 4398//58 4471//94
f 4471//94 4398//58 4472//58
f 4398//58 4399//58 4472//58
f 4472//58 4399//58 4473//58
f 4399//58 4400//185 4473//58
f 4473//58 4400//185 4474//94
f 4400//185 4401//170 4474//94
f 4474//94 4401//170 4475//94
f 4401//170 4402//76 4475//94
f 4475//94 4402//76 4476//76
f 4402//76 4403//77 4476//76
f 4476//76 4403//77 4477//77
f 4403//77 4404//58 4477//77
f 4477//77 4404//58 4478//58
f 4404//58 4405//58 4478//58
f 4478//58 4405//58 4479//468
f 4405//58 4406//447 4479//468
f 4479//468 4406//447 4480//396
f 4406//447 4407//414 4480//396
f 4480//396 4407//414 4481//76
f 4407//414 4408//77 4481//76
f 4481//76 4408//77 4482//77
f 4408//77 4409//58 4482//77
f 4482//77 4409//58 4483//58
f 4409//58 4410//74 4483//58
f 4483//58 4410//74 4484//58
f 4410//74 4411//75 4485//259
f 4410//74 4485//259 4484//58
f 4411//75 4412//58 4486//260
f 4411//75 4486//260 4485//259
f 4412//58 4413//58 4486//260
f 4486//260 4413//58 4487//58
f 4413//58 4414//59 4487//58
f 4487//58 4414//59 4488//76
f 4414//59 4415//74 4488//76
f 4488//76 4415//74 4489//77
f 4415//74 4416//58 4489//77
f 4489//77 4416//58 4490//58
f 4416//58 4417//212 4490//58
f 4490//58 4417//212 4491//58
f 4417//212 4418//934 4492//259
f 4417//212 4492//259 4491//58
f 4418//934 4419//1022 4493//60
f 4418//934 4493//60 4492//259
f 4419//1022 4420//317 4493//60
f 4493//60 4420//317 4494//74
f 4420//317 4421//74 4494//74
f 4494//74 4421//74 4495//317
f 4421//74 4422//58 4495//317
f 4495//317 4422//58 4496//292
f 4422//58 4423//127 4496//292
f 4496//292 4423//127 4497//58
f 4423//127 4424//313 4497//58
f 4497//58 4424//313 4498//58
f 4424//313 4425//313 4499//127
f 4424//313 4499//127 4498//58
f 4425//313 4426//318 4499//127
f 4499//127 4426//318 4500//39
f 4426//318 4427//1023 4500//39
f 4500//39 4427//1023 4501//313
f 4427//1023 4428//1024 4502//313
f 4427//1023 4502//313 4501//313
f 4428//1024 4429//317 4502//313
f 4502//313 4429//317 4503//1035
f 4429//317 4430//470 4503//1035
f 4503//1035 4430//470 4504//934
f 4430//470 4431//291 4505//1023
f 4430//470 4505//1023 4504//934
f 4431//291 4432//292 4505//1023
f 4505//1023 4432//292 4506//315
f 4432//292 4433//58 4507//313
f 4432//292 4507//313 4506//315
f 4433//58 4434//58 4507//313
f 4507//313 4434//58 4508//39
f 4434//58 4435//1025 4508//39
f 4508//39 4435//1025 4509//292
f 4435//1025 4436//1026 4509//292
f 4509//292 4436//1026 4510//58
f 4436//1026 4437//1027 4511//1036
f 4436//1026 4511//1036 4510//58
f 4437//1027 4438//1012 4512//42
f 4437//1027 4512//42 4511//1036
f 4438//1012 4439//960 4513//1037
f 4438//1012 4513//1037 4512//42
f 4439//960 4440//1028 4513//1037
f 4513//1037 4440//1028 4514//972
f 4440//1028 4441//1013 4514//972
f 4514//972 4441//1013 4515//951
f 4441//1013 4442//960 4516//1038
f 4441//1013 4516//1038 4515//951
f 4442//960 4443//969 4516//1038
f 4516//1038 4443//969 4517//971
f 4443//969 4444//270 4518//1012
f 4443//969 4518//1012 4517//971
f 4444//270 4445//270 4519//1039
f 4444//270 4519//1039 4518//1012
f 4445//270 4446//984 4520//1040
f 4445//270 4520//1040 4519//1039
f 4446//984 4447//971 4520//1040
f 4520//1040 4447//971 4521//1041
f 4447//971 4448//1013 4522//270
f 4447//971 4522//270 4521//1041
f 4448//1013 4449//1012 4523//270
f 4448//1013 4523//270 4522//270
f 4449//1012 4450//949 4524//270
f 4449//1012 4524//270 4523//270
f 4450//949 4451//58 4525//840
f 4450//949 4525//840 4524//270
f 4451//58 4452//58 4525//840
f 4525//840 4452//58 4526//58
f 4452//58 4453//1029 4526//58
f 4526//58 4453//1029 4527//58
f 4453//1029 4454//1030 4527//58
f 4527//58 4454//1030 4528//1042
f 4454//1030 4455//1031 4528//1042
f 4528//1042 4455//1031 4529//1043
f 4456//1032 4457//1033 4530//1044
f 4457//1033 4458//209 4531//1045
f 4457//1033 4531//1045 4530//1044
f 4458//209 4459//254 4532//859
f 4458//209 4532//859 4531//1045
f 4459//254 4460//989 4533//999
f 4459//254 4533//999 4532//859
f 4460//989 4461//1034 4533//999
f 4533//999 4461//1034 4534//1000
f 4461//1034 4462//664 4534//1000
f 4534//1000 4462//664 4535//612
f 4462//664 4463//612 4535//612
f 4535//612 4463//612 4536//613
f 4463//612 4464//614 4536//613
f 4536//613 4464//614 4537//665
f 4464//614 4465//665 4537//665
f 4537//665 4465//665 4538//665
f 4465//665 4466//757 4538//665
f 4538//665 4466//757 4539//171
f 4466//757 4467//1020 4539//171
f 4539//171 4467//1020 4540//638
f 4467//1020 4468//943 4540//638
f 4540//638 4468//943 4541//720
f 4468//943 4469//171 4542//185
f 4468//943 4542//185 4541//720
f 4469//171 4470//603 4543//664
f 4469//171 4543//664 4542//185
f 4470//603 4471//94 4543//664
f 4543//664 4471//94 4544//94
f 4471//94 4472//58 4544//94
f 4544//94 4472//58 4545//58
f 4472//58 4473//58 4545//58
f 4545//58 4473//58 4546//58
f 4473//58 4474//94 4546//58
f 4546//58 4474//94 4547//94
f 4474//94 4475//94 4547//94
f 4547//94 4475//94 4548//94
f 4475//94 4476//76 4548//94
f 4548//94 4476//76 4549//76
f 4476//76 4477//77 4549//76
f 4549//76 4477//77 4550//77
f 4477//77 4478//58 4550//77
f 4550//77 4478//58 4551//58
f 4478//58 4479//468 4551//58
f 4551//58 4479//468 4552//447
f 4479//468 4480//396 4552//447
f 4552//447 4480//396 4553//397
f 4480//396 4481//76 4553//397
f 4553//397 4481//76 4554//76
f 4481//76 4482//77 4554//76
f 4554//76 4482//77 4555//77
f 4482//77 4483//58 4555//77
f 4555//77 4483//58 4556//58
f 4483//58 4484//58 4556//58
f 4556//58 4484//58 4557//58
f 4484//58 4485//259 4557//58
f 4557//58 4485//259 4558//76
f 4485//259 4486//260 4558//76
f 4558//76 4486//260 4559//77
f 4486//260 4487//58 4559//77
f 4559//77 4487//58 4560//58
f 4487//58 4488//76 4560//58
f 4560//58 4488//76 4561//76
f 4488//76 4489//77 4561//76
f 4561//76 4489//77 4562//77
f 4489//77 4490//58 4562//77
f 4562//77 4490//58 4563//589
f 4490//58 4491//58 4563//589
f 4563//589 4491//58 4564//58
f 4491//58 4492//259 4564//58
f 4564//58 4492//259 4565//77
f 4492//259 4493//60 4565//77
f 4565//77 4493//60 4566//76
f 4493//60 4494//74 4566//76
f 4566//76 4494//74 4567//58
f 4494//74 4495//317 4568//292
f 4494//74 4568//292 4567//58
f 4495//317 4496//292 4568//292
f 4568//292 4496//292 4569//313
f 4496//292 4497//58 4570//313
f 4496//292 4570//313 4569//313
f 4497//58 4498//58 4570//313
f 4570//313 4498//58 4571//39
f 4498//58 4499//127 4571//39
f 4571//39 4499//127 4572//113
f 4499//127 4500//39 4572//113
f 4572//113 4500//39 4573//58
f 4500//39 4501//313 4573//58
f 4573//58 4501//313 4574//1046
f 4501//313 4502//313 4575//1047
f 4501//313 4575//1047 4574//1046
f 4502//313 4503//1035 4575//1047
f 4575//1047 4503//1035 4576//313
f 4503//1035 4504//934 4577//1048
f 4503//1035 4577//1048 4576//313
f 4504//934 4505//1023 4577//1048
f 4577//1048 4505//1023 4578//315
f 4505//1023 4506//315 4579//315
f 4505//1023 4579//315 4578//315
f 4506//315 4507//313 4580//1023
f 4506//315 4580//1023 4579//315
f 4507//313 4508//39 4580//1023
f 4580//1023 4508//39 4581//1049
f 4508//39 4509//292 4581//1049
f 4581//1049 4509//292 4582//313
f 4509//292 4510//58 4583//211
f 4509//292 4583//211 4582//313
f 4510//58 4511//1036 4583//211
f 4583//211 4511//1036 4584//58
f 4511//1036 4512//42 4585//1050
f 4511//1036 4585//1050 4584//58
f 4512//42 4513//1037 4586//1051
f 4512//42 4586//1051 4585//1050
f 4513//1037 4514//972 4586//1051
f 4586//1051 4514//972 4587//58
f 4514//972 4515//951 4587//58
f 4587//58 4515//951 4588//141
f 4515//951 4516//1038 4588//141
f 4588//141 4516//1038 4589//141
f 4516//1038 4517//971 4589//141
f 4589//141 4517//971 4590//1041
f 4517//971 4518//1012 4591//969
f 4517//971 4591//969 4590//1041
f 4518//1012 4519//1039 4591//969
f 4591//969 4519//1039 4592//1052
f 4519//1039 4520//1040 4593//1053
f 4519//1039 4593//1053 4592//1052
f 4520//1040 4521//1041 4593//1053
f 4593//1053 4521//1041 4594//1011
f 4521//1041 4522//270 4595//1054
f 4521//1041 4595//1054 4594//1011
f 4522//270 4523//270 4596//924
f 4522//270 4596//924 4595//1054
f 4523//270 4524//270 4597//545
f 4523//270 4597//545 4596//924
f 4524//270 4525//840 4598//840
f 4524//270 4598//840 4597//545
f 4525//840 4526//58 4599//960
f 4525//840 4599//960 4598//840
f 4526//58 4527//58 4599//960
f 4599//960 4527//58 4600//972
f 4527//58 4528//1042 4600//972
f 4600//972 4528//1042 4601//1055
f 4528//1042 4529//1043 4601//1055
f 4601//1055 4529//1043 4602//1056
f 4530//1044 4531//1045 4603//1057
f 4603//1057 4531//1045 4604//1058
f 4531//1045 4532//859 4604//1058
f 4604//1058 4532//859 4605//168
f 4532//859 4533//999 4606//781
f 4532//859 4606//781 4605//168
f 4533//999 4534//1000 4607//1059
f 4533//999 4607//1059 4606//781
f 4534//1000 4535//612 4608//694
f 4534//1000 4608//694 4607//1059
f 4535//612 4536//613 4608//694
f 4608//694 4536//613 4609//603
f 4536//613 4537//665 4610//171
f 4536//613 4610//171 4609//603
f 4537//665 4538//665 4611//665
f 4537//665 4611//665 4610//171
f 4538//665 4539//171 4612//665
f 4538//665 4612//665 4611//665
f 4539//171 4540//638 4613//943
f 4539//171 4613//943 4612//665
f 4540//638 4541//720 4613//943
f 4613//943 4541//720 4614//171
f 4541//720 4542//185 4614//171
f 4614//171 4542//185 4615//603
f 4542//185 4543//664 4615//603
f 4615//603 4543//664 4616//612
f 4543//664 4544//94 4616//612
f 4616//612 4544//94 4617//94
f 4544//94 4545//58 4617//94
f 4617//94 4545//58 4618//58
f 4545//58 4546//58 4618//58
f 4618//58 4546//58 4619//58
f 4546//58 4547//94 4619//58
f 4619//58 4547//94 4620//94
f 4547//94 4548//94 4620//94
f 4620//94 4548//94 4621//94
f 4548//94 4549//76 4621//94
f 4621//94 4549//76 4622//76
f 4549//76 4550//77 4622//76
f 4622//76 4550//77 4623//77
f 4550//77 4551//58 4623//77
f 4623//77 4551//58 4624//468
f 4551//58 4552//447 4624//468
f 4624//468 4552//447 4625//396
f 4552//447 4553//397 4625//396
f 4625//396 4553//397 4626//58
f 4553//397 4554//76 4626//58
f 4626//58 4554//76 4627//76
f 4554//76 4555//77 4627//76
f 4627//76 4555//77 4628//77
f 4555//77 4556//58 4628//77
f 4628//77 4556//58 4629//58
f 4556//58 4557//58 4629//58
f 4629//58 4557//58 4630//58
f 4557//58 4558//76 4630//58
f 4630//58 4558//76 4631//74
f 4558//76 4559//77 4631//74
f 4631//74 4559//77 4632//75
f 4559//77 4560//58 4632//75
f 4632//75 4560//58 4633//58
f 4560//58 4561//76 4633//58
f 4633//58 4561//76 4634//60
f 4561//76 4562//77 4634//60
f 4634//60 4562//77 4635//430
f 4562//77 4563//589 4635//430
f 4635//430 4563//589 4636//1049
f 4563//589 4564//58 4637//1060
f 4563//589 4637//1060 4636//1049
f 4564//58 4565//77 4637//1060
f 4637//1060 4565//77 4638//60
f 4565//77 4566//76 4638//60
f 4638//60 4566//76 4639//112
f 4566//76 4567//58 4639//112
f 4639//112 4567//58 4640//39
f 4567//58 4568//292 4640//39
f 4640//39 4568//292 4641//127
f 4568//292 4569//313 4641//127
f 4641//127 4569//313 4642//58
f 4569//313 4570//313 4643//127
f 4569//313 4643//127 4642//58
f 4570//313 4571//39 4643//127
f 4643//127 4571//39 4644//39
f 4571//39 4572//113 4644//39
f 4644//39 4572//113 4645//313
f 4572//113 4573//58 4646//1061
f 4572//113 4646//1061 4645//313
f 4573//58 4574//1046 4646//1061
f 4646//1061 4574//1046 4647//1062
f 4574//1046 4575//1047 4648//313
f 4574//1046 4648//313 4647//1062
f 4575//1047 4576//313 4648//313
f 4648//313 4576//313 4649//318
f 4576//313 4577//1048 4650//1063
f 4576//313 4650//1063 4649//318
f 4577//1048 4578//315 4651//315
f 4577//1048 4651//315 4650//1063
f 4578//315 4579//315 4652//1023
f 4578//315 4652//1023 4651//315
f 4579//315 4580//1023 4652//1023
f 4652//1023 4580//1023 4653//315
f 4580//1023 4581//1049 4654//313
f 4580//1023 4654//313 4653//315
f 4581//1049 4582//313 4654//313
f 4654//313 4582//313 4655//1005
f 4582//313 4583//211 4656//1064
f 4582//313 4656//1064 4655//1005
f 4583//211 4584//58 4657//313
f 4583//211 4657//313 4656//1064
f 4584//58 4585//1050 4657//313
f 4657//313 4585//1050 4658//1005
f 4585//1050 4586//1051 4659//42
f 4585//1050 4659//42 4658//1005
f 4586//1051 4587//58 4660//1065
f 4586//1051 4660//1065 4659//42
f 4587//58 4588//141 4660//1065
f 4660//1065 4588//141 4661//545
f 4588//141 4589//141 4661//545
f 4661//545 4589//141 4662//1066
f 4589//141 4590//1041 4662//1066
f 4662//1066 4590//1041 4663//1011
f 4590//1041 4591//969 4664//910
f 4590//1041 4664//910 4663//1011
f 4591//969 4592//1052 4664//910
f 4664//910 4592//1052 4665//723
f 4592//1052 4593//1053 4666//1067
f 4592//1052 4666//1067 4665//723
f 4593//1053 4594//1011 4666//1067
f 4666//1067 4594//1011 4667//889
f 4594//1011 4595//1054 4667//889
f 4667//889 4595//1054 4668//81
f 4595//1054 4596//924 4668//81
f 4668//81 4596//924 4669//101
f 4596//924 4597//545 4669//101
f 4669//101 4597//545 4670//141
f 4597//545 4598//840 4670//141
f 4670//141 4598//840 4671//58
f 4598//840 4599//960 4672//923
f 4598//840 4672//923 4671//58
f 4599//960 4600//972 4672//923
f 4672//923 4600//972 4673//1068
f 4600//972 4601//1055 4673//1068
f 4673//1068 4601//1055 4674//1069
f 4601//1055 4602//1056 4674//1069
f 4603//1057 4604//1058 4675//1070
f 4604//1058 4605//168 4676//1071
f 4604//1058 4676//1071 4675//1070
f 4605//168 4606//781 4676//1071
f 4676//1071 4606//781 4677//846
f 4606//781 4607//1059 4677//846
f 4677//846 4607//1059 4678//1072
f 4607//1059 4608//694 4678//1072
f 4678//1072 4608//694 4679//931
f 4608//694 4609//603 4679//931
f 4679//931 4609//603 4680//171
f 4609//603 4610//171 4680//171
f 4680//171 4610//171 4681//638
f 4610//171 4611//665 4681//638
f 4681//638 4611//665 4682//851
f 4611//665 4612//665 4682//851
f 4682//851 4612//665 4683//851
f 4612//665 4613//943 4683//851
f 4683//851 4613//943 4684//603
f 4613//943 4614//171 4685//185
f 4613//943 4685//185 4684//603
f 4614//171 4615//603 4686//664
f 4614//171 4686//664 4685//185
f 4615//603 4616//612 4686//664
f 4686//664 4616//612 4687//612
f 4616//612 4617//94 4687//612
f 4687//612 4617//94 4688//94
f 4617//94 4618//58 4688//94
f 4688//94 4618//58 4689//58
f 4618//58 4619//58 4689//58
f 4689//58 4619//58 4690//58
f 4619//58 4620//94 4690//58
f 4690//58 4620//94 4691//94
f 4620//94 4621//94 4691//94
f 4691//94 4621//94 4692//94
f 4621//94 4622//76 4692//94
f 4692//94 4622//76 4693//76
f 4622//76 4623//77 4693//76
f 4693//76 4623//77 4694//77
f 4623//77 4624//468 4694//77
f 4694//77 4624//468 4695//74
f 4624//468 4625//396 4695//74
f 4695//74 4625//396 4696//59
f 4625//396 4626//58 4696//59
f 4696//59 4626//58 4697//58
f 4626//58 4627//76 4697//58
f 4697//58 4627//76 4698//74
f 4627//76 4628//77 4698//74
f 4698//74 4628//77 4699//259
f 4628//77 4629//58 4699//259
f 4699//259 4629//58 4700//58
f 4629//58 4630//58 4700//58
f 4700//58 4630//58 4701//58
f 4630//58 4631//74 4701//58
f 4701//58 4631//74 4702//58
f 4631//74 4632//75 4703//211
f 4631//74 4703//211 4702//58
f 4632//75 4633//58 4704//211
f 4632//75 4704//211 4703//211
f 4633//58 4634//60 4704//211
f 4704//211 4634//60 4705//58
f 4634//60 4635//430 4706//73
f 4634//60 4706//73 4705//58
f 4635//430 4636//1049 4706//73
f 4706//73 4636//1049 4707//76
f 4636//1049 4637//1060 4707//76
f 4707//76 4637//1060 4708//77
f 4637//1060 4638//60 4708//77
f 4708//77 4638//60 4709//58
f 4638//60 4639//112 4710//127
f 4638//60 4710//127 4709//58
f 4639//112 4640//39 4710//127
f 4710//127 4640//39 4711//39
f 4640//39 4641//127 4711//39
f 4711//39 4641//127 4712//313
f 4641//127 4642//58 4713//313
f 4641//127 4713//313 4712//313
f 4642//58 4643//127 4713//313
f 4713//313 4643//127 4714//39
f 4643//127 4644//39 4714//39
f 4714//39 4644//39 4715//39
f 4644//39 4645//313 4715//39
f 4715//39 4645//313 4716//1047
f 4645//313 4646//1061 4717//1046
f 4645//313 4717//1046 4716//1047
f 4646//1061 4647//1062 4717//1046
f 4717//1046 4647//1062 4718//1046
f 4647//1062 4648//313 4719//1047
f 4647//1062 4719//1047 4718//1046
f 4648//313 4649//318 4719//1047
f 4719//1047 4649//318 4720//39
f 4649//318 4650//1063 4720//39
f 4720//39 4650//1063 4721//313
f 4650//1063 4651//315 4722//1048
f 4650//1063 4722//1048 4721//313
f 4651//315 4652//1023 4722//1048
f 4722//1048 4652//1023 4723//315
f 4652//1023 4653//315 4724//934
f 4652//1023 4724//934 4723//315
f 4653//315 4654//313 4725//1022
f 4653//315 4725//1022 4724//934
f 4654//313 4655//1005 4725//1022
f 4725//1022 4655//1005 4726//1073
f 4655//1005 4656//1064 4727//315
f 4655//1005 4727//315 4726//1073
f 4656//1064 4657//313 4728//1074
f 4656//1064 4728//1074 4727//315
f 4657//313 4658//1005 4728//1074
f 4728//1074 4658//1005 4729//1075
f 4658//1005 4659//42 4730//1076
f 4658//1005 4730//1076 4729//1075
f 4659//42 4660//1065 4731//62
f 4659//42 4731//62 4730//1076
f 4660//1065 4661//545 4732//98
f 4660//1065 4732//98 4731//62
f 4661//545 4662//1066 4733//166
f 4661//545 4733//166 4732//98
f 4662//1066 4663//1011 4733//166
f 4733//166 4663//1011 4734//889
f 4663//1011 4664//910 4734//889
f 4734//889 4664//910 4735//922
f 4664//910 4665//723 4735//922
f 4735//922 4665//723 4736//1038
f 4665//723 4666//1067 4736//1038
f 4736//1038 4666//1067 4737//100
f 4666//1067 4667//889 4737//100
f 4737//100 4667//889 4738//58
f 4667//889 4668//81 4739//840
f 4667//889 4739//840 4738//58
f 4668//81 4669//101 4740//115
f 4668//81 4740//115 4739//840
f 4669//101 4670//141 4740//115
f 4740//115 4670//141 4741//922
f 4670//141 4671//58 4741//922
f 4741//922 4671//58 4742//923
f 4671//58 4672//923 4742//923
f 4742//923 4672//923 4743//58
f 4672//923 4673//1068 4743//58
f 4743//58 4673//1068 4744//1077
f 4673//1068 4674//1069 4744//1077
f 4744//1077 4674//1069 4745//1078
f 4675//1070 4676//1071 4746//1079
f 4746//1079 4676//1071 4747//1080
f 4676//1071 4677//846 4747//1080
f 4747//1080 4677//846 4748//1081
f 4677//846 4678//1072 4748//1081
f 4748//1081 4678//1072 4749//1072
f 4678//1072 4679//931 4749//1072
f 4749//1072 4679//931 4750//731
f 4679//931 4680//171 4751//185
f 4679//931 4751//185 4750//731
f 4680//171 4681//638 4752//664
f 4680//171 4752//664 4751//185
f 4681//638 4682//851 4752//664
f 4752//664 4682//851 4753//851
f 4682//851 4683//851 4753//851
f 4753//851 4683//851 4754//851
f 4683//851 4684//603 4754//851
f 4754//851 4684//603 4755//94
f 4684//603 4685//185 4755//94
f 4755//94 4685//185 4756//94
f 4685//185 4686//664 4756//94
f 4756//94 4686//664 4757//612
f 4686//664 4687//612 4757//612
f 4757//612 4687//612 4758//612
f 4687//612 4688//94 4758//612
f 4758//612 4688//94 4759//94
f 4688//94 4689//58 4759//94
f 4759//94 4689//58 4760//58
f 4689//58 4690//58 4760//58
f 4760//58 4690//58 4761//58
f 4690//58 4691//94 4761//58
f 4761//58 4691//94 4762//94
f 4691//94 4692//94 4762//94
f 4762//94 4692//94 4763//94
f 4692//94 4693//76 4763//94
f 4763//94 4693//76 4764//60
f 4693//76 4694//77 4764//60
f 4764//60 4694//77 4765//291
f 4694//77 4695//74 4765//291
f 4765//291 4695//74 4766//1005
f 4695//74 4696//59 4767//934
f 4695//74 4767//934 4766//1005
f 4696//59 4697//58 4768//211
f 4696//59 4768//211 4767//934
f 4697//58 4698//74 4768//211
f 4768//211 4698//74 4769//58
f 4698//74 4699//259 4770//75
f 4698//74 4770//75 4769//58
f 4699//259 4700//58 4771//74
f 4699//259 4771//74 4770//75
f 4700//58 4701//58 4771//74
f 4771//74 4701//58 4772//58
f 4701//58 4702//58 4772//58
f 4772//58 4702//58 4773//58
f 4702//58 4703//211 4773//58
f 4773//58 4703//211 4774//58
f 4703//211 4704//211 4775//211
f 4703//211 4775//211 4774//58
f 4704//211 4705//58 4776//211
f 4704//211 4776//211 4775//211
f 4705//58 4706//73 4776//211
f 4776//211 4706//73 4777//58
f 4706//73 4707//76 4777//58
f 4777//58 4707//76 4778//76
f 4707//76 4708//77 4778//76
f 4778//76 4708//77 4779//77
f 4708//77 4709//58 4779//77
f 4779//77 4709//58 4780//366
f 4709//58 4710//127 4780//366
f 4780//366 4710//127 4781//113
f 4710//127 4711//39 4781//113
f 4781//113 4711//39 4782//58
f 4711//39 4712//313 4782//58
f 4782//58 4712//313 4783//58
f 4712//313 4713//313 4784//127
f 4712//313 4784//127 4783//58
f 4713//313 4714//39 4784//127
f 4784//127 4714//39 4785//39
f 4714//39 4715//39 4785//39
f 4785//39 4715//39 4786//39
f 4715//39 4716//1047 4786//39
f 4786//39 4716//1047 4787//313
f 4716//1047 4717//1046 4788//1061
f 4716//1047 4788//1061 4787//313
f 4717//1046 4718//1046 4788//1061
f 4788//1061 4718//1046 4789//1082
f 4718//1046 4719//1047 4790//212
f 4718//1046 4790//212 4789//1082
f 4719//1047 4720//39 4790//212
f 4790//212 4720//39 4791//58
f 4720//39 4721//313 4791//58
f 4791//58 4721//313 4792//58
f 4721//313 4722//1048 4793//259
f 4721//313 4793//259 4792//58
f 4722//1048 4723//315 4794//61
f 4722//1048 4794//61 4793//259
f 4723//315 4724//934 4795//211
f 4723//315 4795//211 4794//61
f 4724//934 4725//1022 4796//1061
f 4724//934 4796//1061 4795//211
f 4725//1022 4726//1073 4796//1061
f 4796//1061 4726//1073 4797//1062
f 4726//1073 4727//315 4798//1048
f 4726//1073 4798//1048 4797//1062
f 4727//315 4728//1074 4798//1048
f 4798//1048 4728//1074 4799//1024
f 4728//1074 4729//1075 4799//1024
f 4799//1024 4729//1075 4800//1083
f 4729//1075 4730//1076 4801//1084
f 4729//1075 4801//1084 4800//1083
f 4730//1076 4731//62 4801//1084
f 4801//1084 4731//62 4802//98
f 4731//62 4732//98 4802//98
f 4802//98 4732//98 4803//268
f 4732//98 4733//166 4803//268
f 4803//268 4733//166 4804//1025
f 4733//166 4734//889 4804//1025
f 4804//1025 4734//889 4805//58
f 4734//889 4735//922 4806//948
f 4734//889 4806//948 4805//58
f 4735//922 4736//1038 4806//948
f 4806//948 4736//1038 4807//951
f 4736//1038 4737//100 4808//115
f 4736//1038 4808//115 4807//951
f 4737//100 4738//58 4809//840
f 4737//100 4809//840 4808//115
f 4738//58 4739//840 4809//840
f 4809//840 4739//840 4810//58
f 4739//840 4740//115 4811//81
f 4739//840 4811//81 4810//58
f 4740//115 4741//922 4812//1085
f 4740//115 4812//1085 4811//81
f 4741//922 4742//923 4812//1085
f 4812//1085 4742//923 4813//1086
f 4742//923 4743//58 4814//949
f 4742//923 4814//949 4813//1086
f 4743//58 4744//1077 4814//949
f 4814//949 4744//1077 4815//1087
f 4744//1077 4745//1078 4815//1087
f 4815//1087 4745//1078 4816//1088
f 4746//1079 4747//1080 4817//1089
f 4747//1080 4748//1081 4818//1090
f 4747//1080 4818//1090 4817//1089
f 4748//1081 4749//1072 4818//1090
f 4818//1090 4749//1072 4819//1091
f 4749//1072 4750//731 4819//1091
f 4819//1091 4750//731 4820//634
f 4750//731 4751//185 4820//634
f 4820//634 4751//185 4821//94
f 4751//185 4752//664 4821//94
f 4821//94 4752//664 4822//612
f 4752//664 4753//851 4822//612
f 4822//612 4753//851 4823//851
f 4753//851 4754//851 4823//851
f 4823//851 4754//851 4824//851
f 4754//851 4755//94 4824//851
f 4824//851 4755//94 4825//94
f 4755//94 4756//94 4825//94
f 4825//94 4756//94 4826//94
f 4756//94 4757//612 4826//94
f 4826//94 4757//612 4827//612
f 4757//612 4758//612 4827//612
f 4827//612 4758//612 4828//613
f 4758//612 4759//94 4828//613
f 4828//613 4759//94 4829//171
f 4759//94 4760//58 4829//171
f 4829//171 4760//58 4830//58
f 4760//58 4761//58 4830//58
f 4830//58 4761//58 4831//58
f 4761//58 4762//94 4831//58
f 4831//58 4762//94 4832//94
f 4762//94 4763//94 4832//94
f 4832//94 4763//94 4833//94
f 4763//94 4764//60 4833//94
f 4833//94 4764//60 4834//58
f 4764//60 4765//291 4835//127
f 4764//60 4835//127 4834//58
f 4765//291 4766//1005 4835//127
f 4835//127 4766//1005 4836//313
f 4766//1005 4767//934 4837//934
f 4766//1005 4837//934 4836//313
f 4767//934 4768//211 4838//1092
f 4767//934 4838//1092 4837//934
f 4768//211 4769//58 4839//74
f 4768//211 4839//74 4838//1092
f 4769//58 4770//75 4839//74
f 4839//74 4770//75 4840//74
f 4770//75 4771//74 4840//74
f 4840//74 4771//74 4841//291
f 4771//74 4772//58 4841//291
f 4841//291 4772//58 4842//113
f 4772//58 4773//58 4842//113
f 4842//113 4773//58 4843//58
f 4773//58 4774//58 4843//58
f 4843//58 4774//58 4844//58
f 4774//58 4775//211 4844//58
f 4844//58 4775//211 4845//58
f 4775//211 4776//211 4846//211
f 4775//211 4846//211 4845//58
f 4776//211 4777//58 4847//211
f 4776//211 4847//211 4846//211
f 4777//58 4778//76 4847//211
f 4847//211 4778//76 4848//1003
f 4778//76 4779//77 4848//1003
f 4848//1003 4779//77 4849//430
f 4779//77 4780//366 4849//430
f 4849//430 4780//366 4850//1093
f 4780//366 4781//113 4850//1093
f 4850//1093 4781//113 4851//1094
f 4781//113 4782//58 4852//313
f 4781//113 4852//313 4851//1094
f 4782//58 4783//58 4852//313
f 4852//313 4783//58 4853//113
f 4783//58 4784//127 4853//113
f 4853//113 4784//127 4854//58
f 4784//127 4785//39 4854//58
f 4854//58 4785//39 4855//57
f 4785//39 4786//39 4855//57
f 4855//57 4786//39 4856//39
f 4786//39 4787//313 4856//39
f 4856//39 4787//313 4857//1005
f 4787//313 4788//1061 4858//1046
f 4787//313 4858//1046 4857//1005
f 4788//1061 4789//1082 4858//1046
f 4858//1046 4789//1082 4859//58
f 4789//1082 4790//212 4860//212
f 4789//1082 4860//212 4859//58
f 4790//212 4791//58 4861//212
f 4790//212 4861//212 4860//212
f 4791//58 4792//58 4861//212
f 4861//212 4792//58 4862//58
f 4792//58 4793//259 4862//58
f 4862//58 4793//259 4863//74
f 4793//259 4794//61 4863//74
f 4863//74 4794//61 4864//259
f 4794//61 4795//211 4864//259
f 4864//259 4795//211 4865//58
f 4795//211 4796//1061 4866//73
f 4795//211 4866//73 4865//58
f 4796//1061 4797//1062 4866//73
f 4866//73 4797//1062 4867//58
f 4797//1062 4798//1048 4868//211
f 4797//1062 4868//211 4867//58
f 4798//1048 4799//1024 4869//313
f 4798//1048 4869//313 4868//211
f 4799//1024 4800//1083 4869//313
f 4869//313 4800//1083 4870//1095
f 4800//1083 4801//1084 4871//1096
f 4800//1083 4871//1096 4870//1095
f 4801//1084 4802//98 4872//934
f 4801//1084 4872//934 4871//1096
f 4802//98 4803//268 4873//994
f 4802//98 4873//994 4872//934
f 4803//268 4804//1025 4873//994
f 4873//994 4804//1025 4874//1026
f 4804//1025 4805//58 4875//1026
f 4804//1025 4875//1026 4874//1026
f 4805//58 4806//948 4875//1026
f 4875//1026 4806//948 4876//1025
f 4806//948 4807//951 4876//1025
f 4876//1025 4807//951 4877//545
f 4807//951 4808//115 4877//545
f 4877//545 4808//115 4878//116
f 4808//115 4809//840 4879//270
f 4808//115 4879//270 4878//116
f 4809//840 4810//58 4880//949
f 4809//840 4880//949 4879//270
f 4810//58 4811//81 4880//949
f 4880//949 4811//81 4881//545
f 4811//81 4812//1085 4881//545
f 4881//545 4812//1085 4882//1011
f 4812//1085 4813//1086 4882//1011
f 4882//1011 4813//1086 4883//1097
f 4813//1086 4814//949 4884//1098
f 4813//1086 4884//1098 4883//1097
f 4814//949 4815//1087 4885//1099
f 4814//949 4885//1099 4884//1098
f 4815//1087 4816//1088 4885//1099
f 4885//1099 4816//1088 4886//1100
f 4817//1089 4818//1090 4887//1101
f 4818//1090 4819//1091 4888//1102
f 4818//1090 4888//1102 4887//1101
f 4819//1091 4820//634 4888//1102
f 4888//1102 4820//634 4889//809
f 4820//634 4821//94 4889//809
f 4889//809 4821//94 4890//603
f 4821//94 4822//612 4890//603
f 4890//603 4822//612 4891//612
f 4822//612 4823//851 4891//612
f 4891//612 4823//851 4892//851
f 4823//851 4824//851 4892//851
f 4892//851 4824//851 4893//664
f 4824//851 4825//94 4893//664
f 4893//664 4825//94 4894//171
f 4825//94 4826//94 4894//171
f 4894//171 4826//94 4895//603
f 4826//94 4827//612 4895//603
f 4895//603 4827//612 4896//612
f 4827//612 4828//613 4896//612
f 4896//612 4828//613 4897//720
f 4828//613 4829//171 4898//185
f 4828//613 4898//185 4897//720
f 4829//171 4830//58 4899//170
f 4829//171 4899//170 4898//185
f 4830//58 4831//58 4899//170
f 4899//170 4831//58 4900//58
f 4831//58 4832//94 4900//58
f 4900//58 4832//94 4901//94
f 4832//94 4833//94 4901//94
f 4901//94 4833//94 4902//94
f 4833//94 4834//58 4902//94
f 4902//94 4834//58 4903//58
f 4834//58 4835//127 4903//58
f 4903//58 4835//127 4904//58
f 4835//127 4836//313 4904//58
f 4904//58 4836//313 4905//58
f 4836//313 4837//934 4906//212
f 4836//313 4906//212 4905//58
f 4837//934 4838//1092 4907//316
f 4837//934 4907//316 4906//212
f 4838//1092 4839//74 4907//316
f 4907//316 4839//74 4908//291
f 4839//74 4840//74 4908//291
f 4908//291 4840//74 4909//1005
f 4840//74 4841//291 4910//1047
f 4840//74 4910//1047 4909//1005
f 4841//291 4842//113 4910//1047
f 4910//1047 4842//113 4911//313
f 4842//113 4843//58 4912//313
f 4842//113 4912//313 4911//313
f 4843//58 4844//58 4912//313
f 4912//313 4844//58 4913//39
f 4844//58 4845//58 4913//39
f 4913//39 4845//58 4914//113
f 4845//58 4846//211 4914//113
f 4914//113 4846//211 4915//58
f 4846//211 4847//211 4916//1103
f 4846//211 4916//1103 4915//58
f 4847//211 4848//1003 4917//1104
f 4847//211 4917//1104 4916//1103
f 4848//1003 4849//430 4918//1105
f 4848//1003 4918//1105 4917//1104
f 4849//430 4850//1093 4918//1105
f 4918//1105 4850//1093 4919//39
f 4850//1093 4851//1094 4919//39
f 4919//39 4851//1094 4920//318
f 4851//1094 4852//313 4921//1023
f 4851//1094 4921//1023 4920//318
f 4852//313 4853//113 4921//1023
f 4921//1023 4853//113 4922//315
f 4853//113 4854//58 4923//1061
f 4853//113 4923//1061 4922//315
f 4854//58 4855//57 4923//1061
f 4923//1061 4855//57 4924//1093
f 4855//57 4856//39 4924//1093
f 4924//1093 4856//39 4925//39
f 4856//39 4857//1005 4925//39
f 4925//39 4857//1005 4926//313
f 4857//1005 4858//1046 4927//313
f 4857//1005 4927//313 4926//313
f 4858//1046 4859//58 4927//313
f 4927//313 4859//58 4928//113
f 4859//58 4860//212 4928//113
f 4928//113 4860//212 4929//58
f 4860//212 4861//212 4930//212
f 4860//212 4930//212 4929//58
f 4861//212 4862//58 4931//211
f 4861//212 4931//211 4930//212
f 4862//58 4863//74 4931//211
f 4931//211 4863//74 4932//58
f 4863//74 4864//259 4933//212
f 4863//74 4933//212 4932//58
f 4864//259 4865//58 4934//211
f 4864//259 4934//211 4933//212
f 4865//58 4866//73 4934//211
f 4934//211 4866//73 4935//58
f 4866//73 4867//58 4935//58
f 4935//58 4867//58 4936//58
f 4867//58 4868//211 4936//58
f 4936//58 4868//211 4937//58
f 4868//211 4869//313 4938//292
f 4868//211 4938//292 4937//58
f 4869//313 4870//1095 4938//292
f 4938//292 4870//1095 4939//313
f 4870//1095 4871//1096 4940//1106
f 4870//1095 4940//1106 4939//313
f 4871//1096 4872//934 4941//1106
f 4871//1096 4941//1106 4940//1106
f 4872//934 4873//994 4942//313
f 4872//934 4942//313 4941//1106
f 4873//994 4874//1026 4942//313
f 4942//313 4874//1026 4943//1005
f 4874//1026 4875//1026 4944//994
f 4874//1026 4944//994 4943//1005
f 4875//1026 4876//1025 4944//994
f 4944//994 4876//1025 4945//281
f 4876//1025 4877//545 4946//98
f 4876//1025 4946//98 4945//281
f 4877//545 4878//116 4947//81
f 4877//545 4947//81 4946//98
f 4878//116 4879//270 4948//545
f 4878//116 4948//545 4947//81
f 4879//270 4880//949 4949//840
f 4879//270 4949//840 4948//545
f 4880//949 4881//545 4950//1012
f 4880//949 4950//1012 4949//840
f 4881//545 4882//1011 4951//1107
f 4881//545 4951//1107 4950//1012
f 4882//1011 4883//1097 4951//1107
f 4951//1107 4883//1097 4952//58
f 4883//1097 4884//1098 4953//840
f 4883//1097 4953//840 4952//58
f 4884//1098 4885//1099 4954//1108
f 4884//1098 4954//1108 4953//840
f 4885//1099 4886//1100 4955//1109
f 4885//1099 4955//1109 4954//1108
f 4886//1100 4956//1110 4955//1109
f 4887//1101 4888//1102 4957//1111
f 4957//1111 4888//1102 4958//1112
f 4888//1102 4889//809 4959//1113
f 4888//1102 4959//1113 4958//1112
f 4889//809 4890//603 4960//849
f 4889//809 4960//849 4959//1113
f 4890//603 4891//612 4960//849
f 4960//849 4891//612 4961//665
f 4891//612 4892//851 4961//665
f 4961//665 4892//851 4962//707
f 4892//851 4893//664 4962//707
f 4962//707 4893//664 4963//94
f 4893//664 4894//171 4964//185
f 4893//664 4964//185 4963//94
f 4894//171 4895//603 4965//943
f 4894//171 4965//943 4964//185
f 4895//603 4896//612 4965//943
f 4965//943 4896//612 4966//707
f 4896//612 4897//720 4966//707
f 4966//707 4897//720 4967//615
f 4897//720 4898//185 4967//615
f 4967//615 4898//185 4968//94
f 4898//185 4899//170 4968//94
f 4968//94 4899//170 4969//94
f 4899//170 4900//58 4969//94
f 4969//94 4900//58 4970//58
f 4900//58 4901//94 4970//58
f 4970//58 4901//94 4971//170
f 4901//94 4902//94 4971//170
f 4971//170 4902//94 4972//171
f 4902//94 4903//58 4972//171
f 4972//171 4903//58 4973//58
f 4903//58 4904//58 4973//58
f 4973//58 4904//58 4974//58
f 4904//58 4905//58 4974//58
f 4974//58 4905//58 4975//58
f 4905//58 4906//212 4975//58
f 4975//58 4906//212 4976//58
f 4906//212 4907//316 4977//59
f 4906//212 4977//59 4976//58
f 4907//316 4908//291 4978//1035
f 4907//316 4978//1035 4977//59
f 4908//291 4909//1005 4978//1035
f 4978//1035 4909//1005 4979//313
f 4909//1005 4910//1047 4980//211
f 4909//1005 4980//211 4979//313
f 4910//1047 4911//313 4980//211
f 4980//211 4911//313 4981//58
f 4911//313 4912//313 4982//292
f 4911//313 4982//292 4981//58
f 4912//313 4913//39 4982//292
f 4982//292 4913//39 4983//39
f 4913//39 4914//113 4983//39
f 4983//39 4914//113 4984//313
f 4914//113 4915//58 4985//1061
f 4914//113 4985//1061 4984//313
f 4915//58 4916//1103 4985//1061
f 4985//1061 4916//1103 4986//431
f 4916//1103 4917//1104 4987//1063
f 4916//1103 4987//1063 4986//431
f 4917//1104 4918//1105 4987//1063
f 4987//1063 4918//1105 4988//1024
f 4918//1105 4919//39 4988//1024
f 4988//1024 4919//39 4989//39
f 4919//39 4920//318 4989//39
f 4989//39 4920//318 4990//39
f 4920//318 4921//1023 4990//39
f 4990//39 4921//1023 4991//313
f 4921//1023 4922//315 4992//1114
f 4921//1023 4992//1114 4991//313
f 4922//315 4923//1061 4993//1046
f 4922//315 4993//1046 4992//1114
f 4923//1061 4924//1093 4993//1046
f 4993//1046 4924//1093 4994//589
f 4924//1093 4925//39 4994//589
f 4994//589 4925//39 4995//58
f 4925//39 4926//313 4995//58
f 4995//58 4926//313 4996//58
f 4926//313 4927//313 4997//292
f 4926//313 4997//292 4996//58
f 4927//313 4928//113 4997//292
f 4997//292 4928//113 4998//313
f 4928//113 4929//58 4999//211
f 4928//113 4999//211 4998//313
f 4929//58 4930//212 4999//211
f 4999//211 4930//212 5000//58
f 4930//212 4931//211 5001//212
f 4930//212 5001//212 5000//58
f 4931//211 4932//58 5002//313
f 4931//211 5002//313 5001//212
f 4932//58 4933//212 5002//313
f 5002//313 4933//212 5003//1047
f 4933//212 4934//211 5004//1114
f 4933//212 5004//1114 5003//1047
f 4934//211 4935//58 5005//313
f 4934//211 5005//313 5004//1114
f 4935//58 4936//58 5005//313
f 5005//313 4936//58 5006//292
f 4936//58 4937//58 5006//292
f 5006//292 4937//58 5007//58
f 4937//58 4938//292 5007//58
f 5007//58 4938//292 5008//58
f 4938//292 4939//313 5008//58
f 5008//58 4939//313 5009//58
f 4939//313 4940//1106 5010//59
f 4939//313 5010//59 5009//58
f 4940//1106 4941//1106 5011//945
f 4940//1106 5011//945 5010//59
f 4941//1106 4942//313 5012//1035
f 4941//1106 5012//1035 5011//945
f 4942//313 4943//1005 5012//1035
f 5012//1035 4943//1005 5013//313
f 4943//1005 4944//994 5014//313
f 4943//1005 5014//313 5013//313
f 4944//994 4945//281 5014//313
f 5014//313 4945//281 5015//1115
f 4945//281 4946//98 5015//1115
f 5015//1115 4946//98 5016//155
f 4946//98 4947//81 5016//155
f 5016//155 4947//81 5017//101
f 4947//81 4948//545 5017//101
f 5017//101 4948//545 5018//141
f 4948//545 4949//840 5018//141
f 5018//141 4949//840 5019//58
f 4949//840 4950//1012 5020//923
f 4949//840 5020//923 5019//58
f 4950//1012 4951//1107 5020//923
f 5020//923 4951//1107 5021//935
f 4951//1107 4952//58 5022//672
f 4951//1107 5022//672 5021//935
f 4952//58 4953//840 5022//672
f 5022//672 4953//840 5023//58
f 4953//840 4954//1108 5024//1116
f 4953//840 5024//1116 5023//58
f 4954//1108 4955//1109 5025//1117
f 4954//1108 5025//1117 5024//1116
f 4955//1109 4956//1110 5025//1117
f 5025//1117 4956//1110 5026//1118
f 4957//1111 4958//1112 5028//1119
f 4957//1111 5028//1119 5027//1120
f 4958//1112 4959//1113 5029//1121
f 4958//1112 5029//1121 5028//1119
f 4959//1113 4960//849 5030//1113
f 4959//1113 5030//1113 5029//1121
f 4960//849 4961//665 5031//1122
f 4960//849 5031//1122 5030//1113
f 4961//665 4962//707 5032//835
f 4961//665 5032//835 5031//1122
f 4962//707 4963//94 5033//812
f 4962//707 5033//812 5032//835
f 4963//94 4964//185 5033//812
f 5033//812 4964//185 5034//603
f 4964//185 4965//943 5034//603
f 5034//603 4965//943 5035//603
f 4965//943 4966//707 5036//812
f 4965//943 5036//812 5035//603
f 4966//707 4967//615 5037//812
f 4966//707 5037//812 5036//812
f 4967//615 4968//94 5037//812
f 5037//812 4968//94 5038//603
f 4968//94 4969//94 5038//603
f 5038//603 4969//94 5039//94
f 4969//94 4970//58 5039//94
f 5039//94 4970//58 5040//58
f 4970//58 4971//170 5040//58
f 5040//58 4971//170 5041//58
f 4971//170 4972//171 5042//185
f 4971//170 5042//185 5041//58
f 4972//171 4973//58 5043//186
f 4972//171 5043//186 5042//185
f 4973//58 4974//58 5043//186
f 5043//186 4974//58 5044//58
f 4974//58 4975//58 5044//58
f 5044//58 4975//58 5045//58
f 4975//58 4976//58 5045//58
f 5045//58 4976//58 5046//58
f 4976//58 4977//59 5046//58
f 5046//58 4977//59 5047//76
f 4977//59 4978//1035 5047//76
f 5047//76 4978//1035 5048//77
f 4978//1035 4979//313 5048//77
f 5048//77 4979//313 5049//1046
f 4979//313 4980//211 5050//1006
f 4979//313 5050//1006 5049//1046
f 4980//211 4981//58 5051//97
f 4980//211 5051//97 5050//1006
f 4981//58 4982//292 5051//97
f 5051//97 4982//292 5052//589
f 4982//292 4983//39 5052//589
f 5052//589 4983//39 5053//58
f 4983//39 4984//313 5053//58
f 5053//58 4984//313 5054//58
f 4984//313 4985//1061 5055//589
f 4984//313 5055//589 5054//58
f 4985//1061 4986//431 5055//589
f 5055//589 4986//431 5056//58
f 4986//431 4987//1063 5057//211
f 4986//431 5057//211 5056//58
f 4987//1063 4988//1024 5058//313
f 4987//1063 5058//313 5057//211
f 4988//1024 4989//39 5058//313
f 5058//313 4989//39 5059//39
f 4989//39 4990//39 5059//39
f 5059//39 4990//39 5060//39
f 4990//39 4991//313 5060//39
f 5060//39 4991//313 5061//1005
f 4991//313 4992//1114 5062//1064
f 4991//313 5062//1064 5061//1005
f 4992//1114 4993//1046 5063//1061
f 4992//1114 5063//1061 5062//1064
f 4993//1046 4994//589 5063//1061
f 5063//1061 4994//589 5064//1123
f 4994//589 4995//58 5065//74
f 4994//589 5065//74 5064//1123
f 4995//58 4996//58 5065//74
f 5065//74 4996//58 5066//58
f 4996//58 4997//292 5066//58
f 5066//58 4997//292 5067//58
f 4997//292 4998//313 5067//58
f 5067//58 4998//313 5068//58
f 4998//313 4999//211 5069//212
f 4998//313 5069//212 5068//58
f 4999//211 5000//58 5070//313
f 4999//211 5070//313 5069//212
f 5000//58 5001//212 5070//313
f 5070//313 5001//212 5071//1005
f 5001//212 5002//313 5072//1124
f 5001//212 5072//1124 5071//1005
f 5002//313 5003//1047 5072//1124
f 5072//1124 5003//1047 5073//128
f 5003//1047 5004//1114 5074//61
f 5003//1047 5074//61 5073//128
f 5004//1114 5005//313 5075//127
f 5004//1114 5075//127 5074//61
f 5005//313 5006//292 5075//127
f 5075//127 5006//292 5076//313
f 5006//292 5007//58 5077//313
f 5006//292 5077//313 5076//313
f 5007//58 5008//58 5077//313
f 5077//313 5008//58 5078//113
f 5008//58 5009//58 5078//113
f 5078//113 5009//58 5079//58
f 5009//58 5010//59 5079//58
f 5079//58 5010//59 5080//76
f 5010//59 5011//945 5080//76
f 5080//76 5011//945 5081//357
f 5011//945 5012//1035 5081//357
f 5081//357 5012//1035 5082//291
f 5012//1035 5013//313 5082//291
f 5082//291 5013//313 5083//1005
f 5013//313 5014//313 5084//1047
f 5013//313 5084//1047 5083//1005
f 5014//313 5015//1115 5084//1047
f 5084//1047 5015//1115 5085//317
f 5015//1115 5016//155 5086//1125
f 5015//1115 5086//1125 5085//317
f 5016//155 5017//101 5087//173
f 5016//155 5087//173 5086//1125
f 5017//101 5018//141 5087//173
f 5087//173 5018//141 5088//935
f 5018//141 5019//58 5088//935
f 5088//935 5019//58 5089//948
f 5019//58 5020//923 5089//948
f 5089//948 5020//923 5090//58
f 5020//923 5021//935 5090//58
f 5090//58 5021//935 5091//672
f 5021//935 5022//672 5091//672
f 5091//672 5022//672 5092//100
f 5022//672 5023//58 5092//100
f 5092//100 5023//58 5093//58
f 5023//58 5024//1116 5093//58
f 5093//58 5024//1116 5094//723
f 5024//1116 5025//1117 5095//1126
f 5024//1116 5095//1126 5094//723
f 5025//1117 5026//1118 5096//1127
f 5025//1117 5096//1127 5095//1126
f 5027//1120 5028//1119 5098//1128
f 5027//1120 5098//1128 5097//1129
f 5028//1119 5029//1121 5099//1130
f 5028//1119 5099//1130 5098//1128
f 5029//1121 5030//1113 5100//1131
f 5029//1121 5100//1131 5099//1130
f 5030//1113 5031//1122 5101//1019
f 5030//1113 5101//1019 5100//1131
f 5031//1122 5032//835 5101//1019
f 5101//1019 5032//835 5102//612
f 5032//835 5033//812 5103//707
f 5032//835 5103//707 5102//612
f 5033//812 5034//603 5104//943
f 5033//812 5104//943 5103//707
f 5034//603 5035//603 5104//943
f 5104//943 5035//603 5105//171
f 5035//603 5036//812 5105//171
f 5105//171 5036//812 5106//94
f 5036//812 5037//812 5107//707
f 5036//812 5107//707 5106//94
f 5037//812 5038//603 5108//664
f 5037//812 5108//664 5107//707
f 5038//603 5039//94 5108//664
f 5108//664 5039//94 5109//94
f 5039//94 5040//58 5109//94
f 5109//94 5040//58 5110//58
f 5040//58 5041//58 5110//58
f 5110//58 5041//58 5111//58
f 5041//58 5042//185 5111//58
f 5111//58 5042//185 5112//170
f 5042//185 5043//186 5112//170
f 5112//170 5043//186 5113//171
f 5043//186 5044//58 5113//171
f 5113//171 5044//58 5114//58
f 5044//58 5045//58 5114//58
f 5114//58 5045//58 5115//58
f 5045//58 5046//58 5115//58
f 5115//58 5046//58 5116//58
f 5046//58 5047//76 5116//58
f 5116//58 5047//76 5117//74
f 5047//76 5048//77 5117//74
f 5117//74 5048//77 5118//430
f 5048//77 5049//1046 5118//430
f 5118//430 5049//1046 5119//1049
f 5049//1046 5050//1006 5120//470
f 5049//1046 5120//470 5119//1049
f 5050//1006 5051//97 5120//470
f 5120//470 5051//97 5121//430
f 5051//97 5052//589 5121//430
f 5121//430 5052//589 5122//431
f 5052//589 5053//58 5123//313
f 5052//589 5123//313 5122//431
f 5053//58 5054//58 5123//313
f 5123//313 5054//58 5124//113
f 5054//58 5055//589 5124//113
f 5124//113 5055//589 5125//58
f 5055//589 5056//58 5125//58
f 5125//58 5056//58 5126//58
f 5056//58 5057//211 5126//58
f 5126//58 5057//211 5127//58
f 5057//211 5058//313 5128//292
f 5057//211 5128//292 5127//58
f 5058//313 5059//39 5128//292
f 5128//292 5059//39 5129//39
f 5059//39 5060//39 5129//39
f 5129//39 5060//39 5130//39
f 5060//39 5061//1005 5130//39
f 5130//39 5061//1005 5131//128
f 5061//1005 5062//1064 5132//61
f 5061//1005 5132//61 5131//128
f 5062//1064 5063//1061 5133//73
f 5062//1064 5133//73 5132//61
f 5063//1061 5064//1123 5133//73
f 5133//73 5064//1123 5134//74
f 5064//1123 5065//74 5134//74
f 5134//74 5065//74 5135//1004
f 5065//74 5066//58 5135//1004
f 5135//1004 5066//58 5136//39
f 5066//58 5067//58 5136//39
f 5136//39 5067//58 5137//292
f 5067//58 5068//58 5137//292
f 5137//292 5068//58 5138//58
f 5068//58 5069//212 5138//58
f 5138//58 5069//212 5139//58
f 5069//212 5070//313 5140//292
f 5069//212 5140//292 5139//58
f 5070//313 5071//1005 5140//292
f 5140//292 5071//1005 5141//1132
f 5071//1005 5072//1124 5142//60
f 5071//1005 5142//60 5141//1132
f 5072//1124 5073//128 5142//60
f 5142//60 5073//128 5143//74
f 5073//128 5074//61 5143//74
f 5143//74 5074//61 5144//291
f 5074//61 5075//127 5144//291
f 5144//291 5075//127 5145//127
f 5075//127 5076//313 5145//127
f 5145//127 5076//313 5146//58
f 5076//313 5077//313 5147//127
f 5076//313 5147//127 5146//58
f 5077//313 5078//113 5147//127
f 5147//127 5078//113 5148//313
f 5078//113 5079//58 5149//211
f 5078//113 5149//211 5148//313
f 5079//58 5080//76 5149//211
f 5149//211 5080//76 5150//1003
f 5080//76 5081//357 5150//1003
f 5150//1003 5081//357 5151//1006
f 5081//357 5082//291 5152//1047
f 5081//357 5152//1047 5151//1006
f 5082//291 5083//1005 5152//1047
f 5152//1047 5083//1005 5153//313
f 5083//1005 5084//1047 5154//211
f 5083//1005 5154//211 5153//313
f 5084//1047 5085//317 5154//211
f 5154//211 5085//317 5155//61
f 5085//317 5086//1125 5155//61
f 5155//61 5086//1125 5156//1133
f 5086//1125 5087//173 5156//1133
f 5156//1133 5087//173 5157//188
f 5087//173 5088//935 5158//1037
f 5087//173 5158//1037 5157//188
f 5088//935 5089//948 5158//1037
f 5158//1037 5089//948 5159//1134
f 5089//948 5090//58 5160//910
f 5089//948 5160//910 5159//1134
f 5090//58 5091//672 5160//910
f 5160//910 5091//672 5161//58
f 5091//672 5092//100 5162//949
f 5091//672 5162//949 5161//58
f 5092//100 5093//58 5163//949
f 5092//100 5163//949 5162//949
f 5093//58 5094//723 5163//949
f 5163//949 5094//723 5164//545
f 5094//723 5095//1126 5164//545
f 5164//545 5095//1126 5165//1135
f 5095//1126 5096//1127 5165//1135
f 5165//1135 5096//1127 5166//1136
f 5097//1129 5098//1128 5167//1137
f 5167//1137 5098//1128 5168//1138
f 5098//1128 5099//1130 5169//1139
f 5098//1128 5169//1139 5168//1138
f 5099//1130 5100//1131 5170//1140
f 5099//1130 5170//1140 5169//1139
f 5100//1131 5101//1019 5171//1141
f 5100//1131 5171//1141 5170//1140
f 5101//1019 5102//612 5172//921
f 5101//1019 5172//921 5171//1141
f 5102//612 5103//707 5172//921
f 5172//921 5103//707 5173//851
f 5103//707 5104//943 5173//851
f 5173//851 5104//943 5174//603
f 5104//943 5105//171 5175//185
f 5104//943 5175//185 5174//603
f 5105//171 5106//94 5176//664
f 5105//171 5176//664 5175//185
f 5106//94 5107//707 5176//664
f 5176//664 5107//707 5177//613
f 5107//707 5108//664 5177//613
f 5177//613 5108//664 5178//665
f 5108//664 5109//94 5178//665
f 5178//665 5109//94 5179//171
f 5109//94 5110//58 5179//171
f 5179//171 5110//58 5180//58
f 5110//58 5111//58 5180//58
f 5180//58 5111//58 5181//58
f 5111//58 5112//170 5181//58
f 5181//58 5112//170 5182//58
f 5112//170 5113//171 5183//200
f 5112//170 5183//200 5182//58
f 5113//171 5114//58 5184//200
f 5113//171 5184//200 5183//200
f 5114//58 5115//58 5184//200
f 5184//200 5115//58 5185//58
f 5115//58 5116//58 5185//58
f 5185//58 5116//58 5186//58
f 5116//58 5117//74 5186//58
f 5186//58 5117//74 5187//58
f 5117//74 5118//430 5188//73
f 5117//74 5188//73 5187//58
f 5118//430 5119//1049 5188//73
f 5188//73 5119//1049 5189//76
f 5119//1049 5120//470 5189//76
f 5189//76 5120//470 5190//172
f 5120//470 5121//430 5191//589
f 5120//470 5191//589 5190//172
f 5121//430 5122//431 5191//589
f 5191//589 5122//431 5192//58
f 5122//431 5123//313 5193//127
f 5122//431 5193//127 5192//58
f 5123//313 5124//113 5193//127
f 5193//127 5124//113 5194//313
f 5124//113 5125//58 5195//313
f 5124//113 5195//313 5194//313
f 5125//58 5126//58 5195//313
f 5195//313 5126//58 5196//39
f 5126//58 5127//58 5196//39
f 5196//39 5127//58 5197//113
f 5127//58 5128//292 5197//113
f 5197//113 5128//292 5198//58
f 5128//292 5129//39 5198//58
f 5198//58 5129//39 5199//58
f 5129//39 5130//39 5199//58
f 5199//58 5130//39 5200//58
f 5130//39 5131//128 5200//58
f 5200//58 5131//128 5201//76
f 5131//128 5132//61 5201//76
f 5201//76 5132//61 5202//77
f 5132//61 5133//73 5202//77
f 5202//77 5133//73 5203//58
f 5133//73 5134//74 5203//58
f 5203//58 5134//74 5204//58
f 5134//74 5135//1004 5205//292
f 5134//74 5205//292 5204//58
f 5135//1004 5136//39 5205//292
f 5205//292 5136//39 5206//39
f 5136//39 5137//292 5206//39
f 5206//39 5137//292 5207//313
f 5137//292 5138//58 5208//313
f 5137//292 5208//313 5207//313
f 5138//58 5139//58 5208//313
f 5208//313 5139//58 5209//113
f 5139//58 5140//292 5209//113
f 5209//113 5140//292 5210//58
f 5140//292 5141//1132 5210//58
f 5210//58 5141//1132 5211//60
f 5141//1132 5142//60 5211//60
f 5211//60 5142//60 5212//291
f 5142//60 5143//74 5212//291
f 5212//291 5143//74 5213//1005
f 5143//74 5144//291 5214//1124
f 5143//74 5214//1124 5213//1005
f 5144//291 5145//127 5214//1124
f 5214//1124 5145//127 5215//313
f 5145//127 5146//58 5216//313
f 5145//127 5216//313 5215//313
f 5146//58 5147//127 5216//313
f 5216//313 5147//127 5217//127
f 5147//127 5148//313 5217//127
f 5217//127 5148//313 5218//58
f 5148//313 5149//211 5219//212
f 5148//313 5219//212 5218//58
f 5149//211 5150//1003 5220//934
f 5149//211 5220//934 5219//212
f 5150//1003 5151//1006 5221//934
f 5150//1003 5221//934 5220//934
f 5151//1006 5152//1047 5222//313
f 5151//1006 5222//313 5221//934
f 5152//1047 5153//313 5222//313
f 5222//313 5153//313 5223//318
f 5153//313 5154//211 5224//1142
f 5153//313 5224//1142 5223//318
f 5154//211 5155//61 5225//1143
f 5154//211 5225//1143 5224//1142
f 5155//61 5156//1133 5226//259
f 5155//61 5226//259 5225//1143
f 5156//1133 5157//188 5227//1144
f 5156//1133 5227//1144 5226//259
f 5157//188 5158//1037 5228//1036
f 5157//188 5228//1036 5227//1144
f 5158//1037 5159//1134 5228//1036
f 5228//1036 5159//1134 5229//1054
f 5159//1134 5160//910 5229//1054
f 5229//1054 5160//910 5230//100
f 5160//910 5161//58 5230//100
f 5230//100 5161//58 5231//58
f 5161//58 5162//949 5231//58
f 5231//58 5162//949 5232//58
f 5162//949 5163//949 5233//840
f 5162//949 5233//840 5232//58
f 5163//949 5164//545 5234//270
f 5163//949 5234//270 5233//840
f 5164//545 5165//1135 5235//116
f 5164//545 5235//116 5234//270
f 5165//1135 5166//1136 5236//1145
f 5165//1135 5236//1145 5235//116
f 5166//1136 5237//1146 5236//1145
f 5167//1137 5168//1138 5239//1147
f 5167//1137 5239//1147 5238//1148
f 5168//1138 5169//1139 5240//209
f 5168//1138 5240//209 5239//1147
f 5169//1139 5170//1140 5241//989
f 5169//1139 5241//989 5240//209
f 5170//1140 5171//1141 5242//1149
f 5170//1140 5242//1149 5241//989
f 5171//1141 5172//921 5242//1149
f 5242//1149 5172//921 5243//1150
f 5172//921 5173//851 5243//1150
f 5243//1150 5173//851 5244//848
f 5173//851 5174//603 5244//848
f 5244//848 5174//603 5245//171
f 5174//603 5175//185 5245//171
f 5245//171 5175//185 5246//603
f 5175//185 5176//664 5246//603
f 5246//603 5176//664 5247//612
f 5176//664 5177//613 5247//612
f 5247//612 5177//613 5248//720
f 5177//613 5178//665 5249//185
f 5177//613 5249//185 5248//720
f 5178//665 5179//171 5250//849
f 5178//665 5250//849 5249//185
f 5179//171 5180//58 5251//200
f 5179//171 5251//200 5250//849
f 5180//58 5181//58 5251//200
f 5251//200 5181//58 5252//58
f 5181//58 5182//58 5252//58
f 5252//58 5182//58 5253//58
f 5182//58 5183//200 5253//58
f 5253//58 5183//200 5254//58
f 5183//200 5184//200 5255//185
f 5183//200 5255//185 5254//58
f 5184//200 5185//58 5256//186
f 5184//200 5256//186 5255//185
f 5185//58 5186//58 5256//186
f 5256//186 5186//58 5257//58
f 5186//58 5187//58 5257//58
f 5257//58 5187//58 5258//58
f 5187//58 5188//73 5258//58
f 5258//58 5188//73 5259//58
f 5188//73 5189//76 5259//58
f 5259//58 5189//76 5260//74
f 5189//76 5190//172 5260//74
f 5260//74 5190//172 5261//75
f 5190//172 5191//589 5261//75
f 5261//75 5191//589 5262//58
f 5191//589 5192//58 5262//58
f 5262//58 5192//58 5263//58
f 5192//58 5193//127 5263//58
f 5263//58 5193//127 5264//58
f 5193//127 5194//313 5264//58
f 5264//58 5194//313 5265//58
f 5194//313 5195//313 5266//292
f 5194//313 5266//292 5265//58
f 5195//313 5196//39 5266//292
f 5266//292 5196//39 5267//39
f 5196//39 5197//113 5267//39
f 5267//39 5197//113 5268//313
f 5197//113 5198//58 5269//211
f 5197//113 5269//211 5268//313
f 5198//58 5199//58 5269//211
f 5269//211 5199//58 5270//58
f 5199//58 5200//58 5270//58
f 5270//58 5200//58 5271//58
f 5200//58 5201//76 5271//58
f 5271//58 5201//76 5272//74
f 5201//76 5202//77 5272//74
f 5272//74 5202//77 5273//317
f 5202//77 5203//58 5273//317
f 5273//317 5203//58 5274//39
f 5203//58 5204//58 5274//39
f 5274//39 5204//58 5275//113
f 5204//58 5205//292 5275//113
f 5275//113 5205//292 5276//58
f 5205//292 5206//39 5276//58
f 5276//58 5206//39 5277//58
f 5206//39 5207//313 5277//58
f 5277//58 5207//313 5278//58
f 5207//313 5208//313 5279//127
f 5207//313 5279//127 5278//58
f 5208//313 5209//113 5279//127
f 5279//127 5209//113 5280//313
f 5209//113 5210//58 5281//211
f 5209//113 5281//211 5280//313
f 5210//58 5211//60 5281//211
f 5281//211 5211//60 5282//58
f 5211//60 5212//291 5283//127
f 5211//60 5283//127 5282//58
f 5212//291 5213//1005 5283//127
f 5283//127 5213//1005 5284//313
f 5213//1005 5214//1124 5285//211
f 5213//1005 5285//211 5284//313
f 5214//1124 5215//313 5285//211
f 5285//211 5215//313 5286//58
f 5215//313 5216//313 5287//292
f 5215//313 5287//292 5286//58
f 5216//313 5217//127 5287//292
f 5287//292 5217//127 5288//313
f 5217//127 5218//58 5289//313
f 5217//127 5289//313 5288//313
f 5218//58 5219//212 5289//313
f 5289//313 5219//212 5290//1047
f 5219//212 5220//934 5291//1151
f 5219//212 5291//1151 5290//1047
f 5220//934 5221//934 5292//61
f 5220//934 5292//61 5291//1151
f 5221//934 5222//313 5293//292
f 5221//934 5293//292 5292//61
f 5222//313 5223//318 5293//292
f 5293//292 5223//318 5294//39
f 5223//318 5224//1142 5294//39
f 5294//39 5224//1142 5295//1152
f 5224//1142 5225//1143 5296//1153
f 5224//1142 5296//1153 5295//1152
f 5225//1143 5226//259 5296//1153
f 5296//1153 5226//259 5297//492
f 5226//259 5227//1144 5297//492
f 5297//492 5227//1144 5298//172
f 5227//1144 5228//1036 5299//62
f 5227//1144 5299//62 5298//172
f 5228//1036 5229//1054 5300//98
f 5228//1036 5300//98 5299//62
f 5229//1054 5230//100 5301//81
f 5229//1054 5301//81 5300//98
f 5230//100 5231//58 5302//910
f 5230//100 5302//910 5301//81
f 5231//58 5232//58 5302//910
f 5302//910 5232//58 5303//58
f 5232//58 5233//840 5303//58
f 5303//58 5233//840 5304//58
f 5233//840 5234//270 5305//924
f 5233//840 5305//924 5304//58
f 5234//270 5235//116 5306//142
f 5234//270 5306//142 5305//924
f 5235//116 5236//1145 5306//142
f 5306//142 5236//1145 5307//1154
f 5236//1145 5237//1146 5307//1154
f 5307//1154 5237//1146 5308//1155
f 5238//1148 5239//1147 5309//1079
f 5309//1079 5239//1147 5310//1156
f 5239//1147 5240//209 5311//209
f 5239//1147 5311//209 5310//1156
f 5240//209 5241//989 5312//999
f 5240//209 5312//999 5311//209
f 5241//989 5242//1149 5312//999
f 5312//999 5242//1149 5313//1157
f 5242//1149 5243//1150 5314//1158
f 5242//1149 5314//1158 5313//1157
f 5243//1150 5244//848 5315//1159
f 5243//1150 5315//1159 5314//1158
f 5244//848 5245//171 5316//680
f 5244//848 5316//680 5315//1159
f 5245//171 5246//603 5317//836
f 5245//171 5317//836 5316//680
f 5246//603 5247//612 5317//836
f 5317//836 5247//612 5318//664
f 5247//612 5248//720 5318//664
f 5318//664 5248//720 5319//171
f 5248//720 5249//185 5319//171
f 5319//171 5249//185 5320//603
f 5249//185 5250//849 5320//603
f 5320//603 5250//849 5321//720
f 5250//849 5251//200 5322//200
f 5250//849 5322//200 5321//720
f 5251//200 5252//58 5323//200
f 5251//200 5323//200 5322//200
f 5252//58 5253//58 5323//200
f 5323//200 5253//58 5324//58
f 5253//58 5254//58 5324//58
f 5324//58 5254//58 5325//58
f 5254//58 5255//185 5325//58
f 5325//58 5255//185 5326//170
f 5255//185 5256//186 5326//170
f 5326//170 5256//186 5327//171
f 5256//186 5257//58 5327//171
f 5327//171 5257//58 5328//58
f 5257//58 5258//58 5328//58
f 5328//58 5258//58 5329//58
f 5258//58 5259//58 5329//58
f 5329//58 5259//58 5330//58
f 5259//58 5260//74 5330//58
f 5330//58 5260//74 5331//58
f 5260//74 5261//75 5332//212
f 5260//74 5332//212 5331//58
f 5261//75 5262//58 5333//313
f 5261//75 5333//313 5332//212
f 5262//58 5263//58 5333//313
f 5333//313 5263//58 5334//113
f 5263//58 5264//58 5334//113
f 5334//113 5264//58 5335//58
f 5264//58 5265//58 5335//58
f 5335//58 5265//58 5336//58
f 5265//58 5266//292 5336//58
f 5336//58 5266//292 5337//58
f 5266//292 5267//39 5337//58
f 5337//58 5267//39 5338//58
f 5267//39 5268//313 5338//58
f 5338//58 5268//313 5339//58
f 5268//313 5269//211 5340//211
f 5268//313 5340//211 5339//58
f 5269//211 5270//58 5341//211
f 5269//211 5341//211 5340//211
f 5270//58 5271//58 5341//211
f 5341//211 5271//58 5342//58
f 5271//58 5272//74 5342//58
f 5342//58 5272//74 5343//58
f 5272//74 5273//317 5344//292
f 5272//74 5344//292 5343//58
f 5273//317 5274//39 5344//292
f 5344//292 5274//39 5345//39
f 5274//39 5275//113 5345//39
f 5345//39 5275//113 5346//313
f 5275//113 5276//58 5347//211
f 5275//113 5347//211 5346//313
f 5276//58 5277//58 5347//211
f 5347//211 5277//58 5348//58
f 5277//58 5278//58 5348//58
f 5348//58 5278//58 5349//58
f 5278//58 5279//127 5349//58
f 5349//58 5279//127 5350//58
f 5279//127 5280//313 5350//58
f 5350//58 5280//313 5351//58
f 5280//313 5281//211 5352//211
f 5280//313 5352//211 5351//58
f 5281//211 5282//58 5353//313
f 5281//211 5353//313 5352//211
f 5282//58 5283//127 5353//313
f 5353//313 5283//127 5354//113
f 5283//127 5284//313 5354//113
f 5354//113 5284//313 5355//58
f 5284//313 5285//211 5356//211
f 5284//313 5356//211 5355//58
f 5285//211 5286//58 5357//211
f 5285//211 5357//211 5356//211
f 5286//58 5287//292 5357//211
f 5357//211 5287//292 5358//58
f 5287//292 5288//313 5358//58
f 5358//58 5288//313 5359//58
f 5288//313 5289//313 5360//127
f 5288//313 5360//127 5359//58
f 5289//313 5290//1047 5360//127
f 5360//127 5290//1047 5361//313
f 5290//1047 5291//1151 5362//316
f 5290//1047 5362//316 5361//313
f 5291//1151 5292//61 5362//316
f 5362//316 5292//61 5363//75
f 5292//61 5293//292 5363//75
f 5363//75 5293//292 5364//58
f 5293//292 5294//39 5364//58
f 5364//58 5294//39 5365//95
f 5294//39 5295//1152 5365//95
f 5365//95 5295//1152 5366//1160
f 5295//1152 5296//1153 5367//1161
f 5295//1152 5367//1161 5366//1160
f 5296//1153 5297//492 5368//316
f 5296//1153 5368//316 5367//1161
f 5297//492 5298//172 5368//316
f 5368//316 5298//172 5369//75
f 5298//172 5299//62 5369//75
f 5369//75 5299//62 5370//98
f 5299//62 5300//98 5370//98
f 5370//98 5300//98 5371//155
f 5300//98 5301//81 5371//155
f 5371//155 5301//81 5372//545
f 5301//81 5302//910 5372//545
f 5372//545 5302//910 5373//100
f 5302//910 5303//58 5373//100
f 5373//100 5303//58 5374//58
f 5303//58 5304//58 5374//58
f 5374//58 5304//58 5375//58
f 5304//58 5305//924 5375//58
f 5375//58 5305//924 5376//687
f 5305//924 5306//142 5376//687
f 5376//687 5306//142 5377//64
f 5306//142 5307//1154 5377//64
f 5377//64 5307//1154 5378//1162
f 5307//1154 5308//1155 5378//1162
f 5378//1162 5308//1155 5379//1163
f 5309//1079 5310//1156 5380//1164
f 5310//1156 5311//209 5381//1165
f 5310//1156 5381//1165 5380//1164
f 5311//209 5312//999 5382//1166
f 5311//209 5382//1166 5381//1165
f 5312//999 5313//1157 5383//1167
f 5312//999 5383//1167 5382//1166
f 5313//1157 5314//1158 5384//1168
f 5313//1157 5384//1168 5383//1167
f 5314//1158 5315//1159 5385//707
f 5314//1158 5385//707 5384//1168
f 5315//1159 5316//680 5386//943
f 5315//1159 5386//943 5385//707
f 5316//680 5317//836 5386//943
f 5386//943 5317//836 5387//1169
f 5317//836 5318//664 5387//1169
f 5387//1169 5318//664 5388//1170
f 5318//664 5319//171 5389//897
f 5318//664 5389//897 5388//1170
f 5319//171 5320//603 5390//849
f 5319//171 5390//849 5389//897
f 5320//603 5321//720 5390//849
f 5390//849 5321//720 5391//171
f 5321//720 5322//200 5391//171
f 5391//171 5322//200 5392//58
f 5322//200 5323//200 5393//200
f 5322//200 5393//200 5392//58
f 5323//200 5324//58 5394//200
f 5323//200 5394//200 5393//200
f 5324//58 5325//58 5394//200
f 5394//200 5325//58 5395//58
f 5325//58 5326//170 5395//58
f 5395//58 5326//170 5396//58
f 5326//170 5327//171 5397//200
f 5326//170 5397//200 5396//58
f 5327//171 5328//58 5398//200
f 5327//171 5398//200 5397//200
f 5328//58 5329//58 5398//200
f 5398//200 5329//58 5399//58
f 5329//58 5330//58 5399//58
f 5399//58 5330//58 5400//58
f 5330//58 5331//58 5400//58
f 5400//58 5331//58 5401//58
f 5331//58 5332//212 5401//58
f 5401//58 5332//212 5402//58
f 5332//212 5333//313 5403//127
f 5332//212 5403//127 5402//58
f 5333//313 5334//113 5403//127
f 5403//127 5334//113 5404//1171
f 5334//113 5335//58 5405//97
f 5334//113 5405//97 5404//1171
f 5335//58 5336//58 5405//97
f 5405//97 5336//58 5406//58
f 5336//58 5337//58 5406//58
f 5406//58 5337//58 5407//58
f 5337//58 5338//58 5407//58
f 5407//58 5338//58 5408//58
f 5338//58 5339//58 5408//58
f 5408//58 5339//58 5409//58
f 5339//58 5340//211 5409//58
f 5409//58 5340//211 5410//58
f 5340//211 5341//211 5411//211
f 5340//211 5411//211 5410//58
f 5341//211 5342//58 5412//313
f 5341//211 5412//313 5411//211
f 5342//58 5343//58 5412//313
f 5412//313 5343//58 5413//127
f 5343//58 5344//292 5413//127
f 5413//127 5344//292 5414//58
f 5344//292 5345//39 5414//58
f 5414//58 5345//39 5415//58
f 5345//39 5346//313 5415//58
f 5415//58 5346//313 5416//58
f 5346//313 5347//211 5417//259
f 5346//313 5417//259 5416//58
f 5347//211 5348//58 5418//97
f 5347//211 5418//97 5417//259
f 5348//58 5349//58 5418//97
f 5418//97 5349//58 5419//58
f 5349//58 5350//58 5419//58
f 5419//58 5350//58 5420//58
f 5350//58 5351//58 5420//58
f 5420//58 5351//58 5421//58
f 5351//58 5352//211 5421//58
f 5421//58 5352//211 5422//58
f 5352//211 5353//313 5423//292
f 5352//211 5423//292 5422//58
f 5353//313 5354//113 5423//292
f 5423//292 5354//113 5424//317
f 5354//113 5355//58 5425//74
f 5354//113 5425//74 5424//317
f 5355//58 5356//211 5425//74
f 5425//74 5356//211 5426//58
f 5356//211 5357//211 5427//259
f 5356//211 5427//259 5426//58
f 5357//211 5358//58 5428//97
f 5357//211 5428//97 5427//259
f 5358//58 5359//58 5428//97
f 5428//97 5359//58 5429//58
f 5359//58 5360//127 5429//58
f 5429//58 5360//127 5430//58
f 5360//127 5361//313 5430//58
f 5430//58 5361//313 5431//58
f 5361//313 5362//316 5432//259
f 5361//313 5432//259 5431//58
f 5362//316 5363//75 5433//316
f 5362//316 5433//316 5432//259
f 5363//75 5364//58 5434//313
f 5363//75 5434//313 5433//316
f 5364//58 5365//95 5434//313
f 5434//313 5365//95 5435//126
f 5365//95 5366//1160 5435//126
f 5435//126 5366//1160 5436//1172
f 5366//1160 5367//1161 5436//1172
f 5436//1172 5367//1161 5437//1173
f 5367//1161 5368//316 5438//1092
f 5367//1161 5438//1092 5437//1173
f 5368//316 5369//75 5439//316
f 5368//316 5439//316 5438//1092
f 5369//75 5370//98 5440//934
f 5369//75 5440//934 5439//316
f 5370//98 5371//155 5441//188
f 5370//98 5441//188 5440//934
f 5371//155 5372//545 5442//98
f 5371//155 5442//98 5441//188
f 5372//545 5373//100 5443//81
f 5372//545 5443//81 5442//98
f 5373//100 5374//58 5444//910
f 5373//100 5444//910 5443//81
f 5374//58 5375//58 5444//910
f 5444//910 5375//58 5445//166
f 5375//58 5376//687 5445//166
f 5445//166 5376//687 5446//101
f 5376//687 5377//64 5446//101
f 5446//101 5377//64 5447//80
f 5377//64 5378//1162 5448//1174
f 5377//64 5448//1174 5447//80
f 5378//1162 5379//1163 5449//1175
f 5378//1162 5449//1175 5448//1174
f 5380//1164 5381//1165 5451//1176
f 5380//1164 5451//1176 5450//1177
f 5381//1165 5382//1166 5452//1178
f 5381//1165 5452//1178 5451//1176
f 5382//1166 5383//1167 5453//1179
f 5382//1166 5453//1179 5452//1178
f 5383//1167 5384//1168 5453//1179
f 5453//1179 5384//1168 5454//732
f 5384//1168 5385//707 5454//732
f 5454//732 5385//707 5455//613
f 5385//707 5386//943 5455//613
f 5455//613 5386//943 5456//680
f 5386//943 5387//1169 5457//680
f 5386//943 5457//680 5456//680
f 5387//1169 5388//1170 5458//1180
f 5387//1169 5458//1180 5457//680
f 5388//1170 5389//897 5458//1180
f 5458//1180 5389//897 5459//1181
f 5389//897 5390//849 5460//1113
f 5389//897 5460//1113 5459//1181
f 5390//849 5391//171 5461//1122
f 5390//849 5461//1122 5460//1113
f 5391//171 5392//58 5462//170
f 5391//171 5462//170 5461//1122
f 5392//58 5393//200 5462//170
f 5462//170 5393//200 5463//58
f 5393//200 5394//200 5464//200
f 5393//200 5464//200 5463//58
f 5394//200 5395//58 5465//200
f 5394//200 5465//200 5464//200
f 5395//58 5396//58 5465//200
f 5465//200 5396//58 5466//58
f 5396//58 5397//200 5466//58
f 5466//58 5397//200 5467//58
f 5397//200 5398//200 5468//200
f 5397//200 5468//200 5467//58
f 5398//200 5399//58 5469//200
f 5398//200 5469//200 5468//200
f 5399//58 5400//58 5469//200
f 5469//200 5400//58 5470//58
f 5400//58 5401//58 5470//58
f 5470//58 5401//58 5471//58
f 5401//58 5402//58 5471//58
f 5471//58 5402//58 5472//58
f 5402//58 5403//127 5472//58
f 5472//58 5403//127 5473//58
f 5403//127 5404//1171 5473//58
f 5473//58 5404//1171 5474//74
f 5404//1171 5405//97 5474//74
f 5474//74 5405//97 5475//291
f 5405//97 5406//58 5475//291
f 5475//291 5406//58 5476//113
f 5406//58 5407//58 5476//113
f 5476//113 5407//58 5477//58
f 5407//58 5408//58 5477//58
f 5477//58 5408//58 5478//58
f 5408//58 5409//58 5478//58
f 5478//58 5409//58 5479//58
f 5409//58 5410//58 5479//58
f 5479//58 5410//58 5480//58
f 5410//58 5411//211 5480//58
f 5480//58 5411//211 5481//58
f 5411//211 5412//313 5482//127
f 5411//211 5482//127 5481//58
f 5412//313 5413//127 5482//127
f 5482//127 5413//127 5483//313
f 5413//127 5414//58 5484//211
f 5413//127 5484//211 5483//313
f 5414//58 5415//58 5484//211
f 5484//211 5415//58 5485//58
f 5415//58 5416//58 5485//58
f 5485//58 5416//58 5486//58
f 5416//58 5417//259 5486//58
f 5486//58 5417//259 5487//74
f 5417//259 5418//97 5487//74
f 5487//74 5418//97 5488//291
f 5418//97 5419//58 5488//291
f 5488//291 5419//58 5489//292
f 5419//58 5420//58 5489//292
f 5489//292 5420//58 5490//58
f 5420//58 5421//58 5490//58
f 5490//58 5421//58 5491//58
f 5421//58 5422//58 5491//58
f 5491//58 5422//58 5492//58
f 5422//58 5423//292 5492//58
f 5492//58 5423//292 5493//58
f 5423//292 5424//317 5493//58
f 5493//58 5424//317 5494//74
f 5424//317 5425//74 5494//74
f 5494//74 5425//74 5495//75
f 5425//74 5426//58 5495//75
f 5495//75 5426//58 5496//58
f 5426//58 5427//259 5496//58
f 5496//58 5427//259 5497//74
f 5427//259 5428//97 5497//74
f 5497//74 5428//97 5498//291
f 5428//97 5429//58 5498//291
f 5498//291 5429//58 5499//39
f 5429//58 5430//58 5499//39
f 5499//39 5430//58 5500//113
f 5430//58 5431//58 5500//113
f 5500//113 5431//58 5501//58
f 5431//58 5432//259 5501//58
f 5501//58 5432//259 5502//60
f 5432//259 5433//316 5502//60
f 5502//60 5433//316 5503//1092
f 5433//316 5434//313 5504//1047
f 5433//316 5504//1047 5503//1092
f 5434//313 5435//126 5504//1047
f 5504//1047 5435//126 5505//57
f 5435//126 5436//1172 5505//57
f 5505//57 5436//1172 5506//398
f 5436//1172 5437//1173 5507//1182
f 5436//1172 5507//1182 5506//398
f 5437//1173 5438//1092 5508//316
f 5437//1173 5508//316 5507//1182
f 5438//1092 5439//316 5508//316
f 5508//316 5439//316 5509//934
f 5439//316 5440//934 5510//1063
f 5439//316 5510//1063 5509//934
f 5440//934 5441//188 5511//1183
f 5440//934 5511//1183 5510//1063
f 5441//188 5442//98 5511//1183
f 5511//1183 5442//98 5512//155
f 5442//98 5443//81 5512//155
f 5512//155 5443//81 5513//545
f 5443//81 5444//910 5513//545
f 5513//545 5444//910 5514//1066
f 5444//910 5445//166 5514//1066
f 5514//1066 5445//166 5515//1097
f 5445//166 5446//101 5516//1184
f 5445//166 5516//1184 5515//1097
f 5446//101 5447//80 5516//1184
f 5516//1184 5447//80 5517//100
f 5447//80 5448//1174 5517//100
f 5517//100 5448//1174 5518//141
f 5448//1174 5449//1175 5519//1185
f 5448//1174 5519//1185 5518//141
f 5449//1175 5520//1186 5519//1185
f 5450//1177 5451//1176 5521//1187
f 5521//1187 5451//1176 5522//1188
f 5451//1176 5452//1178 5522//1188
f 5522//1188 5452//1178 5523//1189
f 5452//1178 5453//1179 5523//1189
f 5523//1189 5453//1179 5524//1190
f 5453//1179 5454//732 5524//1190
f 5524//1190 5454//732 5525//1191
f 5454//732 5455//613 5525//1191
f 5525//1191 5455//613 5526//1192
f 5455//613 5456//680 5527//1193
f 5455//613 5527//1193 5526//1192
f 5456//680 5457//680 5528//1194
f 5456//680 5528//1194 5527//1193
f 5457//680 5458//1180 5528//1194
f 5528//1194 5458//1180 5529//385
f 5458//1180 5459//1181 5529//385
f 5529//385 5459//1181 5530//679
f 5459//1181 5460//1113 5531//920
f 5459//1181 5531//920 5530//679
f 5460//1113 5461//1122 5532//921
f 5460//1113 5532//921 5531//920
f 5461//1122 5462//170 5532//921
f 5532//921 5462//170 5533//94
f 5462//170 5463//58 5533//94
f 5533//94 5463//58 5534//58
f 5463//58 5464//200 5534//58
f 5534//58 5464//200 5535//58
f 5464//200 5465//200 5536//185
f 5464//200 5536//185 5535//58
f 5465//200 5466//58 5537//186
f 5465//200 5537//186 5536//185
f 5466//58 5467//58 5537//186
f 5537//186 5467//58 5538//58
f 5467//58 5468//200 5538//58
f 5538//58 5468//200 5539//58
f 5468//200 5469//200 5540//185
f 5468//200 5540//185 5539//58
f 5469//200 5470//58 5541//186
f 5469//200 5541//186 5540//185
f 5470//58 5471//58 5541//186
f 5541//186 5471//58 5542//58
f 5471//58 5472//58 5542//58
f 5542//58 5472//58 5543//58
f 5472//58 5473//58 5543//58
f 5543//58 5473//58 5544//58
f 5473//58 5474//74 5544//58
f 5544//58 5474//74 5545//58
f 5474//74 5475//291 5546//127
f 5474//74 5546//127 5545//58
f 5475//291 5476//113 5546//127
f 5546//127 5476//113 5547//313
f 5476//113 5477//58 5548//211
f 5476//113 5548//211 5547//313
f 5477//58 5478//58 5548//211
f 5548//211 5478//58 5549//58
f 5478//58 5479//58 5549//58
f 5549//58 5479//58 5550//58
f 5479//58 5480//58 5550//58
f 5550//58 5480//58 5551//58
f 5480//58 5481//58 5551//58
f 5551//58 5481//58 5552//58
f 5481//58 5482//127 5552//58
f 5552//58 5482//127 5553//58
f 5482//127 5483//313 5553//58
f 5553//58 5483//313 5554//58
f 5483//313 5484//211 5555//211
f 5483//313 5555//211 5554//58
f 5484//211 5485//58 5556//313
f 5484//211 5556//313 5555//211
f 5485//58 5486//58 5556//313
f 5556//313 5486//58 5557//39
f 5486//58 5487//74 5557//39
f 5557//39 5487//74 5558//1005
f 5487//74 5488//291 5559//1047
f 5487//74 5559//1047 5558//1005
f 5488//291 5489//292 5559//1047
f 5559//1047 5489//292 5560//313
f 5489//292 5490//58 5561//313
f 5489//292 5561//313 5560//313
f 5490//58 5491//58 5561//313
f 5561//313 5491//58 5562//113
f 5491//58 5492//58 5562//113
f 5562//113 5492//58 5563//58
f 5492//58 5493//58 5563//58
f 5563//58 5493//58 5564//58
f 5493//58 5494//74 5564//58
f 5564//58 5494//74 5565//58
f 5494//74 5495//75 5566//211
f 5494//74 5566//211 5565//58
f 5495//75 5496//58 5567//211
f 5495//75 5567//211 5566//211
f 5496//58 5497//74 5567//211
f 5567//211 5497//74 5568//58
f 5497//74 5498//291 5569//292
f 5497//74 5569//292 5568//58
f 5498//291 5499//39 5569//292
f 5569//292 5499//39 5570//39
f 5499//39 5500//113 5570//39
f 5570//39 5500//113 5571//128
f 5500//113 5501//58 5572//74
f 5500//113 5572//74 5571//128
f 5501//58 5502//60 5572//74
f 5572//74 5502//60 5573//58
f 5502//60 5503//1092 5574//212
f 5502//60 5574//212 5573//58
f 5503//1092 5504//1047 5575//212
f 5503//1092 5575//212 5574//212
f 5504//1047 5505//57 5575//212
f 5575//212 5505//57 5576//58
f 5505//57 5506//398 5576//58
f 5576//58 5506//398 5577//76
f 5506//398 5507//1182 5577//76
f 5577//76 5507//1182 5578//293
f 5507//1182 5508//316 5579//259
f 5507//1182 5579//259 5578//293
f 5508//316 5509//934 5580//1035
f 5508//316 5580//1035 5579//259
f 5509//934 5510//1063 5580//1035
f 5580//1035 5510//1063 5581//291
f 5510//1063 5511//1183 5582//945
f 5510//1063 5582//945 5581//291
f 5511//1183 5512//155 5583//1144
f 5511//1183 5583//1144 5582//945
f 5512//155 5513//545 5584//1008
f 5512//155 5584//1008 5583//1144
f 5513//545 5514//1066 5585//1195
f 5513//545 5585//1195 5584//1008
f 5514//1066 5515//1097 5585//1195
f 5585//1195 5515//1097 5586//58
f 5515//1097 5516//1184 5587//81
f 5515//1097 5587//81 5586//58
f 5516//1184 5517//100 5588//115
f 5516//1184 5588//115 5587//81
f 5517//100 5518//141 5589//841
f 5517//100 5589//841 5588//115
f 5518//141 5519//1185 5589//841
f 5589//841 5519//1185 5590//141
f 5519//1185 5520//1186 5591//1196
f 5519//1185 5591//1196 5590//141
f 5520//1186 5592//1197 5591//1196
f 5521//1187 5522//1188 5594//1198
f 5521//1187 5594//1198 5593//1199
f 5522//1188 5523//1189 5594//1198
f 5594//1198 5523//1189 5595//1200
f 5523//1189 5524//1190 5596//1201
f 5523//1189 5596//1201 5595//1200
f 5524//1190 5525//1191 5597//1202
f 5524//1190 5597//1202 5596//1201
f 5525//1191 5526//1192 5598//1203
f 5525//1191 5598//1203 5597//1202
f 5526//1192 5527//1193 5599//1204
f 5526//1192 5599//1204 5598//1203
f 5527//1193 5528//1194 5600//1205
f 5527//1193 5600//1205 5599//1204
f 5528//1194 5529//385 5601//386
f 5528//1194 5601//386 5600//1205
f 5529//385 5530//679 5601//386
f 5601//386 5530//679 5602//708
f 5530//679 5531//920 5603//931
f 5530//679 5603//931 5602//708
f 5531//920 5532//921 5603//931
f 5603//931 5532//921 5604//942
f 5532//921 5533//94 5604//942
f 5604//942 5533//94 5605//94
f 5533//94 5534//58 5605//94
f 5605//94 5534//58 5606//58
f 5534//58 5535//58 5606//58
f 5606//58 5535//58 5607//58
f 5535//58 5536//185 5607//58
f 5607//58 5536//185 5608//170
f 5536//185 5537//186 5608//170
f 5608//170 5537//186 5609//171
f 5537//186 5538//58 5609//171
f 5609//171 5538//58 5610//58
f 5538//58 5539//58 5610//58
f 5610//58 5539//58 5611//58
f 5539//58 5540//185 5611//58
f 5611//58 5540//185 5612//94
f 5540//185 5541//186 5612//94
f 5612//94 5541//186 5613//94
f 5541//186 5542//58 5613//94
f 5613//94 5542//58 5614//58
f 5542//58 5543//58 5614//58
f 5614//58 5543//58 5615//58
f 5543//58 5544//58 5615//58
f 5615//58 5544//58 5616//58
f 5544//58 5545//58 5616//58
f 5616//58 5545//58 5617//58
f 5545//58 5546//127 5617//58
f 5617//58 5546//127 5618//58
f 5546//127 5547//313 5618//58
f 5618//58 5547//313 5619//58
f 5547//313 5548//211 5620//211
f 5547//313 5620//211 5619//58
f 5548//211 5549//58 5621//313
f 5548//211 5621//313 5620//211
f 5549//58 5550//58 5621//313
f 5621//313 5550//58 5622//113
f 5550//58 5551//58 5622//113
f 5622//113 5551//58 5623//58
f 5551//58 5552//58 5623//58
f 5623//58 5552//58 5624//73
f 5552//58 5553//58 5624//73
f 5624//73 5553//58 5625//58
f 5553//58 5554//58 5625//58
f 5625//58 5554//58 5626//58
f 5554//58 5555//211 5626//58
f 5626//58 5555//211 5627//58
f 5555//211 5556//313 5628//127
f 5555//211 5628//127 5627//58
f 5556//313 5557//39 5628//127
f 5628//127 5557//39 5629//39
f 5557//39 5558//1005 5629//39
f 5629//39 5558//1005 5630//313
f 5558//1005 5559//1047 5631//211
f 5558//1005 5631//211 5630//313
f 5559//1047 5560//313 5631//211
f 5631//211 5560//313 5632//58
f 5560//313 5561//313 5633//127
f 5560//313 5633//127 5632//58
f 5561//313 5562//113 5633//127
f 5633//127 5562//113 5634//313
f 5562//113 5563//58 5635//211
f 5562//113 5635//211 5634//313
f 5563//58 5564//58 5635//211
f 5635//211 5564//58 5636//58
f 5564//58 5565//58 5636//58
f 5636//58 5565//58 5637//58
f 5565//58 5566//211 5637//58
f 5637//58 5566//211 5638//58
f 5566//211 5567//211 5639//211
f 5566//211 5639//211 5638//58
f 5567//211 5568//58 5640//313
f 5567//211 5640//313 5639//211
f 5568//58 5569//292 5640//313
f 5640//313 5569//292 5641//292
f 5569//292 5570//39 5641//292
f 5641//292 5570//39 5642//58
f 5570//39 5571//128 5642//58
f 5642//58 5571//128 5643//74
f 5571//128 5572//74 5643//74
f 5643//74 5572//74 5644//75
f 5572//74 5573//58 5644//75
f 5644//75 5573//58 5645//58
f 5573//58 5574//212 5645//58
f 5645//58 5574//212 5646//58
f 5574//212 5575//212 5647//212
f 5574//212 5647//212 5646//58
f 5575//212 5576//58 5648//212
f 5575//212 5648//212 5647//212
f 5576//58 5577//76 5648//212
f 5648//212 5577//76 5649//1003
f 5577//76 5578//293 5649//1003
f 5649//1003 5578//293 5650//75
f 5578//293 5579//259 5650//75
f 5650//75 5579//259 5651//1003
f 5579//259 5580//1035 5651//1003
f 5651//1003 5580//1035 5652//317
f 5580//1035 5581//291 5652//317
f 5652//317 5581//291 5653//1206
f 5581//291 5582//945 5653//1206
f 5653//1206 5582//945 5654//1207
f 5582//945 5583//1144 5654//1207
f 5654//1207 5583//1144 5655//1006
f 5583//1144 5584//1008 5656//994
f 5583//1144 5656//994 5655//1006
f 5584//1008 5585//1195 5656//994
f 5656//994 5585//1195 5657//1026
f 5585//1195 5586//58 5658//1026
f 5585//1195 5658//1026 5657//1026
f 5586//58 5587//81 5658//1026
f 5658//1026 5587//81 5659//1208
f 5587//81 5588//115 5659//1208
f 5659//1208 5588//115 5660//141
f 5588//115 5589//841 5661//1209
f 5588//115 5661//1209 5660//141
f 5589//841 5590//141 5662//1210
f 5589//841 5662//1210 5661//1209
f 5590//141 5591//1196 5662//1210
f 5662//1210 5591//1196 5663//1211
f 5591//1196 5592//1197 5663//1211
f 5593//1199 5594//1198 5665//1212
f 5593//1213 5665//1213 5664//58
f 5594//1198 5595//1200 5665//1212
f 5598//1203 5599//1204 5666//1214
f 5666//1214 5599//1204 5667//1215
f 5599//1204 5600//1205 5667//1215
f 5667//1215 5600//1205 5668//625
f 5600//1205 5601//386 5668//625
f 5668//625 5601//386 5669//58
f 5601//386 5602//708 5669//58
f 5669//58 5602//708 5670//94
f 5602//708 5603//931 5670//94
f 5670//94 5603//931 5671//1216
f 5603//931 5604//942 5671//1216
f 5671//1216 5604//942 5672//931
f 5604//942 5605//94 5672//931
f 5672//931 5605//94 5673//171
f 5605//94 5606//58 5673//171
f 5673//171 5606//58 5674//58
f 5606//58 5607//58 5674//58
f 5674//58 5607//58 5675//58
f 5607//58 5608//170 5675//58
f 5675//58 5608//170 5676//58
f 5608//170 5609//171 5677//185
f 5608//170 5677//185 5676//58
f 5609//171 5610//58 5678//186
f 5609//171 5678//186 5677//185
f 5610//58 5611//58 5678//186
f 5678//186 5611//58 5679//58
f 5611//58 5612//94 5679//58
f 5679//58 5612//94 5680//94
f 5612//94 5613//94 5680//94
f 5680//94 5613//94 5681//94
f 5613//94 5614//58 5681//94
f 5681//94 5614//58 5682//58
f 5614//58 5615//58 5682//58
f 5682//58 5615//58 5683//58
f 5615//58 5616//58 5683//58
f 5683//58 5616//58 5684//58
f 5616//58 5617//58 5684//58
f 5684//58 5617//58 5685//58
f 5617//58 5618//58 5685//58
f 5685//58 5618//58 5686//58
f 5618//58 5619//58 5686//58
f 5686//58 5619//58 5687//58
f 5619//58 5620//211 5687//58
f 5687//58 5620//211 5688//58
f 5620//211 5621//313 5689//127
f 5620//211 5689//127 5688//58
f 5621//313 5622//113 5689//127
f 5689//127 5622//113 5690//313
f 5622//113 5623//58 5691//1061
f 5622//113 5691//1061 5690//313
f 5623//58 5624//73 5691//1061
f 5691//1061 5624//73 5692//431
f 5624//73 5625//58 5693//313
f 5624//73 5693//313 5692//431
f 5625//58 5626//58 5693//313
f 5693//313 5626//58 5694//113
f 5626//58 5627//58 5694//113
f 5694//113 5627//58 5695//58
f 5627//58 5628//127 5695//58
f 5695//58 5628//127 5696//58
f 5628//127 5629//39 5696//58
f 5696//58 5629//39 5697//58
f 5629//39 5630//313 5697//58
f 5697//58 5630//313 5698//58
f 5630//313 5631//211 5699//211
f 5630//313 5699//211 5698//58
f 5631//211 5632//58 5700//313
f 5631//211 5700//313 5699//211
f 5632//58 5633//127 5700//313
f 5700//313 5633//127 5701//113
f 5633//127 5634//313 5701//113
f 5701//113 5634//313 5702//58
f 5634//313 5635//211 5703//211
f 5634//313 5703//211 5702//58
f 5635//211 5636//58 5704//313
f 5635//211 5704//313 5703//211
f 5636//58 5637//58 5704//313
f 5704//313 5637//58 5705//292
f 5637//58 5638//58 5705//292
f 5705//292 5638//58 5706//58
f 5638//58 5639//211 5706//58
f 5706//58 5639//211 5707//58
f 5639//211 5640//313 5708//127
f 5639//211 5708//127 5707//58
f 5640//313 5641//292 5708//127
f 5708//127 5641//292 5709//313
f 5641//292 5642//58 5710//313
f 5641//292 5710//313 5709//313
f 5642//58 5643//74 5710//313
f 5710//313 5643//74 5711//1005
f 5643//74 5644//75 5712//934
f 5643//74 5712//934 5711//1005
f 5644//75 5645//58 5713//211
f 5644//75 5713//211 5712//934
f 5645//58 5646//58 5713//211
f 5713//211 5646//58 5714//58
f 5646//58 5647//212 5714//58
f 5714//58 5647//212 5715//58
f 5647//212 5648//212 5716//212
f 5647//212 5716//212 5715//58
f 5648//212 5649//1003 5717//934
f 5648//212 5717//934 5716//212
f 5649//1003 5650//75 5718//1006
f 5649//1003 5718//1006 5717//934
f 5650//75 5651//1003 5719//61
f 5650//75 5719//61 5718//1006
f 5651//1003 5652//317 5720//127
f 5651//1003 5720//127 5719//61
f 5652//317 5653//1206 5720//127
f 5720//127 5653//1206 5721//1217
f 5653//1206 5654//1207 5722//945
f 5653//1206 5722//945 5721//1217
f 5654//1207 5655//1006 5723//1064
f 5654//1207 5723//1064 5722//945
f 5655//1006 5656//994 5724//313
f 5655//1006 5724//313 5723//1064
f 5656//994 5657//1026 5724//313
f 5724//313 5657//1026 5725//1005
f 5657//1026 5658//1026 5726//994
f 5657//1026 5726//994 5725//1005
f 5658//1026 5659//1208 5726//994
f 5726//994 5659//1208 5727//1218
f 5659//1208 5660//141 5728//1219
f 5659//1208 5728//1219 5727//1218
f 5660//141 5661//1209 5728//1219
f 5728//1219 5661//1209 5729//1220
f 5661//1209 5662//1210 5729//1220
f 5729//1220 5662//1210 5730//1221
f 5662//1210 5663//1211 5730//1221
f 5730//1221 5663//1211 5731//1222
f 5732//1223 5666//1214 5733//1224
f 5666//1214 5667//1215 5733//1224
f 5733//1224 5667//1215 5734//1122
f 5667//1215 5668//625 5735//1113
f 5667//1215 5735//1113 5734//1122
f 5668//625 5669//58 5736//200
f 5668//625 5736//200 5735//1113
f 5669//58 5670//94 5736//200
f 5736//200 5670//94 5737//638
f 5670//94 5671//1216 5737//638
f 5737//638 5671//1216 5738//1216
f 5671//1216 5672//931 5738//1216
f 5738//1216 5672//931 5739//731
f 5672//931 5673//171 5740//200
f 5672//931 5740//200 5739//731
f 5673//171 5674//58 5741//200
f 5673//171 5741//200 5740//200
f 5674//58 5675//58 5741//200
f 5741//200 5675//58 5742//58
f 5675//58 5676//58 5742//58
f 5742//58 5676//58 5743//58
f 5676//58 5677//185 5743//58
f 5743//58 5677//185 5744//94
f 5677//185 5678//186 5744//94
f 5744//94 5678//186 5745//94
f 5678//186 5679//58 5745//94
f 5745//94 5679//58 5746//58
f 5679//58 5680//94 5746//58
f 5746//58 5680//94 5747//170
f 5680//94 5681//94 5747//170
f 5747//170 5681//94 5748//171
f 5681//94 5682//58 5748//171
f 5748//171 5682//58 5749//58
f 5682//58 5683//58 5749//58
f 5749//58 5683//58 5750//58
f 5683//58 5684//58 5750//58
f 5750//58 5684//58 5751//58
f 5684//58 5685//58 5751//58
f 5751//58 5685//58 5752//58
f 5685//58 5686//58 5752//58
f 5752//58 5686//58 5753//58
f 5686//58 5687//58 5753//58
f 5753//58 5687//58 5754//58
f 5687//58 5688//58 5754//58
f 5754//58 5688//58 5755//58
f 5688//58 5689//127 5755//58
f 5755//58 5689//127 5756//58
f 5689//127 5690//313 5756//58
f 5756//58 5690//313 5757//58
f 5690//313 5691//1061 5758//73
f 5690//313 5758//73 5757//58
f 5691//1061 5692//431 5758//73
f 5758//73 5692//431 5759//58
f 5692//431 5693//313 5760//127
f 5692//431 5760//127 5759//58
f 5693//313 5694//113 5760//127
f 5760//127 5694//113 5761//313
f 5694//113 5695//58 5762//313
f 5694//113 5762//313 5761//313
f 5695//58 5696//58 5762//313
f 5762//313 5696//58 5763//292
f 5696//58 5697//58 5763//292
f 5763//292 5697//58 5764//58
f 5697//58 5698//58 5764//58
f 5764//58 5698//58 5765//58
f 5698//58 5699//211 5765//58
f 5765//58 5699//211 5766//58
f 5699//211 5700//313 5767//292
f 5699//211 5767//292 5766//58
f 5700//313 5701//113 5767//292
f 5767//292 5701//113 5768//1094
f 5701//113 5702//58 5769//313
f 5701//113 5769//313 5768//1094
f 5702//58 5703//211 5769//313
f 5769//313 5703//211 5770//1005
f 5703//211 5704//313 5771//1047
f 5703//211 5771//1047 5770//1005
f 5704//313 5705//292 5771//1047
f 5771//1047 5705//292 5772//1094
f 5705//292 5706//58 5773//313
f 5705//292 5773//313 5772//1094
f 5706//58 5707//58 5773//313
f 5773//313 5707//58 5774//113
f 5707//58 5708//127 5774//113
f 5774//113 5708//127 5775//58
f 5708//127 5709//313 5775//58
f 5775//58 5709//313 5776//58
f 5709//313 5710//313 5777//127
f 5709//313 5777//127 5776//58
f 5710//313 5711//1005 5777//127
f 5777//127 5711//1005 5778//128
f 5711//1005 5712//934 5779//61
f 5711//1005 5779//61 5778//128
f 5712//934 5713//211 5780//211
f 5712//934 5780//211 5779//61
f 5713//211 5714//58 5781//211
f 5713//211 5781//211 5780//211
f 5714//58 5715//58 5781//211
f 5781//211 5715//58 5782//58
f 5715//58 5716//212 5782//58
f 5782//58 5716//212 5783//58
f 5716//212 5717//934 5784//259
f 5716//212 5784//259 5783//58
f 5717//934 5718//1006 5785//470
f 5717//934 5785//470 5784//259
f 5718//1006 5719//61 5785//470
f 5785//470 5719//61 5786//1004
f 5719//61 5720//127 5786//1004
f 5786//1004 5720//127 5787//113
f 5720//127 5721//1217 5787//113
f 5787//113 5721//1217 5788//76
f 5721//1217 5722//945 5789//1225
f 5721//1217 5789//1225 5788//76
f 5722//945 5723//1064 5790//61
f 5722//945 5790//61 5789//1225
f 5723//1064 5724//313 5791//292
f 5723//1064 5791//292 5790//61
f 5724//313 5725//1005 5791//292
f 5791//292 5725//1005 5792//313
f 5725//1005 5726//994 5793//211
f 5725//1005 5793//211 5792//313
f 5726//994 5727//1218 5793//211
f 5793//211 5727//1218 5794//140
f 5727//1218 5728//1219 5795//1226
f 5727//1218 5795//1226 5794//140
f 5728//1219 5729//1220 5795//1226
f 5795//1226 5729//1220 5796//1227
f 5729//1220 5730//1221 5797//1228
f 5729//1220 5797//1228 5796//1227
f 5730//1221 5731//1222 5798//1229
f 5730//1221 5798//1229 5797//1228
f 5731//1222 5799//1230 5798//1229
f 5800//58 5732//1223 5801//1231
f 5732//1223 5733//1224 5801//1231
f 5801//1231 5733//1224 5802//1232
f 5733//1224 5734//1122 5803//680
f 5733//1224 5803//680 5802//1232
f 5734//1122 5735//1113 5804//665
f 5734//1122 5804//665 5803//680
f 5735//1113 5736//200 5805//665
f 5735//1113 5805//665 5804//665
f 5736//200 5737//638 5806//769
f 5736//200 5806//769 5805//665
f 5737//638 5738//1216 5806//769
f 5806//769 5738//1216 5807//808
f 5738//1216 5739//731 5807//808
f 5807//808 5739//731 5808//1233
f 5739//731 5740//200 5808//1233
f 5808//1233 5740//200 5809//1021
f 5740//200 5741//200 5810//680
f 5740//200 5810//680 5809//1021
f 5741//200 5742//58 5811//775
f 5741//200 5811//775 5810//680
f 5742//58 5743//58 5811//775
f 5811//775 5743//58 5812//58
f 5743//58 5744//94 5812//58
f 5812//58 5744//94 5813//94
f 5744//94 5745//94 5813//94
f 5813//94 5745//94 5814//94
f 5745//94 5746//58 5814//94
f 5814//94 5746//58 5815//58
f 5746//58 5747//170 5815//58
f 5815//58 5747//170 5816//58
f 5747//170 5748//171 5817//185
f 5747//170 5817//185 5816//58
f 5748//171 5749//58 5818//170
f 5748//171 5818//170 5817//185
f 5749//58 5750//58 5818//170
f 5818//170 5750//58 5819//58
f 5750//58 5751//58 5819//58
f 5819//58 5751//58 5820//58
f 5751//58 5752//58 5820//58
f 5820//58 5752//58 5821//58
f 5752//58 5753//58 5821//58
f 5821//58 5753//58 5822//58
f 5753//58 5754//58 5822//58
f 5822//58 5754//58 5823//58
f 5754//58 5755//58 5823//58
f 5823//58 5755//58 5824//58
f 5755//58 5756//58 5824//58
f 5824//58 5756//58 5825//58
f 5756//58 5757//58 5825//58
f 5825//58 5757//58 5826//58
f 5757//58 5758//73 5826//58
f 5826//58 5758//73 5827//58
f 5758//73 5759//58 5827//58
f 5827//58 5759//58 5828//58
f 5759//58 5760//127 5828//58
f 5828//58 5760//127 5829//58
f 5760//127 5761//313 5829//58
f 5829//58 5761//313 5830//58
f 5761//313 5762//313 5831//292
f 5761//313 5831//292 5830//58
f 5762//313 5763//292 5831//292
f 5831//292 5763//292 5832//313
f 5763//292 5764//58 5833//211
f 5763//292 5833//211 5832//313
f 5764//58 5765//58 5833//211
f 5833//211 5765//58 5834//58
f 5765//58 5766//58 5834//58
f 5834//58 5766//58 5835//58
f 5766//58 5767//292 5835//58
f 5835//58 5767//292 5836//58
f 5767//292 5768//1094 5836//58
f 5836//58 5768//1094 5837//58
f 5768//1094 5769//313 5838//292
f 5768//1094 5838//292 5837//58
f 5769//313 5770//1005 5838//292
f 5838//292 5770//1005 5839//317
f 5770//1005 5771//1047 5840//74
f 5770//1005 5840//74 5839//317
f 5771//1047 5772//1094 5840//74
f 5840//74 5772//1094 5841//58
f 5772//1094 5773//313 5842//292
f 5772//1094 5842//292 5841//58
f 5773//313 5774//113 5842//292
f 5842//292 5774//113 5843//313
f 5774//113 5775//58 5844//211
f 5774//113 5844//211 5843//313
f 5775//58 5776//58 5844//211
f 5844//211 5776//58 5845//58
f 5776//58 5777//127 5845//58
f 5845//58 5777//127 5846//58
f 5777//127 5778//128 5846//58
f 5846//58 5778//128 5847//74
f 5778//128 5779//61 5847//74
f 5847//74 5779//61 5848//75
f 5779//61 5780//211 5848//75
f 5848//75 5780//211 5849//58
f 5780//211 5781//211 5850//211
f 5780//211 5850//211 5849//58
f 5781//211 5782//58 5851//211
f 5781//211 5851//211 5850//211
f 5782//58 5783//58 5851//211
f 5851//211 5783//58 5852//58
f 5783//58 5784//259 5852//58
f 5852//58 5784//259 5853//77
f 5784//259 5785//470 5853//77
f 5853//77 5785//470 5854//982
f 5785//470 5786//1004 5855//292
f 5785//470 5855//292 5854//982
f 5786//1004 5787//113 5855//292
f 5855//292 5787//113 5856//291
f 5787//113 5788//76 5857//470
f 5787//113 5857//470 5856//291
f 5788//76 5789//1225 5857//470
f 5857//470 5789//1225 5858//945
f 5789//1225 5790//61 5858//945
f 5858//945 5790//61 5859//75
f 5790//61 5791//292 5859//75
f 5859//75 5791//292 5860//58
f 5791//292 5792//313 5860//58
f 5860//58 5792//313 5861//58
f 5792//313 5793//211 5862//59
f 5792//313 5862//59 5861//58
f 5793//211 5794//140 5863//1234
f 5793//211 5863//1234 5862//59
f 5794//140 5795//1226 5863//1234
f 5863//1234 5795//1226 5864//983
f 5795//1226 5796//1227 5864//983
f 5864//983 5796//1227 5865//1235
f 5796//1227 5797//1228 5866//1236
f 5796//1227 5866//1236 5865//1235
f 5797//1228 5798//1229 5866//1236
f 5866//1236 5798//1229 5867//1237
f 5798//1229 5799//1230 5868//1238
f 5798//1229 5868//1238 5867//1237
f 5800//58 5801//1231 5869//1239
f 5869//1239 5801//1231 5870//1240
f 5801//1231 5802//1232 5870//1240
f 5870//1240 5802//1232 5871//1241
f 5802//1232 5803//680 5872//849
f 5802//1232 5872//849 5871//1241
f 5803//680 5804//665 5872//849
f 5872//849 5804//665 5873//665
f 5804//665 5805//665 5873//665
f 5873//665 5805//665 5874//665
f 5805//665 5806//769 5874//665
f 5874//665 5806//769 5875//665
f 5806//769 5807//808 5875//665
f 5875//665 5807//808 5876//1122
f 5807//808 5808//1233 5877//1242
f 5807//808 5877//1242 5876//1122
f 5808//1233 5809//1021 5877//1242
f 5877//1242 5809//1021 5878//862
f 5809//1021 5810//680 5879//943
f 5809//1021 5879//943 5878//862
f 5810//680 5811//775 5879//943
f 5879//943 5811//775 5880//171
f 5811//775 5812//58 5880//171
f 5880//171 5812//58 5881//58
f 5812//58 5813//94 5881//58
f 5881//58 5813//94 5882//170
f 5813//94 5814//94 5882//170
f 5882//170 5814//94 5883//171
f 5814//94 5815//58 5883//171
f 5883//171 5815//58 5884//58
f 5815//58 5816//58 5884//58
f 5884//58 5816//58 5885//58
f 5816//58 5817//185 5885//58
f 5885//58 5817//185 5886//170
f 5817//185 5818//170 5886//170
f 5886//170 5818//170 5887//171
f 5818//170 5819//58 5887//171
f 5887//171 5819//58 5888//58
f 5819//58 5820//58 5888//58
f 5888//58 5820//58 5889//58
f 5820//58 5821//58 5889//58
f 5889//58 5821//58 5890//58
f 5821//58 5822//58 5890//58
f 5890//58 5822//58 5891//58
f 5822//58 5823//58 5891//58
f 5891//58 5823//58 5892//58
f 5823//58 5824//58 5892//58
f 5892//58 5824//58 5893//58
f 5824//58 5825//58 5893//58
f 5893//58 5825//58 5894//58
f 5825//58 5826//58 5894//58
f 5894//58 5826//58 5895//58
f 5826//58 5827//58 5895//58
f 5895//58 5827//58 5896//58
f 5827//58 5828//58 5896//58
f 5896//58 5828//58 5897//58
f 5828//58 5829//58 5897//58
f 5897//58 5829//58 5898//58
f 5829//58 5830//58 5898//58
f 5898//58 5830//58 5899//58
f 5830//58 5831//292 5899//58
f 5899//58 5831//292 5900//58
f 5831//292 5832//313 5900//58
f 5900//58 5832//313 5901//58
f 5832//313 5833//211 5902//59
f 5832//313 5902//59 5901//58
f 5833//211 5834//58 5903//74
f 5833//211 5903//74 5902//59
f 5834//58 5835//58 5903//74
f 5903//74 5835//58 5904//58
f 5835//58 5836//58 5904//58
f 5904//58 5836//58 5905//58
f 5836//58 5837//58 5905//58
f 5905//58 5837//58 5906//58
f 5837//58 5838//292 5906//58
f 5906//58 5838//292 5907//58
f 5838//292 5839//317 5907//58
f 5907//58 5839//317 5908//74
f 5839//317 5840//74 5908//74
f 5908//74 5840//74 5909//75
f 5840//74 5841//58 5909//75
f 5909//75 5841//58 5910//58
f 5841//58 5842//292 5910//58
f 5910//58 5842//292 5911//58
f 5842//292 5843//313 5911//58
f 5911//58 5843//313 5912//58
f 5843//313 5844//211 5913//212
f 5843//313 5913//212 5912//58
f 5844//211 5845//58 5914//211
f 5844//211 5914//211 5913//212
f 5845//58 5846//58 5914//211
f 5914//211 5846//58 5915//58
f 5846//58 5847//74 5915//58
f 5915//58 5847//74 5916//58
f 5847//74 5848//75 5917//211
f 5847//74 5917//211 5916//58
f 5848//75 5849//58 5918//211
f 5848//75 5918//211 5917//211
f 5849//58 5850//211 5918//211
f 5918//211 5850//211 5919//58
f 5850//211 5851//211 5920//211
f 5850//211 5920//211 5919//58
f 5851//211 5852//58 5921//211
f 5851//211 5921//211 5920//211
f 5852//58 5853//77 5921//211
f 5921//211 5853//77 5922//378
f 5853//77 5854//982 5922//378
f 5922//378 5854//982 5923//76
f 5854//982 5855//292 5923//76
f 5923//76 5855//292 5924//58
f 5855//292 5856//291 5924//58
f 5924//58 5856//291 5925//74
f 5856//291 5857//470 5925//74
f 5925//74 5857//470 5926//1151
f 5857//470 5858//945 5927//1092
f 5857//470 5927//1092 5926//1151
f 5858//945 5859//75 5928//316
f 5858//945 5928//316 5927//1092
f 5859//75 5860//58 5929//211
f 5859//75 5929//211 5928//316
f 5860//58 5861//58 5929//211
f 5929//211 5861//58 5930//58
f 5861//58 5862//59 5930//58
f 5930//58 5862//59 5931//74
f 5862//59 5863//1234 5931//74
f 5931//74 5863//1234 5932//1006
f 5863//1234 5864//983 5933//993
f 5863//1234 5933//993 5932//1006
f 5864//983 5865//1235 5933//993
f 5933//993 5865//1235 5934//1243
f 5865//1235 5866//1236 5934//1243
f 5934//1243 5866//1236 5935//1244
f 5866//1236 5867//1237 5935//1244
f 5935//1244 5867//1237 5936//1245
f 5867//1237 5868//1238 5936//1245
f 5936//1245 5868//1238 5937//1246
f 5869//1239 5870//1240 5939//1247
f 5869//1239 5939//1247 5938//1248
f 5870//1240 5871//1241 5940//1249
f 5870//1240 5940//1249 5939//1247
f 5871//1241 5872//849 5941//1250
f 5871//1241 5941//1250 5940//1249
f 5872//849 5873//665 5942//665
f 5872//849 5942//665 5941//1250
f 5873//665 5874//665 5943//665
f 5873//665 5943//665 5942//665
f 5874//665 5875//665 5944//665
f 5874//665 5944//665 5943//665
f 5875//665 5876//1122 5945//665
f 5875//665 5945//665 5944//665
f 5876//1122 5877//1242 5946//849
f 5876//1122 5946//849 5945//665
f 5877//1242 5878//862 5947//849
f 5877//1242 5947//849 5946//849
f 5878//862 5879//943 5947//849
f 5947//849 5879//943 5948//680
f 5879//943 5880//171 5949//680
f 5879//943 5949//680 5948//680
f 5880//171 5881//58 5950//186
f 5880//171 5950//186 5949//680
f 5881//58 5882//170 5950//186
f 5950//186 5882//170 5951//58
f 5882//170 5883//171 5952//200
f 5882//170 5952//200 5951//58
f 5883//171 5884//58 5953//200
f 5883//171 5953//200 5952//200
f 5884//58 5885//58 5953//200
f 5953//200 5885//58 5954//58
f 5885//58 5886//170 5954//58
f 5954//58 5886//170 5955//58
f 5886//170 5887//171 5956//185
f 5886//170 5956//185 5955//58
f 5887//171 5888//58 5957//186
f 5887//171 5957//186 5956//185
f 5888//58 5889//58 5957//186
f 5957//186 5889//58 5958//58
f 5889//58 5890//58 5958//58
f 5958//58 5890//58 5959//58
f 5890//58 5891//58 5959//58
f 5959//58 5891//58 5960//58
f 5891//58 5892//58 5960//58
f 5960//58 5892//58 5961//58
f 5892//58 5893//58 5961//58
f 5961//58 5893//58 5962//58
f 5893//58 5894//58 5962//58
f 5962//58 5894//58 5963//58
f 5894//58 5895//58 5963//58
f 5963//58 5895//58 5964//58
f 5895//58 5896//58 5964//58
f 5964//58 5896//58 5965//58
f 5896//58 5897//58 5965//58
f 5965//58 5897//58 5966//58
f 5897//58 5898//58 5966//58
f 5966//58 5898//58 5967//58
f 5898//58 5899//58 5967//58
f 5967//58 5899//58 5968//58
f 5899//58 5900//58 5968//58
f 5968//58 5900//58 5969//58
f 5900//58 5901//58 5969//58
f 5969//58 5901//58 5970//58
f 5901//58 5902//59 5970//58
f 5970//58 5902//59 5971//74
f 5902//59 5903//74 5971//74
f 5971//74 5903//74 5972//291
f 5903//74 5904//58 5972//291
f 5972//291 5904//58 5973//113
f 5904//58 5905//58 5973//113
f 5973//113 5905//58 5974//58
f 5905//58 5906//58 5974//58
f 5974//58 5906//58 5975//58
f 5906//58 5907//58 5975//58
f 5975//58 5907//58 5976//58
f 5907//58 5908//74 5976//58
f 5976//58 5908//74 5977//58
f 5908//74 5909//75 5978//211
f 5908//74 5978//211 5977//58
f 5909//75 5910//58 5979//211
f 5909//75 5979//211 5978//211
f 5910//58 5911//58 5979//211
f 5979//211 5911//58 5980//58
f 5911//58 5912//58 5980//58
f 5980//58 5912//58 5981//58
f 5912//58 5913//212 5981//58
f 5981//58 5913//212 5982//58
f 5913//212 5914//211 5983//59
f 5913//212 5983//59 5982//58
f 5914//211 5915//58 5984//60
f 5914//211 5984//60 5983//59
f 5915//58 5916//58 5984//60
f 5984//60 5916//58 5985//58
f 5916//58 5917//211 5985//58
f 5985//58 5917//211 5986//58
f 5917//211 5918//211 5987//211
f 5917//211 5987//211 5986//58
f 5918//211 5919//58 5988//211
f 5918//211 5988//211 5987//211
f 5919//58 5920//211 5988//211
f 5988//211 5920//211 5989//58
f 5920//211 5921//211 5990//733
f 5920//211 5990//733 5989//58
f 5921//211 5922//378 5991//358
f 5921//211 5991//358 5990//733
f 5922//378 5923//76 5991//358
f 5991//358 5923//76 5992//76
f 5923//76 5924//58 5992//76
f 5992//76 5924//58 5993//58
f 5924//58 5925//74 5993//58
f 5993//58 5925//74 5994//58
f 5925//74 5926//1151 5995//259
f 5925//74 5995//259 5994//58
f 5926//1151 5927//1092 5996//357
f 5926//1151 5996//357 5995//259
f 5927//1092 5928//316 5996//357
f 5996//357 5928//316 5997//172
f 5928//316 5929//211 5998//59
f 5928//316 5998//59 5997//172
f 5929//211 5930//58 5999//74
f 5929//211 5999//74 5998//59
f 5930//58 5931//74 5999//74
f 5999//74 5931//74 6000//58
f 5931//74 5932//1006 6001//59
f 5931//74 6001//59 6000//58
f 5932//1006 5933//993 6002//97
f 5932//1006 6002//97 6001//59
f 5933//993 5934//1243 6002//97
f 6002//97 5934//1243 6003//1251
f 5934//1243 5935//1244 6004//1252
f 5934//1243 6004//1252 6003//1251
f 5935//1244 5936//1245 6005//545
f 5935//1244 6005//545 6004//1252
f 5936//1245 5937//1246 6006//1253
f 5936//1245 6006//1253 6005//545
f 5937//1246 6007//1254 6006//1253
f 5938//1248 5939//1247 6009//1255
f 5938//1248 6009//1255 6008//1256
f 5939//1247 5940//1249 6010//1257
f 5939//1247 6010//1257 6009//1255
f 5940//1249 5941//1250 6011//677
f 5940//1249 6011//677 6010//1257
f 5941//1250 5942//665 6011//677
f 6011//677 5942//665 6012//665
f 5942//665 5943//665 6012//665
f 6012//665 5943//665 6013//665
f 5943//665 5944//665 6013//665
f 6013//665 5944//665 6014//666
f 5944//665 5945//665 6014//666
f 6014//666 5945//665 6015//851
f 5945//665 5946//849 6015//851
f 6015//851 5946//849 6016//720
f 5946//849 5947//849 6017//185
f 5946//849 6017//185 6016//720
f 5947//849 5948//680 6018//665
f 5947//849 6018//665 6017//185
f 5948//680 5949//680 6019//943
f 5948//680 6019//943 6018//665
f 5949//680 5950//186 6019//943
f 6019//943 5950//186 6020//171
f 5950//186 5951//58 6020//171
f 6020//171 5951//58 6021//58
f 5951//58 5952//200 6021//58
f 6021//58 5952//200 6022//58
f 5952//200 5953//200 6023//185
f 5952//200 6023//185 6022//58
f 5953//200 5954//58 6024//170
f 5953//200 6024//170 6023//185
f 5954//58 5955//58 6024//170
f 6024//170 5955//58 6025//58
f 5955//58 5956//185 6025//58
f 6025//58 5956//185 6026//170
f 5956//185 5957//186 6026//170
f 6026//170 5957//186 6027//171
f 5957//186 5958//58 6027//171
f 6027//171 5958//58 6028//58
f 5958//58 5959//58 6028//58
f 6028//58 5959//58 6029//58
f 5959//58 5960//58 6029//58
f 6029//58 5960//58 6030//58
f 5960//58 5961//58 6030//58
f 6030//58 5961//58 6031//58
f 5961//58 5962//58 6031//58
f 6031//58 5962//58 6032//58
f 5962//58 5963//58 6032//58
f 6032//58 5963//58 6033//58
f 5963//58 5964//58 6033//58
f 6033//58 5964//58 6034//58
f 5964//58 5965//58 6034//58
f 6034//58 5965//58 6035//58
f 5965//58 5966//58 6035//58
f 6035//58 5966//58 6036//58
f 5966//58 5967//58 6036//58
f 6036//58 5967//58 6037//58
f 5967//58 5968//58 6037//58
f 6037//58 5968//58 6038//58
f 5968//58 5969//58 6038//58
f 6038//58 5969//58 6039//58
f 5969//58 5970//58 6039//58
f 6039//58 5970//58 6040//58
f 5970//58 5971//74 6040//58
f 6040//58 5971//74 6041//58
f 5971//74 5972//291 6042//127
f 5971//74 6042//127 6041//58
f 5972//291 5973//113 6042//127
f 6042//127 5973//113 6043//317
f 5973//113 5974//58 6044//1060
f 5973//113 6044//1060 6043//317
f 5974//58 5975//58 6044//1060
f 6044//1060 5975//58 6045//58
f 5975//58 5976//58 6045//58
f 6045//58 5976//58 6046//58
f 5976//58 5977//58 6046//58
f 6046//58 5977//58 6047//58
f 5977//58 5978//211 6047//58
f 6047//58 5978//211 6048//58
f 5978//211 5979//211 6049//59
f 5978//211 6049//59 6048//58
f 5979//211 5980//58 6050//74
f 5979//211 6050//74 6049//59
f 5980//58 5981//58 6050//74
f 6050//74 5981//58 6051//58
f 5981//58 5982//58 6051//58
f 6051//58 5982//58 6052//58
f 5982//58 5983//59 6052//58
f 6052//58 5983//59 6053//76
f 5983//59 5984//60 6053//76
f 6053//76 5984//60 6054//77
f 5984//60 5985//58 6054//77
f 6054//77 5985//58 6055//58
f 5985//58 5986//58 6055//58
f 6055//58 5986//58 6056//58
f 5986//58 5987//211 6056//58
f 6056//58 5987//211 6057//58
f 5987//211 5988//211 6058//59
f 5987//211 6058//59 6057//58
f 5988//211 5989//58 6059//358
f 5988//211 6059//358 6058//59
f 5989//58 5990//733 6059//358
f 6059//358 5990//733 6060//396
f 5990//733 5991//358 6060//396
f 6060//396 5991//358 6061//60
f 5991//358 5992//76 6061//60
f 6061//60 5992//76 6062//259
f 5992//76 5993//58 6062//259
f 6062//259 5993//58 6063//58
f 5993//58 5994//58 6063//58
f 6063//58 5994//58 6064//58
f 5994//58 5995//259 6064//58
f 6064//58 5995//259 6065//76
f 5995//259 5996//357 6065//76
f 6065//76 5996//357 6066//357
f 5996//357 5997//172 6066//357
f 6066//357 5997//172 6067//75
f 5997//172 5998//59 6067//75
f 6067//75 5998//59 6068//61
f 5998//59 5999//74 6068//61
f 6068//61 5999//74 6069//909
f 5999//74 6000//58 6069//909
f 6069//909 6000//58 6070//58
f 6000//58 6001//59 6070//58
f 6070//58 6001//59 6071//74
f 6001//59 6002//97 6071//74
f 6071//74 6002//97 6072//75
f 6002//97 6003//1251 6072//75
f 6072//75 6003//1251 6073//129
f 6003//1251 6004//1252 6073//129
f 6073//129 6004//1252 6074//233
f 6004//1252 6005//545 6074//233
f 6074//233 6005//545 6075//100
f 6005//545 6006//1253 6075//100
f 6075//100 6006//1253 6076//141
f 6006//1253 6007//1254 6077//1258
f 6006//1253 6077//1258 6076//141
f 6007//1254 6078//1259 6077//1258
f 6008//1256 6009//1255 6079//1057
f 6079//1057 6009//1255 6080//1260
f 6009//1255 6010//1257 6081//238
f 6009//1255 6081//238 6080//1260
f 6010//1257 6011//677 6082//1261
f 6010//1257 6082//1261 6081//238
f 6011//677 6012//665 6083//1262
f 6011//677 6083//1262 6082//1261
f 6012//665 6013//665 6084//1122
f 6012//665 6084//1122 6083//1262
f 6013//665 6014//666 6085//795
f 6013//665 6085//795 6084//1122
f 6014//666 6015//851 6086//747
f 6014//666 6086//747 6085//795
f 6015//851 6016//720 6086//747
f 6086//747 6016//720 6087//171
f 6016//720 6017//185 6087//171
f 6087//171 6017//185 6088//638
f 6017//185 6018//665 6088//638
f 6088//638 6018//665 6089//613
f 6018//665 6019//943 6089//613
f 6089//613 6019//943 6090//680
f 6019//943 6020//171 6091//862
f 6019//943 6091//862 6090//680
f 6020//171 6021//58 6092//200
f 6020//171 6092//200 6091//862
f 6021//58 6022//58 6092//200
f 6092//200 6022//58 6093//58
f 6022//58 6023//185 6093//58
f 6093//58 6023//185 6094//170
f 6023//185 6024//170 6094//170
f 6094//170 6024//170 6095//171
f 6024//170 6025//58 6095//171
f 6095//171 6025//58 6096//58
f 6025//58 6026//170 6096//58
f 6096//58 6026//170 6097//58
f 6026//170 6027//171 6098//185
f 6026//170 6098//185 6097//58
f 6027//171 6028//58 6099//775
f 6027//171 6099//775 6098//185
f 6028//58 6029//58 6099//775
f 6099//775 6029//58 6100//58
f 6029//58 6030//58 6100//58
f 6100//58 6030//58 6101//58
f 6030//58 6031//58 6101//58
f 6101//58 6031//58 6102//58
f 6031//58 6032//58 6102//58
f 6102//58 6032//58 6103//58
f 6032//58 6033//58 6103//58
f 6103//58 6033//58 6104//58
f 6033//58 6034//58 6104//58
f 6104//58 6034//58 6105//58
f 6034//58 6035//58 6105//58
f 6105//58 6035//58 6106//58
f 6035//58 6036//58 6106//58
f 6106//58 6036//58 6107//58
f 6036//58 6037//58 6107//58
f 6107//58 6037//58 6108//58
f 6037//58 6038//58 6108//58
f 6108//58 6038//58 6109//58
f 6038//58 6039//58 6109//58
f 6109//58 6039//58 6110//58
f 6039//58 6040//58 6110//58
f 6110//58 6040//58 6111//58
f 6040//58 6041//58 6111//58
f 6111//58 6041//58 6112//58
f 6041//58 6042//127 6112//58
f 6112//58 6042//127 6113//58
f 6042//127 6043//317 6113//58
f 6113//58 6043//317 6114//76
f 6043//317 6044//1060 6114//76
f 6114//76 6044//1060 6115//77
f 6044//1060 6045//58 6115//77
f 6115//77 6045//58 6116//58
f 6045//58 6046//58 6116//58
f 6116//58 6046//58 6117//58
f 6046//58 6047//58 6117//58
f 6117//58 6047//58 6118//58
f 6047//58 6048//58 6118//58
f 6118//58 6048//58 6119//58
f 6048//58 6049//59 6119//58
f 6119//58 6049//59 6120//76
f 6049//59 6050//74 6120//76
f 6120//76 6050//74 6121//77
f 6050//74 6051//58 6121//77
f 6121//77 6051//58 6122//58
f 6051//58 6052//58 6122//58
f 6122//58 6052//58 6123//58
f 6052//58 6053//76 6123//58
f 6123//58 6053//76 6124//60
f 6053//76 6054//77 6124//60
f 6124//60 6054//77 6125//75
f 6054//77 6055//58 6125//75
f 6125//75 6055//58 6126//58
f 6055//58 6056//58 6126//58
f 6126//58 6056//58 6127//58
f 6056//58 6057//58 6127//58
f 6127//58 6057//58 6128//58
f 6057//58 6058//59 6128//58
f 6128//58 6058//59 6129//76
f 6058//59 6059//358 6129//76
f 6129//76 6059//358 6130//357
f 6059//358 6060//396 6130//357
f 6130//357 6060//396 6131//75
f 6060//396 6061//60 6131//75
f 6131//75 6061//60 6132//58
f 6061//60 6062//259 6133//212
f 6061//60 6133//212 6132//58
f 6062//259 6063//58 6134//212
f 6062//259 6134//212 6133//212
f 6063//58 6064//58 6134//212
f 6134//212 6064//58 6135//58
f 6064//58 6065//76 6135//58
f 6135//58 6065//76 6136//60
f 6065//76 6066//357 6136//60
f 6136//60 6066//357 6137//1151
f 6066//357 6067//75 6138//1064
f 6066//357 6138//1064 6137//1151
f 6067//75 6068//61 6139//1114
f 6067//75 6139//1114 6138//1064
f 6068//61 6069//909 6140//934
f 6068//61 6140//934 6139//1114
f 6069//909 6070//58 6141//313
f 6069//909 6141//313 6140//934
f 6070//58 6071//74 6141//313
f 6141//313 6071//74 6142//1047
f 6071//74 6072//75 6143//1092
f 6071//74 6143//1092 6142//1047
f 6072//75 6073//129 6144//1234
f 6072//75 6144//1234 6143//1092
f 6073//129 6074//233 6144//1234
f 6144//1234 6074//233 6145//188
f 6074//233 6075//100 6146//143
f 6074//233 6146//143 6145//188
f 6075//100 6076//141 6147//189
f 6075//100 6147//189 6146//143
f 6076//141 6077//1258 6147//189
f 6147//189 6077//1258 6148//1263
f 6077//1258 6078//1259 6148//1263
f 6148//1263 6078//1259 6149//1264
f 6079//1057 6080//1260 6150//1265
f 6080//1260 6081//238 6151//1266
f 6080//1260 6151//1266 6150//1265
f 6081//238 6082//1261 6151//1266
f 6151//1266 6082//1261 6152//241
f 6082//1261 6083//1262 6153//1267
f 6082//1261 6153//1267 6152//241
f 6083//1262 6084//1122 6154//1268
f 6083//1262 6154//1268 6153//1267
f 6084//1122 6085//795 6154//1268
f 6154//1268 6085//795 6155//1269
f 6085//795 6086//747 6155//1269
f 6155//1269 6086//747 6156//920
f 6086//747 6087//171 6157//862
f 6086//747 6157//862 6156//920
f 6087//171 6088//638 6158//849
f 6087//171 6158//849 6157//862
f 6088//638 6089//613 6158//849
f 6158//849 6089//613 6159//680
f 6089//613 6090//680 6160//680
f 6089//613 6160//680 6159//680
f 6090//680 6091//862 6161//871
f 6090//680 6161//871 6160//680
f 6091//862 6092//200 6162//200
f 6091//862 6162//200 6161//871
f 6092//200 6093//58 6163//200
f 6092//200 6163//200 6162//200
f 6093//58 6094//170 6163//200
f 6163//200 6094//170 6164//58
f 6094//170 6095//171 6165//185
f 6094//170 6165//185 6164//58
f 6095//171 6096//58 6166//186
f 6095//171 6166//186 6165//185
f 6096//58 6097//58 6166//186
f 6166//186 6097//58 6167//58
f 6097//58 6098//185 6167//58
f 6167//58 6098//185 6168//94
f 6098//185 6099//775 6168//94
f 6168//94 6099//775 6169//94
f 6099//775 6100//58 6169//94
f 6169//94 6100//58 6170//58
f 6100//58 6101//58 6170//58
f 6170//58 6101//58 6171//58
f 6101//58 6102//58 6171//58
f 6171//58 6102//58 6172//58
f 6102//58 6103//58 6172//58
f 6172//58 6103//58 6173//58
f 6103//58 6104//58 6173//58
f 6173//58 6104//58 6174//58
f 6104//58 6105//58 6174//58
f 6174//58 6105//58 6175//58
f 6105//58 6106//58 6175//58
f 6175//58 6106//58 6176//58
f 6106//58 6107//58 6176//58
f 6176//58 6107//58 6177//58
f 6107//58 6108//58 6177//58
f 6177//58 6108//58 6178//58
f 6108//58 6109//58 6178//58
f 6178//58 6109//58 6179//58
f 6109//58 6110//58 6179//58
f 6179//58 6110//58 6180//58
f 6110//58 6111//58 6180//58
f 6180//58 6111//58 6181//58
f 6111//58 6112//58 6181//58
f 6181//58 6112//58 6182//58
f 6112//58 6113//58 6182//58
f 6182//58 6113//58 6183//58
f 6113//58 6114//76 6183//58
f 6183//58 6114//76 6184//76
f 6114//76 6115//77 6184//76
f 6184//76 6115//77 6185//77
f 6115//77 6116//58 6185//77
f 6185//77 6116//58 6186//58
f 6116//58 6117//58 6186//58
f 6186//58 6117//58 6187//58
f 6117//58 6118//58 6187//58
f 6187//58 6118//58 6188//58
f 6118//58 6119//58 6188//58
f 6188//58 6119//58 6189//58
f 6119//58 6120//76 6189//58
f 6189//58 6120//76 6190//76
f 6120//76 6121//77 6190//76
f 6190//76 6121//77 6191//77
f 6121//77 6122//58 6191//77
f 6191//77 6122//58 6192//58
f 6122//58 6123//58 6192//58
f 6192//58 6123//58 6193//58
f 6123//58 6124//60 6193//58
f 6193//58 6124//60 6194//58
f 6124//60 6125//75 6195//211
f 6124//60 6195//211 6194//58
f 6125//75 6126//58 6196//211
f 6125//75 6196//211 6195//211
f 6126//58 6127//58 6196//211
f 6196//211 6127//58 6197//58
f 6127//58 6128//58 6197//58
f 6197//58 6128//58 6198//58
f 6128//58 6129//76 6198//58
f 6198//58 6129//76 6199//76
f 6129//76 6130//357 6199//76
f 6199//76 6130//357 6200//1270
f 6130//357 6131//75 6201//59
f 6130//357 6201//59 6200//1270
f 6131//75 6132//58 6202//260
f 6131//75 6202//260 6201//59
f 6132//58 6133//212 6202//260
f 6202//260 6133//212 6203//58
f 6133//212 6134//212 6204//212
f 6133//212 6204//212 6203//58
f 6134//212 6135//58 6205//212
f 6134//212 6205//212 6204//212
f 6135//58 6136//60 6205//212
f 6205//212 6136//60 6206//58
f 6136//60 6137//1151 6207//59
f 6136//60 6207//59 6206//58
f 6137//1151 6138//1064 6208//61
f 6137//1151 6208//61 6207//59
f 6138//1064 6139//1114 6209//59
f 6138//1064 6209//59 6208//61
f 6139//1114 6140//934 6210//61
f 6139//1114 6210//61 6209//59
f 6140//934 6141//313 6211//127
f 6140//934 6211//127 6210//61
f 6141//313 6142//1047 6211//127
f 6211//127 6142//1047 6212//291
f 6142//1047 6143//1092 6213//470
f 6142//1047 6213//470 6212//291
f 6143//1092 6144//1234 6213//470
f 6213//470 6144//1234 6214//1151
f 6144//1234 6145//188 6215//188
f 6144//1234 6215//188 6214//1151
f 6145//188 6146//143 6216//201
f 6145//188 6216//201 6215//188
f 6146//143 6147//189 6216//201
f 6216//201 6147//189 6217//101
f 6147//189 6148//1263 6218//1271
f 6147//189 6218//1271 6217//101
f 6148//1263 6149//1264 6218//1271
f 6218//1271 6149//1264 6219//1272
f 6150//1265 6151//1266 6221//1273
f 6150//1265 6221//1273 6220//1274
f 6151//1266 6152//241 6222//500
f 6151//1266 6222//500 6221//1273
f 6152//241 6153//1267 6223//1275
f 6152//241 6223//1275 6222//500
f 6153//1267 6154//1268 6224//1276
f 6153//1267 6224//1276 6223//1275
f 6154//1268 6155//1269 6225//1277
f 6154//1268 6225//1277 6224//1276
f 6155//1269 6156//920 6226//850
f 6155//1269 6226//850 6225//1277
f 6156//920 6157//862 6227//862
f 6156//920 6227//862 6226//850
f 6157//862 6158//849 6228//680
f 6157//862 6228//680 6227//862
f 6158//849 6159//680 6229//665
f 6158//849 6229//665 6228//680
f 6159//680 6160//680 6230//943
f 6159//680 6230//943 6229//665
f 6160//680 6161//871 6230//943
f 6230//943 6161//871 6231//171
f 6161//871 6162//200 6231//171
f 6231//171 6162//200 6232//58
f 6162//200 6163//200 6233//185
f 6162//200 6233//185 6232//58
f 6163//200 6164//58 6234//170
f 6163//200 6234//170 6233//185
f 6164//58 6165//185 6234//170
f 6234//170 6165//185 6235//94
f 6165//185 6166//186 6235//94
f 6235//94 6166//186 6236//94
f 6166//186 6167//58 6236//94
f 6236//94 6167//58 6237//58
f 6167//58 6168//94 6237//58
f 6237//58 6168//94 6238//170
f 6168//94 6169//94 6238//170
f 6238//170 6169//94 6239//171
f 6169//94 6170//58 6239//171
f 6239//171 6170//58 6240//58
f 6170//58 6171//58 6240//58
f 6240//58 6171//58 6241//58
f 6171//58 6172//58 6241//58
f 6241//58 6172//58 6242//58
f 6172//58 6173//58 6242//58
f 6242//58 6173//58 6243//58
f 6173//58 6174//58 6243//58
f 6243//58 6174//58 6244//58
f 6174//58 6175//58 6244//58
f 6244//58 6175//58 6245//58
f 6175//58 6176//58 6245//58
f 6245//58 6176//58 6246//58
f 6176//58 6177//58 6246//58
f 6246//58 6177//58 6247//58
f 6177//58 6178//58 6247//58
f 6247//58 6178//58 6248//58
f 6178//58 6179//58 6248//58
f 6248//58 6179//58 6249//58
f 6179//58 6180//58 6249//58
f 6249//58 6180//58 6250//58
f 6180//58 6181//58 6250//58
f 6250//58 6181//58 6251//58
f 6181//58 6182//58 6251//58
f 6251//58 6182//58 6252//58
f 6182//58 6183//58 6252//58
f 6252//58 6183//58 6253//58
f 6183//58 6184//76 6253//58
f 6253//58 6184//76 6254//74
f 6184//76 6185//77 6254//74
f 6254//74 6185//77 6255//75
f 6185//77 6186//58 6255//75
f 6255//75 6186//58 6256//58
f 6186//58 6187//58 6256//58
f 6256//58 6187//58 6257//58
f 6187//58 6188//58 6257//58
f 6257//58 6188//58 6258//58
f 6188//58 6189//58 6258//58
f 6258//58 6189//58 6259//58
f 6189//58 6190//76 6259//58
f 6259//58 6190//76 6260//74
f 6190//76 6191//77 6260//74
f 6260//74 6191//77 6261//75
f 6191//77 6192//58 6261//75
f 6261//75 6192//58 6262//58
f 6192//58 6193//58 6262//58
f 6262//58 6193//58 6263//58
f 6193//58 6194//58 6263//58
f 6263//58 6194//58 6264//58
f 6194//58 6195//211 6264//58
f 6264//58 6195//211 6265//58
f 6195//211 6196//211 6266//211
f 6195//211 6266//211 6265//58
f 6196//211 6197//58 6267//212
f 6196//211 6267//212 6266//211
f 6197//58 6198//58 6267//212
f 6267//212 6198//58 6268//58
f 6198//58 6199//76 6268//58
f 6268//58 6199//76 6269//76
f 6199//76 6200//1270 6269//76
f 6269//76 6200//1270 6270//77
f 6200//1270 6201//59 6270//77
f 6270//77 6201//59 6271//76
f 6201//59 6202//260 6271//76
f 6271//76 6202//260 6272//77
f 6202//260 6203//58 6272//77
f 6272//77 6203//58 6273//58
f 6203//58 6204//212 6273//58
f 6273//58 6204//212 6274//58
f 6204//212 6205//212 6275//59
f 6204//212 6275//59 6274//58
f 6205//212 6206//58 6276//97
f 6205//212 6276//97 6275//59
f 6206//58 6207//59 6276//97
f 6276//97 6207//59 6277//76
f 6207//59 6208//61 6277//76
f 6277//76 6208//61 6278//77
f 6208//61 6209//59 6278//77
f 6278//77 6209//59 6279//76
f 6209//59 6210//61 6279//76
f 6279//76 6210//61 6280//77
f 6210//61 6211//127 6280//77
f 6280//77 6211//127 6281//58
f 6211//127 6212//291 6281//58
f 6281//58 6212//291 6282//74
f 6212//291 6213//470 6282//74
f 6282//74 6213//470 6283//1006
f 6213//470 6214//1151 6284//1151
f 6213//470 6284//1151 6283//1006
f 6214//1151 6215//188 6285//1278
f 6214//1151 6285//1278 6284//1151
f 6215//188 6216//201 6285//1278
f 6285//1278 6216//201 6286//79
f 6216//201 6217//101 6286//79
f 6286//79 6217//101 6287//141
f 6217//101 6218//1271 6287//141
f 6287//141 6218//1271 6288//564
f 6218//1271 6219//1272 6288//564
f 6288//564 6219//1272 6289//1279
f 6220//1274 6221//1273 6290//1280
f 6290//1280 6221//1273 6291//1281
f 6221//1273 6222//500 6291//1281
f 6291//1281 6222//500 6292//241
f 6222//500 6223//1275 6293//1139
f 6222//500 6293//1139 6292//241
f 6223//1275 6224//1276 6294//1282
f 6223//1275 6294//1282 6293//1139
f 6224//1276 6225//1277 6294//1282
f 6294//1282 6225//1277 6295//682
f 6225//1277 6226//850 6295//682
f 6295//682 6226//850 6296//680
f 6226//850 6227//862 6297//680
f 6226//850 6297//680 6296//680
f 6227//862 6228//680 6298//769
f 6227//862 6298//769 6297//680
f 6228//680 6229//665 6298//769
f 6298//769 6229//665 6299//664
f 6229//665 6230//943 6299//664
f 6299//664 6230//943 6300//680
f 6230//943 6231//171 6301//680
f 6230//943 6301//680 6300//680
f 6231//171 6232//58 6302//186
f 6231//171 6302//186 6301//680
f 6232//58 6233//185 6302//186
f 6302//186 6233//185 6303//94
f 6233//185 6234//170 6303//94
f 6303//94 6234//170 6304//94
f 6234//170 6235//94 6304//94
f 6304//94 6235//94 6305//170
f 6235//94 6236//94 6305//170
f 6305//170 6236//94 6306//171
f 6236//94 6237//58 6306//171
f 6306//171 6237//58 6307//58
f 6237//58 6238//170 6307//58
f 6307//58 6238//170 6308//58
f 6238//170 6239//171 6309//200
f 6238//170 6309//200 6308//58
f 6239//171 6240//58 6310//200
f 6239//171 6310//200 6309//200
f 6240//58 6241//58 6310//200
f 6310//200 6241//58 6311//58
f 6241//58 6242//58 6311//58
f 6311//58 6242//58 6312//58
f 6242//58 6243//58 6312//58
f 6312//58 6243//58 6313//58
f 6243//58 6244//58 6313//58
f 6313//58 6244//58 6314//58
f 6244//58 6245//58 6314//58
f 6314//58 6245//58 6315//58
f 6245//58 6246//58 6315//58
f 6315//58 6246//58 6316//58
f 6246//58 6247//58 6316//58
f 6316//58 6247//58 6317//58
f 6247//58 6248//58 6317//58
f 6317//58 6248//58 6318//58
f 6248//58 6249//58 6318//58
f 6318//58 6249//58 6319//58
f 6249//58 6250//58 6319//58
f 6319//58 6250//58 6320//58
f 6250//58 6251//58 6320//58
f 6320//58 6251//58 6321//58
f 6251//58 6252//58 6321//58
f 6321//58 6252//58 6322//58
f 6252//58 6253//58 6322//58
f 6322//58 6253//58 6323//58
f 6253//58 6254//74 6323//58
f 6323//58 6254//74 6324//58
f 6254//74 6255//75 6325//211
f 6254//74 6325//211 6324//58
f 6255//75 6256//58 6326//211
f 6255//75 6326//211 6325//211
f 6256//58 6257//58 6326//211
f 6326//211 6257//58 6327//58
f 6257//58 6258//58 6327//58
f 6327//58 6258//58 6328//58
f 6258//58 6259//58 6328//58
f 6328//58 6259//58 6329//58
f 6259//58 6260//74 6329//58
f 6329//58 6260//74 6330//58
f 6260//74 6261//75 6331//211
f 6260//74 6331//211 6330//58
f 6261//75 6262//58 6332//313
f 6261//75 6332//313 6331//211
f 6262//58 6263//58 6332//313
f 6332//313 6263//58 6333//113
f 6263//58 6264//58 6333//113
f 6333//113 6264//58 6334//58
f 6264//58 6265//58 6334//58
f 6334//58 6265//58 6335//58
f 6265//58 6266//211 6335//58
f 6335//58 6266//211 6336//58
f 6266//211 6267//212 6337//59
f 6266//211 6337//59 6336//58
f 6267//212 6268//58 6338//260
f 6267//212 6338//260 6337//59
f 6268//58 6269//76 6338//260
f 6338//260 6269//76 6339//76
f 6269//76 6270//77 6339//76
f 6339//76 6270//77 6340//77
f 6270//77 6271//76 6340//77
f 6340//77 6271//76 6341//74
f 6271//76 6272//77 6341//74
f 6341//74 6272//77 6342//291
f 6272//77 6273//58 6342//291
f 6342//291 6273//58 6343//113
f 6273//58 6274//58 6343//113
f 6343//113 6274//58 6344//58
f 6274//58 6275//59 6344//58
f 6344//58 6275//59 6345//74
f 6275//59 6276//97 6345//74
f 6345//74 6276//97 6346//909
f 6276//97 6277//76 6346//909
f 6346//909 6277//76 6347//293
f 6277//76 6278//77 6347//293
f 6347//293 6278//77 6348//77
f 6278//77 6279//76 6348//77
f 6348//77 6279//76 6349//74
f 6279//76 6280//77 6349//74
f 6349//74 6280//77 6350//291
f 6280//77 6281//58 6350//291
f 6350//291 6281//58 6351//113
f 6281//58 6282//74 6351//113
f 6351//113 6282//74 6352//58
f 6282//74 6283//1006 6353//59
f 6282//74 6353//59 6352//58
f 6283//1006 6284//1151 6354//357
f 6283//1006 6354//357 6353//59
f 6284//1151 6285//1278 6354//357
f 6354//357 6285//1278 6355//619
f 6285//1278 6286//79 6355//619
f 6355//619 6286//79 6356//79
f 6286//79 6287//141 6356//79
f 6356//79 6287//141 6357//141
f 6287//141 6288//564 6357//141
f 6357//141 6288//564 6358//58
f 6288//564 6289//1279 6359//1283
f 6288//564 6359//1283 6358//58
f 6289//1279 6360//1284 6359//1283
f 6290//1280 6291//1281 6362//1285
f 6290//1280 6362//1285 6361//1286
f 6291//1281 6292//241 6363//1287
f 6291//1281 6363//1287 6362//1285
f 6292//241 6293//1139 6364//1288
f 6292//241 6364//1288 6363//1287
f 6293//1139 6294//1282 6365//1289
f 6293//1139 6365//1289 6364//1288
f 6294//1282 6295//682 6366//1034
f 6294//1282 6366//1034 6365//1289
f 6295//682 6296//680 6367//665
f 6295//682 6367//665 6366//1034
f 6296//680 6297//680 6368//664
f 6296//680 6368//664 6367//665
f 6297//680 6298//769 6368//664
f 6368//664 6298//769 6369//851
f 6298//769 6299//664 6369//851
f 6369//851 6299//664 6370//720
f 6299//664 6300//680 6371//185
f 6299//664 6371//185 6370//720
f 6300//680 6301//680 6372//664
f 6300//680 6372//664 6371//185
f 6301//680 6302//186 6372//664
f 6372//664 6302//186 6373//94
f 6302//186 6303//94 6373//94
f 6373//94 6303//94 6374//775
f 6303//94 6304//94 6374//775
f 6374//775 6304//94 6375//171
f 6304//94 6305//170 6375//171
f 6375//171 6305//170 6376//58
f 6305//170 6306//171 6377//185
f 6305//170 6377//185 6376//58
f 6306//171 6307//58 6378//170
f 6306//171 6378//170 6377//185
f 6307//58 6308//58 6378//170
f 6378//170 6308//58 6379//58
f 6308//58 6309//200 6379//58
f 6379//58 6309//200 6380//58
f 6309//200 6310//200 6381//185
f 6309//200 6381//185 6380//58
f 6310//200 6311//58 6382//186
f 6310//200 6382//186 6381//185
f 6311//58 6312//58 6382//186
f 6382//186 6312//58 6383//58
f 6312//58 6313//58 6383//58
f 6383//58 6313//58 6384//58
f 6313//58 6314//58 6384//58
f 6384//58 6314//58 6385//58
f 6314//58 6315//58 6385//58
f 6385//58 6315//58 6386//58
f 6315//58 6316//58 6386//58
f 6386//58 6316//58 6387//58
f 6316//58 6317//58 6387//58
f 6387//58 6317//58 6388//446
f 6317//58 6318//58 6388//446
f 6388//446 6318//58 6389//127
f 6318//58 6319//58 6389//127
f 6389//127 6319//58 6390//58
f 6319//58 6320//58 6390//58
f 6390//58 6320//58 6391//58
f 6320//58 6321//58 6391//58
f 6391//58 6321//58 6392//58
f 6321//58 6322//58 6392//58
f 6392//58 6322//58 6393//58
f 6322//58 6323//58 6393//58
f 6393//58 6323//58 6394//58
f 6323//58 6324//58 6394//58
f 6394//58 6324//58 6395//58
f 6324//58 6325//211 6395//58
f 6395//58 6325//211 6396//58
f 6325//211 6326//211 6397//59
f 6325//211 6397//59 6396//58
f 6326//211 6327//58 6398//1060
f 6326//211 6398//1060 6397//59
f 6327//58 6328//58 6398//1060
f 6398//1060 6328//58 6399//58
f 6328//58 6329//58 6399//58
f 6399//58 6329//58 6400//58
f 6329//58 6330//58 6400//58
f 6400//58 6330//58 6401//58
f 6330//58 6331//211 6401//58
f 6401//58 6331//211 6402//58
f 6331//211 6332//313 6403//292
f 6331//211 6403//292 6402//58
f 6332//313 6333//113 6403//292
f 6403//292 6333//113 6404//291
f 6333//113 6334//58 6405//260
f 6333//113 6405//260 6404//291
f 6334//58 6335//58 6405//260
f 6405//260 6335//58 6406//58
f 6335//58 6336//58 6406//58
f 6406//58 6336//58 6407//58
f 6336//58 6337//59 6407//58
f 6407//58 6337//59 6408//76
f 6337//59 6338//260 6408//76
f 6408//76 6338//260 6409//77
f 6338//260 6339//76 6409//77
f 6409//77 6339//76 6410//76
f 6339//76 6340//77 6410//76
f 6410//76 6340//77 6411//77
f 6340//77 6341//74 6411//77
f 6411//77 6341//74 6412//58
f 6341//74 6342//291 6413//292
f 6341//74 6413//292 6412//58
f 6342//291 6343//113 6413//292
f 6413//292 6343//113 6414//291
f 6343//113 6344//58 6415//260
f 6343//113 6415//260 6414//291
f 6344//58 6345//74 6415//260
f 6415//260 6345//74 6416//58
f 6345//74 6346//909 6417//212
f 6345//74 6417//212 6416//58
f 6346//909 6347//293 6418//316
f 6346//909 6418//316 6417//212
f 6347//293 6348//77 6418//316
f 6418//316 6348//77 6419//59
f 6348//77 6349//74 6419//59
f 6419//59 6349//74 6420//58
f 6349//74 6350//291 6421//292
f 6349//74 6421//292 6420//58
f 6350//291 6351//113 6421//292
f 6421//292 6351//113 6422//291
f 6351//113 6352//58 6423//1060
f 6351//113 6423//1060 6422//291
f 6352//58 6353//59 6423//1060
f 6423//1060 6353//59 6424//76
f 6353//59 6354//357 6424//76
f 6424//76 6354//357 6425//357
f 6354//357 6355//619 6425//357
f 6425//357 6355//619 6426//1290
f 6355//619 6356//79 6426//1290
f 6426//1290 6356//79 6427//1291
f 6356//79 6357//141 6427//1291
f 6427//1291 6357//141 6428//100
f 6357//141 6358//58 6428//100
f 6428//100 6358//58 6429//58
f 6358//58 6359//1283 6429//58
f 6429//58 6359//1283 6430//1292
f 6359//1283 6360//1284 6430//1292
f 6430//1292 6360//1284 6431//1293
f 6361//1286 6362//1285 6433//1294
f 6361//1286 6433//1294 6432//1295
f 6362//1285 6363//1287 6434//1296
f 6362//1285 6434//1296 6433//1294
f 6363//1287 6364//1288 6435//276
f 6363//1287 6435//276 6434//1296
f 6364//1288 6365//1289 6435//276
f 6435//276 6365//1289 6436//1297
f 6365//1289 6366//1034 6436//1297
f 6436//1297 6366//1034 6437//957
f 6366//1034 6367//665 6437//957
f 6437//957 6367//665 6438//612
f 6367//665 6368//664 6438//612
f 6438//612 6368//664 6439//664
f 6368//664 6369//851 6439//664
f 6439//664 6369//851 6440//707
f 6369//851 6370//720 6440//707
f 6440//707 6370//720 6441//615
f 6370//720 6371//185 6441//615
f 6441//615 6371//185 6442//94
f 6371//185 6372//664 6442//94
f 6442//94 6372//664 6443//664
f 6372//664 6373//94 6443//664
f 6443//664 6373//94 6444//171
f 6373//94 6374//775 6444//171
f 6444//171 6374//775 6445//58
f 6374//775 6375//171 6446//185
f 6374//775 6446//185 6445//58
f 6375//171 6376//58 6447//186
f 6375//171 6447//186 6446//185
f 6376//58 6377//185 6447//186
f 6447//186 6377//185 6448//170
f 6377//185 6378//170 6448//170
f 6448//170 6378//170 6449//171
f 6378//170 6379//58 6449//171
f 6449//171 6379//58 6450//58
f 6379//58 6380//58 6450//58
f 6450//58 6380//58 6451//58
f 6380//58 6381//185 6451//58
f 6451//58 6381//185 6452//94
f 6381//185 6382//186 6452//94
f 6452//94 6382//186 6453//94
f 6382//186 6383//58 6453//94
f 6453//94 6383//58 6454//58
f 6383//58 6384//58 6454//58
f 6454//58 6384//58 6455//58
f 6384//58 6385//58 6455//58
f 6455//58 6385//58 6456//58
f 6385//58 6386//58 6456//58
f 6456//58 6386//58 6457//58
f 6386//58 6387//58 6457//58
f 6457//58 6387//58 6458//572
f 6387//58 6388//446 6458//572
f 6458//572 6388//446 6459//126
f 6388//446 6389//127 6459//126
f 6459//126 6389//127 6460//313
f 6389//127 6390//58 6461//212
f 6389//127 6461//212 6460//313
f 6390//58 6391//58 6461//212
f 6461//212 6391//58 6462//58
f 6391//58 6392//58 6462//58
f 6462//58 6392//58 6463//58
f 6392//58 6393//58 6463//58
f 6463//58 6393//58 6464//58
f 6393//58 6394//58 6464//58
f 6464//58 6394//58 6465//58
f 6394//58 6395//58 6465//58
f 6465//58 6395//58 6466//58
f 6395//58 6396//58 6466//58
f 6466//58 6396//58 6467//58
f 6396//58 6397//59 6467//58
f 6467//58 6397//59 6468//76
f 6397//59 6398//1060 6468//76
f 6468//76 6398//1060 6469//77
f 6398//1060 6399//58 6469//77
f 6469//77 6399//58 6470//58
f 6399//58 6400//58 6470//58
f 6470//58 6400//58 6471//58
f 6400//58 6401//58 6471//58
f 6471//58 6401//58 6472//58
f 6401//58 6402//58 6472//58
f 6472//58 6402//58 6473//58
f 6402//58 6403//292 6473//58
f 6473//58 6403//292 6474//58
f 6403//292 6404//291 6474//58
f 6474//58 6404//291 6475//74
f 6404//291 6405//260 6475//74
f 6475//74 6405//260 6476//75
f 6405//260 6406//58 6476//75
f 6476//75 6406//58 6477//58
f 6406//58 6407//58 6477//58
f 6477//58 6407//58 6478//58
f 6407//58 6408//76 6478//58
f 6478//58 6408//76 6479//74
f 6408//76 6409//77 6479//74
f 6479//74 6409//77 6480//909
f 6409//77 6410//76 6480//909
f 6480//909 6410//76 6481//61
f 6410//76 6411//77 6481//61
f 6481//61 6411//77 6482//75
f 6411//77 6412//58 6482//75
f 6482//75 6412//58 6483//58
f 6412//58 6413//292 6483//58
f 6483//58 6413//292 6484//58
f 6413//292 6414//291 6484//58
f 6484//58 6414//291 6485//74
f 6414//291 6415//260 6485//74
f 6485//74 6415//260 6486//291
f 6415//260 6416//58 6486//291
f 6486//291 6416//58 6487//39
f 6416//58 6417//212 6487//39
f 6487//39 6417//212 6488//1005
f 6417//212 6418//316 6489//1151
f 6417//212 6489//1151 6488//1005
f 6418//316 6419//59 6490//945
f 6418//316 6490//945 6489//1151
f 6419//59 6420//58 6491//260
f 6419//59 6491//260 6490//945
f 6420//58 6421//292 6491//260
f 6491//260 6421//292 6492//58
f 6421//292 6422//291 6492//58
f 6492//58 6422//291 6493//76
f 6422//291 6423//1060 6493//76
f 6493//76 6423//1060 6494//77
f 6423//1060 6424//76 6494//77
f 6494//77 6424//76 6495//74
f 6424//76 6425//357 6495//74
f 6495//74 6425//357 6496//934
f 6425//357 6426//1290 6497//1298
f 6425//357 6497//1298 6496//934
f 6426//1290 6427//1291 6498//1299
f 6426//1290 6498//1299 6497//1298
f 6427//1291 6428//100 6499//1009
f 6427//1291 6499//1009 6498//1299
f 6428//100 6429//58 6500//840
f 6428//100 6500//840 6499//1009
f 6429//58 6430//1292 6500//840
f 6500//840 6430//1292 6501//1300
f 6430//1292 6431//1293 6501//1300
f 6501//1300 6431//1293 6502//1301
f 6432//1295 6433//1294 6504//1302
f 6432//1295 6504//1302 6503//1303
f 6433//1294 6434//1296 6505//1304
f 6433//1294 6505//1304 6504//1302
f 6434//1296 6435//276 6505//1304
f 6505//1304 6435//276 6506//756
f 6435//276 6436//1297 6506//756
f 6506//756 6436//1297 6507//1305
f 6436//1297 6437//957 6507//1305
f 6507//1305 6437//957 6508//1000
f 6437//957 6438//612 6508//1000
f 6508//1000 6438//612 6509//612
f 6438//612 6439//664 6509//612
f 6509//612 6439//664 6510//720
f 6439//664 6440//707 6511//812
f 6439//664 6511//812 6510//720
f 6440//707 6441//615 6512//812
f 6440//707 6512//812 6511//812
f 6441//615 6442//94 6512//812
f 6512//812 6442//94 6513//1306
f 6442//94 6443//664 6513//1306
f 6513//1306 6443//664 6514//680
f 6443//664 6444//171 6515//680
f 6443//664 6515//680 6514//680
f 6444//171 6445//58 6516//186
f 6444//171 6516//186 6515//680
f 6445//58 6446//185 6516//186
f 6516//186 6446//185 6517//94
f 6446//185 6447//186 6517//94
f 6517//94 6447//186 6518//94
f 6447//186 6448//170 6518//94
f 6518//94 6448//170 6519//58
f 6448//170 6449//171 6520//185
f 6448//170 6520//185 6519//58
f 6449//171 6450//58 6521//186
f 6449//171 6521//186 6520//185
f 6450//58 6451//58 6521//186
f 6521//186 6451//58 6522//58
f 6451//58 6452//94 6522//58
f 6522//58 6452//94 6523//94
f 6452//94 6453//94 6523//94
f 6523//94 6453//94 6524//94
f 6453//94 6454//58 6524//94
f 6524//94 6454//58 6525//58
f 6454//58 6455//58 6525//58
f 6525//58 6455//58 6526//58
f 6455//58 6456//58 6526//58
f 6526//58 6456//58 6527//58
f 6456//58 6457//58 6527//58
f 6527//58 6457//58 6528//58
f 6457//58 6458//572 6528//58
f 6528//58 6458//572 6529//94
f 6458//572 6459//126 6529//94
f 6529//94 6459//126 6530//94
f 6459//126 6460//313 6530//94
f 6530//94 6460//313 6531//58
f 6460//313 6461//212 6532//59
f 6460//313 6532//59 6531//58
f 6461//212 6462//58 6533//97
f 6461//212 6533//97 6532//59
f 6462//58 6463//58 6533//97
f 6533//97 6463//58 6534//58
f 6463//58 6464//58 6534//58
f 6534//58 6464//58 6535//58
f 6464//58 6465//58 6535//58
f 6535//58 6465//58 6536//58
f 6465//58 6466//58 6536//58
f 6536//58 6466//58 6537//58
f 6466//58 6467//58 6537//58
f 6537//58 6467//58 6538//58
f 6467//58 6468//76 6538//58
f 6538//58 6468//76 6539//74
f 6468//76 6469//77 6539//74
f 6539//74 6469//77 6540//291
f 6469//77 6470//58 6540//291
f 6540//291 6470//58 6541//39
f 6470//58 6471//58 6541//39
f 6541//39 6471//58 6542//292
f 6471//58 6472//58 6542//292
f 6542//292 6472//58 6543//58
f 6472//58 6473//58 6543//58
f 6543//58 6473//58 6544//58
f 6473//58 6474//58 6544//58
f 6544//58 6474//58 6545//58
f 6474//58 6475//74 6545//58
f 6545//58 6475//74 6546//58
f 6475//74 6476//75 6547//59
f 6475//74 6547//59 6546//58
f 6476//75 6477//58 6548//60
f 6476//75 6548//60 6547//59
f 6477//58 6478//58 6548//60
f 6548//60 6478//58 6549//58
f 6478//58 6479//74 6549//58
f 6549//58 6479//74 6550//58
f 6479//74 6480//909 6551//211
f 6479//74 6551//211 6550//58
f 6480//909 6481//61 6552//934
f 6480//909 6552//934 6551//211
f 6481//61 6482//75 6553//1114
f 6481//61 6553//1114 6552//934
f 6482//75 6483//58 6554//212
f 6482//75 6554//212 6553//1114
f 6483//58 6484//58 6554//212
f 6554//212 6484//58 6555//58
f 6484//58 6485//74 6555//58
f 6555//58 6485//74 6556//58
f 6485//74 6486//291 6557//292
f 6485//74 6557//292 6556//58
f 6486//291 6487//39 6557//292
f 6557//292 6487//39 6558//39
f 6487//39 6488//1005 6558//39
f 6558//39 6488//1005 6559//291
f 6488//1005 6489//1151 6560//357
f 6488//1005 6560//357 6559//291
f 6489//1151 6490//945 6560//357
f 6560//357 6490//945 6561//434
f 6490//945 6491//260 6561//434
f 6561//434 6491//260 6562//75
f 6491//260 6492//58 6562//75
f 6562//75 6492//58 6563//58
f 6492//58 6493//76 6563//58
f 6563//58 6493//76 6564//74
f 6493//76 6494//77 6564//74
f 6564//74 6494//77 6565//291
f 6494//77 6495//74 6565//291
f 6565//291 6495//74 6566//1005
f 6495//74 6496//934 6567//1047
f 6495//74 6567//1047 6566//1005
f 6496//934 6497//1298 6567//1047
f 6567//1047 6497//1298 6568//1307
f 6497//1298 6498//1299 6569//1308
f 6497//1298 6569//1308 6568//1307
f 6498//1299 6499//1009 6569//1308
f 6569//1308 6499//1009 6570//268
f 6499//1009 6500//840 6571//114
f 6499//1009 6571//114 6570//268
f 6500//840 6501//1300 6572//270
f 6500//840 6572//270 6571//114
f 6501//1300 6502//1301 6573//1309
f 6501//1300 6573//1309 6572//270
f 6502//1301 6574//1310 6573//1309
f 6503//1303 6504//1302 6575//1311
f 6504//1302 6505//1304 6576//1312
f 6504//1302 6576//1312 6575//1311
f 6505//1304 6506//756 6577//1313
f 6505//1304 6577//1313 6576//1312
f 6506//756 6507//1305 6577//1313
f 6577//1313 6507//1305 6578//1314
f 6507//1305 6508//1000 6579//1315
f 6507//1305 6579//1315 6578//1314
f 6508//1000 6509//612 6580//1316
f 6508//1000 6580//1316 6579//1315
f 6509//612 6510//720 6580//1316
f 6580//1316 6510//720 6581//171
f 6510//720 6511//812 6581//171
f 6581//171 6511//812 6582//94
f 6511//812 6512//812 6583//850
f 6511//812 6583//850 6582//94
f 6512//812 6513//1306 6584//862
f 6512//812 6584//862 6583//850
f 6513//1306 6514//680 6585//680
f 6513//1306 6585//680 6584//862
f 6514//680 6515//680 6586//664
f 6514//680 6586//664 6585//680
f 6515//680 6516//186 6586//664
f 6586//664 6516//186 6587//94
f 6516//186 6517//94 6587//94
f 6587//94 6517//94 6588//170
f 6517//94 6518//94 6588//170
f 6588//170 6518//94 6589//171
f 6518//94 6519//58 6589//171
f 6589//171 6519//58 6590//58
f 6519//58 6520//185 6590//58
f 6590//58 6520//185 6591//170
f 6520//185 6521//186 6591//170
f 6591//170 6521//186 6592//171
f 6521//186 6522//58 6592//171
f 6592//171 6522//58 6593//58
f 6522//58 6523//94 6593//58
f 6593//58 6523//94 6594//170
f 6523//94 6524//94 6594//170
f 6594//170 6524//94 6595//678
f 6524//94 6525//58 6595//678
f 6595//678 6525//58 6596//386
f 6525//58 6526//58 6596//386
f 6596//386 6526//58 6597//58
f 6526//58 6527//58 6597//58
f 6597//58 6527//58 6598//58
f 6527//58 6528//58 6598//58
f 6598//58 6528//58 6599//58
f 6528//58 6529//94 6599//58
f 6599//58 6529//94 6600//170
f 6529//94 6530//94 6600//170
f 6600//170 6530//94 6601//171
f 6530//94 6531//58 6601//171
f 6601//171 6531//58 6602//58
f 6531//58 6532//59 6602//58
f 6602//58 6532//59 6603//77
f 6532//59 6533//97 6603//77
f 6603//77 6533//97 6604//76
f 6533//97 6534//58 6604//76
f 6604//76 6534//58 6605//58
f 6534//58 6535//58 6605//58
f 6605//58 6535//58 6606//58
f 6535//58 6536//58 6606//58
f 6606//58 6536//58 6607//58
f 6536//58 6537//58 6607//58
f 6607//58 6537//58 6608//58
f 6537//58 6538//58 6608//58
f 6608//58 6538//58 6609//58
f 6538//58 6539//74 6609//58
f 6609//58 6539//74 6610//58
f 6539//74 6540//291 6611//127
f 6539//74 6611//127 6610//58
f 6540//291 6541//39 6611//127
f 6611//127 6541//39 6612//39
f 6541//39 6542//292 6612//39
f 6612//39 6542//292 6613//291
f 6542//292 6543//58 6614//60
f 6542//292 6614//60 6613//291
f 6543//58 6544//58 6614//60
f 6614//60 6544//58 6615//58
f 6544//58 6545//58 6615//58
f 6615//58 6545//58 6616//58
f 6545//58 6546//58 6616//58
f 6616//58 6546//58 6617//58
f 6546//58 6547//59 6617//58
f 6617//58 6547//59 6618//60
f 6547//59 6548//60 6618//60
f 6618//60 6548//60 6619//75
f 6548//60 6549//58 6619//75
f 6619//75 6549//58 6620//58
f 6549//58 6550//58 6620//58
f 6620//58 6550//58 6621//58
f 6550//58 6551//211 6621//58
f 6621//58 6551//211 6622//58
f 6551//211 6552//934 6623//59
f 6551//211 6623//59 6622//58
f 6552//934 6553//1114 6624//61
f 6552//934 6624//61 6623//59
f 6553//1114 6554//212 6625//211
f 6553//1114 6625//211 6624//61
f 6554//212 6555//58 6626//313
f 6554//212 6626//313 6625//211
f 6555//58 6556//58 6626//313
f 6626//313 6556//58 6627//113
f 6556//58 6557//292 6627//113
f 6627//113 6557//292 6628//58
f 6557//292 6558//39 6628//58
f 6628//58 6558//39 6629//58
f 6558//39 6559//291 6629//58
f 6629//58 6559//291 6630//60
f 6559//291 6560//357 6630//60
f 6630//60 6560//357 6631//945
f 6560//357 6561//434 6631//945
f 6631//945 6561//434 6632//1092
f 6561//434 6562//75 6633//1114
f 6561//434 6633//1114 6632//1092
f 6562//75 6563//58 6634//212
f 6562//75 6634//212 6633//1114
f 6563//58 6564//74 6634//212
f 6634//212 6564//74 6635//58
f 6564//74 6565//291 6636//127
f 6564//74 6636//127 6635//58
f 6565//291 6566//1005 6636//127
f 6636//127 6566//1005 6637//317
f 6566//1005 6567//1047 6638//1060
f 6566//1005 6638//1060 6637//317
f 6567//1047 6568//1307 6638//1060
f 6638//1060 6568//1307 6639//1317
f 6568//1307 6569//1308 6639//1317
f 6639//1317 6569//1308 6640//1318
f 6569//1308 6570//268 6640//1318
f 6640//1318 6570//268 6641//129
f 6570//268 6571//114 6641//129
f 6641//129 6571//114 6642//129
f 6571//114 6572//270 6643//840
f 6571//114 6643//840 6642//129
f 6572//270 6573//1309 6644//1319
f 6572//270 6644//1319 6643//840
f 6573//1309 6574//1310 6644//1319
f 6644//1319 6574//1310 6645//1320
f 6576//1312 6577//1313 6646//1321
f 6646//1321 6577//1313 6647//1322
f 6577//1313 6578//1314 6648//1139
f 6577//1313 6648//1139 6647//1322
f 6578//1314 6579//1315 6649//1323
f 6578//1314 6649//1323 6648//1139
f 6579//1315 6580//1316 6650//1113
f 6579//1315 6650//1113 6649//1323
f 6580//1316 6581//171 6651//1113
f 6580//1316 6651//1113 6650//1113
f 6581//171 6582//94 6652//1324
f 6581//171 6652//1324 6651//1113
f 6582//94 6583//850 6652//1324
f 6652//1324 6583//850 6653//680
f 6583//850 6584//862 6654//680
f 6583//850 6654//680 6653//680
f 6584//862 6585//680 6655//769
f 6584//862 6655//769 6654//680
f 6585//680 6586//664 6655//769
f 6655//769 6586//664 6656//613
f 6586//664 6587//94 6656//613
f 6656//613 6587//94 6657//171
f 6587//94 6588//170 6657//171
f 6657//171 6588//170 6658//58
f 6588//170 6589//171 6659//200
f 6588//170 6659//200 6658//58
f 6589//171 6590//58 6660//200
f 6589//171 6660//200 6659//200
f 6590//58 6591//170 6660//200
f 6660//200 6591//170 6661//58
f 6591//170 6592//171 6662//200
f 6591//170 6662//200 6661//58
f 6592//171 6593//58 6663//200
f 6592//171 6663//200 6662//200
f 6593//58 6594//170 6663//200
f 6663//200 6594//170 6664//58
f 6594//170 6595//678 6665//386
f 6594//170 6665//386 6664//58
f 6595//678 6596//386 6665//386
f 6665//386 6596//386 6666//678
f 6596//386 6597//58 6667//186
f 6596//386 6667//186 6666//678
f 6597//58 6598//58 6667//186
f 6667//186 6598//58 6668//58
f 6598//58 6599//58 6668//58
f 6668//58 6599//58 6669//58
f 6599//58 6600//170 6669//58
f 6669//58 6600//170 6670//58
f 6600//170 6601//171 6671//1325
f 6600//170 6671//1325 6670//58
f 6601//171 6602//58 6672//1325
f 6601//171 6672//1325 6671//1325
f 6602//58 6603//77 6672//1325
f 6672//1325 6603//77 6673//378
f 6603//77 6604//76 6673//378
f 6673//378 6604//76 6674//76
f 6604//76 6605//58 6674//76
f 6674//76 6605//58 6675//58
f 6605//58 6606//58 6675//58
f 6675//58 6606//58 6676//589
f 6606//58 6607//58 6676//589
f 6676//589 6607//58 6677//58
f 6607//58 6608//58 6677//58
f 6677//58 6608//58 6678//58
f 6608//58 6609//58 6678//58
f 6678//58 6609//58 6679//58
f 6609//58 6610//58 6679//58
f 6679//58 6610//58 6680//58
f 6610//58 6611//127 6680//58
f 6680//58 6611//127 6681//58
f 6611//127 6612//39 6681//58
f 6681//58 6612//39 6682//58
f 6612//39 6613//291 6682//58
f 6682//58 6613//291 6683//76
f 6613//291 6614//60 6683//76
f 6683//76 6614//60 6684//76
f 6614//60 6615//58 6684//76
f 6684//76 6615//58 6685//58
f 6615//58 6616//58 6685//58
f 6685//58 6616//58 6686//58
f 6616//58 6617//58 6686//58
f 6686//58 6617//58 6687//58
f 6617//58 6618//60 6687//58
f 6687//58 6618//60 6688//58
f 6618//60 6619//75 6689//59
f 6618//60 6689//59 6688//58
f 6619//75 6620//58 6690//260
f 6619//75 6690//260 6689//59
f 6620//58 6621//58 6690//260
f 6690//260 6621//58 6691//58
f 6621//58 6622//58 6691//58
f 6691//58 6622//58 6692//58
f 6622//58 6623//59 6692//58
f 6692//58 6623//59 6693//74
f 6623//59 6624//61 6693//74
f 6693//74 6624//61 6694//75
f 6624//61 6625//211 6694//75
f 6694//75 6625//211 6695//58
f 6625//211 6626//313 6696//292
f 6625//211 6696//292 6695//58
f 6626//313 6627//113 6696//292
f 6696//292 6627//113 6697//313
f 6627//113 6628//58 6698//211
f 6627//113 6698//211 6697//313
f 6628//58 6629//58 6698//211
f 6698//211 6629//58 6699//58
f 6629//58 6630//60 6699//58
f 6699//58 6630//60 6700//58
f 6630//60 6631//945 6701//59
f 6630//60 6701//59 6700//58
f 6631//945 6632//1092 6702//945
f 6631//945 6702//945 6701//59
f 6632//1092 6633//1114 6703//61
f 6632//1092 6703//61 6702//945
f 6633//1114 6634//212 6704//211
f 6633//1114 6704//211 6703//61
f 6634//212 6635//58 6705//211
f 6634//212 6705//211 6704//211
f 6635//58 6636//127 6705//211
f 6705//211 6636//127 6706//58
f 6636//127 6637//317 6706//58
f 6706//58 6637//317 6707//74
f 6637//317 6638//1060 6707//74
f 6707//74 6638//1060 6708//75
f 6638//1060 6639//1317 6708//75
f 6708//75 6639//1317 6709//76
f 6639//1317 6640//1318 6710//471
f 6639//1317 6710//471 6709//76
f 6640//1318 6641//129 6711//139
f 6640//1318 6711//139 6710//471
f 6641//129 6642//129 6711//139
f 6711//139 6642//129 6712//140
f 6642//129 6643//840 6712//140
f 6712//140 6643//840 6713//58
f 6643//840 6644//1319 6714//1326
f 6643//840 6714//1326 6713//58
f 6644//1319 6645//1320 6714//1326
f 6714//1326 6645//1320 6715//1327
f 6646//1321 6647//1322 6717//1328
f 6646//1321 6717//1328 6716//1329
f 6647//1322 6648//1139 6718//421
f 6647//1322 6718//421 6717//1328
f 6648//1139 6649//1323 6719//692
f 6648//1139 6719//692 6718//421
f 6649//1323 6650//1113 6720//1330
f 6649//1323 6720//1330 6719//692
f 6650//1113 6651//1113 6721//835
f 6650//1113 6721//835 6720//1330
f 6651//1113 6652//1324 6722//1159
f 6651//1113 6722//1159 6721//835
f 6652//1324 6653//680 6723//862
f 6652//1324 6723//862 6722//1159
f 6653//680 6654//680 6724//849
f 6653//680 6724//849 6723//862
f 6654//680 6655//769 6724//849
f 6724//849 6655//769 6725//665
f 6655//769 6656//613 6725//665
f 6725//665 6656//613 6726//1170
f 6656//613 6657//171 6727//897
f 6656//613 6727//897 6726//1170
f 6657//171 6658//58 6728//200
f 6657//171 6728//200 6727//897
f 6658//58 6659//200 6728//200
f 6728//200 6659//200 6729//58
f 6659//200 6660//200 6730//185
f 6659//200 6730//185 6729//58
f 6660//200 6661//58 6731//186
f 6660//200 6731//186 6730//185
f 6661//58 6662//200 6731//186
f 6731//186 6662//200 6732//58
f 6662//200 6663//200 6733//635
f 6662//200 6733//635 6732//58
f 6663//200 6664//58 6734//654
f 6663//200 6734//654 6733//635
f 6664//58 6665//386 6734//654
f 6734//654 6665//386 6735//58
f 6665//386 6666//678 6735//58
f 6735//58 6666//678 6736//94
f 6666//678 6667//186 6736//94
f 6736//94 6667//186 6737//94
f 6667//186 6668//58 6737//94
f 6737//94 6668//58 6738//58
f 6668//58 6669//58 6738//58
f 6738//58 6669//58 6739//58
f 6669//58 6670//58 6739//58
f 6739//58 6670//58 6740//58
f 6670//58 6671//1325 6740//58
f 6740//58 6671//1325 6741//58
f 6671//1325 6672//1325 6742//1331
f 6671//1325 6742//1331 6741//58
f 6672//1325 6673//378 6743//58
f 6672//1325 6743//58 6742//1331
f 6673//378 6674//76 6743//58
f 6743//58 6674//76 6744//112
f 6674//76 6675//58 6744//112
f 6744//112 6675//58 6745//387
f 6675//58 6676//589 6745//387
f 6745//387 6676//589 6746//1123
f 6676//589 6677//58 6747//97
f 6676//589 6747//97 6746//1123
f 6677//58 6678//58 6747//97
f 6747//97 6678//58 6748//58
f 6678//58 6679//58 6748//58
f 6748//58 6679//58 6749//58
f 6679//58 6680//58 6749//58
f 6749//58 6680//58 6750//58
f 6680//58 6681//58 6750//58
f 6750//58 6681//58 6751//58
f 6681//58 6682//58 6751//58
f 6751//58 6682//58 6752//58
f 6682//58 6683//76 6752//58
f 6752//58 6683//76 6753//60
f 6683//76 6684//76 6753//60
f 6753//60 6684//76 6754//1004
f 6684//76 6685//58 6754//1004
f 6754//1004 6685//58 6755//113
f 6685//58 6686//58 6755//113
f 6755//113 6686//58 6756//58
f 6686//58 6687//58 6756//58
f 6756//58 6687//58 6757//58
f 6687//58 6688//58 6757//58
f 6757//58 6688//58 6758//58
f 6688//58 6689//59 6758//58
f 6758//58 6689//59 6759//74
f 6689//59 6690//260 6759//74
f 6759//74 6690//260 6760//75
f 6690//260 6691//58 6760//75
f 6760//75 6691//58 6761//58
f 6691//58 6692//58 6761//58
f 6761//58 6692//58 6762//58
f 6692//58 6693//74 6762//58
f 6762//58 6693//74 6763//58
f 6693//74 6694//75 6764//59
f 6693//74 6764//59 6763//58
f 6694//75 6695//58 6765//1060
f 6694//75 6765//1060 6764//59
f 6695//58 6696//292 6765//1060
f 6765//1060 6696//292 6766//58
f 6696//292 6697//313 6766//58
f 6766//58 6697//313 6767//58
f 6697//313 6698//211 6768//211
f 6697//313 6768//211 6767//58
f 6698//211 6699//58 6769//313
f 6698//211 6769//313 6768//211
f 6699//58 6700//58 6769//313
f 6769//313 6700//58 6770//292
f 6700//58 6701//59 6770//292
f 6770//292 6701//59 6771//61
f 6701//59 6702//945 6771//61
f 6771//61 6702//945 6772//945
f 6702//945 6703//61 6772//945
f 6772//945 6703//61 6773//75
f 6703//61 6704//211 6773//75
f 6773//75 6704//211 6774//58
f 6704//211 6705//211 6775//59
f 6704//211 6775//59 6774//58
f 6705//211 6706//58 6776//1060
f 6705//211 6776//1060 6775//59
f 6706//58 6707//74 6776//1060
f 6776//1060 6707//74 6777//58
f 6707//74 6708//75 6778//59
f 6707//74 6778//59 6777//58
f 6708//75 6709//76 6779//357
f 6708//75 6779//357 6778//59
f 6709//76 6710//471 6779//357
f 6779//357 6710//471 6780//357
f 6710//471 6711//139 6780//357
f 6780//357 6711//139 6781//1133
f 6711//139 6712//140 6781//1133
f 6781//1133 6712//140 6782//268
f 6712//140 6713//58 6782//268
f 6782//268 6713//58 6783//1025
f 6713//58 6714//1326 6783//1025
f 6783//1025 6714//1326 6784//1332
f 6714//1326 6715//1327 6784//1332
f 6784//1332 6715//1327 6785//1333
f 6716//1329 6717//1328 6786//1334
f 6786//1334 6717//1328 6787//1335
f 6717//1328 6718//421 6788//1336
f 6717//1328 6788//1336 6787//1335
f 6718//421 6719//692 6789//706
f 6718//421 6789//706 6788//1336
f 6719//692 6720//1330 6789//706
f 6789//706 6720//1330 6790//887
f 6720//1330 6721//835 6790//887
f 6790//887 6721//835 6791//1337
f 6721//835 6722//1159 6792//979
f 6721//835 6792//979 6791//1337
f 6722//1159 6723//862 6793//1338
f 6722//1159 6793//1338 6792//979
f 6723//862 6724//849 6794//185
f 6723//862 6794//185 6793//1338
f 6724//849 6725//665 6795//665
f 6724//849 6795//665 6794//185
f 6725//665 6726//1170 6796//1180
f 6725//665 6796//1180 6795//665
f 6726//1170 6727//897 6796//1180
f 6796//1180 6727//897 6797//678
f 6727//897 6728//200 6798//665
f 6727//897 6798//665 6797//678
f 6728//200 6729//58 6799//186
f 6728//200 6799//186 6798//665
f 6729//58 6730//185 6799//186
f 6799//186 6730//185 6800//94
f 6730//185 6731//186 6800//94
f 6800//94 6731//186 6801//94
f 6731//186 6732//58 6801//94
f 6801//94 6732//58 6802//654
f 6732//58 6733//635 6802//654
f 6802//654 6733//635 6803//587
f 6733//635 6734//654 6803//587
f 6803//587 6734//654 6804//58
f 6734//654 6735//58 6804//58
f 6804//58 6735//58 6805//58
f 6735//58 6736//94 6805//58
f 6805//58 6736//94 6806//170
f 6736//94 6737//94 6806//170
f 6806//170 6737//94 6807//1331
f 6737//94 6738//58 6807//1331
f 6807//1331 6738//58 6808//58
f 6738//58 6739//58 6808//58
f 6808//58 6739//58 6809//58
f 6739//58 6740//58 6809//58
f 6809//58 6740//58 6810//58
f 6740//58 6741//58 6810//58
f 6810//58 6741//58 6811//58
f 6741//58 6742//1331 6811//58
f 6811//58 6742//1331 6812//170
f 6742//1331 6743//58 6812//170
f 6812//170 6743//58 6813//680
f 6743//58 6744//112 6814//1005
f 6743//58 6814//1005 6813//680
f 6744//112 6745//387 6814//1005
f 6814//1005 6745//387 6815//446
f 6745//387 6746//1123 6815//446
f 6815//446 6746//1123 6816//74
f 6746//1123 6747//97 6816//74
f 6816//74 6747//97 6817//75
f 6747//97 6748//58 6817//75
f 6817//75 6748//58 6818//58
f 6748//58 6749//58 6818//58
f 6818//58 6749//58 6819//58
f 6749//58 6750//58 6819//58
f 6819//58 6750//58 6820//58
f 6750//58 6751//58 6820//58
f 6820//58 6751//58 6821//58
f 6751//58 6752//58 6821//58
f 6821//58 6752//58 6822//58
f 6752//58 6753//60 6822//58
f 6822//58 6753//60 6823//58
f 6753//60 6754//1004 6824//127
f 6753//60 6824//127 6823//58
f 6754//1004 6755//113 6824//127
f 6824//127 6755//113 6825//128
f 6755//113 6756//58 6826//97
f 6755//113 6826//97 6825//128
f 6756//58 6757//58 6826//97
f 6826//97 6757//58 6827//58
f 6757//58 6758//58 6827//58
f 6827//58 6758//58 6828//58
f 6758//58 6759//74 6828//58
f 6828//58 6759//74 6829//58
f 6759//74 6760//75 6830//211
f 6759//74 6830//211 6829//58
f 6760//75 6761//58 6831//211
f 6760//75 6831//211 6830//211
f 6761//58 6762//58 6831//211
f 6831//211 6762//58 6832//58
f 6762//58 6763//58 6832//58
f 6832//58 6763//58 6833//58
f 6763//58 6764//59 6833//58
f 6833//58 6764//59 6834//74
f 6764//59 6765//1060 6834//74
f 6834//74 6765//1060 6835//75
f 6765//1060 6766//58 6835//75
f 6835//75 6766//58 6836//58
f 6766//58 6767//58 6836//58
f 6836//58 6767//58 6837//58
f 6767//58 6768//211 6837//58
f 6837//58 6768//211 6838//58
f 6768//211 6769//313 6839//292
f 6768//211 6839//292 6838//58
f 6769//313 6770//292 6839//292
f 6839//292 6770//292 6840//1339
f 6770//292 6771//61 6841//1340
f 6770//292 6841//1340 6840//1339
f 6771//61 6772//945 6842//211
f 6771//61 6842//211 6841//1340
f 6772//945 6773//75 6843//1106
f 6772//945 6843//1106 6842//211
f 6773//75 6774//58 6844//212
f 6773//75 6844//212 6843//1106
f 6774//58 6775//59 6844//212
f 6844//212 6775//59 6845//293
f 6775//59 6776//1060 6845//293
f 6845//293 6776//1060 6846//77
f 6776//1060 6777//58 6846//77
f 6846//77 6777//58 6847//58
f 6777//58 6778//59 6847//58
f 6847//58 6778//59 6848//60
f 6778//59 6779//357 6848//60
f 6848//60 6779//357 6849//945
f 6779//357 6780//357 6849//945
f 6849//945 6780//357 6850//1006
f 6780//357 6781//1133 6851//1114
f 6780//357 6851//1114 6850//1006
f 6781//1133 6782//268 6852//1341
f 6781//1133 6852//1341 6851//1114
f 6782//268 6783//1025 6852//1341
f 6852//1341 6783//1025 6853//42
f 6783//1025 6784//1332 6854//1342
f 6783//1025 6854//1342 6853//42
f 6784//1332 6785//1333 6855//1343
f 6784//1332 6855//1343 6854//1342
f 6785//1333 6856//1344 6855//1343
f 6786//1334 6787//1335 6857//1345
f 6787//1335 6788//1336 6858//1346
f 6787//1335 6858//1346 6857//1345
f 6788//1336 6789//706 6859//1347
f 6788//1336 6859//1347 6858//1346
f 6789//706 6790//887 6860//718
f 6789//706 6860//718 6859//1347
f 6790//887 6791//1337 6861//1348
f 6790//887 6861//1348 6860//718
f 6791//1337 6792//979 6862//747
f 6791//1337 6862//747 6861//1348
f 6792//979 6793//1338 6862//747
f 6862//747 6793//1338 6863//171
f 6793//1338 6794//185 6863//171
f 6863//171 6794//185 6864//603
f 6794//185 6795//665 6864//603
f 6864//603 6795//665 6865//664
f 6795//665 6796//1180 6865//664
f 6865//664 6796//1180 6866//171
f 6796//1180 6797//678 6866//171
f 6866//171 6797//678 6867//603
f 6797//678 6798//665 6867//603
f 6867//603 6798//665 6868//612
f 6798//665 6799//186 6868//612
f 6868//612 6799//186 6869//94
f 6799//186 6800//94 6869//94
f 6869//94 6800//94 6870//94
f 6800//94 6801//94 6870//94
f 6870//94 6801//94 6871//94
f 6801//94 6802//654 6871//94
f 6871//94 6802//654 6872//58
f 6802//654 6803//587 6873//185
f 6802//654 6873//185 6872//58
f 6803//587 6804//58 6874//186
f 6803//587 6874//186 6873//185
f 6804//58 6805//58 6874//186
f 6874//186 6805//58 6875//58
f 6805//58 6806//170 6875//58
f 6875//58 6806//170 6876//58
f 6806//170 6807//1331 6877//185
f 6806//170 6877//185 6876//58
f 6807//1331 6808//58 6878//775
f 6807//1331 6878//775 6877//185
f 6808//58 6809//58 6878//775
f 6878//775 6809//58 6879//58
f 6809//58 6810//58 6879//58
f 6879//58 6810//58 6880//58
f 6810//58 6811//58 6880//58
f 6880//58 6811//58 6881//58
f 6811//58 6812//170 6881//58
f 6881//58 6812//170 6882//58
f 6812//170 6813//680 6883//185
f 6812//170 6883//185 6882//58
f 6813//680 6814//1005 6884//186
f 6813//680 6884//186 6883//185
f 6814//1005 6815//446 6884//186
f 6884//186 6815//446 6885//58
f 6815//446 6816//74 6885//58
f 6885//58 6816//74 6886//58
f 6816//74 6817//75 6887//259
f 6816//74 6887//259 6886//58
f 6817//75 6818//58 6888//97
f 6817//75 6888//97 6887//259
f 6818//58 6819//58 6888//97
f 6888//97 6819//58 6889//58
f 6819//58 6820//58 6889//58
f 6889//58 6820//58 6890//58
f 6820//58 6821//58 6890//58
f 6890//58 6821//58 6891//58
f 6821//58 6822//58 6891//58
f 6891//58 6822//58 6892//58
f 6822//58 6823//58 6892//58
f 6892//58 6823//58 6893//58
f 6823//58 6824//127 6893//58
f 6893//58 6824//127 6894//58
f 6824//127 6825//128 6894//58
f 6894//58 6825//128 6895//74
f 6825//128 6826//97 6895//74
f 6895//74 6826//97 6896//75
f 6826//97 6827//58 6896//75
f 6896//75 6827//58 6897//58
f 6827//58 6828//58 6897//58
f 6897//58 6828//58 6898//58
f 6828//58 6829//58 6898//58
f 6898//58 6829//58 6899//58
f 6829//58 6830//211 6899//58
f 6899//58 6830//211 6900//58
f 6830//211 6831//211 6901//211
f 6830//211 6901//211 6900//58
f 6831//211 6832//58 6902//211
f 6831//211 6902//211 6901//211
f 6832//58 6833//58 6902//211
f 6902//211 6833//58 6903//58
f 6833//58 6834//74 6903//58
f 6903//58 6834//74 6904//58
f 6834//74 6835//75 6905//211
f 6834//74 6905//211 6904//58
f 6835//75 6836//58 6906//211
f 6835//75 6906//211 6905//211
f 6836//58 6837//58 6906//211
f 6906//211 6837//58 6907//58
f 6837//58 6838//58 6907//58
f 6907//58 6838//58 6908//58
f 6838//58 6839//292 6908//58
f 6908//58 6839//292 6909//58
f 6839//292 6840//1339 6909//58
f 6909//58 6840//1339 6910//60
f 6840//1339 6841//1340 6910//60
f 6910//60 6841//1340 6911//291
f 6841//1340 6842//211 6911//291
f 6911//291 6842//211 6912//1005
f 6842//211 6843//1106 6913//1092
f 6842//211 6913//1092 6912//1005
f 6843//1106 6844//212 6914//945
f 6843//1106 6914//945 6913//1092
f 6844//212 6845//293 6915//470
f 6844//212 6915//470 6914//945
f 6845//293 6846//77 6915//470
f 6915//470 6846//77 6916//317
f 6846//77 6847//58 6916//317
f 6916//317 6847//58 6917//39
f 6847//58 6848//60 6917//39
f 6917//39 6848//60 6918//1005
f 6848//60 6849//945 6919//934
f 6848//60 6919//934 6918//1005
f 6849//945 6850//1006 6920//1106
f 6849//945 6920//1106 6919//934
f 6850//1006 6851//1114 6921//934
f 6850//1006 6921//934 6920//1106
f 6851//1114 6852//1341 6922//1064
f 6851//1114 6922//1064 6921//934
f 6852//1341 6853//42 6923//1183
f 6852//1341 6923//1183 6922//1064
f 6853//42 6854//1342 6923//1183
f 6923//1183 6854//1342 6924//188
f 6854//1342 6855//1343 6925//270
f 6854//1342 6925//270 6924//188
f 6855//1343 6856//1344 6926//1349
f 6855//1343 6926//1349 6925//270
f 6856//1344 6927//1350 6926//1349
f 6858//1346 6859//1347 6928//1351
f 6928//1351 6859//1347 6929//1352
f 6859//1347 6860//718 6929//1352
f 6929//1352 6860//718 6930//767
f 6860//718 6861//1348 6930//767
f 6930//767 6861//1348 6931//1353
f 6861//1348 6862//747 6931//1353
f 6931//1353 6862//747 6932//920
f 6862//747 6863//171 6933//680
f 6862//747 6933//680 6932//920
f 6863//171 6864//603 6934//943
f 6863//171 6934//943 6933//680
f 6864//603 6865//664 6934//943
f 6934//943 6865//664 6935//680
f 6865//664 6866//171 6936//680
f 6865//664 6936//680 6935//680
f 6866//171 6867//603 6937//836
f 6866//171 6937//836 6936//680
f 6867//603 6868//612 6937//836
f 6937//836 6868//612 6938//613
f 6868//612 6869//94 6938//613
f 6938//613 6869//94 6939//171
f 6869//94 6870//94 6939//171
f 6939//171 6870//94 6940//1306
f 6870//94 6871//94 6940//1306
f 6940//1306 6871//94 6941//171
f 6871//94 6872//58 6941//171
f 6941//171 6872//58 6942//58
f 6872//58 6873//185 6942//58
f 6942//58 6873//185 6943//94
f 6873//185 6874//186 6943//94
f 6943//94 6874//186 6944//94
f 6874//186 6875//58 6944//94
f 6944//94 6875//58 6945//58
f 6875//58 6876//58 6945//58
f 6945//58 6876//58 6946//58
f 6876//58 6877//185 6946//58
f 6946//58 6877//185 6947//775
f 6877//185 6878//775 6947//775
f 6947//775 6878//775 6948//171
f 6878//775 6879//58 6948//171
f 6948//171 6879//58 6949//58
f 6879//58 6880//58 6949//58
f 6949//58 6880//58 6950//58
f 6880//58 6881//58 6950//58
f 6950//58 6881//58 6951//58
f 6881//58 6882//58 6951//58
f 6951//58 6882//58 6952//58
f 6882//58 6883//185 6952//58
f 6952//58 6883//185 6953//94
f 6883//185 6884//186 6953//94
f 6953//94 6884//186 6954//94
f 6884//186 6885//58 6954//94
f 6954//94 6885//58 6955//58
f 6885//58 6886//58 6955//58
f 6955//58 6886//58 6956//58
f 6886//58 6887//259 6956//58
f 6956//58 6887//259 6957//74
f 6887//259 6888//97 6957//74
f 6957//74 6888//97 6958//75
f 6888//97 6889//58 6958//75
f 6958//75 6889//58 6959//58
f 6889//58 6890//58 6959//58
f 6959//58 6890//58 6960//58
f 6890//58 6891//58 6960//58
f 6960//58 6891//58 6961//58
f 6891//58 6892//58 6961//58
f 6961//58 6892//58 6962//58
f 6892//58 6893//58 6962//58
f 6962//58 6893//58 6963//58
f 6893//58 6894//58 6963//58
f 6963//58 6894//58 6964//58
f 6894//58 6895//74 6964//58
f 6964//58 6895//74 6965//58
f 6895//74 6896//75 6966//211
f 6895//74 6966//211 6965//58
f 6896//75 6897//58 6967//211
f 6896//75 6967//211 6966//211
f 6897//58 6898//58 6967//211
f 6967//211 6898//58 6968//58
f 6898//58 6899//58 6968//58
f 6968//58 6899//58 6969//58
f 6899//58 6900//58 6969//58
f 6969//58 6900//58 6970//58
f 6900//58 6901//211 6970//58
f 6970//58 6901//211 6971//58
f 6901//211 6902//211 6972//259
f 6901//211 6972//259 6971//58
f 6902//211 6903//58 6973//60
f 6902//211 6973//60 6972//259
f 6903//58 6904//58 6973//60
f 6973//60 6904//58 6974//58
f 6904//58 6905//211 6974//58
f 6974//58 6905//211 6975//58
f 6905//211 6906//211 6976//259
f 6905//211 6976//259 6975//58
f 6906//211 6907//58 6977//60
f 6906//211 6977//60 6976//259
f 6907//58 6908//58 6977//60
f 6977//60 6908//58 6978//58
f 6908//58 6909//58 6978//58
f 6978//58 6909//58 6979//58
f 6909//58 6910//60 6979//58
f 6979//58 6910//60 6980//58
f 6910//60 6911//291 6981//127
f 6910//60 6981//127 6980//58
f 6911//291 6912//1005 6981//127
f 6981//127 6912//1005 6982//1132
f 6912//1005 6913//1092 6983//434
f 6912//1005 6983//434 6982//1132
f 6913//1092 6914//945 6983//434
f 6983//434 6914//945 6984//1354
f 6914//945 6915//470 6984//1354
f 6984//1354 6915//470 6985//934
f 6915//470 6916//317 6986//1023
f 6915//470 6986//1023 6985//934
f 6916//317 6917//39 6986//1023
f 6986//1023 6917//39 6987//318
f 6917//39 6918//1005 6987//318
f 6987//318 6918//1005 6988//1171
f 6918//1005 6919//934 6989//61
f 6918//1005 6989//61 6988//1171
f 6919//934 6920//1106 6990//259
f 6919//934 6990//259 6989//61
f 6920//1106 6921//934 6991//945
f 6920//1106 6991//945 6990//259
f 6921//934 6922//1064 6992//61
f 6921//934 6992//61 6991//945
f 6922//1064 6923//1183 6993//259
f 6922//1064 6993//259 6992//61
f 6923//1183 6924//188 6994//1355
f 6923//1183 6994//1355 6993//259
f 6924//188 6925//270 6995//98
f 6924//188 6995//98 6994//1355
f 6925//270 6926//1349 6996//1356
f 6925//270 6996//1356 6995//98
f 6926//1349 6927//1350 6997//1357
f 6926//1349 6997//1357 6996//1356
f 6928//1351 6929//1352 6999//1358
f 6928//1351 6999//1358 6998//1359
f 6929//1352 6930//767 7000//1360
f 6929//1352 7000//1360 6999//1358
f 6930//767 6931//1353 7000//1360
f 7000//1360 6931//1353 7001//1361
f 6931//1353 6932//920 7002//1113
f 6931//1353 7002//1113 7001//1361
f 6932//920 6933//680 7003//849
f 6932//920 7003//849 7002//1113
f 6933//680 6934//943 7003//849
f 7003//849 6934//943 7004//680
f 6934//943 6935//680 7005//680
f 6934//943 7005//680 7004//680
f 6935//680 6936//680 7006//769
f 6935//680 7006//769 7005//680
f 6936//680 6937//836 7006//769
f 7006//769 6937//836 7007//851
f 6937//836 6938//613 7007//851
f 7007//851 6938//613 7008//603
f 6938//613 6939//171 7009//200
f 6938//613 7009//200 7008//603
f 6939//171 6940//1306 7010//1170
f 6939//171 7010//1170 7009//200
f 6940//1306 6941//171 7011//680
f 6940//1306 7011//680 7010//1170
f 6941//171 6942//58 7012//186
f 6941//171 7012//186 7011//680
f 6942//58 6943//94 7012//186
f 7012//186 6943//94 7013//170
f 6943//94 6944//94 7013//170
f 7013//170 6944//94 7014//171
f 6944//94 6945//58 7014//171
f 7014//171 6945//58 7015//58
f 6945//58 6946//58 7015//58
f 7015//58 6946//58 7016//58
f 6946//58 6947//775 7016//58
f 7016//58 6947//775 7017//58
f 6947//775 6948//171 7018//185
f 6947//775 7018//185 7017//58
f 6948//171 6949//58 7019//186
f 6948//171 7019//186 7018//185
f 6949//58 6950//58 7019//186
f 7019//186 6950//58 7020//58
f 6950//58 6951//58 7020//58
f 7020//58 6951//58 7021//58
f 6951//58 6952//58 7021//58
f 7021//58 6952//58 7022//58
f 6952//58 6953//94 7022//58
f 7022//58 6953//94 7023//94
f 6953//94 6954//94 7023//94
f 7023//94 6954//94 7024//94
f 6954//94 6955//58 7024//94
f 7024//94 6955//58 7025//58
f 6955//58 6956//58 7025//58
f 7025//58 6956//58 7026//58
f 6956//58 6957//74 7026//58
f 7026//58 6957//74 7027//58
f 6957//74 6958//75 7028//212
f 6957//74 7028//212 7027//58
f 6958//75 6959//58 7029//313
f 6958//75 7029//313 7028//212
f 6959//58 6960//58 7029//313
f 7029//313 6960//58 7030//39
f 6960//58 6961//58 7030//39
f 7030//39 6961//58 7031//127
f 6961//58 6962//58 7031//127
f 7031//127 6962//58 7032//58
f 6962//58 6963//58 7032//58
f 7032//58 6963//58 7033//58
f 6963//58 6964//58 7033//58
f 7033//58 6964//58 7034//58
f 6964//58 6965//58 7034//58
f 7034//58 6965//58 7035//58
f 6965//58 6966//211 7035//58
f 7035//58 6966//211 7036//58
f 6966//211 6967//211 7037//212
f 6966//211 7037//212 7036//58
f 6967//211 6968//58 7038//211
f 6967//211 7038//211 7037//212
f 6968//58 6969//58 7038//211
f 7038//211 6969//58 7039//58
f 6969//58 6970//58 7039//58
f 7039//58 6970//58 7040//58
f 6970//58 6971//58 7040//58
f 7040//58 6971//58 7041//58
f 6971//58 6972//259 7041//58
f 7041//58 6972//259 7042//60
f 6972//259 6973//60 7042//60
f 7042//60 6973//60 7043//291
f 6973//60 6974//58 7043//291
f 7043//291 6974//58 7044//113
f 6974//58 6975//58 7044//113
f 7044//113 6975//58 7045//58
f 6975//58 6976//259 7045//58
f 7045//58 6976//259 7046//60
f 6976//259 6977//60 7046//60
f 7046//60 6977//60 7047//75
f 6977//60 6978//58 7047//75
f 7047//75 6978//58 7048//58
f 6978//58 6979//58 7048//58
f 7048//58 6979//58 7049//58
f 6979//58 6980//58 7049//58
f 7049//58 6980//58 7050//58
f 6980//58 6981//127 7050//58
f 7050//58 6981//127 7051//58
f 6981//127 6982//1132 7051//58
f 7051//58 6982//1132 7052//74
f 6982//1132 6983//434 7052//74
f 7052//74 6983//434 7053//945
f 6983//434 6984//1354 7053//945
f 7053//945 6984//1354 7054//1151
f 6984//1354 6985//934 7055//1124
f 6984//1354 7055//1124 7054//1151
f 6985//934 6986//1023 7055//1124
f 7055//1124 6986//1023 7056//313
f 6986//1023 6987//318 7057//212
f 6986//1023 7057//212 7056//313
f 6987//318 6988//1171 7057//212
f 7057//212 6988//1171 7058//492
f 6988//1171 6989//61 7058//492
f 7058//492 6989//61 7059//77
f 6989//61 6990//259 7059//77
f 7059//77 6990//259 7060//76
f 6990//259 6991//945 7060//76
f 7060//76 6991//945 7061//357
f 6991//945 6992//61 7061//357
f 7061//357 6992//61 7062//75
f 6992//61 6993//259 7062//75
f 7062//75 6993//259 7063//1003
f 6993//259 6994//1355 7063//1003
f 7063//1003 6994//1355 7064//1133
f 6994//1355 6995//98 7064//1133
f 7064//1133 6995//98 7065//155
f 6995//98 6996//1356 7065//155
f 7065//155 6996//1356 7066//1362
f 6996//1356 6997//1357 7067//1363
f 6996//1356 7067//1363 7066//1362
f 6997//1357 7068//1364 7067//1363
f 6998//1359 6999//1358 7069//1365
f 7069//1365 6999//1358 7070//1366
f 6999//1358 7000//1360 7070//1366
f 7070//1366 7000//1360 7071//1367
f 7000//1360 7001//1361 7072//198
f 7000//1360 7072//198 7071//1367
f 7001//1361 7002//1113 7073//1330
f 7001//1361 7073//1330 7072//198
f 7002//1113 7003//849 7074//665
f 7002//1113 7074//665 7073//1330
f 7003//849 7004//680 7075//1368
f 7003//849 7075//1368 7074//665
f 7004//680 7005//680 7076//586
f 7004//680 7076//586 7075//1368
f 7005//680 7006//769 7076//586
f 7076//586 7006//769 7077//851
f 7006//769 7007//851 7077//851
f 7077//851 7007//851 7078//664
f 7007//851 7008//603 7078//664
f 7078//664 7008//603 7079//171
f 7008//603 7009//200 7079//171
f 7079//171 7009//200 7080//58
f 7009//200 7010//1170 7081//185
f 7009//200 7081//185 7080//58
f 7010//1170 7011//680 7082//664
f 7010//1170 7082//664 7081//185
f 7011//680 7012//186 7082//664
f 7082//664 7012//186 7083//94
f 7012//186 7013//170 7083//94
f 7083//94 7013//170 7084//58
f 7013//170 7014//171 7085//185
f 7013//170 7085//185 7084//58
f 7014//171 7015//58 7086//186
f 7014//171 7086//186 7085//185
f 7015//58 7016//58 7086//186
f 7086//186 7016//58 7087//58
f 7016//58 7017//58 7087//58
f 7087//58 7017//58 7088//58
f 7017//58 7018//185 7088//58
f 7088//58 7018//185 7089//170
f 7018//185 7019//186 7089//170
f 7089//170 7019//186 7090//171
f 7019//186 7020//58 7090//171
f 7090//171 7020//58 7091//58
f 7020//58 7021//58 7091//58
f 7091//58 7021//58 7092//58
f 7021//58 7022//58 7092//58
f 7092//58 7022//58 7093//58
f 7022//58 7023//94 7093//58
f 7093//58 7023//94 7094//170
f 7023//94 7024//94 7094//170
f 7094//170 7024//94 7095//171
f 7024//94 7025//58 7095//171
f 7095//171 7025//58 7096//58
f 7025//58 7026//58 7096//58
f 7096//58 7026//58 7097//58
f 7026//58 7027//58 7097//58
f 7097//58 7027//58 7098//58
f 7027//58 7028//212 7098//58
f 7098//58 7028//212 7099//58
f 7028//212 7029//313 7100//292
f 7028//212 7100//292 7099//58
f 7029//313 7030//39 7100//292
f 7100//292 7030//39 7101//39
f 7030//39 7031//127 7101//39
f 7101//39 7031//127 7102//313
f 7031//127 7032//58 7103//313
f 7031//127 7103//313 7102//313
f 7032//58 7033//58 7103//313
f 7103//313 7033//58 7104//292
f 7033//58 7034//58 7104//292
f 7104//292 7034//58 7105//58
f 7034//58 7035//58 7105//58
f 7105//58 7035//58 7106//58
f 7035//58 7036//58 7106//58
f 7106//58 7036//58 7107//58
f 7036//58 7037//212 7107//58
f 7107//58 7037//212 7108//58
f 7037//212 7038//211 7109//211
f 7037//212 7109//211 7108//58
f 7038//211 7039//58 7110//313
f 7038//211 7110//313 7109//211
f 7039//58 7040//58 7110//313
f 7110//313 7040//58 7111//113
f 7040//58 7041//58 7111//113
f 7111//113 7041//58 7112//58
f 7041//58 7042//60 7112//58
f 7112//58 7042//60 7113//58
f 7042//60 7043//291 7114//127
f 7042//60 7114//127 7113//58
f 7043//291 7044//113 7114//127
f 7114//127 7044//113 7115//317
f 7044//113 7045//58 7116//74
f 7044//113 7116//74 7115//317
f 7045//58 7046//60 7116//74
f 7116//74 7046//60 7117//58
f 7046//60 7047//75 7118//212
f 7046//60 7118//212 7117//58
f 7047//75 7048//58 7119//211
f 7047//75 7119//211 7118//212
f 7048//58 7049//58 7119//211
f 7119//211 7049//58 7120//58
f 7049//58 7050//58 7120//58
f 7120//58 7050//58 7121//589
f 7050//58 7051//58 7121//589
f 7121//589 7051//58 7122//58
f 7051//58 7052//74 7122//58
f 7122//58 7052//74 7123//58
f 7052//74 7053//945 7124//259
f 7052//74 7124//259 7123//58
f 7053//945 7054//1151 7125//945
f 7053//945 7125//945 7124//259
f 7054//1151 7055//1124 7126//60
f 7054//1151 7126//60 7125//945
f 7055//1124 7056//313 7126//60
f 7126//60 7056//313 7127//58
f 7056//313 7057//212 7128//259
f 7056//313 7128//259 7127//58
f 7057//212 7058//492 7129//470
f 7057//212 7129//470 7128//259
f 7058//492 7059//77 7129//470
f 7129//470 7059//77 7130//291
f 7059//77 7060//76 7130//291
f 7130//291 7060//76 7131//1035
f 7060//76 7061//357 7131//1035
f 7131//1035 7061//357 7132//934
f 7061//357 7062//75 7133//1063
f 7061//357 7133//1063 7132//934
f 7062//75 7063//1003 7134//934
f 7062//75 7134//934 7133//1063
f 7063//1003 7064//1133 7135//1006
f 7063//1003 7135//1006 7134//934
f 7064//1133 7065//155 7136//1369
f 7064//1133 7136//1369 7135//1006
f 7065//155 7066//1362 7137//98
f 7065//155 7137//98 7136//1369
f 7066//1362 7067//1363 7138//1326
f 7066//1362 7138//1326 7137//98
f 7067//1363 7068//1364 7138//1326
f 7138//1326 7068//1364 7139//1370
f 7069//1365 7070//1366 7140//1079
f 7140//1079 7070//1366 7141//1371
f 7070//1366 7071//1367 7141//1371
f 7141//1371 7071//1367 7142//1372
f 7071//1367 7072//198 7142//1372
f 7142//1372 7072//198 7143//232
f 7072//198 7073//1330 7143//232
f 7143//232 7073//1330 7144//819
f 7073//1330 7074//665 7144//819
f 7144//819 7074//665 7145//1373
f 7074//665 7075//1368 7145//1373
f 7145//1373 7075//1368 7146//851
f 7075//1368 7076//586 7146//851
f 7146//851 7076//586 7147//1306
f 7076//586 7077//851 7147//1306
f 7147//1306 7077//851 7148//665
f 7077//851 7078//664 7148//665
f 7148//665 7078//664 7149//680
f 7078//664 7079//171 7150//1374
f 7078//664 7150//1374 7149//680
f 7079//171 7080//58 7151//186
f 7079//171 7151//186 7150//1374
f 7080//58 7081//185 7151//186
f 7151//186 7081//185 7152//94
f 7081//185 7082//664 7152//94
f 7152//94 7082//664 7153//613
f 7082//664 7083//94 7153//613
f 7153//613 7083//94 7154//171
f 7083//94 7084//58 7154//171
f 7154//171 7084//58 7155//58
f 7084//58 7085//185 7155//58
f 7155//58 7085//185 7156//94
f 7085//185 7086//186 7156//94
f 7156//94 7086//186 7157//94
f 7086//186 7087//58 7157//94
f 7157//94 7087//58 7158//58
f 7087//58 7088//58 7158//58
f 7158//58 7088//58 7159//58
f 7088//58 7089//170 7159//58
f 7159//58 7089//170 7160//58
f 7089//170 7090//171 7161//200
f 7089//170 7161//200 7160//58
f 7090//171 7091//58 7162//200
f 7090//171 7162//200 7161//200
f 7091//58 7092//58 7162//200
f 7162//200 7092//58 7163//58
f 7092//58 7093//58 7163//58
f 7163//58 7093//58 7164//58
f 7093//58 7094//170 7164//58
f 7164//58 7094//170 7165//58
f 7094//170 7095//171 7166//185
f 7094//170 7166//185 7165//58
f 7095//171 7096//58 7167//186
f 7095//171 7167//186 7166//185
f 7096//58 7097//58 7167//186
f 7167//186 7097//58 7168//58
f 7097//58 7098//58 7168//58
f 7168//58 7098//58 7169//58
f 7098//58 7099//58 7169//58
f 7169//58 7099//58 7170//58
f 7099//58 7100//292 7170//58
f 7170//58 7100//292 7171//58
f 7100//292 7101//39 7171//58
f 7171//58 7101//39 7172//58
f 7101//39 7102//313 7172//58
f 7172//58 7102//313 7173//58
f 7102//313 7103//313 7174//292
f 7102//313 7174//292 7173//58
f 7103//313 7104//292 7174//292
f 7174//292 7104//292 7175//313
f 7104//292 7105//58 7176//1375
f 7104//292 7176//1375 7175//313
f 7105//58 7106//58 7176//1375
f 7176//1375 7106//58 7177//127
f 7106//58 7107//58 7177//127
f 7177//127 7107//58 7178//58
f 7107//58 7108//58 7178//58
f 7178//58 7108//58 7179//58
f 7108//58 7109//211 7179//58
f 7179//58 7109//211 7180//58
f 7109//211 7110//313 7181//127
f 7109//211 7181//127 7180//58
f 7110//313 7111//113 7181//127
f 7181//127 7111//113 7182//317
f 7111//113 7112//58 7183//74
f 7111//113 7183//74 7182//317
f 7112//58 7113//58 7183//74
f 7183//74 7113//58 7184//58
f 7113//58 7114//127 7184//58
f 7184//58 7114//127 7185//58
f 7114//127 7115//317 7185//58
f 7185//58 7115//317 7186//76
f 7115//317 7116//74 7186//76
f 7186//76 7116//74 7187//77
f 7116//74 7117//58 7187//77
f 7187//77 7117//58 7188//73
f 7117//58 7118//212 7188//73
f 7188//73 7118//212 7189//58
f 7118//212 7119//211 7190//211
f 7118//212 7190//211 7189//58
f 7119//211 7120//58 7191//1061
f 7119//211 7191//1061 7190//211
f 7120//58 7121//589 7191//1061
f 7191//1061 7121//589 7192//1061
f 7121//589 7122//58 7193//211
f 7121//589 7193//211 7192//1061
f 7122//58 7123//58 7193//211
f 7193//211 7123//58 7194//58
f 7123//58 7124//259 7194//58
f 7194//58 7124//259 7195//74
f 7124//259 7125//945 7195//74
f 7195//74 7125//945 7196//1225
f 7125//945 7126//60 7196//1225
f 7196//1225 7126//60 7197//398
f 7126//60 7127//58 7197//398
f 7197//398 7127//58 7198//58
f 7127//58 7128//259 7198//58
f 7198//58 7128//259 7199//74
f 7128//259 7129//470 7199//74
f 7199//74 7129//470 7200//1151
f 7129//470 7130//291 7201//1124
f 7129//470 7201//1124 7200//1151
f 7130//291 7131//1035 7201//1124
f 7201//1124 7131//1035 7202//291
f 7131//1035 7132//934 7203//1035
f 7131//1035 7203//1035 7202//291
f 7132//934 7133//1063 7203//1035
f 7203//1035 7133//1063 7204//291
f 7133//1063 7134//934 7205//316
f 7133//1063 7205//316 7204//291
f 7134//934 7135//1006 7206//316
f 7134//934 7206//316 7205//316
f 7135//1006 7136//1369 7206//316
f 7206//316 7136//1369 7207//1133
f 7136//1369 7137//98 7207//1133
f 7207//1133 7137//98 7208//268
f 7137//98 7138//1326 7208//268
f 7208//268 7138//1326 7209//1376
f 7138//1326 7139//1370 7209//1376
f 7209//1376 7139//1370 7210//1377
f 7140//1079 7141//1371 7211//1378
f 7141//1371 7142//1372 7212//1347
f 7141//1371 7212//1347 7211//1378
f 7142//1372 7143//232 7213//422
f 7142//1372 7213//422 7212//1347
f 7143//232 7144//819 7213//422
f 7213//422 7144//819 7214//887
f 7144//819 7145//1373 7214//887
f 7214//887 7145//1373 7215//1337
f 7145//1373 7146//851 7216//665
f 7145//1373 7216//665 7215//1337
f 7146//851 7147//1306 7217//1170
f 7146//851 7217//1170 7216//665
f 7147//1306 7148//665 7218//680
f 7147//1306 7218//680 7217//1170
f 7148//665 7149//680 7219//665
f 7148//665 7219//665 7218//680
f 7149//680 7150//1374 7220//943
f 7149//680 7220//943 7219//665
f 7150//1374 7151//186 7220//943
f 7220//943 7151//186 7221//171
f 7151//186 7152//94 7221//171
f 7221//171 7152//94 7222//1306
f 7152//94 7153//613 7222//1306
f 7222//1306 7153//613 7223//680
f 7153//613 7154//171 7224//862
f 7153//613 7224//862 7223//680
f 7154//171 7155//58 7225//200
f 7154//171 7225//200 7224//862
f 7155//58 7156//94 7225//200
f 7225//200 7156//94 7226//1306
f 7156//94 7157//94 7226//1306
f 7226//1306 7157//94 7227//171
f 7157//94 7158//58 7227//171
f 7227//171 7158//58 7228//58
f 7158//58 7159//58 7228//58
f 7228//58 7159//58 7229//58
f 7159//58 7160//58 7229//58
f 7229//58 7160//58 7230//58
f 7160//58 7161//200 7230//58
f 7230//58 7161//200 7231//58
f 7161//200 7162//200 7232//185
f 7161//200 7232//185 7231//58
f 7162//200 7163//58 7233//186
f 7162//200 7233//186 7232//185
f 7163//58 7164//58 7233//186
f 7233//186 7164//58 7234//58
f 7164//58 7165//58 7234//58
f 7234//58 7165//58 7235//58
f 7165//58 7166//185 7235//58
f 7235//58 7166//185 7236//94
f 7166//185 7167//186 7236//94
f 7236//94 7167//186 7237//94
f 7167//186 7168//58 7237//94
f 7237//94 7168//58 7238//58
f 7168//58 7169//58 7238//58
f 7238//58 7169//58 7239//58
f 7169//58 7170//58 7239//58
f 7239//58 7170//58 7240//58
f 7170//58 7171//58 7240//58
f 7240//58 7171//58 7241//58
f 7171//58 7172//58 7241//58
f 7241//58 7172//58 7242//58
f 7172//58 7173//58 7242//58
f 7242//58 7173//58 7243//58
f 7173//58 7174//292 7243//58
f 7243//58 7174//292 7244//58
f 7174//292 7175//313 7244//58
f 7244//58 7175//313 7245//58
f 7175//313 7176//1375 7246//127
f 7175//313 7246//127 7245//58
f 7176//1375 7177//127 7246//127
f 7246//127 7177//127 7247//313
f 7177//127 7178//58 7248//313
f 7177//127 7248//313 7247//313
f 7178//58 7179//58 7248//313
f 7248//313 7179//58 7249//127
f 7179//58 7180//58 7249//127
f 7249//127 7180//58 7250//58
f 7180//58 7181//127 7250//58
f 7250//58 7181//127 7251//58
f 7181//127 7182//317 7251//58
f 7251//58 7182//317 7252//74
f 7182//317 7183//74 7252//74
f 7252//74 7183//74 7253//317
f 7183//74 7184//58 7253//317
f 7253//317 7184//58 7254//39
f 7184//58 7185//58 7254//39
f 7254//39 7185//58 7255//113
f 7185//58 7186//76 7255//113
f 7255//113 7186//76 7256//61
f 7186//76 7187//77 7256//61
f 7256//61 7187//77 7257//430
f 7187//77 7188//73 7257//430
f 7257//430 7188//73 7258//1049
f 7188//73 7189//58 7259//60
f 7188//73 7259//60 7258//1049
f 7189//58 7190//211 7259//60
f 7259//60 7190//211 7260//58
f 7190//211 7191//1061 7261//73
f 7190//211 7261//73 7260//58
f 7191//1061 7192//1061 7261//73
f 7261//73 7192//1061 7262//58
f 7192//1061 7193//211 7263//211
f 7192//1061 7263//211 7262//58
f 7193//211 7194//58 7264//211
f 7193//211 7264//211 7263//211
f 7194//58 7195//74 7264//211
f 7264//211 7195//74 7265//58
f 7195//74 7196//1225 7266//1084
f 7195//74 7266//1084 7265//58
f 7196//1225 7197//398 7267//1217
f 7196//1225 7267//1217 7266//1084
f 7197//398 7198//58 7267//1217
f 7267//1217 7198//58 7268//113
f 7198//58 7199//74 7268//113
f 7268//113 7199//74 7269//58
f 7199//74 7200//1151 7270//259
f 7199//74 7270//259 7269//58
f 7200//1151 7201//1124 7271//60
f 7200//1151 7271//60 7270//259
f 7201//1124 7202//291 7271//60
f 7271//60 7202//291 7272//76
f 7202//291 7203//1035 7272//76
f 7272//76 7203//1035 7273//77
f 7203//1035 7204//291 7273//77
f 7273//77 7204//291 7274//76
f 7204//291 7205//316 7274//76
f 7274//76 7205//316 7275//293
f 7205//316 7206//316 7276//59
f 7205//316 7276//59 7275//293
f 7206//316 7207//1133 7277//316
f 7206//316 7277//316 7276//59
f 7207//1133 7208//268 7278//1341
f 7207//1133 7278//1341 7277//316
f 7208//268 7209//1376 7278//1341
f 7278//1341 7209//1376 7279//1379
f 7209//1376 7210//1377 7280//1380
f 7209//1376 7280//1380 7279//1379
f 7210//1377 7281//1381 7280//1380
f 7211//1378 7212//1347 7282//1382
f 7282//1382 7212//1347 7283//1383
f 7212//1347 7213//422 7283//1383
f 7283//1383 7213//422 7284//241
f 7213//422 7214//887 7285//1384
f 7213//422 7285//1384 7284//241
f 7214//887 7215//1337 7286//1385
f 7214//887 7286//1385 7285//1384
f 7215//1337 7216//665 7287//1159
f 7215//1337 7287//1159 7286//1385
f 7216//665 7217//1170 7288//680
f 7216//665 7288//680 7287//1159
f 7217//1170 7218//680 7289//664
f 7217//1170 7289//664 7288//680
f 7218//680 7219//665 7289//664
f 7289//664 7219//665 7290//851
f 7219//665 7220//943 7290//851
f 7290//851 7220//943 7291//603
f 7220//943 7221//171 7292//185
f 7220//943 7292//185 7291//603
f 7221//171 7222//1306 7293//1386
f 7221//171 7293//1386 7292//185
f 7222//1306 7223//680 7294//185
f 7222//1306 7294//185 7293//1386
f 7223//680 7224//862 7295//1386
f 7223//680 7295//1386 7294//185
f 7224//862 7225//200 7296//185
f 7224//862 7296//185 7295//1386
f 7225//200 7226//1306 7297//1386
f 7225//200 7297//1386 7296//185
f 7226//1306 7227//171 7298//185
f 7226//1306 7298//185 7297//1386
f 7227//171 7228//58 7299//186
f 7227//171 7299//186 7298//185
f 7228//58 7229//58 7299//186
f 7299//186 7229//58 7300//58
f 7229//58 7230//58 7300//58
f 7300//58 7230//58 7301//58
f 7230//58 7231//58 7301//58
f 7301//58 7231//58 7302//58
f 7231//58 7232//185 7302//58
f 7302//58 7232//185 7303//170
f 7232//185 7233//186 7303//170
f 7303//170 7233//186 7304//171
f 7233//186 7234//58 7304//171
f 7304//171 7234//58 7305//58
f 7234//58 7235//58 7305//58
f 7305//58 7235//58 7306//58
f 7235//58 7236//94 7306//58
f 7306//58 7236//94 7307//94
f 7236//94 7237//94 7307//94
f 7307//94 7237//94 7308//94
f 7237//94 7238//58 7308//94
f 7308//94 7238//58 7309//58
f 7238//58 7239//58 7309//58
f 7309//58 7239//58 7310//58
f 7239//58 7240//58 7310//58
f 7310//58 7240//58 7311//58
f 7240//58 7241//58 7311//58
f 7311//58 7241//58 7312//58
f 7241//58 7242//58 7312//58
f 7312//58 7242//58 7313//58
f 7242//58 7243//58 7313//58
f 7313//58 7243//58 7314//58
f 7243//58 7244//58 7314//58
f 7314//58 7244//58 7315//58
f 7244//58 7245//58 7315//58
f 7315//58 7245//58 7316//58
f 7245//58 7246//127 7316//58
f 7316//58 7246//127 7317//58
f 7246//127 7247//313 7317//58
f 7317//58 7247//313 7318//58
f 7247//313 7248//313 7319//127
f 7247//313 7319//127 7318//58
f 7248//313 7249//127 7319//127
f 7319//127 7249//127 7320//313
f 7249//127 7250//58 7321//212
f 7249//127 7321//212 7320//313
f 7250//58 7251//58 7321//212
f 7321//212 7251//58 7322//58
f 7251//58 7252//74 7322//58
f 7322//58 7252//74 7323//58
f 7252//74 7253//317 7324//127
f 7252//74 7324//127 7323//58
f 7253//317 7254//39 7324//127
f 7324//127 7254//39 7325//39
f 7254//39 7255//113 7325//39
f 7325//39 7255//113 7326//291
f 7255//113 7256//61 7327//61
f 7255//113 7327//61 7326//291
f 7256//61 7257//430 7328//73
f 7256//61 7328//73 7327//61
f 7257//430 7258//1049 7328//73
f 7328//73 7258//1049 7329//60
f 7258//1049 7259//60 7329//60
f 7329//60 7259//60 7330//75
f 7259//60 7260//58 7330//75
f 7330//75 7260//58 7331//58
f 7260//58 7261//73 7331//58
f 7331//58 7261//73 7332//58
f 7261//73 7262//58 7332//58
f 7332//58 7262//58 7333//58
f 7262//58 7263//211 7333//58
f 7333//58 7263//211 7334//58
f 7263//211 7264//211 7335//211
f 7263//211 7335//211 7334//58
f 7264//211 7265//58 7336//211
f 7264//211 7336//211 7335//211
f 7265//58 7266//1084 7336//211
f 7336//211 7266//1084 7337//76
f 7266//1084 7267//1217 7338//1206
f 7266//1084 7338//1206 7337//76
f 7267//1217 7268//113 7338//1206
f 7338//1206 7268//113 7339//317
f 7268//113 7269//58 7340//260
f 7268//113 7340//260 7339//317
f 7269//58 7270//259 7340//260
f 7340//260 7270//259 7341//60
f 7270//259 7271//60 7341//60
f 7341//60 7271//60 7342//75
f 7271//60 7272//76 7342//75
f 7342//75 7272//76 7343//492
f 7272//76 7273//77 7343//492
f 7343//492 7273//77 7344//77
f 7273//77 7274//76 7344//77
f 7344//77 7274//76 7345//76
f 7274//76 7275//293 7345//76
f 7345//76 7275//293 7346//77
f 7275//293 7276//59 7346//77
f 7346//77 7276//59 7347//74
f 7276//59 7277//316 7347//74
f 7347//74 7277//316 7348//1006
f 7277//316 7278//1341 7349//1006
f 7277//316 7349//1006 7348//1006
f 7278//1341 7279//1379 7350//1387
f 7278//1341 7350//1387 7349//1006
f 7279//1379 7280//1380 7351//1388
f 7279//1379 7351//1388 7350//1387
f 7280//1380 7281//1381 7352//1389
f 7280//1380 7352//1389 7351//1388
f 7282//1382 7283//1383 7354//1390
f 7282//1382 7354//1390 7353//1391
f 7283//1383 7284//241 7355//1392
f 7283//1383 7355//1392 7354//1390
f 7284//241 7285//1384 7356//1393
f 7284//241 7356//1393 7355//1392
f 7285//1384 7286//1385 7357//1394
f 7285//1384 7357//1394 7356//1393
f 7286//1385 7287//1159 7358//1034
f 7286//1385 7358//1034 7357//1394
f 7287//1159 7288//680 7359//664
f 7287//1159 7359//664 7358//1034
f 7288//680 7289//664 7359//664
f 7359//664 7289//664 7360//612
f 7289//664 7290//851 7360//612
f 7360//612 7290//851 7361//664
f 7290//851 7291//603 7361//664
f 7361//664 7291//603 7362//171
f 7291//603 7292//185 7362//171
f 7362//171 7292//185 7363//603
f 7292//185 7293//1386 7363//603
f 7363//603 7293//1386 7364//94
f 7293//1386 7294//185 7364//94
f 7364//94 7294//185 7365//170
f 7294//185 7295//1386 7365//170
f 7365//170 7295//1386 7366//171
f 7295//1386 7296//185 7366//171
f 7366//171 7296//185 7367//603
f 7296//185 7297//1386 7367//603
f 7367//603 7297//1386 7368//94
f 7297//1386 7298//185 7368//94
f 7368//94 7298//185 7369//170
f 7298//185 7299//186 7369//170
f 7369//170 7299//186 7370//171
f 7299//186 7300//58 7370//171
f 7370//171 7300//58 7371//58
f 7300//58 7301//58 7371//58
f 7371//58 7301//58 7372//58
f 7301//58 7302//58 7372//58
f 7372//58 7302//58 7373//58
f 7302//58 7303//170 7373//58
f 7373//58 7303//170 7374//58
f 7303//170 7304//171 7375//200
f 7303//170 7375//200 7374//58
f 7304//171 7305//58 7376//200
f 7304//171 7376//200 7375//200
f 7305//58 7306//58 7376//200
f 7376//200 7306//58 7377//58
f 7306//58 7307//94 7377//58
f 7377//58 7307//94 7378//170
f 7307//94 7308//94 7378//170
f 7378//170 7308//94 7379//171
f 7308//94 7309//58 7379//171
f 7379//171 7309//58 7380//58
f 7309//58 7310//58 7380//58
f 7380//58 7310//58 7381//58
f 7310//58 7311//58 7381//58
f 7381//58 7311//58 7382//58
f 7311//58 7312//58 7382//58
f 7382//58 7312//58 7383//58
f 7312//58 7313//58 7383//58
f 7383//58 7313//58 7384//58
f 7313//58 7314//58 7384//58
f 7384//58 7314//58 7385//58
f 7314//58 7315//58 7385//58
f 7385//58 7315//58 7386//58
f 7315//58 7316//58 7386//58
f 7386//58 7316//58 7387//58
f 7316//58 7317//58 7387//58
f 7387//58 7317//58 7388//58
f 7317//58 7318//58 7388//58
f 7388//58 7318//58 7389//58
f 7318//58 7319//127 7389//58
f 7389//58 7319//127 7390//58
f 7319//127 7320//313 7390//58
f 7390//58 7320//313 7391//58
f 7320//313 7321//212 7392//212
f 7320//313 7392//212 7391//58
f 7321//212 7322//58 7393//313
f 7321//212 7393//313 7392//212
f 7322//58 7323//58 7393//313
f 7393//313 7323//58 7394//127
f 7323//58 7324//127 7394//127
f 7394//127 7324//127 7395//58
f 7324//127 7325//39 7395//58
f 7395//58 7325//39 7396//58
f 7325//39 7326//291 7396//58
f 7396//58 7326//291 7397//74
f 7326//291 7327//61 7397//74
f 7397//74 7327//61 7398//75
f 7327//61 7328//73 7398//75
f 7398//75 7328//73 7399//58
f 7328//73 7329//60 7399//58
f 7399//58 7329//60 7400//58
f 7329//60 7330//75 7401//211
f 7329//60 7401//211 7400//58
f 7330//75 7331//58 7402//313
f 7330//75 7402//313 7401//211
f 7331//58 7332//58 7402//313
f 7402//313 7332//58 7403//113
f 7332//58 7333//58 7403//113
f 7403//113 7333//58 7404//58
f 7333//58 7334//58 7404//58
f 7404//58 7334//58 7405//58
f 7334//58 7335//211 7405//58
f 7405//58 7335//211 7406//58
f 7335//211 7336//211 7407//259
f 7335//211 7407//259 7406//58
f 7336//211 7337//76 7408//470
f 7336//211 7408//470 7407//259
f 7337//76 7338//1206 7408//470
f 7408//470 7338//1206 7409//75
f 7338//1206 7339//317 7409//75
f 7409//75 7339//317 7410//172
f 7339//317 7340//260 7410//172
f 7410//172 7340//260 7411//77
f 7340//260 7341//60 7411//77
f 7411//77 7341//60 7412//58
f 7341//60 7342//75 7413//59
f 7341//60 7413//59 7412//58
f 7342//75 7343//492 7414//357
f 7342//75 7414//357 7413//59
f 7343//492 7344//77 7414//357
f 7414//357 7344//77 7415//77
f 7344//77 7345//76 7415//77
f 7415//77 7345//76 7416//74
f 7345//76 7346//77 7416//74
f 7416//74 7346//77 7417//75
f 7346//77 7347//74 7417//75
f 7417//75 7347//74 7418//58
f 7347//74 7348//1006 7419//259
f 7347//74 7419//259 7418//58
f 7348//1006 7349//1006 7420//470
f 7348//1006 7420//470 7419//259
f 7349//1006 7350//1387 7420//470
f 7420//470 7350//1387 7421//934
f 7350//1387 7351//1388 7422//1395
f 7350//1387 7422//1395 7421//934
f 7351//1388 7352//1389 7422//1395
f 7422//1395 7352//1389 7423//1396
f 7353//1391 7354//1390 7425//1397
f 7353//1391 7425//1397 7424//1398
f 7354//1390 7355//1392 7426//1399
f 7354//1390 7426//1399 7425//1397
f 7355//1392 7356//1393 7427//209
f 7355//1392 7427//209 7426//1399
f 7356//1393 7357//1394 7428//782
f 7356//1393 7428//782 7427//209
f 7357//1394 7358//1034 7428//782
f 7428//782 7358//1034 7429//1400
f 7358//1034 7359//664 7429//1400
f 7429//1400 7359//664 7430//665
f 7359//664 7360//612 7430//665
f 7430//665 7360//612 7431//665
f 7360//612 7361//664 7431//665
f 7431//665 7361//664 7432//680
f 7361//664 7362//171 7433//680
f 7361//664 7433//680 7432//680
f 7362//171 7363//603 7434//943
f 7362//171 7434//943 7433//680
f 7363//603 7364//94 7434//943
f 7434//943 7364//94 7435//171
f 7364//94 7365//170 7435//171
f 7435//171 7365//170 7436//58
f 7365//170 7366//171 7437//185
f 7365//170 7437//185 7436//58
f 7366//171 7367//603 7438//943
f 7366//171 7438//943 7437//185
f 7367//603 7368//94 7438//943
f 7438//943 7368//94 7439//171
f 7368//94 7369//170 7439//171
f 7439//171 7369//170 7440//58
f 7369//170 7370//171 7441//200
f 7369//170 7441//200 7440//58
f 7370//171 7371//58 7442//200
f 7370//171 7442//200 7441//200
f 7371//58 7372//58 7442//200
f 7442//200 7372//58 7443//58
f 7372//58 7373//58 7443//58
f 7443//58 7373//58 7444//58
f 7373//58 7374//58 7444//58
f 7444//58 7374//58 7445//58
f 7374//58 7375//200 7445//58
f 7445//58 7375//200 7446//58
f 7375//200 7376//200 7447//185
f 7375//200 7447//185 7446//58
f 7376//200 7377//58 7448//186
f 7376//200 7448//186 7447//185
f 7377//58 7378//170 7448//186
f 7448//186 7378//170 7449//58
f 7378//170 7379//171 7450//1401
f 7378//170 7450//1401 7449//58
f 7379//171 7380//58 7451//654
f 7379//171 7451//654 7450//1401
f 7380//58 7381//58 7451//654
f 7451//654 7381//58 7452//58
f 7381//58 7382//58 7452//58
f 7452//58 7382//58 7453//58
f 7382//58 7383//58 7453//58
f 7453//58 7383//58 7454//58
f 7383//58 7384//58 7454//58
f 7454//58 7384//58 7455//58
f 7384//58 7385//58 7455//58
f 7455//58 7385//58 7456//58
f 7385//58 7386//58 7456//58
f 7456//58 7386//58 7457//58
f 7386//58 7387//58 7457//58
f 7457//58 7387//58 7458//58
f 7387//58 7388//58 7458//58
f 7458//58 7388//58 7459//58
f 7388//58 7389//58 7459//58
f 7459//58 7389//58 7460//58
f 7389//58 7390//58 7460//58
f 7460//58 7390//58 7461//58
f 7390//58 7391//58 7461//58
f 7461//58 7391//58 7462//58
f 7391//58 7392//212 7462//58
f 7462//58 7392//212 7463//58
f 7392//212 7393//313 7464//127
f 7392//212 7464//127 7463//58
f 7393//313 7394//127 7464//127
f 7464//127 7394//127 7465//313
f 7394//127 7395//58 7466//313
f 7394//127 7466//313 7465//313
f 7395//58 7396//58 7466//313
f 7466//313 7396//58 7467//292
f 7396//58 7397//74 7467//292
f 7467//292 7397//74 7468//58
f 7397//74 7398//75 7469//211
f 7397//74 7469//211 7468//58
f 7398//75 7399//58 7470//211
f 7398//75 7470//211 7469//211
f 7399//58 7400//58 7470//211
f 7470//211 7400//58 7471//58
f 7400//58 7401//211 7471//58
f 7471//58 7401//211 7472//58
f 7401//211 7402//313 7473//292
f 7401//211 7473//292 7472//58
f 7402//313 7403//113 7473//292
f 7473//292 7403//113 7474//313
f 7403//113 7404//58 7475//211
f 7403//113 7475//211 7474//313
f 7404//58 7405//58 7475//211
f 7475//211 7405//58 7476//58
f 7405//58 7406//58 7476//58
f 7476//58 7406//58 7477//58
f 7406//58 7407//259 7477//58
f 7477//58 7407//259 7478//76
f 7407//259 7408//470 7478//76
f 7478//76 7408//470 7479//172
f 7408//470 7409//75 7480//59
f 7408//470 7480//59 7479//172
f 7409//75 7410//172 7481//470
f 7409//75 7481//470 7480//59
f 7410//172 7411//77 7481//470
f 7481//470 7411//77 7482//291
f 7411//77 7412//58 7482//291
f 7482//291 7412//58 7483//39
f 7412//58 7413//59 7483//39
f 7483//39 7413//59 7484//1402
f 7413//59 7414//357 7484//1402
f 7484//1402 7414//357 7485//945
f 7414//357 7415//77 7485//945
f 7485//945 7415//77 7486//1004
f 7415//77 7416//74 7486//1004
f 7486//1004 7416//74 7487//1005
f 7416//74 7417//75 7488//934
f 7416//74 7488//934 7487//1005
f 7417//75 7418//58 7489//211
f 7417//75 7489//211 7488//934
f 7418//58 7419//259 7489//211
f 7489//211 7419//259 7490//61
f 7419//259 7420//470 7490//61
f 7490//61 7420//470 7491//1006
f 7420//470 7421//934 7492//1047
f 7420//470 7492//1047 7491//1006
f 7421//934 7422//1395 7492//1047
f 7492//1047 7422//1395 7493//1403
f 7422//1395 7423//1396 7494//1404
f 7422//1395 7494//1404 7493//1403
f 7424//1398 7425//1397 7496//1405
f 7424//1398 7496//1405 7495//1406
f 7425//1397 7426//1399 7497//365
f 7425//1397 7497//365 7496//1405
f 7426//1399 7427//209 7497//365
f 7497//365 7427//209 7498//168
f 7427//209 7428//782 7498//168
f 7498//168 7428//782 7499//940
f 7428//782 7429//1400 7500//1407
f 7428//782 7500//1407 7499//940
f 7429//1400 7430//665 7501//665
f 7429//1400 7501//665 7500//1407
f 7430//665 7431//665 7502//665
f 7430//665 7502//665 7501//665
f 7431//665 7432//680 7503//665
f 7431//665 7503//665 7502//665
f 7432//680 7433//680 7504//769
f 7432//680 7504//769 7503//665
f 7433//680 7434//943 7504//769
f 7504//769 7434//943 7505//603
f 7434//943 7435//171 7506//185
f 7434//943 7506//185 7505//603
f 7435//171 7436//58 7507//186
f 7435//171 7507//186 7506//185
f 7436//58 7437//185 7507//186
f 7507//186 7437//185 7508//94
f 7437//185 7438//943 7508//94
f 7508//94 7438//943 7509//603
f 7438//943 7439//171 7510//185
f 7438//943 7510//185 7509//603
f 7439//171 7440//58 7511//186
f 7439//171 7511//186 7510//185
f 7440//58 7441//200 7511//186
f 7511//186 7441//200 7512//58
f 7441//200 7442//200 7513//185
f 7441//200 7513//185 7512//58
f 7442//200 7443//58 7514//1408
f 7442//200 7514//1408 7513//185
f 7443//58 7444//58 7514//1408
f 7514//1408 7444//58 7515//58
f 7444//58 7445//58 7515//58
f 7515//58 7445//58 7516//58
f 7445//58 7446//58 7516//58
f 7516//58 7446//58 7517//58
f 7446//58 7447//185 7517//58
f 7517//58 7447//185 7518//94
f 7447//185 7448//186 7518//94
f 7518//94 7448//186 7519//94
f 7448//186 7449//58 7519//94
f 7519//94 7449//58 7520//1409
f 7449//58 7450//1401 7520//1409
f 7520//1409 7450//1401 7521//542
f 7450//1401 7451//654 7521//542
f 7521//542 7451//654 7522//58
f 7451//654 7452//58 7522//58
f 7522//58 7452//58 7523//58
f 7452//58 7453//58 7523//58
f 7523//58 7453//58 7524//58
f 7453//58 7454//58 7524//58
f 7524//58 7454//58 7525//58
f 7454//58 7455//58 7525//58
f 7525//58 7455//58 7526//58
f 7455//58 7456//58 7526//58
f 7526//58 7456//58 7527//58
f 7456//58 7457//58 7527//58
f 7527//58 7457//58 7528//58
f 7457//58 7458//58 7528//58
f 7528//58 7458//58 7529//58
f 7458//58 7459//58 7529//58
f 7529//58 7459//58 7530//58
f 7459//58 7460//58 7530//58
f 7530//58 7460//58 7531//58
f 7460//58 7461//58 7531//58
f 7531//58 7461//58 7532//58
f 7461//58 7462//58 7532//58
f 7532//58 7462//58 7533//58
f 7462//58 7463//58 7533//58
f 7533//58 7463//58 7534//58
f 7463//58 7464//127 7534//58
f 7534//58 7464//127 7535//58
f 7464//127 7465//313 7535//58
f 7535//58 7465//313 7536//58
f 7465//313 7466//313 7537//292
f 7465//313 7537//292 7536//58
f 7466//313 7467//292 7537//292
f 7537//292 7467//292 7538//128
f 7467//292 7468//58 7539//60
f 7467//292 7539//60 7538//128
f 7468//58 7469//211 7539//60
f 7539//60 7469//211 7540//58
f 7469//211 7470//211 7541//212
f 7469//211 7541//212 7540//58
f 7470//211 7471//58 7542//313
f 7470//211 7542//313 7541//212
f 7471//58 7472//58 7542//313
f 7542//313 7472//58 7543//113
f 7472//58 7473//292 7543//113
f 7543//113 7473//292 7544//58
f 7473//292 7474//313 7544//58
f 7544//58 7474//313 7545//58
f 7474//313 7475//211 7546//211
f 7474//313 7546//211 7545//58
f 7475//211 7476//58 7547//211
f 7475//211 7547//211 7546//211
f 7476//58 7477//58 7547//211
f 7547//211 7477//58 7548//58
f 7477//58 7478//76 7548//58
f 7548//58 7478//76 7549//74
f 7478//76 7479//172 7549//74
f 7549//74 7479//172 7550//75
f 7479//172 7480//59 7550//75
f 7550//75 7480//59 7551//61
f 7480//59 7481//470 7551//61
f 7551//61 7481//470 7552//1006
f 7481//470 7482//291 7553//1047
f 7481//470 7553//1047 7552//1006
f 7482//291 7483//39 7553//1047
f 7553//1047 7483//39 7554//39
f 7483//39 7484//1402 7554//39
f 7554//39 7484//1402 7555//291
f 7484//1402 7485//945 7556//945
f 7484//1402 7556//945 7555//291
f 7485//945 7486//1004 7557//1402
f 7485//945 7557//1402 7556//945
f 7486//1004 7487//1005 7557//1402
f 7557//1402 7487//1005 7558//313
f 7487//1005 7488//934 7559//934
f 7487//1005 7559//934 7558//313
f 7488//934 7489//211 7560//934
f 7488//934 7560//934 7559//934
f 7489//211 7490//61 7561//1114
f 7489//211 7561//1114 7560//934
f 7490//61 7491//1006 7562//934
f 7490//61 7562//934 7561//1114
f 7491//1006 7492//1047 7563//211
f 7491//1006 7563//211 7562//934
f 7492//1047 7493//1403 7563//211
f 7563//211 7493//1403 7564//574
f 7493//1403 7494//1404 7565//1410
f 7493//1403 7565//1410 7564//574
f 7494//1404 7566//1411 7565//1410
f 7495//1406 7496//1405 7568//1412
f 7495//1406 7568//1412 7567//1413
f 7496//1405 7497//365 7569//1414
f 7496//1405 7569//1414 7568//1412
f 7497//365 7498//168 7570//1415
f 7497//365 7570//1415 7569//1414
f 7498//168 7499//940 7570//1415
f 7570//1415 7499//940 7571//767
f 7499//940 7500//1407 7571//767
f 7571//767 7500//1407 7572//819
f 7500//1407 7501//665 7572//819
f 7572//819 7501//665 7573//664
f 7501//665 7502//665 7573//664
f 7573//664 7502//665 7574//665
f 7502//665 7503//665 7574//665
f 7574//665 7503//665 7575//665
f 7503//665 7504//769 7575//665
f 7575//665 7504//769 7576//1169
f 7504//769 7505//603 7576//1169
f 7576//1169 7505//603 7577//171
f 7505//603 7506//185 7577//171
f 7577//171 7506//185 7578//720
f 7506//185 7507//186 7578//720
f 7578//720 7507//186 7579//94
f 7507//186 7508//94 7579//94
f 7579//94 7508//94 7580//94
f 7508//94 7509//603 7580//94
f 7580//94 7509//603 7581//94
f 7509//603 7510//185 7581//94
f 7581//94 7510//185 7582//94
f 7510//185 7511//186 7582//94
f 7582//94 7511//186 7583//94
f 7511//186 7512//58 7583//94
f 7583//94 7512//58 7584//58
f 7512//58 7513//185 7584//58
f 7584//58 7513//185 7585//775
f 7513//185 7514//1408 7585//775
f 7585//775 7514//1408 7586//171
f 7514//1408 7515//58 7586//171
f 7586//171 7515//58 7587//58
f 7515//58 7516//58 7587//58
f 7587//58 7516//58 7588//58
f 7516//58 7517//58 7588//58
f 7588//58 7517//58 7589//58
f 7517//58 7518//94 7589//58
f 7589//58 7518//94 7590//94
f 7518//94 7519//94 7590//94
f 7590//94 7519//94 7591//94
f 7519//94 7520//1409 7591//94
f 7591//94 7520//1409 7592//125
f 7520//1409 7521//542 7592//125
f 7592//125 7521//542 7593//572
f 7521//542 7522//58 7593//572
f 7593//572 7522//58 7594//58
f 7522//58 7523//58 7594//58
f 7594//58 7523//58 7595//58
f 7523//58 7524//58 7595//58
f 7595//58 7524//58 7596//58
f 7524//58 7525//58 7596//58
f 7596//58 7525//58 7597//58
f 7525//58 7526//58 7597//58
f 7597//58 7526//58 7598//58
f 7526//58 7527//58 7598//58
f 7598//58 7527//58 7599//58
f 7527//58 7528//58 7599//58
f 7599//58 7528//58 7600//366
f 7528//58 7529//58 7600//366
f 7600//366 7529//58 7601//292
f 7529//58 7530//58 7601//292
f 7601//292 7530//58 7602//58
f 7530//58 7531//58 7602//58
f 7602//58 7531//58 7603//58
f 7531//58 7532//58 7603//58
f 7603//58 7532//58 7604//58
f 7532//58 7533//58 7604//58
f 7604//58 7533//58 7605//58
f 7533//58 7534//58 7605//58
f 7605//58 7534//58 7606//58
f 7534//58 7535//58 7606//58
f 7606//58 7535//58 7607//58
f 7535//58 7536//58 7607//58
f 7607//58 7536//58 7608//58
f 7536//58 7537//292 7608//58
f 7608//58 7537//292 7609//58
f 7537//292 7538//128 7609//58
f 7609//58 7538//128 7610//60
f 7538//128 7539//60 7610//60
f 7610//60 7539//60 7611//128
f 7539//60 7540//58 7611//128
f 7611//128 7540//58 7612//127
f 7540//58 7541//212 7612//127
f 7612//127 7541//212 7613//58
f 7541//212 7542//313 7614//292
f 7541//212 7614//292 7613//58
f 7542//313 7543//113 7614//292
f 7614//292 7543//113 7615//313
f 7543//113 7544//58 7616//313
f 7543//113 7616//313 7615//313
f 7544//58 7545//58 7616//313
f 7616//313 7545//58 7617//113
f 7545//58 7546//211 7617//113
f 7617//113 7546//211 7618//58
f 7546//211 7547//211 7619//211
f 7546//211 7619//211 7618//58
f 7547//211 7548//58 7620//211
f 7547//211 7620//211 7619//211
f 7548//58 7549//74 7620//211
f 7620//211 7549//74 7621//58
f 7549//74 7550//75 7622//212
f 7549//74 7622//212 7621//58
f 7550//75 7551//61 7623//934
f 7550//75 7623//934 7622//212
f 7551//61 7552//1006 7624//1064
f 7551//61 7624//1064 7623//934
f 7552//1006 7553//1047 7625//313
f 7552//1006 7625//313 7624//1064
f 7553//1047 7554//39 7625//313
f 7625//313 7554//39 7626//292
f 7554//39 7555//291 7626//292
f 7626//292 7555//291 7627//61
f 7555//291 7556//945 7627//61
f 7627//61 7556//945 7628//945
f 7556//945 7557//1402 7628//945
f 7628//945 7557//1402 7629//75
f 7557//1402 7558//313 7629//75
f 7629//75 7558//313 7630//58
f 7558//313 7559//934 7631//211
f 7558//313 7631//211 7630//58
f 7559//934 7560//934 7632//934
f 7559//934 7632//934 7631//211
f 7560//934 7561//1114 7633//1114
f 7560//934 7633//1114 7632//934
f 7561//1114 7562//934 7634//1114
f 7561//1114 7634//1114 7633//1114
f 7562//934 7563//211 7635//1151
f 7562//934 7635//1151 7634//1114
f 7563//211 7564//574 7636//1416
f 7563//211 7636//1416 7635//1151
f 7564//574 7565//1410 7636//1416
f 7636//1416 7565//1410 7637//1417
f 7565//1410 7566//1411 7637//1417
f 7637//1417 7566//1411 7638//1418
f 7567//1413 7568//1412 7639//1419
f 7568//1412 7569//1414 7640//1420
f 7568//1412 7640//1420 7639//1419
f 7569//1414 7570//1415 7641//342
f 7569//1414 7641//342 7640//1420
f 7570//1415 7571//767 7642//774
f 7570//1415 7642//774 7641//342
f 7571//767 7572//819 7642//774
f 7642//774 7572//819 7643//1421
f 7572//819 7573//664 7643//1421
f 7643//1421 7573//664 7644//680
f 7573//664 7574//665 7645//1374
f 7573//664 7645//1374 7644//680
f 7574//665 7575//665 7646//665
f 7574//665 7646//665 7645//1374
f 7575//665 7576//1169 7647//665
f 7575//665 7647//665 7646//665
f 7576//1169 7577//171 7648//665
f 7576//1169 7648//665 7647//665
f 7577//171 7578//720 7649//943
f 7577//171 7649//943 7648//665
f 7578//720 7579//94 7649//943
f 7649//943 7579//94 7650//171
f 7579//94 7580//94 7650//171
f 7650//171 7580//94 7651//1306
f 7580//94 7581//94 7651//1306
f 7651//1306 7581//94 7652//171
f 7581//94 7582//94 7652//171
f 7652//171 7582//94 7653//603
f 7582//94 7583//94 7653//603
f 7653//603 7583//94 7654//94
f 7583//94 7584//58 7654//94
f 7654//94 7584//58 7655//58
f 7584//58 7585//775 7655//58
f 7655//58 7585//775 7656//58
f 7585//775 7586//171 7657//185
f 7585//775 7657//185 7656//58
f 7586//171 7587//58 7658//186
f 7586//171 7658//186 7657//185
f 7587//58 7588//58 7658//186
f 7658//186 7588//58 7659//58
f 7588//58 7589//58 7659//58
f 7659//58 7589//58 7660//58
f 7589//58 7590//94 7660//58
f 7660//58 7590//94 7661//109
f 7590//94 7591//94 7661//109
f 7661//109 7591//94 7662//1422
f 7591//94 7592//125 7662//1422
f 7662//1422 7592//125 7663//587
f 7592//125 7593//572 7663//587
f 7663//587 7593//572 7664//58
f 7593//572 7594//58 7664//58
f 7664//58 7594//58 7665//58
f 7594//58 7595//58 7665//58
f 7665//58 7595//58 7666//58
f 7595//58 7596//58 7666//58
f 7666//58 7596//58 7667//58
f 7596//58 7597//58 7667//58
f 7667//58 7597//58 7668//589
f 7597//58 7598//58 7668//589
f 7668//589 7598//58 7669//58
f 7598//58 7599//58 7669//58
f 7669//58 7599//58 7670//406
f 7599//58 7600//366 7670//406
f 7670//406 7600//366 7671//1093
f 7600//366 7601//292 7671//1093
f 7671//1093 7601//292 7672//291
f 7601//292 7602//58 7673//60
f 7601//292 7673//60 7672//291
f 7602//58 7603//58 7673//60
f 7673//60 7603//58 7674//58
f 7603//58 7604//58 7674//58
f 7674//58 7604//58 7675//58
f 7604//58 7605//58 7675//58
f 7675//58 7605//58 7676//58
f 7605//58 7606//58 7676//58
f 7676//58 7606//58 7677//58
f 7606//58 7607//58 7677//58
f 7677//58 7607//58 7678//58
f 7607//58 7608//58 7678//58
f 7678//58 7608//58 7679//58
f 7608//58 7609//58 7679//58
f 7679//58 7609//58 7680//58
f 7609//58 7610//60 7680//58
f 7680//58 7610//60 7681//58
f 7610//60 7611//128 7682//127
f 7610//60 7682//127 7681//58
f 7611//128 7612//127 7682//127
f 7682//127 7612//127 7683//317
f 7612//127 7613//58 7684//97
f 7612//127 7684//97 7683//317
f 7613//58 7614//292 7684//97
f 7684//97 7614//292 7685//58
f 7614//292 7615//313 7685//58
f 7685//58 7615//313 7686//58
f 7615//313 7616//313 7687//292
f 7615//313 7687//292 7686//58
f 7616//313 7617//113 7687//292
f 7687//292 7617//113 7688//317
f 7617//113 7618//58 7689//97
f 7617//113 7689//97 7688//317
f 7618//58 7619//211 7689//97
f 7689//97 7619//211 7690//58
f 7619//211 7620//211 7691//211
f 7619//211 7691//211 7690//58
f 7620//211 7621//58 7692//211
f 7620//211 7692//211 7691//211
f 7621//58 7622//212 7692//211
f 7692//211 7622//212 7693//58
f 7622//212 7623//934 7694//211
f 7622//212 7694//211 7693//58
f 7623//934 7624//1064 7695//934
f 7623//934 7695//934 7694//211
f 7624//1064 7625//313 7696//1047
f 7624//1064 7696//1047 7695//934
f 7625//313 7626//292 7696//1047
f 7696//1047 7626//292 7697//313
f 7626//292 7627//61 7698//934
f 7626//292 7698//934 7697//313
f 7627//61 7628//945 7699//1064
f 7627//61 7699//1064 7698//934
f 7628//945 7629//75 7700//1106
f 7628//945 7700//1106 7699//1064
f 7629//75 7630//58 7701//313
f 7629//75 7701//313 7700//1106
f 7630//58 7631//211 7701//313
f 7701//313 7631//211 7702//1047
f 7631//211 7632//934 7703//934
f 7631//211 7703//934 7702//1047
f 7632//934 7633//1114 7704//934
f 7632//934 7704//934 7703//934
f 7633//1114 7634//1114 7705//1064
f 7633//1114 7705//1064 7704//934
f 7634//1114 7635//1151 7706//316
f 7634//1114 7706//316 7705//1064
f 7635//1151 7636//1416 7706//316
f 7706//316 7636//1416 7707//1423
f 7636//1416 7637//1417 7708//1424
f 7636//1416 7708//1424 7707//1423
f 7637//1417 7638//1418 7709//1425
f 7637//1417 7709//1425 7708//1424
f 7639//1419 7640//1420 7710//1426
f 7640//1420 7641//342 7711//1427
f 7640//1420 7711//1427 7710//1426
f 7641//342 7642//774 7712//1428
f 7641//342 7712//1428 7711//1427
f 7642//774 7643//1421 7713//1429
f 7642//774 7713//1429 7712//1428
f 7643//1421 7644//680 7714//1430
f 7643//1421 7714//1430 7713//1429
f 7644//680 7645//1374 7715//586
f 7644//680 7715//586 7714//1430
f 7645//1374 7646//665 7715//586
f 7715//586 7646//665 7716//613
f 7646//665 7647//665 7716//613
f 7716//613 7647//665 7717//665
f 7647//665 7648//665 7717//665
f 7717//665 7648//665 7718//665
f 7648//665 7649//943 7718//665
f 7718//665 7649//943 7719//680
f 7649//943 7650//171 7720//862
f 7649//943 7720//862 7719//680
f 7650//171 7651//1306 7721//1170
f 7650//171 7721//1170 7720//862
f 7651//1306 7652//171 7722//680
f 7651//1306 7722//680 7721//1170
f 7652//171 7653//603 7723//943
f 7652//171 7723//943 7722//680
f 7653//603 7654//94 7723//943
f 7723//943 7654//94 7724//171
f 7654//94 7655//58 7724//171
f 7724//171 7655//58 7725//58
f 7655//58 7656//58 7725//58
f 7725//58 7656//58 7726//58
f 7656//58 7657//185 7726//58
f 7726//58 7657//185 7727//94
f 7657//185 7658//186 7727//94
f 7727//94 7658//186 7728//558
f 7658//186 7659//58 7728//558
f 7728//558 7659//58 7729//58
f 7659//58 7660//58 7729//58
f 7729//58 7660//58 7730//110
f 7660//58 7661//109 7730//110
f 7730//110 7661//109 7731//125
f 7661//109 7662//1422 7731//125
f 7731//125 7662//1422 7732//58
f 7662//1422 7663//587 7733//185
f 7662//1422 7733//185 7732//58
f 7663//587 7664//58 7734//186
f 7663//587 7734//186 7733//185
f 7664//58 7665//58 7734//186
f 7734//186 7665//58 7735//58
f 7665//58 7666//58 7735//58
f 7735//58 7666//58 7736//58
f 7666//58 7667//58 7736//58
f 7736//58 7667//58 7737//654
f 7667//58 7668//589 7737//654
f 7737//654 7668//589 7738//58
f 7668//589 7669//58 7739//58
f 7668//589 7739//58 7738//58
f 7669//58 7670//406 7739//58
f 7739//58 7670//406 7740//667
f 7670//406 7671//1093 7740//667
f 7740//667 7671//1093 7741//58
f 7671//1093 7672//291 7741//58
f 7741//58 7672//291 7742//60
f 7672//291 7673//60 7742//60
f 7742//60 7673//60 7743//317
f 7673//60 7674//58 7743//317
f 7743//317 7674//58 7744//39
f 7674//58 7675//58 7744//39
f 7744//39 7675//58 7745//113
f 7675//58 7676//58 7745//113
f 7745//113 7676//58 7746//58
f 7676//58 7677//58 7746//58
f 7746//58 7677//58 7747//58
f 7677//58 7678//58 7747//58
f 7747//58 7678//58 7748//58
f 7678//58 7679//58 7748//58
f 7748//58 7679//58 7749//58
f 7679//58 7680//58 7749//58
f 7749//58 7680//58 7750//58
f 7680//58 7681//58 7750//58
f 7750//58 7681//58 7751//58
f 7681//58 7682//127 7751//58
f 7751//58 7682//127 7752//58
f 7682//127 7683//317 7752//58
f 7752//58 7683//317 7753//74
f 7683//317 7684//97 7753//74
f 7753//74 7684//97 7754//75
f 7684//97 7685//58 7754//75
f 7754//75 7685//58 7755//58
f 7685//58 7686//58 7755//58
f 7755//58 7686//58 7756//58
f 7686//58 7687//292 7756//58
f 7756//58 7687//292 7757//58
f 7687//292 7688//317 7757//58
f 7757//58 7688//317 7758//74
f 7688//317 7689//97 7758//74
f 7758//74 7689//97 7759//75
f 7689//97 7690//58 7759//75
f 7759//75 7690//58 7760//58
f 7690//58 7691//211 7760//58
f 7760//58 7691//211 7761//58
f 7691//211 7692//211 7762//59
f 7691//211 7762//59 7761//58
f 7692//211 7693//58 7763//74
f 7692//211 7763//74 7762//59
f 7693//58 7694//211 7763//74
f 7763//74 7694//211 7764//58
f 7694//211 7695//934 7765//211
f 7694//211 7765//211 7764//58
f 7695//934 7696//1047 7766//211
f 7695//934 7766//211 7765//211
f 7696//1047 7697//313 7766//211
f 7766//211 7697//313 7767//58
f 7697//313 7698//934 7768//59
f 7697//313 7768//59 7767//58
f 7698//934 7699//1064 7769//61
f 7698//934 7769//61 7768//59
f 7699//1064 7700//1106 7770//59
f 7699//1064 7770//59 7769//61
f 7700//1106 7701//313 7771//1402
f 7700//1106 7771//1402 7770//59
f 7701//313 7702//1047 7771//1402
f 7771//1402 7702//1047 7772//291
f 7702//1047 7703//934 7773//61
f 7702//1047 7773//61 7772//291
f 7703//934 7704//934 7774//59
f 7703//934 7774//59 7773//61
f 7704//934 7705//1064 7775//61
f 7704//934 7775//61 7774//59
f 7705//1064 7706//316 7776//432
f 7705//1064 7776//432 7775//61
f 7706//316 7707//1423 7777//1318
f 7706//316 7777//1318 7776//432
f 7707//1423 7708//1424 7778//945
f 7707//1423 7778//945 7777//1318
f 7708//1424 7709//1425 7779//1431
f 7708//1424 7779//1431 7778//945
f 7709//1425 7780//1432 7779//1431
f 7710//1426 7711//1427 7781//1433
f 7781//1433 7711//1427 7782//1434
f 7711//1427 7712//1428 7782//1434
f 7782//1434 7712//1428 7783//1435
f 7712//1428 7713//1429 7784//1436
f 7712//1428 7784//1436 7783//1435
f 7713//1429 7714//1430 7784//1436
f 7784//1436 7714//1430 7785//1437
f 7714//1430 7715//586 7785//1437
f 7785//1437 7715//586 7786//1306
f 7715//586 7716//613 7786//1306
f 7786//1306 7716//613 7787//680
f 7716//613 7717//665 7788//680
f 7716//613 7788//680 7787//680
f 7717//665 7718//665 7789//665
f 7717//665 7789//665 7788//680
f 7718//665 7719//680 7790//665
f 7718//665 7790//665 7789//665
f 7719//680 7720//862 7791//1338
f 7719//680 7791//1338 7790//665
f 7720//862 7721//1170 7792//185
f 7720//862 7792//185 7791//1338
f 7721//1170 7722//680 7793//943
f 7721//1170 7793//943 7792//185
f 7722//680 7723//943 7793//943
f 7793//943 7723//943 7794//680
f 7723//943 7724//171 7795//680
f 7723//943 7795//680 7794//680
f 7724//171 7725//58 7796//186
f 7724//171 7796//186 7795//680
f 7725//58 7726//58 7796//186
f 7796//186 7726//58 7797//58
f 7726//58 7727//94 7797//58
f 7797//58 7727//94 7798//170
f 7727//94 7728//558 7798//170
f 7798//170 7728//558 7799//171
f 7728//558 7729//58 7799//171
f 7799//171 7729//58 7800//58
f 7729//58 7730//110 7800//58
f 7800//58 7730//110 7801//94
f 7730//110 7731//125 7801//94
f 7801//94 7731//125 7802//94
f 7731//125 7732//58 7802//94
f 7802//94 7732//58 7803//58
f 7732//58 7733//185 7803//58
f 7803//58 7733//185 7804//94
f 7733//185 7734//186 7804//94
f 7804//94 7734//186 7805//94
f 7734//186 7735//58 7805//94
f 7805//94 7735//58 7806//58
f 7735//58 7736//58 7806//58
f 7806//58 7736//58 7807//58
f 7736//58 7737//654 7807//58
f 7807//58 7737//654 7808//58
f 7737//654 7738//58 7809//493
f 7737//654 7809//493 7808//58
f 7738//58 7739//58 7809//493
f 7809//493 7739//58 7810//58
f 7739//58 7740//667 7811//185
f 7739//58 7811//185 7810//58
f 7740//667 7741//58 7812//186
f 7740//667 7812//186 7811//185
f 7741//58 7742//60 7812//186
f 7812//186 7742//60 7813//58
f 7742//60 7743//317 7814//127
f 7742//60 7814//127 7813//58
f 7743//317 7744//39 7814//127
f 7814//127 7744//39 7815//39
f 7744//39 7745//113 7815//39
f 7815//39 7745//113 7816//1438
f 7745//113 7746//58 7817//74
f 7745//113 7817//74 7816//1438
f 7746//58 7747//58 7817//74
f 7817//74 7747//58 7818//58
f 7747//58 7748//58 7818//58
f 7818//58 7748//58 7819//58
f 7748//58 7749//58 7819//58
f 7819//58 7749//58 7820//58
f 7749//58 7750//58 7820//58
f 7820//58 7750//58 7821//58
f 7750//58 7751//58 7821//58
f 7821//58 7751//58 7822//58
f 7751//58 7752//58 7822//58
f 7822//58 7752//58 7823//58
f 7752//58 7753//74 7823//58
f 7823//58 7753//74 7824//58
f 7753//74 7754//75 7825//259
f 7753//74 7825//259 7824//58
f 7754//75 7755//58 7826//97
f 7754//75 7826//97 7825//259
f 7755//58 7756//58 7826//97
f 7826//97 7756//58 7827//58
f 7756//58 7757//58 7827//58
f 7827//58 7757//58 7828//58
f 7757//58 7758//74 7828//58
f 7828//58 7758//74 7829//58
f 7758//74 7759//75 7830//211
f 7758//74 7830//211 7829//58
f 7759//75 7760//58 7831//211
f 7759//75 7831//211 7830//211
f 7760//58 7761//58 7831//211
f 7831//211 7761//58 7832//58
f 7761//58 7762//59 7832//58
f 7832//58 7762//59 7833//74
f 7762//59 7763//74 7833//74
f 7833//74 7763//74 7834//909
f 7763//74 7764//58 7834//909
f 7834//909 7764//58 7835//58
f 7764//58 7765//211 7835//58
f 7835//58 7765//211 7836//58
f 7765//211 7766//211 7837//59
f 7765//211 7837//59 7836//58
f 7766//211 7767//58 7838//1060
f 7766//211 7838//1060 7837//59
f 7767//58 7768//59 7838//1060
f 7838//1060 7768//59 7839//74
f 7768//59 7769//61 7839//74
f 7839//74 7769//61 7840//75
f 7769//61 7770//59 7840//75
f 7840//75 7770//59 7841//61
f 7770//59 7771//1402 7841//61
f 7841//61 7771//1402 7842//75
f 7771//1402 7772//291 7842//75
f 7842//75 7772//291 7843//1340
f 7772//291 7773//61 7843//1340
f 7843//1340 7773//61 7844//259
f 7773//61 7774//59 7844//259
f 7844//259 7774//59 7845//61
f 7774//59 7775//61 7845//61
f 7845//61 7775//61 7846//944
f 7775//61 7776//432 7846//944
f 7846//944 7776//432 7847//1439
f 7776//432 7777//1318 7847//1439
f 7847//1439 7777//1318 7848//76
f 7777//1318 7778//945 7848//76
f 7848//76 7778//945 7849//360
f 7778//945 7779//1431 7849//360
f 7849//360 7779//1431 7850//1440
f 7779//1431 7780//1432 7850//1440
f 7850//1440 7780//1432 7851//1441
f 7781//1433 7782//1434 7852//1442
f 7782//1434 7783//1435 7853//1443
f 7782//1434 7853//1443 7852//1442
f 7783//1435 7784//1436 7854//1444
f 7783//1435 7854//1444 7853//1443
f 7784//1436 7785//1437 7855//1445
f 7784//1436 7855//1445 7854//1444
f 7785//1437 7786//1306 7856//862
f 7785//1437 7856//862 7855//1445
f 7786//1306 7787//680 7857//680
f 7786//1306 7857//680 7856//862
f 7787//680 7788//680 7858//664
f 7787//680 7858//664 7857//680
f 7788//680 7789//665 7858//664
f 7858//664 7789//665 7859//612
f 7789//665 7790//665 7859//612
f 7859//612 7790//665 7860//664
f 7790//665 7791//1338 7860//664
f 7860//664 7791//1338 7861//171
f 7791//1338 7792//185 7861//171
f 7861//171 7792//185 7862//1306
f 7792//185 7793//943 7862//1306
f 7862//1306 7793//943 7863//680
f 7793//943 7794//680 7864//680
f 7793//943 7864//680 7863//680
f 7794//680 7795//680 7865//943
f 7794//680 7865//943 7864//680
f 7795//680 7796//186 7865//943
f 7865//943 7796//186 7866//171
f 7796//186 7797//58 7866//171
f 7866//171 7797//58 7867//58
f 7797//58 7798//170 7867//58
f 7867//58 7798//170 7868//58
f 7798//170 7799//171 7869//185
f 7798//170 7869//185 7868//58
f 7799//171 7800//58 7870//186
f 7799//171 7870//186 7869//185
f 7800//58 7801//94 7870//186
f 7870//186 7801//94 7871//94
f 7801//94 7802//94 7871//94
f 7871//94 7802//94 7872//94
f 7802//94 7803//58 7872//94
f 7872//94 7803//58 7873//58
f 7803//58 7804//94 7873//58
f 7873//58 7804//94 7874//170
f 7804//94 7805//94 7874//170
f 7874//170 7805//94 7875//171
f 7805//94 7806//58 7875//171
f 7875//171 7806//58 7876//58
f 7806//58 7807//58 7876//58
f 7876//58 7807//58 7877//58
f 7807//58 7808//58 7877//58
f 7877//58 7808//58 7878//58
f 7808//58 7809//493 7878//58
f 7878//58 7809//493 7879//58
f 7809//493 7810//58 7879//58
f 7879//58 7810//58 7880//58
f 7810//58 7811//185 7880//58
f 7880//58 7811//185 7881//94
f 7811//185 7812//186 7881//94
f 7881//94 7812//186 7882//94
f 7812//186 7813//58 7882//94
f 7882//94 7813//58 7883//58
f 7813//58 7814//127 7883//58
f 7883//58 7814//127 7884//58
f 7814//127 7815//39 7884//58
f 7884//58 7815//39 7885//58
f 7815//39 7816//1438 7885//58
f 7885//58 7816//1438 7886//74
f 7816//1438 7817//74 7886//74
f 7886//74 7817//74 7887//75
f 7817//74 7818//58 7887//75
f 7887//75 7818//58 7888//58
f 7818//58 7819//58 7888//58
f 7888//58 7819//58 7889//58
f 7819//58 7820//58 7889//58
f 7889//58 7820//58 7890//58
f 7820//58 7821//58 7890//58
f 7890//58 7821//58 7891//58
f 7821//58 7822//58 7891//58
f 7891//58 7822//58 7892//58
f 7822//58 7823//58 7892//58
f 7892//58 7823//58 7893//58
f 7823//58 7824//58 7893//58
f 7893//58 7824//58 7894//58
f 7824//58 7825//259 7894//58
f 7894//58 7825//259 7895//74
f 7825//259 7826//97 7895//74
f 7895//74 7826//97 7896//909
f 7826//97 7827//58 7896//909
f 7896//909 7827//58 7897//58
f 7827//58 7828//58 7897//58
f 7897//58 7828//58 7898//58
f 7828//58 7829//58 7898//58
f 7898//58 7829//58 7899//58
f 7829//58 7830//211 7899//58
f 7899//58 7830//211 7900//58
f 7830//211 7831//211 7901//59
f 7830//211 7901//59 7900//58
f 7831//211 7832//58 7902//1060
f 7831//211 7902//1060 7901//59
f 7832//58 7833//74 7902//1060
f 7902//1060 7833//74 7903//58
f 7833//74 7834//909 7904//59
f 7833//74 7904//59 7903//58
f 7834//909 7835//58 7905//60
f 7834//909 7905//60 7904//59
f 7835//58 7836//58 7905//60
f 7905//60 7836//58 7906//58
f 7836//58 7837//59 7906//58
f 7906//58 7837//59 7907//74
f 7837//59 7838//1060 7907//74
f 7907//74 7838//1060 7908//75
f 7838//1060 7839//74 7908//75
f 7908//75 7839//74 7909//58
f 7839//74 7840//75 7910//211
f 7839//74 7910//211 7909//58
f 7840//75 7841//61 7911//1114
f 7840//75 7911//1114 7910//211
f 7841//61 7842//75 7912//1064
f 7841//61 7912//1064 7911//1114
f 7842//75 7843//1340 7913//934
f 7842//75 7913//934 7912//1064
f 7843//1340 7844//259 7914//1006
f 7843//1340 7914//1006 7913//934
f 7844//259 7845//61 7915//61
f 7844//259 7915//61 7914//1006
f 7845//61 7846//944 7916//1446
f 7845//61 7916//1446 7915//61
f 7846//944 7847//1439 7917//1153
f 7846//944 7917//1153 7916//1446
f 7847//1439 7848//76 7917//1153
f 7917//1153 7848//76 7918//293
f 7848//76 7849//360 7918//293
f 7918//293 7849//360 7919//360
f 7849//360 7850//1440 7919//360
f 7919//360 7850//1440 7920//1447
f 7850//1440 7851//1441 7921//1448
f 7850//1440 7921//1448 7920//1447
f 7851//1441 7922//1449 7921//1448
f 7853//1443 7854//1444 7923//1079
f 7923//1079 7854//1444 7924//1450
f 7854//1444 7855//1445 7924//1450
f 7924//1450 7855//1445 7925//1451
f 7855//1445 7856//862 7926//862
f 7855//1445 7926//862 7925//1451
f 7856//862 7857//680 7927//849
f 7856//862 7927//849 7926//862
f 7857//680 7858//664 7927//849
f 7927//849 7858//664 7928//707
f 7858//664 7859//612 7928//707
f 7928//707 7859//612 7929//612
f 7859//612 7860//664 7929//612
f 7929//612 7860//664 7930//638
f 7860//664 7861//171 7931//185
f 7860//664 7931//185 7930//638
f 7861//171 7862//1306 7932//1386
f 7861//171 7932//1386 7931//185
f 7862//1306 7863//680 7933//185
f 7862//1306 7933//185 7932//1386
f 7863//680 7864//680 7934//664
f 7863//680 7934//664 7933//185
f 7864//680 7865//943 7934//664
f 7934//664 7865//943 7935//638
f 7865//943 7866//171 7936//185
f 7865//943 7936//185 7935//638
f 7866//171 7867//58 7937//186
f 7866//171 7937//186 7936//185
f 7867//58 7868//58 7937//186
f 7937//186 7868//58 7938//58
f 7868//58 7869//185 7938//58
f 7938//58 7869//185 7939//94
f 7869//185 7870//186 7939//94
f 7939//94 7870//186 7940//94
f 7870//186 7871//94 7940//94
f 7940//94 7871//94 7941//775
f 7871//94 7872//94 7941//775
f 7941//775 7872//94 7942//171
f 7872//94 7873//58 7942//171
f 7942//171 7873//58 7943//58
f 7873//58 7874//170 7943//58
f 7943//58 7874//170 7944//58
f 7874//170 7875//171 7945//185
f 7874//170 7945//185 7944//58
f 7875//171 7876//58 7946//775
f 7875//171 7946//775 7945//185
f 7876//58 7877//58 7946//775
f 7946//775 7877//58 7947//58
f 7877//58 7878//58 7947//58
f 7947//58 7878//58 7948//58
f 7878//58 7879//58 7948//58
f 7948//58 7879//58 7949//58
f 7879//58 7880//58 7949//58
f 7949//58 7880//58 7950//58
f 7880//58 7881//94 7950//58
f 7950//58 7881//94 7951//94
f 7881//94 7882//94 7951//94
f 7951//94 7882//94 7952//94
f 7882//94 7883//58 7952//94
f 7952//94 7883//58 7953//58
f 7883//58 7884//58 7953//58
f 7953//58 7884//58 7954//58
f 7884//58 7885//58 7954//58
f 7954//58 7885//58 7955//58
f 7885//58 7886//74 7955//58
f 7955//58 7886//74 7956//58
f 7886//74 7887//75 7957//211
f 7886//74 7957//211 7956//58
f 7887//75 7888//58 7958//313
f 7887//75 7958//313 7957//211
f 7888//58 7889//58 7958//313
f 7958//313 7889//58 7959//113
f 7889//58 7890//58 7959//113
f 7959//113 7890//58 7960//58
f 7890//58 7891//58 7960//58
f 7960//58 7891//58 7961//58
f 7891//58 7892//58 7961//58
f 7961//58 7892//58 7962//58
f 7892//58 7893//58 7962//58
f 7962//58 7893//58 7963//58
f 7893//58 7894//58 7963//58
f 7963//58 7894//58 7964//58
f 7894//58 7895//74 7964//58
f 7964//58 7895//74 7965//58
f 7895//74 7896//909 7966//59
f 7895//74 7966//59 7965//58
f 7896//909 7897//58 7967//60
f 7896//909 7967//60 7966//59
f 7897//58 7898//58 7967//60
f 7967//60 7898//58 7968//58
f 7898//58 7899//58 7968//58
f 7968//58 7899//58 7969//58
f 7899//58 7900//58 7969//58
f 7969//58 7900//58 7970//58
f 7900//58 7901//59 7970//58
f 7970//58 7901//59 7971//74
f 7901//59 7902//1060 7971//74
f 7971//74 7902//1060 7972//75
f 7902//1060 7903//58 7972//75
f 7972//75 7903//58 7973//58
f 7903//58 7904//59 7973//58
f 7973//58 7904//59 7974//60
f 7904//59 7905//60 7974//60
f 7974//60 7905//60 7975//75
f 7905//60 7906//58 7975//75
f 7975//75 7906//58 7976//58
f 7906//58 7907//74 7976//58
f 7976//58 7907//74 7977//58
f 7907//74 7908//75 7978//211
f 7907//74 7978//211 7977//58
f 7908//75 7909//58 7979//211
f 7908//75 7979//211 7978//211
f 7909//58 7910//211 7979//211
f 7979//211 7910//211 7980//58
f 7910//211 7911//1114 7981//211
f 7910//211 7981//211 7980//58
f 7911//1114 7912//1064 7982//934
f 7911//1114 7982//934 7981//211
f 7912//1064 7913//934 7983//934
f 7912//1064 7983//934 7982//934
f 7913//934 7914//1006 7984//316
f 7913//934 7984//316 7983//934
f 7914//1006 7915//61 7984//316
f 7984//316 7915//61 7985//75
f 7915//61 7916//1446 7985//75
f 7985//75 7916//1446 7986//1452
f 7916//1446 7917//1153 7987//1096
f 7916//1446 7987//1096 7986//1452
f 7917//1153 7918//293 7988//316
f 7917//1153 7988//316 7987//1096
f 7918//293 7919//360 7988//316
f 7988//316 7919//360 7989//945
f 7919//360 7920//1447 7989//945
f 7989//945 7920//1447 7990//1006
f 7920//1447 7921//1448 7991//1453
f 7920//1447 7991//1453 7990//1006
f 7921//1448 7922//1449 7992//1454
f 7921//1448 7992//1454 7991//1453
f 7923//1079 7924//1450 7993//1455
f 7924//1450 7925//1451 7994//1456
f 7924//1450 7994//1456 7993//1455
f 7925//1451 7926//862 7995//1457
f 7925//1451 7995//1457 7994//1456
f 7926//862 7927//849 7996//680
f 7926//862 7996//680 7995//1457
f 7927//849 7928//707 7997//1277
f 7927//849 7997//1277 7996//680
f 7928//707 7929//612 7998//1458
f 7928//707 7998//1458 7997//1277
f 7929//612 7930//638 7998//1458
f 7998//1458 7930//638 7999//171
f 7930//638 7931//185 7999//171
f 7999//171 7931//185 8000//603
f 7931//185 7932//1386 8000//603
f 8000//603 7932//1386 8001//94
f 7932//1386 7933//185 8001//94
f 8001//94 7933//185 8002//94
f 7933//185 7934//664 8002//94
f 8002//94 7934//664 8003//612
f 7934//664 7935//638 8003//612
f 8003//612 7935//638 8004//94
f 7935//638 7936//185 8004//94
f 8004//94 7936//185 8005//170
f 7936//185 7937//186 8005//170
f 8005//170 7937//186 8006//171
f 7937//186 7938//58 8006//171
f 8006//171 7938//58 8007//58
f 7938//58 7939//94 8007//58
f 8007//58 7939//94 8008//170
f 7939//94 7940//94 8008//170
f 8008//170 7940//94 8009//171
f 7940//94 7941//775 8009//171
f 8009//171 7941//775 8010//58
f 7941//775 7942//171 8011//185
f 7941//775 8011//185 8010//58
f 7942//171 7943//58 8012//186
f 7942//171 8012//186 8011//185
f 7943//58 7944//58 8012//186
f 8012//186 7944//58 8013//58
f 7944//58 7945//185 8013//58
f 8013//58 7945//185 8014//775
f 7945//185 7946//775 8014//775
f 8014//775 7946//775 8015//678
f 7946//775 7947//58 8015//678
f 8015//678 7947//58 8016//698
f 7947//58 7948//58 8016//698
f 8016//698 7948//58 8017//386
f 7948//58 7949//58 8017//386
f 8017//386 7949//58 8018//58
f 7949//58 7950//58 8018//58
f 8018//58 7950//58 8019//58
f 7950//58 7951//94 8019//58
f 8019//58 7951//94 8020//170
f 7951//94 7952//94 8020//170
f 8020//170 7952//94 8021//708
f 7952//94 7953//58 8021//708
f 8021//708 7953//58 8022//386
f 7953//58 7954//58 8022//386
f 8022//386 7954//58 8023//58
f 7954//58 7955//58 8023//58
f 8023//58 7955//58 8024//58
f 7955//58 7956//58 8024//58
f 8024//58 7956//58 8025//58
f 7956//58 7957//211 8025//58
f 8025//58 7957//211 8026//58
f 7957//211 7958//313 8027//292
f 7957//211 8027//292 8026//58
f 7958//313 7959//113 8027//292
f 8027//292 7959//113 8028//313
f 7959//113 7960//58 8029//211
f 7959//113 8029//211 8028//313
f 7960//58 7961//58 8029//211
f 8029//211 7961//58 8030//58
f 7961//58 7962//58 8030//58
f 8030//58 7962//58 8031//58
f 7962//58 7963//58 8031//58
f 8031//58 7963//58 8032//58
f 7963//58 7964//58 8032//58
f 8032//58 7964//58 8033//58
f 7964//58 7965//58 8033//58
f 8033//58 7965//58 8034//58
f 7965//58 7966//59 8034//58
f 8034//58 7966//59 8035//60
f 7966//59 7967//60 8035//60
f 8035//60 7967//60 8036//75
f 7967//60 7968//58 8036//75
f 8036//75 7968//58 8037//58
f 7968//58 7969//58 8037//58
f 8037//58 7969//58 8038//58
f 7969//58 7970//58 8038//58
f 8038//58 7970//58 8039//58
f 7970//58 7971//74 8039//58
f 8039//58 7971//74 8040//58
f 7971//74 7972//75 8041//59
f 7971//74 8041//59 8040//58
f 7972//75 7973//58 8042//260
f 7972//75 8042//260 8041//59
f 7973//58 7974//60 8042//260
f 8042//260 7974//60 8043//58
f 7974//60 7975//75 8044//211
f 7974//60 8044//211 8043//58
f 7975//75 7976//58 8045//211
f 7975//75 8045//211 8044//211
f 7976//58 7977//58 8045//211
f 8045//211 7977//58 8046//58
f 7977//58 7978//211 8046//58
f 8046//58 7978//211 8047//58
f 7978//211 7979//211 8048//211
f 7978//211 8048//211 8047//58
f 7979//211 7980//58 8049//212
f 7979//211 8049//212 8048//211
f 7980//58 7981//211 8049//212
f 8049//212 7981//211 8050//58
f 7981//211 7982//934 8051//59
f 7981//211 8051//59 8050//58
f 7982//934 7983//934 8052//61
f 7982//934 8052//61 8051//59
f 7983//934 7984//316 8053//59
f 7983//934 8053//59 8052//61
f 7984//316 7985//75 8054//945
f 7984//316 8054//945 8053//59
f 7985//75 7986//1452 8055//61
f 7985//75 8055//61 8054//945
f 7986//1452 7987//1096 8056//59
f 7986//1452 8056//59 8055//61
f 7987//1096 7988//316 8057//316
f 7987//1096 8057//316 8056//59
f 7988//316 7989//945 8058//1096
f 7988//316 8058//1096 8057//316
f 7989//945 7990//1006 8059//1423
f 7989//945 8059//1423 8058//1096
f 7990//1006 7991//1453 8060//1459
f 7990//1006 8060//1459 8059//1423
f 7991//1453 7992//1454 8060//1459
f 8060//1459 7992//1454 8061//1460
f 8062//1461 7993//1455 8063//1462
f 7993//1455 7994//1456 8063//1462
f 8063//1462 7994//1456 8064//1463
f 7994//1456 7995//1457 8064//1463
f 8064//1463 7995//1457 8065//1464
f 7995//1457 7996//680 8066//1465
f 7995//1457 8066//1465 8065//1464
f 7996//680 7997//1277 8066//1465
f 8066//1465 7997//1277 8067//1002
f 7997//1277 7998//1458 8067//1002
f 8067//1002 7998//1458 8068//94
f 7998//1458 7999//171 8069//200
f 7998//1458 8069//200 8068//94
f 7999//171 8000//603 8070//850
f 7999//171 8070//850 8069//200
f 8000//603 8001//94 8070//850
f 8070//850 8001//94 8071//615
f 8001//94 8002//94 8071//615
f 8071//615 8002//94 8072//94
f 8002//94 8003//612 8072//94
f 8072//94 8003//612 8073//612
f 8003//612 8004//94 8073//612
f 8073//612 8004//94 8074//94
f 8004//94 8005//170 8074//94
f 8074//94 8005//170 8075//58
f 8005//170 8006//171 8076//185
f 8005//170 8076//185 8075//58
f 8006//171 8007//58 8077//775
f 8006//171 8077//775 8076//185
f 8007//58 8008//170 8077//775
f 8077//775 8008//170 8078//58
f 8008//170 8009//171 8079//185
f 8008//170 8079//185 8078//58
f 8009//171 8010//58 8080//186
f 8009//171 8080//186 8079//185
f 8010//58 8011//185 8080//186
f 8080//186 8011//185 8081//170
f 8011//185 8012//186 8081//170
f 8081//170 8012//186 8082//171
f 8012//186 8013//58 8082//171
f 8082//171 8013//58 8083//58
f 8013//58 8014//775 8083//58
f 8083//58 8014//775 8084//58
f 8014//775 8015//678 8085//709
f 8014//775 8085//709 8084//58
f 8015//678 8016//698 8085//709
f 8085//709 8016//698 8086//698
f 8016//698 8017//386 8086//698
f 8086//698 8017//386 8087//678
f 8017//386 8018//58 8088//186
f 8017//386 8088//186 8087//678
f 8018//58 8019//58 8088//186
f 8088//186 8019//58 8089//58
f 8019//58 8020//170 8089//58
f 8089//58 8020//170 8090//58
f 8020//170 8021//708 8091//386
f 8020//170 8091//386 8090//58
f 8021//708 8022//386 8091//386
f 8091//386 8022//386 8092//1181
f 8022//386 8023//58 8093//200
f 8022//386 8093//200 8092//1181
f 8023//58 8024//58 8093//200
f 8093//200 8024//58 8094//58
f 8024//58 8025//58 8094//58
f 8094//58 8025//58 8095//58
f 8025//58 8026//58 8095//58
f 8095//58 8026//58 8096//58
f 8026//58 8027//292 8096//58
f 8096//58 8027//292 8097//58
f 8027//292 8028//313 8097//58
f 8097//58 8028//313 8098//58
f 8028//313 8029//211 8099//75
f 8028//313 8099//75 8098//58
f 8029//211 8030//58 8100//74
f 8029//211 8100//74 8099//75
f 8030//58 8031//58 8100//74
f 8100//74 8031//58 8101//58
f 8031//58 8032//58 8101//58
f 8101//58 8032//58 8102//58
f 8032//58 8033//58 8102//58
f 8102//58 8033//58 8103//58
f 8033//58 8034//58 8103//58
f 8103//58 8034//58 8104//58
f 8034//58 8035//60 8104//58
f 8104//58 8035//60 8105//58
f 8035//60 8036//75 8106//59
f 8035//60 8106//59 8105//58
f 8036//75 8037//58 8107//97
f 8036//75 8107//97 8106//59
f 8037//58 8038//58 8107//97
f 8107//97 8038//58 8108//58
f 8038//58 8039//58 8108//58
f 8108//58 8039//58 8109//58
f 8039//58 8040//58 8109//58
f 8109//58 8040//58 8110//58
f 8040//58 8041//59 8110//58
f 8110//58 8041//59 8111//74
f 8041//59 8042//260 8111//74
f 8111//74 8042//260 8112//75
f 8042//260 8043//58 8112//75
f 8112//75 8043//58 8113//58
f 8043//58 8044//211 8113//58
f 8113//58 8044//211 8114//58
f 8044//211 8045//211 8115//211
f 8044//211 8115//211 8114//58
f 8045//211 8046//58 8116//313
f 8045//211 8116//313 8115//211
f 8046//58 8047//58 8116//313
f 8116//313 8047//58 8117//292
f 8047//58 8048//211 8117//292
f 8117//292 8048//211 8118//58
f 8048//211 8049//212 8119//59
f 8048//211 8119//59 8118//58
f 8049//212 8050//58 8120//260
f 8049//212 8120//260 8119//59
f 8050//58 8051//59 8120//260
f 8120//260 8051//59 8121//76
f 8051//59 8052//61 8121//76
f 8121//76 8052//61 8122//77
f 8052//61 8053//59 8122//77
f 8122//77 8053//59 8123//76
f 8053//59 8054//945 8123//76
f 8123//76 8054//945 8124//357
f 8054//945 8055//61 8124//357
f 8124//357 8055//61 8125//75
f 8055//61 8056//59 8125//75
f 8125//75 8056//59 8126//1003
f 8056//59 8057//316 8126//1003
f 8126//1003 8057//316 8127//1006
f 8057//316 8058//1096 8128//1466
f 8057//316 8128//1466 8127//1006
f 8058//1096 8059//1423 8129//1467
f 8058//1096 8129//1467 8128//1466
f 8059//1423 8060//1459 8129//1467
f 8129//1467 8060//1459 8130//1151
f 8060//1459 8061//1460 8131//1468
f 8060//1459 8131//1468 8130//1151
f 8061//1460 8132//1469 8131//1468
f 8062//1461 8063//1462 8133//1470
f 8133//1470 8063//1462 8134//1471
f 8063//1462 8064//1463 8134//1471
f 8134//1471 8064//1463 8135//1472
f 8064//1463 8065//1464 8135//1472
f 8135//1472 8065//1464 8136//1473
f 8065//1464 8066//1465 8136//1473
f 8136//1473 8066//1465 8137//1474
f 8066//1465 8067//1002 8138//1475
f 8066//1465 8138//1475 8137//1474
f 8067//1002 8068//94 8139//872
f 8067//1002 8139//872 8138//1475
f 8068//94 8069//200 8139//872
f 8139//872 8069//200 8140//58
f 8069//200 8070//850 8141//872
f 8069//200 8141//872 8140//58
f 8070//850 8071//615 8142//1476
f 8070//850 8142//1476 8141//872
f 8071//615 8072//94 8142//1476
f 8142//1476 8072//94 8143//1180
f 8072//94 8073//612 8143//1180
f 8143//1180 8073//612 8144//665
f 8073//612 8074//94 8144//665
f 8144//665 8074//94 8145//171
f 8074//94 8075//58 8145//171
f 8145//171 8075//58 8146//58
f 8075//58 8076//185 8146//58
f 8146//58 8076//185 8147//94
f 8076//185 8077//775 8147//94
f 8147//94 8077//775 8148//94
f 8077//775 8078//58 8148//94
f 8148//94 8078//58 8149//58
f 8078//58 8079//185 8149//58
f 8149//58 8079//185 8150//94
f 8079//185 8080//186 8150//94
f 8150//94 8080//186 8151//94
f 8080//186 8081//170 8151//94
f 8151//94 8081//170 8152//58
f 8081//170 8082//171 8153//185
f 8081//170 8153//185 8152//58
f 8082//171 8083//58 8154//186
f 8082//171 8154//186 8153//185
f 8083//58 8084//58 8154//186
f 8154//186 8084//58 8155//58
f 8084//58 8085//709 8155//58
f 8155//58 8085//709 8156//58
f 8085//709 8086//698 8156//58
f 8156//58 8086//698 8157//58
f 8086//698 8087//678 8157//58
f 8157//58 8087//678 8158//170
f 8087//678 8088//186 8158//170
f 8158//170 8088//186 8159//171
f 8088//186 8089//58 8159//171
f 8159//171 8089//58 8160//58
f 8089//58 8090//58 8160//58
f 8160//58 8090//58 8161//58
f 8090//58 8091//386 8161//58
f 8161//58 8091//386 8162//58
f 8091//386 8092//1181 8162//58
f 8162//58 8092//1181 8163//58
f 8092//1181 8093//200 8164//185
f 8092//1181 8164//185 8163//58
f 8093//200 8094//58 8165//186
f 8093//200 8165//186 8164//185
f 8094//58 8095//58 8165//186
f 8165//186 8095//58 8166//58
f 8095//58 8096//58 8166//58
f 8166//58 8096//58 8167//58
f 8096//58 8097//58 8167//58
f 8167//58 8097//58 8168//58
f 8097//58 8098//58 8168//58
f 8168//58 8098//58 8169//58
f 8098//58 8099//75 8169//58
f 8169//58 8099//75 8170//76
f 8099//75 8100//74 8170//76
f 8170//76 8100//74 8171//77
f 8100//74 8101//58 8171//77
f 8171//77 8101//58 8172//58
f 8101//58 8102//58 8172//58
f 8172//58 8102//58 8173//58
f 8102//58 8103//58 8173//58
f 8173//58 8103//58 8174//58
f 8103//58 8104//58 8174//58
f 8174//58 8104//58 8175//58
f 8104//58 8105//58 8175//58
f 8175//58 8105//58 8176//58
f 8105//58 8106//59 8176//58
f 8176//58 8106//59 8177//74
f 8106//59 8107//97 8177//74
f 8177//74 8107//97 8178//75
f 8107//97 8108//58 8178//75
f 8178//75 8108//58 8179//58
f 8108//58 8109//58 8179//58
f 8179//58 8109//58 8180//58
f 8109//58 8110//58 8180//58
f 8180//58 8110//58 8181//58
f 8110//58 8111//74 8181//58
f 8181//58 8111//74 8182//58
f 8111//74 8112//75 8183//211
f 8111//74 8183//211 8182//58
f 8112//75 8113//58 8184//211
f 8112//75 8184//211 8183//211
f 8113//58 8114//58 8184//211
f 8184//211 8114//58 8185//58
f 8114//58 8115//211 8185//58
f 8185//58 8115//211 8186//58
f 8115//211 8116//313 8187//292
f 8115//211 8187//292 8186//58
f 8116//313 8117//292 8187//292
f 8187//292 8117//292 8188//1171
f 8117//292 8118//58 8189//60
f 8117//292 8189//60 8188//1171
f 8118//58 8119//59 8189//60
f 8189//60 8119//59 8190//74
f 8119//59 8120//260 8190//74
f 8190//74 8120//260 8191//75
f 8120//260 8121//76 8191//75
f 8191//75 8121//76 8192//172
f 8121//76 8122//77 8192//172
f 8192//172 8122//77 8193//77
f 8122//77 8123//76 8193//77
f 8193//77 8123//76 8194//76
f 8123//76 8124//357 8194//76
f 8194//76 8124//357 8195//378
f 8124//357 8125//75 8196//211
f 8124//357 8196//211 8195//378
f 8125//75 8126//1003 8197//934
f 8125//75 8197//934 8196//211
f 8126//1003 8127//1006 8198//1006
f 8126//1003 8198//1006 8197//934
f 8127//1006 8128//1466 8199//1477
f 8127//1006 8199//1477 8198//1006
f 8128//1466 8129//1467 8200//471
f 8128//1466 8200//471 8199//1477
f 8129//1467 8130//1151 8201//316
f 8129//1467 8201//316 8200//471
f 8130//1151 8131//1468 8202//1478
f 8130//1151 8202//1478 8201//316
f 8131//1468 8132//1469 8202//1478
f 8202//1478 8132//1469 8203//1479
f 8133//1470 8134//1471 8204//1480
f 8134//1471 8135//1472 8205//1481
f 8134//1471 8205//1481 8204//1480
f 8135//1472 8136//1473 8206//1482
f 8135//1472 8206//1482 8205//1481
f 8136//1473 8137//1474 8207//1483
f 8136//1473 8207//1483 8206//1482
f 8137//1474 8138//1475 8208//1484
f 8137//1474 8208//1484 8207//1483
f 8138//1475 8139//872 8209//979
f 8138//1475 8209//979 8208//1484
f 8139//872 8140//58 8210//170
f 8139//872 8210//170 8209//979
f 8140//58 8141//872 8210//170
f 8210//170 8141//872 8211//615
f 8141//872 8142//1476 8212//1485
f 8141//872 8212//1485 8211//615
f 8142//1476 8143//1180 8212//1485
f 8212//1485 8143//1180 8213//638
f 8143//1180 8144//665 8214//625
f 8143//1180 8214//625 8213//638
f 8144//665 8145//171 8215//665
f 8144//665 8215//665 8214//625
f 8145//171 8146//58 8216//186
f 8145//171 8216//186 8215//665
f 8146//58 8147//94 8216//186
f 8216//186 8147//94 8217//775
f 8147//94 8148//94 8217//775
f 8217//775 8148//94 8218//171
f 8148//94 8149//58 8218//171
f 8218//171 8149//58 8219//58
f 8149//58 8150//94 8219//58
f 8219//58 8150//94 8220//170
f 8150//94 8151//94 8220//170
f 8220//170 8151//94 8221//678
f 8151//94 8152//58 8221//678
f 8221//678 8152//58 8222//709
f 8152//58 8153//185 8222//709
f 8222//709 8153//185 8223//1306
f 8153//185 8154//186 8223//1306
f 8223//1306 8154//186 8224//171
f 8154//186 8155//58 8224//171
f 8224//171 8155//58 8225//58
f 8155//58 8156//58 8225//58
f 8225//58 8156//58 8226//58
f 8156//58 8157//58 8226//58
f 8226//58 8157//58 8227//58
f 8157//58 8158//170 8227//58
f 8227//58 8158//170 8228//58
f 8158//170 8159//171 8229//1325
f 8158//170 8229//1325 8228//58
f 8159//171 8160//58 8230//1325
f 8159//171 8230//1325 8229//1325
f 8160//58 8161//58 8230//1325
f 8230//1325 8161//58 8231//58
f 8161//58 8162//58 8231//58
f 8231//58 8162//58 8232//58
f 8162//58 8163//58 8232//58
f 8232//58 8163//58 8233//58
f 8163//58 8164//185 8233//58
f 8233//58 8164//185 8234//170
f 8164//185 8165//186 8234//170
f 8234//170 8165//186 8235//171
f 8165//186 8166//58 8235//171
f 8235//171 8166//58 8236//58
f 8166//58 8167//58 8236//58
f 8236//58 8167//58 8237//58
f 8167//58 8168//58 8237//58
f 8237//58 8168//58 8238//58
f 8168//58 8169//58 8238//58
f 8238//58 8169//58 8239//58
f 8169//58 8170//76 8239//58
f 8239//58 8170//76 8240//74
f 8170//76 8171//77 8240//74
f 8240//74 8171//77 8241//75
f 8171//77 8172//58 8241//75
f 8241//75 8172//58 8242//58
f 8172//58 8173//58 8242//58
f 8242//58 8173//58 8243//58
f 8173//58 8174//58 8243//58
f 8243//58 8174//58 8244//58
f 8174//58 8175//58 8244//58
f 8244//58 8175//58 8245//58
f 8175//58 8176//58 8245//58
f 8245//58 8176//58 8246//58
f 8176//58 8177//74 8246//58
f 8246//58 8177//74 8247//58
f 8177//74 8178//75 8248//212
f 8177//74 8248//212 8247//58
f 8178//75 8179//58 8249//212
f 8178//75 8249//212 8248//212
f 8179//58 8180//58 8249//212
f 8249//212 8180//58 8250//58
f 8180//58 8181//58 8250//58
f 8250//58 8181//58 8251//58
f 8181//58 8182//58 8251//58
f 8251//58 8182//58 8252//58
f 8182//58 8183//211 8252//58
f 8252//58 8183//211 8253//58
f 8183//211 8184//211 8254//259
f 8183//211 8254//259 8253//58
f 8184//211 8185//58 8255//60
f 8184//211 8255//60 8254//259
f 8185//58 8186//58 8255//60
f 8255//60 8186//58 8256//58
f 8186//58 8187//292 8256//58
f 8256//58 8187//292 8257//58
f 8187//292 8188//1171 8257//58
f 8257//58 8188//1171 8258//76
f 8188//1171 8189//60 8258//76
f 8258//76 8189//60 8259//77
f 8189//60 8190//74 8259//77
f 8259//77 8190//74 8260//58
f 8190//74 8191//75 8261//211
f 8190//74 8261//211 8260//58
f 8191//75 8192//172 8262//1182
f 8191//75 8262//1182 8261//211
f 8192//172 8193//77 8262//1182
f 8262//1182 8193//77 8263//604
f 8193//77 8194//76 8263//604
f 8263//604 8194//76 8264//74
f 8194//76 8195//378 8264//74
f 8264//74 8195//378 8265//317
f 8195//378 8196//211 8265//317
f 8265//317 8196//211 8266//1005
f 8196//211 8197//934 8267//1006
f 8196//211 8267//1006 8266//1005
f 8197//934 8198//1006 8268//357
f 8197//934 8268//357 8267//1006
f 8198//1006 8199//1477 8268//357
f 8268//357 8199//1477 8269//360
f 8199//1477 8200//471 8269//360
f 8269//360 8200//471 8270//357
f 8200//471 8201//316 8270//357
f 8270//357 8201//316 8271//1151
f 8201//316 8202//1478 8272//1486
f 8201//316 8272//1486 8271//1151
f 8202//1478 8203//1479 8273//1487
f 8202//1478 8273//1487 8272//1486
f 8203//1479 8274//1488 8273//1487
f 8204//1480 8205//1481 8276//1489
f 8204//1480 8276//1489 8275//1490
f 8205//1481 8206//1482 8277//1491
f 8205//1481 8277//1491 8276//1489
f 8206//1482 8207//1483 8278//1492
f 8206//1482 8278//1492 8277//1491
f 8207//1483 8208//1484 8279//1315
f 8207//1483 8279//1315 8278//1492
f 8208//1484 8209//979 8280//1316
f 8208//1484 8280//1316 8279//1315
f 8209//979 8210//170 8280//1316
f 8280//1316 8210//170 8281//171
f 8210//170 8211//615 8281//171
f 8281//171 8211//615 8282//603
f 8211//615 8212//1485 8282//603
f 8282//603 8212//1485 8283//616
f 8212//1485 8213//638 8283//616
f 8283//616 8213//638 8284//542
f 8213//638 8214//625 8284//542
f 8284//542 8214//625 8285//94
f 8214//625 8215//665 8285//94
f 8285//94 8215//665 8286//613
f 8215//665 8216//186 8286//613
f 8286//613 8216//186 8287//171
f 8216//186 8217//775 8287//171
f 8287//171 8217//775 8288//58
f 8217//775 8218//171 8289//200
f 8217//775 8289//200 8288//58
f 8218//171 8219//58 8290//200
f 8218//171 8290//200 8289//200
f 8219//58 8220//170 8290//200
f 8290//200 8220//170 8291//58
f 8220//170 8221//678 8292//386
f 8220//170 8292//386 8291//58
f 8221//678 8222//709 8292//386
f 8292//386 8222//709 8293//385
f 8222//709 8223//1306 8294//871
f 8222//709 8294//871 8293//385
f 8223//1306 8224//171 8295//185
f 8223//1306 8295//185 8294//871
f 8224//171 8225//58 8296//186
f 8224//171 8296//186 8295//185
f 8225//58 8226//58 8296//186
f 8296//186 8226//58 8297//58
f 8226//58 8227//58 8297//58
f 8297//58 8227//58 8298//58
f 8227//58 8228//58 8298//58
f 8298//58 8228//58 8299//58
f 8228//58 8229//1325 8299//58
f 8299//58 8229//1325 8300//58
f 8229//1325 8230//1325 8301//185
f 8229//1325 8301//185 8300//58
f 8230//1325 8231//58 8302//186
f 8230//1325 8302//186 8301//185
f 8231//58 8232//58 8302//186
f 8302//186 8232//58 8303//58
f 8232//58 8233//58 8303//58
f 8303//58 8233//58 8304//58
f 8233//58 8234//170 8304//58
f 8304//58 8234//170 8305//58
f 8234//170 8235//171 8306//185
f 8234//170 8306//185 8305//58
f 8235//171 8236//58 8307//186
f 8235//171 8307//186 8306//185
f 8236//58 8237//58 8307//186
f 8307//186 8237//58 8308//58
f 8237//58 8238//58 8308//58
f 8308//58 8238//58 8309//58
f 8238//58 8239//58 8309//58
f 8309//58 8239//58 8310//58
f 8239//58 8240//74 8310//58
f 8310//58 8240//74 8311//58
f 8240//74 8241//75 8312//432
f 8240//74 8312//432 8311//58
f 8241//75 8242//58 8313//450
f 8241//75 8313//450 8312//432
f 8242//58 8243//58 8313//450
f 8313//450 8243//58 8314//58
f 8243//58 8244//58 8314//58
f 8314//58 8244//58 8315//58
f 8244//58 8245//58 8315//58
f 8315//58 8245//58 8316//58
f 8245//58 8246//58 8316//58
f 8316//58 8246//58 8317//58
f 8246//58 8247//58 8317//58
f 8317//58 8247//58 8318//58
f 8247//58 8248//212 8318//58
f 8318//58 8248//212 8319//58
f 8248//212 8249//212 8320//259
f 8248//212 8320//259 8319//58
f 8249//212 8250//58 8321//97
f 8249//212 8321//97 8320//259
f 8250//58 8251//58 8321//97
f 8321//97 8251//58 8322//58
f 8251//58 8252//58 8322//58
f 8322//58 8252//58 8323//58
f 8252//58 8253//58 8323//58
f 8323//58 8253//58 8324//58
f 8253//58 8254//259 8324//58
f 8324//58 8254//259 8325//60
f 8254//259 8255//60 8325//60
f 8325//60 8255//60 8326//75
f 8255//60 8256//58 8326//75
f 8326//75 8256//58 8327//58
f 8256//58 8257//58 8327//58
f 8327//58 8257//58 8328//58
f 8257//58 8258//76 8328//58
f 8328//58 8258//76 8329//76
f 8258//76 8259//77 8329//76
f 8329//76 8259//77 8330//76
f 8259//77 8260//58 8330//76
f 8330//76 8260//58 8331//58
f 8260//58 8261//211 8331//58
f 8331//58 8261//211 8332//58
f 8261//211 8262//1182 8333//1446
f 8261//211 8333//1446 8332//58
f 8262//1182 8263//604 8334//1153
f 8262//1182 8334//1153 8333//1446
f 8263//604 8264//74 8334//1153
f 8334//1153 8264//74 8335//58
f 8264//74 8265//317 8336//292
f 8264//74 8336//292 8335//58
f 8265//317 8266//1005 8336//292
f 8336//292 8266//1005 8337//291
f 8266//1005 8267//1006 8338//470
f 8266//1005 8338//470 8337//291
f 8267//1006 8268//357 8338//470
f 8338//470 8268//357 8339//945
f 8268//357 8269//360 8339//945
f 8339//945 8269//360 8340//945
f 8269//360 8270//357 8340//945
f 8340//945 8270//357 8341//1006
f 8270//357 8271//1151 8342//1151
f 8270//357 8342//1151 8341//1006
f 8271//1151 8272//1486 8343//60
f 8271//1151 8343//60 8342//1151
f 8272//1486 8273//1487 8343//60
f 8343//60 8273//1487 8344//1493
f 8273//1487 8274//1488 8344//1493
f 8344//1493 8274//1488 8345//1494
f 8275//1490 8276//1489 8347//1495
f 8275//1490 8347//1495 8346//1496
f 8276//1489 8277//1491 8348//1491
f 8276//1489 8348//1491 8347//1495
f 8277//1491 8278//1492 8349//1257
f 8277//1491 8349//1257 8348//1491
f 8278//1492 8279//1315 8350//978
f 8278//1492 8350//978 8349//1257
f 8279//1315 8280//1316 8351//979
f 8279//1315 8351//979 8350//978
f 8280//1316 8281//171 8352//849
f 8280//1316 8352//849 8351//979
f 8281//171 8282//603 8353//850
f 8281//171 8353//850 8352//849
f 8282//603 8283//616 8353//850
f 8353//850 8283//616 8354//848
f 8283//616 8284//542 8354//848
f 8354//848 8284//542 8355//171
f 8284//542 8285//94 8355//171
f 8355//171 8285//94 8356//1306
f 8285//94 8286//613 8356//1306
f 8356//1306 8286//613 8357//680
f 8286//613 8287//171 8358//1170
f 8286//613 8358//1170 8357//680
f 8287//171 8288//58 8359//200
f 8287//171 8359//200 8358//1170
f 8288//58 8289//200 8359//200
f 8359//200 8289//200 8360//58
f 8289//200 8290//200 8361//185
f 8289//200 8361//185 8360//58
f 8290//200 8291//58 8362//186
f 8290//200 8362//186 8361//185
f 8291//58 8292//386 8362//186
f 8362//186 8292//386 8363//58
f 8292//386 8293//385 8363//58
f 8363//58 8293//385 8364//94
f 8293//385 8294//871 8364//94
f 8364//94 8294//871 8365//94
f 8294//871 8295//185 8365//94
f 8365//94 8295//185 8366//94
f 8295//185 8296//186 8366//94
f 8366//94 8296//186 8367//94
f 8296//186 8297//58 8367//94
f 8367//94 8297//58 8368//58
f 8297//58 8298//58 8368//58
f 8368//58 8298//58 8369//58
f 8298//58 8299//58 8369//58
f 8369//58 8299//58 8370//58
f 8299//58 8300//58 8370//58
f 8370//58 8300//58 8371//58
f 8300//58 8301//185 8371//58
f 8371//58 8301//185 8372//170
f 8301//185 8302//186 8372//170
f 8372//170 8302//186 8373//171
f 8302//186 8303//58 8373//171
f 8373//171 8303//58 8374//58
f 8303//58 8304//58 8374//58
f 8374//58 8304//58 8375//58
f 8304//58 8305//58 8375//58
f 8375//58 8305//58 8376//58
f 8305//58 8306//185 8376//58
f 8376//58 8306//185 8377//94
f 8306//185 8307//186 8377//94
f 8377//94 8307//186 8378//94
f 8307//186 8308//58 8378//94
f 8378//94 8308//58 8379//58
f 8308//58 8309//58 8379//58
f 8379//58 8309//58 8380//58
f 8309//58 8310//58 8380//58
f 8380//58 8310//58 8381//58
f 8310//58 8311//58 8381//58
f 8381//58 8311//58 8382//450
f 8311//58 8312//432 8382//450
f 8382//450 8312//432 8383//359
f 8312//432 8313//450 8383//359
f 8383//359 8313//450 8384//58
f 8313//450 8314//58 8384//58
f 8384//58 8314//58 8385//58
f 8314//58 8315//58 8385//58
f 8385//58 8315//58 8386//58
f 8315//58 8316//58 8386//58
f 8386//58 8316//58 8387//58
f 8316//58 8317//58 8387//58
f 8387//58 8317//58 8388//58
f 8317//58 8318//58 8388//58
f 8388//58 8318//58 8389//58
f 8318//58 8319//58 8389//58
f 8389//58 8319//58 8390//58
f 8319//58 8320//259 8390//58
f 8390//58 8320//259 8391//74
f 8320//259 8321//97 8391//74
f 8391//74 8321//97 8392//75
f 8321//97 8322//58 8392//75
f 8392//75 8322//58 8393//58
f 8322//58 8323//58 8393//58
f 8393//58 8323//58 8394//58
f 8323//58 8324//58 8394//58
f 8394//58 8324//58 8395//58
f 8324//58 8325//60 8395//58
f 8395//58 8325//60 8396//58
f 8325//60 8326//75 8397//59
f 8325//60 8397//59 8396//58
f 8326//75 8327//58 8398//74
f 8326//75 8398//74 8397//59
f 8327//58 8328//58 8398//74
f 8398//74 8328//58 8399//58
f 8328//58 8329//76 8399//58
f 8399//58 8329//76 8400//60
f 8329//76 8330//76 8400//60
f 8400//60 8330//76 8401//291
f 8330//76 8331//58 8401//291
f 8401//291 8331//58 8402//127
f 8331//58 8332//58 8402//127
f 8402//127 8332//58 8403//58
f 8332//58 8333//1446 8403//58
f 8403//58 8333//1446 8404//398
f 8333//1446 8334//1153 8405//1182
f 8333//1446 8405//1182 8404//398
f 8334//1153 8335//58 8406//211
f 8334//1153 8406//211 8405//1182
f 8335//58 8336//292 8406//211
f 8406//211 8336//292 8407//58
f 8336//292 8337//291 8407//58
f 8407//58 8337//291 8408//76
f 8337//291 8338//470 8408//76
f 8408//76 8338//470 8409//378
f 8338//470 8339//945 8410//59
f 8338//470 8410//59 8409//378
f 8339//945 8340//945 8411//945
f 8339//945 8411//945 8410//59
f 8340//945 8341//1006 8412//945
f 8340//945 8412//945 8411//945
f 8341//1006 8342//1151 8413//470
f 8341//1006 8413//470 8412//945
f 8342//1151 8343//60 8413//470
f 8413//470 8343//60 8414//75
f 8343//60 8344//1493 8414//75
f 8414//75 8344//1493 8415//1497
f 8344//1493 8345//1494 8415//1497
f 8415//1497 8345//1494 8416//1498
f 8346//1496 8347//1495 8418//1499
f 8346//1496 8418//1499 8417//1500
f 8347//1495 8348//1491 8419//1296
f 8347//1495 8419//1296 8418//1499
f 8348//1491 8349//1257 8420//877
f 8348//1491 8420//877 8419//1296
f 8349//1257 8350//978 8421//1501
f 8349//1257 8421//1501 8420//877
f 8350//978 8351//979 8422//1502
f 8350//978 8422//1502 8421//1501
f 8351//979 8352//849 8422//1502
f 8422//1502 8352//849 8423//680
f 8352//849 8353//850 8424//834
f 8352//849 8424//834 8423//680
f 8353//850 8354//848 8425//834
f 8353//850 8425//834 8424//834
f 8354//848 8355//171 8426//862
f 8354//848 8426//862 8425//834
f 8355//171 8356//1306 8427//1170
f 8355//171 8427//1170 8426//862
f 8356//1306 8357//680 8428//680
f 8356//1306 8428//680 8427//1170
f 8357//680 8358//1170 8429//871
f 8357//680 8429//871 8428//680
f 8358//1170 8359//200 8430//185
f 8358//1170 8430//185 8429//871
f 8359//200 8360//58 8431//775
f 8359//200 8431//775 8430//185
f 8360//58 8361//185 8431//775
f 8431//775 8361//185 8432//170
f 8361//185 8362//186 8432//170
f 8432//170 8362//186 8433//171
f 8362//186 8363//58 8433//171
f 8433//171 8363//58 8434//58
f 8363//58 8364//94 8434//58
f 8434//58 8364//94 8435//94
f 8364//94 8365//94 8435//94
f 8435//94 8365//94 8436//94
f 8365//94 8366//94 8436//94
f 8436//94 8366//94 8437//94
f 8366//94 8367//94 8437//94
f 8437//94 8367//94 8438//94
f 8367//94 8368//58 8438//94
f 8438//94 8368//58 8439//58
f 8368//58 8369//58 8439//58
f 8439//58 8369//58 8440//58
f 8369//58 8370//58 8440//58
f 8440//58 8370//58 8441//58
f 8370//58 8371//58 8441//58
f 8441//58 8371//58 8442//58
f 8371//58 8372//170 8442//58
f 8442//58 8372//170 8443//58
f 8372//170 8373//171 8444//185
f 8372//170 8444//185 8443//58
f 8373//171 8374//58 8445//186
f 8373//171 8445//186 8444//185
f 8374//58 8375//58 8445//186
f 8445//186 8375//58 8446//58
f 8375//58 8376//58 8446//58
f 8446//58 8376//58 8447//58
f 8376//58 8377//94 8447//58
f 8447//58 8377//94 8448//94
f 8377//94 8378//94 8448//94
f 8448//94 8378//94 8449//94
f 8378//94 8379//58 8449//94
f 8449//94 8379//58 8450//58
f 8379//58 8380//58 8450//58
f 8450//58 8380//58 8451//58
f 8380//58 8381//58 8451//58
f 8451//58 8381//58 8452//58
f 8381//58 8382//450 8452//58
f 8452//58 8382//450 8453//58
f 8382//450 8383//359 8454//59
f 8382//450 8454//59 8453//58
f 8383//359 8384//58 8455//97
f 8383//359 8455//97 8454//59
f 8384//58 8385//58 8455//97
f 8455//97 8385//58 8456//58
f 8385//58 8386//58 8456//58
f 8456//58 8386//58 8457//58
f 8386//58 8387//58 8457//58
f 8457//58 8387//58 8458//58
f 8387//58 8388//58 8458//58
f 8458//58 8388//58 8459//58
f 8388//58 8389//58 8459//58
f 8459//58 8389//58 8460//58
f 8389//58 8390//58 8460//58
f 8460//58 8390//58 8461//58
f 8390//58 8391//74 8461//58
f 8461//58 8391//74 8462//58
f 8391//74 8392//75 8463//212
f 8391//74 8463//212 8462//58
f 8392//75 8393//58 8464//313
f 8392//75 8464//313 8463//212
f 8393//58 8394//58 8464//313
f 8464//313 8394//58 8465//127
f 8394//58 8395//58 8465//127
f 8465//127 8395//58 8466//58
f 8395//58 8396//58 8466//58
f 8466//58 8396//58 8467//58
f 8396//58 8397//59 8467//58
f 8467//58 8397//59 8468//74
f 8397//59 8398//74 8468//74
f 8468//74 8398//74 8469//75
f 8398//74 8399//58 8469//75
f 8469//75 8399//58 8470//58
f 8399//58 8400//60 8470//58
f 8470//58 8400//60 8471//58
f 8400//60 8401//291 8472//127
f 8400//60 8472//127 8471//58
f 8401//291 8402//127 8472//127
f 8472//127 8402//127 8473//313
f 8402//127 8403//58 8474//211
f 8402//127 8474//211 8473//313
f 8403//58 8404//398 8474//211
f 8474//211 8404//398 8475//172
f 8404//398 8405//1182 8475//172
f 8475//172 8405//1182 8476//378
f 8405//1182 8406//211 8477//211
f 8405//1182 8477//211 8476//378
f 8406//211 8407//58 8478//211
f 8406//211 8478//211 8477//211
f 8407//58 8408//76 8478//211
f 8478//211 8408//76 8479//61
f 8408//76 8409//378 8479//61
f 8479//61 8409//378 8480//909
f 8409//378 8410//59 8480//909
f 8480//909 8410//59 8481//1503
f 8410//59 8411//945 8481//1503
f 8481//1503 8411//945 8482//945
f 8411//945 8412//945 8482//945
f 8482//945 8412//945 8483//945
f 8412//945 8413//470 8483//945
f 8483//945 8413//470 8484//1151
f 8413//470 8414//75 8485//1006
f 8413//470 8485//1006 8484//1151
f 8414//75 8415//1497 8486//61
f 8414//75 8486//61 8485//1006
f 8415//1497 8416//1498 8487//1504
f 8415//1497 8487//1504 8486//61
f 8416//1498 8488//1505 8487//1504
f 8417//1500 8418//1499 8489//1506
f 8418//1499 8419//1296 8490//1507
f 8418//1499 8490//1507 8489//1506
f 8419//1296 8420//877 8490//1507
f 8490//1507 8420//877 8491//239
f 8420//877 8421//1501 8491//239
f 8491//239 8421//1501 8492//1508
f 8421//1501 8422//1502 8493//1509
f 8421//1501 8493//1509 8492//1508
f 8422//1502 8423//680 8494//1122
f 8422//1502 8494//1122 8493//1509
f 8423//680 8424//834 8495//1194
f 8423//680 8495//1194 8494//1122
f 8424//834 8425//834 8496//1113
f 8424//834 8496//1113 8495//1194
f 8425//834 8426//862 8497//862
f 8425//834 8497//862 8496//1113
f 8426//862 8427//1170 8498//680
f 8426//862 8498//680 8497//862
f 8427//1170 8428//680 8499//769
f 8427//1170 8499//769 8498//680
f 8428//680 8429//871 8499//769
f 8499//769 8429//871 8500//94
f 8429//871 8430//185 8500//94
f 8500//94 8430//185 8501//775
f 8430//185 8431//775 8501//775
f 8501//775 8431//775 8502//171
f 8431//775 8432//170 8502//171
f 8502//171 8432//170 8503//58
f 8432//170 8433//171 8504//185
f 8432//170 8504//185 8503//58
f 8433//171 8434//58 8505//186
f 8433//171 8505//186 8504//185
f 8434//58 8435//94 8505//186
f 8505//186 8435//94 8506//94
f 8435//94 8436//94 8506//94
f 8506//94 8436//94 8507//94
f 8436//94 8437//94 8507//94
f 8507//94 8437//94 8508//94
f 8437//94 8438//94 8508//94
f 8508//94 8438//94 8509//94
f 8438//94 8439//58 8509//94
f 8509//94 8439//58 8510//58
f 8439//58 8440//58 8510//58
f 8510//58 8440//58 8511//58
f 8440//58 8441//58 8511//58
f 8511//58 8441//58 8512//58
f 8441//58 8442//58 8512//58
f 8512//58 8442//58 8513//58
f 8442//58 8443//58 8513//58
f 8513//58 8443//58 8514//58
f 8443//58 8444//185 8514//58
f 8514//58 8444//185 8515//94
f 8444//185 8445//186 8515//94
f 8515//94 8445//186 8516//94
f 8445//186 8446//58 8516//94
f 8516//94 8446//58 8517//58
f 8446//58 8447//58 8517//58
f 8517//58 8447//58 8518//58
f 8447//58 8448//94 8518//58
f 8518//58 8448//94 8519//94
f 8448//94 8449//94 8519//94
f 8519//94 8449//94 8520//94
f 8449//94 8450//58 8520//94
f 8520//94 8450//58 8521//58
f 8450//58 8451//58 8521//58
f 8521//58 8451//58 8522//58
f 8451//58 8452//58 8522//58
f 8522//58 8452//58 8523//58
f 8452//58 8453//58 8523//58
f 8523//58 8453//58 8524//58
f 8453//58 8454//59 8524//58
f 8524//58 8454//59 8525//76
f 8454//59 8455//97 8525//76
f 8525//76 8455//97 8526//77
f 8455//97 8456//58 8526//77
f 8526//77 8456//58 8527//58
f 8456//58 8457//58 8527//58
f 8527//58 8457//58 8528//58
f 8457//58 8458//58 8528//58
f 8528//58 8458//58 8529//58
f 8458//58 8459//58 8529//58
f 8529//58 8459//58 8530//58
f 8459//58 8460//58 8530//58
f 8530//58 8460//58 8531//58
f 8460//58 8461//58 8531//58
f 8531//58 8461//58 8532//58
f 8461//58 8462//58 8532//58
f 8532//58 8462//58 8533//58
f 8462//58 8463//212 8533//58
f 8533//58 8463//212 8534//58
f 8463//212 8464//313 8535//127
f 8463//212 8535//127 8534//58
f 8464//313 8465//127 8535//127
f 8535//127 8465//127 8536//1510
f 8465//127 8466//58 8537//97
f 8465//127 8537//97 8536//1510
f 8466//58 8467//58 8537//97
f 8537//97 8467//58 8538//58
f 8467//58 8468//74 8538//58
f 8538//58 8468//74 8539//58
f 8468//74 8469//75 8540//211
f 8468//74 8540//211 8539//58
f 8469//75 8470//58 8541//211
f 8469//75 8541//211 8540//211
f 8470//58 8471//58 8541//211
f 8541//211 8471//58 8542//58
f 8471//58 8472//127 8542//58
f 8542//58 8472//127 8543//58
f 8472//127 8473//313 8543//58
f 8543//58 8473//313 8544//58
f 8473//313 8474//211 8545//59
f 8473//313 8545//59 8544//58
f 8474//211 8475//172 8546//470
f 8474//211 8546//470 8545//59
f 8475//172 8476//378 8546//470
f 8546//470 8476//378 8547//909
f 8476//378 8477//211 8547//909
f 8547//909 8477//211 8548//58
f 8477//211 8478//211 8549//211
f 8477//211 8549//211 8548//58
f 8478//211 8479//61 8550//1114
f 8478//211 8550//1114 8549//211
f 8479//61 8480//909 8551//934
f 8479//61 8551//934 8550//1114
f 8480//909 8481//1503 8552//934
f 8480//909 8552//934 8551//934
f 8481//1503 8482//945 8553//1006
f 8481//1503 8553//1006 8552//934
f 8482//945 8483//945 8554//945
f 8482//945 8554//945 8553//1006
f 8483//945 8484//1151 8555//945
f 8483//945 8555//945 8554//945
f 8484//1151 8485//1006 8556//357
f 8484//1151 8556//357 8555//945
f 8485//1006 8486//61 8556//357
f 8556//357 8486//61 8557//77
f 8486//61 8487//1504 8557//77
f 8557//77 8487//1504 8558//1511
f 8487//1504 8488//1505 8558//1511
f 8558//1511 8488//1505 8559//1512
f 8489//1506 8490//1507 8560//1513
f 8560//1513 8490//1507 8561//1514
f 8490//1507 8491//239 8561//1514
f 8561//1514 8491//239 8562//253
f 8491//239 8492//1508 8563//254
f 8491//239 8563//254 8562//253
f 8492//1508 8493//1509 8564//929
f 8492//1508 8564//929 8563//254
f 8493//1509 8494//1122 8565//1502
f 8493//1509 8565//1502 8564//929
f 8494//1122 8495//1194 8565//1502
f 8565//1502 8495//1194 8566//680
f 8495//1194 8496//1113 8567//680
f 8495//1194 8567//680 8566//680
f 8496//1113 8497//862 8568//665
f 8496//1113 8568//665 8567//680
f 8497//862 8498//680 8569//769
f 8497//862 8569//769 8568//665
f 8498//680 8499//769 8569//769
f 8569//769 8499//769 8570//664
f 8499//769 8500//94 8570//664
f 8570//664 8500//94 8571//171
f 8500//94 8501//775 8571//171
f 8571//171 8501//775 8572//58
f 8501//775 8502//171 8573//1331
f 8501//775 8573//1331 8572//58
f 8502//171 8503//58 8574//186
f 8502//171 8574//186 8573//1331
f 8503//58 8504//185 8574//186
f 8574//186 8504//185 8575//94
f 8504//185 8505//186 8575//94
f 8575//94 8505//186 8576//94
f 8505//186 8506//94 8576//94
f 8576//94 8506//94 8577//94
f 8506//94 8507//94 8577//94
f 8577//94 8507//94 8578//94
f 8507//94 8508//94 8578//94
f 8578//94 8508//94 8579//170
f 8508//94 8509//94 8579//170
f 8579//170 8509//94 8580//1331
f 8509//94 8510//58 8580//1331
f 8580//1331 8510//58 8581//58
f 8510//58 8511//58 8581//58
f 8581//58 8511//58 8582//58
f 8511//58 8512//58 8582//58
f 8582//58 8512//58 8583//58
f 8512//58 8513//58 8583//58
f 8583//58 8513//58 8584//58
f 8513//58 8514//58 8584//58
f 8584//58 8514//58 8585//58
f 8514//58 8515//94 8585//58
f 8585//58 8515//94 8586//94
f 8515//94 8516//94 8586//94
f 8586//94 8516//94 8587//94
f 8516//94 8517//58 8587//94
f 8587//94 8517//58 8588//58
f 8517//58 8518//58 8588//58
f 8588//58 8518//58 8589//58
f 8518//58 8519//94 8589//58
f 8589//58 8519//94 8590//170
f 8519//94 8520//94 8590//170
f 8590//170 8520//94 8591//171
f 8520//94 8521//58 8591//171
f 8591//171 8521//58 8592//58
f 8521//58 8522//58 8592//58
f 8592//58 8522//58 8593//58
f 8522//58 8523//58 8593//58
f 8593//58 8523//58 8594//58
f 8523//58 8524//58 8594//58
f 8594//58 8524//58 8595//58
f 8524//58 8525//76 8595//58
f 8595//58 8525//76 8596//76
f 8525//76 8526//77 8596//76
f 8596//76 8526//77 8597//77
f 8526//77 8527//58 8597//77
f 8597//77 8527//58 8598//58
f 8527//58 8528//58 8598//58
f 8598//58 8528//58 8599//58
f 8528//58 8529//58 8599//58
f 8599//58 8529//58 8600//58
f 8529//58 8530//58 8600//58
f 8600//58 8530//58 8601//58
f 8530//58 8531//58 8601//58
f 8601//58 8531//58 8602//58
f 8531//58 8532//58 8602//58
f 8602//58 8532//58 8603//58
f 8532//58 8533//58 8603//58
f 8603//58 8533//58 8604//58
f 8533//58 8534//58 8604//58
f 8604//58 8534//58 8605//58
f 8534//58 8535//127 8605//58
f 8605//58 8535//127 8606//58
f 8535//127 8536//1510 8606//58
f 8606//58 8536//1510 8607//74
f 8536//1510 8537//97 8607//74
f 8607//74 8537//97 8608//75
f 8537//97 8538//58 8608//75
f 8608//75 8538//58 8609//58
f 8538//58 8539//58 8609//58
f 8609//58 8539//58 8610//58
f 8539//58 8540//211 8610//58
f 8610//58 8540//211 8611//58
f 8540//211 8541//211 8612//59
f 8540//211 8612//59 8611//58
f 8541//211 8542//58 8613//74
f 8541//211 8613//74 8612//59
f 8542//58 8543//58 8613//74
f 8613//74 8543//58 8614//58
f 8543//58 8544//58 8614//58
f 8614//58 8544//58 8615//58
f 8544//58 8545//59 8615//58
f 8615//58 8545//59 8616//76
f 8545//59 8546//470 8616//76
f 8616//76 8546//470 8617//378
f 8546//470 8547//909 8618//211
f 8546//470 8618//211 8617//378
f 8547//909 8548//58 8619//211
f 8547//909 8619//211 8618//211
f 8548//58 8549//211 8619//211
f 8619//211 8549//211 8620//58
f 8549//211 8550//1114 8621//259
f 8549//211 8621//259 8620//58
f 8550//1114 8551//934 8622//61
f 8550//1114 8622//61 8621//259
f 8551//934 8552//934 8623//211
f 8551//934 8623//211 8622//61
f 8552//934 8553//1006 8624//316
f 8552//934 8624//316 8623//211
f 8553//1006 8554//945 8624//316
f 8624//316 8554//945 8625//471
f 8554//945 8555//945 8625//471
f 8625//471 8555//945 8626//360
f 8555//945 8556//357 8626//360
f 8626//360 8556//357 8627//360
f 8556//357 8557//77 8627//360
f 8627//360 8557//77 8628//1515
f 8557//77 8558//1511 8628//1515
f 8628//1515 8558//1511 8629//1516
f 8558//1511 8559//1512 8629//1516
f 8630//1517 8560//1513 8631//1518
f 8560//1513 8561//1514 8631//1518
f 8631//1518 8561//1514 8632//1519
f 8561//1514 8562//253 8633//1520
f 8561//1514 8633//1520 8632//1519
f 8562//253 8563//254 8634//242
f 8562//253 8634//242 8633//1520
f 8563//254 8564//929 8634//242
f 8634//242 8564//929 8635//1521
f 8564//929 8565//1502 8636//1509
f 8564//929 8636//1509 8635//1521
f 8565//1502 8566//680 8637//1122
f 8565//1502 8637//1122 8636//1509
f 8566//680 8567//680 8638//664
f 8566//680 8638//664 8637//1122
f 8567//680 8568//665 8638//664
f 8638//664 8568//665 8639//612
f 8568//665 8569//769 8639//612
f 8639//612 8569//769 8640//851
f 8569//769 8570//664 8640//851
f 8640//851 8570//664 8641//603
f 8570//664 8571//171 8642//185
f 8570//664 8642//185 8641//603
f 8571//171 8572//58 8643//186
f 8571//171 8643//186 8642//185
f 8572//58 8573//1331 8643//186
f 8643//186 8573//1331 8644//94
f 8573//1331 8574//186 8644//94
f 8644//94 8574//186 8645//94
f 8574//186 8575//94 8645//94
f 8645//94 8575//94 8646//94
f 8575//94 8576//94 8646//94
f 8646//94 8576//94 8647//94
f 8576//94 8577//94 8647//94
f 8647//94 8577//94 8648//94
f 8577//94 8578//94 8648//94
f 8648//94 8578//94 8649//94
f 8578//94 8579//170 8649//94
f 8649//94 8579//170 8650//58
f 8579//170 8580//1331 8651//1401
f 8579//170 8651//1401 8650//58
f 8580//1331 8581//58 8652//654
f 8580//1331 8652//654 8651//1401
f 8581//58 8582//58 8652//654
f 8652//654 8582//58 8653//58
f 8582//58 8583//58 8653//58
f 8653//58 8583//58 8654//58
f 8583//58 8584//58 8654//58
f 8654//58 8584//58 8655//58
f 8584//58 8585//58 8655//58
f 8655//58 8585//58 8656//58
f 8585//58 8586//94 8656//58
f 8656//58 8586//94 8657//125
f 8586//94 8587//94 8657//125
f 8657//125 8587//94 8658//543
f 8587//94 8588//58 8658//543
f 8658//543 8588//58 8659//58
f 8588//58 8589//58 8659//58
f 8659//58 8589//58 8660//58
f 8589//58 8590//170 8660//58
f 8660//58 8590//170 8661//58
f 8590//170 8591//171 8662//200
f 8590//170 8662//200 8661//58
f 8591//171 8592//58 8663//1181
f 8591//171 8663//1181 8662//200
f 8592//58 8593//58 8663//1181
f 8663//1181 8593//58 8664//698
f 8593//58 8594//58 8664//698
f 8664//698 8594//58 8665//709
f 8594//58 8595//58 8665//709
f 8665//709 8595//58 8666//58
f 8595//58 8596//76 8666//58
f 8666//58 8596//76 8667//76
f 8596//76 8597//77 8667//76
f 8667//76 8597//77 8668//77
f 8597//77 8598//58 8668//77
f 8668//77 8598//58 8669//58
f 8598//58 8599//58 8669//58
f 8669//58 8599//58 8670//589
f 8599//58 8600//58 8670//589
f 8670//589 8600//58 8671//58
f 8600//58 8601//58 8671//58
f 8671//58 8601//58 8672//58
f 8601//58 8602//58 8672//58
f 8672//58 8602//58 8673//58
f 8602//58 8603//58 8673//58
f 8673//58 8603//58 8674//58
f 8603//58 8604//58 8674//58
f 8674//58 8604//58 8675//58
f 8604//58 8605//58 8675//58
f 8675//58 8605//58 8676//58
f 8605//58 8606//58 8676//58
f 8676//58 8606//58 8677//58
f 8606//58 8607//74 8677//58
f 8677//58 8607//74 8678//58
f 8607//74 8608//75 8679//212
f 8607//74 8679//212 8678//58
f 8608//75 8609//58 8680//212
f 8608//75 8680//212 8679//212
f 8609//58 8610//58 8680//212
f 8680//212 8610//58 8681//58
f 8610//58 8611//58 8681//58
f 8681//58 8611//58 8682//58
f 8611//58 8612//59 8682//58
f 8682//58 8612//59 8683//76
f 8612//59 8613//74 8683//76
f 8683//76 8613//74 8684//77
f 8613//74 8614//58 8684//77
f 8684//77 8614//58 8685//58
f 8614//58 8615//58 8685//58
f 8685//58 8615//58 8686//58
f 8615//58 8616//76 8686//58
f 8686//58 8616//76 8687//74
f 8616//76 8617//378 8687//74
f 8687//74 8617//378 8688//75
f 8617//378 8618//211 8688//75
f 8688//75 8618//211 8689//58
f 8618//211 8619//211 8690//211
f 8618//211 8690//211 8689//58
f 8619//211 8620//58 8691//211
f 8619//211 8691//211 8690//211
f 8620//58 8621//259 8691//211
f 8691//211 8621//259 8692//61
f 8621//259 8622//61 8692//61
f 8692//61 8622//61 8693//1339
f 8622//61 8623//211 8693//1339
f 8693//1339 8623//211 8694//1005
f 8623//211 8624//316 8695//934
f 8623//211 8695//934 8694//1005
f 8624//316 8625//471 8696//1522
f 8624//316 8696//1522 8695//934
f 8625//471 8626//360 8697//1523
f 8625//471 8697//1523 8696//1522
f 8626//360 8627//360 8697//1523
f 8697//1523 8627//360 8698//1524
f 8627//360 8628//1515 8698//1524
f 8698//1524 8628//1515 8699//1525
f 8628//1515 8629//1516 8699//1525
f 8630//1517 8631//1518 8700//1526
f 8700//1526 8631//1518 8701//1527
f 8631//1518 8632//1519 8702//1528
f 8631//1518 8702//1528 8701//1527
f 8632//1519 8633//1520 8703//1528
f 8632//1519 8703//1528 8702//1528
f 8633//1520 8634//242 8704//1529
f 8633//1520 8704//1529 8703//1528
f 8634//242 8635//1521 8705//420
f 8634//242 8705//420 8704//1529
f 8635//1521 8636//1509 8706//1483
f 8635//1521 8706//1483 8705//420
f 8636//1509 8637//1122 8707//1268
f 8636//1509 8707//1268 8706//1483
f 8637//1122 8638//664 8707//1268
f 8707//1268 8638//664 8708//848
f 8638//664 8639//612 8708//848
f 8708//848 8639//612 8709//665
f 8639//612 8640//851 8709//665
f 8709//665 8640//851 8710//665
f 8640//851 8641//603 8710//665
f 8710//665 8641//603 8711//708
f 8641//603 8642//185 8711//708
f 8711//708 8642//185 8712//1180
f 8642//185 8643//186 8712//1180
f 8712//1180 8643//186 8713//171
f 8643//186 8644//94 8713//171
f 8713//171 8644//94 8714//638
f 8644//94 8645//94 8714//638
f 8714//638 8645//94 8715//94
f 8645//94 8646//94 8715//94
f 8715//94 8646//94 8716//94
f 8646//94 8647//94 8716//94
f 8716//94 8647//94 8717//94
f 8647//94 8648//94 8717//94
f 8717//94 8648//94 8718//125
f 8648//94 8649//94 8718//125
f 8718//125 8649//94 8719//110
f 8649//94 8650//58 8719//110
f 8719//110 8650//58 8720//95
f 8650//58 8651//1401 8720//95
f 8720//95 8651//1401 8721//125
f 8651//1401 8652//654 8721//125
f 8721//125 8652//654 8722//58
f 8652//654 8653//58 8722//58
f 8722//58 8653//58 8723//58
f 8653//58 8654//58 8723//58
f 8723//58 8654//58 8724//58
f 8654//58 8655//58 8724//58
f 8724//58 8655//58 8725//58
f 8655//58 8656//58 8725//58
f 8725//58 8656//58 8726//572
f 8656//58 8657//125 8726//572
f 8726//572 8657//125 8727//109
f 8657//125 8658//543 8727//109
f 8727//109 8658//543 8728//58
f 8658//543 8659//58 8728//58
f 8728//58 8659//58 8729//58
f 8659//58 8660//58 8729//58
f 8729//58 8660//58 8730//58
f 8660//58 8661//58 8730//58
f 8730//58 8661//58 8731//58
f 8661//58 8662//200 8731//58
f 8731//58 8662//200 8732//58
f 8662//200 8663//1181 8733//386
f 8662//200 8733//386 8732//58
f 8663//1181 8664//698 8733//386
f 8733//386 8664//698 8734//698
f 8664//698 8665//709 8734//698
f 8734//698 8665//709 8735//1530
f 8665//709 8666//58 8736//200
f 8665//709 8736//200 8735//1530
f 8666//58 8667//76 8736//200
f 8736//200 8667//76 8737//172
f 8667//76 8668//77 8737//172
f 8737//172 8668//77 8738//77
f 8668//77 8669//58 8738//77
f 8738//77 8669//58 8739//95
f 8669//58 8670//589 8739//95
f 8739//95 8670//589 8740//96
f 8670//589 8671//58 8741//74
f 8670//589 8741//74 8740//96
f 8671//58 8672//58 8741//74
f 8741//74 8672//58 8742//58
f 8672//58 8673//58 8742//58
f 8742//58 8673//58 8743//58
f 8673//58 8674//58 8743//58
f 8743//58 8674//58 8744//58
f 8674//58 8675//58 8744//58
f 8744//58 8675//58 8745//58
f 8675//58 8676//58 8745//58
f 8745//58 8676//58 8746//58
f 8676//58 8677//58 8746//58
f 8746//58 8677//58 8747//58
f 8677//58 8678//58 8747//58
f 8747//58 8678//58 8748//58
f 8678//58 8679//212 8748//58
f 8748//58 8679//212 8749//58
f 8679//212 8680//212 8750//259
f 8679//212 8750//259 8749//58
f 8680//212 8681//58 8751//60
f 8680//212 8751//60 8750//259
f 8681//58 8682//58 8751//60
f 8751//60 8682//58 8752//58
f 8682//58 8683//76 8752//58
f 8752//58 8683//76 8753//74
f 8683//76 8684//77 8753//74
f 8753//74 8684//77 8754//75
f 8684//77 8685//58 8754//75
f 8754//75 8685//58 8755//58
f 8685//58 8686//58 8755//58
f 8755//58 8686//58 8756//58
f 8686//58 8687//74 8756//58
f 8756//58 8687//74 8757//58
f 8687//74 8688//75 8758//59
f 8687//74 8758//59 8757//58
f 8688//75 8689//58 8759//97
f 8688//75 8759//97 8758//59
f 8689//58 8690//211 8759//97
f 8759//97 8690//211 8760//58
f 8690//211 8691//211 8761//59
f 8690//211 8761//59 8760//58
f 8691//211 8692//61 8762//61
f 8691//211 8762//61 8761//59
f 8692//61 8693//1339 8763//292
f 8692//61 8763//292 8762//61
f 8693//1339 8694//1005 8763//292
f 8763//292 8694//1005 8764//317
f 8694//1005 8695//934 8765//1531
f 8694//1005 8765//1531 8764//317
f 8695//934 8696//1522 8766//1532
f 8695//934 8766//1532 8765//1531
f 8696//1522 8697//1523 8766//1532
f 8766//1532 8697//1523 8767//1533
f 8697//1523 8698//1524 8767//1533
f 8767//1533 8698//1524 8768//1534
f 8698//1524 8699//1525 8768//1534
f 8700//1526 8701//1527 8769//1535
f 8769//1535 8701//1527 8770//1536
f 8701//1527 8702//1528 8771//421
f 8701//1527 8771//421 8770//1536
f 8702//1528 8703//1528 8772//1537
f 8702//1528 8772//1537 8771//421
f 8703//1528 8704//1529 8773//1538
f 8703//1528 8773//1538 8772//1537
f 8704//1529 8705//420 8774//421
f 8704//1529 8774//421 8773//1538
f 8705//420 8706//1483 8775//1492
f 8705//420 8775//1492 8774//421
f 8706//1483 8707//1268 8776//1315
f 8706//1483 8776//1315 8775//1492
f 8707//1268 8708//848 8777//1159
f 8707//1268 8777//1159 8776//1315
f 8708//848 8709//665 8778//680
f 8708//848 8778//680 8777//1159
f 8709//665 8710//665 8779//665
f 8709//665 8779//665 8778//680
f 8710//665 8711//708 8780//1180
f 8710//665 8780//1180 8779//665
f 8711//708 8712//1180 8780//1180
f 8780//1180 8712//1180 8781//708
f 8712//1180 8713//171 8782//665
f 8712//1180 8782//665 8781//708
f 8713//171 8714//638 8783//664
f 8713//171 8783//664 8782//665
f 8714//638 8715//94 8783//664
f 8783//664 8715//94 8784//94
f 8715//94 8716//94 8784//94
f 8784//94 8716//94 8785//94
f 8716//94 8717//94 8785//94
f 8785//94 8717//94 8786//586
f 8717//94 8718//125 8786//586
f 8786//586 8718//125 8787//667
f 8718//125 8719//110 8787//667
f 8787//667 8719//110 8788//58
f 8719//110 8720//95 8788//58
f 8788//58 8720//95 8789//170
f 8720//95 8721//125 8789//170
f 8789//170 8721//125 8790//1331
f 8721//125 8722//58 8790//1331
f 8790//1331 8722//58 8791//58
f 8722//58 8723//58 8791//58
f 8791//58 8723//58 8792//58
f 8723//58 8724//58 8792//58
f 8792//58 8724//58 8793//58
f 8724//58 8725//58 8793//58
f 8793//58 8725//58 8794//58
f 8725//58 8726//572 8794//58
f 8794//58 8726//572 8795//170
f 8726//572 8727//109 8795//170
f 8795//170 8727//109 8796//171
f 8727//109 8728//58 8796//171
f 8796//171 8728//58 8797//58
f 8728//58 8729//58 8797//58
f 8797//58 8729//58 8798//58
f 8729//58 8730//58 8798//58
f 8798//58 8730//58 8799//58
f 8730//58 8731//58 8799//58
f 8799//58 8731//58 8800//58
f 8731//58 8732//58 8800//58
f 8800//58 8732//58 8801//58
f 8732//58 8733//386 8801//58
f 8801//58 8733//386 8802//58
f 8733//386 8734//698 8802//58
f 8802//58 8734//698 8803//58
f 8734//698 8735//1530 8803//58
f 8803//58 8735//1530 8804//58
f 8735//1530 8736//200 8805//200
f 8735//1530 8805//200 8804//58
f 8736//200 8737//172 8806//642
f 8736//200 8806//642 8805//200
f 8737//172 8738//77 8806//642
f 8806//642 8738//77 8807//397
f 8738//77 8739//95 8807//397
f 8807//397 8739//95 8808//170
f 8739//95 8740//96 8808//170
f 8808//170 8740//96 8809//1539
f 8740//96 8741//74 8809//1539
f 8809//1539 8741//74 8810//397
f 8741//74 8742//58 8810//397
f 8810//397 8742//58 8811//58
f 8742//58 8743//58 8811//58
f 8811//58 8743//58 8812//58
f 8743//58 8744//58 8812//58
f 8812//58 8744//58 8813//58
f 8744//58 8745//58 8813//58
f 8813//58 8745//58 8814//58
f 8745//58 8746//58 8814//58
f 8814//58 8746//58 8815//58
f 8746//58 8747//58 8815//58
f 8815//58 8747//58 8816//58
f 8747//58 8748//58 8816//58
f 8816//58 8748//58 8817//58
f 8748//58 8749//58 8817//58
f 8817//58 8749//58 8818//58
f 8749//58 8750//259 8818//58
f 8818//58 8750//259 8819//77
f 8750//259 8751//60 8819//77
f 8819//77 8751//60 8820//76
f 8751//60 8752//58 8820//76
f 8820//76 8752//58 8821//58
f 8752//58 8753//74 8821//58
f 8821//58 8753//74 8822//58
f 8753//74 8754//75 8823//259
f 8753//74 8823//259 8822//58
f 8754//75 8755//58 8824//60
f 8754//75 8824//60 8823//259
f 8755//58 8756//58 8824//60
f 8824//60 8756//58 8825//58
f 8756//58 8757//58 8825//58
f 8825//58 8757//58 8826//58
f 8757//58 8758//59 8826//58
f 8826//58 8758//59 8827//76
f 8758//59 8759//97 8827//76
f 8827//76 8759//97 8828//77
f 8759//97 8760//58 8828//77
f 8828//77 8760//58 8829//58
f 8760//58 8761//59 8829//58
f 8829//58 8761//59 8830//74
f 8761//59 8762//61 8830//74
f 8830//74 8762//61 8831//291
f 8762//61 8763//292 8831//291
f 8831//291 8763//292 8832//39
f 8763//292 8764//317 8832//39
f 8832//39 8764//317 8833//1540
f 8764//317 8765//1531 8833//1540
f 8833//1540 8765//1531 8834//1541
f 8765//1531 8766//1532 8834//1541
f 8834//1541 8766//1532 8835//1542
f 8766//1532 8767//1533 8835//1542
f 8836//1543 8769//1535 8837//1544
f 8769//1535 8770//1536 8837//1544
f 8837//1544 8770//1536 8838//1393
f 8770//1536 8771//421 8839//717
f 8770//1536 8839//717 8838//1393
f 8771//421 8772//1537 8840//1545
f 8771//421 8840//1545 8839//717
f 8772//1537 8773//1538 8841//1546
f 8772//1537 8841//1546 8840//1545
f 8773//1538 8774//421 8842//480
f 8773//1538 8842//480 8841//1546
f 8774//421 8775//1492 8843//1547
f 8774//421 8843//1547 8842//480
f 8775//1492 8776//1315 8844//978
f 8775//1492 8844//978 8843//1547
f 8776//1315 8777//1159 8845//979
f 8776//1315 8845//979 8844//978
f 8777//1159 8778//680 8846//664
f 8777//1159 8846//664 8845//979
f 8778//680 8779//665 8846//664
f 8846//664 8779//665 8847//613
f 8779//665 8780//1180 8847//613
f 8847//613 8780//1180 8848//171
f 8780//1180 8781//708 8848//171
f 8848//171 8781//708 8849//603
f 8781//708 8782//665 8849//603
f 8849//603 8782//665 8850//851
f 8782//665 8783//664 8850//851
f 8850//851 8783//664 8851//769
f 8783//664 8784//94 8851//769
f 8851//769 8784//94 8852//171
f 8784//94 8785//94 8852//171
f 8852//171 8785//94 8853//603
f 8785//94 8786//586 8853//603
f 8853//603 8786//586 8854//720
f 8786//586 8787//667 8855//185
f 8786//586 8855//185 8854//720
f 8787//667 8788//58 8856//186
f 8787//667 8856//186 8855//185
f 8788//58 8789//170 8856//186
f 8856//186 8789//170 8857//58
f 8789//170 8790//1331 8858//185
f 8789//170 8858//185 8857//58
f 8790//1331 8791//58 8859//1408
f 8790//1331 8859//1408 8858//185
f 8791//58 8792//58 8859//1408
f 8859//1408 8792//58 8860//58
f 8792//58 8793//58 8860//58
f 8860//58 8793//58 8861//58
f 8793//58 8794//58 8861//58
f 8861//58 8794//58 8862//58
f 8794//58 8795//170 8862//58
f 8862//58 8795//170 8863//58
f 8795//170 8796//171 8864//185
f 8795//170 8864//185 8863//58
f 8796//171 8797//58 8865//186
f 8796//171 8865//186 8864//185
f 8797//58 8798//58 8865//186
f 8865//186 8798//58 8866//58
f 8798//58 8799//58 8866//58
f 8866//58 8799//58 8867//58
f 8799//58 8800//58 8867//58
f 8867//58 8800//58 8868//58
f 8800//58 8801//58 8868//58
f 8868//58 8801//58 8869//58
f 8801//58 8802//58 8869//58
f 8869//58 8802//58 8870//58
f 8802//58 8803//58 8870//58
f 8870//58 8803//58 8871//58
f 8803//58 8804//58 8871//58
f 8871//58 8804//58 8872//58
f 8804//58 8805//200 8872//58
f 8872//58 8805//200 8873//58
f 8805//200 8806//642 8874//493
f 8805//200 8874//493 8873//58
f 8806//642 8807//397 8874//493
f 8874//493 8807//397 8875//58
f 8807//397 8808//170 8875//58
f 8875//58 8808//170 8876//58
f 8808//170 8809//1539 8877//493
f 8808//170 8877//493 8876//58
f 8809//1539 8810//397 8877//493
f 8877//493 8810//397 8878//58
f 8810//397 8811//58 8878//58
f 8878//58 8811//58 8879//58
f 8811//58 8812//58 8879//58
f 8879//58 8812//58 8880//58
f 8812//58 8813//58 8880//58
f 8880//58 8813//58 8881//58
f 8813//58 8814//58 8881//58
f 8881//58 8814//58 8882//58
f 8814//58 8815//58 8882//58
f 8882//58 8815//58 8883//58
f 8815//58 8816//58 8883//58
f 8883//58 8816//58 8884//58
f 8816//58 8817//58 8884//58
f 8884//58 8817//58 8885//58
f 8817//58 8818//58 8885//58
f 8885//58 8818//58 8886//58
f 8818//58 8819//77 8886//58
f 8886//58 8819//77 8887//77
f 8819//77 8820//76 8887//77
f 8887//77 8820//76 8888//76
f 8820//76 8821//58 8888//76
f 8888//76 8821//58 8889//58
f 8821//58 8822//58 8889//58
f 8889//58 8822//58 8890//58
f 8822//58 8823//259 8890//58
f 8890//58 8823//259 8891//76
f 8823//259 8824//60 8891//76
f 8891//76 8824//60 8892//76
f 8824//60 8825//58 8892//76
f 8892//76 8825//58 8893//1548
f 8825//58 8826//58 8893//1548
f 8893//1548 8826//58 8894//1549
f 8826//58 8827//76 8894//1549
f 8894//1549 8827//76 8895//1550
f 8827//76 8828//77 8895//1550
f 8895//1550 8828//77 8896//398
f 8828//77 8829//58 8896//398
f 8896//398 8829//58 8897//58
f 8829//58 8830//74 8897//58
f 8897//58 8830//74 8898//1551
f 8830//74 8831//291 8899//1552
f 8830//74 8899//1552 8898//1551
f 8831//291 8832//39 8899//1552
f 8899//1552 8832//39 8900//1553
f 8832//39 8833//1540 8900//1553
f 8900//1553 8833//1540 8901//1554
f 8833//1540 8834//1541 8901//1554
f 8836//1543 8837//1544 8902//1555
f 8837//1544 8838//1393 8903//1556
f 8837//1544 8903//1556 8902//1555
f 8838//1393 8839//717 8903//1556
f 8903//1556 8839//717 8904//228
f 8839//717 8840//1545 8904//228
f 8904//228 8840//1545 8905//1557
f 8840//1545 8841//1546 8906//1558
f 8840//1545 8906//1558 8905//1557
f 8841//1546 8842//480 8907//1520
f 8841//1546 8907//1520 8906//1558
f 8842//480 8843//1547 8908//480
f 8842//480 8908//480 8907//1520
f 8843//1547 8844//978 8909//1559
f 8843//1547 8909//1559 8908//480
f 8844//978 8845//979 8910//1502
f 8844//978 8910//1502 8909//1559
f 8845//979 8846//664 8910//1502
f 8910//1502 8846//664 8911//665
f 8846//664 8847//613 8911//665
f 8911//665 8847//613 8912//680
f 8847//613 8848//171 8913//1170
f 8847//613 8913//1170 8912//680
f 8848//171 8849//603 8914//849
f 8848//171 8914//849 8913//1170
f 8849//603 8850//851 8914//849
f 8914//849 8850//851 8915//665
f 8850//851 8851//769 8915//665
f 8915//665 8851//769 8916//1560
f 8851//769 8852//171 8917//680
f 8851//769 8917//680 8916//1560
f 8852//171 8853//603 8918//943
f 8852//171 8918//943 8917//680
f 8853//603 8854//720 8918//943
f 8918//943 8854//720 8919//1331
f 8854//720 8855//185 8919//1331
f 8919//1331 8855//185 8920//720
f 8855//185 8856//186 8920//720
f 8920//720 8856//186 8921//94
f 8856//186 8857//58 8921//94
f 8921//94 8857//58 8922//58
f 8857//58 8858//185 8922//58
f 8922//58 8858//185 8923//94
f 8858//185 8859//1408 8923//94
f 8923//94 8859//1408 8924//94
f 8859//1408 8860//58 8924//94
f 8924//94 8860//58 8925//58
f 8860//58 8861//58 8925//58
f 8925//58 8861//58 8926//58
f 8861//58 8862//58 8926//58
f 8926//58 8862//58 8927//58
f 8862//58 8863//58 8927//58
f 8927//58 8863//58 8928//58
f 8863//58 8864//185 8928//58
f 8928//58 8864//185 8929//125
f 8864//185 8865//186 8929//125
f 8929//125 8865//186 8930//543
f 8865//186 8866//58 8930//543
f 8930//543 8866//58 8931//58
f 8866//58 8867//58 8931//58
f 8931//58 8867//58 8932//58
f 8867//58 8868//58 8932//58
f 8932//58 8868//58 8933//58
f 8868//58 8869//58 8933//58
f 8933//58 8869//58 8934//58
f 8869//58 8870//58 8934//58
f 8934//58 8870//58 8935//58
f 8870//58 8871//58 8935//58
f 8935//58 8871//58 8936//58
f 8871//58 8872//58 8936//58
f 8936//58 8872//58 8937//58
f 8872//58 8873//58 8937//58
f 8937//58 8873//58 8938//58
f 8873//58 8874//493 8938//58
f 8938//58 8874//493 8939//58
f 8874//493 8875//58 8939//58
f 8939//58 8875//58 8940//58
f 8875//58 8876//58 8940//58
f 8940//58 8876//58 8941//58
f 8876//58 8877//493 8941//58
f 8941//58 8877//493 8942//589
f 8877//493 8878//58 8942//589
f 8942//589 8878//58 8943//58
f 8878//58 8879//58 8943//58
f 8943//58 8879//58 8944//58
f 8879//58 8880//58 8944//58
f 8944//58 8880//58 8945//58
f 8880//58 8881//58 8945//58
f 8945//58 8881//58 8946//58
f 8881//58 8882//58 8946//58
f 8946//58 8882//58 8947//58
f 8882//58 8883//58 8947//58
f 8947//58 8883//58 8948//58
f 8883//58 8884//58 8948//58
f 8948//58 8884//58 8949//58
f 8884//58 8885//58 8949//58
f 8949//58 8885//58 8950//58
f 8885//58 8886//58 8950//58
f 8950//58 8886//58 8951//58
f 8886//58 8887//77 8951//58
f 8951//58 8887//77 8952//77
f 8887//77 8888//76 8952//77
f 8952//77 8888//76 8953//76
f 8888//76 8889//58 8953//76
f 8953//76 8889//58 8954//58
f 8889//58 8890//58 8954//58
f 8954//58 8890//58 8955//472
f 8890//58 8891//76 8955//472
f 8955//472 8891//76 8956//491
f 8891//76 8892//76 8956//491
f 8956//491 8892//76 8957//1561
f 8892//76 8893//1548 8957//1561
f 8957//1561 8893//1548 8958//1562
f 8893//1548 8894//1549 8958//1562
f 8958//1562 8894//1549 8959//1563
f 8894//1549 8895//1550 8959//1563
f 8959//1563 8895//1550 8960//1564
f 8895//1550 8896//398 8961//1565
f 8895//1550 8961//1565 8960//1564
f 8896//398 8897//58 8961//1565
f 8961//1565 8897//58 8962//1566
f 8897//58 8898//1551 8962//1566
f 8962//1566 8898//1551 8963//1567
f 8898//1551 8899//1552 8963//1567
f 8963//1567 8899//1552 8964//1568
f 8899//1552 8900//1553 8964//1568
f 8964//1568 8900//1553 8965//1569
f 8900//1553 8901//1554 8965//1569
f 8902//1555 8903//1556 8966//548
f 8966//548 8903//1556 8967//1570
f 8903//1556 8904//228 8967//1570
f 8967//1570 8904//228 8968//182
f 8904//228 8905//1557 8969//403
f 8904//228 8969//403 8968//182
f 8905//1557 8906//1558 8970//1558
f 8905//1557 8970//1558 8969//403
f 8906//1558 8907//1520 8971//1571
f 8906//1558 8971//1571 8970//1558
f 8907//1520 8908//480 8972//1520
f 8907//1520 8972//1520 8971//1571
f 8908//480 8909//1559 8973//1492
f 8908//480 8973//1492 8972//1520
f 8909//1559 8910//1502 8974//1572
f 8909//1559 8974//1572 8973//1492
f 8910//1502 8911//665 8975//1113
f 8910//1502 8975//1113 8974//1572
f 8911//665 8912//680 8976//1122
f 8911//665 8976//1122 8975//1113
f 8912//680 8913//1170 8977//871
f 8912//680 8977//871 8976//1122
f 8913//1170 8914//849 8978//185
f 8913//1170 8978//185 8977//871
f 8914//849 8915//665 8979//665
f 8914//849 8979//665 8978//185
f 8915//665 8916//1560 8980//665
f 8915//665 8980//665 8979//665
f 8916//1560 8917//680 8981//943
f 8916//1560 8981//943 8980//665
f 8917//680 8918//943 8981//943
f 8981//943 8918//943 8982//680
f 8918//943 8919//1331 8983//680
f 8918//943 8983//680 8982//680
f 8919//1331 8920//720 8984//943
f 8919//1331 8984//943 8983//680
f 8920//720 8921//94 8984//943
f 8984//943 8921//94 8985//171
f 8921//94 8922//58 8985//171
f 8985//171 8922//58 8986//58
f 8922//58 8923//94 8986//58
f 8986//58 8923//94 8987//94
f 8923//94 8924//94 8987//94
f 8987//94 8924//94 8988//94
f 8924//94 8925//58 8988//94
f 8988//94 8925//58 8989//58
f 8925//58 8926//58 8989//58
f 8989//58 8926//58 8990//58
f 8926//58 8927//58 8990//58
f 8990//58 8927//58 8991//58
f 8927//58 8928//58 8991//58
f 8991//58 8928//58 8992//572
f 8928//58 8929//125 8992//572
f 8992//572 8929//125 8993//109
f 8929//125 8930//543 8993//109
f 8993//109 8930//543 8994//58
f 8930//543 8931//58 8994//58
f 8994//58 8931//58 8995//58
f 8931//58 8932//58 8995//58
f 8995//58 8932//58 8996//58
f 8932//58 8933//58 8996//58
f 8996//58 8933//58 8997//58
f 8933//58 8934//58 8997//58
f 8997//58 8934//58 8998//58
f 8934//58 8935//58 8998//58
f 8998//58 8935//58 8999//58
f 8935//58 8936//58 8999//58
f 8999//58 8936//58 9000//58
f 8936//58 8937//58 9000//58
f 9000//58 8937//58 9001//58
f 8937//58 8938//58 9001//58
f 9001//58 8938//58 9002//58
f 8938//58 8939//58 9002//58
f 9002//58 8939//58 9003//58
f 8939//58 8940//58 9003//58
f 9003//58 8940//58 9004//58
f 8940//58 8941//58 9004//58
f 9004//58 8941//58 9005//654
f 8941//58 8942//589 9005//654
f 9005//654 8942//589 9006//58
f 8942//589 8943//58 9007//450
f 8942//589 9007//450 9006//58
f 8943//58 8944//58 9007//450
f 9007//450 8944//58 9008//58
f 8944//58 8945//58 9008//58
f 9008//58 8945//58 9009//58
f 8945//58 8946//58 9009//58
f 9009//58 8946//58 9010//58
f 8946//58 8947//58 9010//58
f 9010//58 8947//58 9011//58
f 8947//58 8948//58 9011//58
f 9011//58 8948//58 9012//58
f 8948//58 8949//58 9012//58
f 9012//58 8949//58 9013//58
f 8949//58 8950//58 9013//58
f 9013//58 8950//58 9014//58
f 8950//58 8951//58 9014//58
f 9014//58 8951//58 9015//58
f 8951//58 8952//77 9015//58
f 9015//58 8952//77 9016//1573
f 8952//77 8953//76 9016//1573
f 9016//1573 8953//76 9017//1574
f 8953//76 8954//58 9017//1574
f 9017//1574 8954//58 9018//1575
f 8954//58 8955//472 9018//1575
f 9018//1575 8955//472 9019//1576
f 8955//472 8956//491 9019//1576
f 9019//1576 8956//491 9020//1577
f 8956//491 8957//1561 9020//1577
f 9020//1577 8957//1561 9021//1578
f 8957//1561 8958//1562 9021//1578
f 8960//1564 8961//1565 9022//1579
f 8961//1565 8962//1566 9022//1579
f 9022//1579 8962//1566 9023//1580
f 8962//1566 8963//1567 9023//1580
f 8966//548 8967//1570 9024//1581
f 8967//1570 8968//182 9025//1582
f 8967//1570 9025//1582 9024//1581
f 8968//182 8969//403 9025//1582
f 9025//1582 8969//403 9026//1583
f 8969//403 8970//1558 9027//1584
f 8969//403 9027//1584 9026//1583
f 8970//1558 8971//1571 9028//1585
f 8970//1558 9028//1585 9027//1584
f 8971//1571 8972//1520 9029//342
f 8971//1571 9029//342 9028//1585
f 8972//1520 8973//1492 9030//1586
f 8972//1520 9030//1586 9029//342
f 8973//1492 8974//1572 9031//1587
f 8973//1492 9031//1587 9030//1586
f 8974//1572 8975//1113 9032//834
f 8974//1572 9032//834 9031//1587
f 8975//1113 8976//1122 9033//835
f 8975//1113 9033//835 9032//834
f 8976//1122 8977//871 9033//835
f 9033//835 8977//871 9034//1020
f 8977//871 8978//185 9034//1020
f 9034//1020 8978//185 9035//1588
f 8978//185 8979//665 9035//1588
f 9035//1588 8979//665 9036//851
f 8979//665 8980//665 9036//851
f 9036//851 8980//665 9037//664
f 8980//665 8981//943 9037//664
f 9037//664 8981//943 9038//680
f 8981//943 8982//680 9039//680
f 8981//943 9039//680 9038//680
f 8982//680 8983//680 9040//943
f 8982//680 9040//943 9039//680
f 8983//680 8984//943 9040//943
f 9040//943 8984//943 9041//680
f 8984//943 8985//171 9042//680
f 8984//943 9042//680 9041//680
f 8985//171 8986//58 9043//186
f 8985//171 9043//186 9042//680
f 8986//58 8987//94 9043//186
f 9043//186 8987//94 9044//775
f 8987//94 8988//94 9044//775
f 9044//775 8988//94 9045//1020
f 8988//94 8989//58 9045//1020
f 9045//1020 8989//58 9046//386
f 8989//58 8990//58 9046//386
f 9046//386 8990//58 9047//58
f 8990//58 8991//58 9047//58
f 9047//58 8991//58 9048//58
f 8991//58 8992//572 9048//58
f 9048//58 8992//572 9049//94
f 8992//572 8993//109 9049//94
f 9049//94 8993//109 9050//94
f 8993//109 8994//58 9050//94
f 9050//94 8994//58 9051//58
f 8994//58 8995//58 9051//58
f 9051//58 8995//58 9052//58
f 8995//58 8996//58 9052//58
f 9052//58 8996//58 9053//58
f 8996//58 8997//58 9053//58
f 9053//58 8997//58 9054//58
f 8997//58 8998//58 9054//58
f 9054//58 8998//58 9055//589
f 8998//58 8999//58 9055//589
f 9055//589 8999//58 9056//58
f 8999//58 9000//58 9056//58
f 9056//58 9000//58 9057//58
f 9000//58 9001//58 9057//58
f 9057//58 9001//58 9058//58
f 9001//58 9002//58 9058//58
f 9058//58 9002//58 9059//58
f 9002//58 9003//58 9059//58
f 9059//58 9003//58 9060//58
f 9003//58 9004//58 9060//58
f 9060//58 9004//58 9061//58
f 9004//58 9005//654 9061//58
f 9061//58 9005//654 9062//58
f 9005//654 9006//58 9063//493
f 9005//654 9063//493 9062//58
f 9006//58 9007//450 9063//493
f 9063//493 9007//450 9064//58
f 9007//450 9008//58 9064//58
f 9064//58 9008//58 9065//58
f 9008//58 9009//58 9065//58
f 9065//58 9009//58 9066//1589
f 9009//58 9010//58 9066//1589
f 9066//1589 9010//58 9067//1590
f 9010//58 9011//58 9067//1590
f 9067//1590 9011//58 9068//1591
f 9011//58 9012//58 9068//1591
f 9068//1591 9012//58 9069//58
f 9012//58 9013//58 9069//58
f 9069//58 9013//58 9070//58
f 9013//58 9014//58 9070//58
f 9070//58 9014//58 9071//1592
f 9014//58 9015//58 9071//1592
f 9071//1592 9015//58 9072//1593
f 9015//58 9016//1573 9072//1593
f 9072//1593 9016//1573 9073//1594
f 9016//1573 9017//1574 9073//1594
f 9073//1594 9017//1574 9074//1595
f 9017//1574 9018//1575 9074//1595
f 9074//1595 9018//1575 9075//1596
f 9018//1575 9019//1576 9076//1597
f 9018//1575 9076//1597 9075//1596
f 9019//1576 9020//1577 9076//1597
f 9076//1597 9020//1577 9077//1598
f 9020//1577 9021//1578 9077//1598
f 9024//1581 9025//1582 9078//1526
f 9078//1526 9025//1582 9079//1599
f 9025//1582 9026//1583 9079//1599
f 9079//1599 9026//1583 9080//167
f 9026//1583 9027//1584 9080//167
f 9080//167 9027//1584 9081//168
f 9027//1584 9028//1585 9082//1600
f 9027//1584 9082//1600 9081//168
f 9028//1585 9029//342 9083//1601
f 9028//1585 9083//1601 9082//1600
f 9029//342 9030//1586 9084//877
f 9029//342 9084//877 9083//1601
f 9030//1586 9031//1587 9085//692
f 9030//1586 9085//692 9084//877
f 9031//1587 9032//834 9086//1602
f 9031//1587 9086//1602 9085//692
f 9032//834 9033//835 9087//907
f 9032//834 9087//907 9086//1602
f 9033//835 9034//1020 9088//1603
f 9033//835 9088//1603 9087//907
f 9034//1020 9035//1588 9088//1603
f 9088//1603 9035//1588 9089//1476
f 9035//1588 9036//851 9090//835
f 9035//1588 9090//835 9089//1476
f 9036//851 9037//664 9090//835
f 9090//835 9037//664 9091//1374
f 9037//664 9038//680 9092//680
f 9037//664 9092//680 9091//1374
f 9038//680 9039//680 9093//664
f 9038//680 9093//664 9092//680
f 9039//680 9040//943 9093//664
f 9093//664 9040//943 9094//720
f 9040//943 9041//680 9095//185
f 9040//943 9095//185 9094//720
f 9041//680 9042//680 9096//943
f 9041//680 9096//943 9095//185
f 9042//680 9043//186 9096//943
f 9096//943 9043//186 9097//171
f 9043//186 9044//775 9097//171
f 9097//171 9044//775 9098//58
f 9044//775 9045//1020 9099//386
f 9044//775 9099//386 9098//58
f 9045//1020 9046//386 9099//386
f 9099//386 9046//386 9100//1020
f 9046//386 9047//58 9101//186
f 9046//386 9101//186 9100//1020
f 9047//58 9048//58 9101//186
f 9101//186 9048//58 9102//58
f 9048//58 9049//94 9102//58
f 9102//58 9049//94 9103//94
f 9049//94 9050//94 9103//94
f 9103//94 9050//94 9104//94
f 9050//94 9051//58 9104//94
f 9104//94 9051//58 9105//58
f 9051//58 9052//58 9105//58
f 9105//58 9052//58 9106//589
f 9052//58 9053//58 9106//589
f 9106//589 9053//58 9107//58
f 9053//58 9054//58 9107//58
f 9107//58 9054//58 9108//406
f 9054//58 9055//589 9108//406
f 9108//406 9055//589 9109//431
f 9055//589 9056//58 9110//212
f 9055//589 9110//212 9109//431
f 9056//58 9057//58 9110//212
f 9110//212 9057//58 9111//58
f 9057//58 9058//58 9111//58
f 9111//58 9058//58 9112//1589
f 9058//58 9059//58 9112//1589
f 9112//1589 9059//58 9113//1590
f 9059//58 9060//58 9113//1590
f 9113//1590 9060//58 9114//1590
f 9060//58 9061//58 9114//1590
f 9114//1590 9061//58 9115//1590
f 9061//58 9062//58 9115//1590
f 9115//1590 9062//58 9116//1590
f 9062//58 9063//493 9116//1590
f 9116//1590 9063//493 9117//1590
f 9063//493 9064//58 9117//1590
f 9117//1590 9064//58 9118//1590
f 9064//58 9065//58 9118//1590
f 9118//1590 9065//58 9119//1593
f 9065//58 9066//1589 9119//1593
f 9119//1593 9066//1589 9120//1604
f 9066//1589 9067//1590 9120//1604
f 9120//1604 9067//1590 9121//1605
f 9067//1590 9068//1591 9121//1605
f 9121//1605 9068//1591 9122//1606
f 9068//1591 9069//58 9123//1607
f 9068//1591 9123//1607 9122//1606
f 9069//58 9070//58 9123//1607
f 9123//1607 9070//58 9124//1608
f 9070//58 9071//1592 9124//1608
f 9124//1608 9071//1592 9125//1609
f 9071//1592 9072//1593 9125//1609
f 9125//1609 9072//1593 9126//1610
f 9072//1593 9073//1594 9126//1610
f 9075//1596 9076//1597 9128//1611
f 9075//1596 9128//1611 9127//1612
f 9076//1597 9077//1598 9128//1611
f 9128//1611 9077//1598 9129//1613
f 9078//1526 9079//1599 9130//1614
f 9130//1614 9079//1599 9131//1615
f 9079//1599 9080//167 9131//1615
f 9131//1615 9080//167 9132//257
f 9080//167 9081//168 9132//257
f 9132//257 9081//168 9133//228
f 9081//168 9082//1600 9133//228
f 9133//228 9082//1600 9134//1616
f 9082//1600 9083//1601 9134//1616
f 9134//1616 9083//1601 9135//1617
f 9083//1601 9084//877 9136//1558
f 9083//1601 9136//1558 9135//1617
f 9084//877 9085//692 9137//706
f 9084//877 9137//706 9136//1558
f 9085//692 9086//1602 9137//706
f 9137//706 9086//1602 9138//746
f 9086//1602 9087//907 9139//834
f 9086//1602 9139//834 9138//746
f 9087//907 9088//1603 9140//872
f 9087//907 9140//872 9139//834
f 9088//1603 9089//1476 9140//872
f 9140//872 9089//1476 9141//94
f 9089//1476 9090//835 9142//850
f 9089//1476 9142//850 9141//94
f 9090//835 9091//1374 9143//1618
f 9090//835 9143//1618 9142//850
f 9091//1374 9092//680 9144//849
f 9091//1374 9144//849 9143//1618
f 9092//680 9093//664 9144//849
f 9144//849 9093//664 9145//665
f 9093//664 9094//720 9145//665
f 9145//665 9094//720 9146//678
f 9094//720 9095//185 9146//678
f 9146//678 9095//185 9147//757
f 9095//185 9096//943 9147//757
f 9147//757 9096//943 9148//680
f 9096//943 9097//171 9149//1170
f 9096//943 9149//1170 9148//680
f 9097//171 9098//58 9150//200
f 9097//171 9150//200 9149//1170
f 9098//58 9099//386 9150//200
f 9150//200 9099//386 9151//58
f 9099//386 9100//1020 9151//58
f 9151//58 9100//1020 9152//94
f 9100//1020 9101//186 9152//94
f 9152//94 9101//186 9153//94
f 9101//186 9102//58 9153//94
f 9153//94 9102//58 9154//58
f 9102//58 9103//94 9154//58
f 9154//58 9103//94 9155//170
f 9103//94 9104//94 9155//170
f 9155//170 9104//94 9156//171
f 9104//94 9105//58 9156//171
f 9156//171 9105//58 9157//681
f 9105//58 9106//589 9157//681
f 9157//681 9106//589 9158//96
f 9106//589 9107//58 9159//1619
f 9106//589 9159//1619 9158//96
f 9107//58 9108//406 9159//1619
f 9159//1619 9108//406 9160//1620
f 9108//406 9109//431 9160//1620
f 9160//1620 9109//431 9161//1621
f 9109//431 9110//212 9162//1622
f 9109//431 9162//1622 9161//1621
f 9110//212 9111//58 9163//1623
f 9110//212 9163//1623 9162//1622
f 9111//58 9112//1589 9163//1623
f 9163//1623 9112//1589 9164//1624
f 9112//1589 9113//1590 9164//1624
f 9164//1624 9113//1590 9165//1625
f 9113//1590 9114//1590 9165//1625
f 9165//1625 9114//1590 9166//1626
f 9114//1590 9115//1590 9166//1626
f 9166//1626 9115//1590 9167//1627
f 9115//1590 9116//1590 9167//1627
f 9167//1627 9116//1590 9168//1628
f 9116//1590 9117//1590 9168//1628
f 9168//1628 9117//1590 9169//1629
f 9117//1590 9118//1590 9169//1629
f 9169//1629 9118//1590 9170//1630
f 9118//1590 9119//1593 9170//1630
f 9170//1630 9119//1593 9171//1631
f 9119//1593 9120//1604 9171//1631
f 9122//1606 9123//1607 9172//1632
f 9123//1607 9124//1608 9172//1632
f 9172//1632 9124//1608 9173//1610
f 9124//1608 9125//1609 9173//1610
f 9127//1612 9128//1611 9174//1633
f 9128//1611 9129//1613 9174//1633
f 9130//1614 9131//1615 9175//1634
f 9131//1615 9132//257 9176//1635
f 9131//1615 9176//1635 9175//1634
f 9132//257 9133//228 9176//1635
f 9176//1635 9133//228 9177//241
f 9133//228 9134//1616 9178//481
f 9133//228 9178//481 9177//241
f 9134//1616 9135//1617 9179//1520
f 9134//1616 9179//1520 9178//481
f 9135//1617 9136//1558 9180//1558
f 9135//1617 9180//1558 9179//1520
f 9136//1558 9137//706 9181//1557
f 9136//1558 9181//1557 9180//1558
f 9137//706 9138//746 9182//718
f 9137//706 9182//718 9181//1557
f 9138//746 9139//834 9183//1602
f 9138//746 9183//1602 9182//718
f 9139//834 9140//872 9184//1113
f 9139//834 9184//1113 9183//1602
f 9140//872 9141//94 9185//849
f 9140//872 9185//849 9184//1113
f 9141//94 9142//850 9185//849
f 9185//849 9142//850 9186//680
f 9142//850 9143//1618 9187//680
f 9142//850 9187//680 9186//680
f 9143//1618 9144//849 9188//665
f 9143//1618 9188//665 9187//680
f 9144//849 9145//665 9189//849
f 9144//849 9189//849 9188//665
f 9145//665 9146//678 9190//1636
f 9145//665 9190//1636 9189//849
f 9146//678 9147//757 9190//1636
f 9190//1636 9147//757 9191//862
f 9147//757 9148//680 9192//665
f 9147//757 9192//665 9191//862
f 9148//680 9149//1170 9193//1386
f 9148//680 9193//1386 9192//665
f 9149//1170 9150//200 9194//200
f 9149//1170 9194//200 9193//1386
f 9150//200 9151//58 9195//1530
f 9150//200 9195//1530 9194//200
f 9151//58 9152//94 9195//1530
f 9195//1530 9152//94 9196//757
f 9152//94 9153//94 9196//757
f 9196//757 9153//94 9197//171
f 9153//94 9154//58 9197//171
f 9197//171 9154//58 9198//58
f 9154//58 9155//170 9198//58
f 9198//58 9155//170 9199//58
f 9155//170 9156//171 9200//185
f 9155//170 9200//185 9199//58
f 9156//171 9157//681 9201//769
f 9156//171 9201//769 9200//185
f 9157//681 9158//96 9201//769
f 9201//769 9158//96 9202//1637
f 9158//96 9159//1619 9202//1637
f 9202//1637 9159//1619 9203//1638
f 9159//1619 9160//1620 9204//1639
f 9159//1619 9204//1639 9203//1638
f 9160//1620 9161//1621 9204//1639
f 9204//1639 9161//1621 9205//1640
f 9161//1621 9162//1622 9205//1640
f 9205//1640 9162//1622 9206//1641
f 9162//1622 9163//1623 9206//1641
f 9206//1641 9163//1623 9207//1642
f 9163//1623 9164//1624 9207//1642
f 9175//1634 9176//1635 9208//1614
f 9208//1614 9176//1635 9209//1643
f 9176//1635 9177//241 9210//241
f 9176//1635 9210//241 9209//1643
f 9177//241 9178//481 9211//1644
f 9177//241 9211//1644 9210//241
f 9178//481 9179//1520 9212//893
f 9178//481 9212//893 9211//1644
f 9179//1520 9180//1558 9213//1414
f 9179//1520 9213//1414 9212//893
f 9180//1558 9181//1557 9214//1645
f 9180//1558 9214//1645 9213//1414
f 9181//1557 9182//718 9214//1645
f 9214//1645 9182//718 9215//767
f 9182//718 9183//1602 9215//767
f 9215//767 9183//1602 9216//1646
f 9183//1602 9184//1113 9217//862
f 9183//1602 9217//862 9216//1646
f 9184//1113 9185//849 9218//1618
f 9184//1113 9218//1618 9217//862
f 9185//849 9186//680 9219//1618
f 9185//849 9219//1618 9218//1618
f 9186//680 9187//680 9220//849
f 9186//680 9220//849 9219//1618
f 9187//680 9188//665 9220//849
f 9220//849 9188//665 9221//665
f 9188//665 9189//849 9221//665
f 9221//665 9189//849 9222//680
f 9189//849 9190//1636 9223//862
f 9189//849 9223//862 9222//680
f 9190//1636 9191//862 9224//849
f 9190//1636 9224//849 9223//862
f 9191//862 9192//665 9224//849
f 9224//849 9192//665 9225//665
f 9192//665 9193//1386 9225//665
f 9225//665 9193//1386 9226//1020
f 9193//1386 9194//200 9226//1020
f 9226//1020 9194//200 9227//1647
f 9194//200 9195//1530 9228//1648
f 9194//200 9228//1648 9227//1647
f 9195//1530 9196//757 9228//1648
f 9228//1648 9196//757 9229//1649
f 9196//757 9197//171 9230//1618
f 9196//757 9230//1618 9229//1649
f 9197//171 9198//58 9231//200
f 9197//171 9231//200 9230//1618
f 9198//58 9199//58 9231//200
f 9231//200 9199//58 9232//58
f 9199//58 9200//185 9232//58
f 9232//58 9200//185 9233//94
f 9200//185 9201//769 9233//94
f 9233//94 9201//769 9234//1650
f 9201//769 9202//1637 9234//1650
f 9234//1650 9202//1637 9235//1651
f 9202//1637 9203//1638 9235//1651
f 9235//1651 9203//1638 9236//1652
f 9203//1638 9204//1639 9236//1652
f 9236//1652 9204//1639 9237//1653
f 9204//1639 9205//1640 9238//1654
f 9204//1639 9238//1654 9237//1653
f 9208//1614 9209//1643 9239//1655
f 9209//1643 9210//241 9240//1656
f 9209//1643 9240//1656 9239//1655
f 9210//241 9211//1644 9240//1656
f 9240//1656 9211//1644 9241//241
f 9211//1644 9212//893 9242//209
f 9211//1644 9242//209 9241//241
f 9212//893 9213//1414 9243//1414
f 9212//893 9243//1414 9242//209
f 9213//1414 9214//1645 9244//1414
f 9213//1414 9244//1414 9243//1414
f 9214//1645 9215//767 9245//1657
f 9214//1645 9245//1657 9244//1414
f 9215//767 9216//1646 9245//1657
f 9245//1657 9216//1646 9246//1658
f 9216//1646 9217//862 9247//1659
f 9216//1646 9247//1659 9246//1658
f 9217//862 9218//1618 9248//1170
f 9217//862 9248//1170 9247//1659
f 9218//1618 9219//1618 9249//1660
f 9218//1618 9249//1660 9248//1170
f 9219//1618 9220//849 9250//1122
f 9219//1618 9250//1122 9249//1660
f 9220//849 9221//665 9251//665
f 9220//849 9251//665 9250//1122
f 9221//665 9222//680 9252//1661
f 9221//665 9252//1661 9251//665
f 9222//680 9223//862 9253//862
f 9222//680 9253//862 9252//1661
f 9223//862 9224//849 9254//680
f 9223//862 9254//680 9253//862
f 9224//849 9225//665 9255//849
f 9224//849 9255//849 9254//680
f 9225//665 9226//1020 9256//897
f 9225//665 9256//897 9255//849
f 9226//1020 9227//1647 9256//897
f 9256//897 9227//1647 9257//1662
f 9227//1647 9228//1648 9257//1662
f 9257//1662 9228//1648 9258//698
f 9228//1648 9229//1649 9258//698
f 9258//698 9229//1649 9259//1020
f 9229//1649 9230//1618 9260//665
f 9229//1649 9260//665 9259//1020
f 9230//1618 9231//200 9261//849
f 9230//1618 9261//849 9260//665
f 9231//200 9232//58 9262//1530
f 9231//200 9262//1530 9261//849
f 9232//58 9233//94 9262//1530
f 9262//1530 9233//94 9263//1663
f 9233//94 9234//1650 9263//1663
f 9263//1663 9234//1650 9264//1664
f 9234//1650 9235//1651 9264//1664
f 9235//1651 9236//1652 9265//1665
f 9236//1652 9237//1653 9266//1666
f 9236//1652 9266//1666 9265//1665
f 9237//1653 9238//1654 9266//1666
f 9239//1655 9240//1656 9268//1614
f 9268//1614 9240//1656 9269//1667
f 9240//1656 9241//241 9270//1668
f 9240//1656 9270//1668 9269//1667
f 9241//241 9242//209 9271//1288
f 9241//241 9271//1288 9270//1668
f 9242//209 9243//1414 9272//1645
f 9242//209 9272//1645 9271//1288
f 9243//1414 9244//1414 9273//1414
f 9243//1414 9273//1414 9272//1645
f 9244//1414 9245//1657 9274//1669
f 9244//1414 9274//1669 9273//1414
f 9245//1657 9246//1658 9274//1669
f 9274//1669 9246//1658 9275//1670
f 9246//1658 9247//1659 9276//1671
f 9246//1658 9276//1671 9275//1670
f 9247//1659 9248//1170 9277//1384
f 9247//1659 9277//1384 9276//1671
f 9248//1170 9249//1660 9278//834
f 9248//1170 9278//834 9277//1384
f 9249//1660 9250//1122 9279//835
f 9249//1660 9279//835 9278//834
f 9250//1122 9251//665 9279//835
f 9279//835 9251//665 9280//665
f 9251//665 9252//1661 9280//665
f 9280//665 9252//1661 9281//1170
f 9252//1661 9253//862 9282//897
f 9252//1661 9282//897 9281//1170
f 9253//862 9254//680 9283//849
f 9253//862 9283//849 9282//897
f 9254//680 9255//849 9283//849
f 9283//849 9255//849 9284//680
f 9255//849 9256//897 9285//1170
f 9255//849 9285//1170 9284//680
f 9256//897 9257//1662 9286//200
f 9256//897 9286//200 9285//1170
f 9257//1662 9258//698 9286//200
f 9286//200 9258//698 9287//58
f 9258//698 9259//1020 9287//58
f 9287//58 9259//1020 9288//94
f 9259//1020 9260//665 9288//94
f 9288//94 9260//665 9289//1672
f 9260//665 9261//849 9289//1672
f 9289//1672 9261//849 9290//1673
f 9261//849 9262//1530 9291//1674
f 9261//849 9291//1674 9290//1673
f 9262//1530 9263//1663 9291//1674
f 9291//1674 9263//1663 9292//1675
f 9263//1663 9264//1664 9292//1675
f 9268//1614 9269//1667 9293//1676
f 9269//1667 9270//1668 9294//1677
f 9269//1667 9294//1677 9293//1676
f 9270//1668 9271//1288 9295//242
f 9270//1668 9295//242 9294//1677
f 9271//1288 9272//1645 9295//242
f 9295//242 9272//1645 9296//1557
f 9272//1645 9273//1414 9297//1520
f 9272//1645 9297//1520 9296//1557
f 9273//1414 9274//1669 9298//1678
f 9273//1414 9298//1678 9297//1520
f 9274//1669 9275//1670 9298//1678
f 9298//1678 9275//1670 9299//1679
f 9275//1670 9276//1671 9300//1287
f 9275//1670 9300//1287 9299//1679
f 9276//1671 9277//1384 9301//1680
f 9276//1671 9301//1680 9300//1287
f 9277//1384 9278//834 9302//1681
f 9277//1384 9302//1681 9301//1680
f 9278//834 9279//835 9303//907
f 9278//834 9303//907 9302//1681
f 9279//835 9280//665 9304//1682
f 9279//835 9304//1682 9303//907
f 9280//665 9281//1170 9305//1683
f 9280//665 9305//1683 9304//1682
f 9281//1170 9282//897 9305//1683
f 9305//1683 9282//897 9306//862
f 9282//897 9283//849 9307//665
f 9282//897 9307//665 9306//862
f 9283//849 9284//680 9308//849
f 9283//849 9308//849 9307//665
f 9284//680 9285//1170 9309//862
f 9284//680 9309//862 9308//849
f 9285//1170 9286//200 9310//680
f 9285//1170 9310//680 9309//862
f 9286//200 9287//58 9311//775
f 9286//200 9311//775 9310//680
f 9287//58 9288//94 9311//775
f 9311//775 9288//94 9312//1684
f 9288//94 9289//1672 9312//1684
f 9312//1684 9289//1672 9313//1685
f 9289//1672 9290//1673 9314//1686
f 9289//1672 9314//1686 9313//1685
f 9290//1673 9291//1674 9315//1687
f 9290//1673 9315//1687 9314//1686
f 9291//1674 9292//1675 9315//1687
f 9315//1687 9292//1675 9316//1688
f 9293//1676 9294//1677 9317//1689
f 9317//1689 9294//1677 9318//1690
f 9294//1677 9295//242 9319//1691
f 9294//1677 9319//1691 9318//1690
f 9295//242 9296//1557 9320//1692
f 9295//242 9320//1692 9319//1691
f 9296//1557 9297//1520 9321//1693
f 9296//1557 9321//1693 9320//1692
f 9297//1520 9298//1678 9322//894
f 9297//1520 9322//894 9321//1693
f 9298//1678 9299//1679 9323//1694
f 9298//1678 9323//1694 9322//894
f 9299//1679 9300//1287 9324//1695
f 9299//1679 9324//1695 9323//1694
f 9300//1287 9301//1680 9325//420
f 9300//1287 9325//420 9324//1695
f 9301//1680 9302//1681 9326//1696
f 9301//1680 9326//1696 9325//420
f 9302//1681 9303//907 9327//1697
f 9302//1681 9327//1697 9326//1696
f 9303//907 9304//1682 9328//1698
f 9303//907 9328//1698 9327//1697
f 9304//1682 9305//1683 9329//897
f 9304//1682 9329//897 9328//1698
f 9305//1683 9306//862 9330//849
f 9305//1683 9330//849 9329//897
f 9306//862 9307//665 9330//849
f 9330//849 9307//665 9331//1169
f 9307//665 9308//849 9331//1169
f 9331//1169 9308//849 9332//680
f 9308//849 9309//862 9333//680
f 9308//849 9333//680 9332//680
f 9309//862 9310//680 9334//1699
f 9309//862 9334//1699 9333//680
f 9310//680 9311//775 9334//1699
f 9334//1699 9311//775 9335//1700
f 9311//775 9312//1684 9335//1700
f 9335//1700 9312//1684 9336//1701
f 9312//1684 9313//1685 9336//1701
f 9314//1686 9315//1687 9337//1702
f 9315//1687 9316//1688 9337//1702
f 9317//1689 9318//1690 9338//548
f 9338//548 9318//1690 9339//1703
f 9318//1690 9319//1691 9339//1703
f 9339//1703 9319//1691 9340//1704
f 9319//1691 9320//1692 9340//1704
f 9340//1704 9320//1692 9341//1705
f 9320//1692 9321//1693 9342//1529
f 9320//1692 9342//1529 9341//1705
f 9321//1693 9322//894 9343//1706
f 9321//1693 9343//1706 9342//1529
f 9322//894 9323//1694 9344//209
f 9322//894 9344//209 9343//1706
f 9323//1694 9324//1695 9345//241
f 9323//1694 9345//241 9344//209
f 9324//1695 9325//420 9346//859
f 9324//1695 9346//859 9345//241
f 9325//420 9326//1696 9347//1707
f 9325//420 9347//1707 9346//859
f 9326//1696 9327//1697 9347//1707
f 9347//1707 9327//1697 9348//1361
f 9327//1697 9328//1698 9349//1242
f 9327//1697 9349//1242 9348//1361
f 9328//1698 9329//897 9349//1242
f 9349//1242 9329//897 9350//862
f 9329//897 9330//849 9351//665
f 9329//897 9351//665 9350//862
f 9330//849 9331//1169 9352//665
f 9330//849 9352//665 9351//665
f 9331//1169 9332//680 9353//665
f 9331//1169 9353//665 9352//665
f 9332//680 9333//680 9354//1708
f 9332//680 9354//1708 9353//665
f 9333//680 9334//1699 9354//1708
f 9354//1708 9334//1699 9355//1709
f 9334//1699 9335//1700 9356//1710
f 9334//1699 9356//1710 9355//1709
f 9335//1700 9336//1701 9356//1710
f 9338//548 9339//1703 9357//1711
f 9339//1703 9340//1704 9358//1712
f 9339//1703 9358//1712 9357//1711
f 9340//1704 9341//1705 9358//1712
f 9358//1712 9341//1705 9359//1713
f 9341//1705 9342//1529 9360//893
f 9341//1705 9360//893 9359//1713
f 9342//1529 9343//1706 9361//1714
f 9342//1529 9361//1714 9360//893
f 9343//1706 9344//209 9362//1693
f 9343//1706 9362//1693 9361//1714
f 9344//209 9345//241 9363//500
f 9344//209 9363//500 9362//1693
f 9345//241 9346//859 9363//500
f 9363//500 9346//859 9364//1715
f 9346//859 9347//1707 9365//254
f 9346//859 9365//254 9364//1715
f 9347//1707 9348//1361 9366//718
f 9347//1707 9366//718 9365//254
f 9348//1361 9349//1242 9367//1330
f 9348//1361 9367//1330 9366//718
f 9349//1242 9350//862 9368//664
f 9349//1242 9368//664 9367//1330
f 9350//862 9351//665 9368//664
f 9368//664 9351//665 9369//612
f 9351//665 9352//665 9369//612
f 9369//612 9352//665 9370//1716
f 9352//665 9353//665 9370//1716
f 9370//1716 9353//665 9371//1717
f 9353//665 9354//1708 9371//1717
f 9371//1717 9354//1708 9372//1718
f 9354//1708 9355//1709 9372//1718
f 9357//1711 9358//1712 9373//1719
f 9358//1712 9359//1713 9374//1720
f 9358//1712 9374//1720 9373//1719
f 9359//1713 9360//893 9375//342
f 9359//1713 9375//342 9374//1720
f 9360//893 9361//1714 9376//1721
f 9360//893 9376//1721 9375//342
f 9361//1714 9362//1693 9377//1722
f 9361//1714 9377//1722 9376//1721
f 9362//1693 9363//500 9378//1529
f 9362//1693 9378//1529 9377//1722
f 9363//500 9364//1715 9379//1723
f 9363//500 9379//1723 9378//1529
f 9364//1715 9365//254 9380//288
f 9364//1715 9380//288 9379//1723
f 9365//254 9366//718 9380//288
f 9380//288 9366//718 9381//767
f 9366//718 9367//1330 9381//767
f 9381//767 9367//1330 9382//768
f 9367//1330 9368//664 9382//768
f 9382//768 9368//664 9383//776
f 9368//664 9369//612 9383//776
f 9383//776 9369//612 9384//1724
f 9369//612 9370//1716 9384//1724
f 9384//1724 9370//1716 9385//1725
f 9370//1716 9371//1717 9386//1726
f 9370//1716 9386//1726 9385//1725
f 9371//1717 9372//1718 9386//1726
f 9373//1719 9374//1720 9387//417
f 9387//417 9374//1720 9388//418
f 9374//1720 9375//342 9389//1538
f 9374//1720 9389//1538 9388//418
f 9375//342 9376//1721 9390//481
f 9375//342 9390//481 9389//1538
f 9376//1721 9377//1722 9391//209
f 9376//1721 9391//209 9390//481
f 9377//1722 9378//1529 9392//1520
f 9377//1722 9392//1520 9391//209
f 9378//1529 9379//1723 9393//1727
f 9378//1529 9393//1727 9392//1520
f 9379//1723 9380//288 9394//1728
f 9379//1723 9394//1728 9393//1727
f 9380//288 9381//767 9395//1729
f 9380//288 9395//1729 9394//1728
f 9381//767 9382//768 9395//1729
f 9395//1729 9382//768 9396//1730
f 9382//768 9383//776 9396//1730
f 9396//1730 9383//776 9397//1731
f 9383//776 9384//1724 9397//1731
f 9397//1731 9384//1724 9398//1732
f 9384//1724 9385//1725 9398//1732
f 9387//417 9388//418 9399//1733
f 9388//418 9389//1538 9400//1734
f 9388//418 9400//1734 9399//1733
f 9389//1538 9390//481 9401//1735
f 9389//1538 9401//1735 9400//1734
f 9390//481 9391//209 9402//1736
f 9390//481 9402//1736 9401//1735
f 9391//209 9392//1520 9403//1737
f 9391//209 9403//1737 9402//1736
f 9392//1520 9393//1727 9404//1738
f 9392//1520 9404//1738 9403//1737
f 9393//1727 9394//1728 9404//1738
f 9404//1738 9394//1728 9405//1739
f 9394//1728 9395//1729 9406//1740
f 9394//1728 9406//1740 9405//1739
f 9395//1729 9396//1730 9407//1741
f 9395//1729 9407//1741 9406//1740
f 9396//1730 9397//1731 9407//1741
f 9407//1741 9397//1731 9408//1742
f 9397//1731 9398//1732 9408//1742
f 9399//1733 9400//1734 9409//1743
f 9400//1734 9401//1735 9410//1744
f 9400//1734 9410//1744 9409//1743
f 9401//1735 9402//1736 9411//1745
f 9401//1735 9411//1745 9410//1744
f 9402//1736 9403//1737 9412//1746
f 9402//1736 9412//1746 9411//1745
f 9403//1737 9404//1738 9412//1746
f 9412//1746 9404//1738 9413//1747
f 9404//1738 9405//1739 9413//1747
f 9406//1740 9407//1741 9414//1748
f 9407//1741 9408//1742 9414//1748
f 9411//1745 9412//1746 9416//1749
f 9412//1746 9413//1747 9416//1749
f 9265//1665 9266//1666 9205//1640
f 9313//1685 9292//1675 9264//1664
f 9238//1654 9205//1640 9266//1666
f 9235//1651 9265//1665 9205//1640
f 9205//1640 9206//1641 9164//1624
f 9267//1750 9238//1751 9266//1752
f 9313//1685 9314//1686 9292//1675
f 9314//1686 9316//1688 9292//1675
f 9314//1686 9337//1702 9316//1688
f 9355//1709 9313//1685 8560//1513
f 9239//1655 9385//1725 9355//1709
f 9355//1709 9336//1701 9313//1685
f 9166//1626 9167//1627 9120//1604
f 9206//1641 9207//1642 9164//1624
f 9167//1627 9168//1628 9120//1604
f 9165//1625 9166//1626 9120//1604
f 9355//1709 9356//1710 9336//1701
f 9385//1725 9372//1718 9355//1709
f 9385//1725 9406//1740 9398//1732
f 9385//1725 9386//1726 9372//1718
f 9168//1628 9169//1629 9120//1604
f 9406//1740 9408//1742 9398//1732
f 9235//1651 8489//1506 9313//1685
f 9169//1629 9170//1630 9120//1604
f 9406//1740 9414//1748 9408//1742
f 9405//1739 9406//1740 9385//1725
f 9170//1630 9171//1631 9120//1604
f 9120//1604 9121//1605 9073//1594
f 9293//1676 9405//1739 9385//1725
f 9373//1719 9411//1745 9405//1739
f 9411//1745 9416//1749 9413//1747
f 9411//1745 9413//1747 9405//1739
f 9293//1676 9373//1719 9405//1739
f 9373//1719 9399//1733 9411//1745
f 9399//1733 9410//1744 9411//1745
f 9239//1655 9293//1676 9385//1725
f 9399//1733 9409//1743 9410//1744
f 9411//1753 9415//1754 9416//1755
f 9293//1676 9357//1711 9373//1719
f 9373//1719 9387//417 9399//1733
f 9121//1605 9122//1606 9073//1594
f 9122//1606 9125//1609 9073//1594
f 9317//1689 9338//548 9357//1711
f 9122//1606 9172//1632 9125//1609
f 9172//1632 9173//1610 9125//1609
f 9293//1676 9317//1689 9357//1711
f 9205//1640 7993//1455 9235//1651
f 9239//1655 9268//1614 9293//1676
f 9024//1581 9355//1709 8560//1513
f 9125//1609 9126//1610 9073//1594
f 9024//1581 9175//1634 9355//1709
f 9175//1634 9239//1655 9355//1709
f 9078//1526 9130//1614 9175//1634
f 9175//1634 9208//1614 9239//1655
f 9075//1596 9127//1612 9077//1598
f 9024//1581 9078//1526 9175//1634
f 8902//1555 8966//548 9024//1581
f 8769//1535 8902//1555 9024//1581
f 9077//1598 9021//1578 9075//1596
f 9074//1595 8958//1562 9073//1594
f 9174//1633 9129//1613 9127//1612
f 9129//1613 9077//1598 9127//1612
f 8769//1535 8836//1543 8902//1555
f 8560//1513 8769//1535 9024//1581
f 9164//1624 7993//1455 9205//1640
f 9075//1596 8958//1562 9074//1595
f 8489//1506 8560//1513 9313//1685
f 9021//1578 8958//1562 9075//1596
f 7993//1455 8489//1506 9235//1651
f 7494//1404 9073//1594 8958//1562
f 8560//1513 8700//1526 8769//1535
f 7993//1455 8204//1480 8489//1506
f 8346//1496 8417//1500 8489//1506
f 8560//1513 8630//1517 8700//1526
f 8204//1480 8275//1490 8489//1506
f 8275//1490 8346//1496 8489//1506
f 8963//1567 8834//1541 8960//1564
f 7993//1455 8133//1470 8204//1480
f 9022//1579 9023//1580 8963//1567
f 8960//1564 9022//1579 8963//1567
f 9120//1604 6785//1333 9165//1625
f 8963//1567 8964//1568 8901//1554
f 8960//1564 8061//1460 8959//1563
f 7993//1455 8062//1461 8133//1470
f 8964//1568 8965//1569 8901//1554
f 8901//1554 8834//1541 8963//1567
f 8767//1533 8203//1479 8834//1541
f 8834//1541 8061//1460 8960//1564
f 7282//1382 7710//1426 7853//1443
f 6858//1346 6928//1351 7211//1378
f 7781//1433 7852//1442 7853//1443
f 7853//1443 7923//1079 7993//1455
f 7639//1419 7710//1426 7424//1398
f 7710//1426 7781//1433 7853//1443
f 7495//1406 7567//1413 7639//1419
f 7353//1391 7424//1398 7710//1426
f 7282//1382 7353//1391 7710//1426
f 7424//1398 7495//1406 7639//1419
f 7069//1365 7140//1079 7211//1378
f 7211//1378 7282//1382 7853//1443
f 6928//1351 6998//1359 7211//1378
f 6998//1359 7069//1365 7211//1378
f 6716//1329 6786//1334 6858//1346
f 6786//1334 6857//1345 6858//1346
f 6576//1312 6646//1321 6858//1346
f 6646//1321 6716//1329 6858//1346
f 6432//1295 6503//1303 6576//1312
f 6503//1303 6575//1311 6576//1312
f 6290//1280 6361//1286 6576//1312
f 6361//1286 6432//1295 6576//1312
f 6150//1265 6220//1274 6576//1312
f 6220//1274 6290//1280 6576//1312
f 8699//1525 8416//1498 8767//1533
f 8834//1541 8835//1542 8767//1533
f 5666//1214 6150//1265 6576//1312
f 6858//1346 5666//1214 6576//1312
f 8768//1534 8699//1525 8767//1533
f 8699//1525 8629//1516 8416//1498
f 8559//1512 8488//1505 8629//1516
f 8488//1505 8416//1498 8629//1516
f 5938//1248 6008//1256 6150//1265
f 8416//1498 8203//1479 8767//1533
f 6008//1256 6079//1057 6150//1265
f 5666//1214 5938//1248 6150//1265
f 8203//1479 8061//1460 8834//1541
f 6785//1333 9164//1624 9165//1625
f 7851//1441 8958//1562 8959//1563
f 8416//1498 8345//1494 8203//1479
f 7851//1441 7709//1425 8958//1562
f 8345//1494 8274//1488 8203//1479
f 6289//1279 7993//1455 9164//1624
f 8061//1460 7851//1441 8959//1563
f 6289//1279 7853//1443 7993//1455
f 5732//1223 5869//1239 5938//1248
f 5666//1214 5732//1223 5938//1248
f 5732//1223 5800//58 5869//1239
f 8203//1479 8132//1469 8061//1460
f 8061//1460 7992//1454 7851//1441
f 5596//1201 5597//1202 5380//1164
f 7992//1454 7922//1449 7851//1441
f 7851//1441 7780//1432 7709//1425
f 5450//1177 5595//1200 5596//1201
f 7638//1418 7494//1404 7709//1425
f 7709//1425 7494//1404 8958//1562
f 7210//1377 9120//1604 9073//1594
f 5593//1199 5665//1212 5595//1200
f 7494//1404 7210//1377 9073//1594
f 7638//1418 7566//1411 7494//1404
f 7423//1396 7210//1377 7494//1404
f 7423//1396 7352//1389 7210//1377
f 7210//1377 6785//1333 9120//1604
f 7210//1377 7139//1370 6997//1357
f 7352//1389 7281//1381 7210//1377
f 5380//1164 5450//1177 5596//1201
f 5598//1203 5380//1164 5597//1202
f 5521//1187 5593//1199 5595//1200
f 5937//1246 7211//1378 7853//1443
f 6997//1357 6785//1333 7210//1377
f 5450//1177 5521//1187 5595//1200
f 5167//1137 5380//1164 5598//1203
f 7139//1370 7068//1364 6997//1357
f 6785//1333 6502//1301 9164//1624
f 6289//1279 5937//1246 7853//1443
f 5167//1137 5238//1148 5380//1164
f 5238//1148 5309//1079 5380//1164
f 5027//1120 5097//1129 5598//1203
f 5097//1129 5167//1137 5598//1203
f 6785//1333 6715//1327 6502//1301
f 4957//1111 5027//1120 5598//1203
f 6927//1350 6856//1344 6997//1357
f 6856//1344 6785//1333 6997//1357
f 4887//1101 4957//1111 5598//1203
f 6715//1327 6645//1320 6502//1301
f 6502//1301 6289//1279 9164//1624
f 5937//1246 6858//1346 7211//1378
f 6502//1301 6431//1293 6289//1279
f 6645//1320 6574//1310 6502//1301
f 5449//1175 5666//1214 6858//1346
f 4530//1044 4675//1070 4887//1101
f 4675//1070 4746//1079 4817//1089
f 4675//1070 4817//1089 4887//1101
f 6289//1279 6219//1272 5937//1246
f 4530//1044 4603//1057 4675//1070
f 6219//1272 6149//1264 6007//1254
f 6431//1293 6360//1284 6289//1279
f 6007//1254 5937//1246 6219//1272
f 5166//1136 5598//1203 5666//1214
f 5937//1246 5731//1222 6858//1346
f 6149//1264 6078//1259 6007//1254
f 2969//804 4887//1101 5598//1203
f 4083//963 4232//988 4306//997
f 5937//1246 5868//1238 5731//1222
f 5731//1222 5449//1175 6858//1346
f 3414//867 3190//831 3265//844
f 3933//939 4008//955 4083//963
f 4381//1016 3858//927 3933//939
f 5449//1175 5166//1136 5666//1214
f 5166//1136 4886//1100 5598//1203
f 5868//1238 5799//1230 5731//1222
f 5731//1222 5663//1211 5449//1175
f 5663//1211 5592//1197 5520//1186
f 5663//1211 5520//1186 5449//1175
f 5449//1175 5379//1163 5166//1136
f 5379//1163 5308//1155 5166//1136
f 5096//1127 5026//1118 4886//1100
f 5308//1155 5237//1146 5166//1136
f 5026//1118 4956//1110 4886//1100
f 5166//1136 5096//1127 4886//1100
f 4886//1100 3783//913 5598//1203
f 3784//914 3858//927 4381//1016
f 4816//1088 4745//1078 3783//913
f 4745//1078 4674//1069 3783//913
f 4674//1069 4602//1056 4380//1015
f 4886//1100 4816//1088 3783//913
f 2823//778 4530//1044 4887//1101
f 4380//1015 3783//913 4674//1069
f 3562//883 3636//779 3784//914
f 3636//779 3710//900 3784//914
f 3414//867 3488//791 3562//883
f 4529//1043 4455//1031 4380//1015
f 4602//1056 4529//1043 4380//1015
f 4305//996 4081//962 4380//1015
f 4305//996 4231//987 4081//962
f 4157//975 4081//962 4231//987
f 4157//975 4082//974 4081//962
f 4081//962 3783//913 4380//1015
f 3932//938 3783//913 4081//962
f 3561//882 2969//804 5598//1203
f 3116//824 3190//831 3414//867
f 4081//962 4007//954 3932//938
f 3043//818 3116//824 3414//867
f 3783//913 3561//882 5598//1203
f 3932//938 3857//926 3783//913
f 3783//913 3709//899 3561//882
f 3561//882 3487//874 3115//823
f 3709//899 3635//891 3561//882
f 2970//805 3043//818 3562//883
f 3562//883 3043//818 3414//867
f 3413//865 3339//857 3189//830
f 3487//874 3413//865 3189//830
f 3784//914 4456//1032 4530//1044
f 2752//772 2824//779 2970//805
f 4456//1032 3784//914 4381//1016
f 2824//779 2897//791 2970//805
f 3339//857 3264//843 3189//830
f 3189//830 3115//823 3487//874
f 2029//645 3784//914 4530//1044
f 3115//823 2969//804 3561//882
f 2100//658 2386//715 2752//772
f 2532//743 2605//754 2679//765
f 3115//823 3042//816 2969//804
f 2969//804 2823//778 4887//1101
f 813//296 3562//883 3784//914
f 2823//778 2604//753 4530//1044
f 2752//772 2459//726 2679//765
f 2100//658 2314//703 2386//715
f 2386//715 2459//726 2752//772
f 2459//726 2532//743 2679//765
f 2970//805 1695//581 2752//772
f 2100//658 2242//689 2314//703
f 2604//753 2385//714 4530//1044
f 2385//714 2029//645 4530//1044
f 2969//804 2896//790 2823//778
f 2823//778 2751//771 2604//753
f 2604//753 2531//741 2385//714
f 2751//771 2678//764 2604//753
f 2385//714 2313//595 2169//673
f 2385//714 2169//673 2029//645
f 2313//595 2241//688 2169//673
f 2531//741 2458//725 2385//714
f 2029//645 1960//630 1823//607
f 2169//673 2099//657 2029//645
f 1380//495 1193//436 815//326
f 1823//607 1629//565 1505//528
f 1960//630 1891//621 1823//607
f 1823//607 1757//595 1629//565
f 1629//565 1567//547 1505//528
f 1757//595 1692//577 1629//565
f 1380//495 1318//477 1193//436
f 1505//528 1443//512 1380//495
f 1695//581 2100//658 2752//772
f 1193//436 947//362 821//305
f 1695//581 2030//647 2100//658
f 2100//658 2170//674 2242//689
f 1256//456 1194//454 1193//436
f 1318//477 1256//456 1193//436
f 1009//380 947//362 1193//436
f 1193//436 1132//416 1009//380
f 885//338 821//305 947//362
f 1071//400 1009//380 1132//416
f 824//336 823//308 885//338
f 823//308 821//305 885//338
f 1824//608 1961//631 2030//647
f 1695//581 1824//608 2030//647
f 1695//581 1758//596 1824//608
f 1824//608 1892//622 1961//631
f 823//308 764//306 821//305
f 821//305 820//304 1193//436
f 1695//581 1693//578 1758//596
f 820//304 816//297 1193//436
f 1631//566 2970//805 3562//883
f 820//304 763//302 816//297
f 813//296 1823//607 1505//528
f 1631//566 1695//581 2970//805
f 813//296 2029//645 1823//607
f 1695//581 1630//579 1693//578
f 762//300 761//298 763//302
f 761//298 816//297 763//302
f 813//296 1631//566 3562//883
f 2029//645 813//296 3784//914
f 1506//529 1568//548 1631//566
f 814//324 813//296 1505//528
f 1506//529 1257//457 1444//513
f 1319//479 1381//497 1444//513
f 1195//437 1257//457 1506//529
f 1257//457 1319//479 1444//513
f 948//363 1010//381 765//285
f 1072//401 1133//417 1195//437
f 765//285 825//309 948//363
f 825//309 886//339 948//363
f 613//250 662//264 470//216
f 293//163 662//264 1072//401
f 712//273 765//285 1010//381
f 1072//401 712//273 1010//381
f 662//264 712//273 1072//401
f 34//26 1506//529 1631//566
f 1380//495 814//324 1505//528
f 813//296 661//263 1631//566
f 816//297 815//326 1193//436
f 815//326 814//324 1380//495
f 661//263 34//26 1631//566
f 813//296 760//284 661//263
f 293//163 424//205 662//264
f 424//205 470//216 662//264
f 1195//437 211//133 1072//401
f 293//163 334//177 424//205
f 760//284 710//272 661//263
f 661//263 612//249 516//223
f 516//223 469//215 377//191
f 612//249 564//158 516//223
f 1506//529 82//67 1195//437
f 82//67 211//133 1195//437
f 334//177 378//192 424//205
f 293//163 290//58 334//177
f 469//215 423//204 377//191
f 211//133 293//163 1072//401
f 211//133 250//146 293//163
f 333//176 247//145 377//191
f 293//163 249//161 290//58
f 249//161 248//159 290//58
f 175//119 211//133 82//67
f 211//133 210//147 250//146
f 81//91 109//84 141//104
f 141//104 175//119 81//91
f 247//145 209//132 377//191
f 516//223 34//26 661//263
f 82//67 81//91 175//119
f 333//176 289//158 247//145
f 54//47 82//67 34//26
f 79//87 78//85 109//84
f 81//91 80//89 109//84
f 80//89 79//87 109//84
f 34//26 82//67 1506//529
f 54//47 53//68 82//67
f 377//191 17//5 516//223
f 33//54 32//52 54//47
f 32//52 31//50 54//47
f 31//50 30//48 54//47
f 209//132 174//118 140//103
f 209//132 17//5 377//191
f 140//103 108//83 77//66
f 34//26 33//54 54//47
f 77//66 52//46 29//25
f 140//103 6//11 209//132
f 11//21 9//17 77//66
f 29//25 11//21 77//66
f 17//5 34//26 516//223
f 12//23 11//21 29//25
f 11//21 10//19 9//17
f 9//17 8//15 77//66
f 6//11 17//5 209//132
f 8//15 140//103 77//66
f 15//31 14//29 34//26
f 14//29 13//27 34//26
f 8//15 7//13 140//103
f 7//13 6//11 140//103
f 16//33 15//31 34//26
f 4//4 2//1 17//5
f 4//4 1//2 2//1
f 17//5 16//33 34//26
f 5//9 4//4 17//5
f 6//11 5//9 17//5
f 9313//1685 9264//1664 9235//1651
l 711 762
l 1568 1630
